timestamp,open,high,low,close,volume
2026-03-07 20:00:00+00:00,0.9481,0.9538,0.9477,0.9509,324623.9
2026-03-07 21:00:00+00:00,0.9509,0.9539,0.9477,0.9518,247610.1
2026-03-07 22:00:00+00:00,0.9518,0.9531,0.9445,0.9479,221817.0
2026-03-07 23:00:00+00:00,0.9479,0.9524,0.947,0.9524,103011.5
2026-03-08 00:00:00+00:00,0.9524,0.9524,0.9399,0.9418,202877.5
2026-03-08 01:00:00+00:00,0.9418,0.9479,0.9407,0.9457,279846.8
2026-03-08 02:00:00+00:00,0.9457,0.946,0.9264,0.928,770230.8
2026-03-08 03:00:00+00:00,0.928,0.9331,0.9273,0.9297,216488.2
2026-03-08 04:00:00+00:00,0.9297,0.9324,0.9222,0.9243,329715.3
2026-03-08 05:00:00+00:00,0.9243,0.934,0.9243,0.9303,188184.3
2026-03-08 06:00:00+00:00,0.9303,0.9317,0.9252,0.9307,212835.1
2026-03-08 07:00:00+00:00,0.9307,0.9353,0.9299,0.9329,197737.9
2026-03-08 08:00:00+00:00,0.9329,0.9341,0.9264,0.9334,266719.9
2026-03-08 09:00:00+00:00,0.9334,0.9392,0.9323,0.9376,202627.8
2026-03-08 10:00:00+00:00,0.9376,0.9508,0.9372,0.9489,459257.8
2026-03-08 11:00:00+00:00,0.9489,0.9508,0.9388,0.9481,353668.9
2026-03-08 12:00:00+00:00,0.9481,0.9561,0.9371,0.9497,478840.5
2026-03-08 13:00:00+00:00,0.9497,0.9507,0.9354,0.943,361090.1
2026-03-08 14:00:00+00:00,0.943,0.9464,0.9311,0.94,425203.1
2026-03-08 15:00:00+00:00,0.94,0.94,0.9303,0.9346,390217.1
2026-03-08 16:00:00+00:00,0.9346,0.9361,0.929,0.9306,237774.8
2026-03-08 17:00:00+00:00,0.9306,0.9359,0.9293,0.9344,277723.8
2026-03-08 18:00:00+00:00,0.9344,0.9352,0.9286,0.9317,228754.5
2026-03-08 19:00:00+00:00,0.9317,0.9519,0.9304,0.9486,536808.5
2026-03-08 20:00:00+00:00,0.9486,0.9567,0.9424,0.9483,636935.0
2026-03-08 21:00:00+00:00,0.9483,0.949,0.9408,0.9453,208227.6
2026-03-08 22:00:00+00:00,0.9453,0.9454,0.9189,0.9409,1388290.6
2026-03-08 23:00:00+00:00,0.9409,0.9445,0.9305,0.934,411959.0
2026-03-09 00:00:00+00:00,0.934,0.9515,0.9332,0.941,359696.3
2026-03-09 01:00:00+00:00,0.941,0.9469,0.9358,0.9359,361264.8
2026-03-09 02:00:00+00:00,0.9359,0.9458,0.9299,0.9415,361719.2
2026-03-09 03:00:00+00:00,0.9415,0.957,0.9386,0.9411,607520.0
2026-03-09 04:00:00+00:00,0.9411,0.9515,0.9408,0.9463,270602.2
2026-03-09 05:00:00+00:00,0.9463,0.9717,0.9448,0.9683,889709.8
2026-03-09 06:00:00+00:00,0.9683,0.969,0.9537,0.9541,404885.8
2026-03-09 07:00:00+00:00,0.9541,0.9542,0.9404,0.9502,387874.1
2026-03-09 08:00:00+00:00,0.9502,0.9541,0.9464,0.9471,268972.3
2026-03-09 09:00:00+00:00,0.9471,0.9572,0.9426,0.9476,362074.7
2026-03-09 10:00:00+00:00,0.9476,0.9482,0.938,0.9383,224292.5
2026-03-09 11:00:00+00:00,0.9383,0.941,0.9302,0.9363,331354.5
2026-03-09 12:00:00+00:00,0.9363,0.9487,0.9337,0.9436,495996.2
2026-03-09 13:00:00+00:00,0.9436,0.9568,0.942,0.9455,661383.3
2026-03-09 14:00:00+00:00,0.9455,0.9472,0.9328,0.9348,730460.1
2026-03-09 15:00:00+00:00,0.9348,0.9425,0.9306,0.9397,325865.7
2026-03-09 16:00:00+00:00,0.9397,0.9472,0.937,0.9426,288611.3
2026-03-09 17:00:00+00:00,0.9426,0.948,0.9421,0.9449,242511.5
2026-03-09 18:00:00+00:00,0.9449,0.9533,0.9391,0.9476,398465.9
2026-03-09 19:00:00+00:00,0.9476,0.9796,0.941,0.9531,1081908.5
2026-03-09 20:00:00+00:00,0.9531,0.9551,0.9427,0.9506,457518.7
2026-03-09 21:00:00+00:00,0.9506,0.9569,0.9449,0.9501,168863.9
2026-03-09 22:00:00+00:00,0.9501,0.9501,0.9318,0.9353,579340.9
2026-03-09 23:00:00+00:00,0.9353,0.9403,0.9347,0.9382,335919.0
2026-03-10 00:00:00+00:00,0.9382,0.9475,0.9342,0.9415,350780.3
2026-03-10 01:00:00+00:00,0.9415,0.9444,0.9338,0.9414,177058.0
2026-03-10 02:00:00+00:00,0.9414,0.9553,0.9375,0.9479,471283.2
2026-03-10 03:00:00+00:00,0.9479,0.9481,0.9329,0.9353,440046.7
2026-03-10 04:00:00+00:00,0.9353,0.9434,0.9351,0.9415,220061.1
2026-03-10 05:00:00+00:00,0.9415,0.9448,0.9347,0.9369,258350.9
2026-03-10 06:00:00+00:00,0.9369,0.9371,0.9228,0.9325,511565.3
2026-03-10 07:00:00+00:00,0.9325,0.9423,0.9295,0.9386,366881.2
2026-03-10 08:00:00+00:00,0.9386,0.942,0.9318,0.9326,409131.8
2026-03-10 09:00:00+00:00,0.9326,0.9447,0.9322,0.9423,355721.8
2026-03-10 10:00:00+00:00,0.9423,0.9426,0.9331,0.9362,270501.3
2026-03-10 11:00:00+00:00,0.9362,0.9363,0.9284,0.9316,350437.3
2026-03-10 12:00:00+00:00,0.9316,0.9316,0.9252,0.9314,331371.7
2026-03-10 13:00:00+00:00,0.9314,0.9396,0.9256,0.9305,644539.0
2026-03-10 14:00:00+00:00,0.9305,0.9503,0.9184,0.9492,1056796.6
2026-03-10 15:00:00+00:00,0.9492,0.9508,0.9272,0.9386,955409.0
2026-03-10 16:00:00+00:00,0.9386,0.9403,0.9311,0.9376,392872.9
2026-03-10 17:00:00+00:00,0.9376,0.9376,0.9213,0.925,569018.5
2026-03-10 18:00:00+00:00,0.925,0.9262,0.8719,0.879,4044570.3
2026-03-10 19:00:00+00:00,0.879,0.8819,0.864,0.8719,1734366.4
2026-03-10 20:00:00+00:00,0.8719,0.8772,0.8696,0.8705,747829.5
2026-03-10 21:00:00+00:00,0.8705,0.8751,0.8541,0.869,1560244.9
2026-03-10 22:00:00+00:00,0.869,0.8703,0.8512,0.8585,2066924.1
2026-03-10 23:00:00+00:00,0.8585,0.8691,0.8575,0.8644,761330.9
2026-03-11 00:00:00+00:00,0.8644,0.8685,0.8533,0.8642,939670.5
2026-03-11 01:00:00+00:00,0.8642,0.8646,0.8554,0.8568,489317.1
2026-03-11 02:00:00+00:00,0.8568,0.8658,0.8545,0.8639,761116.2
2026-03-11 03:00:00+00:00,0.8639,0.8693,0.8631,0.8631,496804.7
2026-03-11 04:00:00+00:00,0.8631,0.8632,0.8437,0.8597,1857239.4
2026-03-11 05:00:00+00:00,0.8597,0.8601,0.8471,0.8518,750020.8
2026-03-11 06:00:00+00:00,0.8518,0.8681,0.8512,0.8676,777110.2
2026-03-11 07:00:00+00:00,0.8676,0.8826,0.8672,0.8742,1021363.7
2026-03-11 08:00:00+00:00,0.8742,0.8793,0.8674,0.8715,921364.2
2026-03-11 09:00:00+00:00,0.8715,0.8875,0.8708,0.8781,812849.7
2026-03-11 10:00:00+00:00,0.8781,0.8911,0.8748,0.8906,572117.4
2026-03-11 11:00:00+00:00,0.8906,0.892,0.8858,0.8899,648801.7
2026-03-11 12:00:00+00:00,0.8899,0.9131,0.8848,0.9038,1848690.6
2026-03-11 13:00:00+00:00,0.9038,0.9098,0.8914,0.8969,1141581.6
2026-03-11 14:00:00+00:00,0.8969,0.9063,0.8967,0.897,760884.7
2026-03-11 15:00:00+00:00,0.897,0.898,0.8714,0.8809,1286461.3
2026-03-11 16:00:00+00:00,0.8809,0.8849,0.8757,0.8824,625285.0
2026-03-11 17:00:00+00:00,0.8824,0.89,0.8749,0.8809,619153.4
2026-03-11 18:00:00+00:00,0.8809,0.8901,0.8806,0.8898,389811.7
2026-03-11 19:00:00+00:00,0.8898,0.893,0.8851,0.886,370891.6
2026-03-11 20:00:00+00:00,0.886,0.8885,0.8804,0.8813,249041.7
2026-03-11 21:00:00+00:00,0.8813,0.8883,0.8753,0.8834,554852.4
2026-03-11 22:00:00+00:00,0.8834,0.887,0.8792,0.882,315717.9
2026-03-11 23:00:00+00:00,0.882,0.8833,0.8752,0.8775,364077.5
2026-03-12 00:00:00+00:00,0.8775,0.8793,0.8665,0.8711,813792.1
2026-03-12 01:00:00+00:00,0.8711,0.8729,0.8655,0.8715,412847.5
2026-03-12 02:00:00+00:00,0.8715,0.8742,0.8681,0.8708,392957.1
2026-03-12 03:00:00+00:00,0.8708,0.8768,0.8669,0.8678,384001.9
2026-03-12 04:00:00+00:00,0.8678,0.8705,0.8613,0.8639,583245.5
2026-03-12 05:00:00+00:00,0.8639,0.869,0.8591,0.8645,1374346.6
2026-03-12 06:00:00+00:00,0.8645,0.8661,0.8625,0.8635,193622.1
2026-03-12 07:00:00+00:00,0.8635,0.867,0.8609,0.8663,301466.2
2026-03-12 08:00:00+00:00,0.8663,0.8705,0.8611,0.8661,384763.7
2026-03-12 09:00:00+00:00,0.8661,0.8725,0.864,0.8701,297859.7
2026-03-12 10:00:00+00:00,0.8701,0.8719,0.8675,0.8682,353965.8
2026-03-12 11:00:00+00:00,0.8682,0.8684,0.8606,0.8641,569137.7
2026-03-12 12:00:00+00:00,0.8641,0.8696,0.8617,0.8668,408718.7
2026-03-12 13:00:00+00:00,0.8668,0.8703,0.8573,0.8623,882817.8
2026-03-12 14:00:00+00:00,0.8623,0.8663,0.8493,0.8587,1273774.9
2026-03-12 15:00:00+00:00,0.8587,0.8644,0.8552,0.8591,875524.0
2026-03-12 16:00:00+00:00,0.8591,0.8642,0.8548,0.8625,425090.8
2026-03-12 17:00:00+00:00,0.8625,0.8734,0.8577,0.8696,1041391.1
2026-03-12 18:00:00+00:00,0.8696,0.873,0.8603,0.8651,575959.5
2026-03-12 19:00:00+00:00,0.8651,0.8717,0.8617,0.8697,294516.5
2026-03-12 20:00:00+00:00,0.8697,0.8697,0.8626,0.8638,242313.3
2026-03-12 21:00:00+00:00,0.8638,0.8685,0.8598,0.868,202008.5
2026-03-12 22:00:00+00:00,0.868,0.8714,0.865,0.8706,496649.7
2026-03-12 23:00:00+00:00,0.8706,0.8799,0.87,0.8769,881651.9
2026-03-13 00:00:00+00:00,0.8769,0.8981,0.8741,0.8849,1649264.5
2026-03-13 01:00:00+00:00,0.8849,0.89,0.8827,0.8883,518697.4
2026-03-13 02:00:00+00:00,0.8883,0.891,0.8855,0.8885,356801.0
2026-03-13 03:00:00+00:00,0.8885,0.8954,0.8883,0.8936,405683.7
2026-03-13 04:00:00+00:00,0.8936,0.895,0.8879,0.889,375799.7
2026-03-13 05:00:00+00:00,0.889,0.8954,0.8812,0.8914,586224.6
2026-03-13 06:00:00+00:00,0.8914,0.8924,0.8795,0.8857,654382.5
2026-03-13 07:00:00+00:00,0.8857,0.8903,0.8826,0.8826,386373.2
2026-03-13 08:00:00+00:00,0.8826,0.8901,0.8797,0.8817,435197.7
2026-03-13 09:00:00+00:00,0.8817,0.8904,0.8817,0.8888,321335.2
2026-03-13 10:00:00+00:00,0.8888,0.8959,0.8858,0.8897,523022.9
2026-03-13 11:00:00+00:00,0.8897,0.891,0.8858,0.8866,327234.8
2026-03-13 12:00:00+00:00,0.8866,0.897,0.8797,0.893,839801.1
2026-03-13 13:00:00+00:00,0.893,0.9046,0.8905,0.8994,1080709.6
2026-03-13 14:00:00+00:00,0.8994,0.9055,0.8829,0.8858,1405398.4
2026-03-13 15:00:00+00:00,0.8858,0.8948,0.8843,0.8883,1515402.5
2026-03-13 16:00:00+00:00,0.8883,0.898,0.8857,0.8941,1020869.9
2026-03-13 17:00:00+00:00,0.8941,0.8981,0.8721,0.8773,1087846.4
2026-03-13 18:00:00+00:00,0.8773,0.8824,0.8764,0.8771,539367.0
2026-03-13 19:00:00+00:00,0.8771,0.8776,0.8716,0.8727,359699.6
2026-03-13 20:00:00+00:00,0.8727,0.8748,0.8705,0.874,272683.2
2026-03-13 21:00:00+00:00,0.874,0.882,0.8672,0.8706,380289.3
2026-03-13 22:00:00+00:00,0.8706,0.8712,0.8609,0.8656,457050.4
2026-03-13 23:00:00+00:00,0.8656,0.8699,0.8645,0.8681,225046.6
2026-03-14 00:00:00+00:00,0.8681,0.8687,0.8618,0.8642,324971.4
2026-03-14 01:00:00+00:00,0.8642,0.8707,0.8635,0.8704,285537.8
2026-03-14 02:00:00+00:00,0.8704,0.8726,0.8679,0.8707,247085.8
2026-03-14 03:00:00+00:00,0.8707,0.8783,0.8706,0.8758,162922.7
2026-03-14 04:00:00+00:00,0.8758,0.8851,0.8741,0.8778,400620.1
2026-03-14 05:00:00+00:00,0.8778,0.8778,0.8677,0.8701,201576.7
2026-03-14 06:00:00+00:00,0.8701,0.8701,0.8593,0.8664,529338.9
2026-03-14 07:00:00+00:00,0.8664,0.8676,0.8634,0.8647,298531.4
2026-03-14 08:00:00+00:00,0.8647,0.8692,0.8643,0.8666,277773.7
2026-03-14 09:00:00+00:00,0.8666,0.87,0.8651,0.8668,225316.3
2026-03-14 10:00:00+00:00,0.8668,0.8674,0.8626,0.8636,174706.7
2026-03-14 11:00:00+00:00,0.8636,0.8716,0.863,0.8686,497058.9
2026-03-14 12:00:00+00:00,0.8686,0.8686,0.8619,0.8643,239909.5
2026-03-14 13:00:00+00:00,0.8643,0.8684,0.862,0.8666,333770.4
2026-03-14 14:00:00+00:00,0.8666,0.8719,0.8638,0.8665,490177.6
2026-03-14 15:00:00+00:00,0.8665,0.8687,0.8647,0.8677,162713.3
2026-03-14 16:00:00+00:00,0.8677,0.8767,0.8664,0.8766,240338.5
2026-03-14 17:00:00+00:00,0.8766,0.877,0.8721,0.8751,235141.9
2026-03-14 18:00:00+00:00,0.8751,0.9126,0.8732,0.8913,3395254.9
2026-03-14 19:00:00+00:00,0.8913,0.8953,0.8776,0.8806,720939.7
2026-03-14 20:00:00+00:00,0.8806,0.8841,0.874,0.8795,332862.6
2026-03-14 21:00:00+00:00,0.8795,0.8817,0.8749,0.8784,294068.5
2026-03-14 22:00:00+00:00,0.8784,0.8873,0.8764,0.8786,337800.8
2026-03-14 23:00:00+00:00,0.8786,0.8827,0.8769,0.8814,251405.0
2026-03-15 00:00:00+00:00,0.8814,0.8821,0.8711,0.8737,405844.6
2026-03-15 01:00:00+00:00,0.8737,0.8786,0.8672,0.8772,260135.0
2026-03-15 02:00:00+00:00,0.8772,0.8862,0.877,0.8833,452596.3
2026-03-15 03:00:00+00:00,0.8833,0.8854,0.876,0.88,274158.4
2026-03-15 04:00:00+00:00,0.88,0.8836,0.8777,0.8809,164918.6
2026-03-15 05:00:00+00:00,0.8809,0.8853,0.8791,0.8809,217430.2
2026-03-15 06:00:00+00:00,0.8809,0.8833,0.8774,0.8806,158120.7
2026-03-15 07:00:00+00:00,0.8806,0.8868,0.8803,0.8867,215451.7
2026-03-15 08:00:00+00:00,0.8867,0.8888,0.8836,0.8861,252840.0
2026-03-15 09:00:00+00:00,0.8861,0.8894,0.8824,0.8839,196163.6
2026-03-15 10:00:00+00:00,0.8839,0.8917,0.8815,0.8882,362428.0
2026-03-15 11:00:00+00:00,0.8882,0.8932,0.8868,0.8906,234147.4
2026-03-15 12:00:00+00:00,0.8906,0.8944,0.8869,0.8919,225378.5
2026-03-15 13:00:00+00:00,0.8919,0.892,0.8794,0.8876,505784.4
2026-03-15 14:00:00+00:00,0.8876,0.8914,0.8852,0.8886,381977.7
2026-03-15 15:00:00+00:00,0.8886,0.8889,0.8825,0.8847,203135.6
2026-03-15 16:00:00+00:00,0.8847,0.8856,0.8808,0.8819,283873.8
2026-03-15 17:00:00+00:00,0.8819,0.891,0.8817,0.8885,227294.5
2026-03-15 18:00:00+00:00,0.8885,0.8897,0.8818,0.8829,238807.4
2026-03-15 19:00:00+00:00,0.8829,0.8907,0.8829,0.8887,277705.0
2026-03-15 20:00:00+00:00,0.8887,0.8958,0.8858,0.8909,295209.2
2026-03-15 21:00:00+00:00,0.8909,0.896,0.8882,0.8936,312949.9
2026-03-15 22:00:00+00:00,0.8936,0.9019,0.8889,0.8995,841901.8
2026-03-15 23:00:00+00:00,0.8995,0.9021,0.8901,0.8945,697336.9
2026-03-16 00:00:00+00:00,0.8945,0.8981,0.8875,0.8939,555793.8
2026-03-16 01:00:00+00:00,0.8939,0.8989,0.8902,0.8975,366578.3
2026-03-16 02:00:00+00:00,0.8975,0.8994,0.8918,0.8966,430933.3
2026-03-16 03:00:00+00:00,0.8966,0.9245,0.8954,0.9118,1418248.9
2026-03-16 04:00:00+00:00,0.9118,0.9261,0.9118,0.9222,733322.7
2026-03-16 05:00:00+00:00,0.9222,0.9401,0.9176,0.936,1205598.8
2026-03-16 06:00:00+00:00,0.936,0.9585,0.9302,0.9441,1716914.9
2026-03-16 07:00:00+00:00,0.9441,0.9541,0.9424,0.9448,795030.1
2026-03-16 08:00:00+00:00,0.9448,0.9618,0.937,0.9395,1219981.4
2026-03-16 09:00:00+00:00,0.9395,0.9483,0.9366,0.9373,738094.0
2026-03-16 10:00:00+00:00,0.9373,0.9464,0.9302,0.937,987733.8
2026-03-16 11:00:00+00:00,0.937,0.9409,0.9334,0.9349,407766.2
2026-03-16 12:00:00+00:00,0.9349,0.9401,0.9337,0.9365,733871.7
2026-03-16 13:00:00+00:00,0.9365,0.944,0.932,0.9369,761900.3
2026-03-16 14:00:00+00:00,0.9369,0.9397,0.9209,0.9324,1192612.5
2026-03-16 15:00:00+00:00,0.9324,0.9352,0.9229,0.927,537547.6
2026-03-16 16:00:00+00:00,0.927,0.9586,0.9267,0.9513,2026755.9
2026-03-16 17:00:00+00:00,0.9513,0.9609,0.9509,0.9571,770535.3
2026-03-16 18:00:00+00:00,0.9571,0.9765,0.9555,0.9672,1705348.3
2026-03-16 19:00:00+00:00,0.9672,0.9923,0.9668,0.9711,1389485.1
2026-03-16 20:00:00+00:00,0.9711,1.0063,0.9635,1.0042,1850561.7
2026-03-16 21:00:00+00:00,1.0042,1.0148,0.9936,0.9969,1437671.1
2026-03-16 22:00:00+00:00,0.9969,1.007,0.9968,0.9978,595493.1
2026-03-16 23:00:00+00:00,0.9978,0.9978,0.9841,0.9899,859198.8
2026-03-17 00:00:00+00:00,0.9899,0.9921,0.9792,0.9826,1043144.1
2026-03-17 01:00:00+00:00,0.9826,0.9878,0.9739,0.9782,749246.0
2026-03-17 02:00:00+00:00,0.9782,0.9798,0.9716,0.9745,375596.0
2026-03-17 03:00:00+00:00,0.9745,0.9768,0.9639,0.9701,548525.6
2026-03-17 04:00:00+00:00,0.9701,0.972,0.9528,0.9624,748680.3
2026-03-17 05:00:00+00:00,0.9624,0.9626,0.9517,0.9582,399289.2
2026-03-17 06:00:00+00:00,0.9582,0.9655,0.956,0.9609,376318.1
2026-03-17 07:00:00+00:00,0.9609,0.9749,0.9609,0.9683,392013.8
2026-03-17 08:00:00+00:00,0.9683,0.974,0.9646,0.9658,387082.8
2026-03-17 09:00:00+00:00,0.9658,0.9734,0.9633,0.9691,461921.0
2026-03-17 10:00:00+00:00,0.9691,0.9722,0.9656,0.9722,219724.5
2026-03-17 11:00:00+00:00,0.9722,0.9897,0.9722,0.9768,904772.3
2026-03-17 12:00:00+00:00,0.9768,0.9768,0.9563,0.9604,990278.4
2026-03-17 13:00:00+00:00,0.9604,0.9669,0.953,0.9578,591503.3
2026-03-17 14:00:00+00:00,0.9578,0.9639,0.9549,0.9619,364700.9
2026-03-17 15:00:00+00:00,0.9619,0.9677,0.9552,0.9639,438566.9
2026-03-17 16:00:00+00:00,0.9639,0.9699,0.9613,0.9623,376847.8
2026-03-17 17:00:00+00:00,0.9623,0.9699,0.9612,0.9699,258176.7
2026-03-17 18:00:00+00:00,0.9699,0.9714,0.9639,0.9658,196079.0
2026-03-17 19:00:00+00:00,0.9658,0.9666,0.962,0.9625,346852.6
2026-03-17 20:00:00+00:00,0.9625,0.9696,0.9609,0.9692,347387.1
2026-03-17 21:00:00+00:00,0.9692,0.9776,0.9692,0.9734,285648.7
2026-03-17 22:00:00+00:00,0.9734,0.9759,0.968,0.9738,242410.4
2026-03-17 23:00:00+00:00,0.9738,0.9752,0.9673,0.9683,269396.1
2026-03-18 00:00:00+00:00,0.9683,0.9709,0.9605,0.9634,491464.9
2026-03-18 01:00:00+00:00,0.9634,0.9652,0.9599,0.9627,175455.7
2026-03-18 02:00:00+00:00,0.9627,0.9706,0.9616,0.9671,219146.4
2026-03-18 03:00:00+00:00,0.9671,0.9749,0.967,0.9682,229439.9
2026-03-18 04:00:00+00:00,0.9682,0.9692,0.9628,0.969,201746.6
2026-03-18 05:00:00+00:00,0.969,0.9758,0.969,0.973,422744.2
2026-03-18 06:00:00+00:00,0.973,0.9783,0.9705,0.971,180051.0
2026-03-18 07:00:00+00:00,0.971,0.9764,0.9687,0.9757,367030.6
2026-03-18 08:00:00+00:00,0.9757,0.9836,0.9732,0.9829,545690.8
2026-03-18 09:00:00+00:00,0.9829,0.9869,0.9739,0.9774,656475.7
2026-03-18 10:00:00+00:00,0.9774,0.9815,0.969,0.9734,664997.9
2026-03-18 11:00:00+00:00,0.9734,0.975,0.9408,0.9463,1874007.2
2026-03-18 12:00:00+00:00,0.9463,0.9463,0.9228,0.9312,1770267.1
2026-03-18 13:00:00+00:00,0.9312,0.9361,0.9243,0.9304,737283.3
2026-03-18 14:00:00+00:00,0.9304,0.9322,0.9113,0.9137,1114033.5
2026-03-18 15:00:00+00:00,0.9137,0.9188,0.902,0.9155,1094602.5
2026-03-18 16:00:00+00:00,0.9155,0.9155,0.9074,0.9096,463963.1
2026-03-18 17:00:00+00:00,0.9096,0.9178,0.9032,0.9159,363959.5
2026-03-18 18:00:00+00:00,0.9159,0.9251,0.9139,0.9172,492417.4
2026-03-18 19:00:00+00:00,0.9172,0.9234,0.9135,0.915,364387.8
2026-03-18 20:00:00+00:00,0.915,0.9236,0.9086,0.9218,557097.4
2026-03-18 21:00:00+00:00,0.9218,0.9286,0.9206,0.9255,228938.9
2026-03-18 22:00:00+00:00,0.9255,0.9256,0.9217,0.9234,154060.0
2026-03-18 23:00:00+00:00,0.9234,0.9242,0.9185,0.9239,216379.4
2026-03-19 00:00:00+00:00,0.9239,0.9268,0.9221,0.9227,257852.9
2026-03-19 01:00:00+00:00,0.9227,0.924,0.9193,0.921,243272.5
2026-03-19 02:00:00+00:00,0.921,0.9241,0.916,0.9214,229490.1
2026-03-19 03:00:00+00:00,0.9214,0.9374,0.9199,0.9286,360260.6
2026-03-19 04:00:00+00:00,0.9286,0.9308,0.926,0.9268,243740.2
2026-03-19 05:00:00+00:00,0.9268,0.9295,0.9182,0.9185,298274.4
2026-03-19 06:00:00+00:00,0.9185,0.921,0.9142,0.9191,327165.6
2026-03-19 07:00:00+00:00,0.9191,0.9193,0.9034,0.9115,826278.5
2026-03-19 08:00:00+00:00,0.9115,0.9135,0.9061,0.9085,467094.2
2026-03-19 09:00:00+00:00,0.9085,0.9159,0.9078,0.9147,366267.8
2026-03-19 10:00:00+00:00,0.9147,0.9155,0.9083,0.9086,229294.4
2026-03-19 11:00:00+00:00,0.9086,0.911,0.9078,0.9086,185379.6
2026-03-19 12:00:00+00:00,0.9086,0.9086,0.8939,0.8942,1208269.3
2026-03-19 13:00:00+00:00,0.8942,0.8985,0.8829,0.8962,1402114.7
2026-03-19 14:00:00+00:00,0.8962,0.8993,0.8884,0.8936,361823.5
2026-03-19 15:00:00+00:00,0.8936,0.8962,0.8815,0.8886,536696.0
2026-03-19 16:00:00+00:00,0.8886,0.8886,0.8815,0.8836,379746.7
2026-03-19 17:00:00+00:00,0.8836,0.8899,0.8755,0.8885,472371.9
2026-03-19 18:00:00+00:00,0.8885,0.8889,0.8821,0.8853,206871.0
2026-03-19 19:00:00+00:00,0.8853,0.8942,0.8846,0.8875,398946.3
2026-03-19 20:00:00+00:00,0.8875,0.8921,0.8867,0.8883,169947.4
2026-03-19 21:00:00+00:00,0.8883,0.8917,0.888,0.8907,164176.2
2026-03-19 22:00:00+00:00,0.8907,0.8919,0.8849,0.8893,233475.3
2026-03-19 23:00:00+00:00,0.8893,0.8942,0.8893,0.8942,210216.5
2026-03-20 00:00:00+00:00,0.8942,0.8978,0.8902,0.8974,207502.9
2026-03-20 01:00:00+00:00,0.8974,0.905,0.8974,0.904,203152.6
2026-03-20 02:00:00+00:00,0.904,0.9055,0.8985,0.904,187600.1
2026-03-20 03:00:00+00:00,0.904,0.9067,0.9026,0.903,154411.5
2026-03-20 04:00:00+00:00,0.903,0.9074,0.8994,0.9057,194231.9
2026-03-20 05:00:00+00:00,0.9057,0.9122,0.9057,0.9094,204840.5
2026-03-20 06:00:00+00:00,0.9094,0.9094,0.9033,0.9039,215628.9
2026-03-20 07:00:00+00:00,0.9039,0.9039,0.896,0.8989,331957.7
2026-03-20 08:00:00+00:00,0.8989,0.9045,0.8974,0.8991,348353.7
2026-03-20 09:00:00+00:00,0.8991,0.9,0.8916,0.8983,252997.5
2026-03-20 10:00:00+00:00,0.8983,0.9039,0.8964,0.9028,164240.0
2026-03-20 11:00:00+00:00,0.9028,0.9081,0.8962,0.8989,181466.5
2026-03-20 12:00:00+00:00,0.8989,0.9041,0.8958,0.8969,161292.1
2026-03-20 13:00:00+00:00,0.8969,0.9031,0.8943,0.8959,254007.4
2026-03-20 14:00:00+00:00,0.8959,0.9051,0.8928,0.8946,335650.3
2026-03-20 15:00:00+00:00,0.8946,0.9035,0.8911,0.9033,292495.7
2026-03-20 16:00:00+00:00,0.9033,0.9066,0.8997,0.9045,190137.8
2026-03-20 17:00:00+00:00,0.9045,0.9105,0.9021,0.9105,160948.1
2026-03-20 18:00:00+00:00,0.9105,0.9146,0.8959,0.8977,364001.2
2026-03-20 19:00:00+00:00,0.8977,0.9009,0.8889,0.899,334135.9
2026-03-20 20:00:00+00:00,0.899,0.8999,0.8908,0.8967,231606.2
2026-03-20 21:00:00+00:00,0.8967,0.9056,0.8922,0.9017,163522.9
2026-03-20 22:00:00+00:00,0.9017,0.9093,0.9017,0.904,103331.4
2026-03-20 23:00:00+00:00,0.904,0.904,0.8974,0.9002,246818.4
2026-03-21 00:00:00+00:00,0.9002,0.9046,0.9002,0.9026,235230.9
2026-03-21 01:00:00+00:00,0.9026,0.9057,0.8985,0.8993,197709.7
2026-03-21 02:00:00+00:00,0.8993,0.9046,0.8977,0.9034,91197.9
2026-03-21 03:00:00+00:00,0.9034,0.9037,0.9004,0.9017,82308.2
2026-03-21 04:00:00+00:00,0.9017,0.9045,0.9002,0.901,91905.4
2026-03-21 05:00:00+00:00,0.901,0.907,0.9009,0.9042,108603.1
2026-03-21 06:00:00+00:00,0.9042,0.911,0.9031,0.9088,141019.9
2026-03-21 07:00:00+00:00,0.9088,0.9097,0.9035,0.9039,93893.7
2026-03-21 08:00:00+00:00,0.9039,0.9073,0.9031,0.9071,81961.4
2026-03-21 09:00:00+00:00,0.9071,0.9098,0.9019,0.9024,170351.5
2026-03-21 10:00:00+00:00,0.9024,0.9025,0.8982,0.901,140491.3
2026-03-21 11:00:00+00:00,0.901,0.9127,0.9002,0.9073,422372.3
2026-03-21 12:00:00+00:00,0.9073,0.9111,0.9073,0.9087,144906.3
2026-03-21 13:00:00+00:00,0.9087,0.9188,0.908,0.9129,484518.1
2026-03-21 14:00:00+00:00,0.9129,0.9325,0.9123,0.9221,1040546.9
2026-03-21 15:00:00+00:00,0.9221,0.9735,0.9221,0.9706,1806825.8
2026-03-21 16:00:00+00:00,0.9706,0.9742,0.9538,0.9579,1383257.8
2026-03-21 17:00:00+00:00,0.9579,0.9604,0.9435,0.9577,786195.6
2026-03-21 18:00:00+00:00,0.9577,0.9589,0.9489,0.9489,335431.4
2026-03-21 19:00:00+00:00,0.9489,0.9492,0.9283,0.9313,674552.5
2026-03-21 20:00:00+00:00,0.9313,0.9367,0.9291,0.9349,398499.4
2026-03-21 21:00:00+00:00,0.9349,0.9355,0.9288,0.9305,244974.7
2026-03-21 22:00:00+00:00,0.9305,0.9307,0.9174,0.9208,350303.3
2026-03-21 23:00:00+00:00,0.9208,0.9217,0.8694,0.8805,2694575.0
2026-03-22 00:00:00+00:00,0.8805,0.889,0.8603,0.8815,1315863.3
2026-03-22 01:00:00+00:00,0.8815,0.8875,0.8807,0.8861,400612.4
2026-03-22 02:00:00+00:00,0.8861,0.8915,0.8833,0.8858,388484.8
2026-03-22 03:00:00+00:00,0.8858,0.8906,0.8822,0.8843,295919.7
2026-03-22 04:00:00+00:00,0.8843,0.889,0.8823,0.8861,350637.7
2026-03-22 05:00:00+00:00,0.8861,0.8869,0.8805,0.882,219791.3
2026-03-22 06:00:00+00:00,0.882,0.8833,0.8786,0.8824,303912.7
2026-03-22 07:00:00+00:00,0.8824,0.8848,0.8793,0.8794,233778.8
2026-03-22 08:00:00+00:00,0.8794,0.8817,0.8697,0.8778,490364.5
2026-03-22 09:00:00+00:00,0.8778,0.8804,0.8744,0.8788,225372.9
2026-03-22 10:00:00+00:00,0.8788,0.8799,0.873,0.873,234174.0
2026-03-22 11:00:00+00:00,0.873,0.8751,0.87,0.8702,297588.6
2026-03-22 12:00:00+00:00,0.8702,0.8817,0.8702,0.8757,393102.2
2026-03-22 13:00:00+00:00,0.8757,0.8794,0.8732,0.877,225135.6
2026-03-22 14:00:00+00:00,0.877,0.8792,0.8717,0.8721,228479.9
2026-03-22 15:00:00+00:00,0.8721,0.8753,0.8714,0.8745,213162.8
2026-03-22 16:00:00+00:00,0.8745,0.8795,0.8735,0.8755,247140.6
2026-03-22 17:00:00+00:00,0.8755,0.8766,0.8728,0.8736,199176.4
2026-03-22 18:00:00+00:00,0.8736,0.8738,0.8636,0.8689,451748.6
2026-03-22 19:00:00+00:00,0.8689,0.8691,0.8624,0.865,416524.6
2026-03-22 20:00:00+00:00,0.865,0.8697,0.8631,0.8652,223050.8
2026-03-22 21:00:00+00:00,0.8652,0.8671,0.8374,0.8509,1580097.4
2026-03-22 22:00:00+00:00,0.8509,0.8515,0.8436,0.8481,653598.5
2026-03-22 23:00:00+00:00,0.8481,0.8518,0.8447,0.8472,431354.8
2026-03-23 00:00:00+00:00,0.8472,0.8532,0.842,0.8517,754163.5
2026-03-23 01:00:00+00:00,0.8517,0.8565,0.849,0.8532,307867.3
2026-03-23 02:00:00+00:00,0.8532,0.8646,0.8506,0.8603,504677.8
2026-03-23 03:00:00+00:00,0.8603,0.8656,0.8582,0.8582,210554.1
2026-03-23 04:00:00+00:00,0.8582,0.8664,0.8581,0.8654,220747.8
2026-03-23 05:00:00+00:00,0.8654,0.8661,0.8588,0.8608,278785.8
2026-03-23 06:00:00+00:00,0.8608,0.8608,0.8442,0.8464,544329.2
2026-03-23 07:00:00+00:00,0.8464,0.8501,0.8365,0.8477,711409.2
2026-03-23 08:00:00+00:00,0.8477,0.8531,0.8476,0.8485,326044.9
2026-03-23 09:00:00+00:00,0.8485,0.8561,0.8461,0.8561,302315.3
2026-03-23 10:00:00+00:00,0.8561,0.8635,0.8531,0.8558,299665.5
2026-03-23 11:00:00+00:00,0.8558,0.9006,0.8556,0.8845,3512552.6
2026-03-23 12:00:00+00:00,0.8845,0.894,0.8811,0.8926,574700.5
2026-03-23 13:00:00+00:00,0.8926,0.9069,0.8868,0.9026,597272.6
2026-03-23 14:00:00+00:00,0.9026,0.9058,0.8951,0.9017,432943.1
2026-03-23 15:00:00+00:00,0.9017,0.9124,0.8934,0.8958,849146.3
2026-03-23 16:00:00+00:00,0.8958,0.9101,0.8929,0.9083,663168.5
2026-03-23 17:00:00+00:00,0.9083,0.9108,0.9001,0.9085,539841.3
2026-03-23 18:00:00+00:00,0.9085,0.9323,0.9085,0.9299,1070818.9
2026-03-23 19:00:00+00:00,0.9299,0.93,0.9197,0.9206,509138.0
2026-03-23 20:00:00+00:00,0.9206,0.9419,0.9181,0.9335,911280.4
2026-03-23 21:00:00+00:00,0.9335,0.9374,0.9302,0.9338,417566.7
2026-03-23 22:00:00+00:00,0.9338,0.9343,0.9214,0.9229,386814.2
2026-03-23 23:00:00+00:00,0.9229,0.9259,0.9143,0.9224,507622.8
2026-03-24 00:00:00+00:00,0.9224,0.9259,0.9102,0.9207,883657.3
2026-03-24 01:00:00+00:00,0.9207,0.925,0.9118,0.9198,472844.3
2026-03-24 02:00:00+00:00,0.9198,0.9317,0.9151,0.9182,631639.8
2026-03-24 03:00:00+00:00,0.9182,0.9277,0.9162,0.9266,303829.4
2026-03-24 04:00:00+00:00,0.9266,0.9274,0.9202,0.9236,339557.4
2026-03-24 05:00:00+00:00,0.9236,0.932,0.9211,0.9305,496791.7
2026-03-24 06:00:00+00:00,0.9305,0.9475,0.9213,0.9246,1770239.0
2026-03-24 07:00:00+00:00,0.9246,0.9305,0.916,0.9241,926864.3
2026-03-24 08:00:00+00:00,0.9241,0.9288,0.9203,0.9229,480559.0
2026-03-24 09:00:00+00:00,0.9229,0.9262,0.9148,0.9183,348182.5
2026-03-24 10:00:00+00:00,0.9183,0.9188,0.9132,0.9148,201076.4
2026-03-24 11:00:00+00:00,0.9148,0.9148,0.9062,0.9127,547137.0
2026-03-24 12:00:00+00:00,0.9127,0.9159,0.908,0.9128,273874.8
2026-03-24 13:00:00+00:00,0.9128,0.9213,0.9098,0.917,685795.6
2026-03-24 14:00:00+00:00,0.917,0.9264,0.9109,0.9227,853568.4
2026-03-24 15:00:00+00:00,0.9227,0.9257,0.9105,0.9125,464462.8
2026-03-24 16:00:00+00:00,0.9125,0.9167,0.9053,0.9093,535082.0
2026-03-24 17:00:00+00:00,0.9093,0.9104,0.9017,0.9062,445685.8
2026-03-24 18:00:00+00:00,0.9062,0.9137,0.9032,0.9097,272370.7
2026-03-24 19:00:00+00:00,0.9097,0.923,0.9097,0.9175,394631.2
2026-03-24 20:00:00+00:00,0.9175,0.9383,0.9166,0.9314,596248.2
2026-03-24 21:00:00+00:00,0.9314,0.936,0.926,0.9331,255894.5
2026-03-24 22:00:00+00:00,0.9331,0.934,0.9213,0.925,267591.8
2026-03-24 23:00:00+00:00,0.925,0.9286,0.9227,0.9234,290019.7
2026-03-25 00:00:00+00:00,0.9234,0.9272,0.9171,0.9209,324548.1
2026-03-25 01:00:00+00:00,0.9209,0.9275,0.9193,0.9231,229525.1
2026-03-25 02:00:00+00:00,0.9231,0.9274,0.9205,0.9215,204945.9
2026-03-25 03:00:00+00:00,0.9215,0.922,0.915,0.9177,241195.5
2026-03-25 04:00:00+00:00,0.9177,0.9181,0.9124,0.9152,222011.5
2026-03-25 05:00:00+00:00,0.9152,0.9189,0.9126,0.9172,323711.6
2026-03-25 06:00:00+00:00,0.9172,0.9179,0.9106,0.9127,249368.6
2026-03-25 07:00:00+00:00,0.9127,0.9192,0.9121,0.915,161211.6
2026-03-25 08:00:00+00:00,0.915,0.9258,0.914,0.9169,365147.1
2026-03-25 09:00:00+00:00,0.9169,0.9212,0.914,0.9197,232109.8
2026-03-25 10:00:00+00:00,0.9197,0.9345,0.9186,0.9307,796068.1
2026-03-25 11:00:00+00:00,0.9307,0.9354,0.9268,0.9349,418228.3
2026-03-25 12:00:00+00:00,0.9349,0.9378,0.9256,0.9329,517322.5
2026-03-25 13:00:00+00:00,0.9329,0.9356,0.9297,0.9309,223752.8
2026-03-25 14:00:00+00:00,0.9309,0.9374,0.9293,0.9351,388238.4
2026-03-25 15:00:00+00:00,0.9351,0.9367,0.9243,0.9298,441522.5
2026-03-25 16:00:00+00:00,0.9298,0.9377,0.9269,0.931,397477.7
2026-03-25 17:00:00+00:00,0.931,0.9376,0.9306,0.9337,298885.7
2026-03-25 18:00:00+00:00,0.9337,0.9353,0.9277,0.9297,252883.5
2026-03-25 19:00:00+00:00,0.9297,0.9333,0.9263,0.9304,273090.4
2026-03-25 20:00:00+00:00,0.9304,0.9333,0.9232,0.9283,299044.9
2026-03-25 21:00:00+00:00,0.9283,0.9339,0.927,0.9312,174938.0
2026-03-25 22:00:00+00:00,0.9312,0.9368,0.9289,0.9318,264972.0
2026-03-25 23:00:00+00:00,0.9318,0.9325,0.9253,0.9278,189053.1
2026-03-26 00:00:00+00:00,0.9278,0.9316,0.924,0.9252,254286.5
2026-03-26 01:00:00+00:00,0.9252,0.9285,0.9149,0.9176,521457.2
2026-03-26 02:00:00+00:00,0.9176,0.9177,0.9088,0.9152,457331.9
2026-03-26 03:00:00+00:00,0.9152,0.9152,0.9068,0.9099,221350.9
2026-03-26 04:00:00+00:00,0.9099,0.9122,0.9059,0.912,144137.7
2026-03-26 05:00:00+00:00,0.912,0.9125,0.9028,0.9051,529443.0
2026-03-26 06:00:00+00:00,0.9051,0.9081,0.8986,0.9018,249930.6
2026-03-26 07:00:00+00:00,0.9018,0.905,0.8991,0.9009,192243.3
2026-03-26 08:00:00+00:00,0.9009,0.9009,0.8956,0.8998,259149.7
2026-03-26 09:00:00+00:00,0.8998,0.9044,0.8908,0.893,551605.5
2026-03-26 10:00:00+00:00,0.893,0.893,0.8876,0.8886,381207.5
2026-03-26 11:00:00+00:00,0.8886,0.8894,0.8835,0.8856,274659.7
2026-03-26 12:00:00+00:00,0.8856,0.8986,0.8835,0.8945,781072.6
2026-03-26 13:00:00+00:00,0.8945,0.9015,0.8917,0.8971,365516.4
2026-03-26 14:00:00+00:00,0.8971,0.8979,0.8861,0.8889,603970.0
2026-03-26 15:00:00+00:00,0.8889,0.8889,0.8789,0.8825,515941.7
2026-03-26 16:00:00+00:00,0.8825,0.8855,0.8809,0.881,303961.4
2026-03-26 17:00:00+00:00,0.881,0.8839,0.878,0.8797,203101.2
2026-03-26 18:00:00+00:00,0.8797,0.8813,0.866,0.8691,717655.8
2026-03-26 19:00:00+00:00,0.8691,0.8692,0.8629,0.8639,272108.3
2026-03-26 20:00:00+00:00,0.8639,0.8801,0.861,0.8698,1262931.5
2026-03-26 21:00:00+00:00,0.8698,0.8743,0.8677,0.8685,224061.4
2026-03-26 22:00:00+00:00,0.8685,0.8709,0.8646,0.8685,242622.1
2026-03-26 23:00:00+00:00,0.8685,0.8692,0.8641,0.8687,224183.7
2026-03-27 00:00:00+00:00,0.8687,0.8728,0.867,0.8712,447062.3
2026-03-27 01:00:00+00:00,0.8712,0.8773,0.8701,0.876,303158.6
2026-03-27 02:00:00+00:00,0.876,0.877,0.8716,0.872,126569.3
2026-03-27 03:00:00+00:00,0.872,0.8729,0.8671,0.87,161210.6
2026-03-27 04:00:00+00:00,0.87,0.8763,0.8634,0.871,378286.5
2026-03-27 05:00:00+00:00,0.871,0.8714,0.8666,0.8678,254136.6
2026-03-27 06:00:00+00:00,0.8678,0.8731,0.866,0.8721,318051.4
2026-03-27 07:00:00+00:00,0.8721,0.8768,0.8715,0.8768,303870.4
2026-03-27 08:00:00+00:00,0.8768,0.8796,0.8615,0.8671,497098.9
2026-03-27 09:00:00+00:00,0.8671,0.8673,0.8545,0.8603,383167.2
2026-03-27 10:00:00+00:00,0.8603,0.8612,0.8321,0.8368,1918289.5
2026-03-27 11:00:00+00:00,0.8368,0.8434,0.8311,0.8409,511699.7
2026-03-27 12:00:00+00:00,0.8409,0.8417,0.8366,0.8412,560641.7
2026-03-27 13:00:00+00:00,0.8412,0.8421,0.8312,0.8363,537596.7
2026-03-27 14:00:00+00:00,0.8363,0.8396,0.8305,0.836,268971.3
2026-03-27 15:00:00+00:00,0.836,0.8391,0.8316,0.8325,492619.6
2026-03-27 16:00:00+00:00,0.8325,0.8404,0.8305,0.8377,377595.3
2026-03-27 17:00:00+00:00,0.8377,0.8429,0.8317,0.8366,319717.3
2026-03-27 18:00:00+00:00,0.8366,0.8388,0.8327,0.8342,197323.1
2026-03-27 19:00:00+00:00,0.8342,0.8385,0.8302,0.8378,202831.9
2026-03-27 20:00:00+00:00,0.8378,0.839,0.832,0.8348,212776.4
2026-03-27 21:00:00+00:00,0.8348,0.8376,0.833,0.8334,86395.8
2026-03-27 22:00:00+00:00,0.8334,0.8359,0.8319,0.8346,110894.9
2026-03-27 23:00:00+00:00,0.8346,0.8412,0.8322,0.8383,287680.0
2026-03-28 00:00:00+00:00,0.8383,0.8407,0.8374,0.8376,226262.1
2026-03-28 01:00:00+00:00,0.8376,0.8377,0.8193,0.8276,849771.7
2026-03-28 02:00:00+00:00,0.8276,0.8312,0.8223,0.8245,224463.8
2026-03-28 03:00:00+00:00,0.8245,0.8267,0.8234,0.825,112240.2
2026-03-28 04:00:00+00:00,0.825,0.8256,0.8185,0.821,231464.5
2026-03-28 05:00:00+00:00,0.821,0.8241,0.8188,0.8207,215592.0
2026-03-28 06:00:00+00:00,0.8207,0.8238,0.8168,0.8224,271510.3
2026-03-28 07:00:00+00:00,0.8224,0.8294,0.8218,0.8291,189992.6
2026-03-28 08:00:00+00:00,0.8291,0.8297,0.8254,0.8267,195196.7
2026-03-28 09:00:00+00:00,0.8267,0.8268,0.8171,0.8202,369837.9
2026-03-28 10:00:00+00:00,0.8202,0.8236,0.8175,0.8209,235447.2
2026-03-28 11:00:00+00:00,0.8209,0.8246,0.8193,0.8225,199626.4
2026-03-28 12:00:00+00:00,0.8225,0.8241,0.8194,0.822,263361.6
2026-03-28 13:00:00+00:00,0.822,0.8411,0.821,0.8332,754819.7
2026-03-28 14:00:00+00:00,0.8332,0.8335,0.8245,0.826,365339.3
2026-03-28 15:00:00+00:00,0.826,0.8307,0.8181,0.8198,571582.4
2026-03-28 16:00:00+00:00,0.8198,0.8279,0.8175,0.8276,328611.6
2026-03-28 17:00:00+00:00,0.8276,0.8276,0.8197,0.8233,191675.7
2026-03-28 18:00:00+00:00,0.8233,0.8277,0.8217,0.8257,171515.9
2026-03-28 19:00:00+00:00,0.8257,0.8261,0.8205,0.8232,170203.7
2026-03-28 20:00:00+00:00,0.8232,0.8266,0.823,0.8251,187251.9
2026-03-28 21:00:00+00:00,0.8251,0.8251,0.7925,0.8029,1224236.0
2026-03-28 22:00:00+00:00,0.8029,0.8127,0.8026,0.8075,577601.6
2026-03-28 23:00:00+00:00,0.8075,0.8083,0.7931,0.8,1168637.5
2026-03-29 00:00:00+00:00,0.8,0.8041,0.7969,0.7998,374512.9
2026-03-29 01:00:00+00:00,0.7998,0.8087,0.7996,0.805,323523.0
2026-03-29 02:00:00+00:00,0.805,0.8107,0.8044,0.8088,130876.6
2026-03-29 03:00:00+00:00,0.8088,0.8172,0.8087,0.8128,290462.5
2026-03-29 04:00:00+00:00,0.8128,0.8131,0.8083,0.81,121706.4
2026-03-29 05:00:00+00:00,0.81,0.813,0.807,0.8108,202018.2
2026-03-29 06:00:00+00:00,0.8108,0.8128,0.8092,0.8109,95001.5
2026-03-29 07:00:00+00:00,0.8109,0.8109,0.8072,0.8093,137512.7
2026-03-29 08:00:00+00:00,0.8093,0.8125,0.8084,0.8118,194288.4
2026-03-29 09:00:00+00:00,0.8118,0.8152,0.8112,0.8117,243041.1
2026-03-29 10:00:00+00:00,0.8117,0.8117,0.8044,0.8078,280123.2
2026-03-29 11:00:00+00:00,0.8078,0.8129,0.8078,0.8105,183525.4
2026-03-29 12:00:00+00:00,0.8105,0.8107,0.8005,0.8043,231466.5
2026-03-29 13:00:00+00:00,0.8043,0.8052,0.7987,0.8007,363332.0
2026-03-29 14:00:00+00:00,0.8007,0.8059,0.7984,0.8039,423911.3
2026-03-29 15:00:00+00:00,0.8039,0.8059,0.7997,0.803,342870.6
2026-03-29 16:00:00+00:00,0.803,0.8064,0.8004,0.8023,217513.4
2026-03-29 17:00:00+00:00,0.8023,0.804,0.7964,0.802,328454.0
2026-03-29 18:00:00+00:00,0.802,0.8048,0.7994,0.8038,246618.6
2026-03-29 19:00:00+00:00,0.8038,0.8062,0.8029,0.805,347792.4
2026-03-29 20:00:00+00:00,0.805,0.8116,0.805,0.8116,253366.7
2026-03-29 21:00:00+00:00,0.8116,0.8135,0.8101,0.8127,188963.8
2026-03-29 22:00:00+00:00,0.8127,0.8127,0.7742,0.7982,2160824.8
2026-03-29 23:00:00+00:00,0.7982,0.8036,0.7939,0.801,541182.0
2026-03-30 00:00:00+00:00,0.801,0.8189,0.8003,0.8062,689775.0
2026-03-30 01:00:00+00:00,0.8062,0.813,0.806,0.8128,351864.5
2026-03-30 02:00:00+00:00,0.8128,0.8248,0.8126,0.8182,471306.3
2026-03-30 03:00:00+00:00,0.8182,0.8243,0.8158,0.8228,173711.5
2026-03-30 04:00:00+00:00,0.8228,0.8358,0.8228,0.8313,694042.3
2026-03-30 05:00:00+00:00,0.8313,0.8427,0.8311,0.8391,801313.6
2026-03-30 06:00:00+00:00,0.8391,0.8485,0.8342,0.8423,634879.4
2026-03-30 07:00:00+00:00,0.8423,0.8588,0.8412,0.8556,909308.3
2026-03-30 08:00:00+00:00,0.8556,0.8627,0.8508,0.8565,715132.3
2026-03-30 09:00:00+00:00,0.8565,0.8571,0.8435,0.8449,565351.9
2026-03-30 10:00:00+00:00,0.8449,0.8469,0.838,0.8451,603695.7
2026-03-30 11:00:00+00:00,0.8451,0.854,0.842,0.8445,605004.2
2026-03-30 12:00:00+00:00,0.8445,0.848,0.8408,0.8423,245694.0
2026-03-30 13:00:00+00:00,0.8423,0.8457,0.8369,0.8382,428223.8
2026-03-30 14:00:00+00:00,0.8382,0.8406,0.8243,0.835,1468265.4
2026-03-30 15:00:00+00:00,0.835,0.836,0.8261,0.8298,559937.7
2026-03-30 16:00:00+00:00,0.8298,0.8312,0.8266,0.8299,278958.9
2026-03-30 17:00:00+00:00,0.8299,0.8314,0.819,0.8226,441023.9
2026-03-30 18:00:00+00:00,0.8226,0.8232,0.8148,0.8164,344774.0
2026-03-30 19:00:00+00:00,0.8164,0.8164,0.8098,0.8152,266772.9
2026-03-30 20:00:00+00:00,0.8152,0.8152,0.8117,0.814,242240.5
2026-03-30 21:00:00+00:00,0.814,0.8231,0.8136,0.8205,275314.6
2026-03-30 22:00:00+00:00,0.8205,0.8214,0.817,0.8177,178080.7
2026-03-30 23:00:00+00:00,0.8177,0.8177,0.8104,0.8155,261698.5
2026-03-31 00:00:00+00:00,0.8155,0.8192,0.8119,0.8177,440482.6
2026-03-31 01:00:00+00:00,0.8177,0.8347,0.8168,0.8286,633090.8
2026-03-31 02:00:00+00:00,0.8286,0.8316,0.8268,0.8302,319153.8
2026-03-31 03:00:00+00:00,0.8302,0.8302,0.8241,0.8272,236790.2
2026-03-31 04:00:00+00:00,0.8272,0.8312,0.8259,0.8266,351700.5
2026-03-31 05:00:00+00:00,0.8266,0.8307,0.8251,0.8298,435411.3
2026-03-31 06:00:00+00:00,0.8298,0.8389,0.8272,0.8372,551999.3
2026-03-31 07:00:00+00:00,0.8372,0.8427,0.8325,0.8417,541537.8
2026-03-31 08:00:00+00:00,0.8417,0.8427,0.8254,0.8269,669497.2
2026-03-31 09:00:00+00:00,0.8269,0.8296,0.8173,0.8202,736177.7
2026-03-31 10:00:00+00:00,0.8202,0.8241,0.8166,0.8175,361020.8
2026-03-31 11:00:00+00:00,0.8175,0.8294,0.8143,0.8283,733003.0
2026-03-31 12:00:00+00:00,0.8283,0.8318,0.8217,0.8237,446511.2
2026-03-31 13:00:00+00:00,0.8237,0.8345,0.8233,0.83,343994.1
2026-03-31 14:00:00+00:00,0.83,0.8359,0.8186,0.8232,557548.0
2026-03-31 15:00:00+00:00,0.8232,0.8324,0.8185,0.8186,347957.5
2026-03-31 16:00:00+00:00,0.8186,0.8348,0.8183,0.8333,530018.5
2026-03-31 17:00:00+00:00,0.8333,0.8409,0.827,0.8289,638337.2
2026-03-31 18:00:00+00:00,0.8289,0.8353,0.8289,0.8321,240226.6
2026-03-31 19:00:00+00:00,0.8321,0.8344,0.8303,0.8334,193950.8
2026-03-31 20:00:00+00:00,0.8334,0.8371,0.8318,0.8348,202167.8
2026-03-31 21:00:00+00:00,0.8348,0.8348,0.8292,0.8313,186834.6
2026-03-31 22:00:00+00:00,0.8313,0.832,0.8255,0.8282,198756.9
2026-03-31 23:00:00+00:00,0.8282,0.8319,0.8258,0.8314,167197.6
2026-04-01 00:00:00+00:00,0.8314,0.8331,0.8273,0.8316,287871.7
2026-04-01 01:00:00+00:00,0.8316,0.8322,0.8215,0.8238,311085.6
2026-04-01 02:00:00+00:00,0.8238,0.8265,0.822,0.8247,300256.3
2026-04-01 03:00:00+00:00,0.8247,0.8346,0.8247,0.832,296897.7
2026-04-01 04:00:00+00:00,0.832,0.8348,0.8295,0.8328,248751.0
2026-04-01 05:00:00+00:00,0.8328,0.8401,0.8306,0.8376,439161.6
2026-04-01 06:00:00+00:00,0.8376,0.8478,0.8376,0.8462,464893.9
2026-04-01 07:00:00+00:00,0.8462,0.8507,0.8436,0.8466,422124.9
2026-04-01 08:00:00+00:00,0.8466,0.8504,0.8449,0.8458,357838.3
2026-04-01 09:00:00+00:00,0.8458,0.847,0.8398,0.8416,326842.9
2026-04-01 10:00:00+00:00,0.8416,0.8428,0.8358,0.8398,279589.5
2026-04-01 11:00:00+00:00,0.8398,0.8431,0.8351,0.8422,342013.4
2026-04-01 12:00:00+00:00,0.8422,0.8561,0.8411,0.8457,888125.0
2026-04-01 13:00:00+00:00,0.8457,0.8475,0.8367,0.8426,445948.7
2026-04-01 14:00:00+00:00,0.8426,0.8508,0.8422,0.8486,390196.8
2026-04-01 15:00:00+00:00,0.8486,0.8498,0.8441,0.8479,250723.8
2026-04-01 16:00:00+00:00,0.8479,0.8507,0.8445,0.8479,333045.2
2026-04-01 17:00:00+00:00,0.8479,0.8533,0.8434,0.8449,349688.4
2026-04-01 18:00:00+00:00,0.8449,0.8477,0.8405,0.8413,239365.8
2026-04-01 19:00:00+00:00,0.8413,0.843,0.8381,0.8409,161591.1
2026-04-01 20:00:00+00:00,0.8409,0.8427,0.8367,0.8398,305870.4
2026-04-01 21:00:00+00:00,0.8398,0.8461,0.8396,0.8457,136218.8
2026-04-01 22:00:00+00:00,0.8457,0.8458,0.8366,0.8367,171443.3
2026-04-01 23:00:00+00:00,0.8367,0.8377,0.8342,0.8372,268095.7
2026-04-02 00:00:00+00:00,0.8372,0.8445,0.8365,0.8424,288519.1
2026-04-02 01:00:00+00:00,0.8424,0.8425,0.8137,0.8217,1174895.4
2026-04-02 02:00:00+00:00,0.8217,0.8221,0.8073,0.8147,551873.3
2026-04-02 03:00:00+00:00,0.8147,0.819,0.8048,0.8117,543880.2
2026-04-02 04:00:00+00:00,0.8117,0.8141,0.8083,0.8089,367371.6
2026-04-02 05:00:00+00:00,0.8089,0.8109,0.8036,0.8094,528375.7
2026-04-02 06:00:00+00:00,0.8094,0.8158,0.8083,0.8147,275926.0
2026-04-02 07:00:00+00:00,0.8147,0.8204,0.8133,0.8202,293724.5
2026-04-02 08:00:00+00:00,0.8202,0.8207,0.8091,0.8095,359127.4
2026-04-02 09:00:00+00:00,0.8095,0.8147,0.8077,0.811,342332.5
2026-04-02 10:00:00+00:00,0.811,0.8116,0.8065,0.8115,195939.1
2026-04-02 11:00:00+00:00,0.8115,0.8127,0.8057,0.8117,201489.7
2026-04-02 12:00:00+00:00,0.8117,0.8117,0.8046,0.8065,283064.7
2026-04-02 13:00:00+00:00,0.8065,0.8075,0.7978,0.8056,555651.1
2026-04-02 14:00:00+00:00,0.8056,0.8222,0.8042,0.82,799930.4
2026-04-02 15:00:00+00:00,0.82,0.8201,0.8099,0.8119,447373.4
2026-04-02 16:00:00+00:00,0.8119,0.8172,0.8077,0.8127,330079.9
2026-04-02 17:00:00+00:00,0.8127,0.8211,0.809,0.8096,353233.3
2026-04-02 18:00:00+00:00,0.8096,0.8243,0.8093,0.8211,399873.3
2026-04-02 19:00:00+00:00,0.8211,0.8212,0.8129,0.8181,285093.8
2026-04-02 20:00:00+00:00,0.8181,0.8257,0.8163,0.8213,208938.0
2026-04-02 21:00:00+00:00,0.8213,0.822,0.8151,0.8177,144090.3
2026-04-02 22:00:00+00:00,0.8177,0.8193,0.813,0.814,148118.2
2026-04-02 23:00:00+00:00,0.814,0.817,0.8125,0.8164,173077.7
2026-04-03 00:00:00+00:00,0.8164,0.8194,0.8161,0.8194,197323.7
2026-04-03 01:00:00+00:00,0.8194,0.8231,0.8169,0.8199,368872.9
2026-04-03 02:00:00+00:00,0.8199,0.8247,0.8172,0.824,329158.7
2026-04-03 03:00:00+00:00,0.824,0.8374,0.823,0.8318,499339.2
2026-04-03 04:00:00+00:00,0.8318,0.8373,0.8289,0.8359,391059.3
2026-04-03 05:00:00+00:00,0.8359,0.8449,0.8327,0.8396,480383.5
2026-04-03 06:00:00+00:00,0.8396,0.8477,0.8375,0.8427,334531.7
2026-04-03 07:00:00+00:00,0.8427,0.8434,0.8367,0.8409,360531.2
2026-04-03 08:00:00+00:00,0.8409,0.8448,0.8396,0.8428,275110.2
2026-04-03 09:00:00+00:00,0.8428,0.8469,0.8418,0.844,231720.3
2026-04-03 10:00:00+00:00,0.844,0.8461,0.8391,0.8431,250737.3
2026-04-03 11:00:00+00:00,0.8431,0.8535,0.8425,0.8503,403188.6
2026-04-03 12:00:00+00:00,0.8503,0.854,0.8407,0.8447,691360.9
2026-04-03 13:00:00+00:00,0.8447,0.8458,0.8367,0.8395,258573.4
2026-04-03 14:00:00+00:00,0.8395,0.8442,0.8367,0.8431,195812.9
2026-04-03 15:00:00+00:00,0.8431,0.845,0.8372,0.838,551847.3
2026-04-03 16:00:00+00:00,0.838,0.841,0.8367,0.839,309151.5
2026-04-03 17:00:00+00:00,0.839,0.8396,0.8348,0.8367,183537.1
2026-04-03 18:00:00+00:00,0.8367,0.8416,0.8361,0.838,166100.9
2026-04-03 19:00:00+00:00,0.838,0.8385,0.8347,0.8369,216746.9
2026-04-03 20:00:00+00:00,0.8369,0.8393,0.8368,0.8382,101866.2
2026-04-03 21:00:00+00:00,0.8382,0.8422,0.8379,0.8396,165195.8
2026-04-03 22:00:00+00:00,0.8396,0.8405,0.8366,0.8376,211751.8
2026-04-03 23:00:00+00:00,0.8376,0.8382,0.832,0.8352,609597.1
2026-04-04 00:00:00+00:00,0.8352,0.8357,0.8326,0.835,140152.7
2026-04-04 01:00:00+00:00,0.835,0.8389,0.8337,0.8384,151394.2
2026-04-04 02:00:00+00:00,0.8384,0.8402,0.8341,0.8348,86086.9
2026-04-04 03:00:00+00:00,0.8348,0.8401,0.8348,0.8389,126419.2
2026-04-04 04:00:00+00:00,0.8389,0.841,0.838,0.8395,114805.9
2026-04-04 05:00:00+00:00,0.8395,0.8434,0.838,0.8382,171579.3
2026-04-04 06:00:00+00:00,0.8382,0.8452,0.8374,0.8441,248703.7
2026-04-04 07:00:00+00:00,0.8441,0.8457,0.841,0.8431,174774.5
2026-04-04 08:00:00+00:00,0.8431,0.8434,0.8392,0.84,122365.6
2026-04-04 09:00:00+00:00,0.84,0.8401,0.8347,0.8347,130019.8
2026-04-04 10:00:00+00:00,0.8347,0.8371,0.8324,0.8362,155426.3
2026-04-04 11:00:00+00:00,0.8362,0.8419,0.8351,0.8395,148281.6
2026-04-04 12:00:00+00:00,0.8395,0.8452,0.8383,0.8416,637050.1
2026-04-04 13:00:00+00:00,0.8416,0.8443,0.8383,0.8384,174330.0
2026-04-04 14:00:00+00:00,0.8384,0.8417,0.8368,0.841,177044.5
2026-04-04 15:00:00+00:00,0.841,0.8444,0.838,0.8391,233576.7
2026-04-04 16:00:00+00:00,0.8391,0.842,0.8379,0.8381,176787.9
2026-04-04 17:00:00+00:00,0.8381,0.8506,0.8375,0.8472,253641.9
2026-04-04 18:00:00+00:00,0.8472,0.8495,0.8442,0.8464,172143.7
2026-04-04 19:00:00+00:00,0.8464,0.8543,0.841,0.8441,438358.2
2026-04-04 20:00:00+00:00,0.8441,0.8447,0.8411,0.8411,82638.7
2026-04-04 21:00:00+00:00,0.8411,0.8422,0.8387,0.8402,138347.0
2026-04-04 22:00:00+00:00,0.8402,0.8418,0.8375,0.838,251799.5
2026-04-04 23:00:00+00:00,0.838,0.8384,0.8332,0.8384,553782.1
2026-04-05 00:00:00+00:00,0.8384,0.8392,0.8341,0.836,117127.9
2026-04-05 01:00:00+00:00,0.836,0.8361,0.8295,0.8331,223622.0
2026-04-05 02:00:00+00:00,0.8331,0.8331,0.8296,0.8313,122116.7
2026-04-05 03:00:00+00:00,0.8313,0.8322,0.8303,0.832,76891.7
2026-04-05 04:00:00+00:00,0.832,0.8333,0.8301,0.8305,118872.4
2026-04-05 05:00:00+00:00,0.8305,0.8326,0.8216,0.8234,491049.8
2026-04-05 06:00:00+00:00,0.8234,0.8235,0.8161,0.8203,532065.7
2026-04-05 07:00:00+00:00,0.8203,0.822,0.8168,0.8184,152403.4
2026-04-05 08:00:00+00:00,0.8184,0.8203,0.8171,0.8202,239044.8
2026-04-05 09:00:00+00:00,0.8202,0.821,0.8173,0.8181,177963.5
2026-04-05 10:00:00+00:00,0.8181,0.8217,0.8158,0.8161,132080.9
2026-04-05 11:00:00+00:00,0.8161,0.8221,0.814,0.8218,202835.9
2026-04-05 12:00:00+00:00,0.8218,0.8235,0.8152,0.8182,398619.9
2026-04-05 13:00:00+00:00,0.8182,0.8212,0.8118,0.8209,322237.9
2026-04-05 14:00:00+00:00,0.8209,0.8237,0.8188,0.8215,125766.4
2026-04-05 15:00:00+00:00,0.8215,0.8308,0.8186,0.8239,603429.0
2026-04-05 16:00:00+00:00,0.8239,0.8258,0.8188,0.8188,173516.4
2026-04-05 17:00:00+00:00,0.8188,0.8224,0.8173,0.8209,165507.5
2026-04-05 18:00:00+00:00,0.8209,0.8238,0.8193,0.8217,192053.1
2026-04-05 19:00:00+00:00,0.8217,0.8253,0.8184,0.8218,155552.1
2026-04-05 20:00:00+00:00,0.8218,0.8254,0.8216,0.8237,140797.6
2026-04-05 21:00:00+00:00,0.8237,0.8266,0.8194,0.8239,175085.6
2026-04-05 22:00:00+00:00,0.8239,0.8388,0.8207,0.8378,533852.3
2026-04-05 23:00:00+00:00,0.8378,0.8545,0.8369,0.8435,1749850.6
2026-04-06 00:00:00+00:00,0.8435,0.8527,0.8404,0.8446,644994.6
2026-04-06 01:00:00+00:00,0.8446,0.8456,0.8396,0.8408,269968.5
2026-04-06 02:00:00+00:00,0.8408,0.8574,0.8408,0.8568,583810.7
2026-04-06 03:00:00+00:00,0.8568,0.8589,0.8484,0.8505,380630.3
2026-04-06 04:00:00+00:00,0.8505,0.8545,0.8469,0.8529,240006.3
2026-04-06 05:00:00+00:00,0.8529,0.8554,0.852,0.8531,139710.2
2026-04-06 06:00:00+00:00,0.8531,0.8553,0.8462,0.8526,869218.6
2026-04-06 07:00:00+00:00,0.8526,0.8547,0.8487,0.8523,476810.3
2026-04-06 08:00:00+00:00,0.8523,0.863,0.8523,0.8612,561587.2
2026-04-06 09:00:00+00:00,0.8612,0.8768,0.8605,0.8742,1137883.9
2026-04-06 10:00:00+00:00,0.8742,0.8889,0.8742,0.8811,1429500.9
2026-04-06 11:00:00+00:00,0.8811,0.8978,0.8809,0.8941,1006093.3
2026-04-06 12:00:00+00:00,0.8941,0.9066,0.893,0.9021,1288475.8
2026-04-06 13:00:00+00:00,0.9021,0.9027,0.8869,0.8892,718831.0
2026-04-06 14:00:00+00:00,0.8892,0.892,0.8745,0.8831,865168.8
2026-04-06 15:00:00+00:00,0.8831,0.8873,0.879,0.8867,442096.4
2026-04-06 16:00:00+00:00,0.8867,0.8867,0.8772,0.8789,333633.3
2026-04-06 17:00:00+00:00,0.8789,0.8821,0.8709,0.8783,462526.7
2026-04-06 18:00:00+00:00,0.8783,0.8808,0.8743,0.876,277962.8
2026-04-06 19:00:00+00:00,0.876,0.8789,0.8727,0.8764,977123.1
2026-04-06 20:00:00+00:00,0.8764,0.8828,0.8749,0.8798,358564.6
2026-04-06 21:00:00+00:00,0.8798,0.8798,0.8707,0.8725,585219.6
2026-04-06 22:00:00+00:00,0.8725,0.8726,0.8551,0.8553,841001.7
2026-04-06 23:00:00+00:00,0.8553,0.858,0.8494,0.8577,861902.1
2026-04-07 00:00:00+00:00,0.8577,0.8611,0.8534,0.8552,396648.1
2026-04-07 01:00:00+00:00,0.8552,0.8566,0.8511,0.8526,287693.4
2026-04-07 02:00:00+00:00,0.8526,0.8561,0.851,0.8543,222425.4
2026-04-07 03:00:00+00:00,0.8543,0.8584,0.8541,0.8564,240737.6
2026-04-07 04:00:00+00:00,0.8564,0.863,0.8545,0.861,235299.7
2026-04-07 05:00:00+00:00,0.861,0.8626,0.8567,0.861,268982.9
2026-04-07 06:00:00+00:00,0.861,0.8615,0.8517,0.8546,322115.7
2026-04-07 07:00:00+00:00,0.8546,0.8615,0.8518,0.8598,277524.2
2026-04-07 08:00:00+00:00,0.8598,0.864,0.8579,0.8594,487696.0
2026-04-07 09:00:00+00:00,0.8594,0.8741,0.8594,0.8717,428797.3
2026-04-07 10:00:00+00:00,0.8717,0.8749,0.8599,0.8614,631177.4
2026-04-07 11:00:00+00:00,0.8614,0.8684,0.8595,0.8636,369420.3
2026-04-07 12:00:00+00:00,0.8636,0.8656,0.8518,0.861,874109.0
2026-04-07 13:00:00+00:00,0.861,0.8671,0.8542,0.8581,518669.0
2026-04-07 14:00:00+00:00,0.8581,0.8608,0.8523,0.8529,532434.1
2026-04-07 15:00:00+00:00,0.8529,0.8529,0.8416,0.8499,1012682.7
2026-04-07 16:00:00+00:00,0.8499,0.8541,0.8488,0.8519,287991.3
2026-04-07 17:00:00+00:00,0.8519,0.8615,0.8469,0.859,669345.6
2026-04-07 18:00:00+00:00,0.859,0.862,0.8563,0.8596,356265.7
2026-04-07 19:00:00+00:00,0.8596,0.871,0.8575,0.8695,928186.4
2026-04-07 20:00:00+00:00,0.8695,0.8759,0.8685,0.8723,573029.8
2026-04-07 21:00:00+00:00,0.8723,0.8995,0.8711,0.8958,933343.7
2026-04-07 22:00:00+00:00,0.8958,0.9227,0.8933,0.9226,1693659.3
2026-04-07 23:00:00+00:00,0.9226,0.9284,0.9145,0.9157,1590978.8
2026-04-08 00:00:00+00:00,0.9157,0.9218,0.905,0.9072,1133105.4
2026-04-08 01:00:00+00:00,0.9072,0.909,0.9011,0.909,330952.9
2026-04-08 02:00:00+00:00,0.909,0.9106,0.8962,0.8983,478676.9
2026-04-08 03:00:00+00:00,0.8983,0.9013,0.8973,0.8999,192494.4
2026-04-08 04:00:00+00:00,0.8999,0.9088,0.8997,0.9053,533083.3
2026-04-08 05:00:00+00:00,0.9053,0.9124,0.9053,0.9071,284184.5
2026-04-08 06:00:00+00:00,0.9071,0.9136,0.9056,0.91,350813.9
2026-04-08 07:00:00+00:00,0.91,0.9162,0.9093,0.9145,255281.2
2026-04-08 08:00:00+00:00,0.9145,0.9159,0.906,0.9074,301053.1
2026-04-08 09:00:00+00:00,0.9074,0.9081,0.9028,0.9047,321499.3
2026-04-08 10:00:00+00:00,0.9047,0.9104,0.9047,0.9062,270169.4
2026-04-08 11:00:00+00:00,0.9062,0.9105,0.9009,0.9066,410091.0
2026-04-08 12:00:00+00:00,0.9066,0.9108,0.9053,0.9096,465906.8
2026-04-08 13:00:00+00:00,0.9096,0.9162,0.9088,0.9098,578682.6
2026-04-08 14:00:00+00:00,0.9098,0.9111,0.8904,0.8943,810629.1
2026-04-08 15:00:00+00:00,0.8943,0.903,0.8914,0.9024,290509.6
2026-04-08 16:00:00+00:00,0.9024,0.9078,0.899,0.9054,241275.8
2026-04-08 17:00:00+00:00,0.9054,0.9124,0.8998,0.9027,301242.9
2026-04-08 18:00:00+00:00,0.9027,0.9042,0.8913,0.8916,367321.7
2026-04-08 19:00:00+00:00,0.8916,0.8943,0.8888,0.8943,300586.0
2026-04-08 20:00:00+00:00,0.8943,0.8969,0.8901,0.892,197501.5
2026-04-08 21:00:00+00:00,0.892,0.8995,0.8876,0.8988,250908.3
2026-04-08 22:00:00+00:00,0.8988,0.8994,0.8884,0.8889,263235.2
2026-04-08 23:00:00+00:00,0.8889,0.8902,0.8809,0.8828,582961.9
2026-04-09 00:00:00+00:00,0.8828,0.8832,0.8761,0.8806,812609.1
2026-04-09 01:00:00+00:00,0.8806,0.8811,0.8737,0.879,419532.0
2026-04-09 02:00:00+00:00,0.879,0.8821,0.8775,0.8803,226939.0
2026-04-09 03:00:00+00:00,0.8803,0.8808,0.8754,0.8766,253910.4
2026-04-09 04:00:00+00:00,0.8766,0.8799,0.8743,0.8766,370933.2
2026-04-09 05:00:00+00:00,0.8766,0.8831,0.8752,0.8808,401593.1
2026-04-09 06:00:00+00:00,0.8808,0.8816,0.8767,0.881,308069.2
2026-04-09 07:00:00+00:00,0.881,0.8836,0.8784,0.8789,263981.7
2026-04-09 08:00:00+00:00,0.8789,0.8811,0.8758,0.8791,399555.6
2026-04-09 09:00:00+00:00,0.8791,0.8855,0.8759,0.8819,391684.9
2026-04-09 10:00:00+00:00,0.8819,0.883,0.8786,0.8807,257052.3
2026-04-09 11:00:00+00:00,0.8807,0.8807,0.8758,0.8759,196590.5
2026-04-09 12:00:00+00:00,0.8759,0.8827,0.8757,0.8798,291605.7
2026-04-09 13:00:00+00:00,0.8798,0.8807,0.8753,0.8788,378121.3
2026-04-09 14:00:00+00:00,0.8788,0.8839,0.87,0.8819,847961.6
2026-04-09 15:00:00+00:00,0.8819,0.9033,0.8777,0.8975,947267.9
2026-04-09 16:00:00+00:00,0.8975,0.904,0.8932,0.8985,635159.5
2026-04-09 17:00:00+00:00,0.8985,0.9033,0.8961,0.8995,374327.3
2026-04-09 18:00:00+00:00,0.8995,0.9005,0.8914,0.9004,375835.1
2026-04-09 19:00:00+00:00,0.9004,0.9106,0.8998,0.9078,538197.7
2026-04-09 20:00:00+00:00,0.9078,0.913,0.9072,0.9106,244179.8
2026-04-09 21:00:00+00:00,0.9106,0.9133,0.9051,0.9084,438075.9
2026-04-09 22:00:00+00:00,0.9084,0.9255,0.9084,0.9122,549496.7
2026-04-09 23:00:00+00:00,0.9122,0.9129,0.9016,0.9041,469331.2
2026-04-10 00:00:00+00:00,0.9041,0.9066,0.8983,0.9033,486020.3
2026-04-10 01:00:00+00:00,0.9033,0.9058,0.8938,0.8987,394065.0
2026-04-10 02:00:00+00:00,0.8987,0.9065,0.8987,0.9018,193669.5
2026-04-10 03:00:00+00:00,0.9018,0.9033,0.8976,0.8988,203517.9
2026-04-10 04:00:00+00:00,0.8988,0.9157,0.8987,0.9118,393703.6
2026-04-10 05:00:00+00:00,0.9118,0.9123,0.9046,0.9106,219492.9
2026-04-10 06:00:00+00:00,0.9106,0.9128,0.8969,0.8991,224825.4
2026-04-10 07:00:00+00:00,0.8991,0.9017,0.8956,0.8968,202971.3
2026-04-10 08:00:00+00:00,0.8968,0.9041,0.8948,0.901,331294.1
2026-04-10 09:00:00+00:00,0.901,0.9111,0.901,0.9045,391609.1
2026-04-10 10:00:00+00:00,0.9045,0.9065,0.9022,0.9029,265284.0
2026-04-10 11:00:00+00:00,0.9029,0.9068,0.8996,0.8996,305023.2
2026-04-10 12:00:00+00:00,0.8996,0.9075,0.8983,0.9016,538190.5
2026-04-10 13:00:00+00:00,0.9016,0.9048,0.8959,0.9014,248881.5
2026-04-10 14:00:00+00:00,0.9014,0.9128,0.8992,0.9114,467865.3
2026-04-10 15:00:00+00:00,0.9114,0.9144,0.9064,0.9103,425307.3
2026-04-10 16:00:00+00:00,0.9103,0.9169,0.9093,0.9096,236467.2
2026-04-10 17:00:00+00:00,0.9096,0.9106,0.9048,0.9092,226341.4
2026-04-10 18:00:00+00:00,0.9092,0.9147,0.9079,0.9129,241532.4
2026-04-10 19:00:00+00:00,0.9129,0.9165,0.9123,0.9158,143969.8
2026-04-10 20:00:00+00:00,0.9158,0.9177,0.9111,0.9154,146688.0
2026-04-10 21:00:00+00:00,0.9154,0.9162,0.9115,0.9159,164034.0
2026-04-10 22:00:00+00:00,0.9159,0.9175,0.9123,0.914,176887.9
2026-04-10 23:00:00+00:00,0.914,0.9148,0.9109,0.9145,109946.5
2026-04-11 00:00:00+00:00,0.9145,0.9155,0.9045,0.9051,235604.6
2026-04-11 01:00:00+00:00,0.9051,0.9061,0.8956,0.9018,200143.5
2026-04-11 02:00:00+00:00,0.9018,0.9046,0.9006,0.9015,164360.2
2026-04-11 03:00:00+00:00,0.9015,0.9064,0.9004,0.901,103226.7
2026-04-11 04:00:00+00:00,0.901,0.9023,0.8973,0.8984,150673.1
2026-04-11 05:00:00+00:00,0.8984,0.9016,0.892,0.8968,272386.0
2026-04-11 06:00:00+00:00,0.8968,0.8986,0.8925,0.8981,170215.8
2026-04-11 07:00:00+00:00,0.8981,0.8998,0.8972,0.8989,152527.3
2026-04-11 08:00:00+00:00,0.8989,0.9013,0.8952,0.8962,211310.6
2026-04-11 09:00:00+00:00,0.8962,0.8997,0.8941,0.8978,195348.1
2026-04-11 10:00:00+00:00,0.8978,0.8984,0.8923,0.8937,122173.9
2026-04-11 11:00:00+00:00,0.8937,0.8966,0.8926,0.8953,115616.3
2026-04-11 12:00:00+00:00,0.8953,0.8966,0.8927,0.8942,144324.8
2026-04-11 13:00:00+00:00,0.8942,0.8942,0.8858,0.89,401955.6
2026-04-11 14:00:00+00:00,0.89,0.8939,0.8883,0.8893,272620.2
2026-04-11 15:00:00+00:00,0.8893,0.8972,0.8893,0.8965,186308.1
2026-04-11 16:00:00+00:00,0.8965,0.9098,0.8965,0.9072,281493.0
2026-04-11 17:00:00+00:00,0.9072,0.9119,0.9035,0.9048,233393.6
2026-04-11 18:00:00+00:00,0.9048,0.9207,0.9,0.9161,501692.1
2026-04-11 19:00:00+00:00,0.9161,0.9234,0.9138,0.9205,317292.3
2026-04-11 20:00:00+00:00,0.9205,0.9214,0.9115,0.9156,336768.4
2026-04-11 21:00:00+00:00,0.9156,0.9174,0.9117,0.9135,125390.1
2026-04-11 22:00:00+00:00,0.9135,0.9179,0.903,0.9051,456085.0
2026-04-11 23:00:00+00:00,0.9051,0.9066,0.8982,0.9001,307433.7
2026-04-12 00:00:00+00:00,0.9001,0.9004,0.8937,0.8954,219887.8
2026-04-12 01:00:00+00:00,0.8954,0.8986,0.8597,0.8666,2330338.2
2026-04-12 02:00:00+00:00,0.8666,0.8711,0.8623,0.8673,676334.8
2026-04-12 03:00:00+00:00,0.8673,0.8705,0.8633,0.8649,401682.0
2026-04-12 04:00:00+00:00,0.8649,0.8668,0.8612,0.8626,274488.5
2026-04-12 05:00:00+00:00,0.8626,0.8662,0.8595,0.8653,256913.8
2026-04-12 06:00:00+00:00,0.8653,0.8675,0.8645,0.8654,206570.5
2026-04-12 07:00:00+00:00,0.8654,0.8673,0.8627,0.8646,158002.2
2026-04-12 08:00:00+00:00,0.8646,0.8677,0.8625,0.8646,257094.1
2026-04-12 09:00:00+00:00,0.8646,0.866,0.8615,0.8617,205670.1
2026-04-12 10:00:00+00:00,0.8617,0.8631,0.8572,0.8595,194466.0
2026-04-12 11:00:00+00:00,0.8595,0.8649,0.8562,0.8641,177165.8
2026-04-12 12:00:00+00:00,0.8641,0.8726,0.8627,0.8641,394700.3
2026-04-12 13:00:00+00:00,0.8641,0.8685,0.8606,0.8614,332103.7
2026-04-12 14:00:00+00:00,0.8614,0.8656,0.8601,0.8618,226408.0
2026-04-12 15:00:00+00:00,0.8618,0.8627,0.8569,0.8601,209456.0
2026-04-12 16:00:00+00:00,0.8601,0.8653,0.8588,0.865,201619.0
2026-04-12 17:00:00+00:00,0.865,0.8788,0.865,0.8783,511881.7
2026-04-12 18:00:00+00:00,0.8783,0.8792,0.8726,0.8726,136931.9
2026-04-12 19:00:00+00:00,0.8726,0.8772,0.8718,0.8729,155891.4
2026-04-12 20:00:00+00:00,0.8729,0.8776,0.8655,0.875,473331.8
2026-04-12 21:00:00+00:00,0.875,0.8763,0.8662,0.868,255413.7
2026-04-12 22:00:00+00:00,0.868,0.8681,0.8569,0.8607,381631.4
2026-04-12 23:00:00+00:00,0.8607,0.8607,0.8532,0.8575,305051.2
2026-04-13 00:00:00+00:00,0.8575,0.8635,0.8569,0.8619,238171.8
2026-04-13 01:00:00+00:00,0.8619,0.866,0.8619,0.8655,196073.8
2026-04-13 02:00:00+00:00,0.8655,0.866,0.8595,0.8629,165377.0
2026-04-13 03:00:00+00:00,0.8629,0.8643,0.8609,0.8637,120394.8
2026-04-13 04:00:00+00:00,0.8637,0.8655,0.8584,0.8604,160521.9
2026-04-13 05:00:00+00:00,0.8604,0.8616,0.8556,0.8616,140061.8
2026-04-13 06:00:00+00:00,0.8616,0.8698,0.8611,0.8638,198036.1
2026-04-13 07:00:00+00:00,0.8638,0.8647,0.8574,0.8579,192250.2
2026-04-13 08:00:00+00:00,0.8579,0.8586,0.8554,0.8575,264232.1
2026-04-13 09:00:00+00:00,0.8575,0.8635,0.8575,0.8618,257314.7
2026-04-13 10:00:00+00:00,0.8618,0.8641,0.859,0.86,174145.6
2026-04-13 11:00:00+00:00,0.86,0.8623,0.8596,0.8616,123152.2
2026-04-13 12:00:00+00:00,0.8616,0.8671,0.8563,0.8638,374838.7
2026-04-13 13:00:00+00:00,0.8638,0.8722,0.8607,0.8708,364558.7
2026-04-13 14:00:00+00:00,0.8708,0.8765,0.8645,0.8764,359473.8
2026-04-13 15:00:00+00:00,0.8764,0.8768,0.8642,0.869,252768.3
2026-04-13 16:00:00+00:00,0.869,0.8762,0.8644,0.8745,270332.5
2026-04-13 17:00:00+00:00,0.8745,0.8825,0.8711,0.875,347385.0
2026-04-13 18:00:00+00:00,0.875,0.8772,0.8694,0.877,205693.1
2026-04-13 19:00:00+00:00,0.877,0.907,0.876,0.9026,721342.7
2026-04-13 20:00:00+00:00,0.9026,0.9037,0.8925,0.8925,369674.6
2026-04-13 21:00:00+00:00,0.8925,0.91,0.8905,0.9092,502011.5
2026-04-13 22:00:00+00:00,0.9092,0.9282,0.9058,0.922,1329618.1
2026-04-13 23:00:00+00:00,0.922,0.9283,0.9166,0.9189,638793.8
2026-04-14 00:00:00+00:00,0.9189,0.9204,0.9063,0.907,626487.0
2026-04-14 01:00:00+00:00,0.907,0.9105,0.9038,0.9083,307217.3
2026-04-14 02:00:00+00:00,0.9083,0.9092,0.9027,0.9032,137236.0
2026-04-14 03:00:00+00:00,0.9032,0.9054,0.9005,0.9028,259426.8
2026-04-14 04:00:00+00:00,0.9028,0.9051,0.9004,0.903,159405.3
2026-04-14 05:00:00+00:00,0.903,0.9036,0.8946,0.8957,167093.8
2026-04-14 06:00:00+00:00,0.8957,0.902,0.8955,0.9,163758.2
2026-04-14 07:00:00+00:00,0.9,0.9026,0.8963,0.8971,123970.9
2026-04-14 08:00:00+00:00,0.8971,0.9044,0.8971,0.9023,255752.7
2026-04-14 09:00:00+00:00,0.9023,0.9048,0.9005,0.9045,159283.8
2026-04-14 10:00:00+00:00,0.9045,0.9045,0.9001,0.9005,145530.8
2026-04-14 11:00:00+00:00,0.9005,0.9032,0.8974,0.9002,204069.1
2026-04-14 12:00:00+00:00,0.9002,0.9045,0.8998,0.904,263252.8
2026-04-14 13:00:00+00:00,0.904,0.9076,0.9004,0.9075,349025.0
2026-04-14 14:00:00+00:00,0.9075,0.9136,0.9025,0.9062,534766.1
2026-04-14 15:00:00+00:00,0.9062,0.9079,0.8965,0.9016,597757.9
2026-04-14 16:00:00+00:00,0.9016,0.9084,0.8982,0.9007,521163.4
2026-04-14 17:00:00+00:00,0.9007,0.9017,0.8895,0.895,492071.7
2026-04-14 18:00:00+00:00,0.895,0.8972,0.8771,0.88,661537.6
2026-04-14 19:00:00+00:00,0.88,0.8869,0.8787,0.8857,318267.3
2026-04-14 20:00:00+00:00,0.8857,0.8883,0.8826,0.8837,197700.2
2026-04-14 21:00:00+00:00,0.8837,0.8908,0.8836,0.8888,135027.8
2026-04-14 22:00:00+00:00,0.8888,0.89,0.8831,0.8849,211226.0
2026-04-14 23:00:00+00:00,0.8849,0.8849,0.8802,0.8833,230892.1
2026-04-15 00:00:00+00:00,0.8833,0.8923,0.8833,0.8871,386249.5
2026-04-15 01:00:00+00:00,0.8871,0.8976,0.8855,0.8959,334262.3
2026-04-15 02:00:00+00:00,0.8959,0.8982,0.8899,0.8914,243747.1
2026-04-15 03:00:00+00:00,0.8914,0.8963,0.8907,0.8941,161351.5
2026-04-15 04:00:00+00:00,0.8941,0.9042,0.8941,0.9038,312738.8
2026-04-15 05:00:00+00:00,0.9038,0.9071,0.8937,0.8962,193319.4
2026-04-15 06:00:00+00:00,0.8962,0.9001,0.8929,0.8968,109234.3
2026-04-15 07:00:00+00:00,0.8968,0.8974,0.8897,0.8919,209415.3
2026-04-15 08:00:00+00:00,0.8919,0.8994,0.8914,0.8951,153598.4
2026-04-15 09:00:00+00:00,0.8951,0.8971,0.8905,0.8924,175408.7
2026-04-15 10:00:00+00:00,0.8924,0.9032,0.8917,0.8969,271774.1
2026-04-15 11:00:00+00:00,0.8969,0.9122,0.8965,0.908,380969.4
2026-04-15 12:00:00+00:00,0.908,0.908,0.9035,0.9069,254708.5
2026-04-15 13:00:00+00:00,0.9069,0.9113,0.9026,0.9052,542284.2
2026-04-15 14:00:00+00:00,0.9052,0.9162,0.9029,0.9129,424409.9
2026-04-15 15:00:00+00:00,0.9129,0.9142,0.8997,0.9026,374737.1
2026-04-15 16:00:00+00:00,0.9026,0.915,0.902,0.9129,366133.6
2026-04-15 17:00:00+00:00,0.9129,0.9183,0.9094,0.9123,309253.3
2026-04-15 18:00:00+00:00,0.9123,0.9147,0.9084,0.9127,175888.7
2026-04-15 19:00:00+00:00,0.9127,0.9231,0.9111,0.9183,366799.0
2026-04-15 20:00:00+00:00,0.9183,0.9191,0.9131,0.9159,248436.2
2026-04-15 21:00:00+00:00,0.9159,0.9181,0.9092,0.9177,131354.9
2026-04-15 22:00:00+00:00,0.9177,0.9219,0.9122,0.9126,259526.5
2026-04-15 23:00:00+00:00,0.9126,0.9163,0.9072,0.9163,316818.8
2026-04-16 00:00:00+00:00,0.9163,0.9172,0.9096,0.9137,390171.9
2026-04-16 01:00:00+00:00,0.9137,0.9153,0.9079,0.9152,299267.7
2026-04-16 02:00:00+00:00,0.9152,0.9336,0.9152,0.9298,797760.2
2026-04-16 03:00:00+00:00,0.9298,0.9489,0.9296,0.9437,1090368.7
2026-04-16 04:00:00+00:00,0.9437,0.9725,0.9423,0.9655,1831338.9
2026-04-16 05:00:00+00:00,0.9655,0.9853,0.9574,0.9771,1491504.7
2026-04-16 06:00:00+00:00,0.9771,0.9785,0.9604,0.9725,786710.1
2026-04-16 07:00:00+00:00,0.9725,0.9928,0.9684,0.9825,1514139.2
2026-04-16 08:00:00+00:00,0.9825,0.9859,0.9702,0.9714,1052069.3
2026-04-16 09:00:00+00:00,0.9714,0.9734,0.9635,0.9637,434389.9
2026-04-16 10:00:00+00:00,0.9637,0.9746,0.9604,0.9653,389116.3
2026-04-16 11:00:00+00:00,0.9653,0.9887,0.9635,0.9882,757123.5
2026-04-16 12:00:00+00:00,0.9882,0.9974,0.9806,0.9832,1269172.6
2026-04-16 13:00:00+00:00,0.9832,1.0048,0.9751,0.9887,2206352.4
2026-04-16 14:00:00+00:00,0.9887,0.9888,0.9672,0.9783,1284115.0
2026-04-16 15:00:00+00:00,0.9783,1.014,0.9765,1.0132,1120341.8
2026-04-16 16:00:00+00:00,1.0132,1.0209,0.9905,0.996,1325184.2
2026-04-16 17:00:00+00:00,0.996,1.0029,0.9897,0.9985,541277.0
2026-04-16 18:00:00+00:00,0.9985,1.0008,0.9867,0.9966,664801.9
2026-04-16 19:00:00+00:00,0.9966,1.0091,0.9938,1.0048,517090.1
2026-04-16 20:00:00+00:00,1.0048,1.0065,0.9925,0.9942,387087.5
2026-04-16 21:00:00+00:00,0.9942,0.9974,0.9825,0.996,325066.2
2026-04-16 22:00:00+00:00,0.996,1.0024,0.9922,0.9968,372448.5
2026-04-16 23:00:00+00:00,0.9968,1.0056,0.9952,0.9979,405499.2
2026-04-17 00:00:00+00:00,0.9979,0.9996,0.989,0.9978,632887.4
2026-04-17 01:00:00+00:00,0.9978,1.0015,0.9795,0.9868,695142.0
2026-04-17 02:00:00+00:00,0.9868,0.9905,0.9769,0.9812,397545.6
2026-04-17 03:00:00+00:00,0.9812,0.9826,0.9771,0.9802,352720.6
2026-04-17 04:00:00+00:00,0.9802,0.9834,0.9739,0.9777,275108.2
2026-04-17 05:00:00+00:00,0.9777,0.9778,0.9695,0.9737,355591.9
2026-04-17 06:00:00+00:00,0.9737,0.9865,0.9709,0.9834,288205.6
2026-04-17 07:00:00+00:00,0.9834,1.0086,0.9811,1.0064,986255.7
2026-04-17 08:00:00+00:00,1.0064,1.0089,0.9881,0.9895,540036.7
2026-04-17 09:00:00+00:00,0.9895,0.9943,0.9826,0.9919,345230.9
2026-04-17 10:00:00+00:00,0.9919,0.994,0.9807,0.9893,283917.5
2026-04-17 11:00:00+00:00,0.9893,1.001,0.9883,0.9975,301455.6
2026-04-17 12:00:00+00:00,0.9975,1.0007,0.9866,0.9984,448100.3
2026-04-17 13:00:00+00:00,0.9984,1.0133,0.9928,1.0118,1386928.5
2026-04-17 14:00:00+00:00,1.0118,1.013,1.0,1.0037,571945.6
2026-04-17 15:00:00+00:00,1.0037,1.0037,0.9911,0.9983,426715.0
2026-04-17 16:00:00+00:00,0.9983,1.0103,0.9973,1.0055,448765.9
2026-04-17 17:00:00+00:00,1.0055,1.0055,0.9934,0.9965,528984.4
2026-04-17 18:00:00+00:00,0.9965,0.9999,0.9866,0.9976,371644.3
2026-04-17 19:00:00+00:00,0.9976,1.0086,0.9967,1.0022,325161.8
2026-04-17 20:00:00+00:00,1.0022,1.005,0.995,1.0003,300311.3
2026-04-17 21:00:00+00:00,1.0003,1.0043,0.9945,0.9956,209576.9
2026-04-17 22:00:00+00:00,0.9956,1.0002,0.9924,0.9964,137774.3
2026-04-17 23:00:00+00:00,0.9964,0.9964,0.9796,0.9824,429740.5
2026-04-18 00:00:00+00:00,0.9824,0.9857,0.9738,0.9802,420391.3
2026-04-18 01:00:00+00:00,0.9802,0.9849,0.9753,0.9772,172756.5
2026-04-18 02:00:00+00:00,0.9772,0.9811,0.9746,0.9797,142758.8
2026-04-18 03:00:00+00:00,0.9797,0.9813,0.9742,0.978,189809.7
2026-04-18 04:00:00+00:00,0.978,0.981,0.9748,0.9784,233557.2
2026-04-18 05:00:00+00:00,0.9784,0.9876,0.9782,0.9869,303292.6
2026-04-18 06:00:00+00:00,0.9869,0.9923,0.9819,0.9899,201521.0
2026-04-18 07:00:00+00:00,0.9899,0.9937,0.9869,0.9887,189149.4
2026-04-18 08:00:00+00:00,0.9887,0.9906,0.9674,0.9741,699177.8
2026-04-18 09:00:00+00:00,0.9741,0.9759,0.9638,0.9697,551355.9
2026-04-18 10:00:00+00:00,0.9697,0.9698,0.956,0.9591,765332.9
2026-04-18 11:00:00+00:00,0.9591,0.9591,0.9441,0.951,741567.0
2026-04-18 12:00:00+00:00,0.951,0.9582,0.9501,0.9579,237861.7
2026-04-18 13:00:00+00:00,0.9579,0.9591,0.9491,0.9573,214078.3
2026-04-18 14:00:00+00:00,0.9573,0.9595,0.953,0.9566,209399.3
2026-04-18 15:00:00+00:00,0.9566,0.96,0.9547,0.9562,198264.0
2026-04-18 16:00:00+00:00,0.9562,0.9597,0.9494,0.9528,310793.4
2026-04-18 17:00:00+00:00,0.9528,0.9567,0.948,0.9529,194203.6
2026-04-18 18:00:00+00:00,0.9529,0.9539,0.941,0.9427,461540.2
2026-04-18 19:00:00+00:00,0.9427,0.9479,0.9422,0.9448,255123.9
2026-04-18 20:00:00+00:00,0.9448,0.9498,0.9404,0.948,172523.7
2026-04-18 21:00:00+00:00,0.948,0.9503,0.9467,0.9499,94314.9
2026-04-18 22:00:00+00:00,0.9499,0.9503,0.945,0.9474,120106.5
2026-04-18 23:00:00+00:00,0.9474,0.95,0.9383,0.9417,190039.7
2026-04-19 00:00:00+00:00,0.9417,0.9425,0.9259,0.935,932087.5
2026-04-19 01:00:00+00:00,0.935,0.9395,0.9292,0.9322,219091.3
2026-04-19 02:00:00+00:00,0.9322,0.933,0.9239,0.9293,402103.5
2026-04-19 03:00:00+00:00,0.9293,0.9345,0.9263,0.929,229634.3
2026-04-19 04:00:00+00:00,0.929,0.935,0.9224,0.9265,464410.5
2026-04-19 05:00:00+00:00,0.9265,0.9307,0.924,0.924,217955.8
2026-04-19 06:00:00+00:00,0.924,0.9281,0.9196,0.9269,382383.9
2026-04-19 07:00:00+00:00,0.9269,0.9269,0.9126,0.9198,646412.8
2026-04-19 08:00:00+00:00,0.9198,0.9278,0.9187,0.9223,475046.4
2026-04-19 09:00:00+00:00,0.9223,0.9242,0.9176,0.9203,276603.8
2026-04-19 10:00:00+00:00,0.9203,0.9211,0.9161,0.9184,242109.1
2026-04-19 11:00:00+00:00,0.9184,0.9277,0.9183,0.9257,327693.2
2026-04-19 12:00:00+00:00,0.9257,0.9327,0.9247,0.9292,343069.8
2026-04-19 13:00:00+00:00,0.9292,0.94,0.9284,0.9321,468942.5
2026-04-19 14:00:00+00:00,0.9321,0.9409,0.9275,0.9378,311186.2
2026-04-19 15:00:00+00:00,0.9378,0.9383,0.9221,0.9321,434276.9
2026-04-19 16:00:00+00:00,0.9321,0.9331,0.9245,0.9277,396083.6
2026-04-19 17:00:00+00:00,0.9277,0.9278,0.9157,0.9161,757747.9
2026-04-19 18:00:00+00:00,0.9161,0.9174,0.9103,0.9148,489068.4
2026-04-19 19:00:00+00:00,0.9148,0.9246,0.9148,0.9219,296719.7
2026-04-19 20:00:00+00:00,0.9219,0.9219,0.916,0.9184,358950.4
2026-04-19 21:00:00+00:00,0.9184,0.9242,0.9169,0.9191,240607.3
2026-04-19 22:00:00+00:00,0.9191,0.9194,0.8986,0.9049,1292382.3
2026-04-19 23:00:00+00:00,0.9049,0.9068,0.9002,0.9065,327522.7
2026-04-20 00:00:00+00:00,0.9065,0.9167,0.9057,0.9151,619107.2
2026-04-20 01:00:00+00:00,0.9151,0.9184,0.9126,0.9155,232150.5
2026-04-20 02:00:00+00:00,0.9155,0.9208,0.9117,0.9191,280426.4
2026-04-20 03:00:00+00:00,0.9191,0.9247,0.9165,0.9232,432470.3
2026-04-20 04:00:00+00:00,0.9232,0.9239,0.9179,0.9198,237944.3
2026-04-20 05:00:00+00:00,0.9198,0.9198,0.9064,0.9107,564887.6
2026-04-20 06:00:00+00:00,0.9107,0.9219,0.9105,0.9183,261561.9
2026-04-20 07:00:00+00:00,0.9183,0.9329,0.9177,0.9219,650819.9
2026-04-20 08:00:00+00:00,0.9219,0.9222,0.916,0.9172,341069.7
2026-04-20 09:00:00+00:00,0.9172,0.9262,0.9152,0.9215,324258.4
2026-04-20 10:00:00+00:00,0.9215,0.9295,0.9211,0.9233,253941.6
2026-04-20 11:00:00+00:00,0.9233,0.9254,0.9212,0.9219,170650.8
2026-04-20 12:00:00+00:00,0.9219,0.9288,0.9203,0.9269,234672.9
2026-04-20 13:00:00+00:00,0.9269,0.9306,0.9203,0.928,438370.4
2026-04-20 14:00:00+00:00,0.928,0.9319,0.9176,0.9208,557110.4
2026-04-20 15:00:00+00:00,0.9208,0.9271,0.915,0.9225,333470.2
2026-04-20 16:00:00+00:00,0.9225,0.9229,0.9176,0.9191,174322.4
2026-04-20 17:00:00+00:00,0.9191,0.9284,0.9184,0.926,244554.4
2026-04-20 18:00:00+00:00,0.926,0.9349,0.926,0.9327,465964.7
2026-04-20 19:00:00+00:00,0.9327,0.933,0.9253,0.9271,240862.6
2026-04-20 20:00:00+00:00,0.9271,0.9302,0.9238,0.928,138594.0
2026-04-20 21:00:00+00:00,0.928,0.9308,0.9237,0.9279,238582.8
2026-04-20 22:00:00+00:00,0.9279,0.9299,0.924,0.925,148173.7
2026-04-20 23:00:00+00:00,0.925,0.925,0.9191,0.9218,239697.6
2026-04-21 00:00:00+00:00,0.9218,0.9281,0.9214,0.9268,305749.1
2026-04-21 01:00:00+00:00,0.9268,0.9296,0.9243,0.9243,191732.9
2026-04-21 02:00:00+00:00,0.9243,0.9244,0.92,0.92,168061.7
2026-04-21 03:00:00+00:00,0.92,0.922,0.9158,0.9209,220952.4
2026-04-21 04:00:00+00:00,0.9209,0.9251,0.9188,0.9246,155960.4
2026-04-21 05:00:00+00:00,0.9246,0.9277,0.9234,0.9254,108138.2
2026-04-21 06:00:00+00:00,0.9254,0.9286,0.922,0.9228,119373.6
2026-04-21 07:00:00+00:00,0.9228,0.9259,0.9203,0.9236,109428.9
2026-04-21 08:00:00+00:00,0.9236,0.929,0.9208,0.9247,305377.3
2026-04-21 09:00:00+00:00,0.9247,0.931,0.9228,0.9294,215393.1
2026-04-21 10:00:00+00:00,0.9294,0.9338,0.928,0.9317,136030.4
2026-04-21 11:00:00+00:00,0.9317,0.9366,0.9266,0.9322,263965.5
2026-04-21 12:00:00+00:00,0.9322,0.9328,0.9214,0.9257,338956.7
2026-04-21 13:00:00+00:00,0.9257,0.9261,0.9208,0.9252,322912.0
2026-04-21 14:00:00+00:00,0.9252,0.9368,0.9225,0.9274,369691.8
2026-04-21 15:00:00+00:00,0.9274,0.9332,0.9247,0.9281,414312.6
2026-04-21 16:00:00+00:00,0.9281,0.932,0.9223,0.9237,278889.5
2026-04-21 17:00:00+00:00,0.9237,0.9246,0.9103,0.9173,726295.8
2026-04-21 18:00:00+00:00,0.9173,0.9181,0.9115,0.9174,398397.7
2026-04-21 19:00:00+00:00,0.9174,0.9237,0.9058,0.9092,514333.5
2026-04-21 20:00:00+00:00,0.9092,0.9241,0.9088,0.9185,595311.0
2026-04-21 21:00:00+00:00,0.9185,0.9204,0.9147,0.918,185323.9
2026-04-21 22:00:00+00:00,0.918,0.9192,0.9146,0.9179,177762.7
2026-04-21 23:00:00+00:00,0.9179,0.9279,0.9179,0.9263,189264.5
2026-04-22 00:00:00+00:00,0.9263,0.931,0.9256,0.9299,307407.3
2026-04-22 01:00:00+00:00,0.9299,0.9299,0.9239,0.9249,153229.2
2026-04-22 02:00:00+00:00,0.9249,0.9426,0.9235,0.9422,597191.1
2026-04-22 03:00:00+00:00,0.9422,0.945,0.939,0.9418,295837.9
2026-04-22 04:00:00+00:00,0.9418,0.9514,0.9412,0.9503,280705.4
2026-04-22 05:00:00+00:00,0.9503,0.9629,0.9472,0.9539,948901.4
2026-04-22 06:00:00+00:00,0.9539,0.9541,0.9479,0.9504,238383.6
2026-04-22 07:00:00+00:00,0.9504,0.9504,0.9465,0.9482,260722.5
2026-04-22 08:00:00+00:00,0.9482,0.9552,0.9473,0.9532,274898.4
2026-04-22 09:00:00+00:00,0.9532,0.9566,0.951,0.952,256128.2
2026-04-22 10:00:00+00:00,0.952,0.9546,0.948,0.9546,213452.7
2026-04-22 11:00:00+00:00,0.9546,0.9578,0.9509,0.9538,274432.3
2026-04-22 12:00:00+00:00,0.9538,0.9548,0.9473,0.9492,321275.6
2026-04-22 13:00:00+00:00,0.9492,0.9532,0.9456,0.9484,384418.6
2026-04-22 14:00:00+00:00,0.9484,0.956,0.9474,0.9545,293242.9
2026-04-22 15:00:00+00:00,0.9545,0.9593,0.9502,0.9531,347485.3
2026-04-22 16:00:00+00:00,0.9531,0.9543,0.9501,0.9502,222646.0
2026-04-22 17:00:00+00:00,0.9502,0.9541,0.946,0.9509,226795.1
2026-04-22 18:00:00+00:00,0.9509,0.9538,0.9476,0.9476,145229.1
2026-04-22 19:00:00+00:00,0.9476,0.9476,0.9374,0.9436,343822.9
2026-04-22 20:00:00+00:00,0.9436,0.944,0.9358,0.9367,180024.1
2026-04-22 21:00:00+00:00,0.9367,0.9435,0.9365,0.942,210108.0
2026-04-22 22:00:00+00:00,0.942,0.9432,0.9343,0.9354,160227.6
2026-04-22 23:00:00+00:00,0.9354,0.9362,0.925,0.9267,364137.5
2026-04-23 00:00:00+00:00,0.9267,0.9305,0.9141,0.9289,843461.8
2026-04-23 01:00:00+00:00,0.9289,0.9295,0.9214,0.9262,333907.4
2026-04-23 02:00:00+00:00,0.9262,0.9266,0.9155,0.9184,275187.9
2026-04-23 03:00:00+00:00,0.9184,0.9213,0.9118,0.9163,276038.5
2026-04-23 04:00:00+00:00,0.9163,0.9189,0.9145,0.9183,246945.0
2026-04-23 05:00:00+00:00,0.9183,0.9258,0.9183,0.9234,715844.6
2026-04-23 06:00:00+00:00,0.9234,0.9266,0.9223,0.9239,385265.0
2026-04-23 07:00:00+00:00,0.9239,0.9248,0.9197,0.9208,285513.3
2026-04-23 08:00:00+00:00,0.9208,0.9228,0.917,0.9205,287838.2
2026-04-23 09:00:00+00:00,0.9205,0.9207,0.9144,0.9177,292558.2
2026-04-23 10:00:00+00:00,0.9177,0.9184,0.9116,0.9151,184613.1
2026-04-23 11:00:00+00:00,0.9151,0.9239,0.9148,0.9224,321898.2
2026-04-23 12:00:00+00:00,0.9224,0.9252,0.9202,0.9225,322781.1
2026-04-23 13:00:00+00:00,0.9225,0.9246,0.9201,0.9221,200375.8
2026-04-23 14:00:00+00:00,0.9221,0.9287,0.9203,0.9281,244952.8
2026-04-23 15:00:00+00:00,0.9281,0.9357,0.9264,0.9337,367141.9
2026-04-23 16:00:00+00:00,0.9337,0.935,0.9274,0.9277,304359.9
2026-04-23 17:00:00+00:00,0.9277,0.9288,0.9038,0.9131,1109931.1
2026-04-23 18:00:00+00:00,0.9131,0.9183,0.9126,0.9131,341061.4
2026-04-23 19:00:00+00:00,0.9131,0.9199,0.9115,0.9181,288588.2
2026-04-23 20:00:00+00:00,0.9181,0.9278,0.9176,0.9225,248910.0
2026-04-23 21:00:00+00:00,0.9225,0.9311,0.9221,0.9276,251554.6
2026-04-23 22:00:00+00:00,0.9276,0.9331,0.9276,0.929,157433.2
2026-04-23 23:00:00+00:00,0.929,0.9309,0.9276,0.9295,197737.2
2026-04-24 00:00:00+00:00,0.9295,0.934,0.9294,0.9327,250064.0
2026-04-24 01:00:00+00:00,0.9327,0.936,0.9292,0.9355,227678.9
2026-04-24 02:00:00+00:00,0.9355,0.9361,0.9271,0.9297,348686.6
2026-04-24 03:00:00+00:00,0.9297,0.9298,0.9205,0.925,288998.9
2026-04-24 04:00:00+00:00,0.925,0.9257,0.9221,0.9234,194711.0
2026-04-24 05:00:00+00:00,0.9234,0.9316,0.922,0.9298,208745.0
2026-04-24 06:00:00+00:00,0.9298,0.9337,0.928,0.9298,264960.6
2026-04-24 07:00:00+00:00,0.9298,0.933,0.9288,0.9327,178862.5
2026-04-24 08:00:00+00:00,0.9327,0.9375,0.9315,0.9339,234029.6
2026-04-24 09:00:00+00:00,0.9339,0.9347,0.9284,0.9302,236778.9
2026-04-24 10:00:00+00:00,0.9302,0.9391,0.928,0.9363,227270.9
2026-04-24 11:00:00+00:00,0.9363,0.9437,0.9359,0.9409,350337.1
2026-04-24 12:00:00+00:00,0.9409,0.9431,0.9371,0.938,237755.9
2026-04-24 13:00:00+00:00,0.938,0.9423,0.9361,0.9374,173063.8
2026-04-24 14:00:00+00:00,0.9374,0.9422,0.9352,0.9396,177701.3
2026-04-24 15:00:00+00:00,0.9396,0.947,0.932,0.9457,410376.3
2026-04-24 16:00:00+00:00,0.9457,0.9484,0.9401,0.9437,381734.3
2026-04-24 17:00:00+00:00,0.9437,0.9467,0.9413,0.9434,219713.1
2026-04-24 18:00:00+00:00,0.9434,0.9458,0.9402,0.943,185291.3
2026-04-24 19:00:00+00:00,0.943,0.9475,0.9403,0.9454,150943.5
2026-04-24 20:00:00+00:00,0.9454,0.948,0.94,0.9469,506581.2
2026-04-24 21:00:00+00:00,0.9469,0.9532,0.9421,0.9443,201085.5
2026-04-24 22:00:00+00:00,0.9443,0.9446,0.9358,0.9386,255381.9
2026-04-24 23:00:00+00:00,0.9386,0.9417,0.9374,0.9399,123685.2
2026-04-25 00:00:00+00:00,0.9399,0.9419,0.9379,0.9412,150438.4
2026-04-25 01:00:00+00:00,0.9412,0.95,0.9411,0.9466,220957.8
2026-04-25 02:00:00+00:00,0.9466,0.9498,0.9426,0.9486,225494.8
2026-04-25 03:00:00+00:00,0.9486,0.9567,0.948,0.9523,318484.8
2026-04-25 04:00:00+00:00,0.9523,0.9557,0.9497,0.9502,277111.0
2026-04-25 05:00:00+00:00,0.9502,0.9567,0.946,0.9515,314765.6
2026-04-25 06:00:00+00:00,0.9515,0.9569,0.947,0.947,315821.4
2026-04-25 07:00:00+00:00,0.947,0.9502,0.9446,0.9476,243017.0
2026-04-25 08:00:00+00:00,0.9476,0.9522,0.9467,0.9511,165409.2
2026-04-25 09:00:00+00:00,0.9511,0.9551,0.9507,0.953,143908.7
2026-04-25 10:00:00+00:00,0.953,0.9552,0.9473,0.9478,276847.5
2026-04-25 11:00:00+00:00,0.9478,0.9478,0.9401,0.9434,338548.1
2026-04-25 12:00:00+00:00,0.9434,0.9434,0.9388,0.9403,293186.0
2026-04-25 13:00:00+00:00,0.9403,0.9456,0.9402,0.9433,168139.4
2026-04-25 14:00:00+00:00,0.9433,0.9445,0.9405,0.9423,214113.5
2026-04-25 15:00:00+00:00,0.9423,0.9457,0.9377,0.9407,258064.9
2026-04-25 16:00:00+00:00,0.9407,0.9433,0.9321,0.9364,352147.8
2026-04-25 17:00:00+00:00,0.9364,0.9372,0.9295,0.9319,329094.0
2026-04-25 18:00:00+00:00,0.9319,0.9352,0.9315,0.9319,143450.2
2026-04-25 19:00:00+00:00,0.9319,0.9325,0.9286,0.9303,210749.1
2026-04-25 20:00:00+00:00,0.9303,0.9337,0.929,0.9335,102359.5
2026-04-25 21:00:00+00:00,0.9335,0.9356,0.9334,0.9335,94082.5
2026-04-25 22:00:00+00:00,0.9335,0.9383,0.9332,0.9358,150466.3
2026-04-25 23:00:00+00:00,0.9358,0.938,0.9357,0.9369,71262.2
2026-04-26 00:00:00+00:00,0.9369,0.937,0.9313,0.9325,191656.5
2026-04-26 01:00:00+00:00,0.9325,0.9345,0.9311,0.9313,122976.2
2026-04-26 02:00:00+00:00,0.9313,0.9368,0.9313,0.935,141485.0
2026-04-26 03:00:00+00:00,0.935,0.9374,0.9327,0.9365,125488.2
2026-04-26 04:00:00+00:00,0.9365,0.9462,0.9357,0.9427,521175.4
2026-04-26 05:00:00+00:00,0.9427,0.952,0.9413,0.9465,398400.8
2026-04-26 06:00:00+00:00,0.9465,0.9564,0.9465,0.9527,327657.2
2026-04-26 07:00:00+00:00,0.9527,0.9569,0.9495,0.9529,242181.2
2026-04-26 08:00:00+00:00,0.9529,0.953,0.9482,0.9495,251328.3
2026-04-26 09:00:00+00:00,0.9495,0.951,0.9476,0.9502,150594.1
2026-04-26 10:00:00+00:00,0.9502,0.9511,0.9482,0.9496,124869.1
2026-04-26 11:00:00+00:00,0.9496,0.9561,0.9478,0.9548,292123.3
2026-04-26 12:00:00+00:00,0.9548,0.9552,0.9436,0.9461,420892.2
2026-04-26 13:00:00+00:00,0.9461,0.9473,0.9369,0.9388,393029.3
2026-04-26 14:00:00+00:00,0.9388,0.9456,0.9374,0.9424,356487.9
2026-04-26 15:00:00+00:00,0.9424,0.9472,0.9414,0.9461,221622.6
2026-04-26 16:00:00+00:00,0.9461,0.9464,0.9406,0.9416,232597.5
2026-04-26 17:00:00+00:00,0.9416,0.9441,0.9382,0.9431,140541.5
2026-04-26 18:00:00+00:00,0.9431,0.9464,0.9412,0.9447,198285.3
2026-04-26 19:00:00+00:00,0.9447,0.9492,0.9441,0.9454,199075.3
2026-04-26 20:00:00+00:00,0.9454,0.9475,0.9426,0.943,91790.0
2026-04-26 21:00:00+00:00,0.943,0.9463,0.9373,0.9445,267131.1
2026-04-26 22:00:00+00:00,0.9445,0.9496,0.9393,0.942,305751.1
2026-04-26 23:00:00+00:00,0.942,0.9463,0.9399,0.9423,186957.6
2026-04-27 00:00:00+00:00,0.9423,0.9522,0.9401,0.951,458430.4
2026-04-27 01:00:00+00:00,0.951,0.9577,0.9475,0.9568,378446.8
2026-04-27 02:00:00+00:00,0.9568,0.9574,0.9497,0.9538,176571.7
2026-04-27 03:00:00+00:00,0.9538,0.9565,0.952,0.9521,133874.1
2026-04-27 04:00:00+00:00,0.9521,0.9534,0.9493,0.9509,186265.8
2026-04-27 05:00:00+00:00,0.9509,0.9514,0.9244,0.9295,1891438.0
2026-04-27 06:00:00+00:00,0.9295,0.931,0.9192,0.9238,595691.0
2026-04-27 07:00:00+00:00,0.9238,0.9257,0.92,0.9209,438459.4
2026-04-27 08:00:00+00:00,0.9209,0.924,0.9184,0.9222,294348.2
2026-04-27 09:00:00+00:00,0.9222,0.9262,0.9219,0.9245,386636.2
2026-04-27 10:00:00+00:00,0.9245,0.9272,0.9242,0.9247,153847.9
2026-04-27 11:00:00+00:00,0.9247,0.9262,0.9221,0.9243,138227.0
2026-04-27 12:00:00+00:00,0.9243,0.9252,0.9224,0.9239,104282.2
2026-04-27 13:00:00+00:00,0.9239,0.9256,0.9161,0.9188,298306.2
2026-04-27 14:00:00+00:00,0.9188,0.9291,0.9184,0.9237,249965.4
2026-04-27 15:00:00+00:00,0.9237,0.9241,0.8982,0.9053,1022009.2
2026-04-27 16:00:00+00:00,0.9053,0.9103,0.9028,0.9086,208364.8
2026-04-27 17:00:00+00:00,0.9086,0.9118,0.9064,0.9078,272211.7
2026-04-27 18:00:00+00:00,0.9078,0.9116,0.9067,0.9106,140790.5
2026-04-27 19:00:00+00:00,0.9106,0.9118,0.9053,0.9094,93741.3
2026-04-27 20:00:00+00:00,0.9094,0.9129,0.9094,0.9115,121840.9
2026-04-27 21:00:00+00:00,0.9115,0.9115,0.9086,0.9091,181459.5
2026-04-27 22:00:00+00:00,0.9091,0.9157,0.9088,0.9154,175393.9
2026-04-27 23:00:00+00:00,0.9154,0.9226,0.914,0.9216,250931.0
2026-04-28 00:00:00+00:00,0.9216,0.9221,0.9181,0.9204,227266.0
2026-04-28 01:00:00+00:00,0.9204,0.9214,0.9187,0.9196,68523.8
2026-04-28 02:00:00+00:00,0.9196,0.9218,0.9144,0.9173,158595.5
2026-04-28 03:00:00+00:00,0.9173,0.92,0.9153,0.9193,132226.2
2026-04-28 04:00:00+00:00,0.9193,0.9269,0.9191,0.9251,429584.4
2026-04-28 05:00:00+00:00,0.9251,0.9316,0.9243,0.9249,311610.3
2026-04-28 06:00:00+00:00,0.9249,0.9275,0.9191,0.9211,187130.9
2026-04-28 07:00:00+00:00,0.9211,0.9211,0.9152,0.9201,211343.3
2026-04-28 08:00:00+00:00,0.9201,0.9232,0.9178,0.9191,102005.1
2026-04-28 09:00:00+00:00,0.9191,0.9216,0.9156,0.9178,108792.4
2026-04-28 10:00:00+00:00,0.9178,0.9238,0.9173,0.9218,293263.9
2026-04-28 11:00:00+00:00,0.9218,0.9222,0.909,0.912,621436.9
2026-04-28 12:00:00+00:00,0.912,0.9155,0.9101,0.9145,417806.4
2026-04-28 13:00:00+00:00,0.9145,0.9171,0.9061,0.9139,430352.5
2026-04-28 14:00:00+00:00,0.9139,0.9145,0.9065,0.9145,214374.4
2026-04-28 15:00:00+00:00,0.9145,0.9183,0.914,0.9181,156442.8
2026-04-28 16:00:00+00:00,0.9181,0.9209,0.9151,0.916,258644.8
2026-04-28 17:00:00+00:00,0.916,0.9183,0.9119,0.9145,119599.6
2026-04-28 18:00:00+00:00,0.9145,0.919,0.9142,0.919,140932.6
2026-04-28 19:00:00+00:00,0.919,0.9227,0.917,0.9218,146377.4
2026-04-28 20:00:00+00:00,0.9218,0.9237,0.9207,0.9208,136584.1
2026-04-28 21:00:00+00:00,0.9208,0.9229,0.9189,0.9198,133112.4
2026-04-28 22:00:00+00:00,0.9198,0.9228,0.9171,0.9175,128235.1
2026-04-28 23:00:00+00:00,0.9175,0.9187,0.9156,0.9182,100030.6
2026-04-29 00:00:00+00:00,0.9182,0.9207,0.9172,0.9197,114249.2
2026-04-29 01:00:00+00:00,0.9197,0.9225,0.9175,0.9207,113166.0
2026-04-29 02:00:00+00:00,0.9207,0.9262,0.9187,0.9246,150946.7
2026-04-29 03:00:00+00:00,0.9246,0.9378,0.9244,0.9369,439779.7
2026-04-29 04:00:00+00:00,0.9369,0.9508,0.9355,0.9466,1045849.5
2026-04-29 05:00:00+00:00,0.9466,0.9474,0.9408,0.9444,287760.5
2026-04-29 06:00:00+00:00,0.9444,0.9449,0.9363,0.9387,334767.5
2026-04-29 07:00:00+00:00,0.9387,0.942,0.9371,0.9394,613167.2
2026-04-29 08:00:00+00:00,0.9394,0.9434,0.9381,0.9406,208934.1
2026-04-29 09:00:00+00:00,0.9406,0.9563,0.9382,0.9543,452913.0
2026-04-29 10:00:00+00:00,0.9543,0.9686,0.9543,0.9666,1238210.0
2026-04-29 11:00:00+00:00,0.9666,0.9903,0.9632,0.9745,2896396.0
2026-04-29 12:00:00+00:00,0.9745,0.9748,0.9473,0.9564,1350742.9
2026-04-29 13:00:00+00:00,0.9564,0.9597,0.9405,0.9499,829858.7
2026-04-29 14:00:00+00:00,0.9499,0.9501,0.9392,0.9403,467359.5
2026-04-29 15:00:00+00:00,0.9403,0.9429,0.9015,0.9074,3468331.0
2026-04-29 16:00:00+00:00,0.9074,0.9087,0.8874,0.8953,2637295.7
2026-04-29 17:00:00+00:00,0.8953,0.9084,0.8953,0.9082,863408.4
2026-04-29 18:00:00+00:00,0.9082,0.9089,0.8723,0.8913,2604252.9
2026-04-29 19:00:00+00:00,0.8913,0.8954,0.8879,0.8931,385011.1
2026-04-29 20:00:00+00:00,0.8931,0.9083,0.8921,0.9051,541845.4
2026-04-29 21:00:00+00:00,0.9051,0.9132,0.9028,0.9101,254693.8
2026-04-29 22:00:00+00:00,0.9101,0.917,0.9091,0.9146,453483.8
2026-04-29 23:00:00+00:00,0.9146,0.9175,0.9106,0.9149,241357.9
2026-04-30 00:00:00+00:00,0.9149,0.9286,0.9134,0.9262,609937.7
2026-04-30 01:00:00+00:00,0.9262,0.9359,0.9198,0.9321,722339.6
2026-04-30 02:00:00+00:00,0.9321,0.938,0.9192,0.9222,678010.3
2026-04-30 03:00:00+00:00,0.9222,0.9303,0.9201,0.9239,273321.2
2026-04-30 04:00:00+00:00,0.9239,0.9245,0.9103,0.912,524933.5
2026-04-30 05:00:00+00:00,0.912,0.9175,0.9084,0.9141,147247.8
2026-04-30 06:00:00+00:00,0.9141,0.9198,0.9117,0.9177,194381.7
2026-04-30 07:00:00+00:00,0.9177,0.9254,0.9166,0.924,179528.3
2026-04-30 08:00:00+00:00,0.924,0.926,0.9228,0.9232,112310.2
2026-04-30 09:00:00+00:00,0.9232,0.9318,0.9222,0.9285,245138.3
2026-04-30 10:00:00+00:00,0.9285,0.9301,0.9224,0.924,256993.9
2026-04-30 11:00:00+00:00,0.924,0.9296,0.9208,0.9266,290201.6
2026-04-30 12:00:00+00:00,0.9266,0.9338,0.9233,0.9235,243891.1
2026-04-30 13:00:00+00:00,0.9235,0.9261,0.9197,0.9217,329979.8
2026-04-30 14:00:00+00:00,0.9217,0.9274,0.9137,0.9147,475110.4
2026-04-30 15:00:00+00:00,0.9147,0.921,0.9125,0.9203,266882.2
2026-04-30 16:00:00+00:00,0.9203,0.9223,0.9179,0.9203,195369.5
2026-04-30 17:00:00+00:00,0.9203,0.9247,0.9187,0.9222,256925.5
2026-04-30 18:00:00+00:00,0.9222,0.9272,0.9207,0.9219,249130.0
2026-04-30 19:00:00+00:00,0.9219,0.9266,0.9206,0.9222,147540.4
2026-04-30 20:00:00+00:00,0.9222,0.9254,0.9207,0.9224,264884.0
2026-04-30 21:00:00+00:00,0.9224,0.9248,0.9197,0.9203,296152.6
2026-04-30 22:00:00+00:00,0.9203,0.9211,0.9162,0.9171,123806.7
2026-04-30 23:00:00+00:00,0.9171,0.9233,0.9163,0.9214,88701.7
2026-05-01 00:00:00+00:00,0.9214,0.9253,0.9208,0.9222,105926.6
2026-05-01 01:00:00+00:00,0.9222,0.9296,0.922,0.9287,235335.6
2026-05-01 02:00:00+00:00,0.9287,0.9296,0.9228,0.9258,115063.5
2026-05-01 03:00:00+00:00,0.9258,0.9385,0.9236,0.931,298122.1
2026-05-01 04:00:00+00:00,0.931,0.9356,0.9279,0.9293,236720.1
2026-05-01 05:00:00+00:00,0.9293,0.932,0.9276,0.928,229529.6
2026-05-01 06:00:00+00:00,0.928,0.9282,0.9222,0.9237,129245.3
2026-05-01 07:00:00+00:00,0.9237,0.9263,0.9216,0.9253,137557.3
2026-05-01 08:00:00+00:00,0.9253,0.927,0.9221,0.9241,193687.3
2026-05-01 09:00:00+00:00,0.9241,0.9244,0.9147,0.9175,358185.3
2026-05-01 10:00:00+00:00,0.9175,0.9199,0.9117,0.9196,188325.2
2026-05-01 11:00:00+00:00,0.9196,0.9223,0.9178,0.9189,106636.1
2026-05-01 12:00:00+00:00,0.9189,0.927,0.9184,0.9237,324763.2
2026-05-01 13:00:00+00:00,0.9237,0.9366,0.9237,0.9347,430113.6
2026-05-01 14:00:00+00:00,0.9347,0.9359,0.9259,0.93,362618.2
2026-05-01 15:00:00+00:00,0.93,0.9332,0.9218,0.9304,422388.8
2026-05-01 16:00:00+00:00,0.9304,0.9348,0.9272,0.9326,328106.9
2026-05-01 17:00:00+00:00,0.9326,0.9326,0.9261,0.9292,197731.2
2026-05-01 18:00:00+00:00,0.9292,0.9303,0.925,0.9287,163938.2
2026-05-01 19:00:00+00:00,0.9287,0.931,0.9245,0.9253,122060.6
2026-05-01 20:00:00+00:00,0.9253,0.9267,0.9154,0.9182,211940.5
2026-05-01 21:00:00+00:00,0.9182,0.9225,0.9168,0.9209,138723.3
2026-05-01 22:00:00+00:00,0.9209,0.9246,0.9182,0.9186,125681.9
2026-05-01 23:00:00+00:00,0.9186,0.9192,0.9143,0.9182,100601.5
2026-05-02 00:00:00+00:00,0.9182,0.9219,0.9167,0.9206,329887.3
2026-05-02 01:00:00+00:00,0.9206,0.9229,0.9189,0.9217,208997.6
2026-05-02 02:00:00+00:00,0.9217,0.9221,0.918,0.9182,83700.8
2026-05-02 03:00:00+00:00,0.9182,0.9205,0.9162,0.919,109582.8
2026-05-02 04:00:00+00:00,0.919,0.9191,0.9134,0.9151,139137.8
2026-05-02 05:00:00+00:00,0.9151,0.9182,0.9122,0.9148,141842.9
2026-05-02 06:00:00+00:00,0.9148,0.9174,0.9131,0.9167,145960.6
2026-05-02 07:00:00+00:00,0.9167,0.9178,0.915,0.9155,49712.8
2026-05-02 08:00:00+00:00,0.9155,0.9156,0.9134,0.9146,80272.5
2026-05-02 09:00:00+00:00,0.9146,0.92,0.9146,0.9181,118934.5
2026-05-02 10:00:00+00:00,0.9181,0.9192,0.9172,0.9189,51943.1
2026-05-02 11:00:00+00:00,0.9189,0.9189,0.9138,0.9157,88290.7
2026-05-02 12:00:00+00:00,0.9157,0.9183,0.9146,0.9157,109226.4
2026-05-02 13:00:00+00:00,0.9157,0.9221,0.9157,0.9211,127552.2
2026-05-02 14:00:00+00:00,0.9211,0.9247,0.9198,0.9238,159434.5
2026-05-02 15:00:00+00:00,0.9238,0.9297,0.9224,0.9288,144501.1
2026-05-02 16:00:00+00:00,0.9288,0.9311,0.9259,0.9303,195050.4
2026-05-02 17:00:00+00:00,0.9303,0.9311,0.9273,0.928,113373.4
2026-05-02 18:00:00+00:00,0.928,0.9336,0.9251,0.931,156675.6
2026-05-02 19:00:00+00:00,0.931,0.9347,0.9303,0.934,158075.4
2026-05-02 20:00:00+00:00,0.934,0.9353,0.9329,0.9342,80120.6
2026-05-02 21:00:00+00:00,0.9342,0.9407,0.9316,0.9346,166604.9
2026-05-02 22:00:00+00:00,0.9346,0.9364,0.9315,0.9334,86949.4
2026-05-02 23:00:00+00:00,0.9334,0.9352,0.9293,0.9318,188786.5
2026-05-03 00:00:00+00:00,0.9318,0.9322,0.9254,0.9276,235128.8
2026-05-03 01:00:00+00:00,0.9276,0.9276,0.915,0.9171,361878.6
2026-05-03 02:00:00+00:00,0.9171,0.9186,0.9136,0.9171,182603.1
2026-05-03 03:00:00+00:00,0.9171,0.9188,0.9144,0.9169,71714.0
2026-05-03 04:00:00+00:00,0.9169,0.9194,0.9155,0.9166,124573.3
2026-05-03 05:00:00+00:00,0.9166,0.9192,0.9157,0.9178,92357.6
2026-05-03 06:00:00+00:00,0.9178,0.9205,0.9145,0.9174,155065.8
2026-05-03 07:00:00+00:00,0.9174,0.9218,0.9173,0.919,138766.2
2026-05-03 08:00:00+00:00,0.919,0.9212,0.9174,0.9174,69575.3
2026-05-03 09:00:00+00:00,0.9174,0.9207,0.9163,0.9194,130245.3
2026-05-03 10:00:00+00:00,0.9194,0.9215,0.9167,0.9167,57161.1
2026-05-03 11:00:00+00:00,0.9167,0.9273,0.9155,0.9231,202197.3
2026-05-03 12:00:00+00:00,0.9231,0.9296,0.9231,0.9258,117932.4
2026-05-03 13:00:00+00:00,0.9258,0.9263,0.9229,0.9231,82189.1
2026-05-03 14:00:00+00:00,0.9231,0.9248,0.9214,0.9236,62048.5
2026-05-03 15:00:00+00:00,0.9236,0.9272,0.9232,0.9247,60689.1
2026-05-03 16:00:00+00:00,0.9247,0.9261,0.9233,0.9244,43554.2
2026-05-03 17:00:00+00:00,0.9244,0.9278,0.9195,0.9258,111573.7
2026-05-03 18:00:00+00:00,0.9258,0.9277,0.9241,0.9258,39225.9
2026-05-03 19:00:00+00:00,0.9258,0.9289,0.9251,0.9273,79686.5
2026-05-03 20:00:00+00:00,0.9273,0.9339,0.9271,0.9294,151247.2
2026-05-03 21:00:00+00:00,0.9294,0.9318,0.9213,0.9249,134925.0
2026-05-03 22:00:00+00:00,0.9249,0.9357,0.9249,0.9334,297189.4
2026-05-03 23:00:00+00:00,0.9334,0.9341,0.9224,0.9227,311925.4
2026-05-04 00:00:00+00:00,0.9227,0.9269,0.9134,0.9254,534166.3
2026-05-04 01:00:00+00:00,0.9254,0.9481,0.9235,0.9469,695826.6
2026-05-04 02:00:00+00:00,0.9469,0.9745,0.9459,0.9682,992248.9
2026-05-04 03:00:00+00:00,0.9682,0.9743,0.9627,0.9705,825350.6
2026-05-04 04:00:00+00:00,0.9705,0.9728,0.9626,0.9637,495571.7
2026-05-04 05:00:00+00:00,0.9637,0.9637,0.9533,0.9601,357519.3
2026-05-04 06:00:00+00:00,0.9601,0.9609,0.9468,0.9566,293913.3
2026-05-04 07:00:00+00:00,0.9566,0.9582,0.9507,0.9516,147148.0
2026-05-04 08:00:00+00:00,0.9516,0.9522,0.9478,0.949,179394.9
2026-05-04 09:00:00+00:00,0.949,0.9565,0.947,0.9545,213192.2
2026-05-04 10:00:00+00:00,0.9545,0.9549,0.9226,0.9326,1467769.7
2026-05-04 11:00:00+00:00,0.9326,0.9375,0.9296,0.934,281312.3
2026-05-04 12:00:00+00:00,0.934,0.9373,0.9317,0.9325,140797.2
2026-05-04 13:00:00+00:00,0.9325,0.9369,0.9275,0.9336,367061.0
2026-05-04 14:00:00+00:00,0.9336,0.9503,0.9275,0.9471,719573.1
2026-05-04 15:00:00+00:00,0.9471,0.9476,0.9259,0.9325,818359.4
2026-05-04 16:00:00+00:00,0.9325,0.939,0.9256,0.9324,528310.8
2026-05-04 17:00:00+00:00,0.9324,0.947,0.9318,0.9427,280079.1
2026-05-04 18:00:00+00:00,0.9427,0.9464,0.9379,0.9446,167519.3
2026-05-04 19:00:00+00:00,0.9446,0.9452,0.9355,0.9386,186664.4
2026-05-04 20:00:00+00:00,0.9386,0.9389,0.9317,0.9336,214771.0
2026-05-04 21:00:00+00:00,0.9336,0.949,0.9336,0.9451,291218.2
2026-05-04 22:00:00+00:00,0.9451,0.9479,0.9362,0.9371,108238.1
2026-05-04 23:00:00+00:00,0.9371,0.9371,0.9319,0.9338,120322.8
2026-05-05 00:00:00+00:00,0.9338,0.9372,0.9318,0.9346,237085.5
2026-05-05 01:00:00+00:00,0.9346,0.9416,0.9326,0.9387,222412.0
2026-05-05 02:00:00+00:00,0.9387,0.9453,0.9373,0.9401,185685.2
2026-05-05 03:00:00+00:00,0.9401,0.9475,0.9391,0.944,118321.7
2026-05-05 04:00:00+00:00,0.944,0.947,0.9419,0.9439,129902.3
2026-05-05 05:00:00+00:00,0.9439,0.9483,0.943,0.9466,114343.4
2026-05-05 06:00:00+00:00,0.9466,0.9509,0.9444,0.9499,192233.3
2026-05-05 07:00:00+00:00,0.9499,0.957,0.9487,0.9541,179937.5
2026-05-05 08:00:00+00:00,0.9541,0.9591,0.9531,0.9565,285586.8
2026-05-05 09:00:00+00:00,0.9565,0.9567,0.9505,0.9522,317766.4
2026-05-05 10:00:00+00:00,0.9522,0.9587,0.9508,0.9553,256927.1
2026-05-05 11:00:00+00:00,0.9553,0.9563,0.9479,0.9554,330920.6
2026-05-05 12:00:00+00:00,0.9554,0.9571,0.9531,0.9546,144317.5
2026-05-05 13:00:00+00:00,0.9546,0.9613,0.9525,0.9573,352819.2
2026-05-05 14:00:00+00:00,0.9573,0.9634,0.9489,0.9544,412383.6
2026-05-05 15:00:00+00:00,0.9544,0.9589,0.9519,0.9553,141529.9
2026-05-05 16:00:00+00:00,0.9553,0.9609,0.939,0.947,564091.9
2026-05-05 17:00:00+00:00,0.947,0.95,0.9431,0.9497,237654.5
2026-05-05 18:00:00+00:00,0.9497,0.9534,0.9485,0.9506,99446.9
2026-05-05 19:00:00+00:00,0.9506,0.9583,0.9504,0.9572,164816.0
2026-05-05 20:00:00+00:00,0.9572,0.9923,0.9572,0.9881,1388289.6
2026-05-05 21:00:00+00:00,0.9881,0.9985,0.9832,0.9833,877145.8
2026-05-05 22:00:00+00:00,0.9833,0.9858,0.9709,0.974,603516.8
2026-05-05 23:00:00+00:00,0.974,0.977,0.9669,0.9732,238854.6
2026-05-06 00:00:00+00:00,0.9732,0.9836,0.97,0.9804,624142.8
2026-05-06 01:00:00+00:00,0.9804,1.0366,0.9787,1.0335,2697206.5
2026-05-06 02:00:00+00:00,1.0335,1.0439,1.0042,1.0344,4176638.9
2026-05-06 03:00:00+00:00,1.0344,1.123,1.0332,1.1165,6920294.3
2026-05-06 04:00:00+00:00,1.1165,1.1591,1.1026,1.1444,6449778.3
2026-05-06 05:00:00+00:00,1.1444,1.1447,1.0872,1.1144,5939365.3
2026-05-06 06:00:00+00:00,1.1144,1.1173,1.0736,1.0846,2901728.4
2026-05-06 07:00:00+00:00,1.0846,1.0988,1.0672,1.0701,2116988.9
2026-05-06 08:00:00+00:00,1.0701,1.1112,1.0651,1.1027,2371383.5
2026-05-06 09:00:00+00:00,1.1027,1.1301,1.0835,1.1155,3020300.3
2026-05-06 10:00:00+00:00,1.1155,1.1304,1.1105,1.1205,1735722.7
2026-05-06 11:00:00+00:00,1.1205,1.1289,1.0983,1.1029,1740861.7
2026-05-06 12:00:00+00:00,1.1029,1.1057,1.0837,1.0893,1631497.0
2026-05-06 13:00:00+00:00,1.0893,1.0919,1.0557,1.0619,2563726.8
2026-05-06 14:00:00+00:00,1.0619,1.0659,1.0415,1.0545,1898779.2
2026-05-06 15:00:00+00:00,1.0545,1.0721,1.051,1.0688,990969.1
2026-05-06 16:00:00+00:00,1.0688,1.0814,1.0597,1.0766,809678.7
2026-05-06 17:00:00+00:00,1.0766,1.0796,1.0575,1.0633,532596.5
2026-05-06 18:00:00+00:00,1.0633,1.0671,1.057,1.061,356400.8
2026-05-06 19:00:00+00:00,1.061,1.069,1.0566,1.0663,281944.0
2026-05-06 20:00:00+00:00,1.0663,1.0795,1.0659,1.075,512363.3
2026-05-06 21:00:00+00:00,1.075,1.0945,1.0732,1.0899,706313.4
2026-05-06 22:00:00+00:00,1.0899,1.0928,1.0714,1.089,798416.6
2026-05-06 23:00:00+00:00,1.089,1.1144,1.076,1.1136,1462393.3
2026-05-07 00:00:00+00:00,1.1136,1.1239,1.0787,1.0857,3281815.5
2026-05-07 01:00:00+00:00,1.0857,1.0867,1.0552,1.057,1906425.1
2026-05-07 02:00:00+00:00,1.057,1.0668,1.0468,1.0612,1086544.9
2026-05-07 03:00:00+00:00,1.0612,1.0977,1.06,1.0712,1658832.8
2026-05-07 04:00:00+00:00,1.0712,1.112,1.0678,1.0872,1982995.9
2026-05-07 05:00:00+00:00,1.0872,1.0954,1.0816,1.0822,879433.8
2026-05-07 06:00:00+00:00,1.0822,1.1089,1.0679,1.1069,1064483.8
2026-05-07 07:00:00+00:00,1.1069,1.1106,1.0861,1.0919,722953.9
2026-05-07 08:00:00+00:00,1.0919,1.1123,1.0889,1.0997,1457044.0
2026-05-07 09:00:00+00:00,1.0997,1.1113,1.0879,1.0984,1297487.2
2026-05-07 10:00:00+00:00,1.0984,1.1098,1.0832,1.0954,1242896.1
2026-05-07 11:00:00+00:00,1.0954,1.1044,1.0877,1.0966,1189164.9
2026-05-07 12:00:00+00:00,1.0966,1.1239,1.0948,1.1021,2402233.7
2026-05-07 13:00:00+00:00,1.1021,1.1069,1.0768,1.0812,1668652.3
2026-05-07 14:00:00+00:00,1.0812,1.085,1.0588,1.0689,1600060.0
2026-05-07 15:00:00+00:00,1.0689,1.076,1.059,1.0617,797466.6
2026-05-07 16:00:00+00:00,1.0617,1.067,1.0548,1.0615,795263.5
2026-05-07 17:00:00+00:00,1.0615,1.0712,1.0562,1.0651,526694.7
2026-05-07 18:00:00+00:00,1.0651,1.0808,1.0631,1.0675,609112.0
2026-05-07 19:00:00+00:00,1.0675,1.086,1.0649,1.0795,784294.0
2026-05-07 20:00:00+00:00,1.0795,1.0896,1.0759,1.0768,508617.3
2026-05-07 21:00:00+00:00,1.0768,1.0884,1.0726,1.0783,317929.1
2026-05-07 22:00:00+00:00,1.0783,1.0815,1.0689,1.0753,291407.9
2026-05-07 23:00:00+00:00,1.0753,1.1062,1.0742,1.098,729181.3
2026-05-08 00:00:00+00:00,1.098,1.1057,1.0838,1.0919,976828.0
2026-05-08 01:00:00+00:00,1.0919,1.1125,1.09,1.1034,673333.1
2026-05-08 02:00:00+00:00,1.1034,1.1126,1.0869,1.102,744287.9
2026-05-08 03:00:00+00:00,1.102,1.1087,1.0844,1.0934,618153.4
2026-05-08 04:00:00+00:00,1.0934,1.1109,1.0896,1.0947,764290.5
2026-05-08 05:00:00+00:00,1.0947,1.1045,1.0879,1.0901,637767.6
2026-05-08 06:00:00+00:00,1.0901,1.1119,1.0836,1.1045,901335.4
2026-05-08 07:00:00+00:00,1.1045,1.1058,1.088,1.1006,1235068.4
2026-05-08 08:00:00+00:00,1.1006,1.103,1.0874,1.0953,795111.6
2026-05-08 09:00:00+00:00,1.0953,1.1107,1.091,1.0988,1246797.3
2026-05-08 10:00:00+00:00,1.0988,1.1058,1.0923,1.0934,617099.9
2026-05-08 11:00:00+00:00,1.0934,1.1081,1.0859,1.1063,717121.5
2026-05-08 12:00:00+00:00,1.1063,1.1209,1.0813,1.0941,1381645.1
2026-05-08 13:00:00+00:00,1.0941,1.0956,1.0718,1.08,1229830.9
2026-05-08 14:00:00+00:00,1.08,1.1182,1.0788,1.1081,1326088.1
2026-05-08 15:00:00+00:00,1.1081,1.2661,1.1067,1.2454,6183245.4
2026-05-08 16:00:00+00:00,1.2454,1.2502,1.1813,1.2163,5127888.4
2026-05-08 17:00:00+00:00,1.2163,1.2394,1.1927,1.2108,2043058.6
2026-05-08 18:00:00+00:00,1.2108,1.2153,1.1866,1.1878,1126527.1
2026-05-08 19:00:00+00:00,1.1878,1.2083,1.1756,1.2056,1140908.4
2026-05-08 20:00:00+00:00,1.2056,1.2361,1.203,1.211,1444164.4
2026-05-08 21:00:00+00:00,1.211,1.2635,1.2108,1.244,1464761.3
2026-05-08 22:00:00+00:00,1.244,1.2958,1.2429,1.2802,1781546.0
2026-05-08 23:00:00+00:00,1.2802,1.3208,1.2763,1.2862,2285695.2
2026-05-09 00:00:00+00:00,1.2862,1.2943,1.2569,1.2622,1669240.0
2026-05-09 01:00:00+00:00,1.2622,1.2944,1.2539,1.2742,1406428.4
2026-05-09 02:00:00+00:00,1.2742,1.3119,1.2648,1.2909,1169367.0
2026-05-09 03:00:00+00:00,1.2909,1.3189,1.2702,1.2799,1705873.7
2026-05-09 04:00:00+00:00,1.2799,1.2846,1.2478,1.2527,1041235.9
2026-05-09 05:00:00+00:00,1.2527,1.2727,1.2504,1.264,566947.7
2026-05-09 06:00:00+00:00,1.264,1.2894,1.2617,1.2705,973903.7
2026-05-09 07:00:00+00:00,1.2705,1.2728,1.2565,1.2658,542296.3
2026-05-09 08:00:00+00:00,1.2658,1.2754,1.2597,1.2692,481915.8
2026-05-09 09:00:00+00:00,1.2692,1.2747,1.2101,1.2303,2640844.1
2026-05-09 10:00:00+00:00,1.2303,1.235,1.224,1.2283,487107.4
2026-05-09 11:00:00+00:00,1.2283,1.2325,1.2216,1.2267,588085.6
2026-05-09 12:00:00+00:00,1.2267,1.2323,1.2167,1.2232,636153.0
2026-05-09 13:00:00+00:00,1.2232,1.2324,1.2197,1.2245,447712.4
2026-05-09 14:00:00+00:00,1.2245,1.2261,1.2058,1.2074,932996.6
2026-05-09 15:00:00+00:00,1.2074,1.2106,1.1928,1.2037,1258634.4
2026-05-09 16:00:00+00:00,1.2037,1.2119,1.2014,1.2078,460767.7
2026-05-09 17:00:00+00:00,1.2078,1.2222,1.2078,1.2193,535166.5
2026-05-09 18:00:00+00:00,1.2193,1.2233,1.2147,1.2197,218728.0
2026-05-09 19:00:00+00:00,1.2197,1.2209,1.2143,1.219,132545.7
2026-05-09 20:00:00+00:00,1.219,1.2206,1.2156,1.2163,145395.9
2026-05-09 21:00:00+00:00,1.2163,1.2206,1.2134,1.2163,201549.6
2026-05-09 22:00:00+00:00,1.2163,1.2239,1.2153,1.2195,250869.9
2026-05-09 23:00:00+00:00,1.2195,1.222,1.1968,1.1994,413743.3
2026-05-10 00:00:00+00:00,1.1994,1.201,1.1823,1.1877,915288.8
2026-05-10 01:00:00+00:00,1.1877,1.1928,1.1827,1.191,588951.5
2026-05-10 02:00:00+00:00,1.191,1.2077,1.187,1.203,316661.8
2026-05-10 03:00:00+00:00,1.203,1.205,1.1938,1.1999,339305.4
2026-05-10 04:00:00+00:00,1.1999,1.2014,1.1891,1.1929,339852.0
2026-05-10 05:00:00+00:00,1.1929,1.1934,1.1842,1.1848,220211.0
2026-05-10 06:00:00+00:00,1.1848,1.1881,1.1749,1.1825,374553.0
2026-05-10 07:00:00+00:00,1.1825,1.1851,1.1709,1.177,444158.8
2026-05-10 08:00:00+00:00,1.177,1.1853,1.1749,1.1841,274897.7
2026-05-10 09:00:00+00:00,1.1841,1.1862,1.1738,1.1743,444498.7
2026-05-10 10:00:00+00:00,1.1743,1.1816,1.1648,1.1798,553131.3
2026-05-10 11:00:00+00:00,1.1798,1.1838,1.1732,1.1735,488869.2
2026-05-10 12:00:00+00:00,1.1735,1.175,1.1679,1.1736,453139.9
2026-05-10 13:00:00+00:00,1.1736,1.1766,1.1678,1.1726,265696.8
2026-05-10 14:00:00+00:00,1.1726,1.1763,1.1641,1.1734,583850.8
2026-05-10 15:00:00+00:00,1.1734,1.1797,1.1696,1.178,471114.5
2026-05-10 16:00:00+00:00,1.178,1.1848,1.1757,1.1796,594556.8
2026-05-10 17:00:00+00:00,1.1796,1.1888,1.1751,1.1884,547629.0
2026-05-10 18:00:00+00:00,1.1884,1.1915,1.1815,1.1883,462441.9
2026-05-10 19:00:00+00:00,1.1883,1.1936,1.1811,1.1869,377434.4
2026-05-10 20:00:00+00:00,1.1869,1.1897,1.1061,1.1199,3744207.8
2026-05-10 21:00:00+00:00,1.1199,1.1288,1.11,1.1197,1347021.5
2026-05-10 22:00:00+00:00,1.1197,1.1459,1.117,1.1437,808551.9
2026-05-10 23:00:00+00:00,1.1437,1.1541,1.1415,1.1465,828959.1
2026-05-11 00:00:00+00:00,1.1465,1.1582,1.137,1.1411,794990.4
2026-05-11 01:00:00+00:00,1.1411,1.1459,1.1334,1.1411,560299.8
2026-05-11 02:00:00+00:00,1.1411,1.1431,1.1262,1.1383,680275.6
2026-05-11 03:00:00+00:00,1.1383,1.1391,1.118,1.133,570402.4
2026-05-11 04:00:00+00:00,1.133,1.1366,1.1268,1.1361,215406.9
2026-05-11 05:00:00+00:00,1.1361,1.1515,1.1361,1.1473,619761.0
2026-05-11 06:00:00+00:00,1.1473,1.148,1.1377,1.1389,352112.5
2026-05-11 07:00:00+00:00,1.1389,1.1389,1.1301,1.1364,265559.8
2026-05-11 08:00:00+00:00,1.1364,1.1369,1.1202,1.1269,743279.4
2026-05-11 09:00:00+00:00,1.1269,1.1331,1.1258,1.13,261709.8
2026-05-11 10:00:00+00:00,1.13,1.1389,1.1261,1.1282,592729.5
2026-05-11 11:00:00+00:00,1.1282,1.134,1.124,1.1323,441677.2
2026-05-11 12:00:00+00:00,1.1323,1.1335,1.1224,1.1252,431570.2
2026-05-11 13:00:00+00:00,1.1252,1.1354,1.1184,1.1304,638275.0
2026-05-11 14:00:00+00:00,1.1304,1.1359,1.1182,1.1226,738324.3
2026-05-11 15:00:00+00:00,1.1226,1.1413,1.1192,1.1372,457563.4
2026-05-11 16:00:00+00:00,1.1372,1.1436,1.1315,1.1383,609693.8
2026-05-11 17:00:00+00:00,1.1383,1.1425,1.1301,1.1396,361196.2
2026-05-11 18:00:00+00:00,1.1396,1.1435,1.1273,1.1288,397959.2
2026-05-11 19:00:00+00:00,1.1288,1.1363,1.1277,1.1352,297534.6
2026-05-11 20:00:00+00:00,1.1352,1.141,1.1277,1.1309,190844.1
2026-05-11 21:00:00+00:00,1.1309,1.135,1.1271,1.1281,224729.5
2026-05-11 22:00:00+00:00,1.1281,1.1321,1.1247,1.1283,121154.2
2026-05-11 23:00:00+00:00,1.1283,1.1309,1.1221,1.127,178903.8
2026-05-12 00:00:00+00:00,1.127,1.1311,1.1204,1.1296,215837.1
2026-05-12 01:00:00+00:00,1.1296,1.1309,1.0915,1.1059,1886185.5
2026-05-12 02:00:00+00:00,1.1059,1.1111,1.0995,1.1079,541054.2
2026-05-12 03:00:00+00:00,1.1079,1.1105,1.1021,1.1053,309921.9
2026-05-12 04:00:00+00:00,1.1053,1.1107,1.1002,1.1078,365030.9
2026-05-12 05:00:00+00:00,1.1078,1.1157,1.107,1.1123,228474.7
2026-05-12 06:00:00+00:00,1.1123,1.1172,1.1098,1.11,205414.4
2026-05-12 07:00:00+00:00,1.11,1.1169,1.1029,1.1084,291963.5
2026-05-12 08:00:00+00:00,1.1084,1.111,1.1037,1.1059,298782.6
2026-05-12 09:00:00+00:00,1.1059,1.1126,1.1019,1.1093,463377.0
2026-05-12 10:00:00+00:00,1.1093,1.1103,1.099,1.1044,402363.0
2026-05-12 11:00:00+00:00,1.1044,1.1057,1.0963,1.0993,440467.5
2026-05-12 12:00:00+00:00,1.0993,1.1028,1.085,1.0972,745305.2
2026-05-12 13:00:00+00:00,1.0972,1.1028,1.0845,1.0893,606493.1
2026-05-12 14:00:00+00:00,1.0893,1.098,1.0772,1.0845,949623.6
2026-05-12 15:00:00+00:00,1.0845,1.0883,1.0752,1.0789,483354.2
2026-05-12 16:00:00+00:00,1.0789,1.0844,1.0673,1.0724,446805.8
2026-05-12 17:00:00+00:00,1.0724,1.0856,1.0724,1.0828,330871.1
2026-05-12 18:00:00+00:00,1.0828,1.0978,1.0804,1.092,370623.6
2026-05-12 19:00:00+00:00,1.092,1.1008,1.092,1.0964,303327.4
2026-05-12 20:00:00+00:00,1.0964,1.099,1.0921,1.094,243312.3
2026-05-12 21:00:00+00:00,1.094,1.098,1.0915,1.0957,338378.4
2026-05-12 22:00:00+00:00,1.0957,1.1015,1.0957,1.0972,173408.5
2026-05-12 23:00:00+00:00,1.0972,1.0987,1.09,1.0918,274136.9
2026-05-13 00:00:00+00:00,1.0918,1.0981,1.0908,1.0969,284719.9
2026-05-13 01:00:00+00:00,1.0969,1.1137,1.0967,1.1058,369331.1
2026-05-13 02:00:00+00:00,1.1058,1.1129,1.1055,1.1104,137042.6
2026-05-13 03:00:00+00:00,1.1104,1.1104,1.1049,1.1066,200021.1
2026-05-13 04:00:00+00:00,1.1066,1.1091,1.1029,1.1042,197624.5
2026-05-13 05:00:00+00:00,1.1042,1.1051,1.0845,1.0907,408616.3
2026-05-13 06:00:00+00:00,1.0907,1.0968,1.0888,1.0962,204524.6
2026-05-13 07:00:00+00:00,1.0962,1.1004,1.0957,1.0995,122266.1
2026-05-13 08:00:00+00:00,1.0995,1.1067,1.0961,1.1028,236639.7
2026-05-13 09:00:00+00:00,1.1028,1.1102,1.1022,1.1085,219796.7
2026-05-13 10:00:00+00:00,1.1085,1.1089,1.0947,1.0967,577270.9
2026-05-13 11:00:00+00:00,1.0967,1.0983,1.0862,1.09,459984.7
2026-05-13 12:00:00+00:00,1.09,1.0926,1.0535,1.0673,1695136.7
2026-05-13 13:00:00+00:00,1.0673,1.0745,1.054,1.059,513543.7
2026-05-13 14:00:00+00:00,1.059,1.0657,1.0516,1.0578,392122.7
2026-05-13 15:00:00+00:00,1.0578,1.0618,1.0295,1.0337,1242818.4
2026-05-13 16:00:00+00:00,1.0337,1.0539,1.0336,1.0489,491477.1
2026-05-13 17:00:00+00:00,1.0489,1.0529,1.0457,1.049,201287.8
2026-05-13 18:00:00+00:00,1.049,1.0567,1.049,1.0513,166000.9
2026-05-13 19:00:00+00:00,1.0513,1.0523,1.0403,1.0435,277218.5
2026-05-13 20:00:00+00:00,1.0435,1.049,1.043,1.0469,148687.0
2026-05-13 21:00:00+00:00,1.0469,1.0477,1.0393,1.0406,331722.7
2026-05-13 22:00:00+00:00,1.0406,1.049,1.0381,1.0477,161671.6
2026-05-13 23:00:00+00:00,1.0477,1.0492,1.0451,1.0468,155029.8
2026-05-14 00:00:00+00:00,1.0468,1.0521,1.045,1.05,288273.3
2026-05-14 01:00:00+00:00,1.05,1.0531,1.0461,1.0464,144004.0
2026-05-14 02:00:00+00:00,1.0464,1.0504,1.0427,1.0433,141464.4
2026-05-14 03:00:00+00:00,1.0433,1.0452,1.025,1.0301,659671.6
2026-05-14 04:00:00+00:00,1.0301,1.0405,1.0271,1.0393,262672.2
2026-05-14 05:00:00+00:00,1.0393,1.045,1.0382,1.0416,165072.6
2026-05-14 06:00:00+00:00,1.0416,1.0494,1.0389,1.043,237975.1
2026-05-14 07:00:00+00:00,1.043,1.0445,1.0377,1.0385,242763.6
2026-05-14 08:00:00+00:00,1.0385,1.0444,1.0313,1.0411,435631.5
2026-05-14 09:00:00+00:00,1.0411,1.0443,1.0364,1.0387,130654.8
2026-05-14 10:00:00+00:00,1.0387,1.0445,1.0346,1.0434,256579.8
2026-05-14 11:00:00+00:00,1.0434,1.0439,1.0325,1.0333,175585.9
2026-05-14 12:00:00+00:00,1.0333,1.0432,1.0324,1.0416,289046.1
2026-05-14 13:00:00+00:00,1.0416,1.0474,1.0391,1.0412,268342.7
2026-05-14 14:00:00+00:00,1.0412,1.0597,1.0372,1.0586,589807.0
2026-05-14 15:00:00+00:00,1.0586,1.0625,1.0534,1.0608,422093.2
2026-05-14 16:00:00+00:00,1.0608,1.0642,1.0505,1.0626,451215.9
2026-05-14 17:00:00+00:00,1.0626,1.0668,1.0525,1.0553,354621.1
2026-05-14 18:00:00+00:00,1.0553,1.0674,1.0494,1.0649,330324.9
2026-05-14 19:00:00+00:00,1.0649,1.0675,1.057,1.0588,199082.0
2026-05-14 20:00:00+00:00,1.0588,1.0606,1.0522,1.0573,159848.1
2026-05-14 21:00:00+00:00,1.0573,1.0613,1.0535,1.0587,98897.1
2026-05-14 22:00:00+00:00,1.0587,1.0639,1.0562,1.0587,136025.2
2026-05-14 23:00:00+00:00,1.0587,1.0587,1.0504,1.0531,162739.2
2026-05-15 00:00:00+00:00,1.0531,1.0659,1.053,1.0627,244292.9
2026-05-15 01:00:00+00:00,1.0627,1.0638,1.05,1.0509,216495.4
2026-05-15 02:00:00+00:00,1.0509,1.054,1.036,1.0525,571055.7
2026-05-15 03:00:00+00:00,1.0525,1.0557,1.0479,1.0494,114141.0
2026-05-15 04:00:00+00:00,1.0494,1.0494,1.031,1.0344,255596.3
2026-05-15 05:00:00+00:00,1.0344,1.0388,1.0128,1.0208,934429.7
2026-05-15 06:00:00+00:00,1.0208,1.0333,1.0197,1.0321,230596.2
2026-05-15 07:00:00+00:00,1.0321,1.0399,1.0297,1.0333,212761.4
2026-05-15 08:00:00+00:00,1.0333,1.0336,1.0246,1.0298,194978.4
2026-05-15 09:00:00+00:00,1.0298,1.0302,1.0241,1.027,174386.1
2026-05-15 10:00:00+00:00,1.027,1.0348,1.0246,1.0323,181256.6
2026-05-15 11:00:00+00:00,1.0323,1.0342,1.0287,1.0323,182809.0
2026-05-15 12:00:00+00:00,1.0323,1.0347,1.027,1.0282,246084.4
2026-05-15 13:00:00+00:00,1.0282,1.0284,0.9822,0.9874,1904374.7
2026-05-15 14:00:00+00:00,0.9874,1.0017,0.9778,0.9954,847338.1
2026-05-15 15:00:00+00:00,0.9954,0.9993,0.9877,0.9953,388148.4
2026-05-15 16:00:00+00:00,0.9953,1.0075,0.9943,1.0056,447157.8
2026-05-15 17:00:00+00:00,1.0056,1.0177,1.0047,1.0166,319977.2
2026-05-15 18:00:00+00:00,1.0166,1.0192,1.0108,1.0152,371937.3
2026-05-15 19:00:00+00:00,1.0152,1.0156,1.0083,1.0087,230132.3
2026-05-15 20:00:00+00:00,1.0087,1.0099,1.0035,1.0048,269875.4
2026-05-15 21:00:00+00:00,1.0048,1.0076,1.0016,1.0027,194124.0
2026-05-15 22:00:00+00:00,1.0027,1.009,1.0027,1.008,127208.4
2026-05-15 23:00:00+00:00,1.008,1.0128,1.0079,1.0095,166634.1
2026-05-16 00:00:00+00:00,1.0095,1.0214,1.0082,1.0185,291594.3
2026-05-16 01:00:00+00:00,1.0185,1.0193,1.0111,1.0148,221033.3
2026-05-16 02:00:00+00:00,1.0148,1.0159,1.0116,1.0155,156410.7
2026-05-16 03:00:00+00:00,1.0155,1.0171,1.0096,1.0126,93707.3
2026-05-16 04:00:00+00:00,1.0126,1.0128,0.9968,1.0029,402194.6
2026-05-16 05:00:00+00:00,1.0029,1.0065,0.9984,1.0001,199954.5
2026-05-16 06:00:00+00:00,1.0001,1.0005,0.9792,0.9875,839446.6
2026-05-16 07:00:00+00:00,0.9875,0.9875,0.9567,0.9741,1548902.9
2026-05-16 08:00:00+00:00,0.9741,0.9779,0.9702,0.9704,268409.8
2026-05-16 09:00:00+00:00,0.9704,0.9731,0.9474,0.9595,1038416.9
2026-05-16 10:00:00+00:00,0.9595,0.9642,0.9531,0.9634,355022.8
2026-05-16 11:00:00+00:00,0.9634,0.9698,0.9634,0.9679,239108.7
2026-05-16 12:00:00+00:00,0.9679,0.9717,0.9655,0.97,274490.6
2026-05-16 13:00:00+00:00,0.97,0.9744,0.9683,0.9703,154432.7
2026-05-16 14:00:00+00:00,0.9703,0.9785,0.9687,0.973,183382.5
2026-05-16 15:00:00+00:00,0.973,0.9777,0.9729,0.9758,392987.7
2026-05-16 16:00:00+00:00,0.9758,0.9795,0.9724,0.9741,160131.6
2026-05-16 17:00:00+00:00,0.9741,0.9784,0.9741,0.9759,170208.6
2026-05-16 18:00:00+00:00,0.9759,0.9779,0.9732,0.9757,80969.3
2026-05-16 19:00:00+00:00,0.9757,0.9761,0.974,0.9745,48328.3
2026-05-16 20:00:00+00:00,0.9745,0.9765,0.973,0.9742,60620.1
2026-05-16 21:00:00+00:00,0.9742,0.977,0.9737,0.9744,106078.7
2026-05-16 22:00:00+00:00,0.9744,0.9745,0.9704,0.9718,159413.0
2026-05-16 23:00:00+00:00,0.9718,0.9738,0.9706,0.9708,110573.9
2026-05-17 00:00:00+00:00,0.9708,0.9732,0.9639,0.9667,437500.7
2026-05-17 01:00:00+00:00,0.9667,0.9697,0.9595,0.9611,193942.6
2026-05-17 02:00:00+00:00,0.9611,0.9665,0.9611,0.9653,137259.7
2026-05-17 03:00:00+00:00,0.9653,0.9734,0.9653,0.9716,122691.2
2026-05-17 04:00:00+00:00,0.9716,0.9781,0.9711,0.9745,190686.9
2026-05-17 05:00:00+00:00,0.9745,0.9805,0.9731,0.9753,111151.5
2026-05-17 06:00:00+00:00,0.9753,0.9765,0.9724,0.9746,89970.8
2026-05-17 07:00:00+00:00,0.9746,0.9782,0.9729,0.9767,83074.7
2026-05-17 08:00:00+00:00,0.9767,0.9774,0.9724,0.9727,74179.6
2026-05-17 09:00:00+00:00,0.9727,0.9785,0.972,0.9769,90113.5
2026-05-17 10:00:00+00:00,0.9769,0.9811,0.9769,0.9776,156959.3
2026-05-17 11:00:00+00:00,0.9776,0.9778,0.9725,0.9736,94007.6
2026-05-17 12:00:00+00:00,0.9736,0.9752,0.9695,0.9703,138717.2
2026-05-17 13:00:00+00:00,0.9703,0.9703,0.9636,0.9665,265005.0
2026-05-17 14:00:00+00:00,0.9665,0.9666,0.9572,0.9645,280305.1
2026-05-17 15:00:00+00:00,0.9645,0.9659,0.9611,0.9637,182357.0
2026-05-17 16:00:00+00:00,0.9637,0.9665,0.9587,0.9595,170990.1
2026-05-17 17:00:00+00:00,0.9595,0.9603,0.9535,0.9593,176017.1
2026-05-17 18:00:00+00:00,0.9593,0.9625,0.9552,0.9623,131134.2
2026-05-17 19:00:00+00:00,0.9623,0.9686,0.9623,0.9672,134148.5
2026-05-17 20:00:00+00:00,0.9672,0.9683,0.963,0.9654,111626.7
2026-05-17 21:00:00+00:00,0.9654,0.9721,0.964,0.9693,139463.7
2026-05-17 22:00:00+00:00,0.9693,0.97,0.9576,0.9604,150738.1
2026-05-17 23:00:00+00:00,0.9604,0.9604,0.9053,0.9419,2886195.2
2026-05-18 00:00:00+00:00,0.9419,0.9464,0.9327,0.9464,583095.8
2026-05-18 01:00:00+00:00,0.9464,0.9499,0.9349,0.9443,315155.9
2026-05-18 02:00:00+00:00,0.9443,0.9512,0.9437,0.9487,219969.2
2026-05-18 03:00:00+00:00,0.9487,0.9527,0.9437,0.947,101804.8
2026-05-18 04:00:00+00:00,0.947,0.9498,0.9432,0.948,134010.8
2026-05-18 05:00:00+00:00,0.948,0.9499,0.942,0.944,167124.8
2026-05-18 06:00:00+00:00,0.944,0.9458,0.9323,0.9406,505769.6
2026-05-18 07:00:00+00:00,0.9406,0.9432,0.9317,0.9364,328121.8
2026-05-18 08:00:00+00:00,0.9364,0.9399,0.9329,0.9367,114661.2
2026-05-18 09:00:00+00:00,0.9367,0.9373,0.9303,0.9337,211045.8
2026-05-18 10:00:00+00:00,0.9337,0.9345,0.9278,0.9336,222506.4
2026-05-18 11:00:00+00:00,0.9336,0.948,0.9319,0.9427,285196.2
2026-05-18 12:00:00+00:00,0.9427,0.9515,0.9411,0.947,366586.6
2026-05-18 13:00:00+00:00,0.947,0.9496,0.9356,0.9468,364490.5
2026-05-18 14:00:00+00:00,0.9468,0.9472,0.931,0.9335,490791.1
2026-05-18 15:00:00+00:00,0.9335,0.9388,0.925,0.9355,349910.8
2026-05-18 16:00:00+00:00,0.9355,0.9414,0.9341,0.9393,154374.0
2026-05-18 17:00:00+00:00,0.9393,0.9476,0.9382,0.9448,166404.0
2026-05-18 18:00:00+00:00,0.9448,0.9455,0.9344,0.9348,250495.7
2026-05-18 19:00:00+00:00,0.9348,0.9578,0.9347,0.9544,442594.5
2026-05-18 20:00:00+00:00,0.9544,0.9577,0.9502,0.9527,216351.9
2026-05-18 21:00:00+00:00,0.9527,0.9623,0.9505,0.9587,110824.6
2026-05-18 22:00:00+00:00,0.9587,0.9612,0.9538,0.9583,134755.0
2026-05-18 23:00:00+00:00,0.9583,0.9618,0.9565,0.9592,145095.1
2026-05-19 00:00:00+00:00,0.9592,0.968,0.9585,0.9646,423171.6
2026-05-19 01:00:00+00:00,0.9646,0.9646,0.9558,0.9577,180096.2
2026-05-19 02:00:00+00:00,0.9577,0.9635,0.9543,0.9568,88053.2
2026-05-19 03:00:00+00:00,0.9568,0.9659,0.9561,0.9636,110107.4
2026-05-19 04:00:00+00:00,0.9636,0.9681,0.9622,0.9644,173243.6
2026-05-19 05:00:00+00:00,0.9644,0.965,0.9569,0.9601,177820.7
2026-05-19 06:00:00+00:00,0.9601,0.9629,0.9594,0.9606,109178.5
2026-05-19 07:00:00+00:00,0.9606,0.9633,0.9584,0.9622,140101.9
2026-05-19 08:00:00+00:00,0.9622,0.9623,0.9552,0.9593,113229.4
2026-05-19 09:00:00+00:00,0.9593,0.9606,0.9502,0.9567,240263.3
2026-05-19 10:00:00+00:00,0.9567,0.9575,0.9499,0.9536,249122.7
2026-05-19 11:00:00+00:00,0.9536,0.9539,0.9445,0.9474,231993.5
2026-05-19 12:00:00+00:00,0.9474,0.9536,0.946,0.9525,179468.4
2026-05-19 13:00:00+00:00,0.9525,0.957,0.9482,0.9524,322838.0
2026-05-19 14:00:00+00:00,0.9524,0.9547,0.9349,0.9414,696449.9
2026-05-19 15:00:00+00:00,0.9414,0.9461,0.9375,0.9407,174124.2
2026-05-19 16:00:00+00:00,0.9407,0.9479,0.9384,0.9472,133538.1
2026-05-19 17:00:00+00:00,0.9472,0.9477,0.9392,0.9427,121302.5
2026-05-19 18:00:00+00:00,0.9427,0.9474,0.9395,0.9405,99980.5
2026-05-19 19:00:00+00:00,0.9405,0.9443,0.9386,0.9405,107357.8
2026-05-19 20:00:00+00:00,0.9405,0.9445,0.9397,0.9439,78808.2
2026-05-19 21:00:00+00:00,0.9439,0.9468,0.9409,0.9412,80890.4
2026-05-19 22:00:00+00:00,0.9412,0.9412,0.9315,0.9348,184501.0
2026-05-19 23:00:00+00:00,0.9348,0.9398,0.9333,0.9374,109344.7
2026-05-20 00:00:00+00:00,0.9374,0.9403,0.9343,0.9388,187998.7
2026-05-20 01:00:00+00:00,0.9388,0.9429,0.9341,0.9429,155098.8
2026-05-20 02:00:00+00:00,0.9429,0.9445,0.9374,0.9379,133100.9
2026-05-20 03:00:00+00:00,0.9379,0.9474,0.9365,0.9431,110110.0
2026-05-20 04:00:00+00:00,0.9431,0.947,0.9406,0.947,96489.3
2026-05-20 05:00:00+00:00,0.947,0.9589,0.9468,0.9554,202799.1
2026-05-20 06:00:00+00:00,0.9554,0.9587,0.9532,0.9571,94033.2
2026-05-20 07:00:00+00:00,0.9571,0.9588,0.9541,0.957,100703.5
2026-05-20 08:00:00+00:00,0.957,0.96,0.9543,0.9548,145489.7
2026-05-20 09:00:00+00:00,0.9548,0.9572,0.952,0.9558,179245.5
2026-05-20 10:00:00+00:00,0.9558,0.9593,0.9546,0.955,73024.8
2026-05-20 11:00:00+00:00,0.955,0.9555,0.9476,0.9502,179477.2
2026-05-20 12:00:00+00:00,0.9502,0.9548,0.948,0.9522,124082.1
2026-05-20 13:00:00+00:00,0.9522,0.9535,0.9422,0.9512,237101.5
2026-05-20 14:00:00+00:00,0.9512,0.9679,0.9493,0.9654,397158.8
2026-05-20 15:00:00+00:00,0.9654,0.9724,0.9597,0.9688,419940.3
2026-05-20 16:00:00+00:00,0.9688,0.973,0.9609,0.9683,365258.6
2026-05-20 17:00:00+00:00,0.9683,0.974,0.9663,0.9671,457506.3
2026-05-20 18:00:00+00:00,0.9671,0.9678,0.9589,0.9616,285501.2
2026-05-20 19:00:00+00:00,0.9616,0.97,0.9597,0.9673,187857.9
2026-05-20 20:00:00+00:00,0.9673,0.9703,0.9633,0.969,193656.3
2026-05-20 21:00:00+00:00,0.969,0.9706,0.9659,0.9663,116847.7
2026-05-20 22:00:00+00:00,0.9663,0.9686,0.9608,0.9679,92995.2
2026-05-20 23:00:00+00:00,0.9679,0.9703,0.9638,0.9697,133701.0
2026-05-21 00:00:00+00:00,0.9697,0.981,0.9685,0.9786,406012.5
2026-05-21 01:00:00+00:00,0.9786,0.9849,0.9771,0.9825,400534.0
2026-05-21 02:00:00+00:00,0.9825,0.985,0.9792,0.9823,224427.6
2026-05-21 03:00:00+00:00,0.9823,0.9939,0.9815,0.9884,275643.8
2026-05-21 04:00:00+00:00,0.9884,0.9949,0.9866,0.9895,377074.6
2026-05-21 05:00:00+00:00,0.9895,0.9921,0.9808,0.9844,307197.9
2026-05-21 06:00:00+00:00,0.9844,0.9889,0.9824,0.9868,197905.5
2026-05-21 07:00:00+00:00,0.9868,0.996,0.9861,0.9904,290355.0
2026-05-21 08:00:00+00:00,0.9904,0.9977,0.9895,0.9929,234096.1
2026-05-21 09:00:00+00:00,0.9929,0.9954,0.9835,0.984,275433.8
2026-05-21 10:00:00+00:00,0.984,0.986,0.9662,0.9741,943342.0
2026-05-21 11:00:00+00:00,0.9741,0.9788,0.9721,0.975,171187.4
2026-05-21 12:00:00+00:00,0.975,0.9831,0.9728,0.9784,293193.6
2026-05-21 13:00:00+00:00,0.9784,0.9877,0.9737,0.987,257438.4
2026-05-21 14:00:00+00:00,0.987,0.9892,0.9762,0.9801,183627.2
2026-05-21 15:00:00+00:00,0.9801,0.993,0.9786,0.9894,358573.6
2026-05-21 16:00:00+00:00,0.9894,0.9912,0.9798,0.9844,328133.5
2026-05-21 17:00:00+00:00,0.9844,1.0043,0.9829,1.0015,522851.9
2026-05-21 18:00:00+00:00,1.0015,1.0074,0.9948,1.0009,303181.6
2026-05-21 19:00:00+00:00,1.0009,1.0085,0.9989,1.0069,239311.0
2026-05-21 20:00:00+00:00,1.0069,1.0148,1.0035,1.0104,326169.0
2026-05-21 21:00:00+00:00,1.0104,1.0221,1.0069,1.0081,380183.8
2026-05-21 22:00:00+00:00,1.0081,1.0109,1.004,1.0071,277915.2
2026-05-21 23:00:00+00:00,1.0071,1.0088,1.0005,1.0072,184256.1
2026-05-22 00:00:00+00:00,1.0072,1.0075,0.9959,0.9967,253148.5
2026-05-22 01:00:00+00:00,0.9967,1.0018,0.9951,1.0018,111626.4
2026-05-22 02:00:00+00:00,1.0018,1.0128,1.0011,1.0079,130804.4
2026-05-22 03:00:00+00:00,1.0079,1.0174,1.0068,1.0171,238448.7
2026-05-22 04:00:00+00:00,1.0171,1.0249,1.0108,1.0154,349303.5
2026-05-22 05:00:00+00:00,1.0154,1.022,1.0127,1.0174,203390.1
2026-05-22 06:00:00+00:00,1.0174,1.0177,1.0103,1.014,323868.4
2026-05-22 07:00:00+00:00,1.014,1.0256,1.0077,1.0151,256889.8
2026-05-22 08:00:00+00:00,1.0151,1.0261,1.0124,1.0178,254133.2
2026-05-22 09:00:00+00:00,1.0178,1.0249,1.0127,1.013,153860.1
2026-05-22 10:00:00+00:00,1.013,1.0188,1.0084,1.0173,158213.5
2026-05-22 11:00:00+00:00,1.0173,1.029,1.0153,1.0268,410971.8
2026-05-22 12:00:00+00:00,1.0268,1.0368,1.0196,1.0368,347907.2
2026-05-22 13:00:00+00:00,1.0368,1.0373,1.0252,1.0373,402546.5
2026-05-22 14:00:00+00:00,1.0373,1.0373,1.0129,1.0171,830569.7
2026-05-22 15:00:00+00:00,1.0171,1.0306,1.0109,1.0256,415509.7
2026-05-22 16:00:00+00:00,1.0256,1.0313,1.0148,1.0192,371631.8
2026-05-22 17:00:00+00:00,1.0192,1.0218,1.0109,1.0124,475708.1
2026-05-22 18:00:00+00:00,1.0124,1.0125,0.9783,0.9901,1311734.5
2026-05-22 19:00:00+00:00,0.9901,0.9932,0.9603,0.9768,1627892.7
2026-05-22 20:00:00+00:00,0.9768,0.985,0.9745,0.9848,391093.6
2026-05-22 21:00:00+00:00,0.9848,0.9918,0.9821,0.9876,246565.7
2026-05-22 22:00:00+00:00,0.9876,0.9885,0.978,0.9823,240183.3
2026-05-22 23:00:00+00:00,0.9823,0.9862,0.9518,0.961,1183215.8
2026-05-23 00:00:00+00:00,0.961,0.9652,0.9518,0.9634,562235.5
2026-05-23 01:00:00+00:00,0.9634,0.9677,0.9601,0.9671,191634.9
2026-05-23 02:00:00+00:00,0.9671,0.9694,0.9646,0.969,202456.6
2026-05-23 03:00:00+00:00,0.969,0.9722,0.967,0.9678,138188.0
2026-05-23 04:00:00+00:00,0.9678,0.9694,0.9636,0.9646,180645.1
2026-05-23 05:00:00+00:00,0.9646,0.9651,0.9569,0.9638,265683.0
2026-05-23 06:00:00+00:00,0.9638,0.9656,0.9595,0.9618,224358.1
2026-05-23 07:00:00+00:00,0.9618,0.9629,0.9087,0.9254,3965732.6
2026-05-23 08:00:00+00:00,0.9254,0.9306,0.9191,0.9295,840337.2
2026-05-23 09:00:00+00:00,0.9295,0.933,0.9285,0.9299,355663.1
2026-05-23 10:00:00+00:00,0.9299,0.9397,0.9299,0.9345,558073.2
2026-05-23 11:00:00+00:00,0.9345,0.9365,0.9318,0.9324,246413.8
2026-05-23 12:00:00+00:00,0.9324,0.9344,0.9277,0.9332,228295.6
2026-05-23 13:00:00+00:00,0.9332,0.9441,0.933,0.9406,668317.0
2026-05-23 14:00:00+00:00,0.9406,0.9521,0.9403,0.9491,789800.2
2026-05-23 15:00:00+00:00,0.9491,0.9572,0.9477,0.9545,741790.7
2026-05-23 16:00:00+00:00,0.9545,0.9648,0.9509,0.9636,357841.3
2026-05-23 17:00:00+00:00,0.9636,0.9738,0.9619,0.9638,352546.8
2026-05-23 18:00:00+00:00,0.9638,0.9879,0.9631,0.9786,648746.6
2026-05-23 19:00:00+00:00,0.9786,0.9841,0.9748,0.9787,323792.0
2026-05-23 20:00:00+00:00,0.9787,1.0091,0.9732,1.0083,972373.1
2026-05-23 21:00:00+00:00,1.0083,1.0121,0.9837,0.9884,511265.6
2026-05-23 22:00:00+00:00,0.9884,0.9927,0.9751,0.9801,451274.3
2026-05-23 23:00:00+00:00,0.9801,0.9831,0.9779,0.982,226883.0
2026-05-24 00:00:00+00:00,0.982,0.9828,0.9773,0.9801,324528.2
2026-05-24 01:00:00+00:00,0.9801,0.9816,0.9762,0.9784,148011.5
2026-05-24 02:00:00+00:00,0.9784,0.9793,0.9725,0.9778,146945.9
2026-05-24 03:00:00+00:00,0.9778,0.9795,0.9702,0.9723,163672.7
2026-05-24 04:00:00+00:00,0.9723,0.9747,0.968,0.9698,205786.0
2026-05-24 05:00:00+00:00,0.9698,0.9698,0.9632,0.9686,365259.6
2026-05-24 06:00:00+00:00,0.9686,0.9753,0.9676,0.9739,207041.3
2026-05-24 07:00:00+00:00,0.9739,0.9756,0.9708,0.9743,149297.8
2026-05-24 08:00:00+00:00,0.9743,0.9784,0.9718,0.9756,195691.1
2026-05-24 09:00:00+00:00,0.9756,0.9766,0.9731,0.9748,146097.9
2026-05-24 10:00:00+00:00,0.9748,0.9762,0.9658,0.9712,292968.9
2026-05-24 11:00:00+00:00,0.9712,0.9728,0.9682,0.9706,201803.9
2026-05-24 12:00:00+00:00,0.9706,0.9711,0.9634,0.9686,344750.0
2026-05-24 13:00:00+00:00,0.9686,0.9699,0.9557,0.96,327707.2
2026-05-24 14:00:00+00:00,0.96,0.9612,0.9377,0.9536,1025384.7
2026-05-24 15:00:00+00:00,0.9536,0.9562,0.9526,0.9535,506194.1
2026-05-24 16:00:00+00:00,0.9535,0.9594,0.9525,0.9571,250055.3
2026-05-24 17:00:00+00:00,0.9571,0.9616,0.9569,0.9584,165725.8
2026-05-24 18:00:00+00:00,0.9584,0.9599,0.9517,0.9536,98484.4
2026-05-24 19:00:00+00:00,0.9536,0.9551,0.9506,0.9523,78925.4
2026-05-24 20:00:00+00:00,0.9523,0.9535,0.9484,0.9497,106956.6
2026-05-24 21:00:00+00:00,0.9497,0.9534,0.9318,0.937,476208.4
2026-05-24 22:00:00+00:00,0.937,0.9533,0.9368,0.9488,209066.3
2026-05-24 23:00:00+00:00,0.9488,0.957,0.9488,0.9557,168014.8
2026-05-25 00:00:00+00:00,0.9557,0.9628,0.9557,0.9605,205156.8
2026-05-25 01:00:00+00:00,0.9605,0.961,0.9498,0.9509,188562.5
2026-05-25 02:00:00+00:00,0.9509,0.9597,0.9509,0.9526,172239.0
2026-05-25 03:00:00+00:00,0.9526,0.9551,0.9507,0.9539,67189.1
2026-05-25 04:00:00+00:00,0.9539,0.9644,0.9534,0.9627,236578.2
2026-05-25 05:00:00+00:00,0.9627,0.9709,0.9617,0.9672,232263.9
2026-05-25 06:00:00+00:00,0.9672,0.9706,0.9631,0.9697,333264.4
2026-05-25 07:00:00+00:00,0.9697,0.9776,0.9652,0.9706,417270.0
2026-05-25 08:00:00+00:00,0.9706,0.9726,0.9675,0.9712,117264.2
2026-05-25 09:00:00+00:00,0.9712,0.9716,0.9669,0.9711,233731.7
2026-05-25 10:00:00+00:00,0.9711,0.9811,0.97,0.9766,547653.1
2026-05-25 11:00:00+00:00,0.9766,0.9767,0.9701,0.9722,400320.0
2026-05-25 12:00:00+00:00,0.9722,0.9762,0.9676,0.9729,343937.4
2026-05-25 13:00:00+00:00,0.9729,0.9798,0.9725,0.9784,299018.1
2026-05-25 14:00:00+00:00,0.9784,0.9856,0.9784,0.9852,413802.6
2026-05-25 15:00:00+00:00,0.9852,0.9942,0.9824,0.9931,641894.1
2026-05-25 16:00:00+00:00,0.9931,1.0061,0.9896,1.0026,579007.2
2026-05-25 17:00:00+00:00,1.0026,1.0044,0.9958,1.0016,424908.2
2026-05-25 18:00:00+00:00,1.0016,1.0057,0.9966,0.9988,181845.1
2026-05-25 19:00:00+00:00,0.9988,0.9991,0.9897,0.9956,421764.4
2026-05-25 20:00:00+00:00,0.9956,1.0003,0.9855,0.9882,353258.9
2026-05-25 21:00:00+00:00,0.9882,0.9971,0.9878,0.9943,201868.6
2026-05-25 22:00:00+00:00,0.9943,0.9945,0.9781,0.98,282593.1
2026-05-25 23:00:00+00:00,0.98,0.9864,0.9784,0.9822,124742.7
2026-05-26 00:00:00+00:00,0.9822,0.9838,0.9705,0.9792,435719.0
2026-05-26 01:00:00+00:00,0.9792,0.9792,0.9661,0.9726,496434.3
2026-05-26 02:00:00+00:00,0.9726,0.9754,0.9692,0.9732,226993.7
2026-05-26 03:00:00+00:00,0.9732,0.9747,0.9674,0.9744,444272.4
2026-05-26 04:00:00+00:00,0.9744,0.9858,0.971,0.9845,428888.5
2026-05-26 05:00:00+00:00,0.9845,0.9997,0.9816,0.9909,527673.3
2026-05-26 06:00:00+00:00,0.9909,0.9999,0.9838,0.9928,280951.4
2026-05-26 07:00:00+00:00,0.9928,0.9945,0.9778,0.9859,465976.8
2026-05-26 08:00:00+00:00,0.9859,0.9959,0.9853,0.9941,321090.7
2026-05-26 09:00:00+00:00,0.9941,1.0016,0.9902,0.9974,453186.0
2026-05-26 10:00:00+00:00,0.9974,1.0154,0.9921,1.0132,726592.6
2026-05-26 11:00:00+00:00,1.0132,1.0188,1.0073,1.0116,479300.8
2026-05-26 12:00:00+00:00,1.0116,1.0179,1.0079,1.0133,492271.7
2026-05-26 13:00:00+00:00,1.0133,1.0424,1.01,1.0353,872207.5
2026-05-26 14:00:00+00:00,1.0353,1.0507,1.0163,1.0293,1765567.3
2026-05-26 15:00:00+00:00,1.0293,1.0391,1.0086,1.0265,1480258.5
2026-05-26 16:00:00+00:00,1.0265,1.0265,1.0081,1.0228,1178825.4
2026-05-26 17:00:00+00:00,1.0228,1.028,0.9881,1.001,1734918.7
2026-05-26 18:00:00+00:00,1.001,1.017,0.9986,1.0062,336661.6
2026-05-26 19:00:00+00:00,1.0062,1.0104,1.0005,1.0088,294799.5
2026-05-26 20:00:00+00:00,1.0088,1.0103,0.9968,1.0021,202983.1
2026-05-26 21:00:00+00:00,1.0021,1.0075,0.9944,0.9965,246462.2
2026-05-26 22:00:00+00:00,0.9965,1.0085,0.9954,1.0021,157529.4
2026-05-26 23:00:00+00:00,1.0021,1.0136,1.0021,1.0079,320776.3
2026-05-27 00:00:00+00:00,1.0079,1.0289,1.0065,1.0276,673224.9
2026-05-27 01:00:00+00:00,1.0276,1.0454,1.0135,1.018,1682734.3
2026-05-27 02:00:00+00:00,1.018,1.0202,1.0027,1.0185,994112.0
2026-05-27 03:00:00+00:00,1.0185,1.033,1.0084,1.0145,988153.1
2026-05-27 04:00:00+00:00,1.0145,1.0156,0.9743,1.0064,2344626.9
2026-05-27 05:00:00+00:00,1.0064,1.0321,1.0002,1.0303,989678.6
2026-05-27 06:00:00+00:00,1.0303,1.0607,1.0223,1.0549,1739101.1
2026-05-27 07:00:00+00:00,1.0549,1.0649,1.0263,1.0353,1527397.7
2026-05-27 08:00:00+00:00,1.0353,1.0571,1.0281,1.0312,1361155.0
2026-05-27 09:00:00+00:00,1.0312,1.0603,1.0264,1.0421,994151.5
2026-05-27 10:00:00+00:00,1.0421,1.0602,1.0341,1.0539,728606.2
2026-05-27 11:00:00+00:00,1.0539,1.0684,1.042,1.0441,1093490.4
2026-05-27 12:00:00+00:00,1.0441,1.0879,1.0357,1.0761,1877539.3
2026-05-27 13:00:00+00:00,1.0761,1.0803,1.0427,1.0714,1820961.2
2026-05-27 14:00:00+00:00,1.0714,1.0903,1.0426,1.058,2319467.9
2026-05-27 15:00:00+00:00,1.058,1.079,1.0525,1.0788,1209719.6
2026-05-27 16:00:00+00:00,1.0788,1.0986,1.06,1.0689,2055714.5
2026-05-27 17:00:00+00:00,1.0689,1.0698,1.0321,1.0397,1530067.2
2026-05-27 18:00:00+00:00,1.0397,1.061,1.0322,1.0584,679021.4
2026-05-27 19:00:00+00:00,1.0584,1.0679,1.055,1.0584,414783.2
2026-05-27 20:00:00+00:00,1.0584,1.0675,1.0514,1.0614,476599.7
2026-05-27 21:00:00+00:00,1.0614,1.0667,1.0276,1.0418,1148991.8
2026-05-27 22:00:00+00:00,1.0418,1.0513,1.0363,1.0375,682190.7
2026-05-27 23:00:00+00:00,1.0375,1.0423,1.0198,1.0296,1122604.3
2026-05-28 00:00:00+00:00,1.0296,1.0421,1.025,1.0417,746064.2
2026-05-28 01:00:00+00:00,1.0417,1.0514,1.0284,1.0489,1134524.0
2026-05-28 02:00:00+00:00,1.0489,1.0583,1.027,1.0279,1127868.9
2026-05-28 03:00:00+00:00,1.0279,1.0296,0.9796,0.9848,3123480.8
2026-05-28 04:00:00+00:00,0.9848,0.9938,0.9632,0.9782,2052077.4
2026-05-28 05:00:00+00:00,0.9782,0.9805,0.9569,0.9667,1256409.9
2026-05-28 06:00:00+00:00,0.9667,0.9704,0.9547,0.9651,677491.3
2026-05-28 07:00:00+00:00,0.9651,0.9745,0.9619,0.9737,766822.9
2026-05-28 08:00:00+00:00,0.9737,0.9758,0.9635,0.9658,460694.6
2026-05-28 09:00:00+00:00,0.9658,0.9721,0.9617,0.9683,671646.5
2026-05-28 10:00:00+00:00,0.9683,0.9729,0.9482,0.9504,1030761.8
2026-05-28 11:00:00+00:00,0.9504,0.954,0.9431,0.9447,965958.7
2026-05-28 12:00:00+00:00,0.9447,0.9533,0.938,0.9527,839259.7
2026-05-28 13:00:00+00:00,0.9527,0.9551,0.9419,0.9467,689457.9
2026-05-28 14:00:00+00:00,0.9467,0.9576,0.9347,0.9419,1316072.9
2026-05-28 15:00:00+00:00,0.9419,0.9431,0.9283,0.9397,842839.0
2026-05-28 16:00:00+00:00,0.9397,0.9737,0.9348,0.9683,1520150.4
2026-05-28 17:00:00+00:00,0.9683,0.9758,0.9632,0.9713,749119.8
2026-05-28 18:00:00+00:00,0.9713,0.9826,0.9681,0.9698,501396.7
2026-05-28 19:00:00+00:00,0.9698,0.9716,0.9594,0.9605,675003.8
2026-05-28 20:00:00+00:00,0.9605,0.9655,0.9508,0.9575,612249.2
2026-05-28 21:00:00+00:00,0.9575,0.9686,0.9547,0.961,296928.6
2026-05-28 22:00:00+00:00,0.961,0.9639,0.9446,0.9487,630343.1
2026-05-28 23:00:00+00:00,0.9487,0.9612,0.9478,0.9591,445865.4
2026-05-29 00:00:00+00:00,0.9591,0.9781,0.9588,0.978,575193.1
2026-05-29 01:00:00+00:00,0.978,0.991,0.9687,0.9808,802986.5
2026-05-29 02:00:00+00:00,0.9808,0.9854,0.9618,0.9642,521812.3
2026-05-29 03:00:00+00:00,0.9642,0.9741,0.963,0.9632,486694.5
2026-05-29 04:00:00+00:00,0.9632,0.9686,0.9546,0.968,419993.0
2026-05-29 05:00:00+00:00,0.968,0.9709,0.9581,0.9657,362177.6
2026-05-29 06:00:00+00:00,0.9657,0.9751,0.96,0.9634,301140.2
2026-05-29 07:00:00+00:00,0.9634,0.9668,0.9479,0.957,544852.9
2026-05-29 08:00:00+00:00,0.957,0.9672,0.9552,0.9567,328415.7
2026-05-29 09:00:00+00:00,0.9567,0.9678,0.955,0.9637,307418.2
2026-05-29 10:00:00+00:00,0.9637,0.9639,0.9491,0.9492,351328.1
2026-05-29 11:00:00+00:00,0.9492,0.9526,0.938,0.9446,665645.1
2026-05-29 12:00:00+00:00,0.9446,0.9458,0.9306,0.9356,771324.3
2026-05-29 13:00:00+00:00,0.9356,0.9437,0.9234,0.9411,852805.6
2026-05-29 14:00:00+00:00,0.9411,0.955,0.9272,0.9502,933752.3
2026-05-29 15:00:00+00:00,0.9502,0.9848,0.947,0.9722,1694863.8
2026-05-29 16:00:00+00:00,0.9722,0.9778,0.9605,0.9744,610083.9
2026-05-29 17:00:00+00:00,0.9744,0.986,0.9702,0.976,554441.9
2026-05-29 18:00:00+00:00,0.976,0.9791,0.9588,0.9624,515951.6
2026-05-29 19:00:00+00:00,0.9624,0.9719,0.9517,0.9655,442767.4
2026-05-29 20:00:00+00:00,0.9655,0.9662,0.9574,0.9594,247068.8
2026-05-29 21:00:00+00:00,0.9594,0.9676,0.9483,0.9486,289545.2
2026-05-29 22:00:00+00:00,0.9486,0.9603,0.9465,0.9578,238722.1
2026-05-29 23:00:00+00:00,0.9578,0.9616,0.9518,0.9558,198404.3
2026-05-30 00:00:00+00:00,0.9558,0.9636,0.955,0.9613,329468.7
2026-05-30 01:00:00+00:00,0.9613,0.9865,0.9599,0.9817,838673.5
2026-05-30 02:00:00+00:00,0.9817,1.0024,0.9802,1.0011,565121.4
2026-05-30 03:00:00+00:00,1.0011,1.0162,0.9946,0.9983,803683.8
2026-05-30 04:00:00+00:00,0.9983,1.0018,0.9691,0.981,1277548.0
2026-05-30 05:00:00+00:00,0.981,0.9886,0.9794,0.9873,442208.5
2026-05-30 06:00:00+00:00,0.9873,0.99,0.972,0.9747,429685.2
2026-05-30 07:00:00+00:00,0.9747,0.9829,0.9722,0.9813,495632.2
2026-05-30 08:00:00+00:00,0.9813,0.9832,0.9768,0.9784,174452.8
2026-05-30 09:00:00+00:00,0.9784,0.9855,0.9767,0.9798,187605.2
2026-05-30 10:00:00+00:00,0.9798,0.981,0.9776,0.978,173387.7
2026-05-30 11:00:00+00:00,0.978,0.9815,0.9729,0.979,232821.4
2026-05-30 12:00:00+00:00,0.979,0.9796,0.9733,0.9792,182756.0
2026-05-30 13:00:00+00:00,0.9792,0.982,0.9695,0.9814,390076.2
2026-05-30 14:00:00+00:00,0.9814,0.9893,0.9766,0.9812,514993.8
2026-05-30 15:00:00+00:00,0.9812,0.9849,0.9684,0.9725,489399.4
2026-05-30 16:00:00+00:00,0.9725,0.9776,0.9703,0.9765,225837.6
2026-05-30 17:00:00+00:00,0.9765,0.9782,0.9684,0.976,311065.7
2026-05-30 18:00:00+00:00,0.976,0.9826,0.9738,0.9797,195412.1
2026-05-30 19:00:00+00:00,0.9797,0.9897,0.9763,0.9807,546467.2
2026-05-30 20:00:00+00:00,0.9807,0.9918,0.9791,0.9856,294120.3
2026-05-30 21:00:00+00:00,0.9856,0.9903,0.984,0.9845,275235.7
2026-05-30 22:00:00+00:00,0.9845,0.9845,0.9602,0.9688,450927.6
2026-05-30 23:00:00+00:00,0.9688,0.973,0.9677,0.9729,205104.9
2026-05-31 00:00:00+00:00,0.9729,0.9764,0.9634,0.9717,542031.7
2026-05-31 01:00:00+00:00,0.9717,0.9757,0.9692,0.9703,221136.3
2026-05-31 02:00:00+00:00,0.9703,0.9792,0.967,0.9753,325241.2
2026-05-31 03:00:00+00:00,0.9753,0.9788,0.9741,0.9771,227716.6
2026-05-31 04:00:00+00:00,0.9771,0.9848,0.9761,0.9834,199352.5
2026-05-31 05:00:00+00:00,0.9834,0.984,0.9692,0.9705,182966.1
2026-05-31 06:00:00+00:00,0.9705,0.9705,0.9661,0.9672,164410.8
2026-05-31 07:00:00+00:00,0.9672,0.9672,0.9539,0.9606,803903.2
2026-05-31 08:00:00+00:00,0.9606,0.9641,0.9576,0.9606,327219.9
2026-05-31 09:00:00+00:00,0.9606,0.9668,0.9595,0.9611,209538.1
2026-05-31 10:00:00+00:00,0.9611,0.9611,0.9532,0.9609,321804.8
2026-05-31 11:00:00+00:00,0.9609,0.9637,0.9587,0.9598,192382.0
2026-05-31 12:00:00+00:00,0.9598,0.9631,0.9556,0.9609,182668.5
2026-05-31 13:00:00+00:00,0.9609,0.9624,0.9558,0.9562,246116.0
2026-05-31 14:00:00+00:00,0.9562,0.9565,0.9366,0.9394,1238727.5
2026-05-31 15:00:00+00:00,0.9394,0.9483,0.9345,0.9359,555334.1
2026-05-31 16:00:00+00:00,0.9359,0.9394,0.9224,0.9271,804258.7
2026-05-31 17:00:00+00:00,0.9271,0.9301,0.9233,0.929,307153.8
2026-05-31 18:00:00+00:00,0.929,0.9292,0.9238,0.9248,223708.8
2026-05-31 19:00:00+00:00,0.9248,0.9265,0.9109,0.9197,829645.1
2026-05-31 20:00:00+00:00,0.9197,0.929,0.9197,0.9275,375517.7
2026-05-31 21:00:00+00:00,0.9275,0.9365,0.9264,0.9334,352676.2
2026-05-31 22:00:00+00:00,0.9334,0.9411,0.929,0.938,389957.1
2026-05-31 23:00:00+00:00,0.938,0.9455,0.9276,0.9367,347040.1
2026-06-01 00:00:00+00:00,0.9367,0.9537,0.9361,0.9487,776485.4
2026-06-01 01:00:00+00:00,0.9487,0.9506,0.9287,0.9288,657446.4
2026-06-01 02:00:00+00:00,0.9288,0.9586,0.9247,0.9545,1052724.3
2026-06-01 03:00:00+00:00,0.9545,0.9591,0.9504,0.9532,383166.9
2026-06-01 04:00:00+00:00,0.9532,0.9575,0.9369,0.9429,453749.9
2026-06-01 05:00:00+00:00,0.9429,0.9435,0.9313,0.9368,264690.4
2026-06-01 06:00:00+00:00,0.9368,0.9387,0.9215,0.9276,613811.8
2026-06-01 07:00:00+00:00,0.9276,0.9311,0.9175,0.9196,527415.5
2026-06-01 08:00:00+00:00,0.9196,0.9225,0.9123,0.9199,668205.0
2026-06-01 09:00:00+00:00,0.9199,0.9247,0.9162,0.9208,356607.2
2026-06-01 10:00:00+00:00,0.9208,0.9245,0.915,0.9222,377782.8
2026-06-01 11:00:00+00:00,0.9222,0.928,0.9155,0.9194,398623.6
2026-06-01 12:00:00+00:00,0.9194,0.9224,0.9033,0.9155,827193.9
2026-06-01 13:00:00+00:00,0.9155,0.9157,0.8932,0.9046,1479494.7
2026-06-01 14:00:00+00:00,0.9046,0.9088,0.8977,0.9077,670997.9
2026-06-01 15:00:00+00:00,0.9077,0.9136,0.8985,0.9068,724332.0
2026-06-01 16:00:00+00:00,0.9068,0.9297,0.9008,0.9281,657941.9
2026-06-01 17:00:00+00:00,0.9281,0.9487,0.9259,0.9426,776296.4
2026-06-01 18:00:00+00:00,0.9426,0.9581,0.9387,0.9468,629788.9
2026-06-01 19:00:00+00:00,0.9468,0.9729,0.9434,0.9727,720888.7
2026-06-01 20:00:00+00:00,0.9727,0.9738,0.958,0.9631,640801.9
2026-06-01 21:00:00+00:00,0.9631,0.9632,0.9494,0.9503,404641.6
2026-06-01 22:00:00+00:00,0.9503,0.9599,0.9435,0.9567,546403.3
2026-06-01 23:00:00+00:00,0.9567,0.9595,0.9505,0.9561,551105.5
2026-06-02 00:00:00+00:00,0.9561,0.9574,0.9465,0.9518,503204.5
2026-06-02 01:00:00+00:00,0.9518,0.9581,0.9361,0.9377,750292.2
2026-06-02 02:00:00+00:00,0.9377,0.951,0.9276,0.951,681145.1
2026-06-02 03:00:00+00:00,0.951,0.9587,0.9482,0.9564,604281.6
2026-06-02 04:00:00+00:00,0.9564,0.9583,0.9464,0.947,595835.1
2026-06-02 05:00:00+00:00,0.947,0.9496,0.9322,0.9335,852459.9
2026-06-02 06:00:00+00:00,0.9335,0.9335,0.922,0.9264,600950.3
2026-06-02 07:00:00+00:00,0.9264,0.9348,0.9191,0.9302,385591.0
2026-06-02 08:00:00+00:00,0.9302,0.9363,0.9292,0.9352,358310.8
2026-06-02 09:00:00+00:00,0.9352,0.936,0.9261,0.9287,294554.8
2026-06-02 10:00:00+00:00,0.9287,0.9388,0.9255,0.9368,326511.5
2026-06-02 11:00:00+00:00,0.9368,0.9391,0.928,0.9331,364755.9
2026-06-02 12:00:00+00:00,0.9331,0.945,0.9292,0.9394,478286.3
2026-06-02 13:00:00+00:00,0.9394,0.9444,0.935,0.9368,483712.1
2026-06-02 14:00:00+00:00,0.9368,0.9388,0.8904,0.9109,2849087.2
2026-06-02 15:00:00+00:00,0.9109,0.9118,0.8756,0.8849,2062289.1
2026-06-02 16:00:00+00:00,0.8849,0.905,0.8802,0.8934,836364.8
2026-06-02 17:00:00+00:00,0.8934,0.9046,0.8933,0.9007,484426.5
2026-06-02 18:00:00+00:00,0.9007,0.9057,0.8675,0.8751,998457.4
2026-06-02 19:00:00+00:00,0.8751,0.8778,0.8491,0.8685,1554413.8
2026-06-02 20:00:00+00:00,0.8685,0.878,0.8603,0.8759,553502.7
2026-06-02 21:00:00+00:00,0.8759,0.8884,0.8737,0.8773,389106.8
2026-06-02 22:00:00+00:00,0.8773,0.881,0.857,0.8604,1031849.1
2026-06-02 23:00:00+00:00,0.8604,0.8685,0.8415,0.8619,1299714.9
2026-06-03 00:00:00+00:00,0.8619,0.8795,0.8619,0.8749,787152.7
2026-06-03 01:00:00+00:00,0.8749,0.8796,0.8666,0.8783,378637.3
2026-06-03 02:00:00+00:00,0.8783,0.8796,0.8714,0.8793,257079.8
2026-06-03 03:00:00+00:00,0.8793,0.883,0.8491,0.8564,981913.3
2026-06-03 04:00:00+00:00,0.8564,0.8848,0.8562,0.8824,583344.1
2026-06-03 05:00:00+00:00,0.8824,0.8965,0.8812,0.8907,709809.0
2026-06-03 06:00:00+00:00,0.8907,0.9042,0.885,0.8974,747639.8
2026-06-03 07:00:00+00:00,0.8974,0.9037,0.8938,0.8995,294659.5
2026-06-03 08:00:00+00:00,0.8995,0.9033,0.895,0.8971,291375.6
2026-06-03 09:00:00+00:00,0.8971,0.9004,0.8904,0.8949,404886.2
2026-06-03 10:00:00+00:00,0.8949,0.9552,0.8948,0.9463,3589314.3
2026-06-03 11:00:00+00:00,0.9463,0.9725,0.9426,0.9657,4322915.9
2026-06-03 12:00:00+00:00,0.9657,0.9767,0.949,0.9576,3061293.5
2026-06-03 13:00:00+00:00,0.9576,0.9736,0.951,0.9589,2913049.9
2026-06-03 14:00:00+00:00,0.9589,0.9997,0.9474,0.9961,4276308.8
2026-06-03 15:00:00+00:00,0.9961,1.0005,0.9737,0.9904,3351561.9
2026-06-03 16:00:00+00:00,0.9904,0.9933,0.9376,0.9505,5251880.8
2026-06-03 17:00:00+00:00,0.9505,0.9577,0.9348,0.9437,1986801.8
2026-06-03 18:00:00+00:00,0.9437,0.9462,0.9261,0.94,1222414.6
2026-06-03 19:00:00+00:00,0.94,0.9436,0.9244,0.93,1267463.8
2026-06-03 20:00:00+00:00,0.93,0.9431,0.904,0.9101,1879907.3
2026-06-03 21:00:00+00:00,0.9101,0.9495,0.9085,0.9464,1228476.5
2026-06-03 22:00:00+00:00,0.9464,0.9532,0.9344,0.9406,576023.1
2026-06-03 23:00:00+00:00,0.9406,0.9406,0.9256,0.9259,514984.6
2026-06-04 00:00:00+00:00,0.9259,0.9373,0.9147,0.9183,1144618.9
2026-06-04 01:00:00+00:00,0.9183,0.9245,0.8816,0.8842,2233697.6
2026-06-04 02:00:00+00:00,0.8842,0.8876,0.827,0.8738,3798213.2
2026-06-04 03:00:00+00:00,0.8738,0.8976,0.8738,0.8929,1163049.9
2026-06-04 04:00:00+00:00,0.8929,0.8958,0.873,0.8751,700601.9
2026-06-04 05:00:00+00:00,0.8751,0.8751,0.853,0.8643,1001743.4
2026-06-04 06:00:00+00:00,0.8643,0.8829,0.8564,0.8714,1528644.7
2026-06-04 07:00:00+00:00,0.8714,0.8739,0.8494,0.851,1250412.0
2026-06-04 08:00:00+00:00,0.851,0.8637,0.8443,0.8585,870168.4
2026-06-04 09:00:00+00:00,0.8585,0.8592,0.8276,0.8428,1455400.0
2026-06-04 10:00:00+00:00,0.8428,0.8506,0.8309,0.8354,1335344.1
2026-06-04 11:00:00+00:00,0.8354,0.8485,0.8307,0.8472,878040.8
2026-06-04 12:00:00+00:00,0.8472,0.8704,0.8347,0.869,1517111.8
2026-06-04 13:00:00+00:00,0.869,0.8754,0.8525,0.8708,1059537.2
2026-06-04 14:00:00+00:00,0.8708,0.8747,0.8606,0.8702,1049016.2
2026-06-04 15:00:00+00:00,0.8702,0.8907,0.8685,0.8866,738551.2
2026-06-04 16:00:00+00:00,0.8866,0.8969,0.881,0.8912,665943.4
2026-06-04 17:00:00+00:00,0.8912,0.8972,0.8698,0.8772,804031.2
2026-06-04 18:00:00+00:00,0.8772,0.9024,0.8702,0.8974,736724.6
2026-06-04 19:00:00+00:00,0.8974,0.902,0.8887,0.8934,460974.0
2026-06-04 20:00:00+00:00,0.8934,0.894,0.8788,0.8899,660637.9
2026-06-04 21:00:00+00:00,0.8899,0.9011,0.8447,0.8503,1030880.4
2026-06-04 22:00:00+00:00,0.8503,0.8649,0.8404,0.8626,1180878.4
2026-06-04 23:00:00+00:00,0.8626,0.8696,0.8534,0.8653,769276.3
2026-06-05 00:00:00+00:00,0.8653,0.8751,0.8475,0.8489,886801.8
2026-06-05 01:00:00+00:00,0.8489,0.8703,0.8407,0.8607,900280.9
2026-06-05 02:00:00+00:00,0.8607,0.8607,0.823,0.8275,956430.8
2026-06-05 03:00:00+00:00,0.8275,0.8406,0.8197,0.8291,974775.7
2026-06-05 04:00:00+00:00,0.8291,0.8507,0.8254,0.8485,1007245.7
2026-06-05 05:00:00+00:00,0.8485,0.8528,0.8137,0.8179,1481843.8
2026-06-05 06:00:00+00:00,0.8179,0.8219,0.7635,0.7948,6143779.8
2026-06-05 07:00:00+00:00,0.7948,0.8086,0.7688,0.805,3710971.3
2026-06-05 08:00:00+00:00,0.805,0.8056,0.7782,0.7813,1373900.9
2026-06-05 09:00:00+00:00,0.7813,0.8037,0.781,0.8034,1436578.0
2026-06-05 10:00:00+00:00,0.8034,0.8052,0.7817,0.7855,1175276.2
2026-06-05 11:00:00+00:00,0.7855,0.7858,0.7744,0.7826,1001081.5
2026-06-05 12:00:00+00:00,0.7826,0.7879,0.7696,0.7866,1393956.1
2026-06-05 13:00:00+00:00,0.7866,0.8021,0.7615,0.7621,2798816.6
2026-06-05 14:00:00+00:00,0.7621,0.7941,0.7558,0.7821,2248400.9
2026-06-05 15:00:00+00:00,0.7821,0.7838,0.7205,0.7362,5859706.7
2026-06-05 16:00:00+00:00,0.7362,0.7463,0.713,0.7377,4467317.7
2026-06-05 17:00:00+00:00,0.7377,0.7429,0.7272,0.7386,1828837.3
2026-06-05 18:00:00+00:00,0.7386,0.7465,0.7098,0.7151,2563193.0
2026-06-05 19:00:00+00:00,0.7151,0.7336,0.6989,0.7286,2272203.9
2026-06-05 20:00:00+00:00,0.7286,0.747,0.7206,0.7438,1457962.9
2026-06-05 21:00:00+00:00,0.7438,0.75,0.7409,0.7427,602136.9
2026-06-05 22:00:00+00:00,0.7427,0.7502,0.7323,0.7461,550211.4
2026-06-05 23:00:00+00:00,0.7461,0.7488,0.7227,0.7336,706587.5
2026-06-06 00:00:00+00:00,0.7336,0.7482,0.7333,0.7423,565637.4
2026-06-06 01:00:00+00:00,0.7423,0.7452,0.7292,0.7301,356123.3
2026-06-06 02:00:00+00:00,0.7301,0.7332,0.7226,0.7243,503440.0
2026-06-06 03:00:00+00:00,0.7243,0.7246,0.7159,0.7179,595297.1
2026-06-06 04:00:00+00:00,0.7179,0.7226,0.675,0.6818,2295540.9
2026-06-06 05:00:00+00:00,0.6818,0.7106,0.6691,0.7089,1669184.5
2026-06-06 06:00:00+00:00,0.7089,0.7202,0.7088,0.7113,789173.0
2026-06-06 07:00:00+00:00,0.7113,0.7265,0.7091,0.7234,825532.4
2026-06-06 08:00:00+00:00,0.7234,0.7375,0.7214,0.7331,684429.8
2026-06-06 09:00:00+00:00,0.7331,0.7388,0.7202,0.7227,599444.6
2026-06-06 10:00:00+00:00,0.7227,0.7227,0.707,0.7184,1025881.9
2026-06-06 11:00:00+00:00,0.7184,0.7268,0.7164,0.7245,416670.7
2026-06-06 12:00:00+00:00,0.7245,0.7338,0.7203,0.7308,764797.5
2026-06-06 13:00:00+00:00,0.7308,0.736,0.7265,0.7302,454163.1
2026-06-06 14:00:00+00:00,0.7302,0.7355,0.726,0.7267,495677.8
2026-06-06 15:00:00+00:00,0.7267,0.7285,0.7139,0.7264,676656.0
2026-06-06 16:00:00+00:00,0.7264,0.7312,0.7182,0.7265,571940.1
2026-06-06 17:00:00+00:00,0.7265,0.727,0.7149,0.719,459622.4
2026-06-06 18:00:00+00:00,0.719,0.7328,0.7172,0.7279,489278.2
2026-06-06 19:00:00+00:00,0.7279,0.7339,0.7223,0.7227,294163.2
2026-06-06 20:00:00+00:00,0.7227,0.7275,0.7212,0.7247,306158.2
2026-06-06 21:00:00+00:00,0.7247,0.7309,0.7247,0.7272,200445.6
2026-06-06 22:00:00+00:00,0.7272,0.7292,0.7229,0.725,349289.7
2026-06-06 23:00:00+00:00,0.725,0.735,0.7246,0.7308,374381.5
2026-06-07 00:00:00+00:00,0.7308,0.7361,0.7278,0.7315,423183.8
2026-06-07 01:00:00+00:00,0.7315,0.7498,0.7311,0.7491,799451.8
2026-06-07 02:00:00+00:00,0.7491,0.7505,0.7421,0.7468,597082.0
2026-06-07 03:00:00+00:00,0.7468,0.7517,0.7448,0.7486,327879.2
2026-06-07 04:00:00+00:00,0.7486,0.7488,0.7407,0.7461,236933.7
2026-06-07 05:00:00+00:00,0.7461,0.7563,0.7442,0.7516,415335.4
2026-06-07 06:00:00+00:00,0.7516,0.7593,0.7478,0.7551,480050.9
2026-06-07 07:00:00+00:00,0.7551,0.7597,0.7531,0.7595,319256.9
2026-06-07 08:00:00+00:00,0.7595,0.7713,0.7531,0.771,502678.7
2026-06-07 09:00:00+00:00,0.771,0.7725,0.76,0.7607,409945.4
2026-06-07 10:00:00+00:00,0.7607,0.763,0.7557,0.7589,320824.3
2026-06-07 11:00:00+00:00,0.7589,0.7762,0.7568,0.7719,398442.3
2026-06-07 12:00:00+00:00,0.7719,0.7738,0.7474,0.7562,874182.5
2026-06-07 13:00:00+00:00,0.7562,0.7588,0.7529,0.7554,304930.1
2026-06-07 14:00:00+00:00,0.7554,0.7695,0.7542,0.7677,370479.6
2026-06-07 15:00:00+00:00,0.7677,0.7705,0.7589,0.7641,628935.9
2026-06-07 16:00:00+00:00,0.7641,0.7649,0.7573,0.7606,520893.9
2026-06-07 17:00:00+00:00,0.7606,0.7661,0.754,0.7586,344788.8
2026-06-07 18:00:00+00:00,0.7586,0.7628,0.7517,0.7527,279823.0
2026-06-07 19:00:00+00:00,0.7527,0.7543,0.7377,0.7421,914377.0
2026-06-07 20:00:00+00:00,0.7421,0.7553,0.7395,0.7529,440353.4
2026-06-07 21:00:00+00:00,0.7529,0.7557,0.749,0.7518,164535.8
2026-06-07 22:00:00+00:00,0.7518,0.8013,0.7517,0.7699,2322527.1
2026-06-07 23:00:00+00:00,0.7699,0.775,0.7688,0.7728,433151.0
2026-06-08 00:00:00+00:00,0.7728,0.7837,0.7683,0.7771,479231.6
2026-06-08 01:00:00+00:00,0.7771,0.7784,0.7592,0.7702,718265.1
2026-06-08 02:00:00+00:00,0.7702,0.775,0.7675,0.7695,283883.0
2026-06-08 03:00:00+00:00,0.7695,0.7749,0.7659,0.7684,510707.7
2026-06-08 04:00:00+00:00,0.7684,0.769,0.7572,0.7575,416880.1
2026-06-08 05:00:00+00:00,0.7575,0.761,0.7546,0.761,402198.8
2026-06-08 06:00:00+00:00,0.761,0.7682,0.7606,0.7641,332648.3
2026-06-08 07:00:00+00:00,0.7641,0.7697,0.7601,0.768,363677.4
2026-06-08 08:00:00+00:00,0.768,0.7708,0.761,0.7643,246339.0
2026-06-08 09:00:00+00:00,0.7643,0.7742,0.7638,0.774,361269.9
2026-06-08 10:00:00+00:00,0.774,0.7768,0.7676,0.7718,365143.0
2026-06-08 11:00:00+00:00,0.7718,0.786,0.77,0.7795,436528.2
2026-06-08 12:00:00+00:00,0.7795,0.7869,0.7696,0.7847,835024.0
2026-06-08 13:00:00+00:00,0.7847,0.7856,0.778,0.7805,749119.4
2026-06-08 14:00:00+00:00,0.7805,0.7819,0.7755,0.78,494367.5
2026-06-08 15:00:00+00:00,0.78,0.7871,0.7793,0.7806,496568.5
2026-06-08 16:00:00+00:00,0.7806,0.791,0.779,0.7802,451541.7
2026-06-08 17:00:00+00:00,0.7802,0.7876,0.7767,0.7874,335080.0
2026-06-08 18:00:00+00:00,0.7874,0.7912,0.7853,0.7881,303470.5
2026-06-08 19:00:00+00:00,0.7881,0.7905,0.7855,0.7869,516473.6
2026-06-08 20:00:00+00:00,0.7869,0.7882,0.7789,0.7877,431308.7
2026-06-08 21:00:00+00:00,0.7877,0.7924,0.7831,0.7831,477798.1
2026-06-08 22:00:00+00:00,0.7831,0.7831,0.7745,0.7776,347903.6
2026-06-08 23:00:00+00:00,0.7776,0.7803,0.7706,0.7748,281990.9
2026-06-09 00:00:00+00:00,0.7748,0.7766,0.7547,0.7591,1032551.8
2026-06-09 01:00:00+00:00,0.7591,0.7671,0.7569,0.7643,369620.3
2026-06-09 02:00:00+00:00,0.7643,0.7657,0.7553,0.7599,219523.7
2026-06-09 03:00:00+00:00,0.7599,0.7644,0.7575,0.7634,256551.3
2026-06-09 04:00:00+00:00,0.7634,0.7746,0.7603,0.7711,376586.0
2026-06-09 05:00:00+00:00,0.7711,0.7793,0.7698,0.7742,381057.0
2026-06-09 06:00:00+00:00,0.7742,0.7771,0.7693,0.7712,239602.1
2026-06-09 07:00:00+00:00,0.7712,0.7763,0.7676,0.7713,424253.4
2026-06-09 08:00:00+00:00,0.7713,0.7754,0.7665,0.7713,349945.0
2026-06-09 09:00:00+00:00,0.7713,0.7734,0.7638,0.7682,295678.6
2026-06-09 10:00:00+00:00,0.7682,0.7705,0.7626,0.7658,367960.2
2026-06-09 11:00:00+00:00,0.7658,0.7688,0.7627,0.7673,182340.1
2026-06-09 12:00:00+00:00,0.7673,0.7748,0.7673,0.774,299264.3
2026-06-09 13:00:00+00:00,0.774,0.7817,0.7695,0.777,433507.4
2026-06-09 14:00:00+00:00,0.777,0.7782,0.7499,0.7596,1127749.5
2026-06-09 15:00:00+00:00,0.7596,0.7643,0.7476,0.7506,570809.9
2026-06-09 16:00:00+00:00,0.7506,0.7543,0.7398,0.749,1184955.5
2026-06-09 17:00:00+00:00,0.749,0.7671,0.7484,0.7608,543978.8
2026-06-09 18:00:00+00:00,0.7608,0.7704,0.7588,0.7674,333288.9
2026-06-09 19:00:00+00:00,0.7674,0.7751,0.766,0.7716,371014.9
2026-06-09 20:00:00+00:00,0.7716,0.778,0.7697,0.773,398493.7
2026-06-09 21:00:00+00:00,0.773,0.7742,0.7637,0.7646,222498.7
2026-06-09 22:00:00+00:00,0.7646,0.7687,0.7603,0.7608,288922.3
2026-06-09 23:00:00+00:00,0.7608,0.7649,0.759,0.7618,262483.5
2026-06-10 00:00:00+00:00,0.7618,0.7681,0.7581,0.7679,405798.9
2026-06-10 01:00:00+00:00,0.7679,0.7706,0.7595,0.7651,374156.4
2026-06-10 02:00:00+00:00,0.7651,0.7669,0.75,0.754,389082.5
2026-06-10 03:00:00+00:00,0.754,0.7605,0.753,0.7567,233779.9
2026-06-10 04:00:00+00:00,0.7567,0.7588,0.7485,0.7523,352984.9
2026-06-10 05:00:00+00:00,0.7523,0.7543,0.7472,0.7497,238827.0
2026-06-10 06:00:00+00:00,0.7497,0.7551,0.747,0.751,302218.1
2026-06-10 07:00:00+00:00,0.751,0.7591,0.7507,0.7547,354635.1
2026-06-10 08:00:00+00:00,0.7547,0.7552,0.7449,0.7461,475290.7
2026-06-10 09:00:00+00:00,0.7461,0.7515,0.7385,0.7494,614869.1
2026-06-10 10:00:00+00:00,0.7494,0.7511,0.7435,0.7495,414288.1
2026-06-10 11:00:00+00:00,0.7495,0.7505,0.7352,0.7401,1175127.3
2026-06-10 12:00:00+00:00,0.7401,0.7601,0.7371,0.7537,1199903.4
2026-06-10 13:00:00+00:00,0.7537,0.7688,0.7514,0.7609,814272.4
2026-06-10 14:00:00+00:00,0.7609,0.762,0.7481,0.7527,629845.8
2026-06-10 15:00:00+00:00,0.7527,0.7592,0.7458,0.7556,1035593.8
2026-06-10 16:00:00+00:00,0.7556,0.7585,0.7429,0.7492,700222.9
2026-06-10 17:00:00+00:00,0.7492,0.7534,0.7379,0.7453,909714.5
2026-06-10 18:00:00+00:00,0.7453,0.7482,0.739,0.7462,513715.1
2026-06-10 19:00:00+00:00,0.7462,0.747,0.734,0.7365,569763.8
2026-06-10 20:00:00+00:00,0.7365,0.7387,0.7273,0.7315,657291.7
2026-06-10 21:00:00+00:00,0.7315,0.7343,0.7214,0.7252,626320.2
2026-06-10 22:00:00+00:00,0.7252,0.7317,0.72,0.7247,530514.3
2026-06-10 23:00:00+00:00,0.7247,0.7362,0.7215,0.7336,805448.4
2026-06-11 00:00:00+00:00,0.7336,0.7409,0.7334,0.7391,467105.5
2026-06-11 01:00:00+00:00,0.7391,0.7508,0.739,0.7483,381530.3
2026-06-11 02:00:00+00:00,0.7483,0.7491,0.7365,0.7408,381257.4
2026-06-11 03:00:00+00:00,0.7408,0.7631,0.7397,0.7592,604172.6
2026-06-11 04:00:00+00:00,0.7592,0.7661,0.7547,0.7609,315567.6
2026-06-11 05:00:00+00:00,0.7609,0.7612,0.755,0.756,174922.5
2026-06-11 06:00:00+00:00,0.756,0.7607,0.7528,0.7528,277144.4
2026-06-11 07:00:00+00:00,0.7528,0.7569,0.7517,0.7538,210866.0
2026-06-11 08:00:00+00:00,0.7538,0.7606,0.7538,0.7581,342225.6
2026-06-11 09:00:00+00:00,0.7581,0.7585,0.749,0.7532,645848.3
2026-06-11 10:00:00+00:00,0.7532,0.7549,0.7504,0.7538,380982.4
2026-06-11 11:00:00+00:00,0.7538,0.7587,0.7513,0.7555,393178.8
2026-06-11 12:00:00+00:00,0.7555,0.7557,0.7424,0.7508,708785.7
2026-06-11 13:00:00+00:00,0.7508,0.7581,0.7475,0.7537,590444.5
2026-06-11 14:00:00+00:00,0.7537,0.7551,0.7478,0.7484,322488.3
2026-06-11 15:00:00+00:00,0.7484,0.7551,0.7441,0.7529,436148.0
2026-06-11 16:00:00+00:00,0.7529,0.756,0.7489,0.7502,328406.3
2026-06-11 17:00:00+00:00,0.7502,0.7726,0.7419,0.7709,1490549.2
2026-06-11 18:00:00+00:00,0.7709,0.7738,0.7635,0.7659,442804.6
2026-06-11 19:00:00+00:00,0.7659,0.7705,0.7621,0.7638,288396.7
2026-06-11 20:00:00+00:00,0.7638,0.7659,0.7585,0.762,318784.9
2026-06-11 21:00:00+00:00,0.762,0.7687,0.762,0.7638,223102.6
2026-06-11 22:00:00+00:00,0.7638,0.765,0.7584,0.7599,198242.4
2026-06-11 23:00:00+00:00,0.7599,0.7609,0.7539,0.7577,389363.0
2026-06-12 00:00:00+00:00,0.7577,0.7612,0.7554,0.7569,357675.2
2026-06-12 01:00:00+00:00,0.7569,0.7575,0.7497,0.7566,414699.8
2026-06-12 02:00:00+00:00,0.7566,0.763,0.7562,0.7594,137945.7
2026-06-12 03:00:00+00:00,0.7594,0.762,0.7585,0.7604,153345.2
2026-06-12 04:00:00+00:00,0.7604,0.7618,0.7573,0.7585,198803.2
2026-06-12 05:00:00+00:00,0.7585,0.7588,0.752,0.7525,269289.9
2026-06-12 06:00:00+00:00,0.7525,0.7532,0.7421,0.7444,419180.2
2026-06-12 07:00:00+00:00,0.7444,0.7518,0.7444,0.7491,285320.0
2026-06-12 08:00:00+00:00,0.7491,0.7566,0.7488,0.7541,210720.4
2026-06-12 09:00:00+00:00,0.7541,0.7599,0.752,0.7564,268219.9
2026-06-12 10:00:00+00:00,0.7564,0.7606,0.7524,0.7534,258940.5
2026-06-12 11:00:00+00:00,0.7534,0.7567,0.7521,0.7539,153556.6
2026-06-12 12:00:00+00:00,0.7539,0.7599,0.7506,0.7524,583862.4
2026-06-12 13:00:00+00:00,0.7524,0.7536,0.7393,0.7447,1002522.4
2026-06-12 14:00:00+00:00,0.7447,0.7623,0.7439,0.7614,814294.0
2026-06-12 15:00:00+00:00,0.7614,0.764,0.7431,0.7439,822116.9
2026-06-12 16:00:00+00:00,0.7439,0.7567,0.7412,0.7566,634049.5
2026-06-12 17:00:00+00:00,0.7566,0.7608,0.7509,0.7516,335349.1
2026-06-12 18:00:00+00:00,0.7516,0.7541,0.7463,0.75,254977.0
2026-06-12 19:00:00+00:00,0.75,0.7558,0.7491,0.7493,246239.1
2026-06-12 20:00:00+00:00,0.7493,0.7541,0.7465,0.7481,204403.6
2026-06-12 21:00:00+00:00,0.7481,0.7514,0.7439,0.7456,111359.2
2026-06-12 22:00:00+00:00,0.7456,0.7498,0.7447,0.7466,276416.8
2026-06-12 23:00:00+00:00,0.7466,0.7488,0.7421,0.7485,186112.0
2026-06-13 00:00:00+00:00,0.7485,0.7551,0.7476,0.7539,200698.1
2026-06-13 01:00:00+00:00,0.7539,0.765,0.7539,0.7638,372665.9
2026-06-13 02:00:00+00:00,0.7638,0.7639,0.7575,0.7621,193254.7
2026-06-13 03:00:00+00:00,0.7621,0.7633,0.7573,0.7585,179244.6
2026-06-13 04:00:00+00:00,0.7585,0.7694,0.756,0.7624,258653.1
2026-06-13 05:00:00+00:00,0.7624,0.7637,0.7546,0.7594,277600.3
2026-06-13 06:00:00+00:00,0.7594,0.7748,0.7574,0.772,521205.3
2026-06-13 07:00:00+00:00,0.772,0.7809,0.7673,0.775,688579.5
2026-06-13 08:00:00+00:00,0.775,0.7809,0.7739,0.7755,470626.9
2026-06-13 09:00:00+00:00,0.7755,0.7848,0.7746,0.7772,291244.6
2026-06-13 10:00:00+00:00,0.7772,0.7803,0.7761,0.7788,221626.4
2026-06-13 11:00:00+00:00,0.7788,0.7861,0.7783,0.783,243993.6
2026-06-13 12:00:00+00:00,0.783,0.7917,0.7814,0.7872,359678.7
2026-06-13 13:00:00+00:00,0.7872,0.7903,0.7834,0.7869,356042.5
2026-06-13 14:00:00+00:00,0.7869,0.7896,0.7802,0.786,267049.7
2026-06-13 15:00:00+00:00,0.786,0.7986,0.7855,0.792,478186.5
2026-06-13 16:00:00+00:00,0.792,0.7928,0.7796,0.7862,666515.2
2026-06-13 17:00:00+00:00,0.7862,0.7917,0.7806,0.7875,331841.8
2026-06-13 18:00:00+00:00,0.7875,0.7907,0.7834,0.7878,361746.9
2026-06-13 19:00:00+00:00,0.7878,0.7938,0.7846,0.7884,323188.7
2026-06-13 20:00:00+00:00,0.7884,0.7884,0.784,0.7856,181516.8
2026-06-13 21:00:00+00:00,0.7856,0.7925,0.7823,0.7898,204639.4
2026-06-13 22:00:00+00:00,0.7898,0.7904,0.7844,0.7847,167816.0
2026-06-13 23:00:00+00:00,0.7847,0.7872,0.7827,0.784,219256.0
2026-06-14 00:00:00+00:00,0.784,0.7853,0.7751,0.7794,518051.1
2026-06-14 01:00:00+00:00,0.7794,0.7795,0.7745,0.7768,345316.6
2026-06-14 02:00:00+00:00,0.7768,0.7805,0.7753,0.776,376419.9
2026-06-14 03:00:00+00:00,0.776,0.7771,0.7727,0.776,181101.8
2026-06-14 04:00:00+00:00,0.776,0.778,0.7704,0.7712,185463.8
2026-06-14 05:00:00+00:00,0.7712,0.7714,0.7638,0.7706,362597.4
2026-06-14 06:00:00+00:00,0.7706,0.7746,0.7665,0.7671,309828.9
2026-06-14 07:00:00+00:00,0.7671,0.7683,0.7646,0.7673,198291.2
2026-06-14 08:00:00+00:00,0.7673,0.7723,0.7663,0.7692,230577.5
2026-06-14 09:00:00+00:00,0.7692,0.7772,0.768,0.7761,330731.6
2026-06-14 10:00:00+00:00,0.7761,0.7777,0.7708,0.7713,305273.2
2026-06-14 11:00:00+00:00,0.7713,0.7727,0.7685,0.7714,211495.3
2026-06-14 12:00:00+00:00,0.7714,0.7725,0.7655,0.7668,203678.3
2026-06-14 13:00:00+00:00,0.7668,0.7687,0.7626,0.7681,243488.3
2026-06-14 14:00:00+00:00,0.7681,0.7691,0.7521,0.759,679743.6
2026-06-14 15:00:00+00:00,0.759,0.7605,0.7566,0.7598,292054.2
2026-06-14 16:00:00+00:00,0.7598,0.7621,0.7579,0.7592,206280.3
2026-06-14 17:00:00+00:00,0.7592,0.7612,0.753,0.7542,378346.4
2026-06-14 18:00:00+00:00,0.7542,0.7573,0.7526,0.7558,195639.6
2026-06-14 19:00:00+00:00,0.7558,0.7614,0.7544,0.7577,149878.8
2026-06-14 20:00:00+00:00,0.7577,0.7643,0.7567,0.7614,505890.5
2026-06-14 21:00:00+00:00,0.7614,0.796,0.7613,0.7901,1153155.5
2026-06-14 22:00:00+00:00,0.7901,0.7931,0.7818,0.7872,630012.8
2026-06-14 23:00:00+00:00,0.7872,0.7968,0.7836,0.794,711505.3
2026-06-15 00:00:00+00:00,0.794,0.7946,0.7874,0.7895,471679.2
2026-06-15 01:00:00+00:00,0.7895,0.7928,0.7846,0.7906,204969.1
2026-06-15 02:00:00+00:00,0.7906,0.7989,0.7893,0.7962,269033.7
2026-06-15 03:00:00+00:00,0.7962,0.807,0.7936,0.8023,453135.6
2026-06-15 04:00:00+00:00,0.8023,0.8102,0.8009,0.8027,398365.6
2026-06-15 05:00:00+00:00,0.8027,0.8117,0.8,0.8039,514846.4
2026-06-15 06:00:00+00:00,0.8039,0.8092,0.801,0.8023,275097.7
2026-06-15 07:00:00+00:00,0.8023,0.8066,0.7982,0.8,400874.2
2026-06-15 08:00:00+00:00,0.8,0.8052,0.7989,0.8003,641056.8
2026-06-15 09:00:00+00:00,0.8003,0.803,0.7968,0.7989,314995.1
2026-06-15 10:00:00+00:00,0.7989,0.8115,0.798,0.8059,467288.1
2026-06-15 11:00:00+00:00,0.8059,0.8239,0.8049,0.8171,1380295.8
2026-06-15 12:00:00+00:00,0.8171,0.8185,0.8076,0.8142,650805.7
2026-06-15 13:00:00+00:00,0.8142,0.8223,0.8119,0.8162,547915.3
2026-06-15 14:00:00+00:00,0.8162,0.8199,0.8112,0.8134,869901.1
2026-06-15 15:00:00+00:00,0.8134,0.8175,0.8045,0.8148,542028.1
2026-06-15 16:00:00+00:00,0.8148,0.8152,0.8098,0.8119,269628.4
2026-06-15 17:00:00+00:00,0.8119,0.8188,0.8062,0.8141,418952.5
2026-06-15 18:00:00+00:00,0.8141,0.8183,0.8115,0.8118,301999.9
2026-06-15 19:00:00+00:00,0.8118,0.8146,0.7957,0.8023,812188.3
2026-06-15 20:00:00+00:00,0.8023,0.8065,0.8,0.8026,240835.3
2026-06-15 21:00:00+00:00,0.8026,0.8044,0.8001,0.8009,175377.5
2026-06-15 22:00:00+00:00,0.8009,0.8024,0.7848,0.7895,1297100.3
2026-06-15 23:00:00+00:00,0.7895,0.7955,0.7887,0.795,313508.7
2026-06-16 00:00:00+00:00,0.795,0.7982,0.7921,0.7937,334642.6
2026-06-16 01:00:00+00:00,0.7937,0.7991,0.7927,0.7936,178157.7
2026-06-16 02:00:00+00:00,0.7936,0.7955,0.7828,0.7889,400471.8
2026-06-16 03:00:00+00:00,0.7889,0.7989,0.7882,0.7979,235442.6
2026-06-16 04:00:00+00:00,0.7979,0.7981,0.7875,0.7902,222118.8
2026-06-16 05:00:00+00:00,0.7902,0.7941,0.7893,0.7925,155273.2
2026-06-16 06:00:00+00:00,0.7925,0.7978,0.7918,0.7963,288462.0
2026-06-16 07:00:00+00:00,0.7963,0.8014,0.793,0.8009,310059.0
2026-06-16 08:00:00+00:00,0.8009,0.8109,0.7983,0.8107,396507.7
2026-06-16 09:00:00+00:00,0.8107,0.8107,0.8014,0.8026,321919.1
2026-06-16 10:00:00+00:00,0.8026,0.8047,0.8001,0.8021,240451.4
2026-06-16 11:00:00+00:00,0.8021,0.8033,0.7957,0.7999,302857.5
2026-06-16 12:00:00+00:00,0.7999,0.8066,0.7964,0.8032,273968.2
2026-06-16 13:00:00+00:00,0.8032,0.8045,0.7883,0.7917,539311.4
2026-06-16 14:00:00+00:00,0.7917,0.7953,0.7729,0.7778,1176598.1
2026-06-16 15:00:00+00:00,0.7778,0.7864,0.7771,0.7836,413193.4
2026-06-16 16:00:00+00:00,0.7836,0.7888,0.7811,0.7839,282589.5
2026-06-16 17:00:00+00:00,0.7839,0.7921,0.7824,0.7918,247036.8
2026-06-16 18:00:00+00:00,0.7918,0.8037,0.7914,0.7975,1024599.3
2026-06-16 19:00:00+00:00,0.7975,0.8012,0.791,0.799,604758.6
2026-06-16 20:00:00+00:00,0.799,0.8206,0.7961,0.8123,1328962.0
2026-06-16 21:00:00+00:00,0.8123,0.8128,0.8037,0.8083,329085.1
2026-06-16 22:00:00+00:00,0.8083,0.8169,0.8068,0.8161,488285.5
2026-06-16 23:00:00+00:00,0.8161,0.8192,0.8055,0.8079,373511.7
2026-06-17 00:00:00+00:00,0.8079,0.8182,0.806,0.8154,494551.7
2026-06-17 01:00:00+00:00,0.8154,0.8242,0.8071,0.8224,690994.1
2026-06-17 02:00:00+00:00,0.8224,0.8308,0.8181,0.8259,553706.8
2026-06-17 03:00:00+00:00,0.8259,0.8264,0.8136,0.8166,374028.2
2026-06-17 04:00:00+00:00,0.8166,0.8239,0.8128,0.8182,239590.4
2026-06-17 05:00:00+00:00,0.8182,0.8214,0.8103,0.8156,177987.6
2026-06-17 06:00:00+00:00,0.8156,0.8219,0.812,0.816,422927.2
2026-06-17 07:00:00+00:00,0.816,0.8254,0.8122,0.8155,800361.6
2026-06-17 08:00:00+00:00,0.8155,0.8174,0.8004,0.8053,822574.1
2026-06-17 09:00:00+00:00,0.8053,0.8136,0.8049,0.8107,499634.2
2026-06-17 10:00:00+00:00,0.8107,0.8162,0.806,0.8087,334437.6
2026-06-17 11:00:00+00:00,0.8087,0.8102,0.8019,0.8019,395555.1
2026-06-17 12:00:00+00:00,0.8019,0.8125,0.7975,0.812,625847.5
2026-06-17 13:00:00+00:00,0.812,0.8153,0.8065,0.8074,441993.7
2026-06-17 14:00:00+00:00,0.8074,0.8191,0.8027,0.8095,729070.1
2026-06-17 15:00:00+00:00,0.8095,0.8321,0.8088,0.8306,1025330.1
2026-06-17 16:00:00+00:00,0.8306,0.8311,0.8139,0.8148,743201.9
2026-06-17 17:00:00+00:00,0.8148,0.8203,0.8078,0.8203,532136.2
2026-06-17 18:00:00+00:00,0.8203,0.8218,0.7945,0.8113,1360915.6
2026-06-17 19:00:00+00:00,0.8113,0.8141,0.7799,0.7848,1707264.0
2026-06-17 20:00:00+00:00,0.7848,0.7939,0.7823,0.7926,621611.2
2026-06-17 21:00:00+00:00,0.7926,0.7949,0.7844,0.7874,345777.1
2026-06-17 22:00:00+00:00,0.7874,0.798,0.7749,0.7951,792720.6
2026-06-17 23:00:00+00:00,0.7951,0.8043,0.7951,0.7978,280990.6
2026-06-18 00:00:00+00:00,0.7978,0.8038,0.7975,0.7986,199476.5
2026-06-18 01:00:00+00:00,0.7986,0.8081,0.7975,0.7995,193120.5
2026-06-18 02:00:00+00:00,0.7995,0.8041,0.7979,0.8013,149204.2
2026-06-18 03:00:00+00:00,0.8013,0.8022,0.7884,0.7911,427079.6
2026-06-18 04:00:00+00:00,0.7911,0.7925,0.781,0.7827,595763.6
2026-06-18 05:00:00+00:00,0.7827,0.7871,0.7769,0.7871,449432.9
2026-06-18 06:00:00+00:00,0.7871,0.7909,0.7831,0.7901,186305.4
2026-06-18 07:00:00+00:00,0.7901,0.7945,0.7874,0.7904,265857.2
2026-06-18 08:00:00+00:00,0.7904,0.7978,0.7883,0.793,146778.2
2026-06-18 09:00:00+00:00,0.793,0.8008,0.7921,0.7977,185484.9
2026-06-18 10:00:00+00:00,0.7977,0.7981,0.7934,0.7941,252544.8
2026-06-18 11:00:00+00:00,0.7941,0.7964,0.7849,0.7861,319044.6
2026-06-18 12:00:00+00:00,0.7861,0.7921,0.7834,0.7909,203200.8
2026-06-18 13:00:00+00:00,0.7909,0.7972,0.7797,0.7862,595573.4
2026-06-18 14:00:00+00:00,0.7862,0.8026,0.7845,0.7964,733053.7
2026-06-18 15:00:00+00:00,0.7964,0.7967,0.7546,0.7574,2796086.0
2026-06-18 16:00:00+00:00,0.7574,0.769,0.7551,0.7676,680507.8
2026-06-18 17:00:00+00:00,0.7676,0.7686,0.7574,0.7666,702224.5
2026-06-18 18:00:00+00:00,0.7666,0.7747,0.7651,0.7705,493854.6
2026-06-18 19:00:00+00:00,0.7705,0.787,0.7693,0.7825,590390.5
2026-06-18 20:00:00+00:00,0.7825,0.7996,0.7825,0.7962,720389.3
2026-06-18 21:00:00+00:00,0.7962,0.7972,0.7858,0.7934,382373.3
2026-06-18 22:00:00+00:00,0.7934,0.7993,0.7927,0.7975,289978.8
2026-06-18 23:00:00+00:00,0.7975,0.7997,0.7922,0.7992,225306.8
2026-06-19 00:00:00+00:00,0.7992,0.8032,0.7965,0.7974,336224.3
2026-06-19 01:00:00+00:00,0.7974,0.7991,0.7895,0.7922,410321.2
2026-06-19 02:00:00+00:00,0.7922,0.7966,0.789,0.7951,262359.5
2026-06-19 03:00:00+00:00,0.7951,0.796,0.773,0.782,1075199.4
2026-06-19 04:00:00+00:00,0.782,0.7865,0.7678,0.7702,543137.5
2026-06-19 05:00:00+00:00,0.7702,0.7774,0.7699,0.7767,256946.9
2026-06-19 06:00:00+00:00,0.7767,0.7812,0.7752,0.7792,402341.2
2026-06-19 07:00:00+00:00,0.7792,0.7795,0.7651,0.7683,391070.3
2026-06-19 08:00:00+00:00,0.7683,0.7737,0.7671,0.7715,239828.6
2026-06-19 09:00:00+00:00,0.7715,0.7729,0.7654,0.7728,227031.5
2026-06-19 10:00:00+00:00,0.7728,0.774,0.7676,0.7724,414493.6
2026-06-19 11:00:00+00:00,0.7724,0.7739,0.767,0.7674,437004.5
2026-06-19 12:00:00+00:00,0.7674,0.7755,0.7621,0.7749,572401.4
2026-06-19 13:00:00+00:00,0.7749,0.7903,0.7725,0.7876,548951.0
2026-06-19 14:00:00+00:00,0.7876,0.7947,0.7853,0.788,425715.2
2026-06-19 15:00:00+00:00,0.788,0.8058,0.7854,0.8053,817895.9
2026-06-19 16:00:00+00:00,0.8053,0.8076,0.793,0.7962,1082420.1
2026-06-19 17:00:00+00:00,0.7962,0.8049,0.793,0.7983,446269.5
2026-06-19 18:00:00+00:00,0.7983,0.8006,0.7862,0.7903,334917.5
2026-06-19 19:00:00+00:00,0.7903,0.7907,0.7784,0.7823,395169.6
2026-06-19 20:00:00+00:00,0.7823,0.7917,0.7799,0.7909,239512.6
2026-06-19 21:00:00+00:00,0.7909,0.7941,0.7863,0.7888,202180.6
2026-06-19 22:00:00+00:00,0.7888,0.7939,0.7883,0.7903,185553.6
2026-06-19 23:00:00+00:00,0.7903,0.794,0.7872,0.7916,355763.3
2026-06-20 00:00:00+00:00,0.7916,0.7983,0.7883,0.789,398788.2
2026-06-20 01:00:00+00:00,0.789,0.7933,0.787,0.7923,213387.4
2026-06-20 02:00:00+00:00,0.7923,0.7933,0.7836,0.7841,420457.1
2026-06-20 03:00:00+00:00,0.7841,0.7882,0.7831,0.786,112666.8
2026-06-20 04:00:00+00:00,0.786,0.7891,0.7846,0.7889,153497.1
2026-06-20 05:00:00+00:00,0.7889,0.7972,0.7875,0.7908,313804.1
2026-06-20 06:00:00+00:00,0.7908,0.7918,0.7875,0.791,139533.3
2026-06-20 07:00:00+00:00,0.791,0.7924,0.7844,0.785,287232.5
2026-06-20 08:00:00+00:00,0.785,0.7873,0.781,0.786,205152.2
2026-06-20 09:00:00+00:00,0.786,0.7917,0.7859,0.789,137263.2
2026-06-20 10:00:00+00:00,0.789,0.7915,0.7835,0.7859,114888.7
2026-06-20 11:00:00+00:00,0.7859,0.7865,0.7823,0.7831,186244.4
2026-06-20 12:00:00+00:00,0.7831,0.7856,0.7821,0.7846,193917.4
2026-06-20 13:00:00+00:00,0.7846,0.7848,0.7769,0.7804,345809.1
2026-06-20 14:00:00+00:00,0.7804,0.7927,0.7735,0.7865,682579.0
2026-06-20 15:00:00+00:00,0.7865,0.7931,0.7837,0.792,418378.6
2026-06-20 16:00:00+00:00,0.792,0.792,0.7843,0.7886,260575.9
2026-06-20 17:00:00+00:00,0.7886,0.7887,0.776,0.7808,330365.8
2026-06-20 18:00:00+00:00,0.7808,0.7848,0.7799,0.7801,148634.0
2026-06-20 19:00:00+00:00,0.7801,0.7826,0.7794,0.7809,56450.9
2026-06-20 20:00:00+00:00,0.7809,0.7818,0.7779,0.7799,78002.6
2026-06-20 21:00:00+00:00,0.7799,0.7849,0.7795,0.7829,282600.7
2026-06-20 22:00:00+00:00,0.7829,0.7897,0.7817,0.7875,226699.4
2026-06-20 23:00:00+00:00,0.7875,0.7902,0.7861,0.7869,189264.3
2026-06-21 00:00:00+00:00,0.7869,0.7883,0.785,0.7872,200143.2
2026-06-21 01:00:00+00:00,0.7872,0.7898,0.7854,0.7873,96388.1
2026-06-21 02:00:00+00:00,0.7873,0.7884,0.7851,0.7868,118821.0
2026-06-21 03:00:00+00:00,0.7868,0.7958,0.7862,0.7944,200696.0
2026-06-21 04:00:00+00:00,0.7944,0.7954,0.788,0.7883,179853.9
2026-06-21 05:00:00+00:00,0.7883,0.7898,0.7859,0.7878,130406.2
2026-06-21 06:00:00+00:00,0.7878,0.7953,0.7874,0.7942,147489.2
2026-06-21 07:00:00+00:00,0.7942,0.7986,0.7923,0.7959,201287.4
2026-06-21 08:00:00+00:00,0.7959,0.7994,0.7877,0.7994,237817.4
2026-06-21 09:00:00+00:00,0.7994,0.8003,0.7938,0.7998,195092.0
2026-06-21 10:00:00+00:00,0.7998,0.8051,0.7967,0.8041,377540.8
2026-06-21 11:00:00+00:00,0.8041,0.8094,0.7999,0.805,621812.6
2026-06-21 12:00:00+00:00,0.805,0.8112,0.7977,0.8084,564490.8
2026-06-21 13:00:00+00:00,0.8084,0.8256,0.8052,0.8106,944934.4
2026-06-21 14:00:00+00:00,0.8106,0.8133,0.8032,0.8075,328117.6
2026-06-21 15:00:00+00:00,0.8075,0.8166,0.8058,0.8137,496295.2
2026-06-21 16:00:00+00:00,0.8137,0.8144,0.8061,0.8084,373557.4
2026-06-21 17:00:00+00:00,0.8084,0.8099,0.8004,0.8021,211391.0
2026-06-21 18:00:00+00:00,0.8021,0.8067,0.7988,0.8041,310033.5
2026-06-21 19:00:00+00:00,0.8041,0.8061,0.8006,0.8017,87782.2
2026-06-21 20:00:00+00:00,0.8017,0.8019,0.7944,0.7962,211502.5
2026-06-21 21:00:00+00:00,0.7962,0.7968,0.7804,0.7915,559786.2
2026-06-21 22:00:00+00:00,0.7915,0.7935,0.7858,0.7897,278087.2
2026-06-21 23:00:00+00:00,0.7897,0.7897,0.7795,0.7815,648002.6
2026-06-22 00:00:00+00:00,0.7815,0.7981,0.7807,0.7979,595748.9
2026-06-22 01:00:00+00:00,0.7979,0.82,0.796,0.8146,1236886.6
2026-06-22 02:00:00+00:00,0.8146,0.8153,0.8071,0.8094,303237.8
2026-06-22 03:00:00+00:00,0.8094,0.8133,0.8025,0.805,404800.4
2026-06-22 04:00:00+00:00,0.805,0.8081,0.8013,0.8045,214303.6
2026-06-22 05:00:00+00:00,0.8045,0.8091,0.8036,0.807,166335.1
2026-06-22 06:00:00+00:00,0.807,0.8085,0.8009,0.8022,257328.0
2026-06-22 07:00:00+00:00,0.8022,0.8105,0.8019,0.8057,244787.8
2026-06-22 08:00:00+00:00,0.8057,0.8091,0.802,0.8077,382551.9
2026-06-22 09:00:00+00:00,0.8077,0.8081,0.8013,0.8027,205260.5
2026-06-22 10:00:00+00:00,0.8027,0.8051,0.7977,0.8004,178819.0
2026-06-22 11:00:00+00:00,0.8004,0.8142,0.7997,0.8109,494383.0
2026-06-22 12:00:00+00:00,0.8109,0.8126,0.8085,0.8116,262217.0
2026-06-22 13:00:00+00:00,0.8116,0.8191,0.8086,0.817,339545.7
2026-06-22 14:00:00+00:00,0.817,0.8175,0.8008,0.8047,498898.8
2026-06-22 15:00:00+00:00,0.8047,0.815,0.8023,0.8035,607400.6
2026-06-22 16:00:00+00:00,0.8035,0.8119,0.8007,0.811,398281.5
2026-06-22 17:00:00+00:00,0.811,0.8123,0.7998,0.8023,301232.3
2026-06-22 18:00:00+00:00,0.8023,0.8041,0.7911,0.7913,339400.4
2026-06-22 19:00:00+00:00,0.7913,0.7926,0.7866,0.7903,347640.4
2026-06-22 20:00:00+00:00,0.7903,0.796,0.79,0.7932,223061.7
2026-06-22 21:00:00+00:00,0.7932,0.794,0.7831,0.7863,197299.9
2026-06-22 22:00:00+00:00,0.7863,0.791,0.7781,0.7844,601542.4
2026-06-22 23:00:00+00:00,0.7844,0.7892,0.7825,0.7879,263948.5
2026-06-23 00:00:00+00:00,0.7879,0.7953,0.7835,0.7951,325260.7
2026-06-23 01:00:00+00:00,0.7951,0.8004,0.7889,0.7978,351490.6
2026-06-23 02:00:00+00:00,0.7978,0.7986,0.7909,0.7971,155226.8
2026-06-23 03:00:00+00:00,0.7971,0.803,0.7931,0.803,142655.0
2026-06-23 04:00:00+00:00,0.803,0.8035,0.7933,0.7938,232692.6
2026-06-23 05:00:00+00:00,0.7938,0.7961,0.7859,0.7921,238352.1
2026-06-23 06:00:00+00:00,0.7921,0.7925,0.764,0.7741,1932848.2
2026-06-23 07:00:00+00:00,0.7741,0.7765,0.7667,0.7674,329012.1
2026-06-23 08:00:00+00:00,0.7674,0.7711,0.7368,0.7464,2643988.7
2026-06-23 09:00:00+00:00,0.7464,0.752,0.7462,0.7511,447373.8
2026-06-23 10:00:00+00:00,0.7511,0.7542,0.7488,0.7511,325025.6
2026-06-23 11:00:00+00:00,0.7511,0.7594,0.7494,0.7571,432932.2
2026-06-23 12:00:00+00:00,0.7571,0.7583,0.7541,0.7567,314451.3
2026-06-23 13:00:00+00:00,0.7567,0.7755,0.7559,0.774,694387.3
2026-06-23 14:00:00+00:00,0.774,0.7829,0.7711,0.7728,759064.1
2026-06-23 15:00:00+00:00,0.7728,0.7731,0.7616,0.7689,650010.3
2026-06-23 16:00:00+00:00,0.7689,0.7766,0.7668,0.77,441565.8
2026-06-23 17:00:00+00:00,0.77,0.7713,0.7628,0.7636,235461.5
2026-06-23 18:00:00+00:00,0.7636,0.7711,0.7636,0.7699,195542.6
2026-06-23 19:00:00+00:00,0.7699,0.7791,0.7699,0.7771,318278.7
2026-06-23 20:00:00+00:00,0.7771,0.8015,0.7769,0.7996,971665.1
2026-06-23 21:00:00+00:00,0.7996,0.8056,0.7887,0.7927,643503.5
2026-06-23 22:00:00+00:00,0.7927,0.7961,0.787,0.7877,332708.8
2026-06-23 23:00:00+00:00,0.7877,0.789,0.7842,0.788,179199.8
2026-06-24 00:00:00+00:00,0.788,0.7911,0.7861,0.7904,306864.9
2026-06-24 01:00:00+00:00,0.7904,0.7946,0.7857,0.7902,244971.2
2026-06-24 02:00:00+00:00,0.7902,0.7938,0.7873,0.7873,203518.8
2026-06-24 03:00:00+00:00,0.7873,0.7881,0.7813,0.7826,218091.9
2026-06-24 04:00:00+00:00,0.7826,0.7842,0.7722,0.7805,288950.2
2026-06-24 05:00:00+00:00,0.7805,0.786,0.7792,0.7856,201974.5
2026-06-24 06:00:00+00:00,0.7856,0.7861,0.7796,0.7818,117214.2
2026-06-24 07:00:00+00:00,0.7818,0.7834,0.7756,0.7769,221659.3
2026-06-24 08:00:00+00:00,0.7769,0.7805,0.7742,0.7758,153135.7
2026-06-24 09:00:00+00:00,0.7758,0.7776,0.7742,0.7768,178871.4
2026-06-24 10:00:00+00:00,0.7768,0.7775,0.7687,0.7706,244349.4
2026-06-24 11:00:00+00:00,0.7706,0.7823,0.7655,0.7749,418455.4
2026-06-24 12:00:00+00:00,0.7749,0.7779,0.7694,0.7706,259095.9
2026-06-24 13:00:00+00:00,0.7706,0.7709,0.7497,0.7564,1530763.7
2026-06-24 14:00:00+00:00,0.7564,0.7634,0.7522,0.7617,878608.9
2026-06-24 15:00:00+00:00,0.7617,0.7618,0.7345,0.7391,876325.1
2026-06-24 16:00:00+00:00,0.7391,0.7496,0.7087,0.7174,2245804.5
2026-06-24 17:00:00+00:00,0.7174,0.7219,0.6974,0.7004,1706419.5
2026-06-24 18:00:00+00:00,0.7004,0.7171,0.6992,0.7095,914543.5
2026-06-24 19:00:00+00:00,0.7095,0.7201,0.7062,0.7197,691875.8
2026-06-24 20:00:00+00:00,0.7197,0.7417,0.7184,0.7375,945169.4
2026-06-24 21:00:00+00:00,0.7375,0.7505,0.7334,0.7503,436260.1
2026-06-24 22:00:00+00:00,0.7503,0.758,0.7499,0.7538,530714.5
2026-06-24 23:00:00+00:00,0.7538,0.7557,0.7477,0.7492,352928.2
2026-06-25 00:00:00+00:00,0.7492,0.751,0.7418,0.7432,445763.7
2026-06-25 01:00:00+00:00,0.7432,0.7467,0.74,0.7452,336033.8
2026-06-25 02:00:00+00:00,0.7452,0.7491,0.7444,0.7479,224710.7
2026-06-25 03:00:00+00:00,0.7479,0.7495,0.7442,0.7466,189898.3
2026-06-25 04:00:00+00:00,0.7466,0.757,0.7439,0.7551,233762.5
2026-06-25 05:00:00+00:00,0.7551,0.765,0.7545,0.7586,502333.1
2026-06-25 06:00:00+00:00,0.7586,0.7729,0.7584,0.7591,672900.0
2026-06-25 07:00:00+00:00,0.7591,0.7616,0.7571,0.7606,194209.9
2026-06-25 08:00:00+00:00,0.7606,0.7616,0.7548,0.7556,272992.2
2026-06-25 09:00:00+00:00,0.7556,0.7596,0.7531,0.7584,218534.4
2026-06-25 10:00:00+00:00,0.7584,0.7585,0.7517,0.7526,287527.2
2026-06-25 11:00:00+00:00,0.7526,0.7551,0.7507,0.7527,197488.6
2026-06-25 12:00:00+00:00,0.7527,0.7615,0.747,0.7525,512635.0
2026-06-25 13:00:00+00:00,0.7525,0.7595,0.6865,0.6923,2821913.3
2026-06-25 14:00:00+00:00,0.6923,0.7365,0.6923,0.7201,1624322.5
2026-06-25 15:00:00+00:00,0.7201,0.7224,0.7088,0.7204,802092.1
2026-06-25 16:00:00+00:00,0.7204,0.7314,0.7107,0.7156,727985.8
2026-06-25 17:00:00+00:00,0.7156,0.7307,0.7141,0.7306,468724.8
2026-06-25 18:00:00+00:00,0.7306,0.734,0.7211,0.7251,508864.5
2026-06-25 19:00:00+00:00,0.7251,0.7255,0.7153,0.7222,326274.8
2026-06-25 20:00:00+00:00,0.7222,0.729,0.7218,0.7232,327433.8
2026-06-25 21:00:00+00:00,0.7232,0.7363,0.7225,0.7361,243472.0
2026-06-25 22:00:00+00:00,0.7361,0.7371,0.7304,0.7315,291987.7
2026-06-25 23:00:00+00:00,0.7315,0.7415,0.7301,0.7365,279009.0
2026-06-26 00:00:00+00:00,0.7365,0.7389,0.7341,0.7348,158829.7
2026-06-26 01:00:00+00:00,0.7348,0.736,0.7232,0.726,261002.1
2026-06-26 02:00:00+00:00,0.726,0.7274,0.7035,0.7075,981089.4
2026-06-26 03:00:00+00:00,0.7075,0.7316,0.7007,0.7295,857867.3
2026-06-26 04:00:00+00:00,0.7295,0.7296,0.7193,0.7215,296065.6
2026-06-26 05:00:00+00:00,0.7215,0.7277,0.7195,0.7255,101255.1
2026-06-26 06:00:00+00:00,0.7255,0.7374,0.7199,0.7355,429457.8
2026-06-26 07:00:00+00:00,0.7355,0.7452,0.7351,0.7432,372259.2
2026-06-26 08:00:00+00:00,0.7432,0.7449,0.7286,0.7313,597869.6
2026-06-26 09:00:00+00:00,0.7313,0.7321,0.7213,0.7216,368367.4
2026-06-26 10:00:00+00:00,0.7216,0.727,0.7199,0.7209,269819.0
2026-06-26 11:00:00+00:00,0.7209,0.7258,0.7164,0.7181,235376.9
2026-06-26 12:00:00+00:00,0.7181,0.727,0.7104,0.7151,538159.4
2026-06-26 13:00:00+00:00,0.7151,0.7346,0.7087,0.7342,876913.0
2026-06-26 14:00:00+00:00,0.7342,0.7369,0.7227,0.7245,660446.2
2026-06-26 15:00:00+00:00,0.7245,0.7395,0.7229,0.7358,595619.1
2026-06-26 16:00:00+00:00,0.7358,0.7483,0.7327,0.7436,671256.4
2026-06-26 17:00:00+00:00,0.7436,0.7579,0.7434,0.7523,388477.1
2026-06-26 18:00:00+00:00,0.7523,0.7563,0.7459,0.7472,339478.8
2026-06-26 19:00:00+00:00,0.7472,0.7564,0.7409,0.7421,566665.4
2026-06-26 20:00:00+00:00,0.7421,0.7529,0.7416,0.7444,703000.7
2026-06-26 21:00:00+00:00,0.7444,0.7496,0.7408,0.7429,210032.3
2026-06-26 22:00:00+00:00,0.7429,0.7453,0.7397,0.7451,212770.5
2026-06-26 23:00:00+00:00,0.7451,0.747,0.7433,0.744,108676.0
2026-06-27 00:00:00+00:00,0.744,0.7465,0.7383,0.7437,152566.1
2026-06-27 01:00:00+00:00,0.7437,0.7438,0.7393,0.7407,77177.9
2026-06-27 02:00:00+00:00,0.7407,0.7537,0.7395,0.752,654857.3
2026-06-27 03:00:00+00:00,0.752,0.752,0.7445,0.7454,389094.9
2026-06-27 04:00:00+00:00,0.7454,0.75,0.7429,0.7434,170818.8
2026-06-27 05:00:00+00:00,0.7434,0.7472,0.7419,0.7469,127908.3
2026-06-27 06:00:00+00:00,0.7469,0.7543,0.7409,0.7447,504937.6
2026-06-27 07:00:00+00:00,0.7447,0.7469,0.7424,0.7459,156187.9
2026-06-27 08:00:00+00:00,0.7459,0.7468,0.7418,0.7433,157225.5
2026-06-27 09:00:00+00:00,0.7433,0.748,0.7429,0.7458,164551.6
2026-06-27 10:00:00+00:00,0.7458,0.7463,0.7424,0.7439,109978.5
2026-06-27 11:00:00+00:00,0.7439,0.7443,0.7378,0.7437,269049.7
2026-06-27 12:00:00+00:00,0.7437,0.7443,0.74,0.742,139001.1
2026-06-27 13:00:00+00:00,0.742,0.7463,0.741,0.7441,272068.0
2026-06-27 14:00:00+00:00,0.7441,0.7482,0.7432,0.7465,202622.5
2026-06-27 15:00:00+00:00,0.7465,0.7537,0.7455,0.7495,579087.3
2026-06-27 16:00:00+00:00,0.7495,0.752,0.7458,0.7498,286889.4
2026-06-27 17:00:00+00:00,0.7498,0.75,0.7402,0.7402,378440.8
2026-06-27 18:00:00+00:00,0.7402,0.7423,0.7386,0.7418,180159.8
2026-06-27 19:00:00+00:00,0.7418,0.7426,0.7279,0.7327,498942.5
2026-06-27 20:00:00+00:00,0.7327,0.7354,0.7319,0.7335,161626.6
2026-06-27 21:00:00+00:00,0.7335,0.7352,0.7279,0.7304,243401.7
2026-06-27 22:00:00+00:00,0.7304,0.7314,0.7235,0.7311,229044.6
2026-06-27 23:00:00+00:00,0.7311,0.7322,0.7268,0.7274,111677.9
2026-06-28 00:00:00+00:00,0.7274,0.7327,0.7265,0.7292,220039.7
2026-06-28 01:00:00+00:00,0.7292,0.7312,0.7267,0.7298,113833.4
2026-06-28 02:00:00+00:00,0.7298,0.7325,0.727,0.729,170040.5
2026-06-28 03:00:00+00:00,0.729,0.7339,0.7288,0.7337,80791.2
2026-06-28 04:00:00+00:00,0.7337,0.7343,0.73,0.7323,68844.6
2026-06-28 05:00:00+00:00,0.7323,0.7324,0.7258,0.7314,187956.8
2026-06-28 06:00:00+00:00,0.7314,0.7323,0.7239,0.7296,255913.2
2026-06-28 07:00:00+00:00,0.7296,0.7343,0.7294,0.733,122012.6
2026-06-28 08:00:00+00:00,0.733,0.7385,0.7311,0.7361,159920.3
2026-06-28 09:00:00+00:00,0.7361,0.7363,0.7269,0.7281,263281.3
2026-06-28 10:00:00+00:00,0.7281,0.7311,0.7262,0.727,107874.2
2026-06-28 11:00:00+00:00,0.727,0.7298,0.7243,0.7293,247969.3
2026-06-28 12:00:00+00:00,0.7293,0.7293,0.722,0.7244,180466.3
2026-06-28 13:00:00+00:00,0.7244,0.7246,0.7187,0.72,248319.6
2026-06-28 14:00:00+00:00,0.72,0.7267,0.7199,0.7247,184683.6
2026-06-28 15:00:00+00:00,0.7247,0.727,0.7186,0.7219,221674.4
2026-06-28 16:00:00+00:00,0.7219,0.7231,0.7159,0.7196,292602.5
2026-06-28 17:00:00+00:00,0.7196,0.7246,0.7148,0.72,373438.4
2026-06-28 18:00:00+00:00,0.72,0.7256,0.7177,0.7216,272108.8
2026-06-28 19:00:00+00:00,0.7216,0.7231,0.7123,0.7162,234880.3
2026-06-28 20:00:00+00:00,0.7162,0.722,0.7152,0.7193,198706.8
2026-06-28 21:00:00+00:00,0.7193,0.7197,0.7002,0.7108,464874.9
2026-06-28 22:00:00+00:00,0.7108,0.7197,0.7035,0.7081,422305.5
2026-06-28 23:00:00+00:00,0.7081,0.7187,0.7061,0.7157,260320.2
2026-06-29 00:00:00+00:00,0.7157,0.7179,0.7058,0.7167,723974.2
2026-06-29 01:00:00+00:00,0.7167,0.7173,0.7095,0.7159,261663.4
2026-06-29 02:00:00+00:00,0.7159,0.7223,0.7082,0.7191,516155.6
2026-06-29 03:00:00+00:00,0.7191,0.7281,0.7189,0.7266,285855.8
2026-06-29 04:00:00+00:00,0.7266,0.7273,0.7186,0.72,202334.9
2026-06-29 05:00:00+00:00,0.72,0.7228,0.7116,0.7227,310455.7
2026-06-29 06:00:00+00:00,0.7227,0.7289,0.7225,0.7233,274161.2
2026-06-29 07:00:00+00:00,0.7233,0.7247,0.7203,0.7205,116321.8
2026-06-29 08:00:00+00:00,0.7205,0.7226,0.7156,0.7167,318985.7
2026-06-29 09:00:00+00:00,0.7167,0.7221,0.7164,0.7218,264498.9
2026-06-29 10:00:00+00:00,0.7218,0.7284,0.7205,0.723,367077.4
2026-06-29 11:00:00+00:00,0.723,0.7239,0.7152,0.7174,387593.4
2026-06-29 12:00:00+00:00,0.7174,0.732,0.7117,0.7201,1200896.4
2026-06-29 13:00:00+00:00,0.7201,0.7273,0.7116,0.7178,717409.0
2026-06-29 14:00:00+00:00,0.7178,0.72,0.7069,0.7197,760529.8
2026-06-29 15:00:00+00:00,0.7197,0.7248,0.711,0.7232,453787.7
2026-06-29 16:00:00+00:00,0.7232,0.7292,0.7207,0.7259,341361.3
2026-06-29 17:00:00+00:00,0.7259,0.7475,0.7253,0.7429,632424.6
2026-06-29 18:00:00+00:00,0.7429,0.7458,0.7407,0.741,218469.3
2026-06-29 19:00:00+00:00,0.741,0.7441,0.7376,0.738,203111.6
2026-06-29 20:00:00+00:00,0.738,0.7385,0.7326,0.7329,158995.4
2026-06-29 21:00:00+00:00,0.7329,0.7384,0.729,0.7364,271850.4
2026-06-29 22:00:00+00:00,0.7364,0.7377,0.7327,0.7337,99245.1
2026-06-29 23:00:00+00:00,0.7337,0.7354,0.7301,0.7322,88630.9
2026-06-30 00:00:00+00:00,0.7322,0.7334,0.7237,0.7261,354378.5
2026-06-30 01:00:00+00:00,0.7261,0.7274,0.7214,0.724,265297.0
2026-06-30 02:00:00+00:00,0.724,0.7275,0.7197,0.7261,146830.1
2026-06-30 03:00:00+00:00,0.7261,0.7282,0.7245,0.7264,255799.3
2026-06-30 04:00:00+00:00,0.7264,0.7299,0.7238,0.7285,160910.2
2026-06-30 05:00:00+00:00,0.7285,0.7285,0.7253,0.7273,98468.6
2026-06-30 06:00:00+00:00,0.7273,0.7281,0.7252,0.7252,98262.5
2026-06-30 07:00:00+00:00,0.7252,0.726,0.7219,0.7238,135259.7
2026-06-30 08:00:00+00:00,0.7238,0.7249,0.7188,0.7237,400972.7
2026-06-30 09:00:00+00:00,0.7237,0.7274,0.7205,0.7269,154934.8
2026-06-30 10:00:00+00:00,0.7269,0.7425,0.7265,0.7315,661609.6
2026-06-30 11:00:00+00:00,0.7315,0.7331,0.7199,0.7212,324483.9
2026-06-30 12:00:00+00:00,0.7212,0.7213,0.7041,0.7042,928487.4
2026-06-30 13:00:00+00:00,0.7042,0.7172,0.7034,0.7148,561357.3
2026-06-30 14:00:00+00:00,0.7148,0.7218,0.7116,0.7131,382714.2
2026-06-30 15:00:00+00:00,0.7131,0.7206,0.7117,0.7152,275899.6
2026-06-30 16:00:00+00:00,0.7152,0.719,0.7099,0.7184,355260.8
2026-06-30 17:00:00+00:00,0.7184,0.7217,0.7138,0.7146,237692.3
2026-06-30 18:00:00+00:00,0.7146,0.7256,0.7141,0.7223,407841.5
2026-06-30 19:00:00+00:00,0.7223,0.7345,0.7197,0.726,663062.2
2026-06-30 20:00:00+00:00,0.726,0.726,0.7174,0.7174,205414.6
2026-06-30 21:00:00+00:00,0.7174,0.7179,0.7135,0.7178,282483.4
2026-06-30 22:00:00+00:00,0.7178,0.72,0.7139,0.7151,197224.3
2026-06-30 23:00:00+00:00,0.7151,0.7176,0.7132,0.7173,284286.1
2026-07-01 00:00:00+00:00,0.7173,0.722,0.7152,0.7201,200994.8
2026-07-01 01:00:00+00:00,0.7201,0.7216,0.7009,0.7182,997707.3
2026-07-01 02:00:00+00:00,0.7182,0.7282,0.7144,0.7273,448029.4
2026-07-01 03:00:00+00:00,0.7273,0.7354,0.7222,0.733,492790.6
2026-07-01 04:00:00+00:00,0.733,0.7379,0.7313,0.7348,216610.8
2026-07-01 05:00:00+00:00,0.7348,0.7348,0.7272,0.7289,171347.3
2026-07-01 06:00:00+00:00,0.7289,0.7289,0.7171,0.7206,469408.4
2026-07-01 07:00:00+00:00,0.7206,0.7226,0.7171,0.722,245716.1
2026-07-01 08:00:00+00:00,0.722,0.7243,0.7166,0.724,200662.9
2026-07-01 09:00:00+00:00,0.724,0.7299,0.7225,0.7283,321114.2
2026-07-01 10:00:00+00:00,0.7283,0.7297,0.7249,0.7276,179556.1
2026-07-01 11:00:00+00:00,0.7276,0.733,0.7259,0.7277,137735.8
2026-07-01 12:00:00+00:00,0.7277,0.7284,0.7198,0.7234,167315.7
2026-07-01 13:00:00+00:00,0.7234,0.7388,0.7192,0.7362,759060.6
2026-07-01 14:00:00+00:00,0.7362,0.7447,0.7338,0.7368,360546.9
2026-07-01 15:00:00+00:00,0.7368,0.7531,0.7367,0.7445,641996.5
2026-07-01 16:00:00+00:00,0.7445,0.7462,0.7391,0.7406,319657.2
2026-07-01 17:00:00+00:00,0.7406,0.7456,0.7364,0.7442,115899.9
2026-07-01 18:00:00+00:00,0.7442,0.7453,0.7335,0.7364,127851.2
2026-07-01 19:00:00+00:00,0.7364,0.7398,0.7332,0.7344,153564.5
2026-07-01 20:00:00+00:00,0.7344,0.7401,0.7326,0.7393,114125.0
2026-07-01 21:00:00+00:00,0.7393,0.7489,0.7393,0.7466,266049.3
2026-07-01 22:00:00+00:00,0.7466,0.7558,0.7415,0.7424,394882.1
2026-07-01 23:00:00+00:00,0.7424,0.7424,0.7347,0.7356,195360.0
2026-07-02 00:00:00+00:00,0.7356,0.7378,0.7319,0.7378,263927.2
2026-07-02 01:00:00+00:00,0.7378,0.7469,0.7374,0.7444,182335.4
2026-07-02 02:00:00+00:00,0.7444,0.7513,0.7435,0.7458,408061.3
2026-07-02 03:00:00+00:00,0.7458,0.756,0.7426,0.7545,672825.9
2026-07-02 04:00:00+00:00,0.7545,0.7547,0.7483,0.7521,496729.4
2026-07-02 05:00:00+00:00,0.7521,0.7526,0.7481,0.7495,275266.5
2026-07-02 06:00:00+00:00,0.7495,0.7573,0.7475,0.7524,365804.0
2026-07-02 07:00:00+00:00,0.7524,0.7621,0.7517,0.76,591967.7
2026-07-02 08:00:00+00:00,0.76,0.7673,0.7576,0.7656,711655.3
2026-07-02 09:00:00+00:00,0.7656,0.7733,0.7577,0.7715,689107.0
2026-07-02 10:00:00+00:00,0.7715,0.783,0.771,0.7789,747969.9
2026-07-02 11:00:00+00:00,0.7789,0.7833,0.7715,0.7826,510336.4
2026-07-02 12:00:00+00:00,0.7826,0.7849,0.7768,0.7787,527914.8
2026-07-02 13:00:00+00:00,0.7787,0.7887,0.7766,0.7853,483355.5
2026-07-02 14:00:00+00:00,0.7853,0.7881,0.775,0.78,686119.0
2026-07-02 15:00:00+00:00,0.78,0.7801,0.7738,0.7788,206620.0
2026-07-02 16:00:00+00:00,0.7788,0.7817,0.7743,0.7784,349727.2
2026-07-02 17:00:00+00:00,0.7784,0.7801,0.7757,0.7775,118540.3
2026-07-02 18:00:00+00:00,0.7775,0.7837,0.7775,0.7816,191161.7
2026-07-02 19:00:00+00:00,0.7816,0.7825,0.7756,0.776,199221.6
2026-07-02 20:00:00+00:00,0.776,0.7771,0.7719,0.7737,224354.2
2026-07-02 21:00:00+00:00,0.7737,0.7752,0.765,0.7718,226421.5
2026-07-02 22:00:00+00:00,0.7718,0.7729,0.7686,0.771,149598.0
2026-07-02 23:00:00+00:00,0.771,0.7749,0.7688,0.7725,65298.1
2026-07-03 00:00:00+00:00,0.7725,0.7751,0.7709,0.7736,109353.6
2026-07-03 01:00:00+00:00,0.7736,0.7867,0.7731,0.7823,454714.3
2026-07-03 02:00:00+00:00,0.7823,0.784,0.778,0.7825,352243.1
2026-07-03 03:00:00+00:00,0.7825,0.7826,0.7767,0.7794,155342.7
2026-07-03 04:00:00+00:00,0.7794,0.7799,0.776,0.776,85936.6
2026-07-03 05:00:00+00:00,0.776,0.78,0.7727,0.7774,390611.9
2026-07-03 06:00:00+00:00,0.7774,0.7867,0.7765,0.781,400442.5
2026-07-03 07:00:00+00:00,0.781,0.7845,0.7785,0.7816,167901.5
2026-07-03 08:00:00+00:00,0.7816,0.7864,0.7797,0.7803,161732.1
2026-07-03 09:00:00+00:00,0.7803,0.7842,0.779,0.7828,143832.5
2026-07-03 10:00:00+00:00,0.7828,0.7898,0.7828,0.7874,138793.2
2026-07-03 11:00:00+00:00,0.7874,0.7932,0.7836,0.7905,550053.9
2026-07-03 12:00:00+00:00,0.7905,0.7927,0.7854,0.789,239684.0
2026-07-03 13:00:00+00:00,0.789,0.7961,0.7886,0.795,227987.0
2026-07-03 14:00:00+00:00,0.795,0.808,0.7897,0.8038,530022.5
2026-07-03 15:00:00+00:00,0.8038,0.8075,0.7972,0.7987,297636.4
2026-07-03 16:00:00+00:00,0.7987,0.8006,0.7944,0.7977,136123.1
2026-07-03 17:00:00+00:00,0.7977,0.803,0.7965,0.8014,470758.4
2026-07-03 18:00:00+00:00,0.8014,0.8022,0.7969,0.8,117787.1
2026-07-03 19:00:00+00:00,0.8,0.8063,0.7986,0.8013,212491.7
2026-07-03 20:00:00+00:00,0.8013,0.8135,0.8009,0.8084,318673.6
2026-07-03 21:00:00+00:00,0.8084,0.8146,0.8041,0.8102,203421.2
2026-07-03 22:00:00+00:00,0.8102,0.8102,0.7988,0.8002,223333.3
2026-07-03 23:00:00+00:00,0.8002,0.8092,0.7972,0.8056,331369.2
2026-07-04 00:00:00+00:00,0.8056,0.8096,0.8002,0.8008,475228.0
2026-07-04 01:00:00+00:00,0.8008,0.8008,0.7953,0.7992,197424.3
2026-07-04 02:00:00+00:00,0.7992,0.8015,0.798,0.8009,109882.1
2026-07-04 03:00:00+00:00,0.8009,0.8055,0.8002,0.8028,167362.5
2026-07-04 04:00:00+00:00,0.8028,0.8032,0.7977,0.8016,99813.9
2026-07-04 05:00:00+00:00,0.8016,0.8016,0.7958,0.7977,139512.9
2026-07-04 06:00:00+00:00,0.7977,0.8005,0.7901,0.7945,422948.1
2026-07-04 07:00:00+00:00,0.7945,0.7953,0.7908,0.7945,118303.4
2026-07-04 08:00:00+00:00,0.7945,0.8002,0.7928,0.798,100498.7
2026-07-04 09:00:00+00:00,0.798,0.8045,0.7923,0.7925,329686.4
2026-07-04 10:00:00+00:00,0.7925,0.7966,0.7914,0.7962,77392.2
2026-07-04 11:00:00+00:00,0.7962,0.7997,0.7933,0.7977,76026.4
2026-07-04 12:00:00+00:00,0.7977,0.8028,0.7974,0.7995,200642.5
2026-07-04 13:00:00+00:00,0.7995,0.803,0.7959,0.8006,90716.2
2026-07-04 14:00:00+00:00,0.8006,0.8036,0.7992,0.8014,149428.9
2026-07-04 15:00:00+00:00,0.8014,0.8111,0.8005,0.8076,212604.7
2026-07-04 16:00:00+00:00,0.8076,0.8091,0.804,0.8081,105127.0
2026-07-04 17:00:00+00:00,0.8081,0.8166,0.8053,0.8131,235949.7
2026-07-04 18:00:00+00:00,0.8131,0.8134,0.8054,0.8068,127038.2
2026-07-04 19:00:00+00:00,0.8068,0.8086,0.8008,0.8034,204436.7
2026-07-04 20:00:00+00:00,0.8034,0.8055,0.7971,0.8005,193731.6
2026-07-04 21:00:00+00:00,0.8005,0.8046,0.7995,0.8034,113844.8
2026-07-04 22:00:00+00:00,0.8034,0.804,0.7976,0.8,124425.9
2026-07-04 23:00:00+00:00,0.8,0.8005,0.7918,0.7968,224577.8
2026-07-05 00:00:00+00:00,0.7968,0.7973,0.7911,0.795,229482.0
2026-07-05 01:00:00+00:00,0.795,0.7977,0.7862,0.7914,344951.4
2026-07-05 02:00:00+00:00,0.7914,0.7916,0.7807,0.7851,414055.1
2026-07-05 03:00:00+00:00,0.7851,0.7862,0.7822,0.784,114776.6
2026-07-05 04:00:00+00:00,0.784,0.7896,0.7826,0.7863,210009.0
2026-07-05 05:00:00+00:00,0.7863,0.7864,0.781,0.7836,148049.6
2026-07-05 06:00:00+00:00,0.7836,0.7843,0.7783,0.7831,165725.6
2026-07-05 07:00:00+00:00,0.7831,0.7883,0.7816,0.7874,183638.7
2026-07-05 08:00:00+00:00,0.7874,0.7908,0.7839,0.7894,279463.6
2026-07-05 09:00:00+00:00,0.7894,0.792,0.7752,0.7779,441304.8
2026-07-05 10:00:00+00:00,0.7779,0.7815,0.7743,0.7807,172912.3
2026-07-05 11:00:00+00:00,0.7807,0.7825,0.7791,0.7802,84186.7
2026-07-05 12:00:00+00:00,0.7802,0.7857,0.7762,0.7842,126561.2
2026-07-05 13:00:00+00:00,0.7842,0.7862,0.7828,0.786,95087.2
2026-07-05 14:00:00+00:00,0.786,0.7861,0.7823,0.786,58988.2
2026-07-05 15:00:00+00:00,0.786,0.7906,0.7833,0.7851,239695.5
2026-07-05 16:00:00+00:00,0.7851,0.7866,0.7827,0.7858,118982.0
2026-07-05 17:00:00+00:00,0.7858,0.7916,0.7857,0.7883,140461.0
2026-07-05 18:00:00+00:00,0.7883,0.793,0.7883,0.7903,65864.0
2026-07-05 19:00:00+00:00,0.7903,0.7923,0.7876,0.7899,73262.8
2026-07-05 20:00:00+00:00,0.7899,0.7909,0.7886,0.7899,64496.6
2026-07-05 21:00:00+00:00,0.7899,0.8035,0.7862,0.7978,306526.0
2026-07-05 22:00:00+00:00,0.7978,0.8066,0.7963,0.8026,291302.5
2026-07-05 23:00:00+00:00,0.8026,0.8054,0.7973,0.7996,117792.4
2026-07-06 00:00:00+00:00,0.7996,0.807,0.7941,0.8018,412365.8
2026-07-06 01:00:00+00:00,0.8018,0.8045,0.7969,0.7978,123316.6
2026-07-06 02:00:00+00:00,0.7978,0.8034,0.7936,0.7961,254385.5
2026-07-06 03:00:00+00:00,0.7961,0.7964,0.7885,0.7906,163961.9
2026-07-06 04:00:00+00:00,0.7906,0.7926,0.7864,0.7885,290291.7
2026-07-06 05:00:00+00:00,0.7885,0.7886,0.7769,0.7816,378812.3
2026-07-06 06:00:00+00:00,0.7816,0.783,0.78,0.7817,104367.6
2026-07-06 07:00:00+00:00,0.7817,0.7859,0.7802,0.7842,145618.0
2026-07-06 08:00:00+00:00,0.7842,0.7868,0.7794,0.781,221865.1
2026-07-06 09:00:00+00:00,0.781,0.7812,0.7774,0.7794,129793.7
2026-07-06 10:00:00+00:00,0.7794,0.786,0.7782,0.7828,234787.7
2026-07-06 11:00:00+00:00,0.7828,0.7839,0.7737,0.7748,165592.6
2026-07-06 12:00:00+00:00,0.7748,0.7748,0.7585,0.7655,1513947.9
2026-07-06 13:00:00+00:00,0.7655,0.7744,0.7606,0.7713,388210.0
2026-07-06 14:00:00+00:00,0.7713,0.7799,0.7702,0.7763,313126.1
2026-07-06 15:00:00+00:00,0.7763,0.7982,0.7763,0.7965,443019.5
2026-07-06 16:00:00+00:00,0.7965,0.8054,0.7945,0.8008,401187.9
2026-07-06 17:00:00+00:00,0.8008,0.8029,0.7884,0.7921,409590.4
2026-07-06 18:00:00+00:00,0.7921,0.7989,0.7908,0.7965,132144.7
2026-07-06 19:00:00+00:00,0.7965,0.7986,0.7945,0.7948,116698.4
2026-07-06 20:00:00+00:00,0.7948,0.7952,0.7902,0.7913,80667.1
2026-07-06 21:00:00+00:00,0.7913,0.814,0.7912,0.8017,562201.8
2026-07-06 22:00:00+00:00,0.8017,0.8022,0.7959,0.7965,210123.7
2026-07-06 23:00:00+00:00,0.7965,0.798,0.7925,0.7945,127774.0
2026-07-07 00:00:00+00:00,0.7945,0.7976,0.7921,0.7943,257556.5
2026-07-07 01:00:00+00:00,0.7943,0.7943,0.7881,0.7918,216303.4
2026-07-07 02:00:00+00:00,0.7918,0.7934,0.7822,0.7833,179749.2
2026-07-07 03:00:00+00:00,0.7833,0.7842,0.7769,0.7786,166563.5
2026-07-07 04:00:00+00:00,0.7786,0.7791,0.776,0.7781,110441.9
2026-07-07 05:00:00+00:00,0.7781,0.7815,0.772,0.7802,422631.9
2026-07-07 06:00:00+00:00,0.7802,0.7866,0.7785,0.7846,126215.3
2026-07-07 07:00:00+00:00,0.7846,0.7858,0.7803,0.7807,123339.2
2026-07-07 08:00:00+00:00,0.7807,0.784,0.7796,0.7811,80672.6
2026-07-07 09:00:00+00:00,0.7811,0.7839,0.7802,0.7834,78287.6
2026-07-07 10:00:00+00:00,0.7834,0.7867,0.78,0.7804,75710.0
2026-07-07 11:00:00+00:00,0.7804,0.7856,0.7769,0.7855,149023.7
2026-07-07 12:00:00+00:00,0.7855,0.7899,0.783,0.7832,210451.3
2026-07-07 13:00:00+00:00,0.7832,0.7837,0.7738,0.7782,275574.3
2026-07-07 14:00:00+00:00,0.7782,0.7877,0.7728,0.7866,277735.4
2026-07-07 15:00:00+00:00,0.7866,0.7968,0.7858,0.795,276053.4
2026-07-07 16:00:00+00:00,0.795,0.8019,0.7914,0.7974,258244.1
2026-07-07 17:00:00+00:00,0.7974,0.7993,0.7942,0.797,154640.9
2026-07-07 18:00:00+00:00,0.797,0.7975,0.7827,0.7833,293963.3
2026-07-07 19:00:00+00:00,0.7833,0.7856,0.7769,0.7847,275577.9
2026-07-07 20:00:00+00:00,0.7847,0.787,0.7792,0.7807,184891.8
2026-07-07 21:00:00+00:00,0.7807,0.7832,0.7758,0.7774,110732.2
2026-07-07 22:00:00+00:00,0.7774,0.7774,0.7687,0.774,546340.6
2026-07-07 23:00:00+00:00,0.774,0.7773,0.7718,0.7731,240355.5
2026-07-08 00:00:00+00:00,0.7731,0.782,0.7721,0.7805,368431.2
2026-07-08 01:00:00+00:00,0.7805,0.781,0.7573,0.7636,613774.4
2026-07-08 02:00:00+00:00,0.7636,0.7636,0.753,0.7613,436075.1
2026-07-08 03:00:00+00:00,0.7613,0.7659,0.7586,0.7599,276475.3
2026-07-08 04:00:00+00:00,0.7599,0.7653,0.7578,0.765,218351.0
2026-07-08 05:00:00+00:00,0.765,0.7686,0.7636,0.766,134420.9
2026-07-08 06:00:00+00:00,0.766,0.7662,0.7605,0.7636,177612.6
2026-07-08 07:00:00+00:00,0.7636,0.7666,0.7583,0.7638,266908.5
2026-07-08 08:00:00+00:00,0.7638,0.7644,0.7436,0.747,1551013.8
2026-07-08 09:00:00+00:00,0.747,0.7505,0.7431,0.7457,908151.9
2026-07-08 10:00:00+00:00,0.7457,0.7525,0.7441,0.7513,554471.1
2026-07-08 11:00:00+00:00,0.7513,0.7567,0.7485,0.7513,520293.3
2026-07-08 12:00:00+00:00,0.7513,0.7543,0.7492,0.7495,396251.7
2026-07-08 13:00:00+00:00,0.7495,0.7566,0.7471,0.7564,630840.5
2026-07-08 14:00:00+00:00,0.7564,0.7611,0.7533,0.7582,801113.1
2026-07-08 15:00:00+00:00,0.7582,0.7585,0.75,0.7544,291177.2
2026-07-08 16:00:00+00:00,0.7544,0.7622,0.7531,0.7621,340032.4
2026-07-08 17:00:00+00:00,0.7621,0.7658,0.7611,0.7624,211529.7
2026-07-08 18:00:00+00:00,0.7624,0.7669,0.7603,0.7666,152161.5
2026-07-08 19:00:00+00:00,0.7666,0.768,0.7611,0.764,192773.7
2026-07-08 20:00:00+00:00,0.764,0.7645,0.7564,0.7574,190230.0
2026-07-08 21:00:00+00:00,0.7574,0.7615,0.7527,0.7603,134884.6
2026-07-08 22:00:00+00:00,0.7603,0.7651,0.7601,0.7628,441127.5
2026-07-08 23:00:00+00:00,0.7628,0.765,0.7609,0.7646,606916.3
2026-07-09 00:00:00+00:00,0.7646,0.768,0.7634,0.766,614140.4
2026-07-09 01:00:00+00:00,0.766,0.7759,0.7641,0.7685,617693.2
2026-07-09 02:00:00+00:00,0.7685,0.7739,0.762,0.7631,470243.3
2026-07-09 03:00:00+00:00,0.7631,0.77,0.7602,0.7696,296257.3
2026-07-09 04:00:00+00:00,0.7696,0.776,0.7681,0.7752,345111.9
2026-07-09 05:00:00+00:00,0.7752,0.7771,0.7704,0.7743,211967.6
2026-07-09 06:00:00+00:00,0.7743,0.7807,0.7739,0.7792,189659.6
2026-07-09 07:00:00+00:00,0.7792,0.7824,0.772,0.7748,367020.5
2026-07-09 08:00:00+00:00,0.7748,0.7779,0.7743,0.7747,162684.7
2026-07-09 09:00:00+00:00,0.7747,0.7765,0.7703,0.7719,238275.1
2026-07-09 10:00:00+00:00,0.7719,0.7747,0.7691,0.7716,185858.1
2026-07-09 11:00:00+00:00,0.7716,0.7754,0.7705,0.7723,231144.3
2026-07-09 12:00:00+00:00,0.7723,0.7753,0.7702,0.7719,342697.8
2026-07-09 13:00:00+00:00,0.7719,0.7807,0.7698,0.7794,254330.1
2026-07-09 14:00:00+00:00,0.7794,0.7825,0.7749,0.782,275987.1
2026-07-09 15:00:00+00:00,0.782,0.7901,0.78,0.7848,317173.4
2026-07-09 16:00:00+00:00,0.7848,0.7992,0.7847,0.7885,656100.1
2026-07-09 17:00:00+00:00,0.7885,0.7893,0.7819,0.7874,214839.3
2026-07-09 18:00:00+00:00,0.7874,0.7914,0.7859,0.7862,131480.7
2026-07-09 19:00:00+00:00,0.7862,0.7862,0.7804,0.7811,151653.0
2026-07-09 20:00:00+00:00,0.7811,0.7833,0.7796,0.7822,124025.1
2026-07-09 21:00:00+00:00,0.7822,0.7852,0.7816,0.7828,196018.0
2026-07-09 22:00:00+00:00,0.7828,0.7839,0.7806,0.7808,242629.6
2026-07-09 23:00:00+00:00,0.7808,0.7831,0.7782,0.7802,226323.7
2026-07-10 00:00:00+00:00,0.7802,0.7809,0.7743,0.7804,401213.9
2026-07-10 01:00:00+00:00,0.7804,0.7977,0.7789,0.7906,552786.3
2026-07-10 02:00:00+00:00,0.7906,0.7916,0.7871,0.7885,236840.3
2026-07-10 03:00:00+00:00,0.7885,0.7896,0.7859,0.7876,178179.1
2026-07-10 04:00:00+00:00,0.7876,0.7898,0.7863,0.7882,119043.2
2026-07-10 05:00:00+00:00,0.7882,0.7906,0.7877,0.7899,75675.1
2026-07-10 06:00:00+00:00,0.7899,0.7912,0.7887,0.7891,156910.4
2026-07-10 07:00:00+00:00,0.7891,0.7966,0.7871,0.7933,175823.8
2026-07-10 08:00:00+00:00,0.7933,0.799,0.7926,0.7938,225073.4
2026-07-10 09:00:00+00:00,0.7938,0.7986,0.7922,0.7966,125773.6
2026-07-10 10:00:00+00:00,0.7966,0.8044,0.7955,0.7994,264667.7
2026-07-10 11:00:00+00:00,0.7994,0.8149,0.7958,0.8126,534225.1
2026-07-10 12:00:00+00:00,0.8126,0.8163,0.7984,0.7993,1159765.5
2026-07-10 13:00:00+00:00,0.7993,0.8039,0.7962,0.8021,299216.8
2026-07-10 14:00:00+00:00,0.8021,0.8027,0.7863,0.7965,536785.1
2026-07-10 15:00:00+00:00,0.7965,0.8013,0.7945,0.7982,195984.1
2026-07-10 16:00:00+00:00,0.7982,0.8033,0.795,0.8007,230110.4
2026-07-10 17:00:00+00:00,0.8007,0.8007,0.7902,0.7949,621612.1
2026-07-10 18:00:00+00:00,0.7949,0.7966,0.7921,0.7934,223621.5
2026-07-10 19:00:00+00:00,0.7934,0.7935,0.7881,0.7886,240781.7
2026-07-10 20:00:00+00:00,0.7886,0.7896,0.7831,0.7848,251320.8
2026-07-10 21:00:00+00:00,0.7848,0.7926,0.7848,0.7901,297705.0
2026-07-10 22:00:00+00:00,0.7901,0.7915,0.788,0.7881,121561.3
2026-07-10 23:00:00+00:00,0.7881,0.7888,0.7855,0.787,145290.2
2026-07-11 00:00:00+00:00,0.787,0.7899,0.7836,0.7899,302612.7
2026-07-11 01:00:00+00:00,0.7899,0.7919,0.7867,0.7868,173769.2
2026-07-11 02:00:00+00:00,0.7868,0.7898,0.7858,0.7895,77812.4
2026-07-11 03:00:00+00:00,0.7895,0.7898,0.7873,0.7873,103471.3
2026-07-11 04:00:00+00:00,0.7873,0.7885,0.7846,0.785,78203.6
2026-07-11 05:00:00+00:00,0.785,0.7891,0.784,0.7869,100333.4
2026-07-11 06:00:00+00:00,0.7869,0.7922,0.786,0.7883,120839.3
2026-07-11 07:00:00+00:00,0.7883,0.79,0.7879,0.7896,123406.7
2026-07-11 08:00:00+00:00,0.7896,0.7941,0.7894,0.7929,96560.8
2026-07-11 09:00:00+00:00,0.7929,0.7938,0.7893,0.7908,150555.3
2026-07-11 10:00:00+00:00,0.7908,0.7925,0.7871,0.7872,127526.2
2026-07-11 11:00:00+00:00,0.7872,0.7916,0.7864,0.7908,162075.5
2026-07-11 12:00:00+00:00,0.7908,0.7927,0.7896,0.7916,197272.8
2026-07-11 13:00:00+00:00,0.7916,0.7951,0.7903,0.7914,79917.4
2026-07-11 14:00:00+00:00,0.7914,0.797,0.7911,0.7938,105245.1
2026-07-11 15:00:00+00:00,0.7938,0.7979,0.7885,0.7931,245900.9
2026-07-11 16:00:00+00:00,0.7931,0.7934,0.7896,0.7925,131447.0
2026-07-11 17:00:00+00:00,0.7925,0.796,0.7913,0.7928,56748.0
2026-07-11 18:00:00+00:00,0.7928,0.7948,0.7922,0.7928,93445.0
2026-07-11 19:00:00+00:00,0.7928,0.7933,0.7911,0.7933,103065.6
2026-07-11 20:00:00+00:00,0.7933,0.7946,0.7925,0.7928,49104.7
2026-07-11 21:00:00+00:00,0.7928,0.8002,0.7924,0.7929,145537.1
2026-07-11 22:00:00+00:00,0.7929,0.7934,0.7774,0.7826,709812.6
2026-07-11 23:00:00+00:00,0.7826,0.7851,0.7687,0.7705,688732.2
2026-07-12 00:00:00+00:00,0.7705,0.7737,0.7658,0.7703,380215.8
2026-07-12 01:00:00+00:00,0.7703,0.7811,0.7698,0.7793,515452.1
2026-07-12 02:00:00+00:00,0.7793,0.7831,0.7775,0.7825,128293.4
2026-07-12 03:00:00+00:00,0.7825,0.7861,0.7821,0.7853,103521.2
2026-07-12 04:00:00+00:00,0.7853,0.7867,0.7829,0.7861,107301.0
2026-07-12 05:00:00+00:00,0.7861,0.7907,0.7846,0.7879,310960.9
2026-07-12 06:00:00+00:00,0.7879,0.7885,0.7797,0.7844,224565.3
2026-07-12 07:00:00+00:00,0.7844,0.7857,0.7828,0.7833,127565.4
2026-07-12 08:00:00+00:00,0.7833,0.7873,0.7831,0.7854,83086.8
2026-07-12 09:00:00+00:00,0.7854,0.7898,0.7833,0.787,85579.4
2026-07-12 10:00:00+00:00,0.787,0.7873,0.7845,0.785,82149.2
2026-07-12 11:00:00+00:00,0.785,0.7862,0.7818,0.7844,74310.1
2026-07-12 12:00:00+00:00,0.7844,0.7868,0.7832,0.7837,104888.8
2026-07-12 13:00:00+00:00,0.7837,0.7847,0.7807,0.7807,66216.8
2026-07-12 14:00:00+00:00,0.7807,0.7869,0.778,0.7853,235661.9
2026-07-12 15:00:00+00:00,0.7853,0.7854,0.773,0.7747,898356.5
2026-07-12 16:00:00+00:00,0.7747,0.7766,0.773,0.7746,285228.4
2026-07-12 17:00:00+00:00,0.7746,0.7763,0.7714,0.7736,99302.3
2026-07-12 18:00:00+00:00,0.7736,0.7759,0.7736,0.7759,47777.2
2026-07-12 19:00:00+00:00,0.7759,0.7788,0.7754,0.7781,85852.9
2026-07-12 20:00:00+00:00,0.7781,0.7792,0.776,0.7792,85397.4
2026-07-12 21:00:00+00:00,0.7792,0.781,0.7734,0.7746,294993.1
2026-07-12 22:00:00+00:00,0.7746,0.7747,0.7648,0.7706,455940.8
2026-07-12 23:00:00+00:00,0.7706,0.7719,0.7673,0.7716,109761.4
2026-07-13 00:00:00+00:00,0.7716,0.7867,0.7697,0.7761,1085427.6
2026-07-13 01:00:00+00:00,0.7761,0.777,0.7625,0.7651,656905.1
2026-07-13 02:00:00+00:00,0.7651,0.7695,0.7628,0.7674,263679.2
2026-07-13 03:00:00+00:00,0.7674,0.7679,0.7532,0.7598,770184.1
2026-07-13 04:00:00+00:00,0.7598,0.7637,0.7591,0.7609,332917.7
2026-07-13 05:00:00+00:00,0.7609,0.7713,0.7583,0.767,480680.2
2026-07-13 06:00:00+00:00,0.767,0.7684,0.7644,0.7647,101589.1
2026-07-13 07:00:00+00:00,0.7647,0.7654,0.7615,0.7622,164353.1
2026-07-13 08:00:00+00:00,0.7622,0.7642,0.7607,0.7627,222740.6
2026-07-13 09:00:00+00:00,0.7627,0.7629,0.7594,0.7597,136430.4
2026-07-13 10:00:00+00:00,0.7597,0.7612,0.7564,0.7588,228591.2
2026-07-13 11:00:00+00:00,0.7588,0.7624,0.7588,0.7594,111636.1
2026-07-13 12:00:00+00:00,0.7594,0.7603,0.7561,0.7603,229954.6
2026-07-13 13:00:00+00:00,0.7603,0.7618,0.7535,0.7574,285274.0
2026-07-13 14:00:00+00:00,0.7574,0.761,0.7509,0.761,481575.7
2026-07-13 15:00:00+00:00,0.761,0.762,0.7538,0.7541,272699.1
2026-07-13 16:00:00+00:00,0.7541,0.7595,0.7485,0.7544,504235.4
2026-07-13 17:00:00+00:00,0.7544,0.7572,0.7477,0.75,395218.2
2026-07-13 18:00:00+00:00,0.75,0.7527,0.7493,0.7509,111861.4
2026-07-13 19:00:00+00:00,0.7509,0.7546,0.7498,0.7543,159137.5
2026-07-13 20:00:00+00:00,0.7543,0.7544,0.7495,0.7513,118481.7
2026-07-13 21:00:00+00:00,0.7513,0.7517,0.7324,0.7389,709734.4
2026-07-13 22:00:00+00:00,0.7389,0.7436,0.7379,0.7419,198802.2
2026-07-13 23:00:00+00:00,0.7419,0.749,0.7406,0.7488,154684.9
2026-07-14 00:00:00+00:00,0.7488,0.7546,0.748,0.7534,807282.7
2026-07-14 01:00:00+00:00,0.7534,0.7559,0.7512,0.7539,218207.0
2026-07-14 02:00:00+00:00,0.7539,0.7565,0.7501,0.7544,131749.0
2026-07-14 03:00:00+00:00,0.7544,0.7582,0.7503,0.7582,273430.3
2026-07-14 04:00:00+00:00,0.7582,0.7592,0.7565,0.7587,100345.8
2026-07-14 05:00:00+00:00,0.7587,0.7645,0.7584,0.7594,151602.3
2026-07-14 06:00:00+00:00,0.7594,0.76,0.7574,0.7574,57150.1
2026-07-14 07:00:00+00:00,0.7574,0.7591,0.756,0.7563,67049.2
2026-07-14 08:00:00+00:00,0.7563,0.7568,0.7538,0.7541,172716.1
2026-07-14 09:00:00+00:00,0.7541,0.7552,0.7518,0.752,276569.5
2026-07-14 10:00:00+00:00,0.752,0.7544,0.7513,0.7533,119057.3
2026-07-14 11:00:00+00:00,0.7533,0.76,0.752,0.7567,450155.8
2026-07-14 12:00:00+00:00,0.7567,0.7675,0.7545,0.7667,812589.4
2026-07-14 13:00:00+00:00,0.7667,0.7803,0.7638,0.7729,1230787.4
2026-07-14 14:00:00+00:00,0.7729,0.775,0.769,0.7733,687976.0
2026-07-14 15:00:00+00:00,0.7733,0.78,0.7722,0.7746,421844.1
2026-07-14 16:00:00+00:00,0.7746,0.7796,0.7737,0.7756,248315.9
2026-07-14 17:00:00+00:00,0.7756,0.786,0.7749,0.7789,659417.3
2026-07-14 18:00:00+00:00,0.7789,0.7794,0.7719,0.7767,280887.0
2026-07-14 19:00:00+00:00,0.7767,0.7823,0.7763,0.7814,204984.7
2026-07-14 20:00:00+00:00,0.7814,0.7827,0.7783,0.7808,84607.3
2026-07-14 21:00:00+00:00,0.7808,0.7881,0.7792,0.7824,265290.9
2026-07-14 22:00:00+00:00,0.7824,0.7865,0.7799,0.7839,170463.6
2026-07-14 23:00:00+00:00,0.7839,0.7859,0.7834,0.7843,65913.9
2026-07-15 00:00:00+00:00,0.7843,0.7913,0.784,0.7859,630337.4
2026-07-15 01:00:00+00:00,0.7859,0.7873,0.7824,0.7845,122478.1
2026-07-15 02:00:00+00:00,0.7845,0.7863,0.7804,0.7814,185877.5
2026-07-15 03:00:00+00:00,0.7814,0.7836,0.781,0.7832,88431.8
2026-07-15 04:00:00+00:00,0.7832,0.7855,0.7791,0.7805,210153.8
2026-07-15 05:00:00+00:00,0.7805,0.7828,0.7775,0.7824,237602.5
2026-07-15 06:00:00+00:00,0.7824,0.7866,0.7818,0.7819,150403.6
2026-07-15 07:00:00+00:00,0.7819,0.7824,0.7772,0.7797,161800.9
2026-07-15 08:00:00+00:00,0.7797,0.7871,0.7784,0.7855,215207.3
2026-07-15 09:00:00+00:00,0.7855,0.7919,0.7835,0.784,207857.7
2026-07-15 10:00:00+00:00,0.784,0.7882,0.7838,0.7879,122099.6
2026-07-15 11:00:00+00:00,0.7879,0.7931,0.7872,0.7905,218933.1
2026-07-15 12:00:00+00:00,0.7905,0.8021,0.7874,0.8012,644395.5
2026-07-15 13:00:00+00:00,0.8012,0.8063,0.793,0.7977,832483.9
2026-07-15 14:00:00+00:00,0.7977,0.7997,0.7916,0.7947,278820.9
2026-07-15 15:00:00+00:00,0.7947,0.796,0.7911,0.7933,203950.7
2026-07-15 16:00:00+00:00,0.7933,0.7943,0.7846,0.7901,518513.3
2026-07-15 17:00:00+00:00,0.7901,0.7976,0.7892,0.797,152235.8
2026-07-15 18:00:00+00:00,0.797,0.8023,0.7919,0.7926,756127.0
2026-07-15 19:00:00+00:00,0.7926,0.7944,0.7872,0.7883,257739.9
2026-07-15 20:00:00+00:00,0.7883,0.7949,0.7881,0.7915,231142.4
2026-07-15 21:00:00+00:00,0.7915,0.7945,0.7905,0.7917,232002.0
2026-07-15 22:00:00+00:00,0.7917,0.7934,0.7899,0.7904,171475.6
2026-07-15 23:00:00+00:00,0.7904,0.7911,0.7869,0.7885,201512.5
2026-07-16 00:00:00+00:00,0.7885,0.7914,0.7779,0.7843,615720.6
2026-07-16 01:00:00+00:00,0.7843,0.79,0.7787,0.7887,290312.6
2026-07-16 02:00:00+00:00,0.7887,0.789,0.7855,0.7884,89608.5
2026-07-16 03:00:00+00:00,0.7884,0.7885,0.7839,0.7845,92991.3
2026-07-16 04:00:00+00:00,0.7845,0.7848,0.7817,0.7836,61903.2
2026-07-16 05:00:00+00:00,0.7836,0.7872,0.7836,0.7848,141673.1
2026-07-16 06:00:00+00:00,0.7848,0.7875,0.7806,0.7833,166837.8
2026-07-16 07:00:00+00:00,0.7833,0.7833,0.7773,0.7805,223864.8
2026-07-16 08:00:00+00:00,0.7805,0.7808,0.77,0.7744,546786.1
2026-07-16 09:00:00+00:00,0.7744,0.7772,0.7744,0.775,86997.7
2026-07-16 10:00:00+00:00,0.775,0.7775,0.7745,0.7767,73396.1
2026-07-16 11:00:00+00:00,0.7767,0.7768,0.7716,0.7745,179408.0
2026-07-16 12:00:00+00:00,0.7745,0.776,0.7702,0.7716,385298.3
2026-07-16 13:00:00+00:00,0.7716,0.7806,0.7712,0.7794,233448.2
2026-07-16 14:00:00+00:00,0.7794,0.783,0.7764,0.7796,311107.9
2026-07-16 15:00:00+00:00,0.7796,0.7883,0.7754,0.7845,467919.3
2026-07-16 16:00:00+00:00,0.7845,0.7846,0.7803,0.7815,111835.6
2026-07-16 17:00:00+00:00,0.7815,0.7815,0.7726,0.7773,186117.0
2026-07-16 18:00:00+00:00,0.7773,0.7812,0.7766,0.7774,124335.9
2026-07-16 19:00:00+00:00,0.7774,0.7794,0.7757,0.7766,134743.1
2026-07-16 20:00:00+00:00,0.7766,0.7769,0.7742,0.7754,84676.4
2026-07-16 21:00:00+00:00,0.7754,0.7805,0.7751,0.7772,150987.5
2026-07-16 22:00:00+00:00,0.7772,0.7797,0.7709,0.7725,208291.0
2026-07-16 23:00:00+00:00,0.7725,0.773,0.7636,0.7693,518099.7
2026-07-17 00:00:00+00:00,0.7693,0.7743,0.7665,0.7741,502037.5
2026-07-17 01:00:00+00:00,0.7741,0.7763,0.7675,0.768,292023.4
2026-07-17 02:00:00+00:00,0.768,0.7705,0.7648,0.7683,386837.0
2026-07-17 03:00:00+00:00,0.7683,0.7787,0.7676,0.7737,213006.3
2026-07-17 04:00:00+00:00,0.7737,0.7743,0.7694,0.7733,119291.6
2026-07-17 05:00:00+00:00,0.7733,0.7737,0.7628,0.7647,297906.3
2026-07-17 06:00:00+00:00,0.7647,0.7708,0.7633,0.7687,278596.0
2026-07-17 07:00:00+00:00,0.7687,0.7698,0.7633,0.7644,130979.1
2026-07-17 08:00:00+00:00,0.7644,0.7662,0.7575,0.7626,361349.9
2026-07-17 09:00:00+00:00,0.7626,0.7657,0.7623,0.7647,196529.2
2026-07-17 10:00:00+00:00,0.7647,0.7697,0.7646,0.7677,113997.2
2026-07-17 11:00:00+00:00,0.7677,0.7751,0.767,0.7744,313879.5
2026-07-17 12:00:00+00:00,0.7744,0.7747,0.7643,0.7643,364369.9
2026-07-17 13:00:00+00:00,0.7643,0.7653,0.7521,0.7635,902525.7
2026-07-17 14:00:00+00:00,0.7635,0.7675,0.7628,0.7637,251693.8
2026-07-17 15:00:00+00:00,0.7637,0.7642,0.7571,0.7642,508593.3
2026-07-17 16:00:00+00:00,0.7642,0.7691,0.7614,0.7676,267877.6
2026-07-17 17:00:00+00:00,0.7676,0.7723,0.7671,0.7675,348942.5
2026-07-17 18:00:00+00:00,0.7675,0.7702,0.764,0.7683,119197.8
2026-07-17 19:00:00+00:00,0.7683,0.7683,0.762,0.7635,250261.4
2026-07-17 20:00:00+00:00,0.7635,0.7635,0.7606,0.7617,111574.0
2026-07-17 21:00:00+00:00,0.7617,0.7656,0.7614,0.7616,298807.8
2026-07-17 22:00:00+00:00,0.7616,0.7635,0.7609,0.7631,28530.9
2026-07-17 23:00:00+00:00,0.7631,0.7645,0.7607,0.7642,32923.1
2026-07-18 00:00:00+00:00,0.7642,0.7662,0.7635,0.7645,269480.6
2026-07-18 01:00:00+00:00,0.7645,0.7654,0.7634,0.7638,68241.3
2026-07-18 02:00:00+00:00,0.7638,0.7671,0.7629,0.7645,131657.4
2026-07-18 03:00:00+00:00,0.7645,0.7655,0.7635,0.7651,50434.1
2026-07-18 04:00:00+00:00,0.7651,0.7657,0.7608,0.7609,115743.8
2026-07-18 05:00:00+00:00,0.7609,0.7609,0.756,0.7572,122852.8
2026-07-18 06:00:00+00:00,0.7572,0.759,0.7565,0.758,51897.2
2026-07-18 07:00:00+00:00,0.758,0.7583,0.7564,0.7572,52790.1
2026-07-18 08:00:00+00:00,0.7572,0.7591,0.7555,0.7561,113209.8
2026-07-18 09:00:00+00:00,0.7561,0.7563,0.7518,0.7547,127666.3
2026-07-18 10:00:00+00:00,0.7547,0.7561,0.7545,0.7555,115219.9
2026-07-18 11:00:00+00:00,0.7555,0.7572,0.7555,0.7562,108908.3
2026-07-18 12:00:00+00:00,0.7562,0.7574,0.7447,0.7492,677364.8
2026-07-18 13:00:00+00:00,0.7492,0.7497,0.7374,0.743,2122429.0
2026-07-18 14:00:00+00:00,0.743,0.7448,0.7406,0.7444,443026.2
2026-07-18 15:00:00+00:00,0.7444,0.7451,0.7427,0.7446,172457.3
2026-07-18 16:00:00+00:00,0.7446,0.7471,0.7435,0.746,250023.4
2026-07-18 17:00:00+00:00,0.746,0.7495,0.745,0.7489,287475.1
2026-07-18 18:00:00+00:00,0.7489,0.752,0.747,0.7486,300076.2
2026-07-18 19:00:00+00:00,0.7486,0.7499,0.7474,0.7485,58569.6
2026-07-18 20:00:00+00:00,0.7485,0.7505,0.7473,0.7493,129516.6
2026-07-18 21:00:00+00:00,0.7493,0.7506,0.7472,0.7488,245167.4
2026-07-18 22:00:00+00:00,0.7488,0.7503,0.7483,0.7495,128983.7
2026-07-18 23:00:00+00:00,0.7495,0.7502,0.7479,0.7489,110090.2
2026-07-19 00:00:00+00:00,0.7489,0.7503,0.7478,0.7497,152614.6
2026-07-19 01:00:00+00:00,0.7497,0.7497,0.7474,0.7476,84264.6
2026-07-19 02:00:00+00:00,0.7476,0.7538,0.7476,0.7529,238942.1
2026-07-19 03:00:00+00:00,0.7529,0.7532,0.7478,0.7494,76699.9
2026-07-19 04:00:00+00:00,0.7494,0.7495,0.745,0.7458,83840.0
2026-07-19 05:00:00+00:00,0.7458,0.7471,0.7445,0.746,61599.8
2026-07-19 06:00:00+00:00,0.746,0.7468,0.7451,0.7461,59302.8
2026-07-19 07:00:00+00:00,0.7461,0.7462,0.7419,0.7428,117753.9
2026-07-19 08:00:00+00:00,0.7428,0.7439,0.7403,0.7425,145999.4
2026-07-19 09:00:00+00:00,0.7425,0.7425,0.7267,0.732,1015787.1
2026-07-19 10:00:00+00:00,0.732,0.7345,0.7302,0.7316,238984.9
2026-07-19 11:00:00+00:00,0.7316,0.733,0.7284,0.7289,204057.5
2026-07-19 12:00:00+00:00,0.7289,0.729,0.7228,0.7267,618411.8
2026-07-19 13:00:00+00:00,0.7267,0.7271,0.7247,0.7269,158503.4
2026-07-19 14:00:00+00:00,0.7269,0.7275,0.7182,0.7202,529098.6
2026-07-19 15:00:00+00:00,0.7202,0.724,0.7187,0.7238,299103.7
2026-07-19 16:00:00+00:00,0.7238,0.7251,0.7142,0.716,585883.0
2026-07-19 17:00:00+00:00,0.716,0.7181,0.7095,0.7159,1072622.6
2026-07-19 18:00:00+00:00,0.7159,0.718,0.7108,0.7153,698452.7
2026-07-19 19:00:00+00:00,0.7153,0.7166,0.7133,0.715,213847.6
2026-07-19 20:00:00+00:00,0.715,0.7171,0.7147,0.7157,222053.2
2026-07-19 21:00:00+00:00,0.7157,0.7171,0.7115,0.7138,346673.2
2026-07-19 22:00:00+00:00,0.7138,0.7201,0.7134,0.7177,541207.1
2026-07-19 23:00:00+00:00,0.7177,0.7197,0.7143,0.7193,386429.8
2026-07-20 00:00:00+00:00,0.7193,0.7252,0.7156,0.7182,759165.6
2026-07-20 01:00:00+00:00,0.7182,0.7262,0.7145,0.7162,450376.3
2026-07-20 02:00:00+00:00,0.7162,0.7236,0.716,0.7236,305779.1
2026-07-20 03:00:00+00:00,0.7236,0.7244,0.7189,0.7193,121884.2
2026-07-20 04:00:00+00:00,0.7193,0.7197,0.7153,0.7163,175431.7
2026-07-20 05:00:00+00:00,0.7163,0.7169,0.706,0.7076,935583.4
2026-07-20 06:00:00+00:00,0.7076,0.7107,0.7021,0.7056,902406.0
2026-07-20 07:00:00+00:00,0.7056,0.711,0.7042,0.7099,391547.1
2026-07-20 08:00:00+00:00,0.7099,0.7114,0.6999,0.7053,725441.3
2026-07-20 09:00:00+00:00,0.7053,0.7092,0.7033,0.7079,290457.8
2026-07-20 10:00:00+00:00,0.7079,0.7122,0.7074,0.7098,220436.9
2026-07-20 11:00:00+00:00,0.7098,0.7167,0.7097,0.7162,536398.8
2026-07-20 12:00:00+00:00,0.7162,0.7164,0.7129,0.7145,297185.6
2026-07-20 13:00:00+00:00,0.7145,0.7201,0.7112,0.7128,419153.8
2026-07-20 14:00:00+00:00,0.7128,0.7198,0.7111,0.717,802656.2
2026-07-20 15:00:00+00:00,0.717,0.7351,0.7167,0.7327,2451644.9
2026-07-20 16:00:00+00:00,0.7327,0.7422,0.7283,0.7303,1726595.9
2026-07-20 17:00:00+00:00,0.7303,0.7327,0.7276,0.73,375241.0
2026-07-20 18:00:00+00:00,0.73,0.7333,0.7291,0.731,465417.1
2026-07-20 19:00:00+00:00,0.731,0.7319,0.7263,0.731,501155.2
2026-07-20 20:00:00+00:00,0.731,0.735,0.7308,0.7349,260376.2
2026-07-20 21:00:00+00:00,0.7349,0.7378,0.7347,0.7354,244891.7
2026-07-20 22:00:00+00:00,0.7354,0.7359,0.7317,0.733,185558.3
2026-07-20 23:00:00+00:00,0.733,0.7385,0.7328,0.7352,133197.3
2026-07-21 00:00:00+00:00,0.7352,0.7379,0.7333,0.7361,209296.7
2026-07-21 01:00:00+00:00,0.7361,0.7385,0.7327,0.733,201997.4
2026-07-21 02:00:00+00:00,0.733,0.7369,0.7312,0.7359,151014.5
2026-07-21 03:00:00+00:00,0.7359,0.7454,0.7359,0.7427,308634.3
2026-07-21 04:00:00+00:00,0.7427,0.7439,0.7387,0.7397,179399.9
2026-07-21 05:00:00+00:00,0.7397,0.7427,0.7378,0.7405,151141.5
2026-07-21 06:00:00+00:00,0.7405,0.7425,0.739,0.7414,209279.3
2026-07-21 07:00:00+00:00,0.7414,0.7466,0.7414,0.7461,293779.6
2026-07-21 08:00:00+00:00,0.7461,0.7584,0.7448,0.7532,667808.9
2026-07-21 09:00:00+00:00,0.7532,0.7566,0.749,0.7539,396321.4
2026-07-21 10:00:00+00:00,0.7539,0.76,0.7438,0.7479,1001437.6
2026-07-21 11:00:00+00:00,0.7479,0.7516,0.7464,0.7496,346897.6
2026-07-21 12:00:00+00:00,0.7496,0.7508,0.748,0.7496,222609.4
2026-07-21 13:00:00+00:00,0.7496,0.7554,0.7487,0.7545,426744.1
2026-07-21 14:00:00+00:00,0.7545,0.7555,0.7499,0.7549,345224.9
2026-07-21 15:00:00+00:00,0.7549,0.7599,0.7525,0.7579,304532.7
2026-07-21 16:00:00+00:00,0.7579,0.7587,0.751,0.7537,258836.3
2026-07-21 17:00:00+00:00,0.7537,0.7559,0.7493,0.7557,407496.3
2026-07-21 18:00:00+00:00,0.7557,0.784,0.7552,0.7691,1336290.9
2026-07-21 19:00:00+00:00,0.7691,0.7786,0.7649,0.7745,685832.9
2026-07-21 20:00:00+00:00,0.7745,0.7762,0.7703,0.7717,210435.5
2026-07-21 21:00:00+00:00,0.7717,0.7813,0.77,0.7748,545332.1
2026-07-21 22:00:00+00:00,0.7748,0.7749,0.7703,0.7725,221503.6
2026-07-21 23:00:00+00:00,0.7725,0.7725,0.7677,0.7692,234243.4
2026-07-22 00:00:00+00:00,0.7692,0.7808,0.7678,0.7769,1020158.3
2026-07-22 01:00:00+00:00,0.7769,0.7785,0.773,0.7736,275980.2
2026-07-22 02:00:00+00:00,0.7736,0.7745,0.7709,0.7712,142866.1
2026-07-22 03:00:00+00:00,0.7712,0.7731,0.7688,0.7694,189973.6
2026-07-22 04:00:00+00:00,0.7694,0.7722,0.7683,0.771,126728.6
2026-07-22 05:00:00+00:00,0.771,0.775,0.7644,0.7671,481336.5
2026-07-22 06:00:00+00:00,0.7671,0.7721,0.7645,0.7689,310624.1
2026-07-22 07:00:00+00:00,0.7689,0.7718,0.7669,0.7702,360209.6
2026-07-22 08:00:00+00:00,0.7702,0.7755,0.7702,0.7718,236661.3
2026-07-22 09:00:00+00:00,0.7718,0.7728,0.7638,0.7684,371683.1
2026-07-22 10:00:00+00:00,0.7684,0.7749,0.7682,0.7745,263533.3
2026-07-22 11:00:00+00:00,0.7745,0.775,0.7666,0.7686,260752.7
2026-07-22 12:00:00+00:00,0.7686,0.7695,0.759,0.7619,430557.0
2026-07-22 13:00:00+00:00,0.7619,0.7688,0.7618,0.7675,431530.1
2026-07-22 14:00:00+00:00,0.7675,0.7718,0.7635,0.7667,238362.3
2026-07-22 15:00:00+00:00,0.7667,0.7709,0.7665,0.769,165094.1
2026-07-22 16:00:00+00:00,0.769,0.7743,0.7682,0.7727,216611.2
2026-07-22 17:00:00+00:00,0.7727,0.7729,0.7672,0.7681,138490.7
2026-07-22 18:00:00+00:00,0.7681,0.7686,0.7606,0.7643,238738.1
2026-07-22 19:00:00+00:00,0.7643,0.7649,0.7613,0.7628,110210.2
2026-07-22 20:00:00+00:00,0.7628,0.7648,0.7608,0.7642,260194.5
2026-07-22 21:00:00+00:00,0.7642,0.7671,0.7639,0.7671,246173.1
2026-07-22 22:00:00+00:00,0.7671,0.7677,0.7617,0.7643,203025.4
2026-07-22 23:00:00+00:00,0.7643,0.7644,0.7572,0.7617,249040.3
2026-07-23 00:00:00+00:00,0.7617,0.7648,0.7611,0.7617,149561.4
2026-07-23 01:00:00+00:00,0.7617,0.7618,0.755,0.756,190664.9
2026-07-23 02:00:00+00:00,0.756,0.7561,0.7525,0.7544,228071.6
2026-07-23 03:00:00+00:00,0.7544,0.7544,0.7383,0.7409,868587.8
2026-07-23 04:00:00+00:00,0.7409,0.7454,0.738,0.7443,242330.3
2026-07-23 05:00:00+00:00,0.7443,0.7454,0.7395,0.7401,233986.3
2026-07-23 06:00:00+00:00,0.7401,0.7435,0.7392,0.7422,184634.9
2026-07-23 07:00:00+00:00,0.7422,0.7422,0.7286,0.7333,886814.9
2026-07-23 08:00:00+00:00,0.7333,0.7393,0.7328,0.7372,660323.1
2026-07-23 09:00:00+00:00,0.7372,0.739,0.7363,0.737,194931.7
2026-07-23 10:00:00+00:00,0.737,0.7401,0.7366,0.7394,168063.9
2026-07-23 11:00:00+00:00,0.7394,0.7409,0.7358,0.7365,215475.9
2026-07-23 12:00:00+00:00,0.7365,0.737,0.7321,0.7357,398008.5
2026-07-23 13:00:00+00:00,0.7357,0.7364,0.7311,0.7317,449774.2
2026-07-23 14:00:00+00:00,0.7317,0.7357,0.7285,0.7292,239952.8
2026-07-23 15:00:00+00:00,0.7292,0.7292,0.7231,0.7269,605026.4
2026-07-23 16:00:00+00:00,0.7269,0.7281,0.7224,0.7273,323797.1
2026-07-23 17:00:00+00:00,0.7273,0.7317,0.7216,0.7232,203449.0
2026-07-23 18:00:00+00:00,0.7232,0.7282,0.7229,0.7259,128728.1
2026-07-23 19:00:00+00:00,0.7259,0.7287,0.7237,0.7275,116745.4
2026-07-23 20:00:00+00:00,0.7275,0.7321,0.7274,0.7294,265984.2
2026-07-23 21:00:00+00:00,0.7294,0.7308,0.7269,0.7275,135898.9
2026-07-23 22:00:00+00:00,0.7275,0.7291,0.7251,0.7282,141699.8
2026-07-23 23:00:00+00:00,0.7282,0.7286,0.7267,0.7275,66926.7
2026-07-24 00:00:00+00:00,0.7275,0.7278,0.7228,0.7274,214340.9
2026-07-24 01:00:00+00:00,0.7274,0.7288,0.7263,0.7277,171179.0
2026-07-24 02:00:00+00:00,0.7277,0.7281,0.7231,0.725,112275.1
2026-07-24 03:00:00+00:00,0.725,0.7294,0.7244,0.729,130840.3
2026-07-24 04:00:00+00:00,0.729,0.7293,0.7248,0.727,188129.0
2026-07-24 05:00:00+00:00,0.727,0.73,0.7263,0.73,178917.5
2026-07-24 06:00:00+00:00,0.73,0.735,0.7295,0.7338,247352.4
2026-07-24 07:00:00+00:00,0.7338,0.7381,0.7307,0.7336,278898.7
2026-07-24 08:00:00+00:00,0.7336,0.7345,0.7319,0.7336,59434.7
2026-07-24 09:00:00+00:00,0.7336,0.7341,0.7296,0.7326,127425.9
2026-07-24 10:00:00+00:00,0.7326,0.7333,0.7278,0.7292,115839.3
2026-07-24 11:00:00+00:00,0.7292,0.7314,0.7275,0.7309,107279.8
2026-07-24 12:00:00+00:00,0.7309,0.7319,0.7237,0.7244,241163.3
2026-07-24 13:00:00+00:00,0.7244,0.7247,0.7112,0.7154,1443357.1
2026-07-24 14:00:00+00:00,0.7154,0.72,0.7098,0.7193,597154.5
2026-07-24 15:00:00+00:00,0.7193,0.7251,0.7171,0.724,485657.1
2026-07-24 16:00:00+00:00,0.724,0.7268,0.7225,0.7254,161627.2
2026-07-24 17:00:00+00:00,0.7254,0.7287,0.7238,0.7268,202701.6
2026-07-24 18:00:00+00:00,0.7268,0.7277,0.7234,0.7255,100170.5
2026-07-24 19:00:00+00:00,0.7255,0.7272,0.7245,0.7258,97161.9
2026-07-24 20:00:00+00:00,0.7258,0.7266,0.7227,0.7238,132129.1
2026-07-24 21:00:00+00:00,0.7238,0.724,0.7173,0.7175,165794.8
2026-07-24 22:00:00+00:00,0.7175,0.718,0.7156,0.7158,67830.3
2026-07-24 23:00:00+00:00,0.7158,0.7192,0.7158,0.719,58652.9
2026-07-25 00:00:00+00:00,0.719,0.7206,0.7175,0.7201,207432.0
2026-07-25 01:00:00+00:00,0.7201,0.7211,0.7187,0.7198,52579.6
2026-07-25 02:00:00+00:00,0.7198,0.7206,0.7179,0.7205,85781.6
2026-07-25 03:00:00+00:00,0.7205,0.7225,0.7205,0.7219,86111.6
2026-07-25 04:00:00+00:00,0.7219,0.7277,0.7219,0.7238,264651.1
2026-07-25 05:00:00+00:00,0.7238,0.7243,0.7216,0.7227,66205.1
2026-07-25 06:00:00+00:00,0.7227,0.7232,0.7179,0.7202,72951.1
2026-07-25 07:00:00+00:00,0.7202,0.7209,0.7171,0.7171,99364.5
2026-07-25 08:00:00+00:00,0.7171,0.7173,0.7141,0.7158,156526.0
2026-07-25 09:00:00+00:00,0.7158,0.7184,0.7151,0.7172,110604.0
2026-07-25 10:00:00+00:00,0.7172,0.7185,0.7165,0.7184,44477.1
2026-07-25 11:00:00+00:00,0.7184,0.7189,0.7163,0.7182,76801.6
2026-07-25 12:00:00+00:00,0.7182,0.7201,0.7177,0.7198,84238.6
2026-07-25 13:00:00+00:00,0.7198,0.7228,0.7197,0.7203,179932.5
2026-07-25 14:00:00+00:00,0.7203,0.7204,0.7172,0.7196,134659.7
2026-07-25 15:00:00+00:00,0.7196,0.7251,0.7192,0.7216,371857.9
2026-07-25 16:00:00+00:00,0.7216,0.7245,0.7211,0.7237,195322.4
2026-07-25 17:00:00+00:00,0.7237,0.7312,0.7225,0.7268,296010.0
2026-07-25 18:00:00+00:00,0.7268,0.7285,0.7262,0.7281,93134.4
2026-07-25 19:00:00+00:00,0.7281,0.7325,0.726,0.7308,368800.0
2026-07-25 20:00:00+00:00,0.7308,0.7342,0.7294,0.7296,238154.1
2026-07-25 21:00:00+00:00,0.7296,0.7399,0.7291,0.7355,228603.9
2026-07-25 22:00:00+00:00,0.7355,0.741,0.7352,0.7379,265452.5
2026-07-25 23:00:00+00:00,0.7379,0.7379,0.7336,0.7356,152542.9
2026-07-26 00:00:00+00:00,0.7356,0.7384,0.7332,0.7351,276567.5
2026-07-26 01:00:00+00:00,0.7351,0.7361,0.7317,0.7342,165116.4
2026-07-26 02:00:00+00:00,0.7342,0.7386,0.7316,0.7386,187538.4
2026-07-26 03:00:00+00:00,0.7386,0.7401,0.7353,0.736,111095.1
2026-07-26 04:00:00+00:00,0.736,0.747,0.7357,0.741,347960.0
2026-07-26 05:00:00+00:00,0.741,0.7438,0.7395,0.7417,182874.1
2026-07-26 06:00:00+00:00,0.7417,0.745,0.7392,0.7449,139875.6
2026-07-26 07:00:00+00:00,0.7449,0.751,0.7439,0.7487,287946.3
2026-07-26 08:00:00+00:00,0.7487,0.753,0.7464,0.7524,299361.0
2026-07-26 09:00:00+00:00,0.7524,0.7529,0.7468,0.748,202581.2
2026-07-26 10:00:00+00:00,0.748,0.7494,0.7465,0.7468,126038.4
2026-07-26 11:00:00+00:00,0.7468,0.7509,0.7462,0.748,124964.5
2026-07-26 12:00:00+00:00,0.748,0.7503,0.7442,0.7451,412994.7
2026-07-26 13:00:00+00:00,0.7451,0.7464,0.742,0.7438,193773.6
2026-07-26 14:00:00+00:00,0.7438,0.7473,0.7426,0.7455,249931.2
2026-07-26 15:00:00+00:00,0.7455,0.748,0.7448,0.7452,305586.4
2026-07-26 16:00:00+00:00,0.7452,0.7496,0.7434,0.7442,249563.5
2026-07-26 17:00:00+00:00,0.7442,0.7457,0.7431,0.7442,78486.5
2026-07-26 18:00:00+00:00,0.7442,0.7447,0.7424,0.744,94378.8
2026-07-26 19:00:00+00:00,0.744,0.7443,0.7324,0.7379,936958.3
2026-07-26 20:00:00+00:00,0.7379,0.7383,0.7346,0.7361,150490.8
2026-07-26 21:00:00+00:00,0.7361,0.7394,0.7342,0.7379,194342.5
2026-07-26 22:00:00+00:00,0.7379,0.7439,0.7379,0.7426,394839.3
2026-07-26 23:00:00+00:00,0.7426,0.7463,0.7409,0.7445,422192.5
2026-07-27 00:00:00+00:00,0.7445,0.7445,0.7413,0.7422,156202.3
2026-07-27 01:00:00+00:00,0.7422,0.7443,0.7381,0.7442,134668.7
2026-07-27 02:00:00+00:00,0.7442,0.756,0.7438,0.7518,486762.0
2026-07-27 03:00:00+00:00,0.7518,0.7539,0.7487,0.7521,386496.5
2026-07-27 04:00:00+00:00,0.7521,0.7533,0.7473,0.7473,200035.8
2026-07-27 05:00:00+00:00,0.7473,0.7483,0.744,0.746,142881.3
2026-07-27 06:00:00+00:00,0.746,0.7491,0.742,0.7444,306232.6
2026-07-27 07:00:00+00:00,0.7444,0.7444,0.7409,0.7416,121334.5
2026-07-27 08:00:00+00:00,0.7416,0.7416,0.7364,0.7366,131698.9
2026-07-27 09:00:00+00:00,0.7366,0.7407,0.7355,0.7395,121028.6
2026-07-27 10:00:00+00:00,0.7395,0.7424,0.7388,0.7406,99253.6
2026-07-27 11:00:00+00:00,0.7406,0.7431,0.7389,0.7415,163582.7
2026-07-27 12:00:00+00:00,0.7415,0.7461,0.7394,0.7446,321322.4
2026-07-27 13:00:00+00:00,0.7446,0.7518,0.7425,0.7438,485276.7
2026-07-27 14:00:00+00:00,0.7438,0.7439,0.7166,0.7234,1343564.3
2026-07-27 15:00:00+00:00,0.7234,0.7244,0.718,0.7208,334331.1
2026-07-27 16:00:00+00:00,0.7208,0.726,0.7176,0.7246,280121.0
2026-07-27 17:00:00+00:00,0.7246,0.726,0.7224,0.7248,105430.3
2026-07-27 18:00:00+00:00,0.7248,0.7261,0.7172,0.7209,260476.1
2026-07-27 19:00:00+00:00,0.7209,0.7244,0.7117,0.7146,1033718.2
2026-07-27 20:00:00+00:00,0.7146,0.7202,0.7121,0.7184,331489.7
2026-07-27 21:00:00+00:00,0.7184,0.7185,0.709,0.7114,501663.1
2026-07-27 22:00:00+00:00,0.7114,0.7134,0.6891,0.6925,1953284.9
2026-07-27 23:00:00+00:00,0.6925,0.6964,0.6872,0.6939,992943.0
2026-07-28 00:00:00+00:00,0.6939,0.6977,0.6922,0.6944,484224.1
2026-07-28 01:00:00+00:00,0.6944,0.695,0.6839,0.6912,1168778.5
2026-07-28 02:00:00+00:00,0.6912,0.6975,0.6897,0.6967,390911.9
2026-07-28 03:00:00+00:00,0.6967,0.7001,0.6961,0.6992,230310.2
2026-07-28 04:00:00+00:00,0.6992,0.6996,0.6926,0.6932,192671.2
2026-07-28 05:00:00+00:00,0.6932,0.6969,0.6932,0.6936,156316.6
2026-07-28 06:00:00+00:00,0.6936,0.6959,0.6921,0.695,100864.0
2026-07-28 07:00:00+00:00,0.695,0.6961,0.6918,0.6935,159481.7
2026-07-28 08:00:00+00:00,0.6935,0.6961,0.6922,0.6955,169910.7
2026-07-28 09:00:00+00:00,0.6955,0.6966,0.6938,0.6947,167788.7
2026-07-28 10:00:00+00:00,0.6947,0.6975,0.6947,0.6962,180662.5
2026-07-28 11:00:00+00:00,0.6962,0.6983,0.694,0.6978,232769.5
2026-07-28 12:00:00+00:00,0.6978,0.7019,0.6962,0.6992,429822.0
2026-07-28 13:00:00+00:00,0.6992,0.7007,0.6868,0.6939,814822.6
2026-07-28 14:00:00+00:00,0.6939,0.6986,0.6908,0.6961,147759.5
2026-07-28 15:00:00+00:00,0.6961,0.7046,0.6936,0.7035,956530.0
2026-07-28 16:00:00+00:00,0.7035,0.7076,0.7011,0.7063,433239.1
2026-07-28 17:00:00+00:00,0.7063,0.7063,0.6973,0.6995,378625.7
2026-07-28 18:00:00+00:00,0.6995,0.701,0.6955,0.6991,293516.7
2026-07-28 19:00:00+00:00,0.6991,0.7031,0.699,0.7021,152301.1
2026-07-28 20:00:00+00:00,0.7021,0.7053,0.7018,0.7047,299718.7
2026-07-28 21:00:00+00:00,0.7047,0.707,0.7032,0.7056,159191.3
2026-07-28 22:00:00+00:00,0.7056,0.7065,0.7006,0.7009,176788.6
2026-07-28 23:00:00+00:00,0.7009,0.7074,0.6996,0.7059,138517.4
2026-07-29 00:00:00+00:00,0.7059,0.7112,0.7058,0.7061,341126.2
2026-07-29 01:00:00+00:00,0.7061,0.7064,0.6958,0.6962,276858.2
2026-07-29 02:00:00+00:00,0.6962,0.6996,0.6924,0.6958,507092.0
2026-07-29 03:00:00+00:00,0.6958,0.6961,0.6852,0.6856,530851.9
2026-07-29 04:00:00+00:00,0.6856,0.6926,0.6791,0.6906,560403.3
2026-07-29 05:00:00+00:00,0.6906,0.6955,0.6902,0.6942,144516.9
2026-07-29 06:00:00+00:00,0.6942,0.6967,0.6918,0.6941,114124.7
2026-07-29 07:00:00+00:00,0.6941,0.696,0.6923,0.696,101907.4
2026-07-29 08:00:00+00:00,0.696,0.6963,0.6916,0.6938,279502.9
2026-07-29 09:00:00+00:00,0.6938,0.6975,0.6938,0.695,93373.5
2026-07-29 10:00:00+00:00,0.695,0.695,0.6897,0.6915,133737.8
2026-07-29 11:00:00+00:00,0.6915,0.6943,0.6906,0.6914,80735.2
2026-07-29 12:00:00+00:00,0.6914,0.6915,0.6868,0.6904,396117.1
2026-07-29 13:00:00+00:00,0.6904,0.6944,0.6886,0.6929,214518.0
2026-07-29 14:00:00+00:00,0.6929,0.6942,0.6887,0.6902,131542.4
2026-07-29 15:00:00+00:00,0.6902,0.6935,0.6877,0.6883,181341.8
2026-07-29 16:00:00+00:00,0.6883,0.6883,0.6669,0.668,1959604.4
2026-07-29 17:00:00+00:00,0.668,0.6789,0.6641,0.6766,896870.5
2026-07-29 18:00:00+00:00,0.6766,0.6853,0.6745,0.6833,665856.4
2026-07-29 19:00:00+00:00,0.6833,0.6854,0.6634,0.6654,761421.7
2026-07-29 20:00:00+00:00,0.6654,0.6667,0.6537,0.6585,1219130.8
2026-07-29 21:00:00+00:00,0.6585,0.6692,0.6564,0.6689,556056.1
2026-07-29 22:00:00+00:00,0.6689,0.6746,0.6689,0.6743,222612.9
2026-07-29 23:00:00+00:00,0.6743,0.6796,0.6737,0.6783,177734.3
2026-07-30 00:00:00+00:00,0.6783,0.6813,0.6767,0.6792,261729.1
2026-07-30 01:00:00+00:00,0.6792,0.6863,0.6777,0.6826,346049.7
2026-07-30 02:00:00+00:00,0.6826,0.6864,0.6826,0.6831,167923.8
2026-07-30 03:00:00+00:00,0.6831,0.6878,0.6823,0.6855,187155.6
2026-07-30 04:00:00+00:00,0.6855,0.6868,0.6776,0.6777,344410.9
2026-07-30 05:00:00+00:00,0.6777,0.6818,0.675,0.6817,156876.6
2026-07-30 06:00:00+00:00,0.6817,0.6819,0.6792,0.6803,109772.0
2026-07-30 07:00:00+00:00,0.6803,0.6833,0.677,0.6806,235605.7
2026-07-30 08:00:00+00:00,0.6806,0.6868,0.6802,0.6861,129427.5
2026-07-30 09:00:00+00:00,0.6861,0.6916,0.6829,0.6907,436916.0
2026-07-30 10:00:00+00:00,0.6907,0.6954,0.6905,0.6932,219736.1
2026-07-30 11:00:00+00:00,0.6932,0.699,0.6919,0.6927,409222.7
2026-07-30 12:00:00+00:00,0.6927,0.6963,0.6907,0.6919,292538.1
2026-07-30 13:00:00+00:00,0.6919,0.6977,0.6897,0.6964,206722.3
2026-07-30 14:00:00+00:00,0.6964,0.6967,0.6923,0.6943,212410.5
2026-07-30 15:00:00+00:00,0.6943,0.7091,0.6918,0.7066,973629.8
2026-07-30 16:00:00+00:00,0.7066,0.7088,0.7026,0.7069,366063.8
2026-07-30 17:00:00+00:00,0.7069,0.7291,0.704,0.7208,1572320.9
2026-07-30 18:00:00+00:00,0.7208,0.7248,0.7136,0.7148,505442.5
2026-07-30 19:00:00+00:00,0.7148,0.7208,0.7145,0.7198,252037.1
2026-07-30 20:00:00+00:00,0.7198,0.7266,0.7198,0.722,411555.2
2026-07-30 21:00:00+00:00,0.722,0.7233,0.7185,0.7197,433799.7
2026-07-30 22:00:00+00:00,0.7197,0.7197,0.7151,0.716,226874.9
2026-07-30 23:00:00+00:00,0.716,0.7167,0.7119,0.713,266749.7
2026-07-31 00:00:00+00:00,0.713,0.7181,0.713,0.7156,192727.3
2026-07-31 01:00:00+00:00,0.7156,0.7209,0.7143,0.7154,196003.3
2026-07-31 02:00:00+00:00,0.7154,0.7164,0.7062,0.7087,423951.7
2026-07-31 03:00:00+00:00,0.7087,0.7133,0.7063,0.712,185345.2
2026-07-31 04:00:00+00:00,0.712,0.7147,0.7109,0.7131,79927.7
2026-07-31 05:00:00+00:00,0.7131,0.7164,0.7129,0.7162,116190.1
2026-07-31 06:00:00+00:00,0.7162,0.7174,0.7116,0.7147,129981.1
2026-07-31 07:00:00+00:00,0.7147,0.7183,0.7093,0.717,264026.7
2026-07-31 08:00:00+00:00,0.717,0.7187,0.7141,0.7178,159409.8
2026-07-31 09:00:00+00:00,0.7178,0.7179,0.711,0.7137,333979.8
2026-07-31 10:00:00+00:00,0.7137,0.7208,0.7099,0.7178,334487.8
2026-07-31 11:00:00+00:00,0.7178,0.7196,0.7159,0.718,149166.5
2026-07-31 12:00:00+00:00,0.718,0.7204,0.7145,0.7188,322708.5
2026-07-31 13:00:00+00:00,0.7188,0.724,0.7136,0.7165,457985.9
2026-07-31 14:00:00+00:00,0.7165,0.7227,0.7101,0.7182,835644.0
2026-07-31 15:00:00+00:00,0.7182,0.7235,0.7148,0.7173,494305.8
2026-07-31 16:00:00+00:00,0.7173,0.7205,0.7147,0.7192,482863.6
2026-07-31 17:00:00+00:00,0.7192,0.7268,0.7188,0.7236,298179.3
2026-07-31 18:00:00+00:00,0.7236,0.725,0.718,0.7203,174204.5
2026-07-31 19:00:00+00:00,0.7203,0.7213,0.7139,0.7159,74389.2
2026-07-31 20:00:00+00:00,0.7159,0.7179,0.7135,0.7139,202537.6
2026-07-31 21:00:00+00:00,0.7139,0.7153,0.7115,0.7141,387938.4
2026-07-31 22:00:00+00:00,0.7141,0.717,0.7136,0.7148,127524.5
2026-07-31 23:00:00+00:00,0.7148,0.7169,0.7136,0.7148,91177.3
2026-08-01 00:00:00+00:00,0.7148,0.7173,0.7133,0.7144,413963.2
2026-08-01 01:00:00+00:00,0.7144,0.7183,0.7144,0.7174,127179.5
2026-08-01 02:00:00+00:00,0.7174,0.7203,0.7164,0.7193,242480.5
2026-08-01 03:00:00+00:00,0.7193,0.7211,0.718,0.7199,147871.1
2026-08-01 04:00:00+00:00,0.7199,0.7265,0.7188,0.7228,250544.2
2026-08-01 05:00:00+00:00,0.7228,0.7243,0.7182,0.7208,191224.7
2026-08-01 06:00:00+00:00,0.7208,0.7253,0.7197,0.7233,211006.8
2026-08-01 07:00:00+00:00,0.7233,0.7253,0.7218,0.7218,115139.4
2026-08-01 08:00:00+00:00,0.7218,0.7284,0.7205,0.7272,182144.5
2026-08-01 09:00:00+00:00,0.7272,0.7276,0.7196,0.721,217570.2
2026-08-01 10:00:00+00:00,0.721,0.721,0.7054,0.7124,870039.2
2026-08-01 11:00:00+00:00,0.7124,0.7137,0.7101,0.7108,107116.5
2026-08-01 12:00:00+00:00,0.7108,0.7123,0.7098,0.7107,211975.3
2026-08-01 13:00:00+00:00,0.7107,0.713,0.7104,0.7123,88873.3
2026-08-01 14:00:00+00:00,0.7123,0.7125,0.7071,0.7102,264968.5
2026-08-01 15:00:00+00:00,0.7102,0.7118,0.7081,0.7109,101588.9
2026-08-01 16:00:00+00:00,0.7109,0.7122,0.708,0.7091,157308.3
2026-08-01 17:00:00+00:00,0.7091,0.7108,0.6986,0.702,607661.6
2026-08-01 18:00:00+00:00,0.702,0.7021,0.6904,0.6962,891426.9
2026-08-01 19:00:00+00:00,0.6962,0.6984,0.6951,0.6976,125749.8
2026-08-01 20:00:00+00:00,0.6976,0.6995,0.6967,0.6989,139278.4
2026-08-01 21:00:00+00:00,0.6989,0.7017,0.6989,0.7002,318766.0
2026-08-01 22:00:00+00:00,0.7002,0.7019,0.6995,0.7,183500.7
2026-08-01 23:00:00+00:00,0.7,0.7012,0.6994,0.7006,48529.1
2026-08-02 00:00:00+00:00,0.7006,0.7022,0.6999,0.7017,213310.7
2026-08-02 01:00:00+00:00,0.7017,0.7089,0.7017,0.7078,398683.6
2026-08-02 02:00:00+00:00,0.7078,0.7159,0.7057,0.7112,629348.4
2026-08-02 03:00:00+00:00,0.7112,0.714,0.7111,0.7128,109137.2
2026-08-02 04:00:00+00:00,0.7128,0.718,0.7128,0.7177,167905.2
2026-08-02 05:00:00+00:00,0.7177,0.7196,0.714,0.7182,147877.4
2026-08-02 06:00:00+00:00,0.7182,0.7192,0.7147,0.7156,111703.9
2026-08-02 07:00:00+00:00,0.7156,0.7187,0.7149,0.7172,82979.4
2026-08-02 08:00:00+00:00,0.7172,0.7181,0.7139,0.7142,87050.4
2026-08-02 09:00:00+00:00,0.7142,0.7153,0.7121,0.7128,83081.2
2026-08-02 10:00:00+00:00,0.7128,0.7147,0.7125,0.7136,61268.8
2026-08-02 11:00:00+00:00,0.7136,0.7166,0.7127,0.7143,183929.9
2026-08-02 12:00:00+00:00,0.7143,0.7255,0.7143,0.7206,351398.3
2026-08-02 13:00:00+00:00,0.7206,0.7215,0.7176,0.7195,145533.5
2026-08-02 14:00:00+00:00,0.7195,0.7226,0.7187,0.7216,107140.6
2026-08-02 15:00:00+00:00,0.7216,0.7219,0.7183,0.7191,139612.7
2026-08-02 16:00:00+00:00,0.7191,0.7225,0.7175,0.7185,225719.1
2026-08-02 17:00:00+00:00,0.7185,0.7204,0.7176,0.7199,51297.0
2026-08-02 18:00:00+00:00,0.7199,0.7237,0.7195,0.7199,77701.3
2026-08-02 19:00:00+00:00,0.7199,0.7217,0.7182,0.7216,71458.2
2026-08-02 20:00:00+00:00,0.7216,0.7217,0.7196,0.7204,60271.9
2026-08-02 21:00:00+00:00,0.7204,0.7231,0.7201,0.7207,236256.6
2026-08-02 22:00:00+00:00,0.7207,0.7225,0.7166,0.7175,114666.5
2026-08-02 23:00:00+00:00,0.7175,0.7184,0.7164,0.7183,140739.1
2026-08-03 00:00:00+00:00,0.7183,0.7189,0.7152,0.7167,100533.2
2026-08-03 01:00:00+00:00,0.7167,0.7177,0.7119,0.7127,85227.7
2026-08-03 02:00:00+00:00,0.7127,0.7179,0.71,0.7176,226343.1
2026-08-03 03:00:00+00:00,0.7176,0.7196,0.7113,0.7148,316379.5
2026-08-03 04:00:00+00:00,0.7148,0.7184,0.7076,0.7088,363045.3
2026-08-03 05:00:00+00:00,0.7088,0.7122,0.7084,0.7122,167147.6
2026-08-03 06:00:00+00:00,0.7122,0.7126,0.7079,0.7086,226498.8
2026-08-03 07:00:00+00:00,0.7086,0.7113,0.7076,0.709,96459.6
2026-08-03 08:00:00+00:00,0.709,0.7118,0.7043,0.7118,255602.9
2026-08-03 09:00:00+00:00,0.7118,0.7144,0.7108,0.7134,87867.3
2026-08-03 10:00:00+00:00,0.7134,0.7151,0.7121,0.7142,211629.3
2026-08-03 11:00:00+00:00,0.7142,0.7164,0.7125,0.714,224186.4
2026-08-03 12:00:00+00:00,0.714,0.7164,0.7133,0.7151,135179.6
2026-08-03 13:00:00+00:00,0.7151,0.734,0.7151,0.7249,1308316.8
2026-08-03 14:00:00+00:00,0.7249,0.7263,0.7213,0.7243,538276.5
2026-08-03 15:00:00+00:00,0.7243,0.7245,0.7204,0.724,366913.0
2026-08-03 16:00:00+00:00,0.724,0.7266,0.7218,0.7235,274844.5
2026-08-03 17:00:00+00:00,0.7235,0.7254,0.7226,0.7234,73992.8
2026-08-03 18:00:00+00:00,0.7234,0.7264,0.7234,0.7256,205778.5
2026-08-03 19:00:00+00:00,0.7256,0.7282,0.7253,0.7254,200885.8
2026-08-03 20:00:00+00:00,0.7254,0.7269,0.7226,0.7243,183046.8
2026-08-03 21:00:00+00:00,0.7243,0.7273,0.7231,0.7244,226530.7
2026-08-03 22:00:00+00:00,0.7244,0.7244,0.7176,0.7217,372863.6
2026-08-03 23:00:00+00:00,0.7217,0.7235,0.7194,0.7235,79631.3
2026-08-04 00:00:00+00:00,0.7235,0.7253,0.7187,0.7194,117309.5
2026-08-04 01:00:00+00:00,0.7194,0.728,0.719,0.7274,178942.7
2026-08-04 02:00:00+00:00,0.7274,0.7277,0.7222,0.7223,366874.4
2026-08-04 03:00:00+00:00,0.7223,0.7226,0.718,0.7191,356064.4
2026-08-04 04:00:00+00:00,0.7191,0.7236,0.7188,0.7212,182502.5
2026-08-04 05:00:00+00:00,0.7212,0.7231,0.72,0.7228,57099.0
2026-08-04 06:00:00+00:00,0.7228,0.7238,0.7163,0.7177,373220.3
2026-08-04 07:00:00+00:00,0.7177,0.7187,0.714,0.7179,322771.4
2026-08-04 08:00:00+00:00,0.7179,0.7188,0.7153,0.7153,102705.8
2026-08-04 09:00:00+00:00,0.7153,0.7158,0.7127,0.7133,135992.9
2026-08-04 10:00:00+00:00,0.7133,0.7163,0.7113,0.7148,225922.7
2026-08-04 11:00:00+00:00,0.7148,0.7149,0.7115,0.7135,125262.1
2026-08-04 12:00:00+00:00,0.7135,0.7152,0.7114,0.7116,296829.1
2026-08-04 13:00:00+00:00,0.7116,0.7151,0.7083,0.7097,350329.9
2026-08-04 14:00:00+00:00,0.7097,0.7126,0.7063,0.7119,309918.6
2026-08-04 15:00:00+00:00,0.7119,0.7133,0.7081,0.7118,165924.8
2026-08-04 16:00:00+00:00,0.7118,0.7173,0.7109,0.714,266060.6
2026-08-04 17:00:00+00:00,0.714,0.7161,0.7114,0.7116,110588.1
2026-08-04 18:00:00+00:00,0.7116,0.7156,0.711,0.7144,399646.1
2026-08-04 19:00:00+00:00,0.7144,0.7176,0.7144,0.716,240088.4
2026-08-04 20:00:00+00:00,0.716,0.7209,0.7135,0.7194,221585.9
2026-08-04 21:00:00+00:00,0.7194,0.7223,0.7172,0.7191,183931.2
2026-08-04 22:00:00+00:00,0.7191,0.7253,0.718,0.7219,359447.7
2026-08-04 23:00:00+00:00,0.7219,0.7226,0.7177,0.7184,89122.3
2026-08-05 00:00:00+00:00,0.7184,0.7185,0.7125,0.7128,201244.4
2026-08-05 01:00:00+00:00,0.7128,0.7171,0.7113,0.7159,174969.5
2026-08-05 02:00:00+00:00,0.7159,0.7189,0.7151,0.7188,183874.8
2026-08-05 03:00:00+00:00,0.7188,0.7203,0.711,0.712,216523.2
2026-08-05 04:00:00+00:00,0.712,0.7132,0.7105,0.7129,199677.8
2026-08-05 05:00:00+00:00,0.7129,0.7173,0.7128,0.7155,193569.4
2026-08-05 06:00:00+00:00,0.7155,0.7172,0.7143,0.715,91171.5
2026-08-05 07:00:00+00:00,0.715,0.7168,0.714,0.7166,100169.2
2026-08-05 08:00:00+00:00,0.7166,0.7181,0.7085,0.7092,387332.6
2026-08-05 09:00:00+00:00,0.7092,0.7136,0.7082,0.711,127182.4
2026-08-05 10:00:00+00:00,0.711,0.711,0.7065,0.7075,339885.1
2026-08-05 11:00:00+00:00,0.7075,0.7091,0.7069,0.7074,157188.8
2026-08-05 12:00:00+00:00,0.7074,0.7189,0.7036,0.713,998265.9
2026-08-05 13:00:00+00:00,0.713,0.7146,0.7073,0.7121,295952.9
2026-08-05 14:00:00+00:00,0.7121,0.7191,0.7119,0.7178,332786.4
2026-08-05 15:00:00+00:00,0.7178,0.7225,0.7156,0.717,449704.6
2026-08-05 16:00:00+00:00,0.717,0.7223,0.7141,0.7196,293088.7
2026-08-05 17:00:00+00:00,0.7196,0.7306,0.7185,0.7243,525907.2
2026-08-05 18:00:00+00:00,0.7243,0.7249,0.7212,0.722,210389.0
2026-08-05 19:00:00+00:00,0.722,0.7238,0.7193,0.7193,106910.0
2026-08-05 20:00:00+00:00,0.7193,0.7263,0.7177,0.7236,220061.6
2026-08-05 21:00:00+00:00,0.7236,0.7236,0.7207,0.7225,63273.0
2026-08-05 22:00:00+00:00,0.7225,0.723,0.7191,0.7191,74002.4
2026-08-05 23:00:00+00:00,0.7191,0.7225,0.7179,0.7199,242537.7
2026-08-06 00:00:00+00:00,0.7199,0.7225,0.7199,0.722,89835.5
2026-08-06 01:00:00+00:00,0.722,0.7222,0.7147,0.7147,126616.6
2026-08-06 02:00:00+00:00,0.7147,0.7147,0.7073,0.7103,666473.0
2026-08-06 03:00:00+00:00,0.7103,0.7126,0.7076,0.7117,139843.8
2026-08-06 04:00:00+00:00,0.7117,0.716,0.71,0.7139,141193.2
2026-08-06 05:00:00+00:00,0.7139,0.7183,0.7131,0.7141,78001.1
2026-08-06 06:00:00+00:00,0.7141,0.7159,0.7114,0.7139,106738.3
2026-08-06 07:00:00+00:00,0.7139,0.7142,0.7119,0.7131,61901.8
2026-08-06 08:00:00+00:00,0.7131,0.7133,0.7111,0.7121,121707.7
2026-08-06 09:00:00+00:00,0.7121,0.7121,0.7004,0.703,867855.5
2026-08-06 10:00:00+00:00,0.703,0.703,0.6788,0.6873,2653439.0
2026-08-06 11:00:00+00:00,0.6873,0.6905,0.6856,0.6886,286672.0
2026-08-06 12:00:00+00:00,0.6886,0.6891,0.6854,0.6854,207448.5
2026-08-06 13:00:00+00:00,0.6854,0.6904,0.684,0.6899,345251.4
2026-08-06 14:00:00+00:00,0.6899,0.6954,0.6885,0.6943,531991.3
2026-08-06 15:00:00+00:00,0.6943,0.7107,0.6939,0.7082,1351644.5
2026-08-06 16:00:00+00:00,0.7082,0.7378,0.7023,0.7287,2494957.3
2026-08-06 17:00:00+00:00,0.7287,0.731,0.7138,0.7158,1269044.6
2026-08-06 18:00:00+00:00,0.7158,0.7159,0.6988,0.7027,1384931.6
2026-08-06 19:00:00+00:00,0.7027,0.7043,0.6989,0.6999,273416.7
2026-08-06 20:00:00+00:00,0.6999,0.7037,0.6997,0.7032,178515.2
2026-08-06 21:00:00+00:00,0.7032,0.706,0.7031,0.7044,103014.6
2026-08-06 22:00:00+00:00,0.7044,0.706,0.7016,0.7022,116709.7
2026-08-06 23:00:00+00:00,0.7022,0.7033,0.7012,0.7033,126812.1
2026-08-07 00:00:00+00:00,0.7033,0.7054,0.6996,0.7044,296913.6
2026-08-07 01:00:00+00:00,0.7044,0.7057,0.701,0.7017,197645.7
2026-08-07 02:00:00+00:00,0.7017,0.7028,0.6979,0.7002,120391.0
2026-08-07 03:00:00+00:00,0.7002,0.7022,0.6881,0.6914,594048.0
2026-08-07 04:00:00+00:00,0.6914,0.6941,0.6898,0.6931,209151.5
2026-08-07 05:00:00+00:00,0.6931,0.6946,0.6904,0.6946,140560.2
2026-08-07 06:00:00+00:00,0.6946,0.6957,0.6929,0.6944,156801.1
2026-08-07 07:00:00+00:00,0.6944,0.6961,0.6936,0.6952,88150.5
2026-08-07 08:00:00+00:00,0.6952,0.6962,0.6874,0.6911,426092.4
2026-08-07 09:00:00+00:00,0.6911,0.6934,0.6906,0.6924,174209.5
2026-08-07 10:00:00+00:00,0.6924,0.6925,0.6904,0.6905,122013.0
2026-08-07 11:00:00+00:00,0.6905,0.6956,0.6905,0.6947,190291.1
2026-08-07 12:00:00+00:00,0.6947,0.7008,0.694,0.6966,497346.9
2026-08-07 13:00:00+00:00,0.6966,0.6986,0.6944,0.6971,121538.5
2026-08-07 14:00:00+00:00,0.6971,0.6973,0.6879,0.6905,545588.1
2026-08-07 15:00:00+00:00,0.6905,0.6966,0.6895,0.6943,106744.7
2026-08-07 16:00:00+00:00,0.6943,0.6962,0.6882,0.6883,170671.7
2026-08-07 17:00:00+00:00,0.6883,0.689,0.6694,0.679,1598239.4
2026-08-07 18:00:00+00:00,0.679,0.6829,0.6782,0.6787,247696.7
2026-08-07 19:00:00+00:00,0.6787,0.6851,0.6786,0.6831,213390.5
2026-08-07 20:00:00+00:00,0.6831,0.6854,0.6791,0.6853,213293.2
2026-08-07 21:00:00+00:00,0.6853,0.6861,0.6821,0.6821,85276.2
2026-08-07 22:00:00+00:00,0.6821,0.6842,0.681,0.6822,37752.6
2026-08-07 23:00:00+00:00,0.6822,0.6839,0.6811,0.6832,29375.5
2026-08-08 00:00:00+00:00,0.6832,0.687,0.6817,0.6867,158349.4
2026-08-08 01:00:00+00:00,0.6867,0.6909,0.6851,0.6901,192080.9
2026-08-08 02:00:00+00:00,0.6901,0.6913,0.6885,0.6906,186625.8
2026-08-08 03:00:00+00:00,0.6906,0.697,0.6898,0.6969,169521.7
2026-08-08 04:00:00+00:00,0.6969,0.6981,0.6927,0.6934,366715.3
2026-08-08 05:00:00+00:00,0.6934,0.6963,0.6934,0.696,167483.7
2026-08-08 06:00:00+00:00,0.696,0.6963,0.6941,0.6962,114185.7
2026-08-08 07:00:00+00:00,0.6962,0.7042,0.6962,0.7034,209655.0
2026-08-08 08:00:00+00:00,0.7034,0.7083,0.7008,0.707,314076.3
2026-08-08 09:00:00+00:00,0.707,0.7171,0.7049,0.7132,435730.1
2026-08-08 10:00:00+00:00,0.7132,0.7262,0.7132,0.7195,731946.4
2026-08-08 11:00:00+00:00,0.7195,0.7196,0.7135,0.7147,636380.3
2026-08-08 12:00:00+00:00,0.7147,0.7173,0.7132,0.7147,392518.5
2026-08-08 13:00:00+00:00,0.7147,0.7164,0.7131,0.7152,155438.2
2026-08-08 14:00:00+00:00,0.7152,0.7176,0.7115,0.7175,283633.6
2026-08-08 15:00:00+00:00,0.7175,0.719,0.7156,0.7161,169726.0
2026-08-08 16:00:00+00:00,0.7161,0.7192,0.7156,0.7183,267777.7
2026-08-08 17:00:00+00:00,0.7183,0.7188,0.7163,0.7172,136613.3
2026-08-08 18:00:00+00:00,0.7172,0.7195,0.7168,0.7184,108689.4
2026-08-08 19:00:00+00:00,0.7184,0.7188,0.7153,0.7157,121612.2
2026-08-08 20:00:00+00:00,0.7157,0.7175,0.7133,0.7169,166034.3
2026-08-08 21:00:00+00:00,0.7169,0.7184,0.716,0.7163,110158.2
2026-08-08 22:00:00+00:00,0.7163,0.7166,0.7057,0.7096,617251.7
2026-08-08 23:00:00+00:00,0.7096,0.7108,0.7081,0.7101,163091.3
2026-08-09 00:00:00+00:00,0.7101,0.7122,0.7096,0.712,116924.9
2026-08-09 01:00:00+00:00,0.712,0.715,0.711,0.7139,218587.8
2026-08-09 02:00:00+00:00,0.7139,0.7153,0.711,0.7111,126388.8
2026-08-09 03:00:00+00:00,0.7111,0.7117,0.7082,0.7096,131539.9
2026-08-09 04:00:00+00:00,0.7096,0.7147,0.7087,0.7119,120033.2
2026-08-09 05:00:00+00:00,0.7119,0.7129,0.7086,0.7116,132684.9
2026-08-09 06:00:00+00:00,0.7116,0.7135,0.7112,0.7123,155514.4
2026-08-09 07:00:00+00:00,0.7123,0.7129,0.7099,0.7104,215867.8
2026-08-09 08:00:00+00:00,0.7104,0.7132,0.7103,0.711,94383.7
2026-08-09 09:00:00+00:00,0.711,0.7119,0.71,0.7119,52619.8
2026-08-09 10:00:00+00:00,0.7119,0.7125,0.7087,0.7087,47944.8
2026-08-09 11:00:00+00:00,0.7087,0.7093,0.7036,0.7082,273526.6
2026-08-09 12:00:00+00:00,0.7082,0.7096,0.7068,0.7086,63357.9
2026-08-09 13:00:00+00:00,0.7086,0.713,0.7086,0.7095,155306.2
2026-08-09 14:00:00+00:00,0.7095,0.7102,0.7081,0.7099,45069.3
2026-08-09 15:00:00+00:00,0.7099,0.7126,0.7095,0.7118,87636.2
2026-08-09 16:00:00+00:00,0.7118,0.7121,0.7093,0.7108,214190.5
2026-08-09 17:00:00+00:00,0.7108,0.7117,0.7084,0.7095,84623.5
2026-08-09 18:00:00+00:00,0.7095,0.7097,0.7079,0.7086,123881.4
2026-08-09 19:00:00+00:00,0.7086,0.7126,0.7074,0.7121,243950.8
2026-08-09 20:00:00+00:00,0.7121,0.713,0.7112,0.7124,121571.2
2026-08-09 21:00:00+00:00,0.7124,0.7145,0.7111,0.7128,64650.6
2026-08-09 22:00:00+00:00,0.7128,0.7165,0.6992,0.7034,482373.9
2026-08-09 23:00:00+00:00,0.7034,0.7049,0.6974,0.7002,587459.1
2026-08-10 00:00:00+00:00,0.7002,0.7053,0.6984,0.703,201341.9
2026-08-10 01:00:00+00:00,0.703,0.709,0.7016,0.7063,126739.5
2026-08-10 02:00:00+00:00,0.7063,0.7066,0.6995,0.7043,180182.7
2026-08-10 03:00:00+00:00,0.7043,0.7047,0.7002,0.7013,48746.2
2026-08-10 04:00:00+00:00,0.7013,0.7049,0.7005,0.7026,126815.1
2026-08-10 05:00:00+00:00,0.7026,0.7067,0.7023,0.7057,166528.2
2026-08-10 06:00:00+00:00,0.7057,0.7086,0.7052,0.7078,194607.5
2026-08-10 07:00:00+00:00,0.7078,0.7088,0.7052,0.7058,165877.5
2026-08-10 08:00:00+00:00,0.7058,0.707,0.7026,0.7052,127469.3
2026-08-10 09:00:00+00:00,0.7052,0.7052,0.6987,0.7,144268.2
2026-08-10 10:00:00+00:00,0.7,0.7018,0.6991,0.7,217263.7
2026-08-10 11:00:00+00:00,0.7,0.7032,0.6941,0.7022,269621.8
2026-08-10 12:00:00+00:00,0.7022,0.7038,0.7003,0.7023,130336.3
2026-08-10 13:00:00+00:00,0.7023,0.7039,0.6982,0.701,414763.5
2026-08-10 14:00:00+00:00,0.701,0.703,0.6985,0.6986,63619.3
2026-08-10 15:00:00+00:00,0.6986,0.6994,0.6901,0.697,527647.9
2026-08-10 16:00:00+00:00,0.697,0.6993,0.6926,0.6945,342851.2
2026-08-10 17:00:00+00:00,0.6945,0.7012,0.6939,0.6999,309623.0
2026-08-10 18:00:00+00:00,0.6999,0.7046,0.6999,0.703,166630.5
2026-08-10 19:00:00+00:00,0.703,0.707,0.702,0.7041,245592.3
2026-08-10 20:00:00+00:00,0.7041,0.7064,0.7029,0.7032,59807.1
2026-08-10 21:00:00+00:00,0.7032,0.7033,0.6993,0.6996,99160.8
2026-08-10 22:00:00+00:00,0.6996,0.7029,0.6981,0.7026,60473.0
2026-08-10 23:00:00+00:00,0.7026,0.7041,0.6999,0.7025,168292.3
2026-08-11 00:00:00+00:00,0.7025,0.7037,0.6986,0.7032,130509.7
2026-08-11 01:00:00+00:00,0.7032,0.707,0.7013,0.7068,92889.6
2026-08-11 02:00:00+00:00,0.7068,0.709,0.7065,0.7072,132083.1
2026-08-11 03:00:00+00:00,0.7072,0.7096,0.7068,0.7075,113547.1
2026-08-11 04:00:00+00:00,0.7075,0.7076,0.7029,0.7043,59000.9
2026-08-11 05:00:00+00:00,0.7043,0.7048,0.7018,0.703,135726.6
2026-08-11 06:00:00+00:00,0.703,0.708,0.6996,0.7015,219105.0
2026-08-11 07:00:00+00:00,0.7015,0.7029,0.6968,0.6979,195610.2
2026-08-11 08:00:00+00:00,0.6979,0.702,0.6977,0.7009,55164.3
2026-08-11 09:00:00+00:00,0.7009,0.7044,0.6995,0.7028,105076.6
2026-08-11 10:00:00+00:00,0.7028,0.7044,0.7007,0.7035,44118.8
2026-08-11 11:00:00+00:00,0.7035,0.706,0.7029,0.7038,107836.0
2026-08-11 12:00:00+00:00,0.7038,0.7045,0.6993,0.7024,180163.1
2026-08-11 13:00:00+00:00,0.7024,0.7063,0.7024,0.7051,198313.9
2026-08-11 14:00:00+00:00,0.7051,0.7074,0.6918,0.694,355967.0
2026-08-11 15:00:00+00:00,0.694,0.6974,0.6874,0.6948,632097.0
2026-08-11 16:00:00+00:00,0.6948,0.6997,0.6931,0.6987,102581.3
2026-08-11 17:00:00+00:00,0.6987,0.7031,0.6987,0.7021,194886.9
2026-08-11 18:00:00+00:00,0.7021,0.708,0.7021,0.7048,367337.5
2026-08-11 19:00:00+00:00,0.7048,0.709,0.702,0.709,201361.5
2026-08-11 20:00:00+00:00,0.709,0.7174,0.7085,0.7144,513525.0
2026-08-11 21:00:00+00:00,0.7144,0.7152,0.7094,0.7104,123500.4
2026-08-11 22:00:00+00:00,0.7104,0.7121,0.7094,0.7114,398950.5
2026-08-11 23:00:00+00:00,0.7114,0.7115,0.7096,0.7107,63550.7
2026-08-12 00:00:00+00:00,0.7107,0.7129,0.7091,0.7094,183865.7
2026-08-12 01:00:00+00:00,0.7094,0.7111,0.7085,0.71,94892.8
2026-08-12 02:00:00+00:00,0.71,0.7101,0.7066,0.7069,136808.5
2026-08-12 03:00:00+00:00,0.7069,0.7081,0.7059,0.7078,47037.8
2026-08-12 04:00:00+00:00,0.7078,0.7093,0.7058,0.7067,35972.3
2026-08-12 05:00:00+00:00,0.7067,0.7068,0.7037,0.7052,205786.5
2026-08-12 06:00:00+00:00,0.7052,0.7052,0.7004,0.7004,164034.2
2026-08-12 07:00:00+00:00,0.7004,0.7025,0.6991,0.7019,68923.7
2026-08-12 08:00:00+00:00,0.7019,0.703,0.6982,0.6983,107443.3
2026-08-12 09:00:00+00:00,0.6983,0.7031,0.698,0.7003,147109.3
2026-08-12 10:00:00+00:00,0.7003,0.7019,0.6992,0.7005,80350.1
2026-08-12 11:00:00+00:00,0.7005,0.7019,0.7002,0.7014,43887.2
2026-08-12 12:00:00+00:00,0.7014,0.7076,0.7,0.7043,521570.4
2026-08-12 13:00:00+00:00,0.7043,0.7059,0.7026,0.7041,120205.3
2026-08-12 14:00:00+00:00,0.7041,0.7045,0.6968,0.6988,529272.4
2026-08-12 15:00:00+00:00,0.6988,0.7026,0.698,0.6988,113819.3
2026-08-12 16:00:00+00:00,0.6988,0.7015,0.6973,0.7,99423.5
2026-08-12 17:00:00+00:00,0.7,0.7002,0.6928,0.6966,159776.7
2026-08-12 18:00:00+00:00,0.6966,0.698,0.6946,0.6948,37285.6
2026-08-12 19:00:00+00:00,0.6948,0.6954,0.687,0.6881,357279.7
2026-08-12 20:00:00+00:00,0.6881,0.692,0.6866,0.69,159237.1
2026-08-12 21:00:00+00:00,0.69,0.6915,0.6581,0.6691,1943802.5
2026-08-12 22:00:00+00:00,0.6691,0.6714,0.6643,0.6697,300451.0
2026-08-12 23:00:00+00:00,0.6697,0.6707,0.6649,0.669,224619.8
2026-08-13 00:00:00+00:00,0.669,0.6736,0.668,0.6685,233679.4
2026-08-13 01:00:00+00:00,0.6685,0.6729,0.666,0.672,193744.6
2026-08-13 02:00:00+00:00,0.672,0.6752,0.6706,0.6747,179054.3
2026-08-13 03:00:00+00:00,0.6747,0.6783,0.6737,0.6761,237428.7
2026-08-13 04:00:00+00:00,0.6761,0.6794,0.6752,0.6792,136671.8
2026-08-13 05:00:00+00:00,0.6792,0.6818,0.677,0.6798,100672.4
2026-08-13 06:00:00+00:00,0.6798,0.681,0.6778,0.6807,91986.4
2026-08-13 07:00:00+00:00,0.6807,0.6819,0.6766,0.6772,96910.6
2026-08-13 08:00:00+00:00,0.6772,0.6776,0.6731,0.6737,142494.4
2026-08-13 09:00:00+00:00,0.6737,0.6738,0.6716,0.6726,137221.8
2026-08-13 10:00:00+00:00,0.6726,0.675,0.6714,0.6736,115064.4
2026-08-13 11:00:00+00:00,0.6736,0.6738,0.6688,0.6708,170103.3
2026-08-13 12:00:00+00:00,0.6708,0.6754,0.6698,0.675,186695.9
2026-08-13 13:00:00+00:00,0.675,0.6791,0.6733,0.6777,73960.0
2026-08-13 14:00:00+00:00,0.6777,0.6796,0.6763,0.6792,179557.8
2026-08-13 15:00:00+00:00,0.6792,0.6792,0.6631,0.6666,416908.3
2026-08-13 16:00:00+00:00,0.6666,0.6706,0.6641,0.6678,378204.9
2026-08-13 17:00:00+00:00,0.6678,0.671,0.6675,0.6707,50794.7
2026-08-13 18:00:00+00:00,0.6707,0.6728,0.6696,0.6727,92088.3
2026-08-13 19:00:00+00:00,0.6727,0.6749,0.6721,0.674,65670.7
2026-08-13 20:00:00+00:00,0.674,0.6742,0.6716,0.6717,95707.7
2026-08-13 21:00:00+00:00,0.6717,0.6748,0.6712,0.6741,121977.0
2026-08-13 22:00:00+00:00,0.6741,0.6769,0.6741,0.6757,74718.3
2026-08-13 23:00:00+00:00,0.6757,0.6775,0.6749,0.677,154687.1
2026-08-14 00:00:00+00:00,0.677,0.6788,0.6753,0.6767,174118.1
2026-08-14 01:00:00+00:00,0.6767,0.678,0.6749,0.6763,142870.7
2026-08-14 02:00:00+00:00,0.6763,0.6777,0.6736,0.6746,313898.5
2026-08-14 03:00:00+00:00,0.6746,0.6746,0.6717,0.6725,46934.6
2026-08-14 04:00:00+00:00,0.6725,0.6736,0.6717,0.6719,49244.9
2026-08-14 05:00:00+00:00,0.6719,0.6724,0.6688,0.6717,161666.9
2026-08-14 06:00:00+00:00,0.6717,0.6718,0.6672,0.6675,266599.2
2026-08-14 07:00:00+00:00,0.6675,0.6688,0.6666,0.6682,86327.1
2026-08-14 08:00:00+00:00,0.6682,0.6713,0.6669,0.6711,71911.8
2026-08-14 09:00:00+00:00,0.6711,0.6715,0.6622,0.6638,244096.4
2026-08-14 10:00:00+00:00,0.6638,0.667,0.6631,0.6658,112724.0
2026-08-14 11:00:00+00:00,0.6658,0.6671,0.6652,0.6655,173389.2
2026-08-14 12:00:00+00:00,0.6655,0.6665,0.6619,0.664,210028.0
2026-08-14 13:00:00+00:00,0.664,0.67,0.6639,0.6676,146978.6
2026-08-14 14:00:00+00:00,0.6676,0.6681,0.6655,0.6664,64916.8
2026-08-14 15:00:00+00:00,0.6664,0.6722,0.6647,0.6722,124190.6
2026-08-14 16:00:00+00:00,0.6722,0.6739,0.6695,0.6721,452842.7
2026-08-14 17:00:00+00:00,0.6721,0.6808,0.6717,0.6765,632626.4
2026-08-14 18:00:00+00:00,0.6765,0.6791,0.6744,0.6745,80413.4
2026-08-14 19:00:00+00:00,0.6745,0.6745,0.6721,0.6725,47782.8
2026-08-14 20:00:00+00:00,0.6725,0.6735,0.6698,0.6713,68857.2
2026-08-14 21:00:00+00:00,0.6713,0.6726,0.6704,0.6714,66215.2
2026-08-14 22:00:00+00:00,0.6714,0.6749,0.671,0.6743,90095.1
2026-08-14 23:00:00+00:00,0.6743,0.6812,0.6743,0.6807,153001.8
2026-08-15 00:00:00+00:00,0.6807,0.6998,0.6785,0.6897,1167257.4
2026-08-15 01:00:00+00:00,0.6897,0.6931,0.6873,0.6901,276818.9
2026-08-15 02:00:00+00:00,0.6901,0.6978,0.69,0.6966,177687.3
2026-08-15 03:00:00+00:00,0.6966,0.6982,0.6906,0.6924,255294.0
2026-08-15 04:00:00+00:00,0.6924,0.6964,0.6924,0.6955,175936.9
2026-08-15 05:00:00+00:00,0.6955,0.6956,0.6915,0.693,280365.1
2026-08-15 06:00:00+00:00,0.693,0.6935,0.6893,0.6904,132060.5
2026-08-15 07:00:00+00:00,0.6904,0.6904,0.6859,0.6865,163805.1
2026-08-15 08:00:00+00:00,0.6865,0.689,0.6831,0.6878,217202.1
2026-08-15 09:00:00+00:00,0.6878,0.691,0.6871,0.691,66690.9
2026-08-15 10:00:00+00:00,0.691,0.6923,0.6901,0.6919,92134.3
2026-08-15 11:00:00+00:00,0.6919,0.6939,0.6918,0.6923,67139.3
2026-08-15 12:00:00+00:00,0.6923,0.695,0.6916,0.6948,77279.9
2026-08-15 13:00:00+00:00,0.6948,0.6948,0.6906,0.6912,139323.8
2026-08-15 14:00:00+00:00,0.6912,0.6912,0.688,0.6907,123271.9
2026-08-15 15:00:00+00:00,0.6907,0.6932,0.6904,0.6926,100775.2
2026-08-15 16:00:00+00:00,0.6926,0.6926,0.6875,0.6877,80584.7
2026-08-15 17:00:00+00:00,0.6877,0.6902,0.6876,0.6883,59402.7
2026-08-15 18:00:00+00:00,0.6883,0.6885,0.6851,0.6864,69843.2
2026-08-15 19:00:00+00:00,0.6864,0.6874,0.6858,0.6868,64733.0
2026-08-15 20:00:00+00:00,0.6868,0.688,0.6859,0.6875,30784.6
2026-08-15 21:00:00+00:00,0.6875,0.6888,0.6862,0.6862,68001.3
2026-08-15 22:00:00+00:00,0.6862,0.6876,0.6844,0.6846,74624.2
2026-08-15 23:00:00+00:00,0.6846,0.6846,0.6732,0.6758,1025864.4
2026-08-16 00:00:00+00:00,0.6758,0.6786,0.6737,0.6762,180199.5
2026-08-16 01:00:00+00:00,0.6762,0.6762,0.672,0.6738,97044.6
2026-08-16 02:00:00+00:00,0.6738,0.6758,0.6714,0.6758,82098.5
2026-08-16 03:00:00+00:00,0.6758,0.6777,0.6755,0.6773,61255.8
2026-08-16 04:00:00+00:00,0.6773,0.6788,0.6758,0.6779,265375.9
2026-08-16 05:00:00+00:00,0.6779,0.6785,0.6763,0.6769,46919.6
2026-08-16 06:00:00+00:00,0.6769,0.6782,0.6767,0.6778,72193.9
2026-08-16 07:00:00+00:00,0.6778,0.6801,0.6771,0.6799,184148.3
2026-08-16 08:00:00+00:00,0.6799,0.6807,0.6779,0.6782,184288.3
2026-08-16 09:00:00+00:00,0.6782,0.6815,0.6782,0.6811,25219.2
2026-08-16 10:00:00+00:00,0.6811,0.6833,0.6796,0.6799,89404.6
2026-08-16 11:00:00+00:00,0.6799,0.6817,0.6799,0.6815,48379.8
2026-08-16 12:00:00+00:00,0.6815,0.6822,0.6796,0.6816,41173.7
2026-08-16 13:00:00+00:00,0.6816,0.6819,0.6784,0.681,113714.5
2026-08-16 14:00:00+00:00,0.681,0.6828,0.681,0.6816,65180.3
2026-08-16 15:00:00+00:00,0.6816,0.6835,0.6809,0.6828,48299.8
2026-08-16 16:00:00+00:00,0.6828,0.6829,0.6789,0.6798,192500.0
2026-08-16 17:00:00+00:00,0.6798,0.6847,0.6798,0.6814,131088.8
2026-08-16 18:00:00+00:00,0.6814,0.682,0.6801,0.6809,46713.0
2026-08-16 19:00:00+00:00,0.6809,0.6811,0.6784,0.6798,153706.1
2026-08-16 20:00:00+00:00,0.6798,0.6799,0.6716,0.6754,318786.7
2026-08-16 21:00:00+00:00,0.6754,0.6756,0.6578,0.6633,730480.0
2026-08-16 22:00:00+00:00,0.6633,0.6665,0.6617,0.666,240069.7
2026-08-16 23:00:00+00:00,0.666,0.6674,0.665,0.6664,89915.5
2026-08-17 00:00:00+00:00,0.6664,0.6688,0.6638,0.6685,124702.8
2026-08-17 01:00:00+00:00,0.6685,0.6737,0.6683,0.669,179802.9
2026-08-17 02:00:00+00:00,0.669,0.6708,0.661,0.6687,585106.3
2026-08-17 03:00:00+00:00,0.6687,0.6692,0.6657,0.6672,73483.2
2026-08-17 04:00:00+00:00,0.6672,0.6696,0.6663,0.6684,537093.4
2026-08-17 05:00:00+00:00,0.6684,0.6697,0.6669,0.6681,639564.9
2026-08-17 06:00:00+00:00,0.6681,0.6706,0.6664,0.6699,148284.3
2026-08-17 07:00:00+00:00,0.6699,0.67,0.6663,0.6689,132839.7
2026-08-17 08:00:00+00:00,0.6689,0.6691,0.6637,0.6638,219243.5
2026-08-17 09:00:00+00:00,0.6638,0.6663,0.6631,0.6662,168476.1
2026-08-17 10:00:00+00:00,0.6662,0.6693,0.6656,0.6686,128244.8
2026-08-17 11:00:00+00:00,0.6686,0.6698,0.6678,0.6679,48214.2
2026-08-17 12:00:00+00:00,0.6679,0.6688,0.6656,0.6676,265288.8
2026-08-17 13:00:00+00:00,0.6676,0.6726,0.6669,0.6697,167042.9
2026-08-17 14:00:00+00:00,0.6697,0.6697,0.6667,0.6693,48223.0
2026-08-17 15:00:00+00:00,0.6693,0.6727,0.6671,0.6711,154798.8
2026-08-17 16:00:00+00:00,0.6711,0.6718,0.6668,0.6668,61870.0
2026-08-17 17:00:00+00:00,0.6668,0.6726,0.6662,0.6697,273776.7
2026-08-17 18:00:00+00:00,0.6697,0.6708,0.6685,0.6697,195072.2
2026-08-17 19:00:00+00:00,0.6697,0.671,0.6688,0.6696,45273.5
2026-08-17 20:00:00+00:00,0.6696,0.6765,0.6691,0.6737,211007.9
2026-08-17 21:00:00+00:00,0.6737,0.6744,0.6719,0.6722,106616.7
2026-08-17 22:00:00+00:00,0.6722,0.6731,0.6699,0.6706,112716.4
2026-08-17 23:00:00+00:00,0.6706,0.6736,0.6706,0.6724,34228.3
2026-08-18 00:00:00+00:00,0.6724,0.6726,0.6705,0.6717,71353.9
2026-08-18 01:00:00+00:00,0.6717,0.6719,0.6597,0.6623,479797.4
2026-08-18 02:00:00+00:00,0.6623,0.6624,0.617,0.6235,4271106.6
2026-08-18 03:00:00+00:00,0.6235,0.6264,0.6096,0.6153,2142032.3
2026-08-18 04:00:00+00:00,0.6153,0.6191,0.6139,0.618,661570.0
2026-08-18 05:00:00+00:00,0.618,0.6248,0.6172,0.6244,627972.2
2026-08-18 06:00:00+00:00,0.6244,0.6287,0.6232,0.6261,289666.4
2026-08-18 07:00:00+00:00,0.6261,0.6279,0.6249,0.627,234355.4
2026-08-18 08:00:00+00:00,0.627,0.6284,0.6237,0.627,215138.0
2026-08-18 09:00:00+00:00,0.627,0.6278,0.624,0.6251,121395.2
2026-08-18 10:00:00+00:00,0.6251,0.6263,0.6241,0.6252,72458.6
2026-08-18 11:00:00+00:00,0.6252,0.6266,0.6224,0.6227,205359.4
2026-08-18 12:00:00+00:00,0.6227,0.6253,0.6182,0.6206,215631.5
2026-08-18 13:00:00+00:00,0.6206,0.6228,0.6179,0.6207,207145.2
2026-08-18 14:00:00+00:00,0.6207,0.6265,0.6196,0.623,756799.7
2026-08-18 15:00:00+00:00,0.623,0.6304,0.6212,0.6291,885542.9
2026-08-18 16:00:00+00:00,0.6291,0.6299,0.6229,0.623,624039.9
2026-08-18 17:00:00+00:00,0.623,0.6324,0.6215,0.6309,929978.2
2026-08-18 18:00:00+00:00,0.6309,0.6346,0.6288,0.6337,865034.0
2026-08-18 19:00:00+00:00,0.6337,0.6368,0.6324,0.6349,1041617.1
2026-08-18 20:00:00+00:00,0.6349,0.6352,0.6303,0.6307,199909.5
2026-08-18 21:00:00+00:00,0.6307,0.6336,0.6301,0.631,186384.9
2026-08-18 22:00:00+00:00,0.631,0.6324,0.6274,0.6275,171324.2
2026-08-18 23:00:00+00:00,0.6275,0.6317,0.6272,0.6316,180363.2
2026-08-19 00:00:00+00:00,0.6316,0.6318,0.6245,0.6309,380539.8
2026-08-19 01:00:00+00:00,0.6309,0.635,0.6305,0.6335,312051.6
2026-08-19 02:00:00+00:00,0.6335,0.636,0.6322,0.6337,409254.9
2026-08-19 03:00:00+00:00,0.6337,0.6384,0.6329,0.6367,126430.7
2026-08-19 04:00:00+00:00,0.6367,0.6391,0.6335,0.6341,337560.0
2026-08-19 05:00:00+00:00,0.6341,0.6373,0.6339,0.637,187082.5
2026-08-19 06:00:00+00:00,0.637,0.6388,0.633,0.6388,203519.8
2026-08-19 07:00:00+00:00,0.6388,0.6394,0.6348,0.6353,248393.7
2026-08-19 08:00:00+00:00,0.6353,0.6389,0.6344,0.6349,230111.2
2026-08-19 09:00:00+00:00,0.6349,0.6381,0.6334,0.6335,86925.9
2026-08-19 10:00:00+00:00,0.6335,0.6371,0.6333,0.6367,104107.3
2026-08-19 11:00:00+00:00,0.6367,0.6392,0.6361,0.6385,134557.5
2026-08-19 12:00:00+00:00,0.6385,0.6423,0.6385,0.6386,487657.9
2026-08-19 13:00:00+00:00,0.6386,0.6386,0.6324,0.6345,333728.6
2026-08-19 14:00:00+00:00,0.6345,0.6433,0.6334,0.6421,271400.5
2026-08-19 15:00:00+00:00,0.6421,0.6726,0.6395,0.6543,2597765.6
2026-08-19 16:00:00+00:00,0.6543,0.6611,0.654,0.6582,429838.8
2026-08-19 17:00:00+00:00,0.6582,0.659,0.6513,0.6583,211446.7
2026-08-19 18:00:00+00:00,0.6583,0.6597,0.6538,0.6558,142493.5
2026-08-19 19:00:00+00:00,0.6558,0.6666,0.6547,0.6656,143758.5
2026-08-19 20:00:00+00:00,0.6656,0.6777,0.6625,0.675,404096.9
2026-08-19 21:00:00+00:00,0.675,0.6997,0.6741,0.6931,941729.6
2026-08-19 22:00:00+00:00,0.6931,0.6949,0.6738,0.6762,694378.9
2026-08-19 23:00:00+00:00,0.6762,0.6784,0.6705,0.6739,365130.1
2026-08-20 00:00:00+00:00,0.6739,0.6789,0.6727,0.6758,395278.5
2026-08-20 01:00:00+00:00,0.6758,0.6764,0.6701,0.6752,269393.4
2026-08-20 02:00:00+00:00,0.6752,0.6752,0.6708,0.6711,593533.5
2026-08-20 03:00:00+00:00,0.6711,0.6712,0.6648,0.6677,1006084.1
2026-08-20 04:00:00+00:00,0.6677,0.6721,0.6672,0.6711,278975.6
2026-08-20 05:00:00+00:00,0.6711,0.6716,0.668,0.6686,159607.9
2026-08-20 06:00:00+00:00,0.6686,0.6737,0.6681,0.6728,167465.8
2026-08-20 07:00:00+00:00,0.6728,0.6739,0.6682,0.6708,554156.7
2026-08-20 08:00:00+00:00,0.6708,0.6882,0.6702,0.6865,1783879.5
2026-08-20 09:00:00+00:00,0.6865,0.6912,0.6833,0.6858,540122.9
2026-08-20 10:00:00+00:00,0.6858,0.6909,0.6852,0.6901,269163.9
2026-08-20 11:00:00+00:00,0.6901,0.6954,0.6874,0.6909,241511.8
2026-08-20 12:00:00+00:00,0.6909,0.6942,0.6859,0.693,400107.2
2026-08-20 13:00:00+00:00,0.693,0.6984,0.687,0.6969,766903.8
2026-08-20 14:00:00+00:00,0.6969,0.7041,0.6965,0.7015,1061587.3
2026-08-20 15:00:00+00:00,0.7015,0.7275,0.7002,0.7229,1883921.8
2026-08-20 16:00:00+00:00,0.7229,0.7498,0.7158,0.7487,1612964.7
2026-08-20 17:00:00+00:00,0.7487,0.7687,0.7416,0.7654,1664802.5
2026-08-20 18:00:00+00:00,0.7654,0.7712,0.7435,0.7592,1747912.7
2026-08-20 19:00:00+00:00,0.7592,0.7604,0.7265,0.7294,1377429.7
2026-08-20 20:00:00+00:00,0.7294,0.7342,0.7284,0.733,331241.1
2026-08-20 21:00:00+00:00,0.733,0.7354,0.7301,0.7328,144657.4
2026-08-20 22:00:00+00:00,0.7328,0.733,0.7275,0.7302,306745.5
2026-08-20 23:00:00+00:00,0.7302,0.7379,0.7298,0.735,269453.8
2026-08-21 00:00:00+00:00,0.735,0.7447,0.7338,0.7436,600370.7
2026-08-21 01:00:00+00:00,0.7436,0.7559,0.7415,0.7531,1178827.0
2026-08-21 02:00:00+00:00,0.7531,0.7601,0.7412,0.7471,1016236.6
2026-08-21 03:00:00+00:00,0.7471,0.7501,0.7416,0.7445,351663.5
2026-08-21 04:00:00+00:00,0.7445,0.7544,0.7418,0.7508,454218.5
2026-08-21 05:00:00+00:00,0.7508,0.7564,0.7473,0.7562,400031.2
2026-08-21 06:00:00+00:00,0.7562,0.7562,0.7474,0.7513,312224.6
2026-08-21 07:00:00+00:00,0.7513,0.7685,0.7509,0.7647,896858.8
2026-08-21 08:00:00+00:00,0.7647,0.7826,0.7642,0.782,1007725.9
2026-08-21 09:00:00+00:00,0.782,0.7902,0.756,0.782,2039901.4
2026-08-21 10:00:00+00:00,0.782,0.7863,0.7694,0.7799,1326458.8
2026-08-21 11:00:00+00:00,0.7799,0.7856,0.7643,0.7739,1127536.0
2026-08-21 12:00:00+00:00,0.7739,0.7836,0.7683,0.7792,503377.9
2026-08-21 13:00:00+00:00,0.7792,0.7846,0.7675,0.7838,696636.3
2026-08-21 14:00:00+00:00,0.7838,0.7892,0.7741,0.788,422226.0
2026-08-21 15:00:00+00:00,0.788,0.7959,0.7804,0.7841,499637.4
2026-08-21 16:00:00+00:00,0.7841,0.7891,0.7766,0.784,296026.4
2026-08-21 17:00:00+00:00,0.784,0.7867,0.7772,0.7828,302806.8
2026-08-21 18:00:00+00:00,0.7828,0.7892,0.7714,0.7744,263493.3
2026-08-21 19:00:00+00:00,0.7744,0.7796,0.7639,0.7789,305902.1
2026-08-21 20:00:00+00:00,0.7789,0.7999,0.7761,0.7974,313996.7
2026-08-21 21:00:00+00:00,0.7974,0.8076,0.7973,0.8028,412838.7
2026-08-21 22:00:00+00:00,0.8028,0.8194,0.8006,0.8153,826021.5
2026-08-21 23:00:00+00:00,0.8153,0.8187,0.8056,0.8096,488359.9
2026-08-22 00:00:00+00:00,0.8096,0.8251,0.8008,0.8236,779131.2
2026-08-22 01:00:00+00:00,0.8236,0.8293,0.8136,0.8158,679135.8
2026-08-22 02:00:00+00:00,0.8158,0.8386,0.8158,0.8366,610756.2
2026-08-22 03:00:00+00:00,0.8366,0.8582,0.8338,0.847,2539025.9
2026-08-22 04:00:00+00:00,0.847,0.8597,0.8439,0.8538,1898657.5
2026-08-22 05:00:00+00:00,0.8538,0.8565,0.7164,0.7894,10926164.7
2026-08-22 06:00:00+00:00,0.7894,0.7949,0.7749,0.7925,1382803.8
2026-08-22 07:00:00+00:00,0.7925,0.7973,0.785,0.786,567342.9
2026-08-22 08:00:00+00:00,0.786,0.79,0.7682,0.7789,910036.0
2026-08-22 09:00:00+00:00,0.7789,0.7806,0.7656,0.7724,845067.9
2026-08-22 10:00:00+00:00,0.7724,0.7729,0.7503,0.7682,1492297.8
2026-08-22 11:00:00+00:00,0.7682,0.774,0.7638,0.7718,546878.7
2026-08-22 12:00:00+00:00,0.7718,0.7794,0.77,0.7753,426315.8
2026-08-22 13:00:00+00:00,0.7753,0.7794,0.7724,0.7772,254193.8
2026-08-22 14:00:00+00:00,0.7772,0.7778,0.765,0.7694,1476916.4
2026-08-22 15:00:00+00:00,0.7694,0.7713,0.7613,0.7684,395686.4
2026-08-22 16:00:00+00:00,0.7684,0.7823,0.767,0.7779,411777.0
2026-08-22 17:00:00+00:00,0.7779,0.7853,0.7756,0.7813,197073.9
2026-08-22 18:00:00+00:00,0.7813,0.7815,0.769,0.773,315293.8
2026-08-22 19:00:00+00:00,0.773,0.7758,0.7692,0.7732,142795.1
2026-08-22 20:00:00+00:00,0.7732,0.7781,0.7708,0.7722,106095.7
2026-08-22 21:00:00+00:00,0.7722,0.7723,0.7506,0.753,365430.8
2026-08-22 22:00:00+00:00,0.753,0.7647,0.7468,0.7616,738424.2
2026-08-22 23:00:00+00:00,0.7616,0.7638,0.7562,0.7616,298047.1
2026-08-23 00:00:00+00:00,0.7616,0.7723,0.7576,0.771,463001.5
2026-08-23 01:00:00+00:00,0.771,0.7712,0.7606,0.7623,168994.8
2026-08-23 02:00:00+00:00,0.7623,0.7624,0.7497,0.7521,541122.4
2026-08-23 03:00:00+00:00,0.7521,0.7532,0.7398,0.7447,460358.7
2026-08-23 04:00:00+00:00,0.7447,0.75,0.7353,0.7392,392027.8
2026-08-23 05:00:00+00:00,0.7392,0.7479,0.7309,0.7377,706651.8
2026-08-23 06:00:00+00:00,0.7377,0.744,0.7345,0.7391,118890.4
2026-08-23 07:00:00+00:00,0.7391,0.7439,0.738,0.7412,120048.9
2026-08-23 08:00:00+00:00,0.7412,0.749,0.7405,0.7467,130801.2
2026-08-23 09:00:00+00:00,0.7467,0.75,0.7442,0.7494,113520.2
2026-08-23 10:00:00+00:00,0.7494,0.7576,0.7489,0.7555,286716.1
2026-08-23 11:00:00+00:00,0.7555,0.7701,0.755,0.7676,273330.1
2026-08-23 12:00:00+00:00,0.7676,0.7692,0.7588,0.7674,364819.5
2026-08-23 13:00:00+00:00,0.7674,0.7785,0.7662,0.7743,562636.1
2026-08-23 14:00:00+00:00,0.7743,0.7774,0.7513,0.7662,1178442.2
2026-08-23 15:00:00+00:00,0.7662,0.7759,0.7624,0.7708,313431.3
2026-08-23 16:00:00+00:00,0.7708,0.7735,0.7658,0.7701,184409.8
2026-08-23 17:00:00+00:00,0.7701,0.7755,0.7641,0.7698,224103.9
2026-08-23 18:00:00+00:00,0.7698,0.7738,0.7693,0.7733,75490.5
2026-08-23 19:00:00+00:00,0.7733,0.7743,0.7685,0.7695,140712.7
2026-08-23 20:00:00+00:00,0.7695,0.7735,0.7653,0.7718,250094.6
2026-08-23 21:00:00+00:00,0.7718,0.7817,0.7714,0.7757,470990.1
2026-08-23 22:00:00+00:00,0.7757,0.7796,0.7709,0.7759,175058.0
2026-08-23 23:00:00+00:00,0.7759,0.7784,0.7709,0.7737,166859.3
2026-08-24 00:00:00+00:00,0.7737,0.7737,0.7606,0.7702,410437.9
2026-08-24 01:00:00+00:00,0.7702,0.7712,0.7463,0.7505,750228.7
2026-08-24 02:00:00+00:00,0.7505,0.7682,0.7474,0.7616,529280.8
2026-08-24 03:00:00+00:00,0.7616,0.7626,0.7534,0.7543,166386.3
2026-08-24 04:00:00+00:00,0.7543,0.7657,0.7543,0.7598,132818.1
2026-08-24 05:00:00+00:00,0.7598,0.7651,0.7539,0.7573,105248.4
2026-08-24 06:00:00+00:00,0.7573,0.7582,0.7488,0.752,238455.0
2026-08-24 07:00:00+00:00,0.752,0.7611,0.7475,0.7483,157647.5
2026-08-24 08:00:00+00:00,0.7483,0.7504,0.7421,0.7486,445236.9
2026-08-24 09:00:00+00:00,0.7486,0.7562,0.7479,0.7547,182874.1
2026-08-24 10:00:00+00:00,0.7547,0.7594,0.7528,0.754,291467.5
2026-08-24 11:00:00+00:00,0.754,0.7668,0.75,0.7632,356913.9
2026-08-24 12:00:00+00:00,0.7632,0.7678,0.7523,0.7649,556282.0
2026-08-24 13:00:00+00:00,0.7649,0.7669,0.7467,0.7521,592271.4
2026-08-24 14:00:00+00:00,0.7521,0.7651,0.751,0.764,455689.7
2026-08-24 15:00:00+00:00,0.764,0.7712,0.7534,0.7562,715956.5
2026-08-24 16:00:00+00:00,0.7562,0.7685,0.7562,0.7629,411385.5
2026-08-24 17:00:00+00:00,0.7629,0.7655,0.7478,0.7554,558382.9
2026-08-24 18:00:00+00:00,0.7554,0.764,0.7554,0.7564,270168.1
2026-08-24 19:00:00+00:00,0.7564,0.7585,0.7513,0.7528,525876.1
2026-08-24 20:00:00+00:00,0.7528,0.7557,0.7463,0.7549,336912.4
2026-08-24 21:00:00+00:00,0.7549,0.758,0.7534,0.7557,174416.3
2026-08-24 22:00:00+00:00,0.7557,0.7571,0.749,0.7497,146017.6
2026-08-24 23:00:00+00:00,0.7497,0.7534,0.7467,0.7532,212223.5
2026-08-25 00:00:00+00:00,0.7532,0.761,0.7476,0.7595,302654.4
2026-08-25 01:00:00+00:00,0.7595,0.7625,0.7528,0.7573,237757.0
2026-08-25 02:00:00+00:00,0.7573,0.7713,0.7547,0.7645,433192.9
2026-08-25 03:00:00+00:00,0.7645,0.77,0.7589,0.7604,211751.9
2026-08-25 04:00:00+00:00,0.7604,0.7641,0.7554,0.7638,355568.1
2026-08-25 05:00:00+00:00,0.7638,0.769,0.7631,0.7651,233060.7
2026-08-25 06:00:00+00:00,0.7651,0.7668,0.7392,0.7484,1213201.5
2026-08-25 07:00:00+00:00,0.7484,0.7535,0.7296,0.7406,1068323.8
2026-08-25 08:00:00+00:00,0.7406,0.7442,0.7374,0.7402,462794.4
2026-08-25 09:00:00+00:00,0.7402,0.7456,0.7328,0.7386,377873.2
2026-08-25 10:00:00+00:00,0.7386,0.7453,0.7375,0.7436,111806.2
2026-08-25 11:00:00+00:00,0.7436,0.7439,0.7386,0.7389,64814.2
2026-08-25 12:00:00+00:00,0.7389,0.7423,0.7335,0.7387,386396.9
2026-08-25 13:00:00+00:00,0.7387,0.7391,0.7236,0.732,841957.4
2026-08-25 14:00:00+00:00,0.732,0.7373,0.7305,0.7332,255253.2
2026-08-25 15:00:00+00:00,0.7332,0.7336,0.7264,0.7309,358008.3
2026-08-25 16:00:00+00:00,0.7309,0.7339,0.7273,0.7302,262243.5
2026-08-25 17:00:00+00:00,0.7302,0.734,0.7223,0.7337,307136.9
2026-08-25 18:00:00+00:00,0.7337,0.7364,0.7292,0.7299,723759.8
2026-08-25 19:00:00+00:00,0.7299,0.7309,0.7258,0.7279,605717.4
2026-08-25 20:00:00+00:00,0.7279,0.7287,0.7089,0.7103,1552038.1
2026-08-25 21:00:00+00:00,0.7103,0.7127,0.6963,0.711,963289.4
2026-08-25 22:00:00+00:00,0.711,0.7167,0.7106,0.7157,236940.2
2026-08-25 23:00:00+00:00,0.7157,0.7166,0.7099,0.7116,103037.3
2026-08-26 00:00:00+00:00,0.7116,0.7199,0.7095,0.7178,275760.0
2026-08-26 01:00:00+00:00,0.7178,0.7241,0.7174,0.7196,341452.7
2026-08-26 02:00:00+00:00,0.7196,0.7242,0.7162,0.723,280736.2
2026-08-26 03:00:00+00:00,0.723,0.7238,0.72,0.7218,48187.3
2026-08-26 04:00:00+00:00,0.7218,0.7226,0.7151,0.7157,106570.1
2026-08-26 05:00:00+00:00,0.7157,0.7206,0.7119,0.7194,272838.1
2026-08-26 06:00:00+00:00,0.7194,0.7227,0.7186,0.7221,125335.1
2026-08-26 07:00:00+00:00,0.7221,0.7243,0.7178,0.7183,237650.6
2026-08-26 08:00:00+00:00,0.7183,0.7218,0.7161,0.718,211478.2
2026-08-26 09:00:00+00:00,0.718,0.7203,0.7074,0.711,495151.6
2026-08-26 10:00:00+00:00,0.711,0.7187,0.709,0.7166,193425.2
2026-08-26 11:00:00+00:00,0.7166,0.7177,0.708,0.7113,105646.7
2026-08-26 12:00:00+00:00,0.7113,0.7162,0.705,0.7109,517078.4
2026-08-26 13:00:00+00:00,0.7109,0.7117,0.7031,0.7074,275373.5
2026-08-26 14:00:00+00:00,0.7074,0.7102,0.697,0.6987,310049.8
2026-08-26 15:00:00+00:00,0.6987,0.7002,0.6912,0.6978,718360.4
2026-08-26 16:00:00+00:00,0.6978,0.6997,0.6904,0.6933,358911.9
2026-08-26 17:00:00+00:00,0.6933,0.7017,0.6923,0.6985,227621.9
2026-08-26 18:00:00+00:00,0.6985,0.6994,0.6959,0.6975,105479.4
2026-08-26 19:00:00+00:00,0.6975,0.7017,0.697,0.6974,92710.4
2026-08-26 20:00:00+00:00,0.6974,0.6979,0.6859,0.6976,368123.6
2026-08-26 21:00:00+00:00,0.6976,0.7055,0.6975,0.7046,242088.3
2026-08-26 22:00:00+00:00,0.7046,0.709,0.7028,0.7032,246583.0
2026-08-26 23:00:00+00:00,0.7032,0.7174,0.7014,0.7151,907195.9
2026-08-27 00:00:00+00:00,0.7151,0.7152,0.7078,0.7079,571796.2
2026-08-27 01:00:00+00:00,0.7079,0.7133,0.7056,0.7095,474703.8
2026-08-27 02:00:00+00:00,0.7095,0.711,0.703,0.7038,314222.9
2026-08-27 03:00:00+00:00,0.7038,0.7086,0.7023,0.7062,135722.4
2026-08-27 04:00:00+00:00,0.7062,0.7114,0.7062,0.7104,139416.1
2026-08-27 05:00:00+00:00,0.7104,0.7154,0.7059,0.7144,274726.9
2026-08-27 06:00:00+00:00,0.7144,0.7189,0.7108,0.7165,472852.9
2026-08-27 07:00:00+00:00,0.7165,0.7166,0.7116,0.7135,267363.3
2026-08-27 08:00:00+00:00,0.7135,0.7221,0.7124,0.719,622118.9
2026-08-27 09:00:00+00:00,0.719,0.724,0.7151,0.7163,380847.9
2026-08-27 10:00:00+00:00,0.7163,0.7206,0.7064,0.7125,591097.7
2026-08-27 11:00:00+00:00,0.7125,0.716,0.7091,0.7118,98116.2
2026-08-27 12:00:00+00:00,0.7118,0.7133,0.7089,0.7116,123409.7
2026-08-27 13:00:00+00:00,0.7116,0.7153,0.7077,0.7149,112778.0
2026-08-27 14:00:00+00:00,0.7149,0.7224,0.7138,0.717,246499.4
2026-08-27 15:00:00+00:00,0.717,0.7226,0.7156,0.7213,145436.3
2026-08-27 16:00:00+00:00,0.7213,0.7268,0.7176,0.7234,335342.0
2026-08-27 17:00:00+00:00,0.7234,0.7285,0.7215,0.7261,266223.5
2026-08-27 18:00:00+00:00,0.7261,0.7264,0.7178,0.7234,163205.6
2026-08-27 19:00:00+00:00,0.7234,0.7243,0.7199,0.7231,86832.2
2026-08-27 20:00:00+00:00,0.7231,0.7247,0.7197,0.7204,70866.9
2026-08-27 21:00:00+00:00,0.7204,0.7208,0.7038,0.706,505187.2
2026-08-27 22:00:00+00:00,0.706,0.7103,0.7027,0.7054,297021.9
2026-08-27 23:00:00+00:00,0.7054,0.7092,0.7026,0.7038,121445.7
2026-08-28 00:00:00+00:00,0.7038,0.7081,0.6969,0.7066,578814.7
2026-08-28 01:00:00+00:00,0.7066,0.72,0.7066,0.7092,330711.6
2026-08-28 02:00:00+00:00,0.7092,0.7092,0.6958,0.7006,547576.9
2026-08-28 03:00:00+00:00,0.7006,0.7026,0.6976,0.6991,91658.7
2026-08-28 04:00:00+00:00,0.6991,0.7035,0.6958,0.7022,270479.2
2026-08-28 05:00:00+00:00,0.7022,0.7032,0.6981,0.7008,105995.8
2026-08-28 06:00:00+00:00,0.7008,0.7046,0.7004,0.7044,123951.2
2026-08-28 07:00:00+00:00,0.7044,0.7044,0.6982,0.6997,233097.3
2026-08-28 08:00:00+00:00,0.6997,0.7026,0.6967,0.698,257192.1
2026-08-28 09:00:00+00:00,0.698,0.7014,0.6975,0.6996,237676.5
2026-08-28 10:00:00+00:00,0.6996,0.7023,0.6876,0.7021,637603.9
2026-08-28 11:00:00+00:00,0.7021,0.7037,0.7004,0.7017,344080.7
2026-08-28 12:00:00+00:00,0.7017,0.704,0.6936,0.6961,583150.7
2026-08-28 13:00:00+00:00,0.6961,0.7024,0.6955,0.7002,165057.9
2026-08-28 14:00:00+00:00,0.7002,0.7072,0.6898,0.7034,817173.8
2026-08-28 15:00:00+00:00,0.7034,0.7058,0.6899,0.6903,745478.7
2026-08-28 16:00:00+00:00,0.6903,0.6907,0.6712,0.683,1864404.2
2026-08-28 17:00:00+00:00,0.683,0.6851,0.679,0.679,209012.2
2026-08-28 18:00:00+00:00,0.679,0.6796,0.6665,0.6725,638516.5
2026-08-28 19:00:00+00:00,0.6725,0.6779,0.6725,0.677,207580.4
2026-08-28 20:00:00+00:00,0.677,0.6806,0.6757,0.6799,151720.1
2026-08-28 21:00:00+00:00,0.6799,0.6807,0.6747,0.6762,139923.3
2026-08-28 22:00:00+00:00,0.6762,0.6837,0.676,0.6823,222536.7
2026-08-28 23:00:00+00:00,0.6823,0.6863,0.6819,0.6858,137152.3
2026-08-29 00:00:00+00:00,0.6858,0.6868,0.6838,0.6845,173219.9
2026-08-29 01:00:00+00:00,0.6845,0.686,0.6829,0.6843,99131.6
2026-08-29 02:00:00+00:00,0.6843,0.685,0.6812,0.6842,82382.9
2026-08-29 03:00:00+00:00,0.6842,0.6854,0.683,0.6834,64052.8
2026-08-29 04:00:00+00:00,0.6834,0.6864,0.6834,0.6856,61442.8
2026-08-29 05:00:00+00:00,0.6856,0.6878,0.6847,0.6877,95931.5
2026-08-29 06:00:00+00:00,0.6877,0.688,0.6811,0.6833,105281.9
2026-08-29 07:00:00+00:00,0.6833,0.6848,0.6825,0.6833,41766.5
2026-08-29 08:00:00+00:00,0.6833,0.6833,0.6768,0.6785,158071.3
2026-08-29 09:00:00+00:00,0.6785,0.6825,0.6777,0.6806,147011.1
2026-08-29 10:00:00+00:00,0.6806,0.6811,0.6787,0.6795,43208.8
2026-08-29 11:00:00+00:00,0.6795,0.6795,0.6763,0.6778,88589.1
2026-08-29 12:00:00+00:00,0.6778,0.68,0.6769,0.6786,103373.2
2026-08-29 13:00:00+00:00,0.6786,0.6803,0.6775,0.6796,73108.6
2026-08-29 14:00:00+00:00,0.6796,0.6869,0.6794,0.685,208283.8
2026-08-29 15:00:00+00:00,0.685,0.6856,0.6817,0.6831,215979.8
2026-08-29 16:00:00+00:00,0.6831,0.6851,0.6809,0.6812,99966.0
2026-08-29 17:00:00+00:00,0.6812,0.6822,0.6778,0.6798,227411.9
2026-08-29 18:00:00+00:00,0.6798,0.6818,0.6788,0.6802,51074.4
2026-08-29 19:00:00+00:00,0.6802,0.6825,0.6801,0.6804,63353.8
2026-08-29 20:00:00+00:00,0.6804,0.6825,0.6802,0.6811,25175.8
2026-08-29 21:00:00+00:00,0.6811,0.6821,0.6784,0.6791,103318.4
2026-08-29 22:00:00+00:00,0.6791,0.6811,0.6787,0.6805,35653.9
2026-08-29 23:00:00+00:00,0.6805,0.6829,0.6805,0.6822,93844.4
2026-08-30 00:00:00+00:00,0.6822,0.6844,0.6807,0.6807,111439.7
2026-08-30 01:00:00+00:00,0.6807,0.6808,0.6752,0.6761,275862.4
2026-08-30 02:00:00+00:00,0.6761,0.6779,0.675,0.6768,139703.8
2026-08-30 03:00:00+00:00,0.6768,0.6792,0.676,0.677,39997.4
2026-08-30 04:00:00+00:00,0.677,0.6786,0.6696,0.6755,284588.8
2026-08-30 05:00:00+00:00,0.6755,0.6806,0.6755,0.6805,160417.7
2026-08-30 06:00:00+00:00,0.6805,0.6817,0.6773,0.6816,177871.2
2026-08-30 07:00:00+00:00,0.6816,0.6822,0.6797,0.68,176969.7
2026-08-30 08:00:00+00:00,0.68,0.6822,0.6775,0.6787,170804.0
2026-08-30 09:00:00+00:00,0.6787,0.6809,0.678,0.6798,205773.6
2026-08-30 10:00:00+00:00,0.6798,0.684,0.6785,0.683,372778.6
2026-08-30 11:00:00+00:00,0.683,0.6853,0.682,0.6834,228816.5
2026-08-30 12:00:00+00:00,0.6834,0.6875,0.6826,0.6863,200259.0
2026-08-30 13:00:00+00:00,0.6863,0.6879,0.6848,0.6868,248510.9
2026-08-30 14:00:00+00:00,0.6868,0.6869,0.6828,0.6849,106775.2
2026-08-30 15:00:00+00:00,0.6849,0.6852,0.6808,0.6844,255710.5
2026-08-30 16:00:00+00:00,0.6844,0.6916,0.6828,0.6905,222665.7
2026-08-30 17:00:00+00:00,0.6905,0.691,0.6854,0.6885,185740.3
2026-08-30 18:00:00+00:00,0.6885,0.6942,0.6859,0.693,132522.1
2026-08-30 19:00:00+00:00,0.693,0.6937,0.686,0.6886,115034.8
2026-08-30 20:00:00+00:00,0.6886,0.6907,0.6806,0.6835,286886.4
2026-08-30 21:00:00+00:00,0.6835,0.6845,0.6722,0.6834,478890.6
2026-08-30 22:00:00+00:00,0.6834,0.6866,0.675,0.6779,188322.3
2026-08-30 23:00:00+00:00,0.6779,0.6784,0.6473,0.6597,1524650.5
2026-08-31 00:00:00+00:00,0.6597,0.6689,0.6556,0.6664,638673.6
2026-08-31 01:00:00+00:00,0.6664,0.6671,0.6591,0.6606,235391.5
2026-08-31 02:00:00+00:00,0.6606,0.6669,0.6585,0.6628,260334.1
2026-08-31 03:00:00+00:00,0.6628,0.6687,0.6617,0.6678,177286.3
2026-08-31 04:00:00+00:00,0.6678,0.6688,0.6646,0.6687,96720.5
2026-08-31 05:00:00+00:00,0.6687,0.6772,0.6679,0.675,406648.8
2026-08-31 06:00:00+00:00,0.675,0.6775,0.6738,0.6775,230858.2
2026-08-31 07:00:00+00:00,0.6775,0.678,0.6748,0.6748,152875.8
2026-08-31 08:00:00+00:00,0.6748,0.6778,0.6725,0.6748,134878.0
2026-08-31 09:00:00+00:00,0.6748,0.6776,0.674,0.6749,89707.2
2026-08-31 10:00:00+00:00,0.6749,0.6799,0.6737,0.6782,134622.9
2026-08-31 11:00:00+00:00,0.6782,0.6785,0.6745,0.6776,177930.2
2026-08-31 12:00:00+00:00,0.6776,0.6797,0.6695,0.673,511184.1
2026-08-31 13:00:00+00:00,0.673,0.6754,0.6662,0.668,219367.4
2026-08-31 14:00:00+00:00,0.668,0.6751,0.6669,0.6746,263532.0
2026-08-31 15:00:00+00:00,0.6746,0.6752,0.6674,0.6684,296253.8
2026-08-31 16:00:00+00:00,0.6684,0.674,0.6648,0.6709,295471.2
2026-08-31 17:00:00+00:00,0.6709,0.6791,0.6706,0.6779,478613.9
2026-08-31 18:00:00+00:00,0.6779,0.6827,0.6767,0.6807,678459.1
2026-08-31 19:00:00+00:00,0.6807,0.6837,0.6775,0.6788,231796.6
2026-08-31 20:00:00+00:00,0.6788,0.6829,0.6781,0.6788,320406.9
2026-08-31 21:00:00+00:00,0.6788,0.6816,0.6727,0.6797,129660.7
2026-08-31 22:00:00+00:00,0.6797,0.6809,0.6762,0.6789,143156.9
2026-08-31 23:00:00+00:00,0.6789,0.6829,0.6773,0.682,136795.9
2026-09-01 00:00:00+00:00,0.682,0.6877,0.6814,0.6874,339311.0
2026-09-01 01:00:00+00:00,0.6874,0.6897,0.6826,0.6852,225991.7
2026-09-01 02:00:00+00:00,0.6852,0.6857,0.6803,0.6842,163968.5
2026-09-01 03:00:00+00:00,0.6842,0.6914,0.6839,0.6908,109073.5
2026-09-01 04:00:00+00:00,0.6908,0.6975,0.689,0.6892,420320.0
2026-09-01 05:00:00+00:00,0.6892,0.6936,0.6874,0.6921,312998.9
2026-09-01 06:00:00+00:00,0.6921,0.6981,0.6901,0.6975,230152.5
2026-09-01 07:00:00+00:00,0.6975,0.6998,0.6927,0.6936,604004.9
2026-09-01 08:00:00+00:00,0.6936,0.6966,0.6862,0.6931,633815.0
2026-09-01 09:00:00+00:00,0.6931,0.696,0.6876,0.6942,249617.4
2026-09-01 10:00:00+00:00,0.6942,0.7104,0.6942,0.7048,584462.2
2026-09-01 11:00:00+00:00,0.7048,0.7071,0.6996,0.7028,331318.1
2026-09-01 12:00:00+00:00,0.7028,0.7033,0.6913,0.6934,394484.3
2026-09-01 13:00:00+00:00,0.6934,0.702,0.6888,0.7011,246672.2
2026-09-01 14:00:00+00:00,0.7011,0.7138,0.7001,0.7124,594391.9
2026-09-01 15:00:00+00:00,0.7124,0.7207,0.7056,0.7089,884953.5
2026-09-01 16:00:00+00:00,0.7089,0.727,0.7038,0.7238,1153521.1
2026-09-01 17:00:00+00:00,0.7238,0.7842,0.7229,0.7723,5051899.8
2026-09-01 18:00:00+00:00,0.7723,0.781,0.7461,0.7621,3588442.5
2026-09-01 19:00:00+00:00,0.7621,0.7978,0.7588,0.7875,3434905.3
2026-09-01 20:00:00+00:00,0.7875,0.7954,0.7696,0.7749,2981160.3
2026-09-01 21:00:00+00:00,0.7749,0.7808,0.7639,0.774,1558005.7
2026-09-01 22:00:00+00:00,0.774,0.7742,0.7549,0.7598,1267865.4
2026-09-01 23:00:00+00:00,0.7598,0.7836,0.7589,0.7785,1534635.9
2026-09-02 00:00:00+00:00,0.7785,0.7849,0.7672,0.7726,1045409.0
2026-09-02 01:00:00+00:00,0.7726,0.7761,0.7594,0.7696,779580.2
2026-09-02 02:00:00+00:00,0.7696,0.7894,0.7653,0.7781,1581450.9
2026-09-02 03:00:00+00:00,0.7781,0.8048,0.7773,0.8024,1618477.5
2026-09-02 04:00:00+00:00,0.8024,0.8091,0.7825,0.8014,1801922.9
2026-09-02 05:00:00+00:00,0.8014,0.8108,0.7884,0.7932,1112278.0
2026-09-02 06:00:00+00:00,0.7932,0.7971,0.7851,0.7928,1597113.9
2026-09-02 07:00:00+00:00,0.7928,0.8071,0.7902,0.8017,816267.7
2026-09-02 08:00:00+00:00,0.8017,0.8044,0.7878,0.7918,972053.4
2026-09-02 09:00:00+00:00,0.7918,0.7967,0.776,0.7933,1793236.2
2026-09-02 10:00:00+00:00,0.7933,0.795,0.7725,0.778,946254.3
2026-09-02 11:00:00+00:00,0.778,0.778,0.768,0.7722,814021.1
2026-09-02 12:00:00+00:00,0.7722,0.7755,0.7628,0.7713,756991.4
2026-09-02 13:00:00+00:00,0.7713,0.7745,0.758,0.7727,839354.5
2026-09-02 14:00:00+00:00,0.7727,0.7737,0.7635,0.7646,444465.9
2026-09-02 15:00:00+00:00,0.7646,0.7784,0.7611,0.7778,274354.7
2026-09-02 16:00:00+00:00,0.7778,0.7998,0.7726,0.7954,1242357.8
2026-09-02 17:00:00+00:00,0.7954,0.8145,0.7889,0.8053,2345950.4
2026-09-02 18:00:00+00:00,0.8053,0.8139,0.8007,0.81,793172.5
2026-09-02 19:00:00+00:00,0.81,0.8103,0.7953,0.7982,468764.5
2026-09-02 20:00:00+00:00,0.7982,0.8095,0.7973,0.8084,524957.2
2026-09-02 21:00:00+00:00,0.8084,0.811,0.7988,0.8,295605.4
2026-09-02 22:00:00+00:00,0.8,0.8012,0.7859,0.7925,609676.7
2026-09-02 23:00:00+00:00,0.7925,0.8062,0.7911,0.7984,366154.1
2026-09-03 00:00:00+00:00,0.7984,0.803,0.7917,0.7953,688672.9
2026-09-03 01:00:00+00:00,0.7953,0.8342,0.7907,0.8124,2159019.6
2026-09-03 02:00:00+00:00,0.8124,0.8181,0.8045,0.8166,1146311.9
2026-09-03 03:00:00+00:00,0.8166,0.8167,0.8012,0.8044,400787.0
2026-09-03 04:00:00+00:00,0.8044,0.8166,0.8017,0.8137,622063.1
2026-09-03 05:00:00+00:00,0.8137,0.8169,0.8043,0.8152,420759.6
2026-09-03 06:00:00+00:00,0.8152,0.8182,0.8059,0.8072,321100.0
2026-09-03 07:00:00+00:00,0.8072,0.8144,0.7925,0.7945,704196.6
2026-09-03 08:00:00+00:00,0.7945,0.8016,0.7796,0.7835,1016726.8
2026-09-03 09:00:00+00:00,0.7835,0.7862,0.7799,0.7825,306449.8
2026-09-03 10:00:00+00:00,0.7825,0.7984,0.782,0.7932,1185760.0
2026-09-03 11:00:00+00:00,0.7932,0.7954,0.7886,0.7905,570794.7
2026-09-03 12:00:00+00:00,0.7905,0.7944,0.7867,0.7891,716699.8
2026-09-03 13:00:00+00:00,0.7891,0.7903,0.7816,0.7832,535140.4
2026-09-03 14:00:00+00:00,0.7832,0.7996,0.7816,0.7993,562519.7
2026-09-03 15:00:00+00:00,0.7993,0.8023,0.7903,0.7987,834110.3
2026-09-03 16:00:00+00:00,0.7987,0.8087,0.7901,0.8073,1096708.9
2026-09-03 17:00:00+00:00,0.8073,0.8107,0.7984,0.8001,539335.5
2026-09-03 18:00:00+00:00,0.8001,0.806,0.7977,0.8027,315818.4
2026-09-03 19:00:00+00:00,0.8027,0.8046,0.7998,0.802,161293.3
