timestamp,open,high,low,close,volume
2025-01-10 21:00:00+00:00,21.04,21.472,21.002,21.164,199414.51
2025-01-10 22:00:00+00:00,21.164,21.6,21.008,21.355,189013.12
2025-01-10 23:00:00+00:00,21.355,21.355,20.67,20.686,134956.83
2025-01-11 00:00:00+00:00,20.686,20.854,20.515,20.787,153627.71
2025-01-11 01:00:00+00:00,20.787,20.875,20.4,20.604,197091.58
2025-01-11 02:00:00+00:00,20.604,20.626,20.245,20.339,144156.32
2025-01-11 03:00:00+00:00,20.339,20.498,20.153,20.379,135961.12
2025-01-11 04:00:00+00:00,20.379,20.499,19.76,20.088,353647.48
2025-01-11 05:00:00+00:00,20.088,20.22,19.65,20.128,253903.03
2025-01-11 06:00:00+00:00,20.128,20.412,19.96,20.222,181043.23
2025-01-11 07:00:00+00:00,20.222,20.33,19.951,20.157,142861.77
2025-01-11 08:00:00+00:00,20.157,20.233,19.769,19.795,150843.42
2025-01-11 09:00:00+00:00,19.795,20.033,19.652,20.007,240940.71
2025-01-11 10:00:00+00:00,20.007,20.24,19.986,20.203,117994.4
2025-01-11 11:00:00+00:00,20.203,20.607,19.989,20.323,195649.7
2025-01-11 12:00:00+00:00,20.323,20.708,20.07,20.483,147644.06
2025-01-11 13:00:00+00:00,20.483,20.528,20.239,20.387,85416.12
2025-01-11 14:00:00+00:00,20.387,20.52,20.186,20.481,94419.41
2025-01-11 15:00:00+00:00,20.481,20.636,20.119,20.17,136760.49
2025-01-11 16:00:00+00:00,20.17,20.451,20.024,20.373,105780.94
2025-01-11 17:00:00+00:00,20.373,20.405,20.038,20.087,117028.29
2025-01-11 18:00:00+00:00,20.087,20.469,19.9,20.373,219884.0
2025-01-11 19:00:00+00:00,20.373,20.382,20.01,20.222,101760.17
2025-01-11 20:00:00+00:00,20.222,21.272,20.137,20.934,261368.43
2025-01-11 21:00:00+00:00,20.934,21.342,20.802,20.982,335271.31
2025-01-11 22:00:00+00:00,20.982,21.384,20.696,20.705,242209.02
2025-01-11 23:00:00+00:00,20.705,21.014,20.581,20.931,127891.69
2025-01-12 00:00:00+00:00,20.931,21.059,20.522,20.639,140880.65
2025-01-12 01:00:00+00:00,20.639,20.762,20.427,20.592,87608.05
2025-01-12 02:00:00+00:00,20.592,20.644,20.371,20.495,61789.21
2025-01-12 03:00:00+00:00,20.495,20.633,20.352,20.442,61315.22
2025-01-12 04:00:00+00:00,20.442,20.683,20.382,20.512,59648.28
2025-01-12 05:00:00+00:00,20.512,20.636,20.176,20.27,171427.18
2025-01-12 06:00:00+00:00,20.27,20.488,20.268,20.375,98757.1
2025-01-12 07:00:00+00:00,20.375,20.404,19.97,20.396,191758.75
2025-01-12 08:00:00+00:00,20.396,20.818,20.337,20.768,131556.81
2025-01-12 09:00:00+00:00,20.768,21.164,20.658,20.904,258720.43
2025-01-12 10:00:00+00:00,20.904,21.374,20.844,21.125,159991.16
2025-01-12 11:00:00+00:00,21.125,21.48,20.973,21.437,136886.88
2025-01-12 12:00:00+00:00,21.437,21.544,21.142,21.263,182416.07
2025-01-12 13:00:00+00:00,21.263,21.857,21.056,21.796,218691.06
2025-01-12 14:00:00+00:00,21.796,21.974,21.454,21.509,386882.29
2025-01-12 15:00:00+00:00,21.509,21.931,21.411,21.811,143251.97
2025-01-12 16:00:00+00:00,21.811,22.025,21.533,21.643,149466.39
2025-01-12 17:00:00+00:00,21.643,21.737,21.328,21.511,107873.2
2025-01-12 18:00:00+00:00,21.511,21.81,21.314,21.347,130078.06
2025-01-12 19:00:00+00:00,21.347,21.826,21.314,21.602,175869.12
2025-01-12 20:00:00+00:00,21.602,21.742,21.366,21.434,66206.43
2025-01-12 21:00:00+00:00,21.434,21.457,21.014,21.127,238221.81
2025-01-12 22:00:00+00:00,21.127,21.15,20.822,21.034,159686.51
2025-01-12 23:00:00+00:00,21.034,21.365,21.018,21.191,102908.13
2025-01-13 00:00:00+00:00,21.191,22.796,21.067,22.711,642957.47
2025-01-13 01:00:00+00:00,22.711,23.34,22.25,22.616,701641.31
2025-01-13 02:00:00+00:00,22.616,22.625,18.565,21.792,2304037.25
2025-01-13 03:00:00+00:00,21.792,21.879,20.931,21.226,454017.68
2025-01-13 04:00:00+00:00,21.226,21.557,21.009,21.105,361227.68
2025-01-13 05:00:00+00:00,21.105,21.122,20.364,20.541,605060.55
2025-01-13 06:00:00+00:00,20.541,20.772,20.019,20.102,360346.69
2025-01-13 07:00:00+00:00,20.102,20.488,20.0,20.222,374135.11
2025-01-13 08:00:00+00:00,20.222,20.249,19.703,19.874,405195.18
2025-01-13 09:00:00+00:00,19.874,19.959,19.275,19.628,728766.72
2025-01-13 10:00:00+00:00,19.628,19.942,19.262,19.848,588941.64
2025-01-13 11:00:00+00:00,19.848,19.956,18.901,18.926,732047.05
2025-01-13 12:00:00+00:00,18.926,19.626,18.86,19.432,700933.69
2025-01-13 13:00:00+00:00,19.432,20.054,19.293,19.439,725251.29
2025-01-13 14:00:00+00:00,19.439,20.6,18.944,20.281,1511305.93
2025-01-13 15:00:00+00:00,20.281,20.77,20.028,20.384,1020455.7
2025-01-13 16:00:00+00:00,20.384,20.728,20.014,20.093,661670.12
2025-01-13 17:00:00+00:00,20.093,20.702,19.96,20.323,561744.82
2025-01-13 18:00:00+00:00,20.323,20.5,19.887,20.26,389767.09
2025-01-13 19:00:00+00:00,20.26,20.798,20.215,20.664,430202.72
2025-01-13 20:00:00+00:00,20.664,21.413,20.513,21.279,563926.77
2025-01-13 21:00:00+00:00,21.279,21.73,21.033,21.587,448504.1
2025-01-13 22:00:00+00:00,21.587,21.954,21.486,21.615,213458.59
2025-01-13 23:00:00+00:00,21.615,21.766,21.388,21.649,149174.39
2025-01-14 00:00:00+00:00,21.649,21.747,21.246,21.385,320841.61
2025-01-14 01:00:00+00:00,21.385,21.922,21.371,21.514,309461.38
2025-01-14 02:00:00+00:00,21.514,21.801,21.35,21.586,255590.76
2025-01-14 03:00:00+00:00,21.586,21.856,21.489,21.827,184269.23
2025-01-14 04:00:00+00:00,21.827,22.682,21.827,22.616,388303.64
2025-01-14 05:00:00+00:00,22.616,22.908,21.898,21.935,457445.08
2025-01-14 06:00:00+00:00,21.935,22.285,21.585,21.799,269181.28
2025-01-14 07:00:00+00:00,21.799,22.019,21.517,21.799,221275.04
2025-01-14 08:00:00+00:00,21.799,22.325,21.663,22.207,255019.8
2025-01-14 09:00:00+00:00,22.207,23.3,22.178,23.033,733254.01
2025-01-14 10:00:00+00:00,23.033,23.048,22.28,22.828,474988.41
2025-01-14 11:00:00+00:00,22.828,22.853,22.335,22.812,253655.69
2025-01-14 12:00:00+00:00,22.812,22.928,22.057,22.202,378417.47
2025-01-14 13:00:00+00:00,22.202,23.422,22.001,22.932,858432.28
2025-01-14 14:00:00+00:00,22.932,23.591,22.777,22.984,523042.82
2025-01-14 15:00:00+00:00,22.984,23.323,22.797,23.215,406666.54
2025-01-14 16:00:00+00:00,23.215,23.224,22.426,22.782,582712.55
2025-01-14 17:00:00+00:00,22.782,23.117,22.55,22.788,314859.73
2025-01-14 18:00:00+00:00,22.788,22.87,22.445,22.631,217606.11
2025-01-14 19:00:00+00:00,22.631,22.849,22.434,22.473,141382.88
2025-01-14 20:00:00+00:00,22.473,22.632,22.331,22.513,162253.9
2025-01-14 21:00:00+00:00,22.513,23.051,22.503,23.005,165410.66
2025-01-14 22:00:00+00:00,23.005,23.098,22.731,23.069,113583.41
2025-01-14 23:00:00+00:00,23.069,23.11,22.78,23.035,198863.48
2025-01-15 00:00:00+00:00,23.035,23.135,22.778,22.936,310346.75
2025-01-15 01:00:00+00:00,22.936,23.155,22.885,23.098,177061.28
2025-01-15 02:00:00+00:00,23.098,23.138,22.36,22.547,721117.84
2025-01-15 03:00:00+00:00,22.547,22.782,22.496,22.763,115149.03
2025-01-15 04:00:00+00:00,22.763,22.901,22.73,22.753,136736.2
2025-01-15 05:00:00+00:00,22.753,22.85,22.514,22.729,149368.57
2025-01-15 06:00:00+00:00,22.729,22.772,22.4,22.606,129768.79
2025-01-15 07:00:00+00:00,22.606,22.864,22.606,22.805,121290.55
2025-01-15 08:00:00+00:00,22.805,22.89,22.436,22.481,197999.35
2025-01-15 09:00:00+00:00,22.481,22.545,22.155,22.202,295832.02
2025-01-15 10:00:00+00:00,22.202,22.459,22.08,22.307,202989.21
2025-01-15 11:00:00+00:00,22.307,22.597,22.149,22.484,106445.06
2025-01-15 12:00:00+00:00,22.484,22.8,22.339,22.738,151758.22
2025-01-15 13:00:00+00:00,22.738,24.096,22.618,24.053,796641.58
2025-01-15 14:00:00+00:00,24.053,24.482,23.635,23.939,544650.96
2025-01-15 15:00:00+00:00,23.939,24.184,23.636,23.782,338379.31
2025-01-15 16:00:00+00:00,23.782,23.876,23.4,23.558,255999.62
2025-01-15 17:00:00+00:00,23.558,24.004,23.468,23.559,204263.55
2025-01-15 18:00:00+00:00,23.559,23.976,23.555,23.909,193904.72
2025-01-15 19:00:00+00:00,23.909,24.032,23.745,23.927,136548.05
2025-01-15 20:00:00+00:00,23.927,24.004,23.629,23.798,239556.58
2025-01-15 21:00:00+00:00,23.798,24.014,23.699,23.951,137518.53
2025-01-15 22:00:00+00:00,23.951,24.1,23.701,24.012,181290.91
2025-01-15 23:00:00+00:00,24.012,24.463,23.877,24.409,196951.94
2025-01-16 00:00:00+00:00,24.409,24.467,23.65,23.923,332546.87
2025-01-16 01:00:00+00:00,23.923,24.424,23.901,24.221,208830.15
2025-01-16 02:00:00+00:00,24.221,24.338,23.853,23.901,125786.58
2025-01-16 03:00:00+00:00,23.901,23.941,23.551,23.781,174107.8
2025-01-16 04:00:00+00:00,23.781,24.034,23.611,23.774,86761.04
2025-01-16 05:00:00+00:00,23.774,24.034,23.614,23.967,74423.62
2025-01-16 06:00:00+00:00,23.967,24.196,23.924,24.065,109143.88
2025-01-16 07:00:00+00:00,24.065,24.099,23.85,24.037,71895.52
2025-01-16 08:00:00+00:00,24.037,24.121,23.538,23.617,147886.47
2025-01-16 09:00:00+00:00,23.617,23.786,23.42,23.778,183152.51
2025-01-16 10:00:00+00:00,23.778,24.042,23.667,23.827,126806.87
2025-01-16 11:00:00+00:00,23.827,23.959,23.537,23.945,205164.65
2025-01-16 12:00:00+00:00,23.945,24.489,23.893,24.185,329642.28
2025-01-16 13:00:00+00:00,24.185,24.249,23.447,23.481,384859.98
2025-01-16 14:00:00+00:00,23.481,23.726,23.145,23.318,494390.41
2025-01-16 15:00:00+00:00,23.318,23.644,23.22,23.593,336500.76
2025-01-16 16:00:00+00:00,23.593,24.017,23.574,23.944,258766.32
2025-01-16 17:00:00+00:00,23.944,24.122,23.769,23.916,231719.27
2025-01-16 18:00:00+00:00,23.916,23.982,23.568,23.645,113176.82
2025-01-16 19:00:00+00:00,23.645,23.828,23.487,23.79,102047.3
2025-01-16 20:00:00+00:00,23.79,23.934,23.606,23.77,141123.28
2025-01-16 21:00:00+00:00,23.77,23.79,23.439,23.571,157226.3
2025-01-16 22:00:00+00:00,23.571,23.769,23.176,23.183,288885.44
2025-01-16 23:00:00+00:00,23.183,23.624,23.162,23.532,160368.76
2025-01-17 00:00:00+00:00,23.532,23.871,23.525,23.561,156830.47
2025-01-17 01:00:00+00:00,23.561,23.949,23.387,23.712,243628.0
2025-01-17 02:00:00+00:00,23.712,23.943,23.153,23.554,343412.83
2025-01-17 03:00:00+00:00,23.554,23.691,23.223,23.224,167408.31
2025-01-17 04:00:00+00:00,23.224,23.471,23.215,23.419,103879.07
2025-01-17 05:00:00+00:00,23.419,23.542,23.306,23.499,60069.45
2025-01-17 06:00:00+00:00,23.499,23.682,23.25,23.661,136083.19
2025-01-17 07:00:00+00:00,23.661,23.899,23.586,23.674,149678.05
2025-01-17 08:00:00+00:00,23.674,24.027,23.653,23.952,164348.39
2025-01-17 09:00:00+00:00,23.952,24.088,23.883,24.053,151655.58
2025-01-17 10:00:00+00:00,24.053,24.198,23.953,24.063,281324.42
2025-01-17 11:00:00+00:00,24.063,24.085,23.803,24.022,129759.8
2025-01-17 12:00:00+00:00,24.022,24.133,23.954,24.0,159573.65
2025-01-17 13:00:00+00:00,24.0,24.116,23.494,23.518,311142.11
2025-01-17 14:00:00+00:00,23.518,23.644,22.256,23.181,1139539.65
2025-01-17 15:00:00+00:00,23.181,23.507,23.091,23.206,456464.39
2025-01-17 16:00:00+00:00,23.206,23.465,22.921,23.058,333847.14
2025-01-17 17:00:00+00:00,23.058,23.246,23.0,23.13,198750.59
2025-01-17 18:00:00+00:00,23.13,23.518,23.086,23.152,231050.11
2025-01-17 19:00:00+00:00,23.152,23.46,23.126,23.279,120870.79
2025-01-17 20:00:00+00:00,23.279,23.658,23.03,23.514,265721.25
2025-01-17 21:00:00+00:00,23.514,23.749,23.158,23.222,200676.21
2025-01-17 22:00:00+00:00,23.222,23.462,23.144,23.377,101613.18
2025-01-17 23:00:00+00:00,23.377,23.377,23.011,23.121,117433.56
2025-01-18 00:00:00+00:00,23.121,23.172,22.941,23.013,131470.25
2025-01-18 01:00:00+00:00,23.013,23.073,22.958,23.064,126567.87
2025-01-18 02:00:00+00:00,23.064,23.095,22.603,22.887,305693.7
2025-01-18 03:00:00+00:00,22.887,22.919,21.756,22.155,891130.03
2025-01-18 04:00:00+00:00,22.155,22.477,21.939,22.214,358541.75
2025-01-18 05:00:00+00:00,22.214,22.242,21.112,21.762,1180677.25
2025-01-18 06:00:00+00:00,21.762,22.977,21.639,22.682,676466.05
2025-01-18 07:00:00+00:00,22.682,22.71,21.705,21.771,467355.51
2025-01-18 08:00:00+00:00,21.771,22.349,21.532,21.909,464315.65
2025-01-18 09:00:00+00:00,21.909,21.952,21.429,21.443,183525.04
2025-01-18 10:00:00+00:00,21.443,21.532,20.567,20.998,709809.33
2025-01-18 11:00:00+00:00,20.998,21.006,20.209,20.762,807731.3
2025-01-18 12:00:00+00:00,20.762,21.226,20.5,20.55,541635.18
2025-01-18 13:00:00+00:00,20.55,20.958,20.021,20.664,589799.41
2025-01-18 14:00:00+00:00,20.664,20.727,20.192,20.216,243416.19
2025-01-18 15:00:00+00:00,20.216,20.642,20.124,20.154,267206.23
2025-01-18 16:00:00+00:00,20.154,20.328,19.371,19.426,886830.68
2025-01-18 17:00:00+00:00,19.426,20.399,19.279,20.228,759342.67
2025-01-18 18:00:00+00:00,20.228,20.623,20.08,20.154,445441.95
2025-01-18 19:00:00+00:00,20.154,20.961,20.121,20.297,378633.93
2025-01-18 20:00:00+00:00,20.297,21.106,20.158,20.826,567861.62
2025-01-18 21:00:00+00:00,20.826,20.916,20.501,20.669,196893.25
2025-01-18 22:00:00+00:00,20.669,21.503,20.5,21.005,213706.79
2025-01-18 23:00:00+00:00,21.005,22.067,20.998,21.967,324600.72
2025-01-19 00:00:00+00:00,21.967,22.237,21.227,21.589,409239.03
2025-01-19 01:00:00+00:00,21.589,22.165,21.561,21.947,235900.1
2025-01-19 02:00:00+00:00,21.947,22.165,21.232,21.243,292580.33
2025-01-19 03:00:00+00:00,21.243,21.538,20.972,20.982,317542.53
2025-01-19 04:00:00+00:00,20.982,21.033,20.339,20.728,502263.54
2025-01-19 05:00:00+00:00,20.728,21.266,20.501,20.908,279388.79
2025-01-19 06:00:00+00:00,20.908,20.988,20.208,20.271,203661.44
2025-01-19 07:00:00+00:00,20.271,20.8,19.814,20.655,558048.19
2025-01-19 08:00:00+00:00,20.655,20.692,19.836,19.981,418847.23
2025-01-19 09:00:00+00:00,19.981,20.123,19.42,19.831,758790.19
2025-01-19 10:00:00+00:00,19.831,21.89,19.8,21.015,922401.5
2025-01-19 11:00:00+00:00,21.015,22.559,21.007,22.327,1001449.1
2025-01-19 12:00:00+00:00,22.327,23.658,21.874,23.021,730472.53
2025-01-19 13:00:00+00:00,23.021,23.108,22.074,22.837,685484.57
2025-01-19 14:00:00+00:00,22.837,23.175,22.002,22.202,672685.19
2025-01-19 15:00:00+00:00,22.202,22.279,21.55,22.1,446019.95
2025-01-19 16:00:00+00:00,22.1,22.784,22.1,22.543,245198.88
2025-01-19 17:00:00+00:00,22.543,23.704,22.31,23.702,495456.08
2025-01-19 18:00:00+00:00,23.702,23.833,22.944,23.41,366479.38
2025-01-19 19:00:00+00:00,23.41,23.511,22.852,23.132,349217.39
2025-01-19 20:00:00+00:00,23.132,23.8,22.575,22.729,412590.31
2025-01-19 21:00:00+00:00,22.729,22.767,20.247,20.78,1462191.85
2025-01-19 22:00:00+00:00,20.78,21.892,19.732,20.629,1568922.32
2025-01-19 23:00:00+00:00,20.629,20.765,19.267,20.493,1547188.38
2025-01-20 00:00:00+00:00,20.493,20.601,19.336,19.584,946286.67
2025-01-20 01:00:00+00:00,19.584,20.412,19.428,20.345,570787.93
2025-01-20 02:00:00+00:00,20.345,21.493,19.61,19.974,1033852.97
2025-01-20 03:00:00+00:00,19.974,20.719,19.564,20.032,815515.38
2025-01-20 04:00:00+00:00,20.032,21.221,19.858,20.62,408583.8
2025-01-20 05:00:00+00:00,20.62,21.288,20.348,20.419,580944.15
2025-01-20 06:00:00+00:00,20.419,21.704,19.996,21.499,741885.53
2025-01-20 07:00:00+00:00,21.499,22.0,21.239,21.961,615647.25
2025-01-20 08:00:00+00:00,21.961,22.892,21.961,22.57,503302.23
2025-01-20 09:00:00+00:00,22.57,22.575,21.388,21.819,544793.4
2025-01-20 10:00:00+00:00,21.819,22.287,21.607,21.901,302326.04
2025-01-20 11:00:00+00:00,21.901,22.37,21.758,22.254,202859.87
2025-01-20 12:00:00+00:00,22.254,22.512,21.302,21.328,570072.36
2025-01-20 13:00:00+00:00,21.328,21.4,20.74,21.356,426415.28
2025-01-20 14:00:00+00:00,21.356,21.39,20.567,21.034,295331.75
2025-01-20 15:00:00+00:00,21.034,21.586,20.757,20.91,376672.79
2025-01-20 16:00:00+00:00,20.91,21.282,20.301,21.154,442775.86
2025-01-20 17:00:00+00:00,21.154,21.26,19.919,21.023,1144382.15
2025-01-20 18:00:00+00:00,21.023,21.582,20.876,21.275,458240.0
2025-01-20 19:00:00+00:00,21.275,21.383,20.938,21.045,185177.88
2025-01-20 20:00:00+00:00,21.045,21.086,20.426,20.488,128203.92
2025-01-20 21:00:00+00:00,20.488,20.871,20.222,20.244,189786.4
2025-01-20 22:00:00+00:00,20.244,20.788,20.02,20.662,158270.42
2025-01-20 23:00:00+00:00,20.662,20.82,20.302,20.59,225948.02
2025-01-21 00:00:00+00:00,20.59,20.644,20.061,20.078,290001.39
2025-01-21 01:00:00+00:00,20.078,20.946,20.075,20.662,401834.8
2025-01-21 02:00:00+00:00,20.662,21.07,20.582,20.817,251765.32
2025-01-21 03:00:00+00:00,20.817,21.451,20.79,21.324,231935.61
2025-01-21 04:00:00+00:00,21.324,21.326,20.679,20.962,254334.53
2025-01-21 05:00:00+00:00,20.962,21.413,20.691,20.777,286614.66
2025-01-21 06:00:00+00:00,20.777,21.9,20.601,21.898,342170.15
2025-01-21 07:00:00+00:00,21.898,21.966,21.447,21.662,255884.95
2025-01-21 08:00:00+00:00,21.662,22.073,21.48,21.952,186829.41
2025-01-21 09:00:00+00:00,21.952,22.4,21.84,22.352,187921.13
2025-01-21 10:00:00+00:00,22.352,23.207,22.352,22.951,374979.61
2025-01-21 11:00:00+00:00,22.951,23.165,22.56,22.916,254000.37
2025-01-21 12:00:00+00:00,22.916,23.014,22.519,22.904,233083.17
2025-01-21 13:00:00+00:00,22.904,22.94,22.154,22.595,301287.4
2025-01-21 14:00:00+00:00,22.595,23.829,22.568,23.777,682202.91
2025-01-21 15:00:00+00:00,23.777,24.228,23.107,23.697,924411.32
2025-01-21 16:00:00+00:00,23.697,24.413,23.534,23.633,615072.08
2025-01-21 17:00:00+00:00,23.633,24.172,23.418,23.878,386729.95
2025-01-21 18:00:00+00:00,23.878,25.203,23.771,24.55,551034.48
2025-01-21 19:00:00+00:00,24.55,24.772,23.505,24.117,543379.99
2025-01-21 20:00:00+00:00,24.117,24.383,23.552,23.822,321115.59
2025-01-21 21:00:00+00:00,23.822,24.142,22.987,24.103,541391.9
2025-01-21 22:00:00+00:00,24.103,24.315,23.583,23.597,201727.63
2025-01-21 23:00:00+00:00,23.597,23.932,22.872,23.238,494131.14
2025-01-22 00:00:00+00:00,23.238,24.35,23.037,24.065,320667.79
2025-01-22 01:00:00+00:00,24.065,24.325,23.682,23.84,266794.44
2025-01-22 02:00:00+00:00,23.84,24.201,23.501,23.506,139868.29
2025-01-22 03:00:00+00:00,23.506,25.234,23.502,25.185,349362.73
2025-01-22 04:00:00+00:00,25.185,26.15,25.16,26.022,647746.91
2025-01-22 05:00:00+00:00,26.022,26.321,25.512,25.654,352449.64
2025-01-22 06:00:00+00:00,25.654,25.712,25.129,25.65,258665.34
2025-01-22 07:00:00+00:00,25.65,26.778,25.63,26.77,348148.41
2025-01-22 08:00:00+00:00,26.77,27.129,26.052,26.919,406413.4
2025-01-22 09:00:00+00:00,26.919,26.92,25.909,26.28,239636.47
2025-01-22 10:00:00+00:00,26.28,26.353,25.806,26.179,207927.98
2025-01-22 11:00:00+00:00,26.179,26.238,25.631,25.814,203651.53
2025-01-22 12:00:00+00:00,25.814,26.215,25.685,26.061,147969.21
2025-01-22 13:00:00+00:00,26.061,26.079,25.459,25.974,190379.96
2025-01-22 14:00:00+00:00,25.974,26.284,25.248,25.493,348620.07
2025-01-22 15:00:00+00:00,25.493,25.827,25.2,25.76,321688.13
2025-01-22 16:00:00+00:00,25.76,26.293,25.665,25.827,233523.66
2025-01-22 17:00:00+00:00,25.827,26.556,25.638,26.193,253782.03
2025-01-22 18:00:00+00:00,26.193,26.349,25.494,25.557,161239.04
2025-01-22 19:00:00+00:00,25.557,26.13,25.513,25.693,186462.13
2025-01-22 20:00:00+00:00,25.693,26.096,25.542,25.93,144712.01
2025-01-22 21:00:00+00:00,25.93,25.944,25.042,25.095,336919.0
2025-01-22 22:00:00+00:00,25.095,25.199,24.577,24.584,434827.95
2025-01-22 23:00:00+00:00,24.584,24.97,24.226,24.352,430360.83
2025-01-23 00:00:00+00:00,24.352,24.752,24.143,24.169,260744.37
2025-01-23 01:00:00+00:00,24.169,24.397,23.035,23.047,625124.03
2025-01-23 02:00:00+00:00,23.047,23.489,22.114,23.403,1334682.86
2025-01-23 03:00:00+00:00,23.403,23.45,22.508,22.922,453683.22
2025-01-23 04:00:00+00:00,22.922,23.249,22.2,22.67,539395.59
2025-01-23 05:00:00+00:00,22.67,23.405,22.67,23.014,316738.29
2025-01-23 06:00:00+00:00,23.014,23.452,22.83,22.894,345121.47
2025-01-23 07:00:00+00:00,22.894,23.774,22.612,23.699,387184.56
2025-01-23 08:00:00+00:00,23.699,23.747,23.007,23.041,242092.75
2025-01-23 09:00:00+00:00,23.041,23.307,22.533,22.656,341106.56
2025-01-23 10:00:00+00:00,22.656,22.993,22.307,22.761,414884.32
2025-01-23 11:00:00+00:00,22.761,23.459,22.48,23.34,415227.73
2025-01-23 12:00:00+00:00,23.34,23.651,22.99,23.591,354554.91
2025-01-23 13:00:00+00:00,23.591,23.713,22.528,22.883,507038.22
2025-01-23 14:00:00+00:00,22.883,24.37,22.454,23.974,940999.57
2025-01-23 15:00:00+00:00,23.974,24.041,22.808,23.602,947643.72
2025-01-23 16:00:00+00:00,23.602,24.441,23.516,23.577,593904.13
2025-01-23 17:00:00+00:00,23.577,24.315,23.133,23.835,512266.76
2025-01-23 18:00:00+00:00,23.835,24.069,23.491,23.68,300924.4
2025-01-23 19:00:00+00:00,23.68,23.803,22.686,22.823,385264.81
2025-01-23 20:00:00+00:00,22.823,25.4,22.764,23.069,2151056.17
2025-01-23 21:00:00+00:00,23.069,23.264,21.579,21.692,1221739.84
2025-01-23 22:00:00+00:00,21.692,22.418,21.629,22.22,481919.11
2025-01-23 23:00:00+00:00,22.22,22.554,21.957,21.976,269448.95
2025-01-24 00:00:00+00:00,21.976,22.267,21.166,21.27,400607.29
2025-01-24 01:00:00+00:00,21.27,21.778,21.26,21.607,387632.95
2025-01-24 02:00:00+00:00,21.607,22.0,21.321,21.506,369087.73
2025-01-24 03:00:00+00:00,21.506,22.263,21.506,21.909,284121.13
2025-01-24 04:00:00+00:00,21.909,22.707,21.707,22.634,389101.42
2025-01-24 05:00:00+00:00,22.634,23.331,22.233,23.23,480492.7
2025-01-24 06:00:00+00:00,23.23,23.623,22.85,23.4,348520.32
2025-01-24 07:00:00+00:00,23.4,23.986,22.892,23.304,518919.93
2025-01-24 08:00:00+00:00,23.304,23.809,23.118,23.508,274960.03
2025-01-24 09:00:00+00:00,23.508,23.746,23.297,23.396,160706.39
2025-01-24 10:00:00+00:00,23.396,23.777,23.022,23.761,281920.06
2025-01-24 11:00:00+00:00,23.761,24.024,23.713,24.019,164732.68
2025-01-24 12:00:00+00:00,24.019,24.79,23.875,24.362,344069.17
2025-01-24 13:00:00+00:00,24.362,24.554,23.985,24.418,204798.12
2025-01-24 14:00:00+00:00,24.418,24.838,24.29,24.314,325510.65
2025-01-24 15:00:00+00:00,24.314,24.442,23.486,23.995,513830.77
2025-01-24 16:00:00+00:00,23.995,24.588,23.831,24.0,267431.3
2025-01-24 17:00:00+00:00,24.0,24.248,23.76,24.036,174711.17
2025-01-24 18:00:00+00:00,24.036,24.619,23.736,24.575,371464.55
2025-01-24 19:00:00+00:00,24.575,25.017,24.376,24.702,397062.14
2025-01-24 20:00:00+00:00,24.702,24.999,23.408,23.603,598416.13
2025-01-24 21:00:00+00:00,23.603,23.763,23.086,23.243,449229.19
2025-01-24 22:00:00+00:00,23.243,23.453,22.764,22.796,377027.46
2025-01-24 23:00:00+00:00,22.796,23.163,22.7,23.099,286578.74
2025-01-25 00:00:00+00:00,23.099,23.179,22.188,22.189,423048.61
2025-01-25 01:00:00+00:00,22.189,22.848,22.113,22.379,261143.61
2025-01-25 02:00:00+00:00,22.379,22.798,22.1,22.143,241502.77
2025-01-25 03:00:00+00:00,22.143,23.04,22.069,23.016,253432.33
2025-01-25 04:00:00+00:00,23.016,23.016,22.237,22.278,252796.74
2025-01-25 05:00:00+00:00,22.278,22.449,22.118,22.156,156939.61
2025-01-25 06:00:00+00:00,22.156,22.258,21.792,22.017,263211.12
2025-01-25 07:00:00+00:00,22.017,22.288,21.793,22.113,158880.4
2025-01-25 08:00:00+00:00,22.113,22.625,22.0,22.572,171335.84
2025-01-25 09:00:00+00:00,22.572,22.572,21.885,21.958,161670.03
2025-01-25 10:00:00+00:00,21.958,22.226,21.796,22.065,216810.56
2025-01-25 11:00:00+00:00,22.065,22.923,21.933,22.762,229213.24
2025-01-25 12:00:00+00:00,22.762,22.93,22.466,22.861,202494.66
2025-01-25 13:00:00+00:00,22.861,23.021,22.387,22.561,160643.43
2025-01-25 14:00:00+00:00,22.561,22.7,22.394,22.668,111234.31
2025-01-25 15:00:00+00:00,22.668,23.505,22.438,23.309,428720.77
2025-01-25 16:00:00+00:00,23.309,23.458,23.087,23.164,127675.35
2025-01-25 17:00:00+00:00,23.164,23.385,23.002,23.384,94651.15
2025-01-25 18:00:00+00:00,23.384,23.616,23.256,23.611,116899.02
2025-01-25 19:00:00+00:00,23.611,23.747,23.335,23.388,139262.14
2025-01-25 20:00:00+00:00,23.388,23.751,23.338,23.649,102659.4
2025-01-25 21:00:00+00:00,23.649,23.865,23.36,23.696,184013.43
2025-01-25 22:00:00+00:00,23.696,23.966,23.116,23.27,173455.66
2025-01-25 23:00:00+00:00,23.27,23.372,23.008,23.204,127466.32
2025-01-26 00:00:00+00:00,23.204,23.413,23.037,23.343,96600.22
2025-01-26 01:00:00+00:00,23.343,24.0,23.306,23.673,183020.81
2025-01-26 02:00:00+00:00,23.673,24.096,23.12,24.089,219116.67
2025-01-26 03:00:00+00:00,24.089,24.841,24.038,24.211,271500.58
2025-01-26 04:00:00+00:00,24.211,24.88,24.05,24.835,190663.87
2025-01-26 05:00:00+00:00,24.835,24.943,24.369,24.427,182248.76
2025-01-26 06:00:00+00:00,24.427,24.653,24.056,24.561,198009.0
2025-01-26 07:00:00+00:00,24.561,24.601,23.656,24.006,182385.58
2025-01-26 08:00:00+00:00,24.006,24.046,23.557,23.732,159113.26
2025-01-26 09:00:00+00:00,23.732,23.759,23.49,23.552,114412.62
2025-01-26 10:00:00+00:00,23.552,23.552,22.735,23.378,311308.31
2025-01-26 11:00:00+00:00,23.378,23.898,23.345,23.818,254264.26
2025-01-26 12:00:00+00:00,23.818,23.846,23.346,23.464,132807.73
2025-01-26 13:00:00+00:00,23.464,23.916,23.285,23.657,178708.45
2025-01-26 14:00:00+00:00,23.657,23.701,23.056,23.3,210219.62
2025-01-26 15:00:00+00:00,23.3,23.743,23.277,23.552,164872.16
2025-01-26 16:00:00+00:00,23.552,24.132,23.511,24.13,200531.98
2025-01-26 17:00:00+00:00,24.13,24.249,23.852,24.057,159511.18
2025-01-26 18:00:00+00:00,24.057,24.122,23.427,23.476,158534.72
2025-01-26 19:00:00+00:00,23.476,23.787,23.476,23.691,76921.0
2025-01-26 20:00:00+00:00,23.691,23.742,23.348,23.374,82316.41
2025-01-26 21:00:00+00:00,23.374,23.594,23.0,23.058,270016.15
2025-01-26 22:00:00+00:00,23.058,23.392,22.67,22.793,216004.97
2025-01-26 23:00:00+00:00,22.793,22.862,22.2,22.202,459790.79
2025-01-27 00:00:00+00:00,22.202,22.672,21.548,21.559,592910.62
2025-01-27 01:00:00+00:00,21.559,21.95,21.202,21.252,619580.89
2025-01-27 02:00:00+00:00,21.252,21.766,20.788,20.846,631096.85
2025-01-27 03:00:00+00:00,20.846,21.404,20.802,21.068,512230.68
2025-01-27 04:00:00+00:00,21.068,21.077,20.335,20.519,492138.7
2025-01-27 05:00:00+00:00,20.519,20.864,20.215,20.79,463333.0
2025-01-27 06:00:00+00:00,20.79,21.241,20.238,20.289,929413.54
2025-01-27 07:00:00+00:00,20.289,21.133,20.233,20.866,665271.47
2025-01-27 08:00:00+00:00,20.866,21.062,20.474,20.655,562769.37
2025-01-27 09:00:00+00:00,20.655,21.327,20.502,21.231,436800.23
2025-01-27 10:00:00+00:00,21.231,21.233,20.603,20.67,449577.4
2025-01-27 11:00:00+00:00,20.67,21.655,20.645,21.225,405444.01
2025-01-27 12:00:00+00:00,21.225,21.984,21.068,21.974,339107.49
2025-01-27 13:00:00+00:00,21.974,22.026,21.008,21.012,692926.66
2025-01-27 14:00:00+00:00,21.012,21.933,20.721,21.719,830181.93
2025-01-27 15:00:00+00:00,21.719,21.925,21.42,21.579,382340.35
2025-01-27 16:00:00+00:00,21.579,21.973,20.934,21.292,533462.06
2025-01-27 17:00:00+00:00,21.292,21.624,20.915,20.97,368140.41
2025-01-27 18:00:00+00:00,20.97,21.392,20.857,20.927,354939.96
2025-01-27 19:00:00+00:00,20.927,21.559,20.888,21.323,287189.03
2025-01-27 20:00:00+00:00,21.323,22.94,21.323,22.681,587341.97
2025-01-27 21:00:00+00:00,22.681,23.154,22.343,22.463,584303.52
2025-01-27 22:00:00+00:00,22.463,23.141,22.364,23.064,252732.96
2025-01-27 23:00:00+00:00,23.064,23.691,23.045,23.416,473266.73
2025-01-28 00:00:00+00:00,23.416,23.812,23.126,23.219,260881.09
2025-01-28 01:00:00+00:00,23.219,23.412,22.8,23.079,287911.52
2025-01-28 02:00:00+00:00,23.079,23.363,22.819,23.32,200602.96
2025-01-28 03:00:00+00:00,23.32,23.7,23.014,23.408,184262.22
2025-01-28 04:00:00+00:00,23.408,23.887,23.203,23.69,232293.36
2025-01-28 05:00:00+00:00,23.69,24.248,23.458,24.178,382962.83
2025-01-28 06:00:00+00:00,24.178,24.22,23.373,23.962,379414.79
2025-01-28 07:00:00+00:00,23.962,24.48,23.764,24.153,477291.63
2025-01-28 08:00:00+00:00,24.153,24.428,23.756,24.344,414508.83
2025-01-28 09:00:00+00:00,24.344,24.5,24.024,24.306,305062.83
2025-01-28 10:00:00+00:00,24.306,24.326,23.809,23.888,200726.98
2025-01-28 11:00:00+00:00,23.888,24.143,23.534,23.92,285068.16
2025-01-28 12:00:00+00:00,23.92,23.942,23.376,23.65,265422.82
2025-01-28 13:00:00+00:00,23.65,23.745,23.183,23.455,204545.19
2025-01-28 14:00:00+00:00,23.455,23.477,22.451,22.809,721286.45
2025-01-28 15:00:00+00:00,22.809,24.027,22.756,23.512,600209.31
2025-01-28 16:00:00+00:00,23.512,23.681,23.051,23.394,373851.83
2025-01-28 17:00:00+00:00,23.394,23.551,23.062,23.413,289269.91
2025-01-28 18:00:00+00:00,23.413,23.512,22.782,22.8,341167.82
2025-01-28 19:00:00+00:00,22.8,23.228,22.723,23.004,219565.01
2025-01-28 20:00:00+00:00,23.004,23.071,22.111,22.141,373241.4
2025-01-28 21:00:00+00:00,22.141,22.542,21.644,21.654,483024.48
2025-01-28 22:00:00+00:00,21.654,22.24,21.541,22.116,425775.37
2025-01-28 23:00:00+00:00,22.116,22.347,21.834,22.282,243325.22
2025-01-29 00:00:00+00:00,22.282,22.49,21.961,22.465,272466.72
2025-01-29 01:00:00+00:00,22.465,22.713,22.331,22.379,181272.06
2025-01-29 02:00:00+00:00,22.379,22.664,22.249,22.397,153757.52
2025-01-29 03:00:00+00:00,22.397,22.809,22.329,22.52,143997.11
2025-01-29 04:00:00+00:00,22.52,22.918,22.413,22.719,161155.8
2025-01-29 05:00:00+00:00,22.719,23.042,22.651,23.042,140101.68
2025-01-29 06:00:00+00:00,23.042,23.293,22.903,23.108,172336.96
2025-01-29 07:00:00+00:00,23.108,23.668,23.002,23.619,181594.34
2025-01-29 08:00:00+00:00,23.619,23.661,22.996,23.2,215793.35
2025-01-29 09:00:00+00:00,23.2,23.312,22.755,23.142,302318.59
2025-01-29 10:00:00+00:00,23.142,23.493,23.027,23.38,137369.63
2025-01-29 11:00:00+00:00,23.38,23.449,22.989,23.063,118108.31
2025-01-29 12:00:00+00:00,23.063,23.19,22.639,22.672,173458.69
2025-01-29 13:00:00+00:00,22.672,22.8,22.48,22.605,248190.94
2025-01-29 14:00:00+00:00,22.605,22.963,22.551,22.798,211925.39
2025-01-29 15:00:00+00:00,22.798,23.377,22.775,22.965,248236.96
2025-01-29 16:00:00+00:00,22.965,23.035,22.536,22.724,139358.16
2025-01-29 17:00:00+00:00,22.724,23.258,22.644,23.053,205756.69
2025-01-29 18:00:00+00:00,23.053,23.257,22.955,23.057,172892.79
2025-01-29 19:00:00+00:00,23.057,23.693,21.976,23.441,1381322.7
2025-01-29 20:00:00+00:00,23.441,24.496,23.143,23.919,1256948.85
2025-01-29 21:00:00+00:00,23.919,24.196,23.435,23.669,569007.27
2025-01-29 22:00:00+00:00,23.669,23.841,23.244,23.358,342120.96
2025-01-29 23:00:00+00:00,23.358,23.988,23.341,23.759,249494.84
2025-01-30 00:00:00+00:00,23.759,24.179,23.35,24.17,250052.09
2025-01-30 01:00:00+00:00,24.17,25.769,24.076,25.418,851734.7
2025-01-30 02:00:00+00:00,25.418,25.796,25.028,25.605,527591.49
2025-01-30 03:00:00+00:00,25.605,26.499,25.552,26.48,591010.6
2025-01-30 04:00:00+00:00,26.48,26.795,25.641,26.154,716606.16
2025-01-30 05:00:00+00:00,26.154,26.768,25.764,26.081,519149.16
2025-01-30 06:00:00+00:00,26.081,26.511,25.721,26.195,350200.26
2025-01-30 07:00:00+00:00,26.195,26.457,25.845,26.026,268168.71
2025-01-30 08:00:00+00:00,26.026,26.089,25.4,25.573,313331.2
2025-01-30 09:00:00+00:00,25.573,26.638,25.501,26.151,449105.02
2025-01-30 10:00:00+00:00,26.151,26.5,25.889,26.099,202239.51
2025-01-30 11:00:00+00:00,26.099,26.615,25.899,26.378,229301.82
2025-01-30 12:00:00+00:00,26.378,26.856,26.175,26.607,311030.92
2025-01-30 13:00:00+00:00,26.607,27.901,26.588,26.869,720126.4
2025-01-30 14:00:00+00:00,26.869,27.825,26.856,27.432,622313.86
2025-01-30 15:00:00+00:00,27.432,27.999,26.655,26.67,659495.83
2025-01-30 16:00:00+00:00,26.67,27.472,26.655,27.405,469539.46
2025-01-30 17:00:00+00:00,27.405,27.407,26.817,27.131,258976.71
2025-01-30 18:00:00+00:00,27.131,27.192,26.578,26.951,234406.89
2025-01-30 19:00:00+00:00,26.951,27.297,26.784,27.173,120492.03
2025-01-30 20:00:00+00:00,27.173,27.749,26.601,26.864,505354.02
2025-01-30 21:00:00+00:00,26.864,27.472,26.75,27.2,201280.19
2025-01-30 22:00:00+00:00,27.2,27.866,27.13,27.506,152925.75
2025-01-30 23:00:00+00:00,27.506,27.869,27.159,27.248,270920.67
2025-01-31 00:00:00+00:00,27.248,27.901,26.87,27.823,332858.8
2025-01-31 01:00:00+00:00,27.823,27.984,27.233,27.508,254346.58
2025-01-31 02:00:00+00:00,27.508,27.557,26.303,26.376,476359.94
2025-01-31 03:00:00+00:00,26.376,26.704,26.23,26.512,306409.7
2025-01-31 04:00:00+00:00,26.512,26.518,25.773,25.834,401789.66
2025-01-31 05:00:00+00:00,25.834,26.819,25.809,26.672,259555.38
2025-01-31 06:00:00+00:00,26.672,27.375,26.628,27.13,282518.72
2025-01-31 07:00:00+00:00,27.13,27.44,26.661,26.764,193959.71
2025-01-31 08:00:00+00:00,26.764,27.179,26.337,26.507,276179.05
2025-01-31 09:00:00+00:00,26.507,27.267,26.365,27.166,219453.06
2025-01-31 10:00:00+00:00,27.166,27.547,26.901,27.471,150140.14
2025-01-31 11:00:00+00:00,27.471,27.702,27.39,27.484,192386.39
2025-01-31 12:00:00+00:00,27.484,27.979,27.352,27.572,249898.0
2025-01-31 13:00:00+00:00,27.572,27.874,26.796,27.275,493292.56
2025-01-31 14:00:00+00:00,27.275,27.689,26.83,27.012,356282.98
2025-01-31 15:00:00+00:00,27.012,28.25,27.009,28.235,415432.88
2025-01-31 16:00:00+00:00,28.235,28.45,27.715,28.254,371152.4
2025-01-31 17:00:00+00:00,28.254,28.347,27.024,27.101,571719.54
2025-01-31 18:00:00+00:00,27.101,27.6,26.613,27.004,705937.78
2025-01-31 19:00:00+00:00,27.004,27.403,26.52,27.171,420824.09
2025-01-31 20:00:00+00:00,27.171,27.171,26.324,26.417,360784.93
2025-01-31 21:00:00+00:00,26.417,26.935,26.013,26.68,470522.43
2025-01-31 22:00:00+00:00,26.68,27.6,26.462,27.359,347423.63
2025-01-31 23:00:00+00:00,27.359,27.359,26.657,26.989,208045.13
2025-02-01 00:00:00+00:00,26.989,27.217,26.525,26.77,213238.26
2025-02-01 01:00:00+00:00,26.77,27.4,26.74,27.079,193644.56
2025-02-01 02:00:00+00:00,27.079,27.357,26.844,26.942,86695.96
2025-02-01 03:00:00+00:00,26.942,26.942,25.928,26.193,261640.64
2025-02-01 04:00:00+00:00,26.193,26.361,25.601,25.981,417033.08
2025-02-01 05:00:00+00:00,25.981,26.512,25.957,26.316,233077.38
2025-02-01 06:00:00+00:00,26.316,26.499,26.137,26.241,147596.54
2025-02-01 07:00:00+00:00,26.241,26.395,26.014,26.262,126773.07
2025-02-01 08:00:00+00:00,26.262,26.286,25.815,25.934,155306.55
2025-02-01 09:00:00+00:00,25.934,26.071,25.863,25.958,160230.99
2025-02-01 10:00:00+00:00,25.958,26.988,25.941,26.004,468383.91
2025-02-01 11:00:00+00:00,26.004,26.71,26.004,26.426,189943.27
2025-02-01 12:00:00+00:00,26.426,26.666,26.229,26.448,115147.05
2025-02-01 13:00:00+00:00,26.448,26.842,26.326,26.481,184262.27
2025-02-01 14:00:00+00:00,26.481,27.4,26.318,26.648,314538.77
2025-02-01 15:00:00+00:00,26.648,27.788,26.613,27.491,376542.71
2025-02-01 16:00:00+00:00,27.491,27.525,26.893,26.939,252585.22
2025-02-01 17:00:00+00:00,26.939,27.421,26.939,27.339,107455.99
2025-02-01 18:00:00+00:00,27.339,27.449,26.753,26.97,188291.29
2025-02-01 19:00:00+00:00,26.97,27.18,25.261,25.612,832126.98
2025-02-01 20:00:00+00:00,25.612,25.614,24.024,25.052,1556346.62
2025-02-01 21:00:00+00:00,25.052,25.389,24.063,24.105,952544.04
2025-02-01 22:00:00+00:00,24.105,24.658,23.601,24.069,830230.77
2025-02-01 23:00:00+00:00,24.069,24.129,22.903,23.222,1263447.69
2025-02-02 00:00:00+00:00,23.222,24.416,23.05,23.808,804600.46
2025-02-02 01:00:00+00:00,23.808,24.283,23.586,23.808,404567.27
2025-02-02 02:00:00+00:00,23.808,23.825,22.514,22.558,596763.92
2025-02-02 03:00:00+00:00,22.558,22.93,21.699,22.222,1144923.08
2025-02-02 04:00:00+00:00,22.222,23.091,22.096,22.604,672206.26
2025-02-02 05:00:00+00:00,22.604,23.225,22.508,23.179,395469.11
2025-02-02 06:00:00+00:00,23.179,23.481,22.904,22.982,342899.35
2025-02-02 07:00:00+00:00,22.982,23.108,22.401,22.457,429690.13
2025-02-02 08:00:00+00:00,22.457,23.227,22.358,23.121,325179.76
2025-02-02 09:00:00+00:00,23.121,23.148,22.433,22.478,303093.9
2025-02-02 10:00:00+00:00,22.478,22.817,22.241,22.626,330956.23
2025-02-02 11:00:00+00:00,22.626,22.656,22.001,22.109,446249.95
2025-02-02 12:00:00+00:00,22.109,22.594,22.051,22.149,396661.36
2025-02-02 13:00:00+00:00,22.149,23.034,22.133,22.644,541480.59
2025-02-02 14:00:00+00:00,22.644,23.326,22.601,22.971,436403.89
2025-02-02 15:00:00+00:00,22.971,23.061,22.502,22.688,355419.82
2025-02-02 16:00:00+00:00,22.688,22.718,21.723,21.811,633435.37
2025-02-02 17:00:00+00:00,21.811,21.879,20.725,20.742,1495785.1
2025-02-02 18:00:00+00:00,20.742,21.704,20.682,20.989,964018.35
2025-02-02 19:00:00+00:00,20.989,22.2,20.802,21.929,1018561.39
2025-02-02 20:00:00+00:00,21.929,22.307,21.42,21.494,655540.33
2025-02-02 21:00:00+00:00,21.494,21.646,20.851,20.965,575457.79
2025-02-02 22:00:00+00:00,20.965,21.984,20.57,21.952,888110.75
2025-02-02 23:00:00+00:00,21.952,22.574,21.127,22.37,1179970.65
2025-02-03 00:00:00+00:00,22.37,22.394,21.121,21.494,1290089.21
2025-02-03 01:00:00+00:00,21.494,21.69,20.1,21.124,1732148.69
2025-02-03 02:00:00+00:00,21.124,23.398,19.624,22.976,3247024.8
2025-02-03 03:00:00+00:00,22.976,24.014,22.283,22.578,1880949.21
2025-02-03 04:00:00+00:00,22.578,23.078,21.753,21.924,1031143.97
2025-02-03 05:00:00+00:00,21.924,22.859,21.8,22.749,600325.48
2025-02-03 06:00:00+00:00,22.749,23.356,22.161,22.947,680672.71
2025-02-03 07:00:00+00:00,22.947,23.783,22.678,23.738,535582.16
2025-02-03 08:00:00+00:00,23.738,23.738,22.728,23.15,569199.86
2025-02-03 09:00:00+00:00,23.15,23.6,22.92,22.967,343381.51
2025-02-03 10:00:00+00:00,22.967,23.426,22.782,23.358,356947.68
2025-02-03 11:00:00+00:00,23.358,23.553,22.811,23.083,484482.52
2025-02-03 12:00:00+00:00,23.083,23.348,22.912,22.932,346275.09
2025-02-03 13:00:00+00:00,22.932,23.011,22.171,22.208,570036.93
2025-02-03 14:00:00+00:00,22.208,24.6,22.1,24.581,1409365.32
2025-02-03 15:00:00+00:00,24.581,25.861,24.314,25.012,1836589.23
2025-02-03 16:00:00+00:00,25.012,25.823,24.566,25.024,1018539.28
2025-02-03 17:00:00+00:00,25.024,25.26,24.335,24.669,800515.83
2025-02-03 18:00:00+00:00,24.669,26.427,24.1,25.42,1043615.92
2025-02-03 19:00:00+00:00,25.42,25.736,25.151,25.318,392793.28
2025-02-03 20:00:00+00:00,25.318,25.421,24.604,24.87,447263.03
2025-02-03 21:00:00+00:00,24.87,25.536,24.763,25.233,350056.51
2025-02-03 22:00:00+00:00,25.233,26.065,25.018,25.066,535195.5
2025-02-03 23:00:00+00:00,25.066,25.257,24.544,25.222,328061.34
2025-02-04 00:00:00+00:00,25.222,25.367,24.698,24.759,195383.82
2025-02-04 01:00:00+00:00,24.759,25.137,24.635,24.866,147480.83
2025-02-04 02:00:00+00:00,24.866,26.066,24.856,25.173,507861.5
2025-02-04 03:00:00+00:00,25.173,25.416,24.813,25.124,246096.36
2025-02-04 04:00:00+00:00,25.124,25.402,24.473,24.905,350209.78
2025-02-04 05:00:00+00:00,24.905,24.909,23.812,24.514,972696.59
2025-02-04 06:00:00+00:00,24.514,25.545,24.496,25.016,500693.84
2025-02-04 07:00:00+00:00,25.016,25.088,24.612,24.701,247276.96
2025-02-04 08:00:00+00:00,24.701,24.974,24.121,24.62,269764.73
2025-02-04 09:00:00+00:00,24.62,25.253,24.508,24.842,310548.45
2025-02-04 10:00:00+00:00,24.842,25.559,24.802,25.447,253581.57
2025-02-04 11:00:00+00:00,25.447,25.878,25.23,25.274,416035.1
2025-02-04 12:00:00+00:00,25.274,26.313,25.23,26.311,366621.42
2025-02-04 13:00:00+00:00,26.311,26.574,25.564,25.76,456999.88
2025-02-04 14:00:00+00:00,25.76,26.844,25.76,26.695,552271.71
2025-02-04 15:00:00+00:00,26.695,26.93,26.001,26.643,489232.0
2025-02-04 16:00:00+00:00,26.643,26.823,26.145,26.162,279523.24
2025-02-04 17:00:00+00:00,26.162,26.814,26.062,26.656,227130.47
2025-02-04 18:00:00+00:00,26.656,26.888,26.4,26.836,229936.13
2025-02-04 19:00:00+00:00,26.836,26.897,25.467,25.475,546406.39
2025-02-04 20:00:00+00:00,25.475,25.897,25.101,25.364,752080.91
2025-02-04 21:00:00+00:00,25.364,25.962,24.884,24.969,653969.09
2025-02-04 22:00:00+00:00,24.969,25.587,24.429,25.08,765587.21
2025-02-04 23:00:00+00:00,25.08,25.438,24.853,25.147,320131.61
2025-02-05 00:00:00+00:00,25.147,25.66,24.994,25.432,321947.41
2025-02-05 01:00:00+00:00,25.432,25.734,24.87,24.984,284803.81
2025-02-05 02:00:00+00:00,24.984,25.556,24.721,25.397,276565.25
2025-02-05 03:00:00+00:00,25.397,25.649,25.312,25.394,141201.4
2025-02-05 04:00:00+00:00,25.394,25.933,25.202,25.879,197786.21
2025-02-05 05:00:00+00:00,25.879,26.437,25.8,26.408,280260.73
2025-02-05 06:00:00+00:00,26.408,26.709,26.021,26.037,382816.52
2025-02-05 07:00:00+00:00,26.037,26.656,25.852,26.655,241168.67
2025-02-05 08:00:00+00:00,26.655,26.8,26.448,26.616,179691.87
2025-02-05 09:00:00+00:00,26.616,26.616,25.783,26.112,311072.49
2025-02-05 10:00:00+00:00,26.112,26.427,26.025,26.152,230496.78
2025-02-05 11:00:00+00:00,26.152,26.715,26.071,26.656,180645.11
2025-02-05 12:00:00+00:00,26.656,26.72,26.186,26.345,263947.66
2025-02-05 13:00:00+00:00,26.345,26.803,26.32,26.602,218746.05
2025-02-05 14:00:00+00:00,26.602,27.448,26.475,27.119,635303.19
2025-02-05 15:00:00+00:00,27.119,27.409,26.82,27.069,431734.32
2025-02-05 16:00:00+00:00,27.069,27.088,26.253,26.565,666316.25
2025-02-05 17:00:00+00:00,26.565,26.839,25.9,25.948,404633.85
2025-02-05 18:00:00+00:00,25.948,26.307,25.55,25.832,602901.56
2025-02-05 19:00:00+00:00,25.832,26.012,25.612,25.714,277905.99
2025-02-05 20:00:00+00:00,25.714,25.837,25.271,25.56,302443.97
2025-02-05 21:00:00+00:00,25.56,25.878,25.451,25.616,185037.23
2025-02-05 22:00:00+00:00,25.616,25.616,24.231,24.235,674396.44
2025-02-05 23:00:00+00:00,24.235,24.835,24.22,24.762,392099.55
2025-02-06 00:00:00+00:00,24.762,25.093,24.277,24.835,428198.75
2025-02-06 01:00:00+00:00,24.835,25.88,24.762,25.195,533933.04
2025-02-06 02:00:00+00:00,25.195,25.444,25.082,25.257,207802.7
2025-02-06 03:00:00+00:00,25.257,25.752,25.211,25.532,185457.77
2025-02-06 04:00:00+00:00,25.532,26.107,25.41,25.939,258695.45
2025-02-06 05:00:00+00:00,25.939,26.141,25.779,26.065,157058.63
2025-02-06 06:00:00+00:00,26.065,26.149,25.762,26.141,149995.88
2025-02-06 07:00:00+00:00,26.141,26.247,25.644,25.83,162122.29
2025-02-06 08:00:00+00:00,25.83,25.865,25.413,25.426,149159.46
2025-02-06 09:00:00+00:00,25.426,26.013,25.371,25.753,144934.85
2025-02-06 10:00:00+00:00,25.753,25.936,25.367,25.607,167834.01
2025-02-06 11:00:00+00:00,25.607,25.628,25.119,25.504,226948.09
2025-02-06 12:00:00+00:00,25.504,25.578,24.808,24.832,355163.58
2025-02-06 13:00:00+00:00,24.832,25.157,24.4,24.641,577290.68
2025-02-06 14:00:00+00:00,24.641,24.957,24.279,24.545,506711.33
2025-02-06 15:00:00+00:00,24.545,24.819,23.558,24.101,717714.45
2025-02-06 16:00:00+00:00,24.101,24.343,23.659,23.722,373473.78
2025-02-06 17:00:00+00:00,23.722,24.735,23.648,24.13,451447.23
2025-02-06 18:00:00+00:00,24.13,24.327,23.647,23.896,369574.3
2025-02-06 19:00:00+00:00,23.896,24.465,23.708,24.04,372760.35
2025-02-06 20:00:00+00:00,24.04,24.717,23.993,24.478,287548.54
2025-02-06 21:00:00+00:00,24.478,24.519,24.017,24.431,194039.04
2025-02-06 22:00:00+00:00,24.431,24.45,23.84,24.262,196114.71
2025-02-06 23:00:00+00:00,24.262,24.293,23.786,23.877,212298.61
2025-02-07 00:00:00+00:00,23.877,24.328,23.681,24.017,380243.66
2025-02-07 01:00:00+00:00,24.017,24.549,23.8,24.166,250979.21
2025-02-07 02:00:00+00:00,24.166,24.548,24.1,24.518,197336.4
2025-02-07 03:00:00+00:00,24.518,24.667,23.914,24.195,301085.1
2025-02-07 04:00:00+00:00,24.195,24.501,24.108,24.296,126678.51
2025-02-07 05:00:00+00:00,24.296,24.364,23.713,23.8,163074.05
2025-02-07 06:00:00+00:00,23.8,23.827,23.258,23.32,308769.49
2025-02-07 07:00:00+00:00,23.32,23.704,23.262,23.309,206042.34
2025-02-07 08:00:00+00:00,23.309,23.626,23.099,23.476,287688.12
2025-02-07 09:00:00+00:00,23.476,24.052,23.417,23.943,246680.72
2025-02-07 10:00:00+00:00,23.943,24.184,23.863,23.914,109225.04
2025-02-07 11:00:00+00:00,23.914,24.29,23.876,24.267,134508.9
2025-02-07 12:00:00+00:00,24.267,24.295,23.971,24.227,108501.13
2025-02-07 13:00:00+00:00,24.227,24.852,23.952,24.815,364596.84
2025-02-07 14:00:00+00:00,24.815,25.19,24.572,24.78,460003.0
2025-02-07 15:00:00+00:00,24.78,24.784,23.597,23.809,868891.18
2025-02-07 16:00:00+00:00,23.809,23.876,23.15,23.431,751103.08
2025-02-07 17:00:00+00:00,23.431,23.496,22.912,23.098,477766.29
2025-02-07 18:00:00+00:00,23.098,23.918,23.017,23.406,630982.12
2025-02-07 19:00:00+00:00,23.406,23.67,23.244,23.272,211352.07
2025-02-07 20:00:00+00:00,23.272,23.294,22.501,22.516,333309.56
2025-02-07 21:00:00+00:00,22.516,22.976,22.3,22.305,496935.35
2025-02-07 22:00:00+00:00,22.305,22.656,22.108,22.62,330350.97
2025-02-07 23:00:00+00:00,22.62,22.903,22.472,22.849,236213.65
2025-02-08 00:00:00+00:00,22.849,22.917,22.581,22.692,210021.94
2025-02-08 01:00:00+00:00,22.692,22.908,22.578,22.746,121110.65
2025-02-08 02:00:00+00:00,22.746,22.879,22.64,22.873,107243.7
2025-02-08 03:00:00+00:00,22.873,23.165,22.769,22.946,228202.59
2025-02-08 04:00:00+00:00,22.946,22.946,22.613,22.668,128020.19
2025-02-08 05:00:00+00:00,22.668,22.708,22.38,22.681,163908.77
2025-02-08 06:00:00+00:00,22.681,22.681,22.346,22.439,115660.05
2025-02-08 07:00:00+00:00,22.439,22.733,22.236,22.64,211619.86
2025-02-08 08:00:00+00:00,22.64,22.768,22.498,22.513,106403.01
2025-02-08 09:00:00+00:00,22.513,22.836,22.513,22.836,73778.19
2025-02-08 10:00:00+00:00,22.836,23.128,22.735,22.985,234878.41
2025-02-08 11:00:00+00:00,22.985,23.055,22.763,23.001,214706.57
2025-02-08 12:00:00+00:00,23.001,23.371,22.893,23.09,263640.03
2025-02-08 13:00:00+00:00,23.09,23.552,23.089,23.324,284095.2
2025-02-08 14:00:00+00:00,23.324,23.452,23.167,23.313,167636.41
2025-02-08 15:00:00+00:00,23.313,23.37,22.94,23.065,147092.43
2025-02-08 16:00:00+00:00,23.065,23.239,22.867,23.212,138020.54
2025-02-08 17:00:00+00:00,23.212,23.658,23.197,23.658,168230.95
2025-02-08 18:00:00+00:00,23.658,23.792,23.477,23.714,213192.86
2025-02-08 19:00:00+00:00,23.714,23.767,23.526,23.604,127008.84
2025-02-08 20:00:00+00:00,23.604,23.726,23.38,23.654,115220.88
2025-02-08 21:00:00+00:00,23.654,23.858,23.644,23.858,90608.88
2025-02-08 22:00:00+00:00,23.858,23.885,23.339,23.531,136624.14
2025-02-08 23:00:00+00:00,23.531,23.652,23.437,23.45,124278.37
2025-02-09 00:00:00+00:00,23.45,23.487,23.178,23.376,119004.4
2025-02-09 01:00:00+00:00,23.376,23.737,23.185,23.659,238474.08
2025-02-09 02:00:00+00:00,23.659,23.71,23.302,23.384,274034.79
2025-02-09 03:00:00+00:00,23.384,24.03,23.343,23.994,190931.55
2025-02-09 04:00:00+00:00,23.994,24.054,23.72,23.803,115801.26
2025-02-09 05:00:00+00:00,23.803,23.937,23.715,23.732,62190.12
2025-02-09 06:00:00+00:00,23.732,23.759,23.43,23.639,102465.76
2025-02-09 07:00:00+00:00,23.639,23.656,23.487,23.637,55885.27
2025-02-09 08:00:00+00:00,23.637,23.923,23.636,23.877,118300.27
2025-02-09 09:00:00+00:00,23.877,23.892,23.6,23.71,95121.16
2025-02-09 10:00:00+00:00,23.71,23.85,23.549,23.687,84834.64
2025-02-09 11:00:00+00:00,23.687,23.886,23.2,23.243,182164.95
2025-02-09 12:00:00+00:00,23.243,23.458,23.116,23.319,149651.35
2025-02-09 13:00:00+00:00,23.319,23.347,22.75,22.793,176295.69
2025-02-09 14:00:00+00:00,22.793,23.126,22.756,22.926,178158.94
2025-02-09 15:00:00+00:00,22.926,23.34,22.909,23.171,160107.03
2025-02-09 16:00:00+00:00,23.171,23.367,23.125,23.264,80829.42
2025-02-09 17:00:00+00:00,23.264,23.308,22.856,22.926,98079.72
2025-02-09 18:00:00+00:00,22.926,23.056,22.842,23.008,81057.8
2025-02-09 19:00:00+00:00,23.008,23.048,22.677,22.832,112229.36
2025-02-09 20:00:00+00:00,22.832,23.099,22.816,22.908,106773.82
2025-02-09 21:00:00+00:00,22.908,22.927,22.118,22.394,317131.92
2025-02-09 22:00:00+00:00,22.394,22.857,22.222,22.713,275984.77
2025-02-09 23:00:00+00:00,22.713,23.15,22.602,22.989,203334.58
2025-02-10 00:00:00+00:00,22.989,23.519,22.977,23.171,372456.34
2025-02-10 01:00:00+00:00,23.171,23.205,22.356,22.546,404295.98
2025-02-10 02:00:00+00:00,22.546,22.742,22.2,22.569,373675.62
2025-02-10 03:00:00+00:00,22.569,23.214,22.51,23.208,319571.27
2025-02-10 04:00:00+00:00,23.208,23.331,23.045,23.167,135155.81
2025-02-10 05:00:00+00:00,23.167,23.544,23.014,23.379,257848.15
2025-02-10 06:00:00+00:00,23.379,23.568,23.192,23.565,94928.17
2025-02-10 07:00:00+00:00,23.565,23.963,23.545,23.908,152067.58
2025-02-10 08:00:00+00:00,23.908,24.063,23.751,24.0,180700.09
2025-02-10 09:00:00+00:00,24.0,24.154,23.845,23.951,196539.06
2025-02-10 10:00:00+00:00,23.951,24.043,23.814,23.941,150941.82
2025-02-10 11:00:00+00:00,23.941,24.137,23.8,24.064,141415.9
2025-02-10 12:00:00+00:00,24.064,24.12,23.536,23.579,311037.06
2025-02-10 13:00:00+00:00,23.579,24.274,23.468,24.152,232614.78
2025-02-10 14:00:00+00:00,24.152,24.284,23.677,23.866,276407.37
2025-02-10 15:00:00+00:00,23.866,24.174,23.61,23.948,217489.06
2025-02-10 16:00:00+00:00,23.948,24.0,23.641,23.912,135366.51
2025-02-10 17:00:00+00:00,23.912,23.971,23.679,23.926,99344.1
2025-02-10 18:00:00+00:00,23.926,24.032,23.754,23.981,100909.08
2025-02-10 19:00:00+00:00,23.981,24.025,23.814,23.981,232847.04
2025-02-10 20:00:00+00:00,23.981,24.158,23.926,23.968,120049.95
2025-02-10 21:00:00+00:00,23.968,23.968,23.52,23.699,218298.71
2025-02-10 22:00:00+00:00,23.699,23.699,23.231,23.346,171119.5
2025-02-10 23:00:00+00:00,23.346,23.455,23.2,23.377,72613.33
2025-02-11 00:00:00+00:00,23.377,23.782,23.368,23.709,134401.13
2025-02-11 01:00:00+00:00,23.709,24.393,23.709,24.202,217107.38
2025-02-11 02:00:00+00:00,24.202,24.506,24.057,24.34,237742.52
2025-02-11 03:00:00+00:00,24.34,24.359,24.022,24.226,130835.76
2025-02-11 04:00:00+00:00,24.226,24.685,24.213,24.673,113456.31
2025-02-11 05:00:00+00:00,24.673,24.85,24.533,24.829,170742.4
2025-02-11 06:00:00+00:00,24.829,24.918,24.632,24.823,130137.35
2025-02-11 07:00:00+00:00,24.823,24.856,24.529,24.628,117152.67
2025-02-11 08:00:00+00:00,24.628,24.917,24.517,24.917,110307.94
2025-02-11 09:00:00+00:00,24.917,24.924,24.57,24.661,123219.99
2025-02-11 10:00:00+00:00,24.661,24.858,24.584,24.696,100320.83
2025-02-11 11:00:00+00:00,24.696,24.882,24.579,24.868,137834.19
2025-02-11 12:00:00+00:00,24.868,24.876,24.436,24.723,177918.23
2025-02-11 13:00:00+00:00,24.723,24.769,24.008,24.111,558207.02
2025-02-11 14:00:00+00:00,24.111,24.386,24.046,24.275,281340.12
2025-02-11 15:00:00+00:00,24.275,24.555,24.149,24.424,208220.59
2025-02-11 16:00:00+00:00,24.424,24.489,23.648,23.668,275796.42
2025-02-11 17:00:00+00:00,23.668,23.951,23.457,23.523,311398.16
2025-02-11 18:00:00+00:00,23.523,23.547,23.1,23.157,269478.43
2025-02-11 19:00:00+00:00,23.157,23.269,22.92,23.124,228770.88
2025-02-11 20:00:00+00:00,23.124,23.491,23.0,23.386,277736.11
2025-02-11 21:00:00+00:00,23.386,23.597,23.245,23.472,160491.39
2025-02-11 22:00:00+00:00,23.472,23.682,23.309,23.332,203967.29
2025-02-11 23:00:00+00:00,23.332,23.56,23.185,23.524,114896.36
2025-02-12 00:00:00+00:00,23.524,23.567,23.3,23.456,95607.85
2025-02-12 01:00:00+00:00,23.456,23.551,23.326,23.523,84021.81
2025-02-12 02:00:00+00:00,23.523,23.535,23.138,23.212,88292.32
2025-02-12 03:00:00+00:00,23.212,23.374,23.103,23.199,109331.08
2025-02-12 04:00:00+00:00,23.199,23.333,23.002,23.141,120577.06
2025-02-12 05:00:00+00:00,23.141,23.46,23.116,23.439,91288.75
2025-02-12 06:00:00+00:00,23.439,23.467,23.266,23.446,66977.86
2025-02-12 07:00:00+00:00,23.446,23.849,23.442,23.75,148358.7
2025-02-12 08:00:00+00:00,23.75,23.95,23.748,23.768,115659.48
2025-02-12 09:00:00+00:00,23.768,23.792,23.504,23.722,102763.3
2025-02-12 10:00:00+00:00,23.722,23.775,23.507,23.562,64282.49
2025-02-12 11:00:00+00:00,23.562,23.916,23.562,23.894,117661.85
2025-02-12 12:00:00+00:00,23.894,24.045,23.745,23.764,101483.02
2025-02-12 13:00:00+00:00,23.764,24.445,22.534,23.332,1370536.84
2025-02-12 14:00:00+00:00,23.332,23.75,22.763,23.649,697867.09
2025-02-12 15:00:00+00:00,23.649,23.7,23.22,23.566,232777.69
2025-02-12 16:00:00+00:00,23.566,24.013,23.09,24.012,270299.3
2025-02-12 17:00:00+00:00,24.012,24.851,23.813,24.793,524699.57
2025-02-12 18:00:00+00:00,24.793,24.85,24.35,24.486,251344.04
2025-02-12 19:00:00+00:00,24.486,24.746,24.113,24.65,182103.27
2025-02-12 20:00:00+00:00,24.65,25.289,24.502,25.124,373026.44
2025-02-12 21:00:00+00:00,25.124,25.39,24.908,25.117,188286.53
2025-02-12 22:00:00+00:00,25.117,25.834,25.037,25.7,214605.52
2025-02-12 23:00:00+00:00,25.7,25.875,25.52,25.866,176013.61
2025-02-13 00:00:00+00:00,25.866,25.886,25.436,25.568,165164.06
2025-02-13 01:00:00+00:00,25.568,25.774,25.309,25.678,236732.49
2025-02-13 02:00:00+00:00,25.678,25.689,25.269,25.459,121821.98
2025-02-13 03:00:00+00:00,25.459,25.59,25.45,25.501,55300.1
2025-02-13 04:00:00+00:00,25.501,25.516,24.94,25.116,206376.87
2025-02-13 05:00:00+00:00,25.116,25.227,24.941,25.007,136507.62
2025-02-13 06:00:00+00:00,25.007,25.167,24.853,24.913,137396.61
2025-02-13 07:00:00+00:00,24.913,25.273,24.875,25.086,170470.85
2025-02-13 08:00:00+00:00,25.086,25.118,24.652,24.914,201055.07
2025-02-13 09:00:00+00:00,24.914,25.795,24.838,25.586,387039.17
2025-02-13 10:00:00+00:00,25.586,25.7,25.427,25.548,99148.31
2025-02-13 11:00:00+00:00,25.548,25.619,25.25,25.519,153948.22
2025-02-13 12:00:00+00:00,25.519,25.562,25.108,25.19,156229.91
2025-02-13 13:00:00+00:00,25.19,25.332,24.941,25.195,230745.34
2025-02-13 14:00:00+00:00,25.195,25.425,24.703,25.038,395384.1
2025-02-13 15:00:00+00:00,25.038,25.43,24.937,25.162,280413.14
2025-02-13 16:00:00+00:00,25.162,25.162,24.7,24.773,213181.72
2025-02-13 17:00:00+00:00,24.773,24.978,24.62,24.849,177317.38
2025-02-13 18:00:00+00:00,24.849,25.393,24.844,25.341,124361.9
2025-02-13 19:00:00+00:00,25.341,25.671,25.094,25.613,216101.0
2025-02-13 20:00:00+00:00,25.613,25.844,25.561,25.68,179599.44
2025-02-13 21:00:00+00:00,25.68,26.075,25.664,26.034,163875.87
2025-02-13 22:00:00+00:00,26.034,26.146,25.913,25.913,96125.84
2025-02-13 23:00:00+00:00,25.913,26.318,25.808,26.302,111024.41
2025-02-14 00:00:00+00:00,26.302,26.64,26.173,26.519,248561.68
2025-02-14 01:00:00+00:00,26.519,26.636,26.094,26.199,133593.22
2025-02-14 02:00:00+00:00,26.199,26.413,26.012,26.111,116560.35
2025-02-14 03:00:00+00:00,26.111,26.391,26.065,26.364,69442.72
2025-02-14 04:00:00+00:00,26.364,26.499,26.181,26.491,77663.05
2025-02-14 05:00:00+00:00,26.491,26.571,26.2,26.416,125554.08
2025-02-14 06:00:00+00:00,26.416,26.854,26.358,26.838,162767.61
2025-02-14 07:00:00+00:00,26.838,26.918,26.242,26.57,276373.71
2025-02-14 08:00:00+00:00,26.57,27.125,26.346,27.003,334367.25
2025-02-14 09:00:00+00:00,27.003,27.251,26.884,27.082,322647.86
2025-02-14 10:00:00+00:00,27.082,27.375,26.909,27.354,211666.8
2025-02-14 11:00:00+00:00,27.354,27.399,27.129,27.287,122893.24
2025-02-14 12:00:00+00:00,27.287,27.297,27.05,27.287,161067.51
2025-02-14 13:00:00+00:00,27.287,27.653,27.221,27.626,272553.07
2025-02-14 14:00:00+00:00,27.626,27.743,27.472,27.586,136255.26
2025-02-14 15:00:00+00:00,27.586,27.639,26.855,27.201,394861.56
2025-02-14 16:00:00+00:00,27.201,28.351,27.119,28.286,549906.7
2025-02-14 17:00:00+00:00,28.286,28.5,27.671,27.793,612707.39
2025-02-14 18:00:00+00:00,27.793,27.964,27.073,27.304,472217.68
2025-02-14 19:00:00+00:00,27.304,27.418,26.918,27.125,210074.74
2025-02-14 20:00:00+00:00,27.125,27.326,26.341,26.52,333614.37
2025-02-14 21:00:00+00:00,26.52,26.701,26.25,26.312,204967.96
2025-02-14 22:00:00+00:00,26.312,26.418,25.842,25.851,235722.7
2025-02-14 23:00:00+00:00,25.851,26.367,25.819,26.247,204316.55
2025-02-15 00:00:00+00:00,26.247,26.349,25.859,26.172,169765.8
2025-02-15 01:00:00+00:00,26.172,26.525,26.106,26.467,142357.63
2025-02-15 02:00:00+00:00,26.467,26.834,26.382,26.474,232807.22
2025-02-15 03:00:00+00:00,26.474,26.913,26.465,26.536,160662.24
2025-02-15 04:00:00+00:00,26.536,26.587,26.085,26.169,149569.78
2025-02-15 05:00:00+00:00,26.169,26.272,26.058,26.243,65346.24
2025-02-15 06:00:00+00:00,26.243,26.393,26.117,26.384,81640.47
2025-02-15 07:00:00+00:00,26.384,26.699,26.374,26.447,105604.81
2025-02-15 08:00:00+00:00,26.447,26.775,26.423,26.742,59596.34
2025-02-15 09:00:00+00:00,26.742,26.833,26.315,26.353,135944.0
2025-02-15 10:00:00+00:00,26.353,26.385,26.13,26.273,127057.43
2025-02-15 11:00:00+00:00,26.273,26.463,26.181,26.424,87231.45
2025-02-15 12:00:00+00:00,26.424,26.505,26.36,26.502,51830.64
2025-02-15 13:00:00+00:00,26.502,26.687,26.461,26.537,84913.25
2025-02-15 14:00:00+00:00,26.537,26.554,26.025,26.137,177795.57
2025-02-15 15:00:00+00:00,26.137,26.258,25.898,26.088,172326.03
2025-02-15 16:00:00+00:00,26.088,26.175,25.736,25.745,166883.91
2025-02-15 17:00:00+00:00,25.745,25.888,25.348,25.455,214834.45
2025-02-15 18:00:00+00:00,25.455,25.875,25.402,25.874,130951.04
2025-02-15 19:00:00+00:00,25.874,25.947,25.689,25.748,88704.77
2025-02-15 20:00:00+00:00,25.748,25.94,25.694,25.858,61349.85
2025-02-15 21:00:00+00:00,25.858,26.093,25.858,26.028,70623.28
2025-02-15 22:00:00+00:00,26.028,26.188,25.977,25.987,81841.61
2025-02-15 23:00:00+00:00,25.987,26.012,25.534,25.737,171650.69
2025-02-16 00:00:00+00:00,25.737,25.974,25.658,25.9,50959.33
2025-02-16 01:00:00+00:00,25.9,26.069,25.85,26.069,54934.73
2025-02-16 02:00:00+00:00,26.069,26.091,25.738,25.757,80776.98
2025-02-16 03:00:00+00:00,25.757,25.828,25.592,25.776,89899.91
2025-02-16 04:00:00+00:00,25.776,25.8,25.703,25.76,52593.36
2025-02-16 05:00:00+00:00,25.76,26.4,25.669,26.237,162460.2
2025-02-16 06:00:00+00:00,26.237,26.237,25.768,25.827,141225.19
2025-02-16 07:00:00+00:00,25.827,25.966,25.758,25.939,39842.87
2025-02-16 08:00:00+00:00,25.939,26.192,25.925,26.145,92619.3
2025-02-16 09:00:00+00:00,26.145,26.501,26.131,26.432,92613.38
2025-02-16 10:00:00+00:00,26.432,26.491,26.286,26.357,48614.21
2025-02-16 11:00:00+00:00,26.357,26.55,26.274,26.447,72083.8
2025-02-16 12:00:00+00:00,26.447,26.61,26.317,26.322,75130.62
2025-02-16 13:00:00+00:00,26.322,26.333,25.776,25.973,161681.41
2025-02-16 14:00:00+00:00,25.973,26.178,25.712,26.172,147001.08
2025-02-16 15:00:00+00:00,26.172,26.308,26.136,26.252,109961.02
2025-02-16 16:00:00+00:00,26.252,26.386,26.177,26.386,98659.13
2025-02-16 17:00:00+00:00,26.386,26.8,26.267,26.285,162593.62
2025-02-16 18:00:00+00:00,26.285,26.475,26.143,26.22,105385.67
2025-02-16 19:00:00+00:00,26.22,26.376,25.998,26.376,112937.83
2025-02-16 20:00:00+00:00,26.376,26.516,26.243,26.25,67741.98
2025-02-16 21:00:00+00:00,26.25,26.607,26.25,26.368,86669.36
2025-02-16 22:00:00+00:00,26.368,26.772,26.348,26.727,88109.88
2025-02-16 23:00:00+00:00,26.727,26.963,26.422,26.805,159480.8
2025-02-17 00:00:00+00:00,26.805,27.0,26.647,26.778,143853.52
2025-02-17 01:00:00+00:00,26.778,26.784,26.388,26.72,125523.74
2025-02-17 02:00:00+00:00,26.72,26.795,26.255,26.276,82894.47
2025-02-17 03:00:00+00:00,26.276,26.453,26.115,26.158,132007.5
2025-02-17 04:00:00+00:00,26.158,26.173,25.572,25.686,255184.6
2025-02-17 05:00:00+00:00,25.686,25.895,25.401,25.834,294513.06
2025-02-17 06:00:00+00:00,25.834,25.991,25.683,25.93,118823.21
2025-02-17 07:00:00+00:00,25.93,26.12,25.338,25.476,189476.62
2025-02-17 08:00:00+00:00,25.476,25.763,25.362,25.631,120469.27
2025-02-17 09:00:00+00:00,25.631,25.875,25.391,25.531,129799.79
2025-02-17 10:00:00+00:00,25.531,25.887,25.467,25.844,102156.21
2025-02-17 11:00:00+00:00,25.844,25.949,25.684,25.754,75110.64
2025-02-17 12:00:00+00:00,25.754,26.2,25.746,26.199,125852.94
2025-02-17 13:00:00+00:00,26.199,26.199,25.958,26.13,77806.37
2025-02-17 14:00:00+00:00,26.13,26.356,26.101,26.346,146712.63
2025-02-17 15:00:00+00:00,26.346,26.467,25.42,25.493,443246.57
2025-02-17 16:00:00+00:00,25.493,25.608,24.866,24.965,814934.34
2025-02-17 17:00:00+00:00,24.965,25.41,24.911,25.068,223936.32
2025-02-17 18:00:00+00:00,25.068,25.317,24.914,25.055,173564.58
2025-02-17 19:00:00+00:00,25.055,25.489,24.959,25.489,128544.28
2025-02-17 20:00:00+00:00,25.489,25.585,25.264,25.436,162490.39
2025-02-17 21:00:00+00:00,25.436,25.813,25.379,25.797,92959.16
2025-02-17 22:00:00+00:00,25.797,25.925,25.289,25.386,185204.39
2025-02-17 23:00:00+00:00,25.386,25.532,25.342,25.402,60471.95
2025-02-18 00:00:00+00:00,25.402,25.461,25.351,25.411,102621.57
2025-02-18 01:00:00+00:00,25.411,25.714,25.346,25.676,104779.47
2025-02-18 02:00:00+00:00,25.676,25.725,25.381,25.433,55420.54
2025-02-18 03:00:00+00:00,25.433,25.73,25.403,25.721,49247.03
2025-02-18 04:00:00+00:00,25.721,25.755,25.422,25.448,82540.85
2025-02-18 05:00:00+00:00,25.448,27.775,25.201,26.219,1039237.93
2025-02-18 06:00:00+00:00,26.219,27.259,25.868,25.917,1634102.37
2025-02-18 07:00:00+00:00,25.917,26.041,25.056,25.632,758758.65
2025-02-18 08:00:00+00:00,25.632,26.06,24.763,24.784,619371.13
2025-02-18 09:00:00+00:00,24.784,25.07,23.803,23.811,1077449.96
2025-02-18 10:00:00+00:00,23.811,24.54,23.8,23.898,490619.08
2025-02-18 11:00:00+00:00,23.898,24.193,23.756,23.939,236908.78
2025-02-18 12:00:00+00:00,23.939,24.19,23.571,24.064,522878.93
2025-02-18 13:00:00+00:00,24.064,24.89,24.004,24.652,535545.34
2025-02-18 14:00:00+00:00,24.652,24.956,23.834,23.946,468183.26
2025-02-18 15:00:00+00:00,23.946,24.077,23.463,23.525,504797.83
2025-02-18 16:00:00+00:00,23.525,23.9,23.003,23.024,579872.84
2025-02-18 17:00:00+00:00,23.024,23.353,22.323,22.366,795225.19
2025-02-18 18:00:00+00:00,22.366,23.309,22.335,23.053,656514.82
2025-02-18 19:00:00+00:00,23.053,23.623,22.783,23.613,376056.21
2025-02-18 20:00:00+00:00,23.613,23.713,22.604,23.223,518543.05
2025-02-18 21:00:00+00:00,23.223,23.94,23.14,23.362,509248.13
2025-02-18 22:00:00+00:00,23.362,24.107,23.254,23.824,266825.63
2025-02-18 23:00:00+00:00,23.824,24.192,23.769,24.102,211955.24
2025-02-19 00:00:00+00:00,24.102,24.276,23.683,23.686,222333.7
2025-02-19 01:00:00+00:00,23.686,23.847,23.472,23.787,164973.9
2025-02-19 02:00:00+00:00,23.787,24.36,23.76,24.194,173715.07
2025-02-19 03:00:00+00:00,24.194,24.307,23.92,24.097,150400.1
2025-02-19 04:00:00+00:00,24.097,24.245,22.73,22.756,516268.77
2025-02-19 05:00:00+00:00,22.756,23.132,22.554,22.837,433341.05
2025-02-19 06:00:00+00:00,22.837,23.407,22.826,23.376,192900.23
2025-02-19 07:00:00+00:00,23.376,23.47,23.183,23.369,149588.86
2025-02-19 08:00:00+00:00,23.369,23.432,22.673,22.78,260628.77
2025-02-19 09:00:00+00:00,22.78,23.175,22.752,22.881,218228.33
2025-02-19 10:00:00+00:00,22.881,23.429,22.79,23.213,291156.59
2025-02-19 11:00:00+00:00,23.213,23.498,23.101,23.441,154680.0
2025-02-19 12:00:00+00:00,23.441,23.53,23.056,23.094,188283.1
2025-02-19 13:00:00+00:00,23.094,23.42,23.094,23.16,126048.06
2025-02-19 14:00:00+00:00,23.16,23.429,22.96,22.97,202678.02
2025-02-19 15:00:00+00:00,22.97,23.438,22.928,23.252,187610.27
2025-02-19 16:00:00+00:00,23.252,23.728,23.225,23.678,228443.71
2025-02-19 17:00:00+00:00,23.678,23.862,23.415,23.816,229741.61
2025-02-19 18:00:00+00:00,23.816,23.848,23.509,23.578,183386.8
2025-02-19 19:00:00+00:00,23.578,24.143,23.529,23.904,231546.34
2025-02-19 20:00:00+00:00,23.904,24.447,23.852,24.326,316221.53
2025-02-19 21:00:00+00:00,24.326,24.331,23.707,23.916,302946.52
2025-02-19 22:00:00+00:00,23.916,24.358,23.834,24.253,159507.85
2025-02-19 23:00:00+00:00,24.253,24.529,23.9,24.059,291850.15
2025-02-20 00:00:00+00:00,24.059,24.44,23.987,24.427,132190.71
2025-02-20 01:00:00+00:00,24.427,24.623,24.202,24.209,158979.84
2025-02-20 02:00:00+00:00,24.209,25.44,24.125,24.79,413006.42
2025-02-20 03:00:00+00:00,24.79,25.062,24.589,24.677,203217.0
2025-02-20 04:00:00+00:00,24.677,24.974,24.666,24.784,135501.26
2025-02-20 05:00:00+00:00,24.784,24.877,24.599,24.714,99967.37
2025-02-20 06:00:00+00:00,24.714,24.747,24.347,24.568,124748.42
2025-02-20 07:00:00+00:00,24.568,24.657,24.335,24.559,80519.77
2025-02-20 08:00:00+00:00,24.559,24.742,24.362,24.693,106373.18
2025-02-20 09:00:00+00:00,24.693,24.876,24.605,24.82,157912.8
2025-02-20 10:00:00+00:00,24.82,25.088,24.724,25.036,128833.51
2025-02-20 11:00:00+00:00,25.036,25.199,24.85,24.959,173126.28
2025-02-20 12:00:00+00:00,24.959,25.126,24.554,24.73,179027.14
2025-02-20 13:00:00+00:00,24.73,24.967,24.542,24.708,203899.53
2025-02-20 14:00:00+00:00,24.708,24.986,24.521,24.612,420504.13
2025-02-20 15:00:00+00:00,24.612,24.719,24.003,24.055,297602.34
2025-02-20 16:00:00+00:00,24.055,24.51,23.983,24.29,247950.76
2025-02-20 17:00:00+00:00,24.29,24.67,24.247,24.66,113286.54
2025-02-20 18:00:00+00:00,24.66,24.924,24.572,24.625,130524.12
2025-02-20 19:00:00+00:00,24.625,24.687,24.401,24.567,113074.57
2025-02-20 20:00:00+00:00,24.567,24.901,24.365,24.665,349403.35
2025-02-20 21:00:00+00:00,24.665,24.685,24.097,24.192,193789.98
2025-02-20 22:00:00+00:00,24.192,24.392,24.181,24.239,76815.41
2025-02-20 23:00:00+00:00,24.239,24.494,24.196,24.484,128432.77
2025-02-21 00:00:00+00:00,24.484,24.682,24.479,24.647,125811.46
2025-02-21 01:00:00+00:00,24.647,24.787,24.53,24.604,116836.05
2025-02-21 02:00:00+00:00,24.604,24.743,24.501,24.56,66810.8
2025-02-21 03:00:00+00:00,24.56,24.799,24.55,24.774,68545.02
2025-02-21 04:00:00+00:00,24.774,24.98,24.762,24.972,117575.03
2025-02-21 05:00:00+00:00,24.972,25.165,24.834,25.03,134723.83
2025-02-21 06:00:00+00:00,25.03,25.31,25.005,25.197,132365.4
2025-02-21 07:00:00+00:00,25.197,25.316,24.834,24.859,191934.82
2025-02-21 08:00:00+00:00,24.859,25.05,24.82,24.985,101882.53
2025-02-21 09:00:00+00:00,24.985,25.4,24.985,25.203,180340.6
2025-02-21 10:00:00+00:00,25.203,25.322,25.057,25.291,83821.52
2025-02-21 11:00:00+00:00,25.291,25.291,24.972,25.009,85976.59
2025-02-21 12:00:00+00:00,25.009,25.235,24.973,25.188,62344.85
2025-02-21 13:00:00+00:00,25.188,25.474,25.083,25.447,183176.75
2025-02-21 14:00:00+00:00,25.447,25.474,25.069,25.153,217288.75
2025-02-21 15:00:00+00:00,25.153,25.28,23.636,25.276,1606249.94
2025-02-21 16:00:00+00:00,25.276,25.963,25.101,25.474,1375792.32
2025-02-21 17:00:00+00:00,25.474,25.594,24.75,24.935,425151.1
2025-02-21 18:00:00+00:00,24.935,25.266,24.667,24.685,402283.45
2025-02-21 19:00:00+00:00,24.685,24.763,23.845,24.239,397394.59
2025-02-21 20:00:00+00:00,24.239,24.76,24.135,24.647,278179.18
2025-02-21 21:00:00+00:00,24.647,24.921,24.449,24.756,176981.88
2025-02-21 22:00:00+00:00,24.756,25.209,24.682,24.856,145315.83
2025-02-21 23:00:00+00:00,24.856,25.117,24.683,25.066,90907.34
2025-02-22 00:00:00+00:00,25.066,25.074,24.7,25.021,108123.61
2025-02-22 01:00:00+00:00,25.021,25.204,24.903,24.918,51140.66
2025-02-22 02:00:00+00:00,24.918,25.107,24.879,24.93,84038.69
2025-02-22 03:00:00+00:00,24.93,25.039,24.84,24.863,50564.83
2025-02-22 04:00:00+00:00,24.863,24.909,24.808,24.851,46896.52
2025-02-22 05:00:00+00:00,24.851,24.937,24.769,24.899,62481.82
2025-02-22 06:00:00+00:00,24.899,24.948,24.723,24.765,54959.78
2025-02-22 07:00:00+00:00,24.765,24.773,24.45,24.471,56625.49
2025-02-22 08:00:00+00:00,24.471,24.519,24.27,24.325,106904.54
2025-02-22 09:00:00+00:00,24.325,24.522,24.228,24.377,74047.03
2025-02-22 10:00:00+00:00,24.377,24.591,24.368,24.531,76615.71
2025-02-22 11:00:00+00:00,24.531,24.625,24.484,24.577,46773.75
2025-02-22 12:00:00+00:00,24.577,24.698,24.498,24.674,68553.06
2025-02-22 13:00:00+00:00,24.674,24.771,24.637,24.672,46667.61
2025-02-22 14:00:00+00:00,24.672,24.754,24.542,24.611,77635.35
2025-02-22 15:00:00+00:00,24.611,24.736,24.583,24.68,43785.28
2025-02-22 16:00:00+00:00,24.68,24.782,24.616,24.616,56620.45
2025-02-22 17:00:00+00:00,24.616,24.649,24.427,24.494,60999.63
2025-02-22 18:00:00+00:00,24.494,24.661,24.494,24.536,42419.2
2025-02-22 19:00:00+00:00,24.536,24.85,24.485,24.849,135469.63
2025-02-22 20:00:00+00:00,24.849,25.044,24.794,24.938,124611.94
2025-02-22 21:00:00+00:00,24.938,25.075,24.811,24.893,48583.47
2025-02-22 22:00:00+00:00,24.893,24.917,24.806,24.816,12757.62
2025-02-22 23:00:00+00:00,24.816,24.895,24.796,24.814,31769.75
2025-02-23 00:00:00+00:00,24.814,24.853,24.492,24.54,93974.28
2025-02-23 01:00:00+00:00,24.54,24.575,24.301,24.38,85199.63
2025-02-23 02:00:00+00:00,24.38,24.421,24.321,24.342,52492.38
2025-02-23 03:00:00+00:00,24.342,24.461,24.285,24.365,55574.3
2025-02-23 04:00:00+00:00,24.365,24.37,24.173,24.224,34688.81
2025-02-23 05:00:00+00:00,24.224,24.257,24.155,24.171,23272.01
2025-02-23 06:00:00+00:00,24.171,24.419,24.163,24.399,35568.58
2025-02-23 07:00:00+00:00,24.399,24.52,24.308,24.442,70400.7
2025-02-23 08:00:00+00:00,24.442,24.465,24.255,24.272,37808.53
2025-02-23 09:00:00+00:00,24.272,24.325,24.204,24.232,33208.2
2025-02-23 10:00:00+00:00,24.232,24.255,23.876,23.894,97515.09
2025-02-23 11:00:00+00:00,23.894,24.037,23.707,23.795,83134.1
2025-02-23 12:00:00+00:00,23.795,23.925,23.501,23.563,126383.72
2025-02-23 13:00:00+00:00,23.563,23.843,23.521,23.81,100274.31
2025-02-23 14:00:00+00:00,23.81,23.942,23.523,23.554,96494.32
2025-02-23 15:00:00+00:00,23.554,23.67,23.5,23.589,74832.04
2025-02-23 16:00:00+00:00,23.589,23.829,23.589,23.715,44512.63
2025-02-23 17:00:00+00:00,23.715,24.02,23.715,23.908,43639.63
2025-02-23 18:00:00+00:00,23.908,24.0,23.762,23.776,52081.07
2025-02-23 19:00:00+00:00,23.776,23.786,23.407,23.634,118602.18
2025-02-23 20:00:00+00:00,23.634,23.667,23.409,23.42,60297.25
2025-02-23 21:00:00+00:00,23.42,23.536,23.338,23.516,56552.21
2025-02-23 22:00:00+00:00,23.516,23.528,23.174,23.217,101639.61
2025-02-23 23:00:00+00:00,23.217,23.34,22.84,23.207,285358.95
2025-02-24 00:00:00+00:00,23.207,23.505,23.062,23.193,153095.51
2025-02-24 01:00:00+00:00,23.193,23.198,22.57,22.692,258438.12
2025-02-24 02:00:00+00:00,22.692,22.881,22.554,22.709,167097.92
2025-02-24 03:00:00+00:00,22.709,22.709,22.277,22.352,230040.02
2025-02-24 04:00:00+00:00,22.352,22.495,21.44,21.92,683307.43
2025-02-24 05:00:00+00:00,21.92,22.273,21.594,22.05,272296.88
2025-02-24 06:00:00+00:00,22.05,22.192,21.833,21.947,152905.94
2025-02-24 07:00:00+00:00,21.947,22.014,21.571,21.665,206744.29
2025-02-24 08:00:00+00:00,21.665,21.794,20.918,20.954,402376.88
2025-02-24 09:00:00+00:00,20.954,21.635,20.882,21.396,334561.08
2025-02-24 10:00:00+00:00,21.396,21.6,20.902,21.431,320240.36
2025-02-24 11:00:00+00:00,21.431,21.961,21.365,21.952,221332.72
2025-02-24 12:00:00+00:00,21.952,22.132,21.716,22.091,211964.69
2025-02-24 13:00:00+00:00,22.091,22.314,21.551,21.562,404022.49
2025-02-24 14:00:00+00:00,21.562,21.692,20.9,21.048,573134.18
2025-02-24 15:00:00+00:00,21.048,21.305,20.858,21.268,570188.41
2025-02-24 16:00:00+00:00,21.268,21.73,21.095,21.46,361008.79
2025-02-24 17:00:00+00:00,21.46,21.87,21.442,21.672,229678.07
2025-02-24 18:00:00+00:00,21.672,21.819,21.364,21.364,154957.29
2025-02-24 19:00:00+00:00,21.364,21.472,20.576,20.654,504934.57
2025-02-24 20:00:00+00:00,20.654,20.993,20.524,20.626,304289.53
2025-02-24 21:00:00+00:00,20.626,20.738,20.369,20.376,288508.73
2025-02-24 22:00:00+00:00,20.376,20.674,20.0,20.081,842853.19
2025-02-24 23:00:00+00:00,20.081,20.542,19.859,19.942,547794.0
2025-02-25 00:00:00+00:00,19.942,20.342,19.29,19.882,903823.22
2025-02-25 01:00:00+00:00,19.882,20.255,19.358,19.777,557047.1
2025-02-25 02:00:00+00:00,19.777,20.042,19.05,19.618,617958.21
2025-02-25 03:00:00+00:00,19.618,19.778,17.56,18.566,1725550.66
2025-02-25 04:00:00+00:00,18.566,19.207,17.968,18.67,1016522.08
2025-02-25 05:00:00+00:00,18.67,19.459,18.585,19.096,537636.23
2025-02-25 06:00:00+00:00,19.096,19.405,18.534,19.122,482985.33
2025-02-25 07:00:00+00:00,19.122,19.194,17.826,18.73,1301680.22
2025-02-25 08:00:00+00:00,18.73,19.27,18.442,18.943,668666.73
2025-02-25 09:00:00+00:00,18.943,19.231,17.92,17.948,495767.18
2025-02-25 10:00:00+00:00,17.948,18.175,17.072,17.776,1286528.59
2025-02-25 11:00:00+00:00,17.776,18.787,17.373,18.64,720526.23
2025-02-25 12:00:00+00:00,18.64,19.393,18.372,19.386,631686.23
2025-02-25 13:00:00+00:00,19.386,19.408,18.793,19.15,420570.29
2025-02-25 14:00:00+00:00,19.15,19.299,18.077,18.451,865287.38
2025-02-25 15:00:00+00:00,18.451,19.927,18.212,19.596,1157095.54
2025-02-25 16:00:00+00:00,19.596,19.986,19.291,19.709,712735.95
2025-02-25 17:00:00+00:00,19.709,19.967,19.501,19.688,438894.2
2025-02-25 18:00:00+00:00,19.688,19.7,18.824,18.902,400953.58
2025-02-25 19:00:00+00:00,18.902,19.896,18.83,19.819,421032.51
2025-02-25 20:00:00+00:00,19.819,20.553,19.721,20.414,576269.71
2025-02-25 21:00:00+00:00,20.414,20.746,20.193,20.701,294718.76
2025-02-25 22:00:00+00:00,20.701,20.781,19.961,20.163,352728.11
2025-02-25 23:00:00+00:00,20.163,20.855,20.143,20.204,285666.35
2025-02-26 00:00:00+00:00,20.204,20.526,20.076,20.096,192122.93
2025-02-26 01:00:00+00:00,20.096,21.096,20.045,21.052,278713.59
2025-02-26 02:00:00+00:00,21.052,21.136,20.621,21.11,211612.4
2025-02-26 03:00:00+00:00,21.11,21.45,20.587,20.763,432243.21
2025-02-26 04:00:00+00:00,20.763,21.194,20.566,20.621,345497.5
2025-02-26 05:00:00+00:00,20.621,20.879,20.425,20.478,159196.57
2025-02-26 06:00:00+00:00,20.478,21.055,20.42,21.053,188982.48
2025-02-26 07:00:00+00:00,21.053,21.121,20.408,20.558,225418.76
2025-02-26 08:00:00+00:00,20.558,20.681,19.379,19.928,670032.96
2025-02-26 09:00:00+00:00,19.928,20.547,19.624,20.497,231929.92
2025-02-26 10:00:00+00:00,20.497,20.569,20.2,20.494,184432.66
2025-02-26 11:00:00+00:00,20.494,20.639,20.014,20.075,225643.84
2025-02-26 12:00:00+00:00,20.075,20.239,19.579,19.742,347956.3
2025-02-26 13:00:00+00:00,19.742,20.034,19.553,19.604,328033.67
2025-02-26 14:00:00+00:00,19.604,20.525,19.178,20.385,812977.17
2025-02-26 15:00:00+00:00,20.385,20.663,20.184,20.204,496785.66
2025-02-26 16:00:00+00:00,20.204,20.431,19.655,19.972,424075.07
2025-02-26 17:00:00+00:00,19.972,20.19,19.261,19.49,438181.64
2025-02-26 18:00:00+00:00,19.49,19.617,18.859,19.07,700454.2
2025-02-26 19:00:00+00:00,19.07,19.379,18.534,18.767,647571.02
2025-02-26 20:00:00+00:00,18.767,19.954,18.438,19.916,792144.13
2025-02-26 21:00:00+00:00,19.916,19.991,19.13,19.713,605342.47
2025-02-26 22:00:00+00:00,19.713,20.18,19.669,19.688,402350.57
2025-02-26 23:00:00+00:00,19.688,19.966,19.321,19.599,229293.94
2025-02-27 00:00:00+00:00,19.599,20.221,19.599,20.102,328624.84
2025-02-27 01:00:00+00:00,20.102,20.543,19.86,20.309,292820.59
2025-02-27 02:00:00+00:00,20.309,20.902,19.834,19.856,402141.54
2025-02-27 03:00:00+00:00,19.856,20.321,19.829,20.238,239652.32
2025-02-27 04:00:00+00:00,20.238,20.318,19.859,20.21,222482.56
2025-02-27 05:00:00+00:00,20.21,20.838,20.147,20.681,194568.0
2025-02-27 06:00:00+00:00,20.681,20.973,20.64,20.793,171240.26
2025-02-27 07:00:00+00:00,20.793,20.922,20.621,20.754,104623.98
2025-02-27 08:00:00+00:00,20.754,20.814,20.389,20.618,170355.99
2025-02-27 09:00:00+00:00,20.618,20.985,20.604,20.951,229049.31
2025-02-27 10:00:00+00:00,20.951,21.116,20.81,21.114,125610.48
2025-02-27 11:00:00+00:00,21.114,21.255,20.646,20.76,198604.51
2025-02-27 12:00:00+00:00,20.76,20.787,20.4,20.519,184225.87
2025-02-27 13:00:00+00:00,20.519,20.664,20.274,20.39,190613.17
2025-02-27 14:00:00+00:00,20.39,20.623,20.089,20.112,276377.88
2025-02-27 15:00:00+00:00,20.112,20.524,19.984,20.435,269253.52
2025-02-27 16:00:00+00:00,20.435,20.712,20.022,20.061,218387.09
2025-02-27 17:00:00+00:00,20.061,20.318,19.875,20.311,202051.83
2025-02-27 18:00:00+00:00,20.311,20.538,20.236,20.409,135525.28
2025-02-27 19:00:00+00:00,20.409,20.436,20.001,20.224,169680.2
2025-02-27 20:00:00+00:00,20.224,20.341,19.676,20.192,468153.11
2025-02-27 21:00:00+00:00,20.192,20.749,20.038,20.716,326423.95
2025-02-27 22:00:00+00:00,20.716,20.754,20.458,20.744,139534.96
2025-02-27 23:00:00+00:00,20.744,20.967,20.652,20.934,175456.53
2025-02-28 00:00:00+00:00,20.934,20.968,20.408,20.595,213278.16
2025-02-28 01:00:00+00:00,20.595,20.63,19.215,19.37,801422.42
2025-02-28 02:00:00+00:00,19.37,19.789,18.945,19.494,1075022.97
2025-02-28 03:00:00+00:00,19.494,19.859,18.73,18.788,757057.83
2025-02-28 04:00:00+00:00,18.788,19.207,18.55,19.187,597692.67
2025-02-28 05:00:00+00:00,19.187,19.256,18.55,18.869,407497.6
2025-02-28 06:00:00+00:00,18.869,19.228,18.661,19.02,428988.6
2025-02-28 07:00:00+00:00,19.02,19.448,18.837,19.038,336918.36
2025-02-28 08:00:00+00:00,19.038,19.363,18.882,19.156,372639.49
2025-02-28 09:00:00+00:00,19.156,19.856,19.121,19.751,572329.87
2025-02-28 10:00:00+00:00,19.751,19.783,19.264,19.37,245539.72
2025-02-28 11:00:00+00:00,19.37,19.733,19.3,19.528,189921.87
2025-02-28 12:00:00+00:00,19.528,19.603,19.322,19.499,223772.13
2025-02-28 13:00:00+00:00,19.499,20.0,19.445,19.738,366958.83
2025-02-28 14:00:00+00:00,19.738,20.087,19.452,19.932,416957.94
2025-02-28 15:00:00+00:00,19.932,20.513,19.83,20.037,517264.44
2025-02-28 16:00:00+00:00,20.037,20.14,19.432,19.582,422022.36
2025-02-28 17:00:00+00:00,19.582,19.798,19.082,19.287,385071.77
2025-02-28 18:00:00+00:00,19.287,19.679,19.094,19.596,296831.36
2025-02-28 19:00:00+00:00,19.596,19.8,19.467,19.781,189213.01
2025-02-28 20:00:00+00:00,19.781,19.915,19.521,19.609,198392.88
2025-02-28 21:00:00+00:00,19.609,20.0,19.596,19.813,195280.48
2025-02-28 22:00:00+00:00,19.813,19.937,19.574,19.783,161589.03
2025-02-28 23:00:00+00:00,19.783,20.13,19.612,19.947,240217.51
2025-03-01 00:00:00+00:00,19.947,20.133,19.614,19.636,143904.99
2025-03-01 01:00:00+00:00,19.636,20.017,19.588,19.997,112183.0
2025-03-01 02:00:00+00:00,19.997,20.337,19.853,20.297,204142.34
2025-03-01 03:00:00+00:00,20.297,20.473,20.051,20.467,163010.97
2025-03-01 04:00:00+00:00,20.467,20.521,20.321,20.443,141404.48
2025-03-01 05:00:00+00:00,20.443,20.486,19.997,20.077,202761.33
2025-03-01 06:00:00+00:00,20.077,20.198,20.02,20.147,126694.6
2025-03-01 07:00:00+00:00,20.147,20.163,19.869,20.036,108542.91
2025-03-01 08:00:00+00:00,20.036,20.143,19.943,20.122,69956.28
2025-03-01 09:00:00+00:00,20.122,20.229,19.722,19.789,122663.54
2025-03-01 10:00:00+00:00,19.789,19.801,19.335,19.392,209070.13
2025-03-01 11:00:00+00:00,19.392,19.393,18.98,19.341,246282.67
2025-03-01 12:00:00+00:00,19.341,19.517,19.133,19.409,208662.13
2025-03-01 13:00:00+00:00,19.409,19.526,19.0,19.166,240363.62
2025-03-01 14:00:00+00:00,19.166,19.281,19.093,19.255,105116.65
2025-03-01 15:00:00+00:00,19.255,19.346,19.112,19.321,219126.55
2025-03-01 16:00:00+00:00,19.321,19.418,19.081,19.231,200052.69
2025-03-01 17:00:00+00:00,19.231,19.25,18.929,18.969,182783.11
2025-03-01 18:00:00+00:00,18.969,19.193,18.83,19.179,160534.55
2025-03-01 19:00:00+00:00,19.179,19.379,19.15,19.285,101310.68
2025-03-01 20:00:00+00:00,19.285,19.311,19.21,19.31,49399.79
2025-03-01 21:00:00+00:00,19.31,19.673,19.244,19.634,142095.4
2025-03-01 22:00:00+00:00,19.634,19.641,19.368,19.538,134141.45
2025-03-01 23:00:00+00:00,19.538,19.633,19.272,19.602,88754.32
2025-03-02 00:00:00+00:00,19.602,19.84,19.496,19.602,131680.89
2025-03-02 01:00:00+00:00,19.602,19.939,19.6,19.934,152987.78
2025-03-02 02:00:00+00:00,19.934,19.97,19.717,19.77,112360.41
2025-03-02 03:00:00+00:00,19.77,19.893,19.678,19.788,59178.8
2025-03-02 04:00:00+00:00,19.788,19.938,19.691,19.887,71729.99
2025-03-02 05:00:00+00:00,19.887,19.972,19.803,19.833,63168.23
2025-03-02 06:00:00+00:00,19.833,19.954,19.66,19.889,153931.32
2025-03-02 07:00:00+00:00,19.889,19.926,19.354,19.517,173945.8
2025-03-02 08:00:00+00:00,19.517,19.607,19.382,19.404,118086.48
2025-03-02 09:00:00+00:00,19.404,19.817,19.308,19.687,130858.58
2025-03-02 10:00:00+00:00,19.687,19.766,19.452,19.519,121319.31
2025-03-02 11:00:00+00:00,19.519,19.519,19.228,19.232,100411.2
2025-03-02 12:00:00+00:00,19.232,19.343,19.108,19.26,118703.71
2025-03-02 13:00:00+00:00,19.26,19.26,18.451,18.688,419129.4
2025-03-02 14:00:00+00:00,18.688,18.888,18.212,18.664,626457.06
2025-03-02 15:00:00+00:00,18.664,19.427,18.494,18.974,829773.66
2025-03-02 16:00:00+00:00,18.974,20.843,18.818,20.319,1185855.14
2025-03-02 17:00:00+00:00,20.319,21.023,19.819,20.726,1084931.07
2025-03-02 18:00:00+00:00,20.726,20.857,19.952,20.198,650997.63
2025-03-02 19:00:00+00:00,20.198,20.282,19.854,20.278,231368.43
2025-03-02 20:00:00+00:00,20.278,20.448,19.861,19.984,205619.41
2025-03-02 21:00:00+00:00,19.984,20.141,19.544,19.692,384882.44
2025-03-02 22:00:00+00:00,19.692,20.905,19.563,20.871,458854.95
2025-03-02 23:00:00+00:00,20.871,20.999,20.37,20.534,534789.6
2025-03-03 00:00:00+00:00,20.534,21.128,20.392,20.616,498694.29
2025-03-03 01:00:00+00:00,20.616,20.85,20.404,20.509,310986.34
2025-03-03 02:00:00+00:00,20.509,20.672,20.075,20.331,293350.43
2025-03-03 03:00:00+00:00,20.331,20.339,19.713,20.104,279083.51
2025-03-03 04:00:00+00:00,20.104,20.598,20.044,20.446,199865.15
2025-03-03 05:00:00+00:00,20.446,20.461,19.975,20.16,172251.86
2025-03-03 06:00:00+00:00,20.16,20.176,19.501,19.6,278422.66
2025-03-03 07:00:00+00:00,19.6,19.902,19.206,19.478,460443.39
2025-03-03 08:00:00+00:00,19.478,19.583,19.006,19.211,292190.7
2025-03-03 09:00:00+00:00,19.211,19.408,19.046,19.214,354420.42
2025-03-03 10:00:00+00:00,19.214,19.361,19.023,19.259,168336.81
2025-03-03 11:00:00+00:00,19.259,19.542,19.198,19.39,194494.41
2025-03-03 12:00:00+00:00,19.39,19.77,19.338,19.671,258018.44
2025-03-03 13:00:00+00:00,19.671,19.982,19.622,19.796,255588.87
2025-03-03 14:00:00+00:00,19.796,19.977,18.903,18.929,668779.44
2025-03-03 15:00:00+00:00,18.929,19.403,18.907,19.178,362498.59
2025-03-03 16:00:00+00:00,19.178,19.314,18.85,18.931,251781.72
2025-03-03 17:00:00+00:00,18.931,19.09,18.725,18.731,224038.19
2025-03-03 18:00:00+00:00,18.731,18.764,17.816,18.067,1424791.75
2025-03-03 19:00:00+00:00,18.067,18.421,17.463,17.818,1033860.8
2025-03-03 20:00:00+00:00,17.818,18.067,17.553,17.853,582373.77
2025-03-03 21:00:00+00:00,17.853,18.179,17.459,17.532,478929.08
2025-03-03 22:00:00+00:00,17.532,17.871,17.516,17.765,210914.04
2025-03-03 23:00:00+00:00,17.765,18.023,17.54,17.931,399127.31
2025-03-04 00:00:00+00:00,17.931,18.128,17.45,17.554,379641.31
2025-03-04 01:00:00+00:00,17.554,17.687,16.0,16.463,1593140.27
2025-03-04 02:00:00+00:00,16.463,16.869,16.023,16.605,1270524.85
2025-03-04 03:00:00+00:00,16.605,16.812,16.292,16.554,555776.05
2025-03-04 04:00:00+00:00,16.554,16.575,15.843,15.993,593658.63
2025-03-04 05:00:00+00:00,15.993,16.586,15.993,16.523,526741.92
2025-03-04 06:00:00+00:00,16.523,16.768,16.316,16.509,372515.95
2025-03-04 07:00:00+00:00,16.509,16.628,16.002,16.1,299138.43
2025-03-04 08:00:00+00:00,16.1,16.337,15.941,16.005,322333.76
2025-03-04 09:00:00+00:00,16.005,16.146,15.415,15.439,462911.58
2025-03-04 10:00:00+00:00,15.439,16.593,15.386,16.555,840301.01
2025-03-04 11:00:00+00:00,16.555,16.701,16.227,16.279,409588.29
2025-03-04 12:00:00+00:00,16.279,16.427,15.96,16.245,367247.01
2025-03-04 13:00:00+00:00,16.245,16.252,15.6,15.948,574250.37
2025-03-04 14:00:00+00:00,15.948,16.736,15.899,16.196,921490.24
2025-03-04 15:00:00+00:00,16.196,16.38,15.69,16.369,773100.5
2025-03-04 16:00:00+00:00,16.369,16.471,15.75,16.041,622568.94
2025-03-04 17:00:00+00:00,16.041,16.984,15.974,16.782,596882.25
2025-03-04 18:00:00+00:00,16.782,17.67,16.66,17.503,623124.05
2025-03-04 19:00:00+00:00,17.503,17.59,17.217,17.492,436228.01
2025-03-04 20:00:00+00:00,17.492,17.499,16.774,16.909,402156.26
2025-03-04 21:00:00+00:00,16.909,17.743,16.771,17.586,553267.28
2025-03-04 22:00:00+00:00,17.586,17.764,17.284,17.319,326617.85
2025-03-04 23:00:00+00:00,17.319,17.6,17.111,17.13,282626.24
2025-03-05 00:00:00+00:00,17.13,17.387,16.968,17.366,273942.85
2025-03-05 01:00:00+00:00,17.366,17.947,17.122,17.787,439932.09
2025-03-05 02:00:00+00:00,17.787,17.853,17.594,17.698,218164.12
2025-03-05 03:00:00+00:00,17.698,17.765,17.2,17.214,216460.69
2025-03-05 04:00:00+00:00,17.214,17.297,16.951,17.15,249319.01
2025-03-05 05:00:00+00:00,17.15,17.261,16.762,16.813,227029.85
2025-03-05 06:00:00+00:00,16.813,17.02,16.651,17.001,343769.44
2025-03-05 07:00:00+00:00,17.001,17.188,16.64,17.155,290622.64
2025-03-05 08:00:00+00:00,17.155,17.459,17.048,17.165,278612.06
2025-03-05 09:00:00+00:00,17.165,17.727,17.144,17.564,276116.67
2025-03-05 10:00:00+00:00,17.564,17.958,17.459,17.546,356759.05
2025-03-05 11:00:00+00:00,17.546,17.659,17.226,17.38,327799.67
2025-03-05 12:00:00+00:00,17.38,17.757,17.38,17.545,173467.09
2025-03-05 13:00:00+00:00,17.545,17.578,17.214,17.253,206057.71
2025-03-05 14:00:00+00:00,17.253,17.352,16.817,17.001,376399.23
2025-03-05 15:00:00+00:00,17.001,17.258,16.832,16.867,308742.0
2025-03-05 16:00:00+00:00,16.867,16.926,16.374,16.736,603305.64
2025-03-05 17:00:00+00:00,16.736,17.031,16.609,16.849,296061.09
2025-03-05 18:00:00+00:00,16.849,17.114,16.715,17.076,221759.77
2025-03-05 19:00:00+00:00,17.076,17.3,16.986,17.266,164716.06
2025-03-05 20:00:00+00:00,17.266,17.481,17.207,17.28,214818.26
2025-03-05 21:00:00+00:00,17.28,17.364,17.094,17.234,162780.54
2025-03-05 22:00:00+00:00,17.234,17.286,16.952,17.171,199996.3
2025-03-05 23:00:00+00:00,17.171,17.311,17.04,17.212,140243.28
2025-03-06 00:00:00+00:00,17.212,17.262,16.8,16.842,234423.02
2025-03-06 01:00:00+00:00,16.842,17.291,16.722,16.966,387852.03
2025-03-06 02:00:00+00:00,16.966,17.382,16.933,17.257,189181.6
2025-03-06 03:00:00+00:00,17.257,17.442,17.084,17.201,138019.64
2025-03-06 04:00:00+00:00,17.201,17.504,17.18,17.465,166687.73
2025-03-06 05:00:00+00:00,17.465,17.62,17.105,17.31,277035.59
2025-03-06 06:00:00+00:00,17.31,17.353,16.815,16.895,446471.88
2025-03-06 07:00:00+00:00,16.895,16.964,16.761,16.778,135287.6
2025-03-06 08:00:00+00:00,16.778,17.262,16.749,17.107,213557.64
2025-03-06 09:00:00+00:00,17.107,17.137,16.905,16.934,192277.11
2025-03-06 10:00:00+00:00,16.934,17.32,16.875,17.21,163253.29
2025-03-06 11:00:00+00:00,17.21,17.373,17.062,17.062,180700.31
2025-03-06 12:00:00+00:00,17.062,17.102,16.603,16.765,432465.12
2025-03-06 13:00:00+00:00,16.765,16.799,16.173,16.296,395794.72
2025-03-06 14:00:00+00:00,16.296,16.353,15.882,16.141,554049.89
2025-03-06 15:00:00+00:00,16.141,16.447,16.101,16.153,318064.43
2025-03-06 16:00:00+00:00,16.153,16.25,15.881,15.946,297644.57
2025-03-06 17:00:00+00:00,15.946,16.022,15.645,15.903,364832.33
2025-03-06 18:00:00+00:00,15.903,15.919,15.325,15.346,343019.46
2025-03-06 19:00:00+00:00,15.346,15.659,15.03,15.356,843181.59
2025-03-06 20:00:00+00:00,15.356,15.687,15.129,15.386,393603.77
2025-03-06 21:00:00+00:00,15.386,15.591,15.131,15.295,333190.36
2025-03-06 22:00:00+00:00,15.295,15.596,15.254,15.422,395026.12
2025-03-06 23:00:00+00:00,15.422,15.701,15.312,15.407,394878.69
2025-03-07 00:00:00+00:00,15.407,15.63,14.644,14.912,1072366.22
2025-03-07 01:00:00+00:00,14.912,16.367,14.855,15.898,1287467.77
2025-03-07 02:00:00+00:00,15.898,16.475,15.772,15.967,609095.21
2025-03-07 03:00:00+00:00,15.967,16.115,15.526,15.75,355466.32
2025-03-07 04:00:00+00:00,15.75,15.816,15.537,15.714,257677.23
2025-03-07 05:00:00+00:00,15.714,16.158,15.699,16.058,274031.5
2025-03-07 06:00:00+00:00,16.058,16.19,15.87,16.124,203753.83
2025-03-07 07:00:00+00:00,16.124,16.335,16.087,16.335,221789.91
2025-03-07 08:00:00+00:00,16.335,16.347,15.829,15.973,259588.09
2025-03-07 09:00:00+00:00,15.973,16.218,15.956,16.056,177446.16
2025-03-07 10:00:00+00:00,16.056,16.065,15.736,15.86,200991.4
2025-03-07 11:00:00+00:00,15.86,15.897,15.673,15.869,132970.57
2025-03-07 12:00:00+00:00,15.869,16.075,15.663,15.674,348784.74
2025-03-07 13:00:00+00:00,15.674,16.098,15.625,15.82,451333.69
2025-03-07 14:00:00+00:00,15.82,16.254,15.299,16.021,868307.66
2025-03-07 15:00:00+00:00,16.021,16.303,15.455,15.557,634318.51
2025-03-07 16:00:00+00:00,15.557,15.696,15.202,15.35,409226.03
2025-03-07 17:00:00+00:00,15.35,15.748,15.153,15.546,393736.49
2025-03-07 18:00:00+00:00,15.546,16.013,15.497,15.925,281440.18
2025-03-07 19:00:00+00:00,15.925,15.984,15.699,15.794,270143.77
2025-03-07 20:00:00+00:00,15.794,16.021,15.437,15.638,305066.73
2025-03-07 21:00:00+00:00,15.638,15.876,15.2,15.644,555466.11
2025-03-07 22:00:00+00:00,15.644,15.774,15.396,15.399,285151.47
2025-03-07 23:00:00+00:00,15.399,15.458,15.024,15.142,285895.62
2025-03-08 00:00:00+00:00,15.142,15.888,15.061,15.851,338348.16
2025-03-08 01:00:00+00:00,15.851,15.913,15.29,15.416,277082.16
2025-03-08 02:00:00+00:00,15.416,15.616,15.373,15.492,110655.15
2025-03-08 03:00:00+00:00,15.492,15.502,15.32,15.437,66188.86
2025-03-08 04:00:00+00:00,15.437,15.749,15.338,15.67,115947.23
2025-03-08 05:00:00+00:00,15.67,15.673,15.482,15.578,120077.48
2025-03-08 06:00:00+00:00,15.578,15.883,15.456,15.862,160415.47
2025-03-08 07:00:00+00:00,15.862,16.027,15.763,15.974,127981.23
2025-03-08 08:00:00+00:00,15.974,16.021,15.787,15.879,110432.25
2025-03-08 09:00:00+00:00,15.879,15.944,15.637,15.728,90429.37
2025-03-08 10:00:00+00:00,15.728,16.02,15.69,15.989,179210.56
2025-03-08 11:00:00+00:00,15.989,16.002,15.549,15.595,208611.94
2025-03-08 12:00:00+00:00,15.595,15.765,15.349,15.734,274095.26
2025-03-08 13:00:00+00:00,15.734,15.969,15.692,15.937,145910.17
2025-03-08 14:00:00+00:00,15.937,16.053,15.782,15.852,168833.24
2025-03-08 15:00:00+00:00,15.852,16.088,15.701,15.966,252230.32
2025-03-08 16:00:00+00:00,15.966,15.996,15.636,15.861,257504.93
2025-03-08 17:00:00+00:00,15.861,15.87,15.636,15.671,136379.99
2025-03-08 18:00:00+00:00,15.671,15.702,15.477,15.503,110664.93
2025-03-08 19:00:00+00:00,15.503,15.8,15.477,15.798,142508.39
2025-03-08 20:00:00+00:00,15.798,15.8,15.634,15.647,85413.3
2025-03-08 21:00:00+00:00,15.647,15.813,15.461,15.475,153256.64
2025-03-08 22:00:00+00:00,15.475,15.475,15.148,15.224,294047.23
2025-03-08 23:00:00+00:00,15.224,15.358,15.043,15.137,259461.31
2025-03-09 00:00:00+00:00,15.137,15.417,15.074,15.411,149956.82
2025-03-09 01:00:00+00:00,15.411,15.511,15.31,15.366,111570.58
2025-03-09 02:00:00+00:00,15.366,15.477,15.29,15.331,90156.91
2025-03-09 03:00:00+00:00,15.331,15.524,15.293,15.515,95700.78
2025-03-09 04:00:00+00:00,15.515,15.603,15.412,15.56,79926.21
2025-03-09 05:00:00+00:00,15.56,15.58,15.341,15.361,81904.59
2025-03-09 06:00:00+00:00,15.361,15.439,15.197,15.364,162894.53
2025-03-09 07:00:00+00:00,15.364,15.436,15.256,15.288,77245.12
2025-03-09 08:00:00+00:00,15.288,15.3,15.132,15.132,80169.93
2025-03-09 09:00:00+00:00,15.132,15.264,15.086,15.212,110426.68
2025-03-09 10:00:00+00:00,15.212,15.318,14.984,14.998,228046.98
2025-03-09 11:00:00+00:00,14.998,15.035,14.836,14.955,196833.32
2025-03-09 12:00:00+00:00,14.955,14.972,14.701,14.776,266719.89
2025-03-09 13:00:00+00:00,14.776,14.857,14.507,14.507,312291.38
2025-03-09 14:00:00+00:00,14.507,15.177,14.502,15.055,693800.3
2025-03-09 15:00:00+00:00,15.055,15.258,14.863,14.888,384838.0
2025-03-09 16:00:00+00:00,14.888,15.146,14.552,14.645,455034.55
2025-03-09 17:00:00+00:00,14.645,14.803,14.503,14.515,301505.63
2025-03-09 18:00:00+00:00,14.515,14.835,14.419,14.682,548565.34
2025-03-09 19:00:00+00:00,14.682,15.084,14.62,15.072,255442.89
2025-03-09 20:00:00+00:00,15.072,15.234,14.952,15.084,197366.61
2025-03-09 21:00:00+00:00,15.084,15.085,14.557,14.577,239155.88
2025-03-09 22:00:00+00:00,14.577,14.744,14.211,14.31,540029.65
2025-03-09 23:00:00+00:00,14.31,14.558,14.235,14.452,284610.19
2025-03-10 00:00:00+00:00,14.452,14.7,14.15,14.674,407217.52
2025-03-10 01:00:00+00:00,14.674,15.018,14.613,14.91,334514.29
2025-03-10 02:00:00+00:00,14.91,15.112,14.772,14.832,282137.66
2025-03-10 03:00:00+00:00,14.832,14.983,14.749,14.975,113625.4
2025-03-10 04:00:00+00:00,14.975,15.118,14.925,15.025,258158.71
2025-03-10 05:00:00+00:00,15.025,15.079,14.595,14.693,199993.03
2025-03-10 06:00:00+00:00,14.693,14.718,14.403,14.582,198401.51
2025-03-10 07:00:00+00:00,14.582,14.726,14.557,14.706,172363.86
2025-03-10 08:00:00+00:00,14.706,14.72,14.258,14.405,318319.65
2025-03-10 09:00:00+00:00,14.405,14.958,14.404,14.794,427369.68
2025-03-10 10:00:00+00:00,14.794,14.851,14.478,14.779,235127.17
2025-03-10 11:00:00+00:00,14.779,15.196,14.649,15.174,301789.99
2025-03-10 12:00:00+00:00,15.174,15.399,14.887,15.066,393669.3
2025-03-10 13:00:00+00:00,15.066,15.176,14.772,14.818,311505.16
2025-03-10 14:00:00+00:00,14.818,14.828,14.215,14.341,863572.33
2025-03-10 15:00:00+00:00,14.341,14.626,14.056,14.3,1048309.39
2025-03-10 16:00:00+00:00,14.3,14.338,14.049,14.079,349711.11
2025-03-10 17:00:00+00:00,14.079,14.099,13.533,13.619,788182.16
2025-03-10 18:00:00+00:00,13.619,13.85,13.253,13.27,636896.36
2025-03-10 19:00:00+00:00,13.27,14.067,13.25,14.053,634875.28
2025-03-10 20:00:00+00:00,14.053,14.291,13.822,13.982,481074.61
2025-03-10 21:00:00+00:00,13.982,14.23,13.87,13.98,236528.28
2025-03-10 22:00:00+00:00,13.98,14.057,13.641,13.809,235698.43
2025-03-10 23:00:00+00:00,13.809,13.892,13.463,13.486,296451.41
2025-03-11 00:00:00+00:00,13.486,13.781,12.963,13.285,649344.04
2025-03-11 01:00:00+00:00,13.285,13.767,13.181,13.75,659970.98
2025-03-11 02:00:00+00:00,13.75,14.063,13.731,13.91,489956.12
2025-03-11 03:00:00+00:00,13.91,14.088,13.844,13.933,187960.12
2025-03-11 04:00:00+00:00,13.933,14.131,13.864,13.935,150411.4
2025-03-11 05:00:00+00:00,13.935,14.25,13.931,14.237,214438.84
2025-03-11 06:00:00+00:00,14.237,14.359,14.065,14.17,181479.72
2025-03-11 07:00:00+00:00,14.17,14.404,14.16,14.289,141385.82
2025-03-11 08:00:00+00:00,14.289,14.6,14.247,14.499,219717.05
2025-03-11 09:00:00+00:00,14.499,14.662,14.353,14.404,282654.51
2025-03-11 10:00:00+00:00,14.404,14.59,14.18,14.46,287852.44
2025-03-11 11:00:00+00:00,14.46,14.509,14.239,14.374,245076.55
2025-03-11 12:00:00+00:00,14.374,14.446,14.097,14.157,206840.47
2025-03-11 13:00:00+00:00,14.157,14.337,13.908,13.985,451012.83
2025-03-11 14:00:00+00:00,13.985,14.167,13.469,13.666,764928.98
2025-03-11 15:00:00+00:00,13.666,14.383,13.631,14.338,485431.95
2025-03-11 16:00:00+00:00,14.338,14.518,14.203,14.335,340070.02
2025-03-11 17:00:00+00:00,14.335,14.344,13.755,13.971,463407.07
2025-03-11 18:00:00+00:00,13.971,14.73,13.964,14.722,423613.59
2025-03-11 19:00:00+00:00,14.722,14.764,14.227,14.344,397247.34
2025-03-11 20:00:00+00:00,14.344,14.396,14.001,14.057,338813.24
2025-03-11 21:00:00+00:00,14.057,14.222,13.832,13.874,220185.3
2025-03-11 22:00:00+00:00,13.874,13.917,13.665,13.902,231082.13
2025-03-11 23:00:00+00:00,13.902,13.974,13.7,13.791,152506.02
2025-03-12 00:00:00+00:00,13.791,13.95,13.719,13.889,187457.26
2025-03-12 01:00:00+00:00,13.889,14.148,13.862,14.03,203251.33
2025-03-12 02:00:00+00:00,14.03,14.193,13.967,14.005,223194.58
2025-03-12 03:00:00+00:00,14.005,14.05,13.569,13.605,186676.14
2025-03-12 04:00:00+00:00,13.605,13.66,13.462,13.6,208103.55
2025-03-12 05:00:00+00:00,13.6,13.681,13.432,13.617,167291.06
2025-03-12 06:00:00+00:00,13.617,13.666,13.439,13.444,177714.92
2025-03-12 07:00:00+00:00,13.444,13.857,13.441,13.847,256417.0
2025-03-12 08:00:00+00:00,13.847,14.082,13.732,14.023,205443.15
2025-03-12 09:00:00+00:00,14.023,14.092,12.415,13.11,4031610.27
2025-03-12 10:00:00+00:00,13.11,13.628,12.811,13.588,1685621.22
2025-03-12 11:00:00+00:00,13.588,14.041,13.497,13.839,886798.7
2025-03-12 12:00:00+00:00,13.839,14.286,13.728,13.91,784893.75
2025-03-12 13:00:00+00:00,13.91,14.048,13.327,13.423,576671.28
2025-03-12 14:00:00+00:00,13.423,13.441,12.96,13.099,639078.67
2025-03-12 15:00:00+00:00,13.099,13.112,12.566,12.984,936084.75
2025-03-12 16:00:00+00:00,12.984,13.452,12.911,13.258,695440.7
2025-03-12 17:00:00+00:00,13.258,13.449,13.072,13.081,331920.82
2025-03-12 18:00:00+00:00,13.081,13.308,12.95,13.125,250609.22
2025-03-12 19:00:00+00:00,13.125,13.205,12.766,12.904,515072.11
2025-03-12 20:00:00+00:00,12.904,13.043,12.76,13.004,265209.09
2025-03-12 21:00:00+00:00,13.004,13.107,12.786,12.86,270858.59
2025-03-12 22:00:00+00:00,12.86,13.241,12.822,13.215,186459.99
2025-03-12 23:00:00+00:00,13.215,13.372,13.07,13.175,255628.55
2025-03-13 00:00:00+00:00,13.175,13.406,13.117,13.118,208373.15
2025-03-13 01:00:00+00:00,13.118,13.292,12.916,13.172,264399.18
2025-03-13 02:00:00+00:00,13.172,13.683,13.008,13.351,414524.68
2025-03-13 03:00:00+00:00,13.351,13.496,13.258,13.264,115489.59
2025-03-13 04:00:00+00:00,13.264,13.327,12.604,12.668,593010.47
2025-03-13 05:00:00+00:00,12.668,13.39,12.612,12.827,1475886.05
2025-03-13 06:00:00+00:00,12.827,12.917,12.607,12.893,433335.99
2025-03-13 07:00:00+00:00,12.893,12.923,12.346,12.53,843889.07
2025-03-13 08:00:00+00:00,12.53,12.752,12.185,12.498,725312.76
2025-03-13 09:00:00+00:00,12.498,12.858,12.357,12.805,590314.3
2025-03-13 10:00:00+00:00,12.805,12.811,12.396,12.57,718199.87
2025-03-13 11:00:00+00:00,12.57,12.63,12.301,12.523,382577.3
2025-03-13 12:00:00+00:00,12.523,12.567,12.183,12.316,696655.06
2025-03-13 13:00:00+00:00,12.316,12.566,12.132,12.212,616042.88
2025-03-13 14:00:00+00:00,12.212,12.652,12.13,12.629,901023.9
2025-03-13 15:00:00+00:00,12.629,12.64,12.268,12.348,538408.78
2025-03-13 16:00:00+00:00,12.348,12.528,12.22,12.484,393927.01
2025-03-13 17:00:00+00:00,12.484,12.576,12.274,12.495,414165.51
2025-03-13 18:00:00+00:00,12.495,12.999,12.44,12.902,625604.66
2025-03-13 19:00:00+00:00,12.902,12.986,12.157,12.301,816062.59
2025-03-13 20:00:00+00:00,12.301,12.475,12.208,12.345,362879.57
2025-03-13 21:00:00+00:00,12.345,12.519,12.077,12.5,363088.05
2025-03-13 22:00:00+00:00,12.5,12.657,12.283,12.634,377604.18
2025-03-13 23:00:00+00:00,12.634,12.676,12.315,12.345,349003.73
2025-03-14 00:00:00+00:00,12.345,12.551,12.302,12.478,202930.45
2025-03-14 01:00:00+00:00,12.478,12.813,12.337,12.712,366376.44
2025-03-14 02:00:00+00:00,12.712,12.889,12.681,12.887,165257.32
2025-03-14 03:00:00+00:00,12.887,12.91,12.67,12.789,225698.59
2025-03-14 04:00:00+00:00,12.789,13.148,12.774,13.142,239655.7
2025-03-14 05:00:00+00:00,13.142,13.293,12.984,13.187,364193.89
2025-03-14 06:00:00+00:00,13.187,13.224,13.004,13.077,201280.61
2025-03-14 07:00:00+00:00,13.077,13.7,13.011,13.686,467761.01
2025-03-14 08:00:00+00:00,13.686,14.063,13.378,13.604,891672.47
2025-03-14 09:00:00+00:00,13.604,13.884,13.586,13.785,451503.9
2025-03-14 10:00:00+00:00,13.785,13.842,13.574,13.811,287015.95
2025-03-14 11:00:00+00:00,13.811,14.087,13.807,14.064,336193.65
2025-03-14 12:00:00+00:00,14.064,14.064,13.633,13.811,458117.83
2025-03-14 13:00:00+00:00,13.811,13.997,13.62,13.785,430673.42
2025-03-14 14:00:00+00:00,13.785,13.998,13.64,13.964,365780.27
2025-03-14 15:00:00+00:00,13.964,14.381,13.913,14.286,849075.57
2025-03-14 16:00:00+00:00,14.286,14.525,14.171,14.348,461625.94
2025-03-14 17:00:00+00:00,14.348,14.51,14.092,14.229,380508.0
2025-03-14 18:00:00+00:00,14.229,14.49,14.186,14.455,189468.75
2025-03-14 19:00:00+00:00,14.455,14.525,14.34,14.464,184975.66
2025-03-14 20:00:00+00:00,14.464,14.464,14.025,14.166,302404.35
2025-03-14 21:00:00+00:00,14.166,14.183,13.794,13.807,369193.63
2025-03-14 22:00:00+00:00,13.807,13.998,13.794,13.924,168933.65
2025-03-14 23:00:00+00:00,13.924,13.935,13.752,13.807,120099.38
2025-03-15 00:00:00+00:00,13.807,13.96,13.783,13.955,153781.13
2025-03-15 01:00:00+00:00,13.955,13.96,13.827,13.85,115574.34
2025-03-15 02:00:00+00:00,13.85,14.161,13.8,14.139,213126.25
2025-03-15 03:00:00+00:00,14.139,14.311,14.135,14.303,114368.78
2025-03-15 04:00:00+00:00,14.303,14.534,14.069,14.51,189068.12
2025-03-15 05:00:00+00:00,14.51,14.612,14.392,14.515,157715.9
2025-03-15 06:00:00+00:00,14.515,14.762,14.489,14.7,254743.53
2025-03-15 07:00:00+00:00,14.7,14.715,14.318,14.394,197857.82
2025-03-15 08:00:00+00:00,14.394,14.496,14.21,14.492,195224.27
2025-03-15 09:00:00+00:00,14.492,14.539,14.388,14.421,98695.17
2025-03-15 10:00:00+00:00,14.421,14.571,14.313,14.314,209998.56
2025-03-15 11:00:00+00:00,14.314,14.325,14.215,14.266,133364.56
2025-03-15 12:00:00+00:00,14.266,14.437,14.251,14.383,194292.15
2025-03-15 13:00:00+00:00,14.383,14.795,14.383,14.691,319994.74
2025-03-15 14:00:00+00:00,14.691,14.697,14.455,14.608,120891.77
2025-03-15 15:00:00+00:00,14.608,14.693,14.493,14.544,104915.13
2025-03-15 16:00:00+00:00,14.544,14.734,14.528,14.562,131413.91
2025-03-15 17:00:00+00:00,14.562,14.743,14.532,14.729,164997.07
2025-03-15 18:00:00+00:00,14.729,14.826,14.224,14.241,402819.33
2025-03-15 19:00:00+00:00,14.241,14.446,14.233,14.444,271963.85
2025-03-15 20:00:00+00:00,14.444,14.475,14.319,14.433,84178.61
2025-03-15 21:00:00+00:00,14.433,14.585,14.392,14.504,96985.88
2025-03-15 22:00:00+00:00,14.504,14.625,14.49,14.583,80285.4
2025-03-15 23:00:00+00:00,14.583,14.611,14.335,14.396,151328.89
2025-03-16 00:00:00+00:00,14.396,14.426,14.071,14.109,214120.13
2025-03-16 01:00:00+00:00,14.109,14.161,13.965,14.001,162707.47
2025-03-16 02:00:00+00:00,14.001,14.125,13.896,13.914,182694.74
2025-03-16 03:00:00+00:00,13.914,14.146,13.875,14.124,164039.84
2025-03-16 04:00:00+00:00,14.124,14.125,13.894,13.92,119674.3
2025-03-16 05:00:00+00:00,13.92,13.972,13.801,13.812,142613.85
2025-03-16 06:00:00+00:00,13.812,13.908,13.653,13.672,265672.98
2025-03-16 07:00:00+00:00,13.672,13.884,13.632,13.82,146391.79
2025-03-16 08:00:00+00:00,13.82,13.845,13.616,13.817,178917.53
2025-03-16 09:00:00+00:00,13.817,13.835,13.565,13.593,160031.34
2025-03-16 10:00:00+00:00,13.593,13.675,13.45,13.487,129764.47
2025-03-16 11:00:00+00:00,13.487,13.499,13.375,13.375,254845.15
2025-03-16 12:00:00+00:00,13.375,13.539,13.37,13.483,222279.77
2025-03-16 13:00:00+00:00,13.483,13.582,13.345,13.365,213907.03
2025-03-16 14:00:00+00:00,13.365,13.498,13.296,13.473,255580.89
2025-03-16 15:00:00+00:00,13.473,13.519,13.2,13.391,335099.98
2025-03-16 16:00:00+00:00,13.391,13.619,13.352,13.512,462658.99
2025-03-16 17:00:00+00:00,13.512,13.63,13.264,13.363,220168.21
2025-03-16 18:00:00+00:00,13.363,13.443,13.272,13.299,97817.55
2025-03-16 19:00:00+00:00,13.299,13.311,13.067,13.14,380977.54
2025-03-16 20:00:00+00:00,13.14,13.292,13.135,13.285,132317.98
2025-03-16 21:00:00+00:00,13.285,13.342,13.165,13.183,69681.37
2025-03-16 22:00:00+00:00,13.183,13.22,12.895,12.907,305077.45
2025-03-16 23:00:00+00:00,12.907,13.04,12.827,12.988,224054.98
2025-03-17 00:00:00+00:00,12.988,13.288,12.974,13.214,207270.88
2025-03-17 01:00:00+00:00,13.214,13.338,13.111,13.281,186217.54
2025-03-17 02:00:00+00:00,13.281,13.38,13.217,13.261,155472.93
2025-03-17 03:00:00+00:00,13.261,13.591,13.261,13.506,206217.0
2025-03-17 04:00:00+00:00,13.506,13.597,13.419,13.477,112736.06
2025-03-17 05:00:00+00:00,13.477,13.482,13.255,13.31,115317.99
2025-03-17 06:00:00+00:00,13.31,13.631,13.31,13.542,184127.37
2025-03-17 07:00:00+00:00,13.542,13.694,13.49,13.604,333221.4
2025-03-17 08:00:00+00:00,13.604,13.673,13.55,13.633,97586.34
2025-03-17 09:00:00+00:00,13.633,13.664,13.511,13.576,136082.36
2025-03-17 10:00:00+00:00,13.576,13.988,13.541,13.916,730597.57
2025-03-17 11:00:00+00:00,13.916,14.06,13.869,13.967,285317.23
2025-03-17 12:00:00+00:00,13.967,14.038,13.538,13.66,542120.87
2025-03-17 13:00:00+00:00,13.66,13.801,13.553,13.719,298439.39
2025-03-17 14:00:00+00:00,13.719,13.719,13.473,13.537,361959.07
2025-03-17 15:00:00+00:00,13.537,13.76,13.474,13.698,173528.31
2025-03-17 16:00:00+00:00,13.698,13.8,13.498,13.54,268057.29
2025-03-17 17:00:00+00:00,13.54,13.805,13.499,13.577,349350.77
2025-03-17 18:00:00+00:00,13.577,13.688,13.507,13.58,220374.16
2025-03-17 19:00:00+00:00,13.58,13.704,13.564,13.645,137452.65
2025-03-17 20:00:00+00:00,13.645,13.664,13.337,13.395,344387.32
2025-03-17 21:00:00+00:00,13.395,13.51,13.313,13.491,192165.22
2025-03-17 22:00:00+00:00,13.491,13.522,13.364,13.364,75029.53
2025-03-17 23:00:00+00:00,13.364,13.374,13.125,13.269,268684.73
2025-03-18 00:00:00+00:00,13.269,13.291,13.009,13.17,276177.59
2025-03-18 01:00:00+00:00,13.17,13.222,12.94,13.018,259648.89
2025-03-18 02:00:00+00:00,13.018,13.13,12.863,13.054,264766.85
2025-03-18 03:00:00+00:00,13.054,13.21,12.878,13.198,298913.69
2025-03-18 04:00:00+00:00,13.198,13.243,12.978,13.035,108331.34
2025-03-18 05:00:00+00:00,13.035,13.188,13.003,13.127,100387.62
2025-03-18 06:00:00+00:00,13.127,13.14,12.87,12.934,108587.95
2025-03-18 07:00:00+00:00,12.934,13.4,12.927,13.343,429709.12
2025-03-18 08:00:00+00:00,13.343,13.473,13.244,13.374,264681.21
2025-03-18 09:00:00+00:00,13.374,13.437,13.217,13.269,181144.52
2025-03-18 10:00:00+00:00,13.269,13.481,13.255,13.453,126261.37
2025-03-18 11:00:00+00:00,13.453,13.472,13.192,13.35,109745.4
2025-03-18 12:00:00+00:00,13.35,13.405,13.172,13.218,143061.32
2025-03-18 13:00:00+00:00,13.218,13.262,12.992,13.092,193817.21
2025-03-18 14:00:00+00:00,13.092,13.249,13.038,13.249,157418.88
2025-03-18 15:00:00+00:00,13.249,13.39,13.155,13.237,191156.41
2025-03-18 16:00:00+00:00,13.237,13.351,13.209,13.269,85843.68
2025-03-18 17:00:00+00:00,13.269,13.331,13.196,13.308,101523.51
2025-03-18 18:00:00+00:00,13.308,13.482,13.24,13.462,167764.78
2025-03-18 19:00:00+00:00,13.462,13.578,13.355,13.498,205047.63
2025-03-18 20:00:00+00:00,13.498,13.531,13.332,13.394,121803.27
2025-03-18 21:00:00+00:00,13.394,13.941,13.372,13.866,278050.35
2025-03-18 22:00:00+00:00,13.866,13.958,13.698,13.783,201029.16
2025-03-18 23:00:00+00:00,13.783,14.334,13.783,14.163,541037.97
2025-03-19 00:00:00+00:00,14.163,14.545,14.116,14.395,361448.77
2025-03-19 01:00:00+00:00,14.395,14.431,14.073,14.109,226737.8
2025-03-19 02:00:00+00:00,14.109,14.153,13.924,14.061,241726.89
2025-03-19 03:00:00+00:00,14.061,14.075,13.803,13.961,247521.44
2025-03-19 04:00:00+00:00,13.961,14.093,13.932,13.977,97105.68
2025-03-19 05:00:00+00:00,13.977,14.164,13.881,14.098,100565.08
2025-03-19 06:00:00+00:00,14.098,14.394,14.093,14.292,217326.51
2025-03-19 07:00:00+00:00,14.292,14.458,14.232,14.305,131943.17
2025-03-19 08:00:00+00:00,14.305,14.475,14.298,14.391,117175.23
2025-03-19 09:00:00+00:00,14.391,14.577,14.293,14.562,181352.4
2025-03-19 10:00:00+00:00,14.562,15.124,14.546,14.906,1281632.64
2025-03-19 11:00:00+00:00,14.906,15.164,14.859,15.152,396801.76
2025-03-19 12:00:00+00:00,15.152,15.194,14.789,14.878,349012.04
2025-03-19 13:00:00+00:00,14.878,15.169,14.836,15.049,281698.18
2025-03-19 14:00:00+00:00,15.049,15.269,14.997,15.249,260259.85
2025-03-19 15:00:00+00:00,15.249,15.36,14.964,15.101,282335.86
2025-03-19 16:00:00+00:00,15.101,15.109,14.548,14.771,602263.45
2025-03-19 17:00:00+00:00,14.771,14.788,14.404,14.612,433091.79
2025-03-19 18:00:00+00:00,14.612,15.216,14.442,15.15,717492.37
2025-03-19 19:00:00+00:00,15.15,15.257,14.823,15.001,590852.92
2025-03-19 20:00:00+00:00,15.001,15.409,14.972,15.091,374444.07
2025-03-19 21:00:00+00:00,15.091,15.218,15.016,15.13,108844.61
2025-03-19 22:00:00+00:00,15.13,15.322,15.073,15.264,134903.47
2025-03-19 23:00:00+00:00,15.264,15.796,15.21,15.603,357613.9
2025-03-20 00:00:00+00:00,15.603,15.792,15.158,15.274,428215.67
2025-03-20 01:00:00+00:00,15.274,15.423,15.065,15.235,224201.26
2025-03-20 02:00:00+00:00,15.235,15.272,14.986,15.18,216999.95
2025-03-20 03:00:00+00:00,15.18,15.238,14.902,14.975,166506.6
2025-03-20 04:00:00+00:00,14.975,15.03,14.852,14.938,97399.26
2025-03-20 05:00:00+00:00,14.938,15.0,14.74,14.859,254739.91
2025-03-20 06:00:00+00:00,14.859,14.896,14.681,14.792,132993.71
2025-03-20 07:00:00+00:00,14.792,14.907,14.772,14.87,123002.33
2025-03-20 08:00:00+00:00,14.87,14.933,14.658,14.932,190643.18
2025-03-20 09:00:00+00:00,14.932,15.126,14.754,14.803,318794.03
2025-03-20 10:00:00+00:00,14.803,14.82,14.55,14.633,291875.81
2025-03-20 11:00:00+00:00,14.633,14.854,14.531,14.843,258851.35
2025-03-20 12:00:00+00:00,14.843,14.855,14.675,14.774,189686.99
2025-03-20 13:00:00+00:00,14.774,14.917,14.671,14.87,185940.87
2025-03-20 14:00:00+00:00,14.87,15.171,14.861,15.074,376501.08
2025-03-20 15:00:00+00:00,15.074,15.092,14.553,14.622,460091.08
2025-03-20 16:00:00+00:00,14.622,14.714,14.0,14.179,862055.48
2025-03-20 17:00:00+00:00,14.179,14.434,14.164,14.309,394470.54
2025-03-20 18:00:00+00:00,14.309,14.416,14.223,14.252,207294.27
2025-03-20 19:00:00+00:00,14.252,14.48,14.236,14.347,127471.07
2025-03-20 20:00:00+00:00,14.347,14.43,14.275,14.326,155852.9
2025-03-20 21:00:00+00:00,14.326,14.398,14.194,14.302,106073.71
2025-03-20 22:00:00+00:00,14.302,14.369,14.091,14.155,174047.16
2025-03-20 23:00:00+00:00,14.155,14.24,14.089,14.164,98533.1
2025-03-21 00:00:00+00:00,14.164,14.4,14.148,14.353,180386.28
2025-03-21 01:00:00+00:00,14.353,14.549,14.305,14.533,190592.67
2025-03-21 02:00:00+00:00,14.533,14.544,14.429,14.486,107637.72
2025-03-21 03:00:00+00:00,14.486,14.512,14.309,14.429,116693.75
2025-03-21 04:00:00+00:00,14.429,14.563,14.423,14.488,63729.2
2025-03-21 05:00:00+00:00,14.488,14.528,14.367,14.479,169706.49
2025-03-21 06:00:00+00:00,14.479,14.552,14.322,14.379,152894.6
2025-03-21 07:00:00+00:00,14.379,14.398,14.109,14.247,225245.4
2025-03-21 08:00:00+00:00,14.247,14.309,14.065,14.175,173355.73
2025-03-21 09:00:00+00:00,14.175,14.319,14.038,14.225,125824.44
2025-03-21 10:00:00+00:00,14.225,14.39,14.027,14.323,248267.55
2025-03-21 11:00:00+00:00,14.323,14.328,14.084,14.234,120760.74
2025-03-21 12:00:00+00:00,14.234,14.412,14.069,14.1,220360.24
2025-03-21 13:00:00+00:00,14.1,14.171,13.884,14.058,415072.14
2025-03-21 14:00:00+00:00,14.058,14.281,14.0,14.258,244071.11
2025-03-21 15:00:00+00:00,14.258,14.538,14.215,14.339,302680.81
2025-03-21 16:00:00+00:00,14.339,14.869,14.298,14.846,460308.56
2025-03-21 17:00:00+00:00,14.846,15.115,14.812,15.112,395177.65
2025-03-21 18:00:00+00:00,15.112,15.401,15.051,15.112,541718.38
2025-03-21 19:00:00+00:00,15.112,15.336,15.096,15.265,183474.06
2025-03-21 20:00:00+00:00,15.265,15.56,15.169,15.535,338626.89
2025-03-21 21:00:00+00:00,15.535,15.697,15.392,15.568,293867.77
2025-03-21 22:00:00+00:00,15.568,15.797,15.454,15.771,328873.07
2025-03-21 23:00:00+00:00,15.771,15.928,15.59,15.92,321620.71
2025-03-22 00:00:00+00:00,15.92,16.014,15.716,15.787,260514.19
2025-03-22 01:00:00+00:00,15.787,15.945,15.46,15.485,367403.49
2025-03-22 02:00:00+00:00,15.485,15.676,15.42,15.592,277916.32
2025-03-22 03:00:00+00:00,15.592,15.861,15.552,15.854,100360.35
2025-03-22 04:00:00+00:00,15.854,16.44,15.782,16.377,323256.76
2025-03-22 05:00:00+00:00,16.377,16.477,16.174,16.349,386486.24
2025-03-22 06:00:00+00:00,16.349,16.373,16.038,16.156,264262.01
2025-03-22 07:00:00+00:00,16.156,16.209,16.01,16.076,118807.75
2025-03-22 08:00:00+00:00,16.076,16.36,16.049,16.315,191432.57
2025-03-22 09:00:00+00:00,16.315,16.624,16.278,16.55,335701.91
2025-03-22 10:00:00+00:00,16.55,16.729,16.171,16.227,280126.89
2025-03-22 11:00:00+00:00,16.227,16.311,16.012,16.077,239745.66
2025-03-22 12:00:00+00:00,16.077,16.175,15.881,16.072,245417.81
2025-03-22 13:00:00+00:00,16.072,16.173,15.89,15.974,144276.05
2025-03-22 14:00:00+00:00,15.974,16.059,15.773,15.831,174173.72
2025-03-22 15:00:00+00:00,15.831,15.896,15.714,15.784,174081.17
2025-03-22 16:00:00+00:00,15.784,15.805,15.643,15.711,120048.06
2025-03-22 17:00:00+00:00,15.711,15.899,15.695,15.788,126437.0
2025-03-22 18:00:00+00:00,15.788,15.971,15.782,15.83,197024.04
2025-03-22 19:00:00+00:00,15.83,15.988,15.8,15.933,143695.86
2025-03-22 20:00:00+00:00,15.933,16.151,15.725,15.75,374517.21
2025-03-22 21:00:00+00:00,15.75,15.842,15.67,15.72,127522.63
2025-03-22 22:00:00+00:00,15.72,15.792,15.673,15.753,51007.83
2025-03-22 23:00:00+00:00,15.753,15.766,15.562,15.602,109439.22
2025-03-23 00:00:00+00:00,15.602,15.827,15.525,15.565,164437.98
2025-03-23 01:00:00+00:00,15.565,15.812,15.522,15.809,109564.08
2025-03-23 02:00:00+00:00,15.809,15.994,15.714,15.911,114797.3
2025-03-23 03:00:00+00:00,15.911,15.999,15.737,15.839,142372.45
2025-03-23 04:00:00+00:00,15.839,15.859,15.605,15.657,105082.41
2025-03-23 05:00:00+00:00,15.657,15.739,15.607,15.687,48333.31
2025-03-23 06:00:00+00:00,15.687,15.796,15.606,15.783,52615.35
2025-03-23 07:00:00+00:00,15.783,16.158,15.76,16.06,122489.09
2025-03-23 08:00:00+00:00,16.06,16.236,15.973,16.036,106110.85
2025-03-23 09:00:00+00:00,16.036,16.158,15.721,15.85,126311.18
2025-03-23 10:00:00+00:00,15.85,16.3,15.74,16.145,164897.84
2025-03-23 11:00:00+00:00,16.145,16.355,16.144,16.185,132319.53
2025-03-23 12:00:00+00:00,16.185,16.289,16.004,16.013,139475.15
2025-03-23 13:00:00+00:00,16.013,16.201,15.894,15.998,167847.87
2025-03-23 14:00:00+00:00,15.998,16.153,15.746,15.8,245516.62
2025-03-23 15:00:00+00:00,15.8,15.874,15.644,15.686,134122.49
2025-03-23 16:00:00+00:00,15.686,15.804,15.6,15.697,158857.96
2025-03-23 17:00:00+00:00,15.697,15.766,15.552,15.597,118513.42
2025-03-23 18:00:00+00:00,15.597,15.733,15.47,15.659,98948.86
2025-03-23 19:00:00+00:00,15.659,15.829,15.643,15.762,103356.43
2025-03-23 20:00:00+00:00,15.762,15.92,15.735,15.906,142763.4
2025-03-23 21:00:00+00:00,15.906,15.959,15.818,15.955,53961.07
2025-03-23 22:00:00+00:00,15.955,16.218,15.93,15.959,262565.22
2025-03-23 23:00:00+00:00,15.959,16.348,15.959,16.334,154741.34
2025-03-24 00:00:00+00:00,16.334,16.451,16.103,16.259,275001.34
2025-03-24 01:00:00+00:00,16.259,16.271,15.743,15.81,249107.31
2025-03-24 02:00:00+00:00,15.81,16.093,15.753,16.061,137121.43
2025-03-24 03:00:00+00:00,16.061,16.689,16.052,16.55,336171.54
2025-03-24 04:00:00+00:00,16.55,17.041,16.544,16.967,347107.17
2025-03-24 05:00:00+00:00,16.967,17.071,16.695,16.761,343974.41
2025-03-24 06:00:00+00:00,16.761,16.86,16.538,16.683,150022.49
2025-03-24 07:00:00+00:00,16.683,16.745,16.589,16.599,85046.6
2025-03-24 08:00:00+00:00,16.599,16.805,16.591,16.748,112335.15
2025-03-24 09:00:00+00:00,16.748,16.932,16.603,16.927,108339.85
2025-03-24 10:00:00+00:00,16.927,17.212,16.917,17.034,315088.42
2025-03-24 11:00:00+00:00,17.034,17.204,16.834,17.166,216953.03
2025-03-24 12:00:00+00:00,17.166,17.2,16.321,16.355,387609.04
2025-03-24 13:00:00+00:00,16.355,17.292,16.347,17.224,513192.03
2025-03-24 14:00:00+00:00,17.224,17.369,16.829,16.904,467472.43
2025-03-24 15:00:00+00:00,16.904,16.994,16.715,16.972,169849.92
2025-03-24 16:00:00+00:00,16.972,17.138,16.582,16.644,396074.49
2025-03-24 17:00:00+00:00,16.644,17.063,16.64,17.039,253621.24
2025-03-24 18:00:00+00:00,17.039,17.169,16.783,17.162,209729.62
2025-03-24 19:00:00+00:00,17.162,17.201,16.928,17.048,255221.03
2025-03-24 20:00:00+00:00,17.048,17.1,16.746,16.855,182416.97
2025-03-24 21:00:00+00:00,16.855,17.202,16.764,16.883,284895.75
2025-03-24 22:00:00+00:00,16.883,16.912,16.494,16.552,217513.89
2025-03-24 23:00:00+00:00,16.552,16.787,16.4,16.774,202237.01
2025-03-25 00:00:00+00:00,16.774,17.021,16.5,16.956,273665.07
2025-03-25 01:00:00+00:00,16.956,17.034,16.525,16.606,223098.74
2025-03-25 02:00:00+00:00,16.606,16.71,16.471,16.489,103232.03
2025-03-25 03:00:00+00:00,16.489,16.538,16.116,16.135,268804.58
2025-03-25 04:00:00+00:00,16.135,16.246,16.076,16.08,116544.93
2025-03-25 05:00:00+00:00,16.08,16.174,15.904,16.067,243826.56
2025-03-25 06:00:00+00:00,16.067,16.2,15.946,15.959,116082.07
2025-03-25 07:00:00+00:00,15.959,16.246,15.948,16.194,178355.91
2025-03-25 08:00:00+00:00,16.194,16.321,16.118,16.288,129683.27
2025-03-25 09:00:00+00:00,16.288,16.428,16.236,16.382,142465.13
2025-03-25 10:00:00+00:00,16.382,16.557,16.254,16.553,99467.19
2025-03-25 11:00:00+00:00,16.553,16.588,16.405,16.513,104485.72
2025-03-25 12:00:00+00:00,16.513,16.692,16.49,16.595,222734.63
2025-03-25 13:00:00+00:00,16.595,16.843,16.425,16.548,258787.5
2025-03-25 14:00:00+00:00,16.548,16.9,16.457,16.818,186497.13
2025-03-25 15:00:00+00:00,16.818,16.886,16.415,16.434,213251.06
2025-03-25 16:00:00+00:00,16.434,16.513,16.137,16.21,268208.2
2025-03-25 17:00:00+00:00,16.21,16.423,16.092,16.097,169482.52
2025-03-25 18:00:00+00:00,16.097,16.266,15.988,16.089,139352.61
2025-03-25 19:00:00+00:00,16.089,16.306,16.03,16.268,92829.41
2025-03-25 20:00:00+00:00,16.268,16.45,16.144,16.152,157527.91
2025-03-25 21:00:00+00:00,16.152,16.383,16.023,16.027,173090.87
2025-03-25 22:00:00+00:00,16.027,16.117,15.929,15.996,130882.83
2025-03-25 23:00:00+00:00,15.996,16.091,15.937,16.047,91704.62
2025-03-26 00:00:00+00:00,16.047,16.272,15.97,16.201,130515.22
2025-03-26 01:00:00+00:00,16.201,16.422,16.029,16.228,279152.92
2025-03-26 02:00:00+00:00,16.228,16.228,15.937,15.971,108723.17
2025-03-26 03:00:00+00:00,15.971,16.016,15.535,15.689,438835.89
2025-03-26 04:00:00+00:00,15.689,15.838,15.62,15.714,140348.78
2025-03-26 05:00:00+00:00,15.714,15.765,15.503,15.713,221405.64
2025-03-26 06:00:00+00:00,15.713,15.963,15.69,15.938,289486.06
2025-03-26 07:00:00+00:00,15.938,16.11,15.861,16.079,132984.59
2025-03-26 08:00:00+00:00,16.079,16.189,15.979,16.06,133428.02
2025-03-26 09:00:00+00:00,16.06,16.127,15.953,16.094,94184.87
2025-03-26 10:00:00+00:00,16.094,16.32,16.08,16.258,141080.26
2025-03-26 11:00:00+00:00,16.258,16.303,16.18,16.214,105896.47
2025-03-26 12:00:00+00:00,16.214,16.259,15.921,16.072,218185.68
2025-03-26 13:00:00+00:00,16.072,16.119,13.28,13.76,4264874.29
2025-03-26 14:00:00+00:00,13.76,14.745,12.891,12.941,7456098.99
2025-03-26 15:00:00+00:00,12.941,14.933,12.359,14.486,13610947.37
2025-03-26 16:00:00+00:00,14.486,15.057,14.111,14.474,2530007.76
2025-03-26 17:00:00+00:00,14.474,14.626,14.008,14.16,923715.53
2025-03-26 18:00:00+00:00,14.16,14.25,13.667,13.693,933596.76
2025-03-26 19:00:00+00:00,13.693,14.013,13.501,13.938,863351.58
2025-03-26 20:00:00+00:00,13.938,14.489,13.927,14.278,946899.94
2025-03-26 21:00:00+00:00,14.278,14.376,13.811,14.008,597997.75
2025-03-26 22:00:00+00:00,14.008,14.036,13.638,13.685,364554.81
2025-03-26 23:00:00+00:00,13.685,14.159,13.637,14.058,474066.58
2025-03-27 00:00:00+00:00,14.058,14.359,13.976,14.347,291366.6
2025-03-27 01:00:00+00:00,14.347,14.74,14.333,14.559,615906.47
2025-03-27 02:00:00+00:00,14.559,14.964,14.53,14.91,330902.27
2025-03-27 03:00:00+00:00,14.91,14.977,14.645,14.752,326391.39
2025-03-27 04:00:00+00:00,14.752,14.855,14.436,14.475,310102.94
2025-03-27 05:00:00+00:00,14.475,14.587,14.394,14.442,275538.2
2025-03-27 06:00:00+00:00,14.442,14.656,14.442,14.56,184362.32
2025-03-27 07:00:00+00:00,14.56,14.697,14.337,14.468,318715.03
2025-03-27 08:00:00+00:00,14.468,14.544,14.304,14.49,331877.85
2025-03-27 09:00:00+00:00,14.49,14.591,14.394,14.463,175778.81
2025-03-27 10:00:00+00:00,14.463,14.773,14.453,14.504,307689.16
2025-03-27 11:00:00+00:00,14.504,14.631,14.241,14.438,394410.21
2025-03-27 12:00:00+00:00,14.438,14.656,14.387,14.49,396408.89
2025-03-27 13:00:00+00:00,14.49,14.537,14.025,14.267,528356.24
2025-03-27 14:00:00+00:00,14.267,14.658,14.143,14.641,422427.22
2025-03-27 15:00:00+00:00,14.641,14.647,14.337,14.394,468678.21
2025-03-27 16:00:00+00:00,14.394,14.594,14.328,14.358,235633.65
2025-03-27 17:00:00+00:00,14.358,14.447,14.257,14.258,274045.1
2025-03-27 18:00:00+00:00,14.258,14.578,14.248,14.49,338699.62
2025-03-27 19:00:00+00:00,14.49,14.573,14.389,14.401,208703.64
2025-03-27 20:00:00+00:00,14.401,14.839,14.378,14.812,217297.33
2025-03-27 21:00:00+00:00,14.812,15.142,14.725,15.118,532263.64
2025-03-27 22:00:00+00:00,15.118,15.18,14.804,14.81,319450.17
2025-03-27 23:00:00+00:00,14.81,14.97,14.612,14.626,334798.79
2025-03-28 00:00:00+00:00,14.626,14.869,14.499,14.844,274719.14
2025-03-28 01:00:00+00:00,14.844,14.879,14.74,14.816,199857.35
2025-03-28 02:00:00+00:00,14.816,14.948,14.538,14.552,192240.6
2025-03-28 03:00:00+00:00,14.552,14.577,14.388,14.415,217961.97
2025-03-28 04:00:00+00:00,14.415,14.49,14.11,14.218,352479.69
2025-03-28 05:00:00+00:00,14.218,14.224,13.91,14.01,460758.69
2025-03-28 06:00:00+00:00,14.01,14.108,13.612,13.707,716544.66
2025-03-28 07:00:00+00:00,13.707,13.864,13.536,13.663,385633.97
2025-03-28 08:00:00+00:00,13.663,13.819,13.533,13.641,258925.92
2025-03-28 09:00:00+00:00,13.641,13.681,13.519,13.662,200677.87
2025-03-28 10:00:00+00:00,13.662,13.812,13.562,13.596,213514.72
2025-03-28 11:00:00+00:00,13.596,13.967,13.553,13.95,262351.65
2025-03-28 12:00:00+00:00,13.95,14.027,13.669,13.724,314927.16
2025-03-28 13:00:00+00:00,13.724,13.93,13.676,13.702,278342.67
2025-03-28 14:00:00+00:00,13.702,13.766,13.508,13.683,454621.97
2025-03-28 15:00:00+00:00,13.683,13.92,13.575,13.739,328642.4
2025-03-28 16:00:00+00:00,13.739,13.813,13.537,13.553,371481.75
2025-03-28 17:00:00+00:00,13.553,13.654,13.424,13.559,256977.51
2025-03-28 18:00:00+00:00,13.559,13.741,13.438,13.579,518119.18
2025-03-28 19:00:00+00:00,13.579,13.602,13.086,13.337,635289.73
2025-03-28 20:00:00+00:00,13.337,13.469,13.245,13.278,205151.64
2025-03-28 21:00:00+00:00,13.278,13.349,13.063,13.066,201037.57
2025-03-28 22:00:00+00:00,13.066,13.396,13.041,13.341,293445.95
2025-03-28 23:00:00+00:00,13.341,13.429,13.218,13.429,196348.63
2025-03-29 00:00:00+00:00,13.429,13.61,13.371,13.492,194944.72
2025-03-29 01:00:00+00:00,13.492,13.551,13.382,13.401,225740.71
2025-03-29 02:00:00+00:00,13.401,13.507,13.128,13.146,271671.71
2025-03-29 03:00:00+00:00,13.146,13.275,13.047,13.167,280268.85
2025-03-29 04:00:00+00:00,13.167,13.24,12.966,13.05,214158.58
2025-03-29 05:00:00+00:00,13.05,13.078,12.9,13.063,182642.35
2025-03-29 06:00:00+00:00,13.063,13.07,12.895,12.905,187481.36
2025-03-29 07:00:00+00:00,12.905,12.93,12.619,12.75,456427.71
2025-03-29 08:00:00+00:00,12.75,12.967,12.718,12.86,232577.24
2025-03-29 09:00:00+00:00,12.86,12.914,12.572,12.658,437234.29
2025-03-29 10:00:00+00:00,12.658,12.805,12.566,12.607,319081.99
2025-03-29 11:00:00+00:00,12.607,12.685,12.377,12.567,461790.28
2025-03-29 12:00:00+00:00,12.567,12.796,12.534,12.769,225873.82
2025-03-29 13:00:00+00:00,12.769,12.984,12.726,12.866,288440.28
2025-03-29 14:00:00+00:00,12.866,12.981,12.792,12.96,173963.67
2025-03-29 15:00:00+00:00,12.96,13.011,12.84,12.99,134941.12
2025-03-29 16:00:00+00:00,12.99,13.09,12.657,12.703,260303.73
2025-03-29 17:00:00+00:00,12.703,12.922,12.462,12.702,417551.04
2025-03-29 18:00:00+00:00,12.702,12.91,12.626,12.799,177995.46
2025-03-29 19:00:00+00:00,12.799,12.958,12.65,12.817,175130.2
2025-03-29 20:00:00+00:00,12.817,12.833,12.548,12.587,168946.45
2025-03-29 21:00:00+00:00,12.587,12.742,12.547,12.644,130543.12
2025-03-29 22:00:00+00:00,12.644,12.677,12.515,12.629,85702.21
2025-03-29 23:00:00+00:00,12.629,12.828,12.601,12.812,129032.52
2025-03-30 00:00:00+00:00,12.812,12.875,12.609,12.867,162319.63
2025-03-30 01:00:00+00:00,12.867,12.972,12.695,12.781,184924.11
2025-03-30 02:00:00+00:00,12.781,12.988,12.77,12.899,107520.15
2025-03-30 03:00:00+00:00,12.899,12.955,12.793,12.836,77784.78
2025-03-30 04:00:00+00:00,12.836,13.008,12.82,12.964,96968.87
2025-03-30 05:00:00+00:00,12.964,12.981,12.802,12.811,59830.27
2025-03-30 06:00:00+00:00,12.811,12.822,12.691,12.717,175985.64
2025-03-30 07:00:00+00:00,12.717,12.771,12.537,12.556,136723.74
2025-03-30 08:00:00+00:00,12.556,12.697,12.545,12.662,137574.65
2025-03-30 09:00:00+00:00,12.662,12.674,12.548,12.548,110795.21
2025-03-30 10:00:00+00:00,12.548,12.637,12.264,12.495,550313.63
2025-03-30 11:00:00+00:00,12.495,12.695,12.46,12.639,173765.09
2025-03-30 12:00:00+00:00,12.639,12.741,12.585,12.718,98740.29
2025-03-30 13:00:00+00:00,12.718,12.727,12.462,12.472,109113.24
2025-03-30 14:00:00+00:00,12.472,12.608,12.366,12.598,218965.04
2025-03-30 15:00:00+00:00,12.598,12.68,12.473,12.54,138657.85
2025-03-30 16:00:00+00:00,12.54,12.71,12.445,12.458,172010.71
2025-03-30 17:00:00+00:00,12.458,12.532,12.306,12.515,201024.77
2025-03-30 18:00:00+00:00,12.515,12.784,12.508,12.746,245716.08
2025-03-30 19:00:00+00:00,12.746,12.798,12.574,12.579,116702.8
2025-03-30 20:00:00+00:00,12.579,12.611,12.492,12.532,155598.49
2025-03-30 21:00:00+00:00,12.532,12.562,12.423,12.446,103789.55
2025-03-30 22:00:00+00:00,12.446,12.57,12.195,12.499,390985.91
2025-03-30 23:00:00+00:00,12.499,12.533,12.368,12.497,208085.52
2025-03-31 00:00:00+00:00,12.497,12.521,12.176,12.305,281149.79
2025-03-31 01:00:00+00:00,12.305,12.621,12.274,12.594,397283.92
2025-03-31 02:00:00+00:00,12.594,12.649,12.474,12.545,123091.57
2025-03-31 03:00:00+00:00,12.545,12.621,12.307,12.37,126186.83
2025-03-31 04:00:00+00:00,12.37,12.481,12.28,12.475,106259.22
2025-03-31 05:00:00+00:00,12.475,12.645,12.469,12.578,165040.15
2025-03-31 06:00:00+00:00,12.578,12.642,12.427,12.626,158453.42
2025-03-31 07:00:00+00:00,12.626,12.675,12.419,12.495,148496.58
2025-03-31 08:00:00+00:00,12.495,12.757,12.484,12.698,233167.88
2025-03-31 09:00:00+00:00,12.698,12.777,12.452,12.556,334095.46
2025-03-31 10:00:00+00:00,12.556,12.956,12.556,12.842,324434.57
2025-03-31 11:00:00+00:00,12.842,12.877,12.683,12.775,129005.86
2025-03-31 12:00:00+00:00,12.775,12.808,12.513,12.726,197955.7
2025-03-31 13:00:00+00:00,12.726,12.84,12.411,12.612,508772.51
2025-03-31 14:00:00+00:00,12.612,13.036,12.612,12.926,490137.0
2025-03-31 15:00:00+00:00,12.926,13.398,12.926,13.121,597417.61
2025-03-31 16:00:00+00:00,13.121,13.355,13.064,13.247,401601.8
2025-03-31 17:00:00+00:00,13.247,13.5,13.165,13.167,341220.83
2025-03-31 18:00:00+00:00,13.167,13.418,13.167,13.373,245608.2
2025-03-31 19:00:00+00:00,13.373,13.403,13.079,13.103,297939.09
2025-03-31 20:00:00+00:00,13.103,13.222,13.012,13.039,149626.87
2025-03-31 21:00:00+00:00,13.039,13.16,13.005,13.06,85668.23
2025-03-31 22:00:00+00:00,13.06,13.072,12.938,13.069,73602.77
2025-03-31 23:00:00+00:00,13.069,13.073,12.962,13.022,90471.59
2025-04-01 00:00:00+00:00,13.022,13.146,12.974,13.025,103978.66
2025-04-01 01:00:00+00:00,13.025,13.073,12.962,13.049,67787.0
2025-04-01 02:00:00+00:00,13.049,13.535,13.049,13.532,188006.38
2025-04-01 03:00:00+00:00,13.532,13.681,13.516,13.596,164717.6
2025-04-01 04:00:00+00:00,13.596,13.8,13.508,13.665,171498.72
2025-04-01 05:00:00+00:00,13.665,13.815,13.574,13.585,134204.73
2025-04-01 06:00:00+00:00,13.585,13.599,13.383,13.494,168783.37
2025-04-01 07:00:00+00:00,13.494,13.552,13.347,13.48,185691.91
2025-04-01 08:00:00+00:00,13.48,13.929,13.463,13.752,355176.85
2025-04-01 09:00:00+00:00,13.752,13.983,13.67,13.821,263084.5
2025-04-01 10:00:00+00:00,13.821,13.924,13.552,13.598,275203.23
2025-04-01 11:00:00+00:00,13.598,13.642,13.406,13.51,265845.17
2025-04-01 12:00:00+00:00,13.51,13.589,13.385,13.531,150194.03
2025-04-01 13:00:00+00:00,13.531,13.564,13.264,13.505,232411.36
2025-04-01 14:00:00+00:00,13.505,13.523,13.104,13.444,327204.84
2025-04-01 15:00:00+00:00,13.444,13.978,13.411,13.813,493727.59
2025-04-01 16:00:00+00:00,13.813,13.895,13.484,13.581,327892.01
2025-04-01 17:00:00+00:00,13.581,13.59,13.386,13.438,189479.6
2025-04-01 18:00:00+00:00,13.438,13.454,13.142,13.276,231922.67
2025-04-01 19:00:00+00:00,13.276,13.323,13.077,13.279,246030.33
2025-04-01 20:00:00+00:00,13.279,13.467,13.127,13.438,267603.13
2025-04-01 21:00:00+00:00,13.438,13.49,13.243,13.248,108522.04
2025-04-01 22:00:00+00:00,13.248,13.4,13.223,13.315,76274.06
2025-04-01 23:00:00+00:00,13.315,13.435,13.2,13.33,62556.95
2025-04-02 00:00:00+00:00,13.33,13.388,13.084,13.096,96874.23
2025-04-02 01:00:00+00:00,13.096,13.272,13.05,13.216,102545.68
2025-04-02 02:00:00+00:00,13.216,13.247,13.021,13.15,117328.41
2025-04-02 03:00:00+00:00,13.15,13.266,13.146,13.184,98152.36
2025-04-02 04:00:00+00:00,13.184,13.315,13.159,13.282,87559.95
2025-04-02 05:00:00+00:00,13.282,13.288,13.039,13.039,121656.39
2025-04-02 06:00:00+00:00,13.039,13.111,12.955,12.975,120732.28
2025-04-02 07:00:00+00:00,12.975,13.233,12.967,13.187,200877.75
2025-04-02 08:00:00+00:00,13.187,13.479,13.142,13.426,255439.52
2025-04-02 09:00:00+00:00,13.426,13.638,13.402,13.494,178518.68
2025-04-02 10:00:00+00:00,13.494,13.622,13.433,13.521,88598.03
2025-04-02 11:00:00+00:00,13.521,13.784,13.477,13.72,176254.21
2025-04-02 12:00:00+00:00,13.72,13.767,13.51,13.526,205347.69
2025-04-02 13:00:00+00:00,13.526,13.748,13.197,13.478,363362.81
2025-04-02 14:00:00+00:00,13.478,13.598,13.415,13.515,161225.85
2025-04-02 15:00:00+00:00,13.515,14.49,13.493,14.255,846022.96
2025-04-02 16:00:00+00:00,14.255,14.302,13.972,14.103,231171.13
2025-04-02 17:00:00+00:00,14.103,14.147,13.704,13.83,194903.87
2025-04-02 18:00:00+00:00,13.83,13.925,13.694,13.718,119945.39
2025-04-02 19:00:00+00:00,13.718,13.789,13.499,13.75,193275.21
2025-04-02 20:00:00+00:00,13.75,14.255,13.246,13.309,1155558.76
2025-04-02 21:00:00+00:00,13.309,13.335,12.71,12.82,542830.8
2025-04-02 22:00:00+00:00,12.82,12.837,12.098,12.127,963690.88
2025-04-02 23:00:00+00:00,12.127,12.197,11.693,11.778,1034988.44
2025-04-03 00:00:00+00:00,11.778,12.312,11.652,12.222,707158.05
2025-04-03 01:00:00+00:00,12.222,12.576,12.146,12.478,614635.73
2025-04-03 02:00:00+00:00,12.478,12.618,12.291,12.537,290097.53
2025-04-03 03:00:00+00:00,12.537,12.555,12.362,12.404,144358.97
2025-04-03 04:00:00+00:00,12.404,12.63,12.381,12.574,155441.13
2025-04-03 05:00:00+00:00,12.574,12.628,12.385,12.386,116737.76
2025-04-03 06:00:00+00:00,12.386,12.414,11.994,12.051,408254.73
2025-04-03 07:00:00+00:00,12.051,12.117,11.774,11.949,439080.43
2025-04-03 08:00:00+00:00,11.949,12.053,11.894,11.961,216795.59
2025-04-03 09:00:00+00:00,11.961,11.99,11.687,11.726,203584.32
2025-04-03 10:00:00+00:00,11.726,11.76,11.352,11.473,809797.77
2025-04-03 11:00:00+00:00,11.473,11.628,11.202,11.304,660851.62
2025-04-03 12:00:00+00:00,11.304,11.495,11.126,11.172,756466.34
2025-04-03 13:00:00+00:00,11.172,11.566,11.091,11.366,861805.14
2025-04-03 14:00:00+00:00,11.366,11.381,11.063,11.193,600932.19
2025-04-03 15:00:00+00:00,11.193,11.496,11.092,11.488,408757.61
2025-04-03 16:00:00+00:00,11.488,11.553,11.334,11.475,479233.25
2025-04-03 17:00:00+00:00,11.475,11.561,11.346,11.453,169318.89
2025-04-03 18:00:00+00:00,11.453,11.593,11.278,11.524,257273.58
2025-04-03 19:00:00+00:00,11.524,11.576,11.259,11.509,262603.74
2025-04-03 20:00:00+00:00,11.509,11.681,11.423,11.677,270753.45
2025-04-03 21:00:00+00:00,11.677,11.892,11.665,11.871,280134.39
2025-04-03 22:00:00+00:00,11.871,11.887,11.581,11.707,229542.23
2025-04-03 23:00:00+00:00,11.707,11.878,11.59,11.717,164054.97
2025-04-04 00:00:00+00:00,11.717,11.933,11.717,11.896,170503.9
2025-04-04 01:00:00+00:00,11.896,11.989,11.727,11.737,161830.32
2025-04-04 02:00:00+00:00,11.737,11.891,11.686,11.746,168349.6
2025-04-04 03:00:00+00:00,11.746,11.795,11.616,11.791,163659.16
2025-04-04 04:00:00+00:00,11.791,11.794,11.515,11.535,196254.05
2025-04-04 05:00:00+00:00,11.535,11.749,11.501,11.611,221169.83
2025-04-04 06:00:00+00:00,11.611,11.637,11.458,11.509,141420.8
2025-04-04 07:00:00+00:00,11.509,11.893,11.463,11.842,318783.16
2025-04-04 08:00:00+00:00,11.842,11.979,11.732,11.92,236502.33
2025-04-04 09:00:00+00:00,11.92,12.054,11.78,11.988,213980.37
2025-04-04 10:00:00+00:00,11.988,12.076,11.313,11.344,721358.83
2025-04-04 11:00:00+00:00,11.344,11.424,11.095,11.345,440329.66
2025-04-04 12:00:00+00:00,11.345,11.473,11.077,11.393,573317.31
2025-04-04 13:00:00+00:00,11.393,11.83,11.37,11.797,890378.15
2025-04-04 14:00:00+00:00,11.797,11.825,11.365,11.608,461040.68
2025-04-04 15:00:00+00:00,11.608,11.756,11.312,11.474,572951.28
2025-04-04 16:00:00+00:00,11.474,11.691,11.424,11.646,337486.85
2025-04-04 17:00:00+00:00,11.646,12.232,11.632,12.211,628591.51
2025-04-04 18:00:00+00:00,12.211,12.23,11.768,11.991,435844.99
2025-04-04 19:00:00+00:00,11.991,12.164,11.7,12.147,518461.0
2025-04-04 20:00:00+00:00,12.147,12.353,11.92,12.227,387529.69
2025-04-04 21:00:00+00:00,12.227,12.4,12.127,12.214,252711.25
2025-04-04 22:00:00+00:00,12.214,12.41,12.15,12.173,235925.99
2025-04-04 23:00:00+00:00,12.173,12.201,11.877,11.919,380512.18
2025-04-05 00:00:00+00:00,11.919,12.114,11.876,12.065,121149.05
2025-04-05 01:00:00+00:00,12.065,12.218,11.987,12.136,181943.52
2025-04-05 02:00:00+00:00,12.136,12.222,11.859,11.952,267653.16
2025-04-05 03:00:00+00:00,11.952,11.978,11.835,11.866,166889.56
2025-04-05 04:00:00+00:00,11.866,11.998,11.859,11.958,96196.89
2025-04-05 05:00:00+00:00,11.958,12.098,11.758,11.79,350051.86
2025-04-05 06:00:00+00:00,11.79,11.828,11.745,11.818,130023.81
2025-04-05 07:00:00+00:00,11.818,11.909,11.765,11.848,88614.01
2025-04-05 08:00:00+00:00,11.848,11.872,11.763,11.818,84240.16
2025-04-05 09:00:00+00:00,11.818,12.105,11.818,12.05,190783.06
2025-04-05 10:00:00+00:00,12.05,12.12,11.99,12.06,125879.11
2025-04-05 11:00:00+00:00,12.06,12.137,11.946,11.954,95729.54
2025-04-05 12:00:00+00:00,11.954,12.01,11.667,11.767,290405.1
2025-04-05 13:00:00+00:00,11.767,11.796,11.445,11.521,387347.7
2025-04-05 14:00:00+00:00,11.521,11.652,11.474,11.608,218217.36
2025-04-05 15:00:00+00:00,11.608,11.635,11.449,11.556,141026.91
2025-04-05 16:00:00+00:00,11.556,11.646,11.522,11.606,136550.74
2025-04-05 17:00:00+00:00,11.606,11.685,11.58,11.637,87317.82
2025-04-05 18:00:00+00:00,11.637,11.867,11.624,11.834,178328.08
2025-04-05 19:00:00+00:00,11.834,11.865,11.747,11.779,145067.69
2025-04-05 20:00:00+00:00,11.779,11.883,11.733,11.837,90348.15
2025-04-05 21:00:00+00:00,11.837,11.877,11.78,11.78,53877.25
2025-04-05 22:00:00+00:00,11.78,11.919,11.78,11.909,49945.14
2025-04-05 23:00:00+00:00,11.909,12.062,11.894,12.053,131806.25
2025-04-06 00:00:00+00:00,12.053,12.091,11.929,12.087,95825.43
2025-04-06 01:00:00+00:00,12.087,12.108,11.953,11.956,67837.41
2025-04-06 02:00:00+00:00,11.956,11.987,11.773,11.801,118693.23
2025-04-06 03:00:00+00:00,11.801,11.824,11.707,11.715,91710.77
2025-04-06 04:00:00+00:00,11.715,11.728,11.575,11.709,106822.52
2025-04-06 05:00:00+00:00,11.709,11.806,11.679,11.781,75403.79
2025-04-06 06:00:00+00:00,11.781,11.82,11.689,11.689,64647.46
2025-04-06 07:00:00+00:00,11.689,11.745,11.591,11.602,170556.01
2025-04-06 08:00:00+00:00,11.602,11.643,11.51,11.576,142934.76
2025-04-06 09:00:00+00:00,11.576,11.579,11.524,11.528,47659.94
2025-04-06 10:00:00+00:00,11.528,11.548,11.371,11.404,124470.05
2025-04-06 11:00:00+00:00,11.404,11.471,11.341,11.458,110656.06
2025-04-06 12:00:00+00:00,11.458,11.488,11.322,11.334,80430.0
2025-04-06 13:00:00+00:00,11.334,11.354,11.105,11.138,358206.52
2025-04-06 14:00:00+00:00,11.138,11.339,11.094,11.318,258196.86
2025-04-06 15:00:00+00:00,11.318,11.57,11.266,11.439,251407.06
2025-04-06 16:00:00+00:00,11.439,11.449,11.086,11.123,288883.81
2025-04-06 17:00:00+00:00,11.123,11.124,10.596,10.636,1230653.17
2025-04-06 18:00:00+00:00,10.636,10.766,10.2,10.429,1114927.09
2025-04-06 19:00:00+00:00,10.429,10.654,10.368,10.652,669781.84
2025-04-06 20:00:00+00:00,10.652,10.736,10.458,10.508,592725.01
2025-04-06 21:00:00+00:00,10.508,10.564,10.382,10.491,333840.72
2025-04-06 22:00:00+00:00,10.491,10.654,10.219,10.273,797480.57
2025-04-06 23:00:00+00:00,10.273,10.395,10.03,10.281,714560.64
2025-04-07 00:00:00+00:00,10.281,10.319,9.776,10.225,1164282.11
2025-04-07 01:00:00+00:00,10.225,10.904,10.161,10.784,934413.21
2025-04-07 02:00:00+00:00,10.784,10.89,10.484,10.53,397782.48
2025-04-07 03:00:00+00:00,10.53,10.623,10.267,10.379,267207.48
2025-04-07 04:00:00+00:00,10.379,10.444,10.049,10.149,412548.23
2025-04-07 05:00:00+00:00,10.149,10.335,9.947,9.983,341595.13
2025-04-07 06:00:00+00:00,9.983,10.172,9.343,9.479,1108268.07
2025-04-07 07:00:00+00:00,9.479,10.231,9.444,9.949,1030654.74
2025-04-07 08:00:00+00:00,9.949,10.265,9.902,10.138,508879.45
2025-04-07 09:00:00+00:00,10.138,10.329,10.019,10.13,256817.55
2025-04-07 10:00:00+00:00,10.13,10.359,10.099,10.254,291865.8
2025-04-07 11:00:00+00:00,10.254,10.43,10.172,10.297,201041.86
2025-04-07 12:00:00+00:00,10.297,10.611,10.183,10.415,373461.25
2025-04-07 13:00:00+00:00,10.415,11.072,10.173,11.039,870036.52
2025-04-07 14:00:00+00:00,11.039,11.594,10.438,10.93,2305525.77
2025-04-07 15:00:00+00:00,10.93,11.236,10.684,11.086,908178.27
2025-04-07 16:00:00+00:00,11.086,11.232,10.618,10.627,686091.96
2025-04-07 17:00:00+00:00,10.627,11.527,10.627,11.493,689563.81
2025-04-07 18:00:00+00:00,11.493,11.634,11.002,11.143,688112.31
2025-04-07 19:00:00+00:00,11.143,11.587,11.135,11.405,347680.99
2025-04-07 20:00:00+00:00,11.405,11.815,11.394,11.75,496816.63
2025-04-07 21:00:00+00:00,11.75,11.843,11.545,11.709,288470.01
2025-04-07 22:00:00+00:00,11.709,11.95,11.672,11.829,188105.03
2025-04-07 23:00:00+00:00,11.829,11.851,11.436,11.514,229779.94
2025-04-08 00:00:00+00:00,11.514,11.66,11.46,11.469,163342.78
2025-04-08 01:00:00+00:00,11.469,12.057,11.435,12.022,315295.19
2025-04-08 02:00:00+00:00,12.022,12.658,12.011,12.482,756082.46
2025-04-08 03:00:00+00:00,12.482,12.635,12.19,12.405,623821.4
2025-04-08 04:00:00+00:00,12.405,12.56,12.348,12.382,294912.33
2025-04-08 05:00:00+00:00,12.382,12.385,11.907,11.967,461016.13
2025-04-08 06:00:00+00:00,11.967,12.004,11.808,11.942,290704.81
2025-04-08 07:00:00+00:00,11.942,12.047,11.837,12.012,306277.94
2025-04-08 08:00:00+00:00,12.012,12.019,11.785,11.924,292053.8
2025-04-08 09:00:00+00:00,11.924,11.994,11.812,11.822,266050.06
2025-04-08 10:00:00+00:00,11.822,12.042,11.812,12.022,335089.55
2025-04-08 11:00:00+00:00,12.022,12.273,11.921,12.229,397178.85
2025-04-08 12:00:00+00:00,12.229,12.324,12.166,12.227,261447.6
2025-04-08 13:00:00+00:00,12.227,12.351,12.011,12.122,387632.17
2025-04-08 14:00:00+00:00,12.122,12.283,11.596,11.601,612875.15
2025-04-08 15:00:00+00:00,11.601,11.717,11.512,11.587,529440.74
2025-04-08 16:00:00+00:00,11.587,11.587,11.049,11.099,957969.74
2025-04-08 17:00:00+00:00,11.099,11.289,10.737,11.211,1005197.34
2025-04-08 18:00:00+00:00,11.211,11.394,11.047,11.308,452851.75
2025-04-08 19:00:00+00:00,11.308,11.346,10.973,11.268,683463.26
2025-04-08 20:00:00+00:00,11.268,11.443,11.215,11.335,427912.65
2025-04-08 21:00:00+00:00,11.335,11.387,11.1,11.227,248101.57
2025-04-08 22:00:00+00:00,11.227,11.227,11.008,11.184,275768.21
2025-04-08 23:00:00+00:00,11.184,11.265,11.105,11.239,182036.91
2025-04-09 00:00:00+00:00,11.239,11.826,11.106,11.622,1038715.56
2025-04-09 01:00:00+00:00,11.622,12.069,11.161,12.051,1454439.48
2025-04-09 02:00:00+00:00,12.051,12.312,11.801,11.934,662781.94
2025-04-09 03:00:00+00:00,11.934,12.04,11.59,11.653,491485.61
2025-04-09 04:00:00+00:00,11.653,12.278,11.602,11.962,654169.34
2025-04-09 05:00:00+00:00,11.962,12.349,11.954,12.222,547096.49
2025-04-09 06:00:00+00:00,12.222,12.429,12.195,12.223,291801.95
2025-04-09 07:00:00+00:00,12.223,12.572,12.211,12.444,489894.89
2025-04-09 08:00:00+00:00,12.444,12.828,12.444,12.591,608988.13
2025-04-09 09:00:00+00:00,12.591,12.677,12.3,12.366,381516.73
2025-04-09 10:00:00+00:00,12.366,12.581,12.315,12.494,399001.41
2025-04-09 11:00:00+00:00,12.494,12.681,12.002,12.187,1292225.35
2025-04-09 12:00:00+00:00,12.187,12.377,11.945,12.297,767145.76
2025-04-09 13:00:00+00:00,12.297,12.583,12.16,12.522,761804.95
2025-04-09 14:00:00+00:00,12.522,13.074,12.506,12.597,1622858.46
2025-04-09 15:00:00+00:00,12.597,13.087,12.589,12.946,728418.99
2025-04-09 16:00:00+00:00,12.946,13.163,12.767,13.034,480734.3
2025-04-09 17:00:00+00:00,13.034,14.468,12.764,14.234,2577119.92
2025-04-09 18:00:00+00:00,14.234,14.356,13.474,13.514,1589364.71
2025-04-09 19:00:00+00:00,13.514,13.955,13.508,13.93,560659.5
2025-04-09 20:00:00+00:00,13.93,14.093,13.715,14.061,355186.91
2025-04-09 21:00:00+00:00,14.061,14.374,13.886,14.098,472938.93
2025-04-09 22:00:00+00:00,14.098,14.168,13.946,13.954,172824.85
2025-04-09 23:00:00+00:00,13.954,13.975,13.535,13.612,306967.39
2025-04-10 00:00:00+00:00,13.612,13.694,13.377,13.584,361714.73
2025-04-10 01:00:00+00:00,13.584,13.728,13.46,13.623,368925.89
2025-04-10 02:00:00+00:00,13.623,13.93,13.573,13.796,307150.96
2025-04-10 03:00:00+00:00,13.796,13.839,13.281,13.397,597416.13
2025-04-10 04:00:00+00:00,13.397,13.558,13.257,13.494,315940.93
2025-04-10 05:00:00+00:00,13.494,13.662,13.434,13.497,214989.18
2025-04-10 06:00:00+00:00,13.497,13.602,13.405,13.599,194850.33
2025-04-10 07:00:00+00:00,13.599,13.852,13.569,13.842,444390.75
2025-04-10 08:00:00+00:00,13.842,13.98,13.735,13.909,320558.84
2025-04-10 09:00:00+00:00,13.909,14.142,13.893,14.14,380037.32
2025-04-10 10:00:00+00:00,14.14,14.394,14.018,14.394,518947.59
2025-04-10 11:00:00+00:00,14.394,14.477,13.94,14.16,449878.68
2025-04-10 12:00:00+00:00,14.16,14.565,13.7,13.75,806738.26
2025-04-10 13:00:00+00:00,13.75,13.946,13.583,13.628,603476.3
2025-04-10 14:00:00+00:00,13.628,14.248,13.562,14.004,431870.89
2025-04-10 15:00:00+00:00,14.004,14.034,13.3,13.371,684210.37
2025-04-10 16:00:00+00:00,13.371,13.635,13.121,13.523,943466.75
2025-04-10 17:00:00+00:00,13.523,13.676,13.289,13.637,404761.54
2025-04-10 18:00:00+00:00,13.637,13.965,13.615,13.801,385401.06
2025-04-10 19:00:00+00:00,13.801,14.203,13.773,14.039,263682.7
2025-04-10 20:00:00+00:00,14.039,14.462,13.997,14.333,368354.71
2025-04-10 21:00:00+00:00,14.333,14.372,14.169,14.243,170734.29
2025-04-10 22:00:00+00:00,14.243,14.436,14.112,14.436,254570.95
2025-04-10 23:00:00+00:00,14.436,14.476,14.17,14.185,354906.28
2025-04-11 00:00:00+00:00,14.185,14.309,13.783,13.811,374842.24
2025-04-11 01:00:00+00:00,13.811,14.4,13.774,14.385,392190.74
2025-04-11 02:00:00+00:00,14.385,14.925,14.373,14.749,597315.96
2025-04-11 03:00:00+00:00,14.749,15.028,14.739,14.942,430051.25
2025-04-11 04:00:00+00:00,14.942,15.174,14.844,15.158,328735.19
2025-04-11 05:00:00+00:00,15.158,15.26,14.986,15.019,259102.51
2025-04-11 06:00:00+00:00,15.019,15.3,14.969,15.3,250030.36
2025-04-11 07:00:00+00:00,15.3,15.58,15.226,15.361,369069.8
2025-04-11 08:00:00+00:00,15.361,15.363,15.061,15.24,363542.87
2025-04-11 09:00:00+00:00,15.24,15.48,15.036,15.388,286852.62
2025-04-11 10:00:00+00:00,15.388,15.48,15.102,15.129,291581.16
2025-04-11 11:00:00+00:00,15.129,15.251,14.887,14.896,245128.3
2025-04-11 12:00:00+00:00,14.896,15.065,14.823,14.988,291224.8
2025-04-11 13:00:00+00:00,14.988,15.373,14.924,15.199,302852.95
2025-04-11 14:00:00+00:00,15.199,15.269,14.809,14.981,431272.92
2025-04-11 15:00:00+00:00,14.981,15.105,14.838,15.042,198467.81
2025-04-11 16:00:00+00:00,15.042,15.617,14.98,15.281,453568.14
2025-04-11 17:00:00+00:00,15.281,15.745,15.245,15.656,353226.83
2025-04-11 18:00:00+00:00,15.656,15.808,15.522,15.536,370519.17
2025-04-11 19:00:00+00:00,15.536,15.827,15.495,15.761,263412.2
2025-04-11 20:00:00+00:00,15.761,16.034,15.721,15.904,337542.71
2025-04-11 21:00:00+00:00,15.904,16.032,15.509,15.794,512147.09
2025-04-11 22:00:00+00:00,15.794,16.024,15.603,15.919,268057.48
2025-04-11 23:00:00+00:00,15.919,15.925,15.631,15.69,248552.91
2025-04-12 00:00:00+00:00,15.69,15.694,15.359,15.458,223775.79
2025-04-12 01:00:00+00:00,15.458,15.474,15.173,15.378,268624.22
2025-04-12 02:00:00+00:00,15.378,15.535,15.225,15.225,253997.85
2025-04-12 03:00:00+00:00,15.225,15.547,15.206,15.323,256840.65
2025-04-12 04:00:00+00:00,15.323,15.533,15.114,15.511,251772.35
2025-04-12 05:00:00+00:00,15.511,15.586,15.32,15.394,157971.5
2025-04-12 06:00:00+00:00,15.394,15.885,15.394,15.868,275590.04
2025-04-12 07:00:00+00:00,15.868,15.948,15.718,15.825,172350.32
2025-04-12 08:00:00+00:00,15.825,16.0,15.795,15.861,176055.71
2025-04-12 09:00:00+00:00,15.861,15.891,15.617,15.72,169718.83
2025-04-12 10:00:00+00:00,15.72,15.775,15.591,15.662,103829.72
2025-04-12 11:00:00+00:00,15.662,15.688,15.499,15.533,190765.22
2025-04-12 12:00:00+00:00,15.533,15.555,15.337,15.432,202932.29
2025-04-12 13:00:00+00:00,15.432,16.033,15.42,15.903,433754.66
2025-04-12 14:00:00+00:00,15.903,16.363,15.819,15.838,609715.85
2025-04-12 15:00:00+00:00,15.838,16.142,15.599,15.969,509756.72
2025-04-12 16:00:00+00:00,15.969,16.18,15.802,15.883,276048.23
2025-04-12 17:00:00+00:00,15.883,16.371,15.778,16.193,397398.8
2025-04-12 18:00:00+00:00,16.193,16.439,16.189,16.278,175492.12
2025-04-12 19:00:00+00:00,16.278,16.534,16.189,16.519,160784.89
2025-04-12 20:00:00+00:00,16.519,16.773,16.336,16.504,362594.64
2025-04-12 21:00:00+00:00,16.504,16.85,16.435,16.794,217058.76
2025-04-12 22:00:00+00:00,16.794,16.856,16.445,16.472,295842.67
2025-04-12 23:00:00+00:00,16.472,16.506,16.227,16.372,322651.66
2025-04-13 00:00:00+00:00,16.372,16.743,16.353,16.703,204912.46
2025-04-13 01:00:00+00:00,16.703,16.881,16.49,16.556,264237.26
2025-04-13 02:00:00+00:00,16.556,16.702,16.092,16.336,251643.59
2025-04-13 03:00:00+00:00,16.336,16.426,16.108,16.258,103146.05
2025-04-13 04:00:00+00:00,16.258,16.281,15.978,16.127,175593.45
2025-04-13 05:00:00+00:00,16.127,16.378,16.09,16.27,123917.93
2025-04-13 06:00:00+00:00,16.27,16.492,16.182,16.286,158932.47
2025-04-13 07:00:00+00:00,16.286,16.417,15.956,16.026,149571.63
2025-04-13 08:00:00+00:00,16.026,16.215,15.933,16.192,134667.64
2025-04-13 09:00:00+00:00,16.192,16.239,16.096,16.175,115718.72
2025-04-13 10:00:00+00:00,16.175,16.311,15.997,16.304,132773.58
2025-04-13 11:00:00+00:00,16.304,16.45,16.041,16.45,179567.46
2025-04-13 12:00:00+00:00,16.45,16.468,15.982,16.023,185565.75
2025-04-13 13:00:00+00:00,16.023,16.17,15.553,15.667,306640.04
2025-04-13 14:00:00+00:00,15.667,15.852,15.401,15.584,416350.53
2025-04-13 15:00:00+00:00,15.584,15.715,15.304,15.511,467927.28
2025-04-13 16:00:00+00:00,15.511,15.773,15.477,15.621,320785.62
2025-04-13 17:00:00+00:00,15.621,16.083,15.608,16.031,305859.68
2025-04-13 18:00:00+00:00,16.031,16.302,16.014,16.2,342200.05
2025-04-13 19:00:00+00:00,16.2,16.201,15.525,15.576,383782.84
2025-04-13 20:00:00+00:00,15.576,15.732,15.07,15.157,498218.07
2025-04-13 21:00:00+00:00,15.157,15.31,15.033,15.224,267973.76
2025-04-13 22:00:00+00:00,15.224,15.275,15.009,15.021,180566.89
2025-04-13 23:00:00+00:00,15.021,15.477,15.0,15.425,266086.32
2025-04-14 00:00:00+00:00,15.425,15.761,15.35,15.608,260879.02
2025-04-14 01:00:00+00:00,15.608,15.628,15.321,15.415,169996.08
2025-04-14 02:00:00+00:00,15.415,16.213,15.346,15.849,318821.67
2025-04-14 03:00:00+00:00,15.849,15.85,15.394,15.581,319429.86
2025-04-14 04:00:00+00:00,15.581,16.108,15.581,16.031,197240.57
2025-04-14 05:00:00+00:00,16.031,16.059,15.695,15.847,189204.11
2025-04-14 06:00:00+00:00,15.847,15.933,15.76,15.851,82465.36
2025-04-14 07:00:00+00:00,15.851,16.147,15.816,15.974,143420.52
2025-04-14 08:00:00+00:00,15.974,16.028,15.801,15.848,124729.53
2025-04-14 09:00:00+00:00,15.848,15.902,15.556,15.637,159076.01
2025-04-14 10:00:00+00:00,15.637,15.798,15.533,15.715,139146.22
2025-04-14 11:00:00+00:00,15.715,15.978,15.683,15.954,111757.9
2025-04-14 12:00:00+00:00,15.954,16.096,15.716,16.084,170145.5
2025-04-14 13:00:00+00:00,16.084,16.262,15.8,15.925,258251.52
2025-04-14 14:00:00+00:00,15.925,16.388,15.842,16.235,386470.65
2025-04-14 15:00:00+00:00,16.235,16.24,15.564,15.627,423380.42
2025-04-14 16:00:00+00:00,15.627,15.757,15.381,15.633,378097.58
2025-04-14 17:00:00+00:00,15.633,15.8,15.512,15.646,148406.98
2025-04-14 18:00:00+00:00,15.646,15.961,15.637,15.89,168170.98
2025-04-14 19:00:00+00:00,15.89,16.038,15.628,15.733,185911.78
2025-04-14 20:00:00+00:00,15.733,15.918,15.483,15.875,203192.48
2025-04-14 21:00:00+00:00,15.875,15.921,15.674,15.77,95885.65
2025-04-14 22:00:00+00:00,15.77,15.894,15.608,15.701,124855.45
2025-04-14 23:00:00+00:00,15.701,15.882,15.671,15.763,93347.02
2025-04-15 00:00:00+00:00,15.763,16.027,15.601,16.026,131408.23
2025-04-15 01:00:00+00:00,16.026,16.16,15.831,16.147,171947.78
2025-04-15 02:00:00+00:00,16.147,16.206,15.958,16.081,110261.21
2025-04-15 03:00:00+00:00,16.081,16.431,16.045,16.327,168958.21
2025-04-15 04:00:00+00:00,16.327,16.396,16.121,16.16,124373.1
2025-04-15 05:00:00+00:00,16.16,16.294,16.073,16.196,160096.48
2025-04-15 06:00:00+00:00,16.196,16.312,16.045,16.213,169306.39
2025-04-15 07:00:00+00:00,16.213,16.438,16.194,16.415,120518.02
2025-04-15 08:00:00+00:00,16.415,16.499,16.183,16.488,200971.19
2025-04-15 09:00:00+00:00,16.488,16.662,16.39,16.508,241460.7
2025-04-15 10:00:00+00:00,16.508,16.533,16.123,16.244,217489.36
2025-04-15 11:00:00+00:00,16.244,16.264,15.919,16.082,192614.38
2025-04-15 12:00:00+00:00,16.082,16.141,15.943,16.131,171691.29
2025-04-15 13:00:00+00:00,16.131,16.463,15.891,15.924,336140.11
2025-04-15 14:00:00+00:00,15.924,15.98,15.538,15.658,525845.13
2025-04-15 15:00:00+00:00,15.658,15.955,15.598,15.732,237923.34
2025-04-15 16:00:00+00:00,15.732,15.807,15.669,15.703,115314.59
2025-04-15 17:00:00+00:00,15.703,15.808,15.505,15.52,129200.11
2025-04-15 18:00:00+00:00,15.52,15.54,15.304,15.342,202463.59
2025-04-15 19:00:00+00:00,15.342,15.399,15.166,15.203,172511.1
2025-04-15 20:00:00+00:00,15.203,15.4,15.103,15.198,173613.93
2025-04-15 21:00:00+00:00,15.198,15.436,15.167,15.383,104048.14
2025-04-15 22:00:00+00:00,15.383,15.383,15.058,15.14,163478.67
2025-04-15 23:00:00+00:00,15.14,15.208,15.02,15.062,125810.63
2025-04-16 00:00:00+00:00,15.062,15.242,14.926,14.979,239370.6
2025-04-16 01:00:00+00:00,14.979,15.269,14.963,15.224,155419.55
2025-04-16 02:00:00+00:00,15.224,15.333,15.209,15.306,129363.38
2025-04-16 03:00:00+00:00,15.306,15.359,15.251,15.288,110616.69
2025-04-16 04:00:00+00:00,15.288,15.348,14.877,14.92,251832.01
2025-04-16 05:00:00+00:00,14.92,15.071,14.802,14.903,220570.79
2025-04-16 06:00:00+00:00,14.903,15.053,14.88,15.031,94311.82
2025-04-16 07:00:00+00:00,15.031,15.069,14.8,14.843,178249.61
2025-04-16 08:00:00+00:00,14.843,15.141,14.651,15.012,390641.22
2025-04-16 09:00:00+00:00,15.012,15.145,14.908,14.919,136074.06
2025-04-16 10:00:00+00:00,14.919,15.24,14.9,15.222,158899.97
2025-04-16 11:00:00+00:00,15.222,15.345,15.108,15.291,162278.31
2025-04-16 12:00:00+00:00,15.291,15.386,15.157,15.172,185984.64
2025-04-16 13:00:00+00:00,15.172,15.436,15.129,15.19,204981.92
2025-04-16 14:00:00+00:00,15.19,16.004,15.188,15.918,413139.03
2025-04-16 15:00:00+00:00,15.918,16.168,15.82,15.881,303768.93
2025-04-16 16:00:00+00:00,15.881,15.975,15.641,15.807,192328.28
2025-04-16 17:00:00+00:00,15.807,16.077,15.255,15.3,402385.34
2025-04-16 18:00:00+00:00,15.3,15.891,15.29,15.655,367255.25
2025-04-16 19:00:00+00:00,15.655,15.863,15.368,15.785,235327.64
2025-04-16 20:00:00+00:00,15.785,16.211,15.772,15.912,284008.41
2025-04-16 21:00:00+00:00,15.912,16.226,15.868,16.181,144984.17
2025-04-16 22:00:00+00:00,16.181,16.289,16.129,16.205,96845.62
2025-04-16 23:00:00+00:00,16.205,16.243,15.734,15.784,157373.31
2025-04-17 00:00:00+00:00,15.784,16.035,15.575,16.034,205518.44
2025-04-17 01:00:00+00:00,16.034,16.222,15.95,16.08,171566.16
2025-04-17 02:00:00+00:00,16.08,16.08,15.772,15.92,126888.76
2025-04-17 03:00:00+00:00,15.92,16.024,15.423,15.657,358219.5
2025-04-17 04:00:00+00:00,15.657,15.938,15.609,15.896,129506.45
2025-04-17 05:00:00+00:00,15.896,16.185,15.896,16.168,219364.27
2025-04-17 06:00:00+00:00,16.168,16.4,16.106,16.389,203847.47
2025-04-17 07:00:00+00:00,16.389,16.617,16.291,16.485,235668.69
2025-04-17 08:00:00+00:00,16.485,16.625,16.357,16.437,173245.8
2025-04-17 09:00:00+00:00,16.437,16.532,16.298,16.487,137326.86
2025-04-17 10:00:00+00:00,16.487,16.58,16.351,16.483,126290.41
2025-04-17 11:00:00+00:00,16.483,16.799,16.362,16.643,288052.76
2025-04-17 12:00:00+00:00,16.643,16.796,16.551,16.776,181068.49
2025-04-17 13:00:00+00:00,16.776,16.777,16.4,16.53,259088.29
2025-04-17 14:00:00+00:00,16.53,16.553,15.961,16.194,454969.91
2025-04-17 15:00:00+00:00,16.194,16.562,16.15,16.544,266353.92
2025-04-17 16:00:00+00:00,16.544,16.736,16.452,16.579,298478.88
2025-04-17 17:00:00+00:00,16.579,16.82,16.57,16.746,160362.1
2025-04-17 18:00:00+00:00,16.746,17.028,16.695,16.725,411331.39
2025-04-17 19:00:00+00:00,16.725,16.865,16.32,16.544,517452.38
2025-04-17 20:00:00+00:00,16.544,16.944,16.542,16.863,349361.87
2025-04-17 21:00:00+00:00,16.863,17.095,16.661,17.074,247070.97
2025-04-17 22:00:00+00:00,17.074,17.145,16.903,16.967,214911.8
2025-04-17 23:00:00+00:00,16.967,17.256,16.838,17.154,492948.54
2025-04-18 00:00:00+00:00,17.154,17.241,16.856,16.906,287405.65
2025-04-18 01:00:00+00:00,16.906,17.214,16.843,17.123,137170.8
2025-04-18 02:00:00+00:00,17.123,17.468,16.941,17.248,310139.9
2025-04-18 03:00:00+00:00,17.248,17.345,17.001,17.146,231331.45
2025-04-18 04:00:00+00:00,17.146,17.166,16.868,16.942,159582.14
2025-04-18 05:00:00+00:00,16.942,17.011,16.696,17.009,185085.72
2025-04-18 06:00:00+00:00,17.009,17.156,16.95,17.145,136516.06
2025-04-18 07:00:00+00:00,17.145,17.196,16.867,16.996,189943.93
2025-04-18 08:00:00+00:00,16.996,17.1,16.87,16.879,93551.76
2025-04-18 09:00:00+00:00,16.879,17.014,16.852,16.927,95357.28
2025-04-18 10:00:00+00:00,16.927,16.965,16.58,16.697,223461.53
2025-04-18 11:00:00+00:00,16.697,16.772,16.447,16.623,227938.88
2025-04-18 12:00:00+00:00,16.623,16.838,16.572,16.652,132857.77
2025-04-18 13:00:00+00:00,16.652,16.822,16.622,16.794,122443.41
2025-04-18 14:00:00+00:00,16.794,16.842,16.68,16.747,112739.92
2025-04-18 15:00:00+00:00,16.747,16.772,16.407,16.442,194477.44
2025-04-18 16:00:00+00:00,16.442,16.614,16.346,16.556,189194.71
2025-04-18 17:00:00+00:00,16.556,16.934,16.515,16.902,251513.7
2025-04-18 18:00:00+00:00,16.902,17.04,16.85,16.984,156169.34
2025-04-18 19:00:00+00:00,16.984,17.04,16.74,16.83,138574.57
2025-04-18 20:00:00+00:00,16.83,16.973,16.733,16.914,162707.73
2025-04-18 21:00:00+00:00,16.914,17.203,16.834,17.152,197889.72
2025-04-18 22:00:00+00:00,17.152,17.242,17.077,17.217,98182.88
2025-04-18 23:00:00+00:00,17.217,17.231,16.944,17.092,206236.17
2025-04-19 00:00:00+00:00,17.092,17.11,16.701,16.889,118829.67
2025-04-19 01:00:00+00:00,16.889,16.966,16.866,16.945,61494.79
2025-04-19 02:00:00+00:00,16.945,17.198,16.827,17.195,204679.92
2025-04-19 03:00:00+00:00,17.195,17.556,17.129,17.546,361689.93
2025-04-19 04:00:00+00:00,17.546,17.792,17.482,17.688,244937.85
2025-04-19 05:00:00+00:00,17.688,18.075,17.59,17.971,329152.44
2025-04-19 06:00:00+00:00,17.971,18.15,17.748,17.866,304556.15
2025-04-19 07:00:00+00:00,17.866,18.272,17.861,18.192,282332.23
2025-04-19 08:00:00+00:00,18.192,18.211,17.986,18.076,113537.58
2025-04-19 09:00:00+00:00,18.076,18.238,18.026,18.204,159390.94
2025-04-19 10:00:00+00:00,18.204,18.225,17.981,18.041,158237.55
2025-04-19 11:00:00+00:00,18.041,18.189,17.902,17.971,208508.44
2025-04-19 12:00:00+00:00,17.971,18.092,17.9,17.921,136855.21
2025-04-19 13:00:00+00:00,17.921,18.153,17.772,18.13,160817.37
2025-04-19 14:00:00+00:00,18.13,18.222,18.021,18.127,129710.11
2025-04-19 15:00:00+00:00,18.127,18.194,17.918,18.034,131592.16
2025-04-19 16:00:00+00:00,18.034,18.159,17.631,17.844,271433.11
2025-04-19 17:00:00+00:00,17.844,17.999,17.564,17.826,232213.01
2025-04-19 18:00:00+00:00,17.826,17.872,17.63,17.847,95393.4
2025-04-19 19:00:00+00:00,17.847,17.992,17.78,17.829,87168.35
2025-04-19 20:00:00+00:00,17.829,18.064,17.7,18.044,126807.81
2025-04-19 21:00:00+00:00,18.044,18.11,17.975,17.981,52693.58
2025-04-19 22:00:00+00:00,17.981,18.134,17.973,18.044,70733.25
2025-04-19 23:00:00+00:00,18.044,18.118,17.906,18.106,56381.65
2025-04-20 00:00:00+00:00,18.106,18.23,18.017,18.031,105689.08
2025-04-20 01:00:00+00:00,18.031,18.417,18.014,18.412,165313.69
2025-04-20 02:00:00+00:00,18.412,18.472,18.274,18.464,166371.45
2025-04-20 03:00:00+00:00,18.464,18.5,18.421,18.478,101916.05
2025-04-20 04:00:00+00:00,18.478,18.517,18.363,18.398,149859.23
2025-04-20 05:00:00+00:00,18.398,18.433,18.188,18.188,117809.41
2025-04-20 06:00:00+00:00,18.188,18.213,18.026,18.031,207895.63
2025-04-20 07:00:00+00:00,18.031,18.076,17.705,17.778,256939.46
2025-04-20 08:00:00+00:00,17.778,17.91,17.643,17.867,164026.07
2025-04-20 09:00:00+00:00,17.867,17.894,17.756,17.844,104554.52
2025-04-20 10:00:00+00:00,17.844,17.901,17.441,17.538,249964.78
2025-04-20 11:00:00+00:00,17.538,17.808,17.49,17.564,234721.98
2025-04-20 12:00:00+00:00,17.564,17.851,17.515,17.778,142816.92
2025-04-20 13:00:00+00:00,17.778,17.794,17.525,17.531,79263.56
2025-04-20 14:00:00+00:00,17.531,17.651,17.181,17.374,280250.9
2025-04-20 15:00:00+00:00,17.374,17.426,17.123,17.306,133727.53
2025-04-20 16:00:00+00:00,17.306,17.545,17.301,17.528,189918.9
2025-04-20 17:00:00+00:00,17.528,17.551,17.263,17.353,126304.66
2025-04-20 18:00:00+00:00,17.353,17.585,17.301,17.536,71924.61
2025-04-20 19:00:00+00:00,17.536,17.731,17.501,17.685,103735.27
2025-04-20 20:00:00+00:00,17.685,17.853,17.587,17.728,167265.19
2025-04-20 21:00:00+00:00,17.728,17.808,17.502,17.591,106820.43
2025-04-20 22:00:00+00:00,17.591,17.631,17.284,17.394,185764.78
2025-04-20 23:00:00+00:00,17.394,17.641,17.394,17.614,151054.43
2025-04-21 00:00:00+00:00,17.614,18.167,17.614,18.035,368420.2
2025-04-21 01:00:00+00:00,18.035,18.469,18.035,18.157,456391.24
2025-04-21 02:00:00+00:00,18.157,18.265,17.958,18.057,241361.03
2025-04-21 03:00:00+00:00,18.057,18.191,17.828,17.913,217692.77
2025-04-21 04:00:00+00:00,17.913,18.128,17.809,18.088,169991.83
2025-04-21 05:00:00+00:00,18.088,18.385,18.066,18.251,172133.99
2025-04-21 06:00:00+00:00,18.251,18.34,18.086,18.269,117846.26
2025-04-21 07:00:00+00:00,18.269,18.415,18.22,18.329,110332.8
2025-04-21 08:00:00+00:00,18.329,18.482,18.251,18.411,112038.15
2025-04-21 09:00:00+00:00,18.411,18.491,18.084,18.148,161027.53
2025-04-21 10:00:00+00:00,18.148,18.181,17.955,17.973,114778.88
2025-04-21 11:00:00+00:00,17.973,17.976,17.824,17.913,145768.71
2025-04-21 12:00:00+00:00,17.913,18.022,17.76,17.791,134559.44
2025-04-21 13:00:00+00:00,17.791,18.074,17.708,17.89,204838.59
2025-04-21 14:00:00+00:00,17.89,18.29,17.888,18.284,241225.87
2025-04-21 15:00:00+00:00,18.284,18.315,18.019,18.066,201702.73
2025-04-21 16:00:00+00:00,18.066,18.103,17.447,17.525,336567.07
2025-04-21 17:00:00+00:00,17.525,17.741,17.256,17.547,344872.86
2025-04-21 18:00:00+00:00,17.547,17.792,17.496,17.672,116736.82
2025-04-21 19:00:00+00:00,17.672,17.971,17.62,17.886,147345.66
2025-04-21 20:00:00+00:00,17.886,18.089,17.831,18.03,145295.9
2025-04-21 21:00:00+00:00,18.03,18.192,17.87,18.184,127720.98
2025-04-21 22:00:00+00:00,18.184,18.26,17.939,18.249,159400.94
2025-04-21 23:00:00+00:00,18.249,18.258,18.008,18.233,156014.17
2025-04-22 00:00:00+00:00,18.233,18.252,17.867,18.153,159514.43
2025-04-22 01:00:00+00:00,18.153,18.452,18.109,18.422,287855.55
2025-04-22 02:00:00+00:00,18.422,18.547,18.138,18.247,209445.86
2025-04-22 03:00:00+00:00,18.247,18.733,18.203,18.606,283778.82
2025-04-22 04:00:00+00:00,18.606,18.713,18.474,18.509,171841.97
2025-04-22 05:00:00+00:00,18.509,18.57,18.362,18.553,135682.93
2025-04-22 06:00:00+00:00,18.553,18.56,18.103,18.28,214057.57
2025-04-22 07:00:00+00:00,18.28,18.339,18.155,18.307,119909.1
2025-04-22 08:00:00+00:00,18.307,18.333,18.125,18.251,118354.48
2025-04-22 09:00:00+00:00,18.251,18.33,18.13,18.288,111962.78
2025-04-22 10:00:00+00:00,18.288,18.32,18.11,18.294,96082.11
2025-04-22 11:00:00+00:00,18.294,18.541,18.136,18.522,187219.64
2025-04-22 12:00:00+00:00,18.522,18.666,18.509,18.599,162036.57
2025-04-22 13:00:00+00:00,18.599,18.85,18.522,18.764,286045.16
2025-04-22 14:00:00+00:00,18.764,18.918,18.725,18.834,244575.86
2025-04-22 15:00:00+00:00,18.834,18.933,18.403,18.596,403344.63
2025-04-22 16:00:00+00:00,18.596,18.665,18.378,18.588,201219.63
2025-04-22 17:00:00+00:00,18.588,18.824,18.546,18.805,153956.49
2025-04-22 18:00:00+00:00,18.805,18.868,18.566,18.782,184767.44
2025-04-22 19:00:00+00:00,18.782,18.872,18.703,18.833,118368.42
2025-04-22 20:00:00+00:00,18.833,18.91,18.6,18.664,188056.85
2025-04-22 21:00:00+00:00,18.664,19.098,18.591,18.97,350764.46
2025-04-22 22:00:00+00:00,18.97,19.1,18.816,18.881,256175.8
2025-04-22 23:00:00+00:00,18.881,19.331,18.879,19.227,295645.34
2025-04-23 00:00:00+00:00,19.227,19.26,18.624,18.68,305997.01
2025-04-23 01:00:00+00:00,18.68,19.077,18.646,18.884,222802.21
2025-04-23 02:00:00+00:00,18.884,19.053,18.847,18.881,187367.64
2025-04-23 03:00:00+00:00,18.881,19.148,18.7,19.091,232774.71
2025-04-23 04:00:00+00:00,19.091,19.366,18.901,19.2,251725.04
2025-04-23 05:00:00+00:00,19.2,19.389,18.935,18.959,227074.48
2025-04-23 06:00:00+00:00,18.959,19.095,18.889,19.05,110069.45
2025-04-23 07:00:00+00:00,19.05,19.103,18.726,18.96,203924.33
2025-04-23 08:00:00+00:00,18.96,19.118,18.8,19.091,136698.3
2025-04-23 09:00:00+00:00,19.091,19.129,18.948,18.95,84698.05
2025-04-23 10:00:00+00:00,18.95,18.974,18.732,18.939,164661.94
2025-04-23 11:00:00+00:00,18.939,18.962,18.755,18.839,161231.99
2025-04-23 12:00:00+00:00,18.839,19.118,18.834,19.099,138583.39
2025-04-23 13:00:00+00:00,19.099,19.109,18.425,18.513,449468.0
2025-04-23 14:00:00+00:00,18.513,18.769,18.389,18.632,377587.79
2025-04-23 15:00:00+00:00,18.632,18.643,18.167,18.53,454678.3
2025-04-23 16:00:00+00:00,18.53,18.574,18.094,18.494,432949.2
2025-04-23 17:00:00+00:00,18.494,18.68,18.426,18.601,187342.95
2025-04-23 18:00:00+00:00,18.601,18.821,18.493,18.566,205155.98
2025-04-23 19:00:00+00:00,18.566,18.628,18.253,18.409,223638.08
2025-04-23 20:00:00+00:00,18.409,18.518,18.22,18.49,153896.57
2025-04-23 21:00:00+00:00,18.49,18.639,18.392,18.422,176940.66
2025-04-23 22:00:00+00:00,18.422,18.585,18.321,18.558,89994.29
2025-04-23 23:00:00+00:00,18.558,18.697,18.403,18.492,113160.0
2025-04-24 00:00:00+00:00,18.492,18.548,18.126,18.146,169297.69
2025-04-24 01:00:00+00:00,18.146,18.538,18.137,18.5,146856.5
2025-04-24 02:00:00+00:00,18.5,18.649,18.279,18.297,92535.23
2025-04-24 03:00:00+00:00,18.297,18.403,18.05,18.063,135427.95
2025-04-24 04:00:00+00:00,18.063,18.208,18.003,18.162,112518.57
2025-04-24 05:00:00+00:00,18.162,18.296,18.128,18.27,67458.51
2025-04-24 06:00:00+00:00,18.27,18.353,18.121,18.127,73898.46
2025-04-24 07:00:00+00:00,18.127,18.221,17.933,17.97,103806.91
2025-04-24 08:00:00+00:00,17.97,18.038,17.726,17.872,167459.92
2025-04-24 09:00:00+00:00,17.872,18.333,17.826,18.239,522402.55
2025-04-24 10:00:00+00:00,18.239,18.255,17.933,18.047,185812.09
2025-04-24 11:00:00+00:00,18.047,18.077,17.813,17.854,153857.77
2025-04-24 12:00:00+00:00,17.854,17.964,17.745,17.947,167088.86
2025-04-24 13:00:00+00:00,17.947,18.042,17.844,17.993,173142.98
2025-04-24 14:00:00+00:00,17.993,18.234,17.937,18.125,315035.19
2025-04-24 15:00:00+00:00,18.125,18.31,18.073,18.229,242489.57
2025-04-24 16:00:00+00:00,18.229,18.295,18.156,18.256,169370.9
2025-04-24 17:00:00+00:00,18.256,18.256,17.91,18.132,243173.49
2025-04-24 18:00:00+00:00,18.132,18.798,18.105,18.704,304534.79
2025-04-24 19:00:00+00:00,18.704,19.056,18.463,18.93,268431.62
2025-04-24 20:00:00+00:00,18.93,18.999,18.654,18.834,174341.95
2025-04-24 21:00:00+00:00,18.834,18.95,18.461,18.638,157748.53
2025-04-24 22:00:00+00:00,18.638,18.749,18.533,18.626,97428.46
2025-04-24 23:00:00+00:00,18.626,18.935,18.596,18.795,147163.73
2025-04-25 00:00:00+00:00,18.795,19.068,18.795,19.039,189695.58
2025-04-25 01:00:00+00:00,19.039,19.113,18.907,18.917,84775.49
2025-04-25 02:00:00+00:00,18.917,18.961,18.579,18.647,150335.23
2025-04-25 03:00:00+00:00,18.647,18.686,18.518,18.679,89631.06
2025-04-25 04:00:00+00:00,18.679,18.797,18.615,18.62,103126.06
2025-04-25 05:00:00+00:00,18.62,18.769,18.58,18.685,60044.38
2025-04-25 06:00:00+00:00,18.685,18.807,18.567,18.798,129420.75
2025-04-25 07:00:00+00:00,18.798,18.953,18.655,18.875,192633.24
2025-04-25 08:00:00+00:00,18.875,19.122,18.842,18.979,175625.71
2025-04-25 09:00:00+00:00,18.979,19.041,18.801,18.938,145854.76
2025-04-25 10:00:00+00:00,18.938,18.948,18.776,18.851,141316.83
2025-04-25 11:00:00+00:00,18.851,19.097,18.838,19.068,131646.23
2025-04-25 12:00:00+00:00,19.068,19.22,18.812,18.83,283787.03
2025-04-25 13:00:00+00:00,18.83,18.868,18.569,18.74,267514.24
2025-04-25 14:00:00+00:00,18.74,18.989,18.607,18.83,352953.88
2025-04-25 15:00:00+00:00,18.83,18.876,18.511,18.542,219086.89
2025-04-25 16:00:00+00:00,18.542,18.601,18.312,18.538,182233.54
2025-04-25 17:00:00+00:00,18.538,18.639,18.227,18.273,193699.09
2025-04-25 18:00:00+00:00,18.273,18.546,18.259,18.373,107009.61
2025-04-25 19:00:00+00:00,18.373,18.524,18.187,18.336,126024.96
2025-04-25 20:00:00+00:00,18.336,18.362,18.2,18.313,58600.09
2025-04-25 21:00:00+00:00,18.313,18.383,18.179,18.207,54291.12
2025-04-25 22:00:00+00:00,18.207,18.377,18.174,18.34,70493.57
2025-04-25 23:00:00+00:00,18.34,18.438,18.292,18.413,65362.43
2025-04-26 00:00:00+00:00,18.413,18.456,18.214,18.229,88547.23
2025-04-26 01:00:00+00:00,18.229,18.375,18.028,18.265,194501.31
2025-04-26 02:00:00+00:00,18.265,18.431,18.208,18.416,88015.12
2025-04-26 03:00:00+00:00,18.416,18.48,18.321,18.405,98065.27
2025-04-26 04:00:00+00:00,18.405,18.432,17.972,18.073,158125.88
2025-04-26 05:00:00+00:00,18.073,18.154,17.944,18.126,100597.11
2025-04-26 06:00:00+00:00,18.126,18.31,18.088,18.292,74352.19
2025-04-26 07:00:00+00:00,18.292,18.336,18.094,18.099,78590.52
2025-04-26 08:00:00+00:00,18.099,18.426,18.018,18.048,129575.57
2025-04-26 09:00:00+00:00,18.048,18.099,17.9,17.928,106664.18
2025-04-26 10:00:00+00:00,17.928,18.015,17.832,17.96,104238.25
2025-04-26 11:00:00+00:00,17.96,17.986,17.614,17.678,182194.83
2025-04-26 12:00:00+00:00,17.678,17.748,17.603,17.645,181942.87
2025-04-26 13:00:00+00:00,17.645,17.724,17.47,17.549,198649.69
2025-04-26 14:00:00+00:00,17.549,17.754,17.49,17.716,160368.6
2025-04-26 15:00:00+00:00,17.716,17.891,17.705,17.821,178514.74
2025-04-26 16:00:00+00:00,17.821,17.918,17.698,17.907,181852.01
2025-04-26 17:00:00+00:00,17.907,17.975,17.772,17.968,138048.85
2025-04-26 18:00:00+00:00,17.968,17.97,17.794,17.794,71819.19
2025-04-26 19:00:00+00:00,17.794,17.919,17.757,17.898,42882.31
2025-04-26 20:00:00+00:00,17.898,17.921,17.832,17.862,37957.68
2025-04-26 21:00:00+00:00,17.862,17.904,17.787,17.832,32573.22
2025-04-26 22:00:00+00:00,17.832,18.269,17.777,18.129,306212.69
2025-04-26 23:00:00+00:00,18.129,18.177,17.935,17.94,88780.25
2025-04-27 00:00:00+00:00,17.94,18.258,17.94,18.12,203023.37
2025-04-27 01:00:00+00:00,18.12,18.181,17.685,17.696,215312.16
2025-04-27 02:00:00+00:00,17.696,17.869,17.659,17.692,108454.06
2025-04-27 03:00:00+00:00,17.692,17.797,17.648,17.728,63300.18
2025-04-27 04:00:00+00:00,17.728,17.855,17.594,17.596,81416.11
2025-04-27 05:00:00+00:00,17.596,17.599,17.365,17.37,166803.71
2025-04-27 06:00:00+00:00,17.37,17.535,17.364,17.493,99698.25
2025-04-27 07:00:00+00:00,17.493,17.688,17.4,17.556,145776.9
2025-04-27 08:00:00+00:00,17.556,17.699,17.539,17.685,74417.72
2025-04-27 09:00:00+00:00,17.685,17.686,17.525,17.599,114240.33
2025-04-27 10:00:00+00:00,17.599,17.669,17.491,17.619,51047.74
2025-04-27 11:00:00+00:00,17.619,17.644,17.53,17.619,35042.23
2025-04-27 12:00:00+00:00,17.619,17.664,17.453,17.556,74354.86
2025-04-27 13:00:00+00:00,17.556,17.863,17.494,17.857,189134.02
2025-04-27 14:00:00+00:00,17.857,17.886,17.714,17.755,82527.42
2025-04-27 15:00:00+00:00,17.755,18.041,17.635,18.0,188284.15
2025-04-27 16:00:00+00:00,18.0,18.015,17.725,17.752,81467.93
2025-04-27 17:00:00+00:00,17.752,17.933,17.728,17.735,60300.48
2025-04-27 18:00:00+00:00,17.735,17.982,17.724,17.898,53566.52
2025-04-27 19:00:00+00:00,17.898,17.904,17.684,17.726,89019.59
2025-04-27 20:00:00+00:00,17.726,17.783,17.57,17.622,77016.92
2025-04-27 21:00:00+00:00,17.622,17.764,17.521,17.673,72860.7
2025-04-27 22:00:00+00:00,17.673,17.678,17.461,17.608,76712.09
2025-04-27 23:00:00+00:00,17.608,17.617,17.339,17.402,94934.37
2025-04-28 00:00:00+00:00,17.402,17.494,17.246,17.256,140431.49
2025-04-28 01:00:00+00:00,17.256,17.344,16.906,17.012,393237.35
2025-04-28 02:00:00+00:00,17.012,17.38,16.984,17.367,275385.05
2025-04-28 03:00:00+00:00,17.367,17.749,17.347,17.608,168349.43
2025-04-28 04:00:00+00:00,17.608,17.959,17.608,17.839,128363.68
2025-04-28 05:00:00+00:00,17.839,18.038,17.8,18.037,98149.07
2025-04-28 06:00:00+00:00,18.037,18.31,18.035,18.191,150333.43
2025-04-28 07:00:00+00:00,18.191,18.396,18.114,18.264,111710.25
2025-04-28 08:00:00+00:00,18.264,18.425,18.241,18.414,113587.32
2025-04-28 09:00:00+00:00,18.414,18.585,18.409,18.468,162330.74
2025-04-28 10:00:00+00:00,18.468,18.629,18.268,18.537,201801.14
2025-04-28 11:00:00+00:00,18.537,18.542,18.266,18.291,101320.18
2025-04-28 12:00:00+00:00,18.291,18.393,18.111,18.298,160590.32
2025-04-28 13:00:00+00:00,18.298,18.35,17.83,17.832,249449.09
2025-04-28 14:00:00+00:00,17.832,18.067,17.595,17.723,281500.27
2025-04-28 15:00:00+00:00,17.723,17.796,17.206,17.523,299182.89
2025-04-28 16:00:00+00:00,17.523,17.695,17.332,17.595,179846.25
2025-04-28 17:00:00+00:00,17.595,17.686,17.334,17.555,188235.84
2025-04-28 18:00:00+00:00,17.555,17.574,17.27,17.507,170050.96
2025-04-28 19:00:00+00:00,17.507,17.838,17.475,17.739,200130.97
2025-04-28 20:00:00+00:00,17.739,17.928,17.655,17.91,158531.47
2025-04-28 21:00:00+00:00,17.91,18.554,17.855,17.921,445473.52
2025-04-28 22:00:00+00:00,17.921,18.184,17.54,18.03,592697.56
2025-04-28 23:00:00+00:00,18.03,18.783,17.86,18.691,687580.93
2025-04-29 00:00:00+00:00,18.691,18.974,18.57,18.911,320422.74
2025-04-29 01:00:00+00:00,18.911,19.213,18.72,18.808,342185.96
2025-04-29 02:00:00+00:00,18.808,18.869,18.35,18.442,222456.76
2025-04-29 03:00:00+00:00,18.442,18.771,18.442,18.676,117734.82
2025-04-29 04:00:00+00:00,18.676,18.679,18.28,18.291,234390.19
2025-04-29 05:00:00+00:00,18.291,18.489,18.277,18.483,123772.38
2025-04-29 06:00:00+00:00,18.483,18.855,18.476,18.824,181002.44
2025-04-29 07:00:00+00:00,18.824,18.996,18.761,18.92,136207.04
2025-04-29 08:00:00+00:00,18.92,18.988,18.799,18.934,74393.04
2025-04-29 09:00:00+00:00,18.934,18.987,18.789,18.978,89312.36
2025-04-29 10:00:00+00:00,18.978,19.017,18.731,18.748,131504.01
2025-04-29 11:00:00+00:00,18.748,18.994,18.736,18.85,149800.9
2025-04-29 12:00:00+00:00,18.85,18.909,18.64,18.66,99070.87
2025-04-29 13:00:00+00:00,18.66,18.897,18.565,18.888,145811.11
2025-04-29 14:00:00+00:00,18.888,18.976,18.775,18.973,139659.52
2025-04-29 15:00:00+00:00,18.973,18.983,18.8,18.898,81197.52
2025-04-29 16:00:00+00:00,18.898,19.054,18.805,18.892,130181.73
2025-04-29 17:00:00+00:00,18.892,19.019,18.683,18.96,184318.72
2025-04-29 18:00:00+00:00,18.96,19.057,18.879,18.887,84049.61
2025-04-29 19:00:00+00:00,18.887,19.103,18.876,19.074,67917.35
2025-04-29 20:00:00+00:00,19.074,19.173,18.774,18.79,202697.97
2025-04-29 21:00:00+00:00,18.79,18.847,18.306,18.46,282654.18
2025-04-29 22:00:00+00:00,18.46,18.466,18.221,18.332,139258.56
2025-04-29 23:00:00+00:00,18.332,18.629,18.174,18.616,113894.47
2025-04-30 00:00:00+00:00,18.616,18.675,18.439,18.546,100095.58
2025-04-30 01:00:00+00:00,18.546,18.597,18.251,18.487,128527.52
2025-04-30 02:00:00+00:00,18.487,18.554,18.402,18.546,29408.12
2025-04-30 03:00:00+00:00,18.546,18.589,18.442,18.581,44523.86
2025-04-30 04:00:00+00:00,18.581,18.592,18.281,18.434,61329.28
2025-04-30 05:00:00+00:00,18.434,18.456,18.283,18.318,34022.47
2025-04-30 06:00:00+00:00,18.318,18.501,18.311,18.381,57706.67
2025-04-30 07:00:00+00:00,18.381,18.427,18.356,18.408,58041.67
2025-04-30 08:00:00+00:00,18.408,18.497,18.364,18.449,57121.15
2025-04-30 09:00:00+00:00,18.449,18.617,18.449,18.609,74883.21
2025-04-30 10:00:00+00:00,18.609,18.61,18.471,18.503,33497.25
2025-04-30 11:00:00+00:00,18.503,18.793,18.477,18.788,82012.8
2025-04-30 12:00:00+00:00,18.788,18.823,18.351,18.351,189566.05
2025-04-30 13:00:00+00:00,18.351,18.415,17.636,17.835,418526.21
2025-04-30 14:00:00+00:00,17.835,18.258,17.755,18.171,233682.22
2025-04-30 15:00:00+00:00,18.171,18.356,18.122,18.346,94706.63
2025-04-30 16:00:00+00:00,18.346,18.774,18.128,18.531,282889.38
2025-04-30 17:00:00+00:00,18.531,18.783,18.475,18.707,143233.54
2025-04-30 18:00:00+00:00,18.707,18.917,18.578,18.588,133359.79
2025-04-30 19:00:00+00:00,18.588,18.85,18.524,18.804,74550.09
2025-04-30 20:00:00+00:00,18.804,19.053,18.751,18.929,123727.88
2025-04-30 21:00:00+00:00,18.929,19.163,18.839,19.139,130523.74
2025-04-30 22:00:00+00:00,19.139,19.651,19.137,19.635,865871.6
2025-04-30 23:00:00+00:00,19.635,20.163,19.622,20.033,394271.95
2025-05-01 00:00:00+00:00,20.033,20.305,19.487,19.513,684453.57
2025-05-01 01:00:00+00:00,19.513,19.889,19.381,19.416,292963.86
2025-05-01 02:00:00+00:00,19.416,19.817,19.391,19.467,159721.94
2025-05-01 03:00:00+00:00,19.467,19.67,19.255,19.381,194934.69
2025-05-01 04:00:00+00:00,19.381,19.625,19.258,19.469,127045.72
2025-05-01 05:00:00+00:00,19.469,19.887,19.457,19.873,465838.71
2025-05-01 06:00:00+00:00,19.873,19.937,19.691,19.747,151520.55
2025-05-01 07:00:00+00:00,19.747,19.952,19.726,19.93,69641.67
2025-05-01 08:00:00+00:00,19.93,20.032,19.819,19.936,150171.93
2025-05-01 09:00:00+00:00,19.936,20.05,19.774,19.949,132372.97
2025-05-01 10:00:00+00:00,19.949,20.135,19.897,20.013,147676.74
2025-05-01 11:00:00+00:00,20.013,20.099,19.897,20.04,60462.9
2025-05-01 12:00:00+00:00,20.04,20.767,20.006,20.741,351493.34
2025-05-01 13:00:00+00:00,20.741,21.2,20.502,20.586,647099.24
2025-05-01 14:00:00+00:00,20.586,20.917,20.321,20.446,477452.99
2025-05-01 15:00:00+00:00,20.446,20.767,20.162,20.274,383739.84
2025-05-01 16:00:00+00:00,20.274,20.472,20.063,20.082,177483.36
2025-05-01 17:00:00+00:00,20.082,20.343,19.963,20.13,172697.95
2025-05-01 18:00:00+00:00,20.13,20.363,20.001,20.358,188518.25
2025-05-01 19:00:00+00:00,20.358,20.384,20.124,20.277,137926.91
2025-05-01 20:00:00+00:00,20.277,20.412,19.96,19.967,274048.28
2025-05-01 21:00:00+00:00,19.967,20.183,19.925,20.113,99297.09
2025-05-01 22:00:00+00:00,20.113,20.179,19.795,19.843,92334.8
2025-05-01 23:00:00+00:00,19.843,19.974,19.768,19.934,92729.32
2025-05-02 00:00:00+00:00,19.934,20.359,19.9,20.292,109784.78
2025-05-02 01:00:00+00:00,20.292,20.58,20.189,20.405,226036.68
2025-05-02 02:00:00+00:00,20.405,20.405,20.172,20.332,75846.72
2025-05-02 03:00:00+00:00,20.332,20.632,20.328,20.589,139183.16
2025-05-02 04:00:00+00:00,20.589,20.716,20.365,20.453,167635.44
2025-05-02 05:00:00+00:00,20.453,20.694,20.267,20.268,208864.6
2025-05-02 06:00:00+00:00,20.268,20.347,20.054,20.071,175513.55
2025-05-02 07:00:00+00:00,20.071,20.389,19.985,20.21,169565.3
2025-05-02 08:00:00+00:00,20.21,20.422,20.209,20.39,116544.62
2025-05-02 09:00:00+00:00,20.39,20.506,20.267,20.332,90673.2
2025-05-02 10:00:00+00:00,20.332,20.558,20.328,20.486,108282.28
2025-05-02 11:00:00+00:00,20.486,20.551,20.138,20.182,128857.39
2025-05-02 12:00:00+00:00,20.182,20.632,20.168,20.573,186035.13
2025-05-02 13:00:00+00:00,20.573,20.688,20.466,20.628,136082.5
2025-05-02 14:00:00+00:00,20.628,21.048,20.624,20.963,312086.61
2025-05-02 15:00:00+00:00,20.963,21.24,20.735,21.197,269923.12
2025-05-02 16:00:00+00:00,21.197,21.45,21.079,21.224,379128.73
2025-05-02 17:00:00+00:00,21.224,21.242,20.928,21.17,171797.31
2025-05-02 18:00:00+00:00,21.17,21.486,21.03,21.051,206207.56
2025-05-02 19:00:00+00:00,21.051,21.06,20.79,20.955,203068.02
2025-05-02 20:00:00+00:00,20.955,21.152,20.87,21.107,126698.72
2025-05-02 21:00:00+00:00,21.107,21.145,20.803,20.831,86039.5
2025-05-02 22:00:00+00:00,20.831,21.052,20.785,20.891,76545.65
2025-05-02 23:00:00+00:00,20.891,20.948,20.755,20.843,75564.98
2025-05-03 00:00:00+00:00,20.843,20.92,20.59,20.674,112975.57
2025-05-03 01:00:00+00:00,20.674,20.74,20.524,20.67,106013.78
2025-05-03 02:00:00+00:00,20.67,20.766,20.525,20.689,72961.37
2025-05-03 03:00:00+00:00,20.689,20.829,20.6,20.752,62088.74
2025-05-03 04:00:00+00:00,20.752,20.828,20.656,20.779,43473.49
2025-05-03 05:00:00+00:00,20.779,20.817,20.614,20.634,57122.21
2025-05-03 06:00:00+00:00,20.634,20.724,20.547,20.571,158191.31
2025-05-03 07:00:00+00:00,20.571,20.62,20.521,20.589,44677.9
2025-05-03 08:00:00+00:00,20.589,20.717,20.52,20.694,70921.64
2025-05-03 09:00:00+00:00,20.694,20.734,20.52,20.53,77033.71
2025-05-03 10:00:00+00:00,20.53,20.554,20.293,20.344,186485.84
2025-05-03 11:00:00+00:00,20.344,20.415,20.212,20.346,91236.61
2025-05-03 12:00:00+00:00,20.346,20.582,20.344,20.549,84968.37
2025-05-03 13:00:00+00:00,20.549,20.668,20.476,20.647,70909.59
2025-05-03 14:00:00+00:00,20.647,20.767,20.568,20.704,99229.57
2025-05-03 15:00:00+00:00,20.704,20.947,20.627,20.678,166597.56
2025-05-03 16:00:00+00:00,20.678,20.769,20.528,20.759,100813.7
2025-05-03 17:00:00+00:00,20.759,20.762,20.033,20.565,370545.62
2025-05-03 18:00:00+00:00,20.565,21.074,20.565,21.001,287688.31
2025-05-03 19:00:00+00:00,21.001,21.558,20.817,21.301,345066.19
2025-05-03 20:00:00+00:00,21.301,21.344,21.112,21.29,118853.7
2025-05-03 21:00:00+00:00,21.29,21.314,21.06,21.167,114880.56
2025-05-03 22:00:00+00:00,21.167,21.433,21.066,21.422,73776.62
2025-05-03 23:00:00+00:00,21.422,21.449,20.908,20.956,153735.37
2025-05-04 00:00:00+00:00,20.956,21.238,20.926,20.956,115322.43
2025-05-04 01:00:00+00:00,20.956,21.049,20.645,20.722,155430.32
2025-05-04 02:00:00+00:00,20.722,20.932,20.587,20.596,141186.24
2025-05-04 03:00:00+00:00,20.596,20.653,20.463,20.594,126436.28
2025-05-04 04:00:00+00:00,20.594,20.721,20.527,20.578,92604.24
2025-05-04 05:00:00+00:00,20.578,20.864,20.563,20.798,97811.02
2025-05-04 06:00:00+00:00,20.798,20.947,20.621,20.937,134977.18
2025-05-04 07:00:00+00:00,20.937,20.949,20.529,20.57,124446.61
2025-05-04 08:00:00+00:00,20.57,20.604,20.383,20.51,95263.58
2025-05-04 09:00:00+00:00,20.51,20.516,20.375,20.457,97527.44
2025-05-04 10:00:00+00:00,20.457,20.721,20.406,20.721,114425.53
2025-05-04 11:00:00+00:00,20.721,20.926,20.694,20.911,132262.8
2025-05-04 12:00:00+00:00,20.911,20.999,20.849,20.935,86806.63
2025-05-04 13:00:00+00:00,20.935,21.02,20.702,20.802,128271.8
2025-05-04 14:00:00+00:00,20.802,20.973,20.755,20.933,146712.79
2025-05-04 15:00:00+00:00,20.933,21.0,20.698,20.733,116503.08
2025-05-04 16:00:00+00:00,20.733,20.847,20.594,20.625,132162.34
2025-05-04 17:00:00+00:00,20.625,20.707,20.49,20.532,130396.79
2025-05-04 18:00:00+00:00,20.532,20.699,20.427,20.483,72617.12
2025-05-04 19:00:00+00:00,20.483,20.543,20.259,20.267,154797.02
2025-05-04 20:00:00+00:00,20.267,20.544,20.247,20.466,82798.95
2025-05-04 21:00:00+00:00,20.466,20.498,20.255,20.337,51157.14
2025-05-04 22:00:00+00:00,20.337,20.337,20.027,20.067,203919.11
2025-05-04 23:00:00+00:00,20.067,20.077,19.763,19.92,236680.64
2025-05-05 00:00:00+00:00,19.92,20.158,19.821,20.082,141657.21
2025-05-05 01:00:00+00:00,20.082,20.155,19.814,20.058,159314.35
2025-05-05 02:00:00+00:00,20.058,20.412,20.024,20.259,240868.06
2025-05-05 03:00:00+00:00,20.259,20.44,20.213,20.416,55369.77
2025-05-05 04:00:00+00:00,20.416,20.662,20.286,20.644,114031.58
2025-05-05 05:00:00+00:00,20.644,20.759,20.571,20.759,92533.42
2025-05-05 06:00:00+00:00,20.759,20.784,20.554,20.72,70722.13
2025-05-05 07:00:00+00:00,20.72,20.742,20.578,20.697,70912.45
2025-05-05 08:00:00+00:00,20.697,20.723,20.452,20.586,79565.1
2025-05-05 09:00:00+00:00,20.586,20.712,20.504,20.615,74494.36
2025-05-05 10:00:00+00:00,20.615,20.615,20.193,20.25,187380.33
2025-05-05 11:00:00+00:00,20.25,20.42,19.975,20.04,222163.34
2025-05-05 12:00:00+00:00,20.04,20.26,19.997,20.178,88022.16
2025-05-05 13:00:00+00:00,20.178,20.22,19.809,20.168,299999.0
2025-05-05 14:00:00+00:00,20.168,20.222,20.0,20.105,193454.92
2025-05-05 15:00:00+00:00,20.105,20.165,19.89,20.017,129350.69
2025-05-05 16:00:00+00:00,20.017,20.291,19.94,20.203,193380.45
2025-05-05 17:00:00+00:00,20.203,20.385,20.181,20.313,124497.58
2025-05-05 18:00:00+00:00,20.313,20.419,20.235,20.371,84809.1
2025-05-05 19:00:00+00:00,20.371,20.417,20.203,20.224,95042.6
2025-05-05 20:00:00+00:00,20.224,20.238,19.908,19.977,243800.4
2025-05-05 21:00:00+00:00,19.977,20.222,19.969,20.197,113738.3
2025-05-05 22:00:00+00:00,20.197,20.452,20.137,20.442,128639.54
2025-05-05 23:00:00+00:00,20.442,20.474,20.251,20.295,82254.13
2025-05-06 00:00:00+00:00,20.295,20.38,20.163,20.38,85438.75
2025-05-06 01:00:00+00:00,20.38,20.581,20.245,20.245,151762.43
2025-05-06 02:00:00+00:00,20.245,20.301,19.986,20.084,206152.46
2025-05-06 03:00:00+00:00,20.084,20.245,20.007,20.239,73765.54
2025-05-06 04:00:00+00:00,20.239,20.3,20.188,20.263,74277.49
2025-05-06 05:00:00+00:00,20.263,20.301,20.201,20.239,71018.67
2025-05-06 06:00:00+00:00,20.239,20.333,20.08,20.277,96005.45
2025-05-06 07:00:00+00:00,20.277,20.332,20.083,20.126,129620.32
2025-05-06 08:00:00+00:00,20.126,20.165,19.834,20.059,252718.06
2025-05-06 09:00:00+00:00,20.059,20.062,19.8,19.883,130494.9
2025-05-06 10:00:00+00:00,19.883,20.009,19.684,19.708,199661.55
2025-05-06 11:00:00+00:00,19.708,19.811,19.576,19.668,139765.76
2025-05-06 12:00:00+00:00,19.668,19.733,19.531,19.723,216276.28
2025-05-06 13:00:00+00:00,19.723,19.968,19.63,19.964,264522.96
2025-05-06 14:00:00+00:00,19.964,20.625,19.964,20.381,515989.75
2025-05-06 15:00:00+00:00,20.381,20.621,20.209,20.555,197233.62
2025-05-06 16:00:00+00:00,20.555,20.697,20.354,20.368,273483.3
2025-05-06 17:00:00+00:00,20.368,20.622,20.252,20.266,187398.76
2025-05-06 18:00:00+00:00,20.266,20.639,20.242,20.637,135310.42
2025-05-06 19:00:00+00:00,20.637,20.829,20.558,20.655,131729.09
2025-05-06 20:00:00+00:00,20.655,20.694,20.306,20.486,217788.31
2025-05-06 21:00:00+00:00,20.486,20.548,20.181,20.265,132914.55
2025-05-06 22:00:00+00:00,20.265,21.155,20.26,21.042,411548.34
2025-05-06 23:00:00+00:00,21.042,21.102,20.854,20.973,127183.43
2025-05-07 00:00:00+00:00,20.973,21.287,20.936,21.112,229985.29
2025-05-07 01:00:00+00:00,21.112,21.287,20.9,20.954,172184.77
2025-05-07 02:00:00+00:00,20.954,20.992,20.767,20.787,117235.7
2025-05-07 03:00:00+00:00,20.787,20.908,20.701,20.746,83937.65
2025-05-07 04:00:00+00:00,20.746,20.836,20.684,20.78,69765.52
2025-05-07 05:00:00+00:00,20.78,20.875,20.695,20.787,73649.65
2025-05-07 06:00:00+00:00,20.787,21.079,20.785,21.044,136627.4
2025-05-07 07:00:00+00:00,21.044,21.268,21.029,21.207,125879.53
2025-05-07 08:00:00+00:00,21.207,21.356,21.121,21.343,164514.69
2025-05-07 09:00:00+00:00,21.343,21.495,21.329,21.421,154343.24
2025-05-07 10:00:00+00:00,21.421,21.429,21.197,21.197,165338.34
2025-05-07 11:00:00+00:00,21.197,21.447,21.15,21.435,155018.8
2025-05-07 12:00:00+00:00,21.435,21.468,21.147,21.217,221989.12
2025-05-07 13:00:00+00:00,21.217,21.306,21.092,21.244,127548.97
2025-05-07 14:00:00+00:00,21.244,21.424,21.219,21.322,108679.23
2025-05-07 15:00:00+00:00,21.322,21.322,21.039,21.089,129152.38
2025-05-07 16:00:00+00:00,21.089,21.111,20.829,20.938,181134.46
2025-05-07 17:00:00+00:00,20.938,21.09,20.817,21.09,156847.35
2025-05-07 18:00:00+00:00,21.09,21.253,20.833,21.211,270476.74
2025-05-07 19:00:00+00:00,21.211,21.24,20.79,20.832,198725.46
2025-05-07 20:00:00+00:00,20.832,21.029,20.775,21.027,99154.63
2025-05-07 21:00:00+00:00,21.027,21.101,20.89,21.074,83046.41
2025-05-07 22:00:00+00:00,21.074,21.27,21.031,21.252,124864.52
2025-05-07 23:00:00+00:00,21.252,21.275,21.024,21.083,81001.68
2025-05-08 00:00:00+00:00,21.083,21.185,20.961,21.142,101076.86
2025-05-08 01:00:00+00:00,21.142,21.228,20.978,20.978,124570.56
2025-05-08 02:00:00+00:00,20.978,21.249,20.855,21.235,139284.08
2025-05-08 03:00:00+00:00,21.235,21.529,21.195,21.492,224053.18
2025-05-08 04:00:00+00:00,21.492,21.618,21.192,21.254,235013.33
2025-05-08 05:00:00+00:00,21.254,21.385,21.142,21.3,144821.8
2025-05-08 06:00:00+00:00,21.3,21.736,21.222,21.579,261666.46
2025-05-08 07:00:00+00:00,21.579,21.929,21.515,21.787,236055.06
2025-05-08 08:00:00+00:00,21.787,21.99,21.761,21.826,158267.42
2025-05-08 09:00:00+00:00,21.826,21.859,21.694,21.825,165343.19
2025-05-08 10:00:00+00:00,21.825,22.079,21.748,21.871,224287.41
2025-05-08 11:00:00+00:00,21.871,21.909,21.556,21.59,192857.6
2025-05-08 12:00:00+00:00,21.59,21.791,21.555,21.576,149221.25
2025-05-08 13:00:00+00:00,21.576,21.629,21.448,21.469,110797.6
2025-05-08 14:00:00+00:00,21.469,21.791,21.403,21.766,253446.18
2025-05-08 15:00:00+00:00,21.766,22.161,21.745,21.935,568743.97
2025-05-08 16:00:00+00:00,21.935,22.096,21.818,22.002,193173.21
2025-05-08 17:00:00+00:00,22.002,22.09,21.891,22.001,167587.17
2025-05-08 18:00:00+00:00,22.001,22.1,21.92,22.012,228027.32
2025-05-08 19:00:00+00:00,22.012,22.035,21.873,21.961,161529.91
2025-05-08 20:00:00+00:00,21.961,23.69,21.956,23.181,910562.26
2025-05-08 21:00:00+00:00,23.181,23.372,22.74,22.876,353336.58
2025-05-08 22:00:00+00:00,22.876,23.146,22.654,23.085,238586.94
2025-05-08 23:00:00+00:00,23.085,23.365,22.892,23.358,220722.75
2025-05-09 00:00:00+00:00,23.358,23.425,22.985,23.417,252973.79
2025-05-09 01:00:00+00:00,23.417,23.513,23.219,23.337,175080.1
2025-05-09 02:00:00+00:00,23.337,23.372,23.006,23.273,147702.83
2025-05-09 03:00:00+00:00,23.273,24.09,23.201,23.575,378899.4
2025-05-09 04:00:00+00:00,23.575,24.023,23.52,24.002,220884.26
2025-05-09 05:00:00+00:00,24.002,24.597,23.982,24.316,465026.78
2025-05-09 06:00:00+00:00,24.316,24.51,24.195,24.5,314629.23
2025-05-09 07:00:00+00:00,24.5,25.229,24.48,24.788,465742.31
2025-05-09 08:00:00+00:00,24.788,25.642,24.764,24.903,585317.25
2025-05-09 09:00:00+00:00,24.903,25.185,24.368,24.688,454283.06
2025-05-09 10:00:00+00:00,24.688,25.581,24.551,25.581,251634.75
2025-05-09 11:00:00+00:00,25.581,25.815,24.857,24.887,428578.19
2025-05-09 12:00:00+00:00,24.887,25.07,24.428,24.451,393516.26
2025-05-09 13:00:00+00:00,24.451,25.531,24.297,25.191,554298.41
2025-05-09 14:00:00+00:00,25.191,25.514,24.56,25.069,428093.53
2025-05-09 15:00:00+00:00,25.069,25.211,24.652,24.856,279013.19
2025-05-09 16:00:00+00:00,24.856,24.895,24.463,24.513,305533.7
2025-05-09 17:00:00+00:00,24.513,25.023,24.455,24.971,200415.07
2025-05-09 18:00:00+00:00,24.971,25.185,24.832,24.967,124437.51
2025-05-09 19:00:00+00:00,24.967,25.214,24.922,25.197,103550.22
2025-05-09 20:00:00+00:00,25.197,25.324,25.004,25.022,100894.81
2025-05-09 21:00:00+00:00,25.022,25.075,24.772,25.047,111482.44
2025-05-09 22:00:00+00:00,25.047,25.157,24.627,24.775,141728.96
2025-05-09 23:00:00+00:00,24.775,24.99,24.668,24.687,147642.23
2025-05-10 00:00:00+00:00,24.687,25.016,24.498,24.508,283318.9
2025-05-10 01:00:00+00:00,24.508,25.024,24.443,24.728,224706.32
2025-05-10 02:00:00+00:00,24.728,24.987,24.575,24.98,110414.37
2025-05-10 03:00:00+00:00,24.98,24.987,24.5,24.501,90670.08
2025-05-10 04:00:00+00:00,24.501,24.616,24.304,24.596,132330.17
2025-05-10 05:00:00+00:00,24.596,24.874,24.538,24.867,135183.65
2025-05-10 06:00:00+00:00,24.867,24.983,24.768,24.929,104410.35
2025-05-10 07:00:00+00:00,24.929,25.426,24.908,25.327,261933.75
2025-05-10 08:00:00+00:00,25.327,25.507,25.067,25.22,178454.07
2025-05-10 09:00:00+00:00,25.22,25.697,25.085,25.56,171855.81
2025-05-10 10:00:00+00:00,25.56,25.736,25.281,25.288,127592.09
2025-05-10 11:00:00+00:00,25.288,25.435,25.047,25.213,253556.76
2025-05-10 12:00:00+00:00,25.213,25.465,25.206,25.407,102297.6
2025-05-10 13:00:00+00:00,25.407,25.667,25.402,25.514,168049.51
2025-05-10 14:00:00+00:00,25.514,25.555,24.968,25.195,209321.9
2025-05-10 15:00:00+00:00,25.195,25.202,24.865,24.923,170406.89
2025-05-10 16:00:00+00:00,24.923,25.311,24.849,25.225,199256.29
2025-05-10 17:00:00+00:00,25.225,25.486,25.085,25.133,194333.76
2025-05-10 18:00:00+00:00,25.133,25.25,25.027,25.226,86681.73
2025-05-10 19:00:00+00:00,25.226,25.347,25.105,25.313,47784.38
2025-05-10 20:00:00+00:00,25.313,25.434,25.201,25.406,120374.92
2025-05-10 21:00:00+00:00,25.406,25.611,25.326,25.598,79187.84
2025-05-10 22:00:00+00:00,25.598,25.713,25.421,25.698,118565.1
2025-05-10 23:00:00+00:00,25.698,26.4,25.585,26.294,479073.14
2025-05-11 00:00:00+00:00,26.294,26.465,25.886,26.462,274301.6
2025-05-11 01:00:00+00:00,26.462,26.567,25.722,25.844,301174.49
2025-05-11 02:00:00+00:00,25.844,25.999,25.503,25.701,208830.67
2025-05-11 03:00:00+00:00,25.701,25.701,25.232,25.28,267113.54
2025-05-11 04:00:00+00:00,25.28,25.606,25.171,25.303,129810.19
2025-05-11 05:00:00+00:00,25.303,25.364,24.929,24.935,197950.33
2025-05-11 06:00:00+00:00,24.935,24.964,24.301,24.41,654797.31
2025-05-11 07:00:00+00:00,24.41,24.473,23.723,23.973,705275.54
2025-05-11 08:00:00+00:00,23.973,24.405,23.948,24.128,393555.46
2025-05-11 09:00:00+00:00,24.128,24.833,24.128,24.777,496102.58
2025-05-11 10:00:00+00:00,24.777,24.886,24.554,24.848,123710.41
2025-05-11 11:00:00+00:00,24.848,24.991,24.772,24.907,109325.28
2025-05-11 12:00:00+00:00,24.907,25.044,24.672,24.708,177339.23
2025-05-11 13:00:00+00:00,24.708,24.899,23.967,23.998,777122.09
2025-05-11 14:00:00+00:00,23.998,24.662,23.775,24.221,653707.4
2025-05-11 15:00:00+00:00,24.221,24.893,23.89,23.943,1001890.5
2025-05-11 16:00:00+00:00,23.943,24.342,23.821,24.222,426289.24
2025-05-11 17:00:00+00:00,24.222,24.677,24.062,24.665,249823.28
2025-05-11 18:00:00+00:00,24.665,25.232,24.393,25.043,510796.92
2025-05-11 19:00:00+00:00,25.043,25.187,24.42,24.472,343313.03
2025-05-11 20:00:00+00:00,24.472,24.943,24.471,24.943,107945.49
2025-05-11 21:00:00+00:00,24.943,25.137,24.682,25.137,91037.4
2025-05-11 22:00:00+00:00,25.137,25.266,24.815,25.01,195768.79
2025-05-11 23:00:00+00:00,25.01,25.074,24.83,24.912,65707.84
2025-05-12 00:00:00+00:00,24.912,25.217,24.891,24.906,136828.18
2025-05-12 01:00:00+00:00,24.906,24.954,24.247,24.53,328021.08
2025-05-12 02:00:00+00:00,24.53,24.743,24.37,24.638,178620.66
2025-05-12 03:00:00+00:00,24.638,24.699,24.356,24.694,62045.27
2025-05-12 04:00:00+00:00,24.694,24.762,24.513,24.699,58630.15
2025-05-12 05:00:00+00:00,24.699,24.792,24.536,24.712,91408.15
2025-05-12 06:00:00+00:00,24.712,25.081,24.606,25.034,189834.75
2025-05-12 07:00:00+00:00,25.034,25.716,24.675,24.878,611796.99
2025-05-12 08:00:00+00:00,24.878,25.591,24.616,25.519,481364.26
2025-05-12 09:00:00+00:00,25.519,25.519,25.18,25.243,159765.25
2025-05-12 10:00:00+00:00,25.243,25.329,24.831,25.032,218826.0
2025-05-12 11:00:00+00:00,25.032,25.254,24.672,24.687,205218.02
2025-05-12 12:00:00+00:00,24.687,25.054,24.61,24.976,153885.07
2025-05-12 13:00:00+00:00,24.976,25.345,24.934,25.331,249918.86
2025-05-12 14:00:00+00:00,25.331,25.43,24.631,24.841,466357.41
2025-05-12 15:00:00+00:00,24.841,24.98,24.46,24.489,283245.82
2025-05-12 16:00:00+00:00,24.489,24.692,24.221,24.545,249311.91
2025-05-12 17:00:00+00:00,24.545,24.733,24.182,24.253,153699.17
2025-05-12 18:00:00+00:00,24.253,24.277,23.234,23.642,914801.85
2025-05-12 19:00:00+00:00,23.642,24.385,23.638,24.289,431601.48
2025-05-12 20:00:00+00:00,24.289,24.683,24.138,24.504,292575.01
2025-05-12 21:00:00+00:00,24.504,24.647,24.419,24.63,108247.59
2025-05-12 22:00:00+00:00,24.63,24.847,24.6,24.844,138430.82
2025-05-12 23:00:00+00:00,24.844,25.095,24.826,24.84,188280.13
2025-05-13 00:00:00+00:00,24.84,24.861,24.364,24.394,297700.95
2025-05-13 01:00:00+00:00,24.394,24.514,23.94,24.089,508435.82
2025-05-13 02:00:00+00:00,24.089,24.157,23.446,23.714,480189.52
2025-05-13 03:00:00+00:00,23.714,23.84,23.407,23.566,173099.5
2025-05-13 04:00:00+00:00,23.566,24.059,23.493,24.053,235996.38
2025-05-13 05:00:00+00:00,24.053,24.127,23.694,23.974,127904.97
2025-05-13 06:00:00+00:00,23.974,24.525,23.973,24.363,230345.84
2025-05-13 07:00:00+00:00,24.363,24.68,24.337,24.679,150342.09
2025-05-13 08:00:00+00:00,24.679,24.871,24.658,24.771,85234.87
2025-05-13 09:00:00+00:00,24.771,25.213,24.77,25.013,193834.8
2025-05-13 10:00:00+00:00,25.013,25.165,24.707,24.72,230558.91
2025-05-13 11:00:00+00:00,24.72,25.212,24.686,25.051,255768.75
2025-05-13 12:00:00+00:00,25.051,25.626,25.016,25.298,564889.56
2025-05-13 13:00:00+00:00,25.298,25.667,25.225,25.341,299218.88
2025-05-13 14:00:00+00:00,25.341,25.362,24.676,24.92,500298.4
2025-05-13 15:00:00+00:00,24.92,25.434,24.899,25.254,347933.87
2025-05-13 16:00:00+00:00,25.254,25.674,25.169,25.603,283558.04
2025-05-13 17:00:00+00:00,25.603,26.068,25.528,25.91,314584.22
2025-05-13 18:00:00+00:00,25.91,26.27,25.868,26.106,261630.86
2025-05-13 19:00:00+00:00,26.106,26.444,25.942,26.264,222715.46
2025-05-13 20:00:00+00:00,26.264,26.336,26.0,26.106,154437.26
2025-05-13 21:00:00+00:00,26.106,26.149,25.805,25.827,147073.22
2025-05-13 22:00:00+00:00,25.827,26.086,25.729,26.029,156779.91
2025-05-13 23:00:00+00:00,26.029,26.098,25.734,25.801,133627.85
2025-05-14 00:00:00+00:00,25.801,25.937,25.548,25.636,165761.64
2025-05-14 01:00:00+00:00,25.636,25.998,25.522,25.697,120971.13
2025-05-14 02:00:00+00:00,25.697,25.729,25.394,25.586,155115.38
2025-05-14 03:00:00+00:00,25.586,25.636,25.349,25.618,102906.47
2025-05-14 04:00:00+00:00,25.618,25.884,25.452,25.791,174478.28
2025-05-14 05:00:00+00:00,25.791,26.086,25.674,26.03,141061.79
2025-05-14 06:00:00+00:00,26.03,26.237,25.873,26.139,193656.02
2025-05-14 07:00:00+00:00,26.139,26.17,25.718,25.832,157717.35
2025-05-14 08:00:00+00:00,25.832,25.956,25.233,25.253,485462.26
2025-05-14 09:00:00+00:00,25.253,25.529,25.11,25.369,523976.29
2025-05-14 10:00:00+00:00,25.369,25.514,25.26,25.298,129238.05
2025-05-14 11:00:00+00:00,25.298,25.674,25.298,25.504,150824.45
2025-05-14 12:00:00+00:00,25.504,25.779,25.345,25.35,261360.23
2025-05-14 13:00:00+00:00,25.35,25.684,25.108,25.389,364711.46
2025-05-14 14:00:00+00:00,25.389,25.644,25.104,25.536,254394.54
2025-05-14 15:00:00+00:00,25.536,25.692,25.358,25.671,171447.05
2025-05-14 16:00:00+00:00,25.671,25.754,25.302,25.323,200810.25
2025-05-14 17:00:00+00:00,25.323,25.324,24.62,25.028,468734.23
2025-05-14 18:00:00+00:00,25.028,25.164,24.838,25.164,130105.81
2025-05-14 19:00:00+00:00,25.164,25.232,25.021,25.109,72254.56
2025-05-14 20:00:00+00:00,25.109,25.272,25.056,25.116,51340.17
2025-05-14 21:00:00+00:00,25.116,25.154,24.883,25.093,83571.89
2025-05-14 22:00:00+00:00,25.093,25.093,24.876,24.988,88274.02
2025-05-14 23:00:00+00:00,24.988,25.25,24.925,25.201,105340.77
2025-05-15 00:00:00+00:00,25.201,25.608,25.188,25.414,231296.03
2025-05-15 01:00:00+00:00,25.414,25.593,24.933,24.938,349739.87
2025-05-15 02:00:00+00:00,24.938,25.179,24.778,24.816,416665.16
2025-05-15 03:00:00+00:00,24.816,25.052,24.753,24.804,183915.4
2025-05-15 04:00:00+00:00,24.804,25.044,24.774,24.963,110755.96
2025-05-15 05:00:00+00:00,24.963,24.993,24.61,24.61,145706.18
2025-05-15 06:00:00+00:00,24.61,24.837,24.558,24.72,181119.36
2025-05-15 07:00:00+00:00,24.72,24.789,24.291,24.311,234628.29
2025-05-15 08:00:00+00:00,24.311,25.031,24.294,25.017,345894.15
2025-05-15 09:00:00+00:00,25.017,25.022,24.276,24.585,331378.47
2025-05-15 10:00:00+00:00,24.585,24.603,24.343,24.53,135939.65
2025-05-15 11:00:00+00:00,24.53,24.904,24.509,24.886,149839.64
2025-05-15 12:00:00+00:00,24.886,25.063,24.751,24.902,146288.02
2025-05-15 13:00:00+00:00,24.902,25.086,24.575,24.722,176103.13
2025-05-15 14:00:00+00:00,24.722,24.821,24.392,24.725,280738.06
2025-05-15 15:00:00+00:00,24.725,25.384,24.707,25.377,286570.08
2025-05-15 16:00:00+00:00,25.377,25.813,25.184,25.811,357850.35
2025-05-15 17:00:00+00:00,25.811,26.24,25.786,25.872,401374.49
2025-05-15 18:00:00+00:00,25.872,25.988,25.238,25.286,428355.09
2025-05-15 19:00:00+00:00,25.286,25.656,25.241,25.612,161465.48
2025-05-15 20:00:00+00:00,25.612,25.88,25.41,25.854,154797.16
2025-05-15 21:00:00+00:00,25.854,25.868,25.43,25.684,95765.7
2025-05-15 22:00:00+00:00,25.684,26.165,25.623,25.851,207074.23
2025-05-15 23:00:00+00:00,25.851,26.238,25.681,26.172,252310.83
2025-05-16 00:00:00+00:00,26.172,26.603,25.958,26.137,471742.34
2025-05-16 01:00:00+00:00,26.137,26.313,25.785,26.3,289978.93
2025-05-16 02:00:00+00:00,26.3,27.012,26.21,27.004,525523.71
2025-05-16 03:00:00+00:00,27.004,27.215,26.824,26.944,343419.71
2025-05-16 04:00:00+00:00,26.944,26.982,26.476,26.701,187709.32
2025-05-16 05:00:00+00:00,26.701,26.752,26.45,26.722,110824.25
2025-05-16 06:00:00+00:00,26.722,26.891,26.524,26.763,233561.47
2025-05-16 07:00:00+00:00,26.763,26.942,26.55,26.74,172730.81
2025-05-16 08:00:00+00:00,26.74,26.857,26.212,26.311,520342.5
2025-05-16 09:00:00+00:00,26.311,26.912,26.265,26.863,241524.63
2025-05-16 10:00:00+00:00,26.863,26.978,26.737,26.85,174726.66
2025-05-16 11:00:00+00:00,26.85,27.047,26.724,26.818,205604.61
2025-05-16 12:00:00+00:00,26.818,26.84,26.532,26.54,143318.23
2025-05-16 13:00:00+00:00,26.54,27.357,26.533,27.347,464513.9
2025-05-16 14:00:00+00:00,27.347,27.423,26.939,27.301,414042.07
2025-05-16 15:00:00+00:00,27.301,27.756,27.294,27.755,461337.96
2025-05-16 16:00:00+00:00,27.755,27.938,27.467,27.845,491859.32
2025-05-16 17:00:00+00:00,27.845,28.293,27.512,27.607,489040.34
2025-05-16 18:00:00+00:00,27.607,28.252,27.403,27.892,351875.37
2025-05-16 19:00:00+00:00,27.892,28.0,27.696,27.82,267564.49
2025-05-16 20:00:00+00:00,27.82,27.868,27.37,27.562,274029.63
2025-05-16 21:00:00+00:00,27.562,27.727,27.091,27.394,179287.69
2025-05-16 22:00:00+00:00,27.394,27.394,26.811,26.868,340453.44
2025-05-16 23:00:00+00:00,26.868,27.043,26.79,26.839,163540.61
2025-05-17 00:00:00+00:00,26.839,26.951,26.556,26.857,215984.4
2025-05-17 01:00:00+00:00,26.857,26.857,26.266,26.456,438536.75
2025-05-17 02:00:00+00:00,26.456,27.325,26.455,27.246,459120.56
2025-05-17 03:00:00+00:00,27.246,27.448,26.898,27.444,250300.02
2025-05-17 04:00:00+00:00,27.444,27.715,27.381,27.417,252219.73
2025-05-17 05:00:00+00:00,27.417,27.537,27.036,27.052,202529.53
2025-05-17 06:00:00+00:00,27.052,27.186,27.024,27.125,103862.45
2025-05-17 07:00:00+00:00,27.125,27.27,26.62,26.632,255876.34
2025-05-17 08:00:00+00:00,26.632,26.832,26.463,26.697,236523.0
2025-05-17 09:00:00+00:00,26.697,26.791,26.481,26.72,153665.98
2025-05-17 10:00:00+00:00,26.72,27.16,26.714,27.122,405042.01
2025-05-17 11:00:00+00:00,27.122,27.615,27.065,27.304,336868.67
2025-05-17 12:00:00+00:00,27.304,27.334,26.98,26.994,159987.38
2025-05-17 13:00:00+00:00,26.994,27.094,26.327,26.334,404538.88
2025-05-17 14:00:00+00:00,26.334,26.6,26.166,26.469,506856.69
2025-05-17 15:00:00+00:00,26.469,26.669,26.4,26.43,266959.58
2025-05-17 16:00:00+00:00,26.43,26.585,26.08,26.317,215698.15
2025-05-17 17:00:00+00:00,26.317,26.355,25.888,25.924,255460.0
2025-05-17 18:00:00+00:00,25.924,26.429,25.89,26.153,333157.59
2025-05-17 19:00:00+00:00,26.153,26.16,25.855,25.898,107479.62
2025-05-17 20:00:00+00:00,25.898,26.087,25.745,26.083,122780.29
2025-05-17 21:00:00+00:00,26.083,26.123,25.9,26.072,83585.04
2025-05-17 22:00:00+00:00,26.072,26.1,25.737,25.779,133412.48
2025-05-17 23:00:00+00:00,25.779,25.964,25.694,25.923,106243.32
2025-05-18 00:00:00+00:00,25.923,26.264,25.91,26.254,122342.77
2025-05-18 01:00:00+00:00,26.254,26.355,26.109,26.247,112608.4
2025-05-18 02:00:00+00:00,26.247,26.617,26.247,26.535,301823.38
2025-05-18 03:00:00+00:00,26.535,26.615,26.341,26.408,137070.5
2025-05-18 04:00:00+00:00,26.408,26.563,26.309,26.355,57753.05
2025-05-18 05:00:00+00:00,26.355,27.106,26.342,27.076,349716.62
2025-05-18 06:00:00+00:00,27.076,27.266,26.875,26.899,168564.67
2025-05-18 07:00:00+00:00,26.899,27.057,26.687,27.032,103227.21
2025-05-18 08:00:00+00:00,27.032,27.189,26.973,27.03,164214.76
2025-05-18 09:00:00+00:00,27.03,27.192,26.658,26.719,229107.41
2025-05-18 10:00:00+00:00,26.719,26.865,26.55,26.865,306041.78
2025-05-18 11:00:00+00:00,26.865,27.183,26.826,26.924,340698.5
2025-05-18 12:00:00+00:00,26.924,26.984,26.788,26.9,107294.79
2025-05-18 13:00:00+00:00,26.9,26.994,26.758,26.994,264253.05
2025-05-18 14:00:00+00:00,26.994,27.323,26.97,27.302,271571.45
2025-05-18 15:00:00+00:00,27.302,27.315,26.679,27.01,417870.3
2025-05-18 16:00:00+00:00,27.01,27.092,26.502,26.74,444060.37
2025-05-18 17:00:00+00:00,26.74,26.776,26.294,26.321,312379.43
2025-05-18 18:00:00+00:00,26.321,26.435,25.963,26.32,437755.16
2025-05-18 19:00:00+00:00,26.32,26.422,26.024,26.086,152718.62
2025-05-18 20:00:00+00:00,26.086,26.467,25.812,26.343,268782.0
2025-05-18 21:00:00+00:00,26.343,26.494,26.192,26.254,131229.04
2025-05-18 22:00:00+00:00,26.254,26.716,26.135,26.713,159477.39
2025-05-18 23:00:00+00:00,26.713,27.286,26.499,27.131,387038.01
2025-05-19 00:00:00+00:00,27.131,27.32,26.208,26.409,513462.0
2025-05-19 01:00:00+00:00,26.409,26.618,26.159,26.498,258716.72
2025-05-19 02:00:00+00:00,26.498,26.597,26.12,26.168,193911.21
2025-05-19 03:00:00+00:00,26.168,26.169,25.855,25.893,149330.64
2025-05-19 04:00:00+00:00,25.893,26.084,25.569,25.569,337736.4
2025-05-19 05:00:00+00:00,25.569,25.725,25.292,25.705,467449.05
2025-05-19 06:00:00+00:00,25.705,25.96,25.441,25.628,554200.73
2025-05-19 07:00:00+00:00,25.628,26.351,25.499,26.12,455532.09
2025-05-19 08:00:00+00:00,26.12,26.322,25.928,25.982,237842.07
2025-05-19 09:00:00+00:00,25.982,26.047,25.664,25.742,200860.69
2025-05-19 10:00:00+00:00,25.742,25.767,25.342,25.428,248881.17
2025-05-19 11:00:00+00:00,25.428,26.066,25.296,25.491,246866.73
2025-05-19 12:00:00+00:00,25.491,25.512,25.107,25.325,224749.74
2025-05-19 13:00:00+00:00,25.325,25.838,25.166,25.643,348244.02
2025-05-19 14:00:00+00:00,25.643,26.268,25.504,26.053,393430.03
2025-05-19 15:00:00+00:00,26.053,26.198,25.802,25.811,176931.72
2025-05-19 16:00:00+00:00,25.811,26.224,25.651,26.209,170630.33
2025-05-19 17:00:00+00:00,26.209,26.327,25.902,26.092,296925.69
2025-05-19 18:00:00+00:00,26.092,26.29,25.804,26.016,179639.82
2025-05-19 19:00:00+00:00,26.016,26.56,25.921,26.55,181502.12
2025-05-19 20:00:00+00:00,26.55,26.854,26.354,26.516,410218.46
2025-05-19 21:00:00+00:00,26.516,26.579,26.202,26.547,113806.82
2025-05-19 22:00:00+00:00,26.547,26.555,26.25,26.435,43622.4
2025-05-19 23:00:00+00:00,26.435,26.652,26.369,26.539,81477.06
2025-05-20 00:00:00+00:00,26.539,26.868,26.291,26.418,171282.76
2025-05-20 01:00:00+00:00,26.418,26.942,26.361,26.874,194043.61
2025-05-20 02:00:00+00:00,26.874,27.002,26.81,26.903,210105.27
2025-05-20 03:00:00+00:00,26.903,26.964,26.508,26.626,210307.57
2025-05-20 04:00:00+00:00,26.626,26.668,26.377,26.631,146880.04
2025-05-20 05:00:00+00:00,26.631,26.744,26.419,26.598,244251.12
2025-05-20 06:00:00+00:00,26.598,26.683,26.419,26.502,99861.92
2025-05-20 07:00:00+00:00,26.502,26.657,26.432,26.45,107858.98
2025-05-20 08:00:00+00:00,26.45,26.747,26.45,26.739,96930.05
2025-05-20 09:00:00+00:00,26.739,26.743,26.41,26.45,138819.32
2025-05-20 10:00:00+00:00,26.45,26.481,26.134,26.178,168741.48
2025-05-20 11:00:00+00:00,26.178,26.367,26.059,26.082,131453.53
2025-05-20 12:00:00+00:00,26.082,26.129,25.84,25.941,120868.07
2025-05-20 13:00:00+00:00,25.941,26.034,25.522,25.797,460453.72
2025-05-20 14:00:00+00:00,25.797,26.047,25.597,25.725,422571.03
2025-05-20 15:00:00+00:00,25.725,26.165,25.7,26.078,266394.82
2025-05-20 16:00:00+00:00,26.078,26.249,25.877,25.879,238721.12
2025-05-20 17:00:00+00:00,25.879,26.251,25.803,26.205,239822.51
2025-05-20 18:00:00+00:00,26.205,26.212,25.469,25.546,470955.18
2025-05-20 19:00:00+00:00,25.546,26.17,25.505,25.981,170242.44
2025-05-20 20:00:00+00:00,25.981,26.241,25.783,26.056,184104.09
2025-05-20 21:00:00+00:00,26.056,26.259,25.843,25.956,159852.96
2025-05-20 22:00:00+00:00,25.956,26.13,25.771,26.103,77261.92
2025-05-20 23:00:00+00:00,26.103,26.544,26.048,26.533,225031.84
2025-05-21 00:00:00+00:00,26.533,26.549,26.299,26.36,261388.26
2025-05-21 01:00:00+00:00,26.36,26.544,26.21,26.234,112530.48
2025-05-21 02:00:00+00:00,26.234,26.417,26.053,26.336,113022.53
2025-05-21 03:00:00+00:00,26.336,26.561,26.336,26.481,134811.17
2025-05-21 04:00:00+00:00,26.481,26.526,26.229,26.48,189993.08
2025-05-21 05:00:00+00:00,26.48,26.768,26.402,26.638,451651.51
2025-05-21 06:00:00+00:00,26.638,26.744,26.339,26.489,444087.58
2025-05-21 07:00:00+00:00,26.489,26.608,26.102,26.272,644839.11
2025-05-21 08:00:00+00:00,26.272,26.548,26.225,26.506,165575.79
2025-05-21 09:00:00+00:00,26.506,26.59,26.353,26.483,270832.16
2025-05-21 10:00:00+00:00,26.483,26.618,26.385,26.441,135782.19
2025-05-21 11:00:00+00:00,26.441,26.757,26.332,26.635,181049.7
2025-05-21 12:00:00+00:00,26.635,26.714,26.469,26.497,97278.19
2025-05-21 13:00:00+00:00,26.497,26.657,26.29,26.543,221119.34
2025-05-21 14:00:00+00:00,26.543,27.219,26.49,27.218,361766.63
2025-05-21 15:00:00+00:00,27.218,27.738,27.013,27.725,578220.87
2025-05-21 16:00:00+00:00,27.725,28.029,27.51,27.861,452333.06
2025-05-21 17:00:00+00:00,27.861,28.121,26.792,26.985,1144135.49
2025-05-21 18:00:00+00:00,26.985,27.572,26.949,27.325,425241.57
2025-05-21 19:00:00+00:00,27.325,28.185,27.325,28.05,443284.58
2025-05-21 20:00:00+00:00,28.05,28.085,27.537,27.719,290690.96
2025-05-21 21:00:00+00:00,27.719,28.028,27.468,27.869,294311.26
2025-05-21 22:00:00+00:00,27.869,28.099,27.774,27.982,271497.28
2025-05-21 23:00:00+00:00,27.982,28.373,27.921,28.338,431136.43
2025-05-22 00:00:00+00:00,28.338,28.854,28.226,28.808,345920.13
2025-05-22 01:00:00+00:00,28.808,29.471,28.603,29.406,600665.45
2025-05-22 02:00:00+00:00,29.406,31.036,29.271,30.088,930149.57
2025-05-22 03:00:00+00:00,30.088,31.036,29.896,30.653,714547.41
2025-05-22 04:00:00+00:00,30.653,30.885,30.341,30.753,373525.6
2025-05-22 05:00:00+00:00,30.753,30.933,30.51,30.754,536499.36
2025-05-22 06:00:00+00:00,30.754,30.885,30.401,30.655,445262.28
2025-05-22 07:00:00+00:00,30.655,31.493,30.112,31.269,660076.58
2025-05-22 08:00:00+00:00,31.269,31.863,31.158,31.67,492954.64
2025-05-22 09:00:00+00:00,31.67,31.941,30.982,31.072,395221.5
2025-05-22 10:00:00+00:00,31.072,31.571,30.977,31.185,236804.39
2025-05-22 11:00:00+00:00,31.185,31.225,30.733,31.009,250236.68
2025-05-22 12:00:00+00:00,31.009,31.377,30.733,30.95,306365.15
2025-05-22 13:00:00+00:00,30.95,31.292,30.579,30.992,326747.77
2025-05-22 14:00:00+00:00,30.992,31.935,30.989,31.351,300487.24
2025-05-22 15:00:00+00:00,31.351,32.63,31.351,32.257,588152.96
2025-05-22 16:00:00+00:00,32.257,33.28,32.167,32.833,517456.95
2025-05-22 17:00:00+00:00,32.833,33.426,32.763,33.381,358477.33
2025-05-22 18:00:00+00:00,33.381,34.11,33.259,33.98,542088.53
2025-05-22 19:00:00+00:00,33.98,34.12,32.623,32.734,990394.05
2025-05-22 20:00:00+00:00,32.734,32.976,32.222,32.769,745634.64
2025-05-22 21:00:00+00:00,32.769,32.82,32.429,32.481,178483.6
2025-05-22 22:00:00+00:00,32.481,33.25,32.481,32.832,367576.02
2025-05-22 23:00:00+00:00,32.832,33.5,32.825,33.459,166890.26
2025-05-23 00:00:00+00:00,33.459,33.559,32.932,33.558,206713.64
2025-05-23 01:00:00+00:00,33.558,34.856,33.393,34.773,537098.04
2025-05-23 02:00:00+00:00,34.773,35.98,34.515,35.406,784280.54
2025-05-23 03:00:00+00:00,35.406,36.234,35.203,35.624,514078.8
2025-05-23 04:00:00+00:00,35.624,35.698,34.517,34.684,575568.93
2025-05-23 05:00:00+00:00,34.684,35.227,34.349,35.13,495007.21
2025-05-23 06:00:00+00:00,35.13,35.385,34.856,35.114,344840.97
2025-05-23 07:00:00+00:00,35.114,35.346,34.651,34.866,259965.58
2025-05-23 08:00:00+00:00,34.866,35.493,34.725,35.422,242402.64
2025-05-23 09:00:00+00:00,35.422,37.11,35.328,36.804,542013.63
2025-05-23 10:00:00+00:00,36.804,37.657,36.404,36.953,887520.54
2025-05-23 11:00:00+00:00,36.953,37.179,35.2,35.546,1183160.55
2025-05-23 12:00:00+00:00,35.546,35.814,34.23,35.082,1724456.76
2025-05-23 13:00:00+00:00,35.082,36.45,34.534,36.344,1053864.83
2025-05-23 14:00:00+00:00,36.344,36.765,35.908,36.058,836225.31
2025-05-23 15:00:00+00:00,36.058,36.214,34.968,35.024,806222.38
2025-05-23 16:00:00+00:00,35.024,35.257,34.145,34.653,824905.21
2025-05-23 17:00:00+00:00,34.653,35.296,34.604,34.836,436820.78
2025-05-23 18:00:00+00:00,34.836,35.061,33.903,33.966,465244.18
2025-05-23 19:00:00+00:00,33.966,34.783,33.742,34.439,712106.07
2025-05-23 20:00:00+00:00,34.439,34.477,33.102,33.236,661905.95
2025-05-23 21:00:00+00:00,33.236,33.998,33.001,33.766,428780.04
2025-05-23 22:00:00+00:00,33.766,34.476,33.161,33.379,613930.79
2025-05-23 23:00:00+00:00,33.379,33.46,32.318,33.113,755075.41
2025-05-24 00:00:00+00:00,33.113,33.384,32.534,32.666,438215.55
2025-05-24 01:00:00+00:00,32.666,33.287,32.603,32.628,227637.83
2025-05-24 02:00:00+00:00,32.628,32.815,32.172,32.354,270304.69
2025-05-24 03:00:00+00:00,32.354,33.486,32.32,33.486,375423.29
2025-05-24 04:00:00+00:00,33.486,34.0,33.444,33.897,345848.68
2025-05-24 05:00:00+00:00,33.897,33.949,32.686,33.135,496415.98
2025-05-24 06:00:00+00:00,33.135,33.266,32.857,33.046,235544.37
2025-05-24 07:00:00+00:00,33.046,34.237,33.046,33.698,468096.46
2025-05-24 08:00:00+00:00,33.698,34.71,33.659,34.7,382930.86
2025-05-24 09:00:00+00:00,34.7,34.886,34.382,34.483,352116.83
2025-05-24 10:00:00+00:00,34.483,35.463,34.404,35.089,393241.46
2025-05-24 11:00:00+00:00,35.089,35.503,34.769,34.852,325716.07
2025-05-24 12:00:00+00:00,34.852,35.096,34.636,34.952,188368.75
2025-05-24 13:00:00+00:00,34.952,35.04,33.983,34.095,404488.91
2025-05-24 14:00:00+00:00,34.095,34.7,33.989,34.607,288070.94
2025-05-24 15:00:00+00:00,34.607,35.031,34.399,34.95,338923.91
2025-05-24 16:00:00+00:00,34.95,34.977,34.249,34.764,259691.27
2025-05-24 17:00:00+00:00,34.764,35.714,34.76,35.164,593106.49
2025-05-24 18:00:00+00:00,35.164,35.484,34.857,34.908,257449.01
2025-05-24 19:00:00+00:00,34.908,35.402,34.676,35.347,276157.67
2025-05-24 20:00:00+00:00,35.347,36.605,35.347,35.924,680691.43
2025-05-24 21:00:00+00:00,35.924,36.099,35.474,35.59,338089.41
2025-05-24 22:00:00+00:00,35.59,35.618,34.89,35.273,431035.82
2025-05-24 23:00:00+00:00,35.273,35.838,34.656,34.816,514776.6
2025-05-25 00:00:00+00:00,34.816,35.13,34.147,34.336,423520.5
2025-05-25 01:00:00+00:00,34.336,34.895,33.919,34.224,436439.76
2025-05-25 02:00:00+00:00,34.224,34.493,33.738,33.738,549008.59
2025-05-25 03:00:00+00:00,33.738,34.396,33.671,34.336,469202.19
2025-05-25 04:00:00+00:00,34.336,34.885,34.214,34.847,559372.36
2025-05-25 05:00:00+00:00,34.847,34.862,34.365,34.693,195396.16
2025-05-25 06:00:00+00:00,34.693,35.462,34.474,35.254,327567.37
2025-05-25 07:00:00+00:00,35.254,35.278,34.658,34.945,314140.23
2025-05-25 08:00:00+00:00,34.945,34.945,34.257,34.358,217651.97
2025-05-25 09:00:00+00:00,34.358,35.642,34.232,35.622,406133.94
2025-05-25 10:00:00+00:00,35.622,36.169,35.3,35.967,525603.03
2025-05-25 11:00:00+00:00,35.967,36.462,35.615,36.18,516082.99
2025-05-25 12:00:00+00:00,36.18,37.346,36.121,36.822,804983.41
2025-05-25 13:00:00+00:00,36.822,38.558,36.56,38.314,1199241.33
2025-05-25 14:00:00+00:00,38.314,38.89,37.713,37.956,1319606.43
2025-05-25 15:00:00+00:00,37.956,38.199,37.201,37.765,843918.15
2025-05-25 16:00:00+00:00,37.765,37.97,37.026,37.635,787540.8
2025-05-25 17:00:00+00:00,37.635,38.031,37.294,38.006,482216.87
2025-05-25 18:00:00+00:00,38.006,38.92,37.801,38.732,665042.79
2025-05-25 19:00:00+00:00,38.732,39.461,38.592,39.053,870314.04
2025-05-25 20:00:00+00:00,39.053,39.185,38.254,38.601,460964.5
2025-05-25 21:00:00+00:00,38.601,38.888,37.713,37.848,454993.51
2025-05-25 22:00:00+00:00,37.848,39.3,37.848,38.96,592237.05
2025-05-25 23:00:00+00:00,38.96,39.214,38.496,39.124,361351.78
2025-05-26 00:00:00+00:00,39.124,39.363,38.228,38.872,403782.43
2025-05-26 01:00:00+00:00,38.872,39.991,38.547,39.565,864145.79
2025-05-26 02:00:00+00:00,39.565,39.998,38.55,38.875,799273.25
2025-05-26 03:00:00+00:00,38.875,38.903,38.0,38.206,592146.51
2025-05-26 04:00:00+00:00,38.206,38.704,38.085,38.585,300768.14
2025-05-26 05:00:00+00:00,38.585,39.248,38.48,38.981,257521.06
2025-05-26 06:00:00+00:00,38.981,39.235,38.3,38.983,626714.74
2025-05-26 07:00:00+00:00,38.983,39.676,38.618,39.138,589517.01
2025-05-26 08:00:00+00:00,39.138,39.373,37.822,37.955,607932.22
2025-05-26 09:00:00+00:00,37.955,38.265,37.565,37.885,618761.52
2025-05-26 10:00:00+00:00,37.885,38.318,37.8,38.137,309442.46
2025-05-26 11:00:00+00:00,38.137,38.753,37.921,38.731,280163.04
2025-05-26 12:00:00+00:00,38.731,38.745,37.875,37.997,381311.95
2025-05-26 13:00:00+00:00,37.997,38.147,37.464,37.665,501378.21
2025-05-26 14:00:00+00:00,37.665,37.769,37.182,37.502,568935.1
2025-05-26 15:00:00+00:00,37.502,38.305,37.198,38.002,526830.18
2025-05-26 16:00:00+00:00,38.002,38.409,37.581,38.056,472230.92
2025-05-26 17:00:00+00:00,38.056,38.444,36.808,36.902,593531.53
2025-05-26 18:00:00+00:00,36.902,37.363,36.791,37.271,625311.02
2025-05-26 19:00:00+00:00,37.271,37.271,36.507,36.992,455676.85
2025-05-26 20:00:00+00:00,36.992,37.658,36.735,37.604,313477.66
2025-05-26 21:00:00+00:00,37.604,37.814,37.221,37.77,232452.33
2025-05-26 22:00:00+00:00,37.77,38.11,37.271,37.467,314658.96
2025-05-26 23:00:00+00:00,37.467,37.574,36.952,37.149,203958.66
2025-05-27 00:00:00+00:00,37.149,37.424,36.667,36.94,357839.8
2025-05-27 01:00:00+00:00,36.94,36.949,35.985,36.576,850944.2
2025-05-27 02:00:00+00:00,36.576,36.786,36.227,36.582,344428.2
2025-05-27 03:00:00+00:00,36.582,37.45,36.582,36.935,353141.96
2025-05-27 04:00:00+00:00,36.935,37.943,36.768,37.579,473364.58
2025-05-27 05:00:00+00:00,37.579,37.94,37.054,37.905,305466.25
2025-05-27 06:00:00+00:00,37.905,38.26,37.409,37.409,474944.69
2025-05-27 07:00:00+00:00,37.409,37.908,37.3,37.642,257048.99
2025-05-27 08:00:00+00:00,37.642,38.186,36.732,37.109,584429.38
2025-05-27 09:00:00+00:00,37.109,37.218,36.556,37.087,430205.7
2025-05-27 10:00:00+00:00,37.087,37.498,36.741,37.262,312573.26
2025-05-27 11:00:00+00:00,37.262,38.056,37.191,37.912,465803.01
2025-05-27 12:00:00+00:00,37.912,38.13,37.444,37.667,399090.72
2025-05-27 13:00:00+00:00,37.667,38.864,37.499,37.648,1143111.75
2025-05-27 14:00:00+00:00,37.648,37.814,37.024,37.259,862469.44
2025-05-27 15:00:00+00:00,37.259,37.848,37.1,37.633,324770.04
2025-05-27 16:00:00+00:00,37.633,38.679,37.436,38.069,757088.47
2025-05-27 17:00:00+00:00,38.069,38.437,37.538,37.551,335867.93
2025-05-27 18:00:00+00:00,37.551,37.715,37.4,37.58,302398.64
2025-05-27 19:00:00+00:00,37.58,37.653,37.0,37.114,512294.41
2025-05-27 20:00:00+00:00,37.114,37.241,36.529,36.58,536269.73
2025-05-27 21:00:00+00:00,36.58,36.964,36.082,36.187,511057.66
2025-05-27 22:00:00+00:00,36.187,36.273,35.6,35.962,535044.58
2025-05-27 23:00:00+00:00,35.962,36.182,35.62,35.768,240929.9
2025-05-28 00:00:00+00:00,35.768,36.4,35.564,36.041,538589.16
2025-05-28 01:00:00+00:00,36.041,36.093,35.564,35.712,242393.37
2025-05-28 02:00:00+00:00,35.712,35.833,35.25,35.438,404564.46
2025-05-28 03:00:00+00:00,35.438,35.694,35.323,35.592,165228.59
2025-05-28 04:00:00+00:00,35.592,35.979,35.508,35.947,218182.55
2025-05-28 05:00:00+00:00,35.947,36.114,35.61,36.055,234304.52
2025-05-28 06:00:00+00:00,36.055,36.079,35.268,35.268,236945.19
2025-05-28 07:00:00+00:00,35.268,35.777,35.172,35.687,267521.25
2025-05-28 08:00:00+00:00,35.687,35.889,35.23,35.779,230055.33
2025-05-28 09:00:00+00:00,35.779,35.848,35.208,35.421,196666.71
2025-05-28 10:00:00+00:00,35.421,35.727,35.025,35.68,342252.7
2025-05-28 11:00:00+00:00,35.68,35.843,35.474,35.662,177581.63
2025-05-28 12:00:00+00:00,35.662,36.198,35.453,35.574,375062.06
2025-05-28 13:00:00+00:00,35.574,35.66,34.368,34.374,790361.67
2025-05-28 14:00:00+00:00,34.374,34.55,33.609,33.643,938688.5
2025-05-28 15:00:00+00:00,33.643,34.368,33.373,33.879,1079525.2
2025-05-28 16:00:00+00:00,33.879,34.84,33.865,34.457,552372.38
2025-05-28 17:00:00+00:00,34.457,34.788,34.036,34.271,460034.16
2025-05-28 18:00:00+00:00,34.271,34.508,33.712,33.736,284211.89
2025-05-28 19:00:00+00:00,33.736,34.188,32.774,33.188,783733.77
2025-05-28 20:00:00+00:00,33.188,33.589,32.607,33.376,866205.3
2025-05-28 21:00:00+00:00,33.376,33.868,32.989,33.868,433184.98
2025-05-28 22:00:00+00:00,33.868,33.868,33.131,33.25,271310.28
2025-05-28 23:00:00+00:00,33.25,34.698,33.25,34.307,729965.89
2025-05-29 00:00:00+00:00,34.307,34.785,33.761,34.72,406737.75
2025-05-29 01:00:00+00:00,34.72,34.732,34.143,34.266,246627.67
2025-05-29 02:00:00+00:00,34.266,35.211,33.979,35.111,393557.61
2025-05-29 03:00:00+00:00,35.111,35.158,33.915,34.068,397158.79
2025-05-29 04:00:00+00:00,34.068,34.153,33.31,33.527,344427.15
2025-05-29 05:00:00+00:00,33.527,33.936,33.273,33.737,302359.41
2025-05-29 06:00:00+00:00,33.737,34.4,33.665,34.236,226973.56
2025-05-29 07:00:00+00:00,34.236,34.799,33.972,34.55,364468.0
2025-05-29 08:00:00+00:00,34.55,35.14,34.344,34.837,429136.46
2025-05-29 09:00:00+00:00,34.837,34.91,34.446,34.551,130263.63
2025-05-29 10:00:00+00:00,34.551,34.597,33.873,33.89,296261.23
2025-05-29 11:00:00+00:00,33.89,34.561,33.763,34.14,349086.96
2025-05-29 12:00:00+00:00,34.14,34.158,33.375,33.398,243231.27
2025-05-29 13:00:00+00:00,33.398,33.681,32.915,32.959,471059.26
2025-05-29 14:00:00+00:00,32.959,33.2,31.851,32.476,1443568.35
2025-05-29 15:00:00+00:00,32.476,32.772,31.6,31.929,819281.75
2025-05-29 16:00:00+00:00,31.929,32.396,31.707,31.732,419008.76
2025-05-29 17:00:00+00:00,31.732,32.984,31.717,32.763,1003583.28
2025-05-29 18:00:00+00:00,32.763,33.258,32.41,32.476,456246.98
2025-05-29 19:00:00+00:00,32.476,32.509,31.723,31.884,674904.45
2025-05-29 20:00:00+00:00,31.884,32.1,31.374,31.752,422296.05
2025-05-29 21:00:00+00:00,31.752,32.53,31.73,32.499,328501.55
2025-05-29 22:00:00+00:00,32.499,32.668,31.918,31.924,229714.3
2025-05-29 23:00:00+00:00,31.924,31.939,31.36,31.411,314500.63
2025-05-30 00:00:00+00:00,31.411,31.735,30.639,30.8,699003.35
2025-05-30 01:00:00+00:00,30.8,32.186,30.8,31.744,863290.42
2025-05-30 02:00:00+00:00,31.744,32.725,31.737,32.517,480764.64
2025-05-30 03:00:00+00:00,32.517,32.855,32.412,32.593,299962.21
2025-05-30 04:00:00+00:00,32.593,32.658,32.028,32.272,283534.73
2025-05-30 05:00:00+00:00,32.272,32.603,32.21,32.313,227892.72
2025-05-30 06:00:00+00:00,32.313,32.334,31.876,31.961,279983.22
2025-05-30 07:00:00+00:00,31.961,32.759,31.937,32.728,409737.01
2025-05-30 08:00:00+00:00,32.728,33.912,32.446,33.288,1216253.21
2025-05-30 09:00:00+00:00,33.288,33.404,32.326,33.221,956220.92
2025-05-30 10:00:00+00:00,33.221,33.85,32.718,33.477,554704.96
2025-05-30 11:00:00+00:00,33.477,33.529,32.624,33.019,462484.2
2025-05-30 12:00:00+00:00,33.019,33.581,32.662,33.368,612281.97
2025-05-30 13:00:00+00:00,33.368,33.678,32.362,32.371,588735.57
2025-05-30 14:00:00+00:00,32.371,32.608,31.375,31.786,826374.36
2025-05-30 15:00:00+00:00,31.786,32.8,31.694,32.516,616598.94
2025-05-30 16:00:00+00:00,32.516,32.823,31.619,32.42,934868.95
2025-05-30 17:00:00+00:00,32.42,33.242,32.26,33.118,697848.34
2025-05-30 18:00:00+00:00,33.118,34.219,33.061,34.212,706038.99
2025-05-30 19:00:00+00:00,34.212,34.322,33.346,33.392,721515.18
2025-05-30 20:00:00+00:00,33.392,33.915,33.114,33.133,387544.65
2025-05-30 21:00:00+00:00,33.133,33.778,33.006,33.525,203813.8
2025-05-30 22:00:00+00:00,33.525,33.654,32.139,32.278,454120.13
2025-05-30 23:00:00+00:00,32.278,32.85,31.977,32.836,629247.38
2025-05-31 00:00:00+00:00,32.836,33.658,32.756,32.971,615940.24
2025-05-31 01:00:00+00:00,32.971,33.09,32.104,32.104,629303.02
2025-05-31 02:00:00+00:00,32.104,32.202,30.945,31.029,806481.53
2025-05-31 03:00:00+00:00,31.029,31.783,30.895,31.669,406987.8
2025-05-31 04:00:00+00:00,31.669,32.236,31.1,31.911,482474.65
2025-05-31 05:00:00+00:00,31.911,32.118,31.362,31.38,342084.03
2025-05-31 06:00:00+00:00,31.38,32.031,31.346,31.938,225029.93
2025-05-31 07:00:00+00:00,31.938,32.009,31.006,31.501,367738.71
2025-05-31 08:00:00+00:00,31.501,31.709,31.096,31.145,213051.02
2025-05-31 09:00:00+00:00,31.145,31.521,30.92,31.05,261307.33
2025-05-31 10:00:00+00:00,31.05,31.345,30.764,31.333,234319.14
2025-05-31 11:00:00+00:00,31.333,31.671,31.193,31.388,178067.64
2025-05-31 12:00:00+00:00,31.388,32.433,31.381,32.398,421529.64
2025-05-31 13:00:00+00:00,32.398,32.894,32.349,32.72,447225.1
2025-05-31 14:00:00+00:00,32.72,32.994,32.257,32.84,318485.55
2025-05-31 15:00:00+00:00,32.84,33.231,32.453,32.636,367613.15
2025-05-31 16:00:00+00:00,32.636,33.174,32.519,32.911,230584.56
2025-05-31 17:00:00+00:00,32.911,32.929,32.412,32.508,145104.71
2025-05-31 18:00:00+00:00,32.508,32.925,32.386,32.915,98526.78
2025-05-31 19:00:00+00:00,32.915,33.139,32.759,32.927,165356.87
2025-05-31 20:00:00+00:00,32.927,33.031,32.728,32.783,80635.74
2025-05-31 21:00:00+00:00,32.783,33.406,32.783,33.277,194020.47
2025-05-31 22:00:00+00:00,33.277,33.42,33.0,33.031,97376.98
2025-05-31 23:00:00+00:00,33.031,33.174,32.67,32.692,155702.45
2025-06-01 00:00:00+00:00,32.692,32.924,32.532,32.649,167351.93
2025-06-01 01:00:00+00:00,32.649,32.867,32.297,32.424,191590.25
2025-06-01 02:00:00+00:00,32.424,32.69,32.161,32.598,157092.74
2025-06-01 03:00:00+00:00,32.598,32.723,32.19,32.589,122433.53
2025-06-01 04:00:00+00:00,32.589,33.099,32.398,33.026,190499.2
2025-06-01 05:00:00+00:00,33.026,33.416,32.878,33.089,223979.74
2025-06-01 06:00:00+00:00,33.089,33.259,32.502,32.567,243468.9
2025-06-01 07:00:00+00:00,32.567,32.632,32.244,32.495,173642.7
2025-06-01 08:00:00+00:00,32.495,32.509,32.117,32.432,169596.87
2025-06-01 09:00:00+00:00,32.432,32.512,31.779,32.014,335068.9
2025-06-01 10:00:00+00:00,32.014,32.108,31.621,31.779,296261.34
2025-06-01 11:00:00+00:00,31.779,32.152,31.631,31.847,215894.56
2025-06-01 12:00:00+00:00,31.847,31.995,31.505,31.769,223718.22
2025-06-01 13:00:00+00:00,31.769,32.15,31.673,31.87,173988.64
2025-06-01 14:00:00+00:00,31.87,32.371,31.87,32.027,268245.15
2025-06-01 15:00:00+00:00,32.027,32.474,31.83,32.453,200460.4
2025-06-01 16:00:00+00:00,32.453,33.3,32.358,32.952,480687.12
2025-06-01 17:00:00+00:00,32.952,33.16,32.777,33.122,176894.84
2025-06-01 18:00:00+00:00,33.122,33.243,32.554,32.934,210746.5
2025-06-01 19:00:00+00:00,32.934,33.382,32.745,33.382,137221.5
2025-06-01 20:00:00+00:00,33.382,33.884,33.217,33.428,238517.66
2025-06-01 21:00:00+00:00,33.428,34.084,33.33,34.084,276320.02
2025-06-01 22:00:00+00:00,34.084,34.172,33.666,33.933,245497.27
2025-06-01 23:00:00+00:00,33.933,34.303,33.868,34.178,158974.49
2025-06-02 00:00:00+00:00,34.178,34.384,33.754,33.829,240559.84
2025-06-02 01:00:00+00:00,33.829,34.034,33.677,33.729,134521.58
2025-06-02 02:00:00+00:00,33.729,33.789,33.445,33.49,136007.55
2025-06-02 03:00:00+00:00,33.49,33.788,33.247,33.505,254511.17
2025-06-02 04:00:00+00:00,33.505,33.606,33.256,33.316,94125.29
2025-06-02 05:00:00+00:00,33.316,33.412,32.62,32.94,297457.97
2025-06-02 06:00:00+00:00,32.94,33.452,32.758,33.296,217250.63
2025-06-02 07:00:00+00:00,33.296,33.785,33.265,33.632,196548.14
2025-06-02 08:00:00+00:00,33.632,34.146,33.253,33.283,393648.91
2025-06-02 09:00:00+00:00,33.283,33.294,32.71,32.797,431650.82
2025-06-02 10:00:00+00:00,32.797,33.048,32.582,32.647,224303.93
2025-06-02 11:00:00+00:00,32.647,32.853,32.484,32.676,230558.15
2025-06-02 12:00:00+00:00,32.676,33.096,32.563,33.028,182955.94
2025-06-02 13:00:00+00:00,33.028,33.357,32.408,32.625,438730.38
2025-06-02 14:00:00+00:00,32.625,33.506,32.458,33.206,503891.8
2025-06-02 15:00:00+00:00,33.206,33.67,32.953,33.65,322881.34
2025-06-02 16:00:00+00:00,33.65,33.741,33.227,33.401,235803.02
2025-06-02 17:00:00+00:00,33.401,33.942,33.328,33.929,226955.5
2025-06-02 18:00:00+00:00,33.929,34.864,33.913,34.48,666911.99
2025-06-02 19:00:00+00:00,34.48,35.625,34.275,35.457,659443.93
2025-06-02 20:00:00+00:00,35.457,36.04,35.348,35.894,675457.38
2025-06-02 21:00:00+00:00,35.894,36.078,35.345,35.917,357037.53
2025-06-02 22:00:00+00:00,35.917,36.376,35.847,35.946,519256.79
2025-06-02 23:00:00+00:00,35.946,36.671,35.863,36.496,404048.83
2025-06-03 00:00:00+00:00,36.496,36.97,36.26,36.468,458869.73
2025-06-03 01:00:00+00:00,36.468,36.7,36.147,36.191,292971.14
2025-06-03 02:00:00+00:00,36.191,36.363,35.83,36.06,484690.47
2025-06-03 03:00:00+00:00,36.06,36.162,35.688,35.841,375241.37
2025-06-03 04:00:00+00:00,35.841,35.981,35.67,35.692,182967.58
2025-06-03 05:00:00+00:00,35.692,36.282,35.692,36.241,194346.05
2025-06-03 06:00:00+00:00,36.241,36.371,35.904,36.253,234988.85
2025-06-03 07:00:00+00:00,36.253,36.299,35.917,36.148,134957.2
2025-06-03 08:00:00+00:00,36.148,36.449,35.758,36.425,229237.65
2025-06-03 09:00:00+00:00,36.425,36.936,36.291,36.732,393059.69
2025-06-03 10:00:00+00:00,36.732,37.731,36.543,37.654,646534.68
2025-06-03 11:00:00+00:00,37.654,37.81,37.273,37.515,414542.45
2025-06-03 12:00:00+00:00,37.515,37.9,37.232,37.648,321412.46
2025-06-03 13:00:00+00:00,37.648,37.953,37.144,37.925,556887.07
2025-06-03 14:00:00+00:00,37.925,38.237,37.315,38.149,579219.54
2025-06-03 15:00:00+00:00,38.149,38.246,37.64,37.837,438488.3
2025-06-03 16:00:00+00:00,37.837,37.952,36.951,36.988,590824.68
2025-06-03 17:00:00+00:00,36.988,37.415,36.715,36.822,378526.17
2025-06-03 18:00:00+00:00,36.822,36.951,36.561,36.804,339001.37
2025-06-03 19:00:00+00:00,36.804,37.269,36.804,37.012,279944.54
2025-06-03 20:00:00+00:00,37.012,37.06,36.203,36.85,420442.79
2025-06-03 21:00:00+00:00,36.85,36.924,35.692,35.826,509406.26
2025-06-03 22:00:00+00:00,35.826,36.905,35.75,36.595,466387.67
2025-06-03 23:00:00+00:00,36.595,36.739,36.078,36.087,256626.27
2025-06-04 00:00:00+00:00,36.087,36.443,35.738,36.439,408734.63
2025-06-04 01:00:00+00:00,36.439,37.032,36.431,36.938,506835.38
2025-06-04 02:00:00+00:00,36.938,37.024,36.305,36.465,317068.38
2025-06-04 03:00:00+00:00,36.465,36.845,36.349,36.571,129451.79
2025-06-04 04:00:00+00:00,36.571,36.726,36.253,36.293,117059.49
2025-06-04 05:00:00+00:00,36.293,36.691,36.184,36.572,134520.9
2025-06-04 06:00:00+00:00,36.572,36.859,36.436,36.725,109713.74
2025-06-04 07:00:00+00:00,36.725,36.769,35.975,36.182,267074.16
2025-06-04 08:00:00+00:00,36.182,36.586,36.144,36.437,181140.32
2025-06-04 09:00:00+00:00,36.437,36.574,36.075,36.539,181120.67
2025-06-04 10:00:00+00:00,36.539,36.813,36.469,36.692,168906.2
2025-06-04 11:00:00+00:00,36.692,37.222,36.415,36.597,348172.79
2025-06-04 12:00:00+00:00,36.597,37.01,36.268,36.432,315119.6
2025-06-04 13:00:00+00:00,36.432,36.978,36.106,36.239,372507.23
2025-06-04 14:00:00+00:00,36.239,36.843,35.946,36.801,425227.82
2025-06-04 15:00:00+00:00,36.801,37.193,36.652,36.824,357809.73
2025-06-04 16:00:00+00:00,36.824,37.06,36.696,37.048,393125.57
2025-06-04 17:00:00+00:00,37.048,37.198,36.445,36.711,237607.86
2025-06-04 18:00:00+00:00,36.711,37.03,36.235,36.246,221128.07
2025-06-04 19:00:00+00:00,36.246,36.504,35.906,36.002,348777.91
2025-06-04 20:00:00+00:00,36.002,36.187,34.611,34.983,1110153.6
2025-06-04 21:00:00+00:00,34.983,35.467,34.473,35.4,415398.78
2025-06-04 22:00:00+00:00,35.4,35.687,35.214,35.467,363103.64
2025-06-04 23:00:00+00:00,35.467,35.857,35.316,35.647,320370.66
2025-06-05 00:00:00+00:00,35.647,36.444,35.29,36.149,629123.22
2025-06-05 01:00:00+00:00,36.149,36.418,35.706,35.924,250809.65
2025-06-05 02:00:00+00:00,35.924,36.047,35.41,35.414,204796.28
2025-06-05 03:00:00+00:00,35.414,35.606,35.31,35.455,151523.95
2025-06-05 04:00:00+00:00,35.455,35.758,35.297,35.605,194223.01
2025-06-05 05:00:00+00:00,35.605,35.677,34.968,35.049,258452.67
2025-06-05 06:00:00+00:00,35.049,35.121,34.521,34.564,314685.21
2025-06-05 07:00:00+00:00,34.564,35.048,34.501,34.757,342599.83
2025-06-05 08:00:00+00:00,34.757,35.284,34.757,35.117,241749.28
2025-06-05 09:00:00+00:00,35.117,35.224,34.862,35.05,124427.27
2025-06-05 10:00:00+00:00,35.05,35.134,34.522,34.904,158933.61
2025-06-05 11:00:00+00:00,34.904,35.3,34.776,35.248,156365.35
2025-06-05 12:00:00+00:00,35.248,35.724,34.988,35.563,326679.78
2025-06-05 13:00:00+00:00,35.563,35.682,34.648,34.715,546855.36
2025-06-05 14:00:00+00:00,34.715,35.078,34.232,34.819,791930.23
2025-06-05 15:00:00+00:00,34.819,35.092,34.478,34.954,259952.23
2025-06-05 16:00:00+00:00,34.954,34.96,33.756,33.796,657389.69
2025-06-05 17:00:00+00:00,33.796,34.508,33.781,33.978,578969.31
2025-06-05 18:00:00+00:00,33.978,34.388,33.678,34.258,442249.81
2025-06-05 19:00:00+00:00,34.258,34.289,32.932,33.534,1004610.59
2025-06-05 20:00:00+00:00,33.534,33.736,32.613,32.832,1361038.87
2025-06-05 21:00:00+00:00,32.832,34.29,32.682,33.974,989846.64
2025-06-05 22:00:00+00:00,33.974,34.697,33.688,34.36,698661.14
2025-06-05 23:00:00+00:00,34.36,34.645,33.989,34.011,326763.57
2025-06-06 00:00:00+00:00,34.011,34.228,33.703,34.138,310648.28
2025-06-06 01:00:00+00:00,34.138,34.3,33.712,33.743,273219.92
2025-06-06 02:00:00+00:00,33.743,34.1,33.489,34.097,268998.7
2025-06-06 03:00:00+00:00,34.097,34.504,33.925,34.484,166765.25
2025-06-06 04:00:00+00:00,34.484,34.979,34.235,34.793,283153.91
2025-06-06 05:00:00+00:00,34.793,34.983,34.377,34.959,267685.1
2025-06-06 06:00:00+00:00,34.959,34.984,34.376,34.527,299070.38
2025-06-06 07:00:00+00:00,34.527,34.9,34.506,34.636,159040.55
2025-06-06 08:00:00+00:00,34.636,34.947,34.467,34.491,190576.5
2025-06-06 09:00:00+00:00,34.491,34.747,34.276,34.628,252716.15
2025-06-06 10:00:00+00:00,34.628,34.914,34.55,34.576,160137.82
2025-06-06 11:00:00+00:00,34.576,34.739,34.342,34.429,214115.59
2025-06-06 12:00:00+00:00,34.429,34.648,34.132,34.541,340818.06
2025-06-06 13:00:00+00:00,34.541,35.505,34.541,35.121,540427.2
2025-06-06 14:00:00+00:00,35.121,35.563,34.924,35.202,410469.27
2025-06-06 15:00:00+00:00,35.202,35.236,34.618,35.007,379073.64
2025-06-06 16:00:00+00:00,35.007,35.021,34.452,34.487,181254.25
2025-06-06 17:00:00+00:00,34.487,34.622,33.373,34.264,1137638.46
2025-06-06 18:00:00+00:00,34.264,35.012,34.007,34.112,406175.27
2025-06-06 19:00:00+00:00,34.112,34.239,33.528,33.801,264989.95
2025-06-06 20:00:00+00:00,33.801,34.118,33.504,33.717,235845.17
2025-06-06 21:00:00+00:00,33.717,33.965,33.551,33.831,125362.83
2025-06-06 22:00:00+00:00,33.831,33.851,33.114,33.343,362714.52
2025-06-06 23:00:00+00:00,33.343,33.425,33.088,33.337,129832.34
2025-06-07 00:00:00+00:00,33.337,33.8,33.026,33.746,262890.75
2025-06-07 01:00:00+00:00,33.746,33.852,33.342,33.487,269005.56
2025-06-07 02:00:00+00:00,33.487,33.639,33.235,33.602,147457.68
2025-06-07 03:00:00+00:00,33.602,34.194,33.5,33.989,308156.35
2025-06-07 04:00:00+00:00,33.989,34.224,33.812,34.218,173559.03
2025-06-07 05:00:00+00:00,34.218,34.289,34.061,34.13,119971.24
2025-06-07 06:00:00+00:00,34.13,34.241,33.926,34.24,123680.92
2025-06-07 07:00:00+00:00,34.24,34.31,33.949,34.021,94402.19
2025-06-07 08:00:00+00:00,34.021,34.037,33.656,33.71,166274.45
2025-06-07 09:00:00+00:00,33.71,33.77,33.52,33.636,111557.99
2025-06-07 10:00:00+00:00,33.636,34.028,33.587,33.96,132528.44
2025-06-07 11:00:00+00:00,33.96,34.042,33.752,33.863,139171.22
2025-06-07 12:00:00+00:00,33.863,34.352,33.839,34.199,156130.82
2025-06-07 13:00:00+00:00,34.199,34.485,34.061,34.324,167030.44
2025-06-07 14:00:00+00:00,34.324,34.862,34.263,34.713,323281.47
2025-06-07 15:00:00+00:00,34.713,34.937,34.654,34.7,257182.05
2025-06-07 16:00:00+00:00,34.7,34.949,34.491,34.513,342275.8
2025-06-07 17:00:00+00:00,34.513,34.985,34.476,34.608,168451.78
2025-06-07 18:00:00+00:00,34.608,34.745,34.344,34.479,166248.65
2025-06-07 19:00:00+00:00,34.479,34.632,34.363,34.388,82648.76
2025-06-07 20:00:00+00:00,34.388,34.6,34.372,34.462,54725.15
2025-06-07 21:00:00+00:00,34.462,34.789,34.43,34.612,97379.84
2025-06-07 22:00:00+00:00,34.612,35.16,34.609,35.134,167687.97
2025-06-07 23:00:00+00:00,35.134,35.149,34.83,34.923,173798.89
2025-06-08 00:00:00+00:00,34.923,34.997,34.571,34.571,85815.59
2025-06-08 01:00:00+00:00,34.571,34.904,34.497,34.707,140757.83
2025-06-08 02:00:00+00:00,34.707,35.011,34.6,34.797,117781.92
2025-06-08 03:00:00+00:00,34.797,35.38,34.792,35.212,267515.91
2025-06-08 04:00:00+00:00,35.212,35.38,35.033,35.249,91665.28
2025-06-08 05:00:00+00:00,35.249,35.393,35.068,35.077,124922.51
2025-06-08 06:00:00+00:00,35.077,35.255,34.872,34.878,92922.07
2025-06-08 07:00:00+00:00,34.878,35.46,34.84,35.401,129338.57
2025-06-08 08:00:00+00:00,35.401,35.531,35.227,35.261,163670.73
2025-06-08 09:00:00+00:00,35.261,35.296,35.037,35.062,140281.92
2025-06-08 10:00:00+00:00,35.062,35.46,34.764,35.404,241787.7
2025-06-08 11:00:00+00:00,35.404,35.542,35.258,35.49,112893.07
2025-06-08 12:00:00+00:00,35.49,35.585,35.308,35.332,110546.1
2025-06-08 13:00:00+00:00,35.332,35.432,34.921,34.944,330114.88
2025-06-08 14:00:00+00:00,34.944,35.192,34.885,35.179,137028.04
2025-06-08 15:00:00+00:00,35.179,35.318,35.107,35.199,92274.22
2025-06-08 16:00:00+00:00,35.199,35.896,35.169,35.836,306852.88
2025-06-08 17:00:00+00:00,35.836,36.23,35.663,35.92,289091.41
2025-06-08 18:00:00+00:00,35.92,36.341,35.826,36.187,252713.19
2025-06-08 19:00:00+00:00,36.187,36.224,35.95,35.993,78260.46
2025-06-08 20:00:00+00:00,35.993,36.048,35.698,35.806,116785.13
2025-06-08 21:00:00+00:00,35.806,36.072,35.8,35.838,84777.72
2025-06-08 22:00:00+00:00,35.838,35.861,35.148,35.246,447278.22
2025-06-08 23:00:00+00:00,35.246,35.441,34.8,34.971,293471.15
2025-06-09 00:00:00+00:00,34.971,35.084,34.673,34.98,219275.57
2025-06-09 01:00:00+00:00,34.98,35.189,34.792,34.98,236413.77
2025-06-09 02:00:00+00:00,34.98,35.43,34.901,35.329,154490.32
2025-06-09 03:00:00+00:00,35.329,35.599,35.133,35.51,205081.52
2025-06-09 04:00:00+00:00,35.51,35.655,34.967,35.102,218193.76
2025-06-09 05:00:00+00:00,35.102,35.133,34.88,35.015,120103.98
2025-06-09 06:00:00+00:00,35.015,35.294,34.76,35.233,196173.74
2025-06-09 07:00:00+00:00,35.233,35.314,34.954,35.034,114242.55
2025-06-09 08:00:00+00:00,35.034,35.472,35.008,35.464,184208.53
2025-06-09 09:00:00+00:00,35.464,35.636,35.193,35.244,243168.4
2025-06-09 10:00:00+00:00,35.244,36.66,35.243,36.496,685151.82
2025-06-09 11:00:00+00:00,36.496,37.649,36.483,37.439,940691.15
2025-06-09 12:00:00+00:00,37.439,37.516,36.844,36.921,383733.48
2025-06-09 13:00:00+00:00,36.921,36.927,36.5,36.605,313266.74
2025-06-09 14:00:00+00:00,36.605,37.746,36.605,37.419,468996.82
2025-06-09 15:00:00+00:00,37.419,37.7,37.312,37.645,421424.63
2025-06-09 16:00:00+00:00,37.645,38.069,37.524,37.825,540168.42
2025-06-09 17:00:00+00:00,37.825,38.21,37.752,38.079,426310.18
2025-06-09 18:00:00+00:00,38.079,38.218,37.755,37.854,272903.61
2025-06-09 19:00:00+00:00,37.854,38.006,37.556,37.671,222997.53
2025-06-09 20:00:00+00:00,37.671,37.991,37.341,37.966,406058.33
2025-06-09 21:00:00+00:00,37.966,38.573,37.954,38.489,548421.15
2025-06-09 22:00:00+00:00,38.489,39.8,38.295,38.623,526805.25
2025-06-09 23:00:00+00:00,38.623,38.973,38.137,38.843,380261.81
2025-06-10 00:00:00+00:00,38.843,39.208,38.41,38.728,459031.87
2025-06-10 01:00:00+00:00,38.728,39.364,38.55,39.33,295195.65
2025-06-10 02:00:00+00:00,39.33,39.447,39.0,39.157,322640.75
2025-06-10 03:00:00+00:00,39.157,39.32,38.692,39.18,228355.02
2025-06-10 04:00:00+00:00,39.18,39.658,39.054,39.535,423322.9
2025-06-10 05:00:00+00:00,39.535,39.574,38.555,38.935,495037.9
2025-06-10 06:00:00+00:00,38.935,39.366,38.615,39.245,256674.29
2025-06-10 07:00:00+00:00,39.245,39.458,38.809,39.062,275963.04
2025-06-10 08:00:00+00:00,39.062,39.344,38.861,39.12,317993.98
2025-06-10 09:00:00+00:00,39.12,41.482,39.076,40.93,1352515.51
2025-06-10 10:00:00+00:00,40.93,41.412,40.236,41.15,558770.86
2025-06-10 11:00:00+00:00,41.15,41.854,40.828,41.58,609787.22
2025-06-10 12:00:00+00:00,41.58,41.694,40.82,40.9,742148.18
2025-06-10 13:00:00+00:00,40.9,41.064,40.358,40.425,621980.5
2025-06-10 14:00:00+00:00,40.425,40.496,39.69,39.842,690613.79
2025-06-10 15:00:00+00:00,39.842,40.282,39.535,40.146,449006.74
2025-06-10 16:00:00+00:00,40.146,40.465,39.735,39.857,261870.34
2025-06-10 17:00:00+00:00,39.857,40.279,39.721,39.965,175122.9
2025-06-10 18:00:00+00:00,39.965,40.909,39.797,40.791,386275.96
2025-06-10 19:00:00+00:00,40.791,41.6,40.711,41.06,579530.47
2025-06-10 20:00:00+00:00,41.06,42.066,40.803,41.743,438411.85
2025-06-10 21:00:00+00:00,41.743,41.838,41.1,41.526,355285.15
2025-06-10 22:00:00+00:00,41.526,42.427,41.471,41.823,541239.2
2025-06-10 23:00:00+00:00,41.823,42.332,41.729,42.231,234100.3
2025-06-11 00:00:00+00:00,42.231,42.399,41.175,41.459,296962.12
2025-06-11 01:00:00+00:00,41.459,41.87,40.858,41.179,570668.97
2025-06-11 02:00:00+00:00,41.179,41.416,40.859,41.36,248826.91
2025-06-11 03:00:00+00:00,41.36,41.797,41.256,41.781,184316.33
2025-06-11 04:00:00+00:00,41.781,41.884,41.467,41.813,133287.16
2025-06-11 05:00:00+00:00,41.813,42.18,41.371,41.809,314999.74
2025-06-11 06:00:00+00:00,41.809,42.722,41.809,42.574,332449.38
2025-06-11 07:00:00+00:00,42.574,42.794,42.397,42.611,239139.41
2025-06-11 08:00:00+00:00,42.611,43.102,42.265,42.356,578254.62
2025-06-11 09:00:00+00:00,42.356,42.555,41.69,41.721,287690.04
2025-06-11 10:00:00+00:00,41.721,41.858,41.397,41.795,335345.38
2025-06-11 11:00:00+00:00,41.795,41.815,41.114,41.352,285908.07
2025-06-11 12:00:00+00:00,41.352,42.523,41.146,42.315,689420.19
2025-06-11 13:00:00+00:00,42.315,42.939,42.045,42.853,578067.05
2025-06-11 14:00:00+00:00,42.853,43.532,42.62,43.499,668386.29
2025-06-11 15:00:00+00:00,43.499,44.073,43.173,43.496,608633.97
2025-06-11 16:00:00+00:00,43.496,43.742,42.832,42.932,337447.15
2025-06-11 17:00:00+00:00,42.932,43.27,42.653,42.888,337761.09
2025-06-11 18:00:00+00:00,42.888,43.013,42.224,42.327,506582.08
2025-06-11 19:00:00+00:00,42.327,42.748,41.957,42.225,400152.28
2025-06-11 20:00:00+00:00,42.225,42.646,41.901,42.119,232480.97
2025-06-11 21:00:00+00:00,42.119,42.478,40.858,40.968,637042.59
2025-06-11 22:00:00+00:00,40.968,41.744,40.673,41.165,687996.69
2025-06-11 23:00:00+00:00,41.165,41.941,41.067,41.811,338965.44
2025-06-12 00:00:00+00:00,41.811,41.829,40.546,41.022,462572.39
2025-06-12 01:00:00+00:00,41.022,41.223,40.635,41.187,206864.23
2025-06-12 02:00:00+00:00,41.187,41.678,41.143,41.367,182509.76
2025-06-12 03:00:00+00:00,41.367,42.065,41.186,41.847,275736.15
2025-06-12 04:00:00+00:00,41.847,42.017,41.371,41.749,219078.23
2025-06-12 05:00:00+00:00,41.749,42.215,41.457,41.877,222317.47
2025-06-12 06:00:00+00:00,41.877,41.999,41.489,41.833,160036.64
2025-06-12 07:00:00+00:00,41.833,41.995,41.27,41.456,168427.71
2025-06-12 08:00:00+00:00,41.456,41.74,41.162,41.624,149495.61
2025-06-12 09:00:00+00:00,41.624,41.707,41.322,41.488,91568.31
2025-06-12 10:00:00+00:00,41.488,41.592,40.504,40.715,377473.21
2025-06-12 11:00:00+00:00,40.715,40.922,40.323,40.42,381699.5
2025-06-12 12:00:00+00:00,40.42,41.2,40.327,40.916,332789.51
2025-06-12 13:00:00+00:00,40.916,41.908,40.884,41.758,534834.93
2025-06-12 14:00:00+00:00,41.758,42.99,41.703,42.74,603170.9
2025-06-12 15:00:00+00:00,42.74,43.494,41.976,42.421,876451.58
2025-06-12 16:00:00+00:00,42.421,43.343,42.416,43.017,636867.13
2025-06-12 17:00:00+00:00,43.017,43.888,42.815,43.567,436395.43
2025-06-12 18:00:00+00:00,43.567,43.613,42.449,42.76,543277.81
2025-06-12 19:00:00+00:00,42.76,42.849,41.643,41.858,951278.71
2025-06-12 20:00:00+00:00,41.858,42.009,40.152,41.231,1305090.13
2025-06-12 21:00:00+00:00,41.231,41.517,40.348,40.366,467128.55
2025-06-12 22:00:00+00:00,40.366,41.014,40.277,40.615,386576.39
2025-06-12 23:00:00+00:00,40.615,41.168,40.47,40.501,238046.1
2025-06-13 00:00:00+00:00,40.501,40.501,38.021,38.69,2754783.7
2025-06-13 01:00:00+00:00,38.69,38.843,37.262,38.703,1779714.08
2025-06-13 02:00:00+00:00,38.703,38.88,37.581,38.182,920032.79
2025-06-13 03:00:00+00:00,38.182,39.454,38.133,39.075,851516.67
2025-06-13 04:00:00+00:00,39.075,39.739,38.358,39.73,613801.23
2025-06-13 05:00:00+00:00,39.73,39.894,39.127,39.311,824324.61
2025-06-13 06:00:00+00:00,39.311,39.53,38.521,38.945,533542.93
2025-06-13 07:00:00+00:00,38.945,39.526,38.316,39.366,445548.56
2025-06-13 08:00:00+00:00,39.366,40.113,38.983,39.12,799172.71
2025-06-13 09:00:00+00:00,39.12,40.334,38.984,39.976,545279.83
2025-06-13 10:00:00+00:00,39.976,40.386,39.71,40.03,410284.18
2025-06-13 11:00:00+00:00,40.03,40.218,39.421,40.106,348206.59
2025-06-13 12:00:00+00:00,40.106,40.61,39.928,40.128,387805.99
2025-06-13 13:00:00+00:00,40.128,40.592,39.721,40.146,443142.55
2025-06-13 14:00:00+00:00,40.146,40.578,39.0,40.424,766719.25
2025-06-13 15:00:00+00:00,40.424,41.564,40.256,41.226,1090981.5
2025-06-13 16:00:00+00:00,41.226,42.114,40.8,41.675,659216.84
2025-06-13 17:00:00+00:00,41.675,41.702,40.6,41.091,365134.33
2025-06-13 18:00:00+00:00,41.091,41.301,40.079,40.596,557188.43
2025-06-13 19:00:00+00:00,40.596,40.883,40.264,40.757,385771.0
2025-06-13 20:00:00+00:00,40.757,41.71,40.732,41.457,405203.08
2025-06-13 21:00:00+00:00,41.457,42.05,41.093,42.017,308673.55
2025-06-13 22:00:00+00:00,42.017,42.842,41.754,41.837,529820.5
2025-06-13 23:00:00+00:00,41.837,42.524,41.805,42.289,222975.61
2025-06-14 00:00:00+00:00,42.289,42.67,42.048,42.38,286415.4
2025-06-14 01:00:00+00:00,42.38,42.391,41.523,41.714,248342.12
2025-06-14 02:00:00+00:00,41.714,41.947,41.554,41.668,128136.61
2025-06-14 03:00:00+00:00,41.668,42.136,41.57,41.743,130698.16
2025-06-14 04:00:00+00:00,41.743,42.352,41.701,42.328,124879.36
2025-06-14 05:00:00+00:00,42.328,42.617,41.981,42.54,180043.81
2025-06-14 06:00:00+00:00,42.54,42.692,42.0,42.171,282316.49
2025-06-14 07:00:00+00:00,42.171,42.596,41.634,42.444,375008.8
2025-06-14 08:00:00+00:00,42.444,42.56,42.028,42.396,234409.3
2025-06-14 09:00:00+00:00,42.396,42.497,41.858,41.91,201193.47
2025-06-14 10:00:00+00:00,41.91,41.997,41.65,41.669,165585.58
2025-06-14 11:00:00+00:00,41.669,41.733,41.02,41.188,366659.72
2025-06-14 12:00:00+00:00,41.188,41.295,40.645,40.967,430964.15
2025-06-14 13:00:00+00:00,40.967,41.418,40.808,41.376,303984.7
2025-06-14 14:00:00+00:00,41.376,41.629,40.807,41.022,328817.9
2025-06-14 15:00:00+00:00,41.022,41.14,40.283,40.5,401460.65
2025-06-14 16:00:00+00:00,40.5,40.648,39.7,39.877,386758.65
2025-06-14 17:00:00+00:00,39.877,40.352,39.697,40.203,288728.91
2025-06-14 18:00:00+00:00,40.203,40.304,39.369,39.564,356704.53
2025-06-14 19:00:00+00:00,39.564,39.872,39.265,39.298,267085.77
2025-06-14 20:00:00+00:00,39.298,39.618,38.839,39.573,430969.34
2025-06-14 21:00:00+00:00,39.573,40.047,39.394,40.033,309099.02
2025-06-14 22:00:00+00:00,40.033,40.21,39.843,40.073,220618.25
2025-06-14 23:00:00+00:00,40.073,40.259,39.92,40.105,176926.36
2025-06-15 00:00:00+00:00,40.105,40.584,40.08,40.532,197659.51
2025-06-15 01:00:00+00:00,40.532,40.68,40.127,40.246,156068.61
2025-06-15 02:00:00+00:00,40.246,40.793,40.238,40.706,171739.84
2025-06-15 03:00:00+00:00,40.706,40.78,39.914,39.972,203646.3
2025-06-15 04:00:00+00:00,39.972,40.218,39.821,40.154,179964.48
2025-06-15 05:00:00+00:00,40.154,41.137,39.898,41.132,352558.7
2025-06-15 06:00:00+00:00,41.132,41.165,40.37,40.429,244788.99
2025-06-15 07:00:00+00:00,40.429,40.616,40.215,40.596,139403.09
2025-06-15 08:00:00+00:00,40.596,40.632,40.043,40.184,124239.55
2025-06-15 09:00:00+00:00,40.184,40.184,39.86,39.92,164446.36
2025-06-15 10:00:00+00:00,39.92,40.349,39.877,40.3,164065.15
2025-06-15 11:00:00+00:00,40.3,40.487,40.039,40.2,137864.36
2025-06-15 12:00:00+00:00,40.2,40.436,40.047,40.223,175734.21
2025-06-15 13:00:00+00:00,40.223,40.709,39.673,40.678,402524.31
2025-06-15 14:00:00+00:00,40.678,41.112,40.256,40.904,489951.58
2025-06-15 15:00:00+00:00,40.904,41.162,40.722,40.768,199745.5
2025-06-15 16:00:00+00:00,40.768,40.991,40.583,40.898,180317.87
2025-06-15 17:00:00+00:00,40.898,41.433,40.776,41.272,276955.12
2025-06-15 18:00:00+00:00,41.272,41.439,41.04,41.157,237844.93
2025-06-15 19:00:00+00:00,41.157,41.484,40.73,40.898,333992.42
2025-06-15 20:00:00+00:00,40.898,41.009,40.157,40.314,335456.51
2025-06-15 21:00:00+00:00,40.314,40.486,40.104,40.261,124095.96
2025-06-15 22:00:00+00:00,40.261,41.215,40.173,41.172,448664.19
2025-06-15 23:00:00+00:00,41.172,41.403,40.962,41.181,215603.51
2025-06-16 00:00:00+00:00,41.181,41.43,40.944,41.187,330680.81
2025-06-16 01:00:00+00:00,41.187,41.9,40.686,41.743,424292.0
2025-06-16 02:00:00+00:00,41.743,42.42,41.701,42.202,483302.49
2025-06-16 03:00:00+00:00,42.202,42.466,42.047,42.138,205941.72
2025-06-16 04:00:00+00:00,42.138,43.185,42.092,43.133,423479.92
2025-06-16 05:00:00+00:00,43.133,43.87,42.877,43.598,413453.14
2025-06-16 06:00:00+00:00,43.598,44.612,43.494,44.32,564055.99
2025-06-16 07:00:00+00:00,44.32,44.846,44.135,44.664,472937.67
2025-06-16 08:00:00+00:00,44.664,44.729,44.011,44.389,359126.63
2025-06-16 09:00:00+00:00,44.389,44.595,44.055,44.475,244062.44
2025-06-16 10:00:00+00:00,44.475,44.864,43.712,44.068,561026.83
2025-06-16 11:00:00+00:00,44.068,44.724,43.539,44.538,573164.23
2025-06-16 12:00:00+00:00,44.538,44.593,44.007,44.484,295947.53
2025-06-16 13:00:00+00:00,44.484,45.0,44.25,44.954,479823.53
2025-06-16 14:00:00+00:00,44.954,45.885,44.931,45.162,953636.12
2025-06-16 15:00:00+00:00,45.162,45.6,44.5,44.6,522320.07
2025-06-16 16:00:00+00:00,44.6,45.273,44.553,45.04,286453.22
2025-06-16 17:00:00+00:00,45.04,45.097,44.454,44.602,220098.33
2025-06-16 18:00:00+00:00,44.602,44.781,44.229,44.673,173941.05
2025-06-16 19:00:00+00:00,44.673,45.242,44.127,44.371,378881.81
2025-06-16 20:00:00+00:00,44.371,44.664,44.094,44.582,182832.37
2025-06-16 21:00:00+00:00,44.582,44.582,43.667,43.836,274030.85
2025-06-16 22:00:00+00:00,43.836,44.22,42.484,42.901,948517.59
2025-06-16 23:00:00+00:00,42.901,43.462,41.724,41.908,866103.21
2025-06-17 00:00:00+00:00,41.908,42.846,41.196,42.72,1112608.77
2025-06-17 01:00:00+00:00,42.72,43.042,42.143,42.266,530193.18
2025-06-17 02:00:00+00:00,42.266,43.112,41.855,43.081,408220.07
2025-06-17 03:00:00+00:00,43.081,43.287,42.8,43.17,354171.9
2025-06-17 04:00:00+00:00,43.17,43.536,42.81,42.888,276285.41
2025-06-17 05:00:00+00:00,42.888,43.099,42.317,42.581,219998.23
2025-06-17 06:00:00+00:00,42.581,42.738,42.073,42.336,273873.29
2025-06-17 07:00:00+00:00,42.336,42.561,42.047,42.26,185706.54
2025-06-17 08:00:00+00:00,42.26,42.444,40.825,40.98,761309.16
2025-06-17 09:00:00+00:00,40.98,41.069,40.321,40.64,694478.6
2025-06-17 10:00:00+00:00,40.64,40.733,40.124,40.712,358255.71
2025-06-17 11:00:00+00:00,40.712,40.72,40.059,40.519,283623.34
2025-06-17 12:00:00+00:00,40.519,40.703,39.774,39.95,478292.24
2025-06-17 13:00:00+00:00,39.95,40.238,39.563,39.805,639468.64
2025-06-17 14:00:00+00:00,39.805,40.663,39.788,39.973,514057.03
2025-06-17 15:00:00+00:00,39.973,40.235,39.2,39.634,806500.13
2025-06-17 16:00:00+00:00,39.634,39.874,38.521,38.648,1027971.56
2025-06-17 17:00:00+00:00,38.648,39.426,38.314,39.076,842111.74
2025-06-17 18:00:00+00:00,39.076,39.85,38.593,39.849,450953.79
2025-06-17 19:00:00+00:00,39.849,41.368,39.762,40.612,1388620.92
2025-06-17 20:00:00+00:00,40.612,40.905,39.66,39.89,530344.0
2025-06-17 21:00:00+00:00,39.89,39.985,39.211,39.521,476638.69
2025-06-17 22:00:00+00:00,39.521,40.365,38.984,39.867,480672.54
2025-06-17 23:00:00+00:00,39.867,40.345,39.687,39.962,241430.02
2025-06-18 00:00:00+00:00,39.962,40.361,39.61,40.317,251205.58
2025-06-18 01:00:00+00:00,40.317,40.688,40.0,40.065,235100.89
2025-06-18 02:00:00+00:00,40.065,40.354,39.888,40.042,136512.52
2025-06-18 03:00:00+00:00,40.042,40.561,39.979,40.341,163073.47
2025-06-18 04:00:00+00:00,40.341,40.866,40.011,40.852,225442.44
2025-06-18 05:00:00+00:00,40.852,41.077,40.689,40.788,267681.94
2025-06-18 06:00:00+00:00,40.788,41.113,40.115,40.377,331261.66
2025-06-18 07:00:00+00:00,40.377,40.536,40.0,40.294,264540.83
2025-06-18 08:00:00+00:00,40.294,40.621,40.275,40.504,150732.46
2025-06-18 09:00:00+00:00,40.504,40.862,39.715,39.866,311274.31
2025-06-18 10:00:00+00:00,39.866,39.957,38.859,39.172,474675.45
2025-06-18 11:00:00+00:00,39.172,39.349,38.685,39.251,387213.81
2025-06-18 12:00:00+00:00,39.251,39.257,38.422,38.575,557708.95
2025-06-18 13:00:00+00:00,38.575,39.443,37.56,39.045,1355502.84
2025-06-18 14:00:00+00:00,39.045,40.353,38.798,39.525,1540884.97
2025-06-18 15:00:00+00:00,39.525,39.8,38.747,39.024,657543.74
2025-06-18 16:00:00+00:00,39.024,39.197,38.517,38.541,362161.06
2025-06-18 17:00:00+00:00,38.541,39.129,38.267,39.088,424229.34
2025-06-18 18:00:00+00:00,39.088,39.28,38.214,38.302,833327.53
2025-06-18 19:00:00+00:00,38.302,38.889,37.738,37.762,634639.56
2025-06-18 20:00:00+00:00,37.762,39.218,37.717,38.928,661315.87
2025-06-18 21:00:00+00:00,38.928,39.144,38.064,39.086,540481.99
2025-06-18 22:00:00+00:00,39.086,39.437,38.71,39.089,314841.24
2025-06-18 23:00:00+00:00,39.089,39.65,38.911,39.485,371406.54
2025-06-19 00:00:00+00:00,39.485,39.994,39.081,39.535,454384.83
2025-06-19 01:00:00+00:00,39.535,39.535,38.435,38.721,384998.31
2025-06-19 02:00:00+00:00,38.721,38.832,38.133,38.235,267353.67
2025-06-19 03:00:00+00:00,38.235,38.615,38.23,38.517,113327.21
2025-06-19 04:00:00+00:00,38.517,38.533,37.556,38.233,451822.95
2025-06-19 05:00:00+00:00,38.233,38.474,38.152,38.183,166425.57
2025-06-19 06:00:00+00:00,38.183,38.298,37.608,37.869,301025.35
2025-06-19 07:00:00+00:00,37.869,38.108,37.74,37.839,182122.6
2025-06-19 08:00:00+00:00,37.839,38.159,37.635,37.645,210927.03
2025-06-19 09:00:00+00:00,37.645,38.346,37.292,38.303,520617.05
2025-06-19 10:00:00+00:00,38.303,38.496,37.975,38.146,317953.94
2025-06-19 11:00:00+00:00,38.146,38.146,37.142,37.485,516291.76
2025-06-19 12:00:00+00:00,37.485,38.0,37.186,37.628,421428.18
2025-06-19 13:00:00+00:00,37.628,37.646,36.73,36.855,639862.09
2025-06-19 14:00:00+00:00,36.855,37.154,36.302,36.436,648400.54
2025-06-19 15:00:00+00:00,36.436,36.883,36.085,36.27,625784.64
2025-06-19 16:00:00+00:00,36.27,36.792,36.069,36.118,469385.29
2025-06-19 17:00:00+00:00,36.118,37.649,36.029,36.828,1129322.01
2025-06-19 18:00:00+00:00,36.828,37.302,36.429,36.697,437833.16
2025-06-19 19:00:00+00:00,36.697,36.866,36.064,36.317,431286.61
2025-06-19 20:00:00+00:00,36.317,37.032,35.851,36.162,620267.33
2025-06-19 21:00:00+00:00,36.162,36.389,35.776,36.171,294336.75
2025-06-19 22:00:00+00:00,36.171,36.881,36.171,36.76,271615.37
2025-06-19 23:00:00+00:00,36.76,37.13,36.588,36.883,293582.09
2025-06-20 00:00:00+00:00,36.883,37.114,36.528,36.575,267983.67
2025-06-20 01:00:00+00:00,36.575,36.997,36.25,36.984,234145.17
2025-06-20 02:00:00+00:00,36.984,37.073,36.477,36.691,143737.08
2025-06-20 03:00:00+00:00,36.691,36.736,36.024,36.067,245030.75
2025-06-20 04:00:00+00:00,36.067,36.077,35.63,35.64,539097.09
2025-06-20 05:00:00+00:00,35.64,36.31,35.554,36.165,341241.74
2025-06-20 06:00:00+00:00,36.165,36.763,36.082,36.589,449702.56
2025-06-20 07:00:00+00:00,36.589,37.7,36.303,37.665,684706.43
2025-06-20 08:00:00+00:00,37.665,37.889,37.292,37.347,694485.52
2025-06-20 09:00:00+00:00,37.347,37.648,37.072,37.248,319114.22
2025-06-20 10:00:00+00:00,37.248,37.446,37.076,37.248,212344.24
2025-06-20 11:00:00+00:00,37.248,37.378,36.608,37.108,463855.15
2025-06-20 12:00:00+00:00,37.108,37.7,36.95,37.414,458854.77
2025-06-20 13:00:00+00:00,37.414,37.782,36.8,37.04,529376.45
2025-06-20 14:00:00+00:00,37.04,37.143,35.583,35.658,963184.89
2025-06-20 15:00:00+00:00,35.658,36.128,35.61,35.715,676873.93
2025-06-20 16:00:00+00:00,35.715,35.797,34.123,34.275,1950441.58
2025-06-20 17:00:00+00:00,34.275,34.462,33.382,34.353,1842574.45
2025-06-20 18:00:00+00:00,34.353,34.6,34.046,34.328,559705.12
2025-06-20 19:00:00+00:00,34.328,34.715,33.982,34.574,479243.79
2025-06-20 20:00:00+00:00,34.574,34.945,34.402,34.424,586389.54
2025-06-20 21:00:00+00:00,34.424,34.435,33.88,34.067,499271.72
2025-06-20 22:00:00+00:00,34.067,34.081,33.053,33.55,936432.64
2025-06-20 23:00:00+00:00,33.55,33.586,33.154,33.374,317205.46
2025-06-21 00:00:00+00:00,33.374,33.422,32.895,33.282,673546.13
2025-06-21 01:00:00+00:00,33.282,34.536,33.105,34.473,671012.69
2025-06-21 02:00:00+00:00,34.473,34.719,34.236,34.546,208369.34
2025-06-21 03:00:00+00:00,34.546,34.767,34.351,34.464,152511.32
2025-06-21 04:00:00+00:00,34.464,34.7,34.337,34.477,116874.6
2025-06-21 05:00:00+00:00,34.477,34.991,34.39,34.684,235913.77
2025-06-21 06:00:00+00:00,34.684,34.941,34.52,34.807,132974.71
2025-06-21 07:00:00+00:00,34.807,34.99,34.51,34.96,152641.65
2025-06-21 08:00:00+00:00,34.96,35.16,34.756,35.159,246697.46
2025-06-21 09:00:00+00:00,35.159,35.268,34.794,35.094,326480.28
2025-06-21 10:00:00+00:00,35.094,35.296,34.834,34.963,183646.54
2025-06-21 11:00:00+00:00,34.963,35.279,34.832,35.2,138878.35
2025-06-21 12:00:00+00:00,35.2,35.309,34.927,34.934,214697.02
2025-06-21 13:00:00+00:00,34.934,35.135,33.935,34.057,629644.14
2025-06-21 14:00:00+00:00,34.057,34.411,33.92,34.106,348885.54
2025-06-21 15:00:00+00:00,34.106,34.257,32.9,33.284,921071.93
2025-06-21 16:00:00+00:00,33.284,33.4,32.58,32.743,627983.65
2025-06-21 17:00:00+00:00,32.743,33.334,32.317,32.492,688649.42
2025-06-21 18:00:00+00:00,32.492,33.126,32.462,32.56,476855.32
2025-06-21 19:00:00+00:00,32.56,32.782,31.8,31.867,752702.8
2025-06-21 20:00:00+00:00,31.867,32.663,31.793,32.494,527695.62
2025-06-21 21:00:00+00:00,32.494,32.7,30.967,32.08,1397858.62
2025-06-21 22:00:00+00:00,32.08,33.609,31.852,33.262,1230293.43
2025-06-21 23:00:00+00:00,33.262,34.57,32.602,34.42,1413306.52
2025-06-22 00:00:00+00:00,34.42,34.557,33.135,33.828,1287355.52
2025-06-22 01:00:00+00:00,33.828,34.158,33.207,33.277,687523.04
2025-06-22 02:00:00+00:00,33.277,33.75,32.742,33.327,777625.39
2025-06-22 03:00:00+00:00,33.327,33.479,32.788,33.211,280089.7
2025-06-22 04:00:00+00:00,33.211,33.988,33.122,33.799,428875.63
2025-06-22 05:00:00+00:00,33.799,34.403,33.793,34.36,344076.64
2025-06-22 06:00:00+00:00,34.36,34.59,34.138,34.227,287498.27
2025-06-22 07:00:00+00:00,34.227,34.233,33.391,33.859,435435.16
2025-06-22 08:00:00+00:00,33.859,34.149,33.642,34.09,206927.92
2025-06-22 09:00:00+00:00,34.09,34.234,33.235,33.276,340361.95
2025-06-22 10:00:00+00:00,33.276,33.751,33.221,33.666,195404.02
2025-06-22 11:00:00+00:00,33.666,34.414,33.656,33.852,316193.3
2025-06-22 12:00:00+00:00,33.852,34.001,33.152,33.541,356628.98
2025-06-22 13:00:00+00:00,33.541,33.69,31.865,32.437,1721761.89
2025-06-22 14:00:00+00:00,32.437,33.457,31.57,33.188,1881016.32
2025-06-22 15:00:00+00:00,33.188,33.623,32.6,32.905,965186.18
2025-06-22 16:00:00+00:00,32.905,33.615,32.396,33.591,800123.42
2025-06-22 17:00:00+00:00,33.591,34.316,33.3,34.068,743872.95
2025-06-22 18:00:00+00:00,34.068,34.307,33.716,33.918,397528.66
2025-06-22 19:00:00+00:00,33.918,34.269,33.431,33.608,456869.05
2025-06-22 20:00:00+00:00,33.608,34.997,33.265,34.602,1159224.58
2025-06-22 21:00:00+00:00,34.602,35.001,34.191,34.329,521645.52
2025-06-22 22:00:00+00:00,34.329,36.027,34.268,36.027,1384808.31
2025-06-22 23:00:00+00:00,36.027,36.054,35.5,35.761,433242.94
2025-06-23 00:00:00+00:00,35.761,35.994,35.026,35.558,580320.47
2025-06-23 01:00:00+00:00,35.558,36.008,35.195,35.968,277331.16
2025-06-23 02:00:00+00:00,35.968,36.107,35.606,35.706,348967.58
2025-06-23 03:00:00+00:00,35.706,35.83,35.135,35.284,364144.98
2025-06-23 04:00:00+00:00,35.284,35.685,35.065,35.188,255698.97
2025-06-23 05:00:00+00:00,35.188,35.8,35.188,35.732,184740.48
2025-06-23 06:00:00+00:00,35.732,35.946,35.204,35.363,385614.9
2025-06-23 07:00:00+00:00,35.363,35.927,35.361,35.897,307659.94
2025-06-23 08:00:00+00:00,35.897,36.361,35.658,35.984,454103.54
2025-06-23 09:00:00+00:00,35.984,36.049,35.21,35.5,366205.12
2025-06-23 10:00:00+00:00,35.5,35.525,34.916,35.123,294155.55
2025-06-23 11:00:00+00:00,35.123,35.269,34.662,35.102,355732.77
2025-06-23 12:00:00+00:00,35.102,35.78,34.565,35.757,443440.09
2025-06-23 13:00:00+00:00,35.757,36.236,34.709,36.088,834985.88
2025-06-23 14:00:00+00:00,36.088,36.69,34.916,35.102,1578729.45
2025-06-23 15:00:00+00:00,35.102,35.33,34.304,34.49,619606.79
2025-06-23 16:00:00+00:00,34.49,34.598,33.254,34.49,1747150.8
2025-06-23 17:00:00+00:00,34.49,36.236,34.399,35.954,1229350.18
2025-06-23 18:00:00+00:00,35.954,37.44,35.951,36.913,1256179.81
2025-06-23 19:00:00+00:00,36.913,37.25,36.522,37.24,343559.47
2025-06-23 20:00:00+00:00,37.24,38.0,36.881,37.407,751024.51
2025-06-23 21:00:00+00:00,37.407,37.754,36.67,36.693,507276.14
2025-06-23 22:00:00+00:00,36.693,38.477,36.692,37.99,1535676.75
2025-06-23 23:00:00+00:00,37.99,38.453,37.887,38.17,498363.14
2025-06-24 00:00:00+00:00,38.17,38.289,36.584,36.971,773134.12
2025-06-24 01:00:00+00:00,36.971,37.53,36.511,37.525,459068.17
2025-06-24 02:00:00+00:00,37.525,37.525,36.431,36.709,536511.66
2025-06-24 03:00:00+00:00,36.709,37.275,36.673,37.083,190657.12
2025-06-24 04:00:00+00:00,37.083,37.242,36.661,36.779,167358.68
2025-06-24 05:00:00+00:00,36.779,37.95,36.684,37.785,373216.45
2025-06-24 06:00:00+00:00,37.785,37.908,37.231,37.591,357218.38
2025-06-24 07:00:00+00:00,37.591,37.937,36.884,36.955,421083.36
2025-06-24 08:00:00+00:00,36.955,37.176,36.539,36.814,535512.81
2025-06-24 09:00:00+00:00,36.814,37.409,36.666,36.7,348202.27
2025-06-24 10:00:00+00:00,36.7,36.97,36.273,36.888,455832.45
2025-06-24 11:00:00+00:00,36.888,37.325,36.629,37.147,367293.31
2025-06-24 12:00:00+00:00,37.147,37.479,36.9,37.232,370240.87
2025-06-24 13:00:00+00:00,37.232,37.515,36.789,37.034,651495.41
2025-06-24 14:00:00+00:00,37.034,38.306,36.96,37.88,692399.19
2025-06-24 15:00:00+00:00,37.88,38.188,37.385,37.738,512680.56
2025-06-24 16:00:00+00:00,37.738,38.823,37.431,38.747,645378.11
2025-06-24 17:00:00+00:00,38.747,38.926,37.779,37.989,727648.73
2025-06-24 18:00:00+00:00,37.989,38.23,37.346,37.39,309691.6
2025-06-24 19:00:00+00:00,37.39,37.63,36.732,37.162,484045.39
2025-06-24 20:00:00+00:00,37.162,37.744,36.898,37.687,288932.09
2025-06-24 21:00:00+00:00,37.687,37.687,37.031,37.549,171799.54
2025-06-24 22:00:00+00:00,37.549,37.549,36.944,37.272,191420.53
2025-06-24 23:00:00+00:00,37.272,37.549,36.981,37.523,108274.08
2025-06-25 00:00:00+00:00,37.523,37.87,37.182,37.855,226955.15
2025-06-25 01:00:00+00:00,37.855,38.31,37.6,37.941,390778.67
2025-06-25 02:00:00+00:00,37.941,38.723,37.9,38.659,469572.45
2025-06-25 03:00:00+00:00,38.659,38.782,38.026,38.094,286551.14
2025-06-25 04:00:00+00:00,38.094,38.463,37.502,37.664,293272.51
2025-06-25 05:00:00+00:00,37.664,37.848,37.358,37.476,337919.47
2025-06-25 06:00:00+00:00,37.476,37.718,37.211,37.622,160176.74
2025-06-25 07:00:00+00:00,37.622,38.158,37.393,37.962,235315.48
2025-06-25 08:00:00+00:00,37.962,38.12,37.51,37.878,229776.86
2025-06-25 09:00:00+00:00,37.878,38.524,37.742,37.852,480568.83
2025-06-25 10:00:00+00:00,37.852,38.445,37.664,38.418,278480.01
2025-06-25 11:00:00+00:00,38.418,38.651,38.001,38.458,287667.25
2025-06-25 12:00:00+00:00,38.458,38.466,37.977,38.43,235835.97
2025-06-25 13:00:00+00:00,38.43,39.104,38.141,38.872,569567.63
2025-06-25 14:00:00+00:00,38.872,39.041,37.472,37.813,846630.03
2025-06-25 15:00:00+00:00,37.813,37.897,37.087,37.476,554793.37
2025-06-25 16:00:00+00:00,37.476,37.563,36.794,36.998,340803.61
2025-06-25 17:00:00+00:00,36.998,37.385,36.687,36.978,311407.5
2025-06-25 18:00:00+00:00,36.978,37.328,36.9,37.328,222452.73
2025-06-25 19:00:00+00:00,37.328,37.5,37.116,37.286,239189.92
2025-06-25 20:00:00+00:00,37.286,37.733,37.077,37.688,223952.93
2025-06-25 21:00:00+00:00,37.688,37.824,37.169,37.303,170598.74
2025-06-25 22:00:00+00:00,37.303,37.329,36.787,36.789,182891.11
2025-06-25 23:00:00+00:00,36.789,37.071,36.718,37.029,143689.09
2025-06-26 00:00:00+00:00,37.029,37.273,36.778,37.052,172824.48
2025-06-26 01:00:00+00:00,37.052,37.545,36.651,37.539,257751.02
2025-06-26 02:00:00+00:00,37.539,37.833,37.241,37.693,241431.31
2025-06-26 03:00:00+00:00,37.693,38.113,37.475,37.587,294965.69
2025-06-26 04:00:00+00:00,37.587,37.762,37.079,37.277,157682.84
2025-06-26 05:00:00+00:00,37.277,37.277,36.849,36.995,130545.5
2025-06-26 06:00:00+00:00,36.995,37.324,36.875,37.284,164078.09
2025-06-26 07:00:00+00:00,37.284,38.032,37.24,37.683,453547.67
2025-06-26 08:00:00+00:00,37.683,37.93,37.545,37.557,218887.83
2025-06-26 09:00:00+00:00,37.557,37.657,37.082,37.164,220731.66
2025-06-26 10:00:00+00:00,37.164,37.441,37.055,37.158,177559.81
2025-06-26 11:00:00+00:00,37.158,37.445,36.91,37.363,255952.45
2025-06-26 12:00:00+00:00,37.363,37.744,37.106,37.581,257345.07
2025-06-26 13:00:00+00:00,37.581,37.786,37.256,37.697,443495.34
2025-06-26 14:00:00+00:00,37.697,38.014,37.46,37.608,661136.51
2025-06-26 15:00:00+00:00,37.608,37.665,36.755,37.368,545932.87
2025-06-26 16:00:00+00:00,37.368,37.572,36.387,36.424,451818.12
2025-06-26 17:00:00+00:00,36.424,36.766,36.15,36.422,328918.19
2025-06-26 18:00:00+00:00,36.422,36.712,36.065,36.153,268454.14
2025-06-26 19:00:00+00:00,36.153,36.85,36.035,36.736,261687.82
2025-06-26 20:00:00+00:00,36.736,37.684,36.609,37.473,507537.29
2025-06-26 21:00:00+00:00,37.473,37.485,36.607,36.844,357204.67
2025-06-26 22:00:00+00:00,36.844,37.102,36.102,36.116,318041.85
2025-06-26 23:00:00+00:00,36.116,36.322,35.76,35.804,430898.76
2025-06-27 00:00:00+00:00,35.804,35.937,35.339,35.507,345137.08
2025-06-27 01:00:00+00:00,35.507,36.426,35.476,36.202,313306.7
2025-06-27 02:00:00+00:00,36.202,36.712,36.109,36.664,199964.18
2025-06-27 03:00:00+00:00,36.664,36.79,36.487,36.718,142281.65
2025-06-27 04:00:00+00:00,36.718,36.855,36.552,36.663,125318.93
2025-06-27 05:00:00+00:00,36.663,36.884,36.456,36.612,134603.72
2025-06-27 06:00:00+00:00,36.612,36.947,36.576,36.76,107728.14
2025-06-27 07:00:00+00:00,36.76,36.93,36.15,36.279,190193.41
2025-06-27 08:00:00+00:00,36.279,37.284,36.218,37.25,306569.24
2025-06-27 09:00:00+00:00,37.25,37.289,36.776,36.921,241952.03
2025-06-27 10:00:00+00:00,36.921,37.165,36.803,37.002,145706.81
2025-06-27 11:00:00+00:00,37.002,37.056,36.68,36.908,118735.31
2025-06-27 12:00:00+00:00,36.908,37.2,36.458,36.573,338240.88
2025-06-27 13:00:00+00:00,36.573,36.932,36.426,36.756,200671.04
2025-06-27 14:00:00+00:00,36.756,37.05,36.495,36.531,189933.35
2025-06-27 15:00:00+00:00,36.531,36.932,36.219,36.822,324324.06
2025-06-27 16:00:00+00:00,36.822,37.17,36.52,36.952,323607.6
2025-06-27 17:00:00+00:00,36.952,36.979,36.05,36.479,373777.67
2025-06-27 18:00:00+00:00,36.479,36.559,35.812,36.024,233850.9
2025-06-27 19:00:00+00:00,36.024,36.177,35.77,35.959,177195.05
2025-06-27 20:00:00+00:00,35.959,36.411,35.866,36.388,144380.97
2025-06-27 21:00:00+00:00,36.388,36.589,36.153,36.394,116387.26
2025-06-27 22:00:00+00:00,36.394,36.552,36.263,36.488,75842.28
2025-06-27 23:00:00+00:00,36.488,36.627,36.354,36.626,52147.58
2025-06-28 00:00:00+00:00,36.626,36.636,36.32,36.536,96409.06
2025-06-28 01:00:00+00:00,36.536,36.656,36.232,36.588,131359.91
2025-06-28 02:00:00+00:00,36.588,36.804,36.393,36.724,93457.87
2025-06-28 03:00:00+00:00,36.724,36.905,36.625,36.842,62867.44
2025-06-28 04:00:00+00:00,36.842,36.912,36.536,36.615,76423.0
2025-06-28 05:00:00+00:00,36.615,36.948,36.615,36.885,94797.25
2025-06-28 06:00:00+00:00,36.885,36.965,36.687,36.92,100169.56
2025-06-28 07:00:00+00:00,36.92,37.138,36.716,37.115,133707.5
2025-06-28 08:00:00+00:00,37.115,37.243,36.804,37.153,191490.42
2025-06-28 09:00:00+00:00,37.153,37.43,37.008,37.193,190649.07
2025-06-28 10:00:00+00:00,37.193,37.279,36.962,37.047,93375.92
2025-06-28 11:00:00+00:00,37.047,37.112,36.862,36.878,58831.67
2025-06-28 12:00:00+00:00,36.878,36.934,36.66,36.711,111024.11
2025-06-28 13:00:00+00:00,36.711,36.984,36.583,36.64,176983.09
2025-06-28 14:00:00+00:00,36.64,36.8,36.576,36.588,91051.07
2025-06-28 15:00:00+00:00,36.588,36.924,36.554,36.887,122595.33
2025-06-28 16:00:00+00:00,36.887,37.174,36.887,36.978,155380.38
2025-06-28 17:00:00+00:00,36.978,37.372,36.842,37.308,174373.38
2025-06-28 18:00:00+00:00,37.308,37.61,37.103,37.598,198224.1
2025-06-28 19:00:00+00:00,37.598,37.854,37.469,37.521,223090.77
2025-06-28 20:00:00+00:00,37.521,37.828,37.417,37.619,135506.97
2025-06-28 21:00:00+00:00,37.619,37.822,37.508,37.784,66280.86
2025-06-28 22:00:00+00:00,37.784,37.908,37.637,37.835,160995.48
2025-06-28 23:00:00+00:00,37.835,37.85,37.556,37.811,72094.43
2025-06-29 00:00:00+00:00,37.811,37.93,37.67,37.82,120894.77
2025-06-29 01:00:00+00:00,37.82,37.97,37.702,37.754,136249.86
2025-06-29 02:00:00+00:00,37.754,37.833,37.599,37.756,97050.2
2025-06-29 03:00:00+00:00,37.756,38.012,37.725,37.725,147958.38
2025-06-29 04:00:00+00:00,37.725,37.954,37.686,37.786,57301.15
2025-06-29 05:00:00+00:00,37.786,37.8,37.494,37.636,106975.75
2025-06-29 06:00:00+00:00,37.636,37.996,37.624,37.975,87190.1
2025-06-29 07:00:00+00:00,37.975,38.452,37.904,38.452,201601.59
2025-06-29 08:00:00+00:00,38.452,38.544,38.225,38.496,168953.25
2025-06-29 09:00:00+00:00,38.496,38.746,38.41,38.442,230256.4
2025-06-29 10:00:00+00:00,38.442,38.79,38.391,38.651,186037.85
2025-06-29 11:00:00+00:00,38.651,38.886,38.538,38.834,129892.67
2025-06-29 12:00:00+00:00,38.834,39.071,38.66,38.978,243036.18
2025-06-29 13:00:00+00:00,38.978,39.048,38.808,38.948,168708.97
2025-06-29 14:00:00+00:00,38.948,39.394,38.789,38.906,349318.85
2025-06-29 15:00:00+00:00,38.906,39.126,38.451,38.454,263488.85
2025-06-29 16:00:00+00:00,38.454,38.565,38.303,38.494,253046.13
2025-06-29 17:00:00+00:00,38.494,38.571,38.041,38.258,172084.39
2025-06-29 18:00:00+00:00,38.258,38.286,37.98,38.134,158230.38
2025-06-29 19:00:00+00:00,38.134,38.264,37.971,38.264,96665.43
2025-06-29 20:00:00+00:00,38.264,38.288,38.002,38.143,68007.93
2025-06-29 21:00:00+00:00,38.143,38.774,38.044,38.594,171631.78
2025-06-29 22:00:00+00:00,38.594,39.712,38.558,39.487,504860.57
2025-06-29 23:00:00+00:00,39.487,39.888,39.48,39.774,292657.93
2025-06-30 00:00:00+00:00,39.774,39.873,39.467,39.677,182620.42
2025-06-30 01:00:00+00:00,39.677,40.467,39.406,40.284,312434.95
2025-06-30 02:00:00+00:00,40.284,41.14,40.119,40.682,396176.29
2025-06-30 03:00:00+00:00,40.682,41.11,40.638,40.875,181225.59
2025-06-30 04:00:00+00:00,40.875,40.949,40.44,40.668,158038.47
2025-06-30 05:00:00+00:00,40.668,41.26,40.494,41.165,162994.85
2025-06-30 06:00:00+00:00,41.165,41.199,39.722,39.973,471380.41
2025-06-30 07:00:00+00:00,39.973,40.333,39.821,40.049,253173.33
2025-06-30 08:00:00+00:00,40.049,40.187,39.55,39.77,278579.87
2025-06-30 09:00:00+00:00,39.77,40.034,39.763,39.816,148681.87
2025-06-30 10:00:00+00:00,39.816,40.084,39.741,39.828,198298.84
2025-06-30 11:00:00+00:00,39.828,40.075,39.724,39.949,158949.49
2025-06-30 12:00:00+00:00,39.949,40.084,39.774,39.878,131332.24
2025-06-30 13:00:00+00:00,39.878,40.355,39.822,39.949,299096.05
2025-06-30 14:00:00+00:00,39.949,40.258,39.433,39.467,437811.73
2025-06-30 15:00:00+00:00,39.467,40.134,39.156,39.886,559596.75
2025-06-30 16:00:00+00:00,39.886,40.722,39.686,40.576,333662.69
2025-06-30 17:00:00+00:00,40.576,40.723,40.221,40.615,265275.67
2025-06-30 18:00:00+00:00,40.615,40.698,40.005,40.211,185953.38
2025-06-30 19:00:00+00:00,40.211,40.91,40.187,40.84,176662.62
2025-06-30 20:00:00+00:00,40.84,41.064,40.45,40.928,279958.05
2025-06-30 21:00:00+00:00,40.928,41.208,40.5,40.617,170320.17
2025-06-30 22:00:00+00:00,40.617,40.717,39.901,40.056,295697.19
2025-06-30 23:00:00+00:00,40.056,40.16,39.338,39.553,310290.95
2025-07-01 00:00:00+00:00,39.553,39.656,39.046,39.278,271070.54
2025-07-01 01:00:00+00:00,39.278,39.792,39.235,39.427,134402.21
2025-07-01 02:00:00+00:00,39.427,39.743,39.3,39.339,78980.57
2025-07-01 03:00:00+00:00,39.339,39.582,39.162,39.468,86843.31
2025-07-01 04:00:00+00:00,39.468,39.484,38.868,39.03,155326.9
2025-07-01 05:00:00+00:00,39.03,39.169,38.444,38.834,439322.17
2025-07-01 06:00:00+00:00,38.834,38.87,38.657,38.786,104524.93
2025-07-01 07:00:00+00:00,38.786,39.134,38.47,38.998,219675.85
2025-07-01 08:00:00+00:00,38.998,39.075,38.565,38.718,184333.56
2025-07-01 09:00:00+00:00,38.718,39.134,38.588,39.06,218959.11
2025-07-01 10:00:00+00:00,39.06,39.347,38.902,39.288,155940.91
2025-07-01 11:00:00+00:00,39.288,39.458,39.104,39.341,163146.84
2025-07-01 12:00:00+00:00,39.341,39.506,39.085,39.19,180954.24
2025-07-01 13:00:00+00:00,39.19,39.287,38.709,39.011,323817.51
2025-07-01 14:00:00+00:00,39.011,39.45,38.5,38.887,470713.74
2025-07-01 15:00:00+00:00,38.887,39.12,38.588,39.032,189546.67
2025-07-01 16:00:00+00:00,39.032,39.487,38.815,38.842,261987.45
2025-07-01 17:00:00+00:00,38.842,39.088,38.592,38.698,263282.74
2025-07-01 18:00:00+00:00,38.698,38.795,37.54,37.688,785183.94
2025-07-01 19:00:00+00:00,37.688,37.848,36.979,37.028,732742.69
2025-07-01 20:00:00+00:00,37.028,37.673,36.96,37.454,432619.55
2025-07-01 21:00:00+00:00,37.454,37.72,37.05,37.286,208412.87
2025-07-01 22:00:00+00:00,37.286,37.488,37.085,37.161,138903.15
2025-07-01 23:00:00+00:00,37.161,37.177,36.862,36.92,300153.41
2025-07-02 00:00:00+00:00,36.92,37.244,36.836,37.132,216942.56
2025-07-02 01:00:00+00:00,37.132,37.248,36.86,37.157,146031.49
2025-07-02 02:00:00+00:00,37.157,37.27,36.915,37.185,99175.0
2025-07-02 03:00:00+00:00,37.185,37.638,37.145,37.431,237942.25
2025-07-02 04:00:00+00:00,37.431,37.784,37.24,37.773,188682.51
2025-07-02 05:00:00+00:00,37.773,37.994,37.553,37.849,195723.74
2025-07-02 06:00:00+00:00,37.849,38.074,37.654,38.031,168831.4
2025-07-02 07:00:00+00:00,38.031,38.242,37.691,38.099,212841.19
2025-07-02 08:00:00+00:00,38.099,38.526,38.099,38.513,284724.91
2025-07-02 09:00:00+00:00,38.513,38.641,38.331,38.549,155840.25
2025-07-02 10:00:00+00:00,38.549,38.898,38.458,38.896,186043.8
2025-07-02 11:00:00+00:00,38.896,38.9,38.169,38.267,292299.69
2025-07-02 12:00:00+00:00,38.267,38.338,37.83,38.191,334494.23
2025-07-02 13:00:00+00:00,38.191,38.531,38.118,38.368,271765.39
2025-07-02 14:00:00+00:00,38.368,38.764,38.343,38.764,294604.79
2025-07-02 15:00:00+00:00,38.764,38.995,38.654,38.898,397934.2
2025-07-02 16:00:00+00:00,38.898,39.72,38.804,39.65,689795.61
2025-07-02 17:00:00+00:00,39.65,39.741,38.524,38.863,569359.49
2025-07-02 18:00:00+00:00,38.863,39.177,38.709,39.154,167653.88
2025-07-02 19:00:00+00:00,39.154,39.41,38.882,39.385,154392.27
2025-07-02 20:00:00+00:00,39.385,39.665,39.273,39.458,335724.74
2025-07-02 21:00:00+00:00,39.458,40.197,39.458,40.083,362237.09
2025-07-02 22:00:00+00:00,40.083,40.293,39.759,40.228,228167.7
2025-07-02 23:00:00+00:00,40.228,40.373,39.865,39.876,242331.76
2025-07-03 00:00:00+00:00,39.876,40.194,39.673,40.194,168987.33
2025-07-03 01:00:00+00:00,40.194,40.367,39.925,40.24,107638.96
2025-07-03 02:00:00+00:00,40.24,40.267,39.677,39.928,188759.77
2025-07-03 03:00:00+00:00,39.928,40.254,39.8,39.836,129776.51
2025-07-03 04:00:00+00:00,39.836,39.996,39.678,39.765,149416.9
2025-07-03 05:00:00+00:00,39.765,40.391,39.756,40.279,192190.88
2025-07-03 06:00:00+00:00,40.279,40.439,40.08,40.307,193464.36
2025-07-03 07:00:00+00:00,40.307,40.779,40.219,40.765,239142.19
2025-07-03 08:00:00+00:00,40.765,40.91,40.561,40.598,180768.8
2025-07-03 09:00:00+00:00,40.598,41.008,40.471,40.965,245415.56
2025-07-03 10:00:00+00:00,40.965,41.006,40.427,40.609,215314.66
2025-07-03 11:00:00+00:00,40.609,40.75,40.314,40.357,147158.99
2025-07-03 12:00:00+00:00,40.357,40.949,39.829,40.294,666698.78
2025-07-03 13:00:00+00:00,40.294,41.237,40.104,41.104,468564.83
2025-07-03 14:00:00+00:00,41.104,41.216,40.272,40.331,367792.36
2025-07-03 15:00:00+00:00,40.331,40.422,39.895,39.965,334589.55
2025-07-03 16:00:00+00:00,39.965,40.758,39.957,40.291,326840.34
2025-07-03 17:00:00+00:00,40.291,40.475,40.05,40.072,174684.55
2025-07-03 18:00:00+00:00,40.072,40.377,39.6,40.272,353339.22
2025-07-03 19:00:00+00:00,40.272,40.608,40.245,40.416,112302.77
2025-07-03 20:00:00+00:00,40.416,40.794,40.364,40.793,94814.44
2025-07-03 21:00:00+00:00,40.793,40.83,40.476,40.696,120013.51
2025-07-03 22:00:00+00:00,40.696,40.73,40.473,40.53,67977.94
2025-07-03 23:00:00+00:00,40.53,40.672,40.158,40.271,114436.5
2025-07-04 00:00:00+00:00,40.271,40.385,40.021,40.124,139166.59
2025-07-04 01:00:00+00:00,40.124,40.454,39.858,39.895,140645.73
2025-07-04 02:00:00+00:00,39.895,39.931,39.181,39.282,278866.83
2025-07-04 03:00:00+00:00,39.282,39.473,39.154,39.237,97435.08
2025-07-04 04:00:00+00:00,39.237,39.448,39.005,39.022,199845.19
2025-07-04 05:00:00+00:00,39.022,39.465,38.95,39.253,161568.94
2025-07-04 06:00:00+00:00,39.253,39.269,38.773,38.925,207484.5
2025-07-04 07:00:00+00:00,38.925,38.997,38.31,38.513,464476.99
2025-07-04 08:00:00+00:00,38.513,38.766,38.178,38.746,251640.73
2025-07-04 09:00:00+00:00,38.746,38.916,38.719,38.877,114149.82
2025-07-04 10:00:00+00:00,38.877,39.004,38.757,38.803,129809.59
2025-07-04 11:00:00+00:00,38.803,39.015,38.7,38.737,83400.27
2025-07-04 12:00:00+00:00,38.737,38.851,38.491,38.61,90493.7
2025-07-04 13:00:00+00:00,38.61,38.747,38.153,38.248,248433.27
2025-07-04 14:00:00+00:00,38.248,38.582,38.144,38.214,271705.02
2025-07-04 15:00:00+00:00,38.214,38.341,37.784,37.895,313455.66
2025-07-04 16:00:00+00:00,37.895,38.217,37.55,38.188,382957.9
2025-07-04 17:00:00+00:00,38.188,38.548,38.128,38.52,211795.75
2025-07-04 18:00:00+00:00,38.52,38.561,38.055,38.169,192162.72
2025-07-04 19:00:00+00:00,38.169,38.325,37.933,38.286,112391.89
2025-07-04 20:00:00+00:00,38.286,38.687,38.245,38.345,152948.09
2025-07-04 21:00:00+00:00,38.345,38.689,38.332,38.652,133547.75
2025-07-04 22:00:00+00:00,38.652,39.044,38.616,38.968,246415.8
2025-07-04 23:00:00+00:00,38.968,39.144,38.773,38.982,119836.21
2025-07-05 00:00:00+00:00,38.982,39.282,38.909,39.182,131927.53
2025-07-05 01:00:00+00:00,39.182,39.182,38.793,38.877,100877.19
2025-07-05 02:00:00+00:00,38.877,39.19,38.662,39.106,138407.6
2025-07-05 03:00:00+00:00,39.106,39.265,39.088,39.112,96077.81
2025-07-05 04:00:00+00:00,39.112,39.238,38.884,38.978,117928.13
2025-07-05 05:00:00+00:00,38.978,39.489,38.904,39.438,95442.33
2025-07-05 06:00:00+00:00,39.438,39.59,39.324,39.59,111773.58
2025-07-05 07:00:00+00:00,39.59,39.63,39.432,39.488,100203.12
2025-07-05 08:00:00+00:00,39.488,39.625,39.254,39.417,117228.7
2025-07-05 09:00:00+00:00,39.417,39.52,39.057,39.444,162156.71
2025-07-05 10:00:00+00:00,39.444,39.519,39.268,39.278,72670.8
2025-07-05 11:00:00+00:00,39.278,39.396,39.191,39.209,49680.26
2025-07-05 12:00:00+00:00,39.209,39.462,39.039,39.359,128509.2
2025-07-05 13:00:00+00:00,39.359,39.572,39.25,39.478,84747.28
2025-07-05 14:00:00+00:00,39.478,39.645,39.362,39.561,130015.82
2025-07-05 15:00:00+00:00,39.561,39.63,39.269,39.299,130469.43
2025-07-05 16:00:00+00:00,39.299,39.455,38.714,38.877,237131.62
2025-07-05 17:00:00+00:00,38.877,39.159,38.55,38.657,290683.76
2025-07-05 18:00:00+00:00,38.657,38.771,38.352,38.376,203494.55
2025-07-05 19:00:00+00:00,38.376,38.78,38.286,38.708,117313.54
2025-07-05 20:00:00+00:00,38.708,38.844,38.546,38.835,61671.82
2025-07-05 21:00:00+00:00,38.835,39.046,38.767,39.027,79569.82
2025-07-05 22:00:00+00:00,39.027,39.272,38.878,39.196,88534.19
2025-07-05 23:00:00+00:00,39.196,39.267,39.016,39.148,56453.34
2025-07-06 00:00:00+00:00,39.148,39.199,38.848,39.198,90224.84
2025-07-06 01:00:00+00:00,39.198,39.251,39.074,39.237,59094.05
2025-07-06 02:00:00+00:00,39.237,39.453,39.217,39.295,80564.93
2025-07-06 03:00:00+00:00,39.295,39.324,39.06,39.258,71730.61
2025-07-06 04:00:00+00:00,39.258,39.436,39.125,39.136,74016.96
2025-07-06 05:00:00+00:00,39.136,39.2,38.872,38.885,65733.45
2025-07-06 06:00:00+00:00,38.885,39.131,38.814,38.892,105673.4
2025-07-06 07:00:00+00:00,38.892,38.968,38.764,38.9,98268.44
2025-07-06 08:00:00+00:00,38.9,38.939,38.594,38.71,137432.98
2025-07-06 09:00:00+00:00,38.71,38.935,38.615,38.736,80477.62
2025-07-06 10:00:00+00:00,38.736,39.037,38.717,38.981,64792.96
2025-07-06 11:00:00+00:00,38.981,39.023,38.856,38.992,29365.2
2025-07-06 12:00:00+00:00,38.992,39.146,38.82,39.135,69775.23
2025-07-06 13:00:00+00:00,39.135,39.676,39.101,39.357,335640.25
2025-07-06 14:00:00+00:00,39.357,39.562,39.162,39.413,183281.29
2025-07-06 15:00:00+00:00,39.413,39.434,39.033,39.345,131840.13
2025-07-06 16:00:00+00:00,39.345,39.486,39.147,39.481,87387.43
2025-07-06 17:00:00+00:00,39.481,39.536,39.297,39.381,127907.23
2025-07-06 18:00:00+00:00,39.381,39.478,39.05,39.259,188964.79
2025-07-06 19:00:00+00:00,39.259,39.382,39.165,39.361,79720.65
2025-07-06 20:00:00+00:00,39.361,39.683,39.36,39.567,137166.53
2025-07-06 21:00:00+00:00,39.567,39.856,39.522,39.776,130330.64
2025-07-06 22:00:00+00:00,39.776,40.04,39.731,39.966,156423.85
2025-07-06 23:00:00+00:00,39.966,40.018,39.532,39.831,131079.25
2025-07-07 00:00:00+00:00,39.831,39.966,39.566,39.67,112319.9
2025-07-07 01:00:00+00:00,39.67,39.761,39.473,39.68,63364.05
2025-07-07 02:00:00+00:00,39.68,40.013,39.68,39.938,112124.69
2025-07-07 03:00:00+00:00,39.938,40.164,39.827,39.851,112080.62
2025-07-07 04:00:00+00:00,39.851,39.953,39.651,39.668,69669.73
2025-07-07 05:00:00+00:00,39.668,39.789,39.6,39.722,73937.51
2025-07-07 06:00:00+00:00,39.722,39.948,39.673,39.744,147810.96
2025-07-07 07:00:00+00:00,39.744,39.922,39.615,39.922,80817.22
2025-07-07 08:00:00+00:00,39.922,40.028,39.809,39.944,126081.68
2025-07-07 09:00:00+00:00,39.944,39.944,39.645,39.671,126585.86
2025-07-07 10:00:00+00:00,39.671,39.744,39.441,39.551,189826.1
2025-07-07 11:00:00+00:00,39.551,39.709,39.482,39.568,69733.76
2025-07-07 12:00:00+00:00,39.568,39.678,39.402,39.566,77781.33
2025-07-07 13:00:00+00:00,39.566,39.757,39.361,39.728,204380.7
2025-07-07 14:00:00+00:00,39.728,39.857,39.399,39.599,153245.66
2025-07-07 15:00:00+00:00,39.599,39.717,39.477,39.48,86569.02
2025-07-07 16:00:00+00:00,39.48,39.599,39.085,39.107,228478.51
2025-07-07 17:00:00+00:00,39.107,39.394,38.842,39.102,243444.99
2025-07-07 18:00:00+00:00,39.102,39.222,38.661,39.074,162176.32
2025-07-07 19:00:00+00:00,39.074,39.412,38.742,38.889,262982.71
2025-07-07 20:00:00+00:00,38.889,38.889,38.382,38.511,374561.08
2025-07-07 21:00:00+00:00,38.511,38.671,38.187,38.433,173606.4
2025-07-07 22:00:00+00:00,38.433,38.533,38.214,38.523,110075.2
2025-07-07 23:00:00+00:00,38.523,38.732,38.437,38.563,86018.99
2025-07-08 00:00:00+00:00,38.563,38.885,38.508,38.793,106857.17
2025-07-08 01:00:00+00:00,38.793,38.824,37.942,38.016,188561.75
2025-07-08 02:00:00+00:00,38.016,38.046,37.052,37.213,565231.5
2025-07-08 03:00:00+00:00,37.213,37.576,37.122,37.376,213839.05
2025-07-08 04:00:00+00:00,37.376,37.432,37.1,37.337,172349.14
2025-07-08 05:00:00+00:00,37.337,37.446,36.96,37.302,371220.07
2025-07-08 06:00:00+00:00,37.302,37.75,37.263,37.681,285631.85
2025-07-08 07:00:00+00:00,37.681,37.908,37.513,37.908,162906.92
2025-07-08 08:00:00+00:00,37.908,38.036,37.584,37.695,219518.63
2025-07-08 09:00:00+00:00,37.695,38.094,37.589,37.947,127349.72
2025-07-08 10:00:00+00:00,37.947,38.328,37.861,38.292,178260.88
2025-07-08 11:00:00+00:00,38.292,38.409,38.122,38.165,110812.08
2025-07-08 12:00:00+00:00,38.165,38.437,38.165,38.367,193817.03
2025-07-08 13:00:00+00:00,38.367,38.393,37.944,38.3,155597.73
2025-07-08 14:00:00+00:00,38.3,38.321,37.596,37.687,283798.84
2025-07-08 15:00:00+00:00,37.687,37.863,37.572,37.637,178941.33
2025-07-08 16:00:00+00:00,37.637,37.842,37.51,37.774,100824.95
2025-07-08 17:00:00+00:00,37.774,38.808,37.764,38.511,507101.67
2025-07-08 18:00:00+00:00,38.511,39.038,38.471,39.017,187749.26
2025-07-08 19:00:00+00:00,39.017,39.08,38.731,38.931,131172.96
2025-07-08 20:00:00+00:00,38.931,38.933,38.494,38.524,153370.49
2025-07-08 21:00:00+00:00,38.524,38.829,38.517,38.761,62510.51
2025-07-08 22:00:00+00:00,38.761,38.85,38.558,38.685,43999.44
2025-07-08 23:00:00+00:00,38.685,38.94,38.633,38.816,78695.88
2025-07-09 00:00:00+00:00,38.816,39.24,38.747,39.11,155963.73
2025-07-09 01:00:00+00:00,39.11,39.214,38.809,38.903,105442.84
2025-07-09 02:00:00+00:00,38.903,39.128,38.826,38.878,80029.98
2025-07-09 03:00:00+00:00,38.878,39.028,38.748,38.801,102542.79
2025-07-09 04:00:00+00:00,38.801,39.1,38.8,39.057,90152.82
2025-07-09 05:00:00+00:00,39.057,39.296,38.918,39.242,199624.75
2025-07-09 06:00:00+00:00,39.242,39.338,39.129,39.216,109262.22
2025-07-09 07:00:00+00:00,39.216,39.391,39.151,39.358,129793.29
2025-07-09 08:00:00+00:00,39.358,39.42,39.031,39.215,278742.23
2025-07-09 09:00:00+00:00,39.215,39.241,38.981,39.008,137075.05
2025-07-09 10:00:00+00:00,39.008,39.15,38.9,39.086,82733.76
2025-07-09 11:00:00+00:00,39.086,39.362,39.026,39.303,117750.74
2025-07-09 12:00:00+00:00,39.303,39.678,39.245,39.518,267525.2
2025-07-09 13:00:00+00:00,39.518,39.6,39.09,39.162,237182.84
2025-07-09 14:00:00+00:00,39.162,39.367,38.811,39.079,250810.82
2025-07-09 15:00:00+00:00,39.079,39.181,38.911,39.086,124154.17
2025-07-09 16:00:00+00:00,39.086,39.997,39.086,39.821,317968.28
2025-07-09 17:00:00+00:00,39.821,40.17,39.572,39.753,296099.1
2025-07-09 18:00:00+00:00,39.753,40.383,39.671,40.262,309879.19
2025-07-09 19:00:00+00:00,40.262,40.988,40.196,40.702,561743.33
2025-07-09 20:00:00+00:00,40.702,40.755,40.022,40.348,339525.56
2025-07-09 21:00:00+00:00,40.348,41.021,40.334,40.614,215556.18
2025-07-09 22:00:00+00:00,40.614,41.069,40.614,40.864,174873.57
2025-07-09 23:00:00+00:00,40.864,41.022,40.685,40.689,103590.9
2025-07-10 00:00:00+00:00,40.689,41.007,40.515,40.556,216867.6
2025-07-10 01:00:00+00:00,40.556,41.046,40.528,40.953,101015.01
2025-07-10 02:00:00+00:00,40.953,41.698,40.94,41.686,272575.41
2025-07-10 03:00:00+00:00,41.686,41.695,41.343,41.405,137779.73
2025-07-10 04:00:00+00:00,41.405,41.81,41.157,41.741,277012.43
2025-07-10 05:00:00+00:00,41.741,41.768,41.371,41.548,152706.63
2025-07-10 06:00:00+00:00,41.548,41.815,41.434,41.757,120557.18
2025-07-10 07:00:00+00:00,41.757,41.96,41.706,41.782,260959.23
2025-07-10 08:00:00+00:00,41.782,41.989,41.688,41.936,168002.22
2025-07-10 09:00:00+00:00,41.936,41.963,41.618,41.653,113701.85
2025-07-10 10:00:00+00:00,41.653,41.762,41.024,41.215,391625.07
2025-07-10 11:00:00+00:00,41.215,41.41,41.136,41.361,69995.33
2025-07-10 12:00:00+00:00,41.361,41.361,40.753,41.182,276156.66
2025-07-10 13:00:00+00:00,41.182,41.617,41.086,41.317,169948.2
2025-07-10 14:00:00+00:00,41.317,41.778,41.211,41.778,152361.85
2025-07-10 15:00:00+00:00,41.778,41.87,41.509,41.859,175554.4
2025-07-10 16:00:00+00:00,41.859,42.755,41.771,42.56,536355.19
2025-07-10 17:00:00+00:00,42.56,43.166,42.45,43.119,430029.68
2025-07-10 18:00:00+00:00,43.119,43.153,42.622,42.908,243701.28
2025-07-10 19:00:00+00:00,42.908,43.034,42.488,42.798,145268.45
2025-07-10 20:00:00+00:00,42.798,43.223,42.722,43.076,176053.26
2025-07-10 21:00:00+00:00,43.076,44.039,43.028,43.856,609452.9
2025-07-10 22:00:00+00:00,43.856,44.098,43.57,43.764,331633.32
2025-07-10 23:00:00+00:00,43.764,44.022,43.42,43.845,252524.31
2025-07-11 00:00:00+00:00,43.845,44.01,43.406,43.565,250569.74
2025-07-11 01:00:00+00:00,43.565,44.232,43.494,44.052,165172.6
2025-07-11 02:00:00+00:00,44.052,44.29,43.837,44.146,168033.01
2025-07-11 03:00:00+00:00,44.146,44.643,44.006,44.612,167764.73
2025-07-11 04:00:00+00:00,44.612,45.239,44.301,45.228,321582.51
2025-07-11 05:00:00+00:00,45.228,45.7,45.039,45.379,503888.87
2025-07-11 06:00:00+00:00,45.379,46.308,45.304,45.392,655602.44
2025-07-11 07:00:00+00:00,45.392,45.798,45.083,45.293,337215.18
2025-07-11 08:00:00+00:00,45.293,45.902,45.289,45.861,184599.57
2025-07-11 09:00:00+00:00,45.861,46.369,45.625,46.131,494586.03
2025-07-11 10:00:00+00:00,46.131,46.232,45.689,45.892,279446.15
2025-07-11 11:00:00+00:00,45.892,45.983,45.484,45.615,166127.35
2025-07-11 12:00:00+00:00,45.615,45.756,45.161,45.615,172931.8
2025-07-11 13:00:00+00:00,45.615,45.949,45.228,45.799,220765.61
2025-07-11 14:00:00+00:00,45.799,46.473,45.557,45.722,326172.16
2025-07-11 15:00:00+00:00,45.722,45.919,45.168,45.237,267479.43
2025-07-11 16:00:00+00:00,45.237,46.054,45.054,46.033,260666.22
2025-07-11 17:00:00+00:00,46.033,46.557,46.033,46.416,419439.59
2025-07-11 18:00:00+00:00,46.416,46.666,46.136,46.595,123729.55
2025-07-11 19:00:00+00:00,46.595,46.891,46.35,46.882,162915.29
2025-07-11 20:00:00+00:00,46.882,46.961,45.961,46.0,248280.52
2025-07-11 21:00:00+00:00,46.0,46.144,45.5,45.671,146868.2
2025-07-11 22:00:00+00:00,45.671,45.821,45.25,45.761,207383.0
2025-07-11 23:00:00+00:00,45.761,46.421,45.703,46.393,183836.59
2025-07-12 00:00:00+00:00,46.393,46.476,45.75,46.214,185838.92
2025-07-12 01:00:00+00:00,46.214,46.582,46.091,46.517,96638.29
2025-07-12 02:00:00+00:00,46.517,46.583,46.175,46.219,95480.16
2025-07-12 03:00:00+00:00,46.219,46.47,46.184,46.431,65560.88
2025-07-12 04:00:00+00:00,46.431,46.44,45.92,46.043,85732.71
2025-07-12 05:00:00+00:00,46.043,46.429,45.874,46.395,102022.22
2025-07-12 06:00:00+00:00,46.395,46.76,46.144,46.603,179228.04
2025-07-12 07:00:00+00:00,46.603,47.18,46.525,46.844,287416.44
2025-07-12 08:00:00+00:00,46.844,47.151,46.538,46.673,209050.46
2025-07-12 09:00:00+00:00,46.673,47.231,46.574,47.09,249245.78
2025-07-12 10:00:00+00:00,47.09,47.426,46.85,47.207,157868.67
2025-07-12 11:00:00+00:00,47.207,47.425,46.654,46.723,160948.75
2025-07-12 12:00:00+00:00,46.723,46.881,45.932,46.302,255535.05
2025-07-12 13:00:00+00:00,46.302,46.303,45.241,45.903,396650.04
2025-07-12 14:00:00+00:00,45.903,46.374,45.536,45.542,272538.34
2025-07-12 15:00:00+00:00,45.542,45.915,45.25,45.483,265360.61
2025-07-12 16:00:00+00:00,45.483,46.048,45.068,45.299,299729.6
2025-07-12 17:00:00+00:00,45.299,45.872,45.108,45.865,137411.72
2025-07-12 18:00:00+00:00,45.865,46.524,45.832,46.51,173243.34
2025-07-12 19:00:00+00:00,46.51,46.888,46.352,46.719,175139.46
2025-07-12 20:00:00+00:00,46.719,46.771,46.21,46.216,70463.9
2025-07-12 21:00:00+00:00,46.216,46.98,46.194,46.946,152453.33
2025-07-12 22:00:00+00:00,46.946,47.301,46.72,47.041,176200.75
2025-07-12 23:00:00+00:00,47.041,47.353,46.789,47.1,155586.1
2025-07-13 00:00:00+00:00,47.1,47.54,46.95,47.45,199283.31
2025-07-13 01:00:00+00:00,47.45,47.852,47.425,47.495,166324.39
2025-07-13 02:00:00+00:00,47.495,47.616,47.147,47.364,113783.99
2025-07-13 03:00:00+00:00,47.364,47.756,47.334,47.502,176366.02
2025-07-13 04:00:00+00:00,47.502,47.9,47.217,47.853,163712.57
2025-07-13 05:00:00+00:00,47.853,47.936,47.476,47.493,87269.91
2025-07-13 06:00:00+00:00,47.493,47.887,47.42,47.809,78164.63
2025-07-13 07:00:00+00:00,47.809,48.072,47.688,48.013,121570.78
2025-07-13 08:00:00+00:00,48.013,48.126,47.686,47.908,69106.1
2025-07-13 09:00:00+00:00,47.908,48.027,47.604,47.996,70957.76
2025-07-13 10:00:00+00:00,47.996,48.163,47.865,47.943,113855.25
2025-07-13 11:00:00+00:00,47.943,48.23,47.9,48.108,139345.86
2025-07-13 12:00:00+00:00,48.108,48.176,47.769,48.071,137182.69
2025-07-13 13:00:00+00:00,48.071,48.56,47.931,48.366,193791.34
2025-07-13 14:00:00+00:00,48.366,48.832,48.123,48.278,343890.09
2025-07-13 15:00:00+00:00,48.278,48.859,48.213,48.467,247418.48
2025-07-13 16:00:00+00:00,48.467,48.671,48.248,48.366,190286.89
2025-07-13 17:00:00+00:00,48.366,48.641,48.1,48.505,134276.03
2025-07-13 18:00:00+00:00,48.505,49.116,48.461,49.08,138530.75
2025-07-13 19:00:00+00:00,49.08,49.278,48.924,49.088,197109.42
2025-07-13 20:00:00+00:00,49.088,49.323,48.743,49.047,140877.89
2025-07-13 21:00:00+00:00,49.047,49.047,48.097,48.565,321713.31
2025-07-13 22:00:00+00:00,48.565,48.6,47.856,48.268,255606.06
2025-07-13 23:00:00+00:00,48.268,48.956,48.245,48.938,82626.39
2025-07-14 00:00:00+00:00,48.938,49.559,48.86,49.131,241652.37
2025-07-14 01:00:00+00:00,49.131,49.469,49.0,49.259,102863.97
2025-07-14 02:00:00+00:00,49.259,49.675,49.034,49.331,244713.82
2025-07-14 03:00:00+00:00,49.331,49.888,49.248,49.67,267328.19
2025-07-14 04:00:00+00:00,49.67,49.89,49.44,49.83,167265.24
2025-07-14 05:00:00+00:00,49.83,49.89,49.183,49.682,237569.9
2025-07-14 06:00:00+00:00,49.682,49.682,48.902,48.934,272954.63
2025-07-14 07:00:00+00:00,48.934,49.428,48.585,49.297,265135.71
2025-07-14 08:00:00+00:00,49.297,49.374,48.437,48.82,270131.34
2025-07-14 09:00:00+00:00,48.82,48.926,48.22,48.262,167563.99
2025-07-14 10:00:00+00:00,48.262,48.81,47.975,48.748,396210.08
2025-07-14 11:00:00+00:00,48.748,48.793,48.163,48.407,178251.97
2025-07-14 12:00:00+00:00,48.407,48.72,48.064,48.696,171586.9
2025-07-14 13:00:00+00:00,48.696,48.807,48.336,48.744,155664.55
2025-07-14 14:00:00+00:00,48.744,49.049,47.667,48.171,465795.0
2025-07-14 15:00:00+00:00,48.171,48.177,47.355,47.739,352345.96
2025-07-14 16:00:00+00:00,47.739,48.244,47.058,48.126,541066.73
2025-07-14 17:00:00+00:00,48.126,48.204,47.569,47.729,128252.67
2025-07-14 18:00:00+00:00,47.729,47.785,46.601,46.856,327494.28
2025-07-14 19:00:00+00:00,46.856,47.194,46.655,46.961,186041.76
2025-07-14 20:00:00+00:00,46.961,47.525,46.516,47.369,176296.46
2025-07-14 21:00:00+00:00,47.369,47.689,47.113,47.64,67171.9
2025-07-14 22:00:00+00:00,47.64,47.65,47.354,47.419,70148.61
2025-07-14 23:00:00+00:00,47.419,47.664,47.158,47.589,134023.77
2025-07-15 00:00:00+00:00,47.589,47.882,47.201,47.265,224921.49
2025-07-15 01:00:00+00:00,47.265,47.808,46.878,47.496,170912.93
2025-07-15 02:00:00+00:00,47.496,48.041,47.13,47.818,226421.26
2025-07-15 03:00:00+00:00,47.818,47.949,46.828,47.34,323086.82
2025-07-15 04:00:00+00:00,47.34,48.385,46.765,48.365,288674.9
2025-07-15 05:00:00+00:00,48.365,48.386,48.009,48.164,167361.43
2025-07-15 06:00:00+00:00,48.164,48.371,47.848,48.113,101506.45
2025-07-15 07:00:00+00:00,48.113,48.307,47.457,47.498,139296.69
2025-07-15 08:00:00+00:00,47.498,47.514,47.036,47.149,206890.93
2025-07-15 09:00:00+00:00,47.149,47.52,47.064,47.184,143572.12
2025-07-15 10:00:00+00:00,47.184,47.295,47.1,47.219,80175.45
2025-07-15 11:00:00+00:00,47.219,47.31,46.658,47.128,164288.51
2025-07-15 12:00:00+00:00,47.128,47.734,46.847,47.664,223994.86
2025-07-15 13:00:00+00:00,47.664,48.209,47.529,48.036,299826.07
2025-07-15 14:00:00+00:00,48.036,48.321,46.955,47.073,269571.87
2025-07-15 15:00:00+00:00,47.073,47.679,46.9,47.45,220919.19
2025-07-15 16:00:00+00:00,47.45,48.062,47.33,47.354,285608.93
2025-07-15 17:00:00+00:00,47.354,47.875,47.07,47.847,149771.96
2025-07-15 18:00:00+00:00,47.847,47.883,47.293,47.548,175905.66
2025-07-15 19:00:00+00:00,47.548,47.881,47.051,47.218,228161.23
2025-07-15 20:00:00+00:00,47.218,47.448,47.079,47.123,136539.42
2025-07-15 21:00:00+00:00,47.123,47.607,47.048,47.563,59191.29
2025-07-15 22:00:00+00:00,47.563,47.563,47.159,47.501,95662.08
2025-07-15 23:00:00+00:00,47.501,48.205,47.477,47.881,343334.89
2025-07-16 00:00:00+00:00,47.881,48.599,47.816,48.364,152606.92
2025-07-16 01:00:00+00:00,48.364,48.364,47.578,47.634,278712.1
2025-07-16 02:00:00+00:00,47.634,47.731,47.28,47.3,149881.78
2025-07-16 03:00:00+00:00,47.3,47.493,47.2,47.232,70400.61
2025-07-16 04:00:00+00:00,47.232,47.628,47.1,47.469,134518.33
2025-07-16 05:00:00+00:00,47.469,47.805,47.357,47.366,109782.14
2025-07-16 06:00:00+00:00,47.366,48.049,47.172,47.731,298644.8
2025-07-16 07:00:00+00:00,47.731,47.965,47.575,47.79,124984.49
2025-07-16 08:00:00+00:00,47.79,48.227,47.745,48.185,138439.65
2025-07-16 09:00:00+00:00,48.185,48.323,47.837,48.013,191182.49
2025-07-16 10:00:00+00:00,48.013,48.024,47.609,47.614,108959.15
2025-07-16 11:00:00+00:00,47.614,48.049,47.605,47.895,142371.99
2025-07-16 12:00:00+00:00,47.895,48.272,47.739,47.822,135077.7
2025-07-16 13:00:00+00:00,47.822,48.133,47.568,47.951,186683.28
2025-07-16 14:00:00+00:00,47.951,47.993,47.4,47.624,344208.35
2025-07-16 15:00:00+00:00,47.624,48.0,47.183,47.987,341889.19
2025-07-16 16:00:00+00:00,47.987,48.441,47.45,48.233,314800.58
2025-07-16 17:00:00+00:00,48.233,48.455,47.862,48.236,215076.14
2025-07-16 18:00:00+00:00,48.236,48.488,47.969,48.136,217630.07
2025-07-16 19:00:00+00:00,48.136,48.476,47.88,48.298,136094.66
2025-07-16 20:00:00+00:00,48.298,48.328,47.833,47.855,157564.44
2025-07-16 21:00:00+00:00,47.855,48.427,47.37,47.433,422035.43
2025-07-16 22:00:00+00:00,47.433,47.799,46.89,47.058,384920.52
2025-07-16 23:00:00+00:00,47.058,47.243,46.435,46.969,463227.81
2025-07-17 00:00:00+00:00,46.969,47.36,46.688,46.691,156754.65
2025-07-17 01:00:00+00:00,46.691,46.878,45.726,46.241,512037.91
2025-07-17 02:00:00+00:00,46.241,46.509,46.023,46.37,168040.82
2025-07-17 03:00:00+00:00,46.37,46.372,45.538,46.005,233992.72
2025-07-17 04:00:00+00:00,46.005,46.369,45.758,46.34,124209.44
2025-07-17 05:00:00+00:00,46.34,46.342,45.867,46.285,127899.34
2025-07-17 06:00:00+00:00,46.285,47.034,46.201,46.986,294634.99
2025-07-17 07:00:00+00:00,46.986,46.987,46.5,46.71,181614.54
2025-07-17 08:00:00+00:00,46.71,46.789,45.862,46.107,375656.67
2025-07-17 09:00:00+00:00,46.107,46.934,45.958,46.851,340492.39
2025-07-17 10:00:00+00:00,46.851,46.945,46.496,46.857,125833.55
2025-07-17 11:00:00+00:00,46.857,46.894,46.018,46.045,315602.85
2025-07-17 12:00:00+00:00,46.045,46.812,45.7,46.522,346634.71
2025-07-17 13:00:00+00:00,46.522,46.745,45.842,46.353,269121.47
2025-07-17 14:00:00+00:00,46.353,47.001,46.337,46.795,216276.99
2025-07-17 15:00:00+00:00,46.795,46.936,46.366,46.801,145114.03
2025-07-17 16:00:00+00:00,46.801,46.89,45.927,46.269,394813.2
2025-07-17 17:00:00+00:00,46.269,46.44,45.902,46.295,180055.19
2025-07-17 18:00:00+00:00,46.295,46.7,46.22,46.61,85050.67
2025-07-17 19:00:00+00:00,46.61,46.713,45.778,45.835,129088.07
2025-07-17 20:00:00+00:00,45.835,45.891,44.48,45.248,1025293.51
2025-07-17 21:00:00+00:00,45.248,46.984,45.24,46.468,703085.94
2025-07-17 22:00:00+00:00,46.468,46.898,46.033,46.268,289648.73
2025-07-17 23:00:00+00:00,46.268,46.357,45.465,45.574,229977.49
2025-07-18 00:00:00+00:00,45.574,45.982,44.882,45.739,530295.9
2025-07-18 01:00:00+00:00,45.739,46.802,45.051,46.755,569795.32
2025-07-18 02:00:00+00:00,46.755,46.768,46.07,46.62,249667.44
2025-07-18 03:00:00+00:00,46.62,46.767,46.391,46.426,164309.5
2025-07-18 04:00:00+00:00,46.426,46.585,46.0,46.583,179352.49
2025-07-18 05:00:00+00:00,46.583,47.428,46.568,47.158,380263.45
2025-07-18 06:00:00+00:00,47.158,47.24,46.46,46.747,298552.02
2025-07-18 07:00:00+00:00,46.747,46.874,46.143,46.188,277399.25
2025-07-18 08:00:00+00:00,46.188,46.514,45.876,46.107,183453.76
2025-07-18 09:00:00+00:00,46.107,46.302,45.884,46.087,153847.72
2025-07-18 10:00:00+00:00,46.087,46.229,45.802,46.196,103343.47
2025-07-18 11:00:00+00:00,46.196,46.209,45.429,45.571,233323.63
2025-07-18 12:00:00+00:00,45.571,45.919,45.563,45.916,117203.54
2025-07-18 13:00:00+00:00,45.916,45.931,45.445,45.654,100384.09
2025-07-18 14:00:00+00:00,45.654,45.962,44.802,45.087,389596.37
2025-07-18 15:00:00+00:00,45.087,45.12,44.158,44.46,454119.07
2025-07-18 16:00:00+00:00,44.46,44.634,43.956,44.435,238071.79
2025-07-18 17:00:00+00:00,44.435,44.851,44.2,44.711,199757.88
2025-07-18 18:00:00+00:00,44.711,44.729,44.014,44.026,110665.94
2025-07-18 19:00:00+00:00,44.026,44.108,43.01,43.468,620983.58
2025-07-18 20:00:00+00:00,43.468,44.18,43.208,43.97,463062.03
2025-07-18 21:00:00+00:00,43.97,44.417,43.922,44.232,107796.08
2025-07-18 22:00:00+00:00,44.232,44.513,43.937,44.269,124356.76
2025-07-18 23:00:00+00:00,44.269,44.515,43.796,44.328,143979.19
2025-07-19 00:00:00+00:00,44.328,44.729,44.243,44.433,175082.83
2025-07-19 01:00:00+00:00,44.433,44.994,44.219,44.993,178075.3
2025-07-19 02:00:00+00:00,44.993,45.173,44.731,45.112,87391.64
2025-07-19 03:00:00+00:00,45.112,45.242,45.037,45.123,51904.27
2025-07-19 04:00:00+00:00,45.123,45.295,44.528,44.616,166922.45
2025-07-19 05:00:00+00:00,44.616,44.956,44.497,44.769,117774.43
2025-07-19 06:00:00+00:00,44.769,44.954,44.418,44.453,66619.11
2025-07-19 07:00:00+00:00,44.453,44.612,44.334,44.567,39135.72
2025-07-19 08:00:00+00:00,44.567,44.768,44.345,44.609,109805.51
2025-07-19 09:00:00+00:00,44.609,45.031,44.586,44.703,82321.99
2025-07-19 10:00:00+00:00,44.703,45.149,44.691,45.079,70688.07
2025-07-19 11:00:00+00:00,45.079,45.294,44.876,44.879,154074.4
2025-07-19 12:00:00+00:00,44.879,44.947,44.54,44.82,113615.18
2025-07-19 13:00:00+00:00,44.82,45.031,44.578,44.715,96039.24
2025-07-19 14:00:00+00:00,44.715,44.765,44.077,44.146,217857.3
2025-07-19 15:00:00+00:00,44.146,44.944,44.13,44.78,126737.9
2025-07-19 16:00:00+00:00,44.78,45.181,44.501,45.168,151608.4
2025-07-19 17:00:00+00:00,45.168,45.281,44.42,44.465,115187.5
2025-07-19 18:00:00+00:00,44.465,44.771,44.358,44.604,98343.75
2025-07-19 19:00:00+00:00,44.604,44.898,44.388,44.897,85283.17
2025-07-19 20:00:00+00:00,44.897,45.089,44.776,44.783,59893.61
2025-07-19 21:00:00+00:00,44.783,44.881,44.0,44.176,207928.26
2025-07-19 22:00:00+00:00,44.176,44.364,44.078,44.294,54267.87
2025-07-19 23:00:00+00:00,44.294,44.491,44.116,44.477,67711.98
2025-07-20 00:00:00+00:00,44.477,44.618,44.184,44.579,71953.46
2025-07-20 01:00:00+00:00,44.579,45.016,44.561,44.679,107667.79
2025-07-20 02:00:00+00:00,44.679,44.85,44.545,44.835,42830.31
2025-07-20 03:00:00+00:00,44.835,45.127,44.622,44.945,125090.26
2025-07-20 04:00:00+00:00,44.945,45.016,44.72,44.883,51962.83
2025-07-20 05:00:00+00:00,44.883,45.049,44.763,45.045,32098.65
2025-07-20 06:00:00+00:00,45.045,45.047,44.759,44.759,56521.18
2025-07-20 07:00:00+00:00,44.759,45.195,44.759,45.072,121672.29
2025-07-20 08:00:00+00:00,45.072,45.669,45.071,45.519,222931.74
2025-07-20 09:00:00+00:00,45.519,45.7,45.395,45.451,129158.55
2025-07-20 10:00:00+00:00,45.451,45.669,45.248,45.491,114081.42
2025-07-20 11:00:00+00:00,45.491,45.77,45.355,45.644,175182.29
2025-07-20 12:00:00+00:00,45.644,45.746,45.418,45.5,128842.02
2025-07-20 13:00:00+00:00,45.5,46.429,45.468,46.284,263568.83
2025-07-20 14:00:00+00:00,46.284,46.322,45.788,46.103,172248.15
2025-07-20 15:00:00+00:00,46.103,46.712,45.898,46.693,156449.58
2025-07-20 16:00:00+00:00,46.693,47.396,46.691,46.992,338731.2
2025-07-20 17:00:00+00:00,46.992,47.085,46.334,46.374,284780.51
2025-07-20 18:00:00+00:00,46.374,47.056,46.315,47.012,158281.23
2025-07-20 19:00:00+00:00,47.012,47.235,46.497,46.599,264565.61
2025-07-20 20:00:00+00:00,46.599,46.806,46.302,46.439,106651.62
2025-07-20 21:00:00+00:00,46.439,46.501,45.668,46.292,263512.06
2025-07-20 22:00:00+00:00,46.292,46.338,45.247,46.135,352740.35
2025-07-20 23:00:00+00:00,46.135,46.147,45.74,45.98,169415.82
2025-07-21 00:00:00+00:00,45.98,45.989,45.275,45.831,198094.4
2025-07-21 01:00:00+00:00,45.831,46.12,45.507,46.109,123942.87
2025-07-21 02:00:00+00:00,46.109,46.323,45.939,46.322,74813.02
2025-07-21 03:00:00+00:00,46.322,46.72,46.315,46.616,120394.39
2025-07-21 04:00:00+00:00,46.616,46.761,46.461,46.672,77665.61
2025-07-21 05:00:00+00:00,46.672,47.25,46.647,47.245,83335.16
2025-07-21 06:00:00+00:00,47.245,47.423,46.823,46.978,334457.23
2025-07-21 07:00:00+00:00,46.978,47.271,46.911,46.996,121250.6
2025-07-21 08:00:00+00:00,46.996,47.268,46.907,46.994,136036.4
2025-07-21 09:00:00+00:00,46.994,47.199,46.837,47.144,122268.12
2025-07-21 10:00:00+00:00,47.144,47.301,46.871,47.19,105023.05
2025-07-21 11:00:00+00:00,47.19,47.825,47.111,47.427,315267.18
2025-07-21 12:00:00+00:00,47.427,47.588,47.126,47.187,160420.92
2025-07-21 13:00:00+00:00,47.187,47.388,46.254,47.198,674486.79
2025-07-21 14:00:00+00:00,47.198,47.528,47.007,47.27,148622.03
2025-07-21 15:00:00+00:00,47.27,47.387,46.351,46.456,393931.03
2025-07-21 16:00:00+00:00,46.456,46.526,45.733,46.222,492706.71
2025-07-21 17:00:00+00:00,46.222,46.264,44.776,45.869,724201.08
2025-07-21 18:00:00+00:00,45.869,46.424,44.801,44.921,385477.69
2025-07-21 19:00:00+00:00,44.921,45.21,44.278,44.414,527464.15
2025-07-21 20:00:00+00:00,44.414,44.603,44.085,44.127,300640.64
2025-07-21 21:00:00+00:00,44.127,44.674,44.052,44.324,158160.84
2025-07-21 22:00:00+00:00,44.324,45.198,44.31,44.724,225991.31
2025-07-21 23:00:00+00:00,44.724,44.817,44.124,44.309,209785.86
2025-07-22 00:00:00+00:00,44.309,44.529,44.0,44.139,139123.67
2025-07-22 01:00:00+00:00,44.139,45.352,43.573,45.321,515387.33
2025-07-22 02:00:00+00:00,45.321,45.63,44.657,44.895,350830.04
2025-07-22 03:00:00+00:00,44.895,45.134,43.894,44.288,293663.34
2025-07-22 04:00:00+00:00,44.288,44.309,43.054,43.067,476235.37
2025-07-22 05:00:00+00:00,43.067,43.832,43.058,43.653,279320.28
2025-07-22 06:00:00+00:00,43.653,43.96,43.44,43.775,178401.92
2025-07-22 07:00:00+00:00,43.775,44.22,43.49,43.68,191427.9
2025-07-22 08:00:00+00:00,43.68,43.996,43.245,43.827,305529.48
2025-07-22 09:00:00+00:00,43.827,44.156,43.53,44.065,146261.16
2025-07-22 10:00:00+00:00,44.065,44.754,44.014,44.68,298818.25
2025-07-22 11:00:00+00:00,44.68,45.153,44.536,45.099,194083.07
2025-07-22 12:00:00+00:00,45.099,45.182,44.718,45.017,123416.88
2025-07-22 13:00:00+00:00,45.017,45.196,43.577,43.647,469550.34
2025-07-22 14:00:00+00:00,43.647,44.58,43.332,44.573,442344.69
2025-07-22 15:00:00+00:00,44.573,45.364,44.06,44.238,556480.38
2025-07-22 16:00:00+00:00,44.238,44.773,43.977,44.465,195127.05
2025-07-22 17:00:00+00:00,44.465,44.556,43.512,44.181,319808.55
2025-07-22 18:00:00+00:00,44.181,44.592,43.959,44.455,162139.65
2025-07-22 19:00:00+00:00,44.455,44.735,43.92,44.22,132320.07
2025-07-22 20:00:00+00:00,44.22,44.777,44.065,44.604,94453.31
2025-07-22 21:00:00+00:00,44.604,44.829,44.273,44.705,73671.11
2025-07-22 22:00:00+00:00,44.705,45.336,44.656,45.303,165172.83
2025-07-22 23:00:00+00:00,45.303,46.285,45.252,46.241,217131.07
2025-07-23 00:00:00+00:00,46.241,46.313,45.182,45.28,384977.48
2025-07-23 01:00:00+00:00,45.28,45.619,44.768,45.454,327552.47
2025-07-23 02:00:00+00:00,45.454,45.755,45.364,45.543,153013.05
2025-07-23 03:00:00+00:00,45.543,45.668,44.826,45.135,250205.27
2025-07-23 04:00:00+00:00,45.135,45.238,44.87,45.093,75935.91
2025-07-23 05:00:00+00:00,45.093,45.103,44.362,44.366,170464.4
2025-07-23 06:00:00+00:00,44.366,44.464,44.056,44.222,203960.0
2025-07-23 07:00:00+00:00,44.222,44.377,43.998,44.061,86752.84
2025-07-23 08:00:00+00:00,44.061,44.363,44.027,44.347,81566.1
2025-07-23 09:00:00+00:00,44.347,44.419,43.763,43.773,152427.09
2025-07-23 10:00:00+00:00,43.773,44.124,43.578,44.004,170910.41
2025-07-23 11:00:00+00:00,44.004,44.134,43.827,43.953,102189.66
2025-07-23 12:00:00+00:00,43.953,44.036,43.421,43.467,144077.43
2025-07-23 13:00:00+00:00,43.467,43.711,42.751,43.078,620959.57
2025-07-23 14:00:00+00:00,43.078,43.577,42.923,43.471,297640.69
2025-07-23 15:00:00+00:00,43.471,43.471,42.858,43.431,166863.12
2025-07-23 16:00:00+00:00,43.431,43.489,42.512,42.548,382215.23
2025-07-23 17:00:00+00:00,42.548,43.084,42.368,43.066,393892.97
2025-07-23 18:00:00+00:00,43.066,43.433,43.01,43.305,194283.74
2025-07-23 19:00:00+00:00,43.305,43.825,43.213,43.54,218557.59
2025-07-23 20:00:00+00:00,43.54,43.772,42.753,43.112,264044.39
2025-07-23 21:00:00+00:00,43.112,43.792,42.705,43.788,228409.96
2025-07-23 22:00:00+00:00,43.788,44.145,43.474,43.84,242497.84
2025-07-23 23:00:00+00:00,43.84,44.15,43.591,43.692,92068.51
2025-07-24 00:00:00+00:00,43.692,44.104,43.461,43.895,140368.7
2025-07-24 01:00:00+00:00,43.895,44.053,43.511,44.047,77780.75
2025-07-24 02:00:00+00:00,44.047,44.298,43.897,44.002,74903.77
2025-07-24 03:00:00+00:00,44.002,44.401,43.834,43.846,119101.13
2025-07-24 04:00:00+00:00,43.846,44.021,43.056,43.26,191906.8
2025-07-24 05:00:00+00:00,43.26,43.285,42.301,42.302,243217.9
2025-07-24 06:00:00+00:00,42.302,42.428,41.574,41.912,616462.81
2025-07-24 07:00:00+00:00,41.912,42.471,41.458,42.454,252024.01
2025-07-24 08:00:00+00:00,42.454,42.767,42.259,42.735,199732.63
2025-07-24 09:00:00+00:00,42.735,42.8,42.18,42.383,154107.2
2025-07-24 10:00:00+00:00,42.383,42.486,41.582,42.204,173692.44
2025-07-24 11:00:00+00:00,42.204,43.037,42.155,42.981,245550.44
2025-07-24 12:00:00+00:00,42.981,43.121,42.606,43.099,236768.64
2025-07-24 13:00:00+00:00,43.099,43.299,42.611,42.629,253203.8
2025-07-24 14:00:00+00:00,42.629,43.528,42.405,43.469,282647.35
2025-07-24 15:00:00+00:00,43.469,43.565,42.818,42.996,252093.34
2025-07-24 16:00:00+00:00,42.996,43.067,41.94,42.225,209810.95
2025-07-24 17:00:00+00:00,42.225,42.914,42.128,42.588,103429.24
2025-07-24 18:00:00+00:00,42.588,42.984,42.494,42.787,106386.02
2025-07-24 19:00:00+00:00,42.787,43.019,42.639,42.761,70598.03
2025-07-24 20:00:00+00:00,42.761,43.145,42.709,43.087,65103.15
2025-07-24 21:00:00+00:00,43.087,43.108,42.503,42.624,67905.1
2025-07-24 22:00:00+00:00,42.624,42.748,42.329,42.587,77264.0
2025-07-24 23:00:00+00:00,42.587,42.587,41.949,42.058,144959.99
2025-07-25 00:00:00+00:00,42.058,42.141,41.432,41.601,288526.04
2025-07-25 01:00:00+00:00,41.601,42.311,41.401,42.219,173976.28
2025-07-25 02:00:00+00:00,42.219,42.398,41.3,41.411,318985.39
2025-07-25 03:00:00+00:00,41.411,41.69,41.123,41.402,299166.0
2025-07-25 04:00:00+00:00,41.402,42.346,41.175,42.324,211714.09
2025-07-25 05:00:00+00:00,42.324,42.388,41.961,42.005,132181.18
2025-07-25 06:00:00+00:00,42.005,42.56,41.821,42.5,121078.31
2025-07-25 07:00:00+00:00,42.5,42.72,41.721,42.099,193108.69
2025-07-25 08:00:00+00:00,42.099,42.54,42.006,42.362,138778.9
2025-07-25 09:00:00+00:00,42.362,42.844,42.166,42.76,176433.59
2025-07-25 10:00:00+00:00,42.76,43.189,42.745,43.139,202304.64
2025-07-25 11:00:00+00:00,43.139,43.312,42.937,43.017,127997.38
2025-07-25 12:00:00+00:00,43.017,43.197,42.771,42.937,150428.94
2025-07-25 13:00:00+00:00,42.937,43.186,42.756,43.177,110565.57
2025-07-25 14:00:00+00:00,43.177,43.197,42.166,42.197,195411.95
2025-07-25 15:00:00+00:00,42.197,42.618,42.08,42.414,149724.23
2025-07-25 16:00:00+00:00,42.414,43.014,42.254,43.013,97255.07
2025-07-25 17:00:00+00:00,43.013,43.19,42.772,42.897,109416.95
2025-07-25 18:00:00+00:00,42.897,43.037,42.832,42.912,53601.07
2025-07-25 19:00:00+00:00,42.912,43.075,42.726,42.79,54016.84
2025-07-25 20:00:00+00:00,42.79,43.192,42.6,43.004,112336.28
2025-07-25 21:00:00+00:00,43.004,43.644,43.004,43.643,130941.63
2025-07-25 22:00:00+00:00,43.643,43.791,43.456,43.775,88588.36
2025-07-25 23:00:00+00:00,43.775,44.192,43.639,44.134,149751.61
2025-07-26 00:00:00+00:00,44.134,44.187,43.767,44.168,161177.94
2025-07-26 01:00:00+00:00,44.168,44.28,43.898,43.902,89149.49
2025-07-26 02:00:00+00:00,43.902,44.39,43.897,44.318,86110.39
2025-07-26 03:00:00+00:00,44.318,44.571,44.232,44.24,104415.22
2025-07-26 04:00:00+00:00,44.24,44.647,44.19,44.629,54341.84
2025-07-26 05:00:00+00:00,44.629,44.88,44.557,44.735,93620.75
2025-07-26 06:00:00+00:00,44.735,44.739,44.392,44.497,74537.92
2025-07-26 07:00:00+00:00,44.497,44.588,44.26,44.304,60232.46
2025-07-26 08:00:00+00:00,44.304,44.659,44.288,44.559,66064.84
2025-07-26 09:00:00+00:00,44.559,44.776,44.469,44.62,63789.36
2025-07-26 10:00:00+00:00,44.62,44.914,44.55,44.579,110713.5
2025-07-26 11:00:00+00:00,44.579,44.644,44.281,44.32,124579.52
2025-07-26 12:00:00+00:00,44.32,44.538,44.274,44.374,50998.33
2025-07-26 13:00:00+00:00,44.374,44.572,44.303,44.348,70254.6
2025-07-26 14:00:00+00:00,44.348,44.448,44.116,44.216,116722.83
2025-07-26 15:00:00+00:00,44.216,44.36,43.908,44.176,154469.58
2025-07-26 16:00:00+00:00,44.176,44.231,43.63,43.75,144878.83
2025-07-26 17:00:00+00:00,43.75,43.845,43.562,43.797,64771.56
2025-07-26 18:00:00+00:00,43.797,44.037,43.663,43.923,85054.61
2025-07-26 19:00:00+00:00,43.923,44.134,43.804,43.922,51797.89
2025-07-26 20:00:00+00:00,43.922,43.923,43.702,43.842,36949.38
2025-07-26 21:00:00+00:00,43.842,44.085,43.8,44.065,30154.05
2025-07-26 22:00:00+00:00,44.065,44.26,43.727,43.805,96097.6
2025-07-26 23:00:00+00:00,43.805,43.856,43.335,43.362,103504.09
2025-07-27 00:00:00+00:00,43.362,43.482,43.055,43.188,214894.0
2025-07-27 01:00:00+00:00,43.188,43.423,43.045,43.359,85678.34
2025-07-27 02:00:00+00:00,43.359,43.539,43.22,43.539,44855.08
2025-07-27 03:00:00+00:00,43.539,43.561,43.367,43.466,44682.67
2025-07-27 04:00:00+00:00,43.466,43.645,43.425,43.611,40420.27
2025-07-27 05:00:00+00:00,43.611,43.795,43.529,43.566,67047.28
2025-07-27 06:00:00+00:00,43.566,43.609,43.364,43.459,63266.93
2025-07-27 07:00:00+00:00,43.459,43.504,43.098,43.159,89801.54
2025-07-27 08:00:00+00:00,43.159,43.228,43.01,43.076,75930.71
2025-07-27 09:00:00+00:00,43.076,43.181,42.808,42.84,168862.6
2025-07-27 10:00:00+00:00,42.84,43.2,42.819,43.072,89388.56
2025-07-27 11:00:00+00:00,43.072,43.149,42.734,42.764,124837.61
2025-07-27 12:00:00+00:00,42.764,43.058,42.672,42.837,199329.06
2025-07-27 13:00:00+00:00,42.837,42.9,42.428,42.79,171084.65
2025-07-27 14:00:00+00:00,42.79,42.964,42.614,42.771,93303.9
2025-07-27 15:00:00+00:00,42.771,43.146,42.58,43.085,68971.44
2025-07-27 16:00:00+00:00,43.085,43.968,43.084,43.295,305243.47
2025-07-27 17:00:00+00:00,43.295,43.679,42.939,43.668,159411.17
2025-07-27 18:00:00+00:00,43.668,44.3,43.642,44.299,171205.63
2025-07-27 19:00:00+00:00,44.299,44.342,43.701,43.71,76434.16
2025-07-27 20:00:00+00:00,43.71,44.034,43.558,43.572,47995.58
2025-07-27 21:00:00+00:00,43.572,43.85,43.508,43.801,34322.83
2025-07-27 22:00:00+00:00,43.801,44.067,43.712,43.719,100993.36
2025-07-27 23:00:00+00:00,43.719,43.81,43.607,43.657,59417.6
2025-07-28 00:00:00+00:00,43.657,44.043,43.625,43.801,73500.11
2025-07-28 01:00:00+00:00,43.801,43.904,43.412,43.58,68190.76
2025-07-28 02:00:00+00:00,43.58,44.339,43.538,44.28,141593.77
2025-07-28 03:00:00+00:00,44.28,44.372,43.87,44.372,100371.94
2025-07-28 04:00:00+00:00,44.372,44.441,44.06,44.23,96640.7
2025-07-28 05:00:00+00:00,44.23,44.72,44.056,44.688,137482.72
2025-07-28 06:00:00+00:00,44.688,44.934,44.61,44.775,129206.31
2025-07-28 07:00:00+00:00,44.775,44.786,44.017,44.21,152791.28
2025-07-28 08:00:00+00:00,44.21,44.526,44.152,44.513,69331.43
2025-07-28 09:00:00+00:00,44.513,44.575,44.168,44.356,110161.67
2025-07-28 10:00:00+00:00,44.356,44.676,44.311,44.659,73915.82
2025-07-28 11:00:00+00:00,44.659,44.737,43.928,44.318,155312.99
2025-07-28 12:00:00+00:00,44.318,44.533,44.06,44.417,61550.55
2025-07-28 13:00:00+00:00,44.417,45.79,44.355,45.243,728084.22
2025-07-28 14:00:00+00:00,45.243,45.263,43.906,44.831,627584.93
2025-07-28 15:00:00+00:00,44.831,45.397,44.758,45.121,261352.63
2025-07-28 16:00:00+00:00,45.121,45.998,45.061,45.856,548815.88
2025-07-28 17:00:00+00:00,45.856,46.112,44.694,44.756,612067.22
2025-07-28 18:00:00+00:00,44.756,45.237,44.724,45.173,324849.36
2025-07-28 19:00:00+00:00,45.173,45.548,44.323,44.993,335097.37
2025-07-28 20:00:00+00:00,44.993,45.022,43.436,44.067,792124.39
2025-07-28 21:00:00+00:00,44.067,44.197,43.504,43.785,144923.78
2025-07-28 22:00:00+00:00,43.785,44.075,42.653,43.0,453639.45
2025-07-28 23:00:00+00:00,43.0,43.75,42.988,43.749,189017.78
2025-07-29 00:00:00+00:00,43.749,44.226,43.479,43.882,197832.33
2025-07-29 01:00:00+00:00,43.882,44.131,43.493,43.493,89022.29
2025-07-29 02:00:00+00:00,43.493,43.668,43.056,43.151,145167.8
2025-07-29 03:00:00+00:00,43.151,44.18,43.151,44.172,117596.46
2025-07-29 04:00:00+00:00,44.172,44.325,43.808,43.836,146805.5
2025-07-29 05:00:00+00:00,43.836,44.118,43.645,44.108,59631.7
2025-07-29 06:00:00+00:00,44.108,44.234,43.768,43.775,83236.63
2025-07-29 07:00:00+00:00,43.775,44.625,43.775,44.599,244938.86
2025-07-29 08:00:00+00:00,44.599,45.095,44.51,44.785,215023.25
2025-07-29 09:00:00+00:00,44.785,45.159,44.648,44.97,95345.34
2025-07-29 10:00:00+00:00,44.97,45.004,44.029,44.029,297863.82
2025-07-29 11:00:00+00:00,44.029,45.006,44.005,44.736,197513.33
2025-07-29 12:00:00+00:00,44.736,45.15,44.654,44.876,260890.74
2025-07-29 13:00:00+00:00,44.876,45.294,44.398,44.592,276320.87
2025-07-29 14:00:00+00:00,44.592,44.614,42.429,43.305,2890438.2
2025-07-29 15:00:00+00:00,43.305,43.711,42.71,43.211,667948.0
2025-07-29 16:00:00+00:00,43.211,43.817,42.918,43.604,465862.27
2025-07-29 17:00:00+00:00,43.604,44.114,43.423,43.725,212034.83
2025-07-29 18:00:00+00:00,43.725,44.187,43.566,44.088,191355.13
2025-07-29 19:00:00+00:00,44.088,44.32,43.728,43.916,182005.98
2025-07-29 20:00:00+00:00,43.916,44.234,43.048,43.353,433853.39
2025-07-29 21:00:00+00:00,43.353,43.37,42.695,43.247,229145.66
2025-07-29 22:00:00+00:00,43.247,43.594,42.86,43.558,145743.78
2025-07-29 23:00:00+00:00,43.558,43.656,43.187,43.492,100191.69
2025-07-30 00:00:00+00:00,43.492,43.516,42.814,43.056,140149.05
2025-07-30 01:00:00+00:00,43.056,43.234,42.357,43.124,321836.5
2025-07-30 02:00:00+00:00,43.124,43.574,43.021,43.397,149488.48
2025-07-30 03:00:00+00:00,43.397,43.584,43.237,43.305,44008.45
2025-07-30 04:00:00+00:00,43.305,43.598,42.901,42.932,80819.82
2025-07-30 05:00:00+00:00,42.932,43.324,42.828,43.194,130768.18
2025-07-30 06:00:00+00:00,43.194,43.569,43.057,43.494,90605.29
2025-07-30 07:00:00+00:00,43.494,43.717,42.866,42.941,137001.8
2025-07-30 08:00:00+00:00,42.941,43.307,42.754,43.082,127335.22
2025-07-30 09:00:00+00:00,43.082,43.176,42.69,42.947,138808.28
2025-07-30 10:00:00+00:00,42.947,43.171,42.703,42.758,136713.54
2025-07-30 11:00:00+00:00,42.758,42.934,42.35,42.662,227777.75
2025-07-30 12:00:00+00:00,42.662,42.766,42.211,42.566,238897.91
2025-07-30 13:00:00+00:00,42.566,42.79,42.26,42.701,272843.02
2025-07-30 14:00:00+00:00,42.701,43.354,42.642,43.318,184558.3
2025-07-30 15:00:00+00:00,43.318,43.336,42.913,43.0,187881.35
2025-07-30 16:00:00+00:00,43.0,43.334,42.844,43.051,118983.87
2025-07-30 17:00:00+00:00,43.051,43.223,42.74,42.844,86052.38
2025-07-30 18:00:00+00:00,42.844,43.077,41.669,41.701,606354.91
2025-07-30 19:00:00+00:00,41.701,42.363,40.681,42.294,1322424.24
2025-07-30 20:00:00+00:00,42.294,42.548,42.197,42.394,154429.58
2025-07-30 21:00:00+00:00,42.394,42.465,41.788,42.241,163152.4
2025-07-30 22:00:00+00:00,42.241,42.249,41.721,41.828,113682.59
2025-07-30 23:00:00+00:00,41.828,42.296,41.812,42.238,78948.94
2025-07-31 00:00:00+00:00,42.238,42.694,42.072,42.675,184554.13
2025-07-31 01:00:00+00:00,42.675,42.736,42.271,42.592,153482.33
2025-07-31 02:00:00+00:00,42.592,42.668,42.328,42.668,102916.09
2025-07-31 03:00:00+00:00,42.668,43.084,42.625,43.066,126204.6
2025-07-31 04:00:00+00:00,43.066,43.159,42.828,43.131,62063.29
2025-07-31 05:00:00+00:00,43.131,43.358,42.982,43.264,104651.03
2025-07-31 06:00:00+00:00,43.264,43.374,43.022,43.33,67642.22
2025-07-31 07:00:00+00:00,43.33,43.531,43.28,43.379,110275.21
2025-07-31 08:00:00+00:00,43.379,43.789,43.379,43.784,103475.57
2025-07-31 09:00:00+00:00,43.784,43.992,43.662,43.977,100247.37
2025-07-31 10:00:00+00:00,43.977,44.093,43.811,43.868,76706.66
2025-07-31 11:00:00+00:00,43.868,43.984,43.399,43.523,121661.33
2025-07-31 12:00:00+00:00,43.523,44.42,43.519,44.161,404688.62
2025-07-31 13:00:00+00:00,44.161,44.179,43.623,44.005,259382.74
2025-07-31 14:00:00+00:00,44.005,44.159,43.223,43.7,291628.52
2025-07-31 15:00:00+00:00,43.7,44.079,43.67,43.688,140992.65
2025-07-31 16:00:00+00:00,43.688,44.722,43.634,44.484,262807.19
2025-07-31 17:00:00+00:00,44.484,44.499,43.016,43.061,330695.32
2025-07-31 18:00:00+00:00,43.061,43.108,42.567,42.782,296771.85
2025-07-31 19:00:00+00:00,42.782,42.825,41.608,41.631,337356.47
2025-07-31 20:00:00+00:00,41.631,41.9,41.108,41.3,405839.94
2025-07-31 21:00:00+00:00,41.3,41.648,40.951,41.26,222946.22
2025-07-31 22:00:00+00:00,41.26,41.594,40.991,41.089,215781.97
2025-07-31 23:00:00+00:00,41.089,41.495,40.622,40.832,248258.35
2025-08-01 00:00:00+00:00,40.832,41.307,40.33,41.228,359775.88
2025-08-01 01:00:00+00:00,41.228,41.449,40.707,41.196,234483.34
2025-08-01 02:00:00+00:00,41.196,41.641,40.993,41.382,187285.49
2025-08-01 03:00:00+00:00,41.382,41.562,41.135,41.18,90022.37
2025-08-01 04:00:00+00:00,41.18,41.18,40.429,40.44,184069.01
2025-08-01 05:00:00+00:00,40.44,40.779,40.069,40.452,239502.18
2025-08-01 06:00:00+00:00,40.452,40.506,39.582,39.918,479596.22
2025-08-01 07:00:00+00:00,39.918,40.257,39.526,40.0,370323.11
2025-08-01 08:00:00+00:00,40.0,40.012,39.209,39.5,356711.06
2025-08-01 09:00:00+00:00,39.5,39.961,39.416,39.473,262065.6
2025-08-01 10:00:00+00:00,39.473,39.792,39.429,39.672,224124.67
2025-08-01 11:00:00+00:00,39.672,40.125,39.353,40.052,187462.4
2025-08-01 12:00:00+00:00,40.052,40.419,39.8,39.886,362505.85
2025-08-01 13:00:00+00:00,39.886,40.117,38.058,38.41,879635.77
2025-08-01 14:00:00+00:00,38.41,39.73,38.238,39.546,681907.34
2025-08-01 15:00:00+00:00,39.546,39.592,38.72,39.158,322839.26
2025-08-01 16:00:00+00:00,39.158,39.558,38.432,38.513,304665.31
2025-08-01 17:00:00+00:00,38.513,38.639,38.198,38.332,360634.07
2025-08-01 18:00:00+00:00,38.332,38.355,37.261,37.663,1146713.91
2025-08-01 19:00:00+00:00,37.663,37.76,37.096,37.392,628531.2
2025-08-01 20:00:00+00:00,37.392,37.882,37.072,37.653,505970.12
2025-08-01 21:00:00+00:00,37.653,37.98,37.472,37.549,191038.72
2025-08-01 22:00:00+00:00,37.549,37.6,36.345,37.053,721476.06
2025-08-01 23:00:00+00:00,37.053,37.643,36.913,37.625,331470.48
2025-08-02 00:00:00+00:00,37.625,38.004,37.549,37.908,233756.52
2025-08-02 01:00:00+00:00,37.908,38.016,37.62,37.831,92204.16
2025-08-02 02:00:00+00:00,37.831,38.112,37.716,38.095,73774.42
2025-08-02 03:00:00+00:00,38.095,38.186,37.911,38.068,125880.1
2025-08-02 04:00:00+00:00,38.068,38.25,37.981,38.121,99045.41
2025-08-02 05:00:00+00:00,38.121,38.309,37.972,38.292,101462.98
2025-08-02 06:00:00+00:00,38.292,38.31,37.55,37.757,173294.08
2025-08-02 07:00:00+00:00,37.757,38.488,37.648,38.475,215985.99
2025-08-02 08:00:00+00:00,38.475,38.72,38.269,38.489,149723.06
2025-08-02 09:00:00+00:00,38.489,38.575,38.163,38.564,159541.77
2025-08-02 10:00:00+00:00,38.564,38.577,38.05,38.166,160780.48
2025-08-02 11:00:00+00:00,38.166,38.403,37.96,38.373,176423.92
2025-08-02 12:00:00+00:00,38.373,38.427,37.991,38.166,99908.62
2025-08-02 13:00:00+00:00,38.166,38.192,37.61,37.994,143298.49
2025-08-02 14:00:00+00:00,37.994,38.097,37.303,37.583,201430.39
2025-08-02 15:00:00+00:00,37.583,38.03,37.168,37.198,178196.22
2025-08-02 16:00:00+00:00,37.198,37.656,36.906,37.21,274593.65
2025-08-02 17:00:00+00:00,37.21,37.619,36.486,36.56,248880.53
2025-08-02 18:00:00+00:00,36.56,36.712,35.516,35.694,744854.95
2025-08-02 19:00:00+00:00,35.694,36.754,35.694,36.106,431315.45
2025-08-02 20:00:00+00:00,36.106,36.975,36.091,36.975,246240.17
2025-08-02 21:00:00+00:00,36.975,37.394,36.851,37.161,228484.28
2025-08-02 22:00:00+00:00,37.161,37.489,36.916,37.365,155153.8
2025-08-02 23:00:00+00:00,37.365,37.373,36.776,36.905,158927.58
2025-08-03 00:00:00+00:00,36.905,37.052,36.42,36.902,225418.49
2025-08-03 01:00:00+00:00,36.902,37.039,36.504,36.675,192692.01
2025-08-03 02:00:00+00:00,36.675,37.661,36.674,37.606,231451.11
2025-08-03 03:00:00+00:00,37.606,37.829,37.347,37.711,113243.89
2025-08-03 04:00:00+00:00,37.711,37.856,37.473,37.849,70219.46
2025-08-03 05:00:00+00:00,37.849,37.915,37.665,37.829,63955.99
2025-08-03 06:00:00+00:00,37.829,38.161,37.652,38.144,118077.83
2025-08-03 07:00:00+00:00,38.144,38.445,38.007,38.367,269893.36
2025-08-03 08:00:00+00:00,38.367,38.495,38.202,38.493,124488.52
2025-08-03 09:00:00+00:00,38.493,38.644,38.38,38.612,160046.15
2025-08-03 10:00:00+00:00,38.612,39.294,38.612,38.957,407997.86
2025-08-03 11:00:00+00:00,38.957,39.247,38.502,38.552,265268.64
2025-08-03 12:00:00+00:00,38.552,38.576,37.855,38.082,488277.75
2025-08-03 13:00:00+00:00,38.082,38.372,37.804,38.065,273819.47
2025-08-03 14:00:00+00:00,38.065,38.166,37.614,37.804,213925.7
2025-08-03 15:00:00+00:00,37.804,38.061,37.524,37.955,145180.0
2025-08-03 16:00:00+00:00,37.955,38.322,37.756,38.322,140401.67
2025-08-03 17:00:00+00:00,38.322,38.452,38.137,38.427,112366.25
2025-08-03 18:00:00+00:00,38.427,38.497,38.309,38.409,71571.44
2025-08-03 19:00:00+00:00,38.409,38.673,38.241,38.41,163474.56
2025-08-03 20:00:00+00:00,38.41,38.485,38.137,38.415,111651.19
2025-08-03 21:00:00+00:00,38.415,38.676,38.22,38.349,104853.75
2025-08-03 22:00:00+00:00,38.349,38.478,38.062,38.243,77895.08
2025-08-03 23:00:00+00:00,38.243,38.463,38.14,38.18,74642.05
2025-08-04 00:00:00+00:00,38.18,39.045,38.033,38.995,226201.41
2025-08-04 01:00:00+00:00,38.995,38.995,38.529,38.607,187159.56
2025-08-04 02:00:00+00:00,38.607,38.773,38.3,38.744,116331.08
2025-08-04 03:00:00+00:00,38.744,38.786,38.25,38.254,77881.68
2025-08-04 04:00:00+00:00,38.254,38.423,37.719,37.776,201863.51
2025-08-04 05:00:00+00:00,37.776,37.895,37.55,37.859,84482.52
2025-08-04 06:00:00+00:00,37.859,37.976,37.676,37.964,64365.67
2025-08-04 07:00:00+00:00,37.964,38.472,37.96,38.337,115508.12
2025-08-04 08:00:00+00:00,38.337,38.505,37.968,38.048,161368.83
2025-08-04 09:00:00+00:00,38.048,38.287,37.557,37.626,265785.49
2025-08-04 10:00:00+00:00,37.626,37.751,37.355,37.502,214880.36
2025-08-04 11:00:00+00:00,37.502,37.606,37.255,37.573,164511.8
2025-08-04 12:00:00+00:00,37.573,37.926,37.5,37.865,159790.23
2025-08-04 13:00:00+00:00,37.865,38.568,37.65,38.542,400261.57
2025-08-04 14:00:00+00:00,38.542,38.983,38.165,38.344,575487.54
2025-08-04 15:00:00+00:00,38.344,38.507,37.944,38.364,189611.23
2025-08-04 16:00:00+00:00,38.364,38.95,38.327,38.923,266605.15
2025-08-04 17:00:00+00:00,38.923,39.455,38.465,38.544,454734.19
2025-08-04 18:00:00+00:00,38.544,38.788,37.986,38.028,260471.85
2025-08-04 19:00:00+00:00,38.028,38.182,37.63,37.674,299638.69
2025-08-04 20:00:00+00:00,37.674,38.315,37.526,38.012,238131.71
2025-08-04 21:00:00+00:00,38.012,38.755,37.994,38.7,158343.15
2025-08-04 22:00:00+00:00,38.7,39.065,38.67,39.037,166364.99
2025-08-04 23:00:00+00:00,39.037,39.053,38.641,38.809,117677.52
2025-08-05 00:00:00+00:00,38.809,38.893,38.404,38.83,205166.89
2025-08-05 01:00:00+00:00,38.83,39.003,38.58,38.645,177674.56
2025-08-05 02:00:00+00:00,38.645,38.834,38.325,38.809,121237.1
2025-08-05 03:00:00+00:00,38.809,39.059,38.33,38.44,207811.69
2025-08-05 04:00:00+00:00,38.44,38.722,38.003,38.28,143599.01
2025-08-05 05:00:00+00:00,38.28,38.876,38.232,38.84,130338.05
2025-08-05 06:00:00+00:00,38.84,39.284,38.616,38.728,329066.02
2025-08-05 07:00:00+00:00,38.728,38.947,38.186,38.262,239376.96
2025-08-05 08:00:00+00:00,38.262,38.38,38.001,38.255,247339.37
2025-08-05 09:00:00+00:00,38.255,39.452,38.221,39.419,450317.56
2025-08-05 10:00:00+00:00,39.419,39.719,39.066,39.115,515609.56
2025-08-05 11:00:00+00:00,39.115,39.729,39.0,39.709,230891.31
2025-08-05 12:00:00+00:00,39.709,39.834,38.924,39.252,421602.75
2025-08-05 13:00:00+00:00,39.252,39.88,38.963,39.842,348106.45
2025-08-05 14:00:00+00:00,39.842,39.889,38.456,38.941,826999.73
2025-08-05 15:00:00+00:00,38.941,39.31,38.086,38.098,531545.17
2025-08-05 16:00:00+00:00,38.098,38.557,37.967,38.473,281337.05
2025-08-05 17:00:00+00:00,38.473,38.925,38.288,38.775,179671.34
2025-08-05 18:00:00+00:00,38.775,38.94,38.488,38.594,130953.62
2025-08-05 19:00:00+00:00,38.594,38.785,37.71,38.06,253813.97
2025-08-05 20:00:00+00:00,38.06,38.399,37.753,37.86,172008.24
2025-08-05 21:00:00+00:00,37.86,38.284,37.708,37.712,87322.83
2025-08-05 22:00:00+00:00,37.712,38.281,37.38,38.247,257088.19
2025-08-05 23:00:00+00:00,38.247,38.616,38.247,38.499,188994.43
2025-08-06 00:00:00+00:00,38.499,38.564,37.922,37.954,100209.39
2025-08-06 01:00:00+00:00,37.954,37.954,37.223,37.572,272090.86
2025-08-06 02:00:00+00:00,37.572,37.708,37.264,37.29,85528.95
2025-08-06 03:00:00+00:00,37.29,37.443,37.027,37.252,140728.17
2025-08-06 04:00:00+00:00,37.252,37.331,37.009,37.015,76441.64
2025-08-06 05:00:00+00:00,37.015,37.641,36.863,37.305,295855.89
2025-08-06 06:00:00+00:00,37.305,37.621,37.164,37.493,127033.4
2025-08-06 07:00:00+00:00,37.493,37.85,37.354,37.843,181636.88
2025-08-06 08:00:00+00:00,37.843,37.857,37.327,37.475,127806.07
2025-08-06 09:00:00+00:00,37.475,37.774,37.335,37.395,116204.12
2025-08-06 10:00:00+00:00,37.395,37.516,37.145,37.237,123067.98
2025-08-06 11:00:00+00:00,37.237,37.656,37.177,37.491,101658.44
2025-08-06 12:00:00+00:00,37.491,37.681,37.286,37.538,112746.57
2025-08-06 13:00:00+00:00,37.538,38.023,37.482,37.994,241881.36
2025-08-06 14:00:00+00:00,37.994,38.494,37.852,38.488,332411.21
2025-08-06 15:00:00+00:00,38.488,38.876,38.12,38.804,310704.45
2025-08-06 16:00:00+00:00,38.804,38.83,38.279,38.705,192369.6
2025-08-06 17:00:00+00:00,38.705,39.039,38.636,38.833,148507.64
2025-08-06 18:00:00+00:00,38.833,39.254,38.307,38.605,319077.6
2025-08-06 19:00:00+00:00,38.605,38.635,38.227,38.384,82092.49
2025-08-06 20:00:00+00:00,38.384,38.404,38.083,38.157,89304.71
2025-08-06 21:00:00+00:00,38.157,38.301,37.896,38.093,80118.7
2025-08-06 22:00:00+00:00,38.093,38.23,38.008,38.077,51637.45
2025-08-06 23:00:00+00:00,38.077,38.104,37.938,38.09,35483.04
2025-08-07 00:00:00+00:00,38.09,38.139,37.917,37.917,53637.78
2025-08-07 01:00:00+00:00,37.917,38.23,37.914,37.927,75336.24
2025-08-07 02:00:00+00:00,37.927,38.098,37.825,37.906,86584.25
2025-08-07 03:00:00+00:00,37.906,37.953,37.563,37.681,96519.31
2025-08-07 04:00:00+00:00,37.681,37.841,37.659,37.743,32983.76
2025-08-07 05:00:00+00:00,37.743,38.073,37.732,38.072,66811.66
2025-08-07 06:00:00+00:00,38.072,38.202,37.984,38.069,80796.49
2025-08-07 07:00:00+00:00,38.069,38.212,37.859,37.937,71398.71
2025-08-07 08:00:00+00:00,37.937,38.343,37.912,37.958,144089.08
2025-08-07 09:00:00+00:00,37.958,38.057,37.821,38.037,76763.82
2025-08-07 10:00:00+00:00,38.037,39.126,37.991,39.063,331042.04
2025-08-07 11:00:00+00:00,39.063,39.436,39.023,39.19,313148.5
2025-08-07 12:00:00+00:00,39.19,39.347,38.784,38.96,319560.18
2025-08-07 13:00:00+00:00,38.96,39.421,38.938,39.406,173447.69
2025-08-07 14:00:00+00:00,39.406,39.6,39.068,39.55,263841.94
2025-08-07 15:00:00+00:00,39.55,39.617,39.281,39.536,137458.48
2025-08-07 16:00:00+00:00,39.536,39.686,38.622,39.194,286678.45
2025-08-07 17:00:00+00:00,39.194,39.513,39.018,39.164,209879.87
2025-08-07 18:00:00+00:00,39.164,39.267,38.815,39.219,77203.98
2025-08-07 19:00:00+00:00,39.219,39.87,39.214,39.86,248034.3
2025-08-07 20:00:00+00:00,39.86,40.249,39.571,40.0,269523.73
2025-08-07 21:00:00+00:00,40.0,40.425,39.948,40.196,146079.23
2025-08-07 22:00:00+00:00,40.196,40.694,40.084,40.681,146858.56
2025-08-07 23:00:00+00:00,40.681,40.985,40.549,40.885,178772.88
2025-08-08 00:00:00+00:00,40.885,41.198,40.517,40.705,251410.61
2025-08-08 01:00:00+00:00,40.705,40.98,40.549,40.634,126453.86
2025-08-08 02:00:00+00:00,40.634,40.985,40.369,40.939,119736.74
2025-08-08 03:00:00+00:00,40.939,41.144,40.737,40.841,79266.62
2025-08-08 04:00:00+00:00,40.841,41.242,40.628,40.819,111877.14
2025-08-08 05:00:00+00:00,40.819,40.897,40.288,40.319,164703.41
2025-08-08 06:00:00+00:00,40.319,40.519,40.092,40.519,146627.4
2025-08-08 07:00:00+00:00,40.519,40.8,40.3,40.757,109187.83
2025-08-08 08:00:00+00:00,40.757,40.959,40.514,40.614,112321.93
2025-08-08 09:00:00+00:00,40.614,40.829,40.429,40.812,88852.25
2025-08-08 10:00:00+00:00,40.812,41.023,40.698,40.983,83812.1
2025-08-08 11:00:00+00:00,40.983,41.494,40.912,41.425,170706.57
2025-08-08 12:00:00+00:00,41.425,41.444,41.018,41.17,88140.38
2025-08-08 13:00:00+00:00,41.17,41.692,41.123,41.503,196026.31
2025-08-08 14:00:00+00:00,41.503,41.774,40.813,41.021,321032.46
2025-08-08 15:00:00+00:00,41.021,41.034,40.472,40.573,306823.96
2025-08-08 16:00:00+00:00,40.573,40.799,40.245,40.47,186401.21
2025-08-08 17:00:00+00:00,40.47,41.376,40.457,41.369,163938.96
2025-08-08 18:00:00+00:00,41.369,41.641,40.742,41.012,314798.21
2025-08-08 19:00:00+00:00,41.012,41.196,40.592,40.677,152897.67
2025-08-08 20:00:00+00:00,40.677,41.08,40.594,41.005,127328.8
2025-08-08 21:00:00+00:00,41.005,41.127,40.833,41.048,44016.43
2025-08-08 22:00:00+00:00,41.048,41.211,40.901,41.159,68910.7
2025-08-08 23:00:00+00:00,41.159,41.239,40.936,40.986,33401.72
2025-08-09 00:00:00+00:00,40.986,41.04,40.544,40.607,102330.27
2025-08-09 01:00:00+00:00,40.607,41.041,40.536,41.016,100501.78
2025-08-09 02:00:00+00:00,41.016,41.237,40.952,41.124,104150.34
2025-08-09 03:00:00+00:00,41.124,41.253,40.914,40.96,119355.78
2025-08-09 04:00:00+00:00,40.96,41.251,40.872,41.238,80610.55
2025-08-09 05:00:00+00:00,41.238,41.988,41.195,41.808,277772.98
2025-08-09 06:00:00+00:00,41.808,41.895,41.33,41.892,174792.58
2025-08-09 07:00:00+00:00,41.892,42.661,41.834,42.657,235645.61
2025-08-09 08:00:00+00:00,42.657,43.377,42.638,43.081,390877.86
2025-08-09 09:00:00+00:00,43.081,43.496,42.747,43.446,273039.52
2025-08-09 10:00:00+00:00,43.446,43.731,43.261,43.375,261167.93
2025-08-09 11:00:00+00:00,43.375,43.685,43.211,43.312,180975.07
2025-08-09 12:00:00+00:00,43.312,43.981,43.106,43.82,242738.35
2025-08-09 13:00:00+00:00,43.82,43.925,43.46,43.613,257798.11
2025-08-09 14:00:00+00:00,43.613,43.994,43.251,43.836,193953.11
2025-08-09 15:00:00+00:00,43.836,44.079,43.56,43.614,148296.59
2025-08-09 16:00:00+00:00,43.614,43.897,43.355,43.806,134715.93
2025-08-09 17:00:00+00:00,43.806,44.137,43.451,43.567,245308.66
2025-08-09 18:00:00+00:00,43.567,43.876,43.477,43.706,114522.91
2025-08-09 19:00:00+00:00,43.706,44.037,43.584,43.883,95735.07
2025-08-09 20:00:00+00:00,43.883,44.471,43.83,44.45,145246.6
2025-08-09 21:00:00+00:00,44.45,44.743,43.842,44.253,244776.14
2025-08-09 22:00:00+00:00,44.253,44.464,43.93,44.057,122338.47
2025-08-09 23:00:00+00:00,44.057,44.146,43.602,43.646,172582.75
2025-08-10 00:00:00+00:00,43.646,44.038,43.619,44.001,84268.54
2025-08-10 01:00:00+00:00,44.001,44.079,43.731,43.889,85728.16
2025-08-10 02:00:00+00:00,43.889,44.153,43.828,43.995,85400.78
2025-08-10 03:00:00+00:00,43.995,44.541,43.941,44.248,183734.02
2025-08-10 04:00:00+00:00,44.248,44.491,44.091,44.462,97600.43
2025-08-10 05:00:00+00:00,44.462,44.467,43.608,43.81,183949.44
2025-08-10 06:00:00+00:00,43.81,43.861,43.301,43.68,193606.84
2025-08-10 07:00:00+00:00,43.68,43.835,43.12,43.161,168625.8
2025-08-10 08:00:00+00:00,43.161,43.551,42.803,43.358,247167.59
2025-08-10 09:00:00+00:00,43.358,43.786,43.358,43.708,73567.37
2025-08-10 10:00:00+00:00,43.708,43.759,43.165,43.311,126767.24
2025-08-10 11:00:00+00:00,43.311,43.88,43.183,43.711,135734.9
2025-08-10 12:00:00+00:00,43.711,43.925,43.503,43.797,115599.54
2025-08-10 13:00:00+00:00,43.797,43.983,43.47,43.515,103003.75
2025-08-10 14:00:00+00:00,43.515,44.35,43.395,44.323,178356.49
2025-08-10 15:00:00+00:00,44.323,45.12,44.254,45.038,348693.09
2025-08-10 16:00:00+00:00,45.038,45.118,44.727,45.078,161905.44
2025-08-10 17:00:00+00:00,45.078,45.278,44.698,45.196,204524.11
2025-08-10 18:00:00+00:00,45.196,45.364,44.977,45.258,129238.26
2025-08-10 19:00:00+00:00,45.258,45.479,45.193,45.342,109726.13
2025-08-10 20:00:00+00:00,45.342,45.371,44.938,44.971,157289.83
2025-08-10 21:00:00+00:00,44.971,45.228,44.499,45.044,179302.37
2025-08-10 22:00:00+00:00,45.044,45.247,44.771,45.24,85890.81
2025-08-10 23:00:00+00:00,45.24,45.288,44.807,45.267,71991.11
2025-08-11 00:00:00+00:00,45.267,45.476,45.102,45.35,132358.63
2025-08-11 01:00:00+00:00,45.35,46.128,45.2,46.07,272913.09
2025-08-11 02:00:00+00:00,46.07,46.432,45.864,46.153,232835.58
2025-08-11 03:00:00+00:00,46.153,46.22,45.752,45.959,153717.73
2025-08-11 04:00:00+00:00,45.959,46.453,45.951,46.28,134765.67
2025-08-11 05:00:00+00:00,46.28,46.591,46.174,46.545,111546.56
2025-08-11 06:00:00+00:00,46.545,46.76,46.347,46.744,113086.03
2025-08-11 07:00:00+00:00,46.744,46.8,45.956,46.064,212266.16
2025-08-11 08:00:00+00:00,46.064,46.269,45.858,46.243,202255.18
2025-08-11 09:00:00+00:00,46.243,46.29,45.8,45.87,84204.93
2025-08-11 10:00:00+00:00,45.87,46.063,45.627,45.72,123808.25
2025-08-11 11:00:00+00:00,45.72,45.772,44.6,44.823,449833.15
2025-08-11 12:00:00+00:00,44.823,44.902,44.302,44.437,316726.92
2025-08-11 13:00:00+00:00,44.437,44.952,43.826,44.693,408353.84
2025-08-11 14:00:00+00:00,44.693,45.152,44.369,44.374,216002.28
2025-08-11 15:00:00+00:00,44.374,44.779,44.099,44.764,214095.21
2025-08-11 16:00:00+00:00,44.764,44.952,44.29,44.43,240622.59
2025-08-11 17:00:00+00:00,44.43,44.537,43.66,43.732,223900.98
2025-08-11 18:00:00+00:00,43.732,43.99,43.448,43.949,138767.03
2025-08-11 19:00:00+00:00,43.949,44.2,43.515,43.737,129188.89
2025-08-11 20:00:00+00:00,43.737,43.905,43.392,43.78,153223.56
2025-08-11 21:00:00+00:00,43.78,44.068,43.01,43.239,222114.19
2025-08-11 22:00:00+00:00,43.239,43.272,42.555,43.196,247773.45
2025-08-11 23:00:00+00:00,43.196,43.397,43.004,43.164,130372.24
2025-08-12 00:00:00+00:00,43.164,43.452,43.013,43.38,75784.53
2025-08-12 01:00:00+00:00,43.38,43.69,43.195,43.653,120860.68
2025-08-12 02:00:00+00:00,43.653,43.974,43.42,43.68,108074.71
2025-08-12 03:00:00+00:00,43.68,43.784,43.211,43.275,106415.6
2025-08-12 04:00:00+00:00,43.275,43.714,43.214,43.54,80054.95
2025-08-12 05:00:00+00:00,43.54,43.541,42.796,43.106,202994.08
2025-08-12 06:00:00+00:00,43.106,43.279,42.782,43.047,79990.05
2025-08-12 07:00:00+00:00,43.047,43.454,43.047,43.332,73792.31
2025-08-12 08:00:00+00:00,43.332,43.428,43.038,43.212,66240.48
2025-08-12 09:00:00+00:00,43.212,43.337,42.711,42.731,97256.21
2025-08-12 10:00:00+00:00,42.731,42.88,42.34,42.483,266649.12
2025-08-12 11:00:00+00:00,42.483,42.785,42.065,42.757,298804.77
2025-08-12 12:00:00+00:00,42.757,44.51,42.357,44.253,961486.07
2025-08-12 13:00:00+00:00,44.253,44.298,42.822,43.223,687653.57
2025-08-12 14:00:00+00:00,43.223,43.654,43.084,43.496,348390.52
2025-08-12 15:00:00+00:00,43.496,44.454,43.445,44.447,230056.29
2025-08-12 16:00:00+00:00,44.447,44.633,43.982,44.412,364942.69
2025-08-12 17:00:00+00:00,44.412,44.846,44.011,44.08,278376.53
2025-08-12 18:00:00+00:00,44.08,44.596,43.623,43.789,200269.52
2025-08-12 19:00:00+00:00,43.789,44.493,43.789,44.345,131573.76
2025-08-12 20:00:00+00:00,44.345,45.034,44.157,44.904,290538.52
2025-08-12 21:00:00+00:00,44.904,45.852,44.856,45.531,291273.44
2025-08-12 22:00:00+00:00,45.531,45.572,44.74,45.029,248949.97
2025-08-12 23:00:00+00:00,45.029,45.404,44.718,44.729,111716.95
2025-08-13 00:00:00+00:00,44.729,45.072,44.639,44.817,141212.01
2025-08-13 01:00:00+00:00,44.817,44.854,43.807,43.991,265288.54
2025-08-13 02:00:00+00:00,43.991,44.793,43.812,44.775,168640.99
2025-08-13 03:00:00+00:00,44.775,44.873,44.404,44.536,159462.33
2025-08-13 04:00:00+00:00,44.536,44.649,43.722,43.826,259705.89
2025-08-13 05:00:00+00:00,43.826,43.919,43.29,43.428,255309.83
2025-08-13 06:00:00+00:00,43.428,43.61,43.006,43.465,378403.83
2025-08-13 07:00:00+00:00,43.465,44.28,43.408,44.166,202495.99
2025-08-13 08:00:00+00:00,44.166,44.776,43.952,44.756,230821.76
2025-08-13 09:00:00+00:00,44.756,45.399,44.62,45.036,261133.65
2025-08-13 10:00:00+00:00,45.036,46.057,44.735,46.044,253932.71
2025-08-13 11:00:00+00:00,46.044,46.602,45.92,46.528,279900.51
2025-08-13 12:00:00+00:00,46.528,46.882,45.934,45.957,377653.55
2025-08-13 13:00:00+00:00,45.957,47.024,45.934,46.804,374455.6
2025-08-13 14:00:00+00:00,46.804,46.995,45.504,45.682,465713.39
2025-08-13 15:00:00+00:00,45.682,45.873,44.975,45.346,364788.3
2025-08-13 16:00:00+00:00,45.346,46.384,45.269,46.368,364537.4
2025-08-13 17:00:00+00:00,46.368,47.47,46.195,47.305,613763.05
2025-08-13 18:00:00+00:00,47.305,47.494,46.6,47.031,385006.01
2025-08-13 19:00:00+00:00,47.031,47.976,46.782,47.837,316167.33
2025-08-13 20:00:00+00:00,47.837,48.012,46.656,46.717,412660.53
2025-08-13 21:00:00+00:00,46.717,47.311,46.311,46.596,254166.54
2025-08-13 22:00:00+00:00,46.596,47.601,46.522,47.053,202183.58
2025-08-13 23:00:00+00:00,47.053,47.884,47.018,47.621,155333.48
2025-08-14 00:00:00+00:00,47.621,48.073,47.33,47.461,160194.69
2025-08-14 01:00:00+00:00,47.461,47.703,47.154,47.327,109019.52
2025-08-14 02:00:00+00:00,47.327,47.939,47.113,47.847,97943.69
2025-08-14 03:00:00+00:00,47.847,48.773,47.702,48.559,311671.21
2025-08-14 04:00:00+00:00,48.559,48.897,47.788,47.803,264284.93
2025-08-14 05:00:00+00:00,47.803,48.142,47.513,47.625,151814.81
2025-08-14 06:00:00+00:00,47.625,47.642,46.5,47.48,373414.98
2025-08-14 07:00:00+00:00,47.48,47.598,46.617,46.856,192730.5
2025-08-14 08:00:00+00:00,46.856,46.954,46.269,46.402,195534.33
2025-08-14 09:00:00+00:00,46.402,47.223,46.027,47.174,220266.56
2025-08-14 10:00:00+00:00,47.174,47.33,46.364,46.8,315325.83
2025-08-14 11:00:00+00:00,46.8,47.281,46.701,47.142,145570.6
2025-08-14 12:00:00+00:00,47.142,47.39,43.956,45.004,1666856.4
2025-08-14 13:00:00+00:00,45.004,46.345,43.688,45.971,1185664.79
2025-08-14 14:00:00+00:00,45.971,46.651,45.397,46.024,421829.85
2025-08-14 15:00:00+00:00,46.024,46.126,44.5,44.71,590585.18
2025-08-14 16:00:00+00:00,44.71,45.011,44.072,44.812,445229.27
2025-08-14 17:00:00+00:00,44.812,45.551,44.428,45.299,267099.71
2025-08-14 18:00:00+00:00,45.299,45.75,44.589,45.662,249813.94
2025-08-14 19:00:00+00:00,45.662,46.476,45.573,45.653,295605.9
2025-08-14 20:00:00+00:00,45.653,46.37,45.495,46.073,209798.91
2025-08-14 21:00:00+00:00,46.073,46.073,44.153,44.778,549091.24
2025-08-14 22:00:00+00:00,44.778,45.243,44.639,45.042,282299.29
2025-08-14 23:00:00+00:00,45.042,45.745,44.978,45.438,149847.03
2025-08-15 00:00:00+00:00,45.438,46.443,45.312,45.864,286792.26
2025-08-15 01:00:00+00:00,45.864,47.258,45.738,47.148,291709.63
2025-08-15 02:00:00+00:00,47.148,48.734,46.824,48.621,422287.2
2025-08-15 03:00:00+00:00,48.621,49.509,48.378,49.482,438979.63
2025-08-15 04:00:00+00:00,49.482,49.555,48.438,48.614,539197.65
2025-08-15 05:00:00+00:00,48.614,48.787,48.025,48.468,335351.66
2025-08-15 06:00:00+00:00,48.468,48.881,48.285,48.482,243975.94
2025-08-15 07:00:00+00:00,48.482,48.798,47.916,48.314,192818.17
2025-08-15 08:00:00+00:00,48.314,49.138,48.253,48.982,267445.71
2025-08-15 09:00:00+00:00,48.982,49.037,48.009,48.215,254785.99
2025-08-15 10:00:00+00:00,48.215,48.704,48.157,48.324,137129.79
2025-08-15 11:00:00+00:00,48.324,48.75,48.018,48.297,176355.89
2025-08-15 12:00:00+00:00,48.297,48.555,47.735,48.458,368523.69
2025-08-15 13:00:00+00:00,48.458,48.672,47.464,47.62,457633.64
2025-08-15 14:00:00+00:00,47.62,48.148,46.162,46.554,712714.08
2025-08-15 15:00:00+00:00,46.554,46.952,45.59,46.301,708803.31
2025-08-15 16:00:00+00:00,46.301,47.086,45.893,46.795,336313.4
2025-08-15 17:00:00+00:00,46.795,47.178,46.206,46.75,242675.85
2025-08-15 18:00:00+00:00,46.75,46.885,45.885,46.101,181196.56
2025-08-15 19:00:00+00:00,46.101,46.529,45.92,46.181,87877.8
2025-08-15 20:00:00+00:00,46.181,47.243,45.982,47.009,185667.73
2025-08-15 21:00:00+00:00,47.009,47.788,46.719,47.755,222269.66
2025-08-15 22:00:00+00:00,47.755,48.45,47.568,48.419,265694.77
2025-08-15 23:00:00+00:00,48.419,48.55,47.446,47.769,253433.33
2025-08-16 00:00:00+00:00,47.769,48.258,47.608,47.775,173030.4
2025-08-16 01:00:00+00:00,47.775,48.111,47.551,48.111,98514.06
2025-08-16 02:00:00+00:00,48.111,48.212,47.838,47.854,120224.28
2025-08-16 03:00:00+00:00,47.854,48.243,47.759,47.816,129735.31
2025-08-16 04:00:00+00:00,47.816,48.013,47.59,47.765,72666.98
2025-08-16 05:00:00+00:00,47.765,47.799,46.962,47.103,194209.78
2025-08-16 06:00:00+00:00,47.103,47.285,46.94,46.962,109934.56
2025-08-16 07:00:00+00:00,46.962,47.475,46.844,47.25,95359.36
2025-08-16 08:00:00+00:00,47.25,47.53,47.072,47.194,96183.92
2025-08-16 09:00:00+00:00,47.194,47.36,46.616,46.654,101202.61
2025-08-16 10:00:00+00:00,46.654,46.845,46.478,46.606,166146.4
2025-08-16 11:00:00+00:00,46.606,46.961,46.376,46.394,84334.12
2025-08-16 12:00:00+00:00,46.394,46.907,46.12,46.88,160816.16
2025-08-16 13:00:00+00:00,46.88,47.126,46.55,46.577,113194.24
2025-08-16 14:00:00+00:00,46.577,46.926,46.404,46.886,96547.69
2025-08-16 15:00:00+00:00,46.886,46.96,46.475,46.54,88812.38
2025-08-16 16:00:00+00:00,46.54,46.816,46.5,46.792,97675.04
2025-08-16 17:00:00+00:00,46.792,46.8,46.546,46.794,48913.51
2025-08-16 18:00:00+00:00,46.794,46.796,46.402,46.778,115250.18
2025-08-16 19:00:00+00:00,46.778,47.155,46.672,46.753,136919.28
2025-08-16 20:00:00+00:00,46.753,47.006,46.627,46.9,97450.73
2025-08-16 21:00:00+00:00,46.9,46.9,46.544,46.592,66179.25
2025-08-16 22:00:00+00:00,46.592,46.884,46.524,46.714,43391.58
2025-08-16 23:00:00+00:00,46.714,46.726,46.141,46.289,125219.48
2025-08-17 00:00:00+00:00,46.289,46.439,45.855,45.922,208748.6
2025-08-17 01:00:00+00:00,45.922,46.152,45.782,46.146,164034.84
2025-08-17 02:00:00+00:00,46.146,46.548,45.922,46.499,119636.72
2025-08-17 03:00:00+00:00,46.499,46.707,46.31,46.603,79598.13
2025-08-17 04:00:00+00:00,46.603,47.119,46.554,47.08,134053.54
2025-08-17 05:00:00+00:00,47.08,47.249,46.924,46.999,108503.26
2025-08-17 06:00:00+00:00,46.999,47.2,46.71,46.711,85272.7
2025-08-17 07:00:00+00:00,46.711,47.3,46.668,47.293,79176.9
2025-08-17 08:00:00+00:00,47.293,47.75,47.213,47.685,142001.09
2025-08-17 09:00:00+00:00,47.685,47.776,47.39,47.743,86424.4
2025-08-17 10:00:00+00:00,47.743,47.75,47.258,47.514,112739.45
2025-08-17 11:00:00+00:00,47.514,47.624,47.151,47.617,137294.81
2025-08-17 12:00:00+00:00,47.617,47.696,47.009,47.098,110359.67
2025-08-17 13:00:00+00:00,47.098,47.211,46.752,46.959,201494.85
2025-08-17 14:00:00+00:00,46.959,47.078,46.746,46.968,104651.05
2025-08-17 15:00:00+00:00,46.968,47.165,46.764,47.093,85831.64
2025-08-17 16:00:00+00:00,47.093,47.204,46.481,46.631,137981.72
2025-08-17 17:00:00+00:00,46.631,46.78,46.446,46.668,58698.36
2025-08-17 18:00:00+00:00,46.668,46.777,46.32,46.594,78574.97
2025-08-17 19:00:00+00:00,46.594,46.737,46.075,46.132,188571.0
2025-08-17 20:00:00+00:00,46.132,46.393,46.052,46.138,80808.75
2025-08-17 21:00:00+00:00,46.138,46.504,46.122,46.368,51093.31
2025-08-17 22:00:00+00:00,46.368,46.825,46.339,46.631,82977.91
2025-08-17 23:00:00+00:00,46.631,46.666,46.006,46.034,98012.98
2025-08-18 00:00:00+00:00,46.034,46.166,45.656,45.827,176078.75
2025-08-18 01:00:00+00:00,45.827,45.874,45.065,45.156,319210.25
2025-08-18 02:00:00+00:00,45.156,45.209,44.312,44.447,398411.82
2025-08-18 03:00:00+00:00,44.447,44.779,43.861,44.131,323841.45
2025-08-18 04:00:00+00:00,44.131,44.362,43.803,44.14,206553.21
2025-08-18 05:00:00+00:00,44.14,44.258,43.359,43.832,335515.54
2025-08-18 06:00:00+00:00,43.832,43.856,42.984,43.494,434504.31
2025-08-18 07:00:00+00:00,43.494,43.777,43.392,43.552,254240.35
2025-08-18 08:00:00+00:00,43.552,43.996,43.482,43.548,214246.34
2025-08-18 09:00:00+00:00,43.548,43.559,43.1,43.205,248961.61
2025-08-18 10:00:00+00:00,43.205,43.48,43.014,43.312,106183.06
2025-08-18 11:00:00+00:00,43.312,43.317,42.966,43.094,108444.71
2025-08-18 12:00:00+00:00,43.094,43.776,42.925,43.765,195858.12
2025-08-18 13:00:00+00:00,43.765,43.85,43.102,43.121,274540.2
2025-08-18 14:00:00+00:00,43.121,43.819,43.091,43.801,166042.99
2025-08-18 15:00:00+00:00,43.801,44.197,43.476,44.188,209386.02
2025-08-18 16:00:00+00:00,44.188,44.499,43.786,44.05,271887.55
2025-08-18 17:00:00+00:00,44.05,44.73,44.01,44.144,241116.26
2025-08-18 18:00:00+00:00,44.144,44.377,43.793,44.084,195406.52
2025-08-18 19:00:00+00:00,44.084,44.175,43.521,43.566,196728.65
2025-08-18 20:00:00+00:00,43.566,43.794,43.346,43.588,172800.98
2025-08-18 21:00:00+00:00,43.588,43.948,43.453,43.795,108990.65
2025-08-18 22:00:00+00:00,43.795,44.285,43.786,43.842,153152.93
2025-08-18 23:00:00+00:00,43.842,43.983,42.973,43.297,277945.52
2025-08-19 00:00:00+00:00,43.297,43.463,42.583,43.31,369059.93
2025-08-19 01:00:00+00:00,43.31,43.525,42.513,42.618,205787.89
2025-08-19 02:00:00+00:00,42.618,42.869,42.416,42.447,137840.55
2025-08-19 03:00:00+00:00,42.447,42.483,41.759,42.071,290364.14
2025-08-19 04:00:00+00:00,42.071,42.262,41.564,42.241,261979.72
2025-08-19 05:00:00+00:00,42.241,42.351,42.08,42.118,93786.38
2025-08-19 06:00:00+00:00,42.118,42.289,41.97,42.127,52937.46
2025-08-19 07:00:00+00:00,42.127,42.165,41.672,42.038,105116.72
2025-08-19 08:00:00+00:00,42.038,42.349,41.832,42.264,176027.81
2025-08-19 09:00:00+00:00,42.264,42.757,42.243,42.576,205445.01
2025-08-19 10:00:00+00:00,42.576,43.321,42.526,43.212,189396.88
2025-08-19 11:00:00+00:00,43.212,43.373,42.953,43.307,170719.07
2025-08-19 12:00:00+00:00,43.307,43.788,43.142,43.779,208896.35
2025-08-19 13:00:00+00:00,43.779,44.146,43.16,43.456,377107.58
2025-08-19 14:00:00+00:00,43.456,43.66,42.27,42.523,438421.78
2025-08-19 15:00:00+00:00,42.523,42.873,42.235,42.446,314642.75
2025-08-19 16:00:00+00:00,42.446,42.64,41.7,41.892,312766.41
2025-08-19 17:00:00+00:00,41.892,42.878,41.789,42.872,272564.22
2025-08-19 18:00:00+00:00,42.872,43.398,42.791,42.922,401773.9
2025-08-19 19:00:00+00:00,42.922,43.801,42.504,42.963,321317.64
2025-08-19 20:00:00+00:00,42.963,43.192,42.529,43.067,218369.25
2025-08-19 21:00:00+00:00,43.067,43.099,42.524,42.528,74004.43
2025-08-19 22:00:00+00:00,42.528,42.629,41.825,41.83,217772.88
2025-08-19 23:00:00+00:00,41.83,41.855,40.911,41.281,505111.41
2025-08-20 00:00:00+00:00,41.281,41.838,41.228,41.82,213138.83
2025-08-20 01:00:00+00:00,41.82,41.966,41.248,41.685,169855.14
2025-08-20 02:00:00+00:00,41.685,41.866,41.542,41.708,96087.35
2025-08-20 03:00:00+00:00,41.708,42.186,41.488,41.494,175177.86
2025-08-20 04:00:00+00:00,41.494,42.126,41.488,41.833,170274.79
2025-08-20 05:00:00+00:00,41.833,41.846,41.474,41.846,89510.26
2025-08-20 06:00:00+00:00,41.846,41.978,41.655,41.792,141066.88
2025-08-20 07:00:00+00:00,41.792,42.115,41.448,41.479,124424.12
2025-08-20 08:00:00+00:00,41.479,42.288,41.453,42.256,195569.62
2025-08-20 09:00:00+00:00,42.256,42.348,41.947,42.002,129631.23
2025-08-20 10:00:00+00:00,42.002,42.236,41.916,41.968,89656.23
2025-08-20 11:00:00+00:00,41.968,42.05,41.18,41.698,137792.92
2025-08-20 12:00:00+00:00,41.698,42.163,41.538,42.099,130057.99
2025-08-20 13:00:00+00:00,42.099,42.104,41.005,41.019,317452.89
2025-08-20 14:00:00+00:00,41.019,42.009,40.562,41.622,428197.38
2025-08-20 15:00:00+00:00,41.622,42.85,41.53,41.957,676716.69
2025-08-20 16:00:00+00:00,41.957,42.5,41.75,41.828,184354.51
2025-08-20 17:00:00+00:00,41.828,42.753,41.756,42.698,203966.81
2025-08-20 18:00:00+00:00,42.698,42.73,41.86,41.896,277773.62
2025-08-20 19:00:00+00:00,41.896,43.25,41.867,43.221,235017.0
2025-08-20 20:00:00+00:00,43.221,43.242,42.553,43.025,269677.98
2025-08-20 21:00:00+00:00,43.025,43.187,42.648,43.035,94987.4
2025-08-20 22:00:00+00:00,43.035,43.263,42.764,43.199,76135.71
2025-08-20 23:00:00+00:00,43.199,43.209,42.809,42.979,79986.31
2025-08-21 00:00:00+00:00,42.979,43.112,42.604,43.037,133309.67
2025-08-21 01:00:00+00:00,43.037,43.204,42.609,43.2,121283.8
2025-08-21 02:00:00+00:00,43.2,43.434,42.288,42.629,225106.0
2025-08-21 03:00:00+00:00,42.629,43.034,42.258,42.281,160034.31
2025-08-21 04:00:00+00:00,42.281,42.344,42.063,42.214,135453.06
2025-08-21 05:00:00+00:00,42.214,42.637,42.034,42.62,90223.46
2025-08-21 06:00:00+00:00,42.62,42.629,42.029,42.172,129155.86
2025-08-21 07:00:00+00:00,42.172,42.196,41.632,41.9,221482.19
2025-08-21 08:00:00+00:00,41.9,41.99,41.424,41.43,195956.79
2025-08-21 09:00:00+00:00,41.43,41.675,41.257,41.472,130123.76
2025-08-21 10:00:00+00:00,41.472,41.672,41.16,41.275,113600.75
2025-08-21 11:00:00+00:00,41.275,41.394,40.932,41.06,152946.97
2025-08-21 12:00:00+00:00,41.06,41.199,40.797,41.117,171976.94
2025-08-21 13:00:00+00:00,41.117,41.755,41.027,41.424,199842.3
2025-08-21 14:00:00+00:00,41.424,42.271,41.276,41.616,270410.17
2025-08-21 15:00:00+00:00,41.616,41.673,41.006,41.059,157376.29
2025-08-21 16:00:00+00:00,41.059,41.323,40.69,40.756,204806.28
2025-08-21 17:00:00+00:00,40.756,41.517,40.6,41.513,324533.22
2025-08-21 18:00:00+00:00,41.513,41.523,41.013,41.217,112256.81
2025-08-21 19:00:00+00:00,41.217,41.306,40.657,40.919,126942.78
2025-08-21 20:00:00+00:00,40.919,41.3,40.71,41.104,85179.06
2025-08-21 21:00:00+00:00,41.104,41.204,40.876,41.051,59248.44
2025-08-21 22:00:00+00:00,41.051,41.343,40.904,41.006,88783.94
2025-08-21 23:00:00+00:00,41.006,41.031,40.38,40.441,159344.14
2025-08-22 00:00:00+00:00,40.441,40.87,40.441,40.693,114056.09
2025-08-22 01:00:00+00:00,40.693,41.657,40.645,41.388,332697.28
2025-08-22 02:00:00+00:00,41.388,41.627,41.277,41.413,80372.34
2025-08-22 03:00:00+00:00,41.413,41.536,41.057,41.179,58309.78
2025-08-22 04:00:00+00:00,41.179,41.597,41.166,41.454,90396.97
2025-08-22 05:00:00+00:00,41.454,42.066,41.442,41.843,164815.39
2025-08-22 06:00:00+00:00,41.843,42.094,41.7,41.792,90801.43
2025-08-22 07:00:00+00:00,41.792,42.185,41.742,42.132,126042.91
2025-08-22 08:00:00+00:00,42.132,42.266,41.909,41.946,150667.64
2025-08-22 09:00:00+00:00,41.946,42.23,41.741,42.195,155753.99
2025-08-22 10:00:00+00:00,42.195,42.232,41.717,42.073,169687.33
2025-08-22 11:00:00+00:00,42.073,42.149,41.687,41.732,142089.59
2025-08-22 12:00:00+00:00,41.732,41.82,40.932,41.361,318942.92
2025-08-22 13:00:00+00:00,41.361,41.79,41.04,41.552,199219.39
2025-08-22 14:00:00+00:00,41.552,44.039,41.545,43.633,1422912.4
2025-08-22 15:00:00+00:00,43.633,44.153,43.612,43.632,320278.6
2025-08-22 16:00:00+00:00,43.632,44.393,43.628,43.967,303220.05
2025-08-22 17:00:00+00:00,43.967,44.906,43.928,44.42,248576.84
2025-08-22 18:00:00+00:00,44.42,44.695,44.291,44.46,124406.89
2025-08-22 19:00:00+00:00,44.46,44.621,44.163,44.27,146227.45
2025-08-22 20:00:00+00:00,44.27,44.821,44.212,44.58,138753.45
2025-08-22 21:00:00+00:00,44.58,44.855,44.39,44.733,128561.44
2025-08-22 22:00:00+00:00,44.733,44.968,44.64,44.859,111698.83
2025-08-22 23:00:00+00:00,44.859,45.512,44.856,45.313,168761.04
2025-08-23 00:00:00+00:00,45.313,45.339,44.834,44.91,123949.55
2025-08-23 01:00:00+00:00,44.91,45.024,44.254,44.529,178470.06
2025-08-23 02:00:00+00:00,44.529,44.552,43.729,44.23,213102.73
2025-08-23 03:00:00+00:00,44.23,44.304,43.438,43.516,178297.23
2025-08-23 04:00:00+00:00,43.516,44.271,43.516,44.187,148850.34
2025-08-23 05:00:00+00:00,44.187,44.644,43.904,44.566,200908.39
2025-08-23 06:00:00+00:00,44.566,44.698,43.683,43.74,163390.73
2025-08-23 07:00:00+00:00,43.74,43.756,43.459,43.696,191420.02
2025-08-23 08:00:00+00:00,43.696,43.758,43.259,43.531,186836.65
2025-08-23 09:00:00+00:00,43.531,43.89,43.337,43.88,174079.04
2025-08-23 10:00:00+00:00,43.88,44.083,43.434,43.494,203146.76
2025-08-23 11:00:00+00:00,43.494,43.951,43.473,43.664,98073.45
2025-08-23 12:00:00+00:00,43.664,43.966,43.509,43.702,138793.77
2025-08-23 13:00:00+00:00,43.702,43.894,43.553,43.7,73365.18
2025-08-23 14:00:00+00:00,43.7,44.187,43.643,43.746,143800.07
2025-08-23 15:00:00+00:00,43.746,44.013,43.704,43.869,77155.16
2025-08-23 16:00:00+00:00,43.869,44.147,43.853,44.047,44274.8
2025-08-23 17:00:00+00:00,44.047,44.525,44.041,44.336,174394.19
2025-08-23 18:00:00+00:00,44.336,44.652,44.168,44.558,109872.67
2025-08-23 19:00:00+00:00,44.558,44.827,44.5,44.614,55664.3
2025-08-23 20:00:00+00:00,44.614,44.873,44.534,44.823,63606.05
2025-08-23 21:00:00+00:00,44.823,44.946,44.63,44.673,66531.48
2025-08-23 22:00:00+00:00,44.673,44.763,44.4,44.665,82633.85
2025-08-23 23:00:00+00:00,44.665,44.919,44.591,44.904,57665.18
2025-08-24 00:00:00+00:00,44.904,45.077,44.716,44.854,76557.74
2025-08-24 01:00:00+00:00,44.854,44.96,44.36,44.657,103225.12
2025-08-24 02:00:00+00:00,44.657,44.733,44.226,44.252,52120.18
2025-08-24 03:00:00+00:00,44.252,44.283,43.946,44.203,89427.67
2025-08-24 04:00:00+00:00,44.203,44.431,44.081,44.264,61358.16
2025-08-24 05:00:00+00:00,44.264,44.264,43.961,43.992,51413.56
2025-08-24 06:00:00+00:00,43.992,44.021,43.693,43.79,69885.61
2025-08-24 07:00:00+00:00,43.79,44.142,43.771,44.029,85330.34
2025-08-24 08:00:00+00:00,44.029,44.224,43.909,44.097,78961.11
2025-08-24 09:00:00+00:00,44.097,44.252,43.945,44.104,64601.71
2025-08-24 10:00:00+00:00,44.104,44.159,43.431,43.516,177104.72
2025-08-24 11:00:00+00:00,43.516,43.738,43.4,43.66,90625.01
2025-08-24 12:00:00+00:00,43.66,43.838,43.482,43.714,71183.83
2025-08-24 13:00:00+00:00,43.714,44.042,43.688,43.998,78017.36
2025-08-24 14:00:00+00:00,43.998,44.431,43.736,44.345,136115.55
2025-08-24 15:00:00+00:00,44.345,44.606,44.066,44.106,128065.66
2025-08-24 16:00:00+00:00,44.106,44.712,44.094,44.623,97494.38
2025-08-24 17:00:00+00:00,44.623,45.646,44.494,45.602,241777.56
2025-08-24 18:00:00+00:00,45.602,46.715,45.369,46.535,459725.66
2025-08-24 19:00:00+00:00,46.535,46.989,44.742,45.504,1206765.25
2025-08-24 20:00:00+00:00,45.504,45.794,44.597,45.234,418431.69
2025-08-24 21:00:00+00:00,45.234,46.355,45.023,45.81,232673.16
2025-08-24 22:00:00+00:00,45.81,46.296,45.23,46.292,180221.34
2025-08-24 23:00:00+00:00,46.292,46.56,45.81,46.052,184302.35
2025-08-25 00:00:00+00:00,46.052,46.396,45.14,45.58,252949.17
2025-08-25 01:00:00+00:00,45.58,46.279,45.506,46.197,119338.15
2025-08-25 02:00:00+00:00,46.197,47.405,46.172,47.032,342906.45
2025-08-25 03:00:00+00:00,47.032,47.135,46.387,46.479,183585.0
2025-08-25 04:00:00+00:00,46.479,46.508,45.808,46.328,248875.02
2025-08-25 05:00:00+00:00,46.328,46.41,45.606,45.772,153481.59
2025-08-25 06:00:00+00:00,45.772,45.904,44.786,44.953,299458.85
2025-08-25 07:00:00+00:00,44.953,45.157,44.048,44.287,332070.95
2025-08-25 08:00:00+00:00,44.287,45.345,43.874,45.168,500635.24
2025-08-25 09:00:00+00:00,45.168,45.849,44.773,45.846,247680.62
2025-08-25 10:00:00+00:00,45.846,46.048,44.61,45.061,525674.94
2025-08-25 11:00:00+00:00,45.061,45.687,44.854,45.669,224413.06
2025-08-25 12:00:00+00:00,45.669,46.059,45.36,45.81,254654.5
2025-08-25 13:00:00+00:00,45.81,46.028,45.116,45.552,397385.01
2025-08-25 14:00:00+00:00,45.552,46.736,45.331,46.303,459642.4
2025-08-25 15:00:00+00:00,46.303,46.444,45.617,45.823,261270.67
2025-08-25 16:00:00+00:00,45.823,46.833,45.567,45.859,366243.84
2025-08-25 17:00:00+00:00,45.859,45.987,45.246,45.516,273248.21
2025-08-25 18:00:00+00:00,45.516,45.686,45.099,45.14,94578.0
2025-08-25 19:00:00+00:00,45.14,45.147,43.785,44.0,697447.8
2025-08-25 20:00:00+00:00,44.0,44.334,43.25,43.268,557151.42
2025-08-25 21:00:00+00:00,43.268,43.352,42.53,42.831,778261.7
2025-08-25 22:00:00+00:00,42.831,43.621,42.703,43.134,256797.76
2025-08-25 23:00:00+00:00,43.134,43.362,42.855,42.981,139240.24
2025-08-26 00:00:00+00:00,42.981,43.141,42.349,42.626,260753.63
2025-08-26 01:00:00+00:00,42.626,44.136,42.463,44.097,486293.84
2025-08-26 02:00:00+00:00,44.097,44.293,43.629,43.965,234041.03
2025-08-26 03:00:00+00:00,43.965,44.351,43.908,44.092,171879.01
2025-08-26 04:00:00+00:00,44.092,45.472,44.092,45.358,488216.75
2025-08-26 05:00:00+00:00,45.358,45.653,45.113,45.118,253999.45
2025-08-26 06:00:00+00:00,45.118,45.392,44.766,44.935,177784.67
2025-08-26 07:00:00+00:00,44.935,45.588,44.783,45.529,189693.91
2025-08-26 08:00:00+00:00,45.529,45.878,45.097,45.37,194435.18
2025-08-26 09:00:00+00:00,45.37,45.527,45.018,45.235,86804.85
2025-08-26 10:00:00+00:00,45.235,45.688,45.175,45.405,100497.37
2025-08-26 11:00:00+00:00,45.405,45.539,44.883,45.274,216838.0
2025-08-26 12:00:00+00:00,45.274,46.308,44.661,45.857,413134.89
2025-08-26 13:00:00+00:00,45.857,45.876,45.106,45.574,283582.62
2025-08-26 14:00:00+00:00,45.574,46.723,45.09,46.658,327920.39
2025-08-26 15:00:00+00:00,46.658,47.074,46.309,46.555,361269.82
2025-08-26 16:00:00+00:00,46.555,47.635,46.538,47.557,401791.29
2025-08-26 17:00:00+00:00,47.557,47.788,47.11,47.662,425447.76
2025-08-26 18:00:00+00:00,47.662,47.959,47.15,47.937,308880.24
2025-08-26 19:00:00+00:00,47.937,48.668,47.75,48.511,412825.4
2025-08-26 20:00:00+00:00,48.511,49.071,48.241,48.978,394850.8
2025-08-26 21:00:00+00:00,48.978,49.794,48.742,49.42,423315.73
2025-08-26 22:00:00+00:00,49.42,49.607,48.274,48.884,1032211.96
2025-08-26 23:00:00+00:00,48.884,49.261,48.51,48.815,386861.97
2025-08-27 00:00:00+00:00,48.815,49.048,48.39,48.483,290991.96
2025-08-27 01:00:00+00:00,48.483,49.286,48.142,49.251,325635.24
2025-08-27 02:00:00+00:00,49.251,50.258,48.692,49.622,607220.76
2025-08-27 03:00:00+00:00,49.622,51.227,49.252,50.973,788089.68
2025-08-27 04:00:00+00:00,50.973,51.133,50.422,50.929,502424.97
2025-08-27 05:00:00+00:00,50.929,51.171,50.46,50.734,391826.12
2025-08-27 06:00:00+00:00,50.734,50.786,50.047,50.288,326078.59
2025-08-27 07:00:00+00:00,50.288,50.457,49.628,49.957,386354.04
2025-08-27 08:00:00+00:00,49.957,50.271,48.344,48.947,779829.27
2025-08-27 09:00:00+00:00,48.947,49.096,48.54,49.065,374097.57
2025-08-27 10:00:00+00:00,49.065,49.27,48.681,48.787,255900.87
2025-08-27 11:00:00+00:00,48.787,49.77,48.787,49.746,250532.68
2025-08-27 12:00:00+00:00,49.746,50.075,49.346,49.55,414114.51
2025-08-27 13:00:00+00:00,49.55,49.94,49.12,49.755,341624.4
2025-08-27 14:00:00+00:00,49.755,50.748,49.622,50.086,467890.59
2025-08-27 15:00:00+00:00,50.086,50.629,50.022,50.577,268419.05
2025-08-27 16:00:00+00:00,50.577,50.675,49.657,49.678,303380.56
2025-08-27 17:00:00+00:00,49.678,50.37,49.641,50.185,175492.66
2025-08-27 18:00:00+00:00,50.185,50.544,49.788,50.031,279714.56
2025-08-27 19:00:00+00:00,50.031,50.245,48.653,48.757,770951.84
2025-08-27 20:00:00+00:00,48.757,49.47,48.305,49.254,644343.19
2025-08-27 21:00:00+00:00,49.254,49.26,47.779,47.944,326839.5
2025-08-27 22:00:00+00:00,47.944,48.131,47.42,47.584,366923.64
2025-08-27 23:00:00+00:00,47.584,47.736,46.84,47.038,426075.62
2025-08-28 00:00:00+00:00,47.038,47.295,46.72,47.29,324984.23
2025-08-28 01:00:00+00:00,47.29,48.244,47.148,48.15,624684.84
2025-08-28 02:00:00+00:00,48.15,48.32,47.642,47.94,203943.52
2025-08-28 03:00:00+00:00,47.94,48.528,47.678,48.524,242241.63
2025-08-28 04:00:00+00:00,48.524,48.73,48.264,48.31,214898.09
2025-08-28 05:00:00+00:00,48.31,48.409,47.875,48.237,209534.46
2025-08-28 06:00:00+00:00,48.237,48.751,47.954,48.727,169561.52
2025-08-28 07:00:00+00:00,48.727,48.992,48.339,48.796,224240.71
2025-08-28 08:00:00+00:00,48.796,49.062,48.254,48.436,254752.53
2025-08-28 09:00:00+00:00,48.436,48.467,47.808,48.008,189348.0
2025-08-28 10:00:00+00:00,48.008,48.372,47.92,48.347,99232.94
2025-08-28 11:00:00+00:00,48.347,48.347,48.0,48.003,88663.33
2025-08-28 12:00:00+00:00,48.003,48.536,47.91,48.507,168635.15
2025-08-28 13:00:00+00:00,48.507,48.879,47.998,48.239,307770.44
2025-08-28 14:00:00+00:00,48.239,48.599,47.946,48.514,222055.25
2025-08-28 15:00:00+00:00,48.514,48.613,47.817,47.97,222955.02
2025-08-28 16:00:00+00:00,47.97,48.139,47.177,47.188,342388.07
2025-08-28 17:00:00+00:00,47.188,47.259,46.051,46.738,1191477.01
2025-08-28 18:00:00+00:00,46.738,47.353,46.551,46.818,350951.19
2025-08-28 19:00:00+00:00,46.818,47.257,45.838,46.079,513771.22
2025-08-28 20:00:00+00:00,46.079,46.578,45.912,45.92,283369.72
2025-08-28 21:00:00+00:00,45.92,46.099,45.691,46.079,198019.94
2025-08-28 22:00:00+00:00,46.079,46.312,45.791,45.921,158030.49
2025-08-28 23:00:00+00:00,45.921,46.099,45.56,45.606,192239.86
2025-08-29 00:00:00+00:00,45.606,45.998,45.342,45.919,241003.79
2025-08-29 01:00:00+00:00,45.919,46.146,45.684,45.765,247588.98
2025-08-29 02:00:00+00:00,45.765,46.083,45.564,45.571,151156.16
2025-08-29 03:00:00+00:00,45.571,45.965,45.317,45.681,150379.82
2025-08-29 04:00:00+00:00,45.681,46.04,45.555,45.785,99884.44
2025-08-29 05:00:00+00:00,45.785,45.827,45.461,45.468,103713.4
2025-08-29 06:00:00+00:00,45.468,45.477,44.83,45.348,444035.96
2025-08-29 07:00:00+00:00,45.348,45.348,44.268,44.451,429153.69
2025-08-29 08:00:00+00:00,44.451,44.926,44.017,44.082,325446.6
2025-08-29 09:00:00+00:00,44.082,44.407,43.728,44.246,305033.04
2025-08-29 10:00:00+00:00,44.246,44.712,44.201,44.362,204390.96
2025-08-29 11:00:00+00:00,44.362,44.421,44.163,44.421,110294.18
2025-08-29 12:00:00+00:00,44.421,45.442,44.403,45.314,440691.28
2025-08-29 13:00:00+00:00,45.314,45.427,44.277,44.505,369272.15
2025-08-29 14:00:00+00:00,44.505,44.984,43.901,44.199,320300.58
2025-08-29 15:00:00+00:00,44.199,45.089,44.125,44.833,291708.66
2025-08-29 16:00:00+00:00,44.833,45.026,44.582,44.639,239842.35
2025-08-29 17:00:00+00:00,44.639,44.791,44.165,44.725,191788.65
2025-08-29 18:00:00+00:00,44.725,44.733,43.64,43.668,251856.52
2025-08-29 19:00:00+00:00,43.668,44.334,43.503,43.669,302130.87
2025-08-29 20:00:00+00:00,43.669,44.26,43.303,44.184,319571.74
2025-08-29 21:00:00+00:00,44.184,44.798,43.929,44.322,289157.76
2025-08-29 22:00:00+00:00,44.322,44.584,44.103,44.452,104849.13
2025-08-29 23:00:00+00:00,44.452,44.647,44.272,44.425,90952.91
2025-08-30 00:00:00+00:00,44.425,44.53,44.022,44.144,111968.56
2025-08-30 01:00:00+00:00,44.144,44.19,43.696,43.758,136103.77
2025-08-30 02:00:00+00:00,43.758,44.297,43.695,44.106,92010.57
2025-08-30 03:00:00+00:00,44.106,44.651,44.106,44.584,101872.05
2025-08-30 04:00:00+00:00,44.584,44.752,44.372,44.512,102898.8
2025-08-30 05:00:00+00:00,44.512,44.91,44.188,44.194,122138.56
2025-08-30 06:00:00+00:00,44.194,44.322,43.953,43.965,118464.13
2025-08-30 07:00:00+00:00,43.965,44.358,43.931,44.34,101973.16
2025-08-30 08:00:00+00:00,44.34,44.34,43.605,43.66,246233.87
2025-08-30 09:00:00+00:00,43.66,43.754,43.37,43.545,102163.2
2025-08-30 10:00:00+00:00,43.545,43.77,43.25,43.451,207339.89
2025-08-30 11:00:00+00:00,43.451,43.614,43.34,43.512,78776.18
2025-08-30 12:00:00+00:00,43.512,43.675,43.257,43.616,80867.04
2025-08-30 13:00:00+00:00,43.616,43.802,43.379,43.705,110183.91
2025-08-30 14:00:00+00:00,43.705,43.779,43.5,43.67,113803.73
2025-08-30 15:00:00+00:00,43.67,44.186,43.542,44.161,131331.28
2025-08-30 16:00:00+00:00,44.161,44.162,43.856,44.053,84234.5
2025-08-30 17:00:00+00:00,44.053,44.211,43.815,44.108,103083.64
2025-08-30 18:00:00+00:00,44.108,44.368,44.046,44.269,76341.2
2025-08-30 19:00:00+00:00,44.269,44.29,43.862,43.933,58976.32
2025-08-30 20:00:00+00:00,43.933,44.029,43.825,43.981,36430.01
2025-08-30 21:00:00+00:00,43.981,44.08,43.82,43.907,24132.24
2025-08-30 22:00:00+00:00,43.907,43.988,43.765,43.948,24112.94
2025-08-30 23:00:00+00:00,43.948,44.202,43.944,44.062,49615.27
2025-08-31 00:00:00+00:00,44.062,44.867,44.035,44.759,155911.3
2025-08-31 01:00:00+00:00,44.759,44.827,44.425,44.713,87081.94
2025-08-31 02:00:00+00:00,44.713,44.732,44.462,44.642,47242.6
2025-08-31 03:00:00+00:00,44.642,44.94,44.61,44.939,72821.48
2025-08-31 04:00:00+00:00,44.939,44.939,44.564,44.825,112218.39
2025-08-31 05:00:00+00:00,44.825,44.93,44.674,44.927,60342.0
2025-08-31 06:00:00+00:00,44.927,44.975,44.69,44.753,99152.61
2025-08-31 07:00:00+00:00,44.753,45.07,44.467,44.491,110431.16
2025-08-31 08:00:00+00:00,44.491,44.867,44.42,44.855,77699.35
2025-08-31 09:00:00+00:00,44.855,44.855,44.3,44.341,97787.29
2025-08-31 10:00:00+00:00,44.341,44.436,44.165,44.379,79367.99
2025-08-31 11:00:00+00:00,44.379,44.436,44.223,44.418,40792.32
2025-08-31 12:00:00+00:00,44.418,44.509,44.24,44.483,78567.3
2025-08-31 13:00:00+00:00,44.483,44.608,44.191,44.273,88036.43
2025-08-31 14:00:00+00:00,44.273,44.433,44.1,44.278,63635.14
2025-08-31 15:00:00+00:00,44.278,44.511,44.132,44.477,131853.77
2025-08-31 16:00:00+00:00,44.477,45.099,44.404,45.075,227777.26
2025-08-31 17:00:00+00:00,45.075,45.374,44.89,45.156,211640.32
2025-08-31 18:00:00+00:00,45.156,45.338,45.022,45.045,50282.02
2025-08-31 19:00:00+00:00,45.045,45.069,44.667,44.798,105960.53
2025-08-31 20:00:00+00:00,44.798,44.96,44.706,44.843,33258.21
2025-08-31 21:00:00+00:00,44.843,45.044,44.669,44.996,28282.41
2025-08-31 22:00:00+00:00,44.996,45.169,44.704,44.811,58910.8
2025-08-31 23:00:00+00:00,44.811,44.812,44.216,44.273,178974.83
2025-09-01 00:00:00+00:00,44.273,44.696,43.813,44.521,301399.84
2025-09-01 01:00:00+00:00,44.521,45.004,44.352,44.795,180027.79
2025-09-01 02:00:00+00:00,44.795,44.801,44.2,44.372,155934.95
2025-09-01 03:00:00+00:00,44.372,44.57,44.065,44.419,174995.68
2025-09-01 04:00:00+00:00,44.419,44.536,43.954,44.12,156851.84
2025-09-01 05:00:00+00:00,44.12,44.48,43.916,44.197,128896.6
2025-09-01 06:00:00+00:00,44.197,44.35,43.949,44.135,76047.83
2025-09-01 07:00:00+00:00,44.135,45.008,43.961,45.008,140787.35
2025-09-01 08:00:00+00:00,45.008,45.465,44.976,45.376,237579.04
2025-09-01 09:00:00+00:00,45.376,45.471,44.913,44.933,144842.1
2025-09-01 10:00:00+00:00,44.933,45.002,44.573,44.912,135502.23
2025-09-01 11:00:00+00:00,44.912,44.924,44.383,44.695,106361.8
2025-09-01 12:00:00+00:00,44.695,44.782,44.412,44.515,87917.1
2025-09-01 13:00:00+00:00,44.515,44.87,44.418,44.56,95176.31
2025-09-01 14:00:00+00:00,44.56,44.915,44.42,44.521,89606.71
2025-09-01 15:00:00+00:00,44.521,44.644,44.05,44.273,151945.76
2025-09-01 16:00:00+00:00,44.273,44.295,43.562,43.648,235521.22
2025-09-01 17:00:00+00:00,43.648,43.813,43.364,43.651,159274.76
2025-09-01 18:00:00+00:00,43.651,44.085,43.624,44.07,120657.07
2025-09-01 19:00:00+00:00,44.07,44.195,43.929,44.025,75829.34
2025-09-01 20:00:00+00:00,44.025,44.105,43.356,43.615,190399.12
2025-09-01 21:00:00+00:00,43.615,43.615,42.7,42.957,288490.54
2025-09-01 22:00:00+00:00,42.957,42.976,42.449,42.693,179809.18
2025-09-01 23:00:00+00:00,42.693,43.128,42.647,43.099,152262.49
2025-09-02 00:00:00+00:00,43.099,43.327,42.937,43.104,97200.48
2025-09-02 01:00:00+00:00,43.104,43.719,43.024,43.452,106845.16
2025-09-02 02:00:00+00:00,43.452,43.981,43.297,43.972,123052.29
2025-09-02 03:00:00+00:00,43.972,44.281,43.727,44.125,160674.33
2025-09-02 04:00:00+00:00,44.125,44.502,43.964,44.316,120573.66
2025-09-02 05:00:00+00:00,44.316,44.541,44.188,44.46,73728.53
2025-09-02 06:00:00+00:00,44.46,44.895,44.435,44.639,133466.96
2025-09-02 07:00:00+00:00,44.639,44.696,44.38,44.468,88284.13
2025-09-02 08:00:00+00:00,44.468,45.038,44.463,44.787,137033.08
2025-09-02 09:00:00+00:00,44.787,45.079,44.556,44.8,110476.03
2025-09-02 10:00:00+00:00,44.8,44.886,44.34,44.474,114736.85
2025-09-02 11:00:00+00:00,44.474,44.476,44.148,44.293,75966.99
2025-09-02 12:00:00+00:00,44.293,44.396,43.374,43.401,222625.17
2025-09-02 13:00:00+00:00,43.401,44.658,43.344,44.506,273738.85
2025-09-02 14:00:00+00:00,44.506,44.949,44.273,44.593,202302.72
2025-09-02 15:00:00+00:00,44.593,44.858,43.98,44.086,192515.91
2025-09-02 16:00:00+00:00,44.086,44.354,43.95,44.145,105332.59
2025-09-02 17:00:00+00:00,44.145,44.648,44.098,44.125,110263.59
2025-09-02 18:00:00+00:00,44.125,44.166,43.724,43.959,117521.34
2025-09-02 19:00:00+00:00,43.959,44.165,43.801,44.037,57311.04
2025-09-02 20:00:00+00:00,44.037,44.46,43.943,44.306,86756.6
2025-09-02 21:00:00+00:00,44.306,44.793,44.288,44.736,74344.1
2025-09-02 22:00:00+00:00,44.736,44.834,44.519,44.824,58623.41
2025-09-02 23:00:00+00:00,44.824,44.898,44.615,44.869,58959.35
2025-09-03 00:00:00+00:00,44.869,45.268,44.752,44.778,151992.83
2025-09-03 01:00:00+00:00,44.778,45.214,44.51,45.176,87036.52
2025-09-03 02:00:00+00:00,45.176,45.287,44.944,45.144,74370.55
2025-09-03 03:00:00+00:00,45.144,45.233,44.685,44.685,65999.36
2025-09-03 04:00:00+00:00,44.685,44.764,44.502,44.71,46015.84
2025-09-03 05:00:00+00:00,44.71,44.723,44.382,44.417,53747.46
2025-09-03 06:00:00+00:00,44.417,44.52,44.214,44.342,76458.19
2025-09-03 07:00:00+00:00,44.342,44.55,44.25,44.501,41757.31
2025-09-03 08:00:00+00:00,44.501,44.729,44.41,44.68,75080.22
2025-09-03 09:00:00+00:00,44.68,45.462,44.585,45.461,192806.9
2025-09-03 10:00:00+00:00,45.461,45.784,45.218,45.515,237276.98
2025-09-03 11:00:00+00:00,45.515,45.983,45.426,45.559,254846.2
2025-09-03 12:00:00+00:00,45.559,45.793,45.346,45.518,108632.9
2025-09-03 13:00:00+00:00,45.518,46.119,45.371,45.657,240803.95
2025-09-03 14:00:00+00:00,45.657,46.181,45.418,46.01,291560.53
2025-09-03 15:00:00+00:00,46.01,46.12,45.703,46.054,127724.07
2025-09-03 16:00:00+00:00,46.054,46.244,45.818,46.11,152057.29
2025-09-03 17:00:00+00:00,46.11,46.479,46.041,46.124,172829.1
2025-09-03 18:00:00+00:00,46.124,46.267,45.567,45.793,134348.37
2025-09-03 19:00:00+00:00,45.793,45.912,45.646,45.8,62217.77
2025-09-03 20:00:00+00:00,45.8,46.062,45.784,45.947,54027.43
2025-09-03 21:00:00+00:00,45.947,46.058,45.756,45.964,65727.19
2025-09-03 22:00:00+00:00,45.964,46.086,45.871,46.085,47036.87
2025-09-03 23:00:00+00:00,46.085,46.1,45.773,45.847,60728.3
2025-09-04 00:00:00+00:00,45.847,46.379,45.683,46.247,115167.15
2025-09-04 01:00:00+00:00,46.247,46.253,45.85,46.02,80800.79
2025-09-04 02:00:00+00:00,46.02,46.036,45.439,45.675,119349.47
2025-09-04 03:00:00+00:00,45.675,45.855,45.372,45.417,102138.86
2025-09-04 04:00:00+00:00,45.417,45.725,45.355,45.409,76666.62
2025-09-04 05:00:00+00:00,45.409,45.524,45.251,45.48,93921.31
2025-09-04 06:00:00+00:00,45.48,45.597,45.201,45.42,103268.08
2025-09-04 07:00:00+00:00,45.42,45.675,45.307,45.63,100747.66
2025-09-04 08:00:00+00:00,45.63,45.879,45.443,45.544,99899.5
2025-09-04 09:00:00+00:00,45.544,45.941,45.544,45.92,70267.75
2025-09-04 10:00:00+00:00,45.92,45.972,45.712,45.729,84843.74
2025-09-04 11:00:00+00:00,45.729,46.017,45.662,45.86,61672.53
2025-09-04 12:00:00+00:00,45.86,46.048,45.699,45.905,73720.04
2025-09-04 13:00:00+00:00,45.905,45.924,45.474,45.487,171720.38
2025-09-04 14:00:00+00:00,45.487,45.626,44.994,45.29,261980.23
2025-09-04 15:00:00+00:00,45.29,45.29,44.814,45.18,216507.31
2025-09-04 16:00:00+00:00,45.18,45.336,44.826,45.017,114027.22
2025-09-04 17:00:00+00:00,45.017,45.365,44.994,45.206,75200.85
2025-09-04 18:00:00+00:00,45.206,45.382,44.833,44.913,81361.44
2025-09-04 19:00:00+00:00,44.913,45.05,44.376,44.448,161408.24
2025-09-04 20:00:00+00:00,44.448,45.126,44.378,44.986,232803.06
2025-09-04 21:00:00+00:00,44.986,45.338,44.888,45.148,93223.98
2025-09-04 22:00:00+00:00,45.148,45.784,45.103,45.771,159844.95
2025-09-04 23:00:00+00:00,45.771,45.851,45.189,45.338,159627.0
2025-09-05 00:00:00+00:00,45.338,45.516,45.119,45.152,112197.05
2025-09-05 01:00:00+00:00,45.152,45.455,45.116,45.38,76640.2
2025-09-05 02:00:00+00:00,45.38,45.665,45.2,45.597,100388.59
2025-09-05 03:00:00+00:00,45.597,45.633,45.029,45.156,173462.87
2025-09-05 04:00:00+00:00,45.156,45.495,45.156,45.453,69785.44
2025-09-05 05:00:00+00:00,45.453,45.592,45.372,45.56,37009.02
2025-09-05 06:00:00+00:00,45.56,45.778,45.503,45.773,52844.2
2025-09-05 07:00:00+00:00,45.773,46.303,45.752,46.241,258663.36
2025-09-05 08:00:00+00:00,46.241,46.258,45.85,45.907,118107.76
2025-09-05 09:00:00+00:00,45.907,46.2,45.792,46.142,83618.89
2025-09-05 10:00:00+00:00,46.142,46.344,46.115,46.218,49234.58
2025-09-05 11:00:00+00:00,46.218,47.26,46.092,47.006,686851.21
2025-09-05 12:00:00+00:00,47.006,47.291,46.328,47.273,657670.0
2025-09-05 13:00:00+00:00,47.273,47.697,46.508,47.349,711537.2
2025-09-05 14:00:00+00:00,47.349,47.391,45.991,46.211,684884.55
2025-09-05 15:00:00+00:00,46.211,46.94,46.018,46.591,353502.75
2025-09-05 16:00:00+00:00,46.591,46.787,46.281,46.768,162291.06
2025-09-05 17:00:00+00:00,46.768,46.858,46.173,46.388,176175.22
2025-09-05 18:00:00+00:00,46.388,46.534,46.001,46.526,168621.29
2025-09-05 19:00:00+00:00,46.526,47.332,46.375,47.174,237187.11
2025-09-05 20:00:00+00:00,47.174,47.344,46.861,47.312,153864.63
2025-09-05 21:00:00+00:00,47.312,47.46,46.914,47.219,232270.17
2025-09-05 22:00:00+00:00,47.219,47.375,47.002,47.145,113095.63
2025-09-05 23:00:00+00:00,47.145,47.5,47.107,47.208,96234.5
2025-09-06 00:00:00+00:00,47.208,47.835,47.204,47.762,170683.45
2025-09-06 01:00:00+00:00,47.762,47.82,47.418,47.463,101662.15
2025-09-06 02:00:00+00:00,47.463,47.652,47.217,47.355,77448.07
2025-09-06 03:00:00+00:00,47.355,47.9,47.286,47.68,294810.72
2025-09-06 04:00:00+00:00,47.68,47.682,47.268,47.308,114913.44
2025-09-06 05:00:00+00:00,47.308,47.314,46.847,47.14,129039.75
2025-09-06 06:00:00+00:00,47.14,47.146,46.861,47.021,110620.52
2025-09-06 07:00:00+00:00,47.021,47.08,46.696,46.809,87356.63
2025-09-06 08:00:00+00:00,46.809,46.876,46.632,46.71,90379.74
2025-09-06 09:00:00+00:00,46.71,46.714,46.482,46.589,159927.22
2025-09-06 10:00:00+00:00,46.589,46.81,46.57,46.784,64759.15
2025-09-06 11:00:00+00:00,46.784,46.856,46.631,46.84,48704.15
2025-09-06 12:00:00+00:00,46.84,46.933,46.756,46.784,62506.1
2025-09-06 13:00:00+00:00,46.784,46.888,46.595,46.84,52103.4
2025-09-06 14:00:00+00:00,46.84,47.02,46.805,46.923,62086.17
2025-09-06 15:00:00+00:00,46.923,46.968,46.394,46.421,100501.8
2025-09-06 16:00:00+00:00,46.421,46.452,46.01,46.182,220747.93
2025-09-06 17:00:00+00:00,46.182,46.193,45.71,45.891,160806.94
2025-09-06 18:00:00+00:00,45.891,46.049,45.591,45.748,176359.5
2025-09-06 19:00:00+00:00,45.748,45.8,45.4,45.555,133459.05
2025-09-06 20:00:00+00:00,45.555,45.982,45.535,45.977,123007.61
2025-09-06 21:00:00+00:00,45.977,46.011,45.816,46.007,36005.11
2025-09-06 22:00:00+00:00,46.007,46.207,45.932,46.139,83485.71
2025-09-06 23:00:00+00:00,46.139,46.229,45.966,45.969,50465.59
2025-09-07 00:00:00+00:00,45.969,46.622,45.945,46.544,143488.84
2025-09-07 01:00:00+00:00,46.544,46.945,46.5,46.711,120322.41
2025-09-07 02:00:00+00:00,46.711,47.108,46.606,46.894,233300.43
2025-09-07 03:00:00+00:00,46.894,47.018,46.786,46.854,33557.63
2025-09-07 04:00:00+00:00,46.854,46.932,46.706,46.753,79371.94
2025-09-07 05:00:00+00:00,46.753,46.9,46.616,46.746,42443.62
2025-09-07 06:00:00+00:00,46.746,46.769,46.528,46.535,43512.58
2025-09-07 07:00:00+00:00,46.535,47.014,46.454,47.005,86436.35
2025-09-07 08:00:00+00:00,47.005,47.329,46.934,47.196,154056.35
2025-09-07 09:00:00+00:00,47.196,47.444,46.986,47.259,127689.64
2025-09-07 10:00:00+00:00,47.259,47.349,47.115,47.256,69275.19
2025-09-07 11:00:00+00:00,47.256,47.302,47.038,47.154,64684.46
2025-09-07 12:00:00+00:00,47.154,47.175,46.87,47.021,92801.85
2025-09-07 13:00:00+00:00,47.021,47.265,46.982,47.252,48142.3
2025-09-07 14:00:00+00:00,47.252,47.512,47.053,47.4,135034.84
2025-09-07 15:00:00+00:00,47.4,47.662,47.245,47.535,112934.07
2025-09-07 16:00:00+00:00,47.535,47.64,47.042,47.119,152445.78
2025-09-07 17:00:00+00:00,47.119,47.176,46.862,47.058,131637.84
2025-09-07 18:00:00+00:00,47.058,47.058,46.82,46.995,82261.92
2025-09-07 19:00:00+00:00,46.995,47.19,46.857,47.035,82206.35
2025-09-07 20:00:00+00:00,47.035,47.143,46.72,47.106,87456.93
2025-09-07 21:00:00+00:00,47.106,47.128,46.801,46.824,39913.05
2025-09-07 22:00:00+00:00,46.824,47.199,46.807,47.138,50547.65
2025-09-07 23:00:00+00:00,47.138,47.472,47.0,47.069,100169.69
2025-09-08 00:00:00+00:00,47.069,47.323,46.921,47.139,121874.62
2025-09-08 01:00:00+00:00,47.139,47.542,47.052,47.417,112029.98
2025-09-08 02:00:00+00:00,47.417,48.4,47.357,48.359,229699.55
2025-09-08 03:00:00+00:00,48.359,48.959,48.225,48.726,297079.62
2025-09-08 04:00:00+00:00,48.726,48.8,48.405,48.717,193322.12
2025-09-08 05:00:00+00:00,48.717,49.6,48.707,49.595,438781.64
2025-09-08 06:00:00+00:00,49.595,50.03,49.147,49.755,406963.63
2025-09-08 07:00:00+00:00,49.755,50.095,49.512,50.016,291630.83
2025-09-08 08:00:00+00:00,50.016,51.012,50.016,50.957,417014.02
2025-09-08 09:00:00+00:00,50.957,51.2,50.434,50.621,458485.77
2025-09-08 10:00:00+00:00,50.621,50.858,50.517,50.706,271553.05
2025-09-08 11:00:00+00:00,50.706,50.819,50.276,50.447,293166.89
2025-09-08 12:00:00+00:00,50.447,50.928,50.398,50.872,230297.19
2025-09-08 13:00:00+00:00,50.872,51.928,50.8,51.286,877268.3
2025-09-08 14:00:00+00:00,51.286,51.8,51.213,51.512,257410.58
2025-09-08 15:00:00+00:00,51.512,51.927,51.16,51.507,216978.66
2025-09-08 16:00:00+00:00,51.507,51.565,50.865,50.953,325649.36
2025-09-08 17:00:00+00:00,50.953,50.959,50.366,50.613,757944.59
2025-09-08 18:00:00+00:00,50.613,50.9,50.348,50.682,228174.9
2025-09-08 19:00:00+00:00,50.682,50.718,50.199,50.367,250595.53
2025-09-08 20:00:00+00:00,50.367,50.457,49.839,50.2,382520.29
2025-09-08 21:00:00+00:00,50.2,50.699,50.102,50.67,313349.0
2025-09-08 22:00:00+00:00,50.67,51.032,50.382,50.78,185412.04
2025-09-08 23:00:00+00:00,50.78,51.0,50.615,50.861,94174.52
2025-09-09 00:00:00+00:00,50.861,51.212,50.5,50.973,249436.29
2025-09-09 01:00:00+00:00,50.973,51.444,50.816,51.152,189812.11
2025-09-09 02:00:00+00:00,51.152,51.295,50.582,50.847,145433.74
2025-09-09 03:00:00+00:00,50.847,51.707,50.731,51.44,169341.86
2025-09-09 04:00:00+00:00,51.44,53.099,51.335,53.012,547148.85
2025-09-09 05:00:00+00:00,53.012,53.564,52.819,53.55,348799.35
2025-09-09 06:00:00+00:00,53.55,54.99,53.458,54.617,905129.12
2025-09-09 07:00:00+00:00,54.617,55.117,53.987,54.483,755806.66
2025-09-09 08:00:00+00:00,54.483,54.866,54.296,54.398,233487.32
2025-09-09 09:00:00+00:00,54.398,55.1,54.323,54.901,304757.8
2025-09-09 10:00:00+00:00,54.901,55.241,54.383,54.984,374777.26
2025-09-09 11:00:00+00:00,54.984,55.063,53.655,53.883,402028.19
2025-09-09 12:00:00+00:00,53.883,54.221,53.334,53.753,337090.33
2025-09-09 13:00:00+00:00,53.753,54.09,53.316,53.575,265978.07
2025-09-09 14:00:00+00:00,53.575,54.295,52.807,53.512,904850.28
2025-09-09 15:00:00+00:00,53.512,53.575,52.061,52.644,634684.01
2025-09-09 16:00:00+00:00,52.644,53.431,52.503,52.56,317202.01
2025-09-09 17:00:00+00:00,52.56,53.022,52.369,52.381,229923.41
2025-09-09 18:00:00+00:00,52.381,53.115,52.346,53.012,159930.35
2025-09-09 19:00:00+00:00,53.012,53.921,52.924,53.778,276011.23
2025-09-09 20:00:00+00:00,53.778,53.941,52.893,53.44,333854.0
2025-09-09 21:00:00+00:00,53.44,53.739,53.194,53.299,162695.77
2025-09-09 22:00:00+00:00,53.299,53.435,53.025,53.155,103757.38
2025-09-09 23:00:00+00:00,53.155,53.311,52.725,53.269,154645.62
2025-09-10 00:00:00+00:00,53.269,53.335,52.534,52.605,135029.34
2025-09-10 01:00:00+00:00,52.605,53.267,52.537,53.208,165821.58
2025-09-10 02:00:00+00:00,53.208,54.412,53.195,53.995,404850.48
2025-09-10 03:00:00+00:00,53.995,54.002,53.356,53.745,168843.99
2025-09-10 04:00:00+00:00,53.745,54.413,53.386,54.196,165441.7
2025-09-10 05:00:00+00:00,54.196,54.927,53.954,54.545,273479.35
2025-09-10 06:00:00+00:00,54.545,55.08,54.344,54.879,343431.52
2025-09-10 07:00:00+00:00,54.879,55.47,54.766,55.092,360223.61
2025-09-10 08:00:00+00:00,55.092,55.41,54.725,54.907,270201.79
2025-09-10 09:00:00+00:00,54.907,55.75,54.738,54.762,434350.33
2025-09-10 10:00:00+00:00,54.762,54.822,54.056,54.232,302503.3
2025-09-10 11:00:00+00:00,54.232,54.473,54.004,54.468,148130.2
2025-09-10 12:00:00+00:00,54.468,55.282,54.147,54.376,442746.28
2025-09-10 13:00:00+00:00,54.376,55.467,54.333,55.101,360123.73
2025-09-10 14:00:00+00:00,55.101,55.296,54.821,54.936,413827.36
2025-09-10 15:00:00+00:00,54.936,55.429,54.63,55.105,229780.45
2025-09-10 16:00:00+00:00,55.105,55.399,54.744,55.0,246522.64
2025-09-10 17:00:00+00:00,55.0,55.112,54.463,55.082,229140.27
2025-09-10 18:00:00+00:00,55.082,55.16,54.532,55.032,184195.04
2025-09-10 19:00:00+00:00,55.032,55.034,53.674,54.396,373925.85
2025-09-10 20:00:00+00:00,54.396,55.0,54.302,54.888,263998.97
2025-09-10 21:00:00+00:00,54.888,55.228,54.8,55.16,130625.47
2025-09-10 22:00:00+00:00,55.16,56.088,55.115,56.024,423580.99
2025-09-10 23:00:00+00:00,56.024,56.079,55.125,55.438,255824.68
2025-09-11 00:00:00+00:00,55.438,56.068,55.371,55.837,144240.11
2025-09-11 01:00:00+00:00,55.837,56.232,55.455,55.569,157312.5
2025-09-11 02:00:00+00:00,55.569,55.643,55.267,55.469,99818.78
2025-09-11 03:00:00+00:00,55.469,56.083,55.383,56.004,104543.28
2025-09-11 04:00:00+00:00,56.004,56.079,55.489,55.685,116291.07
2025-09-11 05:00:00+00:00,55.685,55.809,55.457,55.705,101596.97
2025-09-11 06:00:00+00:00,55.705,55.739,55.201,55.453,193188.54
2025-09-11 07:00:00+00:00,55.453,55.576,55.188,55.282,115073.81
2025-09-11 08:00:00+00:00,55.282,55.41,55.134,55.175,109496.25
2025-09-11 09:00:00+00:00,55.175,55.194,54.6,54.668,366575.79
2025-09-11 10:00:00+00:00,54.668,54.782,53.776,54.288,513892.39
2025-09-11 11:00:00+00:00,54.288,54.403,53.039,53.59,567924.0
2025-09-11 12:00:00+00:00,53.59,54.648,53.124,54.149,869436.48
2025-09-11 13:00:00+00:00,54.149,54.741,53.716,54.684,274595.92
2025-09-11 14:00:00+00:00,54.684,54.788,53.982,54.446,241963.62
2025-09-11 15:00:00+00:00,54.446,54.841,54.196,54.687,223795.53
2025-09-11 16:00:00+00:00,54.687,55.078,54.42,54.715,232855.92
2025-09-11 17:00:00+00:00,54.715,55.177,54.662,55.007,122016.51
2025-09-11 18:00:00+00:00,55.007,55.241,54.781,54.965,155576.29
2025-09-11 19:00:00+00:00,54.965,55.986,54.896,55.745,374078.42
2025-09-11 20:00:00+00:00,55.745,55.817,55.422,55.682,173157.56
2025-09-11 21:00:00+00:00,55.682,55.998,55.62,55.846,186011.62
2025-09-11 22:00:00+00:00,55.846,56.784,55.82,56.442,328122.76
2025-09-11 23:00:00+00:00,56.442,57.199,56.415,57.05,400587.41
2025-09-12 00:00:00+00:00,57.05,57.5,56.66,56.813,387885.92
2025-09-12 01:00:00+00:00,56.813,57.071,56.453,56.605,219408.58
2025-09-12 02:00:00+00:00,56.605,57.103,56.529,56.674,160570.78
2025-09-12 03:00:00+00:00,56.674,56.718,56.378,56.589,135103.56
2025-09-12 04:00:00+00:00,56.589,56.896,56.525,56.79,115270.99
2025-09-12 05:00:00+00:00,56.79,57.369,56.76,57.2,117687.71
2025-09-12 06:00:00+00:00,57.2,57.264,56.817,56.88,143823.13
2025-09-12 07:00:00+00:00,56.88,57.066,56.326,56.382,234142.14
2025-09-12 08:00:00+00:00,56.382,56.626,56.132,56.306,222649.7
2025-09-12 09:00:00+00:00,56.306,56.434,56.033,56.288,124333.26
2025-09-12 10:00:00+00:00,56.288,56.555,56.04,56.532,100826.47
2025-09-12 11:00:00+00:00,56.532,56.532,55.606,55.674,214047.83
2025-09-12 12:00:00+00:00,55.674,56.136,55.556,55.975,244889.02
2025-09-12 13:00:00+00:00,55.975,56.519,55.956,56.341,154678.77
2025-09-12 14:00:00+00:00,56.341,56.836,56.074,56.236,229246.13
2025-09-12 15:00:00+00:00,56.236,56.252,54.802,55.391,424747.96
2025-09-12 16:00:00+00:00,55.391,55.774,54.983,55.74,267820.33
2025-09-12 17:00:00+00:00,55.74,56.0,55.337,55.88,202054.34
2025-09-12 18:00:00+00:00,55.88,56.345,55.692,56.328,190522.15
2025-09-12 19:00:00+00:00,56.328,56.547,56.057,56.42,184226.11
2025-09-12 20:00:00+00:00,56.42,56.42,55.609,55.958,245399.63
2025-09-12 21:00:00+00:00,55.958,55.97,55.362,55.454,194697.36
2025-09-12 22:00:00+00:00,55.454,56.04,54.864,55.083,383370.01
2025-09-12 23:00:00+00:00,55.083,55.28,54.73,55.214,204173.52
2025-09-13 00:00:00+00:00,55.214,55.484,54.858,55.139,227753.79
2025-09-13 01:00:00+00:00,55.139,55.599,55.086,55.404,141303.45
2025-09-13 02:00:00+00:00,55.404,55.703,55.205,55.565,94746.99
2025-09-13 03:00:00+00:00,55.565,55.925,55.38,55.88,124578.87
2025-09-13 04:00:00+00:00,55.88,55.894,55.351,55.451,97651.46
2025-09-13 05:00:00+00:00,55.451,55.496,54.884,55.126,449072.21
2025-09-13 06:00:00+00:00,55.126,55.307,54.848,54.989,95800.87
2025-09-13 07:00:00+00:00,54.989,55.163,54.802,55.141,93810.11
2025-09-13 08:00:00+00:00,55.141,55.5,55.14,55.47,98821.79
2025-09-13 09:00:00+00:00,55.47,56.231,55.421,55.974,189549.07
2025-09-13 10:00:00+00:00,55.974,56.22,55.815,55.885,148436.75
2025-09-13 11:00:00+00:00,55.885,56.38,55.605,56.209,159756.59
2025-09-13 12:00:00+00:00,56.209,56.697,55.949,56.682,151391.2
2025-09-13 13:00:00+00:00,56.682,56.848,55.443,55.876,374069.22
2025-09-13 14:00:00+00:00,55.876,56.22,55.44,55.887,279435.93
2025-09-13 15:00:00+00:00,55.887,56.235,55.55,55.704,181097.72
2025-09-13 16:00:00+00:00,55.704,55.891,54.995,55.006,305263.28
2025-09-13 17:00:00+00:00,55.006,55.183,54.508,54.557,320075.11
2025-09-13 18:00:00+00:00,54.557,54.869,54.157,54.831,302197.39
2025-09-13 19:00:00+00:00,54.831,54.978,54.609,54.95,93383.87
2025-09-13 20:00:00+00:00,54.95,55.148,54.568,54.803,190746.42
2025-09-13 21:00:00+00:00,54.803,54.978,54.423,54.591,139891.91
2025-09-13 22:00:00+00:00,54.591,54.591,54.234,54.505,79223.18
2025-09-13 23:00:00+00:00,54.505,54.762,54.425,54.444,92131.19
2025-09-14 00:00:00+00:00,54.444,55.215,54.393,54.893,175630.46
2025-09-14 01:00:00+00:00,54.893,55.301,54.414,55.059,192362.23
2025-09-14 02:00:00+00:00,55.059,55.303,54.566,54.582,210178.78
2025-09-14 03:00:00+00:00,54.582,54.635,53.86,54.004,256338.14
2025-09-14 04:00:00+00:00,54.004,54.512,53.6,54.415,266411.74
2025-09-14 05:00:00+00:00,54.415,54.897,54.321,54.68,110300.0
2025-09-14 06:00:00+00:00,54.68,54.919,54.521,54.919,65872.78
2025-09-14 07:00:00+00:00,54.919,54.941,54.257,54.354,155958.6
2025-09-14 08:00:00+00:00,54.354,54.799,54.271,54.47,111092.66
2025-09-14 09:00:00+00:00,54.47,54.6,54.161,54.539,143725.46
2025-09-14 10:00:00+00:00,54.539,54.694,54.147,54.252,112298.04
2025-09-14 11:00:00+00:00,54.252,54.415,53.8,53.904,118464.88
2025-09-14 12:00:00+00:00,53.904,54.141,53.613,53.732,97170.76
2025-09-14 13:00:00+00:00,53.732,54.187,53.502,54.129,211935.96
2025-09-14 14:00:00+00:00,54.129,54.289,53.523,53.888,173864.87
2025-09-14 15:00:00+00:00,53.888,54.429,53.656,54.011,134963.25
2025-09-14 16:00:00+00:00,54.011,54.918,53.991,54.761,217112.54
2025-09-14 17:00:00+00:00,54.761,54.853,54.269,54.758,119076.3
2025-09-14 18:00:00+00:00,54.758,54.819,54.2,54.328,97654.46
2025-09-14 19:00:00+00:00,54.328,54.644,54.123,54.173,67939.54
2025-09-14 20:00:00+00:00,54.173,54.351,54.026,54.12,48594.07
2025-09-14 21:00:00+00:00,54.12,54.255,53.946,54.148,63152.53
2025-09-14 22:00:00+00:00,54.148,54.274,53.93,54.236,47801.67
2025-09-14 23:00:00+00:00,54.236,54.239,53.526,53.669,110726.49
2025-09-15 00:00:00+00:00,53.669,54.038,53.649,53.712,59569.43
2025-09-15 01:00:00+00:00,53.712,53.879,53.165,53.756,178182.87
2025-09-15 02:00:00+00:00,53.756,54.237,53.74,53.991,76839.01
2025-09-15 03:00:00+00:00,53.991,54.384,53.971,54.282,102339.03
2025-09-15 04:00:00+00:00,54.282,54.619,54.215,54.27,96184.24
2025-09-15 05:00:00+00:00,54.27,54.48,54.0,54.009,79247.33
2025-09-15 06:00:00+00:00,54.009,54.091,53.443,53.533,124642.94
2025-09-15 07:00:00+00:00,53.533,53.898,52.988,53.195,228544.39
2025-09-15 08:00:00+00:00,53.195,53.563,52.657,52.78,347862.42
2025-09-15 09:00:00+00:00,52.78,53.613,52.667,53.57,197677.47
2025-09-15 10:00:00+00:00,53.57,54.052,53.302,53.516,243253.72
2025-09-15 11:00:00+00:00,53.516,53.601,53.212,53.303,88491.63
2025-09-15 12:00:00+00:00,53.303,53.764,52.905,53.044,124791.53
2025-09-15 13:00:00+00:00,53.044,53.226,52.467,52.591,261477.13
2025-09-15 14:00:00+00:00,52.591,53.119,52.231,52.911,212495.63
2025-09-15 15:00:00+00:00,52.911,53.127,52.276,52.645,212429.42
2025-09-15 16:00:00+00:00,52.645,52.915,52.137,52.272,180263.54
2025-09-15 17:00:00+00:00,52.272,52.533,52.03,52.505,189966.77
2025-09-15 18:00:00+00:00,52.505,52.974,52.229,52.809,137350.12
2025-09-15 19:00:00+00:00,52.809,53.638,52.61,53.614,229540.14
2025-09-15 20:00:00+00:00,53.614,53.795,53.345,53.757,163738.04
2025-09-15 21:00:00+00:00,53.757,53.818,53.4,53.53,60074.95
2025-09-15 22:00:00+00:00,53.53,53.699,53.391,53.636,47363.73
2025-09-15 23:00:00+00:00,53.636,54.017,53.579,53.976,64908.48
2025-09-16 00:00:00+00:00,53.976,54.01,53.151,53.295,154655.11
2025-09-16 01:00:00+00:00,53.295,53.769,53.158,53.27,104433.33
2025-09-16 02:00:00+00:00,53.27,53.59,53.172,53.288,48456.41
2025-09-16 03:00:00+00:00,53.288,53.483,53.147,53.226,55774.38
2025-09-16 04:00:00+00:00,53.226,53.482,52.95,53.432,92180.14
2025-09-16 05:00:00+00:00,53.432,53.863,53.358,53.817,74574.96
2025-09-16 06:00:00+00:00,53.817,53.939,53.28,53.365,85853.44
2025-09-16 07:00:00+00:00,53.365,53.517,53.227,53.337,46022.72
2025-09-16 08:00:00+00:00,53.337,53.595,53.148,53.36,73631.38
2025-09-16 09:00:00+00:00,53.36,53.465,53.04,53.217,61575.29
2025-09-16 10:00:00+00:00,53.217,53.32,52.824,52.827,92848.26
2025-09-16 11:00:00+00:00,52.827,52.873,52.385,52.726,193371.19
2025-09-16 12:00:00+00:00,52.726,52.726,52.25,52.344,110532.65
2025-09-16 13:00:00+00:00,52.344,54.045,52.254,53.294,1455687.12
2025-09-16 14:00:00+00:00,53.294,53.764,52.888,53.74,288274.29
2025-09-16 15:00:00+00:00,53.74,54.088,53.454,54.018,195936.35
2025-09-16 16:00:00+00:00,54.018,54.038,53.47,53.648,185361.15
2025-09-16 17:00:00+00:00,53.648,54.144,53.641,54.031,166951.93
2025-09-16 18:00:00+00:00,54.031,54.092,53.821,53.969,83435.41
2025-09-16 19:00:00+00:00,53.969,53.985,53.67,53.844,72510.68
2025-09-16 20:00:00+00:00,53.844,54.067,53.756,53.963,40266.3
2025-09-16 21:00:00+00:00,53.963,54.417,53.952,54.395,98527.97
2025-09-16 22:00:00+00:00,54.395,54.551,54.261,54.396,84022.18
2025-09-16 23:00:00+00:00,54.396,54.588,54.268,54.413,64661.14
2025-09-17 00:00:00+00:00,54.413,54.467,53.988,54.091,79865.92
2025-09-17 01:00:00+00:00,54.091,54.417,53.839,53.94,92722.16
2025-09-17 02:00:00+00:00,53.94,54.787,53.824,54.737,146328.83
2025-09-17 03:00:00+00:00,54.737,54.764,54.067,54.107,121857.15
2025-09-17 04:00:00+00:00,54.107,54.426,53.934,54.187,75208.88
2025-09-17 05:00:00+00:00,54.187,54.761,54.074,54.68,116057.11
2025-09-17 06:00:00+00:00,54.68,55.306,54.608,55.29,207404.27
2025-09-17 07:00:00+00:00,55.29,55.299,54.767,54.968,139135.97
2025-09-17 08:00:00+00:00,54.968,55.109,54.708,55.022,107320.7
2025-09-17 09:00:00+00:00,55.022,55.045,54.74,54.891,71068.77
2025-09-17 10:00:00+00:00,54.891,55.249,54.706,54.994,202070.42
2025-09-17 11:00:00+00:00,54.994,55.542,54.927,55.253,216578.58
2025-09-17 12:00:00+00:00,55.253,55.506,54.912,55.11,135164.24
2025-09-17 13:00:00+00:00,55.11,55.411,54.726,55.052,119229.3
2025-09-17 14:00:00+00:00,55.052,55.273,54.756,55.073,124115.99
2025-09-17 15:00:00+00:00,55.073,55.2,54.604,54.609,202041.96
2025-09-17 16:00:00+00:00,54.609,54.943,54.278,54.924,159513.51
2025-09-17 17:00:00+00:00,54.924,55.716,54.877,54.901,312177.44
2025-09-17 18:00:00+00:00,54.901,55.894,54.578,54.742,700609.01
2025-09-17 19:00:00+00:00,54.742,55.73,54.704,55.476,284553.84
2025-09-17 20:00:00+00:00,55.476,56.374,55.461,56.033,237379.12
2025-09-17 21:00:00+00:00,56.033,56.986,55.645,56.923,193597.6
2025-09-17 22:00:00+00:00,56.923,57.786,56.853,57.524,377940.12
2025-09-17 23:00:00+00:00,57.524,57.98,57.348,57.731,401447.58
2025-09-18 00:00:00+00:00,57.731,58.747,57.677,58.573,397866.52
2025-09-18 01:00:00+00:00,58.573,59.45,58.333,58.78,362658.11
2025-09-18 02:00:00+00:00,58.78,59.025,58.186,59.022,259538.69
2025-09-18 03:00:00+00:00,59.022,59.375,58.772,58.981,243119.66
2025-09-18 04:00:00+00:00,58.981,59.04,58.343,58.628,126785.45
2025-09-18 05:00:00+00:00,58.628,58.777,58.206,58.388,170289.31
2025-09-18 06:00:00+00:00,58.388,58.436,58.019,58.276,151754.45
2025-09-18 07:00:00+00:00,58.276,58.758,58.242,58.324,99171.94
2025-09-18 08:00:00+00:00,58.324,58.599,57.984,58.44,244079.49
2025-09-18 09:00:00+00:00,58.44,58.709,58.273,58.544,70207.63
2025-09-18 10:00:00+00:00,58.544,58.547,57.574,57.897,232822.44
2025-09-18 11:00:00+00:00,57.897,58.284,57.687,57.761,136979.83
2025-09-18 12:00:00+00:00,57.761,57.89,57.42,57.448,176444.19
2025-09-18 13:00:00+00:00,57.448,57.944,57.264,57.695,225971.28
2025-09-18 14:00:00+00:00,57.695,58.254,57.642,57.918,171947.91
2025-09-18 15:00:00+00:00,57.918,58.036,57.571,57.78,100254.99
2025-09-18 16:00:00+00:00,57.78,58.038,57.622,57.997,104504.71
2025-09-18 17:00:00+00:00,57.997,58.299,57.841,58.295,101963.72
2025-09-18 18:00:00+00:00,58.295,59.099,58.231,58.93,261380.17
2025-09-18 19:00:00+00:00,58.93,58.932,58.253,58.606,123843.22
2025-09-18 20:00:00+00:00,58.606,58.925,58.388,58.44,155006.84
2025-09-18 21:00:00+00:00,58.44,58.454,57.794,58.094,167200.51
2025-09-18 22:00:00+00:00,58.094,58.334,57.848,58.171,110171.72
2025-09-18 23:00:00+00:00,58.171,58.615,57.824,58.615,148332.12
2025-09-19 00:00:00+00:00,58.615,59.259,58.319,58.444,288683.94
2025-09-19 01:00:00+00:00,58.444,58.515,57.858,57.903,107969.3
2025-09-19 02:00:00+00:00,57.903,58.049,57.519,57.735,152855.73
2025-09-19 03:00:00+00:00,57.735,57.773,57.026,57.198,238216.24
2025-09-19 04:00:00+00:00,57.198,57.459,56.932,57.279,227521.77
2025-09-19 05:00:00+00:00,57.279,57.342,56.612,56.875,275248.95
2025-09-19 06:00:00+00:00,56.875,56.903,56.219,56.249,232161.25
2025-09-19 07:00:00+00:00,56.249,56.936,56.249,56.323,217142.82
2025-09-19 08:00:00+00:00,56.323,56.82,56.299,56.312,174133.6
2025-09-19 09:00:00+00:00,56.312,56.475,55.959,56.004,220642.62
2025-09-19 10:00:00+00:00,56.004,56.27,55.749,56.118,206689.2
2025-09-19 11:00:00+00:00,56.118,56.193,55.625,55.831,183897.68
2025-09-19 12:00:00+00:00,55.831,56.39,55.765,56.163,187308.22
2025-09-19 13:00:00+00:00,56.163,57.122,56.036,56.805,391570.51
2025-09-19 14:00:00+00:00,56.805,56.913,55.656,55.914,383733.3
2025-09-19 15:00:00+00:00,55.914,56.455,55.175,56.061,483710.07
2025-09-19 16:00:00+00:00,56.061,56.412,55.849,56.16,204229.41
2025-09-19 17:00:00+00:00,56.16,56.185,55.572,55.787,186731.95
2025-09-19 18:00:00+00:00,55.787,56.056,55.629,56.0,75816.42
2025-09-19 19:00:00+00:00,56.0,56.282,55.828,55.887,86268.36
2025-09-19 20:00:00+00:00,55.887,56.269,55.88,56.109,70523.45
2025-09-19 21:00:00+00:00,56.109,56.298,55.969,56.211,49680.98
2025-09-19 22:00:00+00:00,56.211,56.354,56.183,56.315,57573.81
2025-09-19 23:00:00+00:00,56.315,56.342,55.784,56.13,80276.32
2025-09-20 00:00:00+00:00,56.13,56.361,55.886,56.253,89919.35
2025-09-20 01:00:00+00:00,56.253,56.254,55.755,55.825,79782.41
2025-09-20 02:00:00+00:00,55.825,56.298,55.573,56.1,96519.89
2025-09-20 03:00:00+00:00,56.1,56.13,55.761,55.999,87052.38
2025-09-20 04:00:00+00:00,55.999,56.313,55.856,56.22,91736.37
2025-09-20 05:00:00+00:00,56.22,56.451,56.06,56.44,54040.09
2025-09-20 06:00:00+00:00,56.44,56.626,56.284,56.531,92547.19
2025-09-20 07:00:00+00:00,56.531,56.64,56.346,56.583,112282.09
2025-09-20 08:00:00+00:00,56.583,56.598,56.101,56.16,87741.01
2025-09-20 09:00:00+00:00,56.16,56.394,55.86,55.874,80106.86
2025-09-20 10:00:00+00:00,55.874,56.027,55.527,55.581,119181.6
2025-09-20 11:00:00+00:00,55.581,55.842,55.402,55.416,115404.98
2025-09-20 12:00:00+00:00,55.416,55.545,55.064,55.355,172661.42
2025-09-20 13:00:00+00:00,55.355,55.474,55.17,55.37,73903.08
2025-09-20 14:00:00+00:00,55.37,55.605,54.762,55.52,328824.7
2025-09-20 15:00:00+00:00,55.52,55.973,55.454,55.632,144564.07
2025-09-20 16:00:00+00:00,55.632,55.972,55.4,55.875,136349.36
2025-09-20 17:00:00+00:00,55.875,55.911,54.541,54.634,227046.41
2025-09-20 18:00:00+00:00,54.634,54.736,53.961,54.022,311877.13
2025-09-20 19:00:00+00:00,54.022,54.4,53.826,54.285,199805.22
2025-09-20 20:00:00+00:00,54.285,54.808,54.16,54.723,202070.89
2025-09-20 21:00:00+00:00,54.723,54.903,54.497,54.514,82199.25
2025-09-20 22:00:00+00:00,54.514,54.599,54.104,54.174,125361.81
2025-09-20 23:00:00+00:00,54.174,54.234,54.001,54.226,64053.69
2025-09-21 00:00:00+00:00,54.226,54.288,53.601,54.012,206728.29
2025-09-21 01:00:00+00:00,54.012,54.128,53.76,53.847,72158.2
2025-09-21 02:00:00+00:00,53.847,54.258,53.712,54.128,157704.75
2025-09-21 03:00:00+00:00,54.128,54.255,54.011,54.179,81419.43
2025-09-21 04:00:00+00:00,54.179,54.226,53.964,54.207,63280.11
2025-09-21 05:00:00+00:00,54.207,54.36,54.144,54.273,52559.23
2025-09-21 06:00:00+00:00,54.273,54.304,53.916,53.921,116073.36
2025-09-21 07:00:00+00:00,53.921,54.038,53.508,53.617,223044.95
2025-09-21 08:00:00+00:00,53.617,53.777,53.154,53.266,243794.83
2025-09-21 09:00:00+00:00,53.266,53.375,52.832,52.873,278413.9
2025-09-21 10:00:00+00:00,52.873,53.069,52.201,52.233,543382.2
2025-09-21 11:00:00+00:00,52.233,52.721,52.17,52.472,312319.68
2025-09-21 12:00:00+00:00,52.472,52.782,52.4,52.7,136450.98
2025-09-21 13:00:00+00:00,52.7,52.897,52.602,52.811,140641.78
2025-09-21 14:00:00+00:00,52.811,52.933,52.31,52.365,138428.11
2025-09-21 15:00:00+00:00,52.365,52.536,51.616,52.01,426730.42
2025-09-21 16:00:00+00:00,52.01,52.452,51.01,51.238,574401.46
2025-09-21 17:00:00+00:00,51.238,51.738,50.629,51.566,772978.17
2025-09-21 18:00:00+00:00,51.566,52.243,51.32,51.952,435604.96
2025-09-21 19:00:00+00:00,51.952,52.18,51.632,52.166,193368.73
2025-09-21 20:00:00+00:00,52.166,52.2,51.761,51.816,135637.06
2025-09-21 21:00:00+00:00,51.816,51.891,51.481,51.56,92986.26
2025-09-21 22:00:00+00:00,51.56,51.699,51.28,51.592,187339.2
2025-09-21 23:00:00+00:00,51.592,51.592,50.8,50.884,382750.43
2025-09-22 00:00:00+00:00,50.884,51.324,49.486,50.027,1070327.51
2025-09-22 01:00:00+00:00,50.027,50.31,49.51,49.759,612342.09
2025-09-22 02:00:00+00:00,49.759,50.108,49.06,49.555,688382.96
2025-09-22 03:00:00+00:00,49.555,49.779,49.296,49.761,220052.76
2025-09-22 04:00:00+00:00,49.761,50.3,49.487,50.117,315092.33
2025-09-22 05:00:00+00:00,50.117,50.268,48.467,48.513,559909.42
2025-09-22 06:00:00+00:00,48.513,49.5,45.94,49.35,2433209.59
2025-09-22 07:00:00+00:00,49.35,49.355,48.275,48.551,541714.26
2025-09-22 08:00:00+00:00,48.551,49.405,48.479,49.266,361202.04
2025-09-22 09:00:00+00:00,49.266,49.336,48.594,48.753,344579.45
2025-09-22 10:00:00+00:00,48.753,49.405,48.502,49.34,241880.25
2025-09-22 11:00:00+00:00,49.34,49.437,48.592,48.857,331598.38
2025-09-22 12:00:00+00:00,48.857,49.275,48.597,49.069,285836.43
2025-09-22 13:00:00+00:00,49.069,49.952,48.92,49.92,379411.52
2025-09-22 14:00:00+00:00,49.92,50.23,49.136,49.17,449347.51
2025-09-22 15:00:00+00:00,49.17,49.3,48.169,48.33,509074.07
2025-09-22 16:00:00+00:00,48.33,48.6,47.747,47.87,450643.34
2025-09-22 17:00:00+00:00,47.87,48.585,47.54,48.033,426034.47
2025-09-22 18:00:00+00:00,48.033,48.227,47.682,47.874,279927.09
2025-09-22 19:00:00+00:00,47.874,47.932,46.996,47.143,338152.41
2025-09-22 20:00:00+00:00,47.143,47.88,46.854,47.869,324074.33
2025-09-22 21:00:00+00:00,47.869,48.036,47.663,47.893,124253.78
2025-09-22 22:00:00+00:00,47.893,47.955,47.281,47.314,156027.85
2025-09-22 23:00:00+00:00,47.314,47.553,47.173,47.265,119472.91
2025-09-23 00:00:00+00:00,47.265,47.36,46.245,46.478,331305.96
2025-09-23 01:00:00+00:00,46.478,46.566,46.1,46.13,224561.95
2025-09-23 02:00:00+00:00,46.13,46.281,45.501,45.509,499202.59
2025-09-23 03:00:00+00:00,45.509,46.7,45.293,46.099,499076.48
2025-09-23 04:00:00+00:00,46.099,46.702,45.923,46.445,245199.6
2025-09-23 05:00:00+00:00,46.445,48.226,46.319,47.957,463354.95
2025-09-23 06:00:00+00:00,47.957,48.86,47.867,48.654,375467.23
2025-09-23 07:00:00+00:00,48.654,48.733,48.12,48.635,209429.21
2025-09-23 08:00:00+00:00,48.635,48.882,48.358,48.684,213510.27
2025-09-23 09:00:00+00:00,48.684,48.909,47.819,48.035,354286.24
2025-09-23 10:00:00+00:00,48.035,48.263,47.89,48.15,153526.46
2025-09-23 11:00:00+00:00,48.15,48.157,47.675,48.026,134562.57
2025-09-23 12:00:00+00:00,48.026,48.05,47.426,47.623,231273.65
2025-09-23 13:00:00+00:00,47.623,48.0,47.236,47.849,325728.17
2025-09-23 14:00:00+00:00,47.849,48.576,47.053,47.075,396388.64
2025-09-23 15:00:00+00:00,47.075,47.61,46.801,47.312,343829.22
2025-09-23 16:00:00+00:00,47.312,47.708,47.06,47.427,173371.7
2025-09-23 17:00:00+00:00,47.427,47.505,46.464,46.562,356442.69
2025-09-23 18:00:00+00:00,46.562,46.664,45.033,45.138,777551.36
2025-09-23 19:00:00+00:00,45.138,46.059,44.47,44.581,633310.75
2025-09-23 20:00:00+00:00,44.581,45.444,44.58,45.392,358886.36
2025-09-23 21:00:00+00:00,45.392,45.606,44.992,45.031,232731.62
2025-09-23 22:00:00+00:00,45.031,45.441,44.83,45.264,279035.57
2025-09-23 23:00:00+00:00,45.264,45.27,44.36,44.652,313159.02
2025-09-24 00:00:00+00:00,44.652,45.304,44.33,44.708,341525.54
2025-09-24 01:00:00+00:00,44.708,45.579,44.554,45.554,247666.43
2025-09-24 02:00:00+00:00,45.554,45.68,44.884,45.144,272591.33
2025-09-24 03:00:00+00:00,45.144,45.199,44.067,44.16,399654.29
2025-09-24 04:00:00+00:00,44.16,44.536,43.591,43.97,960788.24
2025-09-24 05:00:00+00:00,43.97,44.832,43.876,44.462,299613.51
2025-09-24 06:00:00+00:00,44.462,45.192,44.376,45.136,433118.32
2025-09-24 07:00:00+00:00,45.136,45.136,44.12,44.504,327540.59
2025-09-24 08:00:00+00:00,44.504,44.633,43.303,43.63,670828.73
2025-09-24 09:00:00+00:00,43.63,44.573,43.268,44.536,480812.47
2025-09-24 10:00:00+00:00,44.536,44.995,44.228,44.685,519188.46
2025-09-24 11:00:00+00:00,44.685,46.05,44.485,45.895,679269.93
2025-09-24 12:00:00+00:00,45.895,46.467,45.47,45.56,675696.71
2025-09-24 13:00:00+00:00,45.56,45.838,44.612,44.641,451379.06
2025-09-24 14:00:00+00:00,44.641,46.831,44.625,46.36,592785.56
2025-09-24 15:00:00+00:00,46.36,46.509,45.184,45.285,418841.37
2025-09-24 16:00:00+00:00,45.285,45.463,44.856,44.974,274514.53
2025-09-24 17:00:00+00:00,44.974,45.702,44.925,45.595,382654.92
2025-09-24 18:00:00+00:00,45.595,45.771,45.131,45.538,270647.26
2025-09-24 19:00:00+00:00,45.538,46.164,45.489,45.998,388858.55
2025-09-24 20:00:00+00:00,45.998,46.323,45.857,46.18,148295.42
2025-09-24 21:00:00+00:00,46.18,46.377,45.516,45.616,135498.26
2025-09-24 22:00:00+00:00,45.616,46.343,45.596,45.997,169240.7
2025-09-24 23:00:00+00:00,45.997,46.296,45.298,45.666,233592.85
2025-09-25 00:00:00+00:00,45.666,46.027,45.374,45.542,188802.37
2025-09-25 01:00:00+00:00,45.542,45.77,44.653,44.7,333114.44
2025-09-25 02:00:00+00:00,44.7,44.872,43.93,44.013,574038.83
2025-09-25 03:00:00+00:00,44.013,44.101,42.857,43.43,783739.48
2025-09-25 04:00:00+00:00,43.43,43.828,42.573,42.957,872278.08
2025-09-25 05:00:00+00:00,42.957,43.531,42.59,42.984,517223.7
2025-09-25 06:00:00+00:00,42.984,43.094,42.269,42.312,477719.71
2025-09-25 07:00:00+00:00,42.312,42.91,42.167,42.206,541507.36
2025-09-25 08:00:00+00:00,42.206,42.96,42.13,42.822,370319.26
2025-09-25 09:00:00+00:00,42.822,43.626,42.697,42.98,364687.23
2025-09-25 10:00:00+00:00,42.98,43.392,42.433,42.481,372710.67
2025-09-25 11:00:00+00:00,42.481,42.626,41.647,41.826,743940.74
2025-09-25 12:00:00+00:00,41.826,41.892,40.801,41.37,1300161.44
2025-09-25 13:00:00+00:00,41.37,42.104,40.736,41.812,849010.58
2025-09-25 14:00:00+00:00,41.812,42.468,41.357,41.517,593228.96
2025-09-25 15:00:00+00:00,41.517,41.728,40.873,41.723,552972.02
2025-09-25 16:00:00+00:00,41.723,42.216,41.325,41.499,436834.14
2025-09-25 17:00:00+00:00,41.499,42.206,41.157,41.951,709105.97
2025-09-25 18:00:00+00:00,41.951,43.107,41.565,43.096,746461.43
2025-09-25 19:00:00+00:00,43.096,43.103,42.201,42.347,375246.87
2025-09-25 20:00:00+00:00,42.347,42.366,41.25,41.722,460930.48
2025-09-25 21:00:00+00:00,41.722,43.482,41.176,41.762,834321.64
2025-09-25 22:00:00+00:00,41.762,42.044,40.475,41.1,651188.36
2025-09-25 23:00:00+00:00,41.1,41.426,39.703,40.4,867305.16
2025-09-26 00:00:00+00:00,40.4,42.153,40.37,42.074,533825.79
2025-09-26 01:00:00+00:00,42.074,42.728,41.987,42.28,440748.62
2025-09-26 02:00:00+00:00,42.28,43.023,42.196,42.525,317279.06
2025-09-26 03:00:00+00:00,42.525,43.33,42.43,42.932,346217.89
2025-09-26 04:00:00+00:00,42.932,43.326,42.211,42.291,417442.82
2025-09-26 05:00:00+00:00,42.291,42.818,41.866,42.09,291814.96
2025-09-26 06:00:00+00:00,42.09,42.483,41.716,41.956,288632.69
2025-09-26 07:00:00+00:00,41.956,42.516,41.888,42.478,177041.23
2025-09-26 08:00:00+00:00,42.478,42.771,42.292,42.46,266136.1
2025-09-26 09:00:00+00:00,42.46,42.626,41.868,42.188,209955.71
2025-09-26 10:00:00+00:00,42.188,42.241,41.206,41.235,438641.07
2025-09-26 11:00:00+00:00,41.235,41.293,40.749,41.123,431930.31
2025-09-26 12:00:00+00:00,41.123,42.632,40.907,42.493,556864.95
2025-09-26 13:00:00+00:00,42.493,43.688,42.214,43.461,563726.36
2025-09-26 14:00:00+00:00,43.461,43.621,42.644,43.207,489935.05
2025-09-26 15:00:00+00:00,43.207,44.333,43.12,44.246,506531.27
2025-09-26 16:00:00+00:00,44.246,44.967,44.081,44.627,500215.32
2025-09-26 17:00:00+00:00,44.627,45.417,44.451,45.078,445070.41
2025-09-26 18:00:00+00:00,45.078,45.66,44.828,45.569,374795.67
2025-09-26 19:00:00+00:00,45.569,45.596,44.702,44.853,307704.92
2025-09-26 20:00:00+00:00,44.853,45.327,44.421,44.528,284464.87
2025-09-26 21:00:00+00:00,44.528,44.759,44.29,44.315,196771.89
2025-09-26 22:00:00+00:00,44.315,44.838,44.135,44.649,224254.37
2025-09-26 23:00:00+00:00,44.649,45.035,44.39,44.811,138798.57
2025-09-27 00:00:00+00:00,44.811,45.444,44.722,45.436,199573.41
2025-09-27 01:00:00+00:00,45.436,45.477,44.576,44.813,249670.71
2025-09-27 02:00:00+00:00,44.813,44.894,44.265,44.271,127622.47
2025-09-27 03:00:00+00:00,44.271,44.564,43.864,43.869,237187.89
2025-09-27 04:00:00+00:00,43.869,44.239,43.65,44.22,255255.68
2025-09-27 05:00:00+00:00,44.22,44.746,43.988,44.704,179247.57
2025-09-27 06:00:00+00:00,44.704,44.833,44.454,44.818,140887.01
2025-09-27 07:00:00+00:00,44.818,44.947,44.361,44.513,131236.34
2025-09-27 08:00:00+00:00,44.513,44.603,43.529,43.535,302344.93
2025-09-27 09:00:00+00:00,43.535,43.773,43.067,43.661,520908.25
2025-09-27 10:00:00+00:00,43.661,43.932,43.344,43.829,127247.28
2025-09-27 11:00:00+00:00,43.829,44.083,43.689,43.708,133125.8
2025-09-27 12:00:00+00:00,43.708,44.165,43.332,44.016,243976.49
2025-09-27 13:00:00+00:00,44.016,45.847,43.962,45.063,531227.88
2025-09-27 14:00:00+00:00,45.063,45.493,44.842,45.016,222117.52
2025-09-27 15:00:00+00:00,45.016,45.875,44.658,45.795,281889.27
2025-09-27 16:00:00+00:00,45.795,45.858,45.238,45.399,270117.56
2025-09-27 17:00:00+00:00,45.399,45.956,45.103,45.92,145508.41
2025-09-27 18:00:00+00:00,45.92,45.941,45.334,45.494,110758.15
2025-09-27 19:00:00+00:00,45.494,45.733,45.189,45.656,106725.91
2025-09-27 20:00:00+00:00,45.656,46.189,45.552,45.668,283519.08
2025-09-27 21:00:00+00:00,45.668,46.108,45.489,45.811,91409.78
2025-09-27 22:00:00+00:00,45.811,46.585,45.755,46.008,272571.72
2025-09-27 23:00:00+00:00,46.008,46.222,45.259,45.754,263031.77
2025-09-28 00:00:00+00:00,45.754,45.885,45.406,45.47,191456.95
2025-09-28 01:00:00+00:00,45.47,45.687,45.071,45.085,127500.8
2025-09-28 02:00:00+00:00,45.085,45.298,44.912,45.16,116395.86
2025-09-28 03:00:00+00:00,45.16,45.35,44.466,44.774,230608.52
2025-09-28 04:00:00+00:00,44.774,44.92,44.602,44.7,49788.81
2025-09-28 05:00:00+00:00,44.7,44.876,44.377,44.468,95434.06
2025-09-28 06:00:00+00:00,44.468,44.531,44.17,44.529,116821.91
2025-09-28 07:00:00+00:00,44.529,44.86,44.336,44.836,104681.6
2025-09-28 08:00:00+00:00,44.836,44.995,44.256,44.265,169433.76
2025-09-28 09:00:00+00:00,44.265,44.402,43.784,44.003,232997.45
2025-09-28 10:00:00+00:00,44.003,44.008,43.721,43.98,159359.38
2025-09-28 11:00:00+00:00,43.98,44.041,43.411,43.611,182751.23
2025-09-28 12:00:00+00:00,43.611,43.65,42.874,43.204,293750.37
2025-09-28 13:00:00+00:00,43.204,43.801,43.158,43.746,209854.54
2025-09-28 14:00:00+00:00,43.746,44.243,43.478,44.224,175001.79
2025-09-28 15:00:00+00:00,44.224,44.565,44.062,44.55,185953.93
2025-09-28 16:00:00+00:00,44.55,45.345,44.528,45.261,664900.54
2025-09-28 17:00:00+00:00,45.261,46.007,45.18,45.692,434794.0
2025-09-28 18:00:00+00:00,45.692,45.935,45.462,45.915,97550.48
2025-09-28 19:00:00+00:00,45.915,45.998,45.297,45.688,143065.28
2025-09-28 20:00:00+00:00,45.688,46.95,45.555,46.578,347202.38
2025-09-28 21:00:00+00:00,46.578,47.182,46.232,46.454,259771.57
2025-09-28 22:00:00+00:00,46.454,47.182,46.41,47.132,450851.07
2025-09-28 23:00:00+00:00,47.132,47.316,46.684,47.162,169971.17
2025-09-29 00:00:00+00:00,47.162,47.2,46.362,46.855,330415.29
2025-09-29 01:00:00+00:00,46.855,47.53,46.746,47.007,213489.06
2025-09-29 02:00:00+00:00,47.007,47.5,46.949,47.428,142008.1
2025-09-29 03:00:00+00:00,47.428,47.454,46.684,47.355,199727.68
2025-09-29 04:00:00+00:00,47.355,47.769,46.975,47.04,310646.59
2025-09-29 05:00:00+00:00,47.04,47.209,46.665,46.987,182290.29
2025-09-29 06:00:00+00:00,46.987,47.15,46.684,46.998,152327.31
2025-09-29 07:00:00+00:00,46.998,47.958,46.77,47.744,245432.32
2025-09-29 08:00:00+00:00,47.744,48.096,47.398,47.972,303213.27
2025-09-29 09:00:00+00:00,47.972,48.131,47.176,47.216,203720.48
2025-09-29 10:00:00+00:00,47.216,47.339,46.55,46.606,203065.89
2025-09-29 11:00:00+00:00,46.606,46.766,45.913,46.26,476396.36
2025-09-29 12:00:00+00:00,46.26,46.635,45.931,46.059,232992.21
2025-09-29 13:00:00+00:00,46.059,47.252,45.745,46.95,549339.5
2025-09-29 14:00:00+00:00,46.95,47.853,46.728,47.577,512274.36
2025-09-29 15:00:00+00:00,47.577,47.802,46.508,46.656,222362.62
2025-09-29 16:00:00+00:00,46.656,47.154,46.091,46.113,226245.32
2025-09-29 17:00:00+00:00,46.113,46.179,44.956,45.559,699614.59
2025-09-29 18:00:00+00:00,45.559,45.842,45.217,45.829,125793.66
2025-09-29 19:00:00+00:00,45.829,46.081,45.609,46.036,155469.11
2025-09-29 20:00:00+00:00,46.036,47.099,45.937,46.863,346778.82
2025-09-29 21:00:00+00:00,46.863,46.988,46.463,46.608,104245.79
2025-09-29 22:00:00+00:00,46.608,46.667,46.289,46.54,93108.12
2025-09-29 23:00:00+00:00,46.54,46.561,46.05,46.174,131257.52
2025-09-30 00:00:00+00:00,46.174,46.291,45.506,45.622,198056.92
2025-09-30 01:00:00+00:00,45.622,45.913,44.857,45.047,329142.85
2025-09-30 02:00:00+00:00,45.047,45.598,44.962,45.022,209688.3
2025-09-30 03:00:00+00:00,45.022,45.283,44.52,44.663,199581.7
2025-09-30 04:00:00+00:00,44.663,44.867,44.32,44.485,250803.16
2025-09-30 05:00:00+00:00,44.485,44.998,44.361,44.813,220049.46
2025-09-30 06:00:00+00:00,44.813,45.256,44.584,45.135,170127.35
2025-09-30 07:00:00+00:00,45.135,45.316,44.664,44.99,210143.67
2025-09-30 08:00:00+00:00,44.99,45.25,44.6,44.631,237148.91
2025-09-30 09:00:00+00:00,44.631,44.707,43.628,44.106,626399.94
2025-09-30 10:00:00+00:00,44.106,45.65,44.023,45.484,426712.47
2025-09-30 11:00:00+00:00,45.484,45.692,45.132,45.649,302224.09
2025-09-30 12:00:00+00:00,45.649,45.656,44.835,44.937,215821.24
2025-09-30 13:00:00+00:00,44.937,45.522,44.609,44.927,344552.67
2025-09-30 14:00:00+00:00,44.927,45.127,44.537,44.779,271302.5
2025-09-30 15:00:00+00:00,44.779,44.807,43.495,43.852,560399.2
2025-09-30 16:00:00+00:00,43.852,44.099,43.515,43.918,250239.17
2025-09-30 17:00:00+00:00,43.918,45.601,43.735,44.952,650401.36
2025-09-30 18:00:00+00:00,44.952,45.585,44.668,44.884,307212.41
2025-09-30 19:00:00+00:00,44.884,45.752,44.453,45.495,359391.44
2025-09-30 20:00:00+00:00,45.495,46.483,45.2,46.264,261742.44
2025-09-30 21:00:00+00:00,46.264,46.36,45.477,45.48,197237.82
2025-09-30 22:00:00+00:00,45.48,45.794,45.027,45.068,152368.9
2025-09-30 23:00:00+00:00,45.068,45.336,44.84,45.211,180755.34
2025-10-01 00:00:00+00:00,45.211,45.58,44.557,45.088,239215.03
2025-10-01 01:00:00+00:00,45.088,45.846,44.9,45.776,136404.34
2025-10-01 02:00:00+00:00,45.776,45.88,45.264,45.4,170710.8
2025-10-01 03:00:00+00:00,45.4,45.554,44.703,44.955,179439.35
2025-10-01 04:00:00+00:00,44.955,45.43,44.826,44.896,152051.64
2025-10-01 05:00:00+00:00,44.896,45.328,44.796,44.88,131810.02
2025-10-01 06:00:00+00:00,44.88,44.994,44.592,44.749,103068.16
2025-10-01 07:00:00+00:00,44.749,45.7,44.708,45.69,117350.47
2025-10-01 08:00:00+00:00,45.69,47.061,45.577,46.76,415264.77
2025-10-01 09:00:00+00:00,46.76,47.294,46.136,46.928,528564.63
2025-10-01 10:00:00+00:00,46.928,47.121,46.502,46.775,147664.42
2025-10-01 11:00:00+00:00,46.775,47.691,46.682,47.57,183452.13
2025-10-01 12:00:00+00:00,47.57,47.656,47.243,47.294,206660.88
2025-10-01 13:00:00+00:00,47.294,47.88,47.29,47.697,168833.8
2025-10-01 14:00:00+00:00,47.697,48.108,47.142,47.263,295079.58
2025-10-01 15:00:00+00:00,47.263,47.599,46.854,47.227,233773.74
2025-10-01 16:00:00+00:00,47.227,48.006,47.119,47.323,209427.7
2025-10-01 17:00:00+00:00,47.323,47.489,46.627,46.936,250830.41
2025-10-01 18:00:00+00:00,46.936,47.13,46.661,46.927,130692.01
2025-10-01 19:00:00+00:00,46.927,47.345,46.859,47.101,81763.95
2025-10-01 20:00:00+00:00,47.101,47.183,46.603,46.698,129998.39
2025-10-01 21:00:00+00:00,46.698,46.811,46.304,46.785,129038.3
2025-10-01 22:00:00+00:00,46.785,47.25,46.631,47.031,176656.24
2025-10-01 23:00:00+00:00,47.031,47.269,46.808,47.22,96734.83
2025-10-02 00:00:00+00:00,47.22,47.984,46.972,47.139,290685.05
2025-10-02 01:00:00+00:00,47.139,48.829,47.042,48.667,414448.95
2025-10-02 02:00:00+00:00,48.667,48.83,48.109,48.32,251022.06
2025-10-02 03:00:00+00:00,48.32,49.364,48.275,49.353,271471.61
2025-10-02 04:00:00+00:00,49.353,49.622,48.786,49.344,262003.69
2025-10-02 05:00:00+00:00,49.344,49.73,49.041,49.07,229257.24
2025-10-02 06:00:00+00:00,49.07,49.568,48.9,49.19,198713.53
2025-10-02 07:00:00+00:00,49.19,49.222,48.557,48.792,156979.15
2025-10-02 08:00:00+00:00,48.792,49.239,48.655,49.225,214893.73
2025-10-02 09:00:00+00:00,49.225,49.99,48.977,49.435,218184.21
2025-10-02 10:00:00+00:00,49.435,49.54,49.128,49.402,148058.02
2025-10-02 11:00:00+00:00,49.402,49.847,49.328,49.586,153629.44
2025-10-02 12:00:00+00:00,49.586,49.902,49.383,49.684,183138.22
2025-10-02 13:00:00+00:00,49.684,49.706,48.901,49.083,214456.4
2025-10-02 14:00:00+00:00,49.083,49.098,48.549,48.784,387132.24
2025-10-02 15:00:00+00:00,48.784,49.354,48.557,49.176,273405.45
2025-10-02 16:00:00+00:00,49.176,49.86,49.061,49.162,314397.09
2025-10-02 17:00:00+00:00,49.162,49.924,48.936,49.807,308542.6
2025-10-02 18:00:00+00:00,49.807,50.436,49.757,50.015,336437.03
2025-10-02 19:00:00+00:00,50.015,51.085,49.989,50.853,255555.16
2025-10-02 20:00:00+00:00,50.853,50.869,50.086,50.711,232484.33
2025-10-02 21:00:00+00:00,50.711,50.904,49.988,50.134,167535.16
2025-10-02 22:00:00+00:00,50.134,50.482,49.908,50.125,113692.69
2025-10-02 23:00:00+00:00,50.125,50.87,50.102,50.822,135455.07
2025-10-03 00:00:00+00:00,50.822,50.825,50.244,50.478,123116.0
2025-10-03 01:00:00+00:00,50.478,50.717,49.625,49.714,229625.98
2025-10-03 02:00:00+00:00,49.714,50.6,49.681,50.588,101592.25
2025-10-03 03:00:00+00:00,50.588,50.812,50.045,50.102,157298.53
2025-10-03 04:00:00+00:00,50.102,50.37,49.52,50.315,211224.23
2025-10-03 05:00:00+00:00,50.315,50.36,49.914,50.104,131766.75
2025-10-03 06:00:00+00:00,50.104,50.383,49.643,49.773,113401.64
2025-10-03 07:00:00+00:00,49.773,49.955,49.306,49.513,173378.44
2025-10-03 08:00:00+00:00,49.513,49.662,48.484,49.071,513352.13
2025-10-03 09:00:00+00:00,49.071,49.483,48.837,49.338,204458.73
2025-10-03 10:00:00+00:00,49.338,49.916,49.204,49.911,164255.29
2025-10-03 11:00:00+00:00,49.911,49.912,49.16,49.477,208451.46
2025-10-03 12:00:00+00:00,49.477,49.643,48.861,49.047,183816.09
2025-10-03 13:00:00+00:00,49.047,49.285,48.72,48.901,171804.17
2025-10-03 14:00:00+00:00,48.901,49.672,48.439,49.308,276909.92
2025-10-03 15:00:00+00:00,49.308,50.725,48.964,50.427,365273.83
2025-10-03 16:00:00+00:00,50.427,50.893,50.042,50.11,459304.28
2025-10-03 17:00:00+00:00,50.11,50.88,49.598,50.02,543364.33
2025-10-03 18:00:00+00:00,50.02,50.566,49.612,50.198,187538.21
2025-10-03 19:00:00+00:00,50.198,50.334,49.707,49.986,173793.88
2025-10-03 20:00:00+00:00,49.986,50.153,49.627,50.058,140081.3
2025-10-03 21:00:00+00:00,50.058,50.083,49.689,49.771,107112.09
2025-10-03 22:00:00+00:00,49.771,50.091,49.655,50.02,119488.65
2025-10-03 23:00:00+00:00,50.02,50.02,49.291,49.407,144552.98
2025-10-04 00:00:00+00:00,49.407,49.575,48.762,48.934,294494.97
2025-10-04 01:00:00+00:00,48.934,49.05,48.591,48.719,143267.32
2025-10-04 02:00:00+00:00,48.719,49.097,48.605,49.007,89143.26
2025-10-04 03:00:00+00:00,49.007,49.172,48.826,48.953,70258.93
2025-10-04 04:00:00+00:00,48.953,49.138,48.759,48.95,73156.14
2025-10-04 05:00:00+00:00,48.95,49.253,48.636,48.702,133496.46
2025-10-04 06:00:00+00:00,48.702,49.141,48.539,48.996,134591.41
2025-10-04 07:00:00+00:00,48.996,49.14,48.614,48.673,71825.39
2025-10-04 08:00:00+00:00,48.673,48.877,48.103,48.228,308107.83
2025-10-04 09:00:00+00:00,48.228,48.53,48.22,48.27,121847.48
2025-10-04 10:00:00+00:00,48.27,48.654,48.001,48.056,112695.27
2025-10-04 11:00:00+00:00,48.056,48.289,47.721,48.197,298545.09
2025-10-04 12:00:00+00:00,48.197,48.481,48.012,48.13,129971.1
2025-10-04 13:00:00+00:00,48.13,48.784,48.098,48.599,204459.18
2025-10-04 14:00:00+00:00,48.599,48.844,47.862,47.912,203573.25
2025-10-04 15:00:00+00:00,47.912,48.082,47.678,47.88,225822.52
2025-10-04 16:00:00+00:00,47.88,48.322,47.88,48.296,151900.41
2025-10-04 17:00:00+00:00,48.296,48.452,48.151,48.348,70919.84
2025-10-04 18:00:00+00:00,48.348,48.74,48.263,48.359,97098.52
2025-10-04 19:00:00+00:00,48.359,48.743,48.323,48.548,46285.97
2025-10-04 20:00:00+00:00,48.548,48.739,48.423,48.553,40221.26
2025-10-04 21:00:00+00:00,48.553,49.039,48.545,48.791,89728.75
2025-10-04 22:00:00+00:00,48.791,49.079,48.762,48.991,38631.89
2025-10-04 23:00:00+00:00,48.991,49.318,48.764,49.123,147951.34
2025-10-05 00:00:00+00:00,49.123,49.947,48.854,48.874,234167.21
2025-10-05 01:00:00+00:00,48.874,49.504,48.855,49.296,105989.03
2025-10-05 02:00:00+00:00,49.296,50.254,49.08,50.169,295138.54
2025-10-05 03:00:00+00:00,50.169,50.3,49.768,49.96,161957.33
2025-10-05 04:00:00+00:00,49.96,50.855,49.794,50.52,217046.69
2025-10-05 05:00:00+00:00,50.52,51.051,50.252,50.611,251734.44
2025-10-05 06:00:00+00:00,50.611,50.676,50.101,50.631,184892.63
2025-10-05 07:00:00+00:00,50.631,51.351,50.571,51.287,340033.06
2025-10-05 08:00:00+00:00,51.287,51.486,50.744,50.895,226940.09
2025-10-05 09:00:00+00:00,50.895,51.0,49.972,50.072,419990.47
2025-10-05 10:00:00+00:00,50.072,50.143,49.038,49.16,635719.78
2025-10-05 11:00:00+00:00,49.16,49.483,48.919,49.299,211818.93
2025-10-05 12:00:00+00:00,49.299,49.309,48.837,48.972,160510.32
2025-10-05 13:00:00+00:00,48.972,49.481,48.958,49.376,151213.06
2025-10-05 14:00:00+00:00,49.376,49.552,48.559,48.935,244755.92
2025-10-05 15:00:00+00:00,48.935,49.167,48.836,48.999,107991.11
2025-10-05 16:00:00+00:00,48.999,49.175,48.513,49.118,175217.33
2025-10-05 17:00:00+00:00,49.118,49.244,48.468,48.504,144693.36
2025-10-05 18:00:00+00:00,48.504,48.634,47.767,47.934,400678.16
2025-10-05 19:00:00+00:00,47.934,48.08,47.351,47.468,322379.06
2025-10-05 20:00:00+00:00,47.468,48.037,47.352,47.876,218592.14
2025-10-05 21:00:00+00:00,47.876,48.008,47.736,47.9,108476.16
2025-10-05 22:00:00+00:00,47.9,48.355,47.9,48.287,209253.48
2025-10-05 23:00:00+00:00,48.287,48.479,48.126,48.204,168080.92
2025-10-06 00:00:00+00:00,48.204,48.7,47.856,48.042,235274.12
2025-10-06 01:00:00+00:00,48.042,48.829,47.927,48.54,172375.32
2025-10-06 02:00:00+00:00,48.54,48.78,48.18,48.58,173233.08
2025-10-06 03:00:00+00:00,48.58,48.605,48.307,48.444,105525.42
2025-10-06 04:00:00+00:00,48.444,48.749,48.272,48.33,101747.66
2025-10-06 05:00:00+00:00,48.33,48.77,48.236,48.645,90008.26
2025-10-06 06:00:00+00:00,48.645,49.031,48.572,48.865,144106.8
2025-10-06 07:00:00+00:00,48.865,49.134,48.297,48.494,269674.8
2025-10-06 08:00:00+00:00,48.494,48.906,48.494,48.812,153347.84
2025-10-06 09:00:00+00:00,48.812,49.122,48.614,48.721,137532.65
2025-10-06 10:00:00+00:00,48.721,48.756,48.361,48.388,137270.67
2025-10-06 11:00:00+00:00,48.388,48.601,48.038,48.296,274715.46
2025-10-06 12:00:00+00:00,48.296,49.069,48.261,48.65,309003.87
2025-10-06 13:00:00+00:00,48.65,48.976,48.29,48.836,286283.23
2025-10-06 14:00:00+00:00,48.836,49.192,48.322,48.422,453972.6
2025-10-06 15:00:00+00:00,48.422,49.014,48.337,48.8,224520.06
2025-10-06 16:00:00+00:00,48.8,49.016,48.231,48.703,286746.57
2025-10-06 17:00:00+00:00,48.703,48.978,48.316,48.864,239889.75
2025-10-06 18:00:00+00:00,48.864,49.488,48.691,49.384,236263.89
2025-10-06 19:00:00+00:00,49.384,49.613,49.073,49.325,168351.87
2025-10-06 20:00:00+00:00,49.325,49.765,48.734,49.028,266180.83
2025-10-06 21:00:00+00:00,49.028,49.164,48.463,48.867,172890.37
2025-10-06 22:00:00+00:00,48.867,48.902,48.26,48.333,128587.02
2025-10-06 23:00:00+00:00,48.333,48.383,47.189,47.199,701818.48
2025-10-07 00:00:00+00:00,47.199,47.75,47.007,47.276,447362.95
2025-10-07 01:00:00+00:00,47.276,47.277,46.576,46.94,289144.97
2025-10-07 02:00:00+00:00,46.94,47.11,46.702,46.862,176908.51
2025-10-07 03:00:00+00:00,46.862,47.0,46.347,46.585,275347.66
2025-10-07 04:00:00+00:00,46.585,46.586,46.034,46.461,397052.39
2025-10-07 05:00:00+00:00,46.461,46.63,46.086,46.627,223550.78
2025-10-07 06:00:00+00:00,46.627,46.633,45.766,45.957,361406.08
2025-10-07 07:00:00+00:00,45.957,46.212,45.71,45.826,241225.21
2025-10-07 08:00:00+00:00,45.826,46.224,45.56,46.038,313384.11
2025-10-07 09:00:00+00:00,46.038,46.358,45.982,46.231,165073.99
2025-10-07 10:00:00+00:00,46.231,46.548,46.072,46.125,183993.6
2025-10-07 11:00:00+00:00,46.125,46.363,45.888,45.979,144187.23
2025-10-07 12:00:00+00:00,45.979,46.477,45.829,46.449,152722.32
2025-10-07 13:00:00+00:00,46.449,46.518,45.555,45.668,476051.78
2025-10-07 14:00:00+00:00,45.668,45.749,44.824,44.927,902337.47
2025-10-07 15:00:00+00:00,44.927,45.422,44.527,45.228,602076.53
2025-10-07 16:00:00+00:00,45.228,45.764,45.054,45.563,294908.62
2025-10-07 17:00:00+00:00,45.563,45.713,45.01,45.015,232824.58
2025-10-07 18:00:00+00:00,45.015,45.289,44.658,44.774,244247.98
2025-10-07 19:00:00+00:00,44.774,45.193,44.707,44.988,139966.95
2025-10-07 20:00:00+00:00,44.988,45.433,44.967,45.201,86170.92
2025-10-07 21:00:00+00:00,45.201,45.575,45.055,45.168,105326.65
2025-10-07 22:00:00+00:00,45.168,45.704,45.051,45.405,129409.94
2025-10-07 23:00:00+00:00,45.405,45.43,45.005,45.132,117810.49
2025-10-08 00:00:00+00:00,45.132,45.686,44.83,45.439,161476.02
2025-10-08 01:00:00+00:00,45.439,45.98,45.283,45.797,268620.27
2025-10-08 02:00:00+00:00,45.797,46.265,45.656,46.004,157187.05
2025-10-08 03:00:00+00:00,46.004,46.137,45.325,45.529,175279.83
2025-10-08 04:00:00+00:00,45.529,46.15,45.415,45.999,137565.37
2025-10-08 05:00:00+00:00,45.999,45.999,45.393,45.639,133830.17
2025-10-08 06:00:00+00:00,45.639,45.793,45.382,45.786,108070.92
2025-10-08 07:00:00+00:00,45.786,46.381,45.765,46.372,225856.71
2025-10-08 08:00:00+00:00,46.372,46.526,46.22,46.427,332567.7
2025-10-08 09:00:00+00:00,46.427,46.52,46.091,46.14,120217.42
2025-10-08 10:00:00+00:00,46.14,46.667,46.072,46.444,173629.87
2025-10-08 11:00:00+00:00,46.444,46.581,45.816,45.953,250787.86
2025-10-08 12:00:00+00:00,45.953,46.139,45.83,45.983,112655.54
2025-10-08 13:00:00+00:00,45.983,46.21,45.65,46.173,267961.26
2025-10-08 14:00:00+00:00,46.173,46.576,45.716,45.892,236978.33
2025-10-08 15:00:00+00:00,45.892,46.184,45.751,45.78,104447.58
2025-10-08 16:00:00+00:00,45.78,47.004,45.764,46.904,283964.81
2025-10-08 17:00:00+00:00,46.904,47.2,46.48,46.584,327517.98
2025-10-08 18:00:00+00:00,46.584,47.355,46.418,46.908,276355.09
2025-10-08 19:00:00+00:00,46.908,47.021,46.468,46.783,109510.0
2025-10-08 20:00:00+00:00,46.783,46.848,46.321,46.347,57255.12
2025-10-08 21:00:00+00:00,46.347,46.608,46.173,46.264,86922.76
2025-10-08 22:00:00+00:00,46.264,46.513,46.219,46.219,67363.22
2025-10-08 23:00:00+00:00,46.219,46.648,45.883,46.643,220305.78
2025-10-09 00:00:00+00:00,46.643,46.805,46.095,46.139,158204.66
2025-10-09 01:00:00+00:00,46.139,46.241,45.401,45.773,276358.46
2025-10-09 02:00:00+00:00,45.773,45.814,44.934,45.046,351555.72
2025-10-09 03:00:00+00:00,45.046,45.667,45.043,45.365,198564.54
2025-10-09 04:00:00+00:00,45.365,45.899,45.029,45.74,228746.51
2025-10-09 05:00:00+00:00,45.74,45.838,45.525,45.727,83889.07
2025-10-09 06:00:00+00:00,45.727,45.888,45.305,45.559,143169.89
2025-10-09 07:00:00+00:00,45.559,45.626,45.104,45.292,131933.96
2025-10-09 08:00:00+00:00,45.292,45.407,44.53,44.694,517675.77
2025-10-09 09:00:00+00:00,44.694,45.061,44.26,44.612,408589.74
2025-10-09 10:00:00+00:00,44.612,44.877,44.43,44.444,144109.89
2025-10-09 11:00:00+00:00,44.444,44.678,44.255,44.279,181003.25
2025-10-09 12:00:00+00:00,44.279,44.99,44.178,44.745,235065.35
2025-10-09 13:00:00+00:00,44.745,44.854,44.22,44.252,130955.32
2025-10-09 14:00:00+00:00,44.252,44.545,43.268,43.41,745514.62
2025-10-09 15:00:00+00:00,43.41,43.653,42.784,43.2,613141.47
2025-10-09 16:00:00+00:00,43.2,43.45,42.35,42.58,389895.36
2025-10-09 17:00:00+00:00,42.58,43.18,42.382,43.124,292496.8
2025-10-09 18:00:00+00:00,43.124,43.178,42.679,42.984,129034.11
2025-10-09 19:00:00+00:00,42.984,43.614,42.96,43.532,227061.12
2025-10-09 20:00:00+00:00,43.532,44.068,43.491,43.8,334747.86
2025-10-09 21:00:00+00:00,43.8,44.104,43.7,44.076,74928.27
2025-10-09 22:00:00+00:00,44.076,44.56,43.96,44.234,167855.91
2025-10-09 23:00:00+00:00,44.234,44.308,43.927,43.963,104991.54
2025-10-10 00:00:00+00:00,43.963,44.194,43.954,44.099,72423.88
2025-10-10 01:00:00+00:00,44.099,44.299,44.028,44.257,61202.84
2025-10-10 02:00:00+00:00,44.257,44.459,44.096,44.134,120513.93
2025-10-10 03:00:00+00:00,44.134,44.574,43.942,44.204,119453.27
2025-10-10 04:00:00+00:00,44.204,44.338,43.456,43.718,196883.22
2025-10-10 05:00:00+00:00,43.718,43.952,43.452,43.927,175675.69
2025-10-10 06:00:00+00:00,43.927,44.246,43.793,43.954,157124.86
2025-10-10 07:00:00+00:00,43.954,43.972,43.475,43.686,161848.04
2025-10-10 08:00:00+00:00,43.686,44.352,43.685,44.305,144900.27
2025-10-10 09:00:00+00:00,44.305,44.756,44.188,44.331,257751.19
2025-10-10 10:00:00+00:00,44.331,44.687,44.301,44.573,83500.5
2025-10-10 11:00:00+00:00,44.573,44.836,44.437,44.712,92554.57
2025-10-10 12:00:00+00:00,44.712,44.808,44.405,44.7,72482.9
2025-10-10 13:00:00+00:00,44.7,45.2,44.512,45.053,220403.39
2025-10-10 14:00:00+00:00,45.053,45.403,44.219,44.309,325965.47
2025-10-10 15:00:00+00:00,44.309,44.368,42.117,42.601,1395965.55
2025-10-10 16:00:00+00:00,42.601,43.169,42.202,42.669,425394.79
2025-10-10 17:00:00+00:00,42.669,43.548,42.527,42.848,295801.42
2025-10-10 18:00:00+00:00,42.848,43.185,42.3,42.401,302884.47
2025-10-10 19:00:00+00:00,42.401,42.988,42.085,42.863,345185.26
2025-10-10 20:00:00+00:00,42.863,43.374,40.572,40.796,987082.74
2025-10-10 21:00:00+00:00,40.796,41.997,20.784,41.012,6697239.04
2025-10-10 22:00:00+00:00,41.012,41.24,35.85,39.26,2236262.55
2025-10-10 23:00:00+00:00,39.26,40.249,37.441,37.599,1499880.26
2025-10-11 00:00:00+00:00,37.599,38.801,37.125,38.583,884867.73
2025-10-11 01:00:00+00:00,38.583,38.872,36.043,36.971,802087.71
2025-10-11 02:00:00+00:00,36.971,39.368,36.888,39.203,738124.82
2025-10-11 03:00:00+00:00,39.203,39.234,37.48,37.989,548396.75
2025-10-11 04:00:00+00:00,37.989,39.281,37.916,39.281,271895.55
2025-10-11 05:00:00+00:00,39.281,39.815,38.838,38.875,389807.65
2025-10-11 06:00:00+00:00,38.875,39.33,38.368,39.025,371034.23
2025-10-11 07:00:00+00:00,39.025,40.029,38.579,39.148,463018.17
2025-10-11 08:00:00+00:00,39.148,40.023,38.709,39.892,371375.65
2025-10-11 09:00:00+00:00,39.892,40.964,39.722,40.253,416914.69
2025-10-11 10:00:00+00:00,40.253,40.906,39.946,40.301,308403.66
2025-10-11 11:00:00+00:00,40.301,40.304,39.391,39.909,248015.05
2025-10-11 12:00:00+00:00,39.909,40.032,38.878,39.357,264210.38
2025-10-11 13:00:00+00:00,39.357,39.448,38.47,38.618,443304.01
2025-10-11 14:00:00+00:00,38.618,38.736,37.92,38.283,383707.13
2025-10-11 15:00:00+00:00,38.283,38.827,37.429,38.069,411220.72
2025-10-11 16:00:00+00:00,38.069,38.531,37.552,37.792,269227.52
2025-10-11 17:00:00+00:00,37.792,38.419,37.747,38.279,231670.7
2025-10-11 18:00:00+00:00,38.279,38.283,37.659,37.843,159969.35
2025-10-11 19:00:00+00:00,37.843,37.895,36.11,36.408,580731.92
2025-10-11 20:00:00+00:00,36.408,36.58,35.134,36.086,877810.6
2025-10-11 21:00:00+00:00,36.086,37.414,35.633,36.938,459210.07
2025-10-11 22:00:00+00:00,36.938,37.489,36.736,37.18,272913.24
2025-10-11 23:00:00+00:00,37.18,37.217,36.747,36.816,167151.3
2025-10-12 00:00:00+00:00,36.816,37.182,36.21,36.306,292301.26
2025-10-12 01:00:00+00:00,36.306,37.365,36.218,37.193,278917.5
2025-10-12 02:00:00+00:00,37.193,37.695,35.863,36.487,414764.28
2025-10-12 03:00:00+00:00,36.487,37.577,36.405,37.07,306909.82
2025-10-12 04:00:00+00:00,37.07,38.327,36.923,38.153,310790.19
2025-10-12 05:00:00+00:00,38.153,38.85,37.873,38.448,211972.65
2025-10-12 06:00:00+00:00,38.448,38.899,38.15,38.244,188614.86
2025-10-12 07:00:00+00:00,38.244,38.263,37.56,37.76,287244.39
2025-10-12 08:00:00+00:00,37.76,37.898,36.961,37.027,295394.95
2025-10-12 09:00:00+00:00,37.027,37.226,36.353,37.118,387723.52
2025-10-12 10:00:00+00:00,37.118,37.271,36.775,36.925,176079.61
2025-10-12 11:00:00+00:00,36.925,37.642,36.89,37.359,186459.92
2025-10-12 12:00:00+00:00,37.359,38.141,37.3,37.981,301776.58
2025-10-12 13:00:00+00:00,37.981,37.998,36.928,37.18,342594.07
2025-10-12 14:00:00+00:00,37.18,39.161,37.14,38.646,724420.61
2025-10-12 15:00:00+00:00,38.646,40.047,38.592,39.413,1096822.27
2025-10-12 16:00:00+00:00,39.413,40.568,39.405,40.15,703618.63
2025-10-12 17:00:00+00:00,40.15,40.502,39.453,39.778,376848.48
2025-10-12 18:00:00+00:00,39.778,40.161,39.139,39.554,387705.95
2025-10-12 19:00:00+00:00,39.554,40.415,39.535,40.263,238738.44
2025-10-12 20:00:00+00:00,40.263,40.922,39.982,40.413,313376.58
2025-10-12 21:00:00+00:00,40.413,40.435,39.411,39.923,283277.93
2025-10-12 22:00:00+00:00,39.923,40.394,39.724,40.285,200673.45
2025-10-12 23:00:00+00:00,40.285,40.317,39.464,39.6,166835.81
2025-10-13 00:00:00+00:00,39.6,40.072,39.25,39.492,206351.85
2025-10-13 01:00:00+00:00,39.492,40.179,39.218,40.059,172843.63
2025-10-13 02:00:00+00:00,40.059,40.194,39.265,39.725,157106.17
2025-10-13 03:00:00+00:00,39.725,39.814,38.912,39.095,240269.78
2025-10-13 04:00:00+00:00,39.095,39.122,38.521,38.909,418451.71
2025-10-13 05:00:00+00:00,38.909,38.923,38.162,38.315,267680.92
2025-10-13 06:00:00+00:00,38.315,41.825,38.204,41.675,1063685.22
2025-10-13 07:00:00+00:00,41.675,42.492,41.012,42.432,827981.43
2025-10-13 08:00:00+00:00,42.432,42.583,41.714,41.781,370019.91
2025-10-13 09:00:00+00:00,41.781,42.068,41.309,41.86,370117.63
2025-10-13 10:00:00+00:00,41.86,42.128,40.855,40.924,397617.53
2025-10-13 11:00:00+00:00,40.924,40.951,39.441,40.259,718812.37
2025-10-13 12:00:00+00:00,40.259,40.725,39.826,40.366,283748.08
2025-10-13 13:00:00+00:00,40.366,41.439,40.016,41.304,486595.88
2025-10-13 14:00:00+00:00,41.304,41.422,39.774,39.846,374997.44
2025-10-13 15:00:00+00:00,39.846,40.348,39.613,39.741,341157.67
2025-10-13 16:00:00+00:00,39.741,40.324,39.701,40.166,211456.04
2025-10-13 17:00:00+00:00,40.166,40.922,40.022,40.876,236057.69
2025-10-13 18:00:00+00:00,40.876,41.372,40.514,41.322,247533.3
2025-10-13 19:00:00+00:00,41.322,42.22,41.173,42.012,374309.42
2025-10-13 20:00:00+00:00,42.012,43.054,41.829,42.979,298573.23
2025-10-13 21:00:00+00:00,42.979,43.255,42.565,42.859,239244.09
2025-10-13 22:00:00+00:00,42.859,43.297,42.676,43.131,203289.81
2025-10-13 23:00:00+00:00,43.131,43.633,42.005,42.409,474602.07
2025-10-14 00:00:00+00:00,42.409,43.146,42.354,42.746,197829.15
2025-10-14 01:00:00+00:00,42.746,42.781,41.873,42.086,336955.68
2025-10-14 02:00:00+00:00,42.086,42.139,41.466,41.58,211639.51
2025-10-14 03:00:00+00:00,41.58,41.8,41.122,41.191,256596.35
2025-10-14 04:00:00+00:00,41.191,41.322,40.221,40.522,339738.53
2025-10-14 05:00:00+00:00,40.522,40.947,39.774,39.938,286569.51
2025-10-14 06:00:00+00:00,39.938,40.389,38.478,39.156,662865.83
2025-10-14 07:00:00+00:00,39.156,39.432,38.57,38.751,353462.17
2025-10-14 08:00:00+00:00,38.751,39.218,38.324,38.722,365750.88
2025-10-14 09:00:00+00:00,38.722,39.345,38.614,38.811,439082.37
2025-10-14 10:00:00+00:00,38.811,38.886,37.665,37.973,715685.08
2025-10-14 11:00:00+00:00,37.973,38.474,37.824,38.188,454890.63
2025-10-14 12:00:00+00:00,38.188,38.314,37.468,37.593,245839.61
2025-10-14 13:00:00+00:00,37.593,38.55,37.337,38.25,407235.48
2025-10-14 14:00:00+00:00,38.25,39.39,38.172,38.609,545598.43
2025-10-14 15:00:00+00:00,38.609,40.149,38.577,40.071,442532.02
2025-10-14 16:00:00+00:00,40.071,40.413,39.474,39.992,429641.51
2025-10-14 17:00:00+00:00,39.992,40.701,39.56,40.103,352336.91
2025-10-14 18:00:00+00:00,40.103,40.48,39.571,39.72,243742.13
2025-10-14 19:00:00+00:00,39.72,39.973,38.804,39.307,375972.94
2025-10-14 20:00:00+00:00,39.307,39.49,38.852,39.473,205974.65
2025-10-14 21:00:00+00:00,39.473,39.492,38.94,39.465,112250.25
2025-10-14 22:00:00+00:00,39.465,39.794,39.211,39.392,105359.02
2025-10-14 23:00:00+00:00,39.392,39.696,39.337,39.371,101946.88
2025-10-15 00:00:00+00:00,39.371,39.565,38.871,39.126,141981.94
2025-10-15 01:00:00+00:00,39.126,39.168,38.534,39.008,176831.47
2025-10-15 02:00:00+00:00,39.008,39.748,39.005,39.421,250051.24
2025-10-15 03:00:00+00:00,39.421,39.534,38.752,38.857,165175.19
2025-10-15 04:00:00+00:00,38.857,39.068,38.714,38.97,160392.95
2025-10-15 05:00:00+00:00,38.97,39.162,38.743,39.129,141362.95
2025-10-15 06:00:00+00:00,39.129,39.835,38.732,39.554,249363.85
2025-10-15 07:00:00+00:00,39.554,40.128,39.318,40.118,204982.25
2025-10-15 08:00:00+00:00,40.118,41.17,40.061,40.687,455298.47
2025-10-15 09:00:00+00:00,40.687,41.054,40.5,40.724,232563.83
2025-10-15 10:00:00+00:00,40.724,40.885,40.097,40.302,214452.25
2025-10-15 11:00:00+00:00,40.302,40.922,40.261,40.323,199198.8
2025-10-15 12:00:00+00:00,40.323,40.461,39.383,39.716,333710.06
2025-10-15 13:00:00+00:00,39.716,39.839,38.628,39.192,461004.94
2025-10-15 14:00:00+00:00,39.192,40.317,38.817,38.952,399508.48
2025-10-15 15:00:00+00:00,38.952,39.325,38.526,38.791,327704.59
2025-10-15 16:00:00+00:00,38.791,39.051,38.543,38.681,185898.8
2025-10-15 17:00:00+00:00,38.681,38.82,38.205,38.755,288410.77
2025-10-15 18:00:00+00:00,38.755,39.127,38.418,39.079,209163.68
2025-10-15 19:00:00+00:00,39.079,39.096,38.462,38.716,107030.77
2025-10-15 20:00:00+00:00,38.716,38.89,37.763,38.283,382974.96
2025-10-15 21:00:00+00:00,38.283,38.473,37.532,37.624,228764.97
2025-10-15 22:00:00+00:00,37.624,37.795,36.802,37.197,327145.9
2025-10-15 23:00:00+00:00,37.197,37.541,37.061,37.374,261094.01
2025-10-16 00:00:00+00:00,37.374,37.549,37.113,37.254,118192.84
2025-10-16 01:00:00+00:00,37.254,37.96,37.212,37.876,145857.93
2025-10-16 02:00:00+00:00,37.876,38.071,37.475,37.869,204263.0
2025-10-16 03:00:00+00:00,37.869,37.941,37.314,37.395,88522.44
2025-10-16 04:00:00+00:00,37.395,37.747,37.207,37.262,103935.55
2025-10-16 05:00:00+00:00,37.262,37.718,37.137,37.502,98477.84
2025-10-16 06:00:00+00:00,37.502,38.105,37.476,38.03,126679.87
2025-10-16 07:00:00+00:00,38.03,38.05,37.403,37.634,128543.92
2025-10-16 08:00:00+00:00,37.634,37.763,37.451,37.56,70530.4
2025-10-16 09:00:00+00:00,37.56,38.444,36.874,38.18,477885.06
2025-10-16 10:00:00+00:00,38.18,38.62,38.04,38.525,223598.8
2025-10-16 11:00:00+00:00,38.525,38.839,38.335,38.825,162469.31
2025-10-16 12:00:00+00:00,38.825,39.467,38.772,39.192,267673.42
2025-10-16 13:00:00+00:00,39.192,39.409,38.236,38.47,393816.62
2025-10-16 14:00:00+00:00,38.47,38.857,37.716,38.274,426671.15
2025-10-16 15:00:00+00:00,38.274,38.473,36.921,37.004,481565.49
2025-10-16 16:00:00+00:00,37.004,38.124,36.55,38.094,518967.05
2025-10-16 17:00:00+00:00,38.094,38.3,37.427,37.645,289126.82
2025-10-16 18:00:00+00:00,37.645,38.04,37.08,37.986,243250.38
2025-10-16 19:00:00+00:00,37.986,38.05,36.767,37.163,272149.9
2025-10-16 20:00:00+00:00,37.163,37.402,36.436,36.634,309262.82
2025-10-16 21:00:00+00:00,36.634,37.077,36.452,37.052,185835.15
2025-10-16 22:00:00+00:00,37.052,37.117,36.239,36.304,190016.59
2025-10-16 23:00:00+00:00,36.304,36.859,36.274,36.776,184405.28
2025-10-17 00:00:00+00:00,36.776,37.527,36.546,37.188,203049.41
2025-10-17 01:00:00+00:00,37.188,37.529,36.512,36.945,204112.11
2025-10-17 02:00:00+00:00,36.945,37.243,36.577,37.105,183482.12
2025-10-17 03:00:00+00:00,37.105,37.458,36.962,37.435,103086.56
2025-10-17 04:00:00+00:00,37.435,37.47,36.986,36.992,120893.95
2025-10-17 05:00:00+00:00,36.992,37.078,36.516,36.776,201598.6
2025-10-17 06:00:00+00:00,36.776,36.938,35.2,35.211,586617.8
2025-10-17 07:00:00+00:00,35.211,35.4,33.536,33.663,1060915.08
2025-10-17 08:00:00+00:00,33.663,34.452,33.266,33.883,906466.12
2025-10-17 09:00:00+00:00,33.883,35.038,33.659,34.048,706055.19
2025-10-17 10:00:00+00:00,34.048,34.524,33.818,34.422,461818.45
2025-10-17 11:00:00+00:00,34.422,35.666,34.291,35.4,754997.53
2025-10-17 12:00:00+00:00,35.4,35.711,34.94,35.113,275691.74
2025-10-17 13:00:00+00:00,35.113,35.975,34.915,35.571,506322.86
2025-10-17 14:00:00+00:00,35.571,35.669,33.594,34.18,805054.08
2025-10-17 15:00:00+00:00,34.18,35.504,34.1,35.49,536098.43
2025-10-17 16:00:00+00:00,35.49,35.971,34.76,34.947,558463.04
2025-10-17 17:00:00+00:00,34.947,35.386,34.752,35.144,219024.22
2025-10-17 18:00:00+00:00,35.144,35.717,34.982,35.064,226813.43
2025-10-17 19:00:00+00:00,35.064,35.316,34.552,34.839,225671.33
2025-10-17 20:00:00+00:00,34.839,35.476,34.663,35.268,140878.93
2025-10-17 21:00:00+00:00,35.268,35.964,35.253,35.805,165955.17
2025-10-17 22:00:00+00:00,35.805,36.154,35.258,35.495,175487.45
2025-10-17 23:00:00+00:00,35.495,35.526,35.071,35.451,139257.57
2025-10-18 00:00:00+00:00,35.451,35.564,34.982,35.199,151114.41
2025-10-18 01:00:00+00:00,35.199,35.728,35.151,35.491,120259.21
2025-10-18 02:00:00+00:00,35.491,35.589,34.971,35.074,138666.55
2025-10-18 03:00:00+00:00,35.074,35.387,35.046,35.195,60866.13
2025-10-18 04:00:00+00:00,35.195,35.198,34.603,34.622,117133.48
2025-10-18 05:00:00+00:00,34.622,35.238,34.615,35.065,126693.35
2025-10-18 06:00:00+00:00,35.065,35.242,34.828,35.075,117437.48
2025-10-18 07:00:00+00:00,35.075,35.751,35.052,35.295,267074.32
2025-10-18 08:00:00+00:00,35.295,36.376,35.263,35.952,727986.08
2025-10-18 09:00:00+00:00,35.952,36.315,35.69,36.228,262131.65
2025-10-18 10:00:00+00:00,36.228,36.304,35.73,35.937,156446.89
2025-10-18 11:00:00+00:00,35.937,36.048,35.74,36.013,148034.73
2025-10-18 12:00:00+00:00,36.013,36.15,35.626,35.656,101284.77
2025-10-18 13:00:00+00:00,35.656,35.661,35.088,35.213,270108.29
2025-10-18 14:00:00+00:00,35.213,35.657,35.016,35.64,133258.93
2025-10-18 15:00:00+00:00,35.64,35.833,35.282,35.477,149820.4
2025-10-18 16:00:00+00:00,35.477,35.661,34.934,35.187,142295.94
2025-10-18 17:00:00+00:00,35.187,35.969,35.039,35.916,129210.58
2025-10-18 18:00:00+00:00,35.916,36.529,35.82,36.216,204736.66
2025-10-18 19:00:00+00:00,36.216,36.507,35.907,36.14,192523.45
2025-10-18 20:00:00+00:00,36.14,36.862,36.091,36.237,222682.6
2025-10-18 21:00:00+00:00,36.237,36.403,35.855,36.279,111214.15
2025-10-18 22:00:00+00:00,36.279,36.563,36.135,36.484,59454.34
2025-10-18 23:00:00+00:00,36.484,36.897,36.409,36.86,109376.94
2025-10-19 00:00:00+00:00,36.86,36.934,36.26,36.46,189569.88
2025-10-19 01:00:00+00:00,36.46,36.624,36.154,36.483,84586.41
2025-10-19 02:00:00+00:00,36.483,36.618,36.322,36.357,53349.48
2025-10-19 03:00:00+00:00,36.357,36.956,36.338,36.918,96046.57
2025-10-19 04:00:00+00:00,36.918,36.972,36.602,36.736,73591.2
2025-10-19 05:00:00+00:00,36.736,36.784,36.104,36.22,139817.23
2025-10-19 06:00:00+00:00,36.22,36.296,35.931,36.065,129313.94
2025-10-19 07:00:00+00:00,36.065,36.48,36.053,36.418,102165.06
2025-10-19 08:00:00+00:00,36.418,36.793,35.998,36.102,248723.92
2025-10-19 09:00:00+00:00,36.102,36.779,35.714,36.542,399017.39
2025-10-19 10:00:00+00:00,36.542,37.212,36.349,37.192,267835.68
2025-10-19 11:00:00+00:00,37.192,37.598,37.073,37.305,279945.33
2025-10-19 12:00:00+00:00,37.305,37.641,36.918,37.338,240126.6
2025-10-19 13:00:00+00:00,37.338,38.147,37.186,37.997,286776.29
2025-10-19 14:00:00+00:00,37.997,38.412,37.722,38.156,350418.45
2025-10-19 15:00:00+00:00,38.156,38.368,37.982,38.255,169178.32
2025-10-19 16:00:00+00:00,38.255,38.314,37.735,37.924,187667.05
2025-10-19 17:00:00+00:00,37.924,38.479,37.813,38.03,301638.03
2025-10-19 18:00:00+00:00,38.03,38.515,38.006,38.28,231626.83
2025-10-19 19:00:00+00:00,38.28,38.411,37.578,37.83,173214.15
2025-10-19 20:00:00+00:00,37.83,37.981,37.667,37.759,68009.26
2025-10-19 21:00:00+00:00,37.759,37.991,37.432,37.938,123260.61
2025-10-19 22:00:00+00:00,37.938,38.126,37.8,37.849,150314.45
2025-10-19 23:00:00+00:00,37.849,37.858,37.333,37.386,138956.8
2025-10-20 00:00:00+00:00,37.386,37.392,36.825,37.177,208903.28
2025-10-20 01:00:00+00:00,37.177,37.82,36.842,36.87,214176.92
2025-10-20 02:00:00+00:00,36.87,37.406,36.673,37.224,112186.32
2025-10-20 03:00:00+00:00,37.224,38.332,36.92,38.26,231699.74
2025-10-20 04:00:00+00:00,38.26,38.536,38.19,38.491,161221.62
2025-10-20 05:00:00+00:00,38.491,38.845,37.86,38.572,412571.63
2025-10-20 06:00:00+00:00,38.572,38.687,38.335,38.558,192440.07
2025-10-20 07:00:00+00:00,38.558,38.819,38.27,38.4,161790.84
2025-10-20 08:00:00+00:00,38.4,39.193,38.238,38.538,314734.98
2025-10-20 09:00:00+00:00,38.538,38.591,38.258,38.439,203222.03
2025-10-20 10:00:00+00:00,38.439,38.794,38.006,38.196,209850.93
2025-10-20 11:00:00+00:00,38.196,38.43,37.913,38.393,105788.8
2025-10-20 12:00:00+00:00,38.393,38.919,38.323,38.816,205459.57
2025-10-20 13:00:00+00:00,38.816,39.338,38.609,39.18,207555.82
2025-10-20 14:00:00+00:00,39.18,39.376,38.647,39.321,254061.57
2025-10-20 15:00:00+00:00,39.321,39.573,38.812,38.842,276667.35
2025-10-20 16:00:00+00:00,38.842,38.87,37.763,38.28,586892.28
2025-10-20 17:00:00+00:00,38.28,38.818,37.564,37.702,349620.53
2025-10-20 18:00:00+00:00,37.702,38.274,37.503,38.146,248676.61
2025-10-20 19:00:00+00:00,38.146,38.17,37.628,37.965,124842.62
2025-10-20 20:00:00+00:00,37.965,38.408,37.78,38.271,120730.89
2025-10-20 21:00:00+00:00,38.271,38.462,37.532,37.658,118631.46
2025-10-20 22:00:00+00:00,37.658,38.128,37.62,38.044,85677.92
2025-10-20 23:00:00+00:00,38.044,38.083,37.825,37.929,49419.37
2025-10-21 00:00:00+00:00,37.929,38.063,37.59,37.98,82808.51
2025-10-21 01:00:00+00:00,37.98,38.054,37.301,37.488,242121.57
2025-10-21 02:00:00+00:00,37.488,37.521,37.165,37.194,202630.46
2025-10-21 03:00:00+00:00,37.194,37.292,37.02,37.075,118918.07
2025-10-21 04:00:00+00:00,37.075,37.114,36.068,36.214,654761.91
2025-10-21 05:00:00+00:00,36.214,36.285,35.352,35.576,582588.49
2025-10-21 06:00:00+00:00,35.576,36.101,35.45,35.868,278491.89
2025-10-21 07:00:00+00:00,35.868,36.114,35.452,35.98,317099.5
2025-10-21 08:00:00+00:00,35.98,35.988,35.379,35.706,204602.72
2025-10-21 09:00:00+00:00,35.706,35.871,35.5,35.774,157331.9
2025-10-21 10:00:00+00:00,35.774,36.241,35.571,35.873,206226.64
2025-10-21 11:00:00+00:00,35.873,36.189,35.619,36.086,180984.01
2025-10-21 12:00:00+00:00,36.086,36.867,35.911,36.45,365948.24
2025-10-21 13:00:00+00:00,36.45,36.561,35.752,35.972,428201.82
2025-10-21 14:00:00+00:00,35.972,37.813,35.944,37.753,792253.89
2025-10-21 15:00:00+00:00,37.753,38.286,37.309,37.855,654231.62
2025-10-21 16:00:00+00:00,37.855,38.352,37.051,37.268,604129.09
2025-10-21 17:00:00+00:00,37.268,37.73,36.783,37.384,676818.9
2025-10-21 18:00:00+00:00,37.384,37.508,36.76,37.094,244810.83
2025-10-21 19:00:00+00:00,37.094,37.148,36.824,36.905,113140.56
2025-10-21 20:00:00+00:00,36.905,37.021,36.1,36.205,310370.24
2025-10-21 21:00:00+00:00,36.205,36.694,35.703,36.678,455267.29
2025-10-21 22:00:00+00:00,36.678,36.678,35.556,35.667,415657.97
2025-10-21 23:00:00+00:00,35.667,35.874,35.131,35.344,418669.76
2025-10-22 00:00:00+00:00,35.344,35.557,34.808,34.879,408115.91
2025-10-22 01:00:00+00:00,34.879,35.2,34.554,35.006,477377.35
2025-10-22 02:00:00+00:00,35.006,35.444,34.924,35.385,225515.37
2025-10-22 03:00:00+00:00,35.385,35.446,34.916,35.228,221380.95
2025-10-22 04:00:00+00:00,35.228,35.341,34.733,34.906,225964.72
2025-10-22 05:00:00+00:00,34.906,34.933,34.436,34.797,299588.48
2025-10-22 06:00:00+00:00,34.797,35.065,34.611,34.757,228212.91
2025-10-22 07:00:00+00:00,34.757,34.997,34.48,34.791,300893.95
2025-10-22 08:00:00+00:00,34.791,35.26,34.695,35.038,279244.3
2025-10-22 09:00:00+00:00,35.038,35.194,34.755,35.009,162628.79
2025-10-22 10:00:00+00:00,35.009,35.488,34.973,35.128,212662.65
2025-10-22 11:00:00+00:00,35.128,36.089,34.828,35.83,583387.19
2025-10-22 12:00:00+00:00,35.83,36.463,35.7,36.038,400208.3
2025-10-22 13:00:00+00:00,36.038,36.505,35.77,36.374,296296.03
2025-10-22 14:00:00+00:00,36.374,36.401,35.6,36.122,472762.38
2025-10-22 15:00:00+00:00,36.122,36.667,35.744,36.367,492653.92
2025-10-22 16:00:00+00:00,36.367,36.668,35.834,35.998,353833.89
2025-10-22 17:00:00+00:00,35.998,36.304,35.577,35.74,261969.32
2025-10-22 18:00:00+00:00,35.74,35.98,35.581,35.882,217800.13
2025-10-22 19:00:00+00:00,35.882,36.779,35.677,36.072,409188.54
2025-10-22 20:00:00+00:00,36.072,36.14,35.203,35.311,288958.84
2025-10-22 21:00:00+00:00,35.311,35.439,34.789,34.846,425002.54
2025-10-22 22:00:00+00:00,34.846,35.82,34.731,35.07,442666.33
2025-10-22 23:00:00+00:00,35.07,36.817,35.023,36.225,515410.89
2025-10-23 00:00:00+00:00,36.225,36.782,36.149,36.767,291330.23
2025-10-23 01:00:00+00:00,36.767,37.971,36.698,37.801,464782.22
2025-10-23 02:00:00+00:00,37.801,38.426,37.484,38.39,377308.4
2025-10-23 03:00:00+00:00,38.39,38.414,37.617,37.724,310699.14
2025-10-23 04:00:00+00:00,37.724,37.872,37.325,37.368,308928.79
2025-10-23 05:00:00+00:00,37.368,38.1,37.006,38.095,278339.41
2025-10-23 06:00:00+00:00,38.095,39.236,38.014,39.116,838983.48
2025-10-23 07:00:00+00:00,39.116,39.186,38.448,38.891,448083.41
2025-10-23 08:00:00+00:00,38.891,39.209,38.712,39.057,269360.5
2025-10-23 09:00:00+00:00,39.057,39.183,38.834,39.112,242022.32
2025-10-23 10:00:00+00:00,39.112,39.476,39.037,39.224,346085.07
2025-10-23 11:00:00+00:00,39.224,39.224,38.577,38.664,315125.67
2025-10-23 12:00:00+00:00,38.664,40.429,38.467,40.321,890276.46
2025-10-23 13:00:00+00:00,40.321,40.623,39.531,40.218,696282.3
2025-10-23 14:00:00+00:00,40.218,40.788,39.444,40.388,539336.8
2025-10-23 15:00:00+00:00,40.388,40.721,39.456,39.956,657450.72
2025-10-23 16:00:00+00:00,39.956,40.284,39.51,39.766,314157.58
2025-10-23 17:00:00+00:00,39.766,39.954,39.223,39.527,413220.83
2025-10-23 18:00:00+00:00,39.527,39.606,39.14,39.384,217811.88
2025-10-23 19:00:00+00:00,39.384,39.628,39.004,39.42,264894.28
2025-10-23 20:00:00+00:00,39.42,39.479,38.871,39.031,280428.77
2025-10-23 21:00:00+00:00,39.031,39.873,38.925,39.829,157599.29
2025-10-23 22:00:00+00:00,39.829,40.181,39.781,39.962,212234.09
2025-10-23 23:00:00+00:00,39.962,40.246,39.916,40.199,134129.72
2025-10-24 00:00:00+00:00,40.199,40.486,39.968,40.235,221712.43
2025-10-24 01:00:00+00:00,40.235,40.34,39.764,39.992,115331.52
2025-10-24 02:00:00+00:00,39.992,40.022,39.578,39.61,101497.82
2025-10-24 03:00:00+00:00,39.61,39.677,39.081,39.479,218247.34
2025-10-24 04:00:00+00:00,39.479,40.401,39.286,40.279,262597.16
2025-10-24 05:00:00+00:00,40.279,40.55,40.024,40.529,172912.68
2025-10-24 06:00:00+00:00,40.529,40.837,40.131,40.755,280370.67
2025-10-24 07:00:00+00:00,40.755,40.891,40.243,40.562,249431.29
2025-10-24 08:00:00+00:00,40.562,40.62,40.195,40.371,154717.6
2025-10-24 09:00:00+00:00,40.371,40.586,39.977,40.075,189535.88
2025-10-24 10:00:00+00:00,40.075,40.095,39.555,39.711,196791.99
2025-10-24 11:00:00+00:00,39.711,39.842,39.456,39.632,199460.81
2025-10-24 12:00:00+00:00,39.632,40.504,39.574,39.814,406999.34
2025-10-24 13:00:00+00:00,39.814,39.966,39.201,39.669,328981.55
2025-10-24 14:00:00+00:00,39.669,39.669,39.044,39.352,315212.45
2025-10-24 15:00:00+00:00,39.352,39.572,38.958,39.195,191604.61
2025-10-24 16:00:00+00:00,39.195,39.232,38.65,39.065,268956.25
2025-10-24 17:00:00+00:00,39.065,39.217,38.801,38.913,150931.29
2025-10-24 18:00:00+00:00,38.913,39.254,38.876,38.998,124610.74
2025-10-24 19:00:00+00:00,38.998,39.412,38.964,39.172,161193.51
2025-10-24 20:00:00+00:00,39.172,39.56,39.103,39.492,122673.46
2025-10-24 21:00:00+00:00,39.492,39.769,39.336,39.675,140464.26
2025-10-24 22:00:00+00:00,39.675,39.74,39.178,39.211,94675.58
2025-10-24 23:00:00+00:00,39.211,39.359,39.038,39.296,78910.72
2025-10-25 00:00:00+00:00,39.296,39.299,38.85,38.943,90288.7
2025-10-25 01:00:00+00:00,38.943,39.439,38.871,39.25,74505.27
2025-10-25 02:00:00+00:00,39.25,39.76,39.229,39.682,126169.4
2025-10-25 03:00:00+00:00,39.682,40.132,39.582,40.074,125461.46
2025-10-25 04:00:00+00:00,40.074,40.222,39.801,39.915,113418.25
2025-10-25 05:00:00+00:00,39.915,40.048,39.507,39.675,138700.51
2025-10-25 06:00:00+00:00,39.675,40.048,39.606,39.967,104889.8
2025-10-25 07:00:00+00:00,39.967,40.269,39.894,40.145,175832.79
2025-10-25 08:00:00+00:00,40.145,40.476,40.07,40.45,118756.18
2025-10-25 09:00:00+00:00,40.45,40.486,40.128,40.466,100155.8
2025-10-25 10:00:00+00:00,40.466,40.784,40.18,40.618,192556.64
2025-10-25 11:00:00+00:00,40.618,41.195,40.544,41.13,171647.13
2025-10-25 12:00:00+00:00,41.13,41.766,40.938,41.382,315545.66
2025-10-25 13:00:00+00:00,41.382,41.639,41.102,41.327,176422.42
2025-10-25 14:00:00+00:00,41.327,41.388,40.822,41.072,184707.04
2025-10-25 15:00:00+00:00,41.072,41.076,40.671,40.897,162937.17
2025-10-25 16:00:00+00:00,40.897,41.4,40.836,41.377,111083.49
2025-10-25 17:00:00+00:00,41.377,42.042,41.256,41.871,220370.36
2025-10-25 18:00:00+00:00,41.871,43.078,41.853,42.694,486988.32
2025-10-25 19:00:00+00:00,42.694,43.208,42.565,42.978,243340.26
2025-10-25 20:00:00+00:00,42.978,43.4,42.743,42.857,193535.16
2025-10-25 21:00:00+00:00,42.857,44.14,42.853,43.711,261525.77
2025-10-25 22:00:00+00:00,43.711,44.663,43.646,44.4,457690.66
2025-10-25 23:00:00+00:00,44.4,44.416,44.023,44.211,206964.02
2025-10-26 00:00:00+00:00,44.211,44.829,43.702,44.158,361698.1
2025-10-26 01:00:00+00:00,44.158,44.359,43.908,44.144,164531.11
2025-10-26 02:00:00+00:00,44.144,44.268,43.743,43.992,181219.64
2025-10-26 03:00:00+00:00,43.992,44.079,43.56,43.716,190833.49
2025-10-26 04:00:00+00:00,43.716,43.916,43.52,43.595,133936.23
2025-10-26 05:00:00+00:00,43.595,44.143,43.538,43.808,310964.76
2025-10-26 06:00:00+00:00,43.808,44.571,43.808,44.439,250898.76
2025-10-26 07:00:00+00:00,44.439,44.66,44.125,44.648,183763.29
2025-10-26 08:00:00+00:00,44.648,45.57,44.64,45.308,426794.5
2025-10-26 09:00:00+00:00,45.308,46.649,45.049,46.404,606478.76
2025-10-26 10:00:00+00:00,46.404,46.544,45.94,46.189,287696.23
2025-10-26 11:00:00+00:00,46.189,47.95,46.146,47.84,817129.83
2025-10-26 12:00:00+00:00,47.84,48.637,47.4,47.658,725965.7
2025-10-26 13:00:00+00:00,47.658,48.137,47.319,47.502,371844.39
2025-10-26 14:00:00+00:00,47.502,47.569,46.905,46.941,393569.94
2025-10-26 15:00:00+00:00,46.941,47.711,46.783,47.289,366354.29
2025-10-26 16:00:00+00:00,47.289,47.449,46.779,46.849,227157.67
2025-10-26 17:00:00+00:00,46.849,47.557,46.712,47.44,206023.21
2025-10-26 18:00:00+00:00,47.44,47.808,47.083,47.397,189864.77
2025-10-26 19:00:00+00:00,47.397,47.545,47.211,47.335,81193.19
2025-10-26 20:00:00+00:00,47.335,47.35,46.614,47.02,186182.57
2025-10-26 21:00:00+00:00,47.02,47.38,46.568,47.286,205874.5
2025-10-26 22:00:00+00:00,47.286,48.31,47.286,48.021,583636.57
2025-10-26 23:00:00+00:00,48.021,48.099,47.174,47.296,209496.15
2025-10-27 00:00:00+00:00,47.296,48.217,47.09,48.187,230813.78
2025-10-27 01:00:00+00:00,48.187,48.69,47.758,48.666,223888.08
2025-10-27 02:00:00+00:00,48.666,48.772,47.589,47.727,221507.12
2025-10-27 03:00:00+00:00,47.727,48.235,47.462,48.086,162856.31
2025-10-27 04:00:00+00:00,48.086,48.951,48.028,48.589,217581.36
2025-10-27 05:00:00+00:00,48.589,49.398,48.485,48.641,301631.56
2025-10-27 06:00:00+00:00,48.641,48.91,47.866,48.638,341516.97
2025-10-27 07:00:00+00:00,48.638,48.746,46.654,47.316,503414.2
2025-10-27 08:00:00+00:00,47.316,47.33,46.29,46.808,543687.55
2025-10-27 09:00:00+00:00,46.808,47.191,45.823,47.109,478232.68
2025-10-27 10:00:00+00:00,47.109,47.442,46.851,47.238,170462.03
2025-10-27 11:00:00+00:00,47.238,47.539,46.923,47.469,189522.15
2025-10-27 12:00:00+00:00,47.469,47.542,46.906,46.928,176353.35
2025-10-27 13:00:00+00:00,46.928,47.487,46.336,47.134,360527.44
2025-10-27 14:00:00+00:00,47.134,47.288,46.532,46.946,242537.84
2025-10-27 15:00:00+00:00,46.946,47.099,46.076,46.39,295895.47
2025-10-27 16:00:00+00:00,46.39,47.454,46.373,47.235,273163.98
2025-10-27 17:00:00+00:00,47.235,47.7,47.108,47.234,202487.39
2025-10-27 18:00:00+00:00,47.234,47.722,46.657,46.878,271324.59
2025-10-27 19:00:00+00:00,46.878,47.13,46.445,46.813,281625.32
2025-10-27 20:00:00+00:00,46.813,47.78,46.308,47.062,515048.02
2025-10-27 21:00:00+00:00,47.062,48.806,47.027,48.425,757348.8
2025-10-27 22:00:00+00:00,48.425,48.741,46.774,46.892,618215.38
2025-10-27 23:00:00+00:00,46.892,46.935,45.389,46.547,722428.36
2025-10-28 00:00:00+00:00,46.547,46.858,46.071,46.744,286500.43
2025-10-28 01:00:00+00:00,46.744,47.756,46.718,47.25,321299.87
2025-10-28 02:00:00+00:00,47.25,47.471,46.702,47.22,237280.81
2025-10-28 03:00:00+00:00,47.22,47.636,47.048,47.499,211338.68
2025-10-28 04:00:00+00:00,47.499,47.92,47.32,47.753,120008.59
2025-10-28 05:00:00+00:00,47.753,47.965,46.784,46.998,191924.56
2025-10-28 06:00:00+00:00,46.998,47.286,46.683,47.202,262350.98
2025-10-28 07:00:00+00:00,47.202,47.834,47.165,47.345,258136.57
2025-10-28 08:00:00+00:00,47.345,47.649,46.887,46.988,288269.36
2025-10-28 09:00:00+00:00,46.988,47.279,46.552,47.269,271009.38
2025-10-28 10:00:00+00:00,47.269,47.367,47.033,47.336,121596.96
2025-10-28 11:00:00+00:00,47.336,48.49,47.246,47.996,461261.11
2025-10-28 12:00:00+00:00,47.996,48.621,47.452,48.456,310984.29
2025-10-28 13:00:00+00:00,48.456,49.397,48.408,49.26,506273.72
2025-10-28 14:00:00+00:00,49.26,49.334,47.597,47.978,662634.97
2025-10-28 15:00:00+00:00,47.978,48.384,47.528,47.701,389107.38
2025-10-28 16:00:00+00:00,47.701,48.314,47.593,48.074,182105.44
2025-10-28 17:00:00+00:00,48.074,48.918,47.924,48.083,314143.33
2025-10-28 18:00:00+00:00,48.083,48.195,47.053,47.746,343108.48
2025-10-28 19:00:00+00:00,47.746,47.777,46.277,46.39,487879.63
2025-10-28 20:00:00+00:00,46.39,47.397,45.948,47.168,519278.91
2025-10-28 21:00:00+00:00,47.168,47.635,46.681,47.456,273209.92
2025-10-28 22:00:00+00:00,47.456,48.25,47.29,48.156,310221.66
2025-10-28 23:00:00+00:00,48.156,48.179,47.342,47.655,177497.15
2025-10-29 00:00:00+00:00,47.655,48.169,47.336,47.467,243765.35
2025-10-29 01:00:00+00:00,47.467,48.15,47.403,48.067,196709.54
2025-10-29 02:00:00+00:00,48.067,48.62,47.993,48.222,190656.27
2025-10-29 03:00:00+00:00,48.222,48.251,47.707,47.78,105943.47
2025-10-29 04:00:00+00:00,47.78,48.26,47.718,48.114,136925.15
2025-10-29 05:00:00+00:00,48.114,48.824,47.715,47.947,233758.01
2025-10-29 06:00:00+00:00,47.947,47.986,47.35,47.732,169976.97
2025-10-29 07:00:00+00:00,47.732,47.934,47.441,47.631,175688.07
2025-10-29 08:00:00+00:00,47.631,47.689,46.869,47.379,229192.63
2025-10-29 09:00:00+00:00,47.379,47.632,47.15,47.418,166541.37
2025-10-29 10:00:00+00:00,47.418,48.309,47.223,47.985,256288.79
2025-10-29 11:00:00+00:00,47.985,49.481,47.827,49.174,447306.77
2025-10-29 12:00:00+00:00,49.174,49.436,48.524,48.618,331546.66
2025-10-29 13:00:00+00:00,48.618,49.305,48.33,48.438,391913.69
2025-10-29 14:00:00+00:00,48.438,48.597,47.62,48.018,445082.63
2025-10-29 15:00:00+00:00,48.018,48.156,46.312,46.679,892503.25
2025-10-29 16:00:00+00:00,46.679,47.413,46.363,47.275,438418.3
2025-10-29 17:00:00+00:00,47.275,48.08,46.679,48.009,399675.25
2025-10-29 18:00:00+00:00,48.009,48.159,45.7,47.71,1218435.24
2025-10-29 19:00:00+00:00,47.71,48.869,47.666,47.877,551860.72
2025-10-29 20:00:00+00:00,47.877,49.27,47.33,49.147,515095.81
2025-10-29 21:00:00+00:00,49.147,49.922,48.901,49.006,355061.57
2025-10-29 22:00:00+00:00,49.006,49.202,48.518,48.679,201147.85
2025-10-29 23:00:00+00:00,48.679,48.687,47.401,47.956,468230.82
2025-10-30 00:00:00+00:00,47.956,48.133,47.362,47.947,270094.32
2025-10-30 01:00:00+00:00,47.947,47.994,47.301,47.798,245922.23
2025-10-30 02:00:00+00:00,47.798,48.831,47.612,48.51,265855.3
2025-10-30 03:00:00+00:00,48.51,48.597,48.05,48.445,144124.45
2025-10-30 04:00:00+00:00,48.445,48.494,46.65,46.922,763650.94
2025-10-30 05:00:00+00:00,46.922,48.446,46.738,48.183,439258.0
2025-10-30 06:00:00+00:00,48.183,48.719,47.794,48.31,347104.29
2025-10-30 07:00:00+00:00,48.31,49.77,48.305,49.581,379672.07
2025-10-30 08:00:00+00:00,49.581,50.181,48.963,49.26,629037.39
2025-10-30 09:00:00+00:00,49.26,49.684,48.068,48.426,537147.41
2025-10-30 10:00:00+00:00,48.426,48.596,47.94,48.31,263180.74
2025-10-30 11:00:00+00:00,48.31,48.334,47.393,47.453,316473.85
2025-10-30 12:00:00+00:00,47.453,47.618,46.063,46.328,729618.8
2025-10-30 13:00:00+00:00,46.328,46.749,44.925,46.165,1285055.89
2025-10-30 14:00:00+00:00,46.165,47.44,46.163,46.769,593229.74
2025-10-30 15:00:00+00:00,46.769,46.889,44.582,45.371,924840.29
2025-10-30 16:00:00+00:00,45.371,45.979,44.904,45.93,422563.39
2025-10-30 17:00:00+00:00,45.93,45.93,43.261,44.156,1066914.57
2025-10-30 18:00:00+00:00,44.156,44.578,43.544,43.694,549774.59
2025-10-30 19:00:00+00:00,43.694,44.184,42.638,43.082,849330.61
2025-10-30 20:00:00+00:00,43.082,44.499,42.818,44.417,499576.72
2025-10-30 21:00:00+00:00,44.417,44.744,43.863,44.605,280920.68
2025-10-30 22:00:00+00:00,44.605,45.144,44.404,45.039,345928.48
2025-10-30 23:00:00+00:00,45.039,45.605,44.807,45.359,325462.13
2025-10-31 00:00:00+00:00,45.359,46.043,45.237,45.863,356840.11
2025-10-31 01:00:00+00:00,45.863,46.233,45.686,45.901,289541.37
2025-10-31 02:00:00+00:00,45.901,45.934,44.873,45.067,408663.19
2025-10-31 03:00:00+00:00,45.067,45.268,44.267,44.908,385778.75
2025-10-31 04:00:00+00:00,44.908,45.947,44.722,45.532,398164.01
2025-10-31 05:00:00+00:00,45.532,45.535,44.694,44.791,198520.98
2025-10-31 06:00:00+00:00,44.791,44.889,44.461,44.496,175635.21
2025-10-31 07:00:00+00:00,44.496,44.624,43.8,43.989,326269.59
2025-10-31 08:00:00+00:00,43.989,44.73,43.645,44.718,329566.4
2025-10-31 09:00:00+00:00,44.718,44.978,44.046,44.155,342878.27
2025-10-31 10:00:00+00:00,44.155,44.608,44.115,44.204,151974.57
2025-10-31 11:00:00+00:00,44.204,44.399,43.401,44.307,488830.29
2025-10-31 12:00:00+00:00,44.307,44.519,42.937,43.023,544351.44
2025-10-31 13:00:00+00:00,43.023,44.311,43.023,44.113,531331.6
2025-10-31 14:00:00+00:00,44.113,44.954,43.767,44.832,542530.47
2025-10-31 15:00:00+00:00,44.832,45.152,43.942,43.995,385388.22
2025-10-31 16:00:00+00:00,43.995,44.079,42.9,43.016,431104.85
2025-10-31 17:00:00+00:00,43.016,43.454,42.328,43.149,779263.7
2025-10-31 18:00:00+00:00,43.149,43.576,42.301,42.81,767641.66
2025-10-31 19:00:00+00:00,42.81,43.623,42.464,43.398,375183.2
2025-10-31 20:00:00+00:00,43.398,43.766,43.104,43.347,272834.22
2025-10-31 21:00:00+00:00,43.347,43.944,43.117,43.933,166065.65
2025-10-31 22:00:00+00:00,43.933,44.076,43.546,43.901,162574.93
2025-10-31 23:00:00+00:00,43.901,44.044,43.513,43.65,119578.18
2025-11-01 00:00:00+00:00,43.65,44.211,43.3,44.131,167293.86
2025-11-01 01:00:00+00:00,44.131,44.38,43.0,43.099,345082.16
2025-11-01 02:00:00+00:00,43.099,43.819,42.642,43.613,208755.49
2025-11-01 03:00:00+00:00,43.613,44.238,43.61,44.166,202873.5
2025-11-01 04:00:00+00:00,44.166,44.447,43.759,44.261,181352.05
2025-11-01 05:00:00+00:00,44.261,44.467,43.768,43.903,181317.45
2025-11-01 06:00:00+00:00,43.903,43.94,43.27,43.535,162907.73
2025-11-01 07:00:00+00:00,43.535,43.975,43.376,43.776,150242.63
2025-11-01 08:00:00+00:00,43.776,43.965,43.489,43.814,135052.92
2025-11-01 09:00:00+00:00,43.814,43.868,43.05,43.124,425500.76
2025-11-01 10:00:00+00:00,43.124,43.642,43.039,43.588,228319.79
2025-11-01 11:00:00+00:00,43.588,44.081,43.451,43.676,194218.84
2025-11-01 12:00:00+00:00,43.676,43.827,43.298,43.374,112386.58
2025-11-01 13:00:00+00:00,43.374,43.743,43.136,43.594,133459.82
2025-11-01 14:00:00+00:00,43.594,43.744,42.65,42.871,311537.07
2025-11-01 15:00:00+00:00,42.871,43.381,42.763,43.338,171563.57
2025-11-01 16:00:00+00:00,43.338,43.904,43.119,43.822,199022.16
2025-11-01 17:00:00+00:00,43.822,44.3,43.566,43.763,305597.77
2025-11-01 18:00:00+00:00,43.763,44.196,43.703,43.985,107325.25
2025-11-01 19:00:00+00:00,43.985,44.034,43.368,43.495,96877.88
2025-11-01 20:00:00+00:00,43.495,43.702,43.349,43.506,87343.77
2025-11-01 21:00:00+00:00,43.506,43.546,42.807,42.843,166344.94
2025-11-01 22:00:00+00:00,42.843,43.245,42.817,43.236,96094.37
2025-11-01 23:00:00+00:00,43.236,43.428,43.133,43.246,61434.25
2025-11-02 00:00:00+00:00,43.246,43.253,42.338,42.549,232906.78
2025-11-02 01:00:00+00:00,42.549,42.764,42.171,42.652,185321.56
2025-11-02 02:00:00+00:00,42.652,43.121,42.498,42.569,164654.79
2025-11-02 03:00:00+00:00,42.569,43.01,42.352,43.001,130895.2
2025-11-02 04:00:00+00:00,43.001,43.355,42.893,43.325,134606.1
2025-11-02 05:00:00+00:00,43.325,43.34,42.955,43.105,102377.72
2025-11-02 06:00:00+00:00,43.105,43.315,42.963,43.114,68739.2
2025-11-02 07:00:00+00:00,43.114,43.428,42.552,43.223,194004.39
2025-11-02 08:00:00+00:00,43.223,43.314,42.748,43.012,166657.97
2025-11-02 09:00:00+00:00,43.012,43.433,42.681,42.722,240526.34
2025-11-02 10:00:00+00:00,42.722,42.832,41.313,42.005,845198.4
2025-11-02 11:00:00+00:00,42.005,42.896,41.724,42.866,477388.03
2025-11-02 12:00:00+00:00,42.866,42.999,42.094,42.109,263742.99
2025-11-02 13:00:00+00:00,42.109,42.37,41.821,42.301,194483.28
2025-11-02 14:00:00+00:00,42.301,42.546,41.745,41.904,220020.28
2025-11-02 15:00:00+00:00,41.904,42.172,41.446,41.465,294580.94
2025-11-02 16:00:00+00:00,41.465,41.857,41.04,41.694,409554.98
2025-11-02 17:00:00+00:00,41.694,41.954,41.342,41.622,172461.94
2025-11-02 18:00:00+00:00,41.622,42.054,41.501,41.789,129557.48
2025-11-02 19:00:00+00:00,41.789,41.859,41.2,41.627,129362.02
2025-11-02 20:00:00+00:00,41.627,41.675,41.264,41.62,95018.93
2025-11-02 21:00:00+00:00,41.62,41.966,41.571,41.843,92731.39
2025-11-02 22:00:00+00:00,41.843,41.862,41.501,41.795,58429.17
2025-11-02 23:00:00+00:00,41.795,42.6,41.794,42.417,262742.77
2025-11-03 00:00:00+00:00,42.417,42.73,41.806,41.856,224828.55
2025-11-03 01:00:00+00:00,41.856,42.47,41.709,42.305,175622.47
2025-11-03 02:00:00+00:00,42.305,42.388,41.09,41.512,291380.48
2025-11-03 03:00:00+00:00,41.512,41.72,40.493,40.52,388348.97
2025-11-03 04:00:00+00:00,40.52,40.984,40.136,40.953,460795.64
2025-11-03 05:00:00+00:00,40.953,41.337,40.821,41.124,235556.19
2025-11-03 06:00:00+00:00,41.124,41.498,40.566,41.05,341564.06
2025-11-03 07:00:00+00:00,41.05,41.789,40.8,41.303,282882.39
2025-11-03 08:00:00+00:00,41.303,41.495,40.603,40.652,239224.83
2025-11-03 09:00:00+00:00,40.652,41.164,40.2,40.308,430402.33
2025-11-03 10:00:00+00:00,40.308,40.711,40.196,40.325,260044.38
2025-11-03 11:00:00+00:00,40.325,41.499,40.323,41.36,417091.04
2025-11-03 12:00:00+00:00,41.36,41.899,41.101,41.187,335094.6
2025-11-03 13:00:00+00:00,41.187,41.536,41.024,41.254,217610.54
2025-11-03 14:00:00+00:00,41.254,41.802,40.954,41.76,357698.82
2025-11-03 15:00:00+00:00,41.76,41.806,38.152,39.069,2465812.78
2025-11-03 16:00:00+00:00,39.069,40.301,38.493,40.091,944811.86
2025-11-03 17:00:00+00:00,40.091,41.13,39.87,41.037,402235.56
2025-11-03 18:00:00+00:00,41.037,41.254,40.228,40.255,248252.64
2025-11-03 19:00:00+00:00,40.255,40.517,39.781,39.83,222821.42
2025-11-03 20:00:00+00:00,39.83,39.924,39.005,39.26,372723.87
2025-11-03 21:00:00+00:00,39.26,40.353,39.225,40.269,459827.4
2025-11-03 22:00:00+00:00,40.269,40.333,39.414,39.699,197961.58
2025-11-03 23:00:00+00:00,39.699,40.246,39.324,40.162,159910.39
2025-11-04 00:00:00+00:00,40.162,40.249,39.184,39.76,274588.4
2025-11-04 01:00:00+00:00,39.76,40.16,39.438,39.873,193049.22
2025-11-04 02:00:00+00:00,39.873,40.426,39.742,39.975,176115.79
2025-11-04 03:00:00+00:00,39.975,40.794,39.717,40.53,206366.5
2025-11-04 04:00:00+00:00,40.53,40.758,40.001,40.034,145688.26
2025-11-04 05:00:00+00:00,40.034,40.125,37.301,37.328,834229.78
2025-11-04 06:00:00+00:00,37.328,38.539,36.674,37.727,1253994.11
2025-11-04 07:00:00+00:00,37.727,38.107,37.312,37.927,578710.4
2025-11-04 08:00:00+00:00,37.927,37.932,36.884,37.157,573179.33
2025-11-04 09:00:00+00:00,37.157,37.824,37.037,37.439,357219.84
2025-11-04 10:00:00+00:00,37.439,38.048,37.308,37.796,372266.43
2025-11-04 11:00:00+00:00,37.796,38.349,37.614,38.17,286042.58
2025-11-04 12:00:00+00:00,38.17,38.215,37.387,37.847,282957.59
2025-11-04 13:00:00+00:00,37.847,37.998,37.028,37.576,304314.54
2025-11-04 14:00:00+00:00,37.576,39.202,37.31,38.764,652701.96
2025-11-04 15:00:00+00:00,38.764,40.252,38.76,39.107,853207.72
2025-11-04 16:00:00+00:00,39.107,39.49,37.934,38.189,493387.09
2025-11-04 17:00:00+00:00,38.189,38.763,36.907,37.824,961302.16
2025-11-04 18:00:00+00:00,37.824,38.316,36.395,38.088,1376674.11
2025-11-04 19:00:00+00:00,38.088,38.351,37.047,37.22,666488.65
2025-11-04 20:00:00+00:00,37.22,37.517,35.356,37.088,1858006.85
2025-11-04 21:00:00+00:00,37.088,37.633,35.5,37.58,1318389.65
2025-11-04 22:00:00+00:00,37.58,39.301,37.153,38.618,1090931.65
2025-11-04 23:00:00+00:00,38.618,39.28,38.397,38.978,420642.6
2025-11-05 00:00:00+00:00,38.978,39.246,38.398,38.856,381980.6
2025-11-05 01:00:00+00:00,38.856,38.938,37.41,38.64,716635.95
2025-11-05 02:00:00+00:00,38.64,39.869,38.623,39.84,645168.66
2025-11-05 03:00:00+00:00,39.84,40.428,39.601,40.1,431920.32
2025-11-05 04:00:00+00:00,40.1,40.723,39.902,40.137,349374.2
2025-11-05 05:00:00+00:00,40.137,40.406,39.709,40.166,267652.08
2025-11-05 06:00:00+00:00,40.166,41.03,39.967,40.924,270506.0
2025-11-05 07:00:00+00:00,40.924,40.931,40.104,40.638,228042.44
2025-11-05 08:00:00+00:00,40.638,40.642,39.364,39.984,533025.15
2025-11-05 09:00:00+00:00,39.984,40.629,39.691,40.434,410126.86
2025-11-05 10:00:00+00:00,40.434,40.484,39.84,40.0,182334.32
2025-11-05 11:00:00+00:00,40.0,41.54,39.985,41.527,490742.67
2025-11-05 12:00:00+00:00,41.527,41.552,40.971,41.284,312082.59
2025-11-05 13:00:00+00:00,41.284,41.791,40.87,41.231,399531.25
2025-11-05 14:00:00+00:00,41.231,41.435,40.665,41.241,445118.77
2025-11-05 15:00:00+00:00,41.241,42.19,41.006,42.055,430152.75
2025-11-05 16:00:00+00:00,42.055,42.134,41.252,41.92,461568.68
2025-11-05 17:00:00+00:00,41.92,41.947,41.34,41.524,205247.03
2025-11-05 18:00:00+00:00,41.524,41.95,41.304,41.64,246179.72
2025-11-05 19:00:00+00:00,41.64,41.815,41.284,41.47,167730.49
2025-11-05 20:00:00+00:00,41.47,41.627,40.884,40.949,194693.11
2025-11-05 21:00:00+00:00,40.949,41.234,40.733,41.11,162638.16
2025-11-05 22:00:00+00:00,41.11,41.387,40.985,41.35,86768.19
2025-11-05 23:00:00+00:00,41.35,41.521,41.074,41.32,130828.12
2025-11-06 00:00:00+00:00,41.32,41.32,40.649,41.139,237312.34
2025-11-06 01:00:00+00:00,41.139,41.139,40.369,40.818,212424.89
2025-11-06 02:00:00+00:00,40.818,41.037,40.424,40.687,177590.07
2025-11-06 03:00:00+00:00,40.687,41.237,40.659,40.956,145089.2
2025-11-06 04:00:00+00:00,40.956,41.173,40.878,41.09,110097.72
2025-11-06 05:00:00+00:00,41.09,41.128,39.824,40.02,269175.34
2025-11-06 06:00:00+00:00,40.02,40.263,39.698,39.853,185136.43
2025-11-06 07:00:00+00:00,39.853,40.102,39.455,39.604,266514.4
2025-11-06 08:00:00+00:00,39.604,39.841,39.302,39.588,180479.11
2025-11-06 09:00:00+00:00,39.588,40.44,39.443,39.677,434619.94
2025-11-06 10:00:00+00:00,39.677,40.009,39.313,39.972,270522.06
2025-11-06 11:00:00+00:00,39.972,40.37,39.64,40.349,389223.59
2025-11-06 12:00:00+00:00,40.349,40.383,39.453,39.457,274636.91
2025-11-06 13:00:00+00:00,39.457,40.497,39.448,40.325,269076.44
2025-11-06 14:00:00+00:00,40.325,40.542,39.324,39.371,312465.2
2025-11-06 15:00:00+00:00,39.371,39.788,38.512,38.897,639347.95
2025-11-06 16:00:00+00:00,38.897,39.184,37.561,38.22,913093.89
2025-11-06 17:00:00+00:00,38.22,38.908,37.964,38.836,510209.26
2025-11-06 18:00:00+00:00,38.836,39.061,38.011,38.812,281096.19
2025-11-06 19:00:00+00:00,38.812,38.994,38.372,38.696,192142.69
2025-11-06 20:00:00+00:00,38.696,38.917,38.113,38.614,209961.0
2025-11-06 21:00:00+00:00,38.614,38.948,38.178,38.718,188811.31
2025-11-06 22:00:00+00:00,38.718,38.906,38.338,38.71,132844.5
2025-11-06 23:00:00+00:00,38.71,38.71,38.231,38.459,128650.85
2025-11-07 00:00:00+00:00,38.459,39.375,38.246,39.33,223255.16
2025-11-07 01:00:00+00:00,39.33,39.434,38.192,38.828,291144.73
2025-11-07 02:00:00+00:00,38.828,38.94,38.229,38.894,176289.0
2025-11-07 03:00:00+00:00,38.894,39.273,38.536,38.544,154455.83
2025-11-07 04:00:00+00:00,38.544,38.677,38.128,38.648,192663.56
2025-11-07 05:00:00+00:00,38.648,39.69,38.588,39.623,335318.69
2025-11-07 06:00:00+00:00,39.623,39.761,39.283,39.479,207196.5
2025-11-07 07:00:00+00:00,39.479,40.359,39.371,40.32,242711.97
2025-11-07 08:00:00+00:00,40.32,40.726,39.775,39.972,305725.42
2025-11-07 09:00:00+00:00,39.972,40.068,39.276,39.827,524814.54
2025-11-07 10:00:00+00:00,39.827,39.964,39.16,39.21,256034.84
2025-11-07 11:00:00+00:00,39.21,39.21,38.263,38.81,624079.05
2025-11-07 12:00:00+00:00,38.81,39.043,37.92,38.518,417157.35
2025-11-07 13:00:00+00:00,38.518,39.535,38.393,39.355,353940.27
2025-11-07 14:00:00+00:00,39.355,40.457,38.714,40.341,681542.86
2025-11-07 15:00:00+00:00,40.341,40.804,39.875,40.46,610561.17
2025-11-07 16:00:00+00:00,40.46,41.413,40.161,41.264,650051.93
2025-11-07 17:00:00+00:00,41.264,42.231,41.085,41.876,445022.19
2025-11-07 18:00:00+00:00,41.876,42.37,41.811,42.134,304071.28
2025-11-07 19:00:00+00:00,42.134,42.947,42.054,42.805,298577.87
2025-11-07 20:00:00+00:00,42.805,43.299,42.546,42.993,449391.6
2025-11-07 21:00:00+00:00,42.993,43.054,42.376,42.746,190384.08
2025-11-07 22:00:00+00:00,42.746,42.911,42.517,42.706,117111.26
2025-11-07 23:00:00+00:00,42.706,42.825,42.169,42.183,229765.19
2025-11-08 00:00:00+00:00,42.183,42.518,41.652,41.695,259116.94
2025-11-08 01:00:00+00:00,41.695,42.675,41.676,42.435,252950.67
2025-11-08 02:00:00+00:00,42.435,43.228,42.315,42.548,219317.31
2025-11-08 03:00:00+00:00,42.548,42.847,42.136,42.166,151740.84
2025-11-08 04:00:00+00:00,42.166,42.526,42.143,42.144,113894.57
2025-11-08 05:00:00+00:00,42.144,42.317,41.08,41.288,371386.72
2025-11-08 06:00:00+00:00,41.288,41.347,40.84,41.001,219507.01
2025-11-08 07:00:00+00:00,41.001,41.004,40.344,40.821,408813.35
2025-11-08 08:00:00+00:00,40.821,41.16,40.626,41.003,179858.19
2025-11-08 09:00:00+00:00,41.003,41.12,40.54,40.765,278809.61
2025-11-08 10:00:00+00:00,40.765,41.452,40.698,41.365,132229.46
2025-11-08 11:00:00+00:00,41.365,41.722,40.755,40.788,280686.46
2025-11-08 12:00:00+00:00,40.788,41.444,40.769,41.417,148828.16
2025-11-08 13:00:00+00:00,41.417,41.428,40.459,40.505,174445.86
2025-11-08 14:00:00+00:00,40.505,40.722,40.038,40.568,243621.12
2025-11-08 15:00:00+00:00,40.568,40.592,39.788,40.216,229211.29
2025-11-08 16:00:00+00:00,40.216,40.272,39.662,40.165,242392.97
2025-11-08 17:00:00+00:00,40.165,40.576,40.054,40.337,154774.35
2025-11-08 18:00:00+00:00,40.337,40.907,40.284,40.777,107457.95
2025-11-08 19:00:00+00:00,40.777,40.862,39.824,39.973,189449.52
2025-11-08 20:00:00+00:00,39.973,40.081,39.677,39.86,106719.92
2025-11-08 21:00:00+00:00,39.86,40.215,39.613,40.215,92545.43
2025-11-08 22:00:00+00:00,40.215,40.485,40.126,40.33,112592.85
2025-11-08 23:00:00+00:00,40.33,40.442,40.019,40.107,91879.53
2025-11-09 00:00:00+00:00,40.107,40.224,39.734,39.987,111503.26
2025-11-09 01:00:00+00:00,39.987,40.371,39.933,40.248,64236.74
2025-11-09 02:00:00+00:00,40.248,40.469,39.425,39.58,151381.37
2025-11-09 03:00:00+00:00,39.58,40.071,39.485,40.069,87202.31
2025-11-09 04:00:00+00:00,40.069,40.155,39.756,39.925,80866.87
2025-11-09 05:00:00+00:00,39.925,40.217,39.862,40.149,52789.12
2025-11-09 06:00:00+00:00,40.149,40.244,39.884,39.933,84636.12
2025-11-09 07:00:00+00:00,39.933,40.296,39.824,40.129,73506.96
2025-11-09 08:00:00+00:00,40.129,40.417,39.848,40.051,174868.24
2025-11-09 09:00:00+00:00,40.051,40.298,39.701,39.717,231431.73
2025-11-09 10:00:00+00:00,39.717,39.9,39.155,39.66,353252.73
2025-11-09 11:00:00+00:00,39.66,39.895,39.572,39.692,117251.89
2025-11-09 12:00:00+00:00,39.692,40.084,39.579,39.845,127108.07
2025-11-09 13:00:00+00:00,39.845,40.373,39.801,40.176,167101.73
2025-11-09 14:00:00+00:00,40.176,41.15,40.035,40.318,457286.25
2025-11-09 15:00:00+00:00,40.318,41.297,40.315,40.903,195354.24
2025-11-09 16:00:00+00:00,40.903,41.44,40.544,41.35,126247.61
2025-11-09 17:00:00+00:00,41.35,41.382,40.842,41.146,134492.85
2025-11-09 18:00:00+00:00,41.146,42.117,41.033,42.067,195084.81
2025-11-09 19:00:00+00:00,42.067,42.547,41.717,42.533,217719.46
2025-11-09 20:00:00+00:00,42.533,42.772,41.848,41.989,254982.52
2025-11-09 21:00:00+00:00,41.989,42.106,41.744,41.921,89141.29
2025-11-09 22:00:00+00:00,41.921,42.334,41.743,42.282,89041.69
2025-11-09 23:00:00+00:00,42.282,42.49,41.587,41.774,232343.37
2025-11-10 00:00:00+00:00,41.774,42.751,41.422,42.254,276632.88
2025-11-10 01:00:00+00:00,42.254,42.493,41.607,42.096,254864.4
2025-11-10 02:00:00+00:00,42.096,42.671,41.981,42.632,180250.76
2025-11-10 03:00:00+00:00,42.632,42.965,42.448,42.72,196047.78
2025-11-10 04:00:00+00:00,42.72,42.962,42.515,42.907,109913.13
2025-11-10 05:00:00+00:00,42.907,43.021,42.571,42.926,115741.88
2025-11-10 06:00:00+00:00,42.926,42.999,42.5,42.692,131666.03
2025-11-10 07:00:00+00:00,42.692,43.199,42.626,42.986,138626.79
2025-11-10 08:00:00+00:00,42.986,43.099,42.228,42.437,144610.17
2025-11-10 09:00:00+00:00,42.437,43.086,42.42,42.901,293947.26
2025-11-10 10:00:00+00:00,42.901,42.937,42.044,42.144,161876.91
2025-11-10 11:00:00+00:00,42.144,42.438,41.837,42.078,206581.81
2025-11-10 12:00:00+00:00,42.078,42.096,41.491,41.838,168981.56
2025-11-10 13:00:00+00:00,41.838,42.347,41.788,42.147,156794.03
2025-11-10 14:00:00+00:00,42.147,42.147,41.008,41.476,341258.71
2025-11-10 15:00:00+00:00,41.476,41.782,40.966,41.164,309102.61
2025-11-10 16:00:00+00:00,41.164,41.456,40.781,40.95,204927.7
2025-11-10 17:00:00+00:00,40.95,41.67,40.875,41.658,142793.58
2025-11-10 18:00:00+00:00,41.658,41.761,41.414,41.434,113626.59
2025-11-10 19:00:00+00:00,41.434,41.898,41.34,41.663,106140.29
2025-11-10 20:00:00+00:00,41.663,42.336,41.655,42.184,192892.14
2025-11-10 21:00:00+00:00,42.184,42.184,41.268,41.465,147318.48
2025-11-10 22:00:00+00:00,41.465,41.975,41.304,41.928,74061.77
2025-11-10 23:00:00+00:00,41.928,41.986,41.277,41.396,73171.95
2025-11-11 00:00:00+00:00,41.396,41.443,40.536,40.904,250551.44
2025-11-11 01:00:00+00:00,40.904,41.636,40.825,41.144,258092.83
2025-11-11 02:00:00+00:00,41.144,41.884,40.903,41.54,195396.9
2025-11-11 03:00:00+00:00,41.54,41.929,41.402,41.485,121300.12
2025-11-11 04:00:00+00:00,41.485,41.5,40.693,40.759,177948.2
2025-11-11 05:00:00+00:00,40.759,40.761,40.088,40.131,312581.66
2025-11-11 06:00:00+00:00,40.131,40.329,39.744,40.306,256996.89
2025-11-11 07:00:00+00:00,40.306,40.312,39.657,39.775,207159.26
2025-11-11 08:00:00+00:00,39.775,40.273,39.63,40.135,269235.17
2025-11-11 09:00:00+00:00,40.135,40.424,39.932,39.995,174474.36
2025-11-11 10:00:00+00:00,39.995,40.278,39.962,40.16,105253.27
2025-11-11 11:00:00+00:00,40.16,40.446,40.098,40.275,184109.64
2025-11-11 12:00:00+00:00,40.275,40.395,39.825,39.99,166246.76
2025-11-11 13:00:00+00:00,39.99,40.298,39.92,40.072,140283.47
2025-11-11 14:00:00+00:00,40.072,40.434,39.761,40.401,237911.55
2025-11-11 15:00:00+00:00,40.401,40.406,39.502,39.851,386853.97
2025-11-11 16:00:00+00:00,39.851,39.866,39.347,39.641,319791.04
2025-11-11 17:00:00+00:00,39.641,39.9,39.365,39.669,153813.48
2025-11-11 18:00:00+00:00,39.669,39.775,38.969,39.414,248448.57
2025-11-11 19:00:00+00:00,39.414,39.553,39.171,39.3,133473.72
2025-11-11 20:00:00+00:00,39.3,39.376,38.771,39.014,337600.86
2025-11-11 21:00:00+00:00,39.014,39.375,38.423,38.703,404474.92
2025-11-11 22:00:00+00:00,38.703,39.089,38.541,38.914,112204.89
2025-11-11 23:00:00+00:00,38.914,38.921,38.524,38.633,130553.43
2025-11-12 00:00:00+00:00,38.633,38.92,38.347,38.437,206500.94
2025-11-12 01:00:00+00:00,38.437,38.919,38.41,38.918,147823.6
2025-11-12 02:00:00+00:00,38.918,39.311,38.858,39.118,163888.15
2025-11-12 03:00:00+00:00,39.118,39.233,39.028,39.095,46089.79
2025-11-12 04:00:00+00:00,39.095,39.22,38.872,39.099,88164.14
2025-11-12 05:00:00+00:00,39.099,39.323,38.984,39.009,99485.87
2025-11-12 06:00:00+00:00,39.009,39.641,39.0,39.432,486719.12
2025-11-12 07:00:00+00:00,39.432,39.606,39.164,39.233,124591.81
2025-11-12 08:00:00+00:00,39.233,39.91,39.229,39.771,239574.99
2025-11-12 09:00:00+00:00,39.771,40.004,39.554,39.821,323218.06
2025-11-12 10:00:00+00:00,39.821,40.544,39.776,40.506,397722.03
2025-11-12 11:00:00+00:00,40.506,40.818,40.195,40.434,460759.04
2025-11-12 12:00:00+00:00,40.434,40.65,40.038,40.167,289461.08
2025-11-12 13:00:00+00:00,40.167,40.367,39.807,40.093,269401.1
2025-11-12 14:00:00+00:00,40.093,40.093,38.993,39.295,709453.19
2025-11-12 15:00:00+00:00,39.295,39.555,38.617,38.736,405514.34
2025-11-12 16:00:00+00:00,38.736,38.8,37.461,38.599,1484930.08
2025-11-12 17:00:00+00:00,38.599,39.019,38.196,38.881,378622.25
2025-11-12 18:00:00+00:00,38.881,38.985,38.413,38.418,205087.77
2025-11-12 19:00:00+00:00,38.418,38.565,38.01,38.362,222837.43
2025-11-12 20:00:00+00:00,38.362,38.955,38.163,38.554,210339.08
2025-11-12 21:00:00+00:00,38.554,38.698,38.237,38.521,125207.53
2025-11-12 22:00:00+00:00,38.521,38.525,38.118,38.431,73647.17
2025-11-12 23:00:00+00:00,38.431,38.459,38.124,38.341,105489.44
2025-11-13 00:00:00+00:00,38.341,38.599,38.161,38.386,81867.54
2025-11-13 01:00:00+00:00,38.386,39.083,38.344,38.727,175579.13
2025-11-13 02:00:00+00:00,38.727,38.824,38.413,38.422,88979.02
2025-11-13 03:00:00+00:00,38.422,38.892,37.888,38.521,235027.96
2025-11-13 04:00:00+00:00,38.521,38.728,38.259,38.53,141545.55
2025-11-13 05:00:00+00:00,38.53,39.64,38.35,39.406,254848.05
2025-11-13 06:00:00+00:00,39.406,39.804,39.152,39.496,256055.92
2025-11-13 07:00:00+00:00,39.496,39.829,39.05,39.18,212879.59
2025-11-13 08:00:00+00:00,39.18,39.416,39.066,39.164,114380.83
2025-11-13 09:00:00+00:00,39.164,39.232,38.68,38.763,426119.02
2025-11-13 10:00:00+00:00,38.763,39.12,38.704,38.807,94357.16
2025-11-13 11:00:00+00:00,38.807,39.145,38.807,39.03,79057.57
2025-11-13 12:00:00+00:00,39.03,39.227,38.942,39.095,77904.56
2025-11-13 13:00:00+00:00,39.095,39.109,38.426,38.623,168710.79
2025-11-13 14:00:00+00:00,38.623,39.137,38.21,38.832,288975.84
2025-11-13 15:00:00+00:00,38.832,38.984,38.066,38.332,256598.33
2025-11-13 16:00:00+00:00,38.332,38.477,37.757,37.861,254333.05
2025-11-13 17:00:00+00:00,37.861,37.921,37.202,37.299,356602.83
2025-11-13 18:00:00+00:00,37.299,37.628,36.585,37.628,619015.59
2025-11-13 19:00:00+00:00,37.628,38.043,37.326,37.469,414132.39
2025-11-13 20:00:00+00:00,37.469,37.934,37.11,37.397,347690.45
2025-11-13 21:00:00+00:00,37.397,37.877,37.327,37.75,250816.3
2025-11-13 22:00:00+00:00,37.75,38.49,37.554,38.462,234165.96
2025-11-13 23:00:00+00:00,38.462,39.069,38.282,38.51,219668.97
2025-11-14 00:00:00+00:00,38.51,38.597,37.782,37.964,422861.36
2025-11-14 01:00:00+00:00,37.964,38.223,37.675,37.74,167955.81
2025-11-14 02:00:00+00:00,37.74,38.344,37.727,38.102,155347.61
2025-11-14 03:00:00+00:00,38.102,38.161,37.515,37.793,129483.76
2025-11-14 04:00:00+00:00,37.793,37.8,36.572,37.1,422187.2
2025-11-14 05:00:00+00:00,37.1,37.352,36.923,37.066,313868.96
2025-11-14 06:00:00+00:00,37.066,37.376,36.343,37.348,421254.74
2025-11-14 07:00:00+00:00,37.348,37.898,37.306,37.46,338812.65
2025-11-14 08:00:00+00:00,37.46,37.511,37.0,37.228,176951.96
2025-11-14 09:00:00+00:00,37.228,37.529,36.849,36.941,359192.39
2025-11-14 10:00:00+00:00,36.941,37.726,36.934,37.318,261115.04
2025-11-14 11:00:00+00:00,37.318,37.32,36.64,36.851,230554.56
2025-11-14 12:00:00+00:00,36.851,36.853,35.969,36.66,574786.3
2025-11-14 13:00:00+00:00,36.66,36.887,36.143,36.843,472768.77
2025-11-14 14:00:00+00:00,36.843,38.0,36.654,37.466,812178.16
2025-11-14 15:00:00+00:00,37.466,38.069,37.044,38.0,338963.02
2025-11-14 16:00:00+00:00,38.0,38.28,37.581,37.734,256376.24
2025-11-14 17:00:00+00:00,37.734,37.839,36.736,36.83,284273.27
2025-11-14 18:00:00+00:00,36.83,37.404,36.736,37.338,151610.53
2025-11-14 19:00:00+00:00,37.338,37.959,37.218,37.958,138894.39
2025-11-14 20:00:00+00:00,37.958,37.966,36.994,37.397,178155.09
2025-11-14 21:00:00+00:00,37.397,37.939,37.338,37.858,217493.57
2025-11-14 22:00:00+00:00,37.858,38.588,37.825,38.09,206952.94
2025-11-14 23:00:00+00:00,38.09,38.1,37.041,37.469,348249.78
2025-11-15 00:00:00+00:00,37.469,37.791,37.282,37.601,119973.45
2025-11-15 01:00:00+00:00,37.601,38.116,37.51,38.047,88351.14
2025-11-15 02:00:00+00:00,38.047,38.674,37.912,38.666,187235.63
2025-11-15 03:00:00+00:00,38.666,38.847,38.501,38.798,143016.14
2025-11-15 04:00:00+00:00,38.798,38.8,38.295,38.436,106552.26
2025-11-15 05:00:00+00:00,38.436,38.652,38.299,38.583,88681.09
2025-11-15 06:00:00+00:00,38.583,38.89,38.55,38.72,141834.63
2025-11-15 07:00:00+00:00,38.72,39.298,38.71,39.103,178978.96
2025-11-15 08:00:00+00:00,39.103,39.206,38.755,38.992,145827.41
2025-11-15 09:00:00+00:00,38.992,39.558,38.857,38.925,202399.62
2025-11-15 10:00:00+00:00,38.925,39.192,38.772,38.981,84558.68
2025-11-15 11:00:00+00:00,38.981,39.051,38.429,38.638,128709.06
2025-11-15 12:00:00+00:00,38.638,39.018,38.532,38.757,157837.28
2025-11-15 13:00:00+00:00,38.757,39.044,38.573,39.019,144500.5
2025-11-15 14:00:00+00:00,39.019,39.048,38.484,38.898,125599.06
2025-11-15 15:00:00+00:00,38.898,39.284,38.714,39.186,149480.65
2025-11-15 16:00:00+00:00,39.186,39.188,38.765,39.085,149204.0
2025-11-15 17:00:00+00:00,39.085,39.115,38.512,38.789,136096.2
2025-11-15 18:00:00+00:00,38.789,38.991,38.706,38.783,56794.91
2025-11-15 19:00:00+00:00,38.783,38.92,38.55,38.66,49914.52
2025-11-15 20:00:00+00:00,38.66,38.694,38.295,38.436,75977.29
2025-11-15 21:00:00+00:00,38.436,38.813,38.347,38.356,81217.1
2025-11-15 22:00:00+00:00,38.356,38.622,38.282,38.6,39333.7
2025-11-15 23:00:00+00:00,38.6,38.716,38.451,38.565,64915.41
2025-11-16 00:00:00+00:00,38.565,38.625,38.292,38.44,68310.94
2025-11-16 01:00:00+00:00,38.44,38.618,38.013,38.392,114084.5
2025-11-16 02:00:00+00:00,38.392,38.839,38.249,38.732,103360.9
2025-11-16 03:00:00+00:00,38.732,38.875,38.526,38.642,52998.6
2025-11-16 04:00:00+00:00,38.642,38.94,38.526,38.743,73389.49
2025-11-16 05:00:00+00:00,38.743,38.999,38.74,38.839,53370.89
2025-11-16 06:00:00+00:00,38.839,39.256,38.793,39.105,88409.21
2025-11-16 07:00:00+00:00,39.105,39.283,39.005,39.19,78417.21
2025-11-16 08:00:00+00:00,39.19,39.298,38.983,39.105,102901.96
2025-11-16 09:00:00+00:00,39.105,39.78,38.87,39.732,234827.56
2025-11-16 10:00:00+00:00,39.732,40.461,39.562,40.024,573971.18
2025-11-16 11:00:00+00:00,40.024,40.164,39.048,39.272,611153.34
2025-11-16 12:00:00+00:00,39.272,39.537,38.916,39.1,201041.28
2025-11-16 13:00:00+00:00,39.1,39.22,38.347,38.657,283448.13
2025-11-16 14:00:00+00:00,38.657,38.873,38.542,38.659,167482.52
2025-11-16 15:00:00+00:00,38.659,38.693,38.062,38.174,162694.09
2025-11-16 16:00:00+00:00,38.174,38.506,37.8,37.906,258108.54
2025-11-16 17:00:00+00:00,37.906,37.986,37.458,37.861,249568.37
2025-11-16 18:00:00+00:00,37.861,38.486,37.667,37.873,275795.85
2025-11-16 19:00:00+00:00,37.873,38.338,37.828,38.042,114211.15
2025-11-16 20:00:00+00:00,38.042,38.466,38.001,38.036,61403.29
2025-11-16 21:00:00+00:00,38.036,38.116,37.492,37.844,156484.2
2025-11-16 22:00:00+00:00,37.844,38.494,37.561,38.273,122099.45
2025-11-16 23:00:00+00:00,38.273,38.76,37.717,38.681,261849.98
2025-11-17 00:00:00+00:00,38.681,39.013,38.175,38.857,197674.93
2025-11-17 01:00:00+00:00,38.857,38.979,38.305,38.347,111093.32
2025-11-17 02:00:00+00:00,38.347,38.714,38.233,38.364,135770.02
2025-11-17 03:00:00+00:00,38.364,38.701,38.352,38.695,100963.14
2025-11-17 04:00:00+00:00,38.695,38.742,38.439,38.535,66611.36
2025-11-17 05:00:00+00:00,38.535,38.653,38.216,38.349,95611.28
2025-11-17 06:00:00+00:00,38.349,38.562,38.206,38.497,62741.56
2025-11-17 07:00:00+00:00,38.497,38.662,38.373,38.51,177721.7
2025-11-17 08:00:00+00:00,38.51,38.799,38.506,38.706,101870.96
2025-11-17 09:00:00+00:00,38.706,38.835,38.273,38.794,248782.75
2025-11-17 10:00:00+00:00,38.794,38.927,38.647,38.736,95584.02
2025-11-17 11:00:00+00:00,38.736,39.191,38.697,39.177,223051.15
2025-11-17 12:00:00+00:00,39.177,39.266,38.73,38.79,212837.09
2025-11-17 13:00:00+00:00,38.79,38.815,37.296,37.681,672194.8
2025-11-17 14:00:00+00:00,37.681,38.514,37.444,37.983,391284.75
2025-11-17 15:00:00+00:00,37.983,38.118,37.428,37.514,339443.32
2025-11-17 16:00:00+00:00,37.514,38.104,37.072,38.104,395031.22
2025-11-17 17:00:00+00:00,38.104,38.131,37.37,37.693,220734.89
2025-11-17 18:00:00+00:00,37.693,38.181,37.508,38.028,245621.56
2025-11-17 19:00:00+00:00,38.028,38.052,37.299,37.659,292488.3
2025-11-17 20:00:00+00:00,37.659,38.679,37.537,38.436,344461.86
2025-11-17 21:00:00+00:00,38.436,38.898,38.084,38.275,249777.5
2025-11-17 22:00:00+00:00,38.275,38.525,38.074,38.234,135997.6
2025-11-17 23:00:00+00:00,38.234,39.295,38.172,39.29,232411.75
2025-11-18 00:00:00+00:00,39.29,39.493,38.502,39.2,307007.32
2025-11-18 01:00:00+00:00,39.2,39.794,38.988,39.108,197982.42
2025-11-18 02:00:00+00:00,39.108,40.086,38.672,39.566,396948.13
2025-11-18 03:00:00+00:00,39.566,40.886,39.286,40.391,763818.61
2025-11-18 04:00:00+00:00,40.391,40.583,39.723,40.539,341021.03
2025-11-18 05:00:00+00:00,40.539,41.676,40.313,40.732,566437.85
2025-11-18 06:00:00+00:00,40.732,40.765,39.629,39.717,354301.59
2025-11-18 07:00:00+00:00,39.717,40.52,39.539,40.241,347476.13
2025-11-18 08:00:00+00:00,40.241,41.48,40.219,41.132,397824.38
2025-11-18 09:00:00+00:00,41.132,41.329,40.693,41.278,456012.11
2025-11-18 10:00:00+00:00,41.278,41.363,40.828,41.136,184598.55
2025-11-18 11:00:00+00:00,41.136,41.298,40.724,41.092,238615.5
2025-11-18 12:00:00+00:00,41.092,41.64,40.871,41.125,408920.82
2025-11-18 13:00:00+00:00,41.125,41.202,40.123,40.438,485653.79
2025-11-18 14:00:00+00:00,40.438,40.57,38.295,38.536,1569380.03
2025-11-18 15:00:00+00:00,38.536,39.316,38.386,38.873,822410.22
2025-11-18 16:00:00+00:00,38.873,39.582,38.692,39.044,475578.85
2025-11-18 17:00:00+00:00,39.044,39.06,38.201,38.554,477086.41
2025-11-18 18:00:00+00:00,38.554,38.887,38.31,38.469,207882.33
2025-11-18 19:00:00+00:00,38.469,38.697,38.378,38.588,148148.08
2025-11-18 20:00:00+00:00,38.588,39.09,38.51,38.853,174145.28
2025-11-18 21:00:00+00:00,38.853,39.358,38.719,38.765,248889.38
2025-11-18 22:00:00+00:00,38.765,39.127,38.74,39.024,102348.55
2025-11-18 23:00:00+00:00,39.024,39.102,38.62,38.639,72151.0
2025-11-19 00:00:00+00:00,38.639,38.788,38.23,38.731,198201.34
2025-11-19 01:00:00+00:00,38.731,38.764,38.413,38.763,106678.25
2025-11-19 02:00:00+00:00,38.763,39.083,38.61,38.977,99872.11
2025-11-19 03:00:00+00:00,38.977,38.996,38.287,38.329,147425.14
2025-11-19 04:00:00+00:00,38.329,38.375,37.81,38.101,323042.1
2025-11-19 05:00:00+00:00,38.101,38.321,37.57,37.769,460511.48
2025-11-19 06:00:00+00:00,37.769,38.552,37.654,38.486,275894.4
2025-11-19 07:00:00+00:00,38.486,38.717,38.35,38.598,233544.69
2025-11-19 08:00:00+00:00,38.598,38.704,38.166,38.301,224396.15
2025-11-19 09:00:00+00:00,38.301,38.324,37.922,38.17,263941.44
2025-11-19 10:00:00+00:00,38.17,38.215,38.016,38.037,88452.62
2025-11-19 11:00:00+00:00,38.037,38.308,37.933,38.178,94856.34
2025-11-19 12:00:00+00:00,38.178,38.387,37.944,38.141,122160.44
2025-11-19 13:00:00+00:00,38.141,38.215,37.763,37.809,171366.66
2025-11-19 14:00:00+00:00,37.809,38.126,37.661,38.017,294788.29
2025-11-19 15:00:00+00:00,38.017,38.527,37.25,37.316,658797.69
2025-11-19 16:00:00+00:00,37.316,37.572,37.1,37.387,433338.26
2025-11-19 17:00:00+00:00,37.387,37.861,37.168,37.648,306648.07
2025-11-19 18:00:00+00:00,37.648,37.802,37.235,37.606,272232.95
2025-11-19 19:00:00+00:00,37.606,37.712,37.169,37.618,187494.88
2025-11-19 20:00:00+00:00,37.618,38.423,37.554,38.345,264358.74
2025-11-19 21:00:00+00:00,38.345,38.949,38.067,38.302,494581.91
2025-11-19 22:00:00+00:00,38.302,38.432,38.052,38.337,169177.77
2025-11-19 23:00:00+00:00,38.337,38.891,38.331,38.84,177249.46
2025-11-20 00:00:00+00:00,38.84,39.1,38.363,38.835,216025.92
2025-11-20 01:00:00+00:00,38.835,39.35,38.731,39.144,185806.85
2025-11-20 02:00:00+00:00,39.144,39.431,39.087,39.335,183861.11
2025-11-20 03:00:00+00:00,39.335,39.799,39.249,39.271,259977.61
2025-11-20 04:00:00+00:00,39.271,39.62,38.877,39.576,240710.38
2025-11-20 05:00:00+00:00,39.576,39.71,39.347,39.47,128402.53
2025-11-20 06:00:00+00:00,39.47,39.514,38.919,39.111,233485.36
2025-11-20 07:00:00+00:00,39.111,39.456,39.049,39.43,75902.46
2025-11-20 08:00:00+00:00,39.43,39.472,39.241,39.385,62241.3
2025-11-20 09:00:00+00:00,39.385,39.385,38.963,39.186,253014.84
2025-11-20 10:00:00+00:00,39.186,39.256,38.951,39.194,126593.07
2025-11-20 11:00:00+00:00,39.194,39.303,39.008,39.284,105756.92
2025-11-20 12:00:00+00:00,39.284,39.418,39.14,39.238,124546.24
2025-11-20 13:00:00+00:00,39.238,39.367,38.87,38.947,207084.76
2025-11-20 14:00:00+00:00,38.947,39.137,38.58,38.916,382503.08
2025-11-20 15:00:00+00:00,38.916,38.95,38.371,38.45,240057.64
2025-11-20 16:00:00+00:00,38.45,38.537,37.601,37.96,670754.32
2025-11-20 17:00:00+00:00,37.96,38.246,37.391,38.212,445227.51
2025-11-20 18:00:00+00:00,38.212,38.283,37.42,37.549,351433.67
2025-11-20 19:00:00+00:00,37.549,37.93,37.355,37.879,213381.59
2025-11-20 20:00:00+00:00,37.879,37.879,37.4,37.606,166286.97
2025-11-20 21:00:00+00:00,37.606,38.25,37.597,37.933,189979.79
2025-11-20 22:00:00+00:00,37.933,38.362,37.884,38.33,132220.62
2025-11-20 23:00:00+00:00,38.33,38.377,37.471,37.53,281978.79
2025-11-21 00:00:00+00:00,37.53,38.483,37.52,38.367,239842.99
2025-11-21 01:00:00+00:00,38.367,38.544,37.912,37.948,195553.3
2025-11-21 02:00:00+00:00,37.948,38.089,37.471,37.586,191312.72
2025-11-21 03:00:00+00:00,37.586,37.995,36.791,36.851,624082.14
2025-11-21 04:00:00+00:00,36.851,37.046,36.539,37.017,272101.51
2025-11-21 05:00:00+00:00,37.017,37.265,36.547,36.635,198489.49
2025-11-21 06:00:00+00:00,36.635,36.848,35.563,35.581,701478.9
2025-11-21 07:00:00+00:00,35.581,35.62,32.674,34.263,2394235.06
2025-11-21 08:00:00+00:00,34.263,34.818,33.983,34.257,865687.13
2025-11-21 09:00:00+00:00,34.257,34.549,33.064,33.428,915125.2
2025-11-21 10:00:00+00:00,33.428,33.688,32.273,32.911,994963.52
2025-11-21 11:00:00+00:00,32.911,33.376,32.224,32.473,593999.78
2025-11-21 12:00:00+00:00,32.473,33.56,31.624,33.229,1313915.26
2025-11-21 13:00:00+00:00,33.229,33.81,32.892,33.208,850334.64
2025-11-21 14:00:00+00:00,33.208,34.1,32.768,34.031,1118313.06
2025-11-21 15:00:00+00:00,34.031,34.158,32.672,32.839,691308.4
2025-11-21 16:00:00+00:00,32.839,34.328,32.074,34.289,1136434.98
2025-11-21 17:00:00+00:00,34.289,34.548,33.189,33.279,808278.56
2025-11-21 18:00:00+00:00,33.279,33.372,32.724,33.044,627565.21
2025-11-21 19:00:00+00:00,33.044,33.785,32.979,33.493,361679.69
2025-11-21 20:00:00+00:00,33.493,33.833,33.257,33.716,284052.91
2025-11-21 21:00:00+00:00,33.716,34.298,33.426,33.965,275909.82
2025-11-21 22:00:00+00:00,33.965,34.039,33.071,33.074,317195.89
2025-11-21 23:00:00+00:00,33.074,33.925,32.992,33.829,268651.81
2025-11-22 00:00:00+00:00,33.829,33.953,33.446,33.77,192783.75
2025-11-22 01:00:00+00:00,33.77,34.29,33.731,34.285,179160.43
2025-11-22 02:00:00+00:00,34.285,34.324,33.879,34.222,125625.57
2025-11-22 03:00:00+00:00,34.222,34.239,33.82,33.868,100583.44
2025-11-22 04:00:00+00:00,33.868,33.934,33.184,33.513,184375.36
2025-11-22 05:00:00+00:00,33.513,34.152,33.309,33.73,353779.02
2025-11-22 06:00:00+00:00,33.73,34.517,33.534,34.491,206127.31
2025-11-22 07:00:00+00:00,34.491,34.494,33.879,33.92,178133.26
2025-11-22 08:00:00+00:00,33.92,33.925,33.269,33.308,192425.51
2025-11-22 09:00:00+00:00,33.308,33.661,33.031,33.114,400677.25
2025-11-22 10:00:00+00:00,33.114,33.339,32.702,32.851,297375.78
2025-11-22 11:00:00+00:00,32.851,33.295,32.777,32.872,170417.85
2025-11-22 12:00:00+00:00,32.872,32.928,32.477,32.657,323978.56
2025-11-22 13:00:00+00:00,32.657,32.886,32.0,32.27,434863.28
2025-11-22 14:00:00+00:00,32.27,32.769,32.263,32.593,286237.79
2025-11-22 15:00:00+00:00,32.593,32.715,31.87,31.9,411090.8
2025-11-22 16:00:00+00:00,31.9,32.005,31.286,31.58,719505.85
2025-11-22 17:00:00+00:00,31.58,31.716,31.047,31.082,300741.85
2025-11-22 18:00:00+00:00,31.082,31.305,30.548,30.789,541385.33
2025-11-22 19:00:00+00:00,30.789,31.373,30.475,30.508,442262.26
2025-11-22 20:00:00+00:00,30.508,30.638,29.15,29.958,1888527.87
2025-11-22 21:00:00+00:00,29.958,30.329,29.727,29.997,521650.35
2025-11-22 22:00:00+00:00,29.997,30.539,29.606,30.497,475531.33
2025-11-22 23:00:00+00:00,30.497,30.563,29.611,29.971,598271.73
2025-11-23 00:00:00+00:00,29.971,30.328,29.612,30.3,426396.95
2025-11-23 01:00:00+00:00,30.3,31.53,30.224,31.199,675046.51
2025-11-23 02:00:00+00:00,31.199,31.511,30.727,31.14,532683.12
2025-11-23 03:00:00+00:00,31.14,31.524,30.995,31.244,295791.09
2025-11-23 04:00:00+00:00,31.244,31.75,31.153,31.482,266952.88
2025-11-23 05:00:00+00:00,31.482,31.725,31.379,31.702,149696.75
2025-11-23 06:00:00+00:00,31.702,31.835,31.0,31.145,311557.39
2025-11-23 07:00:00+00:00,31.145,31.183,30.354,30.868,421837.98
2025-11-23 08:00:00+00:00,30.868,31.185,30.709,31.063,332624.12
2025-11-23 09:00:00+00:00,31.063,31.609,30.961,31.528,313851.57
2025-11-23 10:00:00+00:00,31.528,31.588,31.268,31.378,211975.14
2025-11-23 11:00:00+00:00,31.378,31.688,31.29,31.541,143009.08
2025-11-23 12:00:00+00:00,31.541,32.04,31.223,31.354,512048.55
2025-11-23 13:00:00+00:00,31.354,31.368,30.834,31.243,349841.47
2025-11-23 14:00:00+00:00,31.243,31.414,30.6,30.717,282890.14
2025-11-23 15:00:00+00:00,30.717,31.262,30.604,31.171,221754.41
2025-11-23 16:00:00+00:00,31.171,31.213,30.24,30.263,314699.83
2025-11-23 17:00:00+00:00,30.263,30.734,30.252,30.6,256426.44
2025-11-23 18:00:00+00:00,30.6,30.874,30.532,30.796,218846.31
2025-11-23 19:00:00+00:00,30.796,31.219,30.702,31.001,184656.89
2025-11-23 20:00:00+00:00,31.001,31.9,30.857,31.849,374548.03
2025-11-23 21:00:00+00:00,31.849,32.498,31.512,32.256,448628.82
2025-11-23 22:00:00+00:00,32.256,32.635,31.982,32.318,297460.54
2025-11-23 23:00:00+00:00,32.318,32.348,31.481,31.862,415741.67
2025-11-24 00:00:00+00:00,31.862,32.215,31.5,31.832,313290.81
2025-11-24 01:00:00+00:00,31.832,32.764,31.706,32.699,248620.35
2025-11-24 02:00:00+00:00,32.699,33.699,32.642,33.652,554421.39
2025-11-24 03:00:00+00:00,33.652,33.745,32.954,33.062,267663.1
2025-11-24 04:00:00+00:00,33.062,33.069,31.179,31.493,772566.38
2025-11-24 05:00:00+00:00,31.493,32.166,31.408,31.578,354493.56
2025-11-24 06:00:00+00:00,31.578,31.612,31.114,31.494,268384.66
2025-11-24 07:00:00+00:00,31.494,31.821,31.324,31.565,171864.78
2025-11-24 08:00:00+00:00,31.565,31.691,31.18,31.45,185926.42
2025-11-24 09:00:00+00:00,31.45,31.627,31.015,31.516,292561.45
2025-11-24 10:00:00+00:00,31.516,31.794,31.487,31.683,183818.34
2025-11-24 11:00:00+00:00,31.683,31.748,31.178,31.198,181950.78
2025-11-24 12:00:00+00:00,31.198,31.281,30.412,30.533,356997.71
2025-11-24 13:00:00+00:00,30.533,31.492,30.456,31.146,334975.48
2025-11-24 14:00:00+00:00,31.146,31.932,30.892,31.134,511596.32
2025-11-24 15:00:00+00:00,31.134,31.25,30.604,31.014,417193.0
2025-11-24 16:00:00+00:00,31.014,31.495,31.014,31.135,260464.67
2025-11-24 17:00:00+00:00,31.135,31.903,31.097,31.865,431683.12
2025-11-24 18:00:00+00:00,31.865,32.38,31.859,32.234,378988.72
2025-11-24 19:00:00+00:00,32.234,32.454,32.065,32.436,194173.27
2025-11-24 20:00:00+00:00,32.436,32.979,32.436,32.874,335629.44
2025-11-24 21:00:00+00:00,32.874,32.913,32.372,32.417,183178.82
2025-11-24 22:00:00+00:00,32.417,33.664,32.401,33.385,307589.01
2025-11-24 23:00:00+00:00,33.385,34.629,33.16,33.706,849967.94
2025-11-25 00:00:00+00:00,33.706,33.719,33.076,33.267,365045.46
2025-11-25 01:00:00+00:00,33.267,33.791,33.085,33.114,246386.27
2025-11-25 02:00:00+00:00,33.114,33.242,32.577,33.035,323861.85
2025-11-25 03:00:00+00:00,33.035,33.154,32.2,32.589,335067.1
2025-11-25 04:00:00+00:00,32.589,32.882,32.506,32.681,177167.19
2025-11-25 05:00:00+00:00,32.681,32.778,32.415,32.656,133116.04
2025-11-25 06:00:00+00:00,32.656,32.661,31.95,32.113,258714.25
2025-11-25 07:00:00+00:00,32.113,32.232,31.774,31.874,216062.85
2025-11-25 08:00:00+00:00,31.874,33.695,31.874,32.916,685959.93
2025-11-25 09:00:00+00:00,32.916,34.418,32.489,34.332,830387.1
2025-11-25 10:00:00+00:00,34.332,34.476,32.509,32.697,1139021.49
2025-11-25 11:00:00+00:00,32.697,32.789,32.352,32.509,180080.62
2025-11-25 12:00:00+00:00,32.509,32.994,32.445,32.755,237104.76
2025-11-25 13:00:00+00:00,32.755,33.149,32.241,32.39,301192.6
2025-11-25 14:00:00+00:00,32.39,32.82,31.791,32.152,410194.14
2025-11-25 15:00:00+00:00,32.152,32.627,31.913,32.259,243449.47
2025-11-25 16:00:00+00:00,32.259,32.486,31.97,32.232,241109.35
2025-11-25 17:00:00+00:00,32.232,32.723,32.057,32.437,246294.44
2025-11-25 18:00:00+00:00,32.437,32.51,32.211,32.258,94646.6
2025-11-25 19:00:00+00:00,32.258,32.378,31.794,32.338,288186.47
2025-11-25 20:00:00+00:00,32.338,32.858,32.149,32.69,209448.57
2025-11-25 21:00:00+00:00,32.69,32.943,32.524,32.671,136214.16
2025-11-25 22:00:00+00:00,32.671,33.3,32.323,33.24,190806.71
2025-11-25 23:00:00+00:00,33.24,33.936,33.136,33.713,346982.94
2025-11-26 00:00:00+00:00,33.713,34.286,33.612,34.055,250371.88
2025-11-26 01:00:00+00:00,34.055,34.438,33.869,34.252,244548.8
2025-11-26 02:00:00+00:00,34.252,34.631,34.009,34.189,314078.05
2025-11-26 03:00:00+00:00,34.189,34.338,33.773,33.897,320929.11
2025-11-26 04:00:00+00:00,33.897,34.043,33.605,33.999,171845.61
2025-11-26 05:00:00+00:00,33.999,34.785,33.972,34.626,312733.07
2025-11-26 06:00:00+00:00,34.626,35.04,34.44,34.488,390029.1
2025-11-26 07:00:00+00:00,34.488,34.796,34.296,34.732,243128.67
2025-11-26 08:00:00+00:00,34.732,34.773,34.457,34.554,137332.77
2025-11-26 09:00:00+00:00,34.554,34.617,33.846,33.909,249617.48
2025-11-26 10:00:00+00:00,33.909,33.99,33.574,33.76,197132.41
2025-11-26 11:00:00+00:00,33.76,34.011,33.648,33.683,114745.07
2025-11-26 12:00:00+00:00,33.683,33.714,32.988,33.328,280699.35
2025-11-26 13:00:00+00:00,33.328,33.961,33.201,33.739,235125.01
2025-11-26 14:00:00+00:00,33.739,34.287,33.582,33.737,272337.14
2025-11-26 15:00:00+00:00,33.737,34.158,33.659,33.822,203724.67
2025-11-26 16:00:00+00:00,33.822,34.508,33.762,34.349,235456.14
2025-11-26 17:00:00+00:00,34.349,35.378,34.215,35.358,521279.87
2025-11-26 18:00:00+00:00,35.358,35.65,35.013,35.244,447300.29
2025-11-26 19:00:00+00:00,35.244,35.394,34.903,35.192,180455.16
2025-11-26 20:00:00+00:00,35.192,35.77,34.803,35.707,218274.43
2025-11-26 21:00:00+00:00,35.707,36.299,35.546,36.136,307349.51
2025-11-26 22:00:00+00:00,36.136,36.338,35.866,36.284,252045.39
2025-11-26 23:00:00+00:00,36.284,36.314,35.676,36.224,221723.19
2025-11-27 00:00:00+00:00,36.224,36.224,35.696,35.953,162656.26
2025-11-27 01:00:00+00:00,35.953,36.523,35.801,36.322,199650.55
2025-11-27 02:00:00+00:00,36.322,36.456,36.105,36.142,207620.6
2025-11-27 03:00:00+00:00,36.142,36.217,35.532,35.656,251086.22
2025-11-27 04:00:00+00:00,35.656,35.916,35.471,35.582,113276.05
2025-11-27 05:00:00+00:00,35.582,35.626,35.284,35.329,144704.08
2025-11-27 06:00:00+00:00,35.329,35.67,35.329,35.387,83125.62
2025-11-27 07:00:00+00:00,35.387,35.608,35.304,35.542,94964.43
2025-11-27 08:00:00+00:00,35.542,35.617,35.167,35.416,167879.88
2025-11-27 09:00:00+00:00,35.416,35.535,35.223,35.299,115341.33
2025-11-27 10:00:00+00:00,35.299,35.311,34.889,34.996,147869.62
2025-11-27 11:00:00+00:00,34.996,35.008,34.474,34.79,346421.57
2025-11-27 12:00:00+00:00,34.79,34.953,34.539,34.631,135659.55
2025-11-27 13:00:00+00:00,34.631,34.93,34.614,34.85,102989.81
2025-11-27 14:00:00+00:00,34.85,34.876,34.531,34.692,112133.08
2025-11-27 15:00:00+00:00,34.692,34.796,34.487,34.7,93975.75
2025-11-27 16:00:00+00:00,34.7,35.485,34.519,35.352,271436.33
2025-11-27 17:00:00+00:00,35.352,35.756,35.224,35.475,202612.62
2025-11-27 18:00:00+00:00,35.475,35.788,35.306,35.788,104096.88
2025-11-27 19:00:00+00:00,35.788,35.807,35.544,35.711,53685.11
2025-11-27 20:00:00+00:00,35.711,35.977,35.454,35.489,121942.53
2025-11-27 21:00:00+00:00,35.489,35.604,35.019,35.074,134988.11
2025-11-27 22:00:00+00:00,35.074,35.173,34.653,34.725,143875.08
2025-11-27 23:00:00+00:00,34.725,34.915,34.638,34.705,129306.45
2025-11-28 00:00:00+00:00,34.705,34.839,34.447,34.473,140842.31
2025-11-28 01:00:00+00:00,34.473,34.568,34.073,34.204,158800.9
2025-11-28 02:00:00+00:00,34.204,34.267,33.733,34.086,204493.02
2025-11-28 03:00:00+00:00,34.086,34.859,34.04,34.856,199428.15
2025-11-28 04:00:00+00:00,34.856,35.522,34.675,35.283,267588.05
2025-11-28 05:00:00+00:00,35.283,35.489,34.958,35.151,159872.89
2025-11-28 06:00:00+00:00,35.151,35.151,34.782,34.813,105104.64
2025-11-28 07:00:00+00:00,34.813,34.883,34.46,34.646,133485.26
2025-11-28 08:00:00+00:00,34.646,35.088,34.61,35.07,151078.45
2025-11-28 09:00:00+00:00,35.07,35.876,35.009,35.74,365444.09
2025-11-28 10:00:00+00:00,35.74,36.289,35.592,36.073,248105.68
2025-11-28 11:00:00+00:00,36.073,36.206,35.655,35.941,199540.04
2025-11-28 12:00:00+00:00,35.941,36.146,35.682,35.799,136675.51
2025-11-28 13:00:00+00:00,35.799,36.283,35.575,36.184,159028.86
2025-11-28 14:00:00+00:00,36.184,36.77,35.988,36.426,385687.79
2025-11-28 15:00:00+00:00,36.426,36.494,35.295,35.477,302711.09
2025-11-28 16:00:00+00:00,35.477,35.583,34.714,34.757,461086.36
2025-11-28 17:00:00+00:00,34.757,34.859,34.503,34.667,244456.13
2025-11-28 18:00:00+00:00,34.667,34.94,34.138,34.441,254624.62
2025-11-28 19:00:00+00:00,34.441,34.744,34.374,34.538,145439.56
2025-11-28 20:00:00+00:00,34.538,34.663,34.345,34.632,99666.74
2025-11-28 21:00:00+00:00,34.632,34.68,34.287,34.439,88584.09
2025-11-28 22:00:00+00:00,34.439,35.009,34.256,34.959,131928.11
2025-11-28 23:00:00+00:00,34.959,35.297,34.791,34.905,184972.11
2025-11-29 00:00:00+00:00,34.905,35.142,34.817,35.064,167882.46
2025-11-29 01:00:00+00:00,35.064,35.091,34.733,34.95,106123.44
2025-11-29 02:00:00+00:00,34.95,35.063,34.565,34.719,157361.71
2025-11-29 03:00:00+00:00,34.719,34.868,34.616,34.801,92907.39
2025-11-29 04:00:00+00:00,34.801,34.908,34.353,34.758,196581.66
2025-11-29 05:00:00+00:00,34.758,35.071,34.61,34.83,201668.74
2025-11-29 06:00:00+00:00,34.83,34.831,34.068,34.475,308318.0
2025-11-29 07:00:00+00:00,34.475,36.428,34.245,35.934,1035864.23
2025-11-29 08:00:00+00:00,35.934,36.028,35.275,35.416,313521.86
2025-11-29 09:00:00+00:00,35.416,35.696,35.286,35.457,187053.62
2025-11-29 10:00:00+00:00,35.457,35.932,35.235,35.479,227599.0
2025-11-29 11:00:00+00:00,35.479,35.734,35.192,35.691,164388.13
2025-11-29 12:00:00+00:00,35.691,36.22,35.611,35.984,329599.57
2025-11-29 13:00:00+00:00,35.984,36.135,35.763,35.972,202620.48
2025-11-29 14:00:00+00:00,35.972,35.974,34.89,35.046,251532.8
2025-11-29 15:00:00+00:00,35.046,35.139,34.488,34.743,472258.01
2025-11-29 16:00:00+00:00,34.743,35.035,34.583,34.905,185345.56
2025-11-29 17:00:00+00:00,34.905,35.059,34.312,34.44,217970.27
2025-11-29 18:00:00+00:00,34.44,34.797,34.012,34.61,297046.77
2025-11-29 19:00:00+00:00,34.61,34.706,34.318,34.453,75757.55
2025-11-29 20:00:00+00:00,34.453,34.635,34.17,34.591,100359.26
2025-11-29 21:00:00+00:00,34.591,34.73,34.373,34.654,95627.18
2025-11-29 22:00:00+00:00,34.654,34.737,34.439,34.499,53569.65
2025-11-29 23:00:00+00:00,34.499,34.504,34.268,34.312,89883.4
2025-11-30 00:00:00+00:00,34.312,34.544,33.981,34.117,201701.01
2025-11-30 01:00:00+00:00,34.117,34.471,34.109,34.289,119708.82
2025-11-30 02:00:00+00:00,34.289,34.452,34.221,34.258,38144.79
2025-11-30 03:00:00+00:00,34.258,34.442,33.993,34.269,80495.44
2025-11-30 04:00:00+00:00,34.269,34.32,34.055,34.1,67419.44
2025-11-30 05:00:00+00:00,34.1,34.102,33.454,33.57,263812.84
2025-11-30 06:00:00+00:00,33.57,33.918,33.322,33.688,314295.92
2025-11-30 07:00:00+00:00,33.688,34.011,33.615,33.956,110223.21
2025-11-30 08:00:00+00:00,33.956,34.05,33.831,33.981,102151.76
2025-11-30 09:00:00+00:00,33.981,34.036,33.684,33.814,105468.39
2025-11-30 10:00:00+00:00,33.814,33.872,33.204,33.224,231041.88
2025-11-30 11:00:00+00:00,33.224,33.318,32.888,32.989,234056.41
2025-11-30 12:00:00+00:00,32.989,33.278,32.861,33.134,198230.51
2025-11-30 13:00:00+00:00,33.134,33.769,33.133,33.582,323477.22
2025-11-30 14:00:00+00:00,33.582,33.627,33.118,33.207,157024.59
2025-11-30 15:00:00+00:00,33.207,33.207,32.889,33.028,163043.78
2025-11-30 16:00:00+00:00,33.028,33.584,33.028,33.556,127222.79
2025-11-30 17:00:00+00:00,33.556,33.738,33.356,33.701,163038.14
2025-11-30 18:00:00+00:00,33.701,33.959,33.523,33.894,111370.36
2025-11-30 19:00:00+00:00,33.894,33.956,33.637,33.715,76451.85
2025-11-30 20:00:00+00:00,33.715,33.816,33.302,33.327,112957.24
2025-11-30 21:00:00+00:00,33.327,33.382,33.132,33.146,82968.83
2025-11-30 22:00:00+00:00,33.146,33.264,32.679,32.766,175421.39
2025-11-30 23:00:00+00:00,32.766,32.777,31.823,31.925,486381.13
2025-12-01 00:00:00+00:00,31.925,32.054,30.573,30.592,912739.3
2025-12-01 01:00:00+00:00,30.592,31.357,30.473,31.227,511318.22
2025-12-01 02:00:00+00:00,31.227,31.692,31.135,31.645,376649.64
2025-12-01 03:00:00+00:00,31.645,31.687,30.657,30.742,479552.82
2025-12-01 04:00:00+00:00,30.742,30.825,30.48,30.497,250809.2
2025-12-01 05:00:00+00:00,30.497,30.76,30.27,30.428,372908.6
2025-12-01 06:00:00+00:00,30.428,30.755,30.404,30.727,146534.57
2025-12-01 07:00:00+00:00,30.727,31.217,30.681,31.18,217222.93
2025-12-01 08:00:00+00:00,31.18,31.373,30.771,31.132,205620.25
2025-12-01 09:00:00+00:00,31.132,31.354,30.92,31.047,184929.23
2025-12-01 10:00:00+00:00,31.047,31.427,30.997,31.237,233584.48
2025-12-01 11:00:00+00:00,31.237,31.237,30.557,30.611,258782.63
2025-12-01 12:00:00+00:00,30.611,30.797,29.827,30.22,551717.97
2025-12-01 13:00:00+00:00,30.22,30.565,29.101,29.579,792448.9
2025-12-01 14:00:00+00:00,29.579,30.076,29.186,29.731,534955.43
2025-12-01 15:00:00+00:00,29.731,29.947,29.376,29.736,465618.68
2025-12-01 16:00:00+00:00,29.736,29.752,29.22,29.523,299401.84
2025-12-01 17:00:00+00:00,29.523,29.783,29.356,29.553,190123.44
2025-12-01 18:00:00+00:00,29.553,29.967,29.527,29.66,203326.82
2025-12-01 19:00:00+00:00,29.66,29.768,29.358,29.518,167862.14
2025-12-01 20:00:00+00:00,29.518,30.257,29.509,30.221,383952.45
2025-12-01 21:00:00+00:00,30.221,30.646,30.144,30.58,325239.86
2025-12-01 22:00:00+00:00,30.58,31.229,30.561,31.181,376446.32
2025-12-01 23:00:00+00:00,31.181,31.452,30.964,30.988,334915.67
2025-12-02 00:00:00+00:00,30.988,31.5,30.584,30.723,417487.23
2025-12-02 01:00:00+00:00,30.723,31.163,30.316,30.397,360267.8
2025-12-02 02:00:00+00:00,30.397,30.875,30.327,30.591,200575.58
2025-12-02 03:00:00+00:00,30.591,31.168,30.558,31.04,249435.09
2025-12-02 04:00:00+00:00,31.04,31.381,30.88,31.09,168783.78
2025-12-02 05:00:00+00:00,31.09,31.36,30.966,31.308,222351.05
2025-12-02 06:00:00+00:00,31.308,31.819,31.092,31.779,296950.81
2025-12-02 07:00:00+00:00,31.779,31.962,31.591,31.669,212906.78
2025-12-02 08:00:00+00:00,31.669,31.76,31.079,31.226,239175.39
2025-12-02 09:00:00+00:00,31.226,31.464,31.112,31.277,203846.08
2025-12-02 10:00:00+00:00,31.277,31.998,31.27,31.865,298702.33
2025-12-02 11:00:00+00:00,31.865,31.957,31.674,31.793,173536.2
2025-12-02 12:00:00+00:00,31.793,32.04,31.726,31.864,134381.32
2025-12-02 13:00:00+00:00,31.864,32.524,31.79,32.087,395387.01
2025-12-02 14:00:00+00:00,32.087,33.41,31.438,32.592,2156253.76
2025-12-02 15:00:00+00:00,32.592,33.09,32.261,32.96,1027827.6
2025-12-02 16:00:00+00:00,32.96,33.693,32.627,32.739,620873.14
2025-12-02 17:00:00+00:00,32.739,33.212,32.603,32.788,241208.0
2025-12-02 18:00:00+00:00,32.788,33.375,32.748,33.37,187266.88
2025-12-02 19:00:00+00:00,33.37,33.7,33.046,33.075,267607.08
2025-12-02 20:00:00+00:00,33.075,33.124,32.587,32.819,217323.81
2025-12-02 21:00:00+00:00,32.819,32.981,32.719,32.882,189045.66
2025-12-02 22:00:00+00:00,32.882,33.698,32.759,33.688,182491.97
2025-12-02 23:00:00+00:00,33.688,34.383,33.613,33.837,457769.86
2025-12-03 00:00:00+00:00,33.837,33.973,33.423,33.474,188739.91
2025-12-03 01:00:00+00:00,33.474,33.786,33.335,33.522,209260.03
2025-12-03 02:00:00+00:00,33.522,33.98,33.492,33.734,234974.59
2025-12-03 03:00:00+00:00,33.734,34.783,33.663,34.197,375434.95
2025-12-03 04:00:00+00:00,34.197,34.7,34.174,34.604,249075.23
2025-12-03 05:00:00+00:00,34.604,35.363,34.463,34.463,435956.13
2025-12-03 06:00:00+00:00,34.463,34.729,34.127,34.214,343188.12
2025-12-03 07:00:00+00:00,34.214,34.384,34.017,34.205,183700.01
2025-12-03 08:00:00+00:00,34.205,34.446,34.001,34.103,165113.33
2025-12-03 09:00:00+00:00,34.103,34.55,34.06,34.461,164002.09
2025-12-03 10:00:00+00:00,34.461,34.601,33.752,33.799,242215.79
2025-12-03 11:00:00+00:00,33.799,34.04,33.426,33.745,346813.15
2025-12-03 12:00:00+00:00,33.745,33.968,33.593,33.954,124276.87
2025-12-03 13:00:00+00:00,33.954,34.274,33.886,33.999,184473.79
2025-12-03 14:00:00+00:00,33.999,34.686,33.422,33.845,561285.2
2025-12-03 15:00:00+00:00,33.845,34.262,33.631,34.023,305371.0
2025-12-03 16:00:00+00:00,34.023,34.495,33.846,34.114,264740.01
2025-12-03 17:00:00+00:00,34.114,34.459,33.897,34.412,198957.64
2025-12-03 18:00:00+00:00,34.412,34.578,33.983,34.122,227893.4
2025-12-03 19:00:00+00:00,34.122,34.766,34.039,34.731,212232.87
2025-12-03 20:00:00+00:00,34.731,34.894,34.267,34.538,185928.17
2025-12-03 21:00:00+00:00,34.538,35.1,34.526,35.071,144230.35
2025-12-03 22:00:00+00:00,35.071,35.097,34.618,34.877,135096.96
2025-12-03 23:00:00+00:00,34.877,35.007,34.539,34.636,130862.85
2025-12-04 00:00:00+00:00,34.636,35.177,34.22,35.076,319952.61
2025-12-04 01:00:00+00:00,35.076,35.818,34.934,35.777,307264.82
2025-12-04 02:00:00+00:00,35.777,36.162,35.639,35.909,319543.37
2025-12-04 03:00:00+00:00,35.909,36.015,35.27,35.552,143666.94
2025-12-04 04:00:00+00:00,35.552,35.556,35.159,35.356,182718.57
2025-12-04 05:00:00+00:00,35.356,35.387,34.736,34.835,224189.59
2025-12-04 06:00:00+00:00,34.835,35.137,34.8,34.972,105989.98
2025-12-04 07:00:00+00:00,34.972,35.223,34.62,35.208,194886.16
2025-12-04 08:00:00+00:00,35.208,35.344,34.782,34.805,153187.14
2025-12-04 09:00:00+00:00,34.805,35.043,34.756,34.866,114973.15
2025-12-04 10:00:00+00:00,34.866,34.975,34.705,34.733,64335.73
2025-12-04 11:00:00+00:00,34.733,34.947,34.545,34.73,138169.35
2025-12-04 12:00:00+00:00,34.73,34.78,34.25,34.423,148516.11
2025-12-04 13:00:00+00:00,34.423,34.524,34.183,34.368,132463.01
2025-12-04 14:00:00+00:00,34.368,34.696,33.978,34.083,205598.07
2025-12-04 15:00:00+00:00,34.083,34.943,34.075,34.528,266450.58
2025-12-04 16:00:00+00:00,34.528,34.894,34.247,34.54,188065.14
2025-12-04 17:00:00+00:00,34.54,34.593,33.95,34.297,237785.09
2025-12-04 18:00:00+00:00,34.297,34.357,33.766,33.801,178916.67
2025-12-04 19:00:00+00:00,33.801,33.859,33.187,33.46,401499.54
2025-12-04 20:00:00+00:00,33.46,33.678,33.218,33.523,155050.45
2025-12-04 21:00:00+00:00,33.523,33.688,33.048,33.163,182191.52
2025-12-04 22:00:00+00:00,33.163,33.547,33.161,33.488,125282.18
2025-12-04 23:00:00+00:00,33.488,33.579,33.341,33.504,89681.08
2025-12-05 00:00:00+00:00,33.504,33.56,33.286,33.354,92174.73
2025-12-05 01:00:00+00:00,33.354,33.72,33.242,33.666,125581.71
2025-12-05 02:00:00+00:00,33.666,33.869,33.6,33.726,163727.81
2025-12-05 03:00:00+00:00,33.726,33.746,33.391,33.676,261890.47
2025-12-05 04:00:00+00:00,33.676,33.812,33.293,33.392,255795.35
2025-12-05 05:00:00+00:00,33.392,33.52,33.367,33.512,61583.93
2025-12-05 06:00:00+00:00,33.512,33.629,33.265,33.341,246368.7
2025-12-05 07:00:00+00:00,33.341,33.553,33.167,33.191,171774.78
2025-12-05 08:00:00+00:00,33.191,33.271,32.641,32.712,387628.87
2025-12-05 09:00:00+00:00,32.712,32.758,32.075,32.103,418137.5
2025-12-05 10:00:00+00:00,32.103,32.487,32.078,32.239,226547.32
2025-12-05 11:00:00+00:00,32.239,32.273,31.8,31.894,235003.01
2025-12-05 12:00:00+00:00,31.894,32.042,31.739,31.887,199048.73
2025-12-05 13:00:00+00:00,31.887,31.961,31.222,31.36,359733.08
2025-12-05 14:00:00+00:00,31.36,31.485,31.108,31.193,331108.28
2025-12-05 15:00:00+00:00,31.193,32.025,31.173,31.486,517684.73
2025-12-05 16:00:00+00:00,31.486,31.517,30.662,31.01,649729.92
2025-12-05 17:00:00+00:00,31.01,31.2,30.801,30.997,283877.65
2025-12-05 18:00:00+00:00,30.997,31.266,30.561,30.572,324014.09
2025-12-05 19:00:00+00:00,30.572,31.165,30.433,31.066,384912.58
2025-12-05 20:00:00+00:00,31.066,31.29,30.861,31.183,163969.84
2025-12-05 21:00:00+00:00,31.183,31.321,30.916,31.138,104641.66
2025-12-05 22:00:00+00:00,31.138,31.165,30.971,31.09,83844.45
2025-12-05 23:00:00+00:00,31.09,31.117,30.759,30.956,199927.08
2025-12-06 00:00:00+00:00,30.956,30.99,30.582,30.753,172407.37
2025-12-06 01:00:00+00:00,30.753,31.0,30.75,30.904,67184.06
2025-12-06 02:00:00+00:00,30.904,30.904,30.626,30.878,58690.58
2025-12-06 03:00:00+00:00,30.878,31.197,30.843,31.072,89654.59
2025-12-06 04:00:00+00:00,31.072,31.239,31.004,31.114,64239.9
2025-12-06 05:00:00+00:00,31.114,31.278,31.038,31.138,90726.88
2025-12-06 06:00:00+00:00,31.138,31.372,31.063,31.255,74611.4
2025-12-06 07:00:00+00:00,31.255,31.282,31.008,31.053,66866.27
2025-12-06 08:00:00+00:00,31.053,31.074,30.62,30.669,265923.5
2025-12-06 09:00:00+00:00,30.669,31.018,30.651,30.889,164371.89
2025-12-06 10:00:00+00:00,30.889,30.961,30.702,30.752,133172.34
2025-12-06 11:00:00+00:00,30.752,30.844,30.711,30.843,89503.03
2025-12-06 12:00:00+00:00,30.843,30.888,30.509,30.636,99278.85
2025-12-06 13:00:00+00:00,30.636,30.907,30.616,30.692,120729.19
2025-12-06 14:00:00+00:00,30.692,31.171,30.631,31.08,170619.27
2025-12-06 15:00:00+00:00,31.08,31.111,30.682,30.842,111490.76
2025-12-06 16:00:00+00:00,30.842,31.168,30.816,31.078,112892.16
2025-12-06 17:00:00+00:00,31.078,31.402,31.067,31.371,85909.09
2025-12-06 18:00:00+00:00,31.371,31.458,31.167,31.208,119753.76
2025-12-06 19:00:00+00:00,31.208,31.302,30.888,30.994,129080.83
2025-12-06 20:00:00+00:00,30.994,31.152,30.988,31.088,36425.76
2025-12-06 21:00:00+00:00,31.088,31.239,31.067,31.201,37421.73
2025-12-06 22:00:00+00:00,31.201,31.269,30.942,31.033,50382.33
2025-12-06 23:00:00+00:00,31.033,31.101,30.712,30.934,208587.2
2025-12-07 00:00:00+00:00,30.934,31.153,30.911,31.086,68059.97
2025-12-07 01:00:00+00:00,31.086,31.126,30.844,30.844,71180.32
2025-12-07 02:00:00+00:00,30.844,30.979,30.787,30.917,50943.77
2025-12-07 03:00:00+00:00,30.917,30.969,30.807,30.948,41689.0
2025-12-07 04:00:00+00:00,30.948,31.029,30.788,30.838,37409.1
2025-12-07 05:00:00+00:00,30.838,30.879,30.761,30.839,42040.21
2025-12-07 06:00:00+00:00,30.839,31.174,30.815,31.161,76267.22
2025-12-07 07:00:00+00:00,31.161,31.215,30.463,30.5,169482.51
2025-12-07 08:00:00+00:00,30.5,30.528,29.78,29.831,478514.08
2025-12-07 09:00:00+00:00,29.831,29.889,29.137,29.304,592591.6
2025-12-07 10:00:00+00:00,29.304,29.456,29.171,29.397,355425.91
2025-12-07 11:00:00+00:00,29.397,30.036,29.357,29.672,412382.34
2025-12-07 12:00:00+00:00,29.672,30.066,29.624,29.881,185815.18
2025-12-07 13:00:00+00:00,29.881,29.944,29.15,29.421,347507.2
2025-12-07 14:00:00+00:00,29.421,29.445,28.191,28.325,1192918.93
2025-12-07 15:00:00+00:00,28.325,29.115,28.118,29.052,695193.07
2025-12-07 16:00:00+00:00,29.052,29.347,28.77,29.347,407502.06
2025-12-07 17:00:00+00:00,29.347,29.687,29.135,29.635,606729.17
2025-12-07 18:00:00+00:00,29.635,29.763,29.241,29.269,391219.71
2025-12-07 19:00:00+00:00,29.269,29.854,29.174,29.67,267794.2
2025-12-07 20:00:00+00:00,29.67,29.901,29.469,29.836,146490.31
2025-12-07 21:00:00+00:00,29.836,29.889,28.867,29.028,354348.52
2025-12-07 22:00:00+00:00,29.028,29.655,28.41,29.2,635953.21
2025-12-07 23:00:00+00:00,29.2,29.81,29.057,29.702,232746.94
2025-12-08 00:00:00+00:00,29.702,30.064,29.41,29.831,244843.0
2025-12-08 01:00:00+00:00,29.831,30.942,29.794,30.066,588215.46
2025-12-08 02:00:00+00:00,30.066,30.224,29.843,29.946,232195.99
2025-12-08 03:00:00+00:00,29.946,30.045,29.8,29.967,116825.5
2025-12-08 04:00:00+00:00,29.967,30.259,29.873,29.991,150364.73
2025-12-08 05:00:00+00:00,29.991,30.342,29.842,30.327,200133.61
2025-12-08 06:00:00+00:00,30.327,30.527,30.123,30.198,206256.88
2025-12-08 07:00:00+00:00,30.198,30.272,29.935,29.997,277741.08
2025-12-08 08:00:00+00:00,29.997,30.674,29.951,30.621,236630.26
2025-12-08 09:00:00+00:00,30.621,30.849,30.305,30.468,329166.26
2025-12-08 10:00:00+00:00,30.468,30.734,30.312,30.542,204988.9
2025-12-08 11:00:00+00:00,30.542,30.726,30.331,30.641,197845.52
2025-12-08 12:00:00+00:00,30.641,30.694,30.226,30.366,170622.78
2025-12-08 13:00:00+00:00,30.366,30.564,30.16,30.213,165310.61
2025-12-08 14:00:00+00:00,30.213,30.552,29.57,29.671,642066.34
2025-12-08 15:00:00+00:00,29.671,29.939,29.09,29.563,794944.52
2025-12-08 16:00:00+00:00,29.563,29.994,29.43,29.819,347871.87
2025-12-08 17:00:00+00:00,29.819,30.003,29.597,29.768,241095.33
2025-12-08 18:00:00+00:00,29.768,29.847,28.877,29.073,298088.71
2025-12-08 19:00:00+00:00,29.073,29.156,28.63,29.077,340384.03
2025-12-08 20:00:00+00:00,29.077,29.72,29.038,29.648,239556.7
2025-12-08 21:00:00+00:00,29.648,29.872,29.613,29.814,137269.19
2025-12-08 22:00:00+00:00,29.814,29.849,29.385,29.494,150793.62
2025-12-08 23:00:00+00:00,29.494,29.564,29.187,29.474,132828.5
2025-12-09 00:00:00+00:00,29.474,29.52,29.089,29.363,106524.79
2025-12-09 01:00:00+00:00,29.363,29.446,29.186,29.253,93019.2
2025-12-09 02:00:00+00:00,29.253,29.375,28.83,28.85,154842.34
2025-12-09 03:00:00+00:00,28.85,28.88,28.442,28.63,284909.84
2025-12-09 04:00:00+00:00,28.63,28.721,27.717,27.89,726523.49
2025-12-09 05:00:00+00:00,27.89,28.281,27.767,28.089,443801.35
2025-12-09 06:00:00+00:00,28.089,28.113,27.415,27.803,618812.83
2025-12-09 07:00:00+00:00,27.803,28.3,27.716,28.285,330710.08
2025-12-09 08:00:00+00:00,28.285,28.432,27.794,27.896,306145.96
2025-12-09 09:00:00+00:00,27.896,27.99,27.651,27.788,280965.1
2025-12-09 10:00:00+00:00,27.788,28.054,27.446,28.005,491726.17
2025-12-09 11:00:00+00:00,28.005,28.116,27.782,27.968,219849.41
2025-12-09 12:00:00+00:00,27.968,28.302,27.902,28.045,275717.71
2025-12-09 13:00:00+00:00,28.045,28.115,27.772,27.896,248992.2
2025-12-09 14:00:00+00:00,27.896,28.136,27.774,27.935,219754.7
2025-12-09 15:00:00+00:00,27.935,28.772,27.895,28.504,923635.44
2025-12-09 16:00:00+00:00,28.504,29.105,28.504,28.696,977266.07
2025-12-09 17:00:00+00:00,28.696,29.106,28.21,28.738,560892.19
2025-12-09 18:00:00+00:00,28.738,28.841,28.55,28.66,272951.73
2025-12-09 19:00:00+00:00,28.66,29.299,28.468,29.045,368996.83
2025-12-09 20:00:00+00:00,29.045,29.12,28.091,28.175,577039.71
2025-12-09 21:00:00+00:00,28.175,28.175,27.451,27.764,665083.84
2025-12-09 22:00:00+00:00,27.764,28.169,27.729,28.057,224495.84
2025-12-09 23:00:00+00:00,28.057,28.08,27.719,27.897,164188.96
2025-12-10 00:00:00+00:00,27.897,28.355,27.592,28.075,242511.42
2025-12-10 01:00:00+00:00,28.075,28.183,27.72,28.102,186390.38
2025-12-10 02:00:00+00:00,28.102,28.511,27.956,28.511,169736.67
2025-12-10 03:00:00+00:00,28.511,28.917,28.27,28.814,800617.47
2025-12-10 04:00:00+00:00,28.814,28.879,28.643,28.742,239218.08
2025-12-10 05:00:00+00:00,28.742,29.294,28.616,28.943,326847.77
2025-12-10 06:00:00+00:00,28.943,29.059,28.68,28.909,206659.3
2025-12-10 07:00:00+00:00,28.909,29.534,28.849,29.29,348116.64
2025-12-10 08:00:00+00:00,29.29,29.431,29.09,29.165,131135.18
2025-12-10 09:00:00+00:00,29.165,29.478,29.08,29.281,284871.44
2025-12-10 10:00:00+00:00,29.281,29.392,29.096,29.16,163240.89
2025-12-10 11:00:00+00:00,29.16,29.349,28.944,29.089,173716.75
2025-12-10 12:00:00+00:00,29.089,29.116,28.717,28.804,252319.57
2025-12-10 13:00:00+00:00,28.804,28.996,28.689,28.776,151506.31
2025-12-10 14:00:00+00:00,28.776,29.296,28.725,29.028,194671.14
2025-12-10 15:00:00+00:00,29.028,29.135,28.744,29.006,150591.07
2025-12-10 16:00:00+00:00,29.006,29.28,28.883,29.016,180773.76
2025-12-10 17:00:00+00:00,29.016,29.175,28.857,28.892,87259.24
2025-12-10 18:00:00+00:00,28.892,29.426,28.786,29.222,232156.6
2025-12-10 19:00:00+00:00,29.222,29.913,28.806,29.46,785593.67
2025-12-10 20:00:00+00:00,29.46,29.973,28.994,29.181,711291.45
2025-12-10 21:00:00+00:00,29.181,29.876,28.901,29.52,483176.8
2025-12-10 22:00:00+00:00,29.52,29.69,29.107,29.27,277281.06
2025-12-10 23:00:00+00:00,29.27,29.308,28.783,28.807,166964.93
2025-12-11 00:00:00+00:00,28.807,28.926,28.351,28.651,369444.18
2025-12-11 01:00:00+00:00,28.651,29.158,28.397,28.6,343709.88
2025-12-11 02:00:00+00:00,28.6,28.724,28.178,28.636,261917.19
2025-12-11 03:00:00+00:00,28.636,28.75,28.111,28.58,300287.22
2025-12-11 04:00:00+00:00,28.58,28.821,28.349,28.498,161557.12
2025-12-11 05:00:00+00:00,28.498,28.737,28.421,28.528,125685.8
2025-12-11 06:00:00+00:00,28.528,28.571,27.855,27.975,287277.22
2025-12-11 07:00:00+00:00,27.975,28.171,27.895,28.063,145517.68
2025-12-11 08:00:00+00:00,28.063,28.083,27.766,27.925,126532.71
2025-12-11 09:00:00+00:00,27.925,28.069,27.837,27.898,93544.81
2025-12-11 10:00:00+00:00,27.898,27.927,27.26,27.516,352815.78
2025-12-11 11:00:00+00:00,27.516,27.675,27.076,27.199,486532.13
2025-12-11 12:00:00+00:00,27.199,27.378,27.037,27.07,251469.48
2025-12-11 13:00:00+00:00,27.07,27.593,26.862,27.506,701569.14
2025-12-11 14:00:00+00:00,27.506,27.7,27.151,27.451,474914.03
2025-12-11 15:00:00+00:00,27.451,28.103,27.37,27.515,648076.0
2025-12-11 16:00:00+00:00,27.515,27.927,27.408,27.805,221862.55
2025-12-11 17:00:00+00:00,27.805,28.416,27.735,28.053,242752.21
2025-12-11 18:00:00+00:00,28.053,28.564,28.032,28.296,242707.48
2025-12-11 19:00:00+00:00,28.296,28.515,28.091,28.154,363019.48
2025-12-11 20:00:00+00:00,28.154,28.623,28.147,28.608,150564.43
2025-12-11 21:00:00+00:00,28.608,29.054,28.566,28.906,323945.49
2025-12-11 22:00:00+00:00,28.906,29.03,28.751,28.879,184023.14
2025-12-11 23:00:00+00:00,28.879,29.205,28.819,29.112,166586.9
2025-12-12 00:00:00+00:00,29.112,29.23,28.804,28.927,241224.11
2025-12-12 01:00:00+00:00,28.927,29.25,28.851,29.208,110656.78
2025-12-12 02:00:00+00:00,29.208,29.393,29.073,29.378,112710.43
2025-12-12 03:00:00+00:00,29.378,29.597,29.113,29.42,169842.82
2025-12-12 04:00:00+00:00,29.42,29.542,29.255,29.45,102665.68
2025-12-12 05:00:00+00:00,29.45,29.654,29.264,29.554,146496.07
2025-12-12 06:00:00+00:00,29.554,29.792,29.354,29.39,190070.13
2025-12-12 07:00:00+00:00,29.39,29.641,29.351,29.47,93456.46
2025-12-12 08:00:00+00:00,29.47,29.528,29.151,29.205,194185.62
2025-12-12 09:00:00+00:00,29.205,29.815,29.099,29.795,266277.75
2025-12-12 10:00:00+00:00,29.795,29.968,29.437,29.451,416512.82
2025-12-12 11:00:00+00:00,29.451,29.928,29.35,29.823,246766.44
2025-12-12 12:00:00+00:00,29.823,29.893,29.57,29.833,138033.78
2025-12-12 13:00:00+00:00,29.833,29.836,29.506,29.544,111097.75
2025-12-12 14:00:00+00:00,29.544,29.809,29.41,29.706,203285.1
2025-12-12 15:00:00+00:00,29.706,29.712,28.561,28.863,910558.22
2025-12-12 16:00:00+00:00,28.863,29.313,28.658,28.959,526710.28
2025-12-12 17:00:00+00:00,28.959,30.248,28.919,29.418,799876.35
2025-12-12 18:00:00+00:00,29.418,30.15,29.4,29.597,306873.42
2025-12-12 19:00:00+00:00,29.597,29.599,28.625,28.787,598130.98
2025-12-12 20:00:00+00:00,28.787,29.02,28.34,28.367,275394.9
2025-12-12 21:00:00+00:00,28.367,28.674,28.287,28.619,236599.67
2025-12-12 22:00:00+00:00,28.619,28.846,28.572,28.818,200695.71
2025-12-12 23:00:00+00:00,28.818,28.883,28.527,28.58,142181.03
2025-12-13 00:00:00+00:00,28.58,28.798,28.509,28.701,125938.67
2025-12-13 01:00:00+00:00,28.701,28.833,28.343,28.405,107332.83
2025-12-13 02:00:00+00:00,28.405,28.475,28.314,28.339,85224.59
2025-12-13 03:00:00+00:00,28.339,28.635,28.327,28.496,77378.3
2025-12-13 04:00:00+00:00,28.496,28.515,28.202,28.226,124947.3
2025-12-13 05:00:00+00:00,28.226,28.373,28.033,28.193,205187.24
2025-12-13 06:00:00+00:00,28.193,28.352,27.959,28.209,167382.84
2025-12-13 07:00:00+00:00,28.209,28.22,27.91,28.014,127311.77
2025-12-13 08:00:00+00:00,28.014,28.333,27.967,27.996,154185.4
2025-12-13 09:00:00+00:00,27.996,28.249,27.897,28.111,124956.63
2025-12-13 10:00:00+00:00,28.111,28.426,27.993,28.352,154097.34
2025-12-13 11:00:00+00:00,28.352,29.0,28.305,28.883,313116.07
2025-12-13 12:00:00+00:00,28.883,29.34,28.828,29.3,255227.65
2025-12-13 13:00:00+00:00,29.3,29.441,29.01,29.05,187370.85
2025-12-13 14:00:00+00:00,29.05,29.182,28.801,28.928,195127.89
2025-12-13 15:00:00+00:00,28.928,29.177,28.928,29.148,76140.35
2025-12-13 16:00:00+00:00,29.148,29.347,28.717,28.898,233953.43
2025-12-13 17:00:00+00:00,28.898,29.044,28.754,28.966,131750.85
2025-12-13 18:00:00+00:00,28.966,29.059,28.855,28.88,49866.65
2025-12-13 19:00:00+00:00,28.88,29.047,28.768,28.887,87115.52
2025-12-13 20:00:00+00:00,28.887,29.01,28.618,28.681,76830.28
2025-12-13 21:00:00+00:00,28.681,29.138,28.571,29.05,133074.12
2025-12-13 22:00:00+00:00,29.05,29.169,28.91,28.986,74549.08
2025-12-13 23:00:00+00:00,28.986,29.723,28.923,29.557,199300.42
2025-12-14 00:00:00+00:00,29.557,29.81,29.419,29.431,172455.62
2025-12-14 01:00:00+00:00,29.431,29.71,29.309,29.478,124728.69
2025-12-14 02:00:00+00:00,29.478,29.596,29.425,29.461,30414.22
2025-12-14 03:00:00+00:00,29.461,29.491,29.155,29.224,117011.26
2025-12-14 04:00:00+00:00,29.224,29.433,29.092,29.171,83675.48
2025-12-14 05:00:00+00:00,29.171,29.245,28.855,29.197,169903.92
2025-12-14 06:00:00+00:00,29.197,29.261,29.095,29.208,34164.28
2025-12-14 07:00:00+00:00,29.208,29.566,29.101,29.521,154851.01
2025-12-14 08:00:00+00:00,29.521,29.564,29.216,29.228,194622.9
2025-12-14 09:00:00+00:00,29.228,29.29,28.937,29.007,234743.37
2025-12-14 10:00:00+00:00,29.007,29.238,28.767,29.102,264822.3
2025-12-14 11:00:00+00:00,29.102,29.174,28.579,28.793,290849.38
2025-12-14 12:00:00+00:00,28.793,29.879,28.73,29.757,497208.66
2025-12-14 13:00:00+00:00,29.757,29.871,29.247,29.436,326582.48
2025-12-14 14:00:00+00:00,29.436,29.49,28.831,28.928,312784.57
2025-12-14 15:00:00+00:00,28.928,28.964,28.618,28.806,296834.12
2025-12-14 16:00:00+00:00,28.806,28.992,28.687,28.861,253156.37
2025-12-14 17:00:00+00:00,28.861,29.086,28.697,28.883,202204.63
2025-12-14 18:00:00+00:00,28.883,29.5,28.82,29.361,262566.55
2025-12-14 19:00:00+00:00,29.361,29.397,28.964,29.092,157396.36
2025-12-14 20:00:00+00:00,29.092,29.241,28.894,28.952,150049.19
2025-12-14 21:00:00+00:00,28.952,29.184,28.831,29.014,143621.02
2025-12-14 22:00:00+00:00,29.014,29.174,28.423,28.681,222096.52
2025-12-14 23:00:00+00:00,28.681,29.011,28.255,28.798,320689.41
2025-12-15 00:00:00+00:00,28.798,29.225,28.576,28.896,298454.04
2025-12-15 01:00:00+00:00,28.896,29.551,28.82,29.404,221709.26
2025-12-15 02:00:00+00:00,29.404,29.564,29.125,29.131,161464.4
2025-12-15 03:00:00+00:00,29.131,29.275,28.8,28.948,136043.01
2025-12-15 04:00:00+00:00,28.948,29.109,28.921,28.993,63899.11
2025-12-15 05:00:00+00:00,28.993,29.143,28.93,29.088,120937.12
2025-12-15 06:00:00+00:00,29.088,29.259,28.981,29.088,142245.81
2025-12-15 07:00:00+00:00,29.088,29.13,28.964,29.102,79426.5
2025-12-15 08:00:00+00:00,29.102,29.25,28.961,29.212,65813.06
2025-12-15 09:00:00+00:00,29.212,29.485,29.169,29.384,136138.59
2025-12-15 10:00:00+00:00,29.384,29.5,29.267,29.413,155013.21
2025-12-15 11:00:00+00:00,29.413,29.427,29.209,29.376,99850.38
2025-12-15 12:00:00+00:00,29.376,29.491,29.151,29.267,132661.9
2025-12-15 13:00:00+00:00,29.267,29.274,28.595,28.689,249193.76
2025-12-15 14:00:00+00:00,28.689,28.964,28.382,28.412,403955.09
2025-12-15 15:00:00+00:00,28.412,28.593,27.328,27.711,933226.76
2025-12-15 16:00:00+00:00,27.711,28.058,27.427,27.441,442810.04
2025-12-15 17:00:00+00:00,27.441,27.868,27.248,27.38,353604.47
2025-12-15 18:00:00+00:00,27.38,27.692,27.154,27.483,378387.67
2025-12-15 19:00:00+00:00,27.483,27.771,27.34,27.524,264267.07
2025-12-15 20:00:00+00:00,27.524,27.524,27.109,27.288,210134.82
2025-12-15 21:00:00+00:00,27.288,27.65,27.211,27.51,135071.39
2025-12-15 22:00:00+00:00,27.51,27.705,27.389,27.566,125423.72
2025-12-15 23:00:00+00:00,27.566,27.697,27.35,27.576,150243.16
2025-12-16 00:00:00+00:00,27.576,27.644,27.244,27.266,166532.1
2025-12-16 01:00:00+00:00,27.266,27.383,26.951,27.009,236364.31
2025-12-16 02:00:00+00:00,27.009,27.206,26.877,27.057,304594.18
2025-12-16 03:00:00+00:00,27.057,27.097,26.302,26.677,559384.18
2025-12-16 04:00:00+00:00,26.677,26.769,25.983,26.32,593664.73
2025-12-16 05:00:00+00:00,26.32,26.588,26.241,26.535,299591.99
2025-12-16 06:00:00+00:00,26.535,26.715,26.446,26.641,263710.91
2025-12-16 07:00:00+00:00,26.641,26.7,26.116,26.292,311435.97
2025-12-16 08:00:00+00:00,26.292,26.495,26.24,26.429,123764.47
2025-12-16 09:00:00+00:00,26.429,26.848,26.361,26.703,157108.28
2025-12-16 10:00:00+00:00,26.703,27.182,26.678,27.058,256666.99
2025-12-16 11:00:00+00:00,27.058,27.378,26.903,27.376,144819.71
2025-12-16 12:00:00+00:00,27.376,27.569,27.135,27.279,204757.32
2025-12-16 13:00:00+00:00,27.279,27.583,26.964,26.968,261581.99
2025-12-16 14:00:00+00:00,26.968,27.568,26.776,27.385,409786.74
2025-12-16 15:00:00+00:00,27.385,27.463,26.82,27.258,333805.35
2025-12-16 16:00:00+00:00,27.258,27.311,26.659,26.675,256981.28
2025-12-16 17:00:00+00:00,26.675,26.781,26.25,26.476,312930.86
2025-12-16 18:00:00+00:00,26.476,27.036,26.422,26.933,198042.06
2025-12-16 19:00:00+00:00,26.933,26.99,26.51,26.896,296074.32
2025-12-16 20:00:00+00:00,26.896,27.164,26.656,26.661,209277.56
2025-12-16 21:00:00+00:00,26.661,26.882,26.6,26.783,117491.91
2025-12-16 22:00:00+00:00,26.783,26.942,26.612,26.616,101849.41
2025-12-16 23:00:00+00:00,26.616,26.807,26.506,26.792,166794.64
2025-12-17 00:00:00+00:00,26.792,26.82,26.323,26.483,153538.73
2025-12-17 01:00:00+00:00,26.483,26.69,26.371,26.4,89686.54
2025-12-17 02:00:00+00:00,26.4,26.52,26.196,26.503,170319.63
2025-12-17 03:00:00+00:00,26.503,28.316,26.493,27.002,1941585.07
2025-12-17 04:00:00+00:00,27.002,27.135,26.539,26.72,356925.14
2025-12-17 05:00:00+00:00,26.72,27.162,26.609,27.069,206091.18
2025-12-17 06:00:00+00:00,27.069,27.133,26.917,27.125,120181.16
2025-12-17 07:00:00+00:00,27.125,27.258,27.054,27.163,104139.97
2025-12-17 08:00:00+00:00,27.163,27.163,26.632,26.787,205655.95
2025-12-17 09:00:00+00:00,26.787,26.944,26.688,26.887,145570.78
2025-12-17 10:00:00+00:00,26.887,27.148,26.771,27.1,151249.1
2025-12-17 11:00:00+00:00,27.1,27.659,27.097,27.603,256489.4
2025-12-17 12:00:00+00:00,27.603,27.866,27.165,27.413,386992.84
2025-12-17 13:00:00+00:00,27.413,27.563,27.188,27.441,169039.34
2025-12-17 14:00:00+00:00,27.441,27.608,26.88,27.58,421490.59
2025-12-17 15:00:00+00:00,27.58,27.872,26.554,26.721,890177.79
2025-12-17 16:00:00+00:00,26.721,27.019,25.505,26.119,1066655.52
2025-12-17 17:00:00+00:00,26.119,26.13,25.206,25.28,625073.32
2025-12-17 18:00:00+00:00,25.28,25.511,24.833,24.868,968869.94
2025-12-17 19:00:00+00:00,24.868,25.102,24.654,24.737,689745.5
2025-12-17 20:00:00+00:00,24.737,24.904,24.472,24.867,521015.57
2025-12-17 21:00:00+00:00,24.867,25.008,24.645,24.667,416867.61
2025-12-17 22:00:00+00:00,24.667,24.837,24.482,24.768,253578.82
2025-12-17 23:00:00+00:00,24.768,24.781,24.184,24.466,409026.66
2025-12-18 00:00:00+00:00,24.466,24.552,24.117,24.438,421095.75
2025-12-18 01:00:00+00:00,24.438,24.466,24.12,24.401,299254.41
2025-12-18 02:00:00+00:00,24.401,24.753,24.208,24.272,431497.34
2025-12-18 03:00:00+00:00,24.272,24.362,24.082,24.183,224128.32
2025-12-18 04:00:00+00:00,24.183,24.559,24.162,24.514,194776.78
2025-12-18 05:00:00+00:00,24.514,24.545,24.311,24.356,178553.99
2025-12-18 06:00:00+00:00,24.356,24.436,24.076,24.332,228012.3
2025-12-18 07:00:00+00:00,24.332,24.457,23.855,23.969,515739.29
2025-12-18 08:00:00+00:00,23.969,24.269,23.881,24.19,471122.19
2025-12-18 09:00:00+00:00,24.19,24.437,23.654,24.352,677011.61
2025-12-18 10:00:00+00:00,24.352,24.487,24.235,24.469,305824.01
2025-12-18 11:00:00+00:00,24.469,24.477,24.048,24.358,227777.01
2025-12-18 12:00:00+00:00,24.358,24.418,24.089,24.282,256153.75
2025-12-18 13:00:00+00:00,24.282,25.153,24.276,25.109,1075477.45
2025-12-18 14:00:00+00:00,25.109,25.278,24.455,24.904,863390.55
2025-12-18 15:00:00+00:00,24.904,25.223,24.6,24.671,513162.6
2025-12-18 16:00:00+00:00,24.671,24.793,24.226,24.637,625649.78
2025-12-18 17:00:00+00:00,24.637,24.651,23.435,23.701,1121588.15
2025-12-18 18:00:00+00:00,23.701,23.936,23.055,23.065,534232.19
2025-12-18 19:00:00+00:00,23.065,23.256,22.58,22.778,1051432.12
2025-12-18 20:00:00+00:00,22.778,23.214,22.769,22.842,346843.5
2025-12-18 21:00:00+00:00,22.842,23.222,22.837,23.13,261248.25
2025-12-18 22:00:00+00:00,23.13,23.231,22.89,22.9,201167.52
2025-12-18 23:00:00+00:00,22.9,22.923,22.408,22.454,390310.2
2025-12-19 00:00:00+00:00,22.454,22.665,22.229,22.344,403870.52
2025-12-19 01:00:00+00:00,22.344,22.633,22.179,22.598,380046.59
2025-12-19 02:00:00+00:00,22.598,22.959,22.448,22.805,477406.75
2025-12-19 03:00:00+00:00,22.805,23.278,22.66,23.061,585709.36
2025-12-19 04:00:00+00:00,23.061,23.402,22.988,23.353,318057.83
2025-12-19 05:00:00+00:00,23.353,23.478,23.156,23.35,243271.44
2025-12-19 06:00:00+00:00,23.35,23.799,23.27,23.793,301190.83
2025-12-19 07:00:00+00:00,23.793,24.183,23.577,23.898,495499.69
2025-12-19 08:00:00+00:00,23.898,24.048,23.747,23.979,180348.5
2025-12-19 09:00:00+00:00,23.979,24.161,23.804,23.984,159389.37
2025-12-19 10:00:00+00:00,23.984,24.399,23.964,24.377,222919.97
2025-12-19 11:00:00+00:00,24.377,24.774,24.328,24.57,413045.36
2025-12-19 12:00:00+00:00,24.57,24.599,24.198,24.313,383347.74
2025-12-19 13:00:00+00:00,24.313,24.44,24.157,24.4,184471.74
2025-12-19 14:00:00+00:00,24.4,24.518,23.892,24.045,458297.48
2025-12-19 15:00:00+00:00,24.045,24.699,23.704,23.858,585270.28
2025-12-19 16:00:00+00:00,23.858,24.641,23.798,24.34,438177.16
2025-12-19 17:00:00+00:00,24.34,24.633,23.95,23.971,345510.03
2025-12-19 18:00:00+00:00,23.971,24.523,23.956,24.34,285905.48
2025-12-19 19:00:00+00:00,24.34,25.11,24.34,24.746,389009.7
2025-12-19 20:00:00+00:00,24.746,24.913,24.601,24.873,158961.15
2025-12-19 21:00:00+00:00,24.873,24.873,24.438,24.462,114695.31
2025-12-19 22:00:00+00:00,24.462,24.725,24.449,24.664,140868.65
2025-12-19 23:00:00+00:00,24.664,24.933,24.585,24.85,76870.69
2025-12-20 00:00:00+00:00,24.85,24.884,24.594,24.63,103324.91
2025-12-20 01:00:00+00:00,24.63,24.682,24.54,24.589,39382.37
2025-12-20 02:00:00+00:00,24.589,24.602,24.309,24.427,102157.52
2025-12-20 03:00:00+00:00,24.427,24.617,24.328,24.572,58036.66
2025-12-20 04:00:00+00:00,24.572,24.684,24.534,24.616,59005.59
2025-12-20 05:00:00+00:00,24.616,24.867,24.514,24.648,141302.6
2025-12-20 06:00:00+00:00,24.648,24.963,24.638,24.864,106555.4
2025-12-20 07:00:00+00:00,24.864,24.91,24.668,24.905,91355.85
2025-12-20 08:00:00+00:00,24.905,25.526,24.838,25.182,352382.78
2025-12-20 09:00:00+00:00,25.182,25.261,24.778,24.82,128331.0
2025-12-20 10:00:00+00:00,24.82,24.891,24.472,24.658,172307.46
2025-12-20 11:00:00+00:00,24.658,24.737,24.599,24.673,87426.88
2025-12-20 12:00:00+00:00,24.673,24.83,24.613,24.677,110845.03
2025-12-20 13:00:00+00:00,24.677,24.787,24.447,24.71,146727.39
2025-12-20 14:00:00+00:00,24.71,24.734,24.533,24.718,65746.88
2025-12-20 15:00:00+00:00,24.718,24.778,24.581,24.669,102062.99
2025-12-20 16:00:00+00:00,24.669,24.888,24.603,24.81,74848.2
2025-12-20 17:00:00+00:00,24.81,25.035,24.81,25.03,125743.98
2025-12-20 18:00:00+00:00,25.03,25.356,24.9,25.066,258471.63
2025-12-20 19:00:00+00:00,25.066,25.183,24.971,25.135,99234.43
2025-12-20 20:00:00+00:00,25.135,25.243,25.036,25.185,64387.44
2025-12-20 21:00:00+00:00,25.185,25.253,24.526,24.669,263592.41
2025-12-20 22:00:00+00:00,24.669,24.711,24.5,24.647,175590.76
2025-12-20 23:00:00+00:00,24.647,24.666,23.786,23.984,586444.04
2025-12-21 00:00:00+00:00,23.984,24.11,23.78,24.002,230758.69
2025-12-21 01:00:00+00:00,24.002,24.056,23.632,23.65,202453.54
2025-12-21 02:00:00+00:00,23.65,23.805,23.554,23.607,172284.65
2025-12-21 03:00:00+00:00,23.607,23.936,23.605,23.89,207399.02
2025-12-21 04:00:00+00:00,23.89,23.952,23.823,23.932,61594.19
2025-12-21 05:00:00+00:00,23.932,24.053,23.884,23.945,79918.4
2025-12-21 06:00:00+00:00,23.945,24.28,23.905,24.123,158612.28
2025-12-21 07:00:00+00:00,24.123,24.191,24.031,24.18,84207.83
2025-12-21 08:00:00+00:00,24.18,24.59,23.983,24.266,335634.05
2025-12-21 09:00:00+00:00,24.266,24.393,24.104,24.364,152953.32
2025-12-21 10:00:00+00:00,24.364,24.388,24.135,24.221,109874.4
2025-12-21 11:00:00+00:00,24.221,24.291,24.061,24.275,144820.35
2025-12-21 12:00:00+00:00,24.275,24.395,23.924,24.177,250717.03
2025-12-21 13:00:00+00:00,24.177,24.184,23.704,23.743,309432.16
2025-12-21 14:00:00+00:00,23.743,24.077,23.688,24.066,216374.61
2025-12-21 15:00:00+00:00,24.066,24.218,23.943,24.159,108144.09
2025-12-21 16:00:00+00:00,24.159,24.328,24.001,24.278,174016.14
2025-12-21 17:00:00+00:00,24.278,24.479,24.22,24.372,155302.09
2025-12-21 18:00:00+00:00,24.372,24.465,24.243,24.439,83509.01
2025-12-21 19:00:00+00:00,24.439,24.53,24.3,24.351,99336.54
2025-12-21 20:00:00+00:00,24.351,24.387,24.096,24.109,91949.41
2025-12-21 21:00:00+00:00,24.109,24.18,24.007,24.06,91668.57
2025-12-21 22:00:00+00:00,24.06,24.562,24.046,24.45,152454.37
2025-12-21 23:00:00+00:00,24.45,24.836,24.386,24.821,194929.83
2025-12-22 00:00:00+00:00,24.821,24.95,24.443,24.525,383736.38
2025-12-22 01:00:00+00:00,24.525,24.999,24.47,24.731,287018.12
2025-12-22 02:00:00+00:00,24.731,24.808,24.48,24.591,175162.68
2025-12-22 03:00:00+00:00,24.591,24.795,24.52,24.75,79414.95
2025-12-22 04:00:00+00:00,24.75,25.083,24.636,24.739,154315.33
2025-12-22 05:00:00+00:00,24.739,24.911,24.681,24.872,58689.31
2025-12-22 06:00:00+00:00,24.872,24.992,24.766,24.956,86104.16
2025-12-22 07:00:00+00:00,24.956,25.4,24.922,25.37,184034.72
2025-12-22 08:00:00+00:00,25.37,25.683,25.187,25.201,314194.47
2025-12-22 09:00:00+00:00,25.201,25.388,25.113,25.315,178682.65
2025-12-22 10:00:00+00:00,25.315,25.35,25.085,25.219,129058.06
2025-12-22 11:00:00+00:00,25.219,25.309,24.962,25.055,208941.79
2025-12-22 12:00:00+00:00,25.055,25.436,25.043,25.231,182692.38
2025-12-22 13:00:00+00:00,25.231,25.352,24.762,24.911,263800.88
2025-12-22 14:00:00+00:00,24.911,25.115,24.678,24.727,285622.49
2025-12-22 15:00:00+00:00,24.727,24.862,24.38,24.692,310639.1
2025-12-22 16:00:00+00:00,24.692,24.946,24.546,24.848,279906.16
2025-12-22 17:00:00+00:00,24.848,25.213,24.683,25.047,237992.9
2025-12-22 18:00:00+00:00,25.047,25.079,24.8,24.944,108486.43
2025-12-22 19:00:00+00:00,24.944,24.945,24.512,24.627,236814.46
2025-12-22 20:00:00+00:00,24.627,24.791,24.497,24.642,180801.79
2025-12-22 21:00:00+00:00,24.642,24.911,24.624,24.746,169720.92
2025-12-22 22:00:00+00:00,24.746,24.927,24.589,24.884,115146.56
2025-12-22 23:00:00+00:00,24.884,25.1,24.797,24.864,229272.85
2025-12-23 00:00:00+00:00,24.864,24.958,24.754,24.951,102102.59
2025-12-23 01:00:00+00:00,24.951,24.987,24.677,24.759,98971.28
2025-12-23 02:00:00+00:00,24.759,24.936,24.545,24.572,130382.81
2025-12-23 03:00:00+00:00,24.572,24.599,24.328,24.334,188147.56
2025-12-23 04:00:00+00:00,24.334,24.391,24.212,24.315,109935.1
2025-12-23 05:00:00+00:00,24.315,24.38,24.021,24.333,286560.81
2025-12-23 06:00:00+00:00,24.333,24.482,24.237,24.389,155809.09
2025-12-23 07:00:00+00:00,24.389,24.478,24.165,24.257,158376.96
2025-12-23 08:00:00+00:00,24.257,24.273,23.802,23.969,162991.62
2025-12-23 09:00:00+00:00,23.969,24.143,23.922,24.129,119667.65
2025-12-23 10:00:00+00:00,24.129,24.248,24.04,24.216,104993.42
2025-12-23 11:00:00+00:00,24.216,24.42,24.204,24.298,93910.24
2025-12-23 12:00:00+00:00,24.298,24.414,24.212,24.28,87554.05
2025-12-23 13:00:00+00:00,24.28,24.589,24.057,24.363,272901.42
2025-12-23 14:00:00+00:00,24.363,24.513,23.629,23.796,320656.43
2025-12-23 15:00:00+00:00,23.796,24.09,23.7,24.062,167850.2
2025-12-23 16:00:00+00:00,24.062,24.36,24.024,24.338,171425.15
2025-12-23 17:00:00+00:00,24.338,24.488,24.155,24.157,150442.64
2025-12-23 18:00:00+00:00,24.157,24.535,24.112,24.468,105593.29
2025-12-23 19:00:00+00:00,24.468,24.587,24.348,24.556,73109.92
2025-12-23 20:00:00+00:00,24.556,24.737,24.431,24.59,120838.89
2025-12-23 21:00:00+00:00,24.59,24.644,24.4,24.419,72850.84
2025-12-23 22:00:00+00:00,24.419,24.521,23.919,24.01,179194.68
2025-12-23 23:00:00+00:00,24.01,24.059,23.801,23.955,163679.95
2025-12-24 00:00:00+00:00,23.955,24.295,23.918,24.287,121254.72
2025-12-24 01:00:00+00:00,24.287,24.388,24.028,24.114,112285.67
2025-12-24 02:00:00+00:00,24.114,24.183,23.615,23.775,393979.53
2025-12-24 03:00:00+00:00,23.775,24.129,23.66,24.058,227427.73
2025-12-24 04:00:00+00:00,24.058,24.248,24.001,24.121,181076.61
2025-12-24 05:00:00+00:00,24.121,24.159,23.854,23.891,147611.65
2025-12-24 06:00:00+00:00,23.891,23.938,23.71,23.895,185300.41
2025-12-24 07:00:00+00:00,23.895,23.951,23.704,23.712,144714.6
2025-12-24 08:00:00+00:00,23.712,23.813,23.58,23.776,171655.32
2025-12-24 09:00:00+00:00,23.776,23.919,23.758,23.836,90688.25
2025-12-24 10:00:00+00:00,23.836,23.984,23.81,23.895,56347.0
2025-12-24 11:00:00+00:00,23.895,23.975,23.838,23.91,40101.04
2025-12-24 12:00:00+00:00,23.91,23.921,23.775,23.898,64274.67
2025-12-24 13:00:00+00:00,23.898,23.981,23.79,23.899,83141.37
2025-12-24 14:00:00+00:00,23.899,24.122,23.805,24.017,201928.13
2025-12-24 15:00:00+00:00,24.017,24.296,23.927,24.268,113817.95
2025-12-24 16:00:00+00:00,24.268,24.549,24.141,24.517,162634.16
2025-12-24 17:00:00+00:00,24.517,24.517,24.303,24.383,130357.03
2025-12-24 18:00:00+00:00,24.383,24.426,24.258,24.3,50039.36
2025-12-24 19:00:00+00:00,24.3,24.713,24.229,24.659,132273.03
2025-12-24 20:00:00+00:00,24.659,24.689,24.408,24.481,64334.29
2025-12-24 21:00:00+00:00,24.481,24.862,24.481,24.825,95658.98
2025-12-24 22:00:00+00:00,24.825,25.2,24.767,25.188,253725.49
2025-12-24 23:00:00+00:00,25.188,25.228,25.014,25.145,177747.64
2025-12-25 00:00:00+00:00,25.145,25.186,24.721,24.9,277875.14
2025-12-25 01:00:00+00:00,24.9,24.943,24.843,24.899,69128.84
2025-12-25 02:00:00+00:00,24.899,25.175,24.816,25.065,123922.67
2025-12-25 03:00:00+00:00,25.065,25.066,24.772,24.858,217419.24
2025-12-25 04:00:00+00:00,24.858,25.129,24.838,24.998,175263.09
2025-12-25 05:00:00+00:00,24.998,24.998,24.646,24.682,153211.05
2025-12-25 06:00:00+00:00,24.682,24.827,24.622,24.679,153991.08
2025-12-25 07:00:00+00:00,24.679,24.748,24.561,24.701,102687.79
2025-12-25 08:00:00+00:00,24.701,24.738,24.552,24.643,101277.92
2025-12-25 09:00:00+00:00,24.643,24.684,24.54,24.611,67570.05
2025-12-25 10:00:00+00:00,24.611,24.663,24.465,24.584,92173.27
2025-12-25 11:00:00+00:00,24.584,24.681,24.55,24.631,65826.42
2025-12-25 12:00:00+00:00,24.631,24.718,24.594,24.686,75179.22
2025-12-25 13:00:00+00:00,24.686,24.743,24.595,24.648,69274.43
2025-12-25 14:00:00+00:00,24.648,24.776,24.559,24.691,107495.98
2025-12-25 15:00:00+00:00,24.691,24.902,24.522,24.798,192699.13
2025-12-25 16:00:00+00:00,24.798,25.049,24.747,24.873,140726.12
2025-12-25 17:00:00+00:00,24.873,25.075,24.83,25.047,128562.34
2025-12-25 18:00:00+00:00,25.047,25.2,25.032,25.137,92822.62
2025-12-25 19:00:00+00:00,25.137,25.138,24.887,24.905,67008.89
2025-12-25 20:00:00+00:00,24.905,25.0,24.803,24.845,72137.67
2025-12-25 21:00:00+00:00,24.845,25.001,24.796,24.95,72545.15
2025-12-25 22:00:00+00:00,24.95,25.013,24.392,24.572,217769.84
2025-12-25 23:00:00+00:00,24.572,24.578,24.17,24.38,310640.0
2025-12-26 00:00:00+00:00,24.38,24.622,24.339,24.496,163397.41
2025-12-26 01:00:00+00:00,24.496,24.686,24.446,24.646,103238.66
2025-12-26 02:00:00+00:00,24.646,25.112,24.634,25.041,239404.63
2025-12-26 03:00:00+00:00,25.041,25.091,24.856,24.921,103768.7
2025-12-26 04:00:00+00:00,24.921,25.04,24.767,25.0,39966.69
2025-12-26 05:00:00+00:00,25.0,25.025,24.825,25.0,75064.53
2025-12-26 06:00:00+00:00,25.0,25.5,24.992,25.425,292901.9
2025-12-26 07:00:00+00:00,25.425,25.491,25.004,25.092,194960.37
2025-12-26 08:00:00+00:00,25.092,25.228,25.044,25.153,162712.87
2025-12-26 09:00:00+00:00,25.153,25.475,25.153,25.344,196557.0
2025-12-26 10:00:00+00:00,25.344,25.392,25.178,25.25,111096.22
2025-12-26 11:00:00+00:00,25.25,25.281,24.874,24.912,202675.68
2025-12-26 12:00:00+00:00,24.912,25.033,24.837,25.008,120354.56
2025-12-26 13:00:00+00:00,25.008,25.129,24.972,25.06,88899.21
2025-12-26 14:00:00+00:00,25.06,25.168,24.79,24.829,206024.52
2025-12-26 15:00:00+00:00,24.829,25.001,24.707,24.975,251681.98
2025-12-26 16:00:00+00:00,24.975,25.045,24.734,24.763,138852.73
2025-12-26 17:00:00+00:00,24.763,24.972,24.763,24.857,136723.32
2025-12-26 18:00:00+00:00,24.857,25.019,24.792,24.872,158035.18
2025-12-26 19:00:00+00:00,24.872,25.004,24.833,24.984,70067.55
2025-12-26 20:00:00+00:00,24.984,25.178,24.958,25.095,75132.04
2025-12-26 21:00:00+00:00,25.095,25.339,25.092,25.274,135062.42
2025-12-26 22:00:00+00:00,25.274,25.587,25.161,25.531,122650.12
2025-12-26 23:00:00+00:00,25.531,25.85,25.422,25.77,328007.27
2025-12-27 00:00:00+00:00,25.77,25.798,25.545,25.713,208300.58
2025-12-27 01:00:00+00:00,25.713,25.996,25.607,25.98,111744.1
2025-12-27 02:00:00+00:00,25.98,26.423,25.902,25.937,316083.87
2025-12-27 03:00:00+00:00,25.937,25.98,25.814,25.913,89308.09
2025-12-27 04:00:00+00:00,25.913,25.92,25.746,25.844,76277.65
2025-12-27 05:00:00+00:00,25.844,26.007,25.8,25.985,42431.96
2025-12-27 06:00:00+00:00,25.985,26.074,25.844,25.847,98055.74
2025-12-27 07:00:00+00:00,25.847,26.051,25.83,25.934,133835.16
2025-12-27 08:00:00+00:00,25.934,26.132,25.934,26.017,92533.21
2025-12-27 09:00:00+00:00,26.017,26.347,26.017,26.17,184023.32
2025-12-27 10:00:00+00:00,26.17,26.22,26.004,26.049,78567.15
2025-12-27 11:00:00+00:00,26.049,26.182,26.031,26.09,61768.38
2025-12-27 12:00:00+00:00,26.09,26.159,25.909,26.046,119862.97
2025-12-27 13:00:00+00:00,26.046,26.066,25.679,25.821,175071.91
2025-12-27 14:00:00+00:00,25.821,25.932,25.766,25.81,116503.97
2025-12-27 15:00:00+00:00,25.81,25.963,25.81,25.947,117915.51
2025-12-27 16:00:00+00:00,25.947,25.956,25.467,25.488,166659.25
2025-12-27 17:00:00+00:00,25.488,25.614,25.379,25.544,153165.75
2025-12-27 18:00:00+00:00,25.544,25.644,25.415,25.604,119611.56
2025-12-27 19:00:00+00:00,25.604,25.703,25.573,25.679,37477.99
2025-12-27 20:00:00+00:00,25.679,25.741,25.56,25.65,61331.06
2025-12-27 21:00:00+00:00,25.65,26.155,25.625,25.975,216135.49
2025-12-27 22:00:00+00:00,25.975,25.987,25.729,25.764,61334.08
2025-12-27 23:00:00+00:00,25.764,26.046,25.748,25.952,117375.67
2025-12-28 00:00:00+00:00,25.952,26.08,25.871,25.998,91016.06
2025-12-28 01:00:00+00:00,25.998,26.047,25.872,25.888,91896.37
2025-12-28 02:00:00+00:00,25.888,26.017,25.86,26.0,30964.71
2025-12-28 03:00:00+00:00,26.0,26.197,25.944,26.093,48384.58
2025-12-28 04:00:00+00:00,26.093,26.327,26.061,26.242,133138.69
2025-12-28 05:00:00+00:00,26.242,26.242,25.946,26.006,74476.18
2025-12-28 06:00:00+00:00,26.006,26.07,25.76,25.823,150563.39
2025-12-28 07:00:00+00:00,25.823,25.885,25.699,25.813,99718.58
2025-12-28 08:00:00+00:00,25.813,25.894,25.747,25.867,74140.28
2025-12-28 09:00:00+00:00,25.867,25.934,25.778,25.918,63724.56
2025-12-28 10:00:00+00:00,25.918,26.044,25.892,25.924,54056.66
2025-12-28 11:00:00+00:00,25.924,25.965,25.823,25.861,47798.29
2025-12-28 12:00:00+00:00,25.861,25.899,25.727,25.804,77645.38
2025-12-28 13:00:00+00:00,25.804,25.899,25.801,25.879,31846.05
2025-12-28 14:00:00+00:00,25.879,25.907,25.758,25.862,56254.94
2025-12-28 15:00:00+00:00,25.862,25.899,25.05,25.161,463733.67
2025-12-28 16:00:00+00:00,25.161,25.427,25.068,25.234,410261.88
2025-12-28 17:00:00+00:00,25.234,25.463,25.223,25.334,186429.89
2025-12-28 18:00:00+00:00,25.334,25.371,25.098,25.128,169788.52
2025-12-28 19:00:00+00:00,25.128,25.251,24.904,24.97,217224.34
2025-12-28 20:00:00+00:00,24.97,25.197,24.913,24.975,103158.88
2025-12-28 21:00:00+00:00,24.975,25.074,24.78,25.057,205753.18
2025-12-28 22:00:00+00:00,25.057,25.284,24.927,25.26,126475.19
2025-12-28 23:00:00+00:00,25.26,25.435,25.154,25.344,197827.97
2025-12-29 00:00:00+00:00,25.344,26.029,25.241,25.969,468655.38
2025-12-29 01:00:00+00:00,25.969,26.174,25.711,26.085,293150.17
2025-12-29 02:00:00+00:00,26.085,26.296,25.992,26.071,360140.33
2025-12-29 03:00:00+00:00,26.071,26.196,25.895,26.089,206196.65
2025-12-29 04:00:00+00:00,26.089,26.159,25.888,26.1,137421.11
2025-12-29 05:00:00+00:00,26.1,26.274,26.007,26.036,220908.86
2025-12-29 06:00:00+00:00,26.036,26.163,25.901,25.92,96201.01
2025-12-29 07:00:00+00:00,25.92,26.146,25.758,25.938,151516.19
2025-12-29 08:00:00+00:00,25.938,26.118,25.806,25.874,120285.84
2025-12-29 09:00:00+00:00,25.874,26.04,25.512,25.742,384810.71
2025-12-29 10:00:00+00:00,25.742,25.905,25.603,25.713,262594.46
2025-12-29 11:00:00+00:00,25.713,25.719,25.57,25.648,79865.11
2025-12-29 12:00:00+00:00,25.648,25.739,25.282,25.702,250084.77
2025-12-29 13:00:00+00:00,25.702,25.8,25.546,25.67,194705.44
2025-12-29 14:00:00+00:00,25.67,25.962,25.651,25.772,368844.07
2025-12-29 15:00:00+00:00,25.772,26.1,25.713,26.011,388103.18
2025-12-29 16:00:00+00:00,26.011,26.432,26.005,26.258,472831.62
2025-12-29 17:00:00+00:00,26.258,26.364,25.954,26.159,201993.58
2025-12-29 18:00:00+00:00,26.159,26.159,25.75,25.805,188155.76
2025-12-29 19:00:00+00:00,25.805,25.963,25.61,25.639,203243.39
2025-12-29 20:00:00+00:00,25.639,25.861,25.639,25.792,98585.28
2025-12-29 21:00:00+00:00,25.792,25.991,25.771,25.891,205966.53
2025-12-29 22:00:00+00:00,25.891,25.918,25.75,25.871,108436.09
2025-12-29 23:00:00+00:00,25.871,25.942,25.63,25.79,178311.17
2025-12-30 00:00:00+00:00,25.79,25.863,25.501,25.595,199520.93
2025-12-30 01:00:00+00:00,25.595,25.626,25.481,25.596,106890.95
2025-12-30 02:00:00+00:00,25.596,25.6,25.4,25.459,150934.08
2025-12-30 03:00:00+00:00,25.459,25.89,25.335,25.758,248150.95
2025-12-30 04:00:00+00:00,25.758,26.035,25.725,25.886,177082.12
2025-12-30 05:00:00+00:00,25.886,26.274,25.884,26.142,523092.21
2025-12-30 06:00:00+00:00,26.142,26.427,26.115,26.315,335097.47
2025-12-30 07:00:00+00:00,26.315,26.407,26.091,26.134,395847.61
2025-12-30 08:00:00+00:00,26.134,26.7,26.002,26.03,548455.87
2025-12-30 09:00:00+00:00,26.03,26.052,25.742,25.788,322829.13
2025-12-30 10:00:00+00:00,25.788,25.94,25.702,25.838,263374.01
2025-12-30 11:00:00+00:00,25.838,25.941,25.751,25.877,146810.7
2025-12-30 12:00:00+00:00,25.877,25.879,25.65,25.695,175857.16
2025-12-30 13:00:00+00:00,25.695,25.817,25.576,25.644,135669.74
2025-12-30 14:00:00+00:00,25.644,25.802,25.357,25.695,412579.48
2025-12-30 15:00:00+00:00,25.695,25.826,25.513,25.762,198265.39
2025-12-30 16:00:00+00:00,25.762,25.914,25.518,25.618,232683.91
2025-12-30 17:00:00+00:00,25.618,25.75,25.531,25.677,158472.61
2025-12-30 18:00:00+00:00,25.677,25.742,25.554,25.648,191366.21
2025-12-30 19:00:00+00:00,25.648,25.978,25.502,25.976,144363.66
2025-12-30 20:00:00+00:00,25.976,26.015,25.756,25.799,151542.48
2025-12-30 21:00:00+00:00,25.799,25.975,25.776,25.905,83116.19
2025-12-30 22:00:00+00:00,25.905,26.005,25.821,25.953,136404.32
2025-12-30 23:00:00+00:00,25.953,26.086,25.881,25.962,113044.15
2025-12-31 00:00:00+00:00,25.962,25.97,25.778,25.902,145830.04
2025-12-31 01:00:00+00:00,25.902,26.125,25.87,26.103,117516.16
2025-12-31 02:00:00+00:00,26.103,26.11,25.772,25.798,178673.81
2025-12-31 03:00:00+00:00,25.798,25.873,25.678,25.809,146476.95
2025-12-31 04:00:00+00:00,25.809,26.062,25.76,25.88,226281.17
2025-12-31 05:00:00+00:00,25.88,25.941,25.748,25.832,102462.02
2025-12-31 06:00:00+00:00,25.832,25.935,25.706,25.927,151152.66
2025-12-31 07:00:00+00:00,25.927,25.947,25.732,25.743,101354.47
2025-12-31 08:00:00+00:00,25.743,25.862,25.685,25.798,126538.82
2025-12-31 09:00:00+00:00,25.798,25.921,25.759,25.856,87960.4
2025-12-31 10:00:00+00:00,25.856,25.922,25.751,25.831,88680.0
2025-12-31 11:00:00+00:00,25.831,25.887,25.722,25.784,81581.69
2025-12-31 12:00:00+00:00,25.784,25.866,25.731,25.793,89681.86
2025-12-31 13:00:00+00:00,25.793,26.059,25.755,26.05,197794.1
2025-12-31 14:00:00+00:00,26.05,26.248,25.908,25.992,272302.99
2025-12-31 15:00:00+00:00,25.992,26.047,25.776,25.916,205173.32
2025-12-31 16:00:00+00:00,25.916,26.1,25.782,25.925,241399.44
2025-12-31 17:00:00+00:00,25.925,25.926,25.544,25.587,292475.86
2025-12-31 18:00:00+00:00,25.587,25.805,25.554,25.716,94549.69
2025-12-31 19:00:00+00:00,25.716,25.841,25.716,25.755,69048.15
2025-12-31 20:00:00+00:00,25.755,25.906,25.271,25.4,306463.23
2025-12-31 21:00:00+00:00,25.4,25.715,25.4,25.638,119273.0
2025-12-31 22:00:00+00:00,25.638,25.707,25.515,25.529,73557.91
2025-12-31 23:00:00+00:00,25.529,25.562,25.319,25.447,162695.5
2026-01-01 00:00:00+00:00,25.447,25.609,25.414,25.605,66146.94
2026-01-01 01:00:00+00:00,25.605,26.1,25.597,25.803,248080.67
2026-01-01 02:00:00+00:00,25.803,25.863,25.634,25.707,101203.23
2026-01-01 03:00:00+00:00,25.707,25.726,25.502,25.588,122324.33
2026-01-01 04:00:00+00:00,25.588,25.61,25.403,25.46,99468.66
2026-01-01 05:00:00+00:00,25.46,25.686,25.441,25.519,140692.48
2026-01-01 06:00:00+00:00,25.519,25.681,25.375,25.522,175810.69
2026-01-01 07:00:00+00:00,25.522,25.713,25.508,25.678,89766.65
2026-01-01 08:00:00+00:00,25.678,25.718,25.564,25.622,63946.55
2026-01-01 09:00:00+00:00,25.622,25.86,25.613,25.766,113542.16
2026-01-01 10:00:00+00:00,25.766,25.81,25.679,25.716,57521.7
2026-01-01 11:00:00+00:00,25.716,25.798,25.631,25.794,86296.64
2026-01-01 12:00:00+00:00,25.794,25.798,25.652,25.692,60919.71
2026-01-01 13:00:00+00:00,25.692,25.738,25.496,25.516,58352.78
2026-01-01 14:00:00+00:00,25.516,25.618,25.2,25.306,277977.54
2026-01-01 15:00:00+00:00,25.306,25.4,24.036,24.311,1046972.26
2026-01-01 16:00:00+00:00,24.311,24.529,23.956,24.452,803964.79
2026-01-01 17:00:00+00:00,24.452,24.623,24.356,24.422,314240.08
2026-01-01 18:00:00+00:00,24.422,24.506,24.201,24.359,196926.69
2026-01-01 19:00:00+00:00,24.359,24.424,24.091,24.407,218721.21
2026-01-01 20:00:00+00:00,24.407,24.493,23.707,24.086,580039.08
2026-01-01 21:00:00+00:00,24.086,24.225,24.063,24.089,146817.6
2026-01-01 22:00:00+00:00,24.089,24.185,24.039,24.1,138359.21
2026-01-01 23:00:00+00:00,24.1,24.257,24.086,24.239,224295.7
2026-01-02 00:00:00+00:00,24.239,24.388,24.053,24.353,222457.66
2026-01-02 01:00:00+00:00,24.353,24.508,24.312,24.377,172952.57
2026-01-02 02:00:00+00:00,24.377,24.378,24.159,24.256,162742.99
2026-01-02 03:00:00+00:00,24.256,24.62,24.182,24.51,235277.62
2026-01-02 04:00:00+00:00,24.51,24.788,24.424,24.741,237562.41
2026-01-02 05:00:00+00:00,24.741,24.787,24.355,24.716,340039.33
2026-01-02 06:00:00+00:00,24.716,24.766,24.557,24.602,195119.8
2026-01-02 07:00:00+00:00,24.602,24.629,24.195,24.312,218407.21
2026-01-02 08:00:00+00:00,24.312,24.503,24.281,24.485,90223.82
2026-01-02 09:00:00+00:00,24.485,24.879,24.446,24.789,309826.78
2026-01-02 10:00:00+00:00,24.789,25.014,24.684,24.831,314796.12
2026-01-02 11:00:00+00:00,24.831,24.839,24.399,24.461,278775.26
2026-01-02 12:00:00+00:00,24.461,24.626,24.425,24.454,164179.49
2026-01-02 13:00:00+00:00,24.454,24.639,24.448,24.55,155297.08
2026-01-02 14:00:00+00:00,24.55,24.715,24.236,24.571,456340.24
2026-01-02 15:00:00+00:00,24.571,24.673,24.327,24.5,255788.14
2026-01-02 16:00:00+00:00,24.5,24.884,24.402,24.612,416784.86
2026-01-02 17:00:00+00:00,24.612,24.772,24.404,24.583,250865.64
2026-01-02 18:00:00+00:00,24.583,24.663,24.408,24.593,170392.82
2026-01-02 19:00:00+00:00,24.593,24.733,24.534,24.628,233176.43
2026-01-02 20:00:00+00:00,24.628,24.678,24.043,24.162,371487.37
2026-01-02 21:00:00+00:00,24.162,24.463,24.138,24.454,353191.67
2026-01-02 22:00:00+00:00,24.454,24.608,24.406,24.472,171401.6
2026-01-02 23:00:00+00:00,24.472,24.634,24.449,24.598,117309.6
2026-01-03 00:00:00+00:00,24.598,24.63,24.529,24.605,92190.72
2026-01-03 01:00:00+00:00,24.605,24.764,24.562,24.621,117051.17
2026-01-03 02:00:00+00:00,24.621,24.621,24.409,24.514,140580.31
2026-01-03 03:00:00+00:00,24.514,24.597,24.432,24.564,94321.3
2026-01-03 04:00:00+00:00,24.564,24.666,24.52,24.61,99248.29
2026-01-03 05:00:00+00:00,24.61,24.911,24.585,24.869,319009.24
2026-01-03 06:00:00+00:00,24.869,25.235,24.847,24.879,377355.21
2026-01-03 07:00:00+00:00,24.879,24.896,24.294,24.507,457116.95
2026-01-03 08:00:00+00:00,24.507,24.658,24.346,24.536,260814.58
2026-01-03 09:00:00+00:00,24.536,24.56,24.266,24.468,267693.12
2026-01-03 10:00:00+00:00,24.468,24.683,24.423,24.586,162637.47
2026-01-03 11:00:00+00:00,24.586,24.619,24.348,24.387,155770.2
2026-01-03 12:00:00+00:00,24.387,24.571,24.29,24.563,117436.55
2026-01-03 13:00:00+00:00,24.563,24.716,24.51,24.638,216303.44
2026-01-03 14:00:00+00:00,24.638,24.769,24.552,24.699,84864.27
2026-01-03 15:00:00+00:00,24.699,24.967,24.647,24.779,197488.84
2026-01-03 16:00:00+00:00,24.779,24.996,24.689,24.939,180393.15
2026-01-03 17:00:00+00:00,24.939,24.997,24.857,24.902,80933.18
2026-01-03 18:00:00+00:00,24.902,25.2,24.816,24.992,283784.08
2026-01-03 19:00:00+00:00,24.992,25.009,24.754,24.785,95609.94
2026-01-03 20:00:00+00:00,24.785,24.798,24.457,24.751,434520.79
2026-01-03 21:00:00+00:00,24.751,25.329,24.697,25.293,265552.16
2026-01-03 22:00:00+00:00,25.293,25.427,25.152,25.368,293255.46
2026-01-03 23:00:00+00:00,25.368,25.427,25.239,25.365,119795.05
2026-01-04 00:00:00+00:00,25.365,25.58,25.112,25.317,490627.39
2026-01-04 01:00:00+00:00,25.317,25.35,25.139,25.26,159855.79
2026-01-04 02:00:00+00:00,25.26,25.287,25.03,25.107,112782.52
2026-01-04 03:00:00+00:00,25.107,25.347,25.024,25.283,146554.4
2026-01-04 04:00:00+00:00,25.283,25.341,25.112,25.152,79586.68
2026-01-04 05:00:00+00:00,25.152,25.241,25.071,25.151,101521.44
2026-01-04 06:00:00+00:00,25.151,25.284,24.918,25.112,118314.2
2026-01-04 07:00:00+00:00,25.112,25.262,25.085,25.133,144111.15
2026-01-04 08:00:00+00:00,25.133,25.17,24.836,24.976,199173.83
2026-01-04 09:00:00+00:00,24.976,25.08,24.95,25.031,122635.04
2026-01-04 10:00:00+00:00,25.031,25.333,25.03,25.262,154137.31
2026-01-04 11:00:00+00:00,25.262,25.345,25.164,25.231,145725.63
2026-01-04 12:00:00+00:00,25.231,25.344,25.09,25.135,126912.49
2026-01-04 13:00:00+00:00,25.135,25.289,25.052,25.279,94019.41
2026-01-04 14:00:00+00:00,25.279,25.831,25.248,25.781,520047.73
2026-01-04 15:00:00+00:00,25.781,26.159,25.692,26.138,469934.12
2026-01-04 16:00:00+00:00,26.138,26.394,26.066,26.169,301938.32
2026-01-04 17:00:00+00:00,26.169,26.267,25.932,26.008,237711.05
2026-01-04 18:00:00+00:00,26.008,26.068,25.73,25.872,255000.94
2026-01-04 19:00:00+00:00,25.872,25.994,25.775,25.857,106946.1
2026-01-04 20:00:00+00:00,25.857,26.451,25.803,26.441,191012.55
2026-01-04 21:00:00+00:00,26.441,26.792,26.373,26.508,439680.06
2026-01-04 22:00:00+00:00,26.508,26.663,26.232,26.412,218745.17
2026-01-04 23:00:00+00:00,26.412,26.875,26.365,26.848,306392.12
2026-01-05 00:00:00+00:00,26.848,26.924,26.459,26.86,346563.53
2026-01-05 01:00:00+00:00,26.86,27.364,26.703,27.103,433327.0
2026-01-05 02:00:00+00:00,27.103,27.209,26.325,26.559,485307.14
2026-01-05 03:00:00+00:00,26.559,26.611,26.335,26.418,194101.28
2026-01-05 04:00:00+00:00,26.418,26.638,26.087,26.532,298792.9
2026-01-05 05:00:00+00:00,26.532,26.561,26.21,26.271,152325.94
2026-01-05 06:00:00+00:00,26.271,26.418,26.14,26.311,199064.14
2026-01-05 07:00:00+00:00,26.311,26.547,26.276,26.401,170151.91
2026-01-05 08:00:00+00:00,26.401,26.512,26.325,26.418,124731.02
2026-01-05 09:00:00+00:00,26.418,26.763,26.283,26.573,182937.52
2026-01-05 10:00:00+00:00,26.573,26.659,25.904,26.107,628780.86
2026-01-05 11:00:00+00:00,26.107,26.536,26.025,26.333,317071.61
2026-01-05 12:00:00+00:00,26.333,26.358,25.99,26.162,251283.27
2026-01-05 13:00:00+00:00,26.162,26.19,25.81,26.006,275147.96
2026-01-05 14:00:00+00:00,26.006,26.298,25.766,26.136,423725.57
2026-01-05 15:00:00+00:00,26.136,26.559,25.931,26.405,329681.09
2026-01-05 16:00:00+00:00,26.405,26.686,26.301,26.416,280764.43
2026-01-05 17:00:00+00:00,26.416,26.92,26.14,26.673,321781.98
2026-01-05 18:00:00+00:00,26.673,27.181,26.601,27.087,274144.09
2026-01-05 19:00:00+00:00,27.087,27.19,26.844,27.056,277748.93
2026-01-05 20:00:00+00:00,27.056,27.48,26.805,26.896,469411.08
2026-01-05 21:00:00+00:00,26.896,27.044,26.494,26.537,261030.74
2026-01-05 22:00:00+00:00,26.537,26.868,26.388,26.855,219396.96
2026-01-05 23:00:00+00:00,26.855,26.895,26.473,26.494,99975.85
2026-01-06 00:00:00+00:00,26.494,26.718,26.362,26.41,123243.45
2026-01-06 01:00:00+00:00,26.41,26.791,26.29,26.478,209036.7
2026-01-06 02:00:00+00:00,26.478,26.547,26.158,26.277,171779.52
2026-01-06 03:00:00+00:00,26.277,26.616,26.086,26.39,244535.87
2026-01-06 04:00:00+00:00,26.39,26.718,26.373,26.65,200615.89
2026-01-06 05:00:00+00:00,26.65,26.71,26.381,26.632,156853.94
2026-01-06 06:00:00+00:00,26.632,27.142,26.545,26.935,294544.44
2026-01-06 07:00:00+00:00,26.935,27.008,26.309,26.374,282044.83
2026-01-06 08:00:00+00:00,26.374,26.655,26.319,26.515,208139.36
2026-01-06 09:00:00+00:00,26.515,26.732,26.463,26.472,113348.25
2026-01-06 10:00:00+00:00,26.472,26.635,26.193,26.516,323578.6
2026-01-06 11:00:00+00:00,26.516,27.012,26.51,26.919,290734.25
2026-01-06 12:00:00+00:00,26.919,27.285,26.867,27.246,346845.25
2026-01-06 13:00:00+00:00,27.246,27.293,26.981,27.136,258008.77
2026-01-06 14:00:00+00:00,27.136,27.44,26.967,27.069,515664.74
2026-01-06 15:00:00+00:00,27.069,27.428,27.013,27.151,405463.05
2026-01-06 16:00:00+00:00,27.151,27.35,26.744,27.062,513432.56
2026-01-06 17:00:00+00:00,27.062,27.512,26.659,26.699,531881.13
2026-01-06 18:00:00+00:00,26.699,26.945,26.444,26.923,508512.52
2026-01-06 19:00:00+00:00,26.923,27.595,26.773,27.081,786517.14
2026-01-06 20:00:00+00:00,27.081,27.58,27.076,27.472,319010.73
2026-01-06 21:00:00+00:00,27.472,27.897,27.272,27.518,479263.02
2026-01-06 22:00:00+00:00,27.518,27.666,27.34,27.604,216440.72
2026-01-06 23:00:00+00:00,27.604,28.394,27.594,28.24,537883.95
2026-01-07 00:00:00+00:00,28.24,28.387,27.623,27.638,414187.7
2026-01-07 01:00:00+00:00,27.638,27.92,27.421,27.747,280120.79
2026-01-07 02:00:00+00:00,27.747,28.023,27.568,27.879,176574.01
2026-01-07 03:00:00+00:00,27.879,27.95,27.604,27.799,168345.63
2026-01-07 04:00:00+00:00,27.799,27.98,27.388,27.429,171360.41
2026-01-07 05:00:00+00:00,27.429,27.693,27.393,27.437,147005.74
2026-01-07 06:00:00+00:00,27.437,27.555,27.27,27.39,182248.29
2026-01-07 07:00:00+00:00,27.39,27.631,27.38,27.598,80739.22
2026-01-07 08:00:00+00:00,27.598,27.731,27.437,27.515,140906.63
2026-01-07 09:00:00+00:00,27.515,27.65,27.036,27.105,397864.76
2026-01-07 10:00:00+00:00,27.105,27.528,27.058,27.484,305235.07
2026-01-07 11:00:00+00:00,27.484,27.536,26.963,27.022,359351.0
2026-01-07 12:00:00+00:00,27.022,27.064,26.704,26.805,273123.83
2026-01-07 13:00:00+00:00,26.805,27.048,26.731,26.887,184520.01
2026-01-07 14:00:00+00:00,26.887,26.892,26.52,26.781,418507.04
2026-01-07 15:00:00+00:00,26.781,26.816,26.46,26.463,287081.55
2026-01-07 16:00:00+00:00,26.463,26.888,26.453,26.671,255052.47
2026-01-07 17:00:00+00:00,26.671,26.942,26.608,26.721,163547.21
2026-01-07 18:00:00+00:00,26.721,27.238,26.622,26.792,365843.07
2026-01-07 19:00:00+00:00,26.792,27.077,26.654,26.875,254720.86
2026-01-07 20:00:00+00:00,26.875,27.06,26.702,26.784,208302.02
2026-01-07 21:00:00+00:00,26.784,26.97,26.493,26.573,356945.56
2026-01-07 22:00:00+00:00,26.573,27.029,26.529,26.879,221828.7
2026-01-07 23:00:00+00:00,26.879,27.024,26.686,26.856,125612.77
2026-01-08 00:00:00+00:00,26.856,27.07,26.721,26.961,93241.65
2026-01-08 01:00:00+00:00,26.961,27.03,26.806,26.811,73558.5
2026-01-08 02:00:00+00:00,26.811,26.904,26.576,26.729,145165.01
2026-01-08 03:00:00+00:00,26.729,26.827,26.338,26.487,180764.26
2026-01-08 04:00:00+00:00,26.487,26.614,26.353,26.521,114879.81
2026-01-08 05:00:00+00:00,26.521,26.72,26.494,26.539,74279.12
2026-01-08 06:00:00+00:00,26.539,26.593,26.121,26.195,246122.03
2026-01-08 07:00:00+00:00,26.195,26.691,26.11,26.691,239488.39
2026-01-08 08:00:00+00:00,26.691,26.742,26.318,26.385,242063.46
2026-01-08 09:00:00+00:00,26.385,26.52,26.081,26.11,180191.08
2026-01-08 10:00:00+00:00,26.11,26.324,25.823,26.259,390257.4
2026-01-08 11:00:00+00:00,26.259,26.306,26.019,26.154,191870.06
2026-01-08 12:00:00+00:00,26.154,26.157,25.86,25.966,230370.4
2026-01-08 13:00:00+00:00,25.966,26.028,25.809,25.922,124393.69
2026-01-08 14:00:00+00:00,25.922,26.163,25.688,26.15,297277.87
2026-01-08 15:00:00+00:00,26.15,26.267,25.967,26.193,253796.23
2026-01-08 16:00:00+00:00,26.193,26.246,26.001,26.129,199296.05
2026-01-08 17:00:00+00:00,26.129,26.304,25.982,26.184,153110.29
2026-01-08 18:00:00+00:00,26.184,26.242,25.767,25.97,181778.29
2026-01-08 19:00:00+00:00,25.97,26.086,25.889,25.953,95842.69
2026-01-08 20:00:00+00:00,25.953,25.953,25.604,25.844,172578.95
2026-01-08 21:00:00+00:00,25.844,25.917,25.722,25.885,116928.39
2026-01-08 22:00:00+00:00,25.885,25.977,25.635,25.744,107847.48
2026-01-08 23:00:00+00:00,25.744,25.786,25.557,25.67,137706.15
2026-01-09 00:00:00+00:00,25.67,25.682,25.471,25.6,192144.67
2026-01-09 01:00:00+00:00,25.6,25.763,25.405,25.497,183421.27
2026-01-09 02:00:00+00:00,25.497,25.742,25.471,25.622,86925.49
2026-01-09 03:00:00+00:00,25.622,25.788,25.516,25.738,82444.41
2026-01-09 04:00:00+00:00,25.738,25.904,25.692,25.857,128625.64
2026-01-09 05:00:00+00:00,25.857,26.04,25.825,26.0,136588.92
2026-01-09 06:00:00+00:00,26.0,26.198,25.921,26.173,120039.78
2026-01-09 07:00:00+00:00,26.173,26.173,26.001,26.091,122972.61
2026-01-09 08:00:00+00:00,26.091,26.128,25.461,25.529,328505.0
2026-01-09 09:00:00+00:00,25.529,25.613,25.231,25.37,350698.75
2026-01-09 10:00:00+00:00,25.37,25.429,25.244,25.305,210225.11
2026-01-09 11:00:00+00:00,25.305,25.655,25.3,25.511,165100.67
2026-01-09 12:00:00+00:00,25.511,25.518,25.323,25.507,95246.96
2026-01-09 13:00:00+00:00,25.507,25.768,25.465,25.566,155214.98
2026-01-09 14:00:00+00:00,25.566,25.627,25.369,25.552,181246.82
2026-01-09 15:00:00+00:00,25.552,25.989,25.459,25.618,375818.46
2026-01-09 16:00:00+00:00,25.618,25.879,25.573,25.694,188397.96
2026-01-09 17:00:00+00:00,25.694,25.842,25.541,25.76,185846.19
2026-01-09 18:00:00+00:00,25.76,25.9,25.295,25.481,265371.8
2026-01-09 19:00:00+00:00,25.481,25.483,24.893,25.11,410274.57
2026-01-09 20:00:00+00:00,25.11,25.201,24.937,25.043,193995.91
2026-01-09 21:00:00+00:00,25.043,25.171,24.986,25.126,128143.7
2026-01-09 22:00:00+00:00,25.126,25.235,25.097,25.186,106922.54
2026-01-09 23:00:00+00:00,25.186,25.214,25.014,25.072,88522.55
2026-01-10 00:00:00+00:00,25.072,25.088,24.59,24.663,571681.11
2026-01-10 01:00:00+00:00,24.663,24.719,24.442,24.611,262454.94
2026-01-10 02:00:00+00:00,24.611,24.671,24.315,24.428,234517.51
2026-01-10 03:00:00+00:00,24.428,24.493,24.231,24.406,127854.09
2026-01-10 04:00:00+00:00,24.406,24.429,24.251,24.376,107168.95
2026-01-10 05:00:00+00:00,24.376,24.448,24.311,24.311,98630.81
2026-01-10 06:00:00+00:00,24.311,24.387,24.235,24.316,67508.08
2026-01-10 07:00:00+00:00,24.316,24.381,24.178,24.341,112317.45
2026-01-10 08:00:00+00:00,24.341,24.398,24.251,24.394,68130.0
2026-01-10 09:00:00+00:00,24.394,24.634,24.382,24.621,177211.84
2026-01-10 10:00:00+00:00,24.621,24.7,24.564,24.684,83122.96
2026-01-10 11:00:00+00:00,24.684,24.684,24.441,24.572,110615.52
2026-01-10 12:00:00+00:00,24.572,24.637,24.513,24.597,63344.62
2026-01-10 13:00:00+00:00,24.597,24.597,24.516,24.523,62537.84
2026-01-10 14:00:00+00:00,24.523,24.528,24.216,24.305,139581.09
2026-01-10 15:00:00+00:00,24.305,24.356,24.245,24.332,71975.37
2026-01-10 16:00:00+00:00,24.332,24.36,24.011,24.138,148336.49
2026-01-10 17:00:00+00:00,24.138,24.266,23.83,23.963,217831.28
2026-01-10 18:00:00+00:00,23.963,24.143,23.93,24.073,133913.57
2026-01-10 19:00:00+00:00,24.073,24.156,24.069,24.135,53803.81
2026-01-10 20:00:00+00:00,24.135,24.213,24.087,24.171,83542.32
2026-01-10 21:00:00+00:00,24.171,24.255,24.131,24.153,68370.95
2026-01-10 22:00:00+00:00,24.153,24.236,23.75,23.88,166451.49
2026-01-10 23:00:00+00:00,23.88,24.076,23.854,24.037,137054.51
2026-01-11 00:00:00+00:00,24.037,24.146,23.989,24.115,64521.24
2026-01-11 01:00:00+00:00,24.115,24.2,24.035,24.142,102921.04
2026-01-11 02:00:00+00:00,24.142,24.156,24.014,24.154,47230.25
2026-01-11 03:00:00+00:00,24.154,24.211,24.091,24.201,41478.62
2026-01-11 04:00:00+00:00,24.201,24.25,24.144,24.245,44911.1
2026-01-11 05:00:00+00:00,24.245,24.329,24.226,24.299,57893.69
2026-01-11 06:00:00+00:00,24.299,24.49,24.207,24.382,121153.15
2026-01-11 07:00:00+00:00,24.382,24.497,24.341,24.458,87292.88
2026-01-11 08:00:00+00:00,24.458,24.461,24.31,24.43,88475.57
2026-01-11 09:00:00+00:00,24.43,24.513,24.35,24.414,79920.06
2026-01-11 10:00:00+00:00,24.414,24.518,24.361,24.406,78064.54
2026-01-11 11:00:00+00:00,24.406,24.453,24.372,24.436,36314.15
2026-01-11 12:00:00+00:00,24.436,24.61,24.415,24.593,89808.05
2026-01-11 13:00:00+00:00,24.593,24.622,24.499,24.566,60315.48
2026-01-11 14:00:00+00:00,24.566,24.617,24.503,24.591,55331.93
2026-01-11 15:00:00+00:00,24.591,24.629,24.358,24.426,179894.98
2026-01-11 16:00:00+00:00,24.426,24.658,24.377,24.519,171015.67
2026-01-11 17:00:00+00:00,24.519,24.608,24.462,24.566,78094.24
2026-01-11 18:00:00+00:00,24.566,24.658,24.463,24.623,63448.43
2026-01-11 19:00:00+00:00,24.623,24.665,24.516,24.549,44754.8
2026-01-11 20:00:00+00:00,24.549,24.552,24.405,24.509,100126.21
2026-01-11 21:00:00+00:00,24.509,24.521,24.42,24.465,38207.87
2026-01-11 22:00:00+00:00,24.465,24.47,24.242,24.362,136064.66
2026-01-11 23:00:00+00:00,24.362,24.451,24.27,24.429,76552.88
2026-01-12 00:00:00+00:00,24.429,24.548,24.293,24.519,108749.07
2026-01-12 01:00:00+00:00,24.519,24.742,24.435,24.716,195046.27
2026-01-12 02:00:00+00:00,24.716,25.408,24.696,25.219,522080.4
2026-01-12 03:00:00+00:00,25.219,25.291,24.837,24.891,235486.39
2026-01-12 04:00:00+00:00,24.891,25.11,24.794,25.056,102518.17
2026-01-12 05:00:00+00:00,25.056,25.084,24.821,24.837,101011.46
2026-01-12 06:00:00+00:00,24.837,24.942,24.777,24.884,118935.18
2026-01-12 07:00:00+00:00,24.884,25.048,24.705,24.732,172815.05
2026-01-12 08:00:00+00:00,24.732,24.865,24.25,24.485,410655.18
2026-01-12 09:00:00+00:00,24.485,24.555,24.048,24.097,210623.7
2026-01-12 10:00:00+00:00,24.097,24.194,23.901,23.927,217950.7
2026-01-12 11:00:00+00:00,23.927,24.094,23.61,23.992,346235.3
2026-01-12 12:00:00+00:00,23.992,24.115,23.826,23.94,206764.1
2026-01-12 13:00:00+00:00,23.94,23.987,23.65,23.779,176245.22
2026-01-12 14:00:00+00:00,23.779,23.825,23.107,23.448,660341.21
2026-01-12 15:00:00+00:00,23.448,23.633,23.251,23.576,347206.22
2026-01-12 16:00:00+00:00,23.576,23.807,23.475,23.624,344021.69
2026-01-12 17:00:00+00:00,23.624,23.799,23.257,23.438,456589.47
2026-01-12 18:00:00+00:00,23.438,23.779,23.428,23.752,201921.26
2026-01-12 19:00:00+00:00,23.752,23.934,23.648,23.9,123193.55
2026-01-12 20:00:00+00:00,23.9,24.123,23.853,24.075,165807.66
2026-01-12 21:00:00+00:00,24.075,24.133,23.815,23.924,160292.51
2026-01-12 22:00:00+00:00,23.924,24.036,23.723,23.9,136488.31
2026-01-12 23:00:00+00:00,23.9,23.917,23.682,23.755,95171.31
2026-01-13 00:00:00+00:00,23.755,24.174,23.732,24.168,225584.24
2026-01-13 01:00:00+00:00,24.168,24.23,23.995,24.048,121254.94
2026-01-13 02:00:00+00:00,24.048,24.253,24.048,24.159,108263.61
2026-01-13 03:00:00+00:00,24.159,24.245,24.1,24.225,94095.5
2026-01-13 04:00:00+00:00,24.225,24.37,24.178,24.361,103585.4
2026-01-13 05:00:00+00:00,24.361,24.485,24.269,24.385,118752.84
2026-01-13 06:00:00+00:00,24.385,24.453,24.313,24.41,96998.55
2026-01-13 07:00:00+00:00,24.41,24.479,24.25,24.263,83567.07
2026-01-13 08:00:00+00:00,24.263,24.59,24.252,24.562,126020.8
2026-01-13 09:00:00+00:00,24.562,24.665,24.303,24.338,253844.21
2026-01-13 10:00:00+00:00,24.338,24.347,24.033,24.25,181442.63
2026-01-13 11:00:00+00:00,24.25,24.392,24.206,24.301,81526.02
2026-01-13 12:00:00+00:00,24.301,24.646,24.299,24.386,197328.22
2026-01-13 13:00:00+00:00,24.386,24.6,24.246,24.382,394042.48
2026-01-13 14:00:00+00:00,24.382,24.689,24.29,24.468,162863.81
2026-01-13 15:00:00+00:00,24.468,24.56,24.235,24.394,231883.97
2026-01-13 16:00:00+00:00,24.394,24.721,24.386,24.564,249215.01
2026-01-13 17:00:00+00:00,24.564,24.635,24.364,24.498,136193.64
2026-01-13 18:00:00+00:00,24.498,24.908,24.46,24.809,190344.39
2026-01-13 19:00:00+00:00,24.809,25.023,24.732,24.966,199740.24
2026-01-13 20:00:00+00:00,24.966,25.136,24.821,24.894,165614.24
2026-01-13 21:00:00+00:00,24.894,24.956,24.7,24.736,91674.31
2026-01-13 22:00:00+00:00,24.736,25.85,24.706,25.781,761929.28
2026-01-13 23:00:00+00:00,25.781,25.84,25.372,25.742,429330.26
2026-01-14 00:00:00+00:00,25.742,25.868,25.6,25.698,168781.18
2026-01-14 01:00:00+00:00,25.698,25.912,25.612,25.668,122875.33
2026-01-14 02:00:00+00:00,25.668,25.887,25.637,25.751,64885.88
2026-01-14 03:00:00+00:00,25.751,26.132,25.683,26.063,290659.85
2026-01-14 04:00:00+00:00,26.063,26.106,25.79,25.946,144582.3
2026-01-14 05:00:00+00:00,25.946,25.967,25.711,25.797,79449.18
2026-01-14 06:00:00+00:00,25.797,26.122,25.721,26.113,139393.73
2026-01-14 07:00:00+00:00,26.113,26.19,25.946,26.167,126682.97
2026-01-14 08:00:00+00:00,26.167,26.536,26.069,26.069,371327.54
2026-01-14 09:00:00+00:00,26.069,26.186,25.824,25.842,169216.0
2026-01-14 10:00:00+00:00,25.842,26.132,25.792,26.09,142787.98
2026-01-14 11:00:00+00:00,26.09,26.093,25.801,25.811,114167.32
2026-01-14 12:00:00+00:00,25.811,26.059,25.729,25.966,89156.91
2026-01-14 13:00:00+00:00,25.966,26.071,25.802,25.819,120269.0
2026-01-14 14:00:00+00:00,25.819,26.588,25.803,26.316,520203.32
2026-01-14 15:00:00+00:00,26.316,26.53,26.055,26.33,440062.76
2026-01-14 16:00:00+00:00,26.33,26.886,26.308,26.639,479718.69
2026-01-14 17:00:00+00:00,26.639,26.744,26.13,26.15,271427.94
2026-01-14 18:00:00+00:00,26.15,26.173,25.769,26.152,423385.36
2026-01-14 19:00:00+00:00,26.152,26.41,26.035,26.332,190551.58
2026-01-14 20:00:00+00:00,26.332,26.472,25.971,26.218,185908.39
2026-01-14 21:00:00+00:00,26.218,26.29,25.88,25.936,101340.73
2026-01-14 22:00:00+00:00,25.936,26.027,25.642,25.685,191016.21
2026-01-14 23:00:00+00:00,25.685,26.003,25.685,25.962,231572.38
2026-01-15 00:00:00+00:00,25.962,25.972,25.66,25.906,156011.98
2026-01-15 01:00:00+00:00,25.906,26.098,25.365,25.468,318500.33
2026-01-15 02:00:00+00:00,25.468,25.551,25.088,25.153,288236.56
2026-01-15 03:00:00+00:00,25.153,25.229,24.712,24.741,296747.45
2026-01-15 04:00:00+00:00,24.741,25.288,24.705,25.258,310788.28
2026-01-15 05:00:00+00:00,25.258,25.266,25.075,25.089,104054.99
2026-01-15 06:00:00+00:00,25.089,25.158,24.874,24.887,93207.83
2026-01-15 07:00:00+00:00,24.887,25.107,24.875,25.023,90346.22
2026-01-15 08:00:00+00:00,25.023,25.179,24.932,25.121,105183.24
2026-01-15 09:00:00+00:00,25.121,25.287,24.939,25.117,223555.9
2026-01-15 10:00:00+00:00,25.117,25.297,25.001,25.282,114661.04
2026-01-15 11:00:00+00:00,25.282,25.339,25.131,25.198,70552.84
2026-01-15 12:00:00+00:00,25.198,25.308,25.107,25.29,93464.02
2026-01-15 13:00:00+00:00,25.29,25.564,25.224,25.497,139275.75
2026-01-15 14:00:00+00:00,25.497,25.581,25.039,25.204,298628.02
2026-01-15 15:00:00+00:00,25.204,25.273,24.458,24.887,590902.5
2026-01-15 16:00:00+00:00,24.887,25.275,24.75,24.984,496360.46
2026-01-15 17:00:00+00:00,24.984,25.213,24.82,24.853,174667.5
2026-01-15 18:00:00+00:00,24.853,24.937,24.512,24.61,274329.75
2026-01-15 19:00:00+00:00,24.61,25.013,24.489,24.979,289262.79
2026-01-15 20:00:00+00:00,24.979,25.152,24.337,24.397,311539.38
2026-01-15 21:00:00+00:00,24.397,24.567,24.364,24.446,106036.91
2026-01-15 22:00:00+00:00,24.446,24.642,24.408,24.614,81317.42
2026-01-15 23:00:00+00:00,24.614,24.711,24.559,24.711,38275.55
2026-01-16 00:00:00+00:00,24.711,24.847,24.703,24.759,52837.84
2026-01-16 01:00:00+00:00,24.759,24.837,24.671,24.681,52882.27
2026-01-16 02:00:00+00:00,24.681,24.732,24.518,24.639,142045.88
2026-01-16 03:00:00+00:00,24.639,24.703,24.547,24.572,45769.7
2026-01-16 04:00:00+00:00,24.572,24.757,24.472,24.581,74577.99
2026-01-16 05:00:00+00:00,24.581,24.949,24.559,24.877,126244.04
2026-01-16 06:00:00+00:00,24.877,25.039,24.857,24.96,67714.63
2026-01-16 07:00:00+00:00,24.96,25.006,24.751,24.809,126468.89
2026-01-16 08:00:00+00:00,24.809,25.105,24.796,24.936,87279.08
2026-01-16 09:00:00+00:00,24.936,25.01,24.825,24.847,64183.68
2026-01-16 10:00:00+00:00,24.847,24.896,24.682,24.883,91607.81
2026-01-16 11:00:00+00:00,24.883,25.125,24.83,25.108,64524.92
2026-01-16 12:00:00+00:00,25.108,25.123,24.885,24.975,78284.02
2026-01-16 13:00:00+00:00,24.975,25.134,24.868,25.008,48557.89
2026-01-16 14:00:00+00:00,25.008,25.221,24.987,25.004,149846.97
2026-01-16 15:00:00+00:00,25.004,25.186,24.598,24.798,407865.04
2026-01-16 16:00:00+00:00,24.798,25.046,24.728,24.839,219895.1
2026-01-16 17:00:00+00:00,24.839,25.108,24.746,25.067,113076.41
2026-01-16 18:00:00+00:00,25.067,25.103,24.878,24.878,43209.5
2026-01-16 19:00:00+00:00,24.878,24.889,24.728,24.81,55524.59
2026-01-16 20:00:00+00:00,24.81,25.022,24.648,24.97,110756.99
2026-01-16 21:00:00+00:00,24.97,25.036,24.822,24.957,90867.86
2026-01-16 22:00:00+00:00,24.957,24.978,24.782,24.884,40568.5
2026-01-16 23:00:00+00:00,24.884,25.072,24.861,24.982,47957.52
2026-01-17 00:00:00+00:00,24.982,25.02,24.919,24.972,46498.66
2026-01-17 01:00:00+00:00,24.972,25.014,24.876,24.95,39997.89
2026-01-17 02:00:00+00:00,24.95,24.977,24.826,24.869,20215.84
2026-01-17 03:00:00+00:00,24.869,24.884,24.767,24.806,28919.99
2026-01-17 04:00:00+00:00,24.806,24.866,24.73,24.845,29184.53
2026-01-17 05:00:00+00:00,24.845,24.904,24.799,24.839,36491.09
2026-01-17 06:00:00+00:00,24.839,25.0,24.837,24.973,35367.09
2026-01-17 07:00:00+00:00,24.973,25.021,24.884,24.934,30183.8
2026-01-17 08:00:00+00:00,24.934,25.198,24.928,25.194,55430.8
2026-01-17 09:00:00+00:00,25.194,25.33,25.132,25.256,83382.64
2026-01-17 10:00:00+00:00,25.256,25.321,25.117,25.169,96867.1
2026-01-17 11:00:00+00:00,25.169,25.287,25.114,25.249,46515.82
2026-01-17 12:00:00+00:00,25.249,25.309,25.049,25.15,89205.76
2026-01-17 13:00:00+00:00,25.15,25.429,25.123,25.34,101723.14
2026-01-17 14:00:00+00:00,25.34,25.463,25.266,25.45,62321.11
2026-01-17 15:00:00+00:00,25.45,25.664,25.352,25.644,131242.79
2026-01-17 16:00:00+00:00,25.644,25.709,25.342,25.431,135559.93
2026-01-17 17:00:00+00:00,25.431,25.693,25.407,25.685,45322.29
2026-01-17 18:00:00+00:00,25.685,25.824,25.639,25.777,124225.97
2026-01-17 19:00:00+00:00,25.777,25.79,25.57,25.626,50129.61
2026-01-17 20:00:00+00:00,25.626,25.71,25.564,25.657,37872.31
2026-01-17 21:00:00+00:00,25.657,25.724,25.515,25.565,46131.98
2026-01-17 22:00:00+00:00,25.565,25.597,25.325,25.391,92850.32
2026-01-17 23:00:00+00:00,25.391,25.551,25.322,25.41,100783.98
2026-01-18 00:00:00+00:00,25.41,25.562,25.365,25.378,62936.71
2026-01-18 01:00:00+00:00,25.378,25.415,25.204,25.41,72633.95
2026-01-18 02:00:00+00:00,25.41,25.494,25.32,25.39,36416.28
2026-01-18 03:00:00+00:00,25.39,25.551,25.371,25.462,28514.3
2026-01-18 04:00:00+00:00,25.462,25.725,25.401,25.676,44930.25
2026-01-18 05:00:00+00:00,25.676,25.799,25.54,25.79,58396.71
2026-01-18 06:00:00+00:00,25.79,26.019,25.74,25.945,172915.05
2026-01-18 07:00:00+00:00,25.945,25.958,25.784,25.82,91657.86
2026-01-18 08:00:00+00:00,25.82,25.876,25.72,25.782,103843.36
2026-01-18 09:00:00+00:00,25.782,26.03,25.782,25.967,146562.74
2026-01-18 10:00:00+00:00,25.967,26.112,25.798,26.026,89313.36
2026-01-18 11:00:00+00:00,26.026,26.041,25.9,25.996,60329.47
2026-01-18 12:00:00+00:00,25.996,26.011,25.66,25.832,124733.82
2026-01-18 13:00:00+00:00,25.832,25.897,25.68,25.841,92203.37
2026-01-18 14:00:00+00:00,25.841,25.964,25.711,25.73,59453.07
2026-01-18 15:00:00+00:00,25.73,25.904,25.68,25.813,96405.07
2026-01-18 16:00:00+00:00,25.813,25.88,25.609,25.719,145533.35
2026-01-18 17:00:00+00:00,25.719,25.774,25.432,25.518,189002.56
2026-01-18 18:00:00+00:00,25.518,25.729,25.465,25.653,98603.63
2026-01-18 19:00:00+00:00,25.653,25.69,25.064,25.156,229039.26
2026-01-18 20:00:00+00:00,25.156,25.218,25.001,25.186,148891.65
2026-01-18 21:00:00+00:00,25.186,25.266,24.906,24.952,115386.3
2026-01-18 22:00:00+00:00,24.952,25.165,24.944,25.132,67116.59
2026-01-18 23:00:00+00:00,25.132,25.132,24.35,24.447,361203.26
2026-01-19 00:00:00+00:00,24.447,24.456,22.775,24.053,1591922.24
2026-01-19 01:00:00+00:00,24.053,24.183,23.912,24.072,179483.63
2026-01-19 02:00:00+00:00,24.072,24.072,23.867,23.97,75281.21
2026-01-19 03:00:00+00:00,23.97,24.098,23.821,23.919,123887.36
2026-01-19 04:00:00+00:00,23.919,24.012,23.874,23.97,52644.82
2026-01-19 05:00:00+00:00,23.97,23.976,23.75,23.892,94909.08
2026-01-19 06:00:00+00:00,23.892,23.908,23.624,23.812,89071.31
2026-01-19 07:00:00+00:00,23.812,23.841,23.678,23.806,75451.26
2026-01-19 08:00:00+00:00,23.806,24.219,23.766,24.181,154361.93
2026-01-19 09:00:00+00:00,24.181,24.186,23.96,24.078,155044.12
2026-01-19 10:00:00+00:00,24.078,24.191,23.951,24.098,186212.86
2026-01-19 11:00:00+00:00,24.098,24.171,24.024,24.086,81813.64
2026-01-19 12:00:00+00:00,24.086,24.087,23.897,23.97,96802.24
2026-01-19 13:00:00+00:00,23.97,23.97,23.576,23.644,346495.09
2026-01-19 14:00:00+00:00,23.644,23.806,23.462,23.607,284120.18
2026-01-19 15:00:00+00:00,23.607,23.737,23.489,23.732,108821.05
2026-01-19 16:00:00+00:00,23.732,24.054,23.713,24.015,142306.68
2026-01-19 17:00:00+00:00,24.015,24.05,23.887,23.918,57807.42
2026-01-19 18:00:00+00:00,23.918,24.026,23.838,23.98,124278.24
2026-01-19 19:00:00+00:00,23.98,24.118,23.956,24.023,67744.09
2026-01-19 20:00:00+00:00,24.023,24.094,23.935,23.943,41257.15
2026-01-19 21:00:00+00:00,23.943,23.982,23.679,23.697,85424.53
2026-01-19 22:00:00+00:00,23.697,23.796,23.601,23.609,79715.0
2026-01-19 23:00:00+00:00,23.609,23.793,23.531,23.708,107558.5
2026-01-20 00:00:00+00:00,23.708,23.739,23.43,23.557,119018.65
2026-01-20 01:00:00+00:00,23.557,23.762,23.481,23.646,86910.93
2026-01-20 02:00:00+00:00,23.646,23.756,23.538,23.731,122306.2
2026-01-20 03:00:00+00:00,23.731,23.749,23.485,23.742,100900.12
2026-01-20 04:00:00+00:00,23.742,23.855,23.563,23.618,102022.63
2026-01-20 05:00:00+00:00,23.618,23.732,23.124,23.435,310728.6
2026-01-20 06:00:00+00:00,23.435,23.441,23.114,23.178,248374.57
2026-01-20 07:00:00+00:00,23.178,23.271,23.067,23.087,173275.86
2026-01-20 08:00:00+00:00,23.087,23.213,22.842,23.21,254349.65
2026-01-20 09:00:00+00:00,23.21,23.25,22.855,22.923,237848.01
2026-01-20 10:00:00+00:00,22.923,23.09,22.877,22.94,159565.58
2026-01-20 11:00:00+00:00,22.94,23.067,22.709,22.748,252973.58
2026-01-20 12:00:00+00:00,22.748,22.867,22.474,22.521,354134.0
2026-01-20 13:00:00+00:00,22.521,22.543,21.589,21.752,1190200.47
2026-01-20 14:00:00+00:00,21.752,22.241,21.568,22.061,766877.7
2026-01-20 15:00:00+00:00,22.061,22.251,21.8,22.066,330068.55
2026-01-20 16:00:00+00:00,22.066,22.16,21.575,21.756,319298.75
2026-01-20 17:00:00+00:00,21.756,21.926,20.965,21.266,803119.84
2026-01-20 18:00:00+00:00,21.266,21.566,21.253,21.531,346481.92
2026-01-20 19:00:00+00:00,21.531,21.609,21.358,21.517,201353.8
2026-01-20 20:00:00+00:00,21.517,21.826,21.44,21.551,202758.45
2026-01-20 21:00:00+00:00,21.551,21.573,21.16,21.206,159906.62
2026-01-20 22:00:00+00:00,21.206,21.392,20.931,21.301,367858.47
2026-01-20 23:00:00+00:00,21.301,21.336,20.804,20.974,379849.46
2026-01-21 00:00:00+00:00,20.974,21.271,20.879,21.17,288390.76
2026-01-21 01:00:00+00:00,21.17,21.539,21.128,21.368,202172.63
2026-01-21 02:00:00+00:00,21.368,21.479,21.162,21.298,143096.48
2026-01-21 03:00:00+00:00,21.298,21.479,21.287,21.416,113286.3
2026-01-21 04:00:00+00:00,21.416,21.617,21.388,21.529,174984.19
2026-01-21 05:00:00+00:00,21.529,21.773,21.505,21.678,218107.45
2026-01-21 06:00:00+00:00,21.678,21.682,21.405,21.425,188246.03
2026-01-21 07:00:00+00:00,21.425,21.492,21.205,21.257,125941.83
2026-01-21 08:00:00+00:00,21.257,21.259,20.96,21.005,191207.71
2026-01-21 09:00:00+00:00,21.005,21.154,20.855,20.976,194461.92
2026-01-21 10:00:00+00:00,20.976,21.149,20.55,20.605,325591.38
2026-01-21 11:00:00+00:00,20.605,20.98,20.588,20.693,439970.82
2026-01-21 12:00:00+00:00,20.693,20.87,20.482,20.846,778656.83
2026-01-21 13:00:00+00:00,20.846,20.943,20.704,20.737,199815.05
2026-01-21 14:00:00+00:00,20.737,21.309,20.719,21.153,481189.32
2026-01-21 15:00:00+00:00,21.153,21.578,21.1,21.555,472165.55
2026-01-21 16:00:00+00:00,21.555,21.644,20.819,20.854,638635.15
2026-01-21 17:00:00+00:00,20.854,21.054,20.452,20.687,506680.13
2026-01-21 18:00:00+00:00,20.687,20.962,20.534,20.879,182265.1
2026-01-21 19:00:00+00:00,20.879,21.985,20.772,21.86,662210.52
2026-01-21 20:00:00+00:00,21.86,21.953,21.476,21.894,382208.0
2026-01-21 21:00:00+00:00,21.894,22.01,21.803,21.847,216136.47
2026-01-21 22:00:00+00:00,21.847,22.072,21.661,21.668,164304.77
2026-01-21 23:00:00+00:00,21.668,21.762,21.402,21.523,154271.0
2026-01-22 00:00:00+00:00,21.523,21.927,21.516,21.868,202881.62
2026-01-22 01:00:00+00:00,21.868,22.078,21.851,22.059,113596.13
2026-01-22 02:00:00+00:00,22.059,22.176,21.916,21.973,113844.49
2026-01-22 03:00:00+00:00,21.973,22.089,21.495,21.567,259628.69
2026-01-22 04:00:00+00:00,21.567,21.869,21.566,21.805,141409.59
2026-01-22 05:00:00+00:00,21.805,21.873,21.665,21.765,100544.48
2026-01-22 06:00:00+00:00,21.765,21.845,21.64,21.808,73480.82
2026-01-22 07:00:00+00:00,21.808,21.963,21.738,21.93,207600.64
2026-01-22 08:00:00+00:00,21.93,22.087,21.859,22.079,267036.6
2026-01-22 09:00:00+00:00,22.079,22.22,21.956,21.972,307374.73
2026-01-22 10:00:00+00:00,21.972,22.06,21.801,21.885,208457.24
2026-01-22 11:00:00+00:00,21.885,21.983,21.794,21.803,62106.09
2026-01-22 12:00:00+00:00,21.803,21.867,21.778,21.794,91762.36
2026-01-22 13:00:00+00:00,21.794,21.975,21.574,21.668,208698.07
2026-01-22 14:00:00+00:00,21.668,21.744,21.238,21.418,396127.12
2026-01-22 15:00:00+00:00,21.418,21.534,21.113,21.261,333824.41
2026-01-22 16:00:00+00:00,21.261,21.423,21.117,21.329,252040.56
2026-01-22 17:00:00+00:00,21.329,21.724,21.305,21.702,291076.61
2026-01-22 18:00:00+00:00,21.702,21.749,21.099,21.177,369265.43
2026-01-22 19:00:00+00:00,21.177,21.539,21.17,21.415,140709.87
2026-01-22 20:00:00+00:00,21.415,21.497,21.251,21.367,107343.68
2026-01-22 21:00:00+00:00,21.367,21.46,21.31,21.333,79550.43
2026-01-22 22:00:00+00:00,21.333,21.427,21.261,21.386,96816.32
2026-01-22 23:00:00+00:00,21.386,21.467,21.282,21.438,81655.75
2026-01-23 00:00:00+00:00,21.438,21.624,21.361,21.597,105808.93
2026-01-23 01:00:00+00:00,21.597,21.735,21.594,21.726,97691.17
2026-01-23 02:00:00+00:00,21.726,21.752,21.636,21.645,71253.86
2026-01-23 03:00:00+00:00,21.645,21.808,21.594,21.807,66065.32
2026-01-23 04:00:00+00:00,21.807,21.865,21.742,21.82,59505.79
2026-01-23 05:00:00+00:00,21.82,21.85,21.64,21.72,95591.47
2026-01-23 06:00:00+00:00,21.72,21.783,21.44,21.466,128301.51
2026-01-23 07:00:00+00:00,21.466,21.583,21.388,21.45,101455.21
2026-01-23 08:00:00+00:00,21.45,21.485,21.2,21.206,160386.58
2026-01-23 09:00:00+00:00,21.206,21.258,20.887,20.905,272401.02
2026-01-23 10:00:00+00:00,20.905,21.127,20.815,21.033,311297.61
2026-01-23 11:00:00+00:00,21.033,21.265,21.003,21.232,186650.32
2026-01-23 12:00:00+00:00,21.232,21.338,21.154,21.317,115410.8
2026-01-23 13:00:00+00:00,21.317,21.524,21.305,21.476,179900.74
2026-01-23 14:00:00+00:00,21.476,21.684,21.361,21.474,344636.1
2026-01-23 15:00:00+00:00,21.474,22.374,21.435,22.318,593396.89
2026-01-23 16:00:00+00:00,22.318,22.632,22.199,22.39,945714.65
2026-01-23 17:00:00+00:00,22.39,23.064,22.253,22.73,658932.66
2026-01-23 18:00:00+00:00,22.73,22.901,22.588,22.826,438839.37
2026-01-23 19:00:00+00:00,22.826,22.831,22.264,22.386,389917.01
2026-01-23 20:00:00+00:00,22.386,22.584,22.29,22.552,384382.53
2026-01-23 21:00:00+00:00,22.552,22.669,22.368,22.394,193860.17
2026-01-23 22:00:00+00:00,22.394,22.745,22.364,22.653,206732.22
2026-01-23 23:00:00+00:00,22.653,22.653,22.513,22.629,112220.29
2026-01-24 00:00:00+00:00,22.629,22.84,22.575,22.735,139195.98
2026-01-24 01:00:00+00:00,22.735,22.917,22.583,22.906,321669.84
2026-01-24 02:00:00+00:00,22.906,23.135,22.879,23.067,199901.34
2026-01-24 03:00:00+00:00,23.067,23.28,22.951,23.087,211525.22
2026-01-24 04:00:00+00:00,23.087,23.158,22.86,22.974,159762.4
2026-01-24 05:00:00+00:00,22.974,23.034,22.91,23.019,71061.6
2026-01-24 06:00:00+00:00,23.019,23.032,22.825,22.88,76007.21
2026-01-24 07:00:00+00:00,22.88,22.986,22.785,22.809,189686.21
2026-01-24 08:00:00+00:00,22.809,23.473,22.788,23.44,353588.9
2026-01-24 09:00:00+00:00,23.44,23.45,23.262,23.314,190463.41
2026-01-24 10:00:00+00:00,23.314,23.398,23.266,23.316,100594.14
2026-01-24 11:00:00+00:00,23.316,23.4,23.161,23.203,185591.65
2026-01-24 12:00:00+00:00,23.203,23.272,23.133,23.155,100718.46
2026-01-24 13:00:00+00:00,23.155,23.34,23.017,23.199,283366.43
2026-01-24 14:00:00+00:00,23.199,23.459,23.165,23.431,220460.79
2026-01-24 15:00:00+00:00,23.431,23.45,22.991,23.04,185605.74
2026-01-24 16:00:00+00:00,23.04,23.159,22.895,23.002,265691.97
2026-01-24 17:00:00+00:00,23.002,23.354,22.957,23.315,241356.8
2026-01-24 18:00:00+00:00,23.315,23.641,23.276,23.589,360170.67
2026-01-24 19:00:00+00:00,23.589,23.65,23.414,23.427,187406.9
2026-01-24 20:00:00+00:00,23.427,23.613,23.334,23.561,199323.58
2026-01-24 21:00:00+00:00,23.561,23.627,23.481,23.608,148275.39
2026-01-24 22:00:00+00:00,23.608,23.704,23.539,23.667,147786.49
2026-01-24 23:00:00+00:00,23.667,23.75,23.171,23.2,349624.85
2026-01-25 00:00:00+00:00,23.2,23.395,23.173,23.254,216903.2
2026-01-25 01:00:00+00:00,23.254,23.424,23.017,23.254,234875.79
2026-01-25 02:00:00+00:00,23.254,23.328,23.2,23.201,45194.28
2026-01-25 03:00:00+00:00,23.201,23.29,22.913,22.93,173313.7
2026-01-25 04:00:00+00:00,22.93,22.992,22.729,22.866,207737.14
2026-01-25 05:00:00+00:00,22.866,22.975,22.809,22.956,89982.78
2026-01-25 06:00:00+00:00,22.956,22.956,22.84,22.94,79384.18
2026-01-25 07:00:00+00:00,22.94,22.94,22.731,22.896,78132.68
2026-01-25 08:00:00+00:00,22.896,22.997,22.367,22.441,457354.02
2026-01-25 09:00:00+00:00,22.441,22.57,22.329,22.344,292683.61
2026-01-25 10:00:00+00:00,22.344,22.56,22.33,22.506,163348.94
2026-01-25 11:00:00+00:00,22.506,22.541,22.429,22.496,68086.36
2026-01-25 12:00:00+00:00,22.496,22.629,22.461,22.613,101384.2
2026-01-25 13:00:00+00:00,22.613,22.7,22.527,22.616,91831.42
2026-01-25 14:00:00+00:00,22.616,22.627,22.412,22.542,164931.95
2026-01-25 15:00:00+00:00,22.542,22.716,22.438,22.452,108412.08
2026-01-25 16:00:00+00:00,22.452,22.622,22.11,22.231,751389.21
2026-01-25 17:00:00+00:00,22.231,22.296,22.039,22.201,168886.48
2026-01-25 18:00:00+00:00,22.201,22.3,21.981,22.232,498021.37
2026-01-25 19:00:00+00:00,22.232,22.28,21.655,21.797,758285.32
2026-01-25 20:00:00+00:00,21.797,22.009,21.748,21.97,444952.24
2026-01-25 21:00:00+00:00,21.97,22.218,21.894,21.916,286332.47
2026-01-25 22:00:00+00:00,21.916,22.112,21.613,21.917,426987.77
2026-01-25 23:00:00+00:00,21.917,22.272,21.786,22.192,331817.62
2026-01-26 00:00:00+00:00,22.192,22.297,21.815,22.111,378392.54
2026-01-26 01:00:00+00:00,22.111,22.519,22.077,22.325,409533.53
2026-01-26 02:00:00+00:00,22.325,22.348,22.052,22.09,247747.64
2026-01-26 03:00:00+00:00,22.09,22.155,21.849,21.964,173825.54
2026-01-26 04:00:00+00:00,21.964,22.326,21.932,22.213,243288.28
2026-01-26 05:00:00+00:00,22.213,22.26,22.107,22.219,92078.21
2026-01-26 06:00:00+00:00,22.219,22.227,22.034,22.155,117394.61
2026-01-26 07:00:00+00:00,22.155,22.322,22.113,22.309,86747.46
2026-01-26 08:00:00+00:00,22.309,22.591,22.15,22.522,324975.92
2026-01-26 09:00:00+00:00,22.522,22.562,22.05,22.197,224098.06
2026-01-26 10:00:00+00:00,22.197,22.52,22.168,22.297,173029.54
2026-01-26 11:00:00+00:00,22.297,22.366,21.997,22.274,440368.36
2026-01-26 12:00:00+00:00,22.274,22.391,22.173,22.251,101774.81
2026-01-26 13:00:00+00:00,22.251,22.418,22.222,22.374,110105.17
2026-01-26 14:00:00+00:00,22.374,22.52,22.114,22.469,231260.05
2026-01-26 15:00:00+00:00,22.469,22.874,22.367,22.446,450292.29
2026-01-26 16:00:00+00:00,22.446,23.573,22.409,23.486,913780.75
2026-01-26 17:00:00+00:00,23.486,23.929,23.356,23.872,789648.71
2026-01-26 18:00:00+00:00,23.872,24.211,23.691,24.21,613895.16
2026-01-26 19:00:00+00:00,24.21,24.407,23.943,24.112,600404.1
2026-01-26 20:00:00+00:00,24.112,24.243,23.971,24.062,212804.85
2026-01-26 21:00:00+00:00,24.062,24.949,23.982,24.796,520002.48
2026-01-26 22:00:00+00:00,24.796,25.336,24.583,25.068,729429.16
2026-01-26 23:00:00+00:00,25.068,25.202,24.819,24.929,288173.16
2026-01-27 00:00:00+00:00,24.929,25.49,24.89,25.317,372371.27
2026-01-27 01:00:00+00:00,25.317,25.574,25.147,25.535,373505.51
2026-01-27 02:00:00+00:00,25.535,25.999,25.526,25.88,630105.7
2026-01-27 03:00:00+00:00,25.88,26.483,25.798,26.093,946588.72
2026-01-27 04:00:00+00:00,26.093,26.944,26.028,26.907,687176.92
2026-01-27 05:00:00+00:00,26.907,27.415,26.653,26.825,706890.24
2026-01-27 06:00:00+00:00,26.825,27.476,26.825,27.121,495446.9
2026-01-27 07:00:00+00:00,27.121,27.785,26.943,27.416,615159.45
2026-01-27 08:00:00+00:00,27.416,28.12,27.245,27.831,792953.55
2026-01-27 09:00:00+00:00,27.831,28.025,27.24,27.567,1107247.62
2026-01-27 10:00:00+00:00,27.567,27.846,27.198,27.232,726715.41
2026-01-27 11:00:00+00:00,27.232,27.849,27.218,27.724,456218.24
2026-01-27 12:00:00+00:00,27.724,28.399,27.5,27.633,801347.11
2026-01-27 13:00:00+00:00,27.633,27.656,27.233,27.314,426961.35
2026-01-27 14:00:00+00:00,27.314,27.692,27.139,27.358,451755.23
2026-01-27 15:00:00+00:00,27.358,28.156,27.308,28.146,643656.31
2026-01-27 16:00:00+00:00,28.146,28.975,27.835,28.494,1255563.53
2026-01-27 17:00:00+00:00,28.494,28.582,27.411,27.774,1435152.79
2026-01-27 18:00:00+00:00,27.774,28.499,27.582,28.364,591197.82
2026-01-27 19:00:00+00:00,28.364,29.1,28.298,28.793,862550.44
2026-01-27 20:00:00+00:00,28.793,29.877,28.74,29.756,1412900.81
2026-01-27 21:00:00+00:00,29.756,29.912,29.561,29.784,692738.73
2026-01-27 22:00:00+00:00,29.784,30.517,29.516,30.492,888021.92
2026-01-27 23:00:00+00:00,30.492,31.035,30.364,30.806,957689.91
2026-01-28 00:00:00+00:00,30.806,31.644,30.717,31.465,923960.43
2026-01-28 01:00:00+00:00,31.465,32.977,31.398,32.893,1953413.6
2026-01-28 02:00:00+00:00,32.893,33.695,32.417,32.848,1419999.62
2026-01-28 03:00:00+00:00,32.848,33.924,32.607,33.529,1163062.67
2026-01-28 04:00:00+00:00,33.529,34.229,33.356,33.996,757053.2
2026-01-28 05:00:00+00:00,33.996,34.264,32.364,32.775,1225610.17
2026-01-28 06:00:00+00:00,32.775,33.84,32.745,33.83,719942.52
2026-01-28 07:00:00+00:00,33.83,33.91,33.25,33.499,636894.89
2026-01-28 08:00:00+00:00,33.499,34.77,33.419,33.744,1434124.94
2026-01-28 09:00:00+00:00,33.744,34.639,33.488,34.629,693085.45
2026-01-28 10:00:00+00:00,34.629,34.849,34.322,34.424,933399.27
2026-01-28 11:00:00+00:00,34.424,34.623,33.817,33.914,600921.39
2026-01-28 12:00:00+00:00,33.914,34.042,33.211,33.58,659548.05
2026-01-28 13:00:00+00:00,33.58,34.682,33.538,34.373,955877.31
2026-01-28 14:00:00+00:00,34.373,34.374,33.533,33.672,706035.34
2026-01-28 15:00:00+00:00,33.672,33.965,33.011,33.484,837736.23
2026-01-28 16:00:00+00:00,33.484,33.52,32.606,33.047,1041130.8
2026-01-28 17:00:00+00:00,33.047,33.195,32.522,32.925,580364.87
2026-01-28 18:00:00+00:00,32.925,33.084,32.311,32.908,541940.34
2026-01-28 19:00:00+00:00,32.908,33.627,32.637,33.353,842615.88
2026-01-28 20:00:00+00:00,33.353,33.735,32.9,33.037,481484.71
2026-01-28 21:00:00+00:00,33.037,33.37,32.785,33.009,388493.45
2026-01-28 22:00:00+00:00,33.009,33.739,32.832,33.342,751236.86
2026-01-28 23:00:00+00:00,33.342,34.552,33.303,34.422,720986.58
2026-01-29 00:00:00+00:00,34.422,34.439,33.594,33.976,640969.13
2026-01-29 01:00:00+00:00,33.976,34.183,33.087,33.138,417780.44
2026-01-29 02:00:00+00:00,33.138,33.419,31.86,31.996,800626.64
2026-01-29 03:00:00+00:00,31.996,32.49,31.675,31.758,554375.2
2026-01-29 04:00:00+00:00,31.758,32.155,31.138,31.879,775614.74
2026-01-29 05:00:00+00:00,31.879,32.04,31.558,31.958,310208.45
2026-01-29 06:00:00+00:00,31.958,33.312,31.906,32.856,921132.17
2026-01-29 07:00:00+00:00,32.856,32.979,32.211,32.432,407090.07
2026-01-29 08:00:00+00:00,32.432,33.063,32.225,32.462,375407.0
2026-01-29 09:00:00+00:00,32.462,32.628,32.231,32.276,246569.7
2026-01-29 10:00:00+00:00,32.276,32.776,32.235,32.612,164273.7
2026-01-29 11:00:00+00:00,32.612,33.692,31.83,33.29,1188200.57
2026-01-29 12:00:00+00:00,33.29,34.27,33.183,33.393,1289990.8
2026-01-29 13:00:00+00:00,33.393,34.366,33.176,34.027,603025.83
2026-01-29 14:00:00+00:00,34.027,34.567,32.955,33.029,1130075.84
2026-01-29 15:00:00+00:00,33.029,33.434,31.773,33.143,2427343.85
2026-01-29 16:00:00+00:00,33.143,33.883,32.703,33.689,1184367.02
2026-01-29 17:00:00+00:00,33.689,34.0,32.861,33.392,880376.66
2026-01-29 18:00:00+00:00,33.392,33.666,32.394,32.488,1013039.53
2026-01-29 19:00:00+00:00,32.488,32.746,31.924,32.117,769048.59
2026-01-29 20:00:00+00:00,32.117,32.916,31.81,32.755,667352.75
2026-01-29 21:00:00+00:00,32.755,32.759,31.501,31.84,1045053.1
2026-01-29 22:00:00+00:00,31.84,32.097,30.573,31.084,1102545.1
2026-01-29 23:00:00+00:00,31.084,31.128,30.363,30.773,792581.99
2026-01-30 00:00:00+00:00,30.773,30.844,29.882,29.924,771642.7
2026-01-30 01:00:00+00:00,29.924,30.141,28.941,29.509,1484882.92
2026-01-30 02:00:00+00:00,29.509,29.514,28.165,28.679,1680267.24
2026-01-30 03:00:00+00:00,28.679,29.385,28.591,29.218,895352.69
2026-01-30 04:00:00+00:00,29.218,29.765,29.041,29.102,991085.19
2026-01-30 05:00:00+00:00,29.102,29.58,28.911,28.947,479776.39
2026-01-30 06:00:00+00:00,28.947,29.171,28.547,28.792,696111.78
2026-01-30 07:00:00+00:00,28.792,29.316,28.612,29.125,693691.45
2026-01-30 08:00:00+00:00,29.125,29.556,29.012,29.2,568169.74
2026-01-30 09:00:00+00:00,29.2,29.636,29.132,29.247,513264.65
2026-01-30 10:00:00+00:00,29.247,30.052,29.189,29.757,709425.04
2026-01-30 11:00:00+00:00,29.757,30.93,29.656,30.617,884006.0
2026-01-30 12:00:00+00:00,30.617,30.703,29.791,29.997,493372.59
2026-01-30 13:00:00+00:00,29.997,30.019,29.218,29.319,585259.38
2026-01-30 14:00:00+00:00,29.319,30.0,29.069,29.153,687713.72
2026-01-30 15:00:00+00:00,29.153,29.665,28.703,28.974,1066026.99
2026-01-30 16:00:00+00:00,28.974,29.489,28.5,29.264,767678.92
2026-01-30 17:00:00+00:00,29.264,29.888,28.915,29.548,636347.6
2026-01-30 18:00:00+00:00,29.548,31.828,29.06,31.711,1863336.3
2026-01-30 19:00:00+00:00,31.711,32.91,31.567,32.087,1409934.34
2026-01-30 20:00:00+00:00,32.087,32.112,31.002,31.038,992393.0
2026-01-30 21:00:00+00:00,31.038,31.538,30.894,31.083,511061.56
2026-01-30 22:00:00+00:00,31.083,31.245,30.724,31.2,301696.04
2026-01-30 23:00:00+00:00,31.2,31.224,30.311,30.609,457100.81
2026-01-31 00:00:00+00:00,30.609,31.374,30.525,30.999,424217.66
2026-01-31 01:00:00+00:00,30.999,31.56,30.937,31.458,285574.57
2026-01-31 02:00:00+00:00,31.458,32.0,30.936,31.821,459297.02
2026-01-31 03:00:00+00:00,31.821,32.14,31.521,31.66,336651.03
2026-01-31 04:00:00+00:00,31.66,31.862,31.04,31.159,368238.14
2026-01-31 05:00:00+00:00,31.159,31.32,30.831,31.199,286529.04
2026-01-31 06:00:00+00:00,31.199,31.275,30.423,30.627,324635.04
2026-01-31 07:00:00+00:00,30.627,30.87,30.45,30.638,217390.69
2026-01-31 08:00:00+00:00,30.638,30.934,30.308,30.66,503571.96
2026-01-31 09:00:00+00:00,30.66,30.71,30.005,30.078,704378.23
2026-01-31 10:00:00+00:00,30.078,30.441,29.792,30.282,240303.34
2026-01-31 11:00:00+00:00,30.282,30.543,29.943,30.261,370413.17
2026-01-31 12:00:00+00:00,30.261,30.486,30.065,30.236,189723.21
2026-01-31 13:00:00+00:00,30.236,30.408,29.852,30.107,300974.21
2026-01-31 14:00:00+00:00,30.107,30.22,28.701,29.322,1606521.53
2026-01-31 15:00:00+00:00,29.322,29.375,28.47,28.665,644500.23
2026-01-31 16:00:00+00:00,28.665,28.808,28.003,28.266,1382480.6
2026-01-31 17:00:00+00:00,28.266,28.732,27.43,28.628,1899927.62
2026-01-31 18:00:00+00:00,28.628,29.637,27.37,29.146,2129750.49
2026-01-31 19:00:00+00:00,29.146,29.948,28.521,29.059,1551190.28
2026-01-31 20:00:00+00:00,29.059,29.504,28.633,29.442,557463.37
2026-01-31 21:00:00+00:00,29.442,30.379,29.423,30.023,950076.7
2026-01-31 22:00:00+00:00,30.023,30.575,29.852,30.392,397751.36
2026-01-31 23:00:00+00:00,30.392,31.163,30.129,31.001,968669.64
2026-02-01 00:00:00+00:00,31.001,32.439,30.946,32.305,1017146.75
2026-02-01 01:00:00+00:00,32.305,32.59,31.655,31.833,709495.89
2026-02-01 02:00:00+00:00,31.833,32.462,31.331,32.152,644852.3
2026-02-01 03:00:00+00:00,32.152,32.23,31.355,31.468,394149.33
2026-02-01 04:00:00+00:00,31.468,32.012,31.449,31.688,279057.7
2026-02-01 05:00:00+00:00,31.688,31.742,30.714,30.798,737079.45
2026-02-01 06:00:00+00:00,30.798,30.864,30.294,30.504,604651.41
2026-02-01 07:00:00+00:00,30.504,30.922,30.203,30.687,692337.26
2026-02-01 08:00:00+00:00,30.687,31.037,30.528,30.933,409812.22
2026-02-01 09:00:00+00:00,30.933,31.403,30.8,31.35,610001.34
2026-02-01 10:00:00+00:00,31.35,31.561,30.184,30.37,843919.12
2026-02-01 11:00:00+00:00,30.37,31.192,30.334,30.951,498725.33
2026-02-01 12:00:00+00:00,30.951,31.065,30.321,30.322,368000.61
2026-02-01 13:00:00+00:00,30.322,30.51,29.43,29.488,746639.83
2026-02-01 14:00:00+00:00,29.488,29.67,28.88,29.12,960959.65
2026-02-01 15:00:00+00:00,29.12,29.223,28.451,28.989,889810.27
2026-02-01 16:00:00+00:00,28.989,29.485,28.754,29.424,691456.43
2026-02-01 17:00:00+00:00,29.424,29.74,29.158,29.61,562344.85
2026-02-01 18:00:00+00:00,29.61,30.261,29.608,29.921,758925.97
2026-02-01 19:00:00+00:00,29.921,29.978,29.139,29.409,485598.86
2026-02-01 20:00:00+00:00,29.409,29.869,29.021,29.641,511239.01
2026-02-01 21:00:00+00:00,29.641,30.194,28.9,30.183,814303.61
2026-02-01 22:00:00+00:00,30.183,30.5,29.759,30.078,605124.51
2026-02-01 23:00:00+00:00,30.078,31.198,29.316,30.562,1234999.15
2026-02-02 00:00:00+00:00,30.562,31.812,30.435,30.986,856068.06
2026-02-02 01:00:00+00:00,30.986,31.642,30.534,31.217,507988.59
2026-02-02 02:00:00+00:00,31.217,31.572,31.039,31.214,638737.9
2026-02-02 03:00:00+00:00,31.214,32.08,30.106,31.997,1471710.38
2026-02-02 04:00:00+00:00,31.997,32.042,30.932,31.189,567306.71
2026-02-02 05:00:00+00:00,31.189,31.233,30.439,30.795,802636.74
2026-02-02 06:00:00+00:00,30.795,30.888,29.5,30.297,1068030.69
2026-02-02 07:00:00+00:00,30.297,31.5,29.825,31.21,763794.51
2026-02-02 08:00:00+00:00,31.21,31.578,30.652,30.913,363987.78
2026-02-02 09:00:00+00:00,30.913,31.431,30.524,31.071,445390.87
2026-02-02 10:00:00+00:00,31.071,31.596,30.887,30.94,418883.74
2026-02-02 11:00:00+00:00,30.94,31.541,30.856,30.914,443439.26
2026-02-02 12:00:00+00:00,30.914,31.151,30.553,30.899,448424.89
2026-02-02 13:00:00+00:00,30.899,31.101,30.401,30.899,421449.68
2026-02-02 14:00:00+00:00,30.899,33.372,30.554,31.872,2446364.03
2026-02-02 15:00:00+00:00,31.872,32.715,31.567,32.707,1331605.29
2026-02-02 16:00:00+00:00,32.707,33.735,32.474,32.619,1367394.39
2026-02-02 17:00:00+00:00,32.619,33.459,32.563,32.693,598694.03
2026-02-02 18:00:00+00:00,32.693,32.709,31.61,32.079,785519.15
2026-02-02 19:00:00+00:00,32.079,32.548,31.92,32.457,502499.61
2026-02-02 20:00:00+00:00,32.457,33.125,32.187,32.259,695330.98
2026-02-02 21:00:00+00:00,32.259,33.393,32.198,33.295,505032.32
2026-02-02 22:00:00+00:00,33.295,33.972,33.276,33.921,561826.93
2026-02-02 23:00:00+00:00,33.921,33.965,33.197,33.271,474765.61
2026-02-03 00:00:00+00:00,33.271,34.172,33.085,34.076,413985.98
2026-02-03 01:00:00+00:00,34.076,35.486,33.807,35.404,993445.83
2026-02-03 02:00:00+00:00,35.404,36.26,35.165,35.831,1227149.06
2026-02-03 03:00:00+00:00,35.831,38.176,35.585,37.871,1904266.42
2026-02-03 04:00:00+00:00,37.871,38.414,37.324,37.821,1110433.8
2026-02-03 05:00:00+00:00,37.821,37.821,36.9,37.186,915163.21
2026-02-03 06:00:00+00:00,37.186,37.548,36.682,37.019,636121.89
2026-02-03 07:00:00+00:00,37.019,37.436,36.749,37.256,515457.23
2026-02-03 08:00:00+00:00,37.256,37.912,36.835,37.525,625849.5
2026-02-03 09:00:00+00:00,37.525,37.596,36.3,37.03,1038423.07
2026-02-03 10:00:00+00:00,37.03,37.155,35.713,36.024,721726.54
2026-02-03 11:00:00+00:00,36.024,36.474,35.898,36.059,365771.73
2026-02-03 12:00:00+00:00,36.059,36.41,35.739,36.06,387650.77
2026-02-03 13:00:00+00:00,36.06,36.261,35.517,36.156,633153.29
2026-02-03 14:00:00+00:00,36.156,36.36,34.858,34.929,967041.51
2026-02-03 15:00:00+00:00,34.929,35.0,33.515,34.203,2333329.24
2026-02-03 16:00:00+00:00,34.203,34.214,32.758,33.617,1207344.27
2026-02-03 17:00:00+00:00,33.617,33.762,32.264,32.316,1273275.18
2026-02-03 18:00:00+00:00,32.316,33.328,32.264,32.582,1362936.43
2026-02-03 19:00:00+00:00,32.582,34.716,32.574,33.863,2765762.62
2026-02-03 20:00:00+00:00,33.863,35.42,33.525,35.361,1342500.39
2026-02-03 21:00:00+00:00,35.361,35.65,33.409,33.852,1634830.26
2026-02-03 22:00:00+00:00,33.852,33.975,32.832,33.061,869881.91
2026-02-03 23:00:00+00:00,33.061,33.415,32.474,32.693,874295.23
2026-02-04 00:00:00+00:00,32.693,33.55,32.361,32.967,873530.83
2026-02-04 01:00:00+00:00,32.967,33.828,32.822,32.997,601120.15
2026-02-04 02:00:00+00:00,32.997,33.497,32.524,32.733,439229.62
2026-02-04 03:00:00+00:00,32.733,33.731,32.699,33.669,444231.16
2026-02-04 04:00:00+00:00,33.669,33.888,33.384,33.506,331548.32
2026-02-04 05:00:00+00:00,33.506,34.066,32.848,33.078,404643.34
2026-02-04 06:00:00+00:00,33.078,33.89,33.046,33.857,433379.1
2026-02-04 07:00:00+00:00,33.857,33.859,33.291,33.373,262882.78
2026-02-04 08:00:00+00:00,33.373,33.424,32.953,33.15,485806.65
2026-02-04 09:00:00+00:00,33.15,33.459,32.819,33.358,369805.24
2026-02-04 10:00:00+00:00,33.358,33.545,33.055,33.128,212012.3
2026-02-04 11:00:00+00:00,33.128,33.625,32.545,33.317,524826.31
2026-02-04 12:00:00+00:00,33.317,33.899,33.287,33.632,421139.83
2026-02-04 13:00:00+00:00,33.632,33.829,32.664,32.677,527894.09
2026-02-04 14:00:00+00:00,32.677,33.617,32.484,32.998,1044571.67
2026-02-04 15:00:00+00:00,32.998,34.324,32.894,34.035,1470611.37
2026-02-04 16:00:00+00:00,34.035,35.024,33.97,34.577,1149776.79
2026-02-04 17:00:00+00:00,34.577,34.688,33.088,34.424,1091269.63
2026-02-04 18:00:00+00:00,34.424,35.0,33.786,34.349,1154229.94
2026-02-04 19:00:00+00:00,34.349,35.377,33.713,35.356,759146.71
2026-02-04 20:00:00+00:00,35.356,35.893,34.777,35.806,797566.66
2026-02-04 21:00:00+00:00,35.806,35.948,34.845,35.144,612965.87
2026-02-04 22:00:00+00:00,35.144,36.276,34.466,34.943,907171.38
2026-02-04 23:00:00+00:00,34.943,36.04,34.52,35.478,642935.37
2026-02-05 00:00:00+00:00,35.478,35.512,34.645,34.736,445931.38
2026-02-05 01:00:00+00:00,34.736,35.142,33.7,33.73,798508.23
2026-02-05 02:00:00+00:00,33.73,34.082,33.328,33.451,555067.31
2026-02-05 03:00:00+00:00,33.451,33.738,33.205,33.487,386061.06
2026-02-05 04:00:00+00:00,33.487,34.059,33.267,33.768,403406.06
2026-02-05 05:00:00+00:00,33.768,33.989,33.44,33.51,391607.95
2026-02-05 06:00:00+00:00,33.51,33.964,33.353,33.871,284906.96
2026-02-05 07:00:00+00:00,33.871,34.718,33.804,34.193,489394.98
2026-02-05 08:00:00+00:00,34.193,35.25,34.081,34.698,472971.62
2026-02-05 09:00:00+00:00,34.698,35.278,34.555,34.738,369004.36
2026-02-05 10:00:00+00:00,34.738,34.89,34.113,34.117,495118.18
2026-02-05 11:00:00+00:00,34.117,34.355,32.583,32.899,1046792.27
2026-02-05 12:00:00+00:00,32.899,33.03,31.086,32.194,1394272.98
2026-02-05 13:00:00+00:00,32.194,32.598,31.66,32.581,458477.53
2026-02-05 14:00:00+00:00,32.581,32.876,31.872,31.954,730159.71
2026-02-05 15:00:00+00:00,31.954,32.388,31.364,31.834,1606084.76
2026-02-05 16:00:00+00:00,31.834,33.095,31.04,32.853,1331499.07
2026-02-05 17:00:00+00:00,32.853,33.373,32.024,33.204,1339094.42
2026-02-05 18:00:00+00:00,33.204,33.254,32.073,32.814,770221.04
2026-02-05 19:00:00+00:00,32.814,33.022,32.247,32.507,424018.21
2026-02-05 20:00:00+00:00,32.507,32.979,31.874,32.499,1071486.19
2026-02-05 21:00:00+00:00,32.499,33.751,32.074,33.107,1173089.27
2026-02-05 22:00:00+00:00,33.107,33.949,32.647,33.691,670820.57
2026-02-05 23:00:00+00:00,33.691,34.508,32.781,33.067,838348.64
2026-02-06 00:00:00+00:00,33.067,33.666,31.345,33.186,2201174.62
2026-02-06 01:00:00+00:00,33.186,36.77,33.14,36.315,1381218.56
2026-02-06 02:00:00+00:00,36.315,36.832,34.916,35.126,1026134.14
2026-02-06 03:00:00+00:00,35.126,35.403,34.573,34.737,511512.7
2026-02-06 04:00:00+00:00,34.737,35.309,34.41,34.776,472177.84
2026-02-06 05:00:00+00:00,34.776,35.312,34.157,35.099,634323.68
2026-02-06 06:00:00+00:00,35.099,35.558,33.453,33.659,800087.85
2026-02-06 07:00:00+00:00,33.659,33.948,32.865,32.905,711911.77
2026-02-06 08:00:00+00:00,32.905,33.138,32.363,32.466,681171.34
2026-02-06 09:00:00+00:00,32.466,33.461,32.152,33.038,725897.35
2026-02-06 10:00:00+00:00,33.038,33.81,32.9,33.751,427130.6
2026-02-06 11:00:00+00:00,33.751,34.398,33.453,33.902,458856.62
2026-02-06 12:00:00+00:00,33.902,34.533,33.554,34.367,325905.11
2026-02-06 13:00:00+00:00,34.367,34.942,33.685,33.718,589138.9
2026-02-06 14:00:00+00:00,33.718,34.166,32.963,33.522,931542.57
2026-02-06 15:00:00+00:00,33.522,33.84,32.287,32.432,1227420.91
2026-02-06 16:00:00+00:00,32.432,34.199,32.213,34.181,1170563.87
2026-02-06 17:00:00+00:00,34.181,34.518,32.936,33.305,926600.49
2026-02-06 18:00:00+00:00,33.305,33.507,32.659,32.849,685812.87
2026-02-06 19:00:00+00:00,32.849,33.324,32.549,33.238,337208.65
2026-02-06 20:00:00+00:00,33.238,33.244,32.102,32.567,883172.92
2026-02-06 21:00:00+00:00,32.567,32.897,32.301,32.821,325471.18
2026-02-06 22:00:00+00:00,32.821,33.115,32.65,32.85,206487.72
2026-02-06 23:00:00+00:00,32.85,33.184,32.304,32.371,304625.63
2026-02-07 00:00:00+00:00,32.371,32.468,31.657,31.913,755895.36
2026-02-07 01:00:00+00:00,31.913,32.484,31.5,32.333,457291.48
2026-02-07 02:00:00+00:00,32.333,32.778,32.139,32.264,444543.51
2026-02-07 03:00:00+00:00,32.264,33.112,32.063,33.098,383263.49
2026-02-07 04:00:00+00:00,33.098,33.308,32.379,32.527,438100.35
2026-02-07 05:00:00+00:00,32.527,33.217,32.443,32.855,260168.67
2026-02-07 06:00:00+00:00,32.855,33.218,32.727,32.834,224347.42
2026-02-07 07:00:00+00:00,32.834,33.275,32.333,32.961,480280.26
2026-02-07 08:00:00+00:00,32.961,33.214,32.591,33.047,333656.6
2026-02-07 09:00:00+00:00,33.047,33.869,32.954,33.25,433003.87
2026-02-07 10:00:00+00:00,33.25,33.381,32.461,32.808,450936.37
2026-02-07 11:00:00+00:00,32.808,32.999,32.475,32.733,183620.28
2026-02-07 12:00:00+00:00,32.733,33.257,32.63,32.803,357432.67
2026-02-07 13:00:00+00:00,32.803,33.098,32.326,32.475,244600.91
2026-02-07 14:00:00+00:00,32.475,32.666,32.068,32.11,236485.91
2026-02-07 15:00:00+00:00,32.11,32.434,31.864,32.062,325493.11
2026-02-07 16:00:00+00:00,32.062,32.427,31.174,31.518,1739497.65
2026-02-07 17:00:00+00:00,31.518,31.76,31.193,31.613,311811.59
2026-02-07 18:00:00+00:00,31.613,32.519,31.52,32.366,383049.25
2026-02-07 19:00:00+00:00,32.366,32.367,31.442,31.543,317936.8
2026-02-07 20:00:00+00:00,31.543,31.927,31.474,31.851,142431.1
2026-02-07 21:00:00+00:00,31.851,32.074,31.536,31.636,143490.34
2026-02-07 22:00:00+00:00,31.636,31.829,31.434,31.529,171155.39
2026-02-07 23:00:00+00:00,31.529,31.548,31.0,31.392,371927.02
2026-02-08 00:00:00+00:00,31.392,31.529,31.095,31.413,141278.31
2026-02-08 01:00:00+00:00,31.413,31.981,31.412,31.731,202056.5
2026-02-08 02:00:00+00:00,31.731,31.896,31.113,31.217,259143.64
2026-02-08 03:00:00+00:00,31.217,31.453,30.942,31.303,200774.74
2026-02-08 04:00:00+00:00,31.303,31.685,31.226,31.548,246747.44
2026-02-08 05:00:00+00:00,31.548,31.88,31.434,31.488,197961.58
2026-02-08 06:00:00+00:00,31.488,31.546,30.47,30.816,521732.64
2026-02-08 07:00:00+00:00,30.816,31.182,30.703,31.032,367263.74
2026-02-08 08:00:00+00:00,31.032,31.63,30.712,31.49,453928.63
2026-02-08 09:00:00+00:00,31.49,31.997,31.449,31.56,316529.46
2026-02-08 10:00:00+00:00,31.56,31.869,31.368,31.693,256760.82
2026-02-08 11:00:00+00:00,31.693,32.194,31.6,32.049,354352.8
2026-02-08 12:00:00+00:00,32.049,32.256,31.229,31.544,425975.03
2026-02-08 13:00:00+00:00,31.544,31.849,31.334,31.755,201205.2
2026-02-08 14:00:00+00:00,31.755,31.836,31.388,31.502,247618.17
2026-02-08 15:00:00+00:00,31.502,31.724,31.059,31.62,270701.81
2026-02-08 16:00:00+00:00,31.62,32.0,31.395,31.803,402857.09
2026-02-08 17:00:00+00:00,31.803,32.452,31.708,32.262,433970.0
2026-02-08 18:00:00+00:00,32.262,32.918,32.208,32.559,323194.62
2026-02-08 19:00:00+00:00,32.559,32.99,32.508,32.73,189564.11
2026-02-08 20:00:00+00:00,32.73,32.885,32.258,32.343,220303.99
2026-02-08 21:00:00+00:00,32.343,32.614,32.03,32.167,197164.42
2026-02-08 22:00:00+00:00,32.167,32.419,32.023,32.312,102115.11
2026-02-08 23:00:00+00:00,32.312,33.022,32.118,32.422,499800.35
2026-02-09 00:00:00+00:00,32.422,33.055,32.22,32.944,250236.78
2026-02-09 01:00:00+00:00,32.944,33.303,32.622,33.079,321664.95
2026-02-09 02:00:00+00:00,33.079,33.268,32.79,32.928,189293.04
2026-02-09 03:00:00+00:00,32.928,33.504,32.764,33.108,307954.79
2026-02-09 04:00:00+00:00,33.108,33.244,32.638,32.796,219112.32
2026-02-09 05:00:00+00:00,32.796,32.832,32.48,32.734,166800.26
2026-02-09 06:00:00+00:00,32.734,32.768,32.502,32.568,207058.13
2026-02-09 07:00:00+00:00,32.568,32.715,32.251,32.421,199219.53
2026-02-09 08:00:00+00:00,32.421,32.511,31.903,32.287,318771.56
2026-02-09 09:00:00+00:00,32.287,32.426,31.623,31.738,364283.72
2026-02-09 10:00:00+00:00,31.738,31.862,31.269,31.64,446589.26
2026-02-09 11:00:00+00:00,31.64,31.766,31.215,31.367,264816.54
2026-02-09 12:00:00+00:00,31.367,31.62,31.301,31.386,253788.09
2026-02-09 13:00:00+00:00,31.386,31.685,31.278,31.306,166515.07
2026-02-09 14:00:00+00:00,31.306,32.093,31.126,31.939,488097.48
2026-02-09 15:00:00+00:00,31.939,32.126,31.178,31.256,496600.17
2026-02-09 16:00:00+00:00,31.256,31.553,30.886,31.534,685707.74
2026-02-09 17:00:00+00:00,31.534,31.987,31.254,31.908,378227.83
2026-02-09 18:00:00+00:00,31.908,32.242,31.536,31.596,327729.03
2026-02-09 19:00:00+00:00,31.596,32.097,31.353,32.055,281332.88
2026-02-09 20:00:00+00:00,32.055,32.152,31.73,31.831,164634.55
2026-02-09 21:00:00+00:00,31.831,31.889,31.215,31.585,380478.85
2026-02-09 22:00:00+00:00,31.585,31.707,31.248,31.415,284268.26
2026-02-09 23:00:00+00:00,31.415,31.438,31.214,31.321,121198.47
2026-02-10 00:00:00+00:00,31.321,31.38,30.884,31.091,305449.47
2026-02-10 01:00:00+00:00,31.091,31.522,31.062,31.486,248321.92
2026-02-10 02:00:00+00:00,31.486,31.547,30.802,30.971,201504.19
2026-02-10 03:00:00+00:00,30.971,30.995,30.582,30.779,270112.96
2026-02-10 04:00:00+00:00,30.779,31.006,30.528,30.866,191489.4
2026-02-10 05:00:00+00:00,30.866,30.866,30.252,30.416,251269.38
2026-02-10 06:00:00+00:00,30.416,30.5,29.66,30.003,457496.07
2026-02-10 07:00:00+00:00,30.003,30.149,29.873,30.003,210337.47
2026-02-10 08:00:00+00:00,30.003,30.102,29.747,29.905,268173.55
2026-02-10 09:00:00+00:00,29.905,30.284,29.898,30.067,212203.28
2026-02-10 10:00:00+00:00,30.067,30.2,29.529,29.583,271749.14
2026-02-10 11:00:00+00:00,29.583,29.885,29.512,29.527,201235.59
2026-02-10 12:00:00+00:00,29.527,29.642,29.26,29.395,319329.65
2026-02-10 13:00:00+00:00,29.395,30.005,29.288,29.926,292598.74
2026-02-10 14:00:00+00:00,29.926,30.06,29.22,29.583,555768.85
2026-02-10 15:00:00+00:00,29.583,29.921,29.502,29.8,205158.59
2026-02-10 16:00:00+00:00,29.8,30.32,29.725,30.212,268163.19
2026-02-10 17:00:00+00:00,30.212,30.529,30.003,30.362,192079.19
2026-02-10 18:00:00+00:00,30.362,30.391,29.647,29.895,288457.16
2026-02-10 19:00:00+00:00,29.895,29.92,29.563,29.834,138958.13
2026-02-10 20:00:00+00:00,29.834,29.884,29.53,29.55,103427.56
2026-02-10 21:00:00+00:00,29.55,29.619,29.113,29.501,306305.44
2026-02-10 22:00:00+00:00,29.501,29.567,29.045,29.059,147268.18
2026-02-10 23:00:00+00:00,29.059,29.194,28.717,28.83,533747.33
2026-02-11 00:00:00+00:00,28.83,29.24,28.669,29.19,231333.36
2026-02-11 01:00:00+00:00,29.19,29.219,28.892,29.118,190090.35
2026-02-11 02:00:00+00:00,29.118,29.263,28.843,28.864,162452.92
2026-02-11 03:00:00+00:00,28.864,28.975,28.661,28.777,239004.76
2026-02-11 04:00:00+00:00,28.777,29.099,28.538,29.084,381899.84
2026-02-11 05:00:00+00:00,29.084,29.365,29.0,29.029,238712.85
2026-02-11 06:00:00+00:00,29.029,29.412,28.883,28.941,286999.78
2026-02-11 07:00:00+00:00,28.941,28.983,28.631,28.721,235454.28
2026-02-11 08:00:00+00:00,28.721,29.039,28.554,28.858,221802.66
2026-02-11 09:00:00+00:00,28.858,28.976,28.422,28.551,212360.95
2026-02-11 10:00:00+00:00,28.551,28.596,28.318,28.51,328723.71
2026-02-11 11:00:00+00:00,28.51,29.277,28.457,29.083,649362.3
2026-02-11 12:00:00+00:00,29.083,29.312,28.903,28.936,317695.77
2026-02-11 13:00:00+00:00,28.936,29.181,28.822,29.14,240774.76
2026-02-11 14:00:00+00:00,29.14,29.371,28.676,28.786,748918.18
2026-02-11 15:00:00+00:00,28.786,28.974,28.247,28.897,675522.66
2026-02-11 16:00:00+00:00,28.897,29.488,28.883,29.286,493674.12
2026-02-11 17:00:00+00:00,29.286,29.739,29.093,29.44,423616.82
2026-02-11 18:00:00+00:00,29.44,29.8,29.223,29.743,237967.88
2026-02-11 19:00:00+00:00,29.743,29.763,29.387,29.508,167148.74
2026-02-11 20:00:00+00:00,29.508,30.174,29.46,30.037,240056.39
2026-02-11 21:00:00+00:00,30.037,30.187,29.85,29.948,209118.72
2026-02-11 22:00:00+00:00,29.948,29.962,29.504,29.521,176760.47
2026-02-11 23:00:00+00:00,29.521,29.579,29.162,29.37,225046.35
2026-02-12 00:00:00+00:00,29.37,29.969,29.359,29.892,149457.14
2026-02-12 01:00:00+00:00,29.892,30.45,29.854,30.401,278096.18
2026-02-12 02:00:00+00:00,30.401,30.92,30.27,30.809,322524.61
2026-02-12 03:00:00+00:00,30.809,30.886,30.505,30.535,146950.54
2026-02-12 04:00:00+00:00,30.535,30.708,30.217,30.314,137035.16
2026-02-12 05:00:00+00:00,30.314,30.406,30.106,30.328,126195.05
2026-02-12 06:00:00+00:00,30.328,30.627,30.215,30.467,143050.08
2026-02-12 07:00:00+00:00,30.467,30.494,29.952,30.224,181861.39
2026-02-12 08:00:00+00:00,30.224,30.483,30.102,30.415,184383.74
2026-02-12 09:00:00+00:00,30.415,30.851,30.355,30.757,331434.25
2026-02-12 10:00:00+00:00,30.757,30.874,30.593,30.781,220935.96
2026-02-12 11:00:00+00:00,30.781,31.783,30.704,31.617,582469.82
2026-02-12 12:00:00+00:00,31.617,31.823,30.929,30.985,322022.41
2026-02-12 13:00:00+00:00,30.985,31.355,30.627,31.351,471239.98
2026-02-12 14:00:00+00:00,31.351,31.423,30.86,31.361,302176.47
2026-02-12 15:00:00+00:00,31.361,31.524,30.74,30.781,393391.12
2026-02-12 16:00:00+00:00,30.781,30.897,29.721,29.978,674343.5
2026-02-12 17:00:00+00:00,29.978,30.16,29.341,29.517,448197.42
2026-02-12 18:00:00+00:00,29.517,29.672,29.245,29.559,268636.87
2026-02-12 19:00:00+00:00,29.559,30.126,29.543,29.727,319033.6
2026-02-12 20:00:00+00:00,29.727,29.805,29.374,29.704,181787.48
2026-02-12 21:00:00+00:00,29.704,29.908,29.513,29.809,200267.54
2026-02-12 22:00:00+00:00,29.809,30.479,29.803,30.434,163876.52
2026-02-12 23:00:00+00:00,30.434,31.142,30.335,31.08,425352.11
2026-02-13 00:00:00+00:00,31.08,31.34,30.529,30.529,352592.26
2026-02-13 01:00:00+00:00,30.529,30.858,30.387,30.826,182900.09
2026-02-13 02:00:00+00:00,30.826,31.401,30.733,31.342,379168.35
2026-02-13 03:00:00+00:00,31.342,31.381,30.685,30.745,163966.64
2026-02-13 04:00:00+00:00,30.745,30.963,30.603,30.736,135212.18
2026-02-13 05:00:00+00:00,30.736,30.876,30.585,30.629,84088.51
2026-02-13 06:00:00+00:00,30.629,30.8,30.522,30.638,80833.73
2026-02-13 07:00:00+00:00,30.638,30.89,30.454,30.706,144623.28
2026-02-13 08:00:00+00:00,30.706,30.77,30.421,30.638,132358.11
2026-02-13 09:00:00+00:00,30.638,30.65,30.181,30.358,184350.66
2026-02-13 10:00:00+00:00,30.358,30.644,30.244,30.542,107627.28
2026-02-13 11:00:00+00:00,30.542,30.623,30.198,30.521,164186.27
2026-02-13 12:00:00+00:00,30.521,30.521,29.949,30.261,256408.74
2026-02-13 13:00:00+00:00,30.261,31.031,30.219,30.56,442033.41
2026-02-13 14:00:00+00:00,30.56,31.151,30.247,30.846,357255.85
2026-02-13 15:00:00+00:00,30.846,32.341,30.825,31.526,833687.22
2026-02-13 16:00:00+00:00,31.526,32.114,31.353,31.626,526943.18
2026-02-13 17:00:00+00:00,31.626,32.037,31.48,31.841,178076.93
2026-02-13 18:00:00+00:00,31.841,32.134,31.7,31.94,259279.05
2026-02-13 19:00:00+00:00,31.94,31.977,31.301,31.383,184504.84
2026-02-13 20:00:00+00:00,31.383,31.405,30.983,31.104,235639.47
2026-02-13 21:00:00+00:00,31.104,31.526,31.101,31.462,125977.23
2026-02-13 22:00:00+00:00,31.462,31.596,31.322,31.502,117545.62
2026-02-13 23:00:00+00:00,31.502,31.747,31.502,31.555,75487.09
2026-02-14 00:00:00+00:00,31.555,31.972,31.442,31.933,126756.92
2026-02-14 01:00:00+00:00,31.933,32.226,31.762,32.126,201725.41
2026-02-14 02:00:00+00:00,32.126,32.241,31.7,31.741,115187.37
2026-02-14 03:00:00+00:00,31.741,32.056,31.683,31.894,56064.77
2026-02-14 04:00:00+00:00,31.894,31.909,31.34,31.466,129785.45
2026-02-14 05:00:00+00:00,31.466,31.618,31.286,31.302,110122.76
2026-02-14 06:00:00+00:00,31.302,31.579,31.231,31.5,104390.29
2026-02-14 07:00:00+00:00,31.5,31.86,31.5,31.759,138458.33
2026-02-14 08:00:00+00:00,31.759,31.939,31.522,31.705,121266.17
2026-02-14 09:00:00+00:00,31.705,31.744,31.462,31.612,81676.24
2026-02-14 10:00:00+00:00,31.612,31.926,31.469,31.782,115096.86
2026-02-14 11:00:00+00:00,31.782,32.29,31.766,32.087,310365.75
2026-02-14 12:00:00+00:00,32.087,32.196,31.365,31.396,310585.09
2026-02-14 13:00:00+00:00,31.396,31.453,30.982,31.034,314099.57
2026-02-14 14:00:00+00:00,31.034,31.479,31.027,31.362,190406.84
2026-02-14 15:00:00+00:00,31.362,31.535,31.273,31.442,117897.25
2026-02-14 16:00:00+00:00,31.442,31.467,30.995,31.306,178832.68
2026-02-14 17:00:00+00:00,31.306,31.525,30.684,30.863,281039.17
2026-02-14 18:00:00+00:00,30.863,31.086,30.719,31.01,204368.45
2026-02-14 19:00:00+00:00,31.01,31.498,30.928,31.453,142180.68
2026-02-14 20:00:00+00:00,31.453,31.8,31.358,31.761,202410.42
2026-02-14 21:00:00+00:00,31.761,31.892,31.4,31.603,164301.15
2026-02-14 22:00:00+00:00,31.603,31.745,31.491,31.595,94185.7
2026-02-14 23:00:00+00:00,31.595,31.96,31.502,31.835,163696.22
2026-02-15 00:00:00+00:00,31.835,31.953,31.628,31.908,130133.51
2026-02-15 01:00:00+00:00,31.908,32.019,31.162,31.409,230112.85
2026-02-15 02:00:00+00:00,31.409,31.529,31.172,31.479,108665.78
2026-02-15 03:00:00+00:00,31.479,31.624,31.131,31.416,126484.4
2026-02-15 04:00:00+00:00,31.416,31.782,31.398,31.631,203980.32
2026-02-15 05:00:00+00:00,31.631,31.806,31.61,31.659,68321.65
2026-02-15 06:00:00+00:00,31.659,31.659,31.221,31.35,130755.34
2026-02-15 07:00:00+00:00,31.35,31.454,31.216,31.334,144057.5
2026-02-15 08:00:00+00:00,31.334,31.477,30.68,30.918,407625.2
2026-02-15 09:00:00+00:00,30.918,31.18,30.852,31.133,88503.8
2026-02-15 10:00:00+00:00,31.133,31.423,30.961,31.333,144274.61
2026-02-15 11:00:00+00:00,31.333,31.655,31.304,31.474,168555.21
2026-02-15 12:00:00+00:00,31.474,31.68,31.049,31.086,186516.33
2026-02-15 13:00:00+00:00,31.086,31.306,30.5,30.675,364421.75
2026-02-15 14:00:00+00:00,30.675,31.001,30.59,30.957,152239.68
2026-02-15 15:00:00+00:00,30.957,31.042,30.768,30.947,52331.21
2026-02-15 16:00:00+00:00,30.947,31.148,30.69,31.088,120867.98
2026-02-15 17:00:00+00:00,31.088,31.102,30.6,31.006,160052.11
2026-02-15 18:00:00+00:00,31.006,31.057,30.442,30.672,238416.72
2026-02-15 19:00:00+00:00,30.672,30.712,30.429,30.558,138168.74
2026-02-15 20:00:00+00:00,30.558,30.642,30.324,30.488,101345.14
2026-02-15 21:00:00+00:00,30.488,30.697,30.334,30.408,90656.68
2026-02-15 22:00:00+00:00,30.408,30.638,30.354,30.552,76163.85
2026-02-15 23:00:00+00:00,30.552,30.744,30.255,30.698,125305.05
2026-02-16 00:00:00+00:00,30.698,30.97,30.44,30.458,99088.03
2026-02-16 01:00:00+00:00,30.458,30.497,30.09,30.273,177513.85
2026-02-16 02:00:00+00:00,30.273,30.407,29.914,30.052,169103.63
2026-02-16 03:00:00+00:00,30.052,30.291,30.017,30.291,92164.99
2026-02-16 04:00:00+00:00,30.291,30.355,30.024,30.039,53816.08
2026-02-16 05:00:00+00:00,30.039,30.064,29.571,29.799,251742.97
2026-02-16 06:00:00+00:00,29.799,29.925,29.737,29.838,74958.09
2026-02-16 07:00:00+00:00,29.838,29.988,29.534,29.655,138253.17
2026-02-16 08:00:00+00:00,29.655,29.895,29.627,29.743,124017.89
2026-02-16 09:00:00+00:00,29.743,30.073,29.74,29.824,142215.38
2026-02-16 10:00:00+00:00,29.824,30.153,29.754,29.945,111568.0
2026-02-16 11:00:00+00:00,29.945,30.049,29.602,29.926,169131.14
2026-02-16 12:00:00+00:00,29.926,30.569,29.883,30.412,254235.54
2026-02-16 13:00:00+00:00,30.412,30.628,30.132,30.288,282914.25
2026-02-16 14:00:00+00:00,30.288,30.528,30.136,30.332,180183.07
2026-02-16 15:00:00+00:00,30.332,30.5,29.561,29.814,357509.81
2026-02-16 16:00:00+00:00,29.814,30.041,29.685,29.908,171628.43
2026-02-16 17:00:00+00:00,29.908,30.002,29.661,29.83,79384.68
2026-02-16 18:00:00+00:00,29.83,30.016,29.737,29.858,82158.86
2026-02-16 19:00:00+00:00,29.858,30.019,29.823,29.863,59285.88
2026-02-16 20:00:00+00:00,29.863,30.388,29.82,30.275,113145.81
2026-02-16 21:00:00+00:00,30.275,30.608,30.083,30.591,161306.9
2026-02-16 22:00:00+00:00,30.591,30.849,30.505,30.719,189148.14
2026-02-16 23:00:00+00:00,30.719,31.246,30.637,31.234,188763.27
2026-02-17 00:00:00+00:00,31.234,31.41,31.05,31.264,192981.35
2026-02-17 01:00:00+00:00,31.264,31.381,30.914,31.019,131048.88
2026-02-17 02:00:00+00:00,31.019,31.264,30.896,30.992,108184.75
2026-02-17 03:00:00+00:00,30.992,31.04,30.756,30.854,82782.56
2026-02-17 04:00:00+00:00,30.854,31.061,30.65,30.68,106402.26
2026-02-17 05:00:00+00:00,30.68,30.697,30.143,30.202,185855.91
2026-02-17 06:00:00+00:00,30.202,30.392,30.15,30.251,85432.95
2026-02-17 07:00:00+00:00,30.251,30.303,29.942,30.108,153751.43
2026-02-17 08:00:00+00:00,30.108,30.222,29.734,29.765,219306.44
2026-02-17 09:00:00+00:00,29.765,30.019,29.71,29.856,194843.6
2026-02-17 10:00:00+00:00,29.856,29.909,29.563,29.639,115938.0
2026-02-17 11:00:00+00:00,29.639,29.761,29.203,29.341,232515.4
2026-02-17 12:00:00+00:00,29.341,29.61,29.281,29.469,157735.25
2026-02-17 13:00:00+00:00,29.469,29.766,29.351,29.669,132220.21
2026-02-17 14:00:00+00:00,29.669,29.83,29.01,29.167,381499.76
2026-02-17 15:00:00+00:00,29.167,29.7,29.003,29.568,278006.54
2026-02-17 16:00:00+00:00,29.568,30.139,29.547,29.855,395484.58
2026-02-17 17:00:00+00:00,29.855,30.064,29.242,29.35,269053.04
2026-02-17 18:00:00+00:00,29.35,29.735,29.249,29.63,200574.47
2026-02-17 19:00:00+00:00,29.63,29.73,29.46,29.527,84735.7
2026-02-17 20:00:00+00:00,29.527,29.693,29.324,29.663,88821.85
2026-02-17 21:00:00+00:00,29.663,29.9,29.633,29.857,136549.99
2026-02-17 22:00:00+00:00,29.857,29.905,29.536,29.557,56948.36
2026-02-17 23:00:00+00:00,29.557,29.633,29.428,29.49,62526.32
2026-02-18 00:00:00+00:00,29.49,29.6,29.043,29.087,138637.23
2026-02-18 01:00:00+00:00,29.087,29.138,28.8,29.058,180466.43
2026-02-18 02:00:00+00:00,29.058,29.205,29.019,29.163,71901.49
2026-02-18 03:00:00+00:00,29.163,29.45,29.093,29.26,79665.56
2026-02-18 04:00:00+00:00,29.26,29.406,29.195,29.319,65808.26
2026-02-18 05:00:00+00:00,29.319,29.413,29.26,29.341,55723.73
2026-02-18 06:00:00+00:00,29.341,29.508,29.327,29.466,78991.43
2026-02-18 07:00:00+00:00,29.466,29.724,29.399,29.643,126827.52
2026-02-18 08:00:00+00:00,29.643,29.783,29.374,29.465,183545.08
2026-02-18 09:00:00+00:00,29.465,29.582,29.309,29.338,97487.98
2026-02-18 10:00:00+00:00,29.338,29.439,28.917,29.078,153569.2
2026-02-18 11:00:00+00:00,29.078,29.118,28.715,28.881,202641.32
2026-02-18 12:00:00+00:00,28.881,29.194,28.833,29.123,92720.74
2026-02-18 13:00:00+00:00,29.123,29.43,28.906,29.101,383259.06
2026-02-18 14:00:00+00:00,29.101,29.226,28.527,28.86,381354.05
2026-02-18 15:00:00+00:00,28.86,29.584,28.853,29.199,320844.54
2026-02-18 16:00:00+00:00,29.199,29.276,28.768,28.826,192627.17
2026-02-18 17:00:00+00:00,28.826,29.014,28.56,28.796,157497.75
2026-02-18 18:00:00+00:00,28.796,28.909,28.554,28.585,144762.86
2026-02-18 19:00:00+00:00,28.585,28.823,28.39,28.737,246468.02
2026-02-18 20:00:00+00:00,28.737,28.963,28.597,28.73,99311.5
2026-02-18 21:00:00+00:00,28.73,28.806,28.473,28.477,109696.95
2026-02-18 22:00:00+00:00,28.477,28.615,28.204,28.532,220571.33
2026-02-18 23:00:00+00:00,28.532,28.721,28.464,28.678,188918.09
2026-02-19 00:00:00+00:00,28.678,28.692,28.228,28.333,120687.26
2026-02-19 01:00:00+00:00,28.333,28.633,28.311,28.483,73785.68
2026-02-19 02:00:00+00:00,28.483,28.631,28.376,28.533,77479.07
2026-02-19 03:00:00+00:00,28.533,28.778,28.479,28.733,83366.11
2026-02-19 04:00:00+00:00,28.733,28.862,28.582,28.669,132434.16
2026-02-19 05:00:00+00:00,28.669,28.743,28.502,28.612,49343.9
2026-02-19 06:00:00+00:00,28.612,28.8,28.601,28.775,57862.39
2026-02-19 07:00:00+00:00,28.775,29.19,28.739,29.172,199389.72
2026-02-19 08:00:00+00:00,29.172,29.2,28.854,28.921,150771.49
2026-02-19 09:00:00+00:00,28.921,29.056,28.601,28.661,168529.29
2026-02-19 10:00:00+00:00,28.661,28.743,28.405,28.459,157255.66
2026-02-19 11:00:00+00:00,28.459,28.502,28.253,28.372,178841.76
2026-02-19 12:00:00+00:00,28.372,28.393,28.023,28.135,228963.4
2026-02-19 13:00:00+00:00,28.135,28.291,27.896,27.969,385756.97
2026-02-19 14:00:00+00:00,27.969,28.303,27.717,28.043,577466.21
2026-02-19 15:00:00+00:00,28.043,28.463,28.018,28.342,250817.56
2026-02-19 16:00:00+00:00,28.342,28.485,28.131,28.328,148023.83
2026-02-19 17:00:00+00:00,28.328,28.601,28.221,28.372,172164.1
2026-02-19 18:00:00+00:00,28.372,28.918,28.311,28.776,219962.1
2026-02-19 19:00:00+00:00,28.776,28.787,28.536,28.667,172377.06
2026-02-19 20:00:00+00:00,28.667,29.127,28.623,29.033,214630.89
2026-02-19 21:00:00+00:00,29.033,29.443,28.954,29.14,254007.05
2026-02-19 22:00:00+00:00,29.14,29.161,28.809,28.935,99365.88
2026-02-19 23:00:00+00:00,28.935,29.094,28.86,28.996,96238.17
2026-02-20 00:00:00+00:00,28.996,29.308,28.966,29.257,163901.9
2026-02-20 01:00:00+00:00,29.257,29.567,29.215,29.465,195432.48
2026-02-20 02:00:00+00:00,29.465,29.483,29.262,29.402,74019.22
2026-02-20 03:00:00+00:00,29.402,29.529,29.214,29.474,156581.67
2026-02-20 04:00:00+00:00,29.474,29.504,29.242,29.336,90509.08
2026-02-20 05:00:00+00:00,29.336,29.516,29.125,29.467,140059.27
2026-02-20 06:00:00+00:00,29.467,29.487,29.213,29.313,106470.37
2026-02-20 07:00:00+00:00,29.313,29.32,29.005,29.058,122979.97
2026-02-20 08:00:00+00:00,29.058,29.181,28.905,29.029,151853.68
2026-02-20 09:00:00+00:00,29.029,29.385,29.027,29.332,112171.41
2026-02-20 10:00:00+00:00,29.332,29.748,29.315,29.548,289269.41
2026-02-20 11:00:00+00:00,29.548,29.646,29.346,29.396,125332.65
2026-02-20 12:00:00+00:00,29.396,29.474,29.149,29.394,126268.96
2026-02-20 13:00:00+00:00,29.394,29.397,28.608,28.78,348350.82
2026-02-20 14:00:00+00:00,28.78,29.041,28.579,28.884,190906.49
2026-02-20 15:00:00+00:00,28.884,29.905,28.878,29.824,534347.78
2026-02-20 16:00:00+00:00,29.824,30.359,29.678,30.094,549497.08
2026-02-20 17:00:00+00:00,30.094,30.125,29.512,29.929,286980.35
2026-02-20 18:00:00+00:00,29.929,30.08,29.487,30.067,232731.23
2026-02-20 19:00:00+00:00,30.067,30.149,29.83,30.089,172234.62
2026-02-20 20:00:00+00:00,30.089,30.195,29.914,30.139,98282.08
2026-02-20 21:00:00+00:00,30.139,30.185,29.883,30.011,86519.73
2026-02-20 22:00:00+00:00,30.011,30.42,29.907,30.333,153479.73
2026-02-20 23:00:00+00:00,30.333,30.39,30.162,30.352,84982.48
2026-02-21 00:00:00+00:00,30.352,30.547,30.093,30.178,143977.63
2026-02-21 01:00:00+00:00,30.178,30.45,30.117,30.33,56514.77
2026-02-21 02:00:00+00:00,30.33,30.552,30.313,30.508,74999.48
2026-02-21 03:00:00+00:00,30.508,30.523,30.163,30.265,101320.37
2026-02-21 04:00:00+00:00,30.265,30.388,30.204,30.303,38941.62
2026-02-21 05:00:00+00:00,30.303,30.407,30.15,30.364,61496.0
2026-02-21 06:00:00+00:00,30.364,30.38,30.189,30.216,55479.38
2026-02-21 07:00:00+00:00,30.216,30.293,30.044,30.082,59188.67
2026-02-21 08:00:00+00:00,30.082,30.372,30.07,30.268,106548.1
2026-02-21 09:00:00+00:00,30.268,30.522,30.257,30.341,125515.88
2026-02-21 10:00:00+00:00,30.341,30.402,30.271,30.326,37519.13
2026-02-21 11:00:00+00:00,30.326,30.426,30.104,30.11,62321.2
2026-02-21 12:00:00+00:00,30.11,30.198,29.872,29.933,155590.72
2026-02-21 13:00:00+00:00,29.933,30.071,29.826,30.037,107964.71
2026-02-21 14:00:00+00:00,30.037,30.166,29.898,29.994,96512.69
2026-02-21 15:00:00+00:00,29.994,30.06,29.711,29.912,188378.7
2026-02-21 16:00:00+00:00,29.912,29.921,29.658,29.83,114575.48
2026-02-21 17:00:00+00:00,29.83,29.941,29.723,29.896,52284.51
2026-02-21 18:00:00+00:00,29.896,30.075,29.79,29.909,149641.31
2026-02-21 19:00:00+00:00,29.909,29.997,29.734,29.838,73521.61
2026-02-21 20:00:00+00:00,29.838,29.87,29.594,29.633,91259.02
2026-02-21 21:00:00+00:00,29.633,29.771,29.518,29.726,124435.75
2026-02-21 22:00:00+00:00,29.726,29.758,29.556,29.562,68274.06
2026-02-21 23:00:00+00:00,29.562,29.781,29.549,29.726,117935.76
2026-02-22 00:00:00+00:00,29.726,29.767,29.581,29.685,58721.35
2026-02-22 01:00:00+00:00,29.685,29.922,29.644,29.868,49843.71
2026-02-22 02:00:00+00:00,29.868,29.951,29.719,29.758,45140.22
2026-02-22 03:00:00+00:00,29.758,29.889,29.665,29.697,58941.0
2026-02-22 04:00:00+00:00,29.697,29.741,29.586,29.634,68168.72
2026-02-22 05:00:00+00:00,29.634,29.678,29.596,29.675,28564.64
2026-02-22 06:00:00+00:00,29.675,29.756,29.5,29.55,93277.03
2026-02-22 07:00:00+00:00,29.55,29.621,29.4,29.426,84450.3
2026-02-22 08:00:00+00:00,29.426,29.489,29.329,29.44,72677.48
2026-02-22 09:00:00+00:00,29.44,29.576,29.426,29.473,46439.2
2026-02-22 10:00:00+00:00,29.473,29.719,29.43,29.658,132742.18
2026-02-22 11:00:00+00:00,29.658,29.857,29.637,29.683,74988.42
2026-02-22 12:00:00+00:00,29.683,29.711,29.2,29.322,207033.87
2026-02-22 13:00:00+00:00,29.322,29.488,29.23,29.336,118332.67
2026-02-22 14:00:00+00:00,29.336,29.377,29.132,29.286,109037.75
2026-02-22 15:00:00+00:00,29.286,29.288,28.98,29.197,122922.07
2026-02-22 16:00:00+00:00,29.197,29.205,28.931,29.03,54217.84
2026-02-22 17:00:00+00:00,29.03,29.04,28.843,28.923,87781.17
2026-02-22 18:00:00+00:00,28.923,28.993,28.728,28.768,89588.66
2026-02-22 19:00:00+00:00,28.768,28.842,28.68,28.745,66819.71
2026-02-22 20:00:00+00:00,28.745,28.954,28.738,28.871,62840.07
2026-02-22 21:00:00+00:00,28.871,29.003,28.828,28.942,38745.89
2026-02-22 22:00:00+00:00,28.942,29.024,28.821,28.967,41207.75
2026-02-22 23:00:00+00:00,28.967,29.032,28.837,29.012,40333.75
2026-02-23 00:00:00+00:00,29.012,29.047,28.364,28.468,224822.02
2026-02-23 01:00:00+00:00,28.468,28.502,27.504,27.583,943179.0
2026-02-23 02:00:00+00:00,27.583,27.794,27.414,27.518,322576.38
2026-02-23 03:00:00+00:00,27.518,27.55,26.838,27.24,601367.23
2026-02-23 04:00:00+00:00,27.24,27.28,26.919,27.168,206978.09
2026-02-23 05:00:00+00:00,27.168,27.654,27.132,27.572,285638.62
2026-02-23 06:00:00+00:00,27.572,27.873,27.49,27.799,326817.41
2026-02-23 07:00:00+00:00,27.799,27.887,27.627,27.698,182208.68
2026-02-23 08:00:00+00:00,27.698,27.717,27.403,27.55,166196.8
2026-02-23 09:00:00+00:00,27.55,28.193,27.545,28.123,231961.5
2026-02-23 10:00:00+00:00,28.123,28.212,27.591,27.691,241319.54
2026-02-23 11:00:00+00:00,27.691,27.81,27.546,27.617,152836.16
2026-02-23 12:00:00+00:00,27.617,27.689,27.305,27.647,355847.1
2026-02-23 13:00:00+00:00,27.647,27.691,27.003,27.113,509385.08
2026-02-23 14:00:00+00:00,27.113,27.117,26.455,26.625,903570.61
2026-02-23 15:00:00+00:00,26.625,26.811,26.357,26.564,496479.45
2026-02-23 16:00:00+00:00,26.564,26.745,26.204,26.408,396263.02
2026-02-23 17:00:00+00:00,26.408,26.429,25.624,26.111,749458.34
2026-02-23 18:00:00+00:00,26.111,26.458,25.888,26.425,541170.01
2026-02-23 19:00:00+00:00,26.425,26.514,26.149,26.283,200043.8
2026-02-23 20:00:00+00:00,26.283,26.54,26.243,26.422,139401.36
2026-02-23 21:00:00+00:00,26.422,26.611,26.368,26.407,191977.68
2026-02-23 22:00:00+00:00,26.407,26.641,26.161,26.165,178793.89
2026-02-23 23:00:00+00:00,26.165,26.392,26.095,26.372,146503.72
2026-02-24 00:00:00+00:00,26.372,26.527,26.305,26.494,93343.21
2026-02-24 01:00:00+00:00,26.494,26.499,25.836,26.053,463820.25
2026-02-24 02:00:00+00:00,26.053,26.164,25.82,25.841,169408.96
2026-02-24 03:00:00+00:00,25.841,26.516,25.602,26.234,361484.68
2026-02-24 04:00:00+00:00,26.234,26.26,25.885,26.179,200360.74
2026-02-24 05:00:00+00:00,26.179,26.363,26.13,26.312,133634.71
2026-02-24 06:00:00+00:00,26.312,26.314,26.07,26.23,121087.72
2026-02-24 07:00:00+00:00,26.23,26.352,26.097,26.259,108931.01
2026-02-24 08:00:00+00:00,26.259,26.574,26.164,26.461,120914.6
2026-02-24 09:00:00+00:00,26.461,26.554,26.198,26.55,178821.65
2026-02-24 10:00:00+00:00,26.55,26.613,26.375,26.548,116626.94
2026-02-24 11:00:00+00:00,26.548,26.656,26.325,26.463,99722.35
2026-02-24 12:00:00+00:00,26.463,26.5,26.342,26.349,92263.18
2026-02-24 13:00:00+00:00,26.349,26.564,26.08,26.5,196487.56
2026-02-24 14:00:00+00:00,26.5,27.032,26.349,26.777,368973.99
2026-02-24 15:00:00+00:00,26.777,26.859,26.375,26.764,315036.64
2026-02-24 16:00:00+00:00,26.764,27.198,26.728,27.145,293795.61
2026-02-24 17:00:00+00:00,27.145,27.281,26.787,26.836,195721.03
2026-02-24 18:00:00+00:00,26.836,27.075,26.836,26.906,93381.51
2026-02-24 19:00:00+00:00,26.906,27.253,26.88,27.199,135516.61
2026-02-24 20:00:00+00:00,27.199,27.35,27.082,27.214,145423.28
2026-02-24 21:00:00+00:00,27.214,27.254,26.949,27.119,196712.13
2026-02-24 22:00:00+00:00,27.119,27.296,27.041,27.197,82933.75
2026-02-24 23:00:00+00:00,27.197,27.414,26.986,27.072,114526.7
2026-02-25 00:00:00+00:00,27.072,27.4,27.057,27.386,69573.2
2026-02-25 01:00:00+00:00,27.386,27.973,27.371,27.55,408284.14
2026-02-25 02:00:00+00:00,27.55,27.8,27.436,27.505,170959.34
2026-02-25 03:00:00+00:00,27.505,27.573,26.944,27.034,227291.78
2026-02-25 04:00:00+00:00,27.034,27.278,26.831,27.227,148008.02
2026-02-25 05:00:00+00:00,27.227,27.256,26.736,26.905,163287.07
2026-02-25 06:00:00+00:00,26.905,27.017,26.811,26.893,75624.75
2026-02-25 07:00:00+00:00,26.893,26.972,26.763,26.903,89770.32
2026-02-25 08:00:00+00:00,26.903,27.082,26.829,27.002,153174.84
2026-02-25 09:00:00+00:00,27.002,27.004,26.725,26.779,188874.5
2026-02-25 10:00:00+00:00,26.779,26.98,26.759,26.887,69643.46
2026-02-25 11:00:00+00:00,26.887,27.183,26.821,27.173,234902.54
2026-02-25 12:00:00+00:00,27.173,27.648,27.014,27.587,411556.01
2026-02-25 13:00:00+00:00,27.587,27.736,27.31,27.653,346750.23
2026-02-25 14:00:00+00:00,27.653,28.503,27.644,28.282,1160414.46
2026-02-25 15:00:00+00:00,28.282,28.308,27.801,27.973,555246.63
2026-02-25 16:00:00+00:00,27.973,28.684,27.9,28.535,612332.23
2026-02-25 17:00:00+00:00,28.535,28.776,28.279,28.662,336943.9
2026-02-25 18:00:00+00:00,28.662,29.07,28.611,28.78,304138.59
2026-02-25 19:00:00+00:00,28.78,28.856,28.598,28.776,133088.1
2026-02-25 20:00:00+00:00,28.776,28.855,28.522,28.799,241395.31
2026-02-25 21:00:00+00:00,28.799,28.995,28.332,28.697,469903.46
2026-02-25 22:00:00+00:00,28.697,28.898,28.21,28.384,285244.07
2026-02-25 23:00:00+00:00,28.384,28.432,27.585,27.883,443410.91
2026-02-26 00:00:00+00:00,27.883,28.519,27.755,28.299,406577.8
2026-02-26 01:00:00+00:00,28.299,28.645,28.076,28.113,259191.72
2026-02-26 02:00:00+00:00,28.113,28.125,27.72,28.015,213565.03
2026-02-26 03:00:00+00:00,28.015,28.11,27.877,28.036,66670.43
2026-02-26 04:00:00+00:00,28.036,28.365,27.988,28.217,182576.01
2026-02-26 05:00:00+00:00,28.217,28.307,28.0,28.205,213674.09
2026-02-26 06:00:00+00:00,28.205,28.434,28.113,28.173,102936.32
2026-02-26 07:00:00+00:00,28.173,28.573,28.161,28.236,186239.13
2026-02-26 08:00:00+00:00,28.236,28.351,28.072,28.25,217970.57
2026-02-26 09:00:00+00:00,28.25,29.383,28.164,29.218,638764.85
2026-02-26 10:00:00+00:00,29.218,29.321,28.815,28.919,472249.56
2026-02-26 11:00:00+00:00,28.919,28.979,28.325,28.437,433074.16
2026-02-26 12:00:00+00:00,28.437,28.823,28.348,28.771,212599.64
2026-02-26 13:00:00+00:00,28.771,29.051,28.721,28.989,183513.18
2026-02-26 14:00:00+00:00,28.989,29.463,28.66,29.331,469273.7
2026-02-26 15:00:00+00:00,29.331,29.342,28.096,28.428,1138877.18
2026-02-26 16:00:00+00:00,28.428,28.607,28.108,28.268,415689.2
2026-02-26 17:00:00+00:00,28.268,28.447,27.837,27.996,309930.32
2026-02-26 18:00:00+00:00,27.996,28.313,27.821,28.22,201477.46
2026-02-26 19:00:00+00:00,28.22,28.73,28.181,28.501,269555.6
2026-02-26 20:00:00+00:00,28.501,28.703,28.223,28.275,114565.23
2026-02-26 21:00:00+00:00,28.275,28.356,28.121,28.167,71104.97
2026-02-26 22:00:00+00:00,28.167,28.408,28.086,28.401,101592.46
2026-02-26 23:00:00+00:00,28.401,28.439,28.06,28.097,115225.98
2026-02-27 00:00:00+00:00,28.097,28.202,27.86,28.172,218627.13
2026-02-27 01:00:00+00:00,28.172,28.246,28.037,28.23,85183.72
2026-02-27 02:00:00+00:00,28.23,28.62,28.222,28.48,84031.04
2026-02-27 03:00:00+00:00,28.48,28.845,28.384,28.829,89906.83
2026-02-27 04:00:00+00:00,28.829,29.62,28.781,29.124,579044.02
2026-02-27 05:00:00+00:00,29.124,29.199,28.905,29.074,115112.22
2026-02-27 06:00:00+00:00,29.074,29.165,28.755,29.056,248295.28
2026-02-27 07:00:00+00:00,29.056,29.428,28.973,29.282,146291.91
2026-02-27 08:00:00+00:00,29.282,29.663,29.278,29.492,263761.3
2026-02-27 09:00:00+00:00,29.492,29.974,29.255,29.444,354982.56
2026-02-27 10:00:00+00:00,29.444,29.563,28.933,28.962,496561.63
2026-02-27 11:00:00+00:00,28.962,29.102,28.232,28.306,627169.43
2026-02-27 12:00:00+00:00,28.306,28.317,27.829,28.092,704338.51
2026-02-27 13:00:00+00:00,28.092,28.231,27.816,28.092,336823.28
2026-02-27 14:00:00+00:00,28.092,28.429,27.913,28.056,315617.65
2026-02-27 15:00:00+00:00,28.056,28.324,28.001,28.163,146751.69
2026-02-27 16:00:00+00:00,28.163,28.174,27.28,27.311,515430.4
2026-02-27 17:00:00+00:00,27.311,27.495,27.149,27.455,435641.69
2026-02-27 18:00:00+00:00,27.455,27.547,27.117,27.203,115969.33
2026-02-27 19:00:00+00:00,27.203,27.219,26.85,27.097,247497.21
2026-02-27 20:00:00+00:00,27.097,27.421,27.046,27.349,107395.79
2026-02-27 21:00:00+00:00,27.349,27.402,27.051,27.086,100291.12
2026-02-27 22:00:00+00:00,27.086,27.13,26.727,27.095,150303.87
2026-02-27 23:00:00+00:00,27.095,27.339,27.092,27.28,80916.01
2026-02-28 00:00:00+00:00,27.28,27.578,27.21,27.473,180466.99
2026-02-28 01:00:00+00:00,27.473,27.516,27.064,27.068,165549.03
2026-02-28 02:00:00+00:00,27.068,27.124,26.781,26.946,189948.31
2026-02-28 03:00:00+00:00,26.946,27.068,26.81,26.87,97507.49
2026-02-28 04:00:00+00:00,26.87,27.038,26.789,26.967,69870.66
2026-02-28 05:00:00+00:00,26.967,27.022,26.85,26.905,34941.28
2026-02-28 06:00:00+00:00,26.905,26.949,26.072,26.215,677984.4
2026-02-28 07:00:00+00:00,26.215,26.903,26.1,26.619,558122.01
2026-02-28 08:00:00+00:00,26.619,26.965,26.532,26.786,217562.34
2026-02-28 09:00:00+00:00,26.786,27.333,26.778,27.266,344538.18
2026-02-28 10:00:00+00:00,27.266,27.534,26.907,27.365,219523.69
2026-02-28 11:00:00+00:00,27.365,27.722,27.152,27.259,228995.97
2026-02-28 12:00:00+00:00,27.259,27.53,27.24,27.325,119868.72
2026-02-28 13:00:00+00:00,27.325,27.716,27.112,27.605,244667.26
2026-02-28 14:00:00+00:00,27.605,27.976,27.363,27.806,386097.43
2026-02-28 15:00:00+00:00,27.806,28.223,27.723,28.146,360401.99
2026-02-28 16:00:00+00:00,28.146,28.575,27.978,28.541,307883.2
2026-02-28 17:00:00+00:00,28.541,29.503,28.518,29.403,885014.98
2026-02-28 18:00:00+00:00,29.403,29.69,29.045,29.363,734086.2
2026-02-28 19:00:00+00:00,29.363,29.673,29.021,29.474,389687.67
2026-02-28 20:00:00+00:00,29.474,30.505,29.359,30.279,795275.36
2026-02-28 21:00:00+00:00,30.279,30.727,30.003,30.536,601889.24
2026-02-28 22:00:00+00:00,30.536,31.035,30.396,30.697,513600.38
2026-02-28 23:00:00+00:00,30.697,31.371,30.697,31.192,458635.61
2026-03-01 00:00:00+00:00,31.192,31.286,30.484,30.62,494154.71
2026-03-01 01:00:00+00:00,30.62,30.858,30.16,30.817,698752.72
2026-03-01 02:00:00+00:00,30.817,31.231,30.715,30.981,503328.75
2026-03-01 03:00:00+00:00,30.981,31.164,30.641,30.889,217038.35
2026-03-01 04:00:00+00:00,30.889,31.094,30.625,30.88,228572.32
2026-03-01 05:00:00+00:00,30.88,31.548,30.807,31.163,350724.21
2026-03-01 06:00:00+00:00,31.163,31.215,30.69,30.948,344991.27
2026-03-01 07:00:00+00:00,30.948,31.234,30.829,30.903,221065.01
2026-03-01 08:00:00+00:00,30.903,31.09,30.366,30.497,322601.82
2026-03-01 09:00:00+00:00,30.497,30.944,30.448,30.715,345194.47
2026-03-01 10:00:00+00:00,30.715,31.058,30.491,30.986,193089.22
2026-03-01 11:00:00+00:00,30.986,31.209,30.808,31.027,324780.22
2026-03-01 12:00:00+00:00,31.027,31.095,30.573,30.676,146487.48
2026-03-01 13:00:00+00:00,30.676,31.305,30.609,30.99,393585.27
2026-03-01 14:00:00+00:00,30.99,31.079,30.71,30.891,226958.05
2026-03-01 15:00:00+00:00,30.891,31.675,30.852,31.381,442501.76
2026-03-01 16:00:00+00:00,31.381,31.862,30.876,30.963,893359.77
2026-03-01 17:00:00+00:00,30.963,31.229,30.7,31.029,458289.28
2026-03-01 18:00:00+00:00,31.029,31.82,30.983,31.665,403247.16
2026-03-01 19:00:00+00:00,31.665,31.954,31.434,31.566,306645.29
2026-03-01 20:00:00+00:00,31.566,31.733,31.176,31.416,587529.5
2026-03-01 21:00:00+00:00,31.416,31.788,31.23,31.754,235586.54
2026-03-01 22:00:00+00:00,31.754,32.03,31.379,31.38,503048.89
2026-03-01 23:00:00+00:00,31.38,32.298,31.342,31.528,449448.38
2026-03-02 00:00:00+00:00,31.528,32.727,31.486,32.412,589437.58
2026-03-02 01:00:00+00:00,32.412,32.69,31.889,32.22,436873.35
2026-03-02 02:00:00+00:00,32.22,32.32,31.645,31.853,286731.94
2026-03-02 03:00:00+00:00,31.853,32.191,31.584,32.013,212131.69
2026-03-02 04:00:00+00:00,32.013,32.059,31.292,31.387,290650.88
2026-03-02 05:00:00+00:00,31.387,31.413,30.804,30.983,338110.6
2026-03-02 06:00:00+00:00,30.983,30.992,30.262,30.346,429775.66
2026-03-02 07:00:00+00:00,30.346,30.511,29.938,30.313,372482.53
2026-03-02 08:00:00+00:00,30.313,30.751,30.197,30.62,315057.36
2026-03-02 09:00:00+00:00,30.62,30.728,30.306,30.394,239477.47
2026-03-02 10:00:00+00:00,30.394,30.507,30.199,30.481,177706.86
2026-03-02 11:00:00+00:00,30.481,30.714,30.425,30.678,266059.57
2026-03-02 12:00:00+00:00,30.678,30.764,30.339,30.531,198876.1
2026-03-02 13:00:00+00:00,30.531,31.031,30.362,30.657,368490.58
2026-03-02 14:00:00+00:00,30.657,32.027,30.573,31.689,699098.71
2026-03-02 15:00:00+00:00,31.689,32.528,31.654,32.156,988635.91
2026-03-02 16:00:00+00:00,32.156,33.699,31.961,33.169,847616.32
2026-03-02 17:00:00+00:00,33.169,33.267,32.46,32.768,430989.74
2026-03-02 18:00:00+00:00,32.768,32.777,32.318,32.361,219785.4
2026-03-02 19:00:00+00:00,32.361,32.531,31.907,32.434,388503.42
2026-03-02 20:00:00+00:00,32.434,32.705,31.919,32.572,224548.92
2026-03-02 21:00:00+00:00,32.572,32.747,32.308,32.551,226209.26
2026-03-02 22:00:00+00:00,32.551,33.239,32.529,33.056,240158.26
2026-03-02 23:00:00+00:00,33.056,33.23,32.557,32.801,292647.01
2026-03-03 00:00:00+00:00,32.801,32.939,32.24,32.45,294594.4
2026-03-03 01:00:00+00:00,32.45,32.928,32.3,32.786,118725.23
2026-03-03 02:00:00+00:00,32.786,33.06,32.605,32.776,214034.18
2026-03-03 03:00:00+00:00,32.776,33.3,32.774,32.963,209933.67
2026-03-03 04:00:00+00:00,32.963,33.216,32.834,33.005,188554.02
2026-03-03 05:00:00+00:00,33.005,33.558,32.635,32.69,285581.02
2026-03-03 06:00:00+00:00,32.69,32.998,32.451,32.606,273462.4
2026-03-03 07:00:00+00:00,32.606,33.112,32.31,33.019,179145.77
2026-03-03 08:00:00+00:00,33.019,33.037,31.664,31.753,459966.05
2026-03-03 09:00:00+00:00,31.753,31.982,31.558,31.644,296144.93
2026-03-03 10:00:00+00:00,31.644,32.039,31.534,31.901,194372.36
2026-03-03 11:00:00+00:00,31.901,32.076,31.743,31.909,129566.06
2026-03-03 12:00:00+00:00,31.909,32.397,31.545,31.719,257453.61
2026-03-03 13:00:00+00:00,31.719,31.756,31.226,31.311,246561.37
2026-03-03 14:00:00+00:00,31.311,31.638,30.983,31.166,296211.95
2026-03-03 15:00:00+00:00,31.166,31.974,31.069,31.873,334609.79
2026-03-03 16:00:00+00:00,31.873,32.844,31.724,32.151,659915.32
2026-03-03 17:00:00+00:00,32.151,32.207,31.636,32.125,276115.9
2026-03-03 18:00:00+00:00,32.125,32.363,31.835,32.153,120657.07
2026-03-03 19:00:00+00:00,32.153,32.253,31.697,31.764,274281.5
2026-03-03 20:00:00+00:00,31.764,31.89,31.245,31.407,230184.59
2026-03-03 21:00:00+00:00,31.407,31.417,30.81,30.843,255748.89
2026-03-03 22:00:00+00:00,30.843,31.524,30.759,31.46,190612.53
2026-03-03 23:00:00+00:00,31.46,31.7,31.225,31.285,166804.87
2026-03-04 00:00:00+00:00,31.285,31.435,31.035,31.247,119972.42
2026-03-04 01:00:00+00:00,31.247,31.641,31.089,31.241,153380.5
2026-03-04 02:00:00+00:00,31.241,31.289,30.9,31.16,111414.65
2026-03-04 03:00:00+00:00,31.16,31.27,30.718,30.964,186961.29
2026-03-04 04:00:00+00:00,30.964,31.081,30.764,30.957,115926.95
2026-03-04 05:00:00+00:00,30.957,31.29,30.895,31.208,143256.97
2026-03-04 06:00:00+00:00,31.208,31.431,31.045,31.347,140665.43
2026-03-04 07:00:00+00:00,31.347,32.2,31.259,32.164,311703.69
2026-03-04 08:00:00+00:00,32.164,32.603,31.726,32.48,548419.27
2026-03-04 09:00:00+00:00,32.48,32.964,32.317,32.8,281419.49
2026-03-04 10:00:00+00:00,32.8,32.985,32.181,32.405,355601.27
2026-03-04 11:00:00+00:00,32.405,32.731,32.343,32.538,197746.39
2026-03-04 12:00:00+00:00,32.538,32.592,32.106,32.36,204316.22
2026-03-04 13:00:00+00:00,32.36,32.71,32.281,32.588,170622.59
2026-03-04 14:00:00+00:00,32.588,33.022,32.407,32.613,439862.85
2026-03-04 15:00:00+00:00,32.613,33.191,32.588,33.111,455495.33
2026-03-04 16:00:00+00:00,33.111,33.185,32.437,32.731,444220.44
2026-03-04 17:00:00+00:00,32.731,32.832,31.974,32.147,292374.34
2026-03-04 18:00:00+00:00,32.147,32.371,32.002,32.33,171680.61
2026-03-04 19:00:00+00:00,32.33,32.846,32.295,32.412,283312.99
2026-03-04 20:00:00+00:00,32.412,32.529,31.69,31.722,527914.98
2026-03-04 21:00:00+00:00,31.722,31.954,31.368,31.913,329430.23
2026-03-04 22:00:00+00:00,31.913,31.986,31.673,31.821,110295.45
2026-03-04 23:00:00+00:00,31.821,32.402,31.809,32.145,214646.41
2026-03-05 00:00:00+00:00,32.145,32.219,31.826,31.948,175179.26
2026-03-05 01:00:00+00:00,31.948,32.093,31.262,31.464,552848.84
2026-03-05 02:00:00+00:00,31.464,31.707,31.277,31.486,173790.04
2026-03-05 03:00:00+00:00,31.486,31.635,31.395,31.477,96354.34
2026-03-05 04:00:00+00:00,31.477,31.7,31.464,31.621,74258.33
2026-03-05 05:00:00+00:00,31.621,31.83,31.464,31.509,115950.78
2026-03-05 06:00:00+00:00,31.509,31.753,31.333,31.725,115387.52
2026-03-05 07:00:00+00:00,31.725,31.857,31.427,31.527,106376.0
2026-03-05 08:00:00+00:00,31.527,31.842,31.505,31.841,149577.57
2026-03-05 09:00:00+00:00,31.841,32.128,31.496,31.636,231322.9
2026-03-05 10:00:00+00:00,31.636,32.281,31.541,32.025,238798.25
2026-03-05 11:00:00+00:00,32.025,32.053,31.62,31.78,213132.61
2026-03-05 12:00:00+00:00,31.78,32.054,31.692,31.907,128543.76
2026-03-05 13:00:00+00:00,31.907,31.928,31.336,31.352,242328.86
2026-03-05 14:00:00+00:00,31.352,31.897,31.19,31.868,257803.62
2026-03-05 15:00:00+00:00,31.868,31.896,30.918,31.277,409387.01
2026-03-05 16:00:00+00:00,31.277,31.288,30.94,31.02,206923.13
2026-03-05 17:00:00+00:00,31.02,31.162,30.351,30.439,374772.71
2026-03-05 18:00:00+00:00,30.439,30.681,30.408,30.565,124209.09
2026-03-05 19:00:00+00:00,30.565,30.802,30.218,30.36,227740.93
2026-03-05 20:00:00+00:00,30.36,30.68,30.359,30.63,154694.38
2026-03-05 21:00:00+00:00,30.63,30.944,30.507,30.585,116721.8
2026-03-05 22:00:00+00:00,30.585,30.644,30.401,30.416,61536.93
2026-03-05 23:00:00+00:00,30.416,30.666,30.408,30.52,147258.3
2026-03-06 00:00:00+00:00,30.52,30.639,30.39,30.634,67627.16
2026-03-06 01:00:00+00:00,30.634,30.663,30.315,30.423,116254.57
2026-03-06 02:00:00+00:00,30.423,30.725,30.406,30.627,89508.92
2026-03-06 03:00:00+00:00,30.627,30.721,30.411,30.648,96244.09
2026-03-06 04:00:00+00:00,30.648,30.738,30.482,30.652,79679.84
2026-03-06 05:00:00+00:00,30.652,30.892,30.616,30.876,198578.09
2026-03-06 06:00:00+00:00,30.876,31.021,30.72,30.972,98180.67
2026-03-06 07:00:00+00:00,30.972,31.128,30.785,30.792,156539.05
2026-03-06 08:00:00+00:00,30.792,30.886,30.64,30.719,97031.34
2026-03-06 09:00:00+00:00,30.719,30.74,30.151,30.458,202128.54
2026-03-06 10:00:00+00:00,30.458,30.602,30.326,30.469,93723.9
2026-03-06 11:00:00+00:00,30.469,30.62,30.315,30.342,54379.72
2026-03-06 12:00:00+00:00,30.342,30.597,30.058,30.429,184980.33
2026-03-06 13:00:00+00:00,30.429,30.848,30.174,30.184,254696.71
2026-03-06 14:00:00+00:00,30.184,30.223,29.493,29.613,471718.67
2026-03-06 15:00:00+00:00,29.613,30.081,29.607,29.834,162953.74
2026-03-06 16:00:00+00:00,29.834,30.032,29.691,29.803,136482.18
2026-03-06 17:00:00+00:00,29.803,29.876,29.436,29.704,264165.64
2026-03-06 18:00:00+00:00,29.704,29.98,29.692,29.896,148747.16
2026-03-06 19:00:00+00:00,29.896,30.498,29.89,30.354,315470.84
2026-03-06 20:00:00+00:00,30.354,31.2,30.307,31.03,499674.37
2026-03-06 21:00:00+00:00,31.03,31.273,30.904,30.989,267507.47
2026-03-06 22:00:00+00:00,30.989,31.166,30.751,31.14,163326.39
2026-03-06 23:00:00+00:00,31.14,31.29,30.968,31.009,124872.24
2026-03-07 00:00:00+00:00,31.009,31.052,30.813,30.87,116351.42
2026-03-07 01:00:00+00:00,30.87,31.08,30.783,31.017,92702.2
2026-03-07 02:00:00+00:00,31.017,31.082,30.577,30.727,156599.02
2026-03-07 03:00:00+00:00,30.727,30.834,30.578,30.747,57332.83
2026-03-07 04:00:00+00:00,30.747,30.753,30.491,30.56,90362.19
2026-03-07 05:00:00+00:00,30.56,30.751,30.459,30.663,79177.57
2026-03-07 06:00:00+00:00,30.663,30.684,30.229,30.317,160719.61
2026-03-07 07:00:00+00:00,30.317,30.46,30.232,30.415,99800.41
2026-03-07 08:00:00+00:00,30.415,30.587,30.258,30.287,85825.06
2026-03-07 09:00:00+00:00,30.287,30.816,30.256,30.721,154433.44
2026-03-07 10:00:00+00:00,30.721,30.777,30.58,30.691,55107.69
2026-03-07 11:00:00+00:00,30.691,31.074,30.636,30.892,208818.68
2026-03-07 12:00:00+00:00,30.892,30.907,30.655,30.706,85299.27
2026-03-07 13:00:00+00:00,30.706,30.97,30.687,30.959,81048.18
2026-03-07 14:00:00+00:00,30.959,31.102,30.751,31.006,116675.05
2026-03-07 15:00:00+00:00,31.006,31.013,30.591,30.703,100651.98
2026-03-07 16:00:00+00:00,30.703,30.842,30.593,30.756,101198.69
2026-03-07 17:00:00+00:00,30.756,30.94,30.704,30.82,92329.96
2026-03-07 18:00:00+00:00,30.82,30.82,30.185,30.428,307779.05
2026-03-07 19:00:00+00:00,30.428,30.471,29.763,30.143,352870.82
2026-03-07 20:00:00+00:00,30.143,30.297,30.01,30.125,164073.91
2026-03-07 21:00:00+00:00,30.125,30.169,29.851,30.047,89348.36
2026-03-07 22:00:00+00:00,30.047,30.152,29.921,30.087,68303.66
2026-03-07 23:00:00+00:00,30.087,30.304,30.047,30.282,58750.55
2026-03-08 00:00:00+00:00,30.282,30.364,29.985,30.102,103757.76
2026-03-08 01:00:00+00:00,30.102,30.231,29.996,30.148,103662.54
2026-03-08 02:00:00+00:00,30.148,30.273,29.975,30.126,90412.18
2026-03-08 03:00:00+00:00,30.126,30.196,30.041,30.066,45864.05
2026-03-08 04:00:00+00:00,30.066,30.198,29.81,29.919,91057.76
2026-03-08 05:00:00+00:00,29.919,30.186,29.918,30.02,39994.8
2026-03-08 06:00:00+00:00,30.02,30.082,29.65,29.814,91386.38
2026-03-08 07:00:00+00:00,29.814,30.245,29.797,30.157,102795.63
2026-03-08 08:00:00+00:00,30.157,30.336,30.041,30.276,124055.57
2026-03-08 09:00:00+00:00,30.276,30.47,30.245,30.329,133589.84
2026-03-08 10:00:00+00:00,30.329,30.65,30.329,30.457,113870.07
2026-03-08 11:00:00+00:00,30.457,30.59,30.26,30.32,131340.49
2026-03-08 12:00:00+00:00,30.32,30.398,30.077,30.252,79528.1
2026-03-08 13:00:00+00:00,30.252,30.598,30.041,30.54,104781.25
2026-03-08 14:00:00+00:00,30.54,30.734,30.483,30.676,157820.32
2026-03-08 15:00:00+00:00,30.676,30.792,30.301,30.514,165409.62
2026-03-08 16:00:00+00:00,30.514,30.669,30.063,30.151,155319.54
2026-03-08 17:00:00+00:00,30.151,30.327,30.091,30.274,58115.09
2026-03-08 18:00:00+00:00,30.274,30.311,30.082,30.188,45087.28
2026-03-08 19:00:00+00:00,30.188,30.764,30.118,30.764,132462.47
2026-03-08 20:00:00+00:00,30.764,31.219,30.605,30.763,222886.28
2026-03-08 21:00:00+00:00,30.763,30.859,30.428,30.528,202001.54
2026-03-08 22:00:00+00:00,30.528,30.633,30.074,30.577,435386.72
2026-03-08 23:00:00+00:00,30.577,31.138,30.53,30.678,296348.35
2026-03-09 00:00:00+00:00,30.678,31.425,30.602,30.66,363643.98
2026-03-09 01:00:00+00:00,30.66,30.74,30.315,30.366,233053.29
2026-03-09 02:00:00+00:00,30.366,30.593,30.224,30.552,129318.71
2026-03-09 03:00:00+00:00,30.552,30.893,30.427,30.505,182550.85
2026-03-09 04:00:00+00:00,30.505,30.959,30.502,30.681,118338.41
2026-03-09 05:00:00+00:00,30.681,31.056,30.646,31.025,112774.52
2026-03-09 06:00:00+00:00,31.025,31.07,30.563,30.573,132102.27
2026-03-09 07:00:00+00:00,30.573,30.737,30.361,30.689,174138.73
2026-03-09 08:00:00+00:00,30.689,30.999,30.654,30.964,151815.2
2026-03-09 09:00:00+00:00,30.964,31.402,30.944,31.202,296300.01
2026-03-09 10:00:00+00:00,31.202,31.346,30.865,30.933,181232.95
2026-03-09 11:00:00+00:00,30.933,31.454,30.816,31.377,177313.91
2026-03-09 12:00:00+00:00,31.377,31.996,31.352,31.778,390201.03
2026-03-09 13:00:00+00:00,31.778,32.884,31.729,32.668,826063.36
2026-03-09 14:00:00+00:00,32.668,33.465,32.443,32.975,859890.05
2026-03-09 15:00:00+00:00,32.975,33.071,32.202,32.375,878654.65
2026-03-09 16:00:00+00:00,32.375,34.39,32.34,34.105,1221012.58
2026-03-09 17:00:00+00:00,34.105,34.5,33.716,34.302,613242.46
2026-03-09 18:00:00+00:00,34.302,34.526,33.762,33.95,776550.32
2026-03-09 19:00:00+00:00,33.95,34.811,33.95,34.091,648713.09
2026-03-09 20:00:00+00:00,34.091,34.436,33.91,34.366,262756.87
2026-03-09 21:00:00+00:00,34.366,35.345,34.337,35.229,594023.58
2026-03-09 22:00:00+00:00,35.229,35.33,34.847,35.054,420603.58
2026-03-09 23:00:00+00:00,35.054,35.095,34.56,34.654,234218.21
2026-03-10 00:00:00+00:00,34.654,34.736,33.977,34.37,397737.1
2026-03-10 01:00:00+00:00,34.37,34.483,33.951,34.246,159135.02
2026-03-10 02:00:00+00:00,34.246,34.524,33.45,34.25,565871.57
2026-03-10 03:00:00+00:00,34.25,34.72,34.122,34.71,326036.07
2026-03-10 04:00:00+00:00,34.71,34.854,34.405,34.518,174657.25
2026-03-10 05:00:00+00:00,34.518,34.684,33.974,34.136,197444.75
2026-03-10 06:00:00+00:00,34.136,34.182,33.808,34.056,181024.15
2026-03-10 07:00:00+00:00,34.056,34.576,33.989,34.537,233119.46
2026-03-10 08:00:00+00:00,34.537,35.149,34.519,34.86,346691.46
2026-03-10 09:00:00+00:00,34.86,35.047,34.627,34.736,250127.55
2026-03-10 10:00:00+00:00,34.736,34.877,34.519,34.653,208549.94
2026-03-10 11:00:00+00:00,34.653,35.0,34.579,34.909,183666.75
2026-03-10 12:00:00+00:00,34.909,35.015,34.547,34.874,228952.28
2026-03-10 13:00:00+00:00,34.874,35.171,34.254,34.454,516971.94
2026-03-10 14:00:00+00:00,34.454,34.951,33.901,34.725,757829.01
2026-03-10 15:00:00+00:00,34.725,34.861,34.238,34.786,508380.55
2026-03-10 16:00:00+00:00,34.786,34.861,34.0,34.217,375993.84
2026-03-10 17:00:00+00:00,34.217,34.336,33.792,34.161,338363.86
2026-03-10 18:00:00+00:00,34.161,34.195,33.767,33.873,235093.62
2026-03-10 19:00:00+00:00,33.873,34.134,33.657,33.937,132569.84
2026-03-10 20:00:00+00:00,33.937,34.098,33.924,34.055,86196.18
2026-03-10 21:00:00+00:00,34.055,34.089,33.565,33.644,129280.03
2026-03-10 22:00:00+00:00,33.644,34.065,33.62,34.028,143009.54
2026-03-10 23:00:00+00:00,34.028,34.259,34.005,34.156,96054.81
2026-03-11 00:00:00+00:00,34.156,34.484,34.042,34.388,156476.52
2026-03-11 01:00:00+00:00,34.388,34.549,34.223,34.529,97596.66
2026-03-11 02:00:00+00:00,34.529,34.82,34.404,34.524,183813.38
2026-03-11 03:00:00+00:00,34.524,34.549,34.207,34.338,127900.02
2026-03-11 04:00:00+00:00,34.338,34.858,34.304,34.841,104170.05
2026-03-11 05:00:00+00:00,34.841,34.978,34.415,34.572,278047.27
2026-03-11 06:00:00+00:00,34.572,34.897,34.409,34.607,114627.05
2026-03-11 07:00:00+00:00,34.607,34.792,34.32,34.383,114257.74
2026-03-11 08:00:00+00:00,34.383,34.52,34.247,34.44,94616.47
2026-03-11 09:00:00+00:00,34.44,34.533,34.273,34.328,81623.97
2026-03-11 10:00:00+00:00,34.328,34.705,34.1,34.584,142179.58
2026-03-11 11:00:00+00:00,34.584,35.032,34.468,34.861,258593.44
2026-03-11 12:00:00+00:00,34.861,35.748,34.75,35.528,893818.67
2026-03-11 13:00:00+00:00,35.528,36.38,35.4,36.042,851627.37
2026-03-11 14:00:00+00:00,36.042,36.983,35.882,36.732,747632.44
2026-03-11 15:00:00+00:00,36.732,36.881,35.971,36.311,642160.74
2026-03-11 16:00:00+00:00,36.311,36.568,35.882,36.433,319567.15
2026-03-11 17:00:00+00:00,36.433,36.774,36.01,36.05,277263.74
2026-03-11 18:00:00+00:00,36.05,36.521,35.958,36.391,264560.92
2026-03-11 19:00:00+00:00,36.391,36.413,36.02,36.307,198661.77
2026-03-11 20:00:00+00:00,36.307,36.319,35.739,36.206,269219.55
2026-03-11 21:00:00+00:00,36.206,36.381,35.989,36.313,127330.44
2026-03-11 22:00:00+00:00,36.313,36.572,36.103,36.158,147746.28
2026-03-11 23:00:00+00:00,36.158,36.365,36.074,36.199,64984.54
2026-03-12 00:00:00+00:00,36.199,36.777,36.187,36.735,127404.8
2026-03-12 01:00:00+00:00,36.735,37.083,36.186,36.31,431504.02
2026-03-12 02:00:00+00:00,36.31,36.431,35.806,35.919,356955.03
2026-03-12 03:00:00+00:00,35.919,36.192,35.756,35.844,192355.0
2026-03-12 04:00:00+00:00,35.844,36.094,35.84,35.961,103433.26
2026-03-12 05:00:00+00:00,35.961,37.414,35.922,37.173,647693.42
2026-03-12 06:00:00+00:00,37.173,37.468,36.753,36.954,702855.55
2026-03-12 07:00:00+00:00,36.954,37.006,36.467,36.801,426383.93
2026-03-12 08:00:00+00:00,36.801,37.382,36.718,37.324,209217.59
2026-03-12 09:00:00+00:00,37.324,37.682,37.05,37.438,271810.41
2026-03-12 10:00:00+00:00,37.438,38.034,37.438,37.64,340839.62
2026-03-12 11:00:00+00:00,37.64,37.785,37.255,37.303,204620.94
2026-03-12 12:00:00+00:00,37.303,37.694,37.222,37.57,196328.16
2026-03-12 13:00:00+00:00,37.57,37.99,37.377,37.438,367318.0
2026-03-12 14:00:00+00:00,37.438,37.5,36.835,37.166,350659.79
2026-03-12 15:00:00+00:00,37.166,37.636,36.981,37.388,224902.12
2026-03-12 16:00:00+00:00,37.388,37.671,37.123,37.561,203238.41
2026-03-12 17:00:00+00:00,37.561,37.855,37.411,37.699,185676.33
2026-03-12 18:00:00+00:00,37.699,37.723,37.051,37.087,231407.8
2026-03-12 19:00:00+00:00,37.087,37.303,36.944,37.08,144389.06
2026-03-12 20:00:00+00:00,37.08,37.144,36.831,37.067,144875.29
2026-03-12 21:00:00+00:00,37.067,37.49,37.067,37.438,120322.01
2026-03-12 22:00:00+00:00,37.438,37.444,37.008,37.215,76863.76
2026-03-12 23:00:00+00:00,37.215,37.396,37.165,37.251,83849.41
2026-03-13 00:00:00+00:00,37.251,37.954,37.15,37.491,266331.11
2026-03-13 01:00:00+00:00,37.491,38.363,37.36,38.243,358878.56
2026-03-13 02:00:00+00:00,38.243,38.324,37.889,37.963,134850.29
2026-03-13 03:00:00+00:00,37.963,38.5,37.927,38.082,221504.46
2026-03-13 04:00:00+00:00,38.082,38.21,37.842,38.048,114415.31
2026-03-13 05:00:00+00:00,38.048,38.052,37.555,37.569,123319.79
2026-03-13 06:00:00+00:00,37.569,37.789,37.473,37.5,114010.62
2026-03-13 07:00:00+00:00,37.5,37.744,37.28,37.717,124625.36
2026-03-13 08:00:00+00:00,37.717,37.735,36.938,36.971,261382.95
2026-03-13 09:00:00+00:00,36.971,37.375,36.902,37.286,248366.72
2026-03-13 10:00:00+00:00,37.286,37.434,37.14,37.248,122734.03
2026-03-13 11:00:00+00:00,37.248,37.53,36.985,37.326,128283.47
2026-03-13 12:00:00+00:00,37.326,37.576,37.117,37.526,129448.68
2026-03-13 13:00:00+00:00,37.526,37.676,37.359,37.493,270590.79
2026-03-13 14:00:00+00:00,37.493,37.651,36.305,36.406,422390.42
2026-03-13 15:00:00+00:00,36.406,36.725,36.078,36.257,394537.66
2026-03-13 16:00:00+00:00,36.257,36.446,35.996,36.267,287312.23
2026-03-13 17:00:00+00:00,36.267,36.664,36.167,36.656,197877.57
2026-03-13 18:00:00+00:00,36.656,36.814,36.466,36.549,185505.29
2026-03-13 19:00:00+00:00,36.549,36.782,36.316,36.732,162017.47
2026-03-13 20:00:00+00:00,36.732,36.935,36.61,36.77,121686.32
2026-03-13 21:00:00+00:00,36.77,36.816,36.374,36.516,150039.59
2026-03-13 22:00:00+00:00,36.516,36.564,35.945,36.368,225301.05
2026-03-13 23:00:00+00:00,36.368,36.464,36.214,36.432,75353.16
2026-03-14 00:00:00+00:00,36.432,36.671,36.326,36.612,96053.14
2026-03-14 01:00:00+00:00,36.612,36.746,36.434,36.74,108131.29
2026-03-14 02:00:00+00:00,36.74,36.884,36.588,36.84,77513.62
2026-03-14 03:00:00+00:00,36.84,37.085,36.84,36.979,131238.02
2026-03-14 04:00:00+00:00,36.979,37.4,36.955,37.17,232521.85
2026-03-14 05:00:00+00:00,37.17,37.386,37.002,37.253,145345.81
2026-03-14 06:00:00+00:00,37.253,37.256,36.932,37.198,115003.58
2026-03-14 07:00:00+00:00,37.198,37.49,37.152,37.196,116938.53
2026-03-14 08:00:00+00:00,37.196,37.202,36.943,37.046,86052.38
2026-03-14 09:00:00+00:00,37.046,37.134,36.795,36.937,103139.32
2026-03-14 10:00:00+00:00,36.937,37.041,36.556,36.619,140997.7
2026-03-14 11:00:00+00:00,36.619,36.896,36.616,36.892,69115.59
2026-03-14 12:00:00+00:00,36.892,37.85,36.891,37.722,344755.68
2026-03-14 13:00:00+00:00,37.722,38.346,37.601,38.0,353529.48
2026-03-14 14:00:00+00:00,38.0,38.127,37.51,37.519,221796.02
2026-03-14 15:00:00+00:00,37.519,38.075,37.498,37.976,171622.62
2026-03-14 16:00:00+00:00,37.976,38.876,37.888,38.326,531620.89
2026-03-14 17:00:00+00:00,38.326,38.53,38.034,38.066,125855.12
2026-03-14 18:00:00+00:00,38.066,38.199,37.782,37.963,167747.95
2026-03-14 19:00:00+00:00,37.963,38.206,37.928,38.051,80492.56
2026-03-14 20:00:00+00:00,38.051,38.056,37.705,37.77,94612.37
2026-03-14 21:00:00+00:00,37.77,38.071,37.668,37.986,82182.7
2026-03-14 22:00:00+00:00,37.986,38.28,37.924,38.005,98093.37
2026-03-14 23:00:00+00:00,38.005,38.154,37.776,37.79,71359.85
2026-03-15 00:00:00+00:00,37.79,37.914,37.606,37.774,98109.87
2026-03-15 01:00:00+00:00,37.774,37.993,37.582,37.801,112588.27
2026-03-15 02:00:00+00:00,37.801,38.058,37.704,38.036,94459.14
2026-03-15 03:00:00+00:00,38.036,38.226,37.92,38.102,76031.78
2026-03-15 04:00:00+00:00,38.102,38.251,37.837,37.926,86343.97
2026-03-15 05:00:00+00:00,37.926,37.935,37.51,37.564,171588.77
2026-03-15 06:00:00+00:00,37.564,37.742,37.35,37.675,114373.64
2026-03-15 07:00:00+00:00,37.675,37.675,37.411,37.492,72888.92
2026-03-15 08:00:00+00:00,37.492,37.591,37.11,37.318,171501.62
2026-03-15 09:00:00+00:00,37.318,37.422,37.085,37.149,126072.59
2026-03-15 10:00:00+00:00,37.149,37.342,37.069,37.327,72147.38
2026-03-15 11:00:00+00:00,37.327,37.743,37.274,37.637,130424.07
2026-03-15 12:00:00+00:00,37.637,37.641,37.332,37.41,84957.61
2026-03-15 13:00:00+00:00,37.41,37.58,37.164,37.476,152213.59
2026-03-15 14:00:00+00:00,37.476,37.546,37.234,37.425,58669.02
2026-03-15 15:00:00+00:00,37.425,37.473,37.231,37.266,51644.21
2026-03-15 16:00:00+00:00,37.266,37.309,37.001,37.098,105900.83
2026-03-15 17:00:00+00:00,37.098,37.493,37.077,37.356,65465.59
2026-03-15 18:00:00+00:00,37.356,37.392,36.835,36.853,176498.01
2026-03-15 19:00:00+00:00,36.853,37.131,36.774,37.089,98823.23
2026-03-15 20:00:00+00:00,37.089,37.171,36.842,36.932,115174.76
2026-03-15 21:00:00+00:00,36.932,37.322,36.855,37.201,95869.81
2026-03-15 22:00:00+00:00,37.201,37.586,36.879,37.501,229216.58
2026-03-15 23:00:00+00:00,37.501,37.676,37.094,37.24,174557.28
2026-03-16 00:00:00+00:00,37.24,37.657,37.232,37.627,181587.65
2026-03-16 01:00:00+00:00,37.627,37.687,37.162,37.447,116037.27
2026-03-16 02:00:00+00:00,37.447,37.845,37.411,37.501,173558.42
2026-03-16 03:00:00+00:00,37.501,38.156,37.398,37.793,244653.92
2026-03-16 04:00:00+00:00,37.793,38.244,37.71,38.079,216879.12
2026-03-16 05:00:00+00:00,38.079,38.582,38.012,38.344,320407.08
2026-03-16 06:00:00+00:00,38.344,38.639,37.943,38.459,253689.45
2026-03-16 07:00:00+00:00,38.459,39.336,38.459,38.73,530804.72
2026-03-16 08:00:00+00:00,38.73,39.376,38.686,39.133,394424.03
2026-03-16 09:00:00+00:00,39.133,39.419,38.992,39.017,284477.79
2026-03-16 10:00:00+00:00,39.017,39.217,38.881,39.131,220676.45
2026-03-16 11:00:00+00:00,39.131,39.619,38.983,39.51,459366.04
2026-03-16 12:00:00+00:00,39.51,39.675,39.123,39.474,229775.96
2026-03-16 13:00:00+00:00,39.474,39.708,39.142,39.191,282545.14
2026-03-16 14:00:00+00:00,39.191,39.248,38.377,38.675,481042.47
2026-03-16 15:00:00+00:00,38.675,39.247,38.594,39.025,368198.33
2026-03-16 16:00:00+00:00,39.025,39.347,38.855,38.98,191532.76
2026-03-16 17:00:00+00:00,38.98,39.212,38.636,38.765,156760.46
2026-03-16 18:00:00+00:00,38.765,39.281,38.7,38.952,145084.15
2026-03-16 19:00:00+00:00,38.952,39.588,38.829,39.548,173278.03
2026-03-16 20:00:00+00:00,39.548,40.892,39.388,40.412,740698.55
2026-03-16 21:00:00+00:00,40.412,41.302,40.334,41.074,429570.8
2026-03-16 22:00:00+00:00,41.074,41.436,40.836,41.095,378951.52
2026-03-16 23:00:00+00:00,41.095,41.293,40.583,40.78,284652.23
2026-03-17 00:00:00+00:00,40.78,41.245,40.211,40.437,386363.02
2026-03-17 01:00:00+00:00,40.437,40.838,40.216,40.729,177535.13
2026-03-17 02:00:00+00:00,40.729,40.756,40.297,40.405,173553.12
2026-03-17 03:00:00+00:00,40.405,40.713,40.001,40.481,198562.43
2026-03-17 04:00:00+00:00,40.481,40.633,40.208,40.475,113693.32
2026-03-17 05:00:00+00:00,40.475,40.939,40.336,40.517,197206.21
2026-03-17 06:00:00+00:00,40.517,41.572,40.509,41.052,327975.94
2026-03-17 07:00:00+00:00,41.052,41.476,41.022,41.46,133211.99
2026-03-17 08:00:00+00:00,41.46,41.532,40.691,40.957,215759.54
2026-03-17 09:00:00+00:00,40.957,40.957,40.412,40.565,154263.03
2026-03-17 10:00:00+00:00,40.565,41.085,40.395,40.907,138911.23
2026-03-17 11:00:00+00:00,40.907,41.834,40.719,41.408,269195.17
2026-03-17 12:00:00+00:00,41.408,41.647,41.069,41.18,260160.86
2026-03-17 13:00:00+00:00,41.18,41.283,40.565,40.615,291812.95
2026-03-17 14:00:00+00:00,40.615,40.893,40.368,40.431,250904.75
2026-03-17 15:00:00+00:00,40.431,40.63,39.559,39.861,342442.33
2026-03-17 16:00:00+00:00,39.861,40.388,39.84,40.235,238495.28
2026-03-17 17:00:00+00:00,40.235,40.545,40.203,40.494,154381.78
2026-03-17 18:00:00+00:00,40.494,41.213,40.26,41.155,273590.64
2026-03-17 19:00:00+00:00,41.155,41.296,40.922,40.983,117611.86
2026-03-17 20:00:00+00:00,40.983,41.95,40.868,41.878,280157.73
2026-03-17 21:00:00+00:00,41.878,42.133,41.682,41.801,235901.06
2026-03-17 22:00:00+00:00,41.801,41.895,41.32,41.38,140856.85
2026-03-17 23:00:00+00:00,41.38,41.478,41.055,41.14,158584.12
2026-03-18 00:00:00+00:00,41.14,41.393,40.493,41.109,239405.01
2026-03-18 01:00:00+00:00,41.109,42.091,41.076,41.947,405541.01
2026-03-18 02:00:00+00:00,41.947,42.3,41.676,41.717,214797.98
2026-03-18 03:00:00+00:00,41.717,42.35,41.651,42.173,142929.44
2026-03-18 04:00:00+00:00,42.173,42.276,41.682,41.814,157442.71
2026-03-18 05:00:00+00:00,41.814,41.844,41.298,41.396,114527.79
2026-03-18 06:00:00+00:00,41.396,42.109,41.359,41.92,159795.19
2026-03-18 07:00:00+00:00,41.92,42.081,41.596,41.662,109057.32
2026-03-18 08:00:00+00:00,41.662,42.021,41.329,41.416,168292.09
2026-03-18 09:00:00+00:00,41.416,41.416,41.003,41.39,262663.68
2026-03-18 10:00:00+00:00,41.39,41.548,41.195,41.452,116899.68
2026-03-18 11:00:00+00:00,41.452,41.649,40.852,41.166,299044.11
2026-03-18 12:00:00+00:00,41.166,41.271,40.219,40.54,752145.04
2026-03-18 13:00:00+00:00,40.54,43.058,40.15,41.234,2175595.85
2026-03-18 14:00:00+00:00,41.234,41.48,40.475,41.051,865181.39
2026-03-18 15:00:00+00:00,41.051,41.71,40.781,41.546,546845.84
2026-03-18 16:00:00+00:00,41.546,42.611,41.419,42.553,855690.56
2026-03-18 17:00:00+00:00,42.553,43.781,42.386,43.22,1017015.21
2026-03-18 18:00:00+00:00,43.22,43.688,42.163,42.441,819425.38
2026-03-18 19:00:00+00:00,42.441,42.723,41.721,42.501,434393.66
2026-03-18 20:00:00+00:00,42.501,42.948,41.956,42.575,352060.45
2026-03-18 21:00:00+00:00,42.575,43.003,42.355,42.403,159578.81
2026-03-18 22:00:00+00:00,42.403,42.413,41.526,41.834,316600.57
2026-03-18 23:00:00+00:00,41.834,42.167,41.66,42.057,135200.81
2026-03-19 00:00:00+00:00,42.057,42.211,41.381,41.428,200920.8
2026-03-19 01:00:00+00:00,41.428,41.719,41.052,41.115,175585.38
2026-03-19 02:00:00+00:00,41.115,41.45,41.006,41.28,128765.3
2026-03-19 03:00:00+00:00,41.28,41.801,41.101,41.485,235998.99
2026-03-19 04:00:00+00:00,41.485,41.577,40.917,40.974,212043.02
2026-03-19 05:00:00+00:00,40.974,41.486,40.967,41.297,164537.13
2026-03-19 06:00:00+00:00,41.297,41.6,41.057,41.126,152161.3
2026-03-19 07:00:00+00:00,41.126,41.166,40.0,40.101,603666.74
2026-03-19 08:00:00+00:00,40.101,40.249,39.329,39.655,603851.99
2026-03-19 09:00:00+00:00,39.655,39.87,39.035,39.797,400560.92
2026-03-19 10:00:00+00:00,39.797,40.025,39.549,39.576,222323.88
2026-03-19 11:00:00+00:00,39.576,39.955,39.391,39.468,123368.63
2026-03-19 12:00:00+00:00,39.468,39.468,38.66,38.852,389566.59
2026-03-19 13:00:00+00:00,38.852,39.5,38.571,39.5,591906.52
2026-03-19 14:00:00+00:00,39.5,39.533,38.993,39.468,308473.63
2026-03-19 15:00:00+00:00,39.468,39.8,38.77,39.572,437927.77
2026-03-19 16:00:00+00:00,39.572,39.792,39.21,39.338,180520.94
2026-03-19 17:00:00+00:00,39.338,40.241,39.046,40.079,373159.89
2026-03-19 18:00:00+00:00,40.079,40.215,39.543,39.976,172686.95
2026-03-19 19:00:00+00:00,39.976,40.548,39.642,39.762,355942.99
2026-03-19 20:00:00+00:00,39.762,40.064,39.37,39.456,210167.29
2026-03-19 21:00:00+00:00,39.456,39.619,39.064,39.23,195847.45
2026-03-19 22:00:00+00:00,39.23,39.573,38.981,39.383,206767.98
2026-03-19 23:00:00+00:00,39.383,39.558,39.061,39.318,181613.17
2026-03-20 00:00:00+00:00,39.318,39.99,39.215,39.961,234729.77
2026-03-20 01:00:00+00:00,39.961,40.349,39.684,39.724,231773.54
2026-03-20 02:00:00+00:00,39.724,40.016,39.515,39.631,182107.36
2026-03-20 03:00:00+00:00,39.631,39.904,39.371,39.868,214590.41
2026-03-20 04:00:00+00:00,39.868,40.1,39.462,39.584,166803.79
2026-03-20 05:00:00+00:00,39.584,39.909,39.376,39.888,179456.22
2026-03-20 06:00:00+00:00,39.888,39.89,39.121,39.389,170931.82
2026-03-20 07:00:00+00:00,39.389,40.365,39.152,40.32,283872.25
2026-03-20 08:00:00+00:00,40.32,40.749,39.756,39.858,435124.17
2026-03-20 09:00:00+00:00,39.858,39.873,39.183,39.43,286177.0
2026-03-20 10:00:00+00:00,39.43,39.744,39.172,39.474,202891.35
2026-03-20 11:00:00+00:00,39.474,39.847,39.303,39.482,161505.9
2026-03-20 12:00:00+00:00,39.482,39.63,39.111,39.447,158315.72
2026-03-20 13:00:00+00:00,39.447,39.62,38.937,39.039,342697.62
2026-03-20 14:00:00+00:00,39.039,39.442,38.654,38.766,514707.37
2026-03-20 15:00:00+00:00,38.766,39.575,38.766,39.47,286624.79
2026-03-20 16:00:00+00:00,39.47,39.918,39.28,39.412,281152.08
2026-03-20 17:00:00+00:00,39.412,39.462,38.902,39.206,227321.68
2026-03-20 18:00:00+00:00,39.206,39.315,38.734,38.982,299451.06
2026-03-20 19:00:00+00:00,38.982,39.2,38.352,39.106,439118.26
2026-03-20 20:00:00+00:00,39.106,39.684,38.757,39.142,410846.92
2026-03-20 21:00:00+00:00,39.142,39.652,38.899,39.598,255740.56
2026-03-20 22:00:00+00:00,39.598,40.124,39.552,40.017,320373.7
2026-03-20 23:00:00+00:00,40.017,40.025,39.45,39.524,155978.08
2026-03-21 00:00:00+00:00,39.524,39.733,39.384,39.446,86290.19
2026-03-21 01:00:00+00:00,39.446,39.55,39.282,39.438,83245.48
2026-03-21 02:00:00+00:00,39.438,39.793,39.278,39.714,91210.02
2026-03-21 03:00:00+00:00,39.714,39.834,39.543,39.621,72060.65
2026-03-21 04:00:00+00:00,39.621,39.797,39.362,39.492,75080.19
2026-03-21 05:00:00+00:00,39.492,39.556,39.183,39.327,106106.45
2026-03-21 06:00:00+00:00,39.327,39.526,39.236,39.384,83074.09
2026-03-21 07:00:00+00:00,39.384,39.72,39.377,39.684,87915.44
2026-03-21 08:00:00+00:00,39.684,39.692,39.412,39.504,53716.64
2026-03-21 09:00:00+00:00,39.504,39.708,39.466,39.65,61240.68
2026-03-21 10:00:00+00:00,39.65,39.733,39.515,39.718,91906.94
2026-03-21 11:00:00+00:00,39.718,40.063,39.714,40.058,150777.8
2026-03-21 12:00:00+00:00,40.058,40.166,39.693,39.77,143564.89
2026-03-21 13:00:00+00:00,39.77,39.952,39.676,39.941,130195.53
2026-03-21 14:00:00+00:00,39.941,40.14,39.72,39.79,111322.68
2026-03-21 15:00:00+00:00,39.79,40.097,39.744,39.905,104228.33
2026-03-21 16:00:00+00:00,39.905,40.361,39.781,39.994,197601.01
2026-03-21 17:00:00+00:00,39.994,40.302,39.899,40.201,100800.3
2026-03-21 18:00:00+00:00,40.201,40.431,40.129,40.258,96820.06
2026-03-21 19:00:00+00:00,40.258,40.361,40.102,40.15,60325.71
2026-03-21 20:00:00+00:00,40.15,40.258,39.982,40.208,97978.5
2026-03-21 21:00:00+00:00,40.208,40.274,40.0,40.053,62289.8
2026-03-21 22:00:00+00:00,40.053,40.087,39.811,39.844,72656.18
2026-03-21 23:00:00+00:00,39.844,39.848,38.885,39.134,370132.95
2026-03-22 00:00:00+00:00,39.134,39.508,38.67,39.304,365678.8
2026-03-22 01:00:00+00:00,39.304,39.463,38.601,38.792,233373.99
2026-03-22 02:00:00+00:00,38.792,39.144,38.504,39.045,308878.37
2026-03-22 03:00:00+00:00,39.045,39.48,39.017,39.049,235683.16
2026-03-22 04:00:00+00:00,39.049,39.247,38.918,38.996,70351.03
2026-03-22 05:00:00+00:00,38.996,38.996,38.421,38.445,200827.57
2026-03-22 06:00:00+00:00,38.445,38.458,38.03,38.424,234416.1
2026-03-22 07:00:00+00:00,38.424,38.561,38.184,38.274,142794.63
2026-03-22 08:00:00+00:00,38.274,38.284,37.9,38.252,246096.39
2026-03-22 09:00:00+00:00,38.252,38.328,37.951,38.151,119375.92
2026-03-22 10:00:00+00:00,38.151,38.175,37.938,38.0,93647.32
2026-03-22 11:00:00+00:00,38.0,38.026,37.485,37.928,410738.43
2026-03-22 12:00:00+00:00,37.928,38.408,37.919,38.241,190673.58
2026-03-22 13:00:00+00:00,38.241,38.395,38.1,38.278,133127.41
2026-03-22 14:00:00+00:00,38.278,38.39,38.17,38.22,62880.15
2026-03-22 15:00:00+00:00,38.22,38.303,37.938,38.062,128182.8
2026-03-22 16:00:00+00:00,38.062,38.197,37.855,38.046,92302.86
2026-03-22 17:00:00+00:00,38.046,38.224,37.952,38.062,69076.16
2026-03-22 18:00:00+00:00,38.062,38.18,37.866,38.066,65032.36
2026-03-22 19:00:00+00:00,38.066,38.066,37.856,37.999,89511.02
2026-03-22 20:00:00+00:00,37.999,38.334,37.923,37.964,115538.56
2026-03-22 21:00:00+00:00,37.964,38.056,37.55,37.788,292952.75
2026-03-22 22:00:00+00:00,37.788,38.563,37.427,38.421,319573.72
2026-03-22 23:00:00+00:00,38.421,38.71,38.256,38.336,147375.51
2026-03-23 00:00:00+00:00,38.336,38.438,37.55,37.609,321997.62
2026-03-23 01:00:00+00:00,37.609,38.127,37.506,37.988,174148.5
2026-03-23 02:00:00+00:00,37.988,38.392,37.801,38.145,104027.98
2026-03-23 03:00:00+00:00,38.145,38.372,38.005,38.021,68274.13
2026-03-23 04:00:00+00:00,38.021,38.273,37.959,38.208,51180.3
2026-03-23 05:00:00+00:00,38.208,38.445,37.991,38.235,121931.57
2026-03-23 06:00:00+00:00,38.235,38.235,37.494,37.753,131439.82
2026-03-23 07:00:00+00:00,37.753,37.785,37.335,37.466,197091.25
2026-03-23 08:00:00+00:00,37.466,37.722,37.183,37.263,246844.13
2026-03-23 09:00:00+00:00,37.263,37.365,36.86,36.996,228987.17
2026-03-23 10:00:00+00:00,36.996,37.09,36.752,37.003,158954.11
2026-03-23 11:00:00+00:00,37.003,39.534,36.984,37.548,2005650.44
2026-03-23 12:00:00+00:00,37.548,38.428,37.121,38.379,531618.8
2026-03-23 13:00:00+00:00,38.379,38.92,38.178,38.908,515875.92
2026-03-23 14:00:00+00:00,38.908,38.963,37.953,38.2,388593.1
2026-03-23 15:00:00+00:00,38.2,38.33,37.57,37.661,365998.29
2026-03-23 16:00:00+00:00,37.661,37.794,37.303,37.577,218337.57
2026-03-23 17:00:00+00:00,37.577,38.206,37.533,38.2,140052.38
2026-03-23 18:00:00+00:00,38.2,38.206,37.62,37.735,142784.56
2026-03-23 19:00:00+00:00,37.735,38.087,37.539,37.904,220431.05
2026-03-23 20:00:00+00:00,37.904,38.201,37.712,38.182,138048.61
2026-03-23 21:00:00+00:00,38.182,38.201,37.729,37.833,103951.89
2026-03-23 22:00:00+00:00,37.833,37.859,37.4,37.551,142954.64
2026-03-23 23:00:00+00:00,37.551,37.563,37.054,37.334,222703.45
2026-03-24 00:00:00+00:00,37.334,37.688,37.233,37.567,144851.23
2026-03-24 01:00:00+00:00,37.567,37.656,37.204,37.342,73368.94
2026-03-24 02:00:00+00:00,37.342,37.635,37.253,37.535,65265.34
2026-03-24 03:00:00+00:00,37.535,37.859,37.433,37.847,74099.51
2026-03-24 04:00:00+00:00,37.847,38.27,37.841,38.084,233778.94
2026-03-24 05:00:00+00:00,38.084,38.153,37.83,37.851,226266.55
2026-03-24 06:00:00+00:00,37.851,38.133,37.792,38.093,81426.27
2026-03-24 07:00:00+00:00,38.093,38.546,38.038,38.529,203911.24
2026-03-24 08:00:00+00:00,38.529,38.689,38.158,38.193,195753.05
2026-03-24 09:00:00+00:00,38.193,38.6,38.075,38.528,107554.36
2026-03-24 10:00:00+00:00,38.528,38.713,38.251,38.688,143977.72
2026-03-24 11:00:00+00:00,38.688,38.825,38.478,38.59,138998.58
2026-03-24 12:00:00+00:00,38.59,38.628,38.355,38.525,89491.8
2026-03-24 13:00:00+00:00,38.525,38.875,38.153,38.458,378413.05
2026-03-24 14:00:00+00:00,38.458,38.708,37.902,38.571,514154.47
2026-03-24 15:00:00+00:00,38.571,39.828,38.571,39.377,559079.68
2026-03-24 16:00:00+00:00,39.377,39.542,38.941,39.251,221104.92
2026-03-24 17:00:00+00:00,39.251,39.364,38.756,39.027,288416.62
2026-03-24 18:00:00+00:00,39.027,39.925,38.956,39.659,319690.57
2026-03-24 19:00:00+00:00,39.659,39.854,39.428,39.688,193865.17
2026-03-24 20:00:00+00:00,39.688,40.425,39.668,40.195,520180.11
2026-03-24 21:00:00+00:00,40.195,40.39,39.641,39.69,190925.14
2026-03-24 22:00:00+00:00,39.69,40.25,39.69,40.013,111835.63
2026-03-24 23:00:00+00:00,40.013,40.422,39.964,40.306,138581.22
2026-03-25 00:00:00+00:00,40.306,40.972,40.26,40.479,321388.49
2026-03-25 01:00:00+00:00,40.479,40.743,40.22,40.222,175441.54
2026-03-25 02:00:00+00:00,40.222,40.492,40.052,40.206,186870.51
2026-03-25 03:00:00+00:00,40.206,40.466,39.842,40.277,196635.36
2026-03-25 04:00:00+00:00,40.277,40.373,40.136,40.338,52494.66
2026-03-25 05:00:00+00:00,40.338,40.427,39.983,40.109,112939.34
2026-03-25 06:00:00+00:00,40.109,40.26,39.985,40.002,216056.97
2026-03-25 07:00:00+00:00,40.002,40.347,39.988,40.246,82702.73
2026-03-25 08:00:00+00:00,40.246,40.912,40.246,40.592,209626.23
2026-03-25 09:00:00+00:00,40.592,40.803,40.394,40.608,118192.08
2026-03-25 10:00:00+00:00,40.608,41.112,40.591,40.871,159316.03
2026-03-25 11:00:00+00:00,40.871,41.643,40.806,41.349,277093.46
2026-03-25 12:00:00+00:00,41.349,41.394,40.693,40.957,204362.94
2026-03-25 13:00:00+00:00,40.957,41.23,40.821,40.896,155925.46
2026-03-25 14:00:00+00:00,40.896,40.904,40.078,40.213,380045.33
2026-03-25 15:00:00+00:00,40.213,40.509,39.987,40.251,189542.69
2026-03-25 16:00:00+00:00,40.251,40.823,40.251,40.489,204148.02
2026-03-25 17:00:00+00:00,40.489,40.638,40.384,40.452,65790.45
2026-03-25 18:00:00+00:00,40.452,40.716,40.353,40.396,83646.32
2026-03-25 19:00:00+00:00,40.396,40.524,40.24,40.453,59232.11
2026-03-25 20:00:00+00:00,40.453,40.464,39.644,39.792,227640.42
2026-03-25 21:00:00+00:00,39.792,40.08,39.722,40.042,117104.75
2026-03-25 22:00:00+00:00,40.042,40.461,40.025,40.211,97423.56
2026-03-25 23:00:00+00:00,40.211,40.457,40.185,40.303,50774.45
2026-03-26 00:00:00+00:00,40.303,40.352,39.834,40.024,83943.26
2026-03-26 01:00:00+00:00,40.024,40.238,39.944,40.043,55670.71
2026-03-26 02:00:00+00:00,40.043,40.127,39.47,39.64,161892.21
2026-03-26 03:00:00+00:00,39.64,39.64,39.273,39.43,146895.39
2026-03-26 04:00:00+00:00,39.43,39.438,39.087,39.209,93810.9
2026-03-26 05:00:00+00:00,39.209,39.364,38.758,38.9,227200.57
2026-03-26 06:00:00+00:00,38.9,39.17,38.735,38.804,128241.8
2026-03-26 07:00:00+00:00,38.804,39.111,38.695,39.02,120989.2
2026-03-26 08:00:00+00:00,39.02,39.183,38.899,39.175,92294.69
2026-03-26 09:00:00+00:00,39.175,39.391,38.934,39.151,263618.71
2026-03-26 10:00:00+00:00,39.151,39.188,38.86,38.931,149695.18
2026-03-26 11:00:00+00:00,38.931,39.112,38.838,39.071,110099.67
2026-03-26 12:00:00+00:00,39.071,39.308,39.047,39.263,133978.35
2026-03-26 13:00:00+00:00,39.263,39.794,39.225,39.521,223992.03
2026-03-26 14:00:00+00:00,39.521,39.781,39.351,39.552,122438.2
2026-03-26 15:00:00+00:00,39.552,39.634,39.177,39.207,193162.16
2026-03-26 16:00:00+00:00,39.207,39.23,38.759,39.017,187670.64
2026-03-26 17:00:00+00:00,39.017,39.253,38.794,38.81,207323.04
2026-03-26 18:00:00+00:00,38.81,38.929,38.316,38.632,290232.36
2026-03-26 19:00:00+00:00,38.632,38.699,38.411,38.446,77218.06
2026-03-26 20:00:00+00:00,38.446,39.195,38.287,38.858,343141.22
2026-03-26 21:00:00+00:00,38.858,39.229,38.693,38.999,126067.2
2026-03-26 22:00:00+00:00,38.999,39.064,38.808,39.044,70677.48
2026-03-26 23:00:00+00:00,39.044,39.152,38.859,39.152,80114.81
2026-03-27 00:00:00+00:00,39.152,39.374,38.899,38.974,79930.77
2026-03-27 01:00:00+00:00,38.974,39.027,38.625,38.856,87084.21
2026-03-27 02:00:00+00:00,38.856,38.947,38.659,38.692,37805.94
2026-03-27 03:00:00+00:00,38.692,38.717,38.431,38.624,75753.85
2026-03-27 04:00:00+00:00,38.624,38.924,38.493,38.791,69196.13
2026-03-27 05:00:00+00:00,38.791,38.957,38.683,38.82,37337.06
2026-03-27 06:00:00+00:00,38.82,38.831,38.557,38.65,53008.74
2026-03-27 07:00:00+00:00,38.65,39.399,38.55,39.314,154166.45
2026-03-27 08:00:00+00:00,39.314,39.417,38.58,38.803,140242.52
2026-03-27 09:00:00+00:00,38.803,38.915,38.435,38.785,123533.71
2026-03-27 10:00:00+00:00,38.785,38.872,37.95,37.988,299596.04
2026-03-27 11:00:00+00:00,37.988,38.42,37.869,38.307,216022.97
2026-03-27 12:00:00+00:00,38.307,38.466,38.015,38.376,113415.45
2026-03-27 13:00:00+00:00,38.376,38.587,37.932,38.05,193038.96
2026-03-27 14:00:00+00:00,38.05,38.618,38.029,38.378,185645.41
2026-03-27 15:00:00+00:00,38.378,38.962,38.378,38.639,242738.94
2026-03-27 16:00:00+00:00,38.639,38.647,38.272,38.426,107263.41
2026-03-27 17:00:00+00:00,38.426,38.729,38.137,38.164,138882.51
2026-03-27 18:00:00+00:00,38.164,38.388,38.086,38.356,71405.57
2026-03-27 19:00:00+00:00,38.356,38.821,38.096,38.727,157928.44
2026-03-27 20:00:00+00:00,38.727,38.87,38.343,38.428,136298.31
2026-03-27 21:00:00+00:00,38.428,38.632,38.344,38.572,46874.75
2026-03-27 22:00:00+00:00,38.572,38.572,38.226,38.391,57824.3
2026-03-27 23:00:00+00:00,38.391,38.697,38.322,38.655,46880.6
2026-03-28 00:00:00+00:00,38.655,38.655,37.967,38.05,104002.37
2026-03-28 01:00:00+00:00,38.05,38.271,37.994,38.216,61431.21
2026-03-28 02:00:00+00:00,38.216,38.455,38.169,38.441,47544.08
2026-03-28 03:00:00+00:00,38.441,38.568,38.299,38.518,47440.02
2026-03-28 04:00:00+00:00,38.518,38.634,38.395,38.55,48986.43
2026-03-28 05:00:00+00:00,38.55,38.681,38.3,38.525,54141.24
2026-03-28 06:00:00+00:00,38.525,39.168,38.483,39.129,131318.85
2026-03-28 07:00:00+00:00,39.129,39.384,38.964,39.367,162255.99
2026-03-28 08:00:00+00:00,39.367,39.7,39.329,39.49,221827.24
2026-03-28 09:00:00+00:00,39.49,39.623,39.303,39.444,83588.88
2026-03-28 10:00:00+00:00,39.444,39.667,39.14,39.336,80182.24
2026-03-28 11:00:00+00:00,39.336,39.558,39.124,39.519,73427.08
2026-03-28 12:00:00+00:00,39.519,40.2,39.407,40.134,233703.98
2026-03-28 13:00:00+00:00,40.134,40.18,39.835,39.889,200021.3
2026-03-28 14:00:00+00:00,39.889,39.995,39.8,39.913,70356.64
2026-03-28 15:00:00+00:00,39.913,40.283,39.89,40.216,189011.44
2026-03-28 16:00:00+00:00,40.216,40.264,39.791,39.817,94153.08
2026-03-28 17:00:00+00:00,39.817,39.87,39.552,39.759,117976.33
2026-03-28 18:00:00+00:00,39.759,39.798,39.626,39.75,41617.06
2026-03-28 19:00:00+00:00,39.75,40.058,39.647,39.903,73131.42
2026-03-28 20:00:00+00:00,39.903,39.966,39.812,39.922,46819.54
2026-03-28 21:00:00+00:00,39.922,39.947,39.605,39.659,42422.47
2026-03-28 22:00:00+00:00,39.659,39.824,39.603,39.786,36239.65
2026-03-28 23:00:00+00:00,39.786,39.87,39.376,39.446,138258.85
2026-03-29 00:00:00+00:00,39.446,39.59,39.352,39.537,46800.07
2026-03-29 01:00:00+00:00,39.537,39.682,39.236,39.481,95622.61
2026-03-29 02:00:00+00:00,39.481,39.764,39.416,39.73,55098.39
2026-03-29 03:00:00+00:00,39.73,39.99,39.66,39.934,103995.93
2026-03-29 04:00:00+00:00,39.934,40.051,39.782,39.8,63386.53
2026-03-29 05:00:00+00:00,39.8,39.865,39.659,39.816,50077.36
2026-03-29 06:00:00+00:00,39.816,39.978,39.778,39.792,50124.04
2026-03-29 07:00:00+00:00,39.792,39.792,39.602,39.686,47749.45
2026-03-29 08:00:00+00:00,39.686,39.904,39.633,39.831,57734.4
2026-03-29 09:00:00+00:00,39.831,39.875,39.51,39.573,73744.52
2026-03-29 10:00:00+00:00,39.573,39.573,39.202,39.392,145850.33
2026-03-29 11:00:00+00:00,39.392,39.63,39.307,39.314,87091.58
2026-03-29 12:00:00+00:00,39.314,39.466,39.14,39.156,77934.48
2026-03-29 13:00:00+00:00,39.156,39.228,38.934,39.106,127267.67
2026-03-29 14:00:00+00:00,39.106,39.128,38.745,38.846,156353.32
2026-03-29 15:00:00+00:00,38.846,39.074,38.729,38.992,93258.85
2026-03-29 16:00:00+00:00,38.992,39.145,38.844,38.954,86267.83
2026-03-29 17:00:00+00:00,38.954,39.021,38.767,38.804,57204.05
2026-03-29 18:00:00+00:00,38.804,38.832,38.606,38.71,84138.78
2026-03-29 19:00:00+00:00,38.71,38.81,38.572,38.59,35302.12
2026-03-29 20:00:00+00:00,38.59,38.938,38.533,38.737,72434.75
2026-03-29 21:00:00+00:00,38.737,38.808,38.484,38.602,87263.25
2026-03-29 22:00:00+00:00,38.602,38.602,37.713,38.236,331965.81
2026-03-29 23:00:00+00:00,38.236,38.468,37.728,37.828,200821.23
2026-03-30 00:00:00+00:00,37.828,38.732,37.574,37.663,428242.55
2026-03-30 01:00:00+00:00,37.663,38.151,37.455,37.993,242803.63
2026-03-30 02:00:00+00:00,37.993,38.634,37.993,38.346,176154.86
2026-03-30 03:00:00+00:00,38.346,38.528,38.237,38.266,74319.05
2026-03-30 04:00:00+00:00,38.266,38.694,38.248,38.656,94218.78
2026-03-30 05:00:00+00:00,38.656,38.793,38.232,38.287,129815.47
2026-03-30 06:00:00+00:00,38.287,38.376,38.13,38.25,61168.05
2026-03-30 07:00:00+00:00,38.25,38.578,37.964,38.43,164279.28
2026-03-30 08:00:00+00:00,38.43,38.637,38.044,38.225,157923.06
2026-03-30 09:00:00+00:00,38.225,38.238,37.837,37.98,105876.09
2026-03-30 10:00:00+00:00,37.98,38.068,37.849,37.954,106746.52
2026-03-30 11:00:00+00:00,37.954,38.247,37.922,38.05,105798.17
2026-03-30 12:00:00+00:00,38.05,38.3,38.016,38.225,101773.9
2026-03-30 13:00:00+00:00,38.225,38.544,38.0,38.02,176450.89
2026-03-30 14:00:00+00:00,38.02,38.294,37.718,38.135,184527.54
2026-03-30 15:00:00+00:00,38.135,38.343,38.022,38.247,99384.85
2026-03-30 16:00:00+00:00,38.247,38.262,37.75,37.86,141633.01
2026-03-30 17:00:00+00:00,37.86,37.919,37.2,37.301,270391.33
2026-03-30 18:00:00+00:00,37.301,37.404,37.058,37.274,162375.52
2026-03-30 19:00:00+00:00,37.274,37.293,36.466,37.082,455843.65
2026-03-30 20:00:00+00:00,37.082,37.143,36.76,36.888,165243.3
2026-03-30 21:00:00+00:00,36.888,37.273,36.877,37.078,156634.18
2026-03-30 22:00:00+00:00,37.078,37.255,36.998,37.208,80758.76
2026-03-30 23:00:00+00:00,37.208,37.211,36.649,36.831,129680.92
2026-03-31 00:00:00+00:00,36.831,37.366,36.622,37.143,159754.46
2026-03-31 01:00:00+00:00,37.143,37.635,37.033,37.404,250479.15
2026-03-31 02:00:00+00:00,37.404,37.626,37.332,37.352,59009.3
2026-03-31 03:00:00+00:00,37.352,37.352,37.061,37.307,82361.1
2026-03-31 04:00:00+00:00,37.307,37.354,36.979,37.011,49744.52
2026-03-31 05:00:00+00:00,37.011,37.239,36.9,37.166,83273.43
2026-03-31 06:00:00+00:00,37.166,37.265,37.071,37.111,41701.6
2026-03-31 07:00:00+00:00,37.111,37.128,36.414,36.723,202245.23
2026-03-31 08:00:00+00:00,36.723,36.776,36.157,36.177,233395.87
2026-03-31 09:00:00+00:00,36.177,36.316,35.731,35.886,257315.05
2026-03-31 10:00:00+00:00,35.886,36.118,35.771,36.009,200061.95
2026-03-31 11:00:00+00:00,36.009,36.073,35.653,35.8,213901.85
2026-03-31 12:00:00+00:00,35.8,36.075,35.74,35.998,203582.38
2026-03-31 13:00:00+00:00,35.998,36.597,35.963,36.58,233496.78
2026-03-31 14:00:00+00:00,36.58,36.953,35.861,36.027,354885.91
2026-03-31 15:00:00+00:00,36.027,36.363,35.964,35.984,208172.81
2026-03-31 16:00:00+00:00,35.984,36.989,35.976,36.889,259835.56
2026-03-31 17:00:00+00:00,36.889,37.322,36.525,36.647,381190.2
2026-03-31 18:00:00+00:00,36.647,37.04,36.54,36.644,139824.98
2026-03-31 19:00:00+00:00,36.644,36.74,36.489,36.596,75801.4
2026-03-31 20:00:00+00:00,36.596,37.002,36.59,36.685,106130.66
2026-03-31 21:00:00+00:00,36.685,36.686,36.338,36.41,84904.98
2026-03-31 22:00:00+00:00,36.41,36.496,36.158,36.254,85109.03
2026-03-31 23:00:00+00:00,36.254,36.676,36.12,36.587,78043.67
2026-04-01 00:00:00+00:00,36.587,36.621,36.34,36.559,70681.35
2026-04-01 01:00:00+00:00,36.559,36.654,35.92,36.013,111967.96
2026-04-01 02:00:00+00:00,36.013,36.298,36.013,36.13,54599.9
2026-04-01 03:00:00+00:00,36.13,36.494,36.13,36.426,56983.22
2026-04-01 04:00:00+00:00,36.426,36.618,36.329,36.545,91949.68
2026-04-01 05:00:00+00:00,36.545,37.238,36.488,37.072,185852.98
2026-04-01 06:00:00+00:00,37.072,37.737,36.901,37.695,282661.71
2026-04-01 07:00:00+00:00,37.695,37.8,37.269,37.37,235241.14
2026-04-01 08:00:00+00:00,37.37,37.468,36.976,37.077,157399.9
2026-04-01 09:00:00+00:00,37.077,37.182,36.73,37.004,134559.61
2026-04-01 10:00:00+00:00,37.004,37.135,36.858,37.075,62934.78
2026-04-01 11:00:00+00:00,37.075,37.344,37.055,37.219,102295.13
2026-04-01 12:00:00+00:00,37.219,37.407,36.997,37.049,167813.02
2026-04-01 13:00:00+00:00,37.049,37.118,36.601,36.71,190186.4
2026-04-01 14:00:00+00:00,36.71,37.077,36.617,37.067,129784.29
2026-04-01 15:00:00+00:00,37.067,37.445,36.946,37.389,178418.72
2026-04-01 16:00:00+00:00,37.389,37.447,36.5,36.701,527173.71
2026-04-01 17:00:00+00:00,36.701,37.003,36.238,36.402,272999.18
2026-04-01 18:00:00+00:00,36.402,36.527,36.064,36.166,203339.04
2026-04-01 19:00:00+00:00,36.166,36.285,36.11,36.154,75250.65
2026-04-01 20:00:00+00:00,36.154,36.253,35.98,36.061,127752.77
2026-04-01 21:00:00+00:00,36.061,36.278,35.87,36.154,120910.0
2026-04-01 22:00:00+00:00,36.154,36.232,35.816,36.03,142212.56
2026-04-01 23:00:00+00:00,36.03,36.066,35.896,36.018,66093.68
2026-04-02 00:00:00+00:00,36.018,36.285,35.972,36.182,76369.73
2026-04-02 01:00:00+00:00,36.182,36.236,35.334,35.389,395840.92
2026-04-02 02:00:00+00:00,35.389,35.601,35.167,35.59,204545.03
2026-04-02 03:00:00+00:00,35.59,35.596,35.049,35.198,168406.79
2026-04-02 04:00:00+00:00,35.198,35.253,34.988,35.025,122569.25
2026-04-02 05:00:00+00:00,35.025,35.315,34.933,35.241,113134.72
2026-04-02 06:00:00+00:00,35.241,35.53,35.109,35.234,131153.04
2026-04-02 07:00:00+00:00,35.234,35.256,34.858,35.083,186710.76
2026-04-02 08:00:00+00:00,35.083,35.323,35.0,35.007,123226.86
2026-04-02 09:00:00+00:00,35.007,35.115,34.88,35.047,156918.48
2026-04-02 10:00:00+00:00,35.047,35.064,34.706,34.796,168198.02
2026-04-02 11:00:00+00:00,34.796,34.933,34.658,34.797,104642.51
2026-04-02 12:00:00+00:00,34.797,34.869,34.66,34.678,104522.5
2026-04-02 13:00:00+00:00,34.678,34.83,34.44,34.658,336332.36
2026-04-02 14:00:00+00:00,34.658,34.954,34.5,34.868,503996.75
2026-04-02 15:00:00+00:00,34.868,34.898,34.634,34.874,113150.07
2026-04-02 16:00:00+00:00,34.874,35.227,34.863,35.008,158516.03
2026-04-02 17:00:00+00:00,35.008,35.218,34.645,34.666,149586.93
2026-04-02 18:00:00+00:00,34.666,34.838,34.564,34.802,96876.1
2026-04-02 19:00:00+00:00,34.802,34.985,34.713,34.921,143166.61
2026-04-02 20:00:00+00:00,34.921,35.326,34.835,35.126,94154.6
2026-04-02 21:00:00+00:00,35.126,35.212,34.986,35.114,67018.73
2026-04-02 22:00:00+00:00,35.114,35.182,35.032,35.114,38936.26
2026-04-02 23:00:00+00:00,35.114,35.359,35.102,35.183,52891.69
2026-04-03 00:00:00+00:00,35.183,35.396,35.073,35.384,45247.88
2026-04-03 01:00:00+00:00,35.384,35.535,35.281,35.532,91937.36
2026-04-03 02:00:00+00:00,35.532,35.612,35.364,35.537,95737.74
2026-04-03 03:00:00+00:00,35.537,35.583,35.357,35.421,45596.36
2026-04-03 04:00:00+00:00,35.421,35.606,35.398,35.486,43078.94
2026-04-03 05:00:00+00:00,35.486,35.647,35.382,35.406,66407.71
2026-04-03 06:00:00+00:00,35.406,35.698,35.359,35.691,83402.33
2026-04-03 07:00:00+00:00,35.691,35.912,35.567,35.816,198785.62
2026-04-03 08:00:00+00:00,35.816,36.06,35.806,35.924,129863.81
2026-04-03 09:00:00+00:00,35.924,36.05,35.712,35.943,106199.52
2026-04-03 10:00:00+00:00,35.943,35.99,35.628,35.881,72833.11
2026-04-03 11:00:00+00:00,35.881,35.967,35.758,35.938,67800.95
2026-04-03 12:00:00+00:00,35.938,36.12,35.623,35.634,191850.55
2026-04-03 13:00:00+00:00,35.634,35.673,35.369,35.582,218836.83
2026-04-03 14:00:00+00:00,35.582,35.945,35.508,35.892,136204.15
2026-04-03 15:00:00+00:00,35.892,36.006,35.641,35.772,98883.89
2026-04-03 16:00:00+00:00,35.772,36.066,35.681,35.938,81470.36
2026-04-03 17:00:00+00:00,35.938,35.969,35.568,35.652,76328.09
2026-04-03 18:00:00+00:00,35.652,35.676,35.49,35.509,56213.67
2026-04-03 19:00:00+00:00,35.509,35.767,35.497,35.754,31232.69
2026-04-03 20:00:00+00:00,35.754,35.904,35.687,35.876,57640.16
2026-04-03 21:00:00+00:00,35.876,35.9,35.8,35.837,38216.6
2026-04-03 22:00:00+00:00,35.837,35.84,35.612,35.636,32575.07
2026-04-03 23:00:00+00:00,35.636,35.657,35.503,35.598,35544.32
2026-04-04 00:00:00+00:00,35.598,35.667,35.476,35.639,26889.83
2026-04-04 01:00:00+00:00,35.639,35.698,35.565,35.671,14910.64
2026-04-04 02:00:00+00:00,35.671,35.9,35.605,35.81,45372.47
2026-04-04 03:00:00+00:00,35.81,35.939,35.725,35.848,45431.78
2026-04-04 04:00:00+00:00,35.848,35.852,35.707,35.719,20507.5
2026-04-04 05:00:00+00:00,35.719,35.86,35.636,35.644,46840.38
2026-04-04 06:00:00+00:00,35.644,35.829,35.597,35.752,87196.07
2026-04-04 07:00:00+00:00,35.752,35.797,35.691,35.726,21581.4
2026-04-04 08:00:00+00:00,35.726,35.802,35.604,35.631,33795.67
2026-04-04 09:00:00+00:00,35.631,35.689,35.598,35.662,15351.55
2026-04-04 10:00:00+00:00,35.662,35.819,35.613,35.774,32612.44
2026-04-04 11:00:00+00:00,35.774,35.833,35.7,35.789,19358.86
2026-04-04 12:00:00+00:00,35.789,35.911,35.711,35.76,75017.58
2026-04-04 13:00:00+00:00,35.76,35.773,35.555,35.636,93756.84
2026-04-04 14:00:00+00:00,35.636,35.728,35.508,35.681,60476.43
2026-04-04 15:00:00+00:00,35.681,35.888,35.652,35.884,89747.91
2026-04-04 16:00:00+00:00,35.884,36.225,35.88,35.894,172231.23
2026-04-04 17:00:00+00:00,35.894,36.073,35.846,36.062,41153.8
2026-04-04 18:00:00+00:00,36.062,36.172,35.89,36.025,75203.89
2026-04-04 19:00:00+00:00,36.025,36.16,35.866,35.952,65702.09
2026-04-04 20:00:00+00:00,35.952,36.122,35.912,36.108,47398.5
2026-04-04 21:00:00+00:00,36.108,36.35,36.058,36.326,86709.61
2026-04-04 22:00:00+00:00,36.326,36.529,36.218,36.4,97827.78
2026-04-04 23:00:00+00:00,36.4,36.55,36.244,36.35,121565.02
2026-04-05 00:00:00+00:00,36.35,36.398,36.013,36.067,76352.42
2026-04-05 01:00:00+00:00,36.067,36.221,35.898,35.98,77796.85
2026-04-05 02:00:00+00:00,35.98,36.099,35.894,36.076,49956.93
2026-04-05 03:00:00+00:00,36.076,36.113,35.875,35.914,23948.33
2026-04-05 04:00:00+00:00,35.914,35.956,35.765,35.84,62003.59
2026-04-05 05:00:00+00:00,35.84,35.875,35.564,35.654,69357.21
2026-04-05 06:00:00+00:00,35.654,35.721,35.439,35.655,139303.82
2026-04-05 07:00:00+00:00,35.655,35.778,35.503,35.636,74009.64
2026-04-05 08:00:00+00:00,35.636,35.851,35.622,35.719,52147.16
2026-04-05 09:00:00+00:00,35.719,35.823,35.656,35.803,26194.62
2026-04-05 10:00:00+00:00,35.803,35.906,35.702,35.756,21473.08
2026-04-05 11:00:00+00:00,35.756,35.783,35.616,35.636,42702.5
2026-04-05 12:00:00+00:00,35.636,35.66,35.112,35.298,143571.72
2026-04-05 13:00:00+00:00,35.298,35.445,35.234,35.417,54502.13
2026-04-05 14:00:00+00:00,35.417,35.562,35.327,35.459,43570.37
2026-04-05 15:00:00+00:00,35.459,35.815,35.398,35.537,145568.29
2026-04-05 16:00:00+00:00,35.537,35.642,35.429,35.451,32107.5
2026-04-05 17:00:00+00:00,35.451,35.604,35.436,35.586,18719.68
2026-04-05 18:00:00+00:00,35.586,35.836,35.485,35.716,69285.71
2026-04-05 19:00:00+00:00,35.716,35.84,35.677,35.833,34215.79
2026-04-05 20:00:00+00:00,35.833,35.965,35.797,35.908,43456.85
2026-04-05 21:00:00+00:00,35.908,35.982,35.774,35.874,51396.77
2026-04-05 22:00:00+00:00,35.874,36.313,35.678,36.278,170999.94
2026-04-05 23:00:00+00:00,36.278,37.0,36.269,36.85,390118.77
2026-04-06 00:00:00+00:00,36.85,37.166,36.56,36.837,269448.48
2026-04-06 01:00:00+00:00,36.837,37.063,36.67,37.006,92834.68
2026-04-06 02:00:00+00:00,37.006,37.24,36.631,36.901,131396.33
2026-04-06 03:00:00+00:00,36.901,37.144,36.845,37.111,69821.72
2026-04-06 04:00:00+00:00,37.111,37.315,36.771,36.85,138493.98
2026-04-06 05:00:00+00:00,36.85,37.008,36.772,36.985,53065.89
2026-04-06 06:00:00+00:00,36.985,37.049,36.737,36.944,77665.32
2026-04-06 07:00:00+00:00,36.944,37.156,36.832,37.139,89064.66
2026-04-06 08:00:00+00:00,37.139,37.357,37.028,37.232,135092.64
2026-04-06 09:00:00+00:00,37.232,37.57,37.2,37.303,154017.72
2026-04-06 10:00:00+00:00,37.303,37.55,37.303,37.533,113423.28
2026-04-06 11:00:00+00:00,37.533,37.533,37.128,37.223,91837.58
2026-04-06 12:00:00+00:00,37.223,37.341,36.956,37.088,209738.31
2026-04-06 13:00:00+00:00,37.088,37.294,37.04,37.216,75586.53
2026-04-06 14:00:00+00:00,37.216,37.7,37.048,37.689,224546.41
2026-04-06 15:00:00+00:00,37.689,37.699,37.429,37.663,131955.95
2026-04-06 16:00:00+00:00,37.663,37.742,37.165,37.192,195540.26
2026-04-06 17:00:00+00:00,37.192,37.21,36.792,36.913,319551.06
2026-04-06 18:00:00+00:00,36.913,37.187,36.845,37.052,78437.65
2026-04-06 19:00:00+00:00,37.052,37.364,36.97,37.3,100219.96
2026-04-06 20:00:00+00:00,37.3,37.352,37.108,37.178,155642.62
2026-04-06 21:00:00+00:00,37.178,37.198,36.872,36.915,95903.36
2026-04-06 22:00:00+00:00,36.915,36.951,36.142,36.149,195647.89
2026-04-06 23:00:00+00:00,36.149,36.356,35.94,36.276,185066.67
2026-04-07 00:00:00+00:00,36.276,36.517,36.204,36.401,78740.89
2026-04-07 01:00:00+00:00,36.401,36.537,36.182,36.247,84655.63
2026-04-07 02:00:00+00:00,36.247,36.419,36.056,36.356,107132.97
2026-04-07 03:00:00+00:00,36.356,36.455,36.338,36.386,49300.32
2026-04-07 04:00:00+00:00,36.386,36.491,36.264,36.454,76406.72
2026-04-07 05:00:00+00:00,36.454,36.459,36.106,36.185,80076.58
2026-04-07 06:00:00+00:00,36.185,36.237,36.058,36.211,71980.79
2026-04-07 07:00:00+00:00,36.211,36.29,36.063,36.192,74216.77
2026-04-07 08:00:00+00:00,36.192,36.468,36.185,36.417,66511.97
2026-04-07 09:00:00+00:00,36.417,36.946,36.366,36.912,178117.82
2026-04-07 10:00:00+00:00,36.912,37.13,36.221,36.387,324677.69
2026-04-07 11:00:00+00:00,36.387,36.432,36.191,36.385,91171.59
2026-04-07 12:00:00+00:00,36.385,36.499,35.905,36.114,242963.38
2026-04-07 13:00:00+00:00,36.114,36.307,35.933,35.938,164705.38
2026-04-07 14:00:00+00:00,35.938,36.169,35.736,35.884,144688.3
2026-04-07 15:00:00+00:00,35.884,36.2,35.859,36.038,117861.27
2026-04-07 16:00:00+00:00,36.038,36.301,36.021,36.208,65457.8
2026-04-07 17:00:00+00:00,36.208,36.678,36.202,36.452,130933.08
2026-04-07 18:00:00+00:00,36.452,36.605,36.306,36.382,107639.38
2026-04-07 19:00:00+00:00,36.382,37.188,36.373,37.159,244832.06
2026-04-07 20:00:00+00:00,37.159,37.33,36.899,37.113,296143.5
2026-04-07 21:00:00+00:00,37.113,37.899,37.092,37.786,315161.96
2026-04-07 22:00:00+00:00,37.786,38.759,37.705,38.718,663837.28
2026-04-07 23:00:00+00:00,38.718,39.186,38.403,38.597,640798.82
2026-04-08 00:00:00+00:00,38.597,38.846,38.273,38.415,311123.86
2026-04-08 01:00:00+00:00,38.415,38.437,38.107,38.253,110000.77
2026-04-08 02:00:00+00:00,38.253,38.618,38.197,38.586,101580.54
2026-04-08 03:00:00+00:00,38.586,38.656,38.256,38.275,67408.21
2026-04-08 04:00:00+00:00,38.275,38.854,38.246,38.8,122375.02
2026-04-08 05:00:00+00:00,38.8,39.25,38.797,39.071,201212.65
2026-04-08 06:00:00+00:00,39.071,39.273,38.951,39.012,134374.32
2026-04-08 07:00:00+00:00,39.012,39.399,38.793,39.366,175710.41
2026-04-08 08:00:00+00:00,39.366,39.566,39.249,39.48,146992.25
2026-04-08 09:00:00+00:00,39.48,39.715,39.196,39.461,238860.72
2026-04-08 10:00:00+00:00,39.461,39.52,39.152,39.181,94454.23
2026-04-08 11:00:00+00:00,39.181,39.434,39.05,39.256,74583.23
2026-04-08 12:00:00+00:00,39.256,39.769,39.053,39.655,213718.31
2026-04-08 13:00:00+00:00,39.655,39.772,39.151,39.228,258728.78
2026-04-08 14:00:00+00:00,39.228,39.32,38.434,38.586,301424.91
2026-04-08 15:00:00+00:00,38.586,38.91,38.53,38.835,150971.27
2026-04-08 16:00:00+00:00,38.835,38.936,38.426,38.553,218940.7
2026-04-08 17:00:00+00:00,38.553,38.881,38.511,38.62,185722.61
2026-04-08 18:00:00+00:00,38.62,38.62,37.742,37.792,416352.19
2026-04-08 19:00:00+00:00,37.792,38.072,37.743,38.072,181981.04
2026-04-08 20:00:00+00:00,38.072,38.228,37.906,38.22,141131.36
2026-04-08 21:00:00+00:00,38.22,39.696,38.212,39.527,588524.87
2026-04-08 22:00:00+00:00,39.527,39.539,38.718,38.748,189344.6
2026-04-08 23:00:00+00:00,38.748,38.882,38.47,38.734,261864.94
2026-04-09 00:00:00+00:00,38.734,38.773,38.16,38.178,181235.31
2026-04-09 01:00:00+00:00,38.178,38.465,38.113,38.406,118450.32
2026-04-09 02:00:00+00:00,38.406,38.665,38.264,38.596,82800.01
2026-04-09 03:00:00+00:00,38.596,38.674,38.328,38.664,43258.17
2026-04-09 04:00:00+00:00,38.664,38.821,38.382,38.402,157470.57
2026-04-09 05:00:00+00:00,38.402,38.663,38.184,38.628,133820.1
2026-04-09 06:00:00+00:00,38.628,38.798,38.477,38.743,43166.45
2026-04-09 07:00:00+00:00,38.743,38.896,38.629,38.719,104163.43
2026-04-09 08:00:00+00:00,38.719,39.11,38.684,39.066,174048.58
2026-04-09 09:00:00+00:00,39.066,39.26,38.878,39.142,113495.74
2026-04-09 10:00:00+00:00,39.142,39.276,39.01,39.07,86931.95
2026-04-09 11:00:00+00:00,39.07,39.086,38.733,38.801,131566.92
2026-04-09 12:00:00+00:00,38.801,39.223,38.796,39.155,113160.25
2026-04-09 13:00:00+00:00,39.155,39.23,38.743,38.9,189167.13
2026-04-09 14:00:00+00:00,38.9,39.35,38.757,39.335,134739.05
2026-04-09 15:00:00+00:00,39.335,39.816,39.186,39.545,378756.78
2026-04-09 16:00:00+00:00,39.545,39.795,39.343,39.54,192283.3
2026-04-09 17:00:00+00:00,39.54,40.16,39.521,40.103,274806.05
2026-04-09 18:00:00+00:00,40.103,40.126,39.635,39.967,176933.81
2026-04-09 19:00:00+00:00,39.967,40.272,39.91,40.009,164750.28
2026-04-09 20:00:00+00:00,40.009,40.293,39.813,40.121,118081.07
2026-04-09 21:00:00+00:00,40.121,40.258,39.777,39.938,95952.01
2026-04-09 22:00:00+00:00,39.938,40.387,39.505,39.541,276931.65
2026-04-09 23:00:00+00:00,39.541,39.655,39.305,39.442,128982.86
2026-04-10 00:00:00+00:00,39.442,40.044,39.408,39.84,144569.43
2026-04-10 01:00:00+00:00,39.84,40.709,39.61,40.551,237763.8
2026-04-10 02:00:00+00:00,40.551,40.908,40.131,40.319,299306.56
2026-04-10 03:00:00+00:00,40.319,40.403,40.11,40.128,87362.18
2026-04-10 04:00:00+00:00,40.128,40.784,40.111,40.722,128571.71
2026-04-10 05:00:00+00:00,40.722,40.762,40.405,40.484,78827.43
2026-04-10 06:00:00+00:00,40.484,40.618,40.069,40.324,126197.39
2026-04-10 07:00:00+00:00,40.324,40.482,40.002,40.024,96168.17
2026-04-10 08:00:00+00:00,40.024,40.457,40.023,40.402,109354.76
2026-04-10 09:00:00+00:00,40.402,41.159,40.348,40.951,212994.82
2026-04-10 10:00:00+00:00,40.951,40.998,40.804,40.888,101234.02
2026-04-10 11:00:00+00:00,40.888,41.175,40.879,41.095,136723.3
2026-04-10 12:00:00+00:00,41.095,41.462,40.982,41.161,197685.34
2026-04-10 13:00:00+00:00,41.161,41.642,41.106,41.486,181047.47
2026-04-10 14:00:00+00:00,41.486,42.158,41.467,42.018,349833.24
2026-04-10 15:00:00+00:00,42.018,42.3,41.646,41.69,225152.73
2026-04-10 16:00:00+00:00,41.69,42.243,41.69,42.052,182320.09
2026-04-10 17:00:00+00:00,42.052,42.253,41.883,42.189,139291.27
2026-04-10 18:00:00+00:00,42.189,42.214,41.874,41.92,109153.96
2026-04-10 19:00:00+00:00,41.92,42.015,41.537,41.653,178470.71
2026-04-10 20:00:00+00:00,41.653,41.818,41.359,41.544,207180.68
2026-04-10 21:00:00+00:00,41.544,41.658,41.225,41.591,178809.44
2026-04-10 22:00:00+00:00,41.591,41.745,41.404,41.72,81556.78
2026-04-10 23:00:00+00:00,41.72,41.72,41.488,41.572,39075.54
2026-04-11 00:00:00+00:00,41.572,41.828,41.44,41.763,65272.76
2026-04-11 01:00:00+00:00,41.763,42.108,41.596,42.036,83324.7
2026-04-11 02:00:00+00:00,42.036,42.056,41.685,41.73,91015.15
2026-04-11 03:00:00+00:00,41.73,41.872,41.696,41.803,30647.44
2026-04-11 04:00:00+00:00,41.803,41.97,41.625,41.934,43566.99
2026-04-11 05:00:00+00:00,41.934,41.943,41.521,41.769,64209.9
2026-04-11 06:00:00+00:00,41.769,42.18,41.734,42.127,87658.63
2026-04-11 07:00:00+00:00,42.127,42.656,42.044,42.498,154221.65
2026-04-11 08:00:00+00:00,42.498,42.526,42.2,42.218,69120.37
2026-04-11 09:00:00+00:00,42.218,42.55,42.2,42.453,69696.75
2026-04-11 10:00:00+00:00,42.453,42.472,42.066,42.18,84073.36
2026-04-11 11:00:00+00:00,42.18,42.435,42.03,42.365,121144.75
2026-04-11 12:00:00+00:00,42.365,42.51,42.238,42.328,39963.67
2026-04-11 13:00:00+00:00,42.328,42.339,41.924,42.126,117509.28
2026-04-11 14:00:00+00:00,42.126,42.267,41.77,41.827,120746.97
2026-04-11 15:00:00+00:00,41.827,42.014,41.725,41.849,81624.27
2026-04-11 16:00:00+00:00,41.849,42.304,41.834,42.16,97478.58
2026-04-11 17:00:00+00:00,42.16,42.539,41.997,42.539,112224.64
2026-04-11 18:00:00+00:00,42.539,42.862,42.259,42.583,245961.58
2026-04-11 19:00:00+00:00,42.583,43.155,42.449,42.967,268718.78
2026-04-11 20:00:00+00:00,42.967,43.0,42.455,42.505,127395.86
2026-04-11 21:00:00+00:00,42.505,42.624,42.346,42.493,87578.8
2026-04-11 22:00:00+00:00,42.493,42.995,42.222,42.26,183029.13
2026-04-11 23:00:00+00:00,42.26,42.332,42.008,42.239,95388.04
2026-04-12 00:00:00+00:00,42.239,42.739,42.192,42.701,60117.62
2026-04-12 01:00:00+00:00,42.701,42.794,41.043,41.085,340462.27
2026-04-12 02:00:00+00:00,41.085,41.447,40.954,41.249,182606.26
2026-04-12 03:00:00+00:00,41.249,41.287,40.974,41.028,53179.3
2026-04-12 04:00:00+00:00,41.028,41.046,40.622,40.844,174799.48
2026-04-12 05:00:00+00:00,40.844,41.122,40.774,40.932,124816.71
2026-04-12 06:00:00+00:00,40.932,41.004,40.596,40.723,117349.39
2026-04-12 07:00:00+00:00,40.723,40.848,40.527,40.738,81238.88
2026-04-12 08:00:00+00:00,40.738,40.878,40.709,40.784,45332.22
2026-04-12 09:00:00+00:00,40.784,40.93,40.666,40.887,38076.58
2026-04-12 10:00:00+00:00,40.887,40.92,40.465,40.495,106755.37
2026-04-12 11:00:00+00:00,40.495,40.617,40.347,40.385,86598.92
2026-04-12 12:00:00+00:00,40.385,40.526,40.244,40.281,192656.31
2026-04-12 13:00:00+00:00,40.281,40.548,40.187,40.224,195723.44
2026-04-12 14:00:00+00:00,40.224,40.845,40.157,40.497,300741.63
2026-04-12 15:00:00+00:00,40.497,40.869,40.445,40.789,142734.49
2026-04-12 16:00:00+00:00,40.789,41.353,40.761,41.051,220995.96
2026-04-12 17:00:00+00:00,41.051,41.216,40.956,41.137,66592.51
2026-04-12 18:00:00+00:00,41.137,41.318,40.894,40.953,91909.19
2026-04-12 19:00:00+00:00,40.953,41.134,40.861,41.072,64143.68
2026-04-12 20:00:00+00:00,41.072,41.249,40.909,41.096,59522.41
2026-04-12 21:00:00+00:00,41.096,41.181,40.71,40.834,69258.28
2026-04-12 22:00:00+00:00,40.834,40.939,40.428,40.935,197155.96
2026-04-12 23:00:00+00:00,40.935,40.938,40.685,40.824,57107.19
2026-04-13 00:00:00+00:00,40.824,41.138,40.765,41.069,68973.51
2026-04-13 01:00:00+00:00,41.069,41.996,41.068,41.878,281797.62
2026-04-13 02:00:00+00:00,41.878,41.916,41.54,41.603,86127.46
2026-04-13 03:00:00+00:00,41.603,41.779,41.508,41.524,78590.59
2026-04-13 04:00:00+00:00,41.524,41.678,41.251,41.277,69881.91
2026-04-13 05:00:00+00:00,41.277,41.314,40.998,41.135,135921.83
2026-04-13 06:00:00+00:00,41.135,41.66,41.118,41.483,117843.4
2026-04-13 07:00:00+00:00,41.483,41.512,41.034,41.215,78662.74
2026-04-13 08:00:00+00:00,41.215,41.377,41.066,41.322,84486.06
2026-04-13 09:00:00+00:00,41.322,41.774,41.317,41.593,97324.6
2026-04-13 10:00:00+00:00,41.593,41.645,41.38,41.559,100965.74
2026-04-13 11:00:00+00:00,41.559,41.867,41.52,41.805,90436.19
2026-04-13 12:00:00+00:00,41.805,41.9,41.49,41.849,99072.28
2026-04-13 13:00:00+00:00,41.849,42.807,41.849,42.706,371645.76
2026-04-13 14:00:00+00:00,42.706,42.848,42.183,42.676,285086.49
2026-04-13 15:00:00+00:00,42.676,42.682,41.922,42.415,275096.24
2026-04-13 16:00:00+00:00,42.415,43.178,42.141,43.119,446271.93
2026-04-13 17:00:00+00:00,43.119,43.648,42.943,43.231,338323.68
2026-04-13 18:00:00+00:00,43.231,43.868,43.178,43.77,272421.99
2026-04-13 19:00:00+00:00,43.77,44.0,43.491,43.582,299200.63
2026-04-13 20:00:00+00:00,43.582,43.62,43.077,43.41,197624.51
2026-04-13 21:00:00+00:00,43.41,43.809,43.314,43.468,120520.14
2026-04-13 22:00:00+00:00,43.468,44.551,43.463,44.421,375510.73
2026-04-13 23:00:00+00:00,44.421,44.527,44.086,44.28,225129.45
2026-04-14 00:00:00+00:00,44.28,44.816,44.092,44.675,224056.64
2026-04-14 01:00:00+00:00,44.675,44.925,44.4,44.785,117571.52
2026-04-14 02:00:00+00:00,44.785,44.97,44.523,44.687,111337.83
2026-04-14 03:00:00+00:00,44.687,44.751,44.281,44.639,148257.95
2026-04-14 04:00:00+00:00,44.639,44.978,44.42,44.918,85403.94
2026-04-14 05:00:00+00:00,44.918,44.982,44.46,44.77,135636.44
2026-04-14 06:00:00+00:00,44.77,44.884,44.613,44.743,89984.12
2026-04-14 07:00:00+00:00,44.743,44.823,44.423,44.483,111537.61
2026-04-14 08:00:00+00:00,44.483,45.271,44.355,44.964,266455.94
2026-04-14 09:00:00+00:00,44.964,45.08,44.719,44.85,117357.61
2026-04-14 10:00:00+00:00,44.85,44.994,44.75,44.843,70026.34
2026-04-14 11:00:00+00:00,44.843,45.045,44.608,44.763,90194.38
2026-04-14 12:00:00+00:00,44.763,45.039,44.676,44.903,61735.96
2026-04-14 13:00:00+00:00,44.903,45.15,44.357,44.41,280460.89
2026-04-14 14:00:00+00:00,44.41,44.488,43.575,43.668,615589.39
2026-04-14 15:00:00+00:00,43.668,43.9,43.257,43.47,351907.58
2026-04-14 16:00:00+00:00,43.47,43.829,43.123,43.259,297425.56
2026-04-14 17:00:00+00:00,43.259,43.43,43.053,43.399,216494.55
2026-04-14 18:00:00+00:00,43.399,43.52,43.002,43.366,197061.38
2026-04-14 19:00:00+00:00,43.366,43.624,43.106,43.34,162872.1
2026-04-14 20:00:00+00:00,43.34,43.482,43.0,43.06,110214.83
2026-04-14 21:00:00+00:00,43.06,43.257,42.882,43.23,119072.72
2026-04-14 22:00:00+00:00,43.23,43.446,43.215,43.326,99622.91
2026-04-14 23:00:00+00:00,43.326,43.517,43.277,43.493,50083.52
2026-04-15 00:00:00+00:00,43.493,43.752,43.394,43.723,111687.39
2026-04-15 01:00:00+00:00,43.723,44.262,43.684,44.208,156955.7
2026-04-15 02:00:00+00:00,44.208,44.47,43.936,44.144,123072.78
2026-04-15 03:00:00+00:00,44.144,44.169,43.771,43.948,71600.95
2026-04-15 04:00:00+00:00,43.948,44.057,43.534,43.827,89203.28
2026-04-15 05:00:00+00:00,43.827,43.925,43.229,43.288,157478.15
2026-04-15 06:00:00+00:00,43.288,43.582,43.205,43.4,142913.34
2026-04-15 07:00:00+00:00,43.4,43.52,43.079,43.321,150527.62
2026-04-15 08:00:00+00:00,43.321,43.689,43.19,43.512,145921.31
2026-04-15 09:00:00+00:00,43.512,43.778,43.379,43.763,94056.45
2026-04-15 10:00:00+00:00,43.763,44.005,43.462,43.748,176055.72
2026-04-15 11:00:00+00:00,43.748,44.225,43.684,44.182,141037.63
2026-04-15 12:00:00+00:00,44.182,44.476,44.139,44.229,191585.76
2026-04-15 13:00:00+00:00,44.229,44.675,43.959,44.226,200100.51
2026-04-15 14:00:00+00:00,44.226,44.746,44.174,44.556,238664.34
2026-04-15 15:00:00+00:00,44.556,44.702,44.273,44.55,172452.85
2026-04-15 16:00:00+00:00,44.55,45.027,44.386,44.493,194653.72
2026-04-15 17:00:00+00:00,44.493,44.633,44.198,44.299,141899.24
2026-04-15 18:00:00+00:00,44.299,44.838,44.179,44.746,170121.1
2026-04-15 19:00:00+00:00,44.746,45.43,44.7,44.836,221891.59
2026-04-15 20:00:00+00:00,44.836,44.874,44.25,44.469,193510.41
2026-04-15 21:00:00+00:00,44.469,44.89,44.457,44.768,124665.29
2026-04-15 22:00:00+00:00,44.768,44.99,44.611,44.619,98550.36
2026-04-15 23:00:00+00:00,44.619,44.703,44.399,44.617,102296.61
2026-04-16 00:00:00+00:00,44.617,44.664,44.323,44.415,92826.37
2026-04-16 01:00:00+00:00,44.415,44.505,44.036,44.472,192335.69
2026-04-16 02:00:00+00:00,44.472,44.899,44.318,44.657,145490.51
2026-04-16 03:00:00+00:00,44.657,45.212,44.598,44.813,131331.01
2026-04-16 04:00:00+00:00,44.813,45.194,44.78,45.092,86274.35
2026-04-16 05:00:00+00:00,45.092,45.797,44.92,45.525,224922.78
2026-04-16 06:00:00+00:00,45.525,45.65,45.26,45.418,130707.65
2026-04-16 07:00:00+00:00,45.418,45.487,45.042,45.252,120535.12
2026-04-16 08:00:00+00:00,45.252,45.362,44.945,45.245,103445.6
2026-04-16 09:00:00+00:00,45.245,45.447,45.075,45.299,142305.82
2026-04-16 10:00:00+00:00,45.299,45.438,45.054,45.378,144718.76
2026-04-16 11:00:00+00:00,45.378,45.413,44.425,44.591,283320.81
2026-04-16 12:00:00+00:00,44.591,45.061,44.539,44.998,138036.64
2026-04-16 13:00:00+00:00,44.998,45.09,44.25,44.666,331425.63
2026-04-16 14:00:00+00:00,44.666,44.729,44.239,44.461,337425.97
2026-04-16 15:00:00+00:00,44.461,45.062,44.434,44.715,236781.52
2026-04-16 16:00:00+00:00,44.715,44.854,43.777,43.955,254281.65
2026-04-16 17:00:00+00:00,43.955,44.027,43.488,43.712,475265.87
2026-04-16 18:00:00+00:00,43.712,43.999,43.409,43.966,187298.97
2026-04-16 19:00:00+00:00,43.966,44.195,43.64,44.07,164562.79
2026-04-16 20:00:00+00:00,44.07,44.127,43.366,43.611,149710.46
2026-04-16 21:00:00+00:00,43.611,43.676,43.277,43.616,106492.99
2026-04-16 22:00:00+00:00,43.616,43.668,43.378,43.562,95653.96
2026-04-16 23:00:00+00:00,43.562,44.004,43.515,43.789,139000.43
2026-04-17 00:00:00+00:00,43.789,44.354,43.649,43.917,137279.97
2026-04-17 01:00:00+00:00,43.917,43.947,43.635,43.772,72358.38
2026-04-17 02:00:00+00:00,43.772,43.775,43.01,43.28,204907.79
2026-04-17 03:00:00+00:00,43.28,43.489,43.128,43.264,75946.65
2026-04-17 04:00:00+00:00,43.264,43.61,43.232,43.486,39141.75
2026-04-17 05:00:00+00:00,43.486,43.572,43.26,43.486,69309.52
2026-04-17 06:00:00+00:00,43.486,43.867,43.378,43.713,107106.3
2026-04-17 07:00:00+00:00,43.713,43.938,43.429,43.861,153714.41
2026-04-17 08:00:00+00:00,43.861,44.318,43.699,44.114,165035.25
2026-04-17 09:00:00+00:00,44.114,44.43,43.92,44.203,183944.09
2026-04-17 10:00:00+00:00,44.203,44.242,43.226,43.352,235038.2
2026-04-17 11:00:00+00:00,43.352,43.629,43.341,43.618,112168.17
2026-04-17 12:00:00+00:00,43.618,44.12,43.521,44.1,117818.61
2026-04-17 13:00:00+00:00,44.1,44.951,44.008,44.929,607761.3
2026-04-17 14:00:00+00:00,44.929,45.055,44.414,44.881,213760.99
2026-04-17 15:00:00+00:00,44.881,45.258,44.62,45.232,268650.97
2026-04-17 16:00:00+00:00,45.232,45.539,45.029,45.1,201475.45
2026-04-17 17:00:00+00:00,45.1,45.188,44.383,44.561,179238.2
2026-04-17 18:00:00+00:00,44.561,44.643,43.97,44.123,236819.34
2026-04-17 19:00:00+00:00,44.123,44.402,43.936,44.372,63431.56
2026-04-17 20:00:00+00:00,44.372,44.665,44.072,44.648,93773.07
2026-04-17 21:00:00+00:00,44.648,44.798,44.377,44.542,58008.34
2026-04-17 22:00:00+00:00,44.542,44.853,44.448,44.696,96159.02
2026-04-17 23:00:00+00:00,44.696,44.723,44.33,44.613,67167.9
2026-04-18 00:00:00+00:00,44.613,44.87,44.452,44.861,87162.16
2026-04-18 01:00:00+00:00,44.861,45.196,44.75,44.957,86537.22
2026-04-18 02:00:00+00:00,44.957,45.184,44.926,45.14,53844.73
2026-04-18 03:00:00+00:00,45.14,45.423,45.048,45.111,72051.09
2026-04-18 04:00:00+00:00,45.111,45.148,44.782,44.973,208182.89
2026-04-18 05:00:00+00:00,44.973,45.053,44.723,44.783,56784.05
2026-04-18 06:00:00+00:00,44.783,44.918,44.686,44.798,54388.99
2026-04-18 07:00:00+00:00,44.798,44.811,44.57,44.579,43082.52
2026-04-18 08:00:00+00:00,44.579,44.99,44.294,44.989,219351.29
2026-04-18 09:00:00+00:00,44.989,45.113,44.569,44.764,225797.65
2026-04-18 10:00:00+00:00,44.764,44.776,44.365,44.46,84133.75
2026-04-18 11:00:00+00:00,44.46,44.472,44.012,44.284,115989.38
2026-04-18 12:00:00+00:00,44.284,44.472,43.951,44.223,123408.63
2026-04-18 13:00:00+00:00,44.223,44.322,43.98,44.054,76504.37
2026-04-18 14:00:00+00:00,44.054,44.442,44.032,44.34,66237.05
2026-04-18 15:00:00+00:00,44.34,44.642,44.232,44.564,60477.94
2026-04-18 16:00:00+00:00,44.564,44.676,44.093,44.214,98654.66
2026-04-18 17:00:00+00:00,44.214,44.281,44.083,44.167,19239.52
2026-04-18 18:00:00+00:00,44.167,44.272,43.97,44.149,71333.03
2026-04-18 19:00:00+00:00,44.149,44.308,43.689,43.979,122189.56
2026-04-18 20:00:00+00:00,43.979,44.131,43.877,44.097,42207.4
2026-04-18 21:00:00+00:00,44.097,44.184,43.923,44.156,26343.78
2026-04-18 22:00:00+00:00,44.156,44.238,44.037,44.163,25260.33
2026-04-18 23:00:00+00:00,44.163,44.282,43.726,43.762,49475.06
2026-04-19 00:00:00+00:00,43.762,43.93,43.36,43.654,108290.92
2026-04-19 01:00:00+00:00,43.654,43.71,43.334,43.545,66292.58
2026-04-19 02:00:00+00:00,43.545,43.616,43.143,43.317,110668.09
2026-04-19 03:00:00+00:00,43.317,43.458,43.152,43.325,87777.83
2026-04-19 04:00:00+00:00,43.325,43.619,43.3,43.582,77418.61
2026-04-19 05:00:00+00:00,43.582,43.662,43.412,43.449,40266.43
2026-04-19 06:00:00+00:00,43.449,43.452,43.161,43.435,62791.81
2026-04-19 07:00:00+00:00,43.435,43.442,42.869,43.124,232525.19
2026-04-19 08:00:00+00:00,43.124,43.326,43.062,43.281,58278.0
2026-04-19 09:00:00+00:00,43.281,43.318,42.703,42.888,152909.11
2026-04-19 10:00:00+00:00,42.888,43.066,42.787,43.036,69295.91
2026-04-19 11:00:00+00:00,43.036,43.443,42.873,43.374,242309.17
2026-04-19 12:00:00+00:00,43.374,43.55,43.112,43.504,152530.01
2026-04-19 13:00:00+00:00,43.504,43.917,43.426,43.57,316391.31
2026-04-19 14:00:00+00:00,43.57,43.655,43.384,43.542,76192.49
2026-04-19 15:00:00+00:00,43.542,43.642,43.252,43.349,86410.26
2026-04-19 16:00:00+00:00,43.349,43.373,43.037,43.151,91296.08
2026-04-19 17:00:00+00:00,43.151,43.175,41.723,41.883,504411.29
2026-04-19 18:00:00+00:00,41.883,41.952,41.322,41.42,679970.87
2026-04-19 19:00:00+00:00,41.42,41.651,41.412,41.534,100480.09
2026-04-19 20:00:00+00:00,41.534,41.597,41.134,41.375,146909.54
2026-04-19 21:00:00+00:00,41.375,41.5,41.004,41.052,72916.07
2026-04-19 22:00:00+00:00,41.052,41.362,40.793,41.046,214780.57
2026-04-19 23:00:00+00:00,41.046,41.067,40.499,40.684,231165.43
2026-04-20 00:00:00+00:00,40.684,41.297,40.68,41.179,228502.08
2026-04-20 01:00:00+00:00,41.179,41.584,41.165,41.555,212744.07
2026-04-20 02:00:00+00:00,41.555,41.562,40.972,40.985,80922.53
2026-04-20 03:00:00+00:00,40.985,41.388,40.845,41.197,96419.84
2026-04-20 04:00:00+00:00,41.197,41.237,40.901,40.958,86866.61
2026-04-20 05:00:00+00:00,40.958,41.123,40.689,41.028,95620.74
2026-04-20 06:00:00+00:00,41.028,41.478,40.937,41.123,94043.21
2026-04-20 07:00:00+00:00,41.123,41.555,40.743,40.887,208638.92
2026-04-20 08:00:00+00:00,40.887,41.028,40.67,40.855,98145.73
2026-04-20 09:00:00+00:00,40.855,41.24,40.819,41.003,104703.77
2026-04-20 10:00:00+00:00,41.003,41.253,40.895,40.919,77361.24
2026-04-20 11:00:00+00:00,40.919,41.202,40.873,41.168,73748.17
2026-04-20 12:00:00+00:00,41.168,41.568,41.11,41.391,275888.11
2026-04-20 13:00:00+00:00,41.391,41.412,40.956,41.154,157968.88
2026-04-20 14:00:00+00:00,41.154,41.791,40.854,40.969,311481.08
2026-04-20 15:00:00+00:00,40.969,41.609,40.505,41.18,558349.87
2026-04-20 16:00:00+00:00,41.18,41.22,40.678,40.749,163267.6
2026-04-20 17:00:00+00:00,40.749,41.531,40.666,41.242,265164.21
2026-04-20 18:00:00+00:00,41.242,41.617,41.11,41.372,138709.95
2026-04-20 19:00:00+00:00,41.372,41.431,41.108,41.295,35116.23
2026-04-20 20:00:00+00:00,41.295,41.555,41.115,41.416,113567.9
2026-04-20 21:00:00+00:00,41.416,41.531,40.912,40.977,118064.36
2026-04-20 22:00:00+00:00,40.977,41.12,40.766,40.936,70180.99
2026-04-20 23:00:00+00:00,40.936,40.938,40.506,40.683,101864.98
2026-04-21 00:00:00+00:00,40.683,40.704,40.331,40.538,245404.14
2026-04-21 01:00:00+00:00,40.538,40.979,40.453,40.818,161708.88
2026-04-21 02:00:00+00:00,40.818,40.866,40.578,40.803,54848.61
2026-04-21 03:00:00+00:00,40.803,41.401,40.684,41.222,142306.66
2026-04-21 04:00:00+00:00,41.222,41.348,40.879,41.111,121587.22
2026-04-21 05:00:00+00:00,41.111,41.294,40.955,41.001,106944.69
2026-04-21 06:00:00+00:00,41.001,41.12,40.725,40.941,60886.42
2026-04-21 07:00:00+00:00,40.941,40.963,40.609,40.877,151068.25
2026-04-21 08:00:00+00:00,40.877,41.27,40.77,40.914,124672.77
2026-04-21 09:00:00+00:00,40.914,40.928,40.524,40.772,188923.68
2026-04-21 10:00:00+00:00,40.772,41.226,40.759,41.055,149526.19
2026-04-21 11:00:00+00:00,41.055,41.104,40.798,40.861,86198.74
2026-04-21 12:00:00+00:00,40.861,40.861,40.42,40.696,182820.8
2026-04-21 13:00:00+00:00,40.696,40.744,40.056,40.402,261361.33
2026-04-21 14:00:00+00:00,40.402,40.659,40.057,40.076,156900.71
2026-04-21 15:00:00+00:00,40.076,40.299,39.735,39.991,286497.86
2026-04-21 16:00:00+00:00,39.991,40.098,39.56,39.981,262712.64
2026-04-21 17:00:00+00:00,39.981,40.0,39.45,39.504,249297.69
2026-04-21 18:00:00+00:00,39.504,39.6,39.033,39.249,291295.12
2026-04-21 19:00:00+00:00,39.249,39.344,38.874,38.947,218816.47
2026-04-21 20:00:00+00:00,38.947,39.72,38.887,39.307,327812.45
2026-04-21 21:00:00+00:00,39.307,39.48,39.093,39.36,147512.03
2026-04-21 22:00:00+00:00,39.36,39.573,39.324,39.492,71247.82
2026-04-21 23:00:00+00:00,39.492,39.909,39.483,39.738,89741.24
2026-04-22 00:00:00+00:00,39.738,40.016,39.66,39.921,109450.17
2026-04-22 01:00:00+00:00,39.921,39.98,39.6,39.766,53159.38
2026-04-22 02:00:00+00:00,39.766,40.634,39.74,40.4,251829.31
2026-04-22 03:00:00+00:00,40.4,40.625,39.87,40.068,142699.77
2026-04-22 04:00:00+00:00,40.068,40.338,39.928,40.328,65555.42
2026-04-22 05:00:00+00:00,40.328,40.633,40.191,40.26,227550.23
2026-04-22 06:00:00+00:00,40.26,40.485,40.137,40.457,192034.95
2026-04-22 07:00:00+00:00,40.457,40.624,40.269,40.367,94987.94
2026-04-22 08:00:00+00:00,40.367,40.59,40.28,40.475,94514.41
2026-04-22 09:00:00+00:00,40.475,40.636,40.425,40.483,81058.11
2026-04-22 10:00:00+00:00,40.483,41.033,40.438,40.966,225212.16
2026-04-22 11:00:00+00:00,40.966,41.097,40.726,41.014,130462.77
2026-04-22 12:00:00+00:00,41.014,41.252,40.93,41.16,185880.33
2026-04-22 13:00:00+00:00,41.16,41.494,41.057,41.244,216744.69
2026-04-22 14:00:00+00:00,41.244,41.392,40.854,41.045,314177.1
2026-04-22 15:00:00+00:00,41.045,41.201,40.623,40.945,173745.17
2026-04-22 16:00:00+00:00,40.945,41.154,40.805,40.878,99507.5
2026-04-22 17:00:00+00:00,40.878,41.088,40.723,40.851,77227.01
2026-04-22 18:00:00+00:00,40.851,41.41,40.738,41.148,106430.94
2026-04-22 19:00:00+00:00,41.148,41.253,40.886,40.92,106059.33
2026-04-22 20:00:00+00:00,40.92,41.332,40.801,40.887,116266.94
2026-04-22 21:00:00+00:00,40.887,41.714,40.876,41.615,110102.39
2026-04-22 22:00:00+00:00,41.615,41.615,41.153,41.281,128288.75
2026-04-22 23:00:00+00:00,41.281,41.405,40.915,41.128,139918.9
2026-04-23 00:00:00+00:00,41.128,41.369,40.802,41.281,165138.9
2026-04-23 01:00:00+00:00,41.281,41.396,40.932,41.041,62832.79
2026-04-23 02:00:00+00:00,41.041,41.131,40.752,40.92,85091.44
2026-04-23 03:00:00+00:00,40.92,41.009,40.521,40.652,95458.41
2026-04-23 04:00:00+00:00,40.652,41.008,40.54,40.97,60939.16
2026-04-23 05:00:00+00:00,40.97,41.098,40.745,40.973,76123.56
2026-04-23 06:00:00+00:00,40.973,41.166,40.898,40.917,81446.44
2026-04-23 07:00:00+00:00,40.917,41.251,40.863,41.212,102634.47
2026-04-23 08:00:00+00:00,41.212,41.265,40.962,41.057,92516.59
2026-04-23 09:00:00+00:00,41.057,41.079,40.753,40.798,108982.8
2026-04-23 10:00:00+00:00,40.798,40.869,40.481,40.795,231917.67
2026-04-23 11:00:00+00:00,40.795,41.354,40.789,41.054,241748.26
2026-04-23 12:00:00+00:00,41.054,41.296,41.011,41.218,105881.79
2026-04-23 13:00:00+00:00,41.218,41.318,41.059,41.225,83359.33
2026-04-23 14:00:00+00:00,41.225,41.607,41.137,41.548,172521.27
2026-04-23 15:00:00+00:00,41.548,41.875,41.4,41.804,191609.01
2026-04-23 16:00:00+00:00,41.804,41.846,41.446,41.461,83465.78
2026-04-23 17:00:00+00:00,41.461,41.492,40.663,41.17,331808.05
2026-04-23 18:00:00+00:00,41.17,41.404,41.136,41.218,135321.61
2026-04-23 19:00:00+00:00,41.218,41.253,40.778,40.93,108345.45
2026-04-23 20:00:00+00:00,40.93,41.189,40.897,41.1,68143.01
2026-04-23 21:00:00+00:00,41.1,41.319,40.998,41.115,57342.54
2026-04-23 22:00:00+00:00,41.115,41.293,41.112,41.196,35573.86
2026-04-23 23:00:00+00:00,41.196,41.289,41.165,41.27,18315.33
2026-04-24 00:00:00+00:00,41.27,41.374,41.143,41.322,57838.82
2026-04-24 01:00:00+00:00,41.322,41.393,41.059,41.388,38275.66
2026-04-24 02:00:00+00:00,41.388,41.478,41.148,41.189,43753.17
2026-04-24 03:00:00+00:00,41.189,41.196,40.826,41.038,64079.66
2026-04-24 04:00:00+00:00,41.038,41.093,40.837,41.004,37393.81
2026-04-24 05:00:00+00:00,41.004,41.183,40.885,41.103,40734.82
2026-04-24 06:00:00+00:00,41.103,41.172,40.979,41.146,29101.53
2026-04-24 07:00:00+00:00,41.146,41.222,40.928,40.984,47782.3
2026-04-24 08:00:00+00:00,40.984,41.089,40.922,40.997,60305.86
2026-04-24 09:00:00+00:00,40.997,41.018,40.6,40.713,108120.1
2026-04-24 10:00:00+00:00,40.713,40.867,40.652,40.796,68981.0
2026-04-24 11:00:00+00:00,40.796,41.122,40.791,41.005,129959.43
2026-04-24 12:00:00+00:00,41.005,41.086,40.775,41.016,84013.39
2026-04-24 13:00:00+00:00,41.016,41.149,40.825,40.85,94257.9
2026-04-24 14:00:00+00:00,40.85,40.97,40.666,40.949,170723.92
2026-04-24 15:00:00+00:00,40.949,41.175,40.822,41.155,138296.17
2026-04-24 16:00:00+00:00,41.155,41.217,40.947,41.043,76657.25
2026-04-24 17:00:00+00:00,41.043,41.154,40.987,41.054,64491.76
2026-04-24 18:00:00+00:00,41.054,41.304,40.836,41.236,78289.74
2026-04-24 19:00:00+00:00,41.236,41.285,41.115,41.236,51648.71
2026-04-24 20:00:00+00:00,41.236,41.462,41.211,41.418,89393.6
2026-04-24 21:00:00+00:00,41.418,41.418,41.162,41.233,65587.52
2026-04-24 22:00:00+00:00,41.233,41.265,41.083,41.185,135444.24
2026-04-24 23:00:00+00:00,41.185,41.23,41.043,41.125,31664.23
2026-04-25 00:00:00+00:00,41.125,41.176,40.975,41.147,51384.75
2026-04-25 01:00:00+00:00,41.147,41.176,40.959,41.077,69208.97
2026-04-25 02:00:00+00:00,41.077,41.227,41.029,41.133,37624.88
2026-04-25 03:00:00+00:00,41.133,41.21,41.05,41.156,31189.47
2026-04-25 04:00:00+00:00,41.156,41.197,41.032,41.045,18465.35
2026-04-25 05:00:00+00:00,41.045,41.129,40.983,41.109,22775.04
2026-04-25 06:00:00+00:00,41.109,41.234,41.103,41.21,23112.56
2026-04-25 07:00:00+00:00,41.21,41.275,41.124,41.208,36199.59
2026-04-25 08:00:00+00:00,41.208,41.285,41.101,41.246,49759.42
2026-04-25 09:00:00+00:00,41.246,41.729,41.228,41.551,151687.6
2026-04-25 10:00:00+00:00,41.551,41.835,41.524,41.809,89326.13
2026-04-25 11:00:00+00:00,41.809,41.86,41.473,41.699,99540.68
2026-04-25 12:00:00+00:00,41.699,41.717,41.305,41.324,97538.63
2026-04-25 13:00:00+00:00,41.324,41.649,41.288,41.444,84093.93
2026-04-25 14:00:00+00:00,41.444,41.61,41.301,41.487,70736.92
2026-04-25 15:00:00+00:00,41.487,41.638,41.371,41.389,57913.32
2026-04-25 16:00:00+00:00,41.389,41.468,40.82,40.974,183931.52
2026-04-25 17:00:00+00:00,40.974,41.175,40.973,41.063,43769.78
2026-04-25 18:00:00+00:00,41.063,41.318,41.047,41.24,51198.39
2026-04-25 19:00:00+00:00,41.24,41.302,41.112,41.162,49966.12
2026-04-25 20:00:00+00:00,41.162,41.425,41.062,41.395,81958.4
2026-04-25 21:00:00+00:00,41.395,41.47,41.282,41.427,69207.42
2026-04-25 22:00:00+00:00,41.427,41.45,41.363,41.388,31559.57
2026-04-25 23:00:00+00:00,41.388,41.487,41.336,41.472,41170.74
2026-04-26 00:00:00+00:00,41.472,41.492,41.18,41.262,49579.15
2026-04-26 01:00:00+00:00,41.262,41.436,41.221,41.367,34105.17
2026-04-26 02:00:00+00:00,41.367,41.526,41.367,41.48,35373.09
2026-04-26 03:00:00+00:00,41.48,41.481,41.224,41.256,28061.22
2026-04-26 04:00:00+00:00,41.256,41.422,41.21,41.365,33067.24
2026-04-26 05:00:00+00:00,41.365,41.534,41.102,41.111,80469.27
2026-04-26 06:00:00+00:00,41.111,41.481,41.111,41.28,103138.49
2026-04-26 07:00:00+00:00,41.28,41.316,41.154,41.221,32478.18
2026-04-26 08:00:00+00:00,41.221,41.314,41.074,41.104,67272.85
2026-04-26 09:00:00+00:00,41.104,41.211,41.079,41.193,47455.31
2026-04-26 10:00:00+00:00,41.193,41.239,41.084,41.122,31380.92
2026-04-26 11:00:00+00:00,41.122,41.193,41.086,41.118,37176.07
2026-04-26 12:00:00+00:00,41.118,41.126,40.944,40.967,53511.82
2026-04-26 13:00:00+00:00,40.967,41.148,40.919,41.13,65306.42
2026-04-26 14:00:00+00:00,41.13,41.305,41.008,41.259,95071.6
2026-04-26 15:00:00+00:00,41.259,41.36,41.194,41.343,49393.62
2026-04-26 16:00:00+00:00,41.343,41.396,41.181,41.276,53636.31
2026-04-26 17:00:00+00:00,41.276,41.422,41.215,41.407,36299.83
2026-04-26 18:00:00+00:00,41.407,41.724,41.389,41.627,136320.56
2026-04-26 19:00:00+00:00,41.627,42.052,41.523,41.965,154306.81
2026-04-26 20:00:00+00:00,41.965,42.07,41.763,41.878,100873.83
2026-04-26 21:00:00+00:00,41.878,42.172,41.851,42.003,104972.35
2026-04-26 22:00:00+00:00,42.003,42.359,41.884,42.264,166487.84
2026-04-26 23:00:00+00:00,42.264,42.584,42.175,42.424,174076.07
2026-04-27 00:00:00+00:00,42.424,42.812,42.278,42.804,128795.45
2026-04-27 01:00:00+00:00,42.804,42.872,42.478,42.836,97145.89
2026-04-27 02:00:00+00:00,42.836,43.092,42.733,42.99,100606.79
2026-04-27 03:00:00+00:00,42.99,43.567,42.947,43.314,222528.92
2026-04-27 04:00:00+00:00,43.314,43.363,43.016,43.152,101448.86
2026-04-27 05:00:00+00:00,43.152,43.152,42.288,42.602,260752.18
2026-04-27 06:00:00+00:00,42.602,42.696,42.206,42.619,170790.56
2026-04-27 07:00:00+00:00,42.619,42.67,42.304,42.338,89461.13
2026-04-27 08:00:00+00:00,42.338,42.651,42.19,42.412,183133.36
2026-04-27 09:00:00+00:00,42.412,42.49,42.239,42.373,122078.46
2026-04-27 10:00:00+00:00,42.373,42.407,42.206,42.221,53867.44
2026-04-27 11:00:00+00:00,42.221,42.4,42.126,42.358,79075.79
2026-04-27 12:00:00+00:00,42.358,42.386,42.085,42.287,83961.76
2026-04-27 13:00:00+00:00,42.287,42.541,42.141,42.308,139066.9
2026-04-27 14:00:00+00:00,42.308,42.922,42.274,42.543,187670.59
2026-04-27 15:00:00+00:00,42.543,42.558,41.56,41.684,440676.13
2026-04-27 16:00:00+00:00,41.684,41.809,41.396,41.691,225137.85
2026-04-27 17:00:00+00:00,41.691,41.785,41.53,41.721,60300.38
2026-04-27 18:00:00+00:00,41.721,41.837,41.556,41.56,64252.92
2026-04-27 19:00:00+00:00,41.56,41.602,41.258,41.592,101146.45
2026-04-27 20:00:00+00:00,41.592,41.666,41.391,41.445,71885.06
2026-04-27 21:00:00+00:00,41.445,41.478,41.254,41.333,59385.78
2026-04-27 22:00:00+00:00,41.333,41.562,41.292,41.427,51682.7
2026-04-27 23:00:00+00:00,41.427,41.654,41.348,41.647,54672.3
2026-04-28 00:00:00+00:00,41.647,41.817,41.617,41.68,91928.18
2026-04-28 01:00:00+00:00,41.68,41.695,41.368,41.369,89131.21
2026-04-28 02:00:00+00:00,41.369,41.491,40.768,40.978,149949.49
2026-04-28 03:00:00+00:00,40.978,41.109,40.8,41.021,51698.5
2026-04-28 04:00:00+00:00,41.021,41.27,40.991,41.161,62325.54
2026-04-28 05:00:00+00:00,41.161,41.327,41.119,41.142,76438.6
2026-04-28 06:00:00+00:00,41.142,41.351,40.411,40.504,316225.98
2026-04-28 07:00:00+00:00,40.504,40.693,40.147,40.59,347355.46
2026-04-28 08:00:00+00:00,40.59,40.682,40.264,40.55,156635.59
2026-04-28 09:00:00+00:00,40.55,40.567,40.163,40.324,88201.58
2026-04-28 10:00:00+00:00,40.324,40.325,39.705,39.752,225716.79
2026-04-28 11:00:00+00:00,39.752,40.23,39.668,40.118,210968.19
2026-04-28 12:00:00+00:00,40.118,40.121,39.9,40.028,100749.7
2026-04-28 13:00:00+00:00,40.028,40.208,39.603,39.967,266390.66
2026-04-28 14:00:00+00:00,39.967,40.014,39.5,39.864,184551.57
2026-04-28 15:00:00+00:00,39.864,39.979,39.53,39.725,174388.07
2026-04-28 16:00:00+00:00,39.725,39.891,39.43,39.703,141904.56
2026-04-28 17:00:00+00:00,39.703,39.827,39.446,39.682,129286.61
2026-04-28 18:00:00+00:00,39.682,39.96,39.628,39.942,70404.2
2026-04-28 19:00:00+00:00,39.942,40.135,39.789,40.091,122813.59
2026-04-28 20:00:00+00:00,40.091,40.104,39.808,39.855,170412.72
2026-04-28 21:00:00+00:00,39.855,40.024,39.8,39.922,169559.45
2026-04-28 22:00:00+00:00,39.922,40.085,39.922,39.975,48797.06
2026-04-28 23:00:00+00:00,39.975,40.188,39.938,40.16,50411.11
2026-04-29 00:00:00+00:00,40.16,40.161,39.916,40.034,43389.54
2026-04-29 01:00:00+00:00,40.034,40.258,39.903,40.199,64391.67
2026-04-29 02:00:00+00:00,40.199,40.221,39.993,40.166,82580.02
2026-04-29 03:00:00+00:00,40.166,40.566,40.101,40.296,185377.94
2026-04-29 04:00:00+00:00,40.296,40.725,40.108,40.608,262923.35
2026-04-29 05:00:00+00:00,40.608,40.791,40.374,40.747,225046.48
2026-04-29 06:00:00+00:00,40.747,40.92,40.445,40.542,124604.51
2026-04-29 07:00:00+00:00,40.542,40.735,40.493,40.521,115056.11
2026-04-29 08:00:00+00:00,40.521,40.602,40.33,40.34,109078.53
2026-04-29 09:00:00+00:00,40.34,40.636,40.254,40.57,130841.07
2026-04-29 10:00:00+00:00,40.57,40.685,40.372,40.52,98882.2
2026-04-29 11:00:00+00:00,40.52,40.655,40.171,40.35,165499.15
2026-04-29 12:00:00+00:00,40.35,40.388,39.812,40.028,193987.29
2026-04-29 13:00:00+00:00,40.028,40.07,39.573,39.728,175641.34
2026-04-29 14:00:00+00:00,39.728,40.042,39.52,39.867,166767.58
2026-04-29 15:00:00+00:00,39.867,39.936,39.339,39.559,238878.41
2026-04-29 16:00:00+00:00,39.559,39.812,39.308,39.426,169607.71
2026-04-29 17:00:00+00:00,39.426,39.751,39.261,39.751,153733.25
2026-04-29 18:00:00+00:00,39.751,39.761,39.15,39.66,312378.06
2026-04-29 19:00:00+00:00,39.66,39.947,39.582,39.928,175356.76
2026-04-29 20:00:00+00:00,39.928,40.018,39.724,39.724,64983.08
2026-04-29 21:00:00+00:00,39.724,40.099,39.672,40.089,126503.56
2026-04-29 22:00:00+00:00,40.089,40.165,39.902,39.947,39002.2
2026-04-29 23:00:00+00:00,39.947,40.035,39.836,39.932,31958.84
2026-04-30 00:00:00+00:00,39.932,40.337,39.78,40.18,109741.83
2026-04-30 01:00:00+00:00,40.18,40.288,40.029,40.158,82496.7
2026-04-30 02:00:00+00:00,40.158,40.264,39.466,39.654,125907.68
2026-04-30 03:00:00+00:00,39.654,39.776,39.527,39.669,65695.85
2026-04-30 04:00:00+00:00,39.669,39.679,39.214,39.36,106289.82
2026-04-30 05:00:00+00:00,39.36,39.534,39.286,39.437,127267.92
2026-04-30 06:00:00+00:00,39.437,39.611,39.407,39.574,56052.11
2026-04-30 07:00:00+00:00,39.574,39.659,39.425,39.517,46656.09
2026-04-30 08:00:00+00:00,39.517,39.575,39.212,39.299,108091.14
2026-04-30 09:00:00+00:00,39.299,39.329,38.967,39.04,157489.06
2026-04-30 10:00:00+00:00,39.04,39.161,38.821,38.982,147757.82
2026-04-30 11:00:00+00:00,38.982,39.17,38.678,38.861,189504.57
2026-04-30 12:00:00+00:00,38.861,39.119,38.741,39.022,128259.7
2026-04-30 13:00:00+00:00,39.022,39.38,38.95,39.126,168386.52
2026-04-30 14:00:00+00:00,39.126,39.333,39.002,39.209,109524.1
2026-04-30 15:00:00+00:00,39.209,39.436,38.922,39.222,135031.89
2026-04-30 16:00:00+00:00,39.222,39.383,39.047,39.152,88874.28
2026-04-30 17:00:00+00:00,39.152,39.304,39.014,39.191,86500.52
2026-04-30 18:00:00+00:00,39.191,39.322,38.891,39.119,104696.67
2026-04-30 19:00:00+00:00,39.119,39.257,39.023,39.236,44249.62
2026-04-30 20:00:00+00:00,39.236,39.34,39.037,39.311,83392.55
2026-04-30 21:00:00+00:00,39.311,39.5,39.299,39.479,64816.36
2026-04-30 22:00:00+00:00,39.479,39.61,39.435,39.542,63342.92
2026-04-30 23:00:00+00:00,39.542,39.716,39.517,39.681,53544.44
2026-05-01 00:00:00+00:00,39.681,40.23,39.662,39.967,196267.74
2026-05-01 01:00:00+00:00,39.967,40.445,39.958,40.291,133139.0
2026-05-01 02:00:00+00:00,40.291,40.407,40.18,40.315,65921.46
2026-05-01 03:00:00+00:00,40.315,40.49,40.216,40.304,83478.65
2026-05-01 04:00:00+00:00,40.304,40.389,40.224,40.319,43636.87
2026-05-01 05:00:00+00:00,40.319,40.34,40.06,40.138,73332.05
2026-05-01 06:00:00+00:00,40.138,40.217,39.72,39.891,163513.73
2026-05-01 07:00:00+00:00,39.891,39.959,39.785,39.894,88478.0
2026-05-01 08:00:00+00:00,39.894,40.657,39.871,40.52,274400.61
2026-05-01 09:00:00+00:00,40.52,40.861,40.405,40.86,126891.15
2026-05-01 10:00:00+00:00,40.86,40.9,40.579,40.672,143958.11
2026-05-01 11:00:00+00:00,40.672,40.728,40.478,40.678,79226.59
2026-05-01 12:00:00+00:00,40.678,41.057,40.492,40.721,223059.42
2026-05-01 13:00:00+00:00,40.721,41.019,40.695,40.884,167742.07
2026-05-01 14:00:00+00:00,40.884,40.961,40.572,40.816,142252.96
2026-05-01 15:00:00+00:00,40.816,41.152,40.734,40.964,159766.44
2026-05-01 16:00:00+00:00,40.964,41.074,40.636,40.769,179972.11
2026-05-01 17:00:00+00:00,40.769,41.119,40.71,41.026,95693.3
2026-05-01 18:00:00+00:00,41.026,41.145,40.912,40.95,102194.25
2026-05-01 19:00:00+00:00,40.95,40.994,40.833,40.938,74594.26
2026-05-01 20:00:00+00:00,40.938,40.974,40.667,40.764,71362.87
2026-05-01 21:00:00+00:00,40.764,41.04,40.748,41.002,79584.46
2026-05-01 22:00:00+00:00,41.002,41.142,40.87,40.95,65416.75
2026-05-01 23:00:00+00:00,40.95,41.194,40.884,41.138,69913.06
2026-05-02 00:00:00+00:00,41.138,41.28,40.989,41.261,64604.93
2026-05-02 01:00:00+00:00,41.261,41.286,41.065,41.267,71187.55
2026-05-02 02:00:00+00:00,41.267,41.376,41.112,41.26,73163.31
2026-05-02 03:00:00+00:00,41.26,41.445,41.148,41.386,62118.05
2026-05-02 04:00:00+00:00,41.386,41.499,41.277,41.439,96312.54
2026-05-02 05:00:00+00:00,41.439,41.449,41.179,41.329,92722.13
2026-05-02 06:00:00+00:00,41.329,41.433,41.185,41.433,51347.54
2026-05-02 07:00:00+00:00,41.433,41.718,41.408,41.698,93212.89
2026-05-02 08:00:00+00:00,41.698,42.105,41.667,42.061,242100.94
2026-05-02 09:00:00+00:00,42.061,42.433,41.912,41.917,261344.94
2026-05-02 10:00:00+00:00,41.917,41.926,41.607,41.666,129335.07
2026-05-02 11:00:00+00:00,41.666,41.774,41.45,41.51,86598.45
2026-05-02 12:00:00+00:00,41.51,41.676,41.494,41.579,65740.02
2026-05-02 13:00:00+00:00,41.579,41.74,41.541,41.568,75634.33
2026-05-02 14:00:00+00:00,41.568,41.582,41.259,41.544,107628.73
2026-05-02 15:00:00+00:00,41.544,41.682,41.372,41.562,59979.35
2026-05-02 16:00:00+00:00,41.562,41.693,41.555,41.657,43561.83
2026-05-02 17:00:00+00:00,41.657,41.712,41.424,41.511,37244.51
2026-05-02 18:00:00+00:00,41.511,41.829,41.43,41.785,96646.59
2026-05-02 19:00:00+00:00,41.785,41.85,41.552,41.589,62381.13
2026-05-02 20:00:00+00:00,41.589,41.593,41.359,41.486,61306.47
2026-05-02 21:00:00+00:00,41.486,41.633,41.307,41.365,83858.43
2026-05-02 22:00:00+00:00,41.365,41.448,41.234,41.347,73702.0
2026-05-02 23:00:00+00:00,41.347,41.365,41.243,41.246,39548.21
2026-05-03 00:00:00+00:00,41.246,41.359,41.13,41.179,47873.61
2026-05-03 01:00:00+00:00,41.179,41.235,40.923,41.097,109319.81
2026-05-03 02:00:00+00:00,41.097,41.202,40.944,40.945,65015.08
2026-05-03 03:00:00+00:00,40.945,41.079,40.843,41.028,74818.84
2026-05-03 04:00:00+00:00,41.028,41.119,40.873,40.938,55197.9
2026-05-03 05:00:00+00:00,40.938,41.117,40.924,40.96,50907.46
2026-05-03 06:00:00+00:00,40.96,40.975,40.783,40.943,65002.61
2026-05-03 07:00:00+00:00,40.943,41.05,40.861,41.014,53937.99
2026-05-03 08:00:00+00:00,41.014,41.112,40.883,41.109,55172.85
2026-05-03 09:00:00+00:00,41.109,41.302,40.963,41.124,157902.02
2026-05-03 10:00:00+00:00,41.124,41.16,40.988,41.03,52504.69
2026-05-03 11:00:00+00:00,41.03,41.178,40.91,40.966,95236.16
2026-05-03 12:00:00+00:00,40.966,41.163,40.966,41.135,57290.07
2026-05-03 13:00:00+00:00,41.135,41.14,40.902,40.98,85439.18
2026-05-03 14:00:00+00:00,40.98,41.188,40.813,40.815,63963.92
2026-05-03 15:00:00+00:00,40.815,40.994,40.707,40.734,75335.74
2026-05-03 16:00:00+00:00,40.734,41.04,40.617,40.975,131634.02
2026-05-03 17:00:00+00:00,40.975,41.173,40.929,41.098,80342.77
2026-05-03 18:00:00+00:00,41.098,41.193,40.967,41.183,37959.65
2026-05-03 19:00:00+00:00,41.183,41.257,41.105,41.21,31981.24
2026-05-03 20:00:00+00:00,41.21,41.384,41.174,41.329,63938.29
2026-05-03 21:00:00+00:00,41.329,41.329,41.044,41.175,77776.64
2026-05-03 22:00:00+00:00,41.175,41.681,41.131,41.598,133391.4
2026-05-03 23:00:00+00:00,41.598,41.724,41.331,41.536,93601.13
2026-05-04 00:00:00+00:00,41.536,41.539,41.151,41.327,102327.15
2026-05-04 01:00:00+00:00,41.327,41.54,40.93,41.531,169442.94
2026-05-04 02:00:00+00:00,41.531,42.014,41.381,41.918,311195.65
2026-05-04 03:00:00+00:00,41.918,42.207,41.867,42.17,108689.43
2026-05-04 04:00:00+00:00,42.17,42.592,41.864,42.478,336677.94
2026-05-04 05:00:00+00:00,42.478,42.564,42.067,42.068,108273.07
2026-05-04 06:00:00+00:00,42.068,42.116,41.655,41.896,144892.26
2026-05-04 07:00:00+00:00,41.896,42.035,41.758,41.826,82241.16
2026-05-04 08:00:00+00:00,41.826,41.852,41.6,41.631,99228.04
2026-05-04 09:00:00+00:00,41.631,41.926,41.568,41.902,70821.97
2026-05-04 10:00:00+00:00,41.902,41.921,41.035,41.383,424016.5
2026-05-04 11:00:00+00:00,41.383,41.462,41.188,41.323,134958.08
2026-05-04 12:00:00+00:00,41.323,41.522,41.272,41.276,60931.59
2026-05-04 13:00:00+00:00,41.276,41.276,40.856,40.938,196148.36
2026-05-04 14:00:00+00:00,40.938,41.703,40.89,41.622,204523.88
2026-05-04 15:00:00+00:00,41.622,41.622,41.027,41.35,201665.2
2026-05-04 16:00:00+00:00,41.35,41.51,41.09,41.34,108838.39
2026-05-04 17:00:00+00:00,41.34,41.75,41.33,41.564,125043.78
2026-05-04 18:00:00+00:00,41.564,41.598,41.316,41.414,66299.03
2026-05-04 19:00:00+00:00,41.414,41.606,41.312,41.582,58750.13
2026-05-04 20:00:00+00:00,41.582,41.686,41.506,41.622,79310.5
2026-05-04 21:00:00+00:00,41.622,42.474,41.619,42.316,283968.3
2026-05-04 22:00:00+00:00,42.316,42.467,42.005,42.073,108253.34
2026-05-04 23:00:00+00:00,42.073,42.077,41.762,41.786,51690.61
2026-05-05 00:00:00+00:00,41.786,42.06,41.745,42.027,86341.68
2026-05-05 01:00:00+00:00,42.027,42.199,41.969,42.149,76621.72
2026-05-05 02:00:00+00:00,42.149,42.323,41.996,42.104,120115.5
2026-05-05 03:00:00+00:00,42.104,42.445,41.949,42.434,57395.6
2026-05-05 04:00:00+00:00,42.434,42.626,42.232,42.521,120170.43
2026-05-05 05:00:00+00:00,42.521,42.958,42.374,42.805,184107.79
2026-05-05 06:00:00+00:00,42.805,43.224,42.608,43.216,170165.49
2026-05-05 07:00:00+00:00,43.216,43.258,43.065,43.203,91583.0
2026-05-05 08:00:00+00:00,43.203,43.255,42.815,43.153,176335.11
2026-05-05 09:00:00+00:00,43.153,43.225,42.708,42.984,247544.54
2026-05-05 10:00:00+00:00,42.984,43.754,42.804,43.729,207288.32
2026-05-05 11:00:00+00:00,43.729,43.85,43.54,43.812,162246.3
2026-05-05 12:00:00+00:00,43.812,44.036,43.595,43.71,157897.67
2026-05-05 13:00:00+00:00,43.71,43.948,43.547,43.627,164996.23
2026-05-05 14:00:00+00:00,43.627,43.875,43.526,43.85,175203.25
2026-05-05 15:00:00+00:00,43.85,44.289,43.801,44.004,231647.72
2026-05-05 16:00:00+00:00,44.004,44.248,43.716,43.903,192738.2
2026-05-05 17:00:00+00:00,43.903,44.431,43.883,44.277,209898.67
2026-05-05 18:00:00+00:00,44.277,44.5,44.238,44.324,101175.57
2026-05-05 19:00:00+00:00,44.324,44.366,43.922,44.012,116395.65
2026-05-05 20:00:00+00:00,44.012,44.496,44.008,44.356,100612.6
2026-05-05 21:00:00+00:00,44.356,44.6,44.1,44.215,131814.91
2026-05-05 22:00:00+00:00,44.215,44.486,44.017,44.182,84587.28
2026-05-05 23:00:00+00:00,44.182,44.232,43.466,43.682,267810.32
2026-05-06 00:00:00+00:00,43.682,43.897,43.614,43.724,114131.18
2026-05-06 01:00:00+00:00,43.724,44.006,43.676,43.969,82398.33
2026-05-06 02:00:00+00:00,43.969,44.026,43.581,43.939,92952.96
2026-05-06 03:00:00+00:00,43.939,44.191,43.884,44.14,74775.27
2026-05-06 04:00:00+00:00,44.14,44.199,43.798,43.935,136815.1
2026-05-06 05:00:00+00:00,43.935,44.119,43.892,44.002,58683.33
2026-05-06 06:00:00+00:00,44.002,44.307,43.866,44.187,79832.95
2026-05-06 07:00:00+00:00,44.187,44.395,44.162,44.387,147955.67
2026-05-06 08:00:00+00:00,44.387,44.677,44.212,44.313,275667.74
2026-05-06 09:00:00+00:00,44.313,44.318,43.684,44.028,268306.59
2026-05-06 10:00:00+00:00,44.028,44.469,44.018,44.436,109526.79
2026-05-06 11:00:00+00:00,44.436,44.661,44.387,44.657,127917.95
2026-05-06 12:00:00+00:00,44.657,44.79,44.166,44.328,133469.92
2026-05-06 13:00:00+00:00,44.328,44.379,43.804,43.852,286412.46
2026-05-06 14:00:00+00:00,43.852,43.867,43.397,43.626,447669.45
2026-05-06 15:00:00+00:00,43.626,43.638,43.166,43.517,271113.44
2026-05-06 16:00:00+00:00,43.517,43.717,43.269,43.316,118621.97
2026-05-06 17:00:00+00:00,43.316,43.41,42.947,42.967,227783.92
2026-05-06 18:00:00+00:00,42.967,43.178,42.908,43.104,89603.04
2026-05-06 19:00:00+00:00,43.104,43.346,43.1,43.237,81070.78
2026-05-06 20:00:00+00:00,43.237,43.407,43.028,43.147,69011.35
2026-05-06 21:00:00+00:00,43.147,43.374,43.0,43.215,50360.32
2026-05-06 22:00:00+00:00,43.215,43.268,42.971,42.991,48312.63
2026-05-06 23:00:00+00:00,42.991,43.127,42.924,43.094,47003.46
2026-05-07 00:00:00+00:00,43.094,43.145,42.773,42.87,96721.01
2026-05-07 01:00:00+00:00,42.87,42.963,42.567,42.649,113601.62
2026-05-07 02:00:00+00:00,42.649,42.71,42.534,42.552,57685.85
2026-05-07 03:00:00+00:00,42.552,42.552,42.275,42.296,94531.7
2026-05-07 04:00:00+00:00,42.296,42.684,42.262,42.678,106008.17
2026-05-07 05:00:00+00:00,42.678,42.926,42.65,42.925,91539.77
2026-05-07 06:00:00+00:00,42.925,43.149,42.794,43.092,119650.34
2026-05-07 07:00:00+00:00,43.092,43.32,42.835,43.307,158216.37
2026-05-07 08:00:00+00:00,43.307,43.548,42.778,42.834,293330.79
2026-05-07 09:00:00+00:00,42.834,42.923,42.716,42.794,92038.26
2026-05-07 10:00:00+00:00,42.794,42.837,42.474,42.664,97060.64
2026-05-07 11:00:00+00:00,42.664,42.9,42.664,42.741,51703.84
2026-05-07 12:00:00+00:00,42.741,43.215,42.712,43.078,91677.94
2026-05-07 13:00:00+00:00,43.078,43.083,42.378,42.51,144754.3
2026-05-07 14:00:00+00:00,42.51,42.555,42.019,42.268,224128.69
2026-05-07 15:00:00+00:00,42.268,42.425,42.053,42.09,133435.16
2026-05-07 16:00:00+00:00,42.09,42.277,41.827,42.03,151480.83
2026-05-07 17:00:00+00:00,42.03,42.419,42.024,42.38,67067.81
2026-05-07 18:00:00+00:00,42.38,42.524,42.162,42.285,86700.32
2026-05-07 19:00:00+00:00,42.285,42.311,42.088,42.31,44535.69
2026-05-07 20:00:00+00:00,42.31,42.522,42.283,42.485,35892.67
2026-05-07 21:00:00+00:00,42.485,42.606,42.238,42.52,58356.36
2026-05-07 22:00:00+00:00,42.52,42.659,42.37,42.506,55453.32
2026-05-07 23:00:00+00:00,42.506,42.58,42.418,42.516,42072.11
2026-05-08 00:00:00+00:00,42.516,42.747,42.516,42.572,47345.73
2026-05-08 01:00:00+00:00,42.572,42.663,42.389,42.432,107238.98
2026-05-08 02:00:00+00:00,42.432,42.448,42.143,42.419,53437.03
2026-05-08 03:00:00+00:00,42.419,42.425,42.185,42.241,44732.87
2026-05-08 04:00:00+00:00,42.241,42.377,42.011,42.098,49528.81
2026-05-08 05:00:00+00:00,42.098,42.424,42.079,42.295,33791.72
2026-05-08 06:00:00+00:00,42.295,42.384,42.222,42.286,41379.33
2026-05-08 07:00:00+00:00,42.286,42.725,42.17,42.721,75422.07
2026-05-08 08:00:00+00:00,42.721,42.946,42.442,42.608,219132.82
2026-05-08 09:00:00+00:00,42.608,42.813,42.53,42.636,57883.54
2026-05-08 10:00:00+00:00,42.636,42.685,42.453,42.492,44486.13
2026-05-08 11:00:00+00:00,42.492,42.553,42.316,42.505,65129.46
2026-05-08 12:00:00+00:00,42.505,42.741,42.422,42.452,60832.66
2026-05-08 13:00:00+00:00,42.452,42.561,42.127,42.391,121962.26
2026-05-08 14:00:00+00:00,42.391,42.905,42.333,42.759,176813.59
2026-05-08 15:00:00+00:00,42.759,43.113,42.365,43.089,192911.96
2026-05-08 16:00:00+00:00,43.089,43.113,42.685,42.76,99407.83
2026-05-08 17:00:00+00:00,42.76,43.064,42.718,42.881,73176.92
2026-05-08 18:00:00+00:00,42.881,43.467,42.881,43.313,137357.9
2026-05-08 19:00:00+00:00,43.313,43.403,43.0,43.077,87202.27
2026-05-08 20:00:00+00:00,43.077,43.215,42.973,43.075,66469.13
2026-05-08 21:00:00+00:00,43.075,43.286,43.051,43.17,57881.82
2026-05-08 22:00:00+00:00,43.17,43.365,43.17,43.244,27921.2
2026-05-08 23:00:00+00:00,43.244,43.275,43.017,43.226,38086.3
2026-05-09 00:00:00+00:00,43.226,43.39,43.18,43.245,48124.25
2026-05-09 01:00:00+00:00,43.245,43.999,43.245,43.888,168565.08
2026-05-09 02:00:00+00:00,43.888,43.938,43.724,43.86,61074.29
2026-05-09 03:00:00+00:00,43.86,44.064,43.731,44.014,53453.95
2026-05-09 04:00:00+00:00,44.014,44.341,43.799,43.832,83920.14
2026-05-09 05:00:00+00:00,43.832,44.189,43.823,44.15,49203.81
2026-05-09 06:00:00+00:00,44.15,44.289,43.891,43.948,59416.76
2026-05-09 07:00:00+00:00,43.948,43.976,43.759,43.784,41294.11
2026-05-09 08:00:00+00:00,43.784,43.954,43.757,43.763,30859.06
2026-05-09 09:00:00+00:00,43.763,44.257,43.461,43.594,295493.06
2026-05-09 10:00:00+00:00,43.594,43.715,43.208,43.549,199954.66
2026-05-09 11:00:00+00:00,43.549,43.786,43.531,43.749,66666.77
2026-05-09 12:00:00+00:00,43.749,43.977,43.674,43.746,72937.11
2026-05-09 13:00:00+00:00,43.746,43.855,43.508,43.576,65906.9
2026-05-09 14:00:00+00:00,43.576,43.591,43.076,43.128,178792.89
2026-05-09 15:00:00+00:00,43.128,43.269,42.933,43.076,122485.09
2026-05-09 16:00:00+00:00,43.076,43.3,42.911,42.921,120406.4
2026-05-09 17:00:00+00:00,42.921,43.198,42.906,42.96,88546.03
2026-05-09 18:00:00+00:00,42.96,43.108,42.89,42.989,68029.08
2026-05-09 19:00:00+00:00,42.989,43.16,42.851,43.1,81811.19
2026-05-09 20:00:00+00:00,43.1,43.145,42.844,42.88,55922.7
2026-05-09 21:00:00+00:00,42.88,43.066,42.869,43.0,54450.43
2026-05-09 22:00:00+00:00,43.0,43.047,42.898,43.017,42236.86
2026-05-09 23:00:00+00:00,43.017,43.072,42.841,42.905,42301.16
2026-05-10 00:00:00+00:00,42.905,42.939,42.637,42.674,99956.43
2026-05-10 01:00:00+00:00,42.674,42.693,42.396,42.59,101740.83
2026-05-10 02:00:00+00:00,42.59,42.808,42.532,42.63,51914.92
2026-05-10 03:00:00+00:00,42.63,42.922,42.582,42.824,41460.89
2026-05-10 04:00:00+00:00,42.824,42.99,42.797,42.859,71168.59
2026-05-10 05:00:00+00:00,42.859,42.991,42.775,42.953,53234.93
2026-05-10 06:00:00+00:00,42.953,43.058,42.907,43.018,44849.42
2026-05-10 07:00:00+00:00,43.018,43.227,42.917,43.045,59286.4
2026-05-10 08:00:00+00:00,43.045,43.153,42.885,43.094,102059.63
2026-05-10 09:00:00+00:00,43.094,43.149,42.833,42.892,53948.01
2026-05-10 10:00:00+00:00,42.892,42.903,42.679,42.89,47923.97
2026-05-10 11:00:00+00:00,42.89,42.907,42.66,42.816,31725.2
2026-05-10 12:00:00+00:00,42.816,42.842,42.543,42.696,74479.44
2026-05-10 13:00:00+00:00,42.696,43.03,42.654,42.929,58388.36
2026-05-10 14:00:00+00:00,42.929,43.09,42.809,42.882,57054.83
2026-05-10 15:00:00+00:00,42.882,43.343,42.87,43.232,117915.02
2026-05-10 16:00:00+00:00,43.232,43.359,43.111,43.181,117617.07
2026-05-10 17:00:00+00:00,43.181,43.682,43.12,43.661,158160.77
2026-05-10 18:00:00+00:00,43.661,43.683,43.287,43.382,74721.83
2026-05-10 19:00:00+00:00,43.382,43.631,43.261,43.448,72782.68
2026-05-10 20:00:00+00:00,43.448,43.678,42.24,42.452,285787.68
2026-05-10 21:00:00+00:00,42.452,42.583,42.039,42.168,202495.63
2026-05-10 22:00:00+00:00,42.168,42.864,42.11,42.864,143437.54
2026-05-10 23:00:00+00:00,42.864,43.151,42.702,42.998,117616.09
2026-05-11 00:00:00+00:00,42.998,43.147,42.416,42.564,135770.4
2026-05-11 01:00:00+00:00,42.564,42.866,42.45,42.57,103645.56
2026-05-11 02:00:00+00:00,42.57,42.604,42.215,42.327,77155.52
2026-05-11 03:00:00+00:00,42.327,42.368,41.964,42.227,137797.13
2026-05-11 04:00:00+00:00,42.227,42.227,42.002,42.057,54361.59
2026-05-11 05:00:00+00:00,42.057,42.301,42.018,42.053,67674.57
2026-05-11 06:00:00+00:00,42.053,42.203,41.882,41.883,88658.42
2026-05-11 07:00:00+00:00,41.883,41.911,41.704,41.852,131885.37
2026-05-11 08:00:00+00:00,41.852,41.977,41.721,41.78,82577.58
2026-05-11 09:00:00+00:00,41.78,41.973,41.757,41.88,58045.57
2026-05-11 10:00:00+00:00,41.88,42.111,41.432,41.485,274889.75
2026-05-11 11:00:00+00:00,41.485,41.613,41.31,41.433,114357.67
2026-05-11 12:00:00+00:00,41.433,41.488,41.226,41.292,106971.09
2026-05-11 13:00:00+00:00,41.292,41.495,41.104,41.14,183565.22
2026-05-11 14:00:00+00:00,41.14,41.356,40.829,41.049,224862.06
2026-05-11 15:00:00+00:00,41.049,41.689,41.0,41.671,164125.76
2026-05-11 16:00:00+00:00,41.671,41.875,41.512,41.773,173860.35
2026-05-11 17:00:00+00:00,41.773,42.015,41.615,41.774,111515.42
2026-05-11 18:00:00+00:00,41.774,42.147,41.724,42.08,98204.78
2026-05-11 19:00:00+00:00,42.08,42.236,41.929,42.166,102434.64
2026-05-11 20:00:00+00:00,42.166,42.217,41.904,41.991,70592.1
2026-05-11 21:00:00+00:00,41.991,42.081,41.8,41.816,63026.22
2026-05-11 22:00:00+00:00,41.816,42.01,41.816,41.949,48683.98
2026-05-11 23:00:00+00:00,41.949,42.036,41.798,41.985,36984.18
2026-05-12 00:00:00+00:00,41.985,42.052,41.557,41.565,91649.48
2026-05-12 01:00:00+00:00,41.565,41.67,41.083,41.355,164575.43
2026-05-12 02:00:00+00:00,41.355,41.449,41.229,41.236,56299.22
2026-05-12 03:00:00+00:00,41.236,41.248,40.839,40.984,93961.92
2026-05-12 04:00:00+00:00,40.984,41.134,40.804,41.088,106574.94
2026-05-12 05:00:00+00:00,41.088,41.32,41.088,41.277,68657.22
2026-05-12 06:00:00+00:00,41.277,41.367,41.11,41.14,41771.0
2026-05-12 07:00:00+00:00,41.14,41.357,41.057,41.291,56697.07
2026-05-12 08:00:00+00:00,41.291,41.384,41.228,41.241,60518.68
2026-05-12 09:00:00+00:00,41.241,41.264,41.032,41.142,116192.66
2026-05-12 10:00:00+00:00,41.142,41.142,40.826,40.908,123342.48
2026-05-12 11:00:00+00:00,40.908,41.049,40.567,41.042,176118.51
2026-05-12 12:00:00+00:00,41.042,41.15,40.612,40.858,213089.96
2026-05-12 13:00:00+00:00,40.858,40.94,40.621,40.672,92116.58
2026-05-12 14:00:00+00:00,40.672,40.795,40.166,40.275,355381.61
2026-05-12 15:00:00+00:00,40.275,40.484,40.057,40.276,152177.5
2026-05-12 16:00:00+00:00,40.276,40.398,39.814,39.859,246945.65
2026-05-12 17:00:00+00:00,39.859,40.326,39.821,40.123,192541.35
2026-05-12 18:00:00+00:00,40.123,40.4,40.11,40.21,79423.12
2026-05-12 19:00:00+00:00,40.21,40.471,40.203,40.417,75687.93
2026-05-12 20:00:00+00:00,40.417,40.458,40.249,40.294,41049.02
2026-05-12 21:00:00+00:00,40.294,40.36,40.249,40.352,32972.81
2026-05-12 22:00:00+00:00,40.352,40.566,40.352,40.421,50091.38
2026-05-12 23:00:00+00:00,40.421,40.573,40.099,40.243,51093.76
2026-05-13 00:00:00+00:00,40.243,40.338,40.025,40.304,67192.38
2026-05-13 01:00:00+00:00,40.304,40.698,40.229,40.443,146191.77
2026-05-13 02:00:00+00:00,40.443,40.63,40.412,40.447,36599.79
2026-05-13 03:00:00+00:00,40.447,40.536,40.364,40.432,39865.2
2026-05-13 04:00:00+00:00,40.432,40.446,40.2,40.243,40186.73
2026-05-13 05:00:00+00:00,40.243,40.266,39.87,39.912,102975.09
2026-05-13 06:00:00+00:00,39.912,40.215,39.871,40.191,57677.88
2026-05-13 07:00:00+00:00,40.191,40.445,40.004,40.163,117242.4
2026-05-13 08:00:00+00:00,40.163,40.191,40.01,40.102,62197.7
2026-05-13 09:00:00+00:00,40.102,40.2,39.892,39.93,138306.82
2026-05-13 10:00:00+00:00,39.93,39.97,39.43,39.509,341765.89
2026-05-13 11:00:00+00:00,39.509,39.633,39.229,39.241,230324.42
2026-05-13 12:00:00+00:00,39.241,39.384,39.011,39.228,252042.86
2026-05-13 13:00:00+00:00,39.228,39.595,39.036,39.344,207187.21
2026-05-13 14:00:00+00:00,39.344,39.419,39.022,39.064,172531.32
2026-05-13 15:00:00+00:00,39.064,39.126,38.836,38.86,236111.79
2026-05-13 16:00:00+00:00,38.86,39.281,38.85,39.176,145164.59
2026-05-13 17:00:00+00:00,39.176,39.247,39.096,39.177,69152.81
2026-05-13 18:00:00+00:00,39.177,39.338,39.148,39.18,68337.54
2026-05-13 19:00:00+00:00,39.18,39.219,39.028,39.093,42858.79
2026-05-13 20:00:00+00:00,39.093,39.221,39.039,39.05,43935.39
2026-05-13 21:00:00+00:00,39.05,39.052,38.703,38.749,90469.08
2026-05-13 22:00:00+00:00,38.749,39.047,38.681,38.919,105834.62
2026-05-13 23:00:00+00:00,38.919,39.016,38.808,38.82,47840.98
2026-05-14 00:00:00+00:00,38.82,38.895,38.71,38.801,63845.35
2026-05-14 01:00:00+00:00,38.801,39.052,38.793,38.918,57919.3
2026-05-14 02:00:00+00:00,38.918,38.944,38.643,38.676,60730.48
2026-05-14 03:00:00+00:00,38.676,38.705,38.15,38.311,354633.29
2026-05-14 04:00:00+00:00,38.311,38.643,38.291,38.608,127579.27
2026-05-14 05:00:00+00:00,38.608,39.242,38.43,39.149,228136.32
2026-05-14 06:00:00+00:00,39.149,39.284,39.052,39.081,76323.12
2026-05-14 07:00:00+00:00,39.081,39.192,38.884,39.0,96096.05
2026-05-14 08:00:00+00:00,39.0,39.15,38.863,38.964,107702.66
2026-05-14 09:00:00+00:00,38.964,39.141,38.869,39.1,74594.44
2026-05-14 10:00:00+00:00,39.1,39.147,38.911,39.063,66101.85
2026-05-14 11:00:00+00:00,39.063,39.082,38.88,38.891,48534.01
2026-05-14 12:00:00+00:00,38.891,40.615,38.872,40.119,1604070.81
2026-05-14 13:00:00+00:00,40.119,41.329,39.912,41.027,1075263.25
2026-05-14 14:00:00+00:00,41.027,42.08,40.876,41.9,771620.52
2026-05-14 15:00:00+00:00,41.9,42.784,41.899,42.591,712916.81
2026-05-14 16:00:00+00:00,42.591,43.53,42.309,43.491,744294.04
2026-05-14 17:00:00+00:00,43.491,44.115,43.28,43.766,646627.49
2026-05-14 18:00:00+00:00,43.766,44.525,43.619,44.513,502425.24
2026-05-14 19:00:00+00:00,44.513,44.76,44.176,44.639,369695.4
2026-05-14 20:00:00+00:00,44.639,44.663,43.619,44.153,575379.5
2026-05-14 21:00:00+00:00,44.153,44.321,43.592,43.814,235130.35
2026-05-14 22:00:00+00:00,43.814,44.3,43.804,44.136,101834.09
2026-05-14 23:00:00+00:00,44.136,44.583,43.935,44.116,235394.73
2026-05-15 00:00:00+00:00,44.116,45.352,44.115,45.149,511032.93
2026-05-15 01:00:00+00:00,45.149,46.549,45.024,46.128,848514.67
2026-05-15 02:00:00+00:00,46.128,46.547,45.382,46.416,488863.28
2026-05-15 03:00:00+00:00,46.416,46.977,46.147,46.644,467647.11
2026-05-15 04:00:00+00:00,46.644,46.9,46.111,46.165,357296.37
2026-05-15 05:00:00+00:00,46.165,46.4,45.087,45.4,747083.11
2026-05-15 06:00:00+00:00,45.4,45.935,45.272,45.836,301706.34
2026-05-15 07:00:00+00:00,45.836,46.792,45.789,46.658,335453.2
2026-05-15 08:00:00+00:00,46.658,46.67,45.395,45.577,394026.71
2026-05-15 09:00:00+00:00,45.577,45.72,45.167,45.557,503965.91
2026-05-15 10:00:00+00:00,45.557,45.658,45.14,45.548,304532.66
2026-05-15 11:00:00+00:00,45.548,45.914,44.925,45.661,309448.13
2026-05-15 12:00:00+00:00,45.661,45.765,42.932,43.462,1961295.94
2026-05-15 13:00:00+00:00,43.462,43.708,42.722,43.411,1223580.25
2026-05-15 14:00:00+00:00,43.411,44.232,43.299,43.686,814536.63
2026-05-15 15:00:00+00:00,43.686,44.322,43.519,44.083,513134.16
2026-05-15 16:00:00+00:00,44.083,44.223,43.671,44.007,274246.78
2026-05-15 17:00:00+00:00,44.007,45.089,43.94,44.444,611748.8
2026-05-15 18:00:00+00:00,44.444,44.622,44.112,44.552,278629.62
2026-05-15 19:00:00+00:00,44.552,44.96,44.384,44.583,213871.68
2026-05-15 20:00:00+00:00,44.583,44.96,44.095,44.172,222040.07
2026-05-15 21:00:00+00:00,44.172,44.314,43.825,43.847,167608.74
2026-05-15 22:00:00+00:00,43.847,44.183,43.796,44.058,145154.14
2026-05-15 23:00:00+00:00,44.058,44.297,44.02,44.161,81279.29
2026-05-16 00:00:00+00:00,44.161,44.496,43.878,43.914,140540.47
2026-05-16 01:00:00+00:00,43.914,44.144,43.165,43.53,230478.52
2026-05-16 02:00:00+00:00,43.53,43.655,43.023,43.327,168371.61
2026-05-16 03:00:00+00:00,43.327,43.422,43.013,43.204,101086.97
2026-05-16 04:00:00+00:00,43.204,43.21,42.545,42.657,277544.86
2026-05-16 05:00:00+00:00,42.657,42.842,42.444,42.578,213949.5
2026-05-16 06:00:00+00:00,42.578,42.663,41.399,41.539,515094.04
2026-05-16 07:00:00+00:00,41.539,42.126,41.336,41.989,575471.46
2026-05-16 08:00:00+00:00,41.989,42.118,41.561,41.667,177732.18
2026-05-16 09:00:00+00:00,41.667,41.747,40.945,40.949,480361.44
2026-05-16 10:00:00+00:00,40.949,41.187,40.332,40.778,742539.98
2026-05-16 11:00:00+00:00,40.778,41.114,40.577,40.826,265937.72
2026-05-16 12:00:00+00:00,40.826,41.301,40.756,41.221,195199.26
2026-05-16 13:00:00+00:00,41.221,41.231,40.688,40.975,202726.8
2026-05-16 14:00:00+00:00,40.975,41.274,40.8,41.049,140361.7
2026-05-16 15:00:00+00:00,41.049,41.113,40.74,40.86,118793.56
2026-05-16 16:00:00+00:00,40.86,41.059,40.593,40.835,202216.94
2026-05-16 17:00:00+00:00,40.835,41.19,40.658,40.903,167448.72
2026-05-16 18:00:00+00:00,40.903,41.474,40.838,41.47,230010.86
2026-05-16 19:00:00+00:00,41.47,41.83,41.404,41.636,336367.95
2026-05-16 20:00:00+00:00,41.636,41.933,41.631,41.87,205345.52
2026-05-16 21:00:00+00:00,41.87,41.991,41.666,41.892,150726.79
2026-05-16 22:00:00+00:00,41.892,42.076,41.738,41.833,98808.77
2026-05-16 23:00:00+00:00,41.833,41.932,41.74,41.807,62332.79
2026-05-17 00:00:00+00:00,41.807,42.237,41.674,41.784,204930.53
2026-05-17 01:00:00+00:00,41.784,41.846,41.362,41.437,194174.3
2026-05-17 02:00:00+00:00,41.437,41.638,41.316,41.436,120085.53
2026-05-17 03:00:00+00:00,41.436,42.68,41.434,42.392,343878.32
2026-05-17 04:00:00+00:00,42.392,42.871,41.917,42.373,399586.08
2026-05-17 05:00:00+00:00,42.373,42.862,42.315,42.696,215015.93
2026-05-17 06:00:00+00:00,42.696,42.82,42.424,42.58,138632.63
2026-05-17 07:00:00+00:00,42.58,42.994,42.436,42.774,191377.41
2026-05-17 08:00:00+00:00,42.774,42.92,42.6,42.799,148716.98
2026-05-17 09:00:00+00:00,42.799,42.968,42.744,42.956,110581.28
2026-05-17 10:00:00+00:00,42.956,43.497,42.85,43.373,431906.57
2026-05-17 11:00:00+00:00,43.373,43.47,42.889,42.898,210437.27
2026-05-17 12:00:00+00:00,42.898,43.215,42.693,43.188,182681.62
2026-05-17 13:00:00+00:00,43.188,43.26,42.469,42.821,369043.64
2026-05-17 14:00:00+00:00,42.821,43.498,42.694,43.399,378802.96
2026-05-17 15:00:00+00:00,43.399,44.047,43.248,43.569,492874.11
2026-05-17 16:00:00+00:00,43.569,43.931,43.39,43.527,213251.47
2026-05-17 17:00:00+00:00,43.527,43.997,43.365,43.904,229363.71
2026-05-17 18:00:00+00:00,43.904,45.547,43.818,45.464,612517.67
2026-05-17 19:00:00+00:00,45.464,47.24,45.274,46.68,1223840.69
2026-05-17 20:00:00+00:00,46.68,47.083,46.077,46.418,1068108.52
2026-05-17 21:00:00+00:00,46.418,47.298,46.338,47.007,642327.42
2026-05-17 22:00:00+00:00,47.007,47.031,45.843,46.109,727258.0
2026-05-17 23:00:00+00:00,46.109,46.132,44.637,45.7,1270628.46
2026-05-18 00:00:00+00:00,45.7,46.955,45.336,46.921,1121467.6
2026-05-18 01:00:00+00:00,46.921,46.998,45.692,46.036,668382.76
2026-05-18 02:00:00+00:00,46.036,46.146,45.411,45.563,376203.3
2026-05-18 03:00:00+00:00,45.563,45.906,45.077,45.486,214427.31
2026-05-18 04:00:00+00:00,45.486,46.05,45.106,45.827,202103.29
2026-05-18 05:00:00+00:00,45.827,45.954,45.378,45.408,186413.29
2026-05-18 06:00:00+00:00,45.408,45.513,44.972,45.364,276767.55
2026-05-18 07:00:00+00:00,45.364,45.539,44.816,45.274,377497.99
2026-05-18 08:00:00+00:00,45.274,45.875,45.227,45.806,263933.17
2026-05-18 09:00:00+00:00,45.806,45.876,44.787,45.26,389069.77
2026-05-18 10:00:00+00:00,45.26,45.571,45.169,45.295,202644.98
2026-05-18 11:00:00+00:00,45.295,45.779,44.978,45.484,367512.77
2026-05-18 12:00:00+00:00,45.484,46.041,45.398,45.877,500654.73
2026-05-18 13:00:00+00:00,45.877,46.29,45.301,45.987,759294.4
2026-05-18 14:00:00+00:00,45.987,46.038,44.378,44.675,760180.55
2026-05-18 15:00:00+00:00,44.675,45.208,44.197,44.722,885764.13
2026-05-18 16:00:00+00:00,44.722,45.158,44.663,45.093,259390.9
2026-05-18 17:00:00+00:00,45.093,45.576,45.076,45.51,226784.93
2026-05-18 18:00:00+00:00,45.51,45.68,44.834,44.925,266900.2
2026-05-18 19:00:00+00:00,44.925,46.452,44.914,46.381,773147.39
2026-05-18 20:00:00+00:00,46.381,46.562,45.673,45.864,273383.22
2026-05-18 21:00:00+00:00,45.864,47.965,45.809,47.184,1318425.55
2026-05-18 22:00:00+00:00,47.184,47.634,46.701,47.147,480583.35
2026-05-18 23:00:00+00:00,47.147,47.768,47.099,47.713,441742.8
2026-05-19 00:00:00+00:00,47.713,48.531,47.595,48.15,623543.98
2026-05-19 01:00:00+00:00,48.15,48.15,47.122,47.208,299894.01
2026-05-19 02:00:00+00:00,47.208,47.5,46.843,47.387,321044.28
2026-05-19 03:00:00+00:00,47.387,47.958,47.216,47.758,194076.58
2026-05-19 04:00:00+00:00,47.758,48.346,47.433,47.452,241366.5
2026-05-19 05:00:00+00:00,47.452,47.602,47.199,47.529,182890.48
2026-05-19 06:00:00+00:00,47.529,47.8,47.452,47.584,106438.41
2026-05-19 07:00:00+00:00,47.584,48.395,47.514,47.821,270029.02
2026-05-19 08:00:00+00:00,47.821,48.074,47.521,48.021,251486.23
2026-05-19 09:00:00+00:00,48.021,48.347,47.545,47.897,291557.15
2026-05-19 10:00:00+00:00,47.897,48.418,47.74,48.353,317065.2
2026-05-19 11:00:00+00:00,48.353,48.691,47.551,47.746,450845.14
2026-05-19 12:00:00+00:00,47.746,47.964,47.23,47.795,411380.41
2026-05-19 13:00:00+00:00,47.795,48.502,47.48,48.436,468560.26
2026-05-19 14:00:00+00:00,48.436,48.479,47.396,47.535,501919.81
2026-05-19 15:00:00+00:00,47.535,48.015,47.324,47.799,390203.91
2026-05-19 16:00:00+00:00,47.799,48.39,47.663,48.25,349063.24
2026-05-19 17:00:00+00:00,48.25,48.94,48.25,48.659,501056.41
2026-05-19 18:00:00+00:00,48.659,48.739,48.138,48.185,265044.16
2026-05-19 19:00:00+00:00,48.185,48.773,48.128,48.741,267839.33
2026-05-19 20:00:00+00:00,48.741,48.766,48.006,48.159,253554.31
2026-05-19 21:00:00+00:00,48.159,48.389,47.816,47.964,181580.54
2026-05-19 22:00:00+00:00,47.964,48.109,47.632,47.978,188103.47
2026-05-19 23:00:00+00:00,47.978,48.38,47.92,48.04,124637.77
2026-05-20 00:00:00+00:00,48.04,48.063,47.1,47.606,386058.36
2026-05-20 01:00:00+00:00,47.606,47.816,47.213,47.634,195034.63
2026-05-20 02:00:00+00:00,47.634,47.833,47.366,47.698,137791.04
2026-05-20 03:00:00+00:00,47.698,47.932,47.407,47.445,94911.81
2026-05-20 04:00:00+00:00,47.445,48.329,47.322,48.293,291441.85
2026-05-20 05:00:00+00:00,48.293,48.665,47.916,48.352,411907.74
2026-05-20 06:00:00+00:00,48.352,48.665,48.287,48.49,166340.72
2026-05-20 07:00:00+00:00,48.49,48.658,48.211,48.463,211950.62
2026-05-20 08:00:00+00:00,48.463,48.87,48.429,48.576,247625.21
2026-05-20 09:00:00+00:00,48.576,49.181,48.484,48.951,298786.28
2026-05-20 10:00:00+00:00,48.951,49.798,48.925,49.608,683970.46
2026-05-20 11:00:00+00:00,49.608,50.06,49.244,49.73,559617.99
2026-05-20 12:00:00+00:00,49.73,50.249,49.508,49.948,506648.96
2026-05-20 13:00:00+00:00,49.948,51.555,49.671,51.229,1441489.97
2026-05-20 14:00:00+00:00,51.229,51.887,50.635,51.334,961280.96
2026-05-20 15:00:00+00:00,51.334,52.066,51.15,51.416,860239.53
2026-05-20 16:00:00+00:00,51.416,51.844,51.183,51.474,351736.64
2026-05-20 17:00:00+00:00,51.474,52.388,51.34,51.943,687525.73
2026-05-20 18:00:00+00:00,51.943,52.227,51.363,51.505,388357.8
2026-05-20 19:00:00+00:00,51.505,52.969,51.4,52.927,707229.09
2026-05-20 20:00:00+00:00,52.927,53.243,51.641,51.901,464619.35
2026-05-20 21:00:00+00:00,51.901,53.045,51.687,52.898,337452.51
2026-05-20 22:00:00+00:00,52.898,54.491,52.584,54.166,991239.27
2026-05-20 23:00:00+00:00,54.166,54.903,53.679,54.813,450126.59
2026-05-21 00:00:00+00:00,54.813,56.69,54.699,56.36,1102491.84
2026-05-21 01:00:00+00:00,56.36,57.125,55.887,56.364,829819.83
2026-05-21 02:00:00+00:00,56.364,56.493,55.326,55.846,592640.81
2026-05-21 03:00:00+00:00,55.846,56.894,55.545,56.75,331059.82
2026-05-21 04:00:00+00:00,56.75,56.822,55.893,55.967,313456.27
2026-05-21 05:00:00+00:00,55.967,56.453,55.73,56.255,279914.01
2026-05-21 06:00:00+00:00,56.255,56.923,56.055,56.499,354429.36
2026-05-21 07:00:00+00:00,56.499,58.54,56.457,58.369,886756.33
2026-05-21 08:00:00+00:00,58.369,58.924,58.13,58.531,774482.71
2026-05-21 09:00:00+00:00,58.531,59.289,57.446,57.874,881083.84
2026-05-21 10:00:00+00:00,57.874,58.628,57.239,57.447,870728.09
2026-05-21 11:00:00+00:00,57.447,57.717,56.712,57.168,668115.6
2026-05-21 12:00:00+00:00,57.168,58.012,56.75,57.718,542296.13
2026-05-21 13:00:00+00:00,57.718,59.78,57.558,59.369,1577082.78
2026-05-21 14:00:00+00:00,59.369,62.257,58.812,60.9,2629304.74
2026-05-21 15:00:00+00:00,60.9,62.64,60.501,61.12,1652765.74
2026-05-21 16:00:00+00:00,61.12,61.155,58.613,58.697,1081368.3
2026-05-21 17:00:00+00:00,58.697,60.318,58.652,58.726,918824.6
2026-05-21 18:00:00+00:00,58.726,59.47,58.341,58.52,573716.17
2026-05-21 19:00:00+00:00,58.52,58.855,57.288,57.821,835115.71
2026-05-21 20:00:00+00:00,57.821,58.767,56.212,57.905,1650624.19
2026-05-21 21:00:00+00:00,57.905,58.285,57.215,57.939,565566.27
2026-05-21 22:00:00+00:00,57.939,58.534,57.8,58.486,247104.76
2026-05-21 23:00:00+00:00,58.486,59.139,58.256,58.587,531730.41
2026-05-22 00:00:00+00:00,58.587,58.664,56.923,57.473,584504.04
2026-05-22 01:00:00+00:00,57.473,57.79,56.58,57.453,424035.69
2026-05-22 02:00:00+00:00,57.453,58.466,57.23,57.681,294565.06
2026-05-22 03:00:00+00:00,57.681,57.874,57.126,57.499,156866.01
2026-05-22 04:00:00+00:00,57.499,58.177,57.348,58.119,152314.97
2026-05-22 05:00:00+00:00,58.119,58.415,57.729,57.971,174797.31
2026-05-22 06:00:00+00:00,57.971,58.19,57.054,57.135,311612.2
2026-05-22 07:00:00+00:00,57.135,57.971,57.011,57.933,274290.56
2026-05-22 08:00:00+00:00,57.933,60.082,57.603,59.224,883609.28
2026-05-22 09:00:00+00:00,59.224,60.07,58.756,59.118,463654.64
2026-05-22 10:00:00+00:00,59.118,59.699,58.91,59.196,253354.98
2026-05-22 11:00:00+00:00,59.196,60.92,58.77,60.878,689441.02
2026-05-22 12:00:00+00:00,60.878,61.676,60.354,61.007,714272.73
2026-05-22 13:00:00+00:00,61.007,61.941,60.541,61.533,738090.39
2026-05-22 14:00:00+00:00,61.533,61.69,59.127,59.2,947191.87
2026-05-22 15:00:00+00:00,59.2,59.636,57.729,57.903,951131.48
2026-05-22 16:00:00+00:00,57.903,58.299,57.041,57.817,750282.49
2026-05-22 17:00:00+00:00,57.817,58.079,57.433,57.891,244647.24
2026-05-22 18:00:00+00:00,57.891,58.525,56.164,56.886,1088699.54
2026-05-22 19:00:00+00:00,56.886,56.946,55.002,55.652,1309434.22
2026-05-22 20:00:00+00:00,55.652,56.057,54.284,55.08,875399.08
2026-05-22 21:00:00+00:00,55.08,56.439,55.062,56.145,377914.7
2026-05-22 22:00:00+00:00,56.145,56.252,55.135,55.443,444200.01
2026-05-22 23:00:00+00:00,55.443,55.758,54.612,54.619,507391.78
2026-05-23 00:00:00+00:00,54.619,55.251,54.05,55.045,558872.42
2026-05-23 01:00:00+00:00,55.045,55.368,54.304,54.886,353559.22
2026-05-23 02:00:00+00:00,54.886,55.37,54.484,55.362,197873.19
2026-05-23 03:00:00+00:00,55.362,55.935,55.221,55.925,298605.83
2026-05-23 04:00:00+00:00,55.925,55.93,54.911,55.15,185353.17
2026-05-23 05:00:00+00:00,55.15,55.871,54.969,55.282,205520.6
2026-05-23 06:00:00+00:00,55.282,55.548,54.863,55.102,116105.98
2026-05-23 07:00:00+00:00,55.102,55.683,54.662,55.61,391127.49
2026-05-23 08:00:00+00:00,55.61,56.289,55.346,56.186,455959.7
2026-05-23 09:00:00+00:00,56.186,56.25,55.215,55.299,218409.8
2026-05-23 10:00:00+00:00,55.299,55.855,55.281,55.447,143753.72
2026-05-23 11:00:00+00:00,55.447,55.57,54.909,55.028,203447.57
2026-05-23 12:00:00+00:00,55.028,55.284,54.459,55.07,288776.52
2026-05-23 13:00:00+00:00,55.07,55.906,54.936,55.169,370163.67
2026-05-23 14:00:00+00:00,55.169,56.95,54.975,56.565,531134.12
2026-05-23 15:00:00+00:00,56.565,57.748,56.535,57.186,751502.6
2026-05-23 16:00:00+00:00,57.186,58.163,57.001,57.721,382393.44
2026-05-23 17:00:00+00:00,57.721,58.07,57.239,57.515,284204.45
2026-05-23 18:00:00+00:00,57.515,58.822,57.414,58.621,516206.34
2026-05-23 19:00:00+00:00,58.621,58.694,58.101,58.311,274906.98
2026-05-23 20:00:00+00:00,58.311,59.887,58.11,59.472,889376.07
2026-05-23 21:00:00+00:00,59.472,59.629,57.397,58.174,668911.59
2026-05-23 22:00:00+00:00,58.174,58.3,57.388,57.964,274581.3
2026-05-23 23:00:00+00:00,57.964,58.802,57.84,58.707,164080.83
2026-05-24 00:00:00+00:00,58.707,59.998,58.634,59.877,365543.47
2026-05-24 01:00:00+00:00,59.877,61.558,59.765,60.3,848885.71
2026-05-24 02:00:00+00:00,60.3,60.737,59.441,60.022,382236.09
2026-05-24 03:00:00+00:00,60.022,60.534,59.876,60.16,155209.49
2026-05-24 04:00:00+00:00,60.16,60.569,59.68,60.358,193651.18
2026-05-24 05:00:00+00:00,60.358,61.557,60.168,61.297,451929.11
2026-05-24 06:00:00+00:00,61.297,61.997,60.225,61.834,728300.5
2026-05-24 07:00:00+00:00,61.834,62.239,61.122,61.995,425238.48
2026-05-24 08:00:00+00:00,61.995,63.289,61.581,62.769,643790.13
2026-05-24 09:00:00+00:00,62.769,64.458,62.656,63.778,807348.06
2026-05-24 10:00:00+00:00,63.778,63.823,62.445,63.162,545199.15
2026-05-24 11:00:00+00:00,63.162,63.545,62.435,62.866,419172.78
2026-05-24 12:00:00+00:00,62.866,64.208,62.63,64.065,362345.83
2026-05-24 13:00:00+00:00,64.065,64.389,62.805,63.146,544937.94
2026-05-24 14:00:00+00:00,63.146,63.588,61.56,62.865,819277.64
2026-05-24 15:00:00+00:00,62.865,63.893,62.593,63.719,400387.42
2026-05-24 16:00:00+00:00,63.719,64.136,63.079,63.533,471013.78
2026-05-24 17:00:00+00:00,63.533,63.648,62.866,63.145,288367.35
2026-05-24 18:00:00+00:00,63.145,64.024,62.625,63.996,340758.93
2026-05-24 19:00:00+00:00,63.996,64.656,62.882,63.015,646259.86
2026-05-24 20:00:00+00:00,63.015,63.149,62.047,62.187,388231.54
2026-05-24 21:00:00+00:00,62.187,62.751,61.347,61.629,342951.5
2026-05-24 22:00:00+00:00,61.629,62.933,61.622,62.442,380204.33
2026-05-24 23:00:00+00:00,62.442,63.822,62.442,62.79,345180.9
2026-05-25 00:00:00+00:00,62.79,62.961,61.877,61.93,234479.66
2026-05-25 01:00:00+00:00,61.93,62.207,60.752,60.954,283979.7
2026-05-25 02:00:00+00:00,60.954,61.733,60.778,61.356,355165.95
2026-05-25 03:00:00+00:00,61.356,61.679,61.211,61.493,161930.66
2026-05-25 04:00:00+00:00,61.493,62.871,60.973,62.737,368790.76
2026-05-25 05:00:00+00:00,62.737,63.287,61.798,62.463,365927.63
2026-05-25 06:00:00+00:00,62.463,63.001,61.691,62.119,330847.04
2026-05-25 07:00:00+00:00,62.119,63.583,61.796,63.476,285266.76
2026-05-25 08:00:00+00:00,63.476,63.817,63.042,63.585,325593.43
2026-05-25 09:00:00+00:00,63.585,64.0,63.059,63.305,287470.7
2026-05-25 10:00:00+00:00,63.305,63.71,63.021,63.421,207037.54
2026-05-25 11:00:00+00:00,63.421,63.624,62.634,63.413,250490.1
2026-05-25 12:00:00+00:00,63.413,63.872,62.629,62.642,291374.79
2026-05-25 13:00:00+00:00,62.642,63.498,62.314,63.371,309098.28
2026-05-25 14:00:00+00:00,63.371,63.389,62.594,62.894,231009.39
2026-05-25 15:00:00+00:00,62.894,63.18,62.468,62.582,211943.25
2026-05-25 16:00:00+00:00,62.582,62.627,61.76,62.115,319628.71
2026-05-25 17:00:00+00:00,62.115,62.167,61.609,61.939,218997.94
2026-05-25 18:00:00+00:00,61.939,62.343,61.511,61.706,124338.53
2026-05-25 19:00:00+00:00,61.706,62.143,61.394,62.052,142145.26
2026-05-25 20:00:00+00:00,62.052,62.052,61.011,61.323,243582.16
2026-05-25 21:00:00+00:00,61.323,61.692,61.234,61.491,134294.34
2026-05-25 22:00:00+00:00,61.491,62.044,61.204,61.235,217276.32
2026-05-25 23:00:00+00:00,61.235,61.787,61.095,61.145,121122.36
2026-05-26 00:00:00+00:00,61.145,61.27,59.566,60.068,646569.74
2026-05-26 01:00:00+00:00,60.068,60.375,59.171,59.315,325863.27
2026-05-26 02:00:00+00:00,59.315,59.8,58.815,59.063,398996.59
2026-05-26 03:00:00+00:00,59.063,59.554,58.538,59.344,249478.93
2026-05-26 04:00:00+00:00,59.344,60.0,58.979,59.985,197378.03
2026-05-26 05:00:00+00:00,59.985,60.626,59.638,60.277,321463.34
2026-05-26 06:00:00+00:00,60.277,60.788,60.091,60.493,224227.36
2026-05-26 07:00:00+00:00,60.493,60.607,59.541,59.769,404977.64
2026-05-26 08:00:00+00:00,59.769,60.278,59.3,59.538,384250.02
2026-05-26 09:00:00+00:00,59.538,59.831,59.187,59.675,205877.24
2026-05-26 10:00:00+00:00,59.675,61.82,59.586,61.425,631254.1
2026-05-26 11:00:00+00:00,61.425,61.727,60.927,61.163,284057.75
2026-05-26 12:00:00+00:00,61.163,62.21,60.402,62.155,475785.83
2026-05-26 13:00:00+00:00,62.155,63.973,61.773,63.597,702651.15
2026-05-26 14:00:00+00:00,63.597,64.782,63.243,63.494,1059210.46
2026-05-26 15:00:00+00:00,63.494,63.64,61.839,62.526,738127.64
2026-05-26 16:00:00+00:00,62.526,63.624,62.069,62.79,556199.54
2026-05-26 17:00:00+00:00,62.79,62.989,60.601,61.49,970610.64
2026-05-26 18:00:00+00:00,61.49,62.074,61.036,61.692,448828.48
2026-05-26 19:00:00+00:00,61.692,61.737,60.137,60.802,568657.56
2026-05-26 20:00:00+00:00,60.802,60.873,59.321,59.721,514936.02
2026-05-26 21:00:00+00:00,59.721,59.827,58.679,59.04,307965.03
2026-05-26 22:00:00+00:00,59.04,59.81,58.848,59.714,251880.71
2026-05-26 23:00:00+00:00,59.714,59.99,59.295,59.552,192031.22
2026-05-27 00:00:00+00:00,59.552,60.911,59.374,60.746,274415.42
2026-05-27 01:00:00+00:00,60.746,60.796,59.854,60.069,175544.26
2026-05-27 02:00:00+00:00,60.069,60.694,59.667,60.69,205874.28
2026-05-27 03:00:00+00:00,60.69,61.117,59.864,60.09,340414.99
2026-05-27 04:00:00+00:00,60.09,60.894,59.563,60.761,249618.81
2026-05-27 05:00:00+00:00,60.761,62.04,60.664,61.863,474274.96
2026-05-27 06:00:00+00:00,61.863,62.424,61.457,62.421,289587.96
2026-05-27 07:00:00+00:00,62.421,62.747,61.886,62.167,324965.51
2026-05-27 08:00:00+00:00,62.167,62.45,61.788,62.284,214773.73
2026-05-27 09:00:00+00:00,62.284,63.346,62.05,62.883,400706.96
2026-05-27 10:00:00+00:00,62.883,63.332,62.529,62.541,293380.9
2026-05-27 11:00:00+00:00,62.541,63.221,62.27,62.348,267905.28
2026-05-27 12:00:00+00:00,62.348,63.117,61.658,61.917,489899.55
2026-05-27 13:00:00+00:00,61.917,62.16,60.293,60.836,738951.43
2026-05-27 14:00:00+00:00,60.836,61.025,59.635,60.01,604764.64
2026-05-27 15:00:00+00:00,60.01,60.835,59.915,60.523,328192.66
2026-05-27 16:00:00+00:00,60.523,60.673,59.666,60.451,259002.16
2026-05-27 17:00:00+00:00,60.451,60.54,58.959,59.453,419390.82
2026-05-27 18:00:00+00:00,59.453,59.823,59.009,59.452,238555.31
2026-05-27 19:00:00+00:00,59.452,60.214,59.387,60.149,311299.09
2026-05-27 20:00:00+00:00,60.149,60.586,59.938,60.431,269998.09
2026-05-27 21:00:00+00:00,60.431,60.469,59.242,59.824,384642.71
2026-05-27 22:00:00+00:00,59.824,59.997,58.107,58.123,619163.62
2026-05-27 23:00:00+00:00,58.123,58.635,57.268,57.704,598427.39
2026-05-28 00:00:00+00:00,57.704,58.234,57.505,57.939,227119.56
2026-05-28 01:00:00+00:00,57.939,58.488,57.754,58.025,186476.53
2026-05-28 02:00:00+00:00,58.025,58.647,57.655,58.412,325768.39
2026-05-28 03:00:00+00:00,58.412,58.436,56.738,57.123,491167.93
2026-05-28 04:00:00+00:00,57.123,57.671,56.681,57.52,426034.9
2026-05-28 05:00:00+00:00,57.52,57.863,56.856,57.04,307917.77
2026-05-28 06:00:00+00:00,57.04,57.363,56.577,57.165,280384.11
2026-05-28 07:00:00+00:00,57.165,58.298,57.165,58.104,390716.88
2026-05-28 08:00:00+00:00,58.104,58.125,56.328,56.784,415911.22
2026-05-28 09:00:00+00:00,56.784,57.544,56.655,57.487,240613.7
2026-05-28 10:00:00+00:00,57.487,57.492,56.614,56.664,253199.18
2026-05-28 11:00:00+00:00,56.664,57.115,56.619,57.091,166824.44
2026-05-28 12:00:00+00:00,57.091,57.572,56.25,57.294,350882.61
2026-05-28 13:00:00+00:00,57.294,57.492,56.356,57.373,511302.21
2026-05-28 14:00:00+00:00,57.373,58.864,56.716,57.362,940234.45
2026-05-28 15:00:00+00:00,57.362,57.966,57.186,57.678,288281.31
2026-05-28 16:00:00+00:00,57.678,59.429,57.4,59.403,561573.45
2026-05-28 17:00:00+00:00,59.403,59.86,58.667,59.42,371275.68
2026-05-28 18:00:00+00:00,59.42,60.956,59.302,60.727,600351.21
2026-05-28 19:00:00+00:00,60.727,61.545,59.907,60.942,638077.3
2026-05-28 20:00:00+00:00,60.942,61.341,60.133,60.7,473109.07
2026-05-28 21:00:00+00:00,60.7,62.125,60.46,61.836,396693.39
2026-05-28 22:00:00+00:00,61.836,62.143,61.09,61.625,253550.42
2026-05-28 23:00:00+00:00,61.625,62.113,61.484,61.531,180612.4
2026-05-29 00:00:00+00:00,61.531,62.546,61.177,61.992,454842.55
2026-05-29 01:00:00+00:00,61.992,62.464,61.235,61.916,277271.18
2026-05-29 02:00:00+00:00,61.916,62.028,60.347,60.475,495030.01
2026-05-29 03:00:00+00:00,60.475,62.159,60.469,61.297,592312.06
2026-05-29 04:00:00+00:00,61.297,61.745,60.832,61.635,293456.01
2026-05-29 05:00:00+00:00,61.635,62.039,61.248,61.38,205835.42
2026-05-29 06:00:00+00:00,61.38,62.241,61.186,62.005,308940.43
2026-05-29 07:00:00+00:00,62.005,62.873,61.895,62.829,467305.89
2026-05-29 08:00:00+00:00,62.829,63.28,62.398,62.931,515854.6
2026-05-29 09:00:00+00:00,62.931,63.644,62.6,62.756,538629.35
2026-05-29 10:00:00+00:00,62.756,62.834,62.118,62.184,315391.02
2026-05-29 11:00:00+00:00,62.184,62.74,61.888,62.19,283229.35
2026-05-29 12:00:00+00:00,62.19,62.326,61.358,61.957,345620.19
2026-05-29 13:00:00+00:00,61.957,63.0,61.493,62.818,764758.64
2026-05-29 14:00:00+00:00,62.818,63.974,61.6,63.53,2059292.03
2026-05-29 15:00:00+00:00,63.53,66.843,63.321,65.616,1662527.95
2026-05-29 16:00:00+00:00,65.616,67.642,65.317,66.846,959853.77
2026-05-29 17:00:00+00:00,66.846,67.415,66.06,66.338,682324.21
2026-05-29 18:00:00+00:00,66.338,66.562,64.89,65.015,618982.13
2026-05-29 19:00:00+00:00,65.015,66.3,64.793,66.251,442787.91
2026-05-29 20:00:00+00:00,66.251,66.45,65.203,65.478,198659.01
2026-05-29 21:00:00+00:00,65.478,65.812,64.171,64.645,342605.44
2026-05-29 22:00:00+00:00,64.645,65.167,64.301,64.419,182812.68
2026-05-29 23:00:00+00:00,64.419,64.684,63.78,64.425,247409.96
2026-05-30 00:00:00+00:00,64.425,65.09,64.117,65.067,213224.38
2026-05-30 01:00:00+00:00,65.067,65.82,64.752,65.614,261694.91
2026-05-30 02:00:00+00:00,65.614,66.023,65.012,65.487,165220.41
2026-05-30 03:00:00+00:00,65.487,65.487,64.979,65.145,184262.82
2026-05-30 04:00:00+00:00,65.145,65.283,63.99,64.611,370059.39
2026-05-30 05:00:00+00:00,64.611,66.173,64.395,65.792,359518.92
2026-05-30 06:00:00+00:00,65.792,65.944,65.321,65.708,284390.57
2026-05-30 07:00:00+00:00,65.708,66.374,65.516,66.08,236121.47
2026-05-30 08:00:00+00:00,66.08,66.261,65.798,66.235,144002.05
2026-05-30 09:00:00+00:00,66.235,66.602,65.98,66.211,205687.6
2026-05-30 10:00:00+00:00,66.211,67.056,65.991,66.926,260203.42
2026-05-30 11:00:00+00:00,66.926,68.048,66.544,67.829,504734.66
2026-05-30 12:00:00+00:00,67.829,68.462,67.318,68.352,506960.75
2026-05-30 13:00:00+00:00,68.352,68.636,67.432,68.016,434139.59
2026-05-30 14:00:00+00:00,68.016,68.337,67.323,68.183,272821.11
2026-05-30 15:00:00+00:00,68.183,68.574,66.629,67.177,668686.74
2026-05-30 16:00:00+00:00,67.177,67.204,66.137,66.619,423214.11
2026-05-30 17:00:00+00:00,66.619,67.536,66.47,67.519,316284.19
2026-05-30 18:00:00+00:00,67.519,68.357,67.394,68.241,309702.81
2026-05-30 19:00:00+00:00,68.241,68.298,67.587,67.846,216676.41
2026-05-30 20:00:00+00:00,67.846,68.195,67.175,67.29,179982.49
2026-05-30 21:00:00+00:00,67.29,67.88,67.169,67.428,140600.73
2026-05-30 22:00:00+00:00,67.428,67.862,67.053,67.674,136018.81
2026-05-30 23:00:00+00:00,67.674,68.335,67.035,68.296,207400.35
2026-05-31 00:00:00+00:00,68.296,69.6,67.996,69.444,556827.77
2026-05-31 01:00:00+00:00,69.444,69.599,68.907,69.192,228786.59
2026-05-31 02:00:00+00:00,69.192,69.33,68.0,68.589,277877.97
2026-05-31 03:00:00+00:00,68.589,68.937,68.3,68.791,225986.83
2026-05-31 04:00:00+00:00,68.791,69.908,68.378,69.815,336657.97
2026-05-31 05:00:00+00:00,69.815,70.442,69.291,69.511,432974.6
2026-05-31 06:00:00+00:00,69.511,70.068,68.985,69.172,231153.74
2026-05-31 07:00:00+00:00,69.172,69.697,68.781,69.187,292120.77
2026-05-31 08:00:00+00:00,69.187,69.669,68.852,68.877,265356.08
2026-05-31 09:00:00+00:00,68.877,68.95,68.253,68.564,335455.21
2026-05-31 10:00:00+00:00,68.564,68.824,68.012,68.377,202942.82
2026-05-31 11:00:00+00:00,68.377,68.499,67.464,67.789,268678.93
2026-05-31 12:00:00+00:00,67.789,68.482,67.473,68.004,229158.4
2026-05-31 13:00:00+00:00,68.004,68.424,67.645,68.01,150873.83
2026-05-31 14:00:00+00:00,68.01,68.569,67.8,68.153,258728.55
2026-05-31 15:00:00+00:00,68.153,69.3,67.95,68.595,380441.4
2026-05-31 16:00:00+00:00,68.595,68.73,67.655,67.95,230235.67
2026-05-31 17:00:00+00:00,67.95,69.243,67.871,68.891,271061.5
2026-05-31 18:00:00+00:00,68.891,69.336,68.589,68.929,147821.57
2026-05-31 19:00:00+00:00,68.929,69.329,68.675,69.278,107102.98
2026-05-31 20:00:00+00:00,69.278,70.296,68.967,70.121,406057.58
2026-05-31 21:00:00+00:00,70.121,71.636,69.87,71.387,723511.53
2026-05-31 22:00:00+00:00,71.387,73.109,71.024,72.587,897867.08
2026-05-31 23:00:00+00:00,72.587,72.988,71.542,72.075,480089.8
2026-06-01 00:00:00+00:00,72.075,74.334,71.89,73.475,636800.17
2026-06-01 01:00:00+00:00,73.475,73.738,71.736,71.866,365820.84
2026-06-01 02:00:00+00:00,71.866,72.762,71.652,72.114,232716.19
2026-06-01 03:00:00+00:00,72.114,73.499,72.112,73.468,270041.44
2026-06-01 04:00:00+00:00,73.468,73.744,72.692,73.275,452440.02
2026-06-01 05:00:00+00:00,73.275,74.067,73.146,73.388,398786.2
2026-06-01 06:00:00+00:00,73.388,73.918,72.529,73.224,394750.98
2026-06-01 07:00:00+00:00,73.224,73.867,72.026,72.34,497116.74
2026-06-01 08:00:00+00:00,72.34,72.95,71.926,72.108,194112.29
2026-06-01 09:00:00+00:00,72.108,73.472,71.396,72.405,721158.87
2026-06-01 10:00:00+00:00,72.405,73.192,72.188,72.663,275325.09
2026-06-01 11:00:00+00:00,72.663,74.0,72.256,73.116,493507.47
2026-06-01 12:00:00+00:00,73.116,74.725,72.412,74.05,738135.91
2026-06-01 13:00:00+00:00,74.05,74.106,71.6,72.094,692436.89
2026-06-01 14:00:00+00:00,72.094,72.448,70.31,71.204,938371.28
2026-06-01 15:00:00+00:00,71.204,72.744,70.77,70.95,553405.1
2026-06-01 16:00:00+00:00,70.95,72.235,70.446,72.196,573448.08
2026-06-01 17:00:00+00:00,72.196,73.5,71.96,72.901,675062.53
2026-06-01 18:00:00+00:00,72.901,73.513,72.338,73.505,284718.47
2026-06-01 19:00:00+00:00,73.505,73.943,73.068,73.793,272127.62
2026-06-01 20:00:00+00:00,73.793,73.823,72.036,72.53,304080.6
2026-06-01 21:00:00+00:00,72.53,73.287,71.712,73.216,271369.9
2026-06-01 22:00:00+00:00,73.216,74.297,72.712,74.225,390921.52
2026-06-01 23:00:00+00:00,74.225,75.815,73.101,73.604,763610.46
2026-06-02 00:00:00+00:00,73.604,74.855,73.236,74.089,335465.84
2026-06-02 01:00:00+00:00,74.089,74.333,72.674,72.84,324894.87
2026-06-02 02:00:00+00:00,72.84,74.88,72.695,74.861,377164.71
2026-06-02 03:00:00+00:00,74.861,75.714,74.521,74.619,377825.81
2026-06-02 04:00:00+00:00,74.619,74.972,73.55,73.693,260516.32
2026-06-02 05:00:00+00:00,73.693,74.2,72.776,72.965,367907.17
2026-06-02 06:00:00+00:00,72.965,73.337,71.922,72.0,289050.94
2026-06-02 07:00:00+00:00,72.0,72.576,71.292,72.083,337034.71
2026-06-02 08:00:00+00:00,72.083,72.151,71.176,71.407,241756.31
2026-06-02 09:00:00+00:00,71.407,71.979,70.585,70.834,361515.69
2026-06-02 10:00:00+00:00,70.834,72.498,70.818,72.375,284074.09
2026-06-02 11:00:00+00:00,72.375,73.045,72.008,72.583,243746.09
2026-06-02 12:00:00+00:00,72.583,73.811,72.4,73.65,301678.33
2026-06-02 13:00:00+00:00,73.65,73.754,72.551,73.05,406325.77
2026-06-02 14:00:00+00:00,73.05,74.084,72.022,72.414,569864.88
2026-06-02 15:00:00+00:00,72.414,72.487,70.5,71.912,956661.93
2026-06-02 16:00:00+00:00,71.912,72.637,71.339,71.922,435122.22
2026-06-02 17:00:00+00:00,71.922,72.885,71.417,72.329,260666.98
2026-06-02 18:00:00+00:00,72.329,72.688,70.743,70.86,305897.71
2026-06-02 19:00:00+00:00,70.86,71.195,68.831,70.847,1012853.22
2026-06-02 20:00:00+00:00,70.847,71.649,69.333,69.914,466292.48
2026-06-02 21:00:00+00:00,69.914,70.193,68.8,68.884,225669.3
2026-06-02 22:00:00+00:00,68.884,69.279,67.803,68.476,358323.57
2026-06-02 23:00:00+00:00,68.476,69.879,68.229,69.805,344885.31
2026-06-03 00:00:00+00:00,69.805,70.962,69.5,69.754,379111.55
2026-06-03 01:00:00+00:00,69.754,70.066,68.466,69.19,238477.62
2026-06-03 02:00:00+00:00,69.19,70.237,69.024,70.121,161100.9
2026-06-03 03:00:00+00:00,70.121,70.919,69.245,70.598,473089.11
2026-06-03 04:00:00+00:00,70.598,72.918,70.556,72.734,562670.77
2026-06-03 05:00:00+00:00,72.734,73.672,72.335,72.71,492255.22
2026-06-03 06:00:00+00:00,72.71,73.105,72.01,72.457,209073.33
2026-06-03 07:00:00+00:00,72.457,73.459,72.118,73.045,203182.99
2026-06-03 08:00:00+00:00,73.045,73.219,72.088,72.261,214291.74
2026-06-03 09:00:00+00:00,72.261,72.891,71.519,71.795,255602.71
2026-06-03 10:00:00+00:00,71.795,73.159,71.742,73.129,182912.07
2026-06-03 11:00:00+00:00,73.129,73.516,72.07,72.329,249976.83
2026-06-03 12:00:00+00:00,72.329,73.44,72.125,73.317,243020.02
2026-06-03 13:00:00+00:00,73.317,74.0,72.223,72.771,479648.56
2026-06-03 14:00:00+00:00,72.771,72.864,71.656,72.777,362533.19
2026-06-03 15:00:00+00:00,72.777,73.599,71.888,72.094,416376.92
2026-06-03 16:00:00+00:00,72.094,72.739,71.396,72.735,355031.61
2026-06-03 17:00:00+00:00,72.735,73.985,71.794,73.741,449208.37
2026-06-03 18:00:00+00:00,73.741,74.664,72.722,74.105,467978.63
2026-06-03 19:00:00+00:00,74.105,74.526,73.074,73.4,275297.71
2026-06-03 20:00:00+00:00,73.4,73.896,72.011,72.389,364073.43
2026-06-03 21:00:00+00:00,72.389,75.4,72.389,74.963,552911.64
2026-06-03 22:00:00+00:00,74.963,75.577,74.56,74.759,345393.4
2026-06-03 23:00:00+00:00,74.759,75.37,74.048,74.522,205020.55
2026-06-04 00:00:00+00:00,74.522,75.474,73.345,74.141,348208.88
2026-06-04 01:00:00+00:00,74.141,74.392,72.1,72.202,486512.36
2026-06-04 02:00:00+00:00,72.202,73.663,70.013,72.613,1305914.39
2026-06-04 03:00:00+00:00,72.613,74.181,72.548,73.98,320146.24
2026-06-04 04:00:00+00:00,73.98,75.05,72.966,73.236,512855.33
2026-06-04 05:00:00+00:00,73.236,73.307,72.331,72.501,295735.27
2026-06-04 06:00:00+00:00,72.501,73.081,69.565,69.661,653439.9
2026-06-04 07:00:00+00:00,69.661,69.99,67.739,67.791,993988.74
2026-06-04 08:00:00+00:00,67.791,68.89,66.666,68.487,953362.18
2026-06-04 09:00:00+00:00,68.487,68.597,66.181,67.1,774935.3
2026-06-04 10:00:00+00:00,67.1,67.109,64.8,65.468,1082981.97
2026-06-04 11:00:00+00:00,65.468,67.04,64.874,66.567,769765.62
2026-06-04 12:00:00+00:00,66.567,68.068,65.324,67.739,768922.89
2026-06-04 13:00:00+00:00,67.739,67.867,65.518,67.115,718591.67
2026-06-04 14:00:00+00:00,67.115,67.669,66.828,67.167,391774.81
2026-06-04 15:00:00+00:00,67.167,68.5,66.588,67.425,578689.81
2026-06-04 16:00:00+00:00,67.425,68.906,67.273,68.887,395451.98
2026-06-04 17:00:00+00:00,68.887,68.894,66.053,66.742,566755.1
2026-06-04 18:00:00+00:00,66.742,67.59,66.001,66.727,294285.82
2026-06-04 19:00:00+00:00,66.727,67.14,65.748,66.475,373666.17
2026-06-04 20:00:00+00:00,66.475,67.743,66.017,67.113,299611.75
2026-06-04 21:00:00+00:00,67.113,67.506,64.309,64.681,495722.95
2026-06-04 22:00:00+00:00,64.681,65.553,63.019,64.269,639614.56
2026-06-04 23:00:00+00:00,64.269,65.101,63.241,64.415,356833.41
2026-06-05 00:00:00+00:00,64.415,64.918,62.913,64.08,510333.21
2026-06-05 01:00:00+00:00,64.08,65.997,63.367,65.726,430781.8
2026-06-05 02:00:00+00:00,65.726,65.86,63.596,63.674,278996.67
2026-06-05 03:00:00+00:00,63.674,64.024,61.559,61.754,662126.14
2026-06-05 04:00:00+00:00,61.754,63.489,61.254,63.324,739037.31
2026-06-05 05:00:00+00:00,63.324,63.825,60.764,61.53,820165.23
2026-06-05 06:00:00+00:00,61.53,61.998,59.139,60.784,1285608.89
2026-06-05 07:00:00+00:00,60.784,62.921,58.894,62.702,1434553.41
2026-06-05 08:00:00+00:00,62.702,62.71,60.856,61.33,451250.61
2026-06-05 09:00:00+00:00,61.33,62.428,61.083,61.643,527537.02
2026-06-05 10:00:00+00:00,61.643,61.934,60.814,61.861,350085.8
2026-06-05 11:00:00+00:00,61.861,62.642,61.254,61.691,308203.63
2026-06-05 12:00:00+00:00,61.691,62.598,61.142,62.455,336634.47
2026-06-05 13:00:00+00:00,62.455,62.911,60.586,60.786,681476.53
2026-06-05 14:00:00+00:00,60.786,63.493,60.761,61.332,817602.18
2026-06-05 15:00:00+00:00,61.332,61.484,57.2,57.796,1678524.12
2026-06-05 16:00:00+00:00,57.796,60.406,57.035,59.644,1420475.51
2026-06-05 17:00:00+00:00,59.644,59.971,57.58,57.935,690859.54
2026-06-05 18:00:00+00:00,57.935,58.32,56.638,57.221,617494.76
2026-06-05 19:00:00+00:00,57.221,58.933,56.659,58.507,605989.13
2026-06-05 20:00:00+00:00,58.507,59.775,58.063,59.442,378902.43
2026-06-05 21:00:00+00:00,59.442,60.639,59.037,59.727,241520.1
2026-06-05 22:00:00+00:00,59.727,60.249,58.995,59.447,226854.45
2026-06-05 23:00:00+00:00,59.447,59.955,58.753,59.702,210417.66
2026-06-06 00:00:00+00:00,59.702,60.922,59.582,60.728,230696.65
2026-06-06 01:00:00+00:00,60.728,61.136,59.565,59.566,266046.33
2026-06-06 02:00:00+00:00,59.566,59.911,59.024,59.596,200184.95
2026-06-06 03:00:00+00:00,59.596,59.631,58.639,58.839,205769.7
2026-06-06 04:00:00+00:00,58.839,59.235,57.366,58.187,490801.79
2026-06-06 05:00:00+00:00,58.187,59.574,57.5,59.394,354019.54
2026-06-06 06:00:00+00:00,59.394,59.991,59.034,59.485,231518.2
2026-06-06 07:00:00+00:00,59.485,60.499,59.211,59.876,244509.46
2026-06-06 08:00:00+00:00,59.876,60.979,59.439,59.955,213025.21
2026-06-06 09:00:00+00:00,59.955,60.278,59.082,59.371,185686.41
2026-06-06 10:00:00+00:00,59.371,59.405,58.136,58.53,270391.06
2026-06-06 11:00:00+00:00,58.53,59.809,58.495,59.64,208079.03
2026-06-06 12:00:00+00:00,59.64,59.931,58.824,59.28,199473.41
2026-06-06 13:00:00+00:00,59.28,59.324,58.493,58.636,158415.04
2026-06-06 14:00:00+00:00,58.636,58.988,58.245,58.369,145320.81
2026-06-06 15:00:00+00:00,58.369,58.616,57.603,58.291,313900.33
2026-06-06 16:00:00+00:00,58.291,58.7,57.696,57.845,228550.92
2026-06-06 17:00:00+00:00,57.845,58.144,56.97,57.191,240896.69
2026-06-06 18:00:00+00:00,57.191,57.666,56.419,56.9,323820.51
2026-06-06 19:00:00+00:00,56.9,57.099,55.542,55.561,526018.81
2026-06-06 20:00:00+00:00,55.561,56.647,55.455,56.452,241157.5
2026-06-06 21:00:00+00:00,56.452,56.993,56.452,56.615,129253.53
2026-06-06 22:00:00+00:00,56.615,56.792,56.021,56.445,124554.31
2026-06-06 23:00:00+00:00,56.445,56.942,56.142,56.494,106337.99
2026-06-07 00:00:00+00:00,56.494,57.586,55.945,57.131,641043.8
2026-06-07 01:00:00+00:00,57.131,58.5,57.016,58.066,438893.96
2026-06-07 02:00:00+00:00,58.066,58.306,57.506,57.903,185685.3
2026-06-07 03:00:00+00:00,57.903,58.3,57.376,57.816,226370.06
2026-06-07 04:00:00+00:00,57.816,59.184,57.511,59.124,344839.19
2026-06-07 05:00:00+00:00,59.124,59.792,58.949,59.45,266535.6
2026-06-07 06:00:00+00:00,59.45,59.818,59.283,59.72,162183.24
2026-06-07 07:00:00+00:00,59.72,59.998,59.347,59.84,173431.18
2026-06-07 08:00:00+00:00,59.84,60.398,59.595,59.894,281558.14
2026-06-07 09:00:00+00:00,59.894,60.439,58.911,58.98,343185.5
2026-06-07 10:00:00+00:00,58.98,59.252,58.556,58.823,175123.22
2026-06-07 11:00:00+00:00,58.823,59.4,58.512,58.853,128692.93
2026-06-07 12:00:00+00:00,58.853,58.91,56.545,57.795,871770.16
2026-06-07 13:00:00+00:00,57.795,57.97,57.277,57.874,175697.86
2026-06-07 14:00:00+00:00,57.874,59.19,57.874,58.931,481127.71
2026-06-07 15:00:00+00:00,58.931,59.135,57.744,58.414,440338.72
2026-06-07 16:00:00+00:00,58.414,58.793,58.053,58.477,180521.66
2026-06-07 17:00:00+00:00,58.477,59.191,58.441,58.959,129181.18
2026-06-07 18:00:00+00:00,58.959,59.45,58.649,58.696,181967.76
2026-06-07 19:00:00+00:00,58.696,58.738,56.851,57.56,362651.88
2026-06-07 20:00:00+00:00,57.56,58.638,57.433,58.383,163175.49
2026-06-07 21:00:00+00:00,58.383,58.678,58.001,58.366,74130.32
2026-06-07 22:00:00+00:00,58.366,59.919,58.218,58.856,376556.6
2026-06-07 23:00:00+00:00,58.856,59.779,58.658,59.715,157078.36
2026-06-08 00:00:00+00:00,59.715,61.941,59.524,61.187,1001039.09
2026-06-08 01:00:00+00:00,61.187,61.204,59.269,60.009,547982.11
2026-06-08 02:00:00+00:00,60.009,61.673,59.821,61.538,395218.31
2026-06-08 03:00:00+00:00,61.538,62.074,60.77,61.296,300034.98
2026-06-08 04:00:00+00:00,61.296,61.39,60.167,60.591,221042.88
2026-06-08 05:00:00+00:00,60.591,61.491,60.59,61.49,229673.59
2026-06-08 06:00:00+00:00,61.49,63.234,61.474,63.1,404175.24
2026-06-08 07:00:00+00:00,63.1,63.417,62.658,63.029,230304.56
2026-06-08 08:00:00+00:00,63.029,63.149,61.01,61.468,897349.99
2026-06-08 09:00:00+00:00,61.468,61.666,61.0,61.401,229425.09
2026-06-08 10:00:00+00:00,61.401,61.823,61.131,61.407,207689.03
2026-06-08 11:00:00+00:00,61.407,62.419,61.084,62.108,289750.96
2026-06-08 12:00:00+00:00,62.108,62.969,61.241,62.889,366999.8
2026-06-08 13:00:00+00:00,62.889,64.955,62.365,64.535,1418698.36
2026-06-08 14:00:00+00:00,64.535,65.044,64.122,64.683,496167.75
2026-06-08 15:00:00+00:00,64.683,65.765,64.34,64.785,614836.6
2026-06-08 16:00:00+00:00,64.785,64.997,63.514,63.695,364723.98
2026-06-08 17:00:00+00:00,63.695,64.394,63.286,64.129,226579.02
2026-06-08 18:00:00+00:00,64.129,64.691,63.884,64.381,196436.16
2026-06-08 19:00:00+00:00,64.381,64.688,63.331,63.662,318387.57
2026-06-08 20:00:00+00:00,63.662,63.927,63.193,63.925,180209.68
2026-06-08 21:00:00+00:00,63.925,64.552,63.732,64.049,164853.37
2026-06-08 22:00:00+00:00,64.049,64.102,62.756,63.232,319649.55
2026-06-08 23:00:00+00:00,63.232,63.776,63.05,63.775,204454.5
2026-06-09 00:00:00+00:00,63.775,63.989,62.038,62.148,338972.46
2026-06-09 01:00:00+00:00,62.148,62.933,61.838,62.75,220356.57
2026-06-09 02:00:00+00:00,62.75,62.897,61.407,62.311,179050.33
2026-06-09 03:00:00+00:00,62.311,62.75,61.28,61.602,226528.09
2026-06-09 04:00:00+00:00,61.602,62.174,60.804,61.873,374635.53
2026-06-09 05:00:00+00:00,61.873,62.549,61.181,61.944,210643.63
2026-06-09 06:00:00+00:00,61.944,62.443,61.4,61.787,168583.64
2026-06-09 07:00:00+00:00,61.787,62.328,61.672,62.189,160982.13
2026-06-09 08:00:00+00:00,62.189,62.875,61.434,62.555,237465.05
2026-06-09 09:00:00+00:00,62.555,62.765,61.847,62.275,169510.79
2026-06-09 10:00:00+00:00,62.275,62.467,61.736,62.116,134070.58
2026-06-09 11:00:00+00:00,62.116,62.182,61.558,61.779,135071.37
2026-06-09 12:00:00+00:00,61.779,62.306,61.756,62.08,184009.41
2026-06-09 13:00:00+00:00,62.08,62.281,60.537,60.563,518739.54
2026-06-09 14:00:00+00:00,60.563,60.833,59.306,59.935,643080.68
2026-06-09 15:00:00+00:00,59.935,60.461,58.62,58.878,596211.14
2026-06-09 16:00:00+00:00,58.878,59.485,58.433,58.793,493194.18
2026-06-09 17:00:00+00:00,58.793,59.371,58.668,59.045,261402.05
2026-06-09 18:00:00+00:00,59.045,59.296,58.59,58.92,182134.59
2026-06-09 19:00:00+00:00,58.92,59.286,57.864,58.592,325918.35
2026-06-09 20:00:00+00:00,58.592,59.438,58.301,59.4,187266.09
2026-06-09 21:00:00+00:00,59.4,59.458,57.661,57.961,255326.13
2026-06-09 22:00:00+00:00,57.961,58.34,57.515,57.605,191334.95
2026-06-09 23:00:00+00:00,57.605,57.909,57.3,57.772,128832.52
2026-06-10 00:00:00+00:00,57.772,58.162,54.711,57.096,726212.79
2026-06-10 01:00:00+00:00,57.096,57.327,56.55,57.285,251679.29
2026-06-10 02:00:00+00:00,57.285,57.423,55.556,55.741,319722.11
2026-06-10 03:00:00+00:00,55.741,57.001,55.714,56.574,175135.69
2026-06-10 04:00:00+00:00,56.574,56.616,55.24,55.529,220204.7
2026-06-10 05:00:00+00:00,55.529,55.714,55.047,55.351,263592.22
2026-06-10 06:00:00+00:00,55.351,55.676,55.053,55.19,170777.34
2026-06-10 07:00:00+00:00,55.19,56.222,55.089,55.684,275987.3
2026-06-10 08:00:00+00:00,55.684,55.83,55.201,55.755,168605.84
2026-06-10 09:00:00+00:00,55.755,56.1,55.3,55.937,199883.96
2026-06-10 10:00:00+00:00,55.937,56.56,55.358,56.377,218944.66
2026-06-10 11:00:00+00:00,56.377,56.557,55.528,55.62,230437.75
2026-06-10 12:00:00+00:00,55.62,56.717,54.726,56.193,654253.29
2026-06-10 13:00:00+00:00,56.193,58.052,55.934,57.428,768333.45
2026-06-10 14:00:00+00:00,57.428,58.296,57.237,58.017,577073.49
2026-06-10 15:00:00+00:00,58.017,58.253,56.576,57.453,563942.5
2026-06-10 16:00:00+00:00,57.453,57.484,55.542,55.697,516628.26
2026-06-10 17:00:00+00:00,55.697,56.323,54.863,55.548,556889.86
2026-06-10 18:00:00+00:00,55.548,55.757,54.072,54.686,502112.96
2026-06-10 19:00:00+00:00,54.686,54.818,53.568,53.893,480999.5
2026-06-10 20:00:00+00:00,53.893,54.291,53.494,53.709,274911.44
2026-06-10 21:00:00+00:00,53.709,54.108,53.109,53.301,311317.56
2026-06-10 22:00:00+00:00,53.301,53.562,52.583,53.255,393038.63
2026-06-10 23:00:00+00:00,53.255,53.639,52.643,53.289,228603.4
2026-06-11 00:00:00+00:00,53.289,53.736,52.816,53.233,224974.33
2026-06-11 01:00:00+00:00,53.233,54.616,53.233,54.528,360248.37
2026-06-11 02:00:00+00:00,54.528,54.553,53.538,54.133,199556.61
2026-06-11 03:00:00+00:00,54.133,55.312,53.978,55.152,264630.16
2026-06-11 04:00:00+00:00,55.152,55.19,54.384,54.724,227867.18
2026-06-11 05:00:00+00:00,54.724,55.624,54.313,55.516,273834.31
2026-06-11 06:00:00+00:00,55.516,56.343,55.447,55.516,283356.0
2026-06-11 07:00:00+00:00,55.516,56.022,55.355,55.551,208066.3
2026-06-11 08:00:00+00:00,55.551,56.306,55.482,56.013,194903.89
2026-06-11 09:00:00+00:00,56.013,56.213,55.55,56.067,158339.7
2026-06-11 10:00:00+00:00,56.067,56.233,55.61,55.903,125979.58
2026-06-11 11:00:00+00:00,55.903,57.116,55.851,56.816,442806.91
2026-06-11 12:00:00+00:00,56.816,57.013,55.688,56.248,374035.74
2026-06-11 13:00:00+00:00,56.248,57.545,56.046,57.004,348436.9
2026-06-11 14:00:00+00:00,57.004,57.181,56.234,56.462,238599.63
2026-06-11 15:00:00+00:00,56.462,57.298,56.137,56.72,237502.15
2026-06-11 16:00:00+00:00,56.72,56.853,56.101,56.224,191219.58
2026-06-11 17:00:00+00:00,56.224,58.869,55.805,58.377,733476.09
2026-06-11 18:00:00+00:00,58.377,58.681,57.492,58.311,525632.37
2026-06-11 19:00:00+00:00,58.311,59.589,57.975,58.643,489782.68
2026-06-11 20:00:00+00:00,58.643,59.088,58.131,58.321,277642.48
2026-06-11 21:00:00+00:00,58.321,59.137,58.31,58.836,205420.92
2026-06-11 22:00:00+00:00,58.836,59.23,58.52,58.551,159927.88
2026-06-11 23:00:00+00:00,58.551,59.6,58.282,58.945,223694.76
2026-06-12 00:00:00+00:00,58.945,59.763,58.847,59.198,169441.55
2026-06-12 01:00:00+00:00,59.198,59.198,58.24,58.408,153870.86
2026-06-12 02:00:00+00:00,58.408,59.466,58.197,59.32,148140.79
2026-06-12 03:00:00+00:00,59.32,59.479,58.906,59.226,118056.99
2026-06-12 04:00:00+00:00,59.226,59.438,58.604,58.67,195880.22
2026-06-12 05:00:00+00:00,58.67,58.732,58.022,58.049,182983.13
2026-06-12 06:00:00+00:00,58.049,58.227,56.82,57.128,495056.24
2026-06-12 07:00:00+00:00,57.128,57.473,56.782,56.951,162046.95
2026-06-12 08:00:00+00:00,56.951,58.655,56.925,58.621,251494.67
2026-06-12 09:00:00+00:00,58.621,59.365,58.281,59.178,221625.88
2026-06-12 10:00:00+00:00,59.178,59.469,58.629,59.081,259085.75
2026-06-12 11:00:00+00:00,59.081,59.586,58.995,59.217,145527.98
2026-06-12 12:00:00+00:00,59.217,60.732,59.003,60.369,426614.45
2026-06-12 13:00:00+00:00,60.369,60.726,59.279,59.668,363441.19
2026-06-12 14:00:00+00:00,59.668,60.46,59.283,60.421,354281.0
2026-06-12 15:00:00+00:00,60.421,61.21,59.701,59.742,453855.05
2026-06-12 16:00:00+00:00,59.742,61.488,59.4,61.002,587661.84
2026-06-12 17:00:00+00:00,61.002,62.436,60.97,61.884,452005.64
2026-06-12 18:00:00+00:00,61.884,62.139,61.05,61.134,250317.17
2026-06-12 19:00:00+00:00,61.134,61.218,60.456,60.79,152184.22
2026-06-12 20:00:00+00:00,60.79,61.337,60.5,60.81,181650.5
2026-06-12 21:00:00+00:00,60.81,61.161,60.133,60.497,146786.8
2026-06-12 22:00:00+00:00,60.497,60.9,60.23,60.654,158075.89
2026-06-12 23:00:00+00:00,60.654,60.696,59.223,59.278,269625.99
2026-06-13 00:00:00+00:00,59.278,59.364,58.86,59.28,156334.61
2026-06-13 01:00:00+00:00,59.28,59.476,58.911,59.396,97018.79
2026-06-13 02:00:00+00:00,59.396,59.697,59.121,59.214,119668.29
2026-06-13 03:00:00+00:00,59.214,59.305,58.269,58.569,234724.61
2026-06-13 04:00:00+00:00,58.569,58.641,57.828,57.935,143443.93
2026-06-13 05:00:00+00:00,57.935,58.016,57.233,57.839,243339.86
2026-06-13 06:00:00+00:00,57.839,58.822,57.82,58.723,244917.82
2026-06-13 07:00:00+00:00,58.723,58.981,58.363,58.759,172547.86
2026-06-13 08:00:00+00:00,58.759,59.212,58.56,58.871,162626.58
2026-06-13 09:00:00+00:00,58.871,58.947,58.25,58.382,112773.09
2026-06-13 10:00:00+00:00,58.382,58.506,57.806,58.05,172543.58
2026-06-13 11:00:00+00:00,58.05,58.778,57.938,58.625,158366.23
2026-06-13 12:00:00+00:00,58.625,59.556,58.492,59.425,227152.27
2026-06-13 13:00:00+00:00,59.425,59.665,58.906,59.009,186750.98
2026-06-13 14:00:00+00:00,59.009,60.257,58.931,60.234,239280.76
2026-06-13 15:00:00+00:00,60.234,60.439,59.755,59.902,210504.04
2026-06-13 16:00:00+00:00,59.902,60.27,59.45,60.138,212959.04
2026-06-13 17:00:00+00:00,60.138,60.199,58.96,58.999,200401.6
2026-06-13 18:00:00+00:00,58.999,59.889,58.868,59.861,158153.89
2026-06-13 19:00:00+00:00,59.861,60.004,59.623,59.865,73689.09
2026-06-13 20:00:00+00:00,59.865,59.997,59.628,59.909,37671.82
2026-06-13 21:00:00+00:00,59.909,60.748,59.772,60.5,105863.54
2026-06-13 22:00:00+00:00,60.5,60.535,60.201,60.223,54992.57
2026-06-13 23:00:00+00:00,60.223,60.873,60.108,60.665,111023.42
2026-06-14 00:00:00+00:00,60.665,60.939,60.385,60.858,72434.93
2026-06-14 01:00:00+00:00,60.858,61.115,60.502,60.577,73178.1
2026-06-14 02:00:00+00:00,60.577,61.222,60.5,60.801,116284.75
2026-06-14 03:00:00+00:00,60.801,60.91,60.301,60.571,76479.02
2026-06-14 04:00:00+00:00,60.571,60.643,59.921,60.106,106173.48
2026-06-14 05:00:00+00:00,60.106,60.232,59.839,59.938,114840.16
2026-06-14 06:00:00+00:00,59.938,60.316,59.635,59.879,137344.16
2026-06-14 07:00:00+00:00,59.879,60.566,59.781,60.078,163619.65
2026-06-14 08:00:00+00:00,60.078,60.342,59.676,60.238,151641.69
2026-06-14 09:00:00+00:00,60.238,60.86,59.896,60.834,195972.14
2026-06-14 10:00:00+00:00,60.834,61.589,60.503,61.006,370927.9
2026-06-14 11:00:00+00:00,61.006,61.253,60.55,61.019,242938.98
2026-06-14 12:00:00+00:00,61.019,61.338,60.643,60.856,148014.4
2026-06-14 13:00:00+00:00,60.856,61.292,60.579,61.044,125145.91
2026-06-14 14:00:00+00:00,61.044,61.075,59.603,60.288,317688.19
2026-06-14 15:00:00+00:00,60.288,60.715,60.208,60.225,129615.76
2026-06-14 16:00:00+00:00,60.225,60.506,59.91,59.945,108260.88
2026-06-14 17:00:00+00:00,59.945,60.369,59.735,59.784,88549.69
2026-06-14 18:00:00+00:00,59.784,60.419,59.617,60.343,100084.09
2026-06-14 19:00:00+00:00,60.343,60.773,60.177,60.494,88904.8
2026-06-14 20:00:00+00:00,60.494,60.733,60.232,60.469,74854.55
2026-06-14 21:00:00+00:00,60.469,63.701,60.334,63.003,638701.12
2026-06-14 22:00:00+00:00,63.003,63.628,62.211,62.996,625611.68
2026-06-14 23:00:00+00:00,62.996,64.085,62.93,63.857,255528.54
2026-06-15 00:00:00+00:00,63.857,64.255,63.448,63.93,260231.1
2026-06-15 01:00:00+00:00,63.93,63.969,63.089,63.569,168688.13
2026-06-15 02:00:00+00:00,63.569,64.995,63.415,64.774,355355.94
2026-06-15 03:00:00+00:00,64.774,65.294,64.53,65.265,186080.48
2026-06-15 04:00:00+00:00,65.265,65.739,64.745,64.81,291457.77
2026-06-15 05:00:00+00:00,64.81,65.133,64.518,64.745,142899.97
2026-06-15 06:00:00+00:00,64.745,65.208,64.382,65.174,212547.21
2026-06-15 07:00:00+00:00,65.174,65.837,64.782,65.192,291836.13
2026-06-15 08:00:00+00:00,65.192,65.985,65.071,65.961,198394.09
2026-06-15 09:00:00+00:00,65.961,66.586,65.541,66.485,421625.39
2026-06-15 10:00:00+00:00,66.485,68.083,66.378,67.778,402168.87
2026-06-15 11:00:00+00:00,67.778,68.464,67.554,67.91,318331.51
2026-06-15 12:00:00+00:00,67.91,68.3,67.291,67.996,306342.89
2026-06-15 13:00:00+00:00,67.996,68.2,66.84,66.925,362284.67
2026-06-15 14:00:00+00:00,66.925,68.104,66.619,67.969,339052.06
2026-06-15 15:00:00+00:00,67.969,68.371,67.301,67.99,275404.94
2026-06-15 16:00:00+00:00,67.99,68.4,67.458,68.33,384709.71
2026-06-15 17:00:00+00:00,68.33,68.69,67.831,68.066,211347.27
2026-06-15 18:00:00+00:00,68.066,68.37,67.634,67.929,114492.46
2026-06-15 19:00:00+00:00,67.929,68.231,66.952,67.145,212488.44
2026-06-15 20:00:00+00:00,67.145,67.662,66.954,67.371,120637.99
2026-06-15 21:00:00+00:00,67.371,68.188,67.286,68.061,77906.23
2026-06-15 22:00:00+00:00,68.061,68.35,66.407,66.442,317124.76
2026-06-15 23:00:00+00:00,66.442,66.931,66.027,66.859,161287.07
2026-06-16 00:00:00+00:00,66.859,67.565,66.335,67.29,184145.39
2026-06-16 01:00:00+00:00,67.29,67.676,67.059,67.3,176877.4
2026-06-16 02:00:00+00:00,67.3,67.616,66.778,67.463,150068.73
2026-06-16 03:00:00+00:00,67.463,69.76,67.338,69.742,464482.83
2026-06-16 04:00:00+00:00,69.742,70.489,69.018,70.38,282059.54
2026-06-16 05:00:00+00:00,70.38,72.273,70.305,71.78,475017.73
2026-06-16 06:00:00+00:00,71.78,72.755,71.504,72.694,390525.3
2026-06-16 07:00:00+00:00,72.694,73.063,71.852,72.949,304880.47
2026-06-16 08:00:00+00:00,72.949,74.038,72.534,73.711,334490.39
2026-06-16 09:00:00+00:00,73.711,73.949,72.966,73.44,251132.51
2026-06-16 10:00:00+00:00,73.44,76.479,73.245,75.351,690970.87
2026-06-16 11:00:00+00:00,75.351,76.088,74.42,75.571,484376.52
2026-06-16 12:00:00+00:00,75.571,76.993,74.829,76.938,538281.62
2026-06-16 13:00:00+00:00,76.938,76.938,75.289,75.778,541570.04
2026-06-16 14:00:00+00:00,75.778,76.516,73.26,73.44,903809.27
2026-06-16 15:00:00+00:00,73.44,75.116,73.333,74.874,429956.93
2026-06-16 16:00:00+00:00,74.874,75.289,73.332,73.678,449787.68
2026-06-16 17:00:00+00:00,73.678,74.268,72.752,73.979,327763.04
2026-06-16 18:00:00+00:00,73.979,75.004,72.435,72.787,478755.32
2026-06-16 19:00:00+00:00,72.787,73.422,72.03,72.449,401375.57
2026-06-16 20:00:00+00:00,72.449,73.402,72.066,73.348,180358.73
2026-06-16 21:00:00+00:00,73.348,73.651,72.79,73.42,93385.33
2026-06-16 22:00:00+00:00,73.42,73.946,72.92,73.416,146186.35
2026-06-16 23:00:00+00:00,73.416,73.797,72.865,73.565,98834.59
2026-06-17 00:00:00+00:00,73.565,73.87,72.555,72.761,189903.69
2026-06-17 01:00:00+00:00,72.761,74.769,72.747,74.378,264047.42
2026-06-17 02:00:00+00:00,74.378,74.862,74.014,74.776,180492.19
2026-06-17 03:00:00+00:00,74.776,75.049,74.253,74.445,164610.25
2026-06-17 04:00:00+00:00,74.445,75.322,74.269,74.459,190782.28
2026-06-17 05:00:00+00:00,74.459,74.713,73.404,74.301,238445.19
2026-06-17 06:00:00+00:00,74.301,74.335,72.808,73.381,258769.44
2026-06-17 07:00:00+00:00,73.381,73.78,72.945,73.418,237088.55
2026-06-17 08:00:00+00:00,73.418,73.499,72.15,72.391,330861.03
2026-06-17 09:00:00+00:00,72.391,73.176,72.3,73.049,215268.07
2026-06-17 10:00:00+00:00,73.049,73.059,72.039,72.242,178689.8
2026-06-17 11:00:00+00:00,72.242,72.417,70.643,70.994,506805.77
2026-06-17 12:00:00+00:00,70.994,71.639,69.876,71.406,562752.21
2026-06-17 13:00:00+00:00,71.406,72.348,70.927,71.69,339666.54
2026-06-17 14:00:00+00:00,71.69,72.613,71.223,72.111,404785.25
2026-06-17 15:00:00+00:00,72.111,74.563,71.827,74.33,547602.56
2026-06-17 16:00:00+00:00,74.33,76.639,74.33,75.259,1031495.18
2026-06-17 17:00:00+00:00,75.259,75.435,73.779,74.324,534557.77
2026-06-17 18:00:00+00:00,74.324,75.293,72.718,73.627,902863.99
2026-06-17 19:00:00+00:00,73.627,74.0,70.918,72.222,1339920.76
2026-06-17 20:00:00+00:00,72.222,72.772,71.506,72.364,484350.05
2026-06-17 21:00:00+00:00,72.364,72.613,70.396,71.042,452681.39
2026-06-17 22:00:00+00:00,71.042,71.537,70.179,70.938,426443.02
2026-06-17 23:00:00+00:00,70.938,71.748,70.919,71.106,153156.04
2026-06-18 00:00:00+00:00,71.106,72.483,71.026,72.271,262654.71
2026-06-18 01:00:00+00:00,72.271,73.732,72.011,72.379,558924.95
2026-06-18 02:00:00+00:00,72.379,72.741,71.935,72.47,153098.07
2026-06-18 03:00:00+00:00,72.47,72.517,70.637,70.963,480806.92
2026-06-18 04:00:00+00:00,70.963,71.12,68.661,69.234,682385.09
2026-06-18 05:00:00+00:00,69.234,69.726,68.531,69.691,358233.67
2026-06-18 06:00:00+00:00,69.691,71.248,69.506,71.166,343012.92
2026-06-18 07:00:00+00:00,71.166,71.631,70.58,71.495,283983.32
2026-06-18 08:00:00+00:00,71.495,72.749,71.109,71.836,583388.08
2026-06-18 09:00:00+00:00,71.836,72.785,71.667,71.826,349751.83
2026-06-18 10:00:00+00:00,71.826,72.594,71.261,72.163,339881.63
2026-06-18 11:00:00+00:00,72.163,72.585,70.523,70.905,385146.89
2026-06-18 12:00:00+00:00,70.905,72.036,70.66,71.671,274781.01
2026-06-18 13:00:00+00:00,71.671,72.296,70.237,70.621,546853.26
2026-06-18 14:00:00+00:00,70.621,70.88,68.973,69.288,637191.71
2026-06-18 15:00:00+00:00,69.288,69.333,67.318,67.502,772998.5
2026-06-18 16:00:00+00:00,67.502,68.237,66.82,67.47,625041.66
2026-06-18 17:00:00+00:00,67.47,67.618,66.504,66.58,450802.5
2026-06-18 18:00:00+00:00,66.58,68.275,66.52,67.83,405283.49
2026-06-18 19:00:00+00:00,67.83,68.695,67.622,68.128,275625.53
2026-06-18 20:00:00+00:00,68.128,69.252,68.122,68.84,262997.53
2026-06-18 21:00:00+00:00,68.84,68.97,67.184,67.951,409910.99
2026-06-18 22:00:00+00:00,67.951,68.045,67.595,67.748,116412.96
2026-06-18 23:00:00+00:00,67.748,68.507,67.265,68.312,290559.03
2026-06-19 00:00:00+00:00,68.312,68.319,67.635,67.691,94992.59
2026-06-19 01:00:00+00:00,67.691,67.769,66.729,67.652,228016.79
2026-06-19 02:00:00+00:00,67.652,68.166,66.974,68.15,163416.12
2026-06-19 03:00:00+00:00,68.15,68.263,66.619,66.742,333364.3
2026-06-19 04:00:00+00:00,66.742,67.665,65.527,65.729,662389.94
2026-06-19 05:00:00+00:00,65.729,66.809,65.713,66.764,203231.98
2026-06-19 06:00:00+00:00,66.764,67.775,66.462,67.652,406083.4
2026-06-19 07:00:00+00:00,67.652,67.752,66.185,66.534,254472.24
2026-06-19 08:00:00+00:00,66.534,67.678,66.534,67.412,187387.07
2026-06-19 09:00:00+00:00,67.412,67.697,66.624,66.679,242436.86
2026-06-19 10:00:00+00:00,66.679,67.224,66.371,67.035,141764.32
2026-06-19 11:00:00+00:00,67.035,67.628,66.688,67.351,150875.71
2026-06-19 12:00:00+00:00,67.351,68.359,66.443,68.314,523450.56
2026-06-19 13:00:00+00:00,68.314,69.376,67.355,68.78,471305.11
2026-06-19 14:00:00+00:00,68.78,69.126,67.77,68.772,292669.0
2026-06-19 15:00:00+00:00,68.772,69.54,68.729,69.318,308548.2
2026-06-19 16:00:00+00:00,69.318,70.774,69.205,69.696,540963.59
2026-06-19 17:00:00+00:00,69.696,70.721,69.112,70.524,412453.58
2026-06-19 18:00:00+00:00,70.524,71.346,70.203,70.604,290710.08
2026-06-19 19:00:00+00:00,70.604,71.356,70.292,70.5,245586.54
2026-06-19 20:00:00+00:00,70.5,70.935,69.669,70.277,218297.71
2026-06-19 21:00:00+00:00,70.277,70.554,69.143,69.344,169426.74
2026-06-19 22:00:00+00:00,69.344,70.173,68.9,69.888,207351.75
2026-06-19 23:00:00+00:00,69.888,70.492,69.438,70.265,179482.16
2026-06-20 00:00:00+00:00,70.265,70.382,69.074,69.22,189026.26
2026-06-20 01:00:00+00:00,69.22,69.634,68.727,69.354,213462.68
2026-06-20 02:00:00+00:00,69.354,69.406,68.401,68.52,185439.34
2026-06-20 03:00:00+00:00,68.52,69.212,68.5,68.934,115495.18
2026-06-20 04:00:00+00:00,68.934,70.069,68.656,70.022,170749.36
2026-06-20 05:00:00+00:00,70.022,70.588,69.873,70.304,185843.74
2026-06-20 06:00:00+00:00,70.304,70.927,70.293,70.433,144413.46
2026-06-20 07:00:00+00:00,70.433,70.552,69.797,69.966,197540.63
2026-06-20 08:00:00+00:00,69.966,70.983,69.916,70.707,219083.79
2026-06-20 09:00:00+00:00,70.707,70.875,70.163,70.75,136904.87
2026-06-20 10:00:00+00:00,70.75,71.17,70.497,70.755,187709.08
2026-06-20 11:00:00+00:00,70.755,71.296,70.41,71.046,142883.03
2026-06-20 12:00:00+00:00,71.046,71.459,70.594,70.785,224767.76
2026-06-20 13:00:00+00:00,70.785,70.808,69.252,69.565,346631.86
2026-06-20 14:00:00+00:00,69.565,71.167,68.692,70.745,482301.68
2026-06-20 15:00:00+00:00,70.745,71.234,70.45,71.083,293862.1
2026-06-20 16:00:00+00:00,71.083,71.1,69.659,69.791,236889.83
2026-06-20 17:00:00+00:00,69.791,69.873,68.943,69.495,335387.54
2026-06-20 18:00:00+00:00,69.495,69.802,69.42,69.735,141778.32
2026-06-20 19:00:00+00:00,69.735,69.999,69.615,69.846,101424.13
2026-06-20 20:00:00+00:00,69.846,69.964,69.375,69.791,101704.45
2026-06-20 21:00:00+00:00,69.791,70.219,69.744,69.986,100913.56
2026-06-20 22:00:00+00:00,69.986,70.816,69.936,70.595,116311.68
2026-06-20 23:00:00+00:00,70.595,71.012,70.536,70.729,87942.78
2026-06-21 00:00:00+00:00,70.729,70.782,70.231,70.468,102331.03
2026-06-21 01:00:00+00:00,70.468,70.879,70.314,70.433,85306.81
2026-06-21 02:00:00+00:00,70.433,70.641,69.809,69.827,110950.76
2026-06-21 03:00:00+00:00,69.827,70.388,69.65,69.686,140957.23
2026-06-21 04:00:00+00:00,69.686,70.098,69.218,69.46,136787.39
2026-06-21 05:00:00+00:00,69.46,69.539,69.012,69.434,145423.15
2026-06-21 06:00:00+00:00,69.434,69.519,69.011,69.2,105038.34
2026-06-21 07:00:00+00:00,69.2,69.52,68.182,68.529,249670.26
2026-06-21 08:00:00+00:00,68.529,68.614,67.26,67.727,334557.38
2026-06-21 09:00:00+00:00,67.727,68.345,67.623,68.262,248099.65
2026-06-21 10:00:00+00:00,68.262,68.613,68.123,68.4,126182.41
2026-06-21 11:00:00+00:00,68.4,68.434,67.566,67.795,184328.19
2026-06-21 12:00:00+00:00,67.795,68.081,67.279,68.001,197611.22
2026-06-21 13:00:00+00:00,68.001,68.001,67.609,67.899,87460.97
2026-06-21 14:00:00+00:00,67.899,68.191,67.402,68.105,189467.7
2026-06-21 15:00:00+00:00,68.105,68.793,68.034,68.681,201109.71
2026-06-21 16:00:00+00:00,68.681,68.75,67.74,68.007,206429.56
2026-06-21 17:00:00+00:00,68.007,68.375,67.766,67.884,84494.31
2026-06-21 18:00:00+00:00,67.884,68.546,67.581,68.327,171826.87
2026-06-21 19:00:00+00:00,68.327,68.68,68.071,68.554,82014.67
2026-06-21 20:00:00+00:00,68.554,68.898,67.747,67.915,149410.76
2026-06-21 21:00:00+00:00,67.915,68.063,67.325,67.449,217347.92
2026-06-21 22:00:00+00:00,67.449,67.839,66.852,67.365,205582.4
2026-06-21 23:00:00+00:00,67.365,67.366,66.574,66.93,230804.83
2026-06-22 00:00:00+00:00,66.93,67.712,66.85,67.612,177720.27
2026-06-22 01:00:00+00:00,67.612,68.938,67.612,68.44,392904.54
2026-06-22 02:00:00+00:00,68.44,68.658,67.303,67.371,249824.04
2026-06-22 03:00:00+00:00,67.371,67.466,65.206,65.461,556239.36
2026-06-22 04:00:00+00:00,65.461,66.074,65.2,65.976,224820.32
2026-06-22 05:00:00+00:00,65.976,66.424,65.721,66.3,195241.74
2026-06-22 06:00:00+00:00,66.3,66.494,66.002,66.205,106330.92
2026-06-22 07:00:00+00:00,66.205,67.59,66.198,67.3,380732.56
2026-06-22 08:00:00+00:00,67.3,67.962,67.08,67.44,258360.13
2026-06-22 09:00:00+00:00,67.44,67.655,67.145,67.472,71638.05
2026-06-22 10:00:00+00:00,67.472,67.907,67.368,67.556,72492.25
2026-06-22 11:00:00+00:00,67.556,68.507,67.407,68.027,258176.47
2026-06-22 12:00:00+00:00,68.027,68.778,67.797,68.44,247751.03
2026-06-22 13:00:00+00:00,68.44,69.533,68.059,69.282,366771.24
2026-06-22 14:00:00+00:00,69.282,69.331,67.862,67.97,352898.04
2026-06-22 15:00:00+00:00,67.97,68.517,66.782,66.936,464051.72
2026-06-22 16:00:00+00:00,66.936,67.781,66.515,67.589,359766.68
2026-06-22 17:00:00+00:00,67.589,68.057,67.189,67.993,147688.92
2026-06-22 18:00:00+00:00,67.993,69.463,67.863,67.89,577414.44
2026-06-22 19:00:00+00:00,67.89,68.365,66.864,67.397,398555.68
2026-06-22 20:00:00+00:00,67.397,67.693,66.845,67.24,174826.73
2026-06-22 21:00:00+00:00,67.24,67.392,66.226,66.713,153040.54
2026-06-22 22:00:00+00:00,66.713,66.984,65.828,66.225,178776.88
2026-06-22 23:00:00+00:00,66.225,66.36,65.818,66.281,90047.68
2026-06-23 00:00:00+00:00,66.281,66.579,65.878,66.284,125092.58
2026-06-23 01:00:00+00:00,66.284,66.528,65.69,66.32,162276.23
2026-06-23 02:00:00+00:00,66.32,67.306,66.017,67.051,160303.72
2026-06-23 03:00:00+00:00,67.051,67.109,66.516,67.054,85442.29
2026-06-23 04:00:00+00:00,67.054,67.173,65.827,66.22,133922.67
2026-06-23 05:00:00+00:00,66.22,66.667,65.011,65.3,296280.93
2026-06-23 06:00:00+00:00,65.3,65.301,63.333,64.293,712717.47
2026-06-23 07:00:00+00:00,64.293,64.619,63.5,63.58,254352.4
2026-06-23 08:00:00+00:00,63.58,63.801,62.783,62.901,554923.91
2026-06-23 09:00:00+00:00,62.901,63.187,62.552,63.078,225803.71
2026-06-23 10:00:00+00:00,63.078,63.321,62.263,62.598,305053.21
2026-06-23 11:00:00+00:00,62.598,63.253,62.581,63.224,216082.28
2026-06-23 12:00:00+00:00,63.224,63.473,62.608,62.925,226441.81
2026-06-23 13:00:00+00:00,62.925,63.318,62.649,63.316,291432.45
2026-06-23 14:00:00+00:00,63.316,63.647,62.842,62.926,333573.53
2026-06-23 15:00:00+00:00,62.926,63.058,61.607,62.365,508205.72
2026-06-23 16:00:00+00:00,62.365,63.039,61.986,62.417,306903.93
2026-06-23 17:00:00+00:00,62.417,62.902,61.872,62.156,176208.37
2026-06-23 18:00:00+00:00,62.156,62.359,61.716,61.759,165882.55
2026-06-23 19:00:00+00:00,61.759,62.395,61.717,62.245,145446.95
2026-06-23 20:00:00+00:00,62.245,62.763,61.823,62.041,189819.56
2026-06-23 21:00:00+00:00,62.041,62.443,61.986,62.059,86635.79
2026-06-23 22:00:00+00:00,62.059,62.93,62.002,62.285,167261.74
2026-06-23 23:00:00+00:00,62.285,62.296,61.665,62.175,121897.05
2026-06-24 00:00:00+00:00,62.175,62.974,62.104,62.864,122856.62
2026-06-24 01:00:00+00:00,62.864,63.232,62.304,62.747,112085.87
2026-06-24 02:00:00+00:00,62.747,62.789,61.552,61.552,151988.2
2026-06-24 03:00:00+00:00,61.552,61.576,60.563,61.298,381173.22
2026-06-24 04:00:00+00:00,61.298,61.745,60.411,61.43,168303.95
2026-06-24 05:00:00+00:00,61.43,62.415,61.424,62.25,194746.84
2026-06-24 06:00:00+00:00,62.25,62.636,61.902,62.188,139358.49
2026-06-24 07:00:00+00:00,62.188,62.361,61.717,61.98,146761.9
2026-06-24 08:00:00+00:00,61.98,62.703,61.875,62.639,152289.66
2026-06-24 09:00:00+00:00,62.639,62.641,62.065,62.416,107425.85
2026-06-24 10:00:00+00:00,62.416,62.531,61.965,62.018,90711.17
2026-06-24 11:00:00+00:00,62.018,63.314,61.54,62.511,297545.92
2026-06-24 12:00:00+00:00,62.511,62.637,61.777,61.966,137862.81
2026-06-24 13:00:00+00:00,61.966,62.018,60.229,60.841,600705.61
2026-06-24 14:00:00+00:00,60.841,61.131,60.1,60.86,338557.83
2026-06-24 15:00:00+00:00,60.86,60.865,59.759,59.963,301836.98
2026-06-24 16:00:00+00:00,59.963,60.625,59.1,59.609,435555.2
2026-06-24 17:00:00+00:00,59.609,59.916,59.081,59.209,317886.49
2026-06-24 18:00:00+00:00,59.209,60.921,59.156,60.344,320958.59
2026-06-24 19:00:00+00:00,60.344,60.839,59.975,60.821,176049.64
2026-06-24 20:00:00+00:00,60.821,62.947,60.577,62.506,612184.61
2026-06-24 21:00:00+00:00,62.506,63.386,62.26,63.295,208639.6
2026-06-24 22:00:00+00:00,63.295,63.617,63.062,63.268,204887.2
2026-06-24 23:00:00+00:00,63.268,64.294,63.141,63.924,300896.17
2026-06-25 00:00:00+00:00,63.924,64.141,62.827,63.024,192722.33
2026-06-25 01:00:00+00:00,63.024,63.465,62.761,63.33,141255.37
2026-06-25 02:00:00+00:00,63.33,63.727,63.081,63.335,115854.09
2026-06-25 03:00:00+00:00,63.335,63.487,62.849,63.061,87916.14
2026-06-25 04:00:00+00:00,63.061,63.913,62.628,63.713,189462.18
2026-06-25 05:00:00+00:00,63.713,63.973,63.257,63.589,275245.77
2026-06-25 06:00:00+00:00,63.589,64.522,63.474,64.478,253594.02
2026-06-25 07:00:00+00:00,64.478,64.638,63.708,63.795,221441.82
2026-06-25 08:00:00+00:00,63.795,63.993,63.376,63.456,169149.47
2026-06-25 09:00:00+00:00,63.456,63.76,63.251,63.687,104796.48
2026-06-25 10:00:00+00:00,63.687,63.895,62.805,62.847,166951.46
2026-06-25 11:00:00+00:00,62.847,62.993,62.404,62.877,330910.83
2026-06-25 12:00:00+00:00,62.877,63.788,62.403,63.206,226425.54
2026-06-25 13:00:00+00:00,63.206,63.389,58.491,58.854,851664.86
2026-06-25 14:00:00+00:00,58.854,61.499,58.814,60.815,790267.46
2026-06-25 15:00:00+00:00,60.815,62.043,60.068,61.847,491783.64
2026-06-25 16:00:00+00:00,61.847,62.674,61.067,61.316,364440.08
2026-06-25 17:00:00+00:00,61.316,63.523,61.23,63.448,290193.46
2026-06-25 18:00:00+00:00,63.448,63.681,62.754,63.651,308057.8
2026-06-25 19:00:00+00:00,63.651,63.653,62.317,63.575,161515.7
2026-06-25 20:00:00+00:00,63.575,64.216,62.992,63.117,214869.19
2026-06-25 21:00:00+00:00,63.117,64.85,62.881,64.464,277806.19
2026-06-25 22:00:00+00:00,64.464,64.7,63.439,63.775,184400.9
2026-06-25 23:00:00+00:00,63.775,65.468,63.46,64.086,486031.45
2026-06-26 00:00:00+00:00,64.086,64.478,63.5,63.534,189998.4
2026-06-26 01:00:00+00:00,63.534,63.7,62.709,63.264,169857.93
2026-06-26 02:00:00+00:00,63.264,63.284,61.383,61.614,453163.08
2026-06-26 03:00:00+00:00,61.614,63.85,61.433,63.835,356878.93
2026-06-26 04:00:00+00:00,63.835,63.951,62.576,62.769,182152.7
2026-06-26 05:00:00+00:00,62.769,63.034,61.988,62.551,258192.32
2026-06-26 06:00:00+00:00,62.551,63.889,62.179,63.706,178480.93
2026-06-26 07:00:00+00:00,63.706,65.109,63.353,65.033,396579.64
2026-06-26 08:00:00+00:00,65.033,65.523,63.964,64.044,280558.01
2026-06-26 09:00:00+00:00,64.044,64.077,62.574,62.636,341855.23
2026-06-26 10:00:00+00:00,62.636,62.657,61.828,61.939,321093.11
2026-06-26 11:00:00+00:00,61.939,62.4,61.683,62.058,213750.77
2026-06-26 12:00:00+00:00,62.058,62.644,61.038,61.506,355894.08
2026-06-26 13:00:00+00:00,61.506,63.927,60.96,63.78,531130.26
2026-06-26 14:00:00+00:00,63.78,64.777,63.553,63.97,838838.42
2026-06-26 15:00:00+00:00,63.97,65.096,63.873,64.885,381432.17
2026-06-26 16:00:00+00:00,64.885,65.392,64.216,64.963,306969.33
2026-06-26 17:00:00+00:00,64.963,65.46,64.316,64.526,190598.07
2026-06-26 18:00:00+00:00,64.526,65.23,63.95,64.043,168096.38
2026-06-26 19:00:00+00:00,64.043,65.395,63.857,64.712,200049.78
2026-06-26 20:00:00+00:00,64.712,65.142,63.56,63.715,455872.01
2026-06-26 21:00:00+00:00,63.715,64.486,63.219,63.95,186761.53
2026-06-26 22:00:00+00:00,63.95,64.197,63.571,64.172,57989.25
2026-06-26 23:00:00+00:00,64.172,64.713,64.143,64.365,118265.9
2026-06-27 00:00:00+00:00,64.365,64.392,63.241,63.669,156230.61
2026-06-27 01:00:00+00:00,63.669,63.773,63.309,63.435,51337.98
2026-06-27 02:00:00+00:00,63.435,64.498,63.233,64.224,101035.21
2026-06-27 03:00:00+00:00,64.224,64.384,63.843,63.983,63547.25
2026-06-27 04:00:00+00:00,63.983,64.764,63.9,63.99,116988.67
2026-06-27 05:00:00+00:00,63.99,64.069,63.651,63.747,58141.79
2026-06-27 06:00:00+00:00,63.747,63.972,63.156,63.497,115480.42
2026-06-27 07:00:00+00:00,63.497,63.798,63.277,63.614,102750.35
2026-06-27 08:00:00+00:00,63.614,63.995,63.344,63.475,78741.42
2026-06-27 09:00:00+00:00,63.475,63.554,62.66,62.915,177508.04
2026-06-27 10:00:00+00:00,62.915,63.324,62.878,63.295,66073.99
2026-06-27 11:00:00+00:00,63.295,63.755,62.795,63.421,81233.02
2026-06-27 12:00:00+00:00,63.421,63.465,62.917,63.3,58334.18
2026-06-27 13:00:00+00:00,63.3,63.89,63.196,63.693,80632.19
2026-06-27 14:00:00+00:00,63.693,64.191,63.469,63.805,103324.97
2026-06-27 15:00:00+00:00,63.805,64.716,63.782,64.402,141767.38
2026-06-27 16:00:00+00:00,64.402,64.402,63.903,64.219,107967.05
2026-06-27 17:00:00+00:00,64.219,64.23,63.029,63.047,223998.52
2026-06-27 18:00:00+00:00,63.047,63.267,62.827,63.049,74587.17
2026-06-27 19:00:00+00:00,63.049,63.188,62.162,62.204,189098.43
2026-06-27 20:00:00+00:00,62.204,62.513,61.907,62.412,122488.36
2026-06-27 21:00:00+00:00,62.412,62.795,62.211,62.479,87570.11
2026-06-27 22:00:00+00:00,62.479,62.617,61.707,62.592,113037.44
2026-06-27 23:00:00+00:00,62.592,62.643,61.484,61.671,135669.95
2026-06-28 00:00:00+00:00,61.671,62.144,61.576,61.795,72988.54
2026-06-28 01:00:00+00:00,61.795,62.097,61.424,61.955,74698.14
2026-06-28 02:00:00+00:00,61.955,62.12,61.632,61.899,50663.68
2026-06-28 03:00:00+00:00,61.899,62.258,61.839,62.219,55654.1
2026-06-28 04:00:00+00:00,62.219,62.264,61.79,61.917,48554.47
2026-06-28 05:00:00+00:00,61.917,62.086,61.637,61.945,78119.02
2026-06-28 06:00:00+00:00,61.945,62.193,61.54,61.957,79827.04
2026-06-28 07:00:00+00:00,61.957,62.641,61.948,62.63,99003.55
2026-06-28 08:00:00+00:00,62.63,63.487,62.278,63.106,297356.55
2026-06-28 09:00:00+00:00,63.106,63.18,62.782,62.841,110789.55
2026-06-28 10:00:00+00:00,62.841,63.108,62.47,62.859,133329.23
2026-06-28 11:00:00+00:00,62.859,63.559,62.838,63.22,165735.56
2026-06-28 12:00:00+00:00,63.22,63.604,62.863,63.101,96796.67
2026-06-28 13:00:00+00:00,63.101,63.291,62.539,62.805,105022.79
2026-06-28 14:00:00+00:00,62.805,63.268,62.674,62.694,82901.16
2026-06-28 15:00:00+00:00,62.694,63.223,62.596,63.114,90468.16
2026-06-28 16:00:00+00:00,63.114,63.293,62.246,62.645,281868.3
2026-06-28 17:00:00+00:00,62.645,63.035,62.396,62.815,93720.02
2026-06-28 18:00:00+00:00,62.815,62.853,61.868,62.154,105002.0
2026-06-28 19:00:00+00:00,62.154,62.293,61.611,61.985,118741.5
2026-06-28 20:00:00+00:00,61.985,62.438,61.859,61.901,84273.56
2026-06-28 21:00:00+00:00,61.901,61.919,60.63,60.741,237265.03
2026-06-28 22:00:00+00:00,60.741,61.492,60.569,60.848,265700.9
2026-06-28 23:00:00+00:00,60.848,61.744,60.775,61.439,165021.45
2026-06-29 00:00:00+00:00,61.439,61.738,60.65,61.695,173085.35
2026-06-29 01:00:00+00:00,61.695,62.054,61.17,61.934,168017.04
2026-06-29 02:00:00+00:00,61.934,62.632,61.367,62.489,158604.43
2026-06-29 03:00:00+00:00,62.489,62.9,62.227,62.688,119759.48
2026-06-29 04:00:00+00:00,62.688,62.822,61.974,62.043,79517.48
2026-06-29 05:00:00+00:00,62.043,62.989,61.522,62.963,99756.69
2026-06-29 06:00:00+00:00,62.963,63.205,62.634,62.635,120582.15
2026-06-29 07:00:00+00:00,62.635,62.895,62.418,62.579,64187.2
2026-06-29 08:00:00+00:00,62.579,62.761,62.308,62.357,94677.12
2026-06-29 09:00:00+00:00,62.357,62.792,62.246,62.586,102047.97
2026-06-29 10:00:00+00:00,62.586,63.834,62.586,63.637,199470.51
2026-06-29 11:00:00+00:00,63.637,63.691,62.879,63.352,181965.08
2026-06-29 12:00:00+00:00,63.352,64.637,63.111,63.791,505697.26
2026-06-29 13:00:00+00:00,63.791,64.999,63.154,63.926,750651.73
2026-06-29 14:00:00+00:00,63.926,64.517,63.225,64.415,483251.44
2026-06-29 15:00:00+00:00,64.415,64.993,63.729,64.886,459819.53
2026-06-29 16:00:00+00:00,64.886,65.293,64.191,64.715,322900.58
2026-06-29 17:00:00+00:00,64.715,66.983,64.714,66.36,515433.8
2026-06-29 18:00:00+00:00,66.36,66.427,65.633,65.77,208338.9
2026-06-29 19:00:00+00:00,65.77,67.14,65.357,66.937,285011.18
2026-06-29 20:00:00+00:00,66.937,67.0,66.279,66.325,128608.75
2026-06-29 21:00:00+00:00,66.325,67.759,66.25,67.543,232745.45
2026-06-29 22:00:00+00:00,67.543,67.818,66.688,66.976,152489.66
2026-06-29 23:00:00+00:00,66.976,67.265,66.564,66.9,91394.7
2026-06-30 00:00:00+00:00,66.9,66.959,65.744,66.003,298318.47
2026-06-30 01:00:00+00:00,66.003,66.521,65.593,66.376,145853.24
2026-06-30 02:00:00+00:00,66.376,66.442,65.554,65.721,71689.59
2026-06-30 03:00:00+00:00,65.721,66.139,65.682,65.736,46300.95
2026-06-30 04:00:00+00:00,65.736,66.482,65.483,66.2,89936.16
2026-06-30 05:00:00+00:00,66.2,66.337,65.673,66.052,60701.99
2026-06-30 06:00:00+00:00,66.052,66.088,65.388,65.504,87333.42
2026-06-30 07:00:00+00:00,65.504,65.745,65.217,65.667,63218.66
2026-06-30 08:00:00+00:00,65.667,65.766,65.027,65.164,159902.78
2026-06-30 09:00:00+00:00,65.164,65.447,64.888,65.318,70235.27
2026-06-30 10:00:00+00:00,65.318,66.24,65.16,66.084,108830.99
2026-06-30 11:00:00+00:00,66.084,66.331,65.439,65.69,135272.73
2026-06-30 12:00:00+00:00,65.69,65.695,64.385,64.524,259811.75
2026-06-30 13:00:00+00:00,64.524,65.529,64.42,65.265,273187.88
2026-06-30 14:00:00+00:00,65.265,66.039,64.682,64.808,261332.06
2026-06-30 15:00:00+00:00,64.808,65.456,64.487,65.013,216585.5
2026-06-30 16:00:00+00:00,65.013,65.31,64.116,64.695,186670.31
2026-06-30 17:00:00+00:00,64.695,65.19,64.506,64.57,119224.35
2026-06-30 18:00:00+00:00,64.57,65.279,64.48,64.981,91367.21
2026-06-30 19:00:00+00:00,64.981,65.559,64.74,65.488,117878.26
2026-06-30 20:00:00+00:00,65.488,65.761,64.632,64.674,145887.93
2026-06-30 21:00:00+00:00,64.674,64.918,64.147,64.69,111424.75
2026-06-30 22:00:00+00:00,64.69,64.879,64.319,64.63,71890.36
2026-06-30 23:00:00+00:00,64.63,65.115,64.519,65.044,44197.33
2026-07-01 00:00:00+00:00,65.044,65.163,64.152,64.227,142773.83
2026-07-01 01:00:00+00:00,64.227,64.738,62.945,64.55,464311.39
2026-07-01 02:00:00+00:00,64.55,65.573,64.504,65.423,213957.19
2026-07-01 03:00:00+00:00,65.423,65.803,65.08,65.593,112260.38
2026-07-01 04:00:00+00:00,65.593,66.041,65.35,65.88,70630.54
2026-07-01 05:00:00+00:00,65.88,66.01,65.111,65.208,84802.38
2026-07-01 06:00:00+00:00,65.208,65.242,64.532,64.905,137069.04
2026-07-01 07:00:00+00:00,64.905,64.956,64.056,64.483,103119.21
2026-07-01 08:00:00+00:00,64.483,64.483,63.225,64.003,256141.46
2026-07-01 09:00:00+00:00,64.003,64.259,63.779,64.016,138375.1
2026-07-01 10:00:00+00:00,64.016,64.05,62.407,62.738,330972.41
2026-07-01 11:00:00+00:00,62.738,63.038,62.335,62.68,154724.05
2026-07-01 12:00:00+00:00,62.68,62.875,62.4,62.514,96787.06
2026-07-01 13:00:00+00:00,62.514,64.142,62.506,64.043,285761.15
2026-07-01 14:00:00+00:00,64.043,64.8,63.171,63.655,400914.02
2026-07-01 15:00:00+00:00,63.655,64.856,63.566,64.602,263907.96
2026-07-01 16:00:00+00:00,64.602,65.079,64.245,64.415,171668.72
2026-07-01 17:00:00+00:00,64.415,64.641,63.993,64.378,138600.16
2026-07-01 18:00:00+00:00,64.378,64.76,63.64,63.84,130373.29
2026-07-01 19:00:00+00:00,63.84,64.145,62.875,62.981,173949.83
2026-07-01 20:00:00+00:00,62.981,63.301,61.961,62.274,377393.05
2026-07-01 21:00:00+00:00,62.274,63.82,61.958,63.426,262064.07
2026-07-01 22:00:00+00:00,63.426,64.187,62.487,63.315,325006.97
2026-07-01 23:00:00+00:00,63.315,63.315,62.333,62.354,188196.52
2026-07-02 00:00:00+00:00,62.354,62.587,61.7,62.312,198582.75
2026-07-02 01:00:00+00:00,62.312,63.2,62.196,62.825,194938.04
2026-07-02 02:00:00+00:00,62.825,63.148,62.456,63.07,97407.87
2026-07-02 03:00:00+00:00,63.07,63.667,62.766,63.609,138808.25
2026-07-02 04:00:00+00:00,63.609,63.865,63.252,63.716,118105.81
2026-07-02 05:00:00+00:00,63.716,63.821,63.319,63.39,92287.2
2026-07-02 06:00:00+00:00,63.39,63.819,62.899,63.235,138413.95
2026-07-02 07:00:00+00:00,63.235,63.449,62.896,63.155,97102.9
2026-07-02 08:00:00+00:00,63.155,63.583,63.019,63.558,163651.69
2026-07-02 09:00:00+00:00,63.558,64.174,63.397,63.945,178840.0
2026-07-02 10:00:00+00:00,63.945,64.447,63.778,64.191,180568.01
2026-07-02 11:00:00+00:00,64.191,65.297,64.101,65.093,290769.06
2026-07-02 12:00:00+00:00,65.093,65.562,64.705,65.126,315448.87
2026-07-02 13:00:00+00:00,65.126,66.264,65.049,65.965,363520.76
2026-07-02 14:00:00+00:00,65.965,66.497,65.031,65.581,323822.15
2026-07-02 15:00:00+00:00,65.581,65.699,64.9,65.384,157310.14
2026-07-02 16:00:00+00:00,65.384,65.836,65.063,65.664,124931.64
2026-07-02 17:00:00+00:00,65.664,66.233,65.49,65.935,129171.42
2026-07-02 18:00:00+00:00,65.935,67.172,65.925,66.805,308479.84
2026-07-02 19:00:00+00:00,66.805,66.948,66.146,66.258,106627.05
2026-07-02 20:00:00+00:00,66.258,66.476,66.147,66.292,52265.17
2026-07-02 21:00:00+00:00,66.292,66.338,65.666,65.952,74017.22
2026-07-02 22:00:00+00:00,65.952,66.16,65.465,65.86,85714.4
2026-07-02 23:00:00+00:00,65.86,66.989,65.689,66.904,87380.69
2026-07-03 00:00:00+00:00,66.904,67.022,65.9,66.044,100369.96
2026-07-03 01:00:00+00:00,66.044,67.062,66.031,66.858,108436.62
2026-07-03 02:00:00+00:00,66.858,67.1,66.404,66.74,72441.28
2026-07-03 03:00:00+00:00,66.74,66.846,66.296,66.682,59655.16
2026-07-03 04:00:00+00:00,66.682,66.735,66.255,66.565,58398.32
2026-07-03 05:00:00+00:00,66.565,67.755,66.519,67.31,147304.98
2026-07-03 06:00:00+00:00,67.31,67.576,66.939,67.203,76180.35
2026-07-03 07:00:00+00:00,67.203,67.447,66.933,67.284,78996.42
2026-07-03 08:00:00+00:00,67.284,67.836,67.266,67.651,128100.05
2026-07-03 09:00:00+00:00,67.651,68.486,67.455,67.662,216907.15
2026-07-03 10:00:00+00:00,67.662,69.156,67.541,68.955,210792.06
2026-07-03 11:00:00+00:00,68.955,69.522,68.813,69.249,130912.55
2026-07-03 12:00:00+00:00,69.249,69.438,68.741,69.055,145241.51
2026-07-03 13:00:00+00:00,69.055,69.9,69.013,69.67,138753.73
2026-07-03 14:00:00+00:00,69.67,70.469,69.033,70.325,252392.43
2026-07-03 15:00:00+00:00,70.325,70.778,69.799,69.916,220245.75
2026-07-03 16:00:00+00:00,69.916,70.527,69.432,69.808,215322.97
2026-07-03 17:00:00+00:00,69.808,70.696,69.606,70.689,146357.66
2026-07-03 18:00:00+00:00,70.689,70.767,70.291,70.469,75013.68
2026-07-03 19:00:00+00:00,70.469,70.545,70.165,70.225,66372.81
2026-07-03 20:00:00+00:00,70.225,71.092,70.188,70.605,188658.27
2026-07-03 21:00:00+00:00,70.605,71.248,70.356,70.855,103349.8
2026-07-03 22:00:00+00:00,70.855,70.954,70.57,70.729,66392.36
2026-07-03 23:00:00+00:00,70.729,71.028,70.333,70.63,69074.84
2026-07-04 00:00:00+00:00,70.63,71.4,70.516,71.171,88876.2
2026-07-04 01:00:00+00:00,71.171,71.171,70.148,70.257,106640.02
2026-07-04 02:00:00+00:00,70.257,71.091,69.936,70.718,113564.67
2026-07-04 03:00:00+00:00,70.718,71.673,70.54,71.322,119478.35
2026-07-04 04:00:00+00:00,71.322,72.091,71.143,71.54,131301.63
2026-07-04 05:00:00+00:00,71.54,71.701,70.956,71.389,104445.86
2026-07-04 06:00:00+00:00,71.389,71.678,70.763,71.251,65739.75
2026-07-04 07:00:00+00:00,71.251,71.749,71.107,71.473,75853.37
2026-07-04 08:00:00+00:00,71.473,71.569,71.029,71.065,67687.56
2026-07-04 09:00:00+00:00,71.065,71.25,70.638,70.921,127659.6
2026-07-04 10:00:00+00:00,70.921,71.2,70.492,70.642,62205.12
2026-07-04 11:00:00+00:00,70.642,70.753,70.35,70.611,62391.06
2026-07-04 12:00:00+00:00,70.611,71.15,70.609,70.814,57057.31
2026-07-04 13:00:00+00:00,70.814,71.333,70.32,70.49,108221.07
2026-07-04 14:00:00+00:00,70.49,70.838,70.384,70.531,73202.37
2026-07-04 15:00:00+00:00,70.531,71.231,70.46,70.612,115920.01
2026-07-04 16:00:00+00:00,70.612,70.868,70.165,70.239,52123.35
2026-07-04 17:00:00+00:00,70.239,70.863,70.017,70.61,95075.23
2026-07-04 18:00:00+00:00,70.61,70.654,69.512,69.735,156812.43
2026-07-04 19:00:00+00:00,69.735,70.06,69.377,69.901,68790.11
2026-07-04 20:00:00+00:00,69.901,70.068,69.543,69.651,27935.61
