timestamp,open,high,low,close,volume
2026-03-08 22:00:00+00:00,0.15048,0.15054,0.14722,0.14953,2962388.0
2026-03-08 23:00:00+00:00,0.14953,0.14994,0.14945,0.14957,262607.0
2026-03-09 00:00:00+00:00,0.14957,0.14995,0.14928,0.1497,313891.0
2026-03-09 01:00:00+00:00,0.1497,0.14979,0.14835,0.14944,476452.0
2026-03-09 02:00:00+00:00,0.14944,0.15085,0.14942,0.1499,722474.0
2026-03-09 03:00:00+00:00,0.1499,0.15092,0.14969,0.14973,1031742.0
2026-03-09 04:00:00+00:00,0.14973,0.15021,0.14946,0.14964,482977.0
2026-03-09 05:00:00+00:00,0.14964,0.15099,0.14955,0.1499,632172.0
2026-03-09 06:00:00+00:00,0.1499,0.15014,0.14898,0.14967,831841.0
2026-03-09 07:00:00+00:00,0.14967,0.15006,0.14959,0.14982,388654.0
2026-03-09 08:00:00+00:00,0.14982,0.1499,0.14727,0.14748,1250458.0
2026-03-09 09:00:00+00:00,0.14748,0.14895,0.1472,0.14743,1297481.0
2026-03-09 10:00:00+00:00,0.14743,0.14767,0.14684,0.14702,692412.0
2026-03-09 11:00:00+00:00,0.14702,0.14758,0.14696,0.14721,512141.0
2026-03-09 12:00:00+00:00,0.14721,0.1478,0.14689,0.14756,497197.0
2026-03-09 13:00:00+00:00,0.14756,0.14785,0.14708,0.14762,660234.0
2026-03-09 14:00:00+00:00,0.14762,0.14766,0.14584,0.14655,549459.0
2026-03-09 15:00:00+00:00,0.14655,0.14655,0.14456,0.14541,1221178.0
2026-03-09 16:00:00+00:00,0.14541,0.1458,0.14476,0.14519,553484.0
2026-03-09 17:00:00+00:00,0.14519,0.14587,0.14496,0.14521,290675.0
2026-03-09 18:00:00+00:00,0.14521,0.14546,0.14451,0.14506,380620.0
2026-03-09 19:00:00+00:00,0.14506,0.14572,0.14468,0.14496,432868.0
2026-03-09 20:00:00+00:00,0.14496,0.14525,0.14481,0.14493,301858.0
2026-03-09 21:00:00+00:00,0.14493,0.1452,0.14465,0.14519,141034.0
2026-03-09 22:00:00+00:00,0.14519,0.1454,0.14465,0.14515,531869.0
2026-03-09 23:00:00+00:00,0.14515,0.14526,0.14317,0.14472,1054418.0
2026-03-10 00:00:00+00:00,0.14472,0.14527,0.14413,0.14483,784533.0
2026-03-10 01:00:00+00:00,0.14483,0.14649,0.14472,0.14643,228758.0
2026-03-10 02:00:00+00:00,0.14643,0.15207,0.14638,0.14819,4488547.0
2026-03-10 03:00:00+00:00,0.14819,0.1482,0.14645,0.14738,1629652.0
2026-03-10 04:00:00+00:00,0.14738,0.1499,0.14736,0.14967,710753.0
2026-03-10 05:00:00+00:00,0.14967,0.15128,0.14896,0.15068,1130790.0
2026-03-10 06:00:00+00:00,0.15068,0.15179,0.15068,0.15142,784633.0
2026-03-10 07:00:00+00:00,0.15142,0.15178,0.14873,0.14884,560993.0
2026-03-10 08:00:00+00:00,0.14884,0.14914,0.1479,0.14806,765779.0
2026-03-10 09:00:00+00:00,0.14806,0.14873,0.14792,0.14865,496216.0
2026-03-10 10:00:00+00:00,0.14865,0.1487,0.14744,0.14773,436621.0
2026-03-10 11:00:00+00:00,0.14773,0.1491,0.14762,0.14903,728002.0
2026-03-10 12:00:00+00:00,0.14903,0.14951,0.14837,0.14949,1381740.0
2026-03-10 13:00:00+00:00,0.14949,0.14964,0.14752,0.14836,1128779.0
2026-03-10 14:00:00+00:00,0.14836,0.14846,0.14732,0.14788,396022.0
2026-03-10 15:00:00+00:00,0.14788,0.14847,0.14742,0.14842,346685.0
2026-03-10 16:00:00+00:00,0.14842,0.14884,0.14795,0.14859,435988.0
2026-03-10 17:00:00+00:00,0.14859,0.149,0.14844,0.14899,337246.0
2026-03-10 18:00:00+00:00,0.14899,0.14913,0.14738,0.14816,815462.0
2026-03-10 19:00:00+00:00,0.14816,0.14826,0.14719,0.14826,311924.0
2026-03-10 20:00:00+00:00,0.14826,0.14839,0.14722,0.14736,196926.0
2026-03-10 21:00:00+00:00,0.14736,0.14742,0.14623,0.14698,418591.0
2026-03-10 22:00:00+00:00,0.14698,0.14778,0.14693,0.14743,269384.0
2026-03-10 23:00:00+00:00,0.14743,0.14893,0.14731,0.14874,261023.0
2026-03-11 00:00:00+00:00,0.14874,0.14906,0.14823,0.14863,160088.0
2026-03-11 01:00:00+00:00,0.14863,0.14925,0.1484,0.14889,132505.0
2026-03-11 02:00:00+00:00,0.14889,0.14915,0.14794,0.14794,252376.0
2026-03-11 03:00:00+00:00,0.14794,0.1483,0.14755,0.1483,230082.0
2026-03-11 04:00:00+00:00,0.1483,0.1485,0.14804,0.14815,163327.0
2026-03-11 05:00:00+00:00,0.14815,0.14841,0.1471,0.1477,261626.0
2026-03-11 06:00:00+00:00,0.1477,0.14813,0.14737,0.1475,143854.0
2026-03-11 07:00:00+00:00,0.1475,0.14784,0.14736,0.14745,90520.0
2026-03-11 08:00:00+00:00,0.14745,0.14779,0.14721,0.14779,161004.0
2026-03-11 09:00:00+00:00,0.14779,0.14829,0.14743,0.14749,140386.0
2026-03-11 10:00:00+00:00,0.14749,0.14775,0.14722,0.14773,59396.0
2026-03-11 11:00:00+00:00,0.14773,0.14823,0.14718,0.14718,150277.0
2026-03-11 12:00:00+00:00,0.14718,0.14735,0.14625,0.14734,342038.0
2026-03-11 13:00:00+00:00,0.14734,0.14807,0.14727,0.14807,127972.0
2026-03-11 14:00:00+00:00,0.14807,0.14812,0.14756,0.1478,212010.0
2026-03-11 15:00:00+00:00,0.1478,0.14804,0.14732,0.14755,151644.0
2026-03-11 16:00:00+00:00,0.14755,0.14813,0.14752,0.14801,286586.0
2026-03-11 17:00:00+00:00,0.14801,0.14913,0.14796,0.14898,422623.0
2026-03-11 18:00:00+00:00,0.14898,0.15112,0.14891,0.15055,707288.0
2026-03-11 19:00:00+00:00,0.15055,0.15144,0.1502,0.15142,361260.0
2026-03-11 20:00:00+00:00,0.15142,0.152,0.15108,0.15154,684456.0
2026-03-11 21:00:00+00:00,0.15154,0.15491,0.15153,0.15491,2197449.0
2026-03-11 22:00:00+00:00,0.15491,0.15499,0.15205,0.15284,1502665.0
2026-03-11 23:00:00+00:00,0.15284,0.15479,0.15254,0.15332,565586.0
2026-03-12 00:00:00+00:00,0.15332,0.15494,0.15318,0.15443,367836.0
2026-03-12 01:00:00+00:00,0.15443,0.15488,0.15128,0.15172,1835794.0
2026-03-12 02:00:00+00:00,0.15172,0.15236,0.15077,0.15096,678542.0
2026-03-12 03:00:00+00:00,0.15096,0.15127,0.1502,0.15107,751680.0
2026-03-12 04:00:00+00:00,0.15107,0.15118,0.14977,0.15016,396160.0
2026-03-12 05:00:00+00:00,0.15016,0.15173,0.14985,0.15031,849178.0
2026-03-12 06:00:00+00:00,0.15031,0.15182,0.14983,0.15043,594447.0
2026-03-12 07:00:00+00:00,0.15043,0.15082,0.14996,0.15017,514679.0
2026-03-12 08:00:00+00:00,0.15017,0.15182,0.15012,0.15161,1083293.0
2026-03-12 09:00:00+00:00,0.15161,0.15178,0.1495,0.1495,1424337.0
2026-03-12 10:00:00+00:00,0.1495,0.15095,0.14766,0.1504,2953642.0
2026-03-12 11:00:00+00:00,0.1504,0.15199,0.14999,0.15054,521817.0
2026-03-12 12:00:00+00:00,0.15054,0.15065,0.14954,0.14967,595571.0
2026-03-12 13:00:00+00:00,0.14967,0.14967,0.1471,0.14743,927706.0
2026-03-12 14:00:00+00:00,0.14743,0.1476,0.1464,0.14667,587509.0
2026-03-12 15:00:00+00:00,0.14667,0.14716,0.14557,0.1461,648066.0
2026-03-12 16:00:00+00:00,0.1461,0.1465,0.14525,0.14628,508796.0
2026-03-12 17:00:00+00:00,0.14628,0.14634,0.14522,0.14548,328114.0
2026-03-12 18:00:00+00:00,0.14548,0.14777,0.14523,0.14744,1030533.0
2026-03-12 19:00:00+00:00,0.14744,0.14824,0.14716,0.14824,426531.0
2026-03-12 20:00:00+00:00,0.14824,0.14824,0.14631,0.14711,523651.0
2026-03-12 21:00:00+00:00,0.14711,0.14726,0.14619,0.14651,220344.0
2026-03-12 22:00:00+00:00,0.14651,0.147,0.14609,0.14679,232052.0
2026-03-12 23:00:00+00:00,0.14679,0.14741,0.14675,0.14704,96993.0
2026-03-13 00:00:00+00:00,0.14704,0.14797,0.14675,0.14776,187989.0
2026-03-13 01:00:00+00:00,0.14776,0.14908,0.14731,0.14862,377228.0
2026-03-13 02:00:00+00:00,0.14862,0.14869,0.14739,0.14748,483867.0
2026-03-13 03:00:00+00:00,0.14748,0.14817,0.14717,0.1479,313178.0
2026-03-13 04:00:00+00:00,0.1479,0.14796,0.14684,0.14696,179085.0
2026-03-13 05:00:00+00:00,0.14696,0.14741,0.14671,0.147,196545.0
2026-03-13 06:00:00+00:00,0.147,0.14744,0.14677,0.14734,181222.0
2026-03-13 07:00:00+00:00,0.14734,0.14741,0.14632,0.14656,242088.0
2026-03-13 08:00:00+00:00,0.14656,0.14656,0.14513,0.14573,860915.0
2026-03-13 09:00:00+00:00,0.14573,0.14584,0.14507,0.14526,358806.0
2026-03-13 10:00:00+00:00,0.14526,0.14586,0.14516,0.14578,229224.0
2026-03-13 11:00:00+00:00,0.14578,0.14593,0.14501,0.14526,286647.0
2026-03-13 12:00:00+00:00,0.14526,0.14627,0.14509,0.14535,624772.0
2026-03-13 13:00:00+00:00,0.14535,0.1493,0.14531,0.14811,2265317.0
2026-03-13 14:00:00+00:00,0.14811,0.15395,0.14759,0.15025,3379639.0
2026-03-13 15:00:00+00:00,0.15025,0.15107,0.14929,0.1499,1079518.0
2026-03-13 16:00:00+00:00,0.1499,0.15081,0.14916,0.15057,836990.0
2026-03-13 17:00:00+00:00,0.15057,0.15197,0.1502,0.15159,827749.0
2026-03-13 18:00:00+00:00,0.15159,0.15229,0.15115,0.15164,407696.0
2026-03-13 19:00:00+00:00,0.15164,0.15218,0.1505,0.15062,570533.0
2026-03-13 20:00:00+00:00,0.15062,0.15179,0.15059,0.15106,176638.0
2026-03-13 21:00:00+00:00,0.15106,0.15138,0.15079,0.15122,193380.0
2026-03-13 22:00:00+00:00,0.15122,0.15195,0.15111,0.1519,294440.0
2026-03-13 23:00:00+00:00,0.1519,0.15348,0.15148,0.15233,895249.0
2026-03-14 00:00:00+00:00,0.15233,0.15357,0.15096,0.15165,989577.0
2026-03-14 01:00:00+00:00,0.15165,0.15483,0.15157,0.15364,646749.0
2026-03-14 02:00:00+00:00,0.15364,0.15499,0.15289,0.1536,308578.0
2026-03-14 03:00:00+00:00,0.1536,0.15525,0.1536,0.15447,639568.0
2026-03-14 04:00:00+00:00,0.15447,0.15508,0.1541,0.15422,475029.0
2026-03-14 05:00:00+00:00,0.15422,0.15437,0.15178,0.15259,1000512.0
2026-03-14 06:00:00+00:00,0.15259,0.15442,0.15248,0.15414,525573.0
2026-03-14 07:00:00+00:00,0.15414,0.1549,0.15347,0.15467,754956.0
2026-03-14 08:00:00+00:00,0.15467,0.15481,0.15329,0.15425,417038.0
2026-03-14 09:00:00+00:00,0.15425,0.15472,0.15334,0.15352,389507.0
2026-03-14 10:00:00+00:00,0.15352,0.15377,0.15236,0.15331,524439.0
2026-03-14 11:00:00+00:00,0.15331,0.15374,0.15217,0.1527,392412.0
2026-03-14 12:00:00+00:00,0.1527,0.15289,0.15154,0.15164,782284.0
2026-03-14 13:00:00+00:00,0.15164,0.15239,0.15072,0.1511,413674.0
2026-03-14 14:00:00+00:00,0.1511,0.15145,0.15031,0.15049,319194.0
2026-03-14 15:00:00+00:00,0.15049,0.15103,0.15027,0.15045,154331.0
2026-03-14 16:00:00+00:00,0.15045,0.15097,0.15043,0.15088,94028.0
2026-03-14 17:00:00+00:00,0.15088,0.15136,0.14934,0.14935,751375.0
2026-03-14 18:00:00+00:00,0.14935,0.1506,0.14878,0.14999,334222.0
2026-03-14 19:00:00+00:00,0.14999,0.15098,0.14989,0.15064,209593.0
2026-03-14 20:00:00+00:00,0.15064,0.15099,0.15012,0.15079,68606.0
2026-03-14 21:00:00+00:00,0.15079,0.15122,0.1505,0.15065,172945.0
2026-03-14 22:00:00+00:00,0.15065,0.15102,0.15047,0.1509,120333.0
2026-03-14 23:00:00+00:00,0.1509,0.15146,0.15078,0.15108,157161.0
2026-03-15 00:00:00+00:00,0.15108,0.15194,0.15055,0.15163,170108.0
2026-03-15 01:00:00+00:00,0.15163,0.15194,0.15137,0.15148,238454.0
2026-03-15 02:00:00+00:00,0.15148,0.15237,0.15139,0.15221,164604.0
2026-03-15 03:00:00+00:00,0.15221,0.15302,0.15208,0.15255,266319.0
2026-03-15 04:00:00+00:00,0.15255,0.15262,0.15199,0.15203,64731.0
2026-03-15 05:00:00+00:00,0.15203,0.15231,0.15198,0.15205,178035.0
2026-03-15 06:00:00+00:00,0.15205,0.15207,0.15084,0.15165,163818.0
2026-03-15 07:00:00+00:00,0.15165,0.1517,0.15118,0.15156,126226.0
2026-03-15 08:00:00+00:00,0.15156,0.15172,0.15136,0.15143,87430.0
2026-03-15 09:00:00+00:00,0.15143,0.15307,0.1513,0.15287,449273.0
2026-03-15 10:00:00+00:00,0.15287,0.15304,0.15202,0.15215,194169.0
2026-03-15 11:00:00+00:00,0.15215,0.15269,0.15176,0.15249,195220.0
2026-03-15 12:00:00+00:00,0.15249,0.15269,0.15158,0.15197,372600.0
2026-03-15 13:00:00+00:00,0.15197,0.15286,0.15168,0.15282,93092.0
2026-03-15 14:00:00+00:00,0.15282,0.15291,0.15121,0.15149,205659.0
2026-03-15 15:00:00+00:00,0.15149,0.1517,0.15126,0.15153,118106.0
2026-03-15 16:00:00+00:00,0.15153,0.15153,0.14973,0.14982,409094.0
2026-03-15 17:00:00+00:00,0.14982,0.15095,0.14956,0.15057,284059.0
2026-03-15 18:00:00+00:00,0.15057,0.15069,0.14941,0.14947,408488.0
2026-03-15 19:00:00+00:00,0.14947,0.15082,0.14918,0.15023,407811.0
2026-03-15 20:00:00+00:00,0.15023,0.15032,0.14996,0.15006,175799.0
2026-03-15 21:00:00+00:00,0.15006,0.15029,0.14987,0.1502,342849.0
2026-03-15 22:00:00+00:00,0.1502,0.15066,0.14995,0.15053,157420.0
2026-03-15 23:00:00+00:00,0.15053,0.15102,0.15019,0.15058,191510.0
2026-03-16 00:00:00+00:00,0.15058,0.15074,0.14992,0.15039,107568.0
2026-03-16 01:00:00+00:00,0.15039,0.15173,0.15009,0.15152,156205.0
2026-03-16 02:00:00+00:00,0.15152,0.15204,0.15118,0.15152,260493.0
2026-03-16 03:00:00+00:00,0.15152,0.15268,0.1514,0.15213,686368.0
2026-03-16 04:00:00+00:00,0.15213,0.15214,0.15034,0.15055,318282.0
2026-03-16 05:00:00+00:00,0.15055,0.15111,0.1496,0.1505,316117.0
2026-03-16 06:00:00+00:00,0.1505,0.15066,0.14969,0.15026,278439.0
2026-03-16 07:00:00+00:00,0.15026,0.1503,0.14768,0.14828,2275793.0
2026-03-16 08:00:00+00:00,0.14828,0.14893,0.1481,0.1483,770749.0
2026-03-16 09:00:00+00:00,0.1483,0.14867,0.14759,0.14815,632744.0
2026-03-16 10:00:00+00:00,0.14815,0.15152,0.14815,0.15151,434852.0
2026-03-16 11:00:00+00:00,0.15151,0.1545,0.15145,0.15238,1923691.0
2026-03-16 12:00:00+00:00,0.15238,0.15309,0.15181,0.15265,424163.0
2026-03-16 13:00:00+00:00,0.15265,0.15415,0.15243,0.15319,667082.0
2026-03-16 14:00:00+00:00,0.15319,0.15521,0.15303,0.15461,1010664.0
2026-03-16 15:00:00+00:00,0.15461,0.15499,0.15221,0.15278,935282.0
2026-03-16 16:00:00+00:00,0.15278,0.15509,0.15277,0.15386,812610.0
2026-03-16 17:00:00+00:00,0.15386,0.15461,0.1534,0.1534,300944.0
2026-03-16 18:00:00+00:00,0.1534,0.15378,0.15272,0.15315,238993.0
2026-03-16 19:00:00+00:00,0.15315,0.15437,0.1531,0.15383,945065.0
2026-03-16 20:00:00+00:00,0.15383,0.15435,0.15369,0.1537,358123.0
2026-03-16 21:00:00+00:00,0.1537,0.15515,0.152,0.15388,2059871.0
2026-03-16 22:00:00+00:00,0.15388,0.15536,0.15365,0.15442,1027644.0
2026-03-16 23:00:00+00:00,0.15442,0.15525,0.15414,0.15516,1872022.0
2026-03-17 00:00:00+00:00,0.15516,0.15604,0.15188,0.15408,2979737.0
2026-03-17 01:00:00+00:00,0.15408,0.15588,0.15408,0.15518,935527.0
2026-03-17 02:00:00+00:00,0.15518,0.15554,0.15447,0.15495,791309.0
2026-03-17 03:00:00+00:00,0.15495,0.15526,0.15326,0.15347,750948.0
2026-03-17 04:00:00+00:00,0.15347,0.15385,0.15233,0.1536,374399.0
2026-03-17 05:00:00+00:00,0.1536,0.15467,0.15318,0.15399,904991.0
2026-03-17 06:00:00+00:00,0.15399,0.15568,0.15399,0.15513,562998.0
2026-03-17 07:00:00+00:00,0.15513,0.1561,0.15478,0.15546,428493.0
2026-03-17 08:00:00+00:00,0.15546,0.15739,0.1553,0.15571,2941574.0
2026-03-17 09:00:00+00:00,0.15571,0.1566,0.1549,0.15517,736786.0
2026-03-17 10:00:00+00:00,0.15517,0.15557,0.15327,0.15409,1210587.0
2026-03-17 11:00:00+00:00,0.15409,0.15417,0.15103,0.15103,4647579.0
2026-03-17 12:00:00+00:00,0.15103,0.15206,0.15031,0.15113,1088086.0
2026-03-17 13:00:00+00:00,0.15113,0.15244,0.14993,0.15074,1988158.0
2026-03-17 14:00:00+00:00,0.15074,0.15154,0.14946,0.15126,869775.0
2026-03-17 15:00:00+00:00,0.15126,0.15379,0.1507,0.15321,527615.0
2026-03-17 16:00:00+00:00,0.15321,0.15372,0.15191,0.15272,1830225.0
2026-03-17 17:00:00+00:00,0.15272,0.15354,0.1523,0.15287,378084.0
2026-03-17 18:00:00+00:00,0.15287,0.15362,0.15245,0.15267,361711.0
2026-03-17 19:00:00+00:00,0.15267,0.15397,0.15257,0.15297,598730.0
2026-03-17 20:00:00+00:00,0.15297,0.15311,0.15178,0.15221,294004.0
2026-03-17 21:00:00+00:00,0.15221,0.15254,0.15019,0.15075,626557.0
2026-03-17 22:00:00+00:00,0.15075,0.15153,0.14978,0.15013,510980.0
2026-03-17 23:00:00+00:00,0.15013,0.15086,0.14979,0.15037,264611.0
2026-03-18 00:00:00+00:00,0.15037,0.15126,0.15023,0.1511,1175646.0
2026-03-18 01:00:00+00:00,0.1511,0.15122,0.14956,0.1496,1570892.0
2026-03-18 02:00:00+00:00,0.1496,0.15119,0.14954,0.15055,512710.0
2026-03-18 03:00:00+00:00,0.15055,0.1506,0.14993,0.15011,202496.0
2026-03-18 04:00:00+00:00,0.15011,0.15012,0.149,0.14999,436047.0
2026-03-18 05:00:00+00:00,0.14999,0.15023,0.14876,0.15017,1339674.0
2026-03-18 06:00:00+00:00,0.15017,0.15073,0.14976,0.15042,172791.0
2026-03-18 07:00:00+00:00,0.15042,0.1508,0.14924,0.14952,702422.0
2026-03-18 08:00:00+00:00,0.14952,0.14969,0.14884,0.14915,471296.0
2026-03-18 09:00:00+00:00,0.14915,0.14922,0.14838,0.14881,432042.0
2026-03-18 10:00:00+00:00,0.14881,0.14954,0.14839,0.14942,886035.0
2026-03-18 11:00:00+00:00,0.14942,0.14965,0.1486,0.14883,721294.0
2026-03-18 12:00:00+00:00,0.14883,0.14917,0.1483,0.14887,710586.0
2026-03-18 13:00:00+00:00,0.14887,0.14907,0.1481,0.1481,550439.0
2026-03-18 14:00:00+00:00,0.1481,0.14811,0.1466,0.14683,1972035.0
2026-03-18 15:00:00+00:00,0.14683,0.14717,0.14592,0.14679,804712.0
2026-03-18 16:00:00+00:00,0.14679,0.14718,0.14629,0.14668,707736.0
2026-03-18 17:00:00+00:00,0.14668,0.1468,0.14577,0.14581,568449.0
2026-03-18 18:00:00+00:00,0.14581,0.14654,0.14505,0.14537,1540860.0
2026-03-18 19:00:00+00:00,0.14537,0.14955,0.14507,0.14925,1712622.0
2026-03-18 20:00:00+00:00,0.14925,0.15418,0.14788,0.15016,5860685.0
2026-03-18 21:00:00+00:00,0.15016,0.15066,0.14785,0.14785,764773.0
2026-03-18 22:00:00+00:00,0.14785,0.14788,0.14538,0.14593,789977.0
2026-03-18 23:00:00+00:00,0.14593,0.14715,0.14588,0.14663,258068.0
2026-03-19 00:00:00+00:00,0.14663,0.14687,0.14585,0.14664,407440.0
2026-03-19 01:00:00+00:00,0.14664,0.14687,0.14611,0.14644,172315.0
2026-03-19 02:00:00+00:00,0.14644,0.14662,0.14598,0.14612,192431.0
2026-03-19 03:00:00+00:00,0.14612,0.14732,0.14578,0.14636,711910.0
2026-03-19 04:00:00+00:00,0.14636,0.14701,0.14581,0.14632,318625.0
2026-03-19 05:00:00+00:00,0.14632,0.14713,0.14623,0.14677,225195.0
2026-03-19 06:00:00+00:00,0.14677,0.14713,0.14597,0.1463,308200.0
2026-03-19 07:00:00+00:00,0.1463,0.14635,0.14472,0.14522,2243534.0
2026-03-19 08:00:00+00:00,0.14522,0.14543,0.1444,0.14487,691465.0
2026-03-19 09:00:00+00:00,0.14487,0.14535,0.14434,0.14473,257235.0
2026-03-19 10:00:00+00:00,0.14473,0.14544,0.14437,0.1448,288828.0
2026-03-19 11:00:00+00:00,0.1448,0.14553,0.14437,0.14498,478232.0
2026-03-19 12:00:00+00:00,0.14498,0.1452,0.14441,0.14503,229355.0
2026-03-19 13:00:00+00:00,0.14503,0.14589,0.14454,0.1447,899767.0
2026-03-19 14:00:00+00:00,0.1447,0.14549,0.14436,0.1446,511840.0
2026-03-19 15:00:00+00:00,0.1446,0.14503,0.14412,0.14477,251152.0
2026-03-19 16:00:00+00:00,0.14477,0.14515,0.14455,0.1448,158107.0
2026-03-19 17:00:00+00:00,0.1448,0.14532,0.14474,0.14511,181079.0
2026-03-19 18:00:00+00:00,0.14511,0.14513,0.14469,0.14496,121013.0
2026-03-19 19:00:00+00:00,0.14496,0.14622,0.14485,0.14553,335121.0
2026-03-19 20:00:00+00:00,0.14553,0.14553,0.14473,0.14479,146587.0
2026-03-19 21:00:00+00:00,0.14479,0.14514,0.14459,0.14479,365442.0
2026-03-19 22:00:00+00:00,0.14479,0.14505,0.14429,0.14479,147327.0
2026-03-19 23:00:00+00:00,0.14479,0.14479,0.14379,0.14393,188438.0
2026-03-20 00:00:00+00:00,0.14393,0.14432,0.14373,0.14391,265619.0
2026-03-20 01:00:00+00:00,0.14391,0.14408,0.1435,0.14355,392589.0
2026-03-20 02:00:00+00:00,0.14355,0.14398,0.14341,0.14377,241468.0
2026-03-20 03:00:00+00:00,0.14377,0.14523,0.14334,0.14345,854404.0
2026-03-20 04:00:00+00:00,0.14345,0.14407,0.14188,0.14285,939092.0
2026-03-20 05:00:00+00:00,0.14285,0.14285,0.1419,0.1424,259181.0
2026-03-20 06:00:00+00:00,0.1424,0.14312,0.14236,0.14247,538274.0
2026-03-20 07:00:00+00:00,0.14247,0.14288,0.14217,0.14277,155497.0
2026-03-20 08:00:00+00:00,0.14277,0.14362,0.14275,0.14322,387846.0
2026-03-20 09:00:00+00:00,0.14322,0.14324,0.14277,0.14293,190204.0
2026-03-20 10:00:00+00:00,0.14293,0.14347,0.14274,0.14326,342854.0
2026-03-20 11:00:00+00:00,0.14326,0.14346,0.14268,0.14276,109793.0
2026-03-20 12:00:00+00:00,0.14276,0.14303,0.14223,0.14252,270652.0
2026-03-20 13:00:00+00:00,0.14252,0.14289,0.14218,0.14254,311461.0
2026-03-20 14:00:00+00:00,0.14254,0.14316,0.14166,0.14232,1802289.0
2026-03-20 15:00:00+00:00,0.14232,0.14281,0.14204,0.14246,479796.0
2026-03-20 16:00:00+00:00,0.14246,0.14294,0.14221,0.14268,286987.0
2026-03-20 17:00:00+00:00,0.14268,0.14356,0.14268,0.14356,100115.0
2026-03-20 18:00:00+00:00,0.14356,0.14395,0.1434,0.14385,205595.0
2026-03-20 19:00:00+00:00,0.14385,0.14407,0.14377,0.14406,216599.0
2026-03-20 20:00:00+00:00,0.14406,0.14463,0.14394,0.14459,466277.0
2026-03-20 21:00:00+00:00,0.14459,0.14483,0.14415,0.14417,208502.0
2026-03-20 22:00:00+00:00,0.14417,0.14497,0.14396,0.14448,156962.0
2026-03-20 23:00:00+00:00,0.14448,0.14494,0.14402,0.14433,262143.0
2026-03-21 00:00:00+00:00,0.14433,0.14498,0.14429,0.14485,89993.0
2026-03-21 01:00:00+00:00,0.14485,0.14604,0.14485,0.14586,686376.0
2026-03-21 02:00:00+00:00,0.14586,0.14717,0.1458,0.14645,639485.0
2026-03-21 03:00:00+00:00,0.14645,0.14717,0.14606,0.14707,187701.0
2026-03-21 04:00:00+00:00,0.14707,0.14751,0.14665,0.14741,529225.0
2026-03-21 05:00:00+00:00,0.14741,0.14769,0.14693,0.14732,372898.0
2026-03-21 06:00:00+00:00,0.14732,0.14814,0.14707,0.14755,440067.0
2026-03-21 07:00:00+00:00,0.14755,0.14777,0.1471,0.14732,293567.0
2026-03-21 08:00:00+00:00,0.14732,0.14758,0.14668,0.14755,278305.0
2026-03-21 09:00:00+00:00,0.14755,0.14808,0.14742,0.14747,234669.0
2026-03-21 10:00:00+00:00,0.14747,0.14748,0.14718,0.14743,163798.0
2026-03-21 11:00:00+00:00,0.14743,0.14743,0.14686,0.14728,209717.0
2026-03-21 12:00:00+00:00,0.14728,0.14768,0.1472,0.14723,157109.0
2026-03-21 13:00:00+00:00,0.14723,0.14779,0.14704,0.1474,170247.0
2026-03-21 14:00:00+00:00,0.1474,0.14784,0.14601,0.14638,418353.0
2026-03-21 15:00:00+00:00,0.14638,0.14645,0.14344,0.14549,1362128.0
2026-03-21 16:00:00+00:00,0.14549,0.14561,0.14488,0.14509,319700.0
2026-03-21 17:00:00+00:00,0.14509,0.1455,0.1449,0.14515,200774.0
2026-03-21 18:00:00+00:00,0.14515,0.1456,0.14514,0.14541,96039.0
2026-03-21 19:00:00+00:00,0.14541,0.14558,0.14514,0.14526,87660.0
2026-03-21 20:00:00+00:00,0.14526,0.14548,0.14506,0.14506,48025.0
2026-03-21 21:00:00+00:00,0.14506,0.14551,0.1447,0.14506,239063.0
2026-03-21 22:00:00+00:00,0.14506,0.14561,0.14499,0.14546,104601.0
2026-03-21 23:00:00+00:00,0.14546,0.14549,0.14396,0.14458,692117.0
2026-03-22 00:00:00+00:00,0.14458,0.14463,0.14316,0.14435,1097526.0
2026-03-22 01:00:00+00:00,0.14435,0.14435,0.14299,0.14352,344014.0
2026-03-22 02:00:00+00:00,0.14352,0.1442,0.14343,0.14351,267614.0
2026-03-22 03:00:00+00:00,0.14351,0.14403,0.14333,0.14359,207432.0
2026-03-22 04:00:00+00:00,0.14359,0.14376,0.14321,0.14322,93979.0
2026-03-22 05:00:00+00:00,0.14322,0.14351,0.14261,0.1428,459175.0
2026-03-22 06:00:00+00:00,0.1428,0.14439,0.14243,0.14401,452399.0
2026-03-22 07:00:00+00:00,0.14401,0.14449,0.14371,0.14373,269654.0
2026-03-22 08:00:00+00:00,0.14373,0.14391,0.1421,0.14224,475897.0
2026-03-22 09:00:00+00:00,0.14224,0.14309,0.14211,0.14277,322260.0
2026-03-22 10:00:00+00:00,0.14277,0.14292,0.14211,0.14283,119446.0
2026-03-22 11:00:00+00:00,0.14283,0.14361,0.14253,0.14304,419088.0
2026-03-22 12:00:00+00:00,0.14304,0.14381,0.14302,0.14347,115293.0
2026-03-22 13:00:00+00:00,0.14347,0.14362,0.1419,0.14262,428556.0
2026-03-22 14:00:00+00:00,0.14262,0.14304,0.14255,0.14256,171089.0
2026-03-22 15:00:00+00:00,0.14256,0.1427,0.14218,0.14249,130432.0
2026-03-22 16:00:00+00:00,0.14249,0.14265,0.14172,0.14247,408608.0
2026-03-22 17:00:00+00:00,0.14247,0.14277,0.14228,0.14238,328255.0
2026-03-22 18:00:00+00:00,0.14238,0.14271,0.14219,0.1424,208201.0
2026-03-22 19:00:00+00:00,0.1424,0.14256,0.1422,0.14247,179580.0
2026-03-22 20:00:00+00:00,0.14247,0.14263,0.14212,0.14237,367921.0
2026-03-22 21:00:00+00:00,0.14237,0.14246,0.14082,0.14104,809519.0
2026-03-22 22:00:00+00:00,0.14104,0.14282,0.1409,0.1423,873523.0
2026-03-22 23:00:00+00:00,0.1423,0.14243,0.14212,0.14228,84582.0
2026-03-23 00:00:00+00:00,0.14228,0.14366,0.14228,0.14347,229630.0
2026-03-23 01:00:00+00:00,0.14347,0.1443,0.14333,0.1443,104956.0
2026-03-23 02:00:00+00:00,0.1443,0.14669,0.14391,0.14634,565063.0
2026-03-23 03:00:00+00:00,0.14634,0.1467,0.14526,0.14536,356628.0
2026-03-23 04:00:00+00:00,0.14536,0.1459,0.14532,0.14571,101367.0
2026-03-23 05:00:00+00:00,0.14571,0.1458,0.1445,0.14478,219815.0
2026-03-23 06:00:00+00:00,0.14478,0.14748,0.1445,0.1463,842907.0
2026-03-23 07:00:00+00:00,0.1463,0.14647,0.14491,0.14601,1214409.0
2026-03-23 08:00:00+00:00,0.14601,0.14681,0.14585,0.14606,280376.0
2026-03-23 09:00:00+00:00,0.14606,0.14622,0.14417,0.14497,550065.0
2026-03-23 10:00:00+00:00,0.14497,0.14557,0.14479,0.14557,434129.0
2026-03-23 11:00:00+00:00,0.14557,0.14826,0.14547,0.14779,1925367.0
2026-03-23 12:00:00+00:00,0.14779,0.14779,0.14605,0.14709,754168.0
2026-03-23 13:00:00+00:00,0.14709,0.14812,0.14693,0.14779,275180.0
2026-03-23 14:00:00+00:00,0.14779,0.14803,0.147,0.1472,392590.0
2026-03-23 15:00:00+00:00,0.1472,0.14735,0.1455,0.14574,690374.0
2026-03-23 16:00:00+00:00,0.14574,0.14617,0.14453,0.1447,1119349.0
2026-03-23 17:00:00+00:00,0.1447,0.14494,0.1424,0.14308,1417538.0
2026-03-23 18:00:00+00:00,0.14308,0.14444,0.1425,0.1436,908741.0
2026-03-23 19:00:00+00:00,0.1436,0.14383,0.14237,0.1434,1098507.0
2026-03-23 20:00:00+00:00,0.1434,0.14499,0.14305,0.14469,378397.0
2026-03-23 21:00:00+00:00,0.14469,0.14491,0.14429,0.14436,272035.0
2026-03-23 22:00:00+00:00,0.14436,0.14508,0.14419,0.14503,352431.0
2026-03-23 23:00:00+00:00,0.14503,0.14506,0.14403,0.14473,161475.0
2026-03-24 00:00:00+00:00,0.14473,0.14724,0.14443,0.14623,393015.0
2026-03-24 01:00:00+00:00,0.14623,0.14731,0.1462,0.14685,223777.0
2026-03-24 02:00:00+00:00,0.14685,0.14742,0.14622,0.14647,355758.0
2026-03-24 03:00:00+00:00,0.14647,0.14777,0.1463,0.14735,274471.0
2026-03-24 04:00:00+00:00,0.14735,0.14797,0.14717,0.14761,128198.0
2026-03-24 05:00:00+00:00,0.14761,0.14761,0.14658,0.147,210473.0
2026-03-24 06:00:00+00:00,0.147,0.14703,0.14602,0.14602,92467.0
2026-03-24 07:00:00+00:00,0.14602,0.14626,0.14543,0.14594,239301.0
2026-03-24 08:00:00+00:00,0.14594,0.14632,0.14521,0.14601,352934.0
2026-03-24 09:00:00+00:00,0.14601,0.14714,0.14515,0.14664,1104513.0
2026-03-24 10:00:00+00:00,0.14664,0.14666,0.14505,0.14567,670299.0
2026-03-24 11:00:00+00:00,0.14567,0.14574,0.14461,0.14486,723973.0
2026-03-24 12:00:00+00:00,0.14486,0.14486,0.14414,0.14427,756286.0
2026-03-24 13:00:00+00:00,0.14427,0.14482,0.14327,0.14348,417598.0
2026-03-24 14:00:00+00:00,0.14348,0.14407,0.14278,0.14312,327996.0
2026-03-24 15:00:00+00:00,0.14312,0.14355,0.14262,0.14281,941607.0
2026-03-24 16:00:00+00:00,0.14281,0.14285,0.141,0.14102,1769352.0
2026-03-24 17:00:00+00:00,0.14102,0.14104,0.13856,0.13992,4904226.0
2026-03-24 18:00:00+00:00,0.13992,0.14052,0.13979,0.14004,500903.0
2026-03-24 19:00:00+00:00,0.14004,0.14019,0.13985,0.13999,309023.0
2026-03-24 20:00:00+00:00,0.13999,0.1405,0.13951,0.14028,500570.0
2026-03-24 21:00:00+00:00,0.14028,0.14062,0.13909,0.13967,617190.0
2026-03-24 22:00:00+00:00,0.13967,0.13967,0.13652,0.13902,3522549.0
2026-03-24 23:00:00+00:00,0.13902,0.14065,0.13857,0.14061,653740.0
2026-03-25 00:00:00+00:00,0.14061,0.14317,0.14051,0.14237,1360771.0
2026-03-25 01:00:00+00:00,0.14237,0.14305,0.14177,0.14284,557553.0
2026-03-25 02:00:00+00:00,0.14284,0.14304,0.14229,0.14296,159891.0
2026-03-25 03:00:00+00:00,0.14296,0.1434,0.14161,0.14183,428782.0
2026-03-25 04:00:00+00:00,0.14183,0.14206,0.14037,0.14081,430097.0
2026-03-25 05:00:00+00:00,0.14081,0.1415,0.1406,0.14142,300663.0
2026-03-25 06:00:00+00:00,0.14142,0.14142,0.13971,0.1398,260345.0
2026-03-25 07:00:00+00:00,0.1398,0.14084,0.13925,0.13928,422221.0
2026-03-25 08:00:00+00:00,0.13928,0.14021,0.13923,0.13927,382850.0
2026-03-25 09:00:00+00:00,0.13927,0.1406,0.13916,0.14033,395131.0
2026-03-25 10:00:00+00:00,0.14033,0.14048,0.13949,0.13991,280747.0
2026-03-25 11:00:00+00:00,0.13991,0.14003,0.13943,0.13986,322323.0
2026-03-25 12:00:00+00:00,0.13986,0.13986,0.13934,0.13967,280116.0
2026-03-25 13:00:00+00:00,0.13967,0.1399,0.13948,0.13985,317224.0
2026-03-25 14:00:00+00:00,0.13985,0.14001,0.13956,0.13978,179517.0
2026-03-25 15:00:00+00:00,0.13978,0.14021,0.13968,0.13979,567934.0
2026-03-25 16:00:00+00:00,0.13979,0.14788,0.13979,0.14572,15725210.0
2026-03-25 17:00:00+00:00,0.14572,0.14686,0.14232,0.14267,1350794.0
2026-03-25 18:00:00+00:00,0.14267,0.14339,0.14061,0.14073,1338461.0
2026-03-25 19:00:00+00:00,0.14073,0.14148,0.13981,0.14133,1169018.0
2026-03-25 20:00:00+00:00,0.14133,0.14217,0.14092,0.14179,706624.0
2026-03-25 21:00:00+00:00,0.14179,0.14276,0.14132,0.14246,845409.0
2026-03-25 22:00:00+00:00,0.14246,0.14433,0.14246,0.14279,1429078.0
2026-03-25 23:00:00+00:00,0.14279,0.14336,0.14208,0.14282,687496.0
2026-03-26 00:00:00+00:00,0.14282,0.14312,0.1415,0.14209,869556.0
2026-03-26 01:00:00+00:00,0.14209,0.14235,0.14191,0.14222,294792.0
2026-03-26 02:00:00+00:00,0.14222,0.14232,0.1418,0.14229,277318.0
2026-03-26 03:00:00+00:00,0.14229,0.14233,0.14095,0.14136,732125.0
2026-03-26 04:00:00+00:00,0.14136,0.14217,0.14136,0.14177,78870.0
2026-03-26 05:00:00+00:00,0.14177,0.14184,0.14043,0.14133,169099.0
2026-03-26 06:00:00+00:00,0.14133,0.14133,0.14041,0.14063,208877.0
2026-03-26 07:00:00+00:00,0.14063,0.14103,0.13955,0.14089,449442.0
2026-03-26 08:00:00+00:00,0.14089,0.14154,0.14056,0.14104,418517.0
2026-03-26 09:00:00+00:00,0.14104,0.14104,0.13677,0.1372,1394468.0
2026-03-26 10:00:00+00:00,0.1372,0.13791,0.13653,0.13766,923206.0
2026-03-26 11:00:00+00:00,0.13766,0.13794,0.13706,0.13738,262604.0
2026-03-26 12:00:00+00:00,0.13738,0.13825,0.13668,0.13703,290309.0
2026-03-26 13:00:00+00:00,0.13703,0.13838,0.13703,0.13828,166781.0
2026-03-26 14:00:00+00:00,0.13828,0.13858,0.13741,0.13741,493291.0
2026-03-26 15:00:00+00:00,0.13741,0.13746,0.13689,0.13738,588738.0
2026-03-26 16:00:00+00:00,0.13738,0.13743,0.13472,0.13565,1576257.0
2026-03-26 17:00:00+00:00,0.13565,0.13751,0.13552,0.13669,562408.0
2026-03-26 18:00:00+00:00,0.13669,0.13763,0.13662,0.1375,205440.0
2026-03-26 19:00:00+00:00,0.1375,0.14054,0.13726,0.14049,926725.0
2026-03-26 20:00:00+00:00,0.14049,0.14253,0.13921,0.14005,1171114.0
2026-03-26 21:00:00+00:00,0.14005,0.14168,0.13998,0.14067,451604.0
2026-03-26 22:00:00+00:00,0.14067,0.14192,0.14067,0.14127,416565.0
2026-03-26 23:00:00+00:00,0.14127,0.1443,0.14121,0.14261,2154413.0
2026-03-27 00:00:00+00:00,0.14261,0.14487,0.14249,0.14476,1420581.0
2026-03-27 01:00:00+00:00,0.14476,0.14577,0.14353,0.14574,851032.0
2026-03-27 02:00:00+00:00,0.14574,0.14729,0.14434,0.14449,1342850.0
2026-03-27 03:00:00+00:00,0.14449,0.14519,0.14389,0.14518,416296.0
2026-03-27 04:00:00+00:00,0.14518,0.14685,0.14513,0.14633,351895.0
2026-03-27 05:00:00+00:00,0.14633,0.14742,0.14577,0.14632,677297.0
2026-03-27 06:00:00+00:00,0.14632,0.14739,0.14585,0.14644,440771.0
2026-03-27 07:00:00+00:00,0.14644,0.14776,0.14642,0.1465,613285.0
2026-03-27 08:00:00+00:00,0.1465,0.14698,0.14527,0.14604,654052.0
2026-03-27 09:00:00+00:00,0.14604,0.14658,0.14575,0.14605,241207.0
2026-03-27 10:00:00+00:00,0.14605,0.14711,0.14352,0.14394,2626323.0
2026-03-27 11:00:00+00:00,0.14394,0.14429,0.14183,0.1424,1104833.0
2026-03-27 12:00:00+00:00,0.1424,0.14342,0.14203,0.14211,1049270.0
2026-03-27 13:00:00+00:00,0.14211,0.14268,0.14118,0.14204,631824.0
2026-03-27 14:00:00+00:00,0.14204,0.14426,0.14202,0.14273,2301059.0
2026-03-27 15:00:00+00:00,0.14273,0.14312,0.14115,0.1417,1275276.0
2026-03-27 16:00:00+00:00,0.1417,0.14183,0.14055,0.14059,485750.0
2026-03-27 17:00:00+00:00,0.14059,0.14117,0.1396,0.14042,1610565.0
2026-03-27 18:00:00+00:00,0.14042,0.14189,0.1401,0.14087,1076638.0
2026-03-27 19:00:00+00:00,0.14087,0.14153,0.14052,0.14127,273578.0
2026-03-27 20:00:00+00:00,0.14127,0.14127,0.14052,0.14112,582130.0
2026-03-27 21:00:00+00:00,0.14112,0.14119,0.1405,0.14055,231501.0
2026-03-27 22:00:00+00:00,0.14055,0.1412,0.1404,0.14075,235740.0
2026-03-27 23:00:00+00:00,0.14075,0.14107,0.14043,0.14075,158699.0
2026-03-28 00:00:00+00:00,0.14075,0.14151,0.1399,0.14051,487132.0
2026-03-28 01:00:00+00:00,0.14051,0.14061,0.13985,0.14009,430231.0
2026-03-28 02:00:00+00:00,0.14009,0.14037,0.13977,0.14018,282561.0
2026-03-28 03:00:00+00:00,0.14018,0.14057,0.14012,0.14055,110480.0
2026-03-28 04:00:00+00:00,0.14055,0.14096,0.14021,0.14096,291864.0
2026-03-28 05:00:00+00:00,0.14096,0.14255,0.14083,0.14204,424528.0
2026-03-28 06:00:00+00:00,0.14204,0.14455,0.14204,0.14352,1435162.0
2026-03-28 07:00:00+00:00,0.14352,0.14789,0.14346,0.14711,1304470.0
2026-03-28 08:00:00+00:00,0.14711,0.14763,0.14533,0.14568,1209112.0
2026-03-28 09:00:00+00:00,0.14568,0.14695,0.14568,0.14638,542037.0
2026-03-28 10:00:00+00:00,0.14638,0.14917,0.14638,0.1479,2768515.0
2026-03-28 11:00:00+00:00,0.1479,0.14863,0.14752,0.14848,642117.0
2026-03-28 12:00:00+00:00,0.14848,0.14953,0.14821,0.14856,801251.0
2026-03-28 13:00:00+00:00,0.14856,0.14985,0.14776,0.14799,914026.0
2026-03-28 14:00:00+00:00,0.14799,0.14963,0.14733,0.14926,1343374.0
2026-03-28 15:00:00+00:00,0.14926,0.14968,0.1486,0.14949,691623.0
2026-03-28 16:00:00+00:00,0.14949,0.15058,0.14874,0.14889,1614450.0
2026-03-28 17:00:00+00:00,0.14889,0.15054,0.14887,0.15053,494379.0
2026-03-28 18:00:00+00:00,0.15053,0.1531,0.15047,0.15254,4694997.0
2026-03-28 19:00:00+00:00,0.15254,0.15893,0.15253,0.15683,6027399.0
2026-03-28 20:00:00+00:00,0.15683,0.15826,0.15598,0.15716,2337063.0
2026-03-28 21:00:00+00:00,0.15716,0.15752,0.15614,0.15669,1092926.0
2026-03-28 22:00:00+00:00,0.15669,0.1573,0.1548,0.15544,1059636.0
2026-03-28 23:00:00+00:00,0.15544,0.15564,0.15292,0.15425,1765574.0
2026-03-29 00:00:00+00:00,0.15425,0.15467,0.15232,0.15279,1511045.0
2026-03-29 01:00:00+00:00,0.15279,0.15461,0.1524,0.15461,492613.0
2026-03-29 02:00:00+00:00,0.15461,0.15548,0.15333,0.15435,1369404.0
2026-03-29 03:00:00+00:00,0.15435,0.15505,0.15385,0.15491,491707.0
2026-03-29 04:00:00+00:00,0.15491,0.15519,0.15444,0.15478,409259.0
2026-03-29 05:00:00+00:00,0.15478,0.15578,0.15466,0.15505,309905.0
2026-03-29 06:00:00+00:00,0.15505,0.15708,0.15505,0.15699,674374.0
2026-03-29 07:00:00+00:00,0.15699,0.15747,0.15622,0.15645,668942.0
2026-03-29 08:00:00+00:00,0.15645,0.15672,0.1552,0.15523,315072.0
2026-03-29 09:00:00+00:00,0.15523,0.1563,0.15469,0.15522,1002005.0
2026-03-29 10:00:00+00:00,0.15522,0.15542,0.15365,0.15489,1251832.0
2026-03-29 11:00:00+00:00,0.15489,0.15499,0.15342,0.15359,644092.0
2026-03-29 12:00:00+00:00,0.15359,0.15376,0.15298,0.15319,789085.0
2026-03-29 13:00:00+00:00,0.15319,0.15326,0.15195,0.15243,454207.0
2026-03-29 14:00:00+00:00,0.15243,0.15266,0.15203,0.15226,327816.0
2026-03-29 15:00:00+00:00,0.15226,0.15292,0.15182,0.15221,441540.0
2026-03-29 16:00:00+00:00,0.15221,0.15229,0.15069,0.15127,956627.0
2026-03-29 17:00:00+00:00,0.15127,0.15161,0.15052,0.15066,428711.0
2026-03-29 18:00:00+00:00,0.15066,0.1527,0.15059,0.15144,734129.0
2026-03-29 19:00:00+00:00,0.15144,0.15147,0.14906,0.14946,1535001.0
2026-03-29 20:00:00+00:00,0.14946,0.15082,0.14946,0.15055,485334.0
2026-03-29 21:00:00+00:00,0.15055,0.15138,0.15026,0.15106,475490.0
2026-03-29 22:00:00+00:00,0.15106,0.15112,0.14888,0.15036,744324.0
2026-03-29 23:00:00+00:00,0.15036,0.15144,0.15029,0.15099,557553.0
2026-03-30 00:00:00+00:00,0.15099,0.154,0.15076,0.15248,674919.0
2026-03-30 01:00:00+00:00,0.15248,0.15308,0.15244,0.15278,292010.0
2026-03-30 02:00:00+00:00,0.15278,0.15381,0.15236,0.15315,200340.0
2026-03-30 03:00:00+00:00,0.15315,0.15459,0.15276,0.15364,224591.0
2026-03-30 04:00:00+00:00,0.15364,0.1544,0.15357,0.15392,231771.0
2026-03-30 05:00:00+00:00,0.15392,0.15392,0.15322,0.15388,146147.0
2026-03-30 06:00:00+00:00,0.15388,0.15388,0.15189,0.15195,379260.0
2026-03-30 07:00:00+00:00,0.15195,0.1532,0.15195,0.15267,237144.0
2026-03-30 08:00:00+00:00,0.15267,0.15312,0.1524,0.15308,106889.0
2026-03-30 09:00:00+00:00,0.15308,0.1532,0.15181,0.15234,296107.0
2026-03-30 10:00:00+00:00,0.15234,0.15272,0.15149,0.15154,293530.0
2026-03-30 11:00:00+00:00,0.15154,0.15241,0.15148,0.15206,426494.0
2026-03-30 12:00:00+00:00,0.15206,0.15406,0.15191,0.15314,1757746.0
2026-03-30 13:00:00+00:00,0.15314,0.15318,0.15129,0.15241,425015.0
2026-03-30 14:00:00+00:00,0.15241,0.15374,0.15204,0.15367,566790.0
2026-03-30 15:00:00+00:00,0.15367,0.15388,0.15248,0.15339,694632.0
2026-03-30 16:00:00+00:00,0.15339,0.15387,0.15289,0.15357,398070.0
2026-03-30 17:00:00+00:00,0.15357,0.15367,0.1528,0.15298,293111.0
2026-03-30 18:00:00+00:00,0.15298,0.15304,0.15026,0.15144,1469032.0
2026-03-30 19:00:00+00:00,0.15144,0.15218,0.15027,0.15206,539117.0
2026-03-30 20:00:00+00:00,0.15206,0.15232,0.15164,0.15179,234034.0
2026-03-30 21:00:00+00:00,0.15179,0.15183,0.15058,0.15122,347857.0
2026-03-30 22:00:00+00:00,0.15122,0.15138,0.15064,0.151,132729.0
2026-03-30 23:00:00+00:00,0.151,0.15105,0.14685,0.14776,3509180.0
2026-03-31 00:00:00+00:00,0.14776,0.14927,0.14703,0.14895,1321325.0
2026-03-31 01:00:00+00:00,0.14895,0.14966,0.14862,0.149,515342.0
2026-03-31 02:00:00+00:00,0.149,0.14937,0.1485,0.14923,206381.0
2026-03-31 03:00:00+00:00,0.14923,0.14956,0.14898,0.14943,229436.0
2026-03-31 04:00:00+00:00,0.14943,0.14944,0.14881,0.14902,404747.0
2026-03-31 05:00:00+00:00,0.14902,0.14902,0.14735,0.14767,593625.0
2026-03-31 06:00:00+00:00,0.14767,0.14848,0.14732,0.14847,252245.0
2026-03-31 07:00:00+00:00,0.14847,0.14913,0.1478,0.14901,361959.0
2026-03-31 08:00:00+00:00,0.14901,0.14911,0.14744,0.14744,489906.0
2026-03-31 09:00:00+00:00,0.14744,0.14812,0.14709,0.1481,261175.0
2026-03-31 10:00:00+00:00,0.1481,0.14825,0.14778,0.14788,116269.0
2026-03-31 11:00:00+00:00,0.14788,0.14844,0.1477,0.14839,182819.0
2026-03-31 12:00:00+00:00,0.14839,0.14842,0.14342,0.14416,2454746.0
2026-03-31 13:00:00+00:00,0.14416,0.14513,0.14314,0.14513,1537507.0
2026-03-31 14:00:00+00:00,0.14513,0.14994,0.14506,0.14885,2472304.0
2026-03-31 15:00:00+00:00,0.14885,0.149,0.14558,0.14744,1288174.0
2026-03-31 16:00:00+00:00,0.14744,0.1498,0.14717,0.14918,490797.0
2026-03-31 17:00:00+00:00,0.14918,0.15129,0.1473,0.14738,2166072.0
2026-03-31 18:00:00+00:00,0.14738,0.14763,0.14641,0.14739,557326.0
2026-03-31 19:00:00+00:00,0.14739,0.14794,0.14704,0.14724,187099.0
2026-03-31 20:00:00+00:00,0.14724,0.15,0.14683,0.14988,549692.0
2026-03-31 21:00:00+00:00,0.14988,0.15353,0.14972,0.15266,1221042.0
2026-03-31 22:00:00+00:00,0.15266,0.15285,0.15202,0.15252,182195.0
2026-03-31 23:00:00+00:00,0.15252,0.15252,0.15044,0.15063,500935.0
2026-04-01 00:00:00+00:00,0.15063,0.15063,0.14817,0.14861,396508.0
2026-04-01 01:00:00+00:00,0.14861,0.14863,0.1475,0.14781,201115.0
2026-04-01 02:00:00+00:00,0.14781,0.14804,0.14692,0.1473,193221.0
2026-04-01 03:00:00+00:00,0.1473,0.14767,0.1465,0.1466,175589.0
2026-04-01 04:00:00+00:00,0.1466,0.14763,0.14626,0.14689,583044.0
2026-04-01 05:00:00+00:00,0.14689,0.14701,0.14621,0.14623,334374.0
2026-04-01 06:00:00+00:00,0.14623,0.14639,0.1446,0.14545,1216118.0
2026-04-01 07:00:00+00:00,0.14545,0.14545,0.14318,0.14334,734903.0
2026-04-01 08:00:00+00:00,0.14334,0.14422,0.14279,0.14306,1428686.0
2026-04-01 09:00:00+00:00,0.14306,0.14387,0.1425,0.14274,433300.0
2026-04-01 10:00:00+00:00,0.14274,0.14286,0.14072,0.14103,961130.0
2026-04-01 11:00:00+00:00,0.14103,0.14168,0.13983,0.14063,956275.0
2026-04-01 12:00:00+00:00,0.14063,0.14404,0.14026,0.14313,1379714.0
2026-04-01 13:00:00+00:00,0.14313,0.1433,0.14102,0.14329,1181343.0
2026-04-01 14:00:00+00:00,0.14329,0.14538,0.14142,0.14256,2186401.0
2026-04-01 15:00:00+00:00,0.14256,0.14376,0.14196,0.14325,885570.0
2026-04-01 16:00:00+00:00,0.14325,0.14379,0.14249,0.1435,454740.0
2026-04-01 17:00:00+00:00,0.1435,0.14473,0.14335,0.14465,574295.0
2026-04-01 18:00:00+00:00,0.14465,0.14472,0.14363,0.14415,260866.0
2026-04-01 19:00:00+00:00,0.14415,0.14539,0.1439,0.14518,496650.0
2026-04-01 20:00:00+00:00,0.14518,0.14518,0.14317,0.14342,357744.0
2026-04-01 21:00:00+00:00,0.14342,0.14342,0.14192,0.14245,678567.0
2026-04-01 22:00:00+00:00,0.14245,0.14246,0.14082,0.14143,307419.0
2026-04-01 23:00:00+00:00,0.14143,0.14253,0.14121,0.14251,278172.0
2026-04-02 00:00:00+00:00,0.14251,0.14272,0.14008,0.14268,1011078.0
2026-04-02 01:00:00+00:00,0.14268,0.14275,0.14116,0.14194,712405.0
2026-04-02 02:00:00+00:00,0.14194,0.14235,0.14126,0.14215,592772.0
2026-04-02 03:00:00+00:00,0.14215,0.14261,0.14148,0.14186,651831.0
2026-04-02 04:00:00+00:00,0.14186,0.1421,0.14127,0.14158,388378.0
2026-04-02 05:00:00+00:00,0.14158,0.14301,0.14143,0.14197,745589.0
2026-04-02 06:00:00+00:00,0.14197,0.14211,0.14151,0.14187,273099.0
2026-04-02 07:00:00+00:00,0.14187,0.14312,0.14161,0.14283,323932.0
2026-04-02 08:00:00+00:00,0.14283,0.14347,0.1422,0.14272,421409.0
2026-04-02 09:00:00+00:00,0.14272,0.14283,0.14143,0.14172,318571.0
2026-04-02 10:00:00+00:00,0.14172,0.14231,0.14147,0.14193,421502.0
2026-04-02 11:00:00+00:00,0.14193,0.14277,0.1417,0.14264,546273.0
2026-04-02 12:00:00+00:00,0.14264,0.1433,0.14132,0.14137,588442.0
2026-04-02 13:00:00+00:00,0.14137,0.14209,0.1395,0.13995,2148068.0
2026-04-02 14:00:00+00:00,0.13995,0.14067,0.13977,0.14006,841128.0
2026-04-02 15:00:00+00:00,0.14006,0.14006,0.13853,0.13857,637083.0
2026-04-02 16:00:00+00:00,0.13857,0.14051,0.13821,0.13994,1025988.0
2026-04-02 17:00:00+00:00,0.13994,0.14029,0.13882,0.13882,449745.0
2026-04-02 18:00:00+00:00,0.13882,0.13929,0.13805,0.13842,613353.0
2026-04-02 19:00:00+00:00,0.13842,0.14434,0.13831,0.14232,1833333.0
2026-04-02 20:00:00+00:00,0.14232,0.14318,0.14083,0.14133,943140.0
2026-04-02 21:00:00+00:00,0.14133,0.14224,0.14101,0.14179,342146.0
2026-04-02 22:00:00+00:00,0.14179,0.14371,0.14123,0.14369,283290.0
2026-04-02 23:00:00+00:00,0.14369,0.14425,0.14315,0.14352,253883.0
2026-04-03 00:00:00+00:00,0.14352,0.14372,0.14239,0.14273,598532.0
2026-04-03 01:00:00+00:00,0.14273,0.14356,0.14273,0.14327,90656.0
2026-04-03 02:00:00+00:00,0.14327,0.14356,0.14277,0.14305,119869.0
2026-04-03 03:00:00+00:00,0.14305,0.14395,0.14265,0.14353,249774.0
2026-04-03 04:00:00+00:00,0.14353,0.14368,0.14329,0.14341,103327.0
2026-04-03 05:00:00+00:00,0.14341,0.144,0.14303,0.14371,192920.0
2026-04-03 06:00:00+00:00,0.14371,0.14371,0.14234,0.14281,227296.0
2026-04-03 07:00:00+00:00,0.14281,0.14351,0.14275,0.14306,155260.0
2026-04-03 08:00:00+00:00,0.14306,0.14315,0.14194,0.14269,183415.0
2026-04-03 09:00:00+00:00,0.14269,0.14283,0.14201,0.14264,197788.0
2026-04-03 10:00:00+00:00,0.14264,0.14309,0.14223,0.14286,247633.0
2026-04-03 11:00:00+00:00,0.14286,0.14312,0.14261,0.14286,92507.0
2026-04-03 12:00:00+00:00,0.14286,0.14388,0.14266,0.14317,710094.0
2026-04-03 13:00:00+00:00,0.14317,0.14342,0.14226,0.14342,512346.0
2026-04-03 14:00:00+00:00,0.14342,0.1436,0.1427,0.14296,361113.0
2026-04-03 15:00:00+00:00,0.14296,0.14375,0.14293,0.14371,281830.0
2026-04-03 16:00:00+00:00,0.14371,0.144,0.14173,0.14183,715029.0
2026-04-03 17:00:00+00:00,0.14183,0.14213,0.14062,0.14114,648982.0
2026-04-03 18:00:00+00:00,0.14114,0.14155,0.13878,0.13907,804304.0
2026-04-03 19:00:00+00:00,0.13907,0.13987,0.13889,0.13961,429805.0
2026-04-03 20:00:00+00:00,0.13961,0.14007,0.13878,0.13987,304739.0
2026-04-03 21:00:00+00:00,0.13987,0.14006,0.13873,0.13893,340700.0
2026-04-03 22:00:00+00:00,0.13893,0.13943,0.13813,0.13842,496174.0
2026-04-03 23:00:00+00:00,0.13842,0.13934,0.13826,0.13929,231135.0
2026-04-04 00:00:00+00:00,0.13929,0.13952,0.1385,0.13952,429800.0
2026-04-04 01:00:00+00:00,0.13952,0.14064,0.13928,0.14035,461032.0
2026-04-04 02:00:00+00:00,0.14035,0.14052,0.13995,0.14043,191832.0
2026-04-04 03:00:00+00:00,0.14043,0.14043,0.13964,0.14011,230391.0
2026-04-04 04:00:00+00:00,0.14011,0.14024,0.13987,0.14024,85896.0
2026-04-04 05:00:00+00:00,0.14024,0.14064,0.13975,0.14004,141730.0
2026-04-04 06:00:00+00:00,0.14004,0.14005,0.13948,0.14003,94814.0
2026-04-04 07:00:00+00:00,0.14003,0.14082,0.1397,0.1403,297079.0
2026-04-04 08:00:00+00:00,0.1403,0.1403,0.13955,0.1397,193816.0
2026-04-04 09:00:00+00:00,0.1397,0.13985,0.13946,0.13947,112484.0
2026-04-04 10:00:00+00:00,0.13947,0.13969,0.13923,0.13923,83138.0
2026-04-04 11:00:00+00:00,0.13923,0.13948,0.13894,0.13928,193992.0
2026-04-04 12:00:00+00:00,0.13928,0.1393,0.13869,0.13891,136416.0
2026-04-04 13:00:00+00:00,0.13891,0.13963,0.13876,0.13963,205636.0
2026-04-04 14:00:00+00:00,0.13963,0.13995,0.13945,0.13971,228203.0
2026-04-04 15:00:00+00:00,0.13971,0.1404,0.13923,0.13943,193641.0
2026-04-04 16:00:00+00:00,0.13943,0.13959,0.13927,0.13958,130198.0
2026-04-04 17:00:00+00:00,0.13958,0.13981,0.1394,0.13954,87191.0
2026-04-04 18:00:00+00:00,0.13954,0.13972,0.13936,0.13966,100344.0
2026-04-04 19:00:00+00:00,0.13966,0.13986,0.13933,0.13964,119826.0
2026-04-04 20:00:00+00:00,0.13964,0.13968,0.13934,0.1395,60208.0
2026-04-04 21:00:00+00:00,0.1395,0.13965,0.13936,0.13942,70037.0
2026-04-04 22:00:00+00:00,0.13942,0.1396,0.13918,0.13939,66406.0
2026-04-04 23:00:00+00:00,0.13939,0.13948,0.13915,0.1393,126294.0
2026-04-05 00:00:00+00:00,0.1393,0.14043,0.1392,0.1403,220009.0
2026-04-05 01:00:00+00:00,0.1403,0.14049,0.14005,0.1404,172222.0
2026-04-05 02:00:00+00:00,0.1404,0.14049,0.13965,0.13996,212072.0
2026-04-05 03:00:00+00:00,0.13996,0.14037,0.13996,0.1401,79853.0
2026-04-05 04:00:00+00:00,0.1401,0.14021,0.13986,0.1401,47289.0
2026-04-05 05:00:00+00:00,0.1401,0.14042,0.13999,0.14013,62246.0
2026-04-05 06:00:00+00:00,0.14013,0.14021,0.13964,0.13994,145856.0
2026-04-05 07:00:00+00:00,0.13994,0.14,0.13973,0.13978,79795.0
2026-04-05 08:00:00+00:00,0.13978,0.13997,0.13967,0.13984,91556.0
2026-04-05 09:00:00+00:00,0.13984,0.14034,0.13973,0.14013,112009.0
2026-04-05 10:00:00+00:00,0.14013,0.14026,0.1396,0.13977,117278.0
2026-04-05 11:00:00+00:00,0.13977,0.14003,0.13972,0.14002,81123.0
2026-04-05 12:00:00+00:00,0.14002,0.14011,0.13886,0.13956,170231.0
2026-04-05 13:00:00+00:00,0.13956,0.14041,0.13943,0.14009,232497.0
2026-04-05 14:00:00+00:00,0.14009,0.14126,0.1396,0.13963,941641.0
2026-04-05 15:00:00+00:00,0.13963,0.13978,0.1391,0.13958,239759.0
2026-04-05 16:00:00+00:00,0.13958,0.13993,0.13924,0.1393,151648.0
2026-04-05 17:00:00+00:00,0.1393,0.13953,0.13915,0.13947,184938.0
2026-04-05 18:00:00+00:00,0.13947,0.13985,0.13946,0.13978,67523.0
2026-04-05 19:00:00+00:00,0.13978,0.13997,0.13977,0.1399,192604.0
2026-04-05 20:00:00+00:00,0.1399,0.13994,0.13958,0.13958,65168.0
2026-04-05 21:00:00+00:00,0.13958,0.13972,0.13897,0.13922,242701.0
2026-04-05 22:00:00+00:00,0.13922,0.13959,0.1389,0.13952,291691.0
2026-04-05 23:00:00+00:00,0.13952,0.14,0.13946,0.1399,808164.0
2026-04-06 00:00:00+00:00,0.1399,0.14195,0.13922,0.14061,1194619.0
2026-04-06 01:00:00+00:00,0.14061,0.14061,0.139,0.13952,129029.0
2026-04-06 02:00:00+00:00,0.13952,0.13978,0.13888,0.13914,508917.0
2026-04-06 03:00:00+00:00,0.13914,0.13954,0.13839,0.13883,415557.0
2026-04-06 04:00:00+00:00,0.13883,0.13888,0.13843,0.13885,66291.0
2026-04-06 05:00:00+00:00,0.13885,0.1394,0.13875,0.13938,75754.0
2026-04-06 06:00:00+00:00,0.13938,0.13986,0.13889,0.13939,416045.0
2026-04-06 07:00:00+00:00,0.13939,0.13952,0.13883,0.13918,151083.0
2026-04-06 08:00:00+00:00,0.13918,0.1394,0.13901,0.13928,167020.0
2026-04-06 09:00:00+00:00,0.13928,0.14101,0.13917,0.13927,1497000.0
2026-04-06 10:00:00+00:00,0.13927,0.13996,0.13926,0.13969,325330.0
2026-04-06 11:00:00+00:00,0.13969,0.13969,0.13918,0.13928,100366.0
2026-04-06 12:00:00+00:00,0.13928,0.14288,0.1392,0.14191,7017270.0
2026-04-06 13:00:00+00:00,0.14191,0.14227,0.1411,0.14135,952823.0
2026-04-06 14:00:00+00:00,0.14135,0.14512,0.14086,0.14394,2808706.0
2026-04-06 15:00:00+00:00,0.14394,0.14552,0.14279,0.14466,974552.0
2026-04-06 16:00:00+00:00,0.14466,0.14745,0.14429,0.14429,1487630.0
2026-04-06 17:00:00+00:00,0.14429,0.14483,0.14359,0.14389,589958.0
2026-04-06 18:00:00+00:00,0.14389,0.1443,0.14387,0.14418,296714.0
2026-04-06 19:00:00+00:00,0.14418,0.14483,0.14409,0.14434,286095.0
2026-04-06 20:00:00+00:00,0.14434,0.1444,0.14397,0.1444,436069.0
2026-04-06 21:00:00+00:00,0.1444,0.14519,0.14372,0.14444,683295.0
2026-04-06 22:00:00+00:00,0.14444,0.1454,0.14429,0.14502,651468.0
2026-04-06 23:00:00+00:00,0.14502,0.14596,0.14462,0.14581,736396.0
2026-04-07 00:00:00+00:00,0.14581,0.14894,0.14578,0.1488,1897433.0
2026-04-07 01:00:00+00:00,0.1488,0.14951,0.14676,0.1473,1859828.0
2026-04-07 02:00:00+00:00,0.1473,0.14819,0.14613,0.14688,653276.0
2026-04-07 03:00:00+00:00,0.14688,0.1481,0.14645,0.14801,422186.0
2026-04-07 04:00:00+00:00,0.14801,0.14845,0.14725,0.14809,403251.0
2026-04-07 05:00:00+00:00,0.14809,0.14917,0.14756,0.14809,1335782.0
2026-04-07 06:00:00+00:00,0.14809,0.14868,0.14699,0.14793,748181.0
2026-04-07 07:00:00+00:00,0.14793,0.1485,0.14734,0.14754,541329.0
2026-04-07 08:00:00+00:00,0.14754,0.14774,0.14665,0.14746,569951.0
2026-04-07 09:00:00+00:00,0.14746,0.14812,0.14731,0.14808,415303.0
2026-04-07 10:00:00+00:00,0.14808,0.14929,0.14769,0.14829,794775.0
2026-04-07 11:00:00+00:00,0.14829,0.14859,0.148,0.14823,342316.0
2026-04-07 12:00:00+00:00,0.14823,0.14834,0.14543,0.14639,2720870.0
2026-04-07 13:00:00+00:00,0.14639,0.14661,0.14277,0.14324,1592759.0
2026-04-07 14:00:00+00:00,0.14324,0.14474,0.14261,0.14474,919692.0
2026-04-07 15:00:00+00:00,0.14474,0.1449,0.14305,0.14315,342899.0
2026-04-07 16:00:00+00:00,0.14315,0.14428,0.14262,0.14263,500261.0
2026-04-07 17:00:00+00:00,0.14263,0.14301,0.14032,0.14263,1890277.0
2026-04-07 18:00:00+00:00,0.14263,0.1434,0.14239,0.14277,861653.0
2026-04-07 19:00:00+00:00,0.14277,0.14277,0.1415,0.14156,285744.0
2026-04-07 20:00:00+00:00,0.14156,0.14319,0.14133,0.14268,410538.0
2026-04-07 21:00:00+00:00,0.14268,0.14418,0.14259,0.14306,444580.0
2026-04-07 22:00:00+00:00,0.14306,0.14831,0.14295,0.14607,2174807.0
2026-04-07 23:00:00+00:00,0.14607,0.14802,0.14587,0.1469,1186901.0
2026-04-08 00:00:00+00:00,0.1469,0.1469,0.14521,0.14571,679073.0
2026-04-08 01:00:00+00:00,0.14571,0.14575,0.14528,0.14532,77229.0
2026-04-08 02:00:00+00:00,0.14532,0.14533,0.14434,0.14437,182231.0
2026-04-08 03:00:00+00:00,0.14437,0.14489,0.14401,0.14449,247625.0
2026-04-08 04:00:00+00:00,0.14449,0.14494,0.1443,0.14475,188464.0
2026-04-08 05:00:00+00:00,0.14475,0.14475,0.14431,0.14436,66868.0
2026-04-08 06:00:00+00:00,0.14436,0.14462,0.14394,0.14421,285133.0
2026-04-08 07:00:00+00:00,0.14421,0.14441,0.1438,0.14399,253743.0
2026-04-08 08:00:00+00:00,0.14399,0.14407,0.1438,0.14383,132151.0
2026-04-08 09:00:00+00:00,0.14383,0.14396,0.1436,0.14363,212175.0
2026-04-08 10:00:00+00:00,0.14363,0.14405,0.14309,0.14363,531765.0
2026-04-08 11:00:00+00:00,0.14363,0.14444,0.14351,0.14416,273783.0
2026-04-08 12:00:00+00:00,0.14416,0.14438,0.1436,0.14386,492512.0
2026-04-08 13:00:00+00:00,0.14386,0.14431,0.14371,0.14384,202712.0
2026-04-08 14:00:00+00:00,0.14384,0.1442,0.14377,0.14384,471673.0
2026-04-08 15:00:00+00:00,0.14384,0.14409,0.1432,0.1432,126840.0
2026-04-08 16:00:00+00:00,0.1432,0.14365,0.14264,0.14298,680110.0
2026-04-08 17:00:00+00:00,0.14298,0.143,0.142,0.14205,345773.0
2026-04-08 18:00:00+00:00,0.14205,0.14467,0.14193,0.14241,848834.0
2026-04-08 19:00:00+00:00,0.14241,0.14241,0.1418,0.14191,104364.0
2026-04-08 20:00:00+00:00,0.14191,0.14196,0.1401,0.14078,980812.0
2026-04-08 21:00:00+00:00,0.14078,0.14121,0.14,0.14057,502378.0
2026-04-08 22:00:00+00:00,0.14057,0.14073,0.14024,0.14025,100519.0
2026-04-08 23:00:00+00:00,0.14025,0.14095,0.1399,0.14074,242049.0
2026-04-09 00:00:00+00:00,0.14074,0.14449,0.14058,0.14449,683481.0
2026-04-09 01:00:00+00:00,0.14449,0.14572,0.14328,0.14456,1032819.0
2026-04-09 02:00:00+00:00,0.14456,0.14627,0.14453,0.14482,590162.0
2026-04-09 03:00:00+00:00,0.14482,0.1452,0.14446,0.14449,159665.0
2026-04-09 04:00:00+00:00,0.14449,0.14785,0.1443,0.14654,689707.0
2026-04-09 05:00:00+00:00,0.14654,0.14666,0.14568,0.14641,146832.0
2026-04-09 06:00:00+00:00,0.14641,0.14699,0.14575,0.14613,204407.0
2026-04-09 07:00:00+00:00,0.14613,0.14698,0.14613,0.14674,163476.0
2026-04-09 08:00:00+00:00,0.14674,0.14712,0.14637,0.14698,361405.0
2026-04-09 09:00:00+00:00,0.14698,0.14732,0.14659,0.14692,312455.0
2026-04-09 10:00:00+00:00,0.14692,0.14778,0.14674,0.14755,319315.0
2026-04-09 11:00:00+00:00,0.14755,0.14768,0.14644,0.14678,614308.0
2026-04-09 12:00:00+00:00,0.14678,0.1471,0.14629,0.14629,279252.0
2026-04-09 13:00:00+00:00,0.14629,0.14765,0.14465,0.14703,990804.0
2026-04-09 14:00:00+00:00,0.14703,0.14754,0.14497,0.14501,1117201.0
2026-04-09 15:00:00+00:00,0.14501,0.1466,0.1445,0.1461,407857.0
2026-04-09 16:00:00+00:00,0.1461,0.1461,0.14517,0.1455,211197.0
2026-04-09 17:00:00+00:00,0.1455,0.14745,0.14539,0.14698,317110.0
2026-04-09 18:00:00+00:00,0.14698,0.14816,0.14676,0.14736,504976.0
2026-04-09 19:00:00+00:00,0.14736,0.14767,0.14718,0.14731,246109.0
2026-04-09 20:00:00+00:00,0.14731,0.15329,0.14708,0.15083,3846675.0
2026-04-09 21:00:00+00:00,0.15083,0.15295,0.15075,0.15096,1677185.0
2026-04-09 22:00:00+00:00,0.15096,0.156,0.15096,0.15276,3206129.0
2026-04-09 23:00:00+00:00,0.15276,0.15315,0.15104,0.1521,1062973.0
2026-04-10 00:00:00+00:00,0.1521,0.154,0.15167,0.15273,1023719.0
2026-04-10 01:00:00+00:00,0.15273,0.1542,0.15257,0.15359,454557.0
2026-04-10 02:00:00+00:00,0.15359,0.15374,0.15253,0.15291,358435.0
2026-04-10 03:00:00+00:00,0.15291,0.15411,0.15291,0.15327,564334.0
2026-04-10 04:00:00+00:00,0.15327,0.1543,0.15316,0.1542,332752.0
2026-04-10 05:00:00+00:00,0.1542,0.15456,0.15315,0.1536,616372.0
2026-04-10 06:00:00+00:00,0.1536,0.15541,0.15348,0.15471,878321.0
2026-04-10 07:00:00+00:00,0.15471,0.15471,0.15247,0.15282,572958.0
2026-04-10 08:00:00+00:00,0.15282,0.15289,0.15118,0.15124,334473.0
2026-04-10 09:00:00+00:00,0.15124,0.15208,0.15115,0.15128,326351.0
2026-04-10 10:00:00+00:00,0.15128,0.15287,0.15055,0.15262,2198216.0
2026-04-10 11:00:00+00:00,0.15262,0.15282,0.15162,0.15179,993665.0
2026-04-10 12:00:00+00:00,0.15179,0.1528,0.15129,0.15131,1969175.0
2026-04-10 13:00:00+00:00,0.15131,0.15255,0.15091,0.15115,796397.0
2026-04-10 14:00:00+00:00,0.15115,0.15115,0.14876,0.1488,2427700.0
2026-04-10 15:00:00+00:00,0.1488,0.15045,0.14848,0.14986,1980704.0
2026-04-10 16:00:00+00:00,0.14986,0.15086,0.14854,0.14855,1835713.0
2026-04-10 17:00:00+00:00,0.14855,0.14905,0.1477,0.14783,782277.0
2026-04-10 18:00:00+00:00,0.14783,0.14819,0.14777,0.14789,418633.0
2026-04-10 19:00:00+00:00,0.14789,0.14819,0.14784,0.14796,250873.0
2026-04-10 20:00:00+00:00,0.14796,0.14833,0.14763,0.14807,359110.0
2026-04-10 21:00:00+00:00,0.14807,0.14807,0.14739,0.1474,256067.0
2026-04-10 22:00:00+00:00,0.1474,0.14775,0.14703,0.14708,680320.0
2026-04-10 23:00:00+00:00,0.14708,0.14723,0.14665,0.1467,349867.0
2026-04-11 00:00:00+00:00,0.1467,0.147,0.14597,0.14658,650043.0
2026-04-11 01:00:00+00:00,0.14658,0.14709,0.14606,0.14607,350840.0
2026-04-11 02:00:00+00:00,0.14607,0.14628,0.14587,0.14607,324341.0
2026-04-11 03:00:00+00:00,0.14607,0.14655,0.14606,0.14646,302711.0
2026-04-11 04:00:00+00:00,0.14646,0.14723,0.14623,0.14723,872133.0
2026-04-11 05:00:00+00:00,0.14723,0.14829,0.14671,0.14702,782617.0
2026-04-11 06:00:00+00:00,0.14702,0.14889,0.14702,0.14837,1691601.0
2026-04-11 07:00:00+00:00,0.14837,0.14945,0.1477,0.14861,844473.0
2026-04-11 08:00:00+00:00,0.14861,0.14872,0.14742,0.14758,410193.0
2026-04-11 09:00:00+00:00,0.14758,0.14777,0.14694,0.14705,195886.0
2026-04-11 10:00:00+00:00,0.14705,0.14719,0.14629,0.14633,281601.0
2026-04-11 11:00:00+00:00,0.14633,0.14702,0.14628,0.14638,197749.0
2026-04-11 12:00:00+00:00,0.14638,0.14649,0.14566,0.14588,818937.0
2026-04-11 13:00:00+00:00,0.14588,0.14663,0.14575,0.1465,471816.0
2026-04-11 14:00:00+00:00,0.1465,0.1465,0.14556,0.14574,861297.0
2026-04-11 15:00:00+00:00,0.14574,0.14582,0.14528,0.14551,254594.0
2026-04-11 16:00:00+00:00,0.14551,0.14551,0.1428,0.14405,2669740.0
2026-04-11 17:00:00+00:00,0.14405,0.14653,0.14231,0.14466,1543203.0
2026-04-11 18:00:00+00:00,0.14466,0.1451,0.14464,0.14491,95440.0
2026-04-11 19:00:00+00:00,0.14491,0.14568,0.14452,0.14498,471524.0
2026-04-11 20:00:00+00:00,0.14498,0.14548,0.14455,0.14493,1202082.0
2026-04-11 21:00:00+00:00,0.14493,0.14536,0.14452,0.14469,367505.0
2026-04-11 22:00:00+00:00,0.14469,0.14563,0.14468,0.14563,450849.0
2026-04-11 23:00:00+00:00,0.14563,0.14657,0.14537,0.1464,556584.0
2026-04-12 00:00:00+00:00,0.1464,0.14732,0.14543,0.14679,783988.0
2026-04-12 01:00:00+00:00,0.14679,0.14683,0.14526,0.14575,580294.0
2026-04-12 02:00:00+00:00,0.14575,0.14583,0.14462,0.14477,314347.0
2026-04-12 03:00:00+00:00,0.14477,0.14492,0.14413,0.14489,198459.0
2026-04-12 04:00:00+00:00,0.14489,0.14489,0.14446,0.14456,188960.0
2026-04-12 05:00:00+00:00,0.14456,0.14469,0.14427,0.14467,100698.0
2026-04-12 06:00:00+00:00,0.14467,0.14528,0.14459,0.14506,309797.0
2026-04-12 07:00:00+00:00,0.14506,0.14528,0.14396,0.14416,549538.0
2026-04-12 08:00:00+00:00,0.14416,0.14467,0.14408,0.14456,212962.0
2026-04-12 09:00:00+00:00,0.14456,0.1449,0.14452,0.14479,98642.0
2026-04-12 10:00:00+00:00,0.14479,0.1451,0.14474,0.14484,301344.0
2026-04-12 11:00:00+00:00,0.14484,0.14502,0.14462,0.14472,126882.0
2026-04-12 12:00:00+00:00,0.14472,0.14535,0.14462,0.14481,348617.0
2026-04-12 13:00:00+00:00,0.14481,0.14521,0.14451,0.14487,201773.0
2026-04-12 14:00:00+00:00,0.14487,0.1454,0.14471,0.14488,302057.0
2026-04-12 15:00:00+00:00,0.14488,0.14531,0.14451,0.14503,196838.0
2026-04-12 16:00:00+00:00,0.14503,0.14504,0.1447,0.14493,204255.0
2026-04-12 17:00:00+00:00,0.14493,0.14532,0.14483,0.14522,100604.0
2026-04-12 18:00:00+00:00,0.14522,0.14526,0.14498,0.1451,81386.0
2026-04-12 19:00:00+00:00,0.1451,0.14612,0.14381,0.14486,672851.0
2026-04-12 20:00:00+00:00,0.14486,0.14525,0.14481,0.14525,368524.0
2026-04-12 21:00:00+00:00,0.14525,0.14525,0.14419,0.14471,175856.0
2026-04-12 22:00:00+00:00,0.14471,0.14522,0.14447,0.14484,248891.0
2026-04-12 23:00:00+00:00,0.14484,0.14567,0.14474,0.14565,287020.0
2026-04-13 00:00:00+00:00,0.14565,0.14727,0.14565,0.14699,469945.0
2026-04-13 01:00:00+00:00,0.14699,0.14701,0.14625,0.14647,309186.0
2026-04-13 02:00:00+00:00,0.14647,0.14651,0.14618,0.14643,77101.0
2026-04-13 03:00:00+00:00,0.14643,0.14675,0.14615,0.14615,157141.0
2026-04-13 04:00:00+00:00,0.14615,0.14634,0.14498,0.1457,362823.0
2026-04-13 05:00:00+00:00,0.1457,0.14773,0.14531,0.14727,520778.0
2026-04-13 06:00:00+00:00,0.14727,0.14977,0.14718,0.14882,1000497.0
2026-04-13 07:00:00+00:00,0.14882,0.14905,0.14802,0.14819,659388.0
2026-04-13 08:00:00+00:00,0.14819,0.14846,0.14785,0.14801,369017.0
2026-04-13 09:00:00+00:00,0.14801,0.14824,0.14789,0.14817,86098.0
2026-04-13 10:00:00+00:00,0.14817,0.14941,0.1481,0.14873,430958.0
2026-04-13 11:00:00+00:00,0.14873,0.14897,0.14792,0.14847,494047.0
2026-04-13 12:00:00+00:00,0.14847,0.14865,0.14759,0.14812,476272.0
2026-04-13 13:00:00+00:00,0.14812,0.14887,0.14792,0.14877,211941.0
2026-04-13 14:00:00+00:00,0.14877,0.14894,0.14844,0.14874,331247.0
2026-04-13 15:00:00+00:00,0.14874,0.15198,0.14849,0.15088,1251877.0
2026-04-13 16:00:00+00:00,0.15088,0.15222,0.15086,0.15165,718197.0
2026-04-13 17:00:00+00:00,0.15165,0.15209,0.1509,0.15101,607485.0
2026-04-13 18:00:00+00:00,0.15101,0.15129,0.15029,0.1503,781724.0
2026-04-13 19:00:00+00:00,0.1503,0.15108,0.14961,0.1504,1388702.0
2026-04-13 20:00:00+00:00,0.1504,0.15123,0.15005,0.15108,443160.0
2026-04-13 21:00:00+00:00,0.15108,0.15234,0.15083,0.1521,369883.0
2026-04-13 22:00:00+00:00,0.1521,0.15259,0.15152,0.15189,516808.0
2026-04-13 23:00:00+00:00,0.15189,0.15289,0.15162,0.15178,559350.0
2026-04-14 00:00:00+00:00,0.15178,0.15283,0.15045,0.15067,1015086.0
2026-04-14 01:00:00+00:00,0.15067,0.15078,0.1501,0.1505,344414.0
2026-04-14 02:00:00+00:00,0.1505,0.15127,0.1505,0.15121,243817.0
2026-04-14 03:00:00+00:00,0.15121,0.15165,0.1511,0.15117,192255.0
2026-04-14 04:00:00+00:00,0.15117,0.15128,0.15071,0.15078,205708.0
2026-04-14 05:00:00+00:00,0.15078,0.17677,0.14994,0.15917,59417443.0
2026-04-14 06:00:00+00:00,0.15917,0.16171,0.15784,0.15997,9198686.0
2026-04-14 07:00:00+00:00,0.15997,0.16048,0.15315,0.15443,12445471.0
2026-04-14 08:00:00+00:00,0.15443,0.15665,0.15361,0.15603,4383757.0
2026-04-14 09:00:00+00:00,0.15603,0.15662,0.15458,0.15612,2729607.0
2026-04-14 10:00:00+00:00,0.15612,0.15758,0.15559,0.1575,2391021.0
2026-04-14 11:00:00+00:00,0.1575,0.15792,0.15694,0.15748,1492202.0
2026-04-14 12:00:00+00:00,0.15748,0.15826,0.15429,0.15484,2345169.0
2026-04-14 13:00:00+00:00,0.15484,0.15687,0.15383,0.15585,2043903.0
2026-04-14 14:00:00+00:00,0.15585,0.15634,0.1541,0.15425,880344.0
2026-04-14 15:00:00+00:00,0.15425,0.15466,0.15176,0.15202,2203331.0
2026-04-14 16:00:00+00:00,0.15202,0.15206,0.14847,0.14901,3180038.0
2026-04-14 17:00:00+00:00,0.14901,0.14919,0.14776,0.14836,1696312.0
2026-04-14 18:00:00+00:00,0.14836,0.14868,0.14482,0.14817,2509555.0
2026-04-14 19:00:00+00:00,0.14817,0.14868,0.1473,0.1473,842334.0
2026-04-14 20:00:00+00:00,0.1473,0.14737,0.14542,0.14555,1269043.0
2026-04-14 21:00:00+00:00,0.14555,0.14652,0.14516,0.14612,789729.0
2026-04-14 22:00:00+00:00,0.14612,0.14704,0.14575,0.14691,952244.0
2026-04-14 23:00:00+00:00,0.14691,0.15004,0.14691,0.14974,1012029.0
2026-04-15 00:00:00+00:00,0.14974,0.15023,0.14901,0.14913,855011.0
2026-04-15 01:00:00+00:00,0.14913,0.15069,0.14887,0.15067,345205.0
2026-04-15 02:00:00+00:00,0.15067,0.151,0.1498,0.15017,406701.0
2026-04-15 03:00:00+00:00,0.15017,0.15081,0.1497,0.14986,1181521.0
2026-04-15 04:00:00+00:00,0.14986,0.15085,0.14961,0.1502,1660011.0
2026-04-15 05:00:00+00:00,0.1502,0.15467,0.1502,0.15354,7618670.0
2026-04-15 06:00:00+00:00,0.15354,0.15679,0.14708,0.15204,22762064.0
2026-04-15 07:00:00+00:00,0.15204,0.15233,0.14864,0.15043,3355095.0
2026-04-15 08:00:00+00:00,0.15043,0.15288,0.14775,0.14892,6258396.0
2026-04-15 09:00:00+00:00,0.14892,0.14988,0.14831,0.14913,3403162.0
2026-04-15 10:00:00+00:00,0.14913,0.1504,0.14831,0.14894,3388214.0
2026-04-15 11:00:00+00:00,0.14894,0.14918,0.14814,0.14868,666341.0
2026-04-15 12:00:00+00:00,0.14868,0.15495,0.14826,0.15303,3803037.0
2026-04-15 13:00:00+00:00,0.15303,0.15578,0.1511,0.1546,3908791.0
2026-04-15 14:00:00+00:00,0.1546,0.15529,0.15257,0.15344,1761436.0
2026-04-15 15:00:00+00:00,0.15344,0.15376,0.15175,0.15216,673476.0
2026-04-15 16:00:00+00:00,0.15216,0.15339,0.1514,0.15339,586526.0
2026-04-15 17:00:00+00:00,0.15339,0.15368,0.15166,0.15256,988224.0
2026-04-15 18:00:00+00:00,0.15256,0.15264,0.1516,0.1526,329763.0
2026-04-15 19:00:00+00:00,0.1526,0.15271,0.152,0.15227,482883.0
2026-04-15 20:00:00+00:00,0.15227,0.1523,0.15076,0.15082,1019249.0
2026-04-15 21:00:00+00:00,0.15082,0.15121,0.14919,0.15046,1112185.0
2026-04-15 22:00:00+00:00,0.15046,0.15081,0.14994,0.15015,259671.0
2026-04-15 23:00:00+00:00,0.15015,0.15056,0.14955,0.15008,633266.0
2026-04-16 00:00:00+00:00,0.15008,0.1505,0.14725,0.14836,2761804.0
2026-04-16 01:00:00+00:00,0.14836,0.14971,0.14752,0.14968,1387276.0
2026-04-16 02:00:00+00:00,0.14968,0.1512,0.14871,0.14986,1182170.0
2026-04-16 03:00:00+00:00,0.14986,0.15001,0.14858,0.14915,1199635.0
2026-04-16 04:00:00+00:00,0.14915,0.15139,0.14899,0.15033,1033272.0
2026-04-16 05:00:00+00:00,0.15033,0.15033,0.14925,0.14926,372628.0
2026-04-16 06:00:00+00:00,0.14926,0.14937,0.14764,0.14808,583833.0
2026-04-16 07:00:00+00:00,0.14808,0.1484,0.14734,0.14755,566085.0
2026-04-16 08:00:00+00:00,0.14755,0.1476,0.14592,0.1467,1131082.0
2026-04-16 09:00:00+00:00,0.1467,0.14698,0.14614,0.1466,463885.0
2026-04-16 10:00:00+00:00,0.1466,0.14755,0.14622,0.1473,636693.0
2026-04-16 11:00:00+00:00,0.1473,0.14733,0.14586,0.14672,605831.0
2026-04-16 12:00:00+00:00,0.14672,0.14732,0.14653,0.14732,812002.0
2026-04-16 13:00:00+00:00,0.14732,0.14788,0.14667,0.14714,531565.0
2026-04-16 14:00:00+00:00,0.14714,0.1474,0.14595,0.147,1249119.0
2026-04-16 15:00:00+00:00,0.147,0.14838,0.14675,0.147,873721.0
2026-04-16 16:00:00+00:00,0.147,0.14773,0.14624,0.14668,579664.0
2026-04-16 17:00:00+00:00,0.14668,0.14763,0.14661,0.14742,243006.0
2026-04-16 18:00:00+00:00,0.14742,0.1497,0.14737,0.1494,936715.0
2026-04-16 19:00:00+00:00,0.1494,0.15009,0.14861,0.14964,894899.0
2026-04-16 20:00:00+00:00,0.14964,0.14983,0.14845,0.14873,427358.0
2026-04-16 21:00:00+00:00,0.14873,0.14941,0.14824,0.1484,354120.0
2026-04-16 22:00:00+00:00,0.1484,0.14887,0.14802,0.14804,264029.0
2026-04-16 23:00:00+00:00,0.14804,0.14869,0.14766,0.1481,521104.0
2026-04-17 00:00:00+00:00,0.1481,0.14842,0.14714,0.14778,911022.0
2026-04-17 01:00:00+00:00,0.14778,0.14811,0.14702,0.1476,338230.0
2026-04-17 02:00:00+00:00,0.1476,0.14772,0.14686,0.14763,255968.0
2026-04-17 03:00:00+00:00,0.14763,0.14802,0.1473,0.14751,333289.0
2026-04-17 04:00:00+00:00,0.14751,0.14845,0.14746,0.14816,282661.0
2026-04-17 05:00:00+00:00,0.14816,0.14834,0.14742,0.14759,404064.0
2026-04-17 06:00:00+00:00,0.14759,0.14895,0.14752,0.1483,737293.0
2026-04-17 07:00:00+00:00,0.1483,0.14889,0.14818,0.14874,770553.0
2026-04-17 08:00:00+00:00,0.14874,0.15115,0.1483,0.15036,1001456.0
2026-04-17 09:00:00+00:00,0.15036,0.15149,0.15004,0.15033,755183.0
2026-04-17 10:00:00+00:00,0.15033,0.15042,0.1483,0.14909,587742.0
2026-04-17 11:00:00+00:00,0.14909,0.14935,0.14867,0.1487,496601.0
2026-04-17 12:00:00+00:00,0.1487,0.14994,0.1487,0.14945,335321.0
2026-04-17 13:00:00+00:00,0.14945,0.15102,0.14943,0.15056,1227227.0
2026-04-17 14:00:00+00:00,0.15056,0.15301,0.15035,0.15277,2835347.0
2026-04-17 15:00:00+00:00,0.15277,0.15285,0.15007,0.15028,2160993.0
2026-04-17 16:00:00+00:00,0.15028,0.15166,0.14997,0.15149,295913.0
2026-04-17 17:00:00+00:00,0.15149,0.15151,0.15054,0.15104,412645.0
2026-04-17 18:00:00+00:00,0.15104,0.15104,0.15012,0.15024,541896.0
2026-04-17 19:00:00+00:00,0.15024,0.15077,0.15024,0.15055,405621.0
2026-04-17 20:00:00+00:00,0.15055,0.15171,0.1504,0.15132,401894.0
2026-04-17 21:00:00+00:00,0.15132,0.15171,0.1493,0.14994,507152.0
2026-04-17 22:00:00+00:00,0.14994,0.15034,0.1496,0.14997,740600.0
2026-04-17 23:00:00+00:00,0.14997,0.15064,0.14931,0.15025,617624.0
2026-04-18 00:00:00+00:00,0.15025,0.151,0.14934,0.15036,1882790.0
2026-04-18 01:00:00+00:00,0.15036,0.15036,0.14885,0.14959,1214645.0
2026-04-18 02:00:00+00:00,0.14959,0.14968,0.14836,0.14886,1577081.0
2026-04-18 03:00:00+00:00,0.14886,0.14958,0.14817,0.14892,520030.0
2026-04-18 04:00:00+00:00,0.14892,0.14915,0.1484,0.14849,197107.0
2026-04-18 05:00:00+00:00,0.14849,0.14904,0.14846,0.14866,252917.0
2026-04-18 06:00:00+00:00,0.14866,0.14885,0.14826,0.14881,186153.0
2026-04-18 07:00:00+00:00,0.14881,0.14899,0.14767,0.14805,398208.0
2026-04-18 08:00:00+00:00,0.14805,0.14832,0.14733,0.14768,696672.0
2026-04-18 09:00:00+00:00,0.14768,0.14769,0.14683,0.14736,342643.0
2026-04-18 10:00:00+00:00,0.14736,0.1477,0.14614,0.14659,457307.0
2026-04-18 11:00:00+00:00,0.14659,0.14681,0.1445,0.14566,1726840.0
2026-04-18 12:00:00+00:00,0.14566,0.14592,0.14515,0.14556,449647.0
2026-04-18 13:00:00+00:00,0.14556,0.14605,0.14517,0.14586,622126.0
2026-04-18 14:00:00+00:00,0.14586,0.1466,0.14546,0.14588,744193.0
2026-04-18 15:00:00+00:00,0.14588,0.14626,0.14559,0.14569,252140.0
2026-04-18 16:00:00+00:00,0.14569,0.14672,0.14529,0.14636,360356.0
2026-04-18 17:00:00+00:00,0.14636,0.14647,0.14562,0.14568,197977.0
2026-04-18 18:00:00+00:00,0.14568,0.1465,0.14545,0.14548,314380.0
2026-04-18 19:00:00+00:00,0.14548,0.14623,0.14548,0.14592,178068.0
2026-04-18 20:00:00+00:00,0.14592,0.14652,0.14592,0.14614,219841.0
2026-04-18 21:00:00+00:00,0.14614,0.14635,0.14592,0.14624,227892.0
2026-04-18 22:00:00+00:00,0.14624,0.14698,0.14609,0.14698,319042.0
2026-04-18 23:00:00+00:00,0.14698,0.14735,0.14669,0.14675,177164.0
2026-04-19 00:00:00+00:00,0.14675,0.14744,0.1457,0.14616,332948.0
2026-04-19 01:00:00+00:00,0.14616,0.14771,0.14615,0.14721,568308.0
2026-04-19 02:00:00+00:00,0.14721,0.14755,0.14601,0.14755,522779.0
2026-04-19 03:00:00+00:00,0.14755,0.1479,0.14661,0.14665,461773.0
2026-04-19 04:00:00+00:00,0.14665,0.14714,0.14641,0.14671,241584.0
2026-04-19 05:00:00+00:00,0.14671,0.14695,0.14528,0.14538,566326.0
2026-04-19 06:00:00+00:00,0.14538,0.14561,0.14456,0.14508,656613.0
2026-04-19 07:00:00+00:00,0.14508,0.14751,0.14469,0.14682,633627.0
2026-04-19 08:00:00+00:00,0.14682,0.1482,0.14677,0.14789,352806.0
2026-04-19 09:00:00+00:00,0.14789,0.14811,0.1473,0.14748,126673.0
2026-04-19 10:00:00+00:00,0.14748,0.14807,0.14697,0.14703,160443.0
2026-04-19 11:00:00+00:00,0.14703,0.14763,0.14688,0.14754,261892.0
2026-04-19 12:00:00+00:00,0.14754,0.14819,0.14701,0.14723,294210.0
2026-04-19 13:00:00+00:00,0.14723,0.14794,0.1466,0.14679,320057.0
2026-04-19 14:00:00+00:00,0.14679,0.14835,0.1464,0.14822,379177.0
2026-04-19 15:00:00+00:00,0.14822,0.14912,0.1478,0.14879,707446.0
2026-04-19 16:00:00+00:00,0.14879,0.1503,0.1487,0.14922,508337.0
2026-04-19 17:00:00+00:00,0.14922,0.14924,0.14789,0.14818,668555.0
2026-04-19 18:00:00+00:00,0.14818,0.14899,0.14813,0.14829,163719.0
2026-04-19 19:00:00+00:00,0.14829,0.14879,0.14788,0.14849,160080.0
2026-04-19 20:00:00+00:00,0.14849,0.14928,0.14787,0.1488,167270.0
2026-04-19 21:00:00+00:00,0.1488,0.14939,0.14817,0.14871,333425.0
2026-04-19 22:00:00+00:00,0.14871,0.14875,0.14708,0.14758,444343.0
2026-04-19 23:00:00+00:00,0.14758,0.14804,0.14694,0.14729,236107.0
2026-04-20 00:00:00+00:00,0.14729,0.14885,0.14705,0.14794,291826.0
2026-04-20 01:00:00+00:00,0.14794,0.15,0.14794,0.14944,411942.0
2026-04-20 02:00:00+00:00,0.14944,0.15099,0.14928,0.15004,322241.0
2026-04-20 03:00:00+00:00,0.15004,0.15091,0.14997,0.15018,315249.0
2026-04-20 04:00:00+00:00,0.15018,0.15034,0.14925,0.14965,169820.0
2026-04-20 05:00:00+00:00,0.14965,0.15017,0.1489,0.15005,321347.0
2026-04-20 06:00:00+00:00,0.15005,0.15097,0.14978,0.15073,471093.0
2026-04-20 07:00:00+00:00,0.15073,0.15155,0.15041,0.1515,443044.0
2026-04-20 08:00:00+00:00,0.1515,0.15268,0.15103,0.15211,1346927.0
2026-04-20 09:00:00+00:00,0.15211,0.15238,0.1507,0.15219,817650.0
2026-04-20 10:00:00+00:00,0.15219,0.15373,0.15173,0.15339,1003088.0
2026-04-20 11:00:00+00:00,0.15339,0.15438,0.15329,0.15428,1090195.0
2026-04-20 12:00:00+00:00,0.15428,0.15522,0.15328,0.15366,902198.0
2026-04-20 13:00:00+00:00,0.15366,0.15972,0.15366,0.15715,2493786.0
2026-04-20 14:00:00+00:00,0.15715,0.15838,0.15165,0.15247,7460481.0
2026-04-20 15:00:00+00:00,0.15247,0.15669,0.15207,0.15571,2863502.0
2026-04-20 16:00:00+00:00,0.15571,0.15615,0.15443,0.15579,697741.0
2026-04-20 17:00:00+00:00,0.15579,0.15606,0.15525,0.15597,292437.0
2026-04-20 18:00:00+00:00,0.15597,0.15722,0.15577,0.1564,343946.0
2026-04-20 19:00:00+00:00,0.1564,0.15679,0.15597,0.1563,282503.0
2026-04-20 20:00:00+00:00,0.1563,0.15745,0.15611,0.15683,484696.0
2026-04-20 21:00:00+00:00,0.15683,0.15867,0.15645,0.15809,834048.0
2026-04-20 22:00:00+00:00,0.15809,0.15891,0.15781,0.15803,855698.0
2026-04-20 23:00:00+00:00,0.15803,0.15861,0.15768,0.15845,743082.0
2026-04-21 00:00:00+00:00,0.15845,0.15935,0.15771,0.15891,1032964.0
2026-04-21 01:00:00+00:00,0.15891,0.15945,0.15612,0.15729,1763243.0
2026-04-21 02:00:00+00:00,0.15729,0.15738,0.15609,0.15694,460882.0
2026-04-21 03:00:00+00:00,0.15694,0.15729,0.15645,0.15726,385388.0
2026-04-21 04:00:00+00:00,0.15726,0.15805,0.15664,0.15789,317599.0
2026-04-21 05:00:00+00:00,0.15789,0.15837,0.15624,0.15635,425915.0
2026-04-21 06:00:00+00:00,0.15635,0.15651,0.15612,0.15631,228906.0
2026-04-21 07:00:00+00:00,0.15631,0.15657,0.14801,0.14904,8592554.0
2026-04-21 08:00:00+00:00,0.14904,0.15086,0.1474,0.14812,4727825.0
2026-04-21 09:00:00+00:00,0.14812,0.14958,0.14735,0.14866,1133575.0
2026-04-21 10:00:00+00:00,0.14866,0.14902,0.14827,0.14867,602148.0
2026-04-21 11:00:00+00:00,0.14867,0.15013,0.14808,0.14937,1188224.0
2026-04-21 12:00:00+00:00,0.14937,0.14972,0.14858,0.14923,658702.0
2026-04-21 13:00:00+00:00,0.14923,0.14945,0.14883,0.149,538411.0
2026-04-21 14:00:00+00:00,0.149,0.14923,0.14829,0.14852,635200.0
2026-04-21 15:00:00+00:00,0.14852,0.14971,0.14828,0.14971,619742.0
2026-04-21 16:00:00+00:00,0.14971,0.15245,0.1493,0.15196,877097.0
2026-04-21 17:00:00+00:00,0.15196,0.1528,0.15111,0.15277,423380.0
2026-04-21 18:00:00+00:00,0.15277,0.15283,0.15201,0.15235,303113.0
2026-04-21 19:00:00+00:00,0.15235,0.15294,0.15109,0.15169,486135.0
2026-04-21 20:00:00+00:00,0.15169,0.15207,0.151,0.15118,496286.0
2026-04-21 21:00:00+00:00,0.15118,0.15242,0.15085,0.15226,414550.0
2026-04-21 22:00:00+00:00,0.15226,0.15239,0.15154,0.15174,455557.0
2026-04-21 23:00:00+00:00,0.15174,0.15178,0.15067,0.15084,444480.0
2026-04-22 00:00:00+00:00,0.15084,0.15105,0.14805,0.15008,2400227.0
2026-04-22 01:00:00+00:00,0.15008,0.15054,0.14968,0.15017,208179.0
2026-04-22 02:00:00+00:00,0.15017,0.15194,0.14997,0.15166,349039.0
2026-04-22 03:00:00+00:00,0.15166,0.1518,0.15073,0.15108,300257.0
2026-04-22 04:00:00+00:00,0.15108,0.15118,0.15062,0.1508,148842.0
2026-04-22 05:00:00+00:00,0.1508,0.15183,0.15038,0.15109,398247.0
2026-04-22 06:00:00+00:00,0.15109,0.15162,0.1507,0.15114,512751.0
2026-04-22 07:00:00+00:00,0.15114,0.15201,0.15073,0.15196,200026.0
2026-04-22 08:00:00+00:00,0.15196,0.15402,0.15196,0.15264,2911690.0
2026-04-22 09:00:00+00:00,0.15264,0.15371,0.15197,0.15256,759723.0
2026-04-22 10:00:00+00:00,0.15256,0.15322,0.1522,0.15322,706583.0
2026-04-22 11:00:00+00:00,0.15322,0.1537,0.15282,0.15362,894464.0
2026-04-22 12:00:00+00:00,0.15362,0.15542,0.15313,0.1544,1134980.0
2026-04-22 13:00:00+00:00,0.1544,0.15443,0.15234,0.15287,783606.0
2026-04-22 14:00:00+00:00,0.15287,0.15349,0.1526,0.15333,435389.0
2026-04-22 15:00:00+00:00,0.15333,0.15383,0.15319,0.15348,626681.0
2026-04-22 16:00:00+00:00,0.15348,0.15436,0.1529,0.1534,717638.0
2026-04-22 17:00:00+00:00,0.1534,0.15355,0.1523,0.1525,326397.0
2026-04-22 18:00:00+00:00,0.1525,0.15328,0.15236,0.1525,249690.0
2026-04-22 19:00:00+00:00,0.1525,0.15288,0.15209,0.1527,239613.0
2026-04-22 20:00:00+00:00,0.1527,0.15286,0.15244,0.15244,203052.0
2026-04-22 21:00:00+00:00,0.15244,0.1528,0.15173,0.152,1263091.0
2026-04-22 22:00:00+00:00,0.152,0.15235,0.15172,0.15228,204950.0
2026-04-22 23:00:00+00:00,0.15228,0.1525,0.15152,0.15176,563652.0
2026-04-23 00:00:00+00:00,0.15176,0.1543,0.15176,0.15397,1313034.0
2026-04-23 01:00:00+00:00,0.15397,0.15454,0.15327,0.15407,758278.0
2026-04-23 02:00:00+00:00,0.15407,0.15407,0.15132,0.1519,845287.0
2026-04-23 03:00:00+00:00,0.1519,0.15219,0.15162,0.15188,381820.0
2026-04-23 04:00:00+00:00,0.15188,0.15188,0.15001,0.1506,1496188.0
2026-04-23 05:00:00+00:00,0.1506,0.15115,0.15032,0.15065,300967.0
2026-04-23 06:00:00+00:00,0.15065,0.15088,0.14996,0.15077,265619.0
2026-04-23 07:00:00+00:00,0.15077,0.15166,0.1502,0.15071,788951.0
2026-04-23 08:00:00+00:00,0.15071,0.15206,0.15044,0.15171,591572.0
2026-04-23 09:00:00+00:00,0.15171,0.15171,0.15112,0.15126,627723.0
2026-04-23 10:00:00+00:00,0.15126,0.1516,0.15102,0.15153,218153.0
2026-04-23 11:00:00+00:00,0.15153,0.15215,0.15107,0.15203,1048265.0
2026-04-23 12:00:00+00:00,0.15203,0.15264,0.15114,0.15173,1596570.0
2026-04-23 13:00:00+00:00,0.15173,0.15173,0.14909,0.14974,1580288.0
2026-04-23 14:00:00+00:00,0.14974,0.15004,0.14914,0.15003,709036.0
2026-04-23 15:00:00+00:00,0.15003,0.15021,0.14939,0.14974,536979.0
2026-04-23 16:00:00+00:00,0.14974,0.15079,0.14967,0.14986,915282.0
2026-04-23 17:00:00+00:00,0.14986,0.14996,0.14943,0.14968,820542.0
2026-04-23 18:00:00+00:00,0.14968,0.15026,0.14914,0.14998,380577.0
2026-04-23 19:00:00+00:00,0.14998,0.15005,0.14932,0.14964,185083.0
2026-04-23 20:00:00+00:00,0.14964,0.14964,0.14916,0.14948,173320.0
2026-04-23 21:00:00+00:00,0.14948,0.14982,0.1494,0.14952,392853.0
2026-04-23 22:00:00+00:00,0.14952,0.14994,0.14936,0.14971,109428.0
2026-04-23 23:00:00+00:00,0.14971,0.15039,0.14969,0.1501,392827.0
2026-04-24 00:00:00+00:00,0.1501,0.15049,0.1492,0.15006,642827.0
2026-04-24 01:00:00+00:00,0.15006,0.15035,0.14961,0.15031,350609.0
2026-04-24 02:00:00+00:00,0.15031,0.15031,0.14955,0.14978,182741.0
2026-04-24 03:00:00+00:00,0.14978,0.15035,0.14971,0.15018,236428.0
2026-04-24 04:00:00+00:00,0.15018,0.15157,0.15018,0.15139,654451.0
2026-04-24 05:00:00+00:00,0.15139,0.15208,0.15089,0.15151,624934.0
2026-04-24 06:00:00+00:00,0.15151,0.15207,0.15137,0.1519,343132.0
2026-04-24 07:00:00+00:00,0.1519,0.15395,0.15153,0.15347,1580849.0
2026-04-24 08:00:00+00:00,0.15347,0.15347,0.15149,0.15151,807681.0
2026-04-24 09:00:00+00:00,0.15151,0.15226,0.15127,0.1518,625396.0
2026-04-24 10:00:00+00:00,0.1518,0.15371,0.1518,0.15308,1007780.0
2026-04-24 11:00:00+00:00,0.15308,0.15395,0.15163,0.15222,1467875.0
2026-04-24 12:00:00+00:00,0.15222,0.15255,0.15137,0.15248,1183826.0
2026-04-24 13:00:00+00:00,0.15248,0.15264,0.15206,0.15262,739618.0
2026-04-24 14:00:00+00:00,0.15262,0.15298,0.15228,0.15253,273737.0
2026-04-24 15:00:00+00:00,0.15253,0.15391,0.15246,0.15342,842919.0
2026-04-24 16:00:00+00:00,0.15342,0.15414,0.15228,0.15282,1866085.0
2026-04-24 17:00:00+00:00,0.15282,0.15285,0.15202,0.15221,212133.0
2026-04-24 18:00:00+00:00,0.15221,0.1533,0.15212,0.15226,1047107.0
2026-04-24 19:00:00+00:00,0.15226,0.1524,0.15175,0.15212,773857.0
2026-04-24 20:00:00+00:00,0.15212,0.15284,0.15201,0.15246,500277.0
2026-04-24 21:00:00+00:00,0.15246,0.1526,0.15071,0.1518,639027.0
2026-04-24 22:00:00+00:00,0.1518,0.15217,0.1515,0.15205,183156.0
2026-04-24 23:00:00+00:00,0.15205,0.15211,0.15158,0.15199,107119.0
2026-04-25 00:00:00+00:00,0.15199,0.15426,0.15173,0.15398,733139.0
2026-04-25 01:00:00+00:00,0.15398,0.15427,0.15285,0.15316,510119.0
2026-04-25 02:00:00+00:00,0.15316,0.15399,0.15301,0.15369,325848.0
2026-04-25 03:00:00+00:00,0.15369,0.15388,0.15291,0.15364,723990.0
2026-04-25 04:00:00+00:00,0.15364,0.15368,0.15302,0.15312,234724.0
2026-04-25 05:00:00+00:00,0.15312,0.15338,0.15244,0.15244,396791.0
2026-04-25 06:00:00+00:00,0.15244,0.15295,0.15244,0.15266,291716.0
2026-04-25 07:00:00+00:00,0.15266,0.15315,0.15232,0.15285,404975.0
2026-04-25 08:00:00+00:00,0.15285,0.15285,0.15194,0.15208,302067.0
2026-04-25 09:00:00+00:00,0.15208,0.15218,0.15156,0.15156,323866.0
2026-04-25 10:00:00+00:00,0.15156,0.15195,0.15132,0.15162,548495.0
2026-04-25 11:00:00+00:00,0.15162,0.15225,0.15145,0.15204,696023.0
2026-04-25 12:00:00+00:00,0.15204,0.15207,0.15136,0.15195,263353.0
2026-04-25 13:00:00+00:00,0.15195,0.15277,0.15155,0.15172,365749.0
2026-04-25 14:00:00+00:00,0.15172,0.152,0.15151,0.15194,198667.0
2026-04-25 15:00:00+00:00,0.15194,0.15212,0.1516,0.15192,233491.0
2026-04-25 16:00:00+00:00,0.15192,0.15271,0.15188,0.15247,584099.0
2026-04-25 17:00:00+00:00,0.15247,0.15247,0.151,0.15124,373334.0
2026-04-25 18:00:00+00:00,0.15124,0.15169,0.15121,0.15122,149976.0
2026-04-25 19:00:00+00:00,0.15122,0.15152,0.15106,0.15151,82141.0
2026-04-25 20:00:00+00:00,0.15151,0.15214,0.15141,0.15172,195355.0
2026-04-25 21:00:00+00:00,0.15172,0.15172,0.15143,0.15148,108379.0
2026-04-25 22:00:00+00:00,0.15148,0.15181,0.15148,0.15168,115687.0
2026-04-25 23:00:00+00:00,0.15168,0.15169,0.15141,0.15157,69335.0
2026-04-26 00:00:00+00:00,0.15157,0.15166,0.15084,0.15126,891485.0
2026-04-26 01:00:00+00:00,0.15126,0.15127,0.14991,0.15026,1438055.0
2026-04-26 02:00:00+00:00,0.15026,0.15054,0.14982,0.15035,446330.0
2026-04-26 03:00:00+00:00,0.15035,0.15048,0.14986,0.15011,212085.0
2026-04-26 04:00:00+00:00,0.15011,0.15015,0.1496,0.15,220150.0
2026-04-26 05:00:00+00:00,0.15,0.15048,0.14992,0.15009,252956.0
2026-04-26 06:00:00+00:00,0.15009,0.15045,0.15009,0.15014,319078.0
2026-04-26 07:00:00+00:00,0.15014,0.15024,0.15001,0.15006,127440.0
2026-04-26 08:00:00+00:00,0.15006,0.15159,0.14989,0.1508,1139965.0
2026-04-26 09:00:00+00:00,0.1508,0.15087,0.15036,0.15041,216690.0
2026-04-26 10:00:00+00:00,0.15041,0.15086,0.1501,0.15061,181110.0
2026-04-26 11:00:00+00:00,0.15061,0.15101,0.14984,0.15056,484548.0
2026-04-26 12:00:00+00:00,0.15056,0.15077,0.15047,0.15067,223316.0
2026-04-26 13:00:00+00:00,0.15067,0.15105,0.15059,0.15065,401101.0
2026-04-26 14:00:00+00:00,0.15065,0.15084,0.15045,0.1506,161483.0
2026-04-26 15:00:00+00:00,0.1506,0.1506,0.14984,0.15006,345966.0
2026-04-26 16:00:00+00:00,0.15006,0.15083,0.15005,0.15035,400154.0
2026-04-26 17:00:00+00:00,0.15035,0.15043,0.15018,0.15026,93641.0
2026-04-26 18:00:00+00:00,0.15026,0.15036,0.15023,0.15032,98798.0
2026-04-26 19:00:00+00:00,0.15032,0.15042,0.14917,0.14924,304711.0
2026-04-26 20:00:00+00:00,0.14924,0.14994,0.14899,0.1499,301866.0
2026-04-26 21:00:00+00:00,0.1499,0.15025,0.14947,0.15013,98703.0
2026-04-26 22:00:00+00:00,0.15013,0.15048,0.14972,0.14989,251038.0
2026-04-26 23:00:00+00:00,0.14989,0.15047,0.14979,0.15027,235189.0
2026-04-27 00:00:00+00:00,0.15027,0.15046,0.14975,0.14995,517741.0
2026-04-27 01:00:00+00:00,0.14995,0.15076,0.14995,0.15061,416017.0
2026-04-27 02:00:00+00:00,0.15061,0.15174,0.15056,0.15072,1023197.0
2026-04-27 03:00:00+00:00,0.15072,0.1509,0.14994,0.15035,743230.0
2026-04-27 04:00:00+00:00,0.15035,0.15074,0.14966,0.15032,562364.0
2026-04-27 05:00:00+00:00,0.15032,0.15136,0.14984,0.14984,707104.0
2026-04-27 06:00:00+00:00,0.14984,0.15015,0.14959,0.14967,312482.0
2026-04-27 07:00:00+00:00,0.14967,0.14974,0.14876,0.14927,335084.0
2026-04-27 08:00:00+00:00,0.14927,0.14952,0.14873,0.14892,700608.0
2026-04-27 09:00:00+00:00,0.14892,0.14927,0.1487,0.14923,326299.0
2026-04-27 10:00:00+00:00,0.14923,0.14947,0.1486,0.14873,267809.0
2026-04-27 11:00:00+00:00,0.14873,0.14895,0.14841,0.1487,432140.0
2026-04-27 12:00:00+00:00,0.1487,0.14884,0.14718,0.14862,1454001.0
2026-04-27 13:00:00+00:00,0.14862,0.14907,0.14766,0.14817,827248.0
2026-04-27 14:00:00+00:00,0.14817,0.14972,0.14811,0.1489,873750.0
2026-04-27 15:00:00+00:00,0.1489,0.1489,0.14777,0.14809,1059167.0
2026-04-27 16:00:00+00:00,0.14809,0.14814,0.14764,0.14789,733262.0
2026-04-27 17:00:00+00:00,0.14789,0.14883,0.14774,0.14833,477712.0
2026-04-27 18:00:00+00:00,0.14833,0.14941,0.14785,0.14804,1437446.0
2026-04-27 19:00:00+00:00,0.14804,0.14815,0.14757,0.14763,336950.0
2026-04-27 20:00:00+00:00,0.14763,0.1477,0.14732,0.14736,109639.0
2026-04-27 21:00:00+00:00,0.14736,0.14747,0.1473,0.1473,263320.0
2026-04-27 22:00:00+00:00,0.1473,0.14774,0.14676,0.14748,1731989.0
2026-04-27 23:00:00+00:00,0.14748,0.14803,0.14724,0.14756,580120.0
2026-04-28 00:00:00+00:00,0.14756,0.14766,0.14727,0.14756,223196.0
2026-04-28 01:00:00+00:00,0.14756,0.14778,0.14716,0.14761,163738.0
2026-04-28 02:00:00+00:00,0.14761,0.14795,0.14761,0.14783,80975.0
2026-04-28 03:00:00+00:00,0.14783,0.14854,0.14771,0.14854,197778.0
2026-04-28 04:00:00+00:00,0.14854,0.14898,0.14852,0.1488,433430.0
2026-04-28 05:00:00+00:00,0.1488,0.1488,0.14847,0.14847,124918.0
2026-04-28 06:00:00+00:00,0.14847,0.14952,0.14837,0.14889,412084.0
2026-04-28 07:00:00+00:00,0.14889,0.14976,0.14888,0.14959,457905.0
2026-04-28 08:00:00+00:00,0.14959,0.1498,0.14948,0.14957,213028.0
2026-04-28 09:00:00+00:00,0.14957,0.14957,0.14872,0.14899,487062.0
2026-04-28 10:00:00+00:00,0.14899,0.14906,0.14865,0.14896,446305.0
2026-04-28 11:00:00+00:00,0.14896,0.14899,0.14852,0.14867,364122.0
2026-04-28 12:00:00+00:00,0.14867,0.14992,0.14822,0.14941,1524014.0
2026-04-28 13:00:00+00:00,0.14941,0.14957,0.14875,0.14875,505277.0
2026-04-28 14:00:00+00:00,0.14875,0.14939,0.1482,0.14904,922404.0
2026-04-28 15:00:00+00:00,0.14904,0.14939,0.1489,0.14931,366965.0
2026-04-28 16:00:00+00:00,0.14931,0.1495,0.14912,0.14937,356814.0
2026-04-28 17:00:00+00:00,0.14937,0.14948,0.14906,0.14943,1068285.0
2026-04-28 18:00:00+00:00,0.14943,0.15015,0.14917,0.14951,1133665.0
2026-04-28 19:00:00+00:00,0.14951,0.1497,0.14887,0.14887,309527.0
2026-04-28 20:00:00+00:00,0.14887,0.1491,0.14885,0.14885,332436.0
2026-04-28 21:00:00+00:00,0.14885,0.14895,0.14866,0.14876,395551.0
2026-04-28 22:00:00+00:00,0.14876,0.14884,0.14869,0.14869,146653.0
2026-04-28 23:00:00+00:00,0.14869,0.1491,0.1486,0.14904,291862.0
2026-04-29 00:00:00+00:00,0.14904,0.15001,0.14888,0.1495,457963.0
2026-04-29 01:00:00+00:00,0.1495,0.14959,0.14889,0.14891,321768.0
2026-04-29 02:00:00+00:00,0.14891,0.14919,0.1487,0.14917,183458.0
2026-04-29 03:00:00+00:00,0.14917,0.1493,0.14902,0.14919,175988.0
2026-04-29 04:00:00+00:00,0.14919,0.15051,0.14917,0.15009,576987.0
2026-04-29 05:00:00+00:00,0.15009,0.15012,0.14975,0.14975,177229.0
2026-04-29 06:00:00+00:00,0.14975,0.15014,0.1496,0.14983,281389.0
2026-04-29 07:00:00+00:00,0.14983,0.15038,0.14977,0.15014,335663.0
2026-04-29 08:00:00+00:00,0.15014,0.15068,0.14994,0.15058,479046.0
2026-04-29 09:00:00+00:00,0.15058,0.15161,0.15052,0.1507,659860.0
2026-04-29 10:00:00+00:00,0.1507,0.15081,0.14985,0.15003,371167.0
2026-04-29 11:00:00+00:00,0.15003,0.15004,0.14908,0.14918,254168.0
2026-04-29 12:00:00+00:00,0.14918,0.14946,0.1487,0.14945,359910.0
2026-04-29 13:00:00+00:00,0.14945,0.14966,0.14807,0.14868,810767.0
2026-04-29 14:00:00+00:00,0.14868,0.14951,0.14838,0.14951,262399.0
2026-04-29 15:00:00+00:00,0.14951,0.1515,0.14947,0.15137,1218670.0
2026-04-29 16:00:00+00:00,0.15137,0.15348,0.15113,0.15136,4922542.0
2026-04-29 17:00:00+00:00,0.15136,0.15357,0.1513,0.15315,1135889.0
2026-04-29 18:00:00+00:00,0.15315,0.15443,0.1513,0.15181,2082401.0
2026-04-29 19:00:00+00:00,0.15181,0.15205,0.15129,0.15153,326777.0
2026-04-29 20:00:00+00:00,0.15153,0.15177,0.15124,0.15162,264417.0
2026-04-29 21:00:00+00:00,0.15162,0.15162,0.15059,0.15095,1052450.0
2026-04-29 22:00:00+00:00,0.15095,0.15123,0.15076,0.15102,265270.0
2026-04-29 23:00:00+00:00,0.15102,0.15134,0.15094,0.15111,376548.0
2026-04-30 00:00:00+00:00,0.15111,0.15288,0.15108,0.15184,656892.0
2026-04-30 01:00:00+00:00,0.15184,0.15232,0.15171,0.1519,298060.0
2026-04-30 02:00:00+00:00,0.1519,0.15198,0.15057,0.15187,1021871.0
2026-04-30 03:00:00+00:00,0.15187,0.15374,0.15185,0.15327,1237634.0
2026-04-30 04:00:00+00:00,0.15327,0.15337,0.15192,0.1525,537563.0
2026-04-30 05:00:00+00:00,0.1525,0.15275,0.15228,0.15256,202904.0
2026-04-30 06:00:00+00:00,0.15256,0.15267,0.15175,0.15183,413789.0
2026-04-30 07:00:00+00:00,0.15183,0.15229,0.15174,0.15211,182872.0
2026-04-30 08:00:00+00:00,0.15211,0.15225,0.15141,0.1517,170874.0
2026-04-30 09:00:00+00:00,0.1517,0.1517,0.15099,0.15103,391309.0
2026-04-30 10:00:00+00:00,0.15103,0.15272,0.15018,0.15056,1497499.0
2026-04-30 11:00:00+00:00,0.15056,0.15064,0.14973,0.14995,608448.0
2026-04-30 12:00:00+00:00,0.14995,0.15003,0.14972,0.14991,128275.0
2026-04-30 13:00:00+00:00,0.14991,0.1501,0.14905,0.1492,353880.0
2026-04-30 14:00:00+00:00,0.1492,0.15113,0.14901,0.14989,1555672.0
2026-04-30 15:00:00+00:00,0.14989,0.1515,0.14981,0.15117,571932.0
2026-04-30 16:00:00+00:00,0.15117,0.15184,0.1508,0.15082,751619.0
2026-04-30 17:00:00+00:00,0.15082,0.1513,0.15072,0.15072,220750.0
2026-04-30 18:00:00+00:00,0.15072,0.15072,0.14968,0.15032,368740.0
2026-04-30 19:00:00+00:00,0.15032,0.15087,0.15025,0.15087,284701.0
2026-04-30 20:00:00+00:00,0.15087,0.15201,0.15083,0.15163,473370.0
2026-04-30 21:00:00+00:00,0.15163,0.15164,0.15121,0.15126,216158.0
2026-04-30 22:00:00+00:00,0.15126,0.15132,0.15019,0.15028,341987.0
2026-04-30 23:00:00+00:00,0.15028,0.15046,0.14986,0.15014,184862.0
2026-05-01 00:00:00+00:00,0.15014,0.15076,0.15003,0.1505,426521.0
2026-05-01 01:00:00+00:00,0.1505,0.15103,0.1502,0.15051,424609.0
2026-05-01 02:00:00+00:00,0.15051,0.1507,0.15046,0.15066,240329.0
2026-05-01 03:00:00+00:00,0.15066,0.15111,0.15039,0.15075,397098.0
2026-05-01 04:00:00+00:00,0.15075,0.15103,0.15038,0.15056,354383.0
2026-05-01 05:00:00+00:00,0.15056,0.15084,0.15008,0.15061,304974.0
2026-05-01 06:00:00+00:00,0.15061,0.15061,0.14994,0.15025,245441.0
2026-05-01 07:00:00+00:00,0.15025,0.15105,0.15,0.15071,1429226.0
2026-05-01 08:00:00+00:00,0.15071,0.15074,0.14965,0.15001,713742.0
2026-05-01 09:00:00+00:00,0.15001,0.15005,0.14961,0.1497,211470.0
2026-05-01 10:00:00+00:00,0.1497,0.14979,0.14934,0.14947,328022.0
2026-05-01 11:00:00+00:00,0.14947,0.14999,0.14933,0.14954,260649.0
2026-05-01 12:00:00+00:00,0.14954,0.15023,0.14947,0.14992,311917.0
2026-05-01 13:00:00+00:00,0.14992,0.15062,0.14989,0.14989,649350.0
2026-05-01 14:00:00+00:00,0.14989,0.15012,0.14929,0.1493,302454.0
2026-05-01 15:00:00+00:00,0.1493,0.14946,0.14899,0.14905,457095.0
2026-05-01 16:00:00+00:00,0.14905,0.14941,0.1488,0.14884,583287.0
2026-05-01 17:00:00+00:00,0.14884,0.14904,0.14859,0.14888,394570.0
2026-05-01 18:00:00+00:00,0.14888,0.1491,0.14832,0.14834,717429.0
2026-05-01 19:00:00+00:00,0.14834,0.14836,0.14774,0.14784,999957.0
2026-05-01 20:00:00+00:00,0.14784,0.1485,0.14758,0.14837,871676.0
2026-05-01 21:00:00+00:00,0.14837,0.14844,0.14807,0.1483,349729.0
2026-05-01 22:00:00+00:00,0.1483,0.14904,0.14823,0.14894,357445.0
2026-05-01 23:00:00+00:00,0.14894,0.14981,0.14882,0.14965,348100.0
2026-05-02 00:00:00+00:00,0.14965,0.14979,0.14856,0.14962,987731.0
2026-05-02 01:00:00+00:00,0.14962,0.14976,0.14921,0.14964,298295.0
2026-05-02 02:00:00+00:00,0.14964,0.14988,0.14932,0.14969,245039.0
2026-05-02 03:00:00+00:00,0.14969,0.14999,0.14945,0.14964,260521.0
2026-05-02 04:00:00+00:00,0.14964,0.15012,0.14939,0.1501,522806.0
2026-05-02 05:00:00+00:00,0.1501,0.15055,0.1495,0.1495,377340.0
2026-05-02 06:00:00+00:00,0.1495,0.14993,0.1493,0.14957,256507.0
2026-05-02 07:00:00+00:00,0.14957,0.15156,0.14956,0.15071,722662.0
2026-05-02 08:00:00+00:00,0.15071,0.15114,0.14966,0.14966,372310.0
2026-05-02 09:00:00+00:00,0.14966,0.15005,0.1496,0.1496,231386.0
2026-05-02 10:00:00+00:00,0.1496,0.14995,0.14932,0.14972,304773.0
2026-05-02 11:00:00+00:00,0.14972,0.14987,0.14919,0.14971,466844.0
2026-05-02 12:00:00+00:00,0.14971,0.14978,0.14889,0.14894,356706.0
2026-05-02 13:00:00+00:00,0.14894,0.14918,0.14827,0.14857,545501.0
2026-05-02 14:00:00+00:00,0.14857,0.14899,0.14822,0.14881,643956.0
2026-05-02 15:00:00+00:00,0.14881,0.14934,0.1486,0.14903,544399.0
2026-05-02 16:00:00+00:00,0.14903,0.14925,0.148,0.14805,590964.0
2026-05-02 17:00:00+00:00,0.14805,0.14841,0.1479,0.14791,437270.0
2026-05-02 18:00:00+00:00,0.14791,0.14808,0.14753,0.14795,376828.0
2026-05-02 19:00:00+00:00,0.14795,0.14806,0.14778,0.14785,359794.0
2026-05-02 20:00:00+00:00,0.14785,0.14849,0.14778,0.1483,515689.0
2026-05-02 21:00:00+00:00,0.1483,0.14842,0.14726,0.14792,657420.0
2026-05-02 22:00:00+00:00,0.14792,0.14823,0.14767,0.14795,542523.0
2026-05-02 23:00:00+00:00,0.14795,0.14829,0.14767,0.14806,159768.0
2026-05-03 00:00:00+00:00,0.14806,0.14806,0.14743,0.14787,197812.0
2026-05-03 01:00:00+00:00,0.14787,0.14905,0.14779,0.1488,404877.0
2026-05-03 02:00:00+00:00,0.1488,0.14936,0.14874,0.14936,153167.0
2026-05-03 03:00:00+00:00,0.14936,0.14938,0.14901,0.14903,118963.0
2026-05-03 04:00:00+00:00,0.14903,0.1496,0.14903,0.1494,229304.0
2026-05-03 05:00:00+00:00,0.1494,0.14976,0.14928,0.14969,201531.0
2026-05-03 06:00:00+00:00,0.14969,0.1498,0.14934,0.14946,258737.0
2026-05-03 07:00:00+00:00,0.14946,0.14979,0.14921,0.14971,123180.0
2026-05-03 08:00:00+00:00,0.14971,0.14985,0.14934,0.14976,161732.0
2026-05-03 09:00:00+00:00,0.14976,0.14992,0.14936,0.14955,217311.0
2026-05-03 10:00:00+00:00,0.14955,0.14967,0.14922,0.1493,117378.0
2026-05-03 11:00:00+00:00,0.1493,0.14961,0.14919,0.14928,273658.0
2026-05-03 12:00:00+00:00,0.14928,0.14928,0.14887,0.14899,297526.0
2026-05-03 13:00:00+00:00,0.14899,0.14906,0.14871,0.14899,107537.0
2026-05-03 14:00:00+00:00,0.14899,0.1492,0.14889,0.14894,75722.0
2026-05-03 15:00:00+00:00,0.14894,0.14911,0.14879,0.14879,66454.0
2026-05-03 16:00:00+00:00,0.14879,0.14895,0.14832,0.14864,343999.0
2026-05-03 17:00:00+00:00,0.14864,0.14864,0.14812,0.14833,115653.0
2026-05-03 18:00:00+00:00,0.14833,0.14838,0.14823,0.14832,71034.0
2026-05-03 19:00:00+00:00,0.14832,0.14832,0.148,0.14802,127386.0
2026-05-03 20:00:00+00:00,0.14802,0.14841,0.148,0.14832,85160.0
2026-05-03 21:00:00+00:00,0.14832,0.1484,0.1472,0.14761,616131.0
2026-05-03 22:00:00+00:00,0.14761,0.14787,0.14759,0.14774,266621.0
2026-05-03 23:00:00+00:00,0.14774,0.14784,0.14743,0.14769,227854.0
2026-05-04 00:00:00+00:00,0.14769,0.14803,0.14735,0.14764,298590.0
2026-05-04 01:00:00+00:00,0.14764,0.14778,0.14737,0.14754,162944.0
2026-05-04 02:00:00+00:00,0.14754,0.1486,0.14754,0.1486,298024.0
2026-05-04 03:00:00+00:00,0.1486,0.14912,0.14831,0.14882,271056.0
2026-05-04 04:00:00+00:00,0.14882,0.14903,0.14843,0.14866,182877.0
2026-05-04 05:00:00+00:00,0.14866,0.14909,0.14851,0.14897,246570.0
2026-05-04 06:00:00+00:00,0.14897,0.14922,0.14878,0.14894,252027.0
2026-05-04 07:00:00+00:00,0.14894,0.14926,0.14856,0.14869,280205.0
2026-05-04 08:00:00+00:00,0.14869,0.14878,0.14853,0.14862,136900.0
2026-05-04 09:00:00+00:00,0.14862,0.14894,0.14842,0.14851,164693.0
2026-05-04 10:00:00+00:00,0.14851,0.14851,0.14773,0.14794,449226.0
2026-05-04 11:00:00+00:00,0.14794,0.14829,0.14723,0.1475,435303.0
2026-05-04 12:00:00+00:00,0.1475,0.14753,0.14549,0.14616,1413678.0
2026-05-04 13:00:00+00:00,0.14616,0.14645,0.14544,0.14544,932382.0
2026-05-04 14:00:00+00:00,0.14544,0.14587,0.1453,0.14549,577540.0
2026-05-04 15:00:00+00:00,0.14549,0.14578,0.14535,0.14553,507008.0
2026-05-04 16:00:00+00:00,0.14553,0.14562,0.14502,0.14553,1180143.0
2026-05-04 17:00:00+00:00,0.14553,0.14722,0.14547,0.14722,879648.0
2026-05-04 18:00:00+00:00,0.14722,0.14746,0.14645,0.14659,711541.0
2026-05-04 19:00:00+00:00,0.14659,0.14682,0.1463,0.14666,408050.0
2026-05-04 20:00:00+00:00,0.14666,0.14764,0.14641,0.14733,471791.0
2026-05-04 21:00:00+00:00,0.14733,0.1475,0.14653,0.14674,321171.0
2026-05-04 22:00:00+00:00,0.14674,0.14791,0.14671,0.14776,218055.0
2026-05-04 23:00:00+00:00,0.14776,0.14829,0.14776,0.14786,348060.0
2026-05-05 00:00:00+00:00,0.14786,0.14872,0.14746,0.14836,209502.0
2026-05-05 01:00:00+00:00,0.14836,0.14896,0.14824,0.14873,414901.0
2026-05-05 02:00:00+00:00,0.14873,0.14912,0.14838,0.14852,178669.0
2026-05-05 03:00:00+00:00,0.14852,0.14952,0.14822,0.14883,223848.0
2026-05-05 04:00:00+00:00,0.14883,0.15026,0.14852,0.15008,426637.0
2026-05-05 05:00:00+00:00,0.15008,0.15082,0.14981,0.15004,522761.0
2026-05-05 06:00:00+00:00,0.15004,0.1502,0.14907,0.14925,202153.0
2026-05-05 07:00:00+00:00,0.14925,0.15034,0.14909,0.14958,392409.0
2026-05-05 08:00:00+00:00,0.14958,0.1497,0.14848,0.14879,429278.0
2026-05-05 09:00:00+00:00,0.14879,0.14898,0.14848,0.14871,184364.0
2026-05-05 10:00:00+00:00,0.14871,0.14883,0.14824,0.14882,285024.0
2026-05-05 11:00:00+00:00,0.14882,0.149,0.14848,0.1487,276963.0
2026-05-05 12:00:00+00:00,0.1487,0.15056,0.14857,0.15,251398.0
2026-05-05 13:00:00+00:00,0.15,0.15038,0.14962,0.14978,279597.0
2026-05-05 14:00:00+00:00,0.14978,0.15005,0.1476,0.148,3493837.0
2026-05-05 15:00:00+00:00,0.148,0.14828,0.14785,0.14796,409204.0
2026-05-05 16:00:00+00:00,0.14796,0.14833,0.14765,0.14781,306628.0
2026-05-05 17:00:00+00:00,0.14781,0.14784,0.14733,0.14769,356577.0
2026-05-05 18:00:00+00:00,0.14769,0.1484,0.14759,0.14839,241577.0
2026-05-05 19:00:00+00:00,0.14839,0.14845,0.147,0.14731,846500.0
2026-05-05 20:00:00+00:00,0.14731,0.14738,0.147,0.14715,301601.0
2026-05-05 21:00:00+00:00,0.14715,0.14762,0.14714,0.14761,238378.0
2026-05-05 22:00:00+00:00,0.14761,0.14843,0.14761,0.14796,369289.0
2026-05-05 23:00:00+00:00,0.14796,0.14811,0.14715,0.14733,232806.0
2026-05-06 00:00:00+00:00,0.14733,0.14801,0.14687,0.14801,459816.0
2026-05-06 01:00:00+00:00,0.14801,0.1481,0.14698,0.1475,519761.0
2026-05-06 02:00:00+00:00,0.1475,0.14837,0.1475,0.14816,384370.0
2026-05-06 03:00:00+00:00,0.14816,0.14841,0.148,0.1481,154774.0
2026-05-06 04:00:00+00:00,0.1481,0.14823,0.14736,0.14757,295114.0
2026-05-06 05:00:00+00:00,0.14757,0.14801,0.14755,0.14799,453356.0
2026-05-06 06:00:00+00:00,0.14799,0.14842,0.14765,0.14811,429910.0
2026-05-06 07:00:00+00:00,0.14811,0.14832,0.14686,0.14786,907809.0
2026-05-06 08:00:00+00:00,0.14786,0.14853,0.14769,0.14791,511053.0
2026-05-06 09:00:00+00:00,0.14791,0.14842,0.14791,0.14825,144219.0
2026-05-06 10:00:00+00:00,0.14825,0.14825,0.14776,0.14793,169168.0
2026-05-06 11:00:00+00:00,0.14793,0.14864,0.14753,0.14837,598083.0
2026-05-06 12:00:00+00:00,0.14837,0.14859,0.14679,0.1472,1782303.0
2026-05-06 13:00:00+00:00,0.1472,0.1472,0.1453,0.147,2943561.0
2026-05-06 14:00:00+00:00,0.147,0.14824,0.14671,0.1475,832655.0
2026-05-06 15:00:00+00:00,0.1475,0.14766,0.14716,0.14756,182341.0
2026-05-06 16:00:00+00:00,0.14756,0.14765,0.14721,0.14757,166548.0
2026-05-06 17:00:00+00:00,0.14757,0.14757,0.14697,0.14716,158329.0
2026-05-06 18:00:00+00:00,0.14716,0.14787,0.14716,0.14757,859767.0
2026-05-06 19:00:00+00:00,0.14757,0.14862,0.14745,0.14844,1736141.0
2026-05-06 20:00:00+00:00,0.14844,0.14844,0.14642,0.14684,1267525.0
2026-05-06 21:00:00+00:00,0.14684,0.14709,0.14648,0.14688,289524.0
2026-05-06 22:00:00+00:00,0.14688,0.14736,0.14639,0.14641,851627.0
2026-05-06 23:00:00+00:00,0.14641,0.14693,0.14602,0.14666,321314.0
2026-05-07 00:00:00+00:00,0.14666,0.14681,0.14607,0.14643,405604.0
2026-05-07 01:00:00+00:00,0.14643,0.14697,0.146,0.14677,599106.0
2026-05-07 02:00:00+00:00,0.14677,0.14766,0.14656,0.14734,473147.0
2026-05-07 03:00:00+00:00,0.14734,0.14768,0.14697,0.14719,207487.0
2026-05-07 04:00:00+00:00,0.14719,0.14756,0.14692,0.14734,172734.0
2026-05-07 05:00:00+00:00,0.14734,0.14787,0.1473,0.14786,241241.0
2026-05-07 06:00:00+00:00,0.14786,0.1484,0.14761,0.14831,333981.0
2026-05-07 07:00:00+00:00,0.14831,0.14831,0.14747,0.14758,340142.0
2026-05-07 08:00:00+00:00,0.14758,0.14758,0.1462,0.14628,538061.0
2026-05-07 09:00:00+00:00,0.14628,0.14664,0.14592,0.1461,472834.0
2026-05-07 10:00:00+00:00,0.1461,0.14617,0.14582,0.146,143192.0
2026-05-07 11:00:00+00:00,0.146,0.14639,0.14593,0.14632,117100.0
2026-05-07 12:00:00+00:00,0.14632,0.14643,0.14616,0.14635,127036.0
2026-05-07 13:00:00+00:00,0.14635,0.14665,0.14622,0.1465,230921.0
2026-05-07 14:00:00+00:00,0.1465,0.1468,0.14602,0.14657,633977.0
2026-05-07 15:00:00+00:00,0.14657,0.14694,0.14616,0.14647,326195.0
2026-05-07 16:00:00+00:00,0.14647,0.14655,0.14575,0.1458,374371.0
2026-05-07 17:00:00+00:00,0.1458,0.14635,0.14558,0.14599,862976.0
2026-05-07 18:00:00+00:00,0.14599,0.14642,0.14576,0.14628,329591.0
2026-05-07 19:00:00+00:00,0.14628,0.14637,0.14605,0.14605,134677.0
2026-05-07 20:00:00+00:00,0.14605,0.14612,0.14523,0.14527,467170.0
2026-05-07 21:00:00+00:00,0.14527,0.14529,0.144,0.14453,1548496.0
2026-05-07 22:00:00+00:00,0.14453,0.14503,0.144,0.14456,559434.0
2026-05-07 23:00:00+00:00,0.14456,0.14507,0.1444,0.14505,304770.0
2026-05-08 00:00:00+00:00,0.14505,0.14567,0.14505,0.14562,204860.0
2026-05-08 01:00:00+00:00,0.14562,0.14563,0.14512,0.14534,63567.0
2026-05-08 02:00:00+00:00,0.14534,0.14558,0.14476,0.14476,141023.0
2026-05-08 03:00:00+00:00,0.14476,0.1456,0.14476,0.14535,206465.0
2026-05-08 04:00:00+00:00,0.14535,0.14544,0.14467,0.14468,288420.0
2026-05-08 05:00:00+00:00,0.14468,0.14487,0.14459,0.1447,335582.0
2026-05-08 06:00:00+00:00,0.1447,0.1455,0.14469,0.14538,423470.0
2026-05-08 07:00:00+00:00,0.14538,0.14544,0.14476,0.14489,248080.0
2026-05-08 08:00:00+00:00,0.14489,0.14559,0.14481,0.14534,357211.0
2026-05-08 09:00:00+00:00,0.14534,0.14554,0.1453,0.14536,215468.0
2026-05-08 10:00:00+00:00,0.14536,0.14549,0.14483,0.1451,219469.0
2026-05-08 11:00:00+00:00,0.1451,0.14524,0.14455,0.14481,482622.0
2026-05-08 12:00:00+00:00,0.14481,0.14526,0.14477,0.14526,251182.0
2026-05-08 13:00:00+00:00,0.14526,0.14664,0.14521,0.14533,917418.0
2026-05-08 14:00:00+00:00,0.14533,0.14557,0.14467,0.14536,520812.0
2026-05-08 15:00:00+00:00,0.14536,0.14549,0.14428,0.14481,581139.0
2026-05-08 16:00:00+00:00,0.14481,0.14498,0.1441,0.14488,728603.0
2026-05-08 17:00:00+00:00,0.14488,0.14535,0.14431,0.14471,886157.0
2026-05-08 18:00:00+00:00,0.14471,0.14665,0.14471,0.14613,887897.0
2026-05-08 19:00:00+00:00,0.14613,0.14814,0.14597,0.14755,1133027.0
2026-05-08 20:00:00+00:00,0.14755,0.14849,0.1472,0.14732,479784.0
2026-05-08 21:00:00+00:00,0.14732,0.1482,0.14712,0.1477,456982.0
2026-05-08 22:00:00+00:00,0.1477,0.14787,0.14682,0.14719,497545.0
2026-05-08 23:00:00+00:00,0.14719,0.14733,0.14645,0.14668,131378.0
2026-05-09 00:00:00+00:00,0.14668,0.14885,0.14668,0.1485,815500.0
2026-05-09 01:00:00+00:00,0.1485,0.15142,0.14848,0.14987,2677657.0
2026-05-09 02:00:00+00:00,0.14987,0.15173,0.1496,0.15157,797032.0
2026-05-09 03:00:00+00:00,0.15157,0.15625,0.15157,0.15362,3112527.0
2026-05-09 04:00:00+00:00,0.15362,0.15847,0.15356,0.1569,2371686.0
2026-05-09 05:00:00+00:00,0.1569,0.15713,0.15557,0.15564,450278.0
2026-05-09 06:00:00+00:00,0.15564,0.15701,0.15451,0.15502,1898399.0
2026-05-09 07:00:00+00:00,0.15502,0.15609,0.15404,0.15609,1330122.0
2026-05-09 08:00:00+00:00,0.15609,0.15712,0.15563,0.15622,1056151.0
2026-05-09 09:00:00+00:00,0.15622,0.15673,0.155,0.15561,544884.0
2026-05-09 10:00:00+00:00,0.15561,0.1572,0.15403,0.15481,1419684.0
2026-05-09 11:00:00+00:00,0.15481,0.16063,0.15401,0.15973,9316327.0
2026-05-09 12:00:00+00:00,0.15973,0.16085,0.15826,0.15925,2150219.0
2026-05-09 13:00:00+00:00,0.15925,0.16032,0.15732,0.1575,764349.0
2026-05-09 14:00:00+00:00,0.1575,0.15778,0.15598,0.1573,609655.0
2026-05-09 15:00:00+00:00,0.1573,0.15791,0.15595,0.15615,835193.0
2026-05-09 16:00:00+00:00,0.15615,0.15714,0.1551,0.15562,912092.0
2026-05-09 17:00:00+00:00,0.15562,0.15609,0.1549,0.15598,490115.0
2026-05-09 18:00:00+00:00,0.15598,0.15635,0.1551,0.15521,199176.0
2026-05-09 19:00:00+00:00,0.15521,0.15616,0.15521,0.15602,209994.0
2026-05-09 20:00:00+00:00,0.15602,0.15618,0.1554,0.15595,343035.0
2026-05-09 21:00:00+00:00,0.15595,0.15612,0.15558,0.15592,148548.0
2026-05-09 22:00:00+00:00,0.15592,0.15673,0.15579,0.1565,216173.0
2026-05-09 23:00:00+00:00,0.1565,0.15727,0.15643,0.15668,295545.0
2026-05-10 00:00:00+00:00,0.15668,0.15738,0.15594,0.15645,538928.0
2026-05-10 01:00:00+00:00,0.15645,0.15645,0.15453,0.1557,654611.0
2026-05-10 02:00:00+00:00,0.1557,0.15672,0.15532,0.15639,578634.0
2026-05-10 03:00:00+00:00,0.15639,0.15658,0.15492,0.15586,485149.0
2026-05-10 04:00:00+00:00,0.15586,0.15688,0.15562,0.15627,656333.0
2026-05-10 05:00:00+00:00,0.15627,0.15627,0.15526,0.1557,575125.0
2026-05-10 06:00:00+00:00,0.1557,0.1557,0.15481,0.15538,257069.0
2026-05-10 07:00:00+00:00,0.15538,0.15546,0.15422,0.1543,599542.0
2026-05-10 08:00:00+00:00,0.1543,0.15438,0.15151,0.15309,2751873.0
2026-05-10 09:00:00+00:00,0.15309,0.15319,0.15284,0.15291,259411.0
2026-05-10 10:00:00+00:00,0.15291,0.15309,0.15261,0.15302,223734.0
2026-05-10 11:00:00+00:00,0.15302,0.15302,0.1525,0.15278,223642.0
2026-05-10 12:00:00+00:00,0.15278,0.15294,0.15253,0.15257,148322.0
2026-05-10 13:00:00+00:00,0.15257,0.15465,0.15255,0.15424,812379.0
2026-05-10 14:00:00+00:00,0.15424,0.15657,0.15422,0.15597,1466208.0
2026-05-10 15:00:00+00:00,0.15597,0.1561,0.15474,0.15491,431022.0
2026-05-10 16:00:00+00:00,0.15491,0.15562,0.15389,0.1556,714450.0
2026-05-10 17:00:00+00:00,0.1556,0.15641,0.15522,0.15623,486699.0
2026-05-10 18:00:00+00:00,0.15623,0.16152,0.15598,0.16004,6995848.0
2026-05-10 19:00:00+00:00,0.16004,0.16013,0.15683,0.15698,1103362.0
2026-05-10 20:00:00+00:00,0.15698,0.15699,0.15382,0.15451,1920015.0
2026-05-10 21:00:00+00:00,0.15451,0.15487,0.15333,0.15404,909152.0
2026-05-10 22:00:00+00:00,0.15404,0.15594,0.15403,0.15593,666939.0
2026-05-10 23:00:00+00:00,0.15593,0.1566,0.15562,0.15591,516963.0
2026-05-11 00:00:00+00:00,0.15591,0.15668,0.1551,0.15635,657774.0
2026-05-11 01:00:00+00:00,0.15635,0.15708,0.15609,0.15655,416361.0
2026-05-11 02:00:00+00:00,0.15655,0.15661,0.15515,0.15533,326364.0
2026-05-11 03:00:00+00:00,0.15533,0.15537,0.15366,0.15457,751738.0
2026-05-11 04:00:00+00:00,0.15457,0.15457,0.15366,0.15417,463931.0
2026-05-11 05:00:00+00:00,0.15417,0.15451,0.15406,0.1542,242493.0
2026-05-11 06:00:00+00:00,0.1542,0.15464,0.15325,0.15351,422778.0
2026-05-11 07:00:00+00:00,0.15351,0.15381,0.15251,0.15258,480053.0
2026-05-11 08:00:00+00:00,0.15258,0.15431,0.15258,0.15335,633146.0
2026-05-11 09:00:00+00:00,0.15335,0.15462,0.15324,0.15459,202171.0
2026-05-11 10:00:00+00:00,0.15459,0.15621,0.15438,0.15468,783770.0
2026-05-11 11:00:00+00:00,0.15468,0.15517,0.1545,0.15468,305880.0
2026-05-11 12:00:00+00:00,0.15468,0.15468,0.15402,0.15425,251611.0
2026-05-11 13:00:00+00:00,0.15425,0.15473,0.15305,0.1532,925966.0
2026-05-11 14:00:00+00:00,0.1532,0.15363,0.1527,0.15339,426377.0
2026-05-11 15:00:00+00:00,0.15339,0.15613,0.1531,0.15548,614989.0
2026-05-11 16:00:00+00:00,0.15548,0.15655,0.15521,0.1555,1579147.0
2026-05-11 17:00:00+00:00,0.1555,0.15639,0.15512,0.15631,825008.0
2026-05-11 18:00:00+00:00,0.15631,0.15933,0.15631,0.15823,2859906.0
2026-05-11 19:00:00+00:00,0.15823,0.16147,0.15822,0.16137,3936456.0
2026-05-11 20:00:00+00:00,0.16137,0.16517,0.15987,0.16019,5966030.0
2026-05-11 21:00:00+00:00,0.16019,0.16496,0.1599,0.16471,1511133.0
2026-05-11 22:00:00+00:00,0.16471,0.16668,0.16429,0.1654,1982762.0
2026-05-11 23:00:00+00:00,0.1654,0.16647,0.16258,0.16316,1350379.0
2026-05-12 00:00:00+00:00,0.16316,0.16424,0.16119,0.1639,3066831.0
2026-05-12 01:00:00+00:00,0.1639,0.16484,0.16205,0.16236,1283323.0
2026-05-12 02:00:00+00:00,0.16236,0.16363,0.16199,0.16294,807982.0
2026-05-12 03:00:00+00:00,0.16294,0.16364,0.16117,0.16175,737143.0
2026-05-12 04:00:00+00:00,0.16175,0.16207,0.16122,0.16166,712914.0
2026-05-12 05:00:00+00:00,0.16166,0.16177,0.16106,0.16137,337687.0
2026-05-12 06:00:00+00:00,0.16137,0.1622,0.15965,0.16072,773441.0
2026-05-12 07:00:00+00:00,0.16072,0.16241,0.16009,0.1619,566145.0
2026-05-12 08:00:00+00:00,0.1619,0.16225,0.15918,0.16031,1818443.0
2026-05-12 09:00:00+00:00,0.16031,0.16051,0.15918,0.1596,838574.0
2026-05-12 10:00:00+00:00,0.1596,0.16017,0.15878,0.15999,1221271.0
2026-05-12 11:00:00+00:00,0.15999,0.16094,0.15976,0.16065,1662853.0
2026-05-12 12:00:00+00:00,0.16065,0.16199,0.16014,0.1616,1089586.0
2026-05-12 13:00:00+00:00,0.1616,0.16196,0.15852,0.1587,1402631.0
2026-05-12 14:00:00+00:00,0.1587,0.15874,0.1565,0.15696,2608560.0
2026-05-12 15:00:00+00:00,0.15696,0.15699,0.154,0.15438,2135163.0
2026-05-12 16:00:00+00:00,0.15438,0.15438,0.15126,0.1527,3834428.0
2026-05-12 17:00:00+00:00,0.1527,0.15354,0.15258,0.15316,239981.0
2026-05-12 18:00:00+00:00,0.15316,0.15389,0.15244,0.1532,777314.0
2026-05-12 19:00:00+00:00,0.1532,0.15368,0.15301,0.15342,265334.0
2026-05-12 20:00:00+00:00,0.15342,0.15371,0.15272,0.15298,723095.0
2026-05-12 21:00:00+00:00,0.15298,0.15346,0.15274,0.15344,583744.0
2026-05-12 22:00:00+00:00,0.15344,0.15364,0.15321,0.15351,240035.0
2026-05-12 23:00:00+00:00,0.15351,0.15366,0.15219,0.15238,671236.0
2026-05-13 00:00:00+00:00,0.15238,0.15342,0.15177,0.15342,588967.0
2026-05-13 01:00:00+00:00,0.15342,0.1546,0.15332,0.15373,913017.0
2026-05-13 02:00:00+00:00,0.15373,0.15436,0.15373,0.1542,142794.0
2026-05-13 03:00:00+00:00,0.1542,0.15485,0.15396,0.1541,217736.0
2026-05-13 04:00:00+00:00,0.1541,0.15474,0.15388,0.15454,324819.0
2026-05-13 05:00:00+00:00,0.15454,0.15466,0.1529,0.15334,367843.0
2026-05-13 06:00:00+00:00,0.15334,0.15348,0.15277,0.15288,112322.0
2026-05-13 07:00:00+00:00,0.15288,0.1535,0.15273,0.15314,653924.0
2026-05-13 08:00:00+00:00,0.15314,0.15377,0.15203,0.15267,1060748.0
2026-05-13 09:00:00+00:00,0.15267,0.1528,0.15227,0.15252,371887.0
2026-05-13 10:00:00+00:00,0.15252,0.15328,0.15252,0.15277,548950.0
2026-05-13 11:00:00+00:00,0.15277,0.15341,0.15226,0.15241,606022.0
2026-05-13 12:00:00+00:00,0.15241,0.1536,0.15223,0.15263,1072926.0
2026-05-13 13:00:00+00:00,0.15263,0.15355,0.15235,0.15286,807865.0
2026-05-13 14:00:00+00:00,0.15286,0.15522,0.15253,0.15478,1771647.0
2026-05-13 15:00:00+00:00,0.15478,0.15522,0.15186,0.15263,3262829.0
2026-05-13 16:00:00+00:00,0.15263,0.15349,0.15209,0.15244,1139322.0
2026-05-13 17:00:00+00:00,0.15244,0.1529,0.15212,0.15273,400970.0
2026-05-13 18:00:00+00:00,0.15273,0.15345,0.15268,0.15283,165337.0
2026-05-13 19:00:00+00:00,0.15283,0.15756,0.15283,0.15584,5199908.0
2026-05-13 20:00:00+00:00,0.15584,0.15614,0.15421,0.1546,475654.0
2026-05-13 21:00:00+00:00,0.1546,0.15465,0.15348,0.15408,522171.0
2026-05-13 22:00:00+00:00,0.15408,0.15489,0.15373,0.15474,240404.0
2026-05-13 23:00:00+00:00,0.15474,0.15537,0.15455,0.15518,185320.0
2026-05-14 00:00:00+00:00,0.15518,0.15804,0.15518,0.15635,1112261.0
2026-05-14 01:00:00+00:00,0.15635,0.15714,0.15604,0.15643,498184.0
2026-05-14 02:00:00+00:00,0.15643,0.1574,0.15556,0.15596,545673.0
2026-05-14 03:00:00+00:00,0.15596,0.15655,0.1555,0.15556,234693.0
2026-05-14 04:00:00+00:00,0.15556,0.15659,0.15535,0.15618,217175.0
2026-05-14 05:00:00+00:00,0.15618,0.15736,0.15618,0.15736,347202.0
2026-05-14 06:00:00+00:00,0.15736,0.15823,0.15704,0.15769,679107.0
2026-05-14 07:00:00+00:00,0.15769,0.1581,0.15676,0.15796,217224.0
2026-05-14 08:00:00+00:00,0.15796,0.15851,0.15749,0.15792,303631.0
2026-05-14 09:00:00+00:00,0.15792,0.16024,0.15674,0.15982,1419400.0
2026-05-14 10:00:00+00:00,0.15982,0.16596,0.15905,0.1656,4792819.0
2026-05-14 11:00:00+00:00,0.1656,0.16715,0.16304,0.16526,6673931.0
2026-05-14 12:00:00+00:00,0.16526,0.168,0.16434,0.1665,6522126.0
2026-05-14 13:00:00+00:00,0.1665,0.16997,0.1644,0.16987,5897922.0
2026-05-14 14:00:00+00:00,0.16987,0.17116,0.16774,0.16906,6422615.0
2026-05-14 15:00:00+00:00,0.16906,0.16957,0.162,0.1622,6636522.0
2026-05-14 16:00:00+00:00,0.1622,0.16684,0.16206,0.1666,2131292.0
2026-05-14 17:00:00+00:00,0.1666,0.1666,0.16305,0.164,1704354.0
2026-05-14 18:00:00+00:00,0.164,0.16543,0.16251,0.16254,1279351.0
2026-05-14 19:00:00+00:00,0.16254,0.16304,0.16191,0.16212,730366.0
2026-05-14 20:00:00+00:00,0.16212,0.16296,0.16123,0.16195,1770299.0
2026-05-14 21:00:00+00:00,0.16195,0.16448,0.16175,0.16374,1207778.0
2026-05-14 22:00:00+00:00,0.16374,0.16404,0.16231,0.16253,632557.0
2026-05-14 23:00:00+00:00,0.16253,0.16523,0.16099,0.16397,1757796.0
2026-05-15 00:00:00+00:00,0.16397,0.16812,0.1638,0.16742,2702092.0
2026-05-15 01:00:00+00:00,0.16742,0.16967,0.16689,0.16967,1393361.0
2026-05-15 02:00:00+00:00,0.16967,0.17102,0.16389,0.16617,6517850.0
2026-05-15 03:00:00+00:00,0.16617,0.16642,0.1632,0.1639,2131224.0
2026-05-15 04:00:00+00:00,0.1639,0.16571,0.16336,0.16492,1032561.0
2026-05-15 05:00:00+00:00,0.16492,0.16586,0.16212,0.16333,1878362.0
2026-05-15 06:00:00+00:00,0.16333,0.16552,0.163,0.16318,1213657.0
2026-05-15 07:00:00+00:00,0.16318,0.16479,0.16313,0.16409,698701.0
2026-05-15 08:00:00+00:00,0.16409,0.16427,0.16312,0.16312,415577.0
2026-05-15 09:00:00+00:00,0.16312,0.16314,0.16074,0.16109,908785.0
2026-05-15 10:00:00+00:00,0.16109,0.16191,0.16051,0.16178,932951.0
2026-05-15 11:00:00+00:00,0.16178,0.16186,0.16103,0.16121,376689.0
2026-05-15 12:00:00+00:00,0.16121,0.16202,0.16049,0.16054,849667.0
2026-05-15 13:00:00+00:00,0.16054,0.16105,0.1592,0.15974,1922695.0
2026-05-15 14:00:00+00:00,0.15974,0.15982,0.15558,0.15759,4229867.0
2026-05-15 15:00:00+00:00,0.15759,0.16124,0.15744,0.16123,1162851.0
2026-05-15 16:00:00+00:00,0.16123,0.16546,0.16073,0.16546,3635260.0
2026-05-15 17:00:00+00:00,0.16546,0.16574,0.16346,0.16397,1229848.0
2026-05-15 18:00:00+00:00,0.16397,0.16531,0.16076,0.16091,2787476.0
2026-05-15 19:00:00+00:00,0.16091,0.16197,0.15756,0.15812,2864017.0
2026-05-15 20:00:00+00:00,0.15812,0.15991,0.15458,0.15721,3843111.0
2026-05-15 21:00:00+00:00,0.15721,0.15806,0.155,0.15656,1771779.0
2026-05-15 22:00:00+00:00,0.15656,0.15759,0.15656,0.15712,1192081.0
2026-05-15 23:00:00+00:00,0.15712,0.15836,0.15712,0.15776,674410.0
2026-05-16 00:00:00+00:00,0.15776,0.15972,0.15746,0.15761,890239.0
2026-05-16 01:00:00+00:00,0.15761,0.15857,0.15746,0.15846,328539.0
2026-05-16 02:00:00+00:00,0.15846,0.15847,0.15672,0.15685,307585.0
2026-05-16 03:00:00+00:00,0.15685,0.15837,0.15682,0.15817,694514.0
2026-05-16 04:00:00+00:00,0.15817,0.15893,0.15765,0.15863,554081.0
2026-05-16 05:00:00+00:00,0.15863,0.15888,0.15775,0.15876,354674.0
2026-05-16 06:00:00+00:00,0.15876,0.1596,0.15678,0.157,825152.0
2026-05-16 07:00:00+00:00,0.157,0.15926,0.15674,0.15809,1121077.0
2026-05-16 08:00:00+00:00,0.15809,0.15829,0.15679,0.15723,621799.0
2026-05-16 09:00:00+00:00,0.15723,0.15742,0.15001,0.15059,5008890.0
2026-05-16 10:00:00+00:00,0.15059,0.151,0.14828,0.1492,11907015.0
2026-05-16 11:00:00+00:00,0.1492,0.1494,0.14778,0.14833,2154718.0
2026-05-16 12:00:00+00:00,0.14833,0.14882,0.14297,0.14548,11495786.0
2026-05-16 13:00:00+00:00,0.14548,0.15001,0.1449,0.1481,4550370.0
2026-05-16 14:00:00+00:00,0.1481,0.14994,0.14675,0.14881,1145292.0
2026-05-16 15:00:00+00:00,0.14881,0.15017,0.14842,0.14977,774286.0
2026-05-16 16:00:00+00:00,0.14977,0.15053,0.14939,0.14973,655561.0
2026-05-16 17:00:00+00:00,0.14973,0.15081,0.14948,0.15052,457200.0
2026-05-16 18:00:00+00:00,0.15052,0.15088,0.14986,0.15086,374675.0
2026-05-16 19:00:00+00:00,0.15086,0.15148,0.1504,0.15055,512857.0
2026-05-16 20:00:00+00:00,0.15055,0.1528,0.15046,0.15235,678818.0
2026-05-16 21:00:00+00:00,0.15235,0.1531,0.1523,0.15235,410539.0
2026-05-16 22:00:00+00:00,0.15235,0.15235,0.15151,0.15203,533519.0
2026-05-16 23:00:00+00:00,0.15203,0.15404,0.1518,0.15389,901065.0
2026-05-17 00:00:00+00:00,0.15389,0.1572,0.15352,0.1545,2953819.0
2026-05-17 01:00:00+00:00,0.1545,0.1549,0.15124,0.15252,1935888.0
2026-05-17 02:00:00+00:00,0.15252,0.15291,0.1519,0.15237,821798.0
2026-05-17 03:00:00+00:00,0.15237,0.15264,0.15176,0.15255,444734.0
2026-05-17 04:00:00+00:00,0.15255,0.15476,0.15235,0.15416,975260.0
2026-05-17 05:00:00+00:00,0.15416,0.15416,0.15176,0.15262,525907.0
2026-05-17 06:00:00+00:00,0.15262,0.15404,0.15223,0.15404,829170.0
2026-05-17 07:00:00+00:00,0.15404,0.15481,0.15362,0.15385,425563.0
2026-05-17 08:00:00+00:00,0.15385,0.15385,0.15311,0.15344,326712.0
2026-05-17 09:00:00+00:00,0.15344,0.15514,0.1533,0.15513,357688.0
2026-05-17 10:00:00+00:00,0.15513,0.15595,0.15471,0.1551,1022151.0
2026-05-17 11:00:00+00:00,0.1551,0.1551,0.15382,0.15476,329837.0
2026-05-17 12:00:00+00:00,0.15476,0.15476,0.15362,0.15389,738507.0
2026-05-17 13:00:00+00:00,0.15389,0.15405,0.15197,0.1532,1207497.0
2026-05-17 14:00:00+00:00,0.1532,0.15325,0.15205,0.15255,657708.0
2026-05-17 15:00:00+00:00,0.15255,0.15425,0.15249,0.1538,526454.0
2026-05-17 16:00:00+00:00,0.1538,0.15453,0.15277,0.15398,424035.0
2026-05-17 17:00:00+00:00,0.15398,0.15448,0.15289,0.15407,891751.0
2026-05-17 18:00:00+00:00,0.15407,0.15448,0.15272,0.15392,2407851.0
2026-05-17 19:00:00+00:00,0.15392,0.15456,0.15382,0.15386,522866.0
2026-05-17 20:00:00+00:00,0.15386,0.1544,0.15359,0.15438,312127.0
2026-05-17 21:00:00+00:00,0.15438,0.15555,0.15433,0.15518,397221.0
2026-05-17 22:00:00+00:00,0.15518,0.15518,0.1526,0.15303,344645.0
2026-05-17 23:00:00+00:00,0.15303,0.15462,0.15092,0.1546,1079121.0
2026-05-18 00:00:00+00:00,0.1546,0.1547,0.15208,0.15264,391997.0
2026-05-18 01:00:00+00:00,0.15264,0.15289,0.15175,0.15264,325180.0
2026-05-18 02:00:00+00:00,0.15264,0.15433,0.15242,0.15265,880866.0
2026-05-18 03:00:00+00:00,0.15265,0.15647,0.15265,0.15491,1500615.0
2026-05-18 04:00:00+00:00,0.15491,0.15567,0.15301,0.1542,846897.0
2026-05-18 05:00:00+00:00,0.1542,0.15433,0.15194,0.15261,1595745.0
2026-05-18 06:00:00+00:00,0.15261,0.15316,0.15147,0.15197,552633.0
2026-05-18 07:00:00+00:00,0.15197,0.15287,0.1511,0.15268,1478801.0
2026-05-18 08:00:00+00:00,0.15268,0.15275,0.15191,0.15241,1157716.0
2026-05-18 09:00:00+00:00,0.15241,0.15348,0.15193,0.15315,2843090.0
2026-05-18 10:00:00+00:00,0.15315,0.15421,0.15279,0.15394,2593473.0
2026-05-18 11:00:00+00:00,0.15394,0.15406,0.15223,0.15264,2122478.0
2026-05-18 12:00:00+00:00,0.15264,0.15432,0.15245,0.15279,2091401.0
2026-05-18 13:00:00+00:00,0.15279,0.15279,0.15022,0.15092,1356934.0
2026-05-18 14:00:00+00:00,0.15092,0.15092,0.14898,0.14962,752775.0
2026-05-18 15:00:00+00:00,0.14962,0.15041,0.14939,0.15015,961934.0
2026-05-18 16:00:00+00:00,0.15015,0.15059,0.14958,0.15015,348002.0
2026-05-18 17:00:00+00:00,0.15015,0.15132,0.14993,0.15085,1554567.0
2026-05-18 18:00:00+00:00,0.15085,0.15096,0.14982,0.14995,603281.0
2026-05-18 19:00:00+00:00,0.14995,0.15169,0.14994,0.15141,409787.0
2026-05-18 20:00:00+00:00,0.15141,0.15162,0.1503,0.15031,455571.0
2026-05-18 21:00:00+00:00,0.15031,0.15066,0.14944,0.14955,749960.0
2026-05-18 22:00:00+00:00,0.14955,0.15,0.1495,0.1496,317489.0
2026-05-18 23:00:00+00:00,0.1496,0.1496,0.14896,0.14936,268601.0
2026-05-19 00:00:00+00:00,0.14936,0.15024,0.1485,0.14997,974828.0
2026-05-19 01:00:00+00:00,0.14997,0.1501,0.14939,0.14965,199674.0
2026-05-19 02:00:00+00:00,0.14965,0.15106,0.14911,0.14928,252683.0
2026-05-19 03:00:00+00:00,0.14928,0.14993,0.14889,0.14899,120026.0
2026-05-19 04:00:00+00:00,0.14899,0.14985,0.14899,0.14963,408613.0
2026-05-19 05:00:00+00:00,0.14963,0.14972,0.14885,0.14965,316996.0
2026-05-19 06:00:00+00:00,0.14965,0.15056,0.1493,0.15055,368604.0
2026-05-19 07:00:00+00:00,0.15055,0.1522,0.15048,0.15131,748085.0
2026-05-19 08:00:00+00:00,0.15131,0.15154,0.14969,0.14986,654389.0
2026-05-19 09:00:00+00:00,0.14986,0.15002,0.14928,0.14965,441922.0
2026-05-19 10:00:00+00:00,0.14965,0.15094,0.1496,0.15062,629872.0
2026-05-19 11:00:00+00:00,0.15062,0.15063,0.14911,0.14998,416711.0
2026-05-19 12:00:00+00:00,0.14998,0.15032,0.1493,0.1493,640789.0
2026-05-19 13:00:00+00:00,0.1493,0.14979,0.14896,0.14972,413208.0
2026-05-19 14:00:00+00:00,0.14972,0.14981,0.14862,0.14893,406181.0
2026-05-19 15:00:00+00:00,0.14893,0.14901,0.14744,0.14781,1138978.0
2026-05-19 16:00:00+00:00,0.14781,0.14843,0.14734,0.14843,533338.0
2026-05-19 17:00:00+00:00,0.14843,0.14876,0.14801,0.14863,349951.0
2026-05-19 18:00:00+00:00,0.14863,0.15044,0.14837,0.14948,658423.0
2026-05-19 19:00:00+00:00,0.14948,0.14979,0.14874,0.1489,449953.0
2026-05-19 20:00:00+00:00,0.1489,0.14969,0.14874,0.14959,156568.0
2026-05-19 21:00:00+00:00,0.14959,0.14973,0.14911,0.14917,181551.0
2026-05-19 22:00:00+00:00,0.14917,0.14943,0.14869,0.14881,330065.0
2026-05-19 23:00:00+00:00,0.14881,0.14902,0.14812,0.14833,568878.0
2026-05-20 00:00:00+00:00,0.14833,0.14866,0.14758,0.14841,506081.0
2026-05-20 01:00:00+00:00,0.14841,0.14922,0.14756,0.149,660747.0
2026-05-20 02:00:00+00:00,0.149,0.1493,0.14825,0.14825,494058.0
2026-05-20 03:00:00+00:00,0.14825,0.14854,0.14802,0.14838,921102.0
2026-05-20 04:00:00+00:00,0.14838,0.14854,0.14765,0.14785,344714.0
2026-05-20 05:00:00+00:00,0.14785,0.14935,0.14778,0.14917,459286.0
2026-05-20 06:00:00+00:00,0.14917,0.15101,0.14917,0.15086,601604.0
2026-05-20 07:00:00+00:00,0.15086,0.15097,0.14969,0.14969,288332.0
2026-05-20 08:00:00+00:00,0.14969,0.14999,0.1493,0.1493,427156.0
2026-05-20 09:00:00+00:00,0.1493,0.14971,0.14858,0.14893,313705.0
2026-05-20 10:00:00+00:00,0.14893,0.14992,0.14882,0.14964,465504.0
2026-05-20 11:00:00+00:00,0.14964,0.14976,0.149,0.14942,441223.0
2026-05-20 12:00:00+00:00,0.14942,0.14987,0.14912,0.14932,884325.0
2026-05-20 13:00:00+00:00,0.14932,0.15013,0.14911,0.15003,763859.0
2026-05-20 14:00:00+00:00,0.15003,0.15025,0.14947,0.15015,918204.0
2026-05-20 15:00:00+00:00,0.15015,0.15406,0.1494,0.15204,7770511.0
2026-05-20 16:00:00+00:00,0.15204,0.15307,0.15135,0.15202,1216738.0
2026-05-20 17:00:00+00:00,0.15202,0.15285,0.15173,0.15248,454691.0
2026-05-20 18:00:00+00:00,0.15248,0.15335,0.15211,0.15259,1179592.0
2026-05-20 19:00:00+00:00,0.15259,0.15649,0.15212,0.1564,1417197.0
2026-05-20 20:00:00+00:00,0.1564,0.15746,0.15516,0.15575,1453039.0
2026-05-20 21:00:00+00:00,0.15575,0.15626,0.15443,0.15454,981825.0
2026-05-20 22:00:00+00:00,0.15454,0.1554,0.15359,0.15434,876091.0
2026-05-20 23:00:00+00:00,0.15434,0.15497,0.15422,0.15467,293566.0
2026-05-21 00:00:00+00:00,0.15467,0.15585,0.15466,0.1556,655298.0
2026-05-21 01:00:00+00:00,0.1556,0.15564,0.15414,0.15491,292548.0
2026-05-21 02:00:00+00:00,0.15491,0.15529,0.15413,0.15422,142244.0
2026-05-21 03:00:00+00:00,0.15422,0.15514,0.15404,0.15513,166859.0
2026-05-21 04:00:00+00:00,0.15513,0.15539,0.15462,0.15539,138814.0
2026-05-21 05:00:00+00:00,0.15539,0.15541,0.15344,0.15386,700232.0
2026-05-21 06:00:00+00:00,0.15386,0.15414,0.15268,0.1528,382743.0
2026-05-21 07:00:00+00:00,0.1528,0.15427,0.15277,0.15415,285497.0
2026-05-21 08:00:00+00:00,0.15415,0.15455,0.15375,0.15417,695203.0
2026-05-21 09:00:00+00:00,0.15417,0.15621,0.15417,0.15543,2194194.0
2026-05-21 10:00:00+00:00,0.15543,0.15588,0.15383,0.15435,1044056.0
2026-05-21 11:00:00+00:00,0.15435,0.15492,0.15403,0.15476,267117.0
2026-05-21 12:00:00+00:00,0.15476,0.15523,0.15409,0.15497,630359.0
2026-05-21 13:00:00+00:00,0.15497,0.15698,0.15488,0.1566,1929154.0
2026-05-21 14:00:00+00:00,0.1566,0.1593,0.15642,0.1589,1487362.0
2026-05-21 15:00:00+00:00,0.1589,0.15919,0.15784,0.15918,912328.0
2026-05-21 16:00:00+00:00,0.15918,0.15974,0.15818,0.15911,895214.0
2026-05-21 17:00:00+00:00,0.15911,0.16097,0.1591,0.16042,716879.0
2026-05-21 18:00:00+00:00,0.16042,0.16106,0.15942,0.15965,896782.0
2026-05-21 19:00:00+00:00,0.15965,0.16268,0.15875,0.16226,1321631.0
2026-05-21 20:00:00+00:00,0.16226,0.16621,0.16212,0.16569,3787346.0
2026-05-21 21:00:00+00:00,0.16569,0.16575,0.16288,0.16297,1143295.0
2026-05-21 22:00:00+00:00,0.16297,0.16297,0.15857,0.15877,2392725.0
2026-05-21 23:00:00+00:00,0.15877,0.15954,0.15707,0.15718,1074524.0
2026-05-22 00:00:00+00:00,0.15718,0.15736,0.15642,0.15711,466897.0
2026-05-22 01:00:00+00:00,0.15711,0.15865,0.15619,0.15628,772116.0
2026-05-22 02:00:00+00:00,0.15628,0.15644,0.15525,0.15538,403423.0
2026-05-22 03:00:00+00:00,0.15538,0.15575,0.15483,0.15562,442057.0
2026-05-22 04:00:00+00:00,0.15562,0.15643,0.15558,0.15629,344785.0
2026-05-22 05:00:00+00:00,0.15629,0.15743,0.15497,0.15575,2781360.0
2026-05-22 06:00:00+00:00,0.15575,0.15707,0.15437,0.15446,714205.0
2026-05-22 07:00:00+00:00,0.15446,0.15544,0.15413,0.15483,360811.0
2026-05-22 08:00:00+00:00,0.15483,0.15549,0.15467,0.15515,415948.0
2026-05-22 09:00:00+00:00,0.15515,0.15538,0.15418,0.15448,177271.0
2026-05-22 10:00:00+00:00,0.15448,0.15462,0.15381,0.15402,299164.0
2026-05-22 11:00:00+00:00,0.15402,0.15442,0.1535,0.15354,384611.0
2026-05-22 12:00:00+00:00,0.15354,0.1546,0.15316,0.15389,848562.0
2026-05-22 13:00:00+00:00,0.15389,0.15506,0.15352,0.15473,727618.0
2026-05-22 14:00:00+00:00,0.15473,0.15485,0.1535,0.1535,445464.0
2026-05-22 15:00:00+00:00,0.1535,0.15407,0.1534,0.15384,477815.0
2026-05-22 16:00:00+00:00,0.15384,0.15646,0.1537,0.15601,1366018.0
2026-05-22 17:00:00+00:00,0.15601,0.15622,0.15529,0.15592,323910.0
2026-05-22 18:00:00+00:00,0.15592,0.15705,0.15507,0.15667,1009200.0
2026-05-22 19:00:00+00:00,0.15667,0.15697,0.15258,0.15503,1726126.0
2026-05-22 20:00:00+00:00,0.15503,0.15599,0.15416,0.15599,525495.0
2026-05-22 21:00:00+00:00,0.15599,0.15751,0.15595,0.15642,551687.0
2026-05-22 22:00:00+00:00,0.15642,0.15677,0.15445,0.15563,583279.0
2026-05-22 23:00:00+00:00,0.15563,0.15717,0.15532,0.15676,438963.0
2026-05-23 00:00:00+00:00,0.15676,0.15764,0.15614,0.15739,673513.0
2026-05-23 01:00:00+00:00,0.15739,0.15827,0.15692,0.15779,357893.0
2026-05-23 02:00:00+00:00,0.15779,0.15908,0.1569,0.15747,689877.0
2026-05-23 03:00:00+00:00,0.15747,0.15827,0.157,0.15718,385860.0
2026-05-23 04:00:00+00:00,0.15718,0.15719,0.15594,0.15672,373562.0
2026-05-23 05:00:00+00:00,0.15672,0.15695,0.15488,0.15617,416274.0
2026-05-23 06:00:00+00:00,0.15617,0.15703,0.15543,0.15546,226972.0
2026-05-23 07:00:00+00:00,0.15546,0.15598,0.15455,0.15516,808243.0
2026-05-23 08:00:00+00:00,0.15516,0.15531,0.15416,0.15476,295231.0
2026-05-23 09:00:00+00:00,0.15476,0.15539,0.15454,0.15495,148853.0
2026-05-23 10:00:00+00:00,0.15495,0.15597,0.15462,0.15542,282346.0
2026-05-23 11:00:00+00:00,0.15542,0.15688,0.155,0.1565,521147.0
2026-05-23 12:00:00+00:00,0.1565,0.15738,0.15501,0.15585,1262370.0
2026-05-23 13:00:00+00:00,0.15585,0.15804,0.15585,0.15789,1051920.0
2026-05-23 14:00:00+00:00,0.15789,0.15872,0.15707,0.15862,693594.0
2026-05-23 15:00:00+00:00,0.15862,0.15954,0.15858,0.15901,562785.0
2026-05-23 16:00:00+00:00,0.15901,0.15924,0.15721,0.15728,662997.0
2026-05-23 17:00:00+00:00,0.15728,0.15972,0.15728,0.15923,717574.0
2026-05-23 18:00:00+00:00,0.15923,0.16047,0.15852,0.15975,728245.0
2026-05-23 19:00:00+00:00,0.15975,0.16,0.15839,0.15977,368099.0
2026-05-23 20:00:00+00:00,0.15977,0.15983,0.15861,0.15968,496555.0
2026-05-23 21:00:00+00:00,0.15968,0.16135,0.15938,0.15967,729499.0
2026-05-23 22:00:00+00:00,0.15967,0.1603,0.15709,0.16022,1153779.0
2026-05-23 23:00:00+00:00,0.16022,0.16169,0.16016,0.16135,403009.0
2026-05-24 00:00:00+00:00,0.16135,0.1629,0.16135,0.16246,344649.0
2026-05-24 01:00:00+00:00,0.16246,0.16258,0.16088,0.16137,525075.0
2026-05-24 02:00:00+00:00,0.16137,0.16278,0.1613,0.1625,327301.0
2026-05-24 03:00:00+00:00,0.1625,0.16304,0.16223,0.16304,242785.0
2026-05-24 04:00:00+00:00,0.16304,0.16481,0.1629,0.16386,684928.0
2026-05-24 05:00:00+00:00,0.16386,0.16386,0.16245,0.16327,322280.0
2026-05-24 06:00:00+00:00,0.16327,0.16411,0.16253,0.16279,549375.0
2026-05-24 07:00:00+00:00,0.16279,0.16522,0.16279,0.1647,2463620.0
2026-05-24 08:00:00+00:00,0.1647,0.16518,0.16242,0.16386,862158.0
2026-05-24 09:00:00+00:00,0.16386,0.16555,0.16295,0.165,724012.0
2026-05-24 10:00:00+00:00,0.165,0.16518,0.16398,0.16451,455221.0
2026-05-24 11:00:00+00:00,0.16451,0.16602,0.1644,0.16545,518403.0
2026-05-24 12:00:00+00:00,0.16545,0.16626,0.1648,0.16609,537497.0
2026-05-24 13:00:00+00:00,0.16609,0.1663,0.16228,0.16349,1144431.0
2026-05-24 14:00:00+00:00,0.16349,0.16621,0.16346,0.166,915700.0
2026-05-24 15:00:00+00:00,0.166,0.16693,0.16542,0.16678,646030.0
2026-05-24 16:00:00+00:00,0.16678,0.16748,0.16555,0.16602,1112768.0
2026-05-24 17:00:00+00:00,0.16602,0.16602,0.16346,0.1649,884297.0
2026-05-24 18:00:00+00:00,0.1649,0.1668,0.16426,0.16622,514140.0
2026-05-24 19:00:00+00:00,0.16622,0.16638,0.16402,0.16519,684557.0
2026-05-24 20:00:00+00:00,0.16519,0.16592,0.16428,0.16566,859148.0
2026-05-24 21:00:00+00:00,0.16566,0.16689,0.16462,0.16489,1285617.0
2026-05-24 22:00:00+00:00,0.16489,0.16616,0.16489,0.16534,756287.0
2026-05-24 23:00:00+00:00,0.16534,0.16653,0.16534,0.16647,289116.0
2026-05-25 00:00:00+00:00,0.16647,0.16684,0.16514,0.16543,198618.0
2026-05-25 01:00:00+00:00,0.16543,0.16628,0.16506,0.16528,319190.0
2026-05-25 02:00:00+00:00,0.16528,0.16558,0.16434,0.1644,269066.0
2026-05-25 03:00:00+00:00,0.1644,0.16552,0.16432,0.16548,251735.0
2026-05-25 04:00:00+00:00,0.16548,0.16638,0.16513,0.16623,141028.0
2026-05-25 05:00:00+00:00,0.16623,0.1664,0.16537,0.16583,175660.0
2026-05-25 06:00:00+00:00,0.16583,0.16706,0.165,0.16556,575312.0
2026-05-25 07:00:00+00:00,0.16556,0.16557,0.16428,0.16509,719448.0
2026-05-25 08:00:00+00:00,0.16509,0.16527,0.1644,0.16517,233995.0
2026-05-25 09:00:00+00:00,0.16517,0.16724,0.16472,0.16644,780387.0
2026-05-25 10:00:00+00:00,0.16644,0.16801,0.16549,0.1668,981746.0
2026-05-25 11:00:00+00:00,0.1668,0.1671,0.16621,0.16631,273380.0
2026-05-25 12:00:00+00:00,0.16631,0.16682,0.16528,0.16625,1347323.0
2026-05-25 13:00:00+00:00,0.16625,0.16716,0.16623,0.16701,282378.0
2026-05-25 14:00:00+00:00,0.16701,0.16722,0.16625,0.16689,333041.0
2026-05-25 15:00:00+00:00,0.16689,0.16794,0.16663,0.16767,560290.0
2026-05-25 16:00:00+00:00,0.16767,0.16775,0.16715,0.1672,179531.0
2026-05-25 17:00:00+00:00,0.1672,0.16753,0.16567,0.1662,329094.0
2026-05-25 18:00:00+00:00,0.1662,0.16699,0.1651,0.16516,404005.0
2026-05-25 19:00:00+00:00,0.16516,0.16527,0.16489,0.16509,488319.0
2026-05-25 20:00:00+00:00,0.16509,0.16591,0.16492,0.16555,358652.0
2026-05-25 21:00:00+00:00,0.16555,0.16727,0.16531,0.16712,535740.0
2026-05-25 22:00:00+00:00,0.16712,0.1674,0.16583,0.1661,466230.0
2026-05-25 23:00:00+00:00,0.1661,0.16658,0.16597,0.16629,233877.0
2026-05-26 00:00:00+00:00,0.16629,0.16701,0.16506,0.16606,1108075.0
2026-05-26 01:00:00+00:00,0.16606,0.16674,0.16515,0.16582,1195400.0
2026-05-26 02:00:00+00:00,0.16582,0.16582,0.16438,0.1648,477193.0
2026-05-26 03:00:00+00:00,0.1648,0.16509,0.16371,0.16483,406621.0
2026-05-26 04:00:00+00:00,0.16483,0.16513,0.16435,0.16475,365765.0
2026-05-26 05:00:00+00:00,0.16475,0.16486,0.16298,0.16326,701219.0
2026-05-26 06:00:00+00:00,0.16326,0.16379,0.16296,0.16325,445896.0
2026-05-26 07:00:00+00:00,0.16325,0.16399,0.1625,0.16322,870315.0
2026-05-26 08:00:00+00:00,0.16322,0.16339,0.16245,0.16267,196989.0
2026-05-26 09:00:00+00:00,0.16267,0.16268,0.16117,0.16122,445582.0
2026-05-26 10:00:00+00:00,0.16122,0.16174,0.16024,0.16154,902491.0
2026-05-26 11:00:00+00:00,0.16154,0.16244,0.16098,0.16207,446538.0
2026-05-26 12:00:00+00:00,0.16207,0.16309,0.16202,0.16299,487591.0
2026-05-26 13:00:00+00:00,0.16299,0.16359,0.16265,0.16282,345158.0
2026-05-26 14:00:00+00:00,0.16282,0.16332,0.16163,0.16163,770625.0
2026-05-26 15:00:00+00:00,0.16163,0.16163,0.1587,0.16007,1412894.0
2026-05-26 16:00:00+00:00,0.16007,0.16019,0.1573,0.15798,2190572.0
2026-05-26 17:00:00+00:00,0.15798,0.15811,0.15649,0.15687,2429731.0
2026-05-26 18:00:00+00:00,0.15687,0.15735,0.15603,0.157,531709.0
2026-05-26 19:00:00+00:00,0.157,0.15727,0.15631,0.15698,395628.0
2026-05-26 20:00:00+00:00,0.15698,0.15759,0.15589,0.15697,1173708.0
2026-05-26 21:00:00+00:00,0.15697,0.15733,0.15639,0.15648,855230.0
2026-05-26 22:00:00+00:00,0.15648,0.15729,0.15635,0.15696,404049.0
2026-05-26 23:00:00+00:00,0.15696,0.15735,0.1568,0.15706,188554.0
2026-05-27 00:00:00+00:00,0.15706,0.1575,0.15673,0.15709,358495.0
2026-05-27 01:00:00+00:00,0.15709,0.15731,0.15679,0.1569,298963.0
2026-05-27 02:00:00+00:00,0.1569,0.15714,0.15676,0.15701,142200.0
2026-05-27 03:00:00+00:00,0.15701,0.15729,0.15673,0.15716,334198.0
2026-05-27 04:00:00+00:00,0.15716,0.15719,0.15641,0.15704,716061.0
2026-05-27 05:00:00+00:00,0.15704,0.15841,0.15698,0.15823,186407.0
2026-05-27 06:00:00+00:00,0.15823,0.15921,0.15775,0.15916,427063.0
2026-05-27 07:00:00+00:00,0.15916,0.15924,0.15844,0.1592,283687.0
2026-05-27 08:00:00+00:00,0.1592,0.15926,0.15833,0.15862,195625.0
2026-05-27 09:00:00+00:00,0.15862,0.15916,0.15812,0.15893,187947.0
2026-05-27 10:00:00+00:00,0.15893,0.16001,0.15878,0.1599,257024.0
2026-05-27 11:00:00+00:00,0.1599,0.16,0.15897,0.15904,381467.0
2026-05-27 12:00:00+00:00,0.15904,0.15968,0.15702,0.15715,575045.0
2026-05-27 13:00:00+00:00,0.15715,0.1577,0.15701,0.15703,410609.0
2026-05-27 14:00:00+00:00,0.15703,0.16106,0.15703,0.15988,3883585.0
2026-05-27 15:00:00+00:00,0.15988,0.16024,0.15851,0.15873,702330.0
2026-05-27 16:00:00+00:00,0.15873,0.1597,0.15865,0.15931,476433.0
2026-05-27 17:00:00+00:00,0.15931,0.15943,0.15782,0.15806,577749.0
2026-05-27 18:00:00+00:00,0.15806,0.15832,0.15743,0.15759,211504.0
2026-05-27 19:00:00+00:00,0.15759,0.1576,0.15575,0.15594,392762.0
2026-05-27 20:00:00+00:00,0.15594,0.15697,0.15579,0.15688,321938.0
2026-05-27 21:00:00+00:00,0.15688,0.15696,0.15545,0.15578,299945.0
2026-05-27 22:00:00+00:00,0.15578,0.1567,0.15568,0.1565,452030.0
2026-05-27 23:00:00+00:00,0.1565,0.1565,0.15556,0.15614,400899.0
2026-05-28 00:00:00+00:00,0.15614,0.15652,0.15561,0.15613,341506.0
2026-05-28 01:00:00+00:00,0.15613,0.1566,0.15557,0.15593,498782.0
2026-05-28 02:00:00+00:00,0.15593,0.15636,0.15581,0.15602,93976.0
2026-05-28 03:00:00+00:00,0.15602,0.15603,0.15405,0.15414,672435.0
2026-05-28 04:00:00+00:00,0.15414,0.15467,0.15324,0.15356,837064.0
2026-05-28 05:00:00+00:00,0.15356,0.15396,0.15286,0.15358,397359.0
2026-05-28 06:00:00+00:00,0.15358,0.15418,0.15279,0.15404,657743.0
2026-05-28 07:00:00+00:00,0.15404,0.15509,0.15388,0.15441,541313.0
2026-05-28 08:00:00+00:00,0.15441,0.15454,0.15386,0.15421,114350.0
2026-05-28 09:00:00+00:00,0.15421,0.15574,0.15382,0.15574,261931.0
2026-05-28 10:00:00+00:00,0.15574,0.15586,0.1545,0.15489,400204.0
2026-05-28 11:00:00+00:00,0.15489,0.15497,0.15416,0.15452,124795.0
2026-05-28 12:00:00+00:00,0.15452,0.15617,0.15447,0.15582,399990.0
2026-05-28 13:00:00+00:00,0.15582,0.15605,0.15285,0.15304,912170.0
2026-05-28 14:00:00+00:00,0.15304,0.15471,0.15271,0.15443,544435.0
2026-05-28 15:00:00+00:00,0.15443,0.15463,0.15339,0.15395,202662.0
2026-05-28 16:00:00+00:00,0.15395,0.15422,0.15311,0.15402,1739120.0
2026-05-28 17:00:00+00:00,0.15402,0.15439,0.15357,0.15413,427590.0
2026-05-28 18:00:00+00:00,0.15413,0.15597,0.15398,0.15536,549185.0
2026-05-28 19:00:00+00:00,0.15536,0.15536,0.15388,0.15389,296572.0
2026-05-28 20:00:00+00:00,0.15389,0.15412,0.15342,0.15342,269797.0
2026-05-28 21:00:00+00:00,0.15342,0.1544,0.15339,0.15376,287145.0
2026-05-28 22:00:00+00:00,0.15376,0.15476,0.15311,0.15436,403086.0
2026-05-28 23:00:00+00:00,0.15436,0.15542,0.15431,0.15482,399402.0
2026-05-29 00:00:00+00:00,0.15482,0.15545,0.15453,0.15487,620012.0
2026-05-29 01:00:00+00:00,0.15487,0.15502,0.15383,0.15406,114664.0
2026-05-29 02:00:00+00:00,0.15406,0.15529,0.15405,0.15512,597153.0
2026-05-29 03:00:00+00:00,0.15512,0.15528,0.15392,0.15406,287081.0
2026-05-29 04:00:00+00:00,0.15406,0.15549,0.15406,0.15549,196404.0
2026-05-29 05:00:00+00:00,0.15549,0.15627,0.15547,0.15598,316257.0
2026-05-29 06:00:00+00:00,0.15598,0.15847,0.15593,0.15824,733612.0
2026-05-29 07:00:00+00:00,0.15824,0.15897,0.15705,0.1584,1163146.0
2026-05-29 08:00:00+00:00,0.1584,0.15897,0.15701,0.15764,385953.0
2026-05-29 09:00:00+00:00,0.15764,0.15822,0.15652,0.15659,504953.0
2026-05-29 10:00:00+00:00,0.15659,0.15728,0.15638,0.157,370201.0
2026-05-29 11:00:00+00:00,0.157,0.15793,0.15621,0.15736,742846.0
2026-05-29 12:00:00+00:00,0.15736,0.15737,0.15643,0.15655,725060.0
2026-05-29 13:00:00+00:00,0.15655,0.15722,0.15579,0.15707,405383.0
2026-05-29 14:00:00+00:00,0.15707,0.15707,0.15298,0.15459,5893352.0
2026-05-29 15:00:00+00:00,0.15459,0.15805,0.15453,0.15706,4095604.0
2026-05-29 16:00:00+00:00,0.15706,0.15719,0.15453,0.15476,594312.0
2026-05-29 17:00:00+00:00,0.15476,0.15517,0.1545,0.15462,451323.0
2026-05-29 18:00:00+00:00,0.15462,0.15539,0.15391,0.15402,227042.0
2026-05-29 19:00:00+00:00,0.15402,0.15451,0.15385,0.15403,261825.0
2026-05-29 20:00:00+00:00,0.15403,0.15494,0.15402,0.15441,380275.0
2026-05-29 21:00:00+00:00,0.15441,0.15494,0.15385,0.15387,308527.0
2026-05-29 22:00:00+00:00,0.15387,0.1546,0.15376,0.15409,252092.0
2026-05-29 23:00:00+00:00,0.15409,0.15485,0.15383,0.15469,160181.0
2026-05-30 00:00:00+00:00,0.15469,0.15624,0.15407,0.15621,2679151.0
2026-05-30 01:00:00+00:00,0.15621,0.15794,0.15603,0.15767,1107254.0
2026-05-30 02:00:00+00:00,0.15767,0.15828,0.15689,0.15764,693042.0
2026-05-30 03:00:00+00:00,0.15764,0.15874,0.15684,0.15695,906377.0
2026-05-30 04:00:00+00:00,0.15695,0.15716,0.15586,0.15628,631849.0
2026-05-30 05:00:00+00:00,0.15628,0.1571,0.1561,0.15638,785242.0
2026-05-30 06:00:00+00:00,0.15638,0.15656,0.15518,0.15524,397386.0
2026-05-30 07:00:00+00:00,0.15524,0.15527,0.15402,0.15504,391040.0
2026-05-30 08:00:00+00:00,0.15504,0.1551,0.15425,0.15465,336455.0
2026-05-30 09:00:00+00:00,0.15465,0.15503,0.15451,0.15502,437818.0
2026-05-30 10:00:00+00:00,0.15502,0.15502,0.15413,0.15455,318317.0
2026-05-30 11:00:00+00:00,0.15455,0.15491,0.15419,0.15491,187000.0
2026-05-30 12:00:00+00:00,0.15491,0.155,0.15408,0.155,409251.0
2026-05-30 13:00:00+00:00,0.155,0.15513,0.1542,0.15493,268738.0
2026-05-30 14:00:00+00:00,0.15493,0.15508,0.15429,0.15442,299391.0
2026-05-30 15:00:00+00:00,0.15442,0.15503,0.15422,0.15452,154352.0
2026-05-30 16:00:00+00:00,0.15452,0.15516,0.15432,0.15481,239098.0
2026-05-30 17:00:00+00:00,0.15481,0.15505,0.1544,0.15485,161886.0
2026-05-30 18:00:00+00:00,0.15485,0.15514,0.15441,0.15451,124341.0
2026-05-30 19:00:00+00:00,0.15451,0.15461,0.15423,0.15423,58276.0
2026-05-30 20:00:00+00:00,0.15423,0.15447,0.15371,0.1539,458599.0
2026-05-30 21:00:00+00:00,0.1539,0.15391,0.15348,0.15382,271570.0
2026-05-30 22:00:00+00:00,0.15382,0.15415,0.15324,0.15367,444730.0
2026-05-30 23:00:00+00:00,0.15367,0.15368,0.15295,0.15357,226181.0
2026-05-31 00:00:00+00:00,0.15357,0.15417,0.15321,0.1539,154343.0
2026-05-31 01:00:00+00:00,0.1539,0.15456,0.15369,0.15451,92382.0
2026-05-31 02:00:00+00:00,0.15451,0.1548,0.15431,0.15445,118436.0
2026-05-31 03:00:00+00:00,0.15445,0.15453,0.15382,0.15431,250725.0
2026-05-31 04:00:00+00:00,0.15431,0.15565,0.15413,0.15477,265003.0
2026-05-31 05:00:00+00:00,0.15477,0.15508,0.15476,0.1549,106112.0
2026-05-31 06:00:00+00:00,0.1549,0.15495,0.15388,0.15438,421132.0
2026-05-31 07:00:00+00:00,0.15438,0.15463,0.15386,0.15389,125902.0
2026-05-31 08:00:00+00:00,0.15389,0.1545,0.15367,0.15375,488178.0
2026-05-31 09:00:00+00:00,0.15375,0.15469,0.15334,0.15451,190387.0
2026-05-31 10:00:00+00:00,0.15451,0.15484,0.15445,0.15476,172936.0
2026-05-31 11:00:00+00:00,0.15476,0.15516,0.15449,0.15492,252813.0
2026-05-31 12:00:00+00:00,0.15492,0.15497,0.15425,0.1544,279668.0
2026-05-31 13:00:00+00:00,0.1544,0.15499,0.15436,0.15461,322378.0
2026-05-31 14:00:00+00:00,0.15461,0.15495,0.15408,0.15444,332169.0
2026-05-31 15:00:00+00:00,0.15444,0.15539,0.15444,0.15463,119066.0
2026-05-31 16:00:00+00:00,0.15463,0.15504,0.15278,0.15331,391736.0
2026-05-31 17:00:00+00:00,0.15331,0.15397,0.15324,0.15376,170849.0
2026-05-31 18:00:00+00:00,0.15376,0.15376,0.1525,0.15294,329516.0
2026-05-31 19:00:00+00:00,0.15294,0.15343,0.15252,0.15328,211515.0
2026-05-31 20:00:00+00:00,0.15328,0.1561,0.1532,0.15605,784617.0
2026-05-31 21:00:00+00:00,0.15605,0.15623,0.1553,0.15558,317347.0
2026-05-31 22:00:00+00:00,0.15558,0.1565,0.1554,0.1554,178631.0
2026-05-31 23:00:00+00:00,0.1554,0.156,0.15499,0.156,313827.0
2026-06-01 00:00:00+00:00,0.156,0.15662,0.15541,0.15567,418985.0
2026-06-01 01:00:00+00:00,0.15567,0.15618,0.1553,0.1553,434409.0
2026-06-01 02:00:00+00:00,0.1553,0.15618,0.15521,0.15586,107177.0
2026-06-01 03:00:00+00:00,0.15586,0.15624,0.15563,0.15568,220946.0
2026-06-01 04:00:00+00:00,0.15568,0.15573,0.15392,0.15415,203097.0
2026-06-01 05:00:00+00:00,0.15415,0.15514,0.15415,0.15446,317418.0
2026-06-01 06:00:00+00:00,0.15446,0.15472,0.15396,0.15427,243132.0
2026-06-01 07:00:00+00:00,0.15427,0.15462,0.1538,0.15411,121631.0
2026-06-01 08:00:00+00:00,0.15411,0.15449,0.15383,0.15405,259017.0
2026-06-01 09:00:00+00:00,0.15405,0.15465,0.15347,0.15365,485107.0
2026-06-01 10:00:00+00:00,0.15365,0.15429,0.15341,0.15413,307276.0
2026-06-01 11:00:00+00:00,0.15413,0.15471,0.15393,0.15407,273148.0
2026-06-01 12:00:00+00:00,0.15407,0.15432,0.153,0.15405,743520.0
2026-06-01 13:00:00+00:00,0.15405,0.15476,0.15348,0.15455,655507.0
2026-06-01 14:00:00+00:00,0.15455,0.15522,0.15447,0.15458,469842.0
2026-06-01 15:00:00+00:00,0.15458,0.15612,0.15433,0.156,717342.0
2026-06-01 16:00:00+00:00,0.156,0.15636,0.154,0.15597,703451.0
2026-06-01 17:00:00+00:00,0.15597,0.15645,0.15564,0.15614,240879.0
2026-06-01 18:00:00+00:00,0.15614,0.1563,0.1548,0.1548,391906.0
2026-06-01 19:00:00+00:00,0.1548,0.15485,0.15342,0.15342,983840.0
2026-06-01 20:00:00+00:00,0.15342,0.15472,0.15342,0.15349,424009.0
2026-06-01 21:00:00+00:00,0.15349,0.15372,0.15278,0.15346,229323.0
2026-06-01 22:00:00+00:00,0.15346,0.1535,0.15289,0.15336,88666.0
2026-06-01 23:00:00+00:00,0.15336,0.15421,0.15314,0.15395,92463.0
2026-06-02 00:00:00+00:00,0.15395,0.15431,0.15322,0.15364,890849.0
2026-06-02 01:00:00+00:00,0.15364,0.15392,0.1533,0.1536,296877.0
2026-06-02 02:00:00+00:00,0.1536,0.15367,0.15109,0.15366,1505376.0
2026-06-02 03:00:00+00:00,0.15366,0.15494,0.15363,0.15405,914096.0
2026-06-02 04:00:00+00:00,0.15405,0.1556,0.154,0.15435,1126390.0
2026-06-02 05:00:00+00:00,0.15435,0.15511,0.15365,0.15433,471826.0
2026-06-02 06:00:00+00:00,0.15433,0.15592,0.15432,0.15562,397144.0
2026-06-02 07:00:00+00:00,0.15562,0.15653,0.15469,0.1547,492788.0
2026-06-02 08:00:00+00:00,0.1547,0.15562,0.15469,0.15506,101582.0
2026-06-02 09:00:00+00:00,0.15506,0.15506,0.15378,0.1539,239270.0
2026-06-02 10:00:00+00:00,0.1539,0.15453,0.1535,0.15438,109791.0
2026-06-02 11:00:00+00:00,0.15438,0.15467,0.15379,0.15385,88185.0
2026-06-02 12:00:00+00:00,0.15385,0.15539,0.15362,0.15536,231409.0
2026-06-02 13:00:00+00:00,0.15536,0.15588,0.15452,0.15484,353748.0
2026-06-02 14:00:00+00:00,0.15484,0.15484,0.15021,0.15057,6335875.0
2026-06-02 15:00:00+00:00,0.15057,0.15224,0.14723,0.15164,5849405.0
2026-06-02 16:00:00+00:00,0.15164,0.15466,0.15039,0.15304,3612126.0
2026-06-02 17:00:00+00:00,0.15304,0.1533,0.15046,0.15165,2454871.0
2026-06-02 18:00:00+00:00,0.15165,0.15199,0.14934,0.15017,1007765.0
2026-06-02 19:00:00+00:00,0.15017,0.15145,0.14869,0.15071,970717.0
2026-06-02 20:00:00+00:00,0.15071,0.15256,0.14996,0.15065,2152998.0
2026-06-02 21:00:00+00:00,0.15065,0.15092,0.14933,0.14984,665287.0
2026-06-02 22:00:00+00:00,0.14984,0.15082,0.14953,0.15013,452507.0
2026-06-02 23:00:00+00:00,0.15013,0.15013,0.14924,0.14971,428822.0
2026-06-03 00:00:00+00:00,0.14971,0.15076,0.14957,0.15074,518869.0
2026-06-03 01:00:00+00:00,0.15074,0.15074,0.14917,0.14962,425444.0
2026-06-03 02:00:00+00:00,0.14962,0.14973,0.14887,0.14924,264082.0
2026-06-03 03:00:00+00:00,0.14924,0.14924,0.14802,0.14813,530438.0
2026-06-03 04:00:00+00:00,0.14813,0.14813,0.14598,0.14688,1927149.0
2026-06-03 05:00:00+00:00,0.14688,0.14952,0.14688,0.14947,733089.0
2026-06-03 06:00:00+00:00,0.14947,0.15125,0.1494,0.15047,819194.0
2026-06-03 07:00:00+00:00,0.15047,0.15148,0.15019,0.15073,486408.0
2026-06-03 08:00:00+00:00,0.15073,0.151,0.15051,0.15067,597808.0
2026-06-03 09:00:00+00:00,0.15067,0.15276,0.15037,0.15109,3101939.0
2026-06-03 10:00:00+00:00,0.15109,0.15296,0.15097,0.15154,7553556.0
2026-06-03 11:00:00+00:00,0.15154,0.15278,0.15133,0.15255,888071.0
2026-06-03 12:00:00+00:00,0.15255,0.15325,0.15175,0.15282,1019209.0
2026-06-03 13:00:00+00:00,0.15282,0.15459,0.15248,0.1539,778691.0
2026-06-03 14:00:00+00:00,0.1539,0.15589,0.15387,0.15528,2318518.0
2026-06-03 15:00:00+00:00,0.15528,0.15576,0.15402,0.1547,1193855.0
2026-06-03 16:00:00+00:00,0.1547,0.15536,0.15347,0.15437,3394394.0
2026-06-03 17:00:00+00:00,0.15437,0.1553,0.15405,0.15486,763659.0
2026-06-03 18:00:00+00:00,0.15486,0.15571,0.15395,0.15492,880639.0
2026-06-03 19:00:00+00:00,0.15492,0.15551,0.15425,0.15436,527430.0
2026-06-03 20:00:00+00:00,0.15436,0.15568,0.15404,0.15444,801846.0
2026-06-03 21:00:00+00:00,0.15444,0.15597,0.15428,0.15577,962941.0
2026-06-03 22:00:00+00:00,0.15577,0.15583,0.1537,0.15379,773269.0
2026-06-03 23:00:00+00:00,0.15379,0.15584,0.1525,0.15257,2058800.0
2026-06-04 00:00:00+00:00,0.15257,0.1544,0.1521,0.15228,2541341.0
2026-06-04 01:00:00+00:00,0.15228,0.15298,0.15035,0.15071,1699309.0
2026-06-04 02:00:00+00:00,0.15071,0.15295,0.14996,0.15143,1897800.0
2026-06-04 03:00:00+00:00,0.15143,0.15345,0.15141,0.15327,1409820.0
2026-06-04 04:00:00+00:00,0.15327,0.15375,0.15266,0.15305,1022950.0
2026-06-04 05:00:00+00:00,0.15305,0.15336,0.1519,0.15296,1342797.0
2026-06-04 06:00:00+00:00,0.15296,0.15647,0.15287,0.15418,2335430.0
2026-06-04 07:00:00+00:00,0.15418,0.1557,0.15258,0.15521,1137704.0
2026-06-04 08:00:00+00:00,0.15521,0.15584,0.15379,0.15478,1696036.0
2026-06-04 09:00:00+00:00,0.15478,0.15478,0.15133,0.15244,1554519.0
2026-06-04 10:00:00+00:00,0.15244,0.15267,0.1505,0.15059,1017405.0
2026-06-04 11:00:00+00:00,0.15059,0.15132,0.14975,0.15019,1247569.0
2026-06-04 12:00:00+00:00,0.15019,0.15068,0.14922,0.14992,1737726.0
2026-06-04 13:00:00+00:00,0.14992,0.15231,0.14894,0.15083,2378043.0
2026-06-04 14:00:00+00:00,0.15083,0.15107,0.14922,0.14982,1088865.0
2026-06-04 15:00:00+00:00,0.14982,0.15099,0.14923,0.14972,906892.0
2026-06-04 16:00:00+00:00,0.14972,0.15105,0.1496,0.15049,849373.0
2026-06-04 17:00:00+00:00,0.15049,0.15054,0.1491,0.14972,1414564.0
2026-06-04 18:00:00+00:00,0.14972,0.1507,0.14925,0.1504,756596.0
2026-06-04 19:00:00+00:00,0.1504,0.15125,0.14962,0.14984,916154.0
2026-06-04 20:00:00+00:00,0.14984,0.1505,0.14948,0.14998,508811.0
2026-06-04 21:00:00+00:00,0.14998,0.15078,0.14909,0.14953,1174747.0
2026-06-04 22:00:00+00:00,0.14953,0.15012,0.14896,0.1496,1274889.0
2026-06-04 23:00:00+00:00,0.1496,0.15034,0.14555,0.14714,5189645.0
2026-06-05 00:00:00+00:00,0.14714,0.1481,0.14317,0.14725,5551729.0
2026-06-05 01:00:00+00:00,0.14725,0.14831,0.14538,0.1483,1461710.0
2026-06-05 02:00:00+00:00,0.1483,0.14938,0.14627,0.14663,770729.0
2026-06-05 03:00:00+00:00,0.14663,0.14907,0.1455,0.14838,826837.0
2026-06-05 04:00:00+00:00,0.14838,0.14891,0.14729,0.14852,303734.0
2026-06-05 05:00:00+00:00,0.14852,0.14897,0.14714,0.14737,482671.0
2026-06-05 06:00:00+00:00,0.14737,0.14807,0.1454,0.14679,1895532.0
2026-06-05 07:00:00+00:00,0.14679,0.14736,0.14522,0.14683,1149566.0
2026-06-05 08:00:00+00:00,0.14683,0.14721,0.14441,0.14476,1279762.0
2026-06-05 09:00:00+00:00,0.14476,0.14539,0.14366,0.14521,1017911.0
2026-06-05 10:00:00+00:00,0.14521,0.14753,0.14506,0.14649,1427487.0
2026-06-05 11:00:00+00:00,0.14649,0.14722,0.14433,0.14503,1549986.0
2026-06-05 12:00:00+00:00,0.14503,0.14616,0.14389,0.14558,1292251.0
2026-06-05 13:00:00+00:00,0.14558,0.14816,0.1455,0.14585,1128614.0
2026-06-05 14:00:00+00:00,0.14585,0.14687,0.14411,0.14604,2903629.0
2026-06-05 15:00:00+00:00,0.14604,0.14639,0.13877,0.14227,9783166.0
2026-06-05 16:00:00+00:00,0.14227,0.14348,0.14133,0.14326,1757162.0
2026-06-05 17:00:00+00:00,0.14326,0.14382,0.14145,0.14242,552069.0
2026-06-05 18:00:00+00:00,0.14242,0.14253,0.14008,0.14064,1097894.0
2026-06-05 19:00:00+00:00,0.14064,0.14447,0.13896,0.14372,2384790.0
2026-06-05 20:00:00+00:00,0.14372,0.14553,0.1429,0.14539,490025.0
2026-06-05 21:00:00+00:00,0.14539,0.14873,0.14523,0.14823,759964.0
2026-06-05 22:00:00+00:00,0.14823,0.14951,0.14769,0.14881,1231326.0
2026-06-05 23:00:00+00:00,0.14881,0.1495,0.1477,0.1494,467856.0
2026-06-06 00:00:00+00:00,0.1494,0.15118,0.14888,0.15054,1236058.0
2026-06-06 01:00:00+00:00,0.15054,0.15092,0.14861,0.14976,735064.0
2026-06-06 02:00:00+00:00,0.14976,0.15011,0.14884,0.14949,378231.0
2026-06-06 03:00:00+00:00,0.14949,0.14984,0.1486,0.14983,347061.0
2026-06-06 04:00:00+00:00,0.14983,0.14994,0.14582,0.14704,888364.0
2026-06-06 05:00:00+00:00,0.14704,0.14948,0.14626,0.14938,480730.0
2026-06-06 06:00:00+00:00,0.14938,0.15041,0.14915,0.14967,413957.0
2026-06-06 07:00:00+00:00,0.14967,0.15087,0.14953,0.15025,364865.0
2026-06-06 08:00:00+00:00,0.15025,0.15299,0.15025,0.15229,1048100.0
2026-06-06 09:00:00+00:00,0.15229,0.15454,0.15187,0.15259,1658066.0
2026-06-06 10:00:00+00:00,0.15259,0.15391,0.15222,0.15391,794174.0
2026-06-06 11:00:00+00:00,0.15391,0.15474,0.15315,0.15419,946548.0
2026-06-06 12:00:00+00:00,0.15419,0.15491,0.15123,0.15249,1436218.0
2026-06-06 13:00:00+00:00,0.15249,0.15473,0.15243,0.15473,441850.0
2026-06-06 14:00:00+00:00,0.15473,0.15704,0.15471,0.15626,1001493.0
2026-06-06 15:00:00+00:00,0.15626,0.15699,0.15371,0.15647,1795978.0
2026-06-06 16:00:00+00:00,0.15647,0.15831,0.15599,0.1578,1129177.0
2026-06-06 17:00:00+00:00,0.1578,0.15871,0.15601,0.15657,659771.0
2026-06-06 18:00:00+00:00,0.15657,0.15813,0.15637,0.1578,294165.0
2026-06-06 19:00:00+00:00,0.1578,0.15966,0.15776,0.15955,624818.0
2026-06-06 20:00:00+00:00,0.15955,0.16221,0.15898,0.16221,3691452.0
2026-06-06 21:00:00+00:00,0.16221,0.16904,0.16215,0.16528,5192928.0
2026-06-06 22:00:00+00:00,0.16528,0.16952,0.15885,0.16076,3688251.0
2026-06-06 23:00:00+00:00,0.16076,0.16441,0.16034,0.16197,1411253.0
2026-06-07 00:00:00+00:00,0.16197,0.16531,0.16195,0.16524,1597277.0
2026-06-07 01:00:00+00:00,0.16524,0.16653,0.16295,0.16375,1174061.0
2026-06-07 02:00:00+00:00,0.16375,0.16611,0.16355,0.16518,1159224.0
2026-06-07 03:00:00+00:00,0.16518,0.16653,0.16468,0.16525,417292.0
2026-06-07 04:00:00+00:00,0.16525,0.16639,0.16459,0.166,575055.0
2026-06-07 05:00:00+00:00,0.166,0.16673,0.16382,0.16507,1418698.0
2026-06-07 06:00:00+00:00,0.16507,0.16552,0.16178,0.16441,1894002.0
2026-06-07 07:00:00+00:00,0.16441,0.16533,0.16389,0.16476,644991.0
2026-06-07 08:00:00+00:00,0.16476,0.16559,0.16422,0.16526,807607.0
2026-06-07 09:00:00+00:00,0.16526,0.16655,0.16497,0.16562,484975.0
2026-06-07 10:00:00+00:00,0.16562,0.16909,0.16558,0.16889,2456393.0
2026-06-07 11:00:00+00:00,0.16889,0.17028,0.16872,0.16991,596344.0
2026-06-07 12:00:00+00:00,0.16991,0.1701,0.16749,0.16903,1601634.0
2026-06-07 13:00:00+00:00,0.16903,0.17016,0.16844,0.16852,452800.0
2026-06-07 14:00:00+00:00,0.16852,0.1697,0.16822,0.16915,464704.0
2026-06-07 15:00:00+00:00,0.16915,0.16967,0.16844,0.16917,463234.0
2026-06-07 16:00:00+00:00,0.16917,0.16917,0.16607,0.16629,1011094.0
2026-06-07 17:00:00+00:00,0.16629,0.1664,0.16478,0.16622,583748.0
2026-06-07 18:00:00+00:00,0.16622,0.1669,0.16078,0.16089,1684801.0
2026-06-07 19:00:00+00:00,0.16089,0.16167,0.15952,0.15996,1325906.0
2026-06-07 20:00:00+00:00,0.15996,0.16207,0.15963,0.1616,623118.0
2026-06-07 21:00:00+00:00,0.1616,0.16333,0.16153,0.16264,463923.0
2026-06-07 22:00:00+00:00,0.16264,0.16506,0.16191,0.16443,1071313.0
2026-06-07 23:00:00+00:00,0.16443,0.16496,0.1634,0.16405,330651.0
2026-06-08 00:00:00+00:00,0.16405,0.16499,0.16228,0.16453,764758.0
2026-06-08 01:00:00+00:00,0.16453,0.16497,0.16221,0.16334,394569.0
2026-06-08 02:00:00+00:00,0.16334,0.16463,0.16265,0.16454,313231.0
2026-06-08 03:00:00+00:00,0.16454,0.16514,0.16353,0.16494,649039.0
2026-06-08 04:00:00+00:00,0.16494,0.16511,0.16373,0.16448,3551320.0
2026-06-08 05:00:00+00:00,0.16448,0.16662,0.16371,0.16405,9154426.0
2026-06-08 06:00:00+00:00,0.16405,0.16489,0.163,0.16378,720065.0
2026-06-08 07:00:00+00:00,0.16378,0.16404,0.16139,0.16178,1384702.0
2026-06-08 08:00:00+00:00,0.16178,0.16199,0.15676,0.15694,5034829.0
2026-06-08 09:00:00+00:00,0.15694,0.15701,0.15381,0.15409,2339211.0
2026-06-08 10:00:00+00:00,0.15409,0.15582,0.1524,0.15547,1676764.0
2026-06-08 11:00:00+00:00,0.15547,0.157,0.15489,0.15663,549831.0
2026-06-08 12:00:00+00:00,0.15663,0.15828,0.15586,0.15801,709608.0
2026-06-08 13:00:00+00:00,0.15801,0.1601,0.15749,0.15841,1498960.0
2026-06-08 14:00:00+00:00,0.15841,0.15856,0.15551,0.15655,1438820.0
2026-06-08 15:00:00+00:00,0.15655,0.15749,0.15401,0.15422,1693340.0
2026-06-08 16:00:00+00:00,0.15422,0.15547,0.15342,0.15504,1307633.0
2026-06-08 17:00:00+00:00,0.15504,0.15724,0.15462,0.15668,1769183.0
2026-06-08 18:00:00+00:00,0.15668,0.15971,0.15668,0.15903,1020904.0
2026-06-08 19:00:00+00:00,0.15903,0.16124,0.1578,0.16057,612141.0
2026-06-08 20:00:00+00:00,0.16057,0.16193,0.15949,0.16149,833219.0
2026-06-08 21:00:00+00:00,0.16149,0.16643,0.16131,0.16425,891488.0
2026-06-08 22:00:00+00:00,0.16425,0.16437,0.16326,0.16399,396957.0
2026-06-08 23:00:00+00:00,0.16399,0.16437,0.15889,0.15994,1890332.0
2026-06-09 00:00:00+00:00,0.15994,0.15994,0.15786,0.15879,1052068.0
2026-06-09 01:00:00+00:00,0.15879,0.16557,0.15862,0.16269,3504411.0
2026-06-09 02:00:00+00:00,0.16269,0.16311,0.16167,0.16184,544907.0
2026-06-09 03:00:00+00:00,0.16184,0.16422,0.16134,0.16299,688124.0
2026-06-09 04:00:00+00:00,0.16299,0.16383,0.16173,0.1626,834153.0
2026-06-09 05:00:00+00:00,0.1626,0.16367,0.16245,0.16269,311806.0
2026-06-09 06:00:00+00:00,0.16269,0.1629,0.16074,0.16113,533452.0
2026-06-09 07:00:00+00:00,0.16113,0.16216,0.16061,0.16207,290267.0
2026-06-09 08:00:00+00:00,0.16207,0.16326,0.16164,0.16305,484633.0
2026-06-09 09:00:00+00:00,0.16305,0.16447,0.1625,0.16383,869936.0
2026-06-09 10:00:00+00:00,0.16383,0.16412,0.16279,0.16361,507882.0
2026-06-09 11:00:00+00:00,0.16361,0.16561,0.16321,0.16453,481400.0
2026-06-09 12:00:00+00:00,0.16453,0.1682,0.16373,0.16796,1417581.0
2026-06-09 13:00:00+00:00,0.16796,0.16816,0.16555,0.16667,1346378.0
2026-06-09 14:00:00+00:00,0.16667,0.17646,0.16409,0.16499,4162483.0
2026-06-09 15:00:00+00:00,0.16499,0.16523,0.16328,0.16378,631027.0
2026-06-09 16:00:00+00:00,0.16378,0.16398,0.16121,0.16353,1309170.0
2026-06-09 17:00:00+00:00,0.16353,0.16425,0.16296,0.16368,390145.0
2026-06-09 18:00:00+00:00,0.16368,0.16401,0.16302,0.16303,329926.0
2026-06-09 19:00:00+00:00,0.16303,0.1633,0.161,0.16196,625477.0
2026-06-09 20:00:00+00:00,0.16196,0.16343,0.16038,0.16319,1065961.0
2026-06-09 21:00:00+00:00,0.16319,0.16442,0.16269,0.1632,888897.0
2026-06-09 22:00:00+00:00,0.1632,0.16354,0.16166,0.1622,598608.0
2026-06-09 23:00:00+00:00,0.1622,0.16338,0.16098,0.16332,266350.0
2026-06-10 00:00:00+00:00,0.16332,0.16475,0.16301,0.16384,524435.0
2026-06-10 01:00:00+00:00,0.16384,0.16522,0.16323,0.16514,346876.0
2026-06-10 02:00:00+00:00,0.16514,0.16572,0.16395,0.16403,934351.0
2026-06-10 03:00:00+00:00,0.16403,0.16585,0.16345,0.16561,538815.0
2026-06-10 04:00:00+00:00,0.16561,0.16659,0.16419,0.16421,807527.0
2026-06-10 05:00:00+00:00,0.16421,0.16587,0.16421,0.16583,505402.0
2026-06-10 06:00:00+00:00,0.16583,0.16607,0.16459,0.16474,968730.0
2026-06-10 07:00:00+00:00,0.16474,0.16508,0.16296,0.16424,1161569.0
2026-06-10 08:00:00+00:00,0.16424,0.16424,0.16262,0.16346,1112316.0
2026-06-10 09:00:00+00:00,0.16346,0.16422,0.16302,0.16411,468730.0
2026-06-10 10:00:00+00:00,0.16411,0.16419,0.16261,0.16355,165214.0
2026-06-10 11:00:00+00:00,0.16355,0.1658,0.16242,0.16569,526846.0
2026-06-10 12:00:00+00:00,0.16569,0.16735,0.16535,0.16605,1166327.0
2026-06-10 13:00:00+00:00,0.16605,0.16958,0.16594,0.16886,1489527.0
2026-06-10 14:00:00+00:00,0.16886,0.1693,0.16762,0.16922,781297.0
2026-06-10 15:00:00+00:00,0.16922,0.16962,0.16642,0.16644,1234159.0
2026-06-10 16:00:00+00:00,0.16644,0.16657,0.16474,0.16508,1084244.0
2026-06-10 17:00:00+00:00,0.16508,0.16545,0.16336,0.16361,522409.0
2026-06-10 18:00:00+00:00,0.16361,0.16476,0.16345,0.1641,230783.0
2026-06-10 19:00:00+00:00,0.1641,0.16428,0.1624,0.16408,551348.0
2026-06-10 20:00:00+00:00,0.16408,0.16504,0.16379,0.16479,381300.0
2026-06-10 21:00:00+00:00,0.16479,0.16503,0.1634,0.16348,526642.0
2026-06-10 22:00:00+00:00,0.16348,0.1639,0.163,0.16328,583608.0
2026-06-10 23:00:00+00:00,0.16328,0.16345,0.16226,0.16237,381065.0
2026-06-11 00:00:00+00:00,0.16237,0.16452,0.16237,0.16331,632654.0
2026-06-11 01:00:00+00:00,0.16331,0.1647,0.1631,0.16459,226016.0
2026-06-11 02:00:00+00:00,0.16459,0.16699,0.16376,0.16674,1010473.0
2026-06-11 03:00:00+00:00,0.16674,0.16676,0.16536,0.16643,340877.0
2026-06-11 04:00:00+00:00,0.16643,0.1665,0.1645,0.16454,325726.0
2026-06-11 05:00:00+00:00,0.16454,0.16731,0.16388,0.16724,947453.0
2026-06-11 06:00:00+00:00,0.16724,0.16946,0.16712,0.16943,1297930.0
2026-06-11 07:00:00+00:00,0.16943,0.16951,0.16742,0.16782,830003.0
2026-06-11 08:00:00+00:00,0.16782,0.16854,0.16548,0.16633,990374.0
2026-06-11 09:00:00+00:00,0.16633,0.16633,0.1635,0.16501,1957624.0
2026-06-11 10:00:00+00:00,0.16501,0.17066,0.16453,0.16828,8763199.0
2026-06-11 11:00:00+00:00,0.16828,0.16884,0.16665,0.16876,2559278.0
2026-06-11 12:00:00+00:00,0.16876,0.16913,0.16692,0.16774,1351233.0
2026-06-11 13:00:00+00:00,0.16774,0.16885,0.16637,0.16826,1612346.0
2026-06-11 14:00:00+00:00,0.16826,0.16889,0.16504,0.16532,1344132.0
2026-06-11 15:00:00+00:00,0.16532,0.16596,0.16352,0.16377,2393890.0
2026-06-11 16:00:00+00:00,0.16377,0.16461,0.1615,0.16157,1603037.0
2026-06-11 17:00:00+00:00,0.16157,0.16251,0.15933,0.1624,3465684.0
2026-06-11 18:00:00+00:00,0.1624,0.1633,0.16203,0.16267,1133843.0
2026-06-11 19:00:00+00:00,0.16267,0.16379,0.16257,0.163,691022.0
2026-06-11 20:00:00+00:00,0.163,0.16314,0.16208,0.1624,1663723.0
2026-06-11 21:00:00+00:00,0.1624,0.16283,0.1618,0.16209,1015821.0
2026-06-11 22:00:00+00:00,0.16209,0.16252,0.1616,0.16221,572879.0
2026-06-11 23:00:00+00:00,0.16221,0.16286,0.16139,0.16254,1024019.0
2026-06-12 00:00:00+00:00,0.16254,0.16453,0.1619,0.16416,864202.0
2026-06-12 01:00:00+00:00,0.16416,0.16551,0.16368,0.16516,510566.0
2026-06-12 02:00:00+00:00,0.16516,0.16531,0.16371,0.16422,250953.0
2026-06-12 03:00:00+00:00,0.16422,0.16677,0.16422,0.16555,567967.0
2026-06-12 04:00:00+00:00,0.16555,0.16647,0.16522,0.1658,554282.0
2026-06-12 05:00:00+00:00,0.1658,0.16614,0.163,0.16436,1183069.0
2026-06-12 06:00:00+00:00,0.16436,0.16643,0.1624,0.1624,1493339.0
2026-06-12 07:00:00+00:00,0.1624,0.16338,0.1623,0.16288,470344.0
2026-06-12 08:00:00+00:00,0.16288,0.16408,0.16253,0.1629,497721.0
2026-06-12 09:00:00+00:00,0.1629,0.16292,0.16218,0.16247,222769.0
2026-06-12 10:00:00+00:00,0.16247,0.16363,0.16238,0.16343,302696.0
2026-06-12 11:00:00+00:00,0.16343,0.16478,0.16308,0.16449,824849.0
2026-06-12 12:00:00+00:00,0.16449,0.16618,0.16431,0.16595,1172236.0
2026-06-12 13:00:00+00:00,0.16595,0.16643,0.16462,0.16541,714910.0
2026-06-12 14:00:00+00:00,0.16541,0.16585,0.16296,0.1632,658172.0
2026-06-12 15:00:00+00:00,0.1632,0.16368,0.16072,0.16104,1236184.0
2026-06-12 16:00:00+00:00,0.16104,0.16154,0.1606,0.1608,762322.0
2026-06-12 17:00:00+00:00,0.1608,0.16114,0.15859,0.15946,1794727.0
2026-06-12 18:00:00+00:00,0.15946,0.1605,0.15939,0.15986,1098339.0
2026-06-12 19:00:00+00:00,0.15986,0.16035,0.15893,0.15955,395313.0
2026-06-12 20:00:00+00:00,0.15955,0.16086,0.15926,0.16066,537913.0
2026-06-12 21:00:00+00:00,0.16066,0.16164,0.16055,0.1616,386928.0
2026-06-12 22:00:00+00:00,0.1616,0.16183,0.16111,0.16174,377845.0
2026-06-12 23:00:00+00:00,0.16174,0.16259,0.16135,0.16253,307414.0
2026-06-13 00:00:00+00:00,0.16253,0.16322,0.16116,0.16276,1418409.0
2026-06-13 01:00:00+00:00,0.16276,0.16384,0.16201,0.16211,667031.0
2026-06-13 02:00:00+00:00,0.16211,0.1633,0.16191,0.16286,462762.0
2026-06-13 03:00:00+00:00,0.16286,0.16316,0.16265,0.16293,167423.0
2026-06-13 04:00:00+00:00,0.16293,0.16416,0.16292,0.1636,279995.0
2026-06-13 05:00:00+00:00,0.1636,0.164,0.16341,0.16393,252786.0
2026-06-13 06:00:00+00:00,0.16393,0.16414,0.1624,0.16258,347875.0
2026-06-13 07:00:00+00:00,0.16258,0.1628,0.16191,0.16262,415793.0
2026-06-13 08:00:00+00:00,0.16262,0.16329,0.1623,0.16326,419616.0
2026-06-13 09:00:00+00:00,0.16326,0.16444,0.16265,0.16327,568148.0
2026-06-13 10:00:00+00:00,0.16327,0.16336,0.16161,0.16215,229002.0
2026-06-13 11:00:00+00:00,0.16215,0.16387,0.16151,0.16337,825638.0
2026-06-13 12:00:00+00:00,0.16337,0.164,0.16268,0.16285,411007.0
2026-06-13 13:00:00+00:00,0.16285,0.16328,0.16231,0.16251,136823.0
2026-06-13 14:00:00+00:00,0.16251,0.16251,0.15933,0.16,1106230.0
2026-06-13 15:00:00+00:00,0.16,0.16048,0.15927,0.15982,368697.0
2026-06-13 16:00:00+00:00,0.15982,0.16082,0.15968,0.16025,200607.0
2026-06-13 17:00:00+00:00,0.16025,0.16033,0.15975,0.15991,138451.0
2026-06-13 18:00:00+00:00,0.15991,0.16146,0.15964,0.16119,407582.0
2026-06-13 19:00:00+00:00,0.16119,0.1628,0.16119,0.16228,429131.0
2026-06-13 20:00:00+00:00,0.16228,0.16303,0.16184,0.1627,339358.0
2026-06-13 21:00:00+00:00,0.1627,0.16328,0.16221,0.16299,405721.0
2026-06-13 22:00:00+00:00,0.16299,0.16299,0.16259,0.16291,101333.0
2026-06-13 23:00:00+00:00,0.16291,0.16304,0.16262,0.16273,192037.0
2026-06-14 00:00:00+00:00,0.16273,0.16304,0.16143,0.16304,536232.0
2026-06-14 01:00:00+00:00,0.16304,0.16332,0.1615,0.16156,295402.0
2026-06-14 02:00:00+00:00,0.16156,0.16211,0.16145,0.16145,166612.0
2026-06-14 03:00:00+00:00,0.16145,0.16163,0.16053,0.16091,310847.0
2026-06-14 04:00:00+00:00,0.16091,0.16132,0.16066,0.16071,206054.0
2026-06-14 05:00:00+00:00,0.16071,0.16121,0.16017,0.16032,333255.0
2026-06-14 06:00:00+00:00,0.16032,0.16067,0.16027,0.16042,332164.0
2026-06-14 07:00:00+00:00,0.16042,0.16057,0.15935,0.1599,298851.0
2026-06-14 08:00:00+00:00,0.1599,0.16017,0.15922,0.15955,496567.0
2026-06-14 09:00:00+00:00,0.15955,0.16025,0.15924,0.15995,508023.0
2026-06-14 10:00:00+00:00,0.15995,0.15995,0.15892,0.15917,902972.0
2026-06-14 11:00:00+00:00,0.15917,0.15919,0.1567,0.1573,1287795.0
2026-06-14 12:00:00+00:00,0.1573,0.15744,0.15598,0.15733,1559970.0
2026-06-14 13:00:00+00:00,0.15733,0.15871,0.15712,0.15848,562354.0
2026-06-14 14:00:00+00:00,0.15848,0.16092,0.15837,0.15916,1104121.0
2026-06-14 15:00:00+00:00,0.15916,0.15961,0.15817,0.15905,336844.0
2026-06-14 16:00:00+00:00,0.15905,0.16016,0.15894,0.15992,215577.0
2026-06-14 17:00:00+00:00,0.15992,0.16068,0.15964,0.16002,176149.0
2026-06-14 18:00:00+00:00,0.16002,0.16081,0.15997,0.16034,117934.0
2026-06-14 19:00:00+00:00,0.16034,0.16042,0.15998,0.16023,66017.0
2026-06-14 20:00:00+00:00,0.16023,0.16033,0.15983,0.16017,81904.0
2026-06-14 21:00:00+00:00,0.16017,0.1621,0.1599,0.16105,658266.0
2026-06-14 22:00:00+00:00,0.16105,0.16193,0.16066,0.16114,411831.0
2026-06-14 23:00:00+00:00,0.16114,0.16164,0.16087,0.16142,232164.0
2026-06-15 00:00:00+00:00,0.16142,0.16289,0.16098,0.16253,1116823.0
2026-06-15 01:00:00+00:00,0.16253,0.16394,0.16236,0.16281,436618.0
2026-06-15 02:00:00+00:00,0.16281,0.16281,0.16201,0.16232,104884.0
2026-06-15 03:00:00+00:00,0.16232,0.16315,0.16231,0.16296,89790.0
2026-06-15 04:00:00+00:00,0.16296,0.16301,0.16262,0.16294,121981.0
2026-06-15 05:00:00+00:00,0.16294,0.16389,0.16283,0.16382,229408.0
2026-06-15 06:00:00+00:00,0.16382,0.16603,0.16372,0.16551,691559.0
2026-06-15 07:00:00+00:00,0.16551,0.16616,0.16426,0.16437,635793.0
2026-06-15 08:00:00+00:00,0.16437,0.16464,0.16369,0.16393,424596.0
2026-06-15 09:00:00+00:00,0.16393,0.16489,0.16365,0.16459,206659.0
2026-06-15 10:00:00+00:00,0.16459,0.16508,0.1635,0.1648,627272.0
2026-06-15 11:00:00+00:00,0.1648,0.16776,0.16454,0.16523,2612181.0
2026-06-15 12:00:00+00:00,0.16523,0.16671,0.16452,0.16487,1235404.0
2026-06-15 13:00:00+00:00,0.16487,0.16493,0.16371,0.16426,869198.0
2026-06-15 14:00:00+00:00,0.16426,0.16758,0.16219,0.16739,2020498.0
2026-06-15 15:00:00+00:00,0.16739,0.16947,0.16737,0.16905,1565003.0
2026-06-15 16:00:00+00:00,0.16905,0.16973,0.16714,0.1695,3374371.0
2026-06-15 17:00:00+00:00,0.1695,0.16979,0.16874,0.16979,1928996.0
2026-06-15 18:00:00+00:00,0.16979,0.17017,0.16674,0.1669,1772787.0
2026-06-15 19:00:00+00:00,0.1669,0.16757,0.166,0.16624,959775.0
2026-06-15 20:00:00+00:00,0.16624,0.16711,0.1657,0.16571,652324.0
2026-06-15 21:00:00+00:00,0.16571,0.16668,0.16528,0.16622,1916078.0
2026-06-15 22:00:00+00:00,0.16622,0.16699,0.16427,0.16495,748970.0
2026-06-15 23:00:00+00:00,0.16495,0.16609,0.16471,0.16547,455708.0
2026-06-16 00:00:00+00:00,0.16547,0.16693,0.16435,0.16595,462854.0
2026-06-16 01:00:00+00:00,0.16595,0.16661,0.16572,0.1663,334391.0
2026-06-16 02:00:00+00:00,0.1663,0.1663,0.16434,0.1647,480326.0
2026-06-16 03:00:00+00:00,0.1647,0.16624,0.1644,0.16557,382571.0
2026-06-16 04:00:00+00:00,0.16557,0.16586,0.1645,0.16495,120174.0
2026-06-16 05:00:00+00:00,0.16495,0.16528,0.16463,0.16527,202136.0
2026-06-16 06:00:00+00:00,0.16527,0.16538,0.16457,0.1647,200145.0
2026-06-16 07:00:00+00:00,0.1647,0.16509,0.16366,0.16375,369188.0
2026-06-16 08:00:00+00:00,0.16375,0.16436,0.1633,0.16421,635210.0
2026-06-16 09:00:00+00:00,0.16421,0.16421,0.16333,0.1634,467631.0
2026-06-16 10:00:00+00:00,0.1634,0.1641,0.16338,0.16371,471857.0
2026-06-16 11:00:00+00:00,0.16371,0.16462,0.1635,0.16422,638614.0
2026-06-16 12:00:00+00:00,0.16422,0.16431,0.1639,0.16415,223729.0
2026-06-16 13:00:00+00:00,0.16415,0.16417,0.16283,0.1634,596408.0
2026-06-16 14:00:00+00:00,0.1634,0.16374,0.16235,0.16328,675872.0
2026-06-16 15:00:00+00:00,0.16328,0.16379,0.16303,0.1634,317286.0
2026-06-16 16:00:00+00:00,0.1634,0.16382,0.16289,0.16294,162948.0
2026-06-16 17:00:00+00:00,0.16294,0.16335,0.16289,0.16309,99325.0
2026-06-16 18:00:00+00:00,0.16309,0.16327,0.16276,0.16288,468485.0
2026-06-16 19:00:00+00:00,0.16288,0.16344,0.16288,0.16289,294063.0
2026-06-16 20:00:00+00:00,0.16289,0.16328,0.1615,0.1626,945757.0
2026-06-16 21:00:00+00:00,0.1626,0.16297,0.16238,0.16278,616555.0
2026-06-16 22:00:00+00:00,0.16278,0.1628,0.16167,0.16179,487387.0
2026-06-16 23:00:00+00:00,0.16179,0.16186,0.16099,0.16117,1377836.0
2026-06-17 00:00:00+00:00,0.16117,0.16204,0.16028,0.16177,1839836.0
2026-06-17 01:00:00+00:00,0.16177,0.16215,0.16149,0.16186,105753.0
2026-06-17 02:00:00+00:00,0.16186,0.16186,0.16019,0.16052,1723935.0
2026-06-17 03:00:00+00:00,0.16052,0.16107,0.1601,0.16093,1302121.0
2026-06-17 04:00:00+00:00,0.16093,0.16126,0.16081,0.16109,80917.0
2026-06-17 05:00:00+00:00,0.16109,0.16149,0.1607,0.16101,314125.0
2026-06-17 06:00:00+00:00,0.16101,0.16124,0.16029,0.16056,258101.0
2026-06-17 07:00:00+00:00,0.16056,0.16079,0.16034,0.16046,565719.0
2026-06-17 08:00:00+00:00,0.16046,0.16066,0.1601,0.16047,1501539.0
2026-06-17 09:00:00+00:00,0.16047,0.16056,0.16027,0.16056,935171.0
2026-06-17 10:00:00+00:00,0.16056,0.16159,0.16007,0.16131,1663976.0
2026-06-17 11:00:00+00:00,0.16131,0.16151,0.16071,0.16096,513413.0
2026-06-17 12:00:00+00:00,0.16096,0.16312,0.16075,0.16295,1029409.0
2026-06-17 13:00:00+00:00,0.16295,0.16472,0.16272,0.16315,1132718.0
2026-06-17 14:00:00+00:00,0.16315,0.16538,0.163,0.16417,1330148.0
2026-06-17 15:00:00+00:00,0.16417,0.16545,0.16411,0.16502,824623.0
2026-06-17 16:00:00+00:00,0.16502,0.16537,0.16467,0.16489,604799.0
2026-06-17 17:00:00+00:00,0.16489,0.16502,0.16451,0.16467,385401.0
2026-06-17 18:00:00+00:00,0.16467,0.16504,0.16385,0.16452,1039991.0
2026-06-17 19:00:00+00:00,0.16452,0.16457,0.16191,0.16213,709975.0
2026-06-17 20:00:00+00:00,0.16213,0.16269,0.16191,0.16252,379837.0
2026-06-17 21:00:00+00:00,0.16252,0.16263,0.16215,0.1622,188067.0
2026-06-17 22:00:00+00:00,0.1622,0.16383,0.16174,0.1631,724128.0
2026-06-17 23:00:00+00:00,0.1631,0.16314,0.16186,0.16259,809014.0
2026-06-18 00:00:00+00:00,0.16259,0.16396,0.16247,0.16303,398969.0
2026-06-18 01:00:00+00:00,0.16303,0.16422,0.16289,0.16374,197445.0
2026-06-18 02:00:00+00:00,0.16374,0.1652,0.1637,0.16506,122608.0
2026-06-18 03:00:00+00:00,0.16506,0.16511,0.16364,0.16367,192713.0
2026-06-18 04:00:00+00:00,0.16367,0.16435,0.16324,0.1641,476362.0
2026-06-18 05:00:00+00:00,0.1641,0.16438,0.16299,0.16432,221116.0
2026-06-18 06:00:00+00:00,0.16432,0.16469,0.16316,0.16387,408925.0
2026-06-18 07:00:00+00:00,0.16387,0.16441,0.1637,0.1642,207063.0
2026-06-18 08:00:00+00:00,0.1642,0.16595,0.16411,0.16509,537108.0
2026-06-18 09:00:00+00:00,0.16509,0.16531,0.1641,0.16441,435833.0
2026-06-18 10:00:00+00:00,0.16441,0.16629,0.16419,0.16482,800769.0
2026-06-18 11:00:00+00:00,0.16482,0.16523,0.16423,0.1645,277401.0
2026-06-18 12:00:00+00:00,0.1645,0.16536,0.16231,0.16259,1658474.0
2026-06-18 13:00:00+00:00,0.16259,0.16375,0.16243,0.16324,625784.0
2026-06-18 14:00:00+00:00,0.16324,0.16393,0.16274,0.16279,267442.0
2026-06-18 15:00:00+00:00,0.16279,0.16292,0.15982,0.15983,1836235.0
2026-06-18 16:00:00+00:00,0.15983,0.16038,0.15815,0.15838,999309.0
2026-06-18 17:00:00+00:00,0.15838,0.1596,0.1582,0.15949,453544.0
2026-06-18 18:00:00+00:00,0.15949,0.1599,0.15932,0.15968,114903.0
2026-06-18 19:00:00+00:00,0.15968,0.16033,0.1596,0.16021,140572.0
2026-06-18 20:00:00+00:00,0.16021,0.16021,0.15945,0.1595,174148.0
2026-06-18 21:00:00+00:00,0.1595,0.16007,0.15934,0.15967,328102.0
2026-06-18 22:00:00+00:00,0.15967,0.16092,0.15961,0.16068,480246.0
2026-06-18 23:00:00+00:00,0.16068,0.16068,0.1599,0.16057,262268.0
2026-06-19 00:00:00+00:00,0.16057,0.16073,0.15969,0.15971,449752.0
2026-06-19 01:00:00+00:00,0.15971,0.16041,0.1595,0.16028,540044.0
2026-06-19 02:00:00+00:00,0.16028,0.16076,0.1596,0.15967,183788.0
2026-06-19 03:00:00+00:00,0.15967,0.16008,0.159,0.15994,551676.0
2026-06-19 04:00:00+00:00,0.15994,0.15994,0.15585,0.15721,1707757.0
2026-06-19 05:00:00+00:00,0.15721,0.15795,0.15721,0.1579,523719.0
2026-06-19 06:00:00+00:00,0.1579,0.1581,0.15725,0.15734,573643.0
2026-06-19 07:00:00+00:00,0.15734,0.1577,0.15588,0.15603,1676293.0
2026-06-19 08:00:00+00:00,0.15603,0.15611,0.15527,0.15546,1134948.0
2026-06-19 09:00:00+00:00,0.15546,0.15616,0.15536,0.15571,391268.0
2026-06-19 10:00:00+00:00,0.15571,0.15598,0.15318,0.1543,3130196.0
2026-06-19 11:00:00+00:00,0.1543,0.15483,0.15425,0.15452,763955.0
2026-06-19 12:00:00+00:00,0.15452,0.15524,0.15416,0.15522,267166.0
2026-06-19 13:00:00+00:00,0.15522,0.15547,0.15407,0.15407,341492.0
2026-06-19 14:00:00+00:00,0.15407,0.15438,0.15315,0.1539,731129.0
2026-06-19 15:00:00+00:00,0.1539,0.1548,0.15381,0.15417,248112.0
2026-06-19 16:00:00+00:00,0.15417,0.15441,0.15369,0.15383,399287.0
2026-06-19 17:00:00+00:00,0.15383,0.15548,0.15368,0.15541,228621.0
2026-06-19 18:00:00+00:00,0.15541,0.15541,0.15425,0.15461,209095.0
2026-06-19 19:00:00+00:00,0.15461,0.15469,0.15421,0.15421,135918.0
2026-06-19 20:00:00+00:00,0.15421,0.15482,0.15386,0.15482,81880.0
2026-06-19 21:00:00+00:00,0.15482,0.15498,0.15388,0.1543,332064.0
2026-06-19 22:00:00+00:00,0.1543,0.1543,0.15164,0.15329,2182758.0
2026-06-19 23:00:00+00:00,0.15329,0.15385,0.15313,0.15371,282113.0
2026-06-20 00:00:00+00:00,0.15371,0.15412,0.153,0.15354,449815.0
2026-06-20 01:00:00+00:00,0.15354,0.15372,0.15306,0.15313,253733.0
2026-06-20 02:00:00+00:00,0.15313,0.15341,0.15311,0.1533,31488.0
2026-06-20 03:00:00+00:00,0.1533,0.15333,0.15171,0.15222,1310344.0
2026-06-20 04:00:00+00:00,0.15222,0.15299,0.15178,0.15288,420553.0
2026-06-20 05:00:00+00:00,0.15288,0.15332,0.15267,0.15321,293111.0
2026-06-20 06:00:00+00:00,0.15321,0.15334,0.15306,0.15334,49058.0
2026-06-20 07:00:00+00:00,0.15334,0.15371,0.1531,0.15321,451906.0
2026-06-20 08:00:00+00:00,0.15321,0.15332,0.1529,0.15307,167853.0
2026-06-20 09:00:00+00:00,0.15307,0.15312,0.15272,0.15283,133472.0
2026-06-20 10:00:00+00:00,0.15283,0.15283,0.15025,0.15194,2410262.0
2026-06-20 11:00:00+00:00,0.15194,0.15255,0.15183,0.1523,272052.0
2026-06-20 12:00:00+00:00,0.1523,0.15242,0.15119,0.15126,525506.0
2026-06-20 13:00:00+00:00,0.15126,0.15173,0.1506,0.15065,513143.0
2026-06-20 14:00:00+00:00,0.15065,0.15077,0.14986,0.15066,485183.0
2026-06-20 15:00:00+00:00,0.15066,0.15106,0.15022,0.15087,212316.0
2026-06-20 16:00:00+00:00,0.15087,0.15388,0.15076,0.15098,2012101.0
2026-06-20 17:00:00+00:00,0.15098,0.15149,0.15072,0.15136,157124.0
2026-06-20 18:00:00+00:00,0.15136,0.15193,0.15126,0.15165,110991.0
2026-06-20 19:00:00+00:00,0.15165,0.15167,0.15131,0.15146,117024.0
2026-06-20 20:00:00+00:00,0.15146,0.15164,0.1514,0.15145,168149.0
2026-06-20 21:00:00+00:00,0.15145,0.15244,0.15131,0.15132,383238.0
2026-06-20 22:00:00+00:00,0.15132,0.15462,0.15126,0.15245,2151033.0
2026-06-20 23:00:00+00:00,0.15245,0.15284,0.15228,0.15259,398622.0
2026-06-21 00:00:00+00:00,0.15259,0.15374,0.15252,0.15309,554540.0
2026-06-21 01:00:00+00:00,0.15309,0.15406,0.15305,0.15379,273091.0
2026-06-21 02:00:00+00:00,0.15379,0.15453,0.15372,0.15432,200764.0
2026-06-21 03:00:00+00:00,0.15432,0.15548,0.15412,0.15541,727728.0
2026-06-21 04:00:00+00:00,0.15541,0.15565,0.15471,0.15506,899319.0
2026-06-21 05:00:00+00:00,0.15506,0.15701,0.15467,0.1566,504191.0
2026-06-21 06:00:00+00:00,0.1566,0.1568,0.15543,0.15543,628881.0
2026-06-21 07:00:00+00:00,0.15543,0.15604,0.15539,0.15602,170233.0
2026-06-21 08:00:00+00:00,0.15602,0.15602,0.15469,0.15504,500632.0
2026-06-21 09:00:00+00:00,0.15504,0.15607,0.15498,0.15607,224758.0
2026-06-21 10:00:00+00:00,0.15607,0.15607,0.15436,0.15443,739251.0
2026-06-21 11:00:00+00:00,0.15443,0.15447,0.15311,0.15312,258770.0
2026-06-21 12:00:00+00:00,0.15312,0.15323,0.15255,0.15268,399068.0
2026-06-21 13:00:00+00:00,0.15268,0.15279,0.15087,0.15104,640687.0
2026-06-21 14:00:00+00:00,0.15104,0.15114,0.1505,0.15059,369168.0
2026-06-21 15:00:00+00:00,0.15059,0.15114,0.15042,0.15112,219948.0
2026-06-21 16:00:00+00:00,0.15112,0.15119,0.1506,0.15065,172932.0
2026-06-21 17:00:00+00:00,0.15065,0.1509,0.1505,0.15085,149080.0
2026-06-21 18:00:00+00:00,0.15085,0.15204,0.15081,0.15191,140453.0
2026-06-21 19:00:00+00:00,0.15191,0.15248,0.1517,0.15175,72690.0
2026-06-21 20:00:00+00:00,0.15175,0.15198,0.15139,0.15145,101805.0
2026-06-21 21:00:00+00:00,0.15145,0.15146,0.15061,0.15099,184944.0
2026-06-21 22:00:00+00:00,0.15099,0.15126,0.15024,0.15024,135976.0
2026-06-21 23:00:00+00:00,0.15024,0.15024,0.14961,0.14986,463574.0
2026-06-22 00:00:00+00:00,0.14986,0.15089,0.14981,0.15064,348369.0
2026-06-22 01:00:00+00:00,0.15064,0.15226,0.15048,0.15225,459528.0
2026-06-22 02:00:00+00:00,0.15225,0.156,0.15212,0.15228,2364151.0
2026-06-22 03:00:00+00:00,0.15228,0.15228,0.15062,0.15113,617688.0
2026-06-22 04:00:00+00:00,0.15113,0.15205,0.15093,0.15198,101155.0
2026-06-22 05:00:00+00:00,0.15198,0.15216,0.15124,0.15184,188792.0
2026-06-22 06:00:00+00:00,0.15184,0.15212,0.15065,0.1507,230154.0
2026-06-22 07:00:00+00:00,0.1507,0.15079,0.1499,0.15017,578430.0
2026-06-22 08:00:00+00:00,0.15017,0.15038,0.1499,0.15007,458981.0
2026-06-22 09:00:00+00:00,0.15007,0.15027,0.14993,0.15001,224949.0
2026-06-22 10:00:00+00:00,0.15001,0.15039,0.14968,0.15032,542932.0
2026-06-22 11:00:00+00:00,0.15032,0.15087,0.15009,0.15086,268291.0
2026-06-22 12:00:00+00:00,0.15086,0.15128,0.15026,0.15094,423916.0
2026-06-22 13:00:00+00:00,0.15094,0.15111,0.15031,0.15093,280004.0
2026-06-22 14:00:00+00:00,0.15093,0.151,0.15012,0.15046,315152.0
2026-06-22 15:00:00+00:00,0.15046,0.15056,0.14967,0.14986,675591.0
2026-06-22 16:00:00+00:00,0.14986,0.15025,0.14973,0.15025,258534.0
2026-06-22 17:00:00+00:00,0.15025,0.15052,0.14998,0.15013,233166.0
2026-06-22 18:00:00+00:00,0.15013,0.15018,0.14992,0.15,77650.0
2026-06-22 19:00:00+00:00,0.15,0.15037,0.14989,0.15002,141311.0
2026-06-22 20:00:00+00:00,0.15002,0.15095,0.15001,0.15073,207504.0
2026-06-22 21:00:00+00:00,0.15073,0.151,0.15058,0.15099,231551.0
2026-06-22 22:00:00+00:00,0.15099,0.15186,0.15073,0.15177,458561.0
2026-06-22 23:00:00+00:00,0.15177,0.15224,0.15101,0.15218,403564.0
2026-06-23 00:00:00+00:00,0.15218,0.15219,0.1507,0.1517,407310.0
2026-06-23 01:00:00+00:00,0.1517,0.15196,0.15077,0.15106,197150.0
2026-06-23 02:00:00+00:00,0.15106,0.15498,0.15015,0.15462,5939811.0
2026-06-23 03:00:00+00:00,0.15462,0.1551,0.15281,0.15328,1601068.0
2026-06-23 04:00:00+00:00,0.15328,0.15548,0.15313,0.15466,1232750.0
2026-06-23 05:00:00+00:00,0.15466,0.15755,0.15052,0.15107,8699866.0
2026-06-23 06:00:00+00:00,0.15107,0.15164,0.14632,0.14822,6506904.0
2026-06-23 07:00:00+00:00,0.14822,0.15159,0.14769,0.14931,1716187.0
2026-06-23 08:00:00+00:00,0.14931,0.15076,0.14856,0.1495,1374379.0
2026-06-23 09:00:00+00:00,0.1495,0.15148,0.14923,0.14973,924617.0
2026-06-23 10:00:00+00:00,0.14973,0.15063,0.14955,0.1498,385611.0
2026-06-23 11:00:00+00:00,0.1498,0.15174,0.1497,0.15128,952787.0
2026-06-23 12:00:00+00:00,0.15128,0.15197,0.15032,0.15087,1890930.0
2026-06-23 13:00:00+00:00,0.15087,0.15179,0.15028,0.15176,651037.0
2026-06-23 14:00:00+00:00,0.15176,0.15211,0.15059,0.15059,444991.0
2026-06-23 15:00:00+00:00,0.15059,0.15192,0.15006,0.15152,778466.0
2026-06-23 16:00:00+00:00,0.15152,0.15286,0.151,0.15272,626463.0
2026-06-23 17:00:00+00:00,0.15272,0.15296,0.15147,0.15229,991027.0
2026-06-23 18:00:00+00:00,0.15229,0.15307,0.15164,0.15237,897961.0
2026-06-23 19:00:00+00:00,0.15237,0.1527,0.15156,0.15163,275176.0
2026-06-23 20:00:00+00:00,0.15163,0.15233,0.15159,0.15208,175880.0
2026-06-23 21:00:00+00:00,0.15208,0.15221,0.15187,0.15221,190702.0
2026-06-23 22:00:00+00:00,0.15221,0.15221,0.15084,0.15129,485646.0
2026-06-23 23:00:00+00:00,0.15129,0.15196,0.15016,0.15173,417811.0
2026-06-24 00:00:00+00:00,0.15173,0.15224,0.15113,0.15194,893516.0
2026-06-24 01:00:00+00:00,0.15194,0.15246,0.15144,0.15184,480615.0
2026-06-24 02:00:00+00:00,0.15184,0.15313,0.15179,0.15265,578554.0
2026-06-24 03:00:00+00:00,0.15265,0.15286,0.15211,0.15241,267025.0
2026-06-24 04:00:00+00:00,0.15241,0.15245,0.15074,0.15106,270244.0
2026-06-24 05:00:00+00:00,0.15106,0.15118,0.15025,0.15031,624134.0
2026-06-24 06:00:00+00:00,0.15031,0.15089,0.14993,0.15035,440894.0
2026-06-24 07:00:00+00:00,0.15035,0.15108,0.15026,0.15063,449132.0
2026-06-24 08:00:00+00:00,0.15063,0.15108,0.15037,0.15101,443311.0
2026-06-24 09:00:00+00:00,0.15101,0.15117,0.15084,0.15106,225214.0
2026-06-24 10:00:00+00:00,0.15106,0.1517,0.15061,0.15061,211507.0
2026-06-24 11:00:00+00:00,0.15061,0.15084,0.15015,0.15033,273971.0
2026-06-24 12:00:00+00:00,0.15033,0.1508,0.1498,0.15009,288951.0
2026-06-24 13:00:00+00:00,0.15009,0.15036,0.14899,0.15024,977465.0
2026-06-24 14:00:00+00:00,0.15024,0.15029,0.14952,0.15017,337191.0
2026-06-24 15:00:00+00:00,0.15017,0.1507,0.14971,0.15008,658263.0
2026-06-24 16:00:00+00:00,0.15008,0.151,0.14958,0.1497,645692.0
2026-06-24 17:00:00+00:00,0.1497,0.15051,0.1485,0.14883,1050721.0
2026-06-24 18:00:00+00:00,0.14883,0.14998,0.14879,0.14977,307115.0
2026-06-24 19:00:00+00:00,0.14977,0.15134,0.14977,0.15078,542828.0
2026-06-24 20:00:00+00:00,0.15078,0.15224,0.14992,0.15166,1037092.0
2026-06-24 21:00:00+00:00,0.15166,0.15196,0.15097,0.15115,329511.0
2026-06-24 22:00:00+00:00,0.15115,0.1514,0.15089,0.15101,285420.0
2026-06-24 23:00:00+00:00,0.15101,0.15155,0.151,0.151,158382.0
2026-06-25 00:00:00+00:00,0.151,0.15148,0.15086,0.15108,221133.0
2026-06-25 01:00:00+00:00,0.15108,0.15132,0.15072,0.15115,129201.0
2026-06-25 02:00:00+00:00,0.15115,0.15316,0.15111,0.15281,549340.0
2026-06-25 03:00:00+00:00,0.15281,0.15309,0.1508,0.15131,1216447.0
2026-06-25 04:00:00+00:00,0.15131,0.15241,0.15126,0.15228,246511.0
2026-06-25 05:00:00+00:00,0.15228,0.15273,0.15176,0.15218,651398.0
2026-06-25 06:00:00+00:00,0.15218,0.15235,0.15131,0.15138,419141.0
2026-06-25 07:00:00+00:00,0.15138,0.15187,0.1513,0.15179,174369.0
2026-06-25 08:00:00+00:00,0.15179,0.15239,0.15166,0.15183,227707.0
2026-06-25 09:00:00+00:00,0.15183,0.15254,0.15178,0.15232,299983.0
2026-06-25 10:00:00+00:00,0.15232,0.15232,0.15142,0.15196,573572.0
2026-06-25 11:00:00+00:00,0.15196,0.15299,0.15168,0.15278,388211.0
2026-06-25 12:00:00+00:00,0.15278,0.15366,0.15261,0.15356,623524.0
2026-06-25 13:00:00+00:00,0.15356,0.15363,0.14753,0.14769,1939316.0
2026-06-25 14:00:00+00:00,0.14769,0.1508,0.14769,0.14846,1958467.0
2026-06-25 15:00:00+00:00,0.14846,0.15059,0.14791,0.15029,593870.0
2026-06-25 16:00:00+00:00,0.15029,0.15139,0.14998,0.15092,708336.0
2026-06-25 17:00:00+00:00,0.15092,0.15145,0.15078,0.15117,197894.0
2026-06-25 18:00:00+00:00,0.15117,0.15148,0.1502,0.15021,289440.0
2026-06-25 19:00:00+00:00,0.15021,0.15022,0.14698,0.14727,847227.0
2026-06-25 20:00:00+00:00,0.14727,0.14854,0.14723,0.14807,260201.0
2026-06-25 21:00:00+00:00,0.14807,0.14995,0.14794,0.14995,375923.0
2026-06-25 22:00:00+00:00,0.14995,0.15081,0.14869,0.14937,522915.0
2026-06-25 23:00:00+00:00,0.14937,0.15008,0.14926,0.14985,211811.0
2026-06-26 00:00:00+00:00,0.14985,0.15051,0.14976,0.15021,122564.0
2026-06-26 01:00:00+00:00,0.15021,0.15036,0.1486,0.14875,384550.0
2026-06-26 02:00:00+00:00,0.14875,0.14886,0.14724,0.1478,532288.0
2026-06-26 03:00:00+00:00,0.1478,0.14879,0.14743,0.14774,538953.0
2026-06-26 04:00:00+00:00,0.14774,0.14776,0.147,0.1475,441901.0
2026-06-26 05:00:00+00:00,0.1475,0.14818,0.14741,0.14761,300054.0
2026-06-26 06:00:00+00:00,0.14761,0.14927,0.14708,0.14911,721349.0
2026-06-26 07:00:00+00:00,0.14911,0.14981,0.14895,0.14956,511001.0
2026-06-26 08:00:00+00:00,0.14956,0.15012,0.1494,0.15002,313556.0
2026-06-26 09:00:00+00:00,0.15002,0.15024,0.14912,0.14928,402872.0
2026-06-26 10:00:00+00:00,0.14928,0.14965,0.14862,0.14863,462547.0
2026-06-26 11:00:00+00:00,0.14863,0.14895,0.1485,0.14859,293123.0
2026-06-26 12:00:00+00:00,0.14859,0.14921,0.14839,0.14872,225688.0
2026-06-26 13:00:00+00:00,0.14872,0.14981,0.14842,0.14981,313038.0
2026-06-26 14:00:00+00:00,0.14981,0.14991,0.14918,0.14923,168808.0
2026-06-26 15:00:00+00:00,0.14923,0.15065,0.14918,0.15021,285599.0
2026-06-26 16:00:00+00:00,0.15021,0.15082,0.14987,0.1502,228550.0
2026-06-26 17:00:00+00:00,0.1502,0.1507,0.14944,0.14944,171229.0
2026-06-26 18:00:00+00:00,0.14944,0.14976,0.14933,0.14934,214448.0
2026-06-26 19:00:00+00:00,0.14934,0.1528,0.14915,0.15186,785779.0
2026-06-26 20:00:00+00:00,0.15186,0.15276,0.15186,0.15216,337407.0
2026-06-26 21:00:00+00:00,0.15216,0.15255,0.152,0.152,290595.0
2026-06-26 22:00:00+00:00,0.152,0.15235,0.15122,0.15141,256856.0
2026-06-26 23:00:00+00:00,0.15141,0.15157,0.15087,0.15147,206105.0
2026-06-27 00:00:00+00:00,0.15147,0.15302,0.15147,0.15245,242319.0
2026-06-27 01:00:00+00:00,0.15245,0.1528,0.15227,0.15228,355567.0
2026-06-27 02:00:00+00:00,0.15228,0.15288,0.15198,0.1528,273797.0
2026-06-27 03:00:00+00:00,0.1528,0.15287,0.15015,0.15083,902036.0
2026-06-27 04:00:00+00:00,0.15083,0.15164,0.15073,0.15132,159046.0
2026-06-27 05:00:00+00:00,0.15132,0.1519,0.15132,0.1515,166253.0
2026-06-27 06:00:00+00:00,0.1515,0.15167,0.15099,0.1512,320881.0
2026-06-27 07:00:00+00:00,0.1512,0.1512,0.15062,0.15066,130020.0
2026-06-27 08:00:00+00:00,0.15066,0.15118,0.1506,0.15097,153849.0
2026-06-27 09:00:00+00:00,0.15097,0.15151,0.15085,0.15104,272612.0
2026-06-27 10:00:00+00:00,0.15104,0.15155,0.15085,0.15155,232446.0
2026-06-27 11:00:00+00:00,0.15155,0.15155,0.15016,0.15099,223393.0
2026-06-27 12:00:00+00:00,0.15099,0.1514,0.15073,0.15137,211028.0
2026-06-27 13:00:00+00:00,0.15137,0.15149,0.15097,0.15097,167467.0
2026-06-27 14:00:00+00:00,0.15097,0.15125,0.15069,0.1512,147736.0
2026-06-27 15:00:00+00:00,0.1512,0.15173,0.15115,0.1517,177505.0
2026-06-27 16:00:00+00:00,0.1517,0.15189,0.15159,0.15168,174667.0
2026-06-27 17:00:00+00:00,0.15168,0.15186,0.15139,0.15151,310247.0
2026-06-27 18:00:00+00:00,0.15151,0.15192,0.15148,0.15158,87395.0
2026-06-27 19:00:00+00:00,0.15158,0.15298,0.15158,0.15181,228041.0
2026-06-27 20:00:00+00:00,0.15181,0.15259,0.1517,0.15247,83425.0
2026-06-27 21:00:00+00:00,0.15247,0.15321,0.15226,0.15286,347075.0
2026-06-27 22:00:00+00:00,0.15286,0.15335,0.15254,0.15333,197613.0
2026-06-27 23:00:00+00:00,0.15333,0.15345,0.15292,0.15331,183045.0
2026-06-28 00:00:00+00:00,0.15331,0.15544,0.15308,0.15529,998331.0
2026-06-28 01:00:00+00:00,0.15529,0.1553,0.15296,0.15313,582073.0
2026-06-28 02:00:00+00:00,0.15313,0.15364,0.15233,0.15233,211539.0
2026-06-28 03:00:00+00:00,0.15233,0.1528,0.15225,0.15225,132755.0
2026-06-28 04:00:00+00:00,0.15225,0.15292,0.1522,0.15252,338670.0
2026-06-28 05:00:00+00:00,0.15252,0.15264,0.15213,0.15249,422529.0
2026-06-28 06:00:00+00:00,0.15249,0.15334,0.15246,0.15284,471447.0
2026-06-28 07:00:00+00:00,0.15284,0.15332,0.15284,0.15286,96897.0
2026-06-28 08:00:00+00:00,0.15286,0.15329,0.15268,0.15307,282278.0
2026-06-28 09:00:00+00:00,0.15307,0.15327,0.15252,0.15252,117790.0
2026-06-28 10:00:00+00:00,0.15252,0.15296,0.15247,0.1526,130099.0
2026-06-28 11:00:00+00:00,0.1526,0.15275,0.15249,0.15257,21736.0
2026-06-28 12:00:00+00:00,0.15257,0.15258,0.15152,0.15197,380884.0
2026-06-28 13:00:00+00:00,0.15197,0.15197,0.15137,0.15144,192570.0
2026-06-28 14:00:00+00:00,0.15144,0.15174,0.15137,0.15148,74619.0
2026-06-28 15:00:00+00:00,0.15148,0.15149,0.15091,0.15099,143212.0
2026-06-28 16:00:00+00:00,0.15099,0.15105,0.15077,0.15083,172553.0
2026-06-28 17:00:00+00:00,0.15083,0.15092,0.15039,0.15088,188682.0
2026-06-28 18:00:00+00:00,0.15088,0.15098,0.15038,0.15069,166192.0
2026-06-28 19:00:00+00:00,0.15069,0.15074,0.1503,0.15072,115448.0
2026-06-28 20:00:00+00:00,0.15072,0.1509,0.15022,0.15085,313815.0
2026-06-28 21:00:00+00:00,0.15085,0.15103,0.14959,0.14959,344796.0
2026-06-28 22:00:00+00:00,0.14959,0.14985,0.14888,0.14903,301019.0
2026-06-28 23:00:00+00:00,0.14903,0.14969,0.14884,0.14962,220552.0
2026-06-29 00:00:00+00:00,0.14962,0.14962,0.1482,0.14869,697093.0
2026-06-29 01:00:00+00:00,0.14869,0.14882,0.14827,0.14864,193951.0
2026-06-29 02:00:00+00:00,0.14864,0.14921,0.14807,0.14808,298691.0
2026-06-29 03:00:00+00:00,0.14808,0.14861,0.14805,0.14835,195703.0
2026-06-29 04:00:00+00:00,0.14835,0.14843,0.14784,0.14797,296764.0
2026-06-29 05:00:00+00:00,0.14797,0.14808,0.14732,0.1475,438539.0
2026-06-29 06:00:00+00:00,0.1475,0.14786,0.147,0.147,642176.0
2026-06-29 07:00:00+00:00,0.147,0.14709,0.14624,0.14624,314345.0
2026-06-29 08:00:00+00:00,0.14624,0.14629,0.14501,0.14543,718337.0
2026-06-29 09:00:00+00:00,0.14543,0.14566,0.14512,0.14546,294255.0
2026-06-29 10:00:00+00:00,0.14546,0.14565,0.14511,0.14536,393011.0
2026-06-29 11:00:00+00:00,0.14536,0.14618,0.14531,0.14559,342532.0
2026-06-29 12:00:00+00:00,0.14559,0.14644,0.14534,0.14613,367185.0
2026-06-29 13:00:00+00:00,0.14613,0.14648,0.14548,0.14635,455822.0
2026-06-29 14:00:00+00:00,0.14635,0.14635,0.14516,0.1454,344968.0
2026-06-29 15:00:00+00:00,0.1454,0.14554,0.14477,0.14524,872588.0
2026-06-29 16:00:00+00:00,0.14524,0.14568,0.1448,0.14494,282746.0
2026-06-29 17:00:00+00:00,0.14494,0.14641,0.1449,0.14575,333951.0
2026-06-29 18:00:00+00:00,0.14575,0.14585,0.14527,0.14529,308852.0
2026-06-29 19:00:00+00:00,0.14529,0.14578,0.14515,0.14541,268395.0
2026-06-29 20:00:00+00:00,0.14541,0.14607,0.1451,0.1454,291248.0
2026-06-29 21:00:00+00:00,0.1454,0.14561,0.14456,0.14457,486087.0
2026-06-29 22:00:00+00:00,0.14457,0.14485,0.14404,0.14483,323861.0
2026-06-29 23:00:00+00:00,0.14483,0.14567,0.14483,0.14537,157007.0
2026-06-30 00:00:00+00:00,0.14537,0.14547,0.1439,0.1442,442502.0
2026-06-30 01:00:00+00:00,0.1442,0.14452,0.14406,0.14441,238158.0
2026-06-30 02:00:00+00:00,0.14441,0.14447,0.14255,0.14278,941693.0
2026-06-30 03:00:00+00:00,0.14278,0.14289,0.14218,0.14249,269220.0
2026-06-30 04:00:00+00:00,0.14249,0.14267,0.14147,0.14154,419576.0
2026-06-30 05:00:00+00:00,0.14154,0.14216,0.14131,0.14209,157156.0
2026-06-30 06:00:00+00:00,0.14209,0.14212,0.1408,0.14086,471250.0
2026-06-30 07:00:00+00:00,0.14086,0.1412,0.14005,0.14026,703777.0
2026-06-30 08:00:00+00:00,0.14026,0.14074,0.13975,0.14009,808870.0
2026-06-30 09:00:00+00:00,0.14009,0.14042,0.13917,0.13969,2290954.0
2026-06-30 10:00:00+00:00,0.13969,0.13969,0.1342,0.13776,7030981.0
2026-06-30 11:00:00+00:00,0.13776,0.13776,0.1335,0.13402,2861189.0
2026-06-30 12:00:00+00:00,0.13402,0.13993,0.13263,0.13739,4132153.0
2026-06-30 13:00:00+00:00,0.13739,0.13957,0.13701,0.13853,4215316.0
2026-06-30 14:00:00+00:00,0.13853,0.14415,0.13849,0.14393,3137399.0
2026-06-30 15:00:00+00:00,0.14393,0.14905,0.14393,0.1458,3780646.0
2026-06-30 16:00:00+00:00,0.1458,0.14586,0.14243,0.14306,1186105.0
2026-06-30 17:00:00+00:00,0.14306,0.14334,0.14159,0.14198,674390.0
2026-06-30 18:00:00+00:00,0.14198,0.14231,0.14135,0.14135,148688.0
2026-06-30 19:00:00+00:00,0.14135,0.14153,0.14065,0.14108,282918.0
2026-06-30 20:00:00+00:00,0.14108,0.14149,0.14049,0.14059,344603.0
2026-06-30 21:00:00+00:00,0.14059,0.14158,0.14051,0.14158,170282.0
2026-06-30 22:00:00+00:00,0.14158,0.14202,0.14082,0.14104,240625.0
2026-06-30 23:00:00+00:00,0.14104,0.14146,0.14064,0.14134,182777.0
2026-07-01 00:00:00+00:00,0.14134,0.14149,0.14074,0.14116,126776.0
2026-07-01 01:00:00+00:00,0.14116,0.14122,0.14026,0.14097,208724.0
2026-07-01 02:00:00+00:00,0.14097,0.14477,0.14096,0.14422,2157575.0
2026-07-01 03:00:00+00:00,0.14422,0.14647,0.14331,0.14593,372222.0
2026-07-01 04:00:00+00:00,0.14593,0.14644,0.14408,0.14493,340256.0
2026-07-01 05:00:00+00:00,0.14493,0.14522,0.14456,0.14517,87488.0
2026-07-01 06:00:00+00:00,0.14517,0.14564,0.14472,0.14537,189339.0
2026-07-01 07:00:00+00:00,0.14537,0.14783,0.14514,0.14703,745849.0
2026-07-01 08:00:00+00:00,0.14703,0.14834,0.14641,0.14807,631350.0
2026-07-01 09:00:00+00:00,0.14807,0.14954,0.1476,0.14796,945502.0
2026-07-01 10:00:00+00:00,0.14796,0.14829,0.14707,0.14739,853308.0
2026-07-01 11:00:00+00:00,0.14739,0.14743,0.14669,0.14732,382926.0
2026-07-01 12:00:00+00:00,0.14732,0.14742,0.14563,0.14587,549444.0
2026-07-01 13:00:00+00:00,0.14587,0.14596,0.14453,0.14465,750248.0
2026-07-01 14:00:00+00:00,0.14465,0.14493,0.14335,0.14336,435306.0
2026-07-01 15:00:00+00:00,0.14336,0.14417,0.143,0.14343,419587.0
2026-07-01 16:00:00+00:00,0.14343,0.14364,0.14234,0.14244,515110.0
2026-07-01 17:00:00+00:00,0.14244,0.1425,0.14195,0.14206,232435.0
2026-07-01 18:00:00+00:00,0.14206,0.14213,0.13929,0.13979,1255707.0
2026-07-01 19:00:00+00:00,0.13979,0.14066,0.13962,0.14028,550386.0
2026-07-01 20:00:00+00:00,0.14028,0.14144,0.14008,0.14137,220635.0
2026-07-01 21:00:00+00:00,0.14137,0.14141,0.14029,0.14054,408947.0
2026-07-01 22:00:00+00:00,0.14054,0.14111,0.14022,0.14079,399370.0
2026-07-01 23:00:00+00:00,0.14079,0.1409,0.13953,0.14082,418892.0
2026-07-02 00:00:00+00:00,0.14082,0.14112,0.14009,0.1411,288457.0
2026-07-02 01:00:00+00:00,0.1411,0.1411,0.14055,0.14072,267375.0
2026-07-02 02:00:00+00:00,0.14072,0.14166,0.14072,0.14094,298138.0
2026-07-02 03:00:00+00:00,0.14094,0.1417,0.14086,0.14136,138211.0
2026-07-02 04:00:00+00:00,0.14136,0.14159,0.14102,0.14105,259720.0
2026-07-02 05:00:00+00:00,0.14105,0.14171,0.13925,0.13972,489594.0
2026-07-02 06:00:00+00:00,0.13972,0.13978,0.13901,0.13947,295028.0
2026-07-02 07:00:00+00:00,0.13947,0.13947,0.13909,0.1391,153983.0
2026-07-02 08:00:00+00:00,0.1391,0.13952,0.13905,0.13926,303414.0
2026-07-02 09:00:00+00:00,0.13926,0.14154,0.13907,0.14077,1246908.0
2026-07-02 10:00:00+00:00,0.14077,0.14225,0.14,0.14099,736729.0
2026-07-02 11:00:00+00:00,0.14099,0.14141,0.14052,0.14059,483231.0
2026-07-02 12:00:00+00:00,0.14059,0.14135,0.14016,0.14075,481590.0
2026-07-02 13:00:00+00:00,0.14075,0.14105,0.14015,0.14026,958450.0
2026-07-02 14:00:00+00:00,0.14026,0.1404,0.13969,0.13969,543465.0
2026-07-02 15:00:00+00:00,0.13969,0.13989,0.139,0.13912,786275.0
2026-07-02 16:00:00+00:00,0.13912,0.13965,0.13807,0.13898,630299.0
2026-07-02 17:00:00+00:00,0.13898,0.13908,0.13775,0.13783,158784.0
2026-07-02 18:00:00+00:00,0.13783,0.13872,0.13754,0.1386,441294.0
2026-07-02 19:00:00+00:00,0.1386,0.13986,0.13856,0.13932,442821.0
2026-07-02 20:00:00+00:00,0.13932,0.14055,0.13891,0.13989,539728.0
2026-07-02 21:00:00+00:00,0.13989,0.14071,0.13989,0.14029,407901.0
2026-07-02 22:00:00+00:00,0.14029,0.14043,0.13928,0.1399,375266.0
2026-07-02 23:00:00+00:00,0.1399,0.14027,0.13949,0.13962,385425.0
2026-07-03 00:00:00+00:00,0.13962,0.14059,0.13915,0.14017,300473.0
2026-07-03 01:00:00+00:00,0.14017,0.14078,0.14011,0.14034,193731.0
2026-07-03 02:00:00+00:00,0.14034,0.14044,0.13945,0.13959,194161.0
2026-07-03 03:00:00+00:00,0.13959,0.13997,0.13949,0.13965,138821.0
2026-07-03 04:00:00+00:00,0.13965,0.14013,0.13962,0.14005,37307.0
2026-07-03 05:00:00+00:00,0.14005,0.14024,0.13979,0.13989,76790.0
2026-07-03 06:00:00+00:00,0.13989,0.13989,0.13923,0.13966,333644.0
2026-07-03 07:00:00+00:00,0.13966,0.13991,0.13848,0.13858,340062.0
2026-07-03 08:00:00+00:00,0.13858,0.139,0.13737,0.13748,429855.0
2026-07-03 09:00:00+00:00,0.13748,0.13891,0.1373,0.13873,201596.0
2026-07-03 10:00:00+00:00,0.13873,0.13924,0.13816,0.13923,178432.0
2026-07-03 11:00:00+00:00,0.13923,0.14007,0.1386,0.13907,268885.0
2026-07-03 12:00:00+00:00,0.13907,0.13923,0.13856,0.13923,200321.0
2026-07-03 13:00:00+00:00,0.13923,0.13931,0.13818,0.13844,286098.0
2026-07-03 14:00:00+00:00,0.13844,0.13844,0.13733,0.13777,313626.0
2026-07-03 15:00:00+00:00,0.13777,0.13814,0.13709,0.13741,286269.0
2026-07-03 16:00:00+00:00,0.13741,0.13799,0.13731,0.13796,209971.0
2026-07-03 17:00:00+00:00,0.13796,0.13915,0.13787,0.13915,204354.0
2026-07-03 18:00:00+00:00,0.13915,0.14051,0.13902,0.13965,453661.0
2026-07-03 19:00:00+00:00,0.13965,0.13995,0.13942,0.13995,122149.0
2026-07-03 20:00:00+00:00,0.13995,0.14089,0.13994,0.14082,246179.0
2026-07-03 21:00:00+00:00,0.14082,0.14098,0.14025,0.14029,288846.0
2026-07-03 22:00:00+00:00,0.14029,0.1403,0.13933,0.13978,345794.0
2026-07-03 23:00:00+00:00,0.13978,0.14046,0.13974,0.14036,82830.0
2026-07-04 00:00:00+00:00,0.14036,0.14046,0.139,0.13943,211471.0
2026-07-04 01:00:00+00:00,0.13943,0.14088,0.13901,0.14073,430582.0
2026-07-04 02:00:00+00:00,0.14073,0.14086,0.13918,0.13934,122890.0
2026-07-04 03:00:00+00:00,0.13934,0.13985,0.13933,0.1398,105984.0
2026-07-04 04:00:00+00:00,0.1398,0.13999,0.13938,0.13947,106675.0
2026-07-04 05:00:00+00:00,0.13947,0.13968,0.13918,0.13964,144672.0
2026-07-04 06:00:00+00:00,0.13964,0.13987,0.13874,0.13926,276733.0
2026-07-04 07:00:00+00:00,0.13926,0.13939,0.13896,0.13924,107210.0
2026-07-04 08:00:00+00:00,0.13924,0.13933,0.13761,0.13789,272145.0
2026-07-04 09:00:00+00:00,0.13789,0.13798,0.13709,0.13768,289416.0
2026-07-04 10:00:00+00:00,0.13768,0.13832,0.13759,0.13824,80801.0
2026-07-04 11:00:00+00:00,0.13824,0.13884,0.13777,0.13884,48003.0
2026-07-04 12:00:00+00:00,0.13884,0.1389,0.13844,0.13866,79646.0
2026-07-04 13:00:00+00:00,0.13866,0.13877,0.13846,0.13863,105338.0
2026-07-04 14:00:00+00:00,0.13863,0.13871,0.13796,0.13809,134467.0
2026-07-04 15:00:00+00:00,0.13809,0.13901,0.13789,0.13899,109543.0
2026-07-04 16:00:00+00:00,0.13899,0.13934,0.13857,0.13858,61797.0
2026-07-04 17:00:00+00:00,0.13858,0.1394,0.13839,0.13934,59413.0
2026-07-04 18:00:00+00:00,0.13934,0.13982,0.13914,0.1397,247484.0
2026-07-04 19:00:00+00:00,0.1397,0.13995,0.13963,0.13992,69370.0
2026-07-04 20:00:00+00:00,0.13992,0.14063,0.13973,0.14019,179700.0
2026-07-04 21:00:00+00:00,0.14019,0.14042,0.13984,0.13991,106250.0
2026-07-04 22:00:00+00:00,0.13991,0.1404,0.1396,0.13987,527846.0
2026-07-04 23:00:00+00:00,0.13987,0.14013,0.13928,0.14011,123237.0
2026-07-05 00:00:00+00:00,0.14011,0.14071,0.13932,0.13934,90657.0
2026-07-05 01:00:00+00:00,0.13934,0.13951,0.13836,0.13862,281012.0
2026-07-05 02:00:00+00:00,0.13862,0.1387,0.13811,0.13822,227044.0
2026-07-05 03:00:00+00:00,0.13822,0.1386,0.13808,0.13844,63552.0
2026-07-05 04:00:00+00:00,0.13844,0.13872,0.13808,0.13841,486243.0
2026-07-05 05:00:00+00:00,0.13841,0.1392,0.13822,0.13891,521707.0
2026-07-05 06:00:00+00:00,0.13891,0.14051,0.13874,0.14025,479019.0
2026-07-05 07:00:00+00:00,0.14025,0.14105,0.13943,0.1408,584231.0
2026-07-05 08:00:00+00:00,0.1408,0.1414,0.13955,0.13995,1756451.0
2026-07-05 09:00:00+00:00,0.13995,0.14136,0.13987,0.14002,1404951.0
2026-07-05 10:00:00+00:00,0.14002,0.14129,0.14002,0.14104,489998.0
2026-07-05 11:00:00+00:00,0.14104,0.14108,0.14042,0.1406,429798.0
2026-07-05 12:00:00+00:00,0.1406,0.14065,0.13996,0.14033,390672.0
2026-07-05 13:00:00+00:00,0.14033,0.14107,0.14025,0.14059,540539.0
2026-07-05 14:00:00+00:00,0.14059,0.14089,0.14047,0.14084,86489.0
2026-07-05 15:00:00+00:00,0.14084,0.14098,0.14058,0.14084,106790.0
2026-07-05 16:00:00+00:00,0.14084,0.14123,0.14069,0.14083,109787.0
2026-07-05 17:00:00+00:00,0.14083,0.14087,0.14034,0.14072,114784.0
2026-07-05 18:00:00+00:00,0.14072,0.14133,0.14067,0.14123,123953.0
2026-07-05 19:00:00+00:00,0.14123,0.14143,0.14096,0.14121,205704.0
2026-07-05 20:00:00+00:00,0.14121,0.14171,0.14099,0.14102,416858.0
2026-07-05 21:00:00+00:00,0.14102,0.14113,0.14077,0.14099,84425.0
2026-07-05 22:00:00+00:00,0.14099,0.14147,0.14078,0.14125,149031.0
2026-07-05 23:00:00+00:00,0.14125,0.14141,0.1411,0.14138,75303.0
2026-07-06 00:00:00+00:00,0.14138,0.14312,0.14127,0.14274,638618.0
2026-07-06 01:00:00+00:00,0.14274,0.1443,0.14254,0.14418,997425.0
2026-07-06 02:00:00+00:00,0.14418,0.14541,0.14393,0.14417,705689.0
2026-07-06 03:00:00+00:00,0.14417,0.14418,0.14247,0.14295,666341.0
2026-07-06 04:00:00+00:00,0.14295,0.14345,0.1426,0.14331,502435.0
2026-07-06 05:00:00+00:00,0.14331,0.14424,0.14285,0.14358,475549.0
2026-07-06 06:00:00+00:00,0.14358,0.14373,0.14261,0.14304,348046.0
2026-07-06 07:00:00+00:00,0.14304,0.14308,0.14209,0.1424,248435.0
2026-07-06 08:00:00+00:00,0.1424,0.14247,0.1417,0.14179,385511.0
2026-07-06 09:00:00+00:00,0.14179,0.14185,0.14058,0.14082,586146.0
2026-07-06 10:00:00+00:00,0.14082,0.14193,0.14073,0.14181,353001.0
2026-07-06 11:00:00+00:00,0.14181,0.14236,0.14144,0.14144,337189.0
2026-07-06 12:00:00+00:00,0.14144,0.14144,0.13923,0.13927,813690.0
2026-07-06 13:00:00+00:00,0.13927,0.13958,0.139,0.13901,510934.0
2026-07-06 14:00:00+00:00,0.13901,0.14002,0.13891,0.13959,429852.0
2026-07-06 15:00:00+00:00,0.13959,0.14,0.13886,0.13966,366691.0
2026-07-06 16:00:00+00:00,0.13966,0.14003,0.13781,0.13825,837609.0
2026-07-06 17:00:00+00:00,0.13825,0.13925,0.13821,0.13853,654121.0
2026-07-06 18:00:00+00:00,0.13853,0.13872,0.13688,0.13727,625883.0
2026-07-06 19:00:00+00:00,0.13727,0.13909,0.13709,0.13815,449509.0
2026-07-06 20:00:00+00:00,0.13815,0.13817,0.1375,0.13758,239430.0
2026-07-06 21:00:00+00:00,0.13758,0.13859,0.1372,0.13856,449259.0
2026-07-06 22:00:00+00:00,0.13856,0.13884,0.13801,0.1385,213506.0
2026-07-06 23:00:00+00:00,0.1385,0.13872,0.13805,0.13814,264005.0
2026-07-07 00:00:00+00:00,0.13814,0.13855,0.13775,0.13791,381437.0
2026-07-07 01:00:00+00:00,0.13791,0.13795,0.13696,0.13697,449150.0
2026-07-07 02:00:00+00:00,0.13697,0.13747,0.13632,0.1366,605182.0
2026-07-07 03:00:00+00:00,0.1366,0.13777,0.13645,0.13737,474802.0
2026-07-07 04:00:00+00:00,0.13737,0.13754,0.13654,0.13674,442371.0
2026-07-07 05:00:00+00:00,0.13674,0.13677,0.13525,0.13594,1111418.0
2026-07-07 06:00:00+00:00,0.13594,0.13625,0.13538,0.1354,406512.0
2026-07-07 07:00:00+00:00,0.1354,0.13543,0.134,0.1348,1759770.0
2026-07-07 08:00:00+00:00,0.1348,0.13484,0.13334,0.1339,853467.0
2026-07-07 09:00:00+00:00,0.1339,0.13451,0.13371,0.13442,416022.0
2026-07-07 10:00:00+00:00,0.13442,0.13443,0.13348,0.13384,421384.0
2026-07-07 11:00:00+00:00,0.13384,0.13483,0.13363,0.13483,432839.0
2026-07-07 12:00:00+00:00,0.13483,0.13638,0.13409,0.13419,1158758.0
2026-07-07 13:00:00+00:00,0.13419,0.1349,0.13382,0.13395,503358.0
2026-07-07 14:00:00+00:00,0.13395,0.13436,0.13347,0.1338,797893.0
2026-07-07 15:00:00+00:00,0.1338,0.13397,0.13348,0.13348,565780.0
2026-07-07 16:00:00+00:00,0.13348,0.13351,0.13165,0.13197,1590341.0
2026-07-07 17:00:00+00:00,0.13197,0.13242,0.1312,0.13233,1009836.0
2026-07-07 18:00:00+00:00,0.13233,0.13295,0.13141,0.13239,861740.0
2026-07-07 19:00:00+00:00,0.13239,0.13324,0.13191,0.13211,588727.0
2026-07-07 20:00:00+00:00,0.13211,0.13211,0.1308,0.13117,799366.0
2026-07-07 21:00:00+00:00,0.13117,0.13132,0.13046,0.13097,813732.0
2026-07-07 22:00:00+00:00,0.13097,0.13097,0.1293,0.1308,1252975.0
2026-07-07 23:00:00+00:00,0.1308,0.13124,0.13045,0.13107,419285.0
2026-07-08 00:00:00+00:00,0.13107,0.13178,0.13066,0.13117,347417.0
2026-07-08 01:00:00+00:00,0.13117,0.13137,0.13008,0.13008,358227.0
2026-07-08 02:00:00+00:00,0.13008,0.13027,0.12944,0.1301,676099.0
2026-07-08 03:00:00+00:00,0.1301,0.13012,0.12892,0.1292,1190027.0
2026-07-08 04:00:00+00:00,0.1292,0.12931,0.12628,0.12811,3407517.0
2026-07-08 05:00:00+00:00,0.12811,0.12811,0.12737,0.1278,567221.0
2026-07-08 06:00:00+00:00,0.1278,0.12836,0.12675,0.12756,955072.0
2026-07-08 07:00:00+00:00,0.12756,0.1277,0.12653,0.12656,620376.0
2026-07-08 08:00:00+00:00,0.12656,0.12671,0.12445,0.12648,2359838.0
2026-07-08 09:00:00+00:00,0.12648,0.12673,0.12584,0.12584,732049.0
2026-07-08 10:00:00+00:00,0.12584,0.12597,0.12453,0.12498,1621555.0
2026-07-08 11:00:00+00:00,0.12498,0.12751,0.12428,0.12725,2197193.0
2026-07-08 12:00:00+00:00,0.12725,0.1276,0.12563,0.12604,1043975.0
2026-07-08 13:00:00+00:00,0.12604,0.12729,0.1252,0.12644,1910226.0
2026-07-08 14:00:00+00:00,0.12644,0.12849,0.12626,0.12821,986167.0
2026-07-08 15:00:00+00:00,0.12821,0.12823,0.1257,0.12594,587140.0
2026-07-08 16:00:00+00:00,0.12594,0.12724,0.12498,0.12566,976479.0
2026-07-08 17:00:00+00:00,0.12566,0.12792,0.12556,0.12776,345057.0
2026-07-08 18:00:00+00:00,0.12776,0.12801,0.12606,0.12665,670544.0
2026-07-08 19:00:00+00:00,0.12665,0.12713,0.12583,0.1267,457365.0
2026-07-08 20:00:00+00:00,0.1267,0.12719,0.12579,0.12579,189206.0
2026-07-08 21:00:00+00:00,0.12579,0.12726,0.12579,0.12706,350108.0
2026-07-08 22:00:00+00:00,0.12706,0.12787,0.12681,0.12735,229717.0
2026-07-08 23:00:00+00:00,0.12735,0.12807,0.12729,0.12783,321204.0
2026-07-09 00:00:00+00:00,0.12783,0.12876,0.12711,0.12799,1024440.0
2026-07-09 01:00:00+00:00,0.12799,0.12856,0.12735,0.12797,884273.0
2026-07-09 02:00:00+00:00,0.12797,0.12841,0.12682,0.12784,838055.0
2026-07-09 03:00:00+00:00,0.12784,0.12841,0.12676,0.12736,819744.0
2026-07-09 04:00:00+00:00,0.12736,0.12816,0.12676,0.12757,954785.0
2026-07-09 05:00:00+00:00,0.12757,0.13007,0.12748,0.12839,893501.0
2026-07-09 06:00:00+00:00,0.12839,0.12989,0.12823,0.1291,256300.0
2026-07-09 07:00:00+00:00,0.1291,0.13015,0.12855,0.12969,422423.0
2026-07-09 08:00:00+00:00,0.12969,0.13,0.12828,0.12841,735114.0
2026-07-09 09:00:00+00:00,0.12841,0.12864,0.12687,0.12712,1089985.0
2026-07-09 10:00:00+00:00,0.12712,0.12747,0.12608,0.1273,866661.0
2026-07-09 11:00:00+00:00,0.1273,0.12984,0.1273,0.12976,638428.0
2026-07-09 12:00:00+00:00,0.12976,0.13252,0.12973,0.13151,2609640.0
2026-07-09 13:00:00+00:00,0.13151,0.13166,0.13042,0.13166,764576.0
2026-07-09 14:00:00+00:00,0.13166,0.13578,0.13166,0.13391,5335133.0
2026-07-09 15:00:00+00:00,0.13391,0.13499,0.13362,0.13362,1012251.0
2026-07-09 16:00:00+00:00,0.13362,0.13426,0.13202,0.13274,1244651.0
2026-07-09 17:00:00+00:00,0.13274,0.13362,0.13224,0.13246,470577.0
2026-07-09 18:00:00+00:00,0.13246,0.13301,0.1324,0.1325,357388.0
2026-07-09 19:00:00+00:00,0.1325,0.13323,0.1322,0.1326,209864.0
2026-07-09 20:00:00+00:00,0.1326,0.13275,0.13174,0.13175,164499.0
2026-07-09 21:00:00+00:00,0.13175,0.13266,0.13167,0.13167,302767.0
2026-07-09 22:00:00+00:00,0.13167,0.1338,0.13067,0.13287,1313781.0
2026-07-09 23:00:00+00:00,0.13287,0.13327,0.13184,0.13288,525023.0
2026-07-10 00:00:00+00:00,0.13288,0.13599,0.13276,0.13551,2352819.0
2026-07-10 01:00:00+00:00,0.13551,0.13569,0.13368,0.13452,749341.0
2026-07-10 02:00:00+00:00,0.13452,0.13501,0.1336,0.13377,1058035.0
2026-07-10 03:00:00+00:00,0.13377,0.13394,0.13347,0.13371,164664.0
2026-07-10 04:00:00+00:00,0.13371,0.1338,0.13266,0.133,185259.0
2026-07-10 05:00:00+00:00,0.133,0.13347,0.13219,0.13246,462197.0
2026-07-10 06:00:00+00:00,0.13246,0.13246,0.13084,0.13104,546493.0
2026-07-10 07:00:00+00:00,0.13104,0.1314,0.13086,0.13113,567294.0
2026-07-10 08:00:00+00:00,0.13113,0.13259,0.13113,0.13156,601550.0
2026-07-10 09:00:00+00:00,0.13156,0.13232,0.13147,0.13173,242214.0
2026-07-10 10:00:00+00:00,0.13173,0.13198,0.13138,0.1316,284830.0
2026-07-10 11:00:00+00:00,0.1316,0.13194,0.13127,0.13143,440979.0
2026-07-10 12:00:00+00:00,0.13143,0.13148,0.131,0.13125,363457.0
2026-07-10 13:00:00+00:00,0.13125,0.1316,0.13083,0.13136,327551.0
2026-07-10 14:00:00+00:00,0.13136,0.13316,0.13047,0.13277,1360370.0
2026-07-10 15:00:00+00:00,0.13277,0.1351,0.13272,0.13388,1837954.0
2026-07-10 16:00:00+00:00,0.13388,0.13425,0.13318,0.13363,843859.0
2026-07-10 17:00:00+00:00,0.13363,0.13448,0.13351,0.1338,247207.0
2026-07-10 18:00:00+00:00,0.1338,0.13388,0.13217,0.13297,1016410.0
2026-07-10 19:00:00+00:00,0.13297,0.13319,0.13277,0.13285,121369.0
2026-07-10 20:00:00+00:00,0.13285,0.1329,0.13248,0.13272,142928.0
2026-07-10 21:00:00+00:00,0.13272,0.13354,0.13252,0.13326,170228.0
2026-07-10 22:00:00+00:00,0.13326,0.13388,0.13314,0.13371,144132.0
2026-07-10 23:00:00+00:00,0.13371,0.13463,0.13365,0.13409,275937.0
2026-07-11 00:00:00+00:00,0.13409,0.13409,0.13182,0.13231,632574.0
2026-07-11 01:00:00+00:00,0.13231,0.1352,0.13225,0.13409,1071654.0
2026-07-11 02:00:00+00:00,0.13409,0.13549,0.1337,0.13467,770539.0
2026-07-11 03:00:00+00:00,0.13467,0.13469,0.13381,0.1341,54053.0
2026-07-11 04:00:00+00:00,0.1341,0.13415,0.13288,0.1336,230131.0
2026-07-11 05:00:00+00:00,0.1336,0.1348,0.13344,0.13434,157530.0
2026-07-11 06:00:00+00:00,0.13434,0.13538,0.13434,0.13504,353928.0
2026-07-11 07:00:00+00:00,0.13504,0.13556,0.13455,0.13503,248963.0
2026-07-11 08:00:00+00:00,0.13503,0.13575,0.13479,0.1352,339118.0
2026-07-11 09:00:00+00:00,0.1352,0.13539,0.1349,0.13519,148660.0
2026-07-11 10:00:00+00:00,0.13519,0.1352,0.1348,0.13495,204145.0
2026-07-11 11:00:00+00:00,0.13495,0.13529,0.13465,0.13513,296950.0
2026-07-11 12:00:00+00:00,0.13513,0.13585,0.13504,0.1352,296780.0
2026-07-11 13:00:00+00:00,0.1352,0.13532,0.13474,0.13482,156057.0
2026-07-11 14:00:00+00:00,0.13482,0.13541,0.13473,0.13519,164167.0
2026-07-11 15:00:00+00:00,0.13519,0.13564,0.13503,0.13564,367993.0
2026-07-11 16:00:00+00:00,0.13564,0.13636,0.13549,0.1358,363474.0
2026-07-11 17:00:00+00:00,0.1358,0.13678,0.13573,0.13661,327433.0
2026-07-11 18:00:00+00:00,0.13661,0.13661,0.13535,0.13547,385869.0
2026-07-11 19:00:00+00:00,0.13547,0.13554,0.13485,0.13518,466846.0
2026-07-11 20:00:00+00:00,0.13518,0.13526,0.13484,0.13501,219838.0
2026-07-11 21:00:00+00:00,0.13501,0.13543,0.13496,0.13521,141394.0
2026-07-11 22:00:00+00:00,0.13521,0.13561,0.13509,0.13509,304889.0
2026-07-11 23:00:00+00:00,0.13509,0.13532,0.13408,0.13458,809376.0
2026-07-12 00:00:00+00:00,0.13458,0.13657,0.13387,0.13456,1195879.0
2026-07-12 01:00:00+00:00,0.13456,0.13508,0.1341,0.13489,71650.0
2026-07-12 02:00:00+00:00,0.13489,0.13528,0.1348,0.13499,126786.0
2026-07-12 03:00:00+00:00,0.13499,0.13517,0.1348,0.13506,54488.0
2026-07-12 04:00:00+00:00,0.13506,0.13508,0.13473,0.13478,222582.0
2026-07-12 05:00:00+00:00,0.13478,0.13614,0.13473,0.1358,325530.0
2026-07-12 06:00:00+00:00,0.1358,0.1375,0.13536,0.13612,963358.0
2026-07-12 07:00:00+00:00,0.13612,0.13632,0.13564,0.13613,77975.0
2026-07-12 08:00:00+00:00,0.13613,0.13643,0.13596,0.13625,154998.0
2026-07-12 09:00:00+00:00,0.13625,0.13683,0.13607,0.13612,187515.0
2026-07-12 10:00:00+00:00,0.13612,0.1363,0.13585,0.13602,168690.0
2026-07-12 11:00:00+00:00,0.13602,0.13627,0.13581,0.13601,422136.0
2026-07-12 12:00:00+00:00,0.13601,0.13671,0.1359,0.13661,447034.0
2026-07-12 13:00:00+00:00,0.13661,0.13728,0.13646,0.13726,459241.0
2026-07-12 14:00:00+00:00,0.13726,0.13795,0.13722,0.13795,387225.0
2026-07-12 15:00:00+00:00,0.13795,0.13795,0.13756,0.13765,395167.0
2026-07-12 16:00:00+00:00,0.13765,0.13967,0.1357,0.13584,1735814.0
2026-07-12 17:00:00+00:00,0.13584,0.13647,0.13566,0.13591,785014.0
2026-07-12 18:00:00+00:00,0.13591,0.13591,0.13557,0.13559,214267.0
2026-07-12 19:00:00+00:00,0.13559,0.1357,0.13473,0.13475,512177.0
2026-07-12 20:00:00+00:00,0.13475,0.13497,0.13454,0.13454,247348.0
2026-07-12 21:00:00+00:00,0.13454,0.13477,0.13407,0.13411,154843.0
2026-07-12 22:00:00+00:00,0.13411,0.13411,0.13348,0.13371,272908.0
2026-07-12 23:00:00+00:00,0.13371,0.13381,0.13287,0.13296,451210.0
2026-07-13 00:00:00+00:00,0.13296,0.13377,0.13255,0.1337,547660.0
2026-07-13 01:00:00+00:00,0.1337,0.1337,0.13251,0.13255,145253.0
2026-07-13 02:00:00+00:00,0.13255,0.13349,0.13255,0.13279,474314.0
2026-07-13 03:00:00+00:00,0.13279,0.13324,0.13244,0.13289,322526.0
2026-07-13 04:00:00+00:00,0.13289,0.1329,0.13258,0.1326,123838.0
2026-07-13 05:00:00+00:00,0.1326,0.13347,0.13226,0.13292,428518.0
2026-07-13 06:00:00+00:00,0.13292,0.1342,0.13292,0.13326,543799.0
2026-07-13 07:00:00+00:00,0.13326,0.13357,0.13306,0.13332,220388.0
2026-07-13 08:00:00+00:00,0.13332,0.13334,0.13273,0.13285,197071.0
2026-07-13 09:00:00+00:00,0.13285,0.13322,0.13271,0.13306,52127.0
2026-07-13 10:00:00+00:00,0.13306,0.13449,0.133,0.1334,273890.0
2026-07-13 11:00:00+00:00,0.1334,0.13425,0.1334,0.13407,73001.0
2026-07-13 12:00:00+00:00,0.13407,0.13439,0.134,0.13425,98130.0
2026-07-13 13:00:00+00:00,0.13425,0.13445,0.13334,0.13345,294994.0
2026-07-13 14:00:00+00:00,0.13345,0.13372,0.13314,0.13323,314582.0
2026-07-13 15:00:00+00:00,0.13323,0.13362,0.13248,0.13251,680061.0
2026-07-13 16:00:00+00:00,0.13251,0.13326,0.13249,0.13301,386054.0
2026-07-13 17:00:00+00:00,0.13301,0.13305,0.13254,0.13254,152524.0
2026-07-13 18:00:00+00:00,0.13254,0.13346,0.13254,0.13295,208175.0
2026-07-13 19:00:00+00:00,0.13295,0.13322,0.13284,0.13322,47016.0
2026-07-13 20:00:00+00:00,0.13322,0.13395,0.13243,0.13243,448060.0
2026-07-13 21:00:00+00:00,0.13243,0.13274,0.13083,0.13089,813021.0
2026-07-13 22:00:00+00:00,0.13089,0.13122,0.1302,0.13039,1050465.0
2026-07-13 23:00:00+00:00,0.13039,0.13042,0.12956,0.13,1307358.0
2026-07-14 00:00:00+00:00,0.13,0.13025,0.12932,0.13,915005.0
2026-07-14 01:00:00+00:00,0.13,0.13039,0.12972,0.13001,1366379.0
2026-07-14 02:00:00+00:00,0.13001,0.13006,0.12976,0.13,270239.0
2026-07-14 03:00:00+00:00,0.13,0.13003,0.12932,0.12982,248072.0
2026-07-14 04:00:00+00:00,0.12982,0.13006,0.12933,0.12988,230531.0
2026-07-14 05:00:00+00:00,0.12988,0.13046,0.12961,0.13043,135055.0
2026-07-14 06:00:00+00:00,0.13043,0.13049,0.13004,0.13043,134151.0
2026-07-14 07:00:00+00:00,0.13043,0.13064,0.13019,0.13044,131817.0
2026-07-14 08:00:00+00:00,0.13044,0.13059,0.13023,0.13041,148770.0
2026-07-14 09:00:00+00:00,0.13041,0.13103,0.13038,0.13069,159481.0
2026-07-14 10:00:00+00:00,0.13069,0.13098,0.13051,0.13076,102220.0
2026-07-14 11:00:00+00:00,0.13076,0.13101,0.13025,0.13056,224353.0
2026-07-14 12:00:00+00:00,0.13056,0.13131,0.13038,0.13082,556457.0
2026-07-14 13:00:00+00:00,0.13082,0.133,0.13063,0.13228,705914.0
2026-07-14 14:00:00+00:00,0.13228,0.13242,0.13146,0.13223,571098.0
2026-07-14 15:00:00+00:00,0.13223,0.13284,0.13223,0.1325,121925.0
2026-07-14 16:00:00+00:00,0.1325,0.13289,0.13189,0.13189,406622.0
2026-07-14 17:00:00+00:00,0.13189,0.13232,0.13184,0.1321,175428.0
2026-07-14 18:00:00+00:00,0.1321,0.13251,0.13162,0.13242,704559.0
2026-07-14 19:00:00+00:00,0.13242,0.13323,0.13231,0.13295,1186611.0
2026-07-14 20:00:00+00:00,0.13295,0.13414,0.13253,0.13331,1730951.0
2026-07-14 21:00:00+00:00,0.13331,0.13552,0.13289,0.13493,1035844.0
2026-07-14 22:00:00+00:00,0.13493,0.13894,0.13476,0.13761,1974177.0
2026-07-14 23:00:00+00:00,0.13761,0.13856,0.13739,0.13847,333399.0
2026-07-15 00:00:00+00:00,0.13847,0.14006,0.13844,0.13861,911722.0
2026-07-15 01:00:00+00:00,0.13861,0.1395,0.13829,0.13897,370446.0
2026-07-15 02:00:00+00:00,0.13897,0.14057,0.13882,0.14041,816152.0
2026-07-15 03:00:00+00:00,0.14041,0.14162,0.13981,0.14027,1000732.0
2026-07-15 04:00:00+00:00,0.14027,0.1417,0.14,0.14093,673539.0
2026-07-15 05:00:00+00:00,0.14093,0.14263,0.14012,0.14241,883002.0
2026-07-15 06:00:00+00:00,0.14241,0.1432,0.14192,0.14286,614495.0
2026-07-15 07:00:00+00:00,0.14286,0.14422,0.14213,0.14213,1264306.0
2026-07-15 08:00:00+00:00,0.14213,0.14283,0.14105,0.1416,1566380.0
2026-07-15 09:00:00+00:00,0.1416,0.14202,0.13618,0.13734,5714067.0
2026-07-15 10:00:00+00:00,0.13734,0.13805,0.13657,0.13805,651762.0
2026-07-15 11:00:00+00:00,0.13805,0.13834,0.13691,0.13745,644976.0
2026-07-15 12:00:00+00:00,0.13745,0.1534,0.13693,0.13998,46851116.0
2026-07-15 13:00:00+00:00,0.13998,0.14505,0.1363,0.13723,17784830.0
2026-07-15 14:00:00+00:00,0.13723,0.13897,0.13642,0.1384,2329385.0
2026-07-15 15:00:00+00:00,0.1384,0.13958,0.13691,0.13841,1680594.0
2026-07-15 16:00:00+00:00,0.13841,0.13984,0.13796,0.13972,1676238.0
2026-07-15 17:00:00+00:00,0.13972,0.13999,0.13899,0.13915,554429.0
2026-07-15 18:00:00+00:00,0.13915,0.14129,0.13886,0.14052,2710130.0
2026-07-15 19:00:00+00:00,0.14052,0.14092,0.13862,0.13912,930107.0
2026-07-15 20:00:00+00:00,0.13912,0.13961,0.13873,0.13959,450702.0
2026-07-15 21:00:00+00:00,0.13959,0.13966,0.13608,0.1364,1631116.0
2026-07-15 22:00:00+00:00,0.1364,0.13672,0.1362,0.13655,686313.0
2026-07-15 23:00:00+00:00,0.13655,0.13737,0.13646,0.13723,561414.0
2026-07-16 00:00:00+00:00,0.13723,0.13801,0.13643,0.13742,792847.0
2026-07-16 01:00:00+00:00,0.13742,0.13859,0.13516,0.13549,1817621.0
2026-07-16 02:00:00+00:00,0.13549,0.13574,0.13473,0.13519,1182216.0
2026-07-16 03:00:00+00:00,0.13519,0.13538,0.13468,0.13468,586795.0
2026-07-16 04:00:00+00:00,0.13468,0.13494,0.13213,0.13354,2620070.0
2026-07-16 05:00:00+00:00,0.13354,0.13394,0.13287,0.13319,727313.0
2026-07-16 06:00:00+00:00,0.13319,0.13388,0.13252,0.13363,587715.0
2026-07-16 07:00:00+00:00,0.13363,0.13374,0.13272,0.133,408889.0
2026-07-16 08:00:00+00:00,0.133,0.1333,0.13235,0.13238,436374.0
2026-07-16 09:00:00+00:00,0.13238,0.13334,0.13212,0.13334,182188.0
2026-07-16 10:00:00+00:00,0.13334,0.13356,0.13243,0.13248,157993.0
2026-07-16 11:00:00+00:00,0.13248,0.13413,0.13225,0.13375,1580256.0
2026-07-16 12:00:00+00:00,0.13375,0.135,0.13334,0.13406,1032646.0
2026-07-16 13:00:00+00:00,0.13406,0.13494,0.13402,0.13478,571577.0
2026-07-16 14:00:00+00:00,0.13478,0.13655,0.13458,0.13479,1382970.0
2026-07-16 15:00:00+00:00,0.13479,0.13499,0.13428,0.13473,483304.0
2026-07-16 16:00:00+00:00,0.13473,0.13588,0.13366,0.13384,506264.0
2026-07-16 17:00:00+00:00,0.13384,0.13435,0.13333,0.13339,183894.0
2026-07-16 18:00:00+00:00,0.13339,0.13379,0.13261,0.13277,449235.0
2026-07-16 19:00:00+00:00,0.13277,0.1329,0.13066,0.13108,1164277.0
2026-07-16 20:00:00+00:00,0.13108,0.13144,0.13002,0.13025,1504416.0
2026-07-16 21:00:00+00:00,0.13025,0.13064,0.12994,0.1303,580018.0
2026-07-16 22:00:00+00:00,0.1303,0.13097,0.13,0.13025,501877.0
2026-07-16 23:00:00+00:00,0.13025,0.13067,0.13006,0.13067,320037.0
2026-07-17 00:00:00+00:00,0.13067,0.13137,0.12935,0.13123,899887.0
2026-07-17 01:00:00+00:00,0.13123,0.13391,0.13116,0.1333,1114809.0
2026-07-17 02:00:00+00:00,0.1333,0.13519,0.13186,0.13425,1704396.0
2026-07-17 03:00:00+00:00,0.13425,0.13463,0.13176,0.13221,1338925.0
2026-07-17 04:00:00+00:00,0.13221,0.1329,0.13209,0.13243,247571.0
2026-07-17 05:00:00+00:00,0.13243,0.13289,0.13117,0.13156,561024.0
2026-07-17 06:00:00+00:00,0.13156,0.13218,0.13036,0.13078,1280992.0
2026-07-17 07:00:00+00:00,0.13078,0.1315,0.13014,0.13029,397828.0
2026-07-17 08:00:00+00:00,0.13029,0.13043,0.12952,0.13,760307.0
2026-07-17 09:00:00+00:00,0.13,0.1306,0.12947,0.13022,400520.0
2026-07-17 10:00:00+00:00,0.13022,0.13093,0.12972,0.13005,653341.0
2026-07-17 11:00:00+00:00,0.13005,0.13045,0.12945,0.12965,286206.0
2026-07-17 12:00:00+00:00,0.12965,0.12981,0.12883,0.12894,595679.0
2026-07-17 13:00:00+00:00,0.12894,0.12894,0.12753,0.12835,871959.0
2026-07-17 14:00:00+00:00,0.12835,0.12964,0.12834,0.12856,627548.0
2026-07-17 15:00:00+00:00,0.12856,0.12856,0.12794,0.12818,473462.0
2026-07-17 16:00:00+00:00,0.12818,0.12916,0.12763,0.12788,1066776.0
2026-07-17 17:00:00+00:00,0.12788,0.12909,0.12761,0.12795,802495.0
2026-07-17 18:00:00+00:00,0.12795,0.12834,0.12732,0.12752,546756.0
2026-07-17 19:00:00+00:00,0.12752,0.12836,0.12658,0.12782,742872.0
2026-07-17 20:00:00+00:00,0.12782,0.12864,0.12781,0.12846,350620.0
2026-07-17 21:00:00+00:00,0.12846,0.12876,0.12779,0.12813,280580.0
2026-07-17 22:00:00+00:00,0.12813,0.1286,0.12773,0.1286,88588.0
2026-07-17 23:00:00+00:00,0.1286,0.1286,0.12767,0.12794,434163.0
2026-07-18 00:00:00+00:00,0.12794,0.12806,0.12721,0.12789,412980.0
2026-07-18 01:00:00+00:00,0.12789,0.12799,0.12748,0.12784,110532.0
2026-07-18 02:00:00+00:00,0.12784,0.12807,0.12658,0.1269,480230.0
2026-07-18 03:00:00+00:00,0.1269,0.12694,0.12551,0.12562,973620.0
2026-07-18 04:00:00+00:00,0.12562,0.12704,0.12558,0.12704,576593.0
2026-07-18 05:00:00+00:00,0.12704,0.12704,0.1257,0.12642,677493.0
2026-07-18 06:00:00+00:00,0.12642,0.127,0.12615,0.12615,372409.0
2026-07-18 07:00:00+00:00,0.12615,0.12679,0.12586,0.12675,48770.0
2026-07-18 08:00:00+00:00,0.12675,0.12678,0.12503,0.12534,558043.0
2026-07-18 09:00:00+00:00,0.12534,0.12589,0.12513,0.1256,261473.0
2026-07-18 10:00:00+00:00,0.1256,0.12574,0.12485,0.12489,304858.0
2026-07-18 11:00:00+00:00,0.12489,0.12506,0.12437,0.12495,564386.0
2026-07-18 12:00:00+00:00,0.12495,0.12582,0.12451,0.12451,354635.0
2026-07-18 13:00:00+00:00,0.12451,0.12521,0.12447,0.12492,211799.0
2026-07-18 14:00:00+00:00,0.12492,0.12575,0.12457,0.1249,283587.0
2026-07-18 15:00:00+00:00,0.1249,0.12499,0.12446,0.12459,291043.0
2026-07-18 16:00:00+00:00,0.12459,0.12514,0.12395,0.1249,605388.0
2026-07-18 17:00:00+00:00,0.1249,0.12546,0.12486,0.12544,84471.0
2026-07-18 18:00:00+00:00,0.12544,0.12587,0.12486,0.12579,322918.0
2026-07-18 19:00:00+00:00,0.12579,0.12595,0.12481,0.12482,327947.0
2026-07-18 20:00:00+00:00,0.12482,0.12569,0.1247,0.12569,224903.0
2026-07-18 21:00:00+00:00,0.12569,0.12578,0.1246,0.1246,263353.0
2026-07-18 22:00:00+00:00,0.1246,0.12488,0.12444,0.12456,106084.0
2026-07-18 23:00:00+00:00,0.12456,0.12501,0.12426,0.12501,237578.0
2026-07-19 00:00:00+00:00,0.12501,0.12507,0.12407,0.12475,526384.0
2026-07-19 01:00:00+00:00,0.12475,0.12475,0.12395,0.12395,145508.0
2026-07-19 02:00:00+00:00,0.12395,0.12435,0.12395,0.12397,83041.0
2026-07-19 03:00:00+00:00,0.12397,0.1252,0.12395,0.1252,165284.0
2026-07-19 04:00:00+00:00,0.1252,0.12589,0.12484,0.12559,409821.0
2026-07-19 05:00:00+00:00,0.12559,0.12611,0.12539,0.12539,180514.0
2026-07-19 06:00:00+00:00,0.12539,0.12599,0.12537,0.12577,80741.0
2026-07-19 07:00:00+00:00,0.12577,0.12601,0.12544,0.12569,65953.0
2026-07-19 08:00:00+00:00,0.12569,0.12581,0.12546,0.1255,140882.0
2026-07-19 09:00:00+00:00,0.1255,0.12612,0.12549,0.12565,91902.0
2026-07-19 10:00:00+00:00,0.12565,0.1261,0.12543,0.12592,64281.0
2026-07-19 11:00:00+00:00,0.12592,0.12607,0.12545,0.12553,62918.0
2026-07-19 12:00:00+00:00,0.12553,0.12571,0.12541,0.12564,59058.0
2026-07-19 13:00:00+00:00,0.12564,0.12583,0.12554,0.12568,76057.0
2026-07-19 14:00:00+00:00,0.12568,0.12608,0.12566,0.12603,205929.0
2026-07-19 15:00:00+00:00,0.12603,0.12773,0.12603,0.12736,1019478.0
2026-07-19 16:00:00+00:00,0.12736,0.12909,0.12729,0.12835,950325.0
2026-07-19 17:00:00+00:00,0.12835,0.12835,0.12756,0.12775,293358.0
2026-07-19 18:00:00+00:00,0.12775,0.12795,0.12756,0.12774,128441.0
2026-07-19 19:00:00+00:00,0.12774,0.12792,0.12735,0.1276,337796.0
2026-07-19 20:00:00+00:00,0.1276,0.12783,0.1272,0.12723,95940.0
2026-07-19 21:00:00+00:00,0.12723,0.12768,0.12723,0.12747,209618.0
2026-07-19 22:00:00+00:00,0.12747,0.12771,0.12653,0.12748,491039.0
2026-07-19 23:00:00+00:00,0.12748,0.12756,0.12664,0.12674,297745.0
2026-07-20 00:00:00+00:00,0.12674,0.12931,0.12662,0.12863,766561.0
2026-07-20 01:00:00+00:00,0.12863,0.12921,0.12788,0.1281,329270.0
2026-07-20 02:00:00+00:00,0.1281,0.1283,0.12764,0.12811,205689.0
2026-07-20 03:00:00+00:00,0.12811,0.12814,0.12708,0.12717,233798.0
2026-07-20 04:00:00+00:00,0.12717,0.12722,0.12676,0.12692,111015.0
2026-07-20 05:00:00+00:00,0.12692,0.12698,0.12579,0.12599,259052.0
2026-07-20 06:00:00+00:00,0.12599,0.12599,0.12478,0.1252,204711.0
2026-07-20 07:00:00+00:00,0.1252,0.1254,0.125,0.12516,92325.0
2026-07-20 08:00:00+00:00,0.12516,0.12523,0.12453,0.12469,181595.0
2026-07-20 09:00:00+00:00,0.12469,0.12502,0.1232,0.12399,1658837.0
2026-07-20 10:00:00+00:00,0.12399,0.12442,0.12388,0.12415,212862.0
2026-07-20 11:00:00+00:00,0.12415,0.12491,0.12396,0.12491,632393.0
2026-07-20 12:00:00+00:00,0.12491,0.12491,0.12262,0.12302,861402.0
2026-07-20 13:00:00+00:00,0.12302,0.12427,0.12283,0.12401,870229.0
2026-07-20 14:00:00+00:00,0.12401,0.12444,0.12324,0.12325,318977.0
2026-07-20 15:00:00+00:00,0.12325,0.12408,0.12274,0.12389,403283.0
2026-07-20 16:00:00+00:00,0.12389,0.12403,0.12349,0.12374,505901.0
2026-07-20 17:00:00+00:00,0.12374,0.12376,0.12303,0.12308,260941.0
2026-07-20 18:00:00+00:00,0.12308,0.12369,0.12308,0.12339,155284.0
2026-07-20 19:00:00+00:00,0.12339,0.12363,0.1233,0.12331,111563.0
2026-07-20 20:00:00+00:00,0.12331,0.12376,0.12331,0.12362,92270.0
2026-07-20 21:00:00+00:00,0.12362,0.12427,0.12358,0.12399,264326.0
2026-07-20 22:00:00+00:00,0.12399,0.12475,0.12355,0.12473,427050.0
2026-07-20 23:00:00+00:00,0.12473,0.12507,0.12433,0.12451,153115.0
2026-07-21 00:00:00+00:00,0.12451,0.12513,0.12375,0.12487,132881.0
2026-07-21 01:00:00+00:00,0.12487,0.12514,0.12391,0.12399,316968.0
2026-07-21 02:00:00+00:00,0.12399,0.12462,0.12399,0.12457,41837.0
2026-07-21 03:00:00+00:00,0.12457,0.12502,0.12432,0.12491,109911.0
2026-07-21 04:00:00+00:00,0.12491,0.12509,0.1245,0.1248,73197.0
2026-07-21 05:00:00+00:00,0.1248,0.12517,0.12448,0.12495,268954.0
2026-07-21 06:00:00+00:00,0.12495,0.125,0.12464,0.12473,153724.0
2026-07-21 07:00:00+00:00,0.12473,0.12514,0.12439,0.12441,110637.0
2026-07-21 08:00:00+00:00,0.12441,0.12576,0.124,0.12558,381368.0
2026-07-21 09:00:00+00:00,0.12558,0.12607,0.12521,0.12548,375292.0
2026-07-21 10:00:00+00:00,0.12548,0.12597,0.1253,0.12579,132819.0
2026-07-21 11:00:00+00:00,0.12579,0.1267,0.12575,0.12632,238230.0
2026-07-21 12:00:00+00:00,0.12632,0.12668,0.12615,0.12653,198232.0
2026-07-21 13:00:00+00:00,0.12653,0.12731,0.12653,0.12706,289208.0
2026-07-21 14:00:00+00:00,0.12706,0.12718,0.12571,0.12633,343563.0
2026-07-21 15:00:00+00:00,0.12633,0.12635,0.12531,0.12583,200264.0
2026-07-21 16:00:00+00:00,0.12583,0.12583,0.12516,0.12516,205493.0
2026-07-21 17:00:00+00:00,0.12516,0.12522,0.12417,0.12466,1064251.0
2026-07-21 18:00:00+00:00,0.12466,0.1251,0.12453,0.12495,273511.0
2026-07-21 19:00:00+00:00,0.12495,0.12616,0.12485,0.12582,487361.0
2026-07-21 20:00:00+00:00,0.12582,0.12713,0.12582,0.12655,275328.0
2026-07-21 21:00:00+00:00,0.12655,0.12681,0.12623,0.12631,202690.0
2026-07-21 22:00:00+00:00,0.12631,0.12684,0.12611,0.12684,51972.0
2026-07-21 23:00:00+00:00,0.12684,0.12719,0.12628,0.1265,280696.0
2026-07-22 00:00:00+00:00,0.1265,0.1274,0.12636,0.12671,349608.0
2026-07-22 01:00:00+00:00,0.12671,0.12693,0.12642,0.12693,27679.0
2026-07-22 02:00:00+00:00,0.12693,0.12722,0.12664,0.12677,258177.0
2026-07-22 03:00:00+00:00,0.12677,0.12693,0.12636,0.12636,47170.0
2026-07-22 04:00:00+00:00,0.12636,0.12652,0.12491,0.12528,593824.0
2026-07-22 05:00:00+00:00,0.12528,0.12551,0.12491,0.12492,206362.0
2026-07-22 06:00:00+00:00,0.12492,0.125,0.12453,0.12481,434272.0
2026-07-22 07:00:00+00:00,0.12481,0.12493,0.12449,0.12464,68214.0
2026-07-22 08:00:00+00:00,0.12464,0.12517,0.12356,0.12419,955203.0
2026-07-22 09:00:00+00:00,0.12419,0.12478,0.1241,0.12465,423248.0
2026-07-22 10:00:00+00:00,0.12465,0.12482,0.12371,0.1239,569838.0
2026-07-22 11:00:00+00:00,0.1239,0.12444,0.1239,0.12421,247200.0
2026-07-22 12:00:00+00:00,0.12421,0.12421,0.12316,0.12335,503796.0
2026-07-22 13:00:00+00:00,0.12335,0.12398,0.12335,0.12395,255958.0
2026-07-22 14:00:00+00:00,0.12395,0.1245,0.12353,0.12386,222214.0
2026-07-22 15:00:00+00:00,0.12386,0.12389,0.12337,0.1234,155940.0
2026-07-22 16:00:00+00:00,0.1234,0.12418,0.12316,0.12316,787136.0
2026-07-22 17:00:00+00:00,0.12316,0.12343,0.12157,0.12235,2414839.0
2026-07-22 18:00:00+00:00,0.12235,0.12239,0.12181,0.12191,503290.0
2026-07-22 19:00:00+00:00,0.12191,0.1221,0.1218,0.1221,269159.0
2026-07-22 20:00:00+00:00,0.1221,0.1221,0.12076,0.12186,2711226.0
2026-07-22 21:00:00+00:00,0.12186,0.12251,0.1215,0.12242,974586.0
2026-07-22 22:00:00+00:00,0.12242,0.12269,0.12233,0.12247,123019.0
2026-07-22 23:00:00+00:00,0.12247,0.1227,0.12233,0.12238,141007.0
2026-07-23 00:00:00+00:00,0.12238,0.12262,0.12175,0.12218,251690.0
2026-07-23 01:00:00+00:00,0.12218,0.1223,0.12185,0.12194,388320.0
2026-07-23 02:00:00+00:00,0.12194,0.12199,0.12176,0.12189,151282.0
2026-07-23 03:00:00+00:00,0.12189,0.1221,0.12177,0.12189,213011.0
2026-07-23 04:00:00+00:00,0.12189,0.12212,0.12176,0.12179,155832.0
2026-07-23 05:00:00+00:00,0.12179,0.1218,0.12136,0.12153,313592.0
2026-07-23 06:00:00+00:00,0.12153,0.12222,0.12145,0.12158,771293.0
2026-07-23 07:00:00+00:00,0.12158,0.12162,0.12047,0.12085,846655.0
2026-07-23 08:00:00+00:00,0.12085,0.12099,0.11976,0.11992,746118.0
2026-07-23 09:00:00+00:00,0.11992,0.12073,0.11984,0.12008,580177.0
2026-07-23 10:00:00+00:00,0.12008,0.12068,0.11983,0.12053,624347.0
2026-07-23 11:00:00+00:00,0.12053,0.12053,0.11963,0.12027,599246.0
2026-07-23 12:00:00+00:00,0.12027,0.12028,0.11962,0.11994,420726.0
2026-07-23 13:00:00+00:00,0.11994,0.12003,0.11916,0.1193,1024474.0
2026-07-23 14:00:00+00:00,0.1193,0.11991,0.11837,0.1185,753831.0
2026-07-23 15:00:00+00:00,0.1185,0.12005,0.11834,0.11964,439351.0
2026-07-23 16:00:00+00:00,0.11964,0.12113,0.11955,0.12094,591708.0
2026-07-23 17:00:00+00:00,0.12094,0.12219,0.12008,0.12207,708428.0
2026-07-23 18:00:00+00:00,0.12207,0.12286,0.12158,0.12189,491852.0
2026-07-23 19:00:00+00:00,0.12189,0.12235,0.12173,0.1223,203887.0
2026-07-23 20:00:00+00:00,0.1223,0.12279,0.12226,0.12263,355112.0
2026-07-23 21:00:00+00:00,0.12263,0.1227,0.12225,0.1224,303270.0
2026-07-23 22:00:00+00:00,0.1224,0.12269,0.12225,0.12236,110235.0
2026-07-23 23:00:00+00:00,0.12236,0.12264,0.1222,0.12235,138823.0
2026-07-24 00:00:00+00:00,0.12235,0.12296,0.12087,0.12103,570472.0
2026-07-24 01:00:00+00:00,0.12103,0.1213,0.12091,0.1211,206021.0
2026-07-24 02:00:00+00:00,0.1211,0.12165,0.12096,0.12161,94524.0
2026-07-24 03:00:00+00:00,0.12161,0.12272,0.12153,0.12208,250887.0
2026-07-24 04:00:00+00:00,0.12208,0.12247,0.12201,0.12219,70923.0
2026-07-24 05:00:00+00:00,0.12219,0.12267,0.1217,0.12245,239809.0
2026-07-24 06:00:00+00:00,0.12245,0.12277,0.12189,0.12189,197214.0
2026-07-24 07:00:00+00:00,0.12189,0.12211,0.12138,0.12138,125482.0
2026-07-24 08:00:00+00:00,0.12138,0.12168,0.12058,0.12085,252599.0
2026-07-24 09:00:00+00:00,0.12085,0.12129,0.12021,0.12031,393764.0
2026-07-24 10:00:00+00:00,0.12031,0.1204,0.11963,0.12006,513254.0
2026-07-24 11:00:00+00:00,0.12006,0.12019,0.11952,0.11998,78552.0
2026-07-24 12:00:00+00:00,0.11998,0.11998,0.11879,0.11913,322780.0
2026-07-24 13:00:00+00:00,0.11913,0.11932,0.11856,0.11881,889644.0
2026-07-24 14:00:00+00:00,0.11881,0.11933,0.11869,0.11891,1030560.0
2026-07-24 15:00:00+00:00,0.11891,0.11928,0.1185,0.11853,607745.0
2026-07-24 16:00:00+00:00,0.11853,0.11853,0.11768,0.11787,1099289.0
2026-07-24 17:00:00+00:00,0.11787,0.11832,0.1175,0.11823,775302.0
2026-07-24 18:00:00+00:00,0.11823,0.1184,0.11768,0.11777,573624.0
2026-07-24 19:00:00+00:00,0.11777,0.11809,0.1177,0.11796,190320.0
2026-07-24 20:00:00+00:00,0.11796,0.11816,0.11777,0.11797,307802.0
2026-07-24 21:00:00+00:00,0.11797,0.11842,0.11754,0.11822,413026.0
2026-07-24 22:00:00+00:00,0.11822,0.11935,0.11822,0.11913,405155.0
2026-07-24 23:00:00+00:00,0.11913,0.11917,0.11877,0.11893,90619.0
2026-07-25 00:00:00+00:00,0.11893,0.11904,0.11611,0.11659,830121.0
2026-07-25 01:00:00+00:00,0.11659,0.11698,0.11589,0.116,657853.0
2026-07-25 02:00:00+00:00,0.116,0.11687,0.11591,0.11612,324284.0
2026-07-25 03:00:00+00:00,0.11612,0.11653,0.11582,0.11584,260173.0
2026-07-25 04:00:00+00:00,0.11584,0.1166,0.11554,0.116,739502.0
2026-07-25 05:00:00+00:00,0.116,0.11698,0.11599,0.11678,381884.0
2026-07-25 06:00:00+00:00,0.11678,0.11738,0.11668,0.11704,249806.0
2026-07-25 07:00:00+00:00,0.11704,0.11712,0.1164,0.11661,227362.0
2026-07-25 08:00:00+00:00,0.11661,0.11698,0.11648,0.11668,119438.0
2026-07-25 09:00:00+00:00,0.11668,0.11822,0.11649,0.11812,198649.0
2026-07-25 10:00:00+00:00,0.11812,0.1186,0.11765,0.11841,322955.0
2026-07-25 11:00:00+00:00,0.11841,0.11875,0.11833,0.11838,195291.0
2026-07-25 12:00:00+00:00,0.11838,0.11932,0.11824,0.11923,292189.0
2026-07-25 13:00:00+00:00,0.11923,0.12016,0.11912,0.12005,802669.0
2026-07-25 14:00:00+00:00,0.12005,0.12018,0.11941,0.11979,289152.0
2026-07-25 15:00:00+00:00,0.11979,0.12098,0.11936,0.12098,326551.0
2026-07-25 16:00:00+00:00,0.12098,0.12105,0.12022,0.12088,155568.0
2026-07-25 17:00:00+00:00,0.12088,0.12187,0.12065,0.12183,221329.0
2026-07-25 18:00:00+00:00,0.12183,0.1219,0.12151,0.12184,167069.0
2026-07-25 19:00:00+00:00,0.12184,0.12205,0.12116,0.12116,359259.0
2026-07-25 20:00:00+00:00,0.12116,0.12162,0.12103,0.12144,184740.0
2026-07-25 21:00:00+00:00,0.12144,0.12194,0.12067,0.12094,322185.0
2026-07-25 22:00:00+00:00,0.12094,0.12194,0.12093,0.12183,66152.0
2026-07-25 23:00:00+00:00,0.12183,0.12238,0.1217,0.12237,184920.0
2026-07-26 00:00:00+00:00,0.12237,0.12377,0.12231,0.1225,698213.0
2026-07-26 01:00:00+00:00,0.1225,0.1227,0.12208,0.12258,219826.0
2026-07-26 02:00:00+00:00,0.12258,0.12261,0.1216,0.12175,513984.0
2026-07-26 03:00:00+00:00,0.12175,0.12186,0.12145,0.12164,143635.0
2026-07-26 04:00:00+00:00,0.12164,0.12167,0.12033,0.12154,467792.0
2026-07-26 05:00:00+00:00,0.12154,0.12177,0.12125,0.12171,152758.0
2026-07-26 06:00:00+00:00,0.12171,0.12237,0.12171,0.12187,265055.0
2026-07-26 07:00:00+00:00,0.12187,0.1222,0.12186,0.1222,409261.0
2026-07-26 08:00:00+00:00,0.1222,0.12287,0.12212,0.12267,996612.0
2026-07-26 09:00:00+00:00,0.12267,0.12329,0.12247,0.12325,666670.0
2026-07-26 10:00:00+00:00,0.12325,0.12334,0.12281,0.12293,290536.0
2026-07-26 11:00:00+00:00,0.12293,0.12412,0.12271,0.12412,627969.0
2026-07-26 12:00:00+00:00,0.12412,0.12421,0.12316,0.1236,323340.0
2026-07-26 13:00:00+00:00,0.1236,0.12397,0.1228,0.12315,563523.0
2026-07-26 14:00:00+00:00,0.12315,0.12339,0.12265,0.12272,335875.0
2026-07-26 15:00:00+00:00,0.12272,0.12362,0.12272,0.12347,410638.0
2026-07-26 16:00:00+00:00,0.12347,0.12347,0.12292,0.12323,182986.0
2026-07-26 17:00:00+00:00,0.12323,0.12347,0.12314,0.12314,106724.0
2026-07-26 18:00:00+00:00,0.12314,0.12335,0.1229,0.12301,173009.0
2026-07-26 19:00:00+00:00,0.12301,0.12301,0.12234,0.12298,295758.0
2026-07-26 20:00:00+00:00,0.12298,0.12357,0.12298,0.12351,276285.0
2026-07-26 21:00:00+00:00,0.12351,0.12369,0.12329,0.12335,202844.0
2026-07-26 22:00:00+00:00,0.12335,0.12513,0.12333,0.12505,697075.0
2026-07-26 23:00:00+00:00,0.12505,0.12511,0.12445,0.12466,303229.0
2026-07-27 00:00:00+00:00,0.12466,0.12527,0.1239,0.12456,438041.0
2026-07-27 01:00:00+00:00,0.12456,0.12505,0.12391,0.12429,188314.0
2026-07-27 02:00:00+00:00,0.12429,0.12453,0.12402,0.12448,114059.0
2026-07-27 03:00:00+00:00,0.12448,0.12452,0.12388,0.12407,66627.0
2026-07-27 04:00:00+00:00,0.12407,0.12432,0.12371,0.12403,77674.0
2026-07-27 05:00:00+00:00,0.12403,0.12404,0.12286,0.12313,406297.0
2026-07-27 06:00:00+00:00,0.12313,0.1234,0.12263,0.12302,283711.0
2026-07-27 07:00:00+00:00,0.12302,0.12326,0.12285,0.12299,269887.0
2026-07-27 08:00:00+00:00,0.12299,0.12374,0.12284,0.12339,279642.0
2026-07-27 09:00:00+00:00,0.12339,0.12389,0.12327,0.12363,155271.0
2026-07-27 10:00:00+00:00,0.12363,0.12392,0.12308,0.12312,172442.0
2026-07-27 11:00:00+00:00,0.12312,0.12344,0.12282,0.12344,152381.0
2026-07-27 12:00:00+00:00,0.12344,0.12368,0.12296,0.12306,278980.0
2026-07-27 13:00:00+00:00,0.12306,0.12315,0.12205,0.12206,206664.0
2026-07-27 14:00:00+00:00,0.12206,0.1223,0.11984,0.11996,557129.0
2026-07-27 15:00:00+00:00,0.11996,0.12111,0.11971,0.12105,234826.0
2026-07-27 16:00:00+00:00,0.12105,0.12131,0.12018,0.12049,171152.0
2026-07-27 17:00:00+00:00,0.12049,0.12053,0.12,0.12014,152687.0
2026-07-27 18:00:00+00:00,0.12014,0.12085,0.12008,0.12053,114434.0
2026-07-27 19:00:00+00:00,0.12053,0.12122,0.12053,0.12116,94622.0
2026-07-27 20:00:00+00:00,0.12116,0.12239,0.12095,0.12216,194994.0
2026-07-27 21:00:00+00:00,0.12216,0.12239,0.12097,0.12097,156018.0
2026-07-27 22:00:00+00:00,0.12097,0.12097,0.11955,0.11968,198767.0
2026-07-27 23:00:00+00:00,0.11968,0.11992,0.11923,0.11992,499984.0
2026-07-28 00:00:00+00:00,0.11992,0.12028,0.1195,0.11963,379980.0
2026-07-28 01:00:00+00:00,0.11963,0.11977,0.11883,0.11926,267744.0
2026-07-28 02:00:00+00:00,0.11926,0.12009,0.1192,0.11942,386254.0
2026-07-28 03:00:00+00:00,0.11942,0.12037,0.11942,0.11979,195942.0
2026-07-28 04:00:00+00:00,0.11979,0.11998,0.11964,0.11973,204660.0
2026-07-28 05:00:00+00:00,0.11973,0.1199,0.11915,0.11915,283893.0
2026-07-28 06:00:00+00:00,0.11915,0.11942,0.11884,0.11919,295022.0
2026-07-28 07:00:00+00:00,0.11919,0.12005,0.1191,0.12001,483589.0
2026-07-28 08:00:00+00:00,0.12001,0.12032,0.11969,0.11975,353509.0
2026-07-28 09:00:00+00:00,0.11975,0.11976,0.11899,0.11899,332132.0
2026-07-28 10:00:00+00:00,0.11899,0.11947,0.11861,0.11871,119028.0
2026-07-28 11:00:00+00:00,0.11871,0.11872,0.11816,0.11821,379011.0
2026-07-28 12:00:00+00:00,0.11821,0.11827,0.11774,0.11784,432047.0
2026-07-28 13:00:00+00:00,0.11784,0.11799,0.11708,0.11733,508475.0
2026-07-28 14:00:00+00:00,0.11733,0.1174,0.11665,0.11681,616506.0
2026-07-28 15:00:00+00:00,0.11681,0.11741,0.11681,0.11716,209663.0
2026-07-28 16:00:00+00:00,0.11716,0.11787,0.11704,0.11771,876420.0
2026-07-28 17:00:00+00:00,0.11771,0.11774,0.1171,0.11756,307417.0
2026-07-28 18:00:00+00:00,0.11756,0.11785,0.11756,0.11776,208452.0
2026-07-28 19:00:00+00:00,0.11776,0.11835,0.11721,0.11824,500211.0
2026-07-28 20:00:00+00:00,0.11824,0.11956,0.11823,0.11893,861316.0
2026-07-28 21:00:00+00:00,0.11893,0.11973,0.11884,0.11952,346165.0
2026-07-28 22:00:00+00:00,0.11952,0.11954,0.11845,0.11857,305148.0
2026-07-28 23:00:00+00:00,0.11857,0.11944,0.11849,0.11919,163420.0
2026-07-29 00:00:00+00:00,0.11919,0.12019,0.11909,0.11983,241044.0
2026-07-29 01:00:00+00:00,0.11983,0.1206,0.11888,0.11904,246922.0
2026-07-29 02:00:00+00:00,0.11904,0.11974,0.11893,0.119,256054.0
2026-07-29 03:00:00+00:00,0.119,0.11919,0.11793,0.11828,490348.0
2026-07-29 04:00:00+00:00,0.11828,0.11889,0.11802,0.11886,400654.0
2026-07-29 05:00:00+00:00,0.11886,0.11927,0.11858,0.11919,551838.0
2026-07-29 06:00:00+00:00,0.11919,0.12122,0.11886,0.12109,500767.0
2026-07-29 07:00:00+00:00,0.12109,0.1228,0.12088,0.12174,966403.0
2026-07-29 08:00:00+00:00,0.12174,0.12264,0.12171,0.12264,373572.0
2026-07-29 09:00:00+00:00,0.12264,0.12413,0.12259,0.12317,844585.0
2026-07-29 10:00:00+00:00,0.12317,0.1232,0.12203,0.12228,749323.0
2026-07-29 11:00:00+00:00,0.12228,0.12245,0.12165,0.12186,381670.0
2026-07-29 12:00:00+00:00,0.12186,0.12229,0.12078,0.12078,717887.0
2026-07-29 13:00:00+00:00,0.12078,0.121,0.11981,0.12008,710775.0
2026-07-29 14:00:00+00:00,0.12008,0.12008,0.1193,0.11942,353734.0
2026-07-29 15:00:00+00:00,0.11942,0.12029,0.11936,0.12,476355.0
2026-07-29 16:00:00+00:00,0.12,0.12109,0.11985,0.1204,731208.0
2026-07-29 17:00:00+00:00,0.1204,0.12058,0.11932,0.12012,587750.0
2026-07-29 18:00:00+00:00,0.12012,0.12069,0.11865,0.11873,915059.0
2026-07-29 19:00:00+00:00,0.11873,0.1192,0.11747,0.11782,928875.0
2026-07-29 20:00:00+00:00,0.11782,0.12048,0.11758,0.12041,1186306.0
2026-07-29 21:00:00+00:00,0.12041,0.12086,0.11984,0.12082,491210.0
2026-07-29 22:00:00+00:00,0.12082,0.12208,0.12023,0.12051,773126.0
2026-07-29 23:00:00+00:00,0.12051,0.12229,0.12042,0.12204,427952.0
2026-07-30 00:00:00+00:00,0.12204,0.12274,0.12149,0.12172,571545.0
2026-07-30 01:00:00+00:00,0.12172,0.12282,0.12165,0.12257,477676.0
2026-07-30 02:00:00+00:00,0.12257,0.12282,0.12139,0.1218,481916.0
2026-07-30 03:00:00+00:00,0.1218,0.12262,0.12174,0.12239,902967.0
2026-07-30 04:00:00+00:00,0.12239,0.12255,0.12197,0.12213,521658.0
2026-07-30 05:00:00+00:00,0.12213,0.12226,0.1211,0.12148,343061.0
2026-07-30 06:00:00+00:00,0.12148,0.12237,0.12146,0.122,474877.0
2026-07-30 07:00:00+00:00,0.122,0.122,0.12117,0.12139,406815.0
2026-07-30 08:00:00+00:00,0.12139,0.12176,0.12083,0.12087,418626.0
2026-07-30 09:00:00+00:00,0.12087,0.12164,0.12072,0.12147,443468.0
2026-07-30 10:00:00+00:00,0.12147,0.12237,0.12088,0.12091,434405.0
2026-07-30 11:00:00+00:00,0.12091,0.12224,0.12075,0.1222,477224.0
2026-07-30 12:00:00+00:00,0.1222,0.12276,0.12193,0.12267,486390.0
2026-07-30 13:00:00+00:00,0.12267,0.12386,0.12264,0.12361,1163776.0
2026-07-30 14:00:00+00:00,0.12361,0.12399,0.12287,0.12291,567506.0
2026-07-30 15:00:00+00:00,0.12291,0.12306,0.12136,0.12168,857947.0
2026-07-30 16:00:00+00:00,0.12168,0.12172,0.11982,0.12061,842412.0
2026-07-30 17:00:00+00:00,0.12061,0.12066,0.11986,0.12046,410605.0
2026-07-30 18:00:00+00:00,0.12046,0.12142,0.12038,0.1212,355959.0
2026-07-30 19:00:00+00:00,0.1212,0.1218,0.121,0.12113,471240.0
2026-07-30 20:00:00+00:00,0.12113,0.12197,0.12044,0.12181,703327.0
2026-07-30 21:00:00+00:00,0.12181,0.12239,0.12178,0.12214,359672.0
2026-07-30 22:00:00+00:00,0.12214,0.12234,0.1218,0.12187,271585.0
2026-07-30 23:00:00+00:00,0.12187,0.12206,0.12099,0.12103,491316.0
2026-07-31 00:00:00+00:00,0.12103,0.12144,0.12085,0.12136,629018.0
2026-07-31 01:00:00+00:00,0.12136,0.12178,0.1204,0.12058,530526.0
2026-07-31 02:00:00+00:00,0.12058,0.12066,0.12025,0.12025,372811.0
2026-07-31 03:00:00+00:00,0.12025,0.12035,0.11996,0.12014,441042.0
2026-07-31 04:00:00+00:00,0.12014,0.12061,0.12005,0.12053,966695.0
2026-07-31 05:00:00+00:00,0.12053,0.12076,0.12003,0.12035,604962.0
2026-07-31 06:00:00+00:00,0.12035,0.12035,0.11977,0.11988,411527.0
2026-07-31 07:00:00+00:00,0.11988,0.11996,0.11964,0.11979,350602.0
2026-07-31 08:00:00+00:00,0.11979,0.1199,0.11951,0.11968,357897.0
2026-07-31 09:00:00+00:00,0.11968,0.11975,0.11905,0.11914,379556.0
2026-07-31 10:00:00+00:00,0.11914,0.11936,0.11858,0.11896,795219.0
2026-07-31 11:00:00+00:00,0.11896,0.11899,0.11854,0.1186,434022.0
2026-07-31 12:00:00+00:00,0.1186,0.11953,0.11845,0.11921,309031.0
2026-07-31 13:00:00+00:00,0.11921,0.11926,0.1186,0.11876,210850.0
2026-07-31 14:00:00+00:00,0.11876,0.12102,0.11865,0.12061,1432317.0
2026-07-31 15:00:00+00:00,0.12061,0.1208,0.11844,0.11888,857530.0
2026-07-31 16:00:00+00:00,0.11888,0.11902,0.11629,0.11635,1635581.0
2026-07-31 17:00:00+00:00,0.11635,0.11817,0.11571,0.11745,1563296.0
2026-07-31 18:00:00+00:00,0.11745,0.11791,0.11641,0.11766,679973.0
2026-07-31 19:00:00+00:00,0.11766,0.1178,0.11727,0.11735,390213.0
2026-07-31 20:00:00+00:00,0.11735,0.11785,0.1168,0.1177,260834.0
2026-07-31 21:00:00+00:00,0.1177,0.1177,0.11728,0.11747,270538.0
2026-07-31 22:00:00+00:00,0.11747,0.11817,0.11711,0.11802,845457.0
2026-07-31 23:00:00+00:00,0.11802,0.11855,0.11758,0.11775,271728.0
2026-08-01 00:00:00+00:00,0.11775,0.11794,0.11746,0.11778,137533.0
2026-08-01 01:00:00+00:00,0.11778,0.11788,0.11696,0.11696,198525.0
2026-08-01 02:00:00+00:00,0.11696,0.11773,0.11694,0.11737,385737.0
2026-08-01 03:00:00+00:00,0.11737,0.11762,0.11737,0.11744,247905.0
2026-08-01 04:00:00+00:00,0.11744,0.11773,0.117,0.11749,233542.0
2026-08-01 05:00:00+00:00,0.11749,0.11764,0.1172,0.11746,198643.0
2026-08-01 06:00:00+00:00,0.11746,0.11785,0.11724,0.11744,174360.0
2026-08-01 07:00:00+00:00,0.11744,0.11787,0.11744,0.11773,268944.0
2026-08-01 08:00:00+00:00,0.11773,0.11792,0.11753,0.11768,211368.0
2026-08-01 09:00:00+00:00,0.11768,0.11774,0.11754,0.11754,417225.0
2026-08-01 10:00:00+00:00,0.11754,0.11769,0.11742,0.1175,180085.0
2026-08-01 11:00:00+00:00,0.1175,0.11796,0.11747,0.11774,110062.0
2026-08-01 12:00:00+00:00,0.11774,0.11842,0.11768,0.11831,219607.0
2026-08-01 13:00:00+00:00,0.11831,0.11842,0.11754,0.11772,174758.0
2026-08-01 14:00:00+00:00,0.11772,0.11776,0.11671,0.11683,496290.0
2026-08-01 15:00:00+00:00,0.11683,0.11706,0.11654,0.11703,207282.0
2026-08-01 16:00:00+00:00,0.11703,0.11752,0.11677,0.11752,327308.0
2026-08-01 17:00:00+00:00,0.11752,0.11774,0.11615,0.11646,463044.0
2026-08-01 18:00:00+00:00,0.11646,0.11654,0.11571,0.11622,403916.0
2026-08-01 19:00:00+00:00,0.11622,0.11641,0.11588,0.11596,151081.0
2026-08-01 20:00:00+00:00,0.11596,0.11655,0.11596,0.11633,99404.0
2026-08-01 21:00:00+00:00,0.11633,0.11641,0.11586,0.11618,193273.0
2026-08-01 22:00:00+00:00,0.11618,0.11653,0.11598,0.11634,67527.0
2026-08-01 23:00:00+00:00,0.11634,0.11653,0.11618,0.11642,109526.0
2026-08-02 00:00:00+00:00,0.11642,0.11692,0.11639,0.11672,175773.0
2026-08-02 01:00:00+00:00,0.11672,0.11732,0.11646,0.11729,111897.0
2026-08-02 02:00:00+00:00,0.11729,0.11762,0.11707,0.11709,151276.0
2026-08-02 03:00:00+00:00,0.11709,0.11735,0.11665,0.11686,130266.0
2026-08-02 04:00:00+00:00,0.11686,0.11728,0.11647,0.1165,200230.0
2026-08-02 05:00:00+00:00,0.1165,0.11675,0.11615,0.11637,112174.0
2026-08-02 06:00:00+00:00,0.11637,0.11691,0.11625,0.1167,295153.0
2026-08-02 07:00:00+00:00,0.1167,0.11748,0.11656,0.11698,205126.0
2026-08-02 08:00:00+00:00,0.11698,0.11725,0.11635,0.11643,90270.0
2026-08-02 09:00:00+00:00,0.11643,0.11667,0.11639,0.11651,250290.0
2026-08-02 10:00:00+00:00,0.11651,0.11655,0.11594,0.11623,287639.0
2026-08-02 11:00:00+00:00,0.11623,0.1166,0.1159,0.11603,381554.0
2026-08-02 12:00:00+00:00,0.11603,0.11635,0.11595,0.11603,211897.0
2026-08-02 13:00:00+00:00,0.11603,0.11689,0.11596,0.11677,277468.0
2026-08-02 14:00:00+00:00,0.11677,0.1177,0.11611,0.11653,874351.0
2026-08-02 15:00:00+00:00,0.11653,0.1167,0.11631,0.11654,94874.0
2026-08-02 16:00:00+00:00,0.11654,0.11675,0.11643,0.11662,48124.0
2026-08-02 17:00:00+00:00,0.11662,0.11687,0.1165,0.11682,61614.0
2026-08-02 18:00:00+00:00,0.11682,0.11731,0.11657,0.1166,261286.0
2026-08-02 19:00:00+00:00,0.1166,0.11668,0.11632,0.11633,70097.0
2026-08-02 20:00:00+00:00,0.11633,0.11646,0.11605,0.11609,62460.0
2026-08-02 21:00:00+00:00,0.11609,0.11634,0.116,0.11603,117322.0
2026-08-02 22:00:00+00:00,0.11603,0.11644,0.11578,0.11603,397773.0
2026-08-02 23:00:00+00:00,0.11603,0.11685,0.1159,0.1168,143990.0
2026-08-03 00:00:00+00:00,0.1168,0.11689,0.11584,0.11635,217061.0
2026-08-03 01:00:00+00:00,0.11635,0.11655,0.11589,0.11606,299545.0
2026-08-03 02:00:00+00:00,0.11606,0.11653,0.1158,0.11635,211596.0
2026-08-03 03:00:00+00:00,0.11635,0.11641,0.11593,0.1163,302990.0
2026-08-03 04:00:00+00:00,0.1163,0.1163,0.11521,0.11521,292542.0
2026-08-03 05:00:00+00:00,0.11521,0.11597,0.11516,0.11519,175810.0
2026-08-03 06:00:00+00:00,0.11519,0.11532,0.11493,0.11507,163405.0
2026-08-03 07:00:00+00:00,0.11507,0.11522,0.11481,0.11494,279368.0
2026-08-03 08:00:00+00:00,0.11494,0.1151,0.1148,0.11483,111745.0
2026-08-03 09:00:00+00:00,0.11483,0.11511,0.11468,0.11507,173820.0
2026-08-03 10:00:00+00:00,0.11507,0.1152,0.11486,0.115,217208.0
2026-08-03 11:00:00+00:00,0.115,0.11532,0.11484,0.11532,50292.0
2026-08-03 12:00:00+00:00,0.11532,0.11532,0.11494,0.11495,113268.0
2026-08-03 13:00:00+00:00,0.11495,0.11517,0.11477,0.1151,169144.0
2026-08-03 14:00:00+00:00,0.1151,0.11526,0.11469,0.11484,481757.0
2026-08-03 15:00:00+00:00,0.11484,0.11486,0.11429,0.11451,831726.0
2026-08-03 16:00:00+00:00,0.11451,0.11451,0.11367,0.11382,357389.0
2026-08-03 17:00:00+00:00,0.11382,0.11409,0.11322,0.11354,1476378.0
2026-08-03 18:00:00+00:00,0.11354,0.11434,0.11333,0.11429,492771.0
2026-08-03 19:00:00+00:00,0.11429,0.1145,0.11334,0.1134,635395.0
2026-08-03 20:00:00+00:00,0.1134,0.11482,0.11331,0.11464,655996.0
2026-08-03 21:00:00+00:00,0.11464,0.11519,0.11464,0.11519,283882.0
2026-08-03 22:00:00+00:00,0.11519,0.11563,0.11449,0.11474,366028.0
2026-08-03 23:00:00+00:00,0.11474,0.11486,0.11449,0.11469,220369.0
2026-08-04 00:00:00+00:00,0.11469,0.11518,0.11415,0.11515,435723.0
2026-08-04 01:00:00+00:00,0.11515,0.11563,0.11497,0.11554,379432.0
2026-08-04 02:00:00+00:00,0.11554,0.11689,0.11522,0.11662,1343495.0
2026-08-04 03:00:00+00:00,0.11662,0.11677,0.11539,0.11553,253686.0
2026-08-04 04:00:00+00:00,0.11553,0.11573,0.1147,0.1147,212058.0
2026-08-04 05:00:00+00:00,0.1147,0.11513,0.11388,0.11388,229404.0
2026-08-04 06:00:00+00:00,0.11388,0.11428,0.10947,0.10948,2633906.0
2026-08-04 07:00:00+00:00,0.10948,0.11168,0.107,0.11165,6211156.0
2026-08-04 08:00:00+00:00,0.11165,0.11197,0.11066,0.11156,781826.0
2026-08-04 09:00:00+00:00,0.11156,0.11174,0.10982,0.11045,1474483.0
2026-08-04 10:00:00+00:00,0.11045,0.11048,0.10942,0.11007,1302617.0
2026-08-04 11:00:00+00:00,0.11007,0.11021,0.10916,0.10987,676348.0
2026-08-04 12:00:00+00:00,0.10987,0.10989,0.1076,0.10815,1414286.0
2026-08-04 13:00:00+00:00,0.10815,0.1111,0.10772,0.11109,2693109.0
2026-08-04 14:00:00+00:00,0.11109,0.11194,0.11028,0.11129,1477327.0
2026-08-04 15:00:00+00:00,0.11129,0.11201,0.11099,0.11142,715405.0
2026-08-04 16:00:00+00:00,0.11142,0.11256,0.11069,0.11111,682513.0
2026-08-04 17:00:00+00:00,0.11111,0.11152,0.11001,0.11063,825301.0
2026-08-04 18:00:00+00:00,0.11063,0.11063,0.10907,0.10909,518769.0
2026-08-04 19:00:00+00:00,0.10909,0.1099,0.10884,0.10884,941729.0
2026-08-04 20:00:00+00:00,0.10884,0.10949,0.10857,0.1089,705601.0
2026-08-04 21:00:00+00:00,0.1089,0.1089,0.10791,0.10848,865957.0
2026-08-04 22:00:00+00:00,0.10848,0.109,0.10805,0.10895,1452015.0
2026-08-04 23:00:00+00:00,0.10895,0.109,0.10834,0.10874,804919.0
2026-08-05 00:00:00+00:00,0.10874,0.10885,0.10727,0.10796,1166788.0
2026-08-05 01:00:00+00:00,0.10796,0.10856,0.10757,0.1081,643867.0
2026-08-05 02:00:00+00:00,0.1081,0.11005,0.10772,0.10954,1454046.0
2026-08-05 03:00:00+00:00,0.10954,0.10964,0.10836,0.10873,1241196.0
2026-08-05 04:00:00+00:00,0.10873,0.10999,0.1087,0.10899,739039.0
2026-08-05 05:00:00+00:00,0.10899,0.10941,0.10816,0.10893,735234.0
2026-08-05 06:00:00+00:00,0.10893,0.10984,0.10893,0.10974,879435.0
2026-08-05 07:00:00+00:00,0.10974,0.1098,0.10943,0.10966,222889.0
2026-08-05 08:00:00+00:00,0.10966,0.10967,0.10873,0.10889,257132.0
2026-08-05 09:00:00+00:00,0.10889,0.10906,0.10861,0.10888,203291.0
2026-08-05 10:00:00+00:00,0.10888,0.10989,0.10871,0.1098,489793.0
2026-08-05 11:00:00+00:00,0.1098,0.11014,0.10861,0.10866,832363.0
2026-08-05 12:00:00+00:00,0.10866,0.10872,0.1081,0.10817,564524.0
2026-08-05 13:00:00+00:00,0.10817,0.1083,0.10786,0.1082,663857.0
2026-08-05 14:00:00+00:00,0.1082,0.10822,0.1059,0.10702,5524031.0
2026-08-05 15:00:00+00:00,0.10702,0.10706,0.1045,0.10477,2563507.0
2026-08-05 16:00:00+00:00,0.10477,0.10566,0.1046,0.10501,603866.0
2026-08-05 17:00:00+00:00,0.10501,0.1051,0.10473,0.10486,441251.0
2026-08-05 18:00:00+00:00,0.10486,0.10498,0.10351,0.10456,2087203.0
2026-08-05 19:00:00+00:00,0.10456,0.10474,0.10378,0.10394,1099919.0
2026-08-05 20:00:00+00:00,0.10394,0.1041,0.10128,0.104,2426271.0
2026-08-05 21:00:00+00:00,0.104,0.10416,0.10314,0.10404,642972.0
2026-08-05 22:00:00+00:00,0.10404,0.10433,0.10357,0.10386,710639.0
2026-08-05 23:00:00+00:00,0.10386,0.10437,0.10301,0.10359,882966.0
2026-08-06 00:00:00+00:00,0.10359,0.10379,0.10269,0.10379,722137.0
2026-08-06 01:00:00+00:00,0.10379,0.10421,0.10232,0.10254,824882.0
2026-08-06 02:00:00+00:00,0.10254,0.10309,0.10227,0.10283,1201400.0
2026-08-06 03:00:00+00:00,0.10283,0.10309,0.10167,0.10172,1159151.0
2026-08-06 04:00:00+00:00,0.10172,0.10254,0.10128,0.10185,1024596.0
2026-08-06 05:00:00+00:00,0.10185,0.10187,0.10077,0.10114,874487.0
2026-08-06 06:00:00+00:00,0.10114,0.1021,0.10098,0.1021,544171.0
2026-08-06 07:00:00+00:00,0.1021,0.10244,0.10113,0.10179,998041.0
2026-08-06 08:00:00+00:00,0.10179,0.10206,0.09987,0.10097,2662622.0
2026-08-06 09:00:00+00:00,0.10097,0.10109,0.09989,0.10085,1531213.0
2026-08-06 10:00:00+00:00,0.10085,0.10196,0.1005,0.10138,752576.0
2026-08-06 11:00:00+00:00,0.10138,0.10151,0.10057,0.10102,453786.0
2026-08-06 12:00:00+00:00,0.10102,0.10196,0.10067,0.10181,830118.0
2026-08-06 13:00:00+00:00,0.10181,0.10193,0.10084,0.10123,795066.0
2026-08-06 14:00:00+00:00,0.10123,0.10129,0.0997,0.09985,1675830.0
2026-08-06 15:00:00+00:00,0.09985,0.09999,0.09934,0.09977,890234.0
2026-08-06 16:00:00+00:00,0.09977,0.09988,0.09881,0.09893,1234126.0
2026-08-06 17:00:00+00:00,0.09893,0.09903,0.09837,0.09845,1140131.0
2026-08-06 18:00:00+00:00,0.09845,0.09845,0.09511,0.09518,4871908.0
2026-08-06 19:00:00+00:00,0.09518,0.09607,0.09423,0.09456,2668906.0
2026-08-06 20:00:00+00:00,0.09456,0.09456,0.09102,0.09162,8530443.0
2026-08-06 21:00:00+00:00,0.09162,0.09302,0.09075,0.09253,3073205.0
2026-08-06 22:00:00+00:00,0.09253,0.09255,0.09031,0.09125,2225542.0
2026-08-06 23:00:00+00:00,0.09125,0.09283,0.09109,0.09151,2433516.0
2026-08-07 00:00:00+00:00,0.09151,0.09179,0.08958,0.09124,3484927.0
2026-08-07 01:00:00+00:00,0.09124,0.09134,0.08968,0.09021,1855366.0
2026-08-07 02:00:00+00:00,0.09021,0.09242,0.08991,0.09068,2453359.0
2026-08-07 03:00:00+00:00,0.09068,0.09069,0.08975,0.09036,1486255.0
2026-08-07 04:00:00+00:00,0.09036,0.09043,0.08717,0.08727,5806005.0
2026-08-07 05:00:00+00:00,0.08727,0.08885,0.08672,0.08864,4022645.0
2026-08-07 06:00:00+00:00,0.08864,0.09047,0.08831,0.08945,2549960.0
2026-08-07 07:00:00+00:00,0.08945,0.08949,0.08751,0.08802,1740998.0
2026-08-07 08:00:00+00:00,0.08802,0.09014,0.08752,0.08984,1817899.0
2026-08-07 09:00:00+00:00,0.08984,0.0911,0.08946,0.091,2004764.0
2026-08-07 10:00:00+00:00,0.091,0.09105,0.08934,0.08969,1293221.0
2026-08-07 11:00:00+00:00,0.08969,0.09009,0.08886,0.08946,1315673.0
2026-08-07 12:00:00+00:00,0.08946,0.09022,0.08785,0.09016,5368091.0
2026-08-07 13:00:00+00:00,0.09016,0.09064,0.089,0.09061,2931976.0
2026-08-07 14:00:00+00:00,0.09061,0.0966,0.09022,0.09633,5795348.0
2026-08-07 15:00:00+00:00,0.09633,0.09673,0.09238,0.09261,2856379.0
2026-08-07 16:00:00+00:00,0.09261,0.09614,0.09251,0.09538,3543737.0
2026-08-07 17:00:00+00:00,0.09538,0.0956,0.09297,0.09326,844857.0
2026-08-07 18:00:00+00:00,0.09326,0.09335,0.0926,0.09281,1366676.0
2026-08-07 19:00:00+00:00,0.09281,0.09297,0.09112,0.09133,1857023.0
2026-08-07 20:00:00+00:00,0.09133,0.09206,0.09061,0.09147,2747447.0
2026-08-07 21:00:00+00:00,0.09147,0.09151,0.09064,0.09079,490350.0
2026-08-07 22:00:00+00:00,0.09079,0.09168,0.0907,0.09108,456831.0
2026-08-07 23:00:00+00:00,0.09108,0.09123,0.09059,0.09094,577523.0
2026-08-08 00:00:00+00:00,0.09094,0.09145,0.09046,0.09115,553874.0
2026-08-08 01:00:00+00:00,0.09115,0.09162,0.09072,0.09158,211858.0
2026-08-08 02:00:00+00:00,0.09158,0.09161,0.0888,0.09058,2573134.0
2026-08-08 03:00:00+00:00,0.09058,0.09194,0.09028,0.09031,869209.0
2026-08-08 04:00:00+00:00,0.09031,0.09033,0.08905,0.08963,1178588.0
2026-08-08 05:00:00+00:00,0.08963,0.09072,0.08925,0.09068,1045942.0
2026-08-08 06:00:00+00:00,0.09068,0.09304,0.09065,0.09297,1684106.0
2026-08-08 07:00:00+00:00,0.09297,0.09378,0.09044,0.0906,3029848.0
2026-08-08 08:00:00+00:00,0.0906,0.09107,0.08914,0.08923,1658836.0
2026-08-08 09:00:00+00:00,0.08923,0.09149,0.08915,0.09114,1579605.0
2026-08-08 10:00:00+00:00,0.09114,0.0916,0.09035,0.09071,656527.0
2026-08-08 11:00:00+00:00,0.09071,0.09073,0.08952,0.08996,349442.0
2026-08-08 12:00:00+00:00,0.08996,0.09197,0.08949,0.09146,2480323.0
2026-08-08 13:00:00+00:00,0.09146,0.09146,0.0906,0.09113,1075466.0
2026-08-08 14:00:00+00:00,0.09113,0.09142,0.09051,0.09105,670952.0
2026-08-08 15:00:00+00:00,0.09105,0.0925,0.09039,0.09229,3367129.0
2026-08-08 16:00:00+00:00,0.09229,0.09416,0.0919,0.09322,1526405.0
2026-08-08 17:00:00+00:00,0.09322,0.09484,0.09314,0.09341,987100.0
2026-08-08 18:00:00+00:00,0.09341,0.09499,0.09341,0.09469,676361.0
2026-08-08 19:00:00+00:00,0.09469,0.09604,0.09408,0.09452,1755882.0
2026-08-08 20:00:00+00:00,0.09452,0.09603,0.09452,0.09529,963074.0
2026-08-08 21:00:00+00:00,0.09529,0.09573,0.09451,0.0956,708653.0
2026-08-08 22:00:00+00:00,0.0956,0.09598,0.09479,0.09483,532384.0
2026-08-08 23:00:00+00:00,0.09483,0.09524,0.09426,0.09443,350857.0
2026-08-09 00:00:00+00:00,0.09443,0.09553,0.0937,0.09446,667194.0
2026-08-09 01:00:00+00:00,0.09446,0.09477,0.09367,0.09453,432304.0
2026-08-09 02:00:00+00:00,0.09453,0.0962,0.0937,0.09567,897113.0
2026-08-09 03:00:00+00:00,0.09567,0.09597,0.09413,0.09514,865017.0
2026-08-09 04:00:00+00:00,0.09514,0.09797,0.09388,0.09465,7396574.0
2026-08-09 05:00:00+00:00,0.09465,0.09801,0.09404,0.09757,3151516.0
2026-08-09 06:00:00+00:00,0.09757,0.09902,0.096,0.09891,2381364.0
2026-08-09 07:00:00+00:00,0.09891,0.1,0.09697,0.09973,1363333.0
2026-08-09 08:00:00+00:00,0.09973,0.10186,0.09801,0.09805,5242927.0
2026-08-09 09:00:00+00:00,0.09805,0.09892,0.09644,0.09783,3539729.0
2026-08-09 10:00:00+00:00,0.09783,0.09875,0.09634,0.09658,871902.0
2026-08-09 11:00:00+00:00,0.09658,0.09763,0.0953,0.09701,1918429.0
2026-08-09 12:00:00+00:00,0.09701,0.09934,0.09666,0.0983,1915165.0
2026-08-09 13:00:00+00:00,0.0983,0.09985,0.098,0.09952,821334.0
2026-08-09 14:00:00+00:00,0.09952,0.10098,0.09894,0.10093,1125313.0
2026-08-09 15:00:00+00:00,0.10093,0.10258,0.09909,0.10202,3519246.0
2026-08-09 16:00:00+00:00,0.10202,0.10215,0.09881,0.09904,1335594.0
2026-08-09 17:00:00+00:00,0.09904,0.09908,0.09801,0.09803,600652.0
2026-08-09 18:00:00+00:00,0.09803,0.0989,0.09797,0.09858,616400.0
2026-08-09 19:00:00+00:00,0.09858,0.09916,0.09794,0.09869,700237.0
2026-08-09 20:00:00+00:00,0.09869,0.10022,0.09838,0.09993,1424080.0
2026-08-09 21:00:00+00:00,0.09993,0.10067,0.09922,0.09932,836535.0
2026-08-09 22:00:00+00:00,0.09932,0.1021,0.09932,0.10131,1348992.0
2026-08-09 23:00:00+00:00,0.10131,0.10186,0.10001,0.1006,932056.0
2026-08-10 00:00:00+00:00,0.1006,0.10312,0.10054,0.1022,2272280.0
2026-08-10 01:00:00+00:00,0.1022,0.10228,0.0999,0.10033,2451648.0
2026-08-10 02:00:00+00:00,0.10033,0.10115,0.10026,0.10076,370971.0
2026-08-10 03:00:00+00:00,0.10076,0.10255,0.10038,0.10077,2266663.0
2026-08-10 04:00:00+00:00,0.10077,0.10155,0.10002,0.10045,911995.0
2026-08-10 05:00:00+00:00,0.10045,0.10057,0.09856,0.09999,1404698.0
2026-08-10 06:00:00+00:00,0.09999,0.10024,0.09837,0.09943,1376760.0
2026-08-10 07:00:00+00:00,0.09943,0.09943,0.09823,0.09909,1335459.0
2026-08-10 08:00:00+00:00,0.09909,0.09917,0.09799,0.09818,900035.0
2026-08-10 09:00:00+00:00,0.09818,0.0989,0.09778,0.09846,721840.0
2026-08-10 10:00:00+00:00,0.09846,0.09981,0.09756,0.09923,1464930.0
2026-08-10 11:00:00+00:00,0.09923,0.09981,0.09883,0.09913,591808.0
2026-08-10 12:00:00+00:00,0.09913,0.09934,0.0986,0.09916,309164.0
2026-08-10 13:00:00+00:00,0.09916,0.10012,0.09906,0.09939,462398.0
2026-08-10 14:00:00+00:00,0.09939,0.09949,0.0979,0.09805,736452.0
2026-08-10 15:00:00+00:00,0.09805,0.09874,0.09753,0.09771,756831.0
2026-08-10 16:00:00+00:00,0.09771,0.09771,0.09628,0.09704,3995245.0
2026-08-10 17:00:00+00:00,0.09704,0.09717,0.09645,0.09652,594286.0
2026-08-10 18:00:00+00:00,0.09652,0.09681,0.09582,0.09595,728339.0
2026-08-10 19:00:00+00:00,0.09595,0.09777,0.09585,0.09744,1350884.0
2026-08-10 20:00:00+00:00,0.09744,0.09776,0.09672,0.09716,1699245.0
2026-08-10 21:00:00+00:00,0.09716,0.09733,0.0966,0.09663,770934.0
2026-08-10 22:00:00+00:00,0.09663,0.09767,0.09628,0.09652,1117304.0
2026-08-10 23:00:00+00:00,0.09652,0.09759,0.09625,0.09758,715177.0
2026-08-11 00:00:00+00:00,0.09758,0.09893,0.0959,0.09892,4431178.0
2026-08-11 01:00:00+00:00,0.09892,0.09965,0.09691,0.09735,4239870.0
2026-08-11 02:00:00+00:00,0.09735,0.09759,0.09575,0.09608,1254091.0
2026-08-11 03:00:00+00:00,0.09608,0.09608,0.09512,0.09521,1002176.0
2026-08-11 04:00:00+00:00,0.09521,0.0953,0.09462,0.09463,1016502.0
2026-08-11 05:00:00+00:00,0.09463,0.09465,0.0938,0.09382,1424461.0
2026-08-11 06:00:00+00:00,0.09382,0.09384,0.09292,0.0932,1863276.0
2026-08-11 07:00:00+00:00,0.0932,0.09571,0.09298,0.09554,1405123.0
2026-08-11 08:00:00+00:00,0.09554,0.09619,0.09475,0.09479,1407048.0
2026-08-11 09:00:00+00:00,0.09479,0.09517,0.0943,0.09459,917563.0
2026-08-11 10:00:00+00:00,0.09459,0.09477,0.09327,0.09369,2582943.0
2026-08-11 11:00:00+00:00,0.09369,0.09551,0.09356,0.09506,3066121.0
2026-08-11 12:00:00+00:00,0.09506,0.09577,0.09476,0.09516,862125.0
2026-08-11 13:00:00+00:00,0.09516,0.09659,0.09495,0.09633,1160169.0
2026-08-11 14:00:00+00:00,0.09633,0.0966,0.09587,0.09658,1131459.0
2026-08-11 15:00:00+00:00,0.09658,0.10119,0.09655,0.09885,4990170.0
2026-08-11 16:00:00+00:00,0.09885,0.10045,0.09873,0.09971,1817659.0
2026-08-11 17:00:00+00:00,0.09971,0.10074,0.09962,0.10008,682915.0
2026-08-11 18:00:00+00:00,0.10008,0.10093,0.09988,0.10068,852646.0
2026-08-11 19:00:00+00:00,0.10068,0.1009,0.1002,0.10068,688908.0
2026-08-11 20:00:00+00:00,0.10068,0.10092,0.10019,0.10074,549342.0
2026-08-11 21:00:00+00:00,0.10074,0.10092,0.09988,0.10054,567673.0
2026-08-11 22:00:00+00:00,0.10054,0.10076,0.1003,0.10059,448717.0
2026-08-11 23:00:00+00:00,0.10059,0.10074,0.10016,0.10053,488118.0
2026-08-12 00:00:00+00:00,0.10053,0.10109,0.09974,0.0999,581405.0
2026-08-12 01:00:00+00:00,0.0999,0.10107,0.09953,0.10007,870776.0
2026-08-12 02:00:00+00:00,0.10007,0.10043,0.09971,0.09995,365568.0
2026-08-12 03:00:00+00:00,0.09995,0.10061,0.09922,0.09954,745330.0
2026-08-12 04:00:00+00:00,0.09954,0.10013,0.09923,0.09929,469382.0
2026-08-12 05:00:00+00:00,0.09929,0.09982,0.09876,0.09909,722566.0
2026-08-12 06:00:00+00:00,0.09909,0.09927,0.09824,0.0984,476727.0
2026-08-12 07:00:00+00:00,0.0984,0.09858,0.09787,0.098,301952.0
2026-08-12 08:00:00+00:00,0.098,0.09851,0.0979,0.09813,401352.0
2026-08-12 09:00:00+00:00,0.09813,0.09813,0.09761,0.09765,671659.0
2026-08-12 10:00:00+00:00,0.09765,0.09796,0.09744,0.09784,501724.0
2026-08-12 11:00:00+00:00,0.09784,0.09905,0.09784,0.09898,533740.0
2026-08-12 12:00:00+00:00,0.09898,0.10075,0.0989,0.09984,1100403.0
2026-08-12 13:00:00+00:00,0.09984,0.10012,0.09842,0.09848,410634.0
2026-08-12 14:00:00+00:00,0.09848,0.09941,0.09761,0.0992,645714.0
2026-08-12 15:00:00+00:00,0.0992,0.09984,0.09869,0.09905,387132.0
2026-08-12 16:00:00+00:00,0.09905,0.10048,0.09879,0.09884,772601.0
2026-08-12 17:00:00+00:00,0.09884,0.09945,0.09825,0.09903,632726.0
2026-08-12 18:00:00+00:00,0.09903,0.0991,0.09835,0.09856,471606.0
2026-08-12 19:00:00+00:00,0.09856,0.09902,0.09854,0.09893,251738.0
2026-08-12 20:00:00+00:00,0.09893,0.09931,0.09858,0.09864,243881.0
2026-08-12 21:00:00+00:00,0.09864,0.09896,0.09851,0.09864,229232.0
2026-08-12 22:00:00+00:00,0.09864,0.09881,0.09832,0.09864,265646.0
2026-08-12 23:00:00+00:00,0.09864,0.09886,0.0984,0.09883,197554.0
2026-08-13 00:00:00+00:00,0.09883,0.10053,0.09877,0.09957,1352093.0
2026-08-13 01:00:00+00:00,0.09957,0.10086,0.09943,0.1007,612510.0
2026-08-13 02:00:00+00:00,0.1007,0.10101,0.09973,0.10029,907052.0
2026-08-13 03:00:00+00:00,0.10029,0.10098,0.1002,0.10076,477528.0
2026-08-13 04:00:00+00:00,0.10076,0.10134,0.10046,0.10085,530115.0
2026-08-13 05:00:00+00:00,0.10085,0.10085,0.0995,0.09957,769656.0
2026-08-13 06:00:00+00:00,0.09957,0.09974,0.09914,0.09948,283150.0
2026-08-13 07:00:00+00:00,0.09948,0.09981,0.0993,0.09972,145914.0
2026-08-13 08:00:00+00:00,0.09972,0.10014,0.09949,0.10014,687819.0
2026-08-13 09:00:00+00:00,0.10014,0.10049,0.0998,0.10003,567465.0
2026-08-13 10:00:00+00:00,0.10003,0.1002,0.09906,0.0991,388565.0
2026-08-13 11:00:00+00:00,0.0991,0.0991,0.09795,0.09798,1162247.0
2026-08-13 12:00:00+00:00,0.09798,0.09842,0.09785,0.09786,430482.0
2026-08-13 13:00:00+00:00,0.09786,0.09791,0.09753,0.09771,995376.0
2026-08-13 14:00:00+00:00,0.09771,0.09813,0.09669,0.09692,586332.0
2026-08-13 15:00:00+00:00,0.09692,0.09742,0.09617,0.09652,927828.0
2026-08-13 16:00:00+00:00,0.09652,0.09691,0.09605,0.09638,345876.0
2026-08-13 17:00:00+00:00,0.09638,0.09638,0.09563,0.09618,503341.0
2026-08-13 18:00:00+00:00,0.09618,0.09733,0.09618,0.09727,651458.0
2026-08-13 19:00:00+00:00,0.09727,0.09789,0.0968,0.09718,406918.0
2026-08-13 20:00:00+00:00,0.09718,0.09766,0.0969,0.0969,161689.0
2026-08-13 21:00:00+00:00,0.0969,0.09745,0.09668,0.09689,450026.0
2026-08-13 22:00:00+00:00,0.09689,0.09761,0.09689,0.09751,129406.0
2026-08-13 23:00:00+00:00,0.09751,0.09793,0.09742,0.0978,437408.0
2026-08-14 00:00:00+00:00,0.0978,0.09786,0.09741,0.0977,130189.0
2026-08-14 01:00:00+00:00,0.0977,0.09772,0.09679,0.09718,251547.0
2026-08-14 02:00:00+00:00,0.09718,0.09728,0.09691,0.09691,52501.0
2026-08-14 03:00:00+00:00,0.09691,0.09718,0.096,0.09613,639853.0
2026-08-14 04:00:00+00:00,0.09613,0.09689,0.09609,0.09665,362620.0
2026-08-14 05:00:00+00:00,0.09665,0.0973,0.09625,0.0965,503349.0
2026-08-14 06:00:00+00:00,0.0965,0.09682,0.09637,0.0965,191168.0
2026-08-14 07:00:00+00:00,0.0965,0.09685,0.09647,0.09658,96783.0
2026-08-14 08:00:00+00:00,0.09658,0.0969,0.09651,0.09667,77734.0
2026-08-14 09:00:00+00:00,0.09667,0.09669,0.0956,0.09569,638532.0
2026-08-14 10:00:00+00:00,0.09569,0.09585,0.09559,0.09568,217304.0
2026-08-14 11:00:00+00:00,0.09568,0.09689,0.09568,0.09675,453173.0
2026-08-14 12:00:00+00:00,0.09675,0.09853,0.09653,0.0976,1714990.0
2026-08-14 13:00:00+00:00,0.0976,0.09958,0.09743,0.09923,1365925.0
2026-08-14 14:00:00+00:00,0.09923,0.09961,0.09713,0.09716,1083109.0
2026-08-14 15:00:00+00:00,0.09716,0.09811,0.09665,0.09743,1640479.0
2026-08-14 16:00:00+00:00,0.09743,0.0979,0.09714,0.09747,446262.0
2026-08-14 17:00:00+00:00,0.09747,0.09748,0.09692,0.09704,231495.0
2026-08-14 18:00:00+00:00,0.09704,0.09729,0.09663,0.0968,173762.0
2026-08-14 19:00:00+00:00,0.0968,0.09688,0.0966,0.09672,177766.0
2026-08-14 20:00:00+00:00,0.09672,0.09689,0.09646,0.0965,277737.0
2026-08-14 21:00:00+00:00,0.0965,0.0969,0.09647,0.09662,156959.0
2026-08-14 22:00:00+00:00,0.09662,0.09749,0.09647,0.09696,464339.0
2026-08-14 23:00:00+00:00,0.09696,0.09733,0.09668,0.09722,459692.0
2026-08-15 00:00:00+00:00,0.09722,0.09809,0.09688,0.09771,591403.0
2026-08-15 01:00:00+00:00,0.09771,0.09916,0.09771,0.09867,1003803.0
2026-08-15 02:00:00+00:00,0.09867,0.09925,0.09824,0.09863,583079.0
2026-08-15 03:00:00+00:00,0.09863,0.09926,0.0975,0.09788,1052764.0
2026-08-15 04:00:00+00:00,0.09788,0.09811,0.09682,0.09704,1616132.0
2026-08-15 05:00:00+00:00,0.09704,0.09728,0.09612,0.09643,647552.0
2026-08-15 06:00:00+00:00,0.09643,0.0969,0.09639,0.09676,306333.0
2026-08-15 07:00:00+00:00,0.09676,0.09691,0.09585,0.09598,296636.0
2026-08-15 08:00:00+00:00,0.09598,0.0963,0.09512,0.09573,1811294.0
2026-08-15 09:00:00+00:00,0.09573,0.0958,0.09508,0.09516,278005.0
2026-08-15 10:00:00+00:00,0.09516,0.09556,0.09467,0.09484,544215.0
2026-08-15 11:00:00+00:00,0.09484,0.09504,0.09475,0.09498,520903.0
2026-08-15 12:00:00+00:00,0.09498,0.09503,0.09465,0.09469,472018.0
2026-08-15 13:00:00+00:00,0.09469,0.09574,0.09467,0.09559,921007.0
2026-08-15 14:00:00+00:00,0.09559,0.09688,0.09551,0.09646,614688.0
2026-08-15 15:00:00+00:00,0.09646,0.097,0.09646,0.09685,333895.0
2026-08-15 16:00:00+00:00,0.09685,0.09831,0.09682,0.09773,819174.0
2026-08-15 17:00:00+00:00,0.09773,0.09871,0.09764,0.09844,725352.0
2026-08-15 18:00:00+00:00,0.09844,0.09911,0.09829,0.0986,1359870.0
2026-08-15 19:00:00+00:00,0.0986,0.09863,0.09672,0.09774,1482910.0
2026-08-15 20:00:00+00:00,0.09774,0.09828,0.09732,0.09827,593512.0
2026-08-15 21:00:00+00:00,0.09827,0.09866,0.09801,0.09858,275624.0
2026-08-15 22:00:00+00:00,0.09858,0.09992,0.09858,0.09952,712693.0
2026-08-15 23:00:00+00:00,0.09952,0.09958,0.09871,0.09904,431367.0
2026-08-16 00:00:00+00:00,0.09904,0.09945,0.09878,0.09919,1014088.0
2026-08-16 01:00:00+00:00,0.09919,0.10193,0.09892,0.10175,3246101.0
2026-08-16 02:00:00+00:00,0.10175,0.10277,0.09861,0.09881,3681970.0
2026-08-16 03:00:00+00:00,0.09881,0.09886,0.0978,0.09814,2320977.0
2026-08-16 04:00:00+00:00,0.09814,0.09815,0.09651,0.09663,1754696.0
2026-08-16 05:00:00+00:00,0.09663,0.09686,0.09584,0.09606,1130924.0
2026-08-16 06:00:00+00:00,0.09606,0.09728,0.09552,0.09721,1274716.0
2026-08-16 07:00:00+00:00,0.09721,0.09727,0.09618,0.09623,757644.0
2026-08-16 08:00:00+00:00,0.09623,0.09628,0.09587,0.09588,492374.0
2026-08-16 09:00:00+00:00,0.09588,0.09623,0.09563,0.09599,1004370.0
2026-08-16 10:00:00+00:00,0.09599,0.09599,0.095,0.09507,1499894.0
2026-08-16 11:00:00+00:00,0.09507,0.0963,0.09485,0.09613,1487788.0
2026-08-16 12:00:00+00:00,0.09613,0.09676,0.09596,0.09638,838282.0
2026-08-16 13:00:00+00:00,0.09638,0.09659,0.09608,0.09609,413269.0
2026-08-16 14:00:00+00:00,0.09609,0.09672,0.09593,0.09608,403211.0
2026-08-16 15:00:00+00:00,0.09608,0.09739,0.09563,0.09579,1885886.0
2026-08-16 16:00:00+00:00,0.09579,0.09678,0.09504,0.09577,4198035.0
2026-08-16 17:00:00+00:00,0.09577,0.09577,0.0946,0.09513,2104731.0
2026-08-16 18:00:00+00:00,0.09513,0.09553,0.09512,0.09528,468407.0
2026-08-16 19:00:00+00:00,0.09528,0.09544,0.09502,0.09534,456084.0
2026-08-16 20:00:00+00:00,0.09534,0.09534,0.09501,0.09512,165314.0
2026-08-16 21:00:00+00:00,0.09512,0.09535,0.09476,0.09481,376335.0
2026-08-16 22:00:00+00:00,0.09481,0.09556,0.09459,0.09542,1447895.0
2026-08-16 23:00:00+00:00,0.09542,0.09614,0.09537,0.09597,778308.0
2026-08-17 00:00:00+00:00,0.09597,0.09642,0.09479,0.09492,827375.0
2026-08-17 01:00:00+00:00,0.09492,0.0961,0.09491,0.09544,1331870.0
2026-08-17 02:00:00+00:00,0.09544,0.09582,0.0954,0.09557,360618.0
2026-08-17 03:00:00+00:00,0.09557,0.09572,0.09519,0.09519,386282.0
2026-08-17 04:00:00+00:00,0.09519,0.09549,0.0948,0.09492,260810.0
2026-08-17 05:00:00+00:00,0.09492,0.09503,0.09467,0.09471,363201.0
2026-08-17 06:00:00+00:00,0.09471,0.09577,0.09452,0.0956,1584190.0
2026-08-17 07:00:00+00:00,0.0956,0.09587,0.09547,0.09569,444288.0
2026-08-17 08:00:00+00:00,0.09569,0.09583,0.09524,0.09567,727279.0
2026-08-17 09:00:00+00:00,0.09567,0.09595,0.09523,0.0953,946812.0
2026-08-17 10:00:00+00:00,0.0953,0.0953,0.09464,0.09483,617255.0
2026-08-17 11:00:00+00:00,0.09483,0.09503,0.0947,0.09486,291039.0
2026-08-17 12:00:00+00:00,0.09486,0.09486,0.09332,0.09332,1621921.0
2026-08-17 13:00:00+00:00,0.09332,0.09349,0.09207,0.09222,2550278.0
2026-08-17 14:00:00+00:00,0.09222,0.09317,0.09204,0.09227,3078512.0
2026-08-17 15:00:00+00:00,0.09227,0.09292,0.092,0.09215,937005.0
2026-08-17 16:00:00+00:00,0.09215,0.09217,0.09135,0.09143,2588264.0
2026-08-17 17:00:00+00:00,0.09143,0.09166,0.09074,0.09138,1145098.0
2026-08-17 18:00:00+00:00,0.09138,0.09146,0.09013,0.09029,616482.0
2026-08-17 19:00:00+00:00,0.09029,0.09063,0.09016,0.09042,618303.0
2026-08-17 20:00:00+00:00,0.09042,0.09091,0.09003,0.09067,532989.0
2026-08-17 21:00:00+00:00,0.09067,0.09073,0.09033,0.09055,401837.0
2026-08-17 22:00:00+00:00,0.09055,0.09058,0.08945,0.08977,1864866.0
2026-08-17 23:00:00+00:00,0.08977,0.09069,0.08976,0.09053,590111.0
2026-08-18 00:00:00+00:00,0.09053,0.091,0.08927,0.09068,1377073.0
2026-08-18 01:00:00+00:00,0.09068,0.09073,0.08963,0.09015,784334.0
2026-08-18 02:00:00+00:00,0.09015,0.09098,0.09012,0.09027,1459483.0
2026-08-18 03:00:00+00:00,0.09027,0.09095,0.09018,0.09066,434870.0
2026-08-18 04:00:00+00:00,0.09066,0.09185,0.09065,0.09112,1342550.0
2026-08-18 05:00:00+00:00,0.09112,0.09149,0.09112,0.0912,385106.0
2026-08-18 06:00:00+00:00,0.0912,0.09123,0.09067,0.0911,858189.0
2026-08-18 07:00:00+00:00,0.0911,0.09298,0.091,0.09217,778235.0
2026-08-18 08:00:00+00:00,0.09217,0.09222,0.09162,0.09167,506457.0
2026-08-18 09:00:00+00:00,0.09167,0.0921,0.09106,0.09123,798677.0
2026-08-18 10:00:00+00:00,0.09123,0.09127,0.09065,0.09088,478055.0
2026-08-18 11:00:00+00:00,0.09088,0.09156,0.09086,0.09146,302725.0
2026-08-18 12:00:00+00:00,0.09146,0.09219,0.09143,0.09186,493896.0
2026-08-18 13:00:00+00:00,0.09186,0.09205,0.09116,0.09127,282485.0
2026-08-18 14:00:00+00:00,0.09127,0.09146,0.09094,0.09105,424316.0
2026-08-18 15:00:00+00:00,0.09105,0.09116,0.09085,0.09104,196295.0
2026-08-18 16:00:00+00:00,0.09104,0.09124,0.09085,0.0909,320596.0
2026-08-18 17:00:00+00:00,0.0909,0.09104,0.08991,0.0902,1215618.0
2026-08-18 18:00:00+00:00,0.0902,0.09071,0.08972,0.09054,1221749.0
2026-08-18 19:00:00+00:00,0.09054,0.09114,0.09036,0.09047,398238.0
2026-08-18 20:00:00+00:00,0.09047,0.09073,0.09021,0.09025,737963.0
2026-08-18 21:00:00+00:00,0.09025,0.09038,0.08992,0.09028,681643.0
2026-08-18 22:00:00+00:00,0.09028,0.09047,0.08977,0.08997,412223.0
2026-08-18 23:00:00+00:00,0.08997,0.09158,0.08989,0.09128,1920137.0
2026-08-19 00:00:00+00:00,0.09128,0.09133,0.09058,0.09077,1035790.0
2026-08-19 01:00:00+00:00,0.09077,0.0909,0.09052,0.0907,203547.0
2026-08-19 02:00:00+00:00,0.0907,0.0907,0.08982,0.09023,377125.0
2026-08-19 03:00:00+00:00,0.09023,0.09043,0.08983,0.08995,295933.0
2026-08-19 04:00:00+00:00,0.08995,0.08995,0.08939,0.08977,755526.0
2026-08-19 05:00:00+00:00,0.08977,0.09001,0.08961,0.08973,188646.0
2026-08-19 06:00:00+00:00,0.08973,0.09003,0.08958,0.08987,516436.0
2026-08-19 07:00:00+00:00,0.08987,0.08997,0.08959,0.08978,276156.0
2026-08-19 08:00:00+00:00,0.08978,0.09033,0.08968,0.08969,527359.0
2026-08-19 09:00:00+00:00,0.08969,0.09032,0.08954,0.09029,568856.0
2026-08-19 10:00:00+00:00,0.09029,0.09092,0.08999,0.09061,583760.0
2026-08-19 11:00:00+00:00,0.09061,0.09103,0.09048,0.0907,399994.0
2026-08-19 12:00:00+00:00,0.0907,0.09072,0.09025,0.09044,587069.0
2026-08-19 13:00:00+00:00,0.09044,0.09054,0.0899,0.09011,510155.0
2026-08-19 14:00:00+00:00,0.09011,0.09138,0.09,0.09111,1443834.0
2026-08-19 15:00:00+00:00,0.09111,0.09359,0.09104,0.09227,3612881.0
2026-08-19 16:00:00+00:00,0.09227,0.09462,0.09207,0.09452,1894199.0
2026-08-19 17:00:00+00:00,0.09452,0.09709,0.09402,0.09687,3116237.0
2026-08-19 18:00:00+00:00,0.09687,0.09996,0.09681,0.09909,3099662.0
2026-08-19 19:00:00+00:00,0.09909,0.09979,0.09714,0.09927,5011992.0
2026-08-19 20:00:00+00:00,0.09927,0.09997,0.09855,0.09949,1459445.0
2026-08-19 21:00:00+00:00,0.09949,0.10032,0.09902,0.10008,1523192.0
2026-08-19 22:00:00+00:00,0.10008,0.10023,0.09869,0.09912,1908900.0
2026-08-19 23:00:00+00:00,0.09912,0.09931,0.09884,0.09924,407655.0
2026-08-20 00:00:00+00:00,0.09924,0.10221,0.09806,0.10081,2027668.0
2026-08-20 01:00:00+00:00,0.10081,0.10197,0.09869,0.09869,1429438.0
2026-08-20 02:00:00+00:00,0.09869,0.10019,0.0984,0.09945,1096538.0
2026-08-20 03:00:00+00:00,0.09945,0.10009,0.09884,0.09948,392887.0
2026-08-20 04:00:00+00:00,0.09948,0.10051,0.09948,0.09984,417241.0
2026-08-20 05:00:00+00:00,0.09984,0.10121,0.09982,0.10104,1397803.0
2026-08-20 06:00:00+00:00,0.10104,0.10149,0.10072,0.10115,1278126.0
2026-08-20 07:00:00+00:00,0.10115,0.10231,0.10056,0.10215,933467.0
2026-08-20 08:00:00+00:00,0.10215,0.10439,0.10187,0.10438,3247539.0
2026-08-20 09:00:00+00:00,0.10438,0.10487,0.10307,0.10334,3317167.0
2026-08-20 10:00:00+00:00,0.10334,0.10438,0.1027,0.10416,1911490.0
2026-08-20 11:00:00+00:00,0.10416,0.10419,0.10277,0.10293,1911783.0
2026-08-20 12:00:00+00:00,0.10293,0.10413,0.10293,0.10368,822176.0
2026-08-20 13:00:00+00:00,0.10368,0.10496,0.10368,0.10421,3008498.0
2026-08-20 14:00:00+00:00,0.10421,0.10429,0.10271,0.10284,1617561.0
2026-08-20 15:00:00+00:00,0.10284,0.10323,0.10164,0.10262,2459329.0
2026-08-20 16:00:00+00:00,0.10262,0.1029,0.10144,0.10238,2153357.0
2026-08-20 17:00:00+00:00,0.10238,0.10268,0.10166,0.10217,1351391.0
2026-08-20 18:00:00+00:00,0.10217,0.10222,0.10042,0.10047,1961283.0
2026-08-20 19:00:00+00:00,0.10047,0.10061,0.10001,0.10037,1000054.0
2026-08-20 20:00:00+00:00,0.10037,0.10037,0.09834,0.09862,2774900.0
2026-08-20 21:00:00+00:00,0.09862,0.0994,0.09843,0.09884,828264.0
2026-08-20 22:00:00+00:00,0.09884,0.09912,0.09857,0.09908,459322.0
2026-08-20 23:00:00+00:00,0.09908,0.09977,0.09896,0.09963,473213.0
2026-08-21 00:00:00+00:00,0.09963,0.09973,0.09787,0.09838,1290722.0
2026-08-21 01:00:00+00:00,0.09838,0.09883,0.09817,0.09841,883612.0
2026-08-21 02:00:00+00:00,0.09841,0.10136,0.09837,0.10035,4785361.0
2026-08-21 03:00:00+00:00,0.10035,0.10099,0.10002,0.1008,550653.0
2026-08-21 04:00:00+00:00,0.1008,0.10185,0.10079,0.10161,1001712.0
2026-08-21 05:00:00+00:00,0.10161,0.10236,0.10108,0.10232,619823.0
2026-08-21 06:00:00+00:00,0.10232,0.10232,0.10141,0.10151,500960.0
2026-08-21 07:00:00+00:00,0.10151,0.1023,0.1012,0.10179,1247094.0
2026-08-21 08:00:00+00:00,0.10179,0.10511,0.1017,0.10458,3749655.0
2026-08-21 09:00:00+00:00,0.10458,0.10514,0.10202,0.10298,2569226.0
2026-08-21 10:00:00+00:00,0.10298,0.10385,0.10238,0.10285,2507577.0
2026-08-21 11:00:00+00:00,0.10285,0.10466,0.10279,0.1033,4158745.0
2026-08-21 12:00:00+00:00,0.1033,0.10483,0.10319,0.10409,3261158.0
2026-08-21 13:00:00+00:00,0.10409,0.10455,0.10228,0.10419,1435104.0
2026-08-21 14:00:00+00:00,0.10419,0.10519,0.10327,0.10479,5356772.0
2026-08-21 15:00:00+00:00,0.10479,0.1079,0.10468,0.1064,6191519.0
2026-08-21 16:00:00+00:00,0.1064,0.10899,0.1064,0.10807,5224449.0
2026-08-21 17:00:00+00:00,0.10807,0.10917,0.1056,0.10668,3246661.0
2026-08-21 18:00:00+00:00,0.10668,0.10751,0.1058,0.10637,1726403.0
2026-08-21 19:00:00+00:00,0.10637,0.10758,0.10572,0.10718,1711962.0
2026-08-21 20:00:00+00:00,0.10718,0.10893,0.10689,0.10883,2302916.0
2026-08-21 21:00:00+00:00,0.10883,0.10985,0.10808,0.10979,2703771.0
2026-08-21 22:00:00+00:00,0.10979,0.11368,0.10965,0.1133,3370578.0
2026-08-21 23:00:00+00:00,0.1133,0.11331,0.11204,0.11285,1640002.0
2026-08-22 00:00:00+00:00,0.11285,0.11324,0.11054,0.1128,4746070.0
2026-08-22 01:00:00+00:00,0.1128,0.11474,0.11277,0.11355,2402569.0
2026-08-22 02:00:00+00:00,0.11355,0.11906,0.11351,0.1189,2528139.0
2026-08-22 03:00:00+00:00,0.1189,0.12122,0.11651,0.12025,3249592.0
2026-08-22 04:00:00+00:00,0.12025,0.12351,0.12022,0.12205,4528819.0
2026-08-22 05:00:00+00:00,0.12205,0.12228,0.11214,0.12035,13529970.0
2026-08-22 06:00:00+00:00,0.12035,0.12535,0.11939,0.12119,2985796.0
2026-08-22 07:00:00+00:00,0.12119,0.12232,0.11968,0.12205,1033457.0
2026-08-22 08:00:00+00:00,0.12205,0.12324,0.11993,0.12026,1864610.0
2026-08-22 09:00:00+00:00,0.12026,0.12052,0.11409,0.11501,3234183.0
2026-08-22 10:00:00+00:00,0.11501,0.11623,0.11319,0.11561,2252575.0
2026-08-22 11:00:00+00:00,0.11561,0.11724,0.11511,0.1166,554288.0
2026-08-22 12:00:00+00:00,0.1166,0.11998,0.11658,0.11673,1312426.0
2026-08-22 13:00:00+00:00,0.11673,0.11775,0.11635,0.11739,787822.0
2026-08-22 14:00:00+00:00,0.11739,0.11812,0.11611,0.11668,582459.0
2026-08-22 15:00:00+00:00,0.11668,0.11783,0.11499,0.11761,1366574.0
2026-08-22 16:00:00+00:00,0.11761,0.11881,0.11616,0.11849,1489376.0
2026-08-22 17:00:00+00:00,0.11849,0.12006,0.11849,0.11943,994090.0
2026-08-22 18:00:00+00:00,0.11943,0.11988,0.11868,0.11947,379180.0
2026-08-22 19:00:00+00:00,0.11947,0.12033,0.11911,0.11941,432042.0
2026-08-22 20:00:00+00:00,0.11941,0.12129,0.11911,0.12048,525735.0
2026-08-22 21:00:00+00:00,0.12048,0.1205,0.11766,0.11766,598312.0
2026-08-22 22:00:00+00:00,0.11766,0.11857,0.1173,0.1182,738801.0
2026-08-22 23:00:00+00:00,0.1182,0.11843,0.11727,0.1183,578284.0
2026-08-23 00:00:00+00:00,0.1183,0.12039,0.11818,0.12009,957840.0
2026-08-23 01:00:00+00:00,0.12009,0.12017,0.11838,0.11885,832572.0
2026-08-23 02:00:00+00:00,0.11885,0.11988,0.11854,0.11939,791918.0
2026-08-23 03:00:00+00:00,0.11939,0.11949,0.117,0.1172,868333.0
2026-08-23 04:00:00+00:00,0.1172,0.11749,0.11518,0.11527,875224.0
2026-08-23 05:00:00+00:00,0.11527,0.11586,0.11409,0.11457,1798414.0
2026-08-23 06:00:00+00:00,0.11457,0.11504,0.11338,0.11438,704811.0
2026-08-23 07:00:00+00:00,0.11438,0.11493,0.11342,0.11378,515546.0
2026-08-23 08:00:00+00:00,0.11378,0.11597,0.11352,0.11563,1875578.0
2026-08-23 09:00:00+00:00,0.11563,0.11709,0.11543,0.11649,676405.0
2026-08-23 10:00:00+00:00,0.11649,0.11683,0.11581,0.11637,707544.0
2026-08-23 11:00:00+00:00,0.11637,0.11735,0.11628,0.11722,1150276.0
2026-08-23 12:00:00+00:00,0.11722,0.11749,0.11616,0.11656,1373938.0
2026-08-23 13:00:00+00:00,0.11656,0.12019,0.11651,0.11957,1685005.0
2026-08-23 14:00:00+00:00,0.11957,0.12013,0.11672,0.119,1820981.0
2026-08-23 15:00:00+00:00,0.119,0.11972,0.11832,0.11893,302223.0
2026-08-23 16:00:00+00:00,0.11893,0.11923,0.11817,0.11834,355597.0
2026-08-23 17:00:00+00:00,0.11834,0.11839,0.11717,0.11722,341295.0
2026-08-23 18:00:00+00:00,0.11722,0.11897,0.11697,0.11897,940705.0
2026-08-23 19:00:00+00:00,0.11897,0.11933,0.11808,0.11864,586598.0
2026-08-23 20:00:00+00:00,0.11864,0.12025,0.1183,0.11998,934355.0
2026-08-23 21:00:00+00:00,0.11998,0.12238,0.11994,0.12026,2114307.0
2026-08-23 22:00:00+00:00,0.12026,0.1211,0.11867,0.12022,2252042.0
2026-08-23 23:00:00+00:00,0.12022,0.1231,0.11975,0.12296,5707558.0
2026-08-24 00:00:00+00:00,0.12296,0.12349,0.1185,0.12082,7428039.0
2026-08-24 01:00:00+00:00,0.12082,0.12109,0.11914,0.12026,4467339.0
2026-08-24 02:00:00+00:00,0.12026,0.12141,0.11999,0.12106,1872055.0
2026-08-24 03:00:00+00:00,0.12106,0.122,0.12021,0.12145,1223507.0
2026-08-24 04:00:00+00:00,0.12145,0.12383,0.12048,0.12188,2087254.0
2026-08-24 05:00:00+00:00,0.12188,0.12494,0.12129,0.12452,1873855.0
2026-08-24 06:00:00+00:00,0.12452,0.1247,0.12257,0.12335,1566559.0
2026-08-24 07:00:00+00:00,0.12335,0.12793,0.12141,0.1258,8496570.0
2026-08-24 08:00:00+00:00,0.1258,0.12676,0.1234,0.12409,2523838.0
2026-08-24 09:00:00+00:00,0.12409,0.12505,0.12334,0.12402,896762.0
2026-08-24 10:00:00+00:00,0.12402,0.12613,0.12391,0.12495,1626627.0
2026-08-24 11:00:00+00:00,0.12495,0.1275,0.12402,0.12695,1353214.0
2026-08-24 12:00:00+00:00,0.12695,0.13015,0.12676,0.12934,2680500.0
2026-08-24 13:00:00+00:00,0.12934,0.13178,0.12558,0.1257,3630581.0
2026-08-24 14:00:00+00:00,0.1257,0.12876,0.12523,0.12777,2755245.0
2026-08-24 15:00:00+00:00,0.12777,0.12887,0.12502,0.12521,1307009.0
2026-08-24 16:00:00+00:00,0.12521,0.12673,0.12351,0.12365,846484.0
2026-08-24 17:00:00+00:00,0.12365,0.12374,0.12149,0.1223,1313963.0
2026-08-24 18:00:00+00:00,0.1223,0.12245,0.12174,0.12233,468052.0
2026-08-24 19:00:00+00:00,0.12233,0.12352,0.12132,0.12284,1780639.0
2026-08-24 20:00:00+00:00,0.12284,0.12511,0.12223,0.12469,761225.0
2026-08-24 21:00:00+00:00,0.12469,0.12526,0.12313,0.12352,617707.0
2026-08-24 22:00:00+00:00,0.12352,0.12355,0.12271,0.12273,74969.0
2026-08-24 23:00:00+00:00,0.12273,0.12459,0.12249,0.12397,673804.0
2026-08-25 00:00:00+00:00,0.12397,0.12491,0.12368,0.1243,386545.0
2026-08-25 01:00:00+00:00,0.1243,0.1243,0.12187,0.12414,849720.0
2026-08-25 02:00:00+00:00,0.12414,0.12638,0.12362,0.12482,1062532.0
2026-08-25 03:00:00+00:00,0.12482,0.12639,0.12431,0.12521,1342723.0
2026-08-25 04:00:00+00:00,0.12521,0.12591,0.1234,0.12436,1380830.0
2026-08-25 05:00:00+00:00,0.12436,0.12562,0.12418,0.12543,345156.0
2026-08-25 06:00:00+00:00,0.12543,0.12565,0.12402,0.12416,719287.0
2026-08-25 07:00:00+00:00,0.12416,0.12558,0.12405,0.12518,376474.0
2026-08-25 08:00:00+00:00,0.12518,0.12733,0.12393,0.12482,3302241.0
2026-08-25 09:00:00+00:00,0.12482,0.12564,0.12335,0.12368,2349504.0
2026-08-25 10:00:00+00:00,0.12368,0.12368,0.12152,0.12157,779383.0
2026-08-25 11:00:00+00:00,0.12157,0.12157,0.12021,0.12065,730179.0
2026-08-25 12:00:00+00:00,0.12065,0.12068,0.117,0.11849,4287167.0
2026-08-25 13:00:00+00:00,0.11849,0.11979,0.117,0.11751,1783304.0
2026-08-25 14:00:00+00:00,0.11751,0.12025,0.11711,0.1199,1812163.0
2026-08-25 15:00:00+00:00,0.1199,0.11993,0.11805,0.11874,725044.0
2026-08-25 16:00:00+00:00,0.11874,0.12189,0.11821,0.12183,1463538.0
2026-08-25 17:00:00+00:00,0.12183,0.12233,0.12058,0.12101,1319321.0
2026-08-25 18:00:00+00:00,0.12101,0.12168,0.12096,0.12143,294919.0
2026-08-25 19:00:00+00:00,0.12143,0.12162,0.12008,0.12104,474582.0
2026-08-25 20:00:00+00:00,0.12104,0.12137,0.11767,0.11812,1133655.0
2026-08-25 21:00:00+00:00,0.11812,0.11852,0.11727,0.1184,466649.0
2026-08-25 22:00:00+00:00,0.1184,0.12098,0.1181,0.12098,592281.0
2026-08-25 23:00:00+00:00,0.12098,0.12125,0.11905,0.11961,469852.0
2026-08-26 00:00:00+00:00,0.11961,0.12049,0.119,0.1201,408508.0
2026-08-26 01:00:00+00:00,0.1201,0.12044,0.11801,0.11842,493390.0
2026-08-26 02:00:00+00:00,0.11842,0.11952,0.11842,0.11877,820420.0
2026-08-26 03:00:00+00:00,0.11877,0.119,0.11823,0.11847,332721.0
2026-08-26 04:00:00+00:00,0.11847,0.11887,0.11816,0.11834,504143.0
2026-08-26 05:00:00+00:00,0.11834,0.11878,0.11793,0.11868,353111.0
2026-08-26 06:00:00+00:00,0.11868,0.11899,0.11798,0.11848,438641.0
2026-08-26 07:00:00+00:00,0.11848,0.11881,0.11797,0.11806,304142.0
2026-08-26 08:00:00+00:00,0.11806,0.11839,0.1169,0.11711,433273.0
2026-08-26 09:00:00+00:00,0.11711,0.1175,0.11594,0.11596,765630.0
2026-08-26 10:00:00+00:00,0.11596,0.11748,0.11484,0.11736,927625.0
2026-08-26 11:00:00+00:00,0.11736,0.1181,0.11686,0.1174,535801.0
2026-08-26 12:00:00+00:00,0.1174,0.11786,0.11689,0.11715,246866.0
2026-08-26 13:00:00+00:00,0.11715,0.11732,0.11495,0.11553,526441.0
2026-08-26 14:00:00+00:00,0.11553,0.11608,0.11463,0.11466,363726.0
2026-08-26 15:00:00+00:00,0.11466,0.11532,0.11435,0.1152,590267.0
2026-08-26 16:00:00+00:00,0.1152,0.11577,0.11429,0.11444,466749.0
2026-08-26 17:00:00+00:00,0.11444,0.11589,0.11444,0.11544,212378.0
2026-08-26 18:00:00+00:00,0.11544,0.11739,0.11524,0.11739,735320.0
2026-08-26 19:00:00+00:00,0.11739,0.11744,0.11605,0.11672,309404.0
2026-08-26 20:00:00+00:00,0.11672,0.11672,0.11537,0.11577,125330.0
2026-08-26 21:00:00+00:00,0.11577,0.11669,0.11558,0.11627,362271.0
2026-08-26 22:00:00+00:00,0.11627,0.11748,0.11627,0.11647,350623.0
2026-08-26 23:00:00+00:00,0.11647,0.11784,0.11631,0.11747,708188.0
2026-08-27 00:00:00+00:00,0.11747,0.11747,0.11489,0.11615,1327766.0
2026-08-27 01:00:00+00:00,0.11615,0.11745,0.11576,0.1162,333688.0
2026-08-27 02:00:00+00:00,0.1162,0.11639,0.11553,0.11578,295034.0
2026-08-27 03:00:00+00:00,0.11578,0.11592,0.11512,0.11543,327328.0
2026-08-27 04:00:00+00:00,0.11543,0.11574,0.11493,0.11514,175812.0
2026-08-27 05:00:00+00:00,0.11514,0.11627,0.11466,0.116,729186.0
2026-08-27 06:00:00+00:00,0.116,0.11735,0.11584,0.1163,711111.0
2026-08-27 07:00:00+00:00,0.1163,0.1163,0.11522,0.11537,465989.0
2026-08-27 08:00:00+00:00,0.11537,0.11721,0.11511,0.11682,962031.0
2026-08-27 09:00:00+00:00,0.11682,0.11846,0.11639,0.11656,1810866.0
2026-08-27 10:00:00+00:00,0.11656,0.11706,0.11478,0.11513,1285204.0
2026-08-27 11:00:00+00:00,0.11513,0.11616,0.1144,0.11496,1174871.0
2026-08-27 12:00:00+00:00,0.11496,0.11583,0.11463,0.11538,370407.0
2026-08-27 13:00:00+00:00,0.11538,0.11646,0.11499,0.11629,312467.0
2026-08-27 14:00:00+00:00,0.11629,0.1181,0.11592,0.11669,1657226.0
2026-08-27 15:00:00+00:00,0.11669,0.11826,0.11643,0.11788,2112494.0
2026-08-27 16:00:00+00:00,0.11788,0.11865,0.11689,0.11696,7503727.0
2026-08-27 17:00:00+00:00,0.11696,0.11711,0.11336,0.11355,1865018.0
2026-08-27 18:00:00+00:00,0.11355,0.11367,0.1116,0.1136,1478056.0
2026-08-27 19:00:00+00:00,0.1136,0.11363,0.11209,0.1123,582498.0
2026-08-27 20:00:00+00:00,0.1123,0.11312,0.11137,0.11295,993434.0
2026-08-27 21:00:00+00:00,0.11295,0.11309,0.11188,0.11215,483886.0
2026-08-27 22:00:00+00:00,0.11215,0.11225,0.11122,0.11159,489124.0
2026-08-27 23:00:00+00:00,0.11159,0.11299,0.11092,0.11203,1990384.0
2026-08-28 00:00:00+00:00,0.11203,0.11355,0.1116,0.11332,1346458.0
2026-08-28 01:00:00+00:00,0.11332,0.11512,0.11317,0.11336,2296979.0
2026-08-28 02:00:00+00:00,0.11336,0.11364,0.11128,0.11164,1542709.0
2026-08-28 03:00:00+00:00,0.11164,0.11215,0.11098,0.11119,1184656.0
2026-08-28 04:00:00+00:00,0.11119,0.1128,0.11059,0.1127,871165.0
2026-08-28 05:00:00+00:00,0.1127,0.11367,0.11237,0.11239,490927.0
2026-08-28 06:00:00+00:00,0.11239,0.11356,0.11237,0.11327,1408985.0
2026-08-28 07:00:00+00:00,0.11327,0.11373,0.112,0.112,879669.0
2026-08-28 08:00:00+00:00,0.112,0.11246,0.1111,0.11117,467359.0
2026-08-28 09:00:00+00:00,0.11117,0.11217,0.11074,0.11185,737348.0
2026-08-28 10:00:00+00:00,0.11185,0.11259,0.11116,0.11211,1361348.0
2026-08-28 11:00:00+00:00,0.11211,0.11343,0.11211,0.11333,613120.0
2026-08-28 12:00:00+00:00,0.11333,0.11349,0.11198,0.11244,604184.0
2026-08-28 13:00:00+00:00,0.11244,0.11302,0.11061,0.11228,1803551.0
2026-08-28 14:00:00+00:00,0.11228,0.11319,0.11052,0.11215,814050.0
2026-08-28 15:00:00+00:00,0.11215,0.11297,0.11074,0.11094,559727.0
2026-08-28 16:00:00+00:00,0.11094,0.11094,0.10837,0.11002,1645230.0
2026-08-28 17:00:00+00:00,0.11002,0.11018,0.10953,0.11012,362774.0
2026-08-28 18:00:00+00:00,0.11012,0.11028,0.10876,0.10941,504275.0
2026-08-28 19:00:00+00:00,0.10941,0.11041,0.10923,0.1099,157288.0
2026-08-28 20:00:00+00:00,0.1099,0.1106,0.10952,0.11049,324373.0
2026-08-28 21:00:00+00:00,0.11049,0.11077,0.10991,0.10991,394718.0
2026-08-28 22:00:00+00:00,0.10991,0.11124,0.10991,0.11123,275896.0
2026-08-28 23:00:00+00:00,0.11123,0.11174,0.11105,0.11165,139649.0
2026-08-29 00:00:00+00:00,0.11165,0.11218,0.11111,0.11116,439882.0
2026-08-29 01:00:00+00:00,0.11116,0.11128,0.11016,0.11057,200169.0
2026-08-29 02:00:00+00:00,0.11057,0.11094,0.11022,0.11063,250167.0
2026-08-29 03:00:00+00:00,0.11063,0.11093,0.11005,0.1102,95756.0
2026-08-29 04:00:00+00:00,0.1102,0.11119,0.11011,0.11108,184609.0
2026-08-29 05:00:00+00:00,0.11108,0.11123,0.11058,0.11075,130384.0
2026-08-29 06:00:00+00:00,0.11075,0.11164,0.11009,0.11138,321420.0
2026-08-29 07:00:00+00:00,0.11138,0.11182,0.11071,0.11125,282927.0
2026-08-29 08:00:00+00:00,0.11125,0.11388,0.11124,0.11295,1241161.0
2026-08-29 09:00:00+00:00,0.11295,0.1133,0.11201,0.1129,2174182.0
2026-08-29 10:00:00+00:00,0.1129,0.11321,0.11196,0.11234,1922724.0
2026-08-29 11:00:00+00:00,0.11234,0.11326,0.11226,0.11308,524932.0
2026-08-29 12:00:00+00:00,0.11308,0.11508,0.11306,0.11392,842286.0
2026-08-29 13:00:00+00:00,0.11392,0.11512,0.11379,0.1148,1210609.0
2026-08-29 14:00:00+00:00,0.1148,0.11633,0.1145,0.11565,376870.0
2026-08-29 15:00:00+00:00,0.11565,0.1165,0.11561,0.11612,323096.0
2026-08-29 16:00:00+00:00,0.11612,0.11747,0.11541,0.1166,651563.0
2026-08-29 17:00:00+00:00,0.1166,0.11711,0.11603,0.11639,317833.0
2026-08-29 18:00:00+00:00,0.11639,0.11821,0.11632,0.11764,408978.0
2026-08-29 19:00:00+00:00,0.11764,0.119,0.11755,0.11818,1284134.0
2026-08-29 20:00:00+00:00,0.11818,0.11889,0.11794,0.1182,507875.0
2026-08-29 21:00:00+00:00,0.1182,0.11877,0.11795,0.11833,514183.0
2026-08-29 22:00:00+00:00,0.11833,0.11834,0.11766,0.11809,238425.0
2026-08-29 23:00:00+00:00,0.11809,0.11824,0.1173,0.11798,181769.0
2026-08-30 00:00:00+00:00,0.11798,0.11924,0.11791,0.11808,425450.0
2026-08-30 01:00:00+00:00,0.11808,0.11827,0.11741,0.11781,293555.0
2026-08-30 02:00:00+00:00,0.11781,0.12112,0.11781,0.1203,2565892.0
2026-08-30 03:00:00+00:00,0.1203,0.12059,0.11959,0.12021,810130.0
2026-08-30 04:00:00+00:00,0.12021,0.12038,0.11867,0.11943,872814.0
2026-08-30 05:00:00+00:00,0.11943,0.11952,0.11879,0.11888,501089.0
2026-08-30 06:00:00+00:00,0.11888,0.11958,0.11865,0.11899,446983.0
2026-08-30 07:00:00+00:00,0.11899,0.11899,0.11809,0.1186,474701.0
2026-08-30 08:00:00+00:00,0.1186,0.11938,0.11824,0.11921,741189.0
2026-08-30 09:00:00+00:00,0.11921,0.1194,0.11819,0.11824,867322.0
2026-08-30 10:00:00+00:00,0.11824,0.11855,0.11794,0.11824,309566.0
2026-08-30 11:00:00+00:00,0.11824,0.11864,0.11814,0.11824,153971.0
2026-08-30 12:00:00+00:00,0.11824,0.11961,0.1177,0.11952,347066.0
2026-08-30 13:00:00+00:00,0.11952,0.11955,0.11811,0.11825,967137.0
2026-08-30 14:00:00+00:00,0.11825,0.11843,0.11802,0.11843,250142.0
2026-08-30 15:00:00+00:00,0.11843,0.11856,0.11801,0.11824,290985.0
2026-08-30 16:00:00+00:00,0.11824,0.11878,0.11811,0.11852,309462.0
2026-08-30 17:00:00+00:00,0.11852,0.11854,0.11747,0.11807,286550.0
2026-08-30 18:00:00+00:00,0.11807,0.11845,0.11793,0.11818,222588.0
2026-08-30 19:00:00+00:00,0.11818,0.1182,0.11746,0.11791,276140.0
2026-08-30 20:00:00+00:00,0.11791,0.11831,0.11775,0.11805,231586.0
2026-08-30 21:00:00+00:00,0.11805,0.11875,0.11682,0.11845,537632.0
2026-08-30 22:00:00+00:00,0.11845,0.11908,0.1177,0.11865,617960.0
2026-08-30 23:00:00+00:00,0.11865,0.11899,0.11423,0.11589,1892230.0
2026-08-31 00:00:00+00:00,0.11589,0.11627,0.11465,0.11581,1619757.0
2026-08-31 01:00:00+00:00,0.11581,0.11658,0.11507,0.11545,827769.0
2026-08-31 02:00:00+00:00,0.11545,0.11754,0.11545,0.11754,522472.0
2026-08-31 03:00:00+00:00,0.11754,0.11889,0.11712,0.11866,450231.0
2026-08-31 04:00:00+00:00,0.11866,0.11882,0.11716,0.11824,857351.0
2026-08-31 05:00:00+00:00,0.11824,0.1188,0.11816,0.11829,395956.0
2026-08-31 06:00:00+00:00,0.11829,0.12003,0.118,0.11974,534457.0
2026-08-31 07:00:00+00:00,0.11974,0.12067,0.11909,0.12039,497321.0
2026-08-31 08:00:00+00:00,0.12039,0.12095,0.11914,0.1199,661124.0
2026-08-31 09:00:00+00:00,0.1199,0.11992,0.11805,0.11862,665807.0
2026-08-31 10:00:00+00:00,0.11862,0.12044,0.1185,0.12025,444650.0
2026-08-31 11:00:00+00:00,0.12025,0.12027,0.11926,0.11959,194904.0
2026-08-31 12:00:00+00:00,0.11959,0.1197,0.11802,0.11905,360010.0
2026-08-31 13:00:00+00:00,0.11905,0.11915,0.11718,0.11737,341788.0
2026-08-31 14:00:00+00:00,0.11737,0.11902,0.11635,0.11846,1084022.0
2026-08-31 15:00:00+00:00,0.11846,0.11853,0.11686,0.11724,507423.0
2026-08-31 16:00:00+00:00,0.11724,0.11805,0.1169,0.11776,494189.0
2026-08-31 17:00:00+00:00,0.11776,0.11865,0.11772,0.11778,722929.0
2026-08-31 18:00:00+00:00,0.11778,0.12265,0.11702,0.12254,1963059.0
2026-08-31 19:00:00+00:00,0.12254,0.12524,0.12142,0.12395,2824810.0
2026-08-31 20:00:00+00:00,0.12395,0.12539,0.12356,0.12399,1208964.0
2026-08-31 21:00:00+00:00,0.12399,0.12426,0.12323,0.1234,1203672.0
2026-08-31 22:00:00+00:00,0.1234,0.12358,0.12162,0.12162,963512.0
2026-08-31 23:00:00+00:00,0.12162,0.12193,0.11988,0.12062,2038058.0
2026-09-01 00:00:00+00:00,0.12062,0.12194,0.12029,0.12052,1290928.0
2026-09-01 01:00:00+00:00,0.12052,0.12261,0.12031,0.12261,746904.0
2026-09-01 02:00:00+00:00,0.12261,0.12324,0.1224,0.12255,175284.0
2026-09-01 03:00:00+00:00,0.12255,0.12357,0.12211,0.12316,467560.0
2026-09-01 04:00:00+00:00,0.12316,0.12392,0.12291,0.12298,440806.0
2026-09-01 05:00:00+00:00,0.12298,0.12392,0.12292,0.1232,818124.0
2026-09-01 06:00:00+00:00,0.1232,0.12334,0.1214,0.12164,778408.0
2026-09-01 07:00:00+00:00,0.12164,0.12238,0.12064,0.12155,959955.0
2026-09-01 08:00:00+00:00,0.12155,0.12182,0.12,0.12007,1607753.0
2026-09-01 09:00:00+00:00,0.12007,0.12052,0.11944,0.1198,1149395.0
2026-09-01 10:00:00+00:00,0.1198,0.12107,0.11867,0.11987,1295467.0
2026-09-01 11:00:00+00:00,0.11987,0.12025,0.11881,0.11882,666462.0
2026-09-01 12:00:00+00:00,0.11882,0.11885,0.11679,0.11713,1209900.0
2026-09-01 13:00:00+00:00,0.11713,0.11801,0.11621,0.11734,948796.0
2026-09-01 14:00:00+00:00,0.11734,0.11814,0.11675,0.1174,871139.0
2026-09-01 15:00:00+00:00,0.1174,0.1174,0.11566,0.11649,1056268.0
2026-09-01 16:00:00+00:00,0.11649,0.11666,0.11341,0.11385,1575595.0
2026-09-01 17:00:00+00:00,0.11385,0.11531,0.11326,0.11498,1272296.0
2026-09-01 18:00:00+00:00,0.11498,0.11504,0.11387,0.11447,596611.0
2026-09-01 19:00:00+00:00,0.11447,0.11492,0.11377,0.11414,694116.0
2026-09-01 20:00:00+00:00,0.11414,0.11423,0.1133,0.11353,685664.0
2026-09-01 21:00:00+00:00,0.11353,0.11407,0.11268,0.11326,2567446.0
2026-09-01 22:00:00+00:00,0.11326,0.11395,0.11317,0.11349,309616.0
2026-09-01 23:00:00+00:00,0.11349,0.11384,0.11334,0.11338,229848.0
2026-09-02 00:00:00+00:00,0.11338,0.11406,0.11274,0.11335,414541.0
2026-09-02 01:00:00+00:00,0.11335,0.11395,0.11261,0.11321,534688.0
2026-09-02 02:00:00+00:00,0.11321,0.11402,0.11305,0.11382,451087.0
2026-09-02 03:00:00+00:00,0.11382,0.11631,0.11365,0.11505,822144.0
2026-09-02 04:00:00+00:00,0.11505,0.11509,0.11397,0.11406,278925.0
2026-09-02 05:00:00+00:00,0.11406,0.11476,0.11371,0.11395,1154389.0
2026-09-02 06:00:00+00:00,0.11395,0.11429,0.11265,0.11291,1395660.0
2026-09-02 07:00:00+00:00,0.11291,0.11367,0.11273,0.1133,663881.0
2026-09-02 08:00:00+00:00,0.1133,0.1133,0.11129,0.11212,1147765.0
2026-09-02 09:00:00+00:00,0.11212,0.11308,0.11212,0.11264,949486.0
2026-09-02 10:00:00+00:00,0.11264,0.11388,0.11152,0.112,1991958.0
2026-09-02 11:00:00+00:00,0.112,0.11235,0.11126,0.11179,1128069.0
2026-09-02 12:00:00+00:00,0.11179,0.11244,0.11086,0.11111,841938.0
2026-09-02 13:00:00+00:00,0.11111,0.1116,0.11008,0.11056,1347177.0
2026-09-02 14:00:00+00:00,0.11056,0.11058,0.10972,0.10998,902595.0
2026-09-02 15:00:00+00:00,0.10998,0.1102,0.10939,0.10985,503133.0
2026-09-02 16:00:00+00:00,0.10985,0.11163,0.10964,0.11103,983791.0
2026-09-02 17:00:00+00:00,0.11103,0.11111,0.10938,0.10967,714060.0
2026-09-02 18:00:00+00:00,0.10967,0.1101,0.10876,0.10924,408671.0
2026-09-02 19:00:00+00:00,0.10924,0.11022,0.10904,0.10962,590778.0
2026-09-02 20:00:00+00:00,0.10962,0.11096,0.10962,0.11007,655038.0
2026-09-02 21:00:00+00:00,0.11007,0.11044,0.10942,0.10977,811009.0
2026-09-02 22:00:00+00:00,0.10977,0.11003,0.10864,0.10994,752096.0
2026-09-02 23:00:00+00:00,0.10994,0.11064,0.1088,0.1094,693689.0
2026-09-03 00:00:00+00:00,0.1094,0.10966,0.1082,0.10828,543585.0
2026-09-03 01:00:00+00:00,0.10828,0.10924,0.10816,0.10871,642843.0
2026-09-03 02:00:00+00:00,0.10871,0.11301,0.10864,0.11296,924562.0
2026-09-03 03:00:00+00:00,0.11296,0.11333,0.1115,0.11172,569555.0
2026-09-03 04:00:00+00:00,0.11172,0.11185,0.1103,0.1108,428116.0
2026-09-03 05:00:00+00:00,0.1108,0.111,0.10862,0.10955,1529860.0
2026-09-03 06:00:00+00:00,0.10955,0.10963,0.10897,0.10935,293385.0
2026-09-03 07:00:00+00:00,0.10935,0.11005,0.10923,0.10981,515542.0
2026-09-03 08:00:00+00:00,0.10981,0.11035,0.109,0.10906,283813.0
2026-09-03 09:00:00+00:00,0.10906,0.10979,0.10906,0.10956,495972.0
2026-09-03 10:00:00+00:00,0.10956,0.10968,0.10914,0.10945,167574.0
2026-09-03 11:00:00+00:00,0.10945,0.10998,0.10916,0.1094,481773.0
2026-09-03 12:00:00+00:00,0.1094,0.11047,0.10938,0.11016,458685.0
2026-09-03 13:00:00+00:00,0.11016,0.11076,0.10903,0.10954,1126856.0
2026-09-03 14:00:00+00:00,0.10954,0.11242,0.10918,0.11238,669785.0
2026-09-03 15:00:00+00:00,0.11238,0.11319,0.1117,0.11305,1010020.0
2026-09-03 16:00:00+00:00,0.11305,0.11309,0.11156,0.11192,1026810.0
2026-09-03 17:00:00+00:00,0.11192,0.11224,0.11109,0.11186,527055.0
2026-09-03 18:00:00+00:00,0.11186,0.11253,0.11165,0.11228,431693.0
2026-09-03 19:00:00+00:00,0.11228,0.11268,0.11142,0.11167,448089.0
2026-09-03 20:00:00+00:00,0.11167,0.11198,0.11113,0.1118,490550.0
2026-09-03 21:00:00+00:00,0.1118,0.11278,0.11174,0.11244,484309.0
2026-09-03 22:00:00+00:00,0.11244,0.11279,0.11205,0.11268,548096.0
2026-09-03 23:00:00+00:00,0.11268,0.11307,0.11223,0.11282,537395.0
2026-09-04 00:00:00+00:00,0.11282,0.11369,0.1121,0.1121,519561.0
2026-09-04 01:00:00+00:00,0.1121,0.11255,0.11145,0.11215,673771.0
2026-09-04 02:00:00+00:00,0.11215,0.11232,0.11135,0.11175,596105.0
2026-09-04 03:00:00+00:00,0.11175,0.11223,0.11138,0.11174,244325.0
2026-09-04 04:00:00+00:00,0.11174,0.11225,0.11126,0.11133,252744.0
2026-09-04 05:00:00+00:00,0.11133,0.11144,0.10976,0.11046,712896.0
2026-09-04 06:00:00+00:00,0.11046,0.11053,0.10985,0.1104,293400.0
2026-09-04 07:00:00+00:00,0.1104,0.11124,0.11018,0.11088,377589.0
2026-09-04 08:00:00+00:00,0.11088,0.11267,0.11088,0.11263,258252.0
2026-09-04 09:00:00+00:00,0.11263,0.11338,0.11248,0.11322,784825.0
2026-09-04 10:00:00+00:00,0.11322,0.11348,0.11086,0.11092,1022699.0
2026-09-04 11:00:00+00:00,0.11092,0.1115,0.11034,0.11134,565357.0
2026-09-04 12:00:00+00:00,0.11134,0.11156,0.1075,0.10904,2292755.0
2026-09-04 13:00:00+00:00,0.10904,0.11,0.10858,0.10908,851433.0
2026-09-04 14:00:00+00:00,0.10908,0.10908,0.10767,0.10836,563533.0
2026-09-04 15:00:00+00:00,0.10836,0.10861,0.10764,0.10799,366098.0
2026-09-04 16:00:00+00:00,0.10799,0.10799,0.10715,0.10739,953193.0
2026-09-04 17:00:00+00:00,0.10739,0.10762,0.10665,0.10666,526260.0
2026-09-04 18:00:00+00:00,0.10666,0.10692,0.10604,0.10609,614728.0
2026-09-04 19:00:00+00:00,0.10609,0.10624,0.10579,0.10589,708228.0
2026-09-04 20:00:00+00:00,0.10589,0.10625,0.10582,0.10623,404678.0
2026-09-04 21:00:00+00:00,0.10623,0.10625,0.10601,0.10621,48094.0
