timestamp,open,high,low,close,volume
2026-03-07 20:00:00+00:00,53.33,53.53,53.3,53.51,8510.2
2026-03-07 21:00:00+00:00,53.51,53.68,53.46,53.61,11702.4
2026-03-07 22:00:00+00:00,53.61,53.65,53.21,53.38,20572.6
2026-03-07 23:00:00+00:00,53.38,53.57,53.36,53.54,6151.5
2026-03-08 00:00:00+00:00,53.54,53.72,53.34,53.35,10507.9
2026-03-08 01:00:00+00:00,53.35,53.6,53.25,53.56,10468.7
2026-03-08 02:00:00+00:00,53.56,53.57,52.94,53.09,33998.8
2026-03-08 03:00:00+00:00,53.09,53.26,53.03,53.17,14656.7
2026-03-08 04:00:00+00:00,53.17,53.24,52.78,52.94,22832.2
2026-03-08 05:00:00+00:00,52.94,53.38,52.92,53.3,16123.9
2026-03-08 06:00:00+00:00,53.3,53.34,53.04,53.19,14046.2
2026-03-08 07:00:00+00:00,53.19,53.38,53.0,53.09,36438.6
2026-03-08 08:00:00+00:00,53.09,53.12,52.63,52.88,73138.9
2026-03-08 09:00:00+00:00,52.88,53.38,52.79,53.32,14911.6
2026-03-08 10:00:00+00:00,53.32,53.86,53.32,53.64,37496.8
2026-03-08 11:00:00+00:00,53.64,53.64,53.27,53.54,15178.1
2026-03-08 12:00:00+00:00,53.54,53.84,53.15,53.61,37984.6
2026-03-08 13:00:00+00:00,53.61,53.65,53.01,53.22,22673.6
2026-03-08 14:00:00+00:00,53.22,53.28,52.76,52.9,20048.1
2026-03-08 15:00:00+00:00,52.9,52.9,52.47,52.66,23793.1
2026-03-08 16:00:00+00:00,52.66,52.69,52.19,52.42,36880.5
2026-03-08 17:00:00+00:00,52.42,52.66,52.36,52.57,14591.2
2026-03-08 18:00:00+00:00,52.57,52.6,52.31,52.54,12712.2
2026-03-08 19:00:00+00:00,52.54,53.16,52.47,53.07,35269.3
2026-03-08 20:00:00+00:00,53.07,53.4,52.94,53.03,20011.2
2026-03-08 21:00:00+00:00,53.03,53.09,52.66,52.91,20304.4
2026-03-08 22:00:00+00:00,52.91,52.91,51.83,52.74,89998.1
2026-03-08 23:00:00+00:00,52.74,52.95,52.48,52.55,17202.7
2026-03-09 00:00:00+00:00,52.55,53.36,52.54,52.95,26628.8
2026-03-09 01:00:00+00:00,52.95,53.11,52.61,52.61,17494.9
2026-03-09 02:00:00+00:00,52.61,53.09,52.48,52.96,15508.1
2026-03-09 03:00:00+00:00,52.96,53.79,52.92,53.27,47546.3
2026-03-09 04:00:00+00:00,53.27,53.59,53.22,53.24,12781.0
2026-03-09 05:00:00+00:00,53.24,54.02,53.23,53.79,44642.5
2026-03-09 06:00:00+00:00,53.79,53.82,53.25,53.27,18033.5
2026-03-09 07:00:00+00:00,53.27,53.34,52.82,53.27,22548.5
2026-03-09 08:00:00+00:00,53.27,53.53,53.24,53.38,13562.9
2026-03-09 09:00:00+00:00,53.38,53.8,53.18,53.45,28789.8
2026-03-09 10:00:00+00:00,53.45,53.58,53.18,53.23,14059.5
2026-03-09 11:00:00+00:00,53.23,53.43,52.96,53.34,14988.0
2026-03-09 12:00:00+00:00,53.34,53.75,53.28,53.65,23482.0
2026-03-09 13:00:00+00:00,53.65,54.38,53.62,54.15,41487.1
2026-03-09 14:00:00+00:00,54.15,54.3,53.85,54.06,43834.7
2026-03-09 15:00:00+00:00,54.06,54.16,53.64,53.86,25765.6
2026-03-09 16:00:00+00:00,53.86,54.21,53.81,54.0,22001.3
2026-03-09 17:00:00+00:00,54.0,54.24,53.8,54.01,27111.4
2026-03-09 18:00:00+00:00,54.01,54.09,53.74,53.9,20008.1
2026-03-09 19:00:00+00:00,53.9,54.72,53.83,54.16,37434.5
2026-03-09 20:00:00+00:00,54.16,54.24,53.92,54.13,19720.8
2026-03-09 21:00:00+00:00,54.13,54.22,53.9,54.08,5988.6
2026-03-09 22:00:00+00:00,54.08,54.1,53.63,53.72,18427.1
2026-03-09 23:00:00+00:00,53.72,53.78,53.57,53.72,6699.7
2026-03-10 00:00:00+00:00,53.72,54.22,53.67,54.06,13822.8
2026-03-10 01:00:00+00:00,54.06,54.22,53.86,54.02,8937.4
2026-03-10 02:00:00+00:00,54.02,54.65,53.91,54.41,18491.8
2026-03-10 03:00:00+00:00,54.41,54.44,53.83,53.99,18511.5
2026-03-10 04:00:00+00:00,53.99,54.24,53.91,54.12,8434.5
2026-03-10 05:00:00+00:00,54.12,54.21,53.83,53.86,8933.2
2026-03-10 06:00:00+00:00,53.86,54.09,53.76,53.95,12798.5
2026-03-10 07:00:00+00:00,53.95,54.2,53.84,54.03,12429.7
2026-03-10 08:00:00+00:00,54.03,54.33,54.02,54.1,28898.7
2026-03-10 09:00:00+00:00,54.1,54.49,54.1,54.4,16088.7
2026-03-10 10:00:00+00:00,54.4,54.43,53.99,54.15,13263.2
2026-03-10 11:00:00+00:00,54.15,54.25,53.98,54.08,12151.1
2026-03-10 12:00:00+00:00,54.08,54.15,53.89,54.06,8308.1
2026-03-10 13:00:00+00:00,54.06,54.33,53.69,54.01,43993.4
2026-03-10 14:00:00+00:00,54.01,54.91,53.61,54.86,55235.3
2026-03-10 15:00:00+00:00,54.86,54.98,54.46,54.73,34008.9
2026-03-10 16:00:00+00:00,54.73,54.94,54.43,54.73,28797.6
2026-03-10 17:00:00+00:00,54.73,54.81,54.36,54.58,26426.0
2026-03-10 18:00:00+00:00,54.58,54.58,53.65,53.74,44309.3
2026-03-10 19:00:00+00:00,53.74,53.9,53.51,53.75,17968.1
2026-03-10 20:00:00+00:00,53.75,53.96,53.73,53.93,13288.7
2026-03-10 21:00:00+00:00,53.93,54.07,53.41,53.58,17292.0
2026-03-10 22:00:00+00:00,53.58,53.76,53.38,53.68,11044.4
2026-03-10 23:00:00+00:00,53.68,53.85,53.65,53.82,7219.3
2026-03-11 00:00:00+00:00,53.82,53.98,53.69,53.94,8863.5
2026-03-11 01:00:00+00:00,53.94,53.98,53.84,53.92,7741.5
2026-03-11 02:00:00+00:00,53.92,53.98,53.64,53.86,10644.4
2026-03-11 03:00:00+00:00,53.86,53.96,53.74,53.78,4917.3
2026-03-11 04:00:00+00:00,53.78,54.07,53.68,54.0,9566.9
2026-03-11 05:00:00+00:00,54.0,54.02,53.51,53.6,11665.0
2026-03-11 06:00:00+00:00,53.6,53.92,53.56,53.81,7189.5
2026-03-11 07:00:00+00:00,53.81,53.93,53.66,53.81,5435.0
2026-03-11 08:00:00+00:00,53.81,53.95,53.69,53.94,8069.7
2026-03-11 09:00:00+00:00,53.94,53.94,53.62,53.65,8568.9
2026-03-11 10:00:00+00:00,53.65,53.98,53.62,53.89,6190.0
2026-03-11 11:00:00+00:00,53.89,54.01,53.78,53.83,9825.3
2026-03-11 12:00:00+00:00,53.83,54.37,53.72,54.1,27879.2
2026-03-11 13:00:00+00:00,54.1,55.02,54.08,54.57,48656.9
2026-03-11 14:00:00+00:00,54.57,55.06,54.51,54.76,31531.0
2026-03-11 15:00:00+00:00,54.76,54.79,54.2,54.51,19107.7
2026-03-11 16:00:00+00:00,54.51,54.97,54.5,54.81,23745.9
2026-03-11 17:00:00+00:00,54.81,55.12,54.57,54.87,23344.3
2026-03-11 18:00:00+00:00,54.87,55.14,54.87,55.1,15397.8
2026-03-11 19:00:00+00:00,55.1,55.12,54.89,55.01,8835.1
2026-03-11 20:00:00+00:00,55.01,55.01,54.8,54.92,15304.7
2026-03-11 21:00:00+00:00,54.92,55.11,54.87,55.09,12335.4
2026-03-11 22:00:00+00:00,55.09,55.24,54.86,54.93,15289.0
2026-03-11 23:00:00+00:00,54.93,55.02,54.64,54.76,10034.2
2026-03-12 00:00:00+00:00,54.76,54.95,54.73,54.94,9123.2
2026-03-12 01:00:00+00:00,54.94,54.94,54.46,54.62,17651.6
2026-03-12 02:00:00+00:00,54.62,54.68,54.15,54.21,34747.4
2026-03-12 03:00:00+00:00,54.21,54.3,54.02,54.11,9552.0
2026-03-12 04:00:00+00:00,54.11,54.21,53.98,54.08,20376.4
2026-03-12 05:00:00+00:00,54.08,54.15,53.91,54.09,7250.6
2026-03-12 06:00:00+00:00,54.09,54.12,54.0,54.05,8125.6
2026-03-12 07:00:00+00:00,54.05,54.32,53.98,54.25,14993.5
2026-03-12 08:00:00+00:00,54.25,54.47,54.16,54.35,16414.8
2026-03-12 09:00:00+00:00,54.35,54.65,54.09,54.4,18155.1
2026-03-12 10:00:00+00:00,54.4,54.65,54.32,54.5,17711.3
2026-03-12 11:00:00+00:00,54.5,54.5,54.21,54.3,12922.4
2026-03-12 12:00:00+00:00,54.3,54.57,54.2,54.5,12207.8
2026-03-12 13:00:00+00:00,54.5,54.56,54.08,54.35,39073.1
2026-03-12 14:00:00+00:00,54.35,54.6,53.74,54.01,48609.8
2026-03-12 15:00:00+00:00,54.01,54.44,53.96,54.28,25438.3
2026-03-12 16:00:00+00:00,54.28,54.44,54.08,54.38,13464.0
2026-03-12 17:00:00+00:00,54.38,54.45,54.13,54.19,9466.3
2026-03-12 18:00:00+00:00,54.19,54.35,54.03,54.07,15217.5
2026-03-12 19:00:00+00:00,54.07,54.36,53.99,54.26,15621.2
2026-03-12 20:00:00+00:00,54.26,54.3,54.0,54.12,13615.0
2026-03-12 21:00:00+00:00,54.12,54.46,54.12,54.43,8563.4
2026-03-12 22:00:00+00:00,54.43,54.49,54.31,54.46,6383.1
2026-03-12 23:00:00+00:00,54.46,54.76,54.43,54.53,24385.8
2026-03-13 00:00:00+00:00,54.53,55.44,54.44,55.02,61396.6
2026-03-13 01:00:00+00:00,55.02,55.31,55.01,55.24,15471.1
2026-03-13 02:00:00+00:00,55.24,55.29,54.83,55.0,19186.1
2026-03-13 03:00:00+00:00,55.0,55.32,54.93,55.23,7250.8
2026-03-13 04:00:00+00:00,55.23,55.37,55.03,55.15,13805.8
2026-03-13 05:00:00+00:00,55.15,55.35,54.98,55.23,14975.2
2026-03-13 06:00:00+00:00,55.23,55.3,54.93,55.0,17670.1
2026-03-13 07:00:00+00:00,55.0,55.15,54.94,55.01,14166.8
2026-03-13 08:00:00+00:00,55.01,55.4,54.94,55.17,18226.3
2026-03-13 09:00:00+00:00,55.17,55.52,55.17,55.41,15567.4
2026-03-13 10:00:00+00:00,55.41,56.15,55.38,55.92,42352.4
2026-03-13 11:00:00+00:00,55.92,56.04,55.82,55.9,14788.2
2026-03-13 12:00:00+00:00,55.9,56.43,55.84,56.2,26268.4
2026-03-13 13:00:00+00:00,56.2,56.66,56.05,56.45,40813.2
2026-03-13 14:00:00+00:00,56.45,56.68,55.49,55.62,78718.4
2026-03-13 15:00:00+00:00,55.62,55.83,55.21,55.27,71840.7
2026-03-13 16:00:00+00:00,55.27,55.77,55.15,55.67,43561.6
2026-03-13 17:00:00+00:00,55.67,55.93,55.11,55.32,37861.4
2026-03-13 18:00:00+00:00,55.32,55.51,55.2,55.33,15415.2
2026-03-13 19:00:00+00:00,55.33,55.59,55.24,55.57,10228.1
2026-03-13 20:00:00+00:00,55.57,55.8,55.42,55.74,12337.7
2026-03-13 21:00:00+00:00,55.74,56.0,55.59,55.61,17455.4
2026-03-13 22:00:00+00:00,55.61,55.67,55.06,55.22,16914.4
2026-03-13 23:00:00+00:00,55.22,55.34,55.17,55.28,7031.0
2026-03-14 00:00:00+00:00,55.28,55.4,55.05,55.09,14472.5
2026-03-14 01:00:00+00:00,55.09,55.46,55.03,55.39,20541.0
2026-03-14 02:00:00+00:00,55.39,55.6,55.34,55.54,11436.0
2026-03-14 03:00:00+00:00,55.54,55.75,55.5,55.67,13338.2
2026-03-14 04:00:00+00:00,55.67,55.78,55.47,55.5,13875.9
2026-03-14 05:00:00+00:00,55.5,55.57,55.16,55.24,11544.7
2026-03-14 06:00:00+00:00,55.24,55.24,54.61,54.79,33915.8
2026-03-14 07:00:00+00:00,54.79,54.82,54.58,54.66,21486.9
2026-03-14 08:00:00+00:00,54.66,54.76,54.47,54.56,24492.1
2026-03-14 09:00:00+00:00,54.56,54.65,54.4,54.45,12049.6
2026-03-14 10:00:00+00:00,54.45,54.47,54.31,54.42,10029.0
2026-03-14 11:00:00+00:00,54.42,54.7,54.41,54.65,11433.0
2026-03-14 12:00:00+00:00,54.65,54.73,54.49,54.62,12089.5
2026-03-14 13:00:00+00:00,54.62,54.74,54.56,54.62,7245.3
2026-03-14 14:00:00+00:00,54.62,54.64,54.38,54.39,11709.6
2026-03-14 15:00:00+00:00,54.39,54.48,54.35,54.44,11415.4
2026-03-14 16:00:00+00:00,54.44,54.62,54.33,54.58,13953.3
2026-03-14 17:00:00+00:00,54.58,54.68,54.54,54.56,10019.0
2026-03-14 18:00:00+00:00,54.56,54.78,54.5,54.71,6919.1
2026-03-14 19:00:00+00:00,54.71,54.77,54.61,54.62,6403.7
2026-03-14 20:00:00+00:00,54.62,54.66,54.48,54.6,6082.1
2026-03-14 21:00:00+00:00,54.6,54.69,54.5,54.65,6964.4
2026-03-14 22:00:00+00:00,54.65,54.7,54.57,54.59,6153.7
2026-03-14 23:00:00+00:00,54.59,54.98,54.58,54.95,9311.9
2026-03-15 00:00:00+00:00,54.95,54.95,54.7,54.73,12692.9
2026-03-15 01:00:00+00:00,54.73,54.84,54.65,54.83,5121.6
2026-03-15 02:00:00+00:00,54.83,55.29,54.83,55.17,22139.4
2026-03-15 03:00:00+00:00,55.17,55.29,55.04,55.13,17974.5
2026-03-15 04:00:00+00:00,55.13,55.34,55.08,55.25,9237.6
2026-03-15 05:00:00+00:00,55.25,55.43,55.15,55.18,9703.1
2026-03-15 06:00:00+00:00,55.18,55.27,54.98,55.07,9844.5
2026-03-15 07:00:00+00:00,55.07,55.24,55.04,55.22,6291.5
2026-03-15 08:00:00+00:00,55.22,55.37,55.18,55.37,5453.6
2026-03-15 09:00:00+00:00,55.37,55.54,55.3,55.3,6176.5
2026-03-15 10:00:00+00:00,55.3,55.44,55.25,55.4,5014.8
2026-03-15 11:00:00+00:00,55.4,55.46,55.35,55.36,3885.2
2026-03-15 12:00:00+00:00,55.36,55.48,55.25,55.37,4164.9
2026-03-15 13:00:00+00:00,55.37,55.46,55.07,55.27,14834.0
2026-03-15 14:00:00+00:00,55.27,55.34,55.03,55.25,6764.5
2026-03-15 15:00:00+00:00,55.25,55.25,55.03,55.06,4094.5
2026-03-15 16:00:00+00:00,55.06,55.19,54.94,54.97,8386.1
2026-03-15 17:00:00+00:00,54.97,55.32,54.97,55.19,12404.2
2026-03-15 18:00:00+00:00,55.19,55.25,54.88,54.96,19257.0
2026-03-15 19:00:00+00:00,54.96,55.25,54.93,55.19,10263.2
2026-03-15 20:00:00+00:00,55.19,55.45,55.02,55.32,14360.9
2026-03-15 21:00:00+00:00,55.32,55.76,55.22,55.68,24905.2
2026-03-15 22:00:00+00:00,55.68,56.37,55.47,56.29,60121.3
2026-03-15 23:00:00+00:00,56.29,56.35,55.85,56.22,31386.4
2026-03-16 00:00:00+00:00,56.22,56.45,56.0,56.1,17271.0
2026-03-16 01:00:00+00:00,56.1,56.32,55.92,56.16,22262.8
2026-03-16 02:00:00+00:00,56.16,56.23,55.77,55.99,24401.2
2026-03-16 03:00:00+00:00,55.99,56.98,55.88,56.62,70899.2
2026-03-16 04:00:00+00:00,56.62,57.26,56.61,57.18,45477.5
2026-03-16 05:00:00+00:00,57.18,57.52,57.05,57.42,37923.6
2026-03-16 06:00:00+00:00,57.42,57.45,57.1,57.19,22341.8
2026-03-16 07:00:00+00:00,57.19,57.63,57.18,57.36,17832.1
2026-03-16 08:00:00+00:00,57.36,57.79,57.09,57.26,32898.9
2026-03-16 09:00:00+00:00,57.26,57.6,57.22,57.45,20959.9
2026-03-16 10:00:00+00:00,57.45,57.55,57.19,57.44,12308.2
2026-03-16 11:00:00+00:00,57.44,57.55,57.22,57.33,9965.7
2026-03-16 12:00:00+00:00,57.33,57.74,57.31,57.64,31866.7
2026-03-16 13:00:00+00:00,57.64,58.37,57.5,57.93,64859.5
2026-03-16 14:00:00+00:00,57.93,58.2,57.42,58.2,54577.7
2026-03-16 15:00:00+00:00,58.2,58.41,57.72,57.79,38223.8
2026-03-16 16:00:00+00:00,57.79,58.4,57.79,58.24,21694.3
2026-03-16 17:00:00+00:00,58.24,58.46,58.13,58.33,23725.4
2026-03-16 18:00:00+00:00,58.33,58.73,58.27,58.4,24590.3
2026-03-16 19:00:00+00:00,58.4,58.83,58.29,58.38,23654.6
2026-03-16 20:00:00+00:00,58.38,58.6,58.25,58.53,14883.2
2026-03-16 21:00:00+00:00,58.53,59.17,58.51,58.66,38953.9
2026-03-16 22:00:00+00:00,58.66,58.9,58.61,58.84,20424.6
2026-03-16 23:00:00+00:00,58.84,58.86,58.28,58.66,30205.7
2026-03-17 00:00:00+00:00,58.66,59.01,58.43,58.83,35345.0
2026-03-17 01:00:00+00:00,58.83,59.01,58.44,58.66,35165.5
2026-03-17 02:00:00+00:00,58.66,59.22,58.47,58.69,58945.1
2026-03-17 03:00:00+00:00,58.69,58.69,57.85,58.02,46793.1
2026-03-17 04:00:00+00:00,58.02,58.14,57.35,57.65,40953.1
2026-03-17 05:00:00+00:00,57.65,57.9,57.4,57.63,27885.0
2026-03-17 06:00:00+00:00,57.63,57.92,57.44,57.67,15973.1
2026-03-17 07:00:00+00:00,57.67,58.07,57.66,57.86,8094.6
2026-03-17 08:00:00+00:00,57.86,58.04,57.72,57.8,13071.2
2026-03-17 09:00:00+00:00,57.8,58.01,57.61,57.78,16980.3
2026-03-17 10:00:00+00:00,57.78,57.8,57.47,57.63,16253.0
2026-03-17 11:00:00+00:00,57.63,57.86,57.59,57.64,7102.9
2026-03-17 12:00:00+00:00,57.64,57.69,57.23,57.39,19907.1
2026-03-17 13:00:00+00:00,57.39,57.91,57.34,57.7,24747.3
2026-03-17 14:00:00+00:00,57.7,58.07,57.48,58.02,28402.0
2026-03-17 15:00:00+00:00,58.02,58.3,57.66,58.03,24924.8
2026-03-17 16:00:00+00:00,58.03,58.32,57.92,58.05,28701.1
2026-03-17 17:00:00+00:00,58.05,58.6,58.05,58.46,14903.1
2026-03-17 18:00:00+00:00,58.46,58.56,58.35,58.47,9902.4
2026-03-17 19:00:00+00:00,58.47,58.5,58.12,58.13,15028.8
2026-03-17 20:00:00+00:00,58.13,58.36,58.06,58.26,13230.6
2026-03-17 21:00:00+00:00,58.26,58.66,58.25,58.55,15854.7
2026-03-17 22:00:00+00:00,58.55,58.66,58.17,58.31,16163.3
2026-03-17 23:00:00+00:00,58.31,58.36,58.01,58.04,14136.4
2026-03-18 00:00:00+00:00,58.04,58.15,57.91,58.15,19673.0
2026-03-18 01:00:00+00:00,58.15,58.37,58.13,58.21,5102.5
2026-03-18 02:00:00+00:00,58.21,58.42,58.19,58.35,3973.5
2026-03-18 03:00:00+00:00,58.35,58.53,58.21,58.34,6635.3
2026-03-18 04:00:00+00:00,58.34,58.35,57.92,58.05,7116.3
2026-03-18 05:00:00+00:00,58.05,58.27,57.81,57.93,25673.3
2026-03-18 06:00:00+00:00,57.93,58.05,57.88,57.9,11097.1
2026-03-18 07:00:00+00:00,57.9,57.91,57.67,57.79,9665.4
2026-03-18 08:00:00+00:00,57.79,57.94,57.47,57.48,11747.6
2026-03-18 09:00:00+00:00,57.48,57.85,57.36,57.76,34394.3
2026-03-18 10:00:00+00:00,57.76,57.82,57.51,57.61,10147.6
2026-03-18 11:00:00+00:00,57.61,57.67,56.3,56.53,75146.7
2026-03-18 12:00:00+00:00,56.53,56.6,55.8,56.0,67197.5
2026-03-18 13:00:00+00:00,56.0,56.37,55.75,56.19,35410.0
2026-03-18 14:00:00+00:00,56.19,56.21,55.51,55.56,75942.1
2026-03-18 15:00:00+00:00,55.56,55.76,55.29,55.49,81810.7
2026-03-18 16:00:00+00:00,55.49,55.68,55.32,55.5,29836.4
2026-03-18 17:00:00+00:00,55.5,55.99,55.4,55.89,15640.0
2026-03-18 18:00:00+00:00,55.89,56.27,55.59,55.7,37766.2
2026-03-18 19:00:00+00:00,55.7,55.96,55.64,55.75,6824.1
2026-03-18 20:00:00+00:00,55.75,56.02,55.41,55.97,16414.4
2026-03-18 21:00:00+00:00,55.97,56.31,55.93,56.21,11780.7
2026-03-18 22:00:00+00:00,56.21,56.22,55.81,55.87,15601.8
2026-03-18 23:00:00+00:00,55.87,56.04,55.73,56.03,10591.1
2026-03-19 00:00:00+00:00,56.03,56.11,55.77,55.8,11463.6
2026-03-19 01:00:00+00:00,55.8,56.0,55.73,55.93,4170.9
2026-03-19 02:00:00+00:00,55.93,55.93,55.67,55.73,7594.5
2026-03-19 03:00:00+00:00,55.73,56.31,55.72,55.95,14120.8
2026-03-19 04:00:00+00:00,55.95,56.03,55.58,55.62,21457.6
2026-03-19 05:00:00+00:00,55.62,55.72,55.47,55.55,6603.1
2026-03-19 06:00:00+00:00,55.55,55.66,55.35,55.49,15179.0
2026-03-19 07:00:00+00:00,55.49,55.56,54.8,55.14,41225.4
2026-03-19 08:00:00+00:00,55.14,55.3,55.01,55.12,17280.2
2026-03-19 09:00:00+00:00,55.12,55.61,55.11,55.6,22137.0
2026-03-19 10:00:00+00:00,55.6,55.64,55.35,55.37,11068.4
2026-03-19 11:00:00+00:00,55.37,55.47,55.28,55.32,9641.5
2026-03-19 12:00:00+00:00,55.32,55.34,54.83,54.87,21712.1
2026-03-19 13:00:00+00:00,54.87,55.26,54.63,55.15,43440.8
2026-03-19 14:00:00+00:00,55.15,55.31,54.79,55.12,19802.7
2026-03-19 15:00:00+00:00,55.12,55.3,54.58,54.98,24669.5
2026-03-19 16:00:00+00:00,54.98,55.06,54.79,54.9,14628.2
2026-03-19 17:00:00+00:00,54.9,55.34,54.76,55.22,12623.7
2026-03-19 18:00:00+00:00,55.22,55.29,55.12,55.26,6867.9
2026-03-19 19:00:00+00:00,55.26,55.86,55.25,55.61,27665.4
2026-03-19 20:00:00+00:00,55.61,55.89,55.57,55.77,16542.5
2026-03-19 21:00:00+00:00,55.77,55.89,55.55,55.67,16031.5
2026-03-19 22:00:00+00:00,55.67,55.69,55.36,55.48,9630.6
2026-03-19 23:00:00+00:00,55.48,55.58,55.31,55.5,7830.0
2026-03-20 00:00:00+00:00,55.5,55.78,55.5,55.73,9986.9
2026-03-20 01:00:00+00:00,55.73,55.92,55.72,55.8,8711.1
2026-03-20 02:00:00+00:00,55.8,55.83,55.64,55.72,6046.1
2026-03-20 03:00:00+00:00,55.72,55.92,55.61,55.84,9420.9
2026-03-20 04:00:00+00:00,55.84,56.04,55.71,55.93,7338.2
2026-03-20 05:00:00+00:00,55.93,56.13,55.87,55.89,6633.7
2026-03-20 06:00:00+00:00,55.89,55.99,55.86,55.89,4750.1
2026-03-20 07:00:00+00:00,55.89,56.01,55.58,55.96,9400.2
2026-03-20 08:00:00+00:00,55.96,56.26,55.91,55.98,13880.2
2026-03-20 09:00:00+00:00,55.98,55.98,55.52,55.6,9412.5
2026-03-20 10:00:00+00:00,55.6,55.74,55.48,55.6,8324.1
2026-03-20 11:00:00+00:00,55.6,55.79,55.25,55.4,17126.0
2026-03-20 12:00:00+00:00,55.4,55.57,55.26,55.34,7302.1
2026-03-20 13:00:00+00:00,55.34,55.57,55.22,55.3,15830.4
2026-03-20 14:00:00+00:00,55.3,55.62,55.15,55.32,22429.9
2026-03-20 15:00:00+00:00,55.32,55.59,55.17,55.56,19412.6
2026-03-20 16:00:00+00:00,55.56,55.68,55.34,55.47,6526.0
2026-03-20 17:00:00+00:00,55.47,55.65,55.21,55.65,9630.0
2026-03-20 18:00:00+00:00,55.65,55.66,55.29,55.42,4991.2
2026-03-20 19:00:00+00:00,55.42,55.65,55.25,55.63,10742.8
2026-03-20 20:00:00+00:00,55.63,55.71,55.37,55.71,4098.1
2026-03-20 21:00:00+00:00,55.71,56.19,55.69,56.09,19137.7
2026-03-20 22:00:00+00:00,56.09,56.43,56.09,56.15,16893.4
2026-03-20 23:00:00+00:00,56.15,56.21,55.96,56.13,8998.3
2026-03-21 00:00:00+00:00,56.13,56.43,56.11,56.38,9719.6
2026-03-21 01:00:00+00:00,56.38,56.48,56.09,56.12,10329.2
2026-03-21 02:00:00+00:00,56.12,56.34,56.1,56.26,3734.8
2026-03-21 03:00:00+00:00,56.26,56.29,56.08,56.15,5314.6
2026-03-21 04:00:00+00:00,56.15,56.27,56.11,56.16,5474.1
2026-03-21 05:00:00+00:00,56.16,56.53,56.16,56.2,13197.4
2026-03-21 06:00:00+00:00,56.2,56.32,56.17,56.22,6945.3
2026-03-21 07:00:00+00:00,56.22,56.33,56.18,56.28,5396.3
2026-03-21 08:00:00+00:00,56.28,56.35,56.15,56.35,10671.0
2026-03-21 09:00:00+00:00,56.35,56.56,56.23,56.26,9913.5
2026-03-21 10:00:00+00:00,56.26,56.27,56.0,56.06,15706.2
2026-03-21 11:00:00+00:00,56.06,56.06,55.91,55.99,7058.0
2026-03-21 12:00:00+00:00,55.99,56.04,55.88,55.92,9362.7
2026-03-21 13:00:00+00:00,55.92,55.97,55.71,55.76,13654.6
2026-03-21 14:00:00+00:00,55.76,55.93,55.56,55.61,14556.1
2026-03-21 15:00:00+00:00,55.61,55.74,55.56,55.72,8110.7
2026-03-21 16:00:00+00:00,55.72,55.75,55.52,55.66,8669.4
2026-03-21 17:00:00+00:00,55.66,55.76,55.6,55.7,4334.7
2026-03-21 18:00:00+00:00,55.7,55.98,55.7,55.96,12670.6
2026-03-21 19:00:00+00:00,55.96,56.35,55.82,55.82,47099.6
2026-03-21 20:00:00+00:00,55.82,55.99,55.77,55.96,5507.3
2026-03-21 21:00:00+00:00,55.96,55.97,55.78,55.82,6354.3
2026-03-21 22:00:00+00:00,55.82,55.83,55.65,55.69,6293.3
2026-03-21 23:00:00+00:00,55.69,55.69,54.39,54.77,103067.8
2026-03-22 00:00:00+00:00,54.77,54.8,54.08,54.62,77220.5
2026-03-22 01:00:00+00:00,54.62,54.76,54.41,54.57,14113.1
2026-03-22 02:00:00+00:00,54.57,54.87,54.45,54.74,12757.6
2026-03-22 03:00:00+00:00,54.74,55.0,54.59,54.7,15830.9
2026-03-22 04:00:00+00:00,54.7,54.88,54.59,54.72,15635.2
2026-03-22 05:00:00+00:00,54.72,54.72,54.52,54.52,12511.6
2026-03-22 06:00:00+00:00,54.52,54.62,54.35,54.6,15771.0
2026-03-22 07:00:00+00:00,54.6,54.66,54.33,54.35,18305.8
2026-03-22 08:00:00+00:00,54.35,54.37,54.05,54.21,22351.7
2026-03-22 09:00:00+00:00,54.21,54.35,54.08,54.18,12741.3
2026-03-22 10:00:00+00:00,54.18,54.25,53.95,53.96,14902.8
2026-03-22 11:00:00+00:00,53.96,54.04,53.75,53.88,23612.2
2026-03-22 12:00:00+00:00,53.88,54.31,53.88,54.01,20056.3
2026-03-22 13:00:00+00:00,54.01,54.26,53.96,54.12,15085.2
2026-03-22 14:00:00+00:00,54.12,54.24,53.99,54.08,13406.7
2026-03-22 15:00:00+00:00,54.08,54.22,54.04,54.21,7633.5
2026-03-22 16:00:00+00:00,54.21,54.24,54.03,54.06,9674.9
2026-03-22 17:00:00+00:00,54.06,54.16,54.0,54.06,4781.3
2026-03-22 18:00:00+00:00,54.06,54.13,53.73,53.97,25205.0
2026-03-22 19:00:00+00:00,53.97,53.97,53.62,53.73,18300.8
2026-03-22 20:00:00+00:00,53.73,53.84,53.48,53.54,15510.1
2026-03-22 21:00:00+00:00,53.54,53.58,52.97,53.32,55139.7
2026-03-22 22:00:00+00:00,53.32,53.73,53.06,53.65,19052.5
2026-03-22 23:00:00+00:00,53.65,53.73,53.41,53.47,9091.7
2026-03-23 00:00:00+00:00,53.47,53.7,53.28,53.6,30704.9
2026-03-23 01:00:00+00:00,53.6,53.81,53.48,53.63,7538.2
2026-03-23 02:00:00+00:00,53.63,54.03,53.61,53.88,20244.7
2026-03-23 03:00:00+00:00,53.88,54.12,53.87,53.88,8986.3
2026-03-23 04:00:00+00:00,53.88,54.15,53.88,54.11,18265.3
2026-03-23 05:00:00+00:00,54.11,54.22,53.9,54.09,12267.6
2026-03-23 06:00:00+00:00,54.09,54.09,53.41,53.56,16169.7
2026-03-23 07:00:00+00:00,53.56,53.69,53.23,53.6,19160.7
2026-03-23 08:00:00+00:00,53.6,53.85,53.53,53.58,8845.2
2026-03-23 09:00:00+00:00,53.58,53.79,53.39,53.79,9514.9
2026-03-23 10:00:00+00:00,53.79,54.08,53.71,53.81,12159.8
2026-03-23 11:00:00+00:00,53.81,56.13,53.79,54.9,411421.2
2026-03-23 12:00:00+00:00,54.9,55.45,54.66,55.39,44092.6
2026-03-23 13:00:00+00:00,55.39,55.86,55.16,55.74,27845.2
2026-03-23 14:00:00+00:00,55.74,55.95,55.47,55.73,26446.2
2026-03-23 15:00:00+00:00,55.73,55.92,55.01,55.04,32671.2
2026-03-23 16:00:00+00:00,55.04,55.33,54.97,55.29,18567.6
2026-03-23 17:00:00+00:00,55.29,55.56,55.14,55.45,20192.4
2026-03-23 18:00:00+00:00,55.45,55.62,55.34,55.6,17783.2
2026-03-23 19:00:00+00:00,55.6,55.78,55.26,55.31,9992.1
2026-03-23 20:00:00+00:00,55.31,55.68,55.23,55.64,6467.1
2026-03-23 21:00:00+00:00,55.64,55.83,55.64,55.74,7171.6
2026-03-23 22:00:00+00:00,55.74,55.77,55.52,55.63,10688.9
2026-03-23 23:00:00+00:00,55.63,55.7,55.45,55.69,10174.1
2026-03-24 00:00:00+00:00,55.69,55.79,55.27,55.4,19052.2
2026-03-24 01:00:00+00:00,55.4,55.44,55.02,55.19,15184.1
2026-03-24 02:00:00+00:00,55.19,55.48,55.14,55.22,8707.8
2026-03-24 03:00:00+00:00,55.22,55.6,55.2,55.53,3474.0
2026-03-24 04:00:00+00:00,55.53,55.62,55.3,55.4,4838.5
2026-03-24 05:00:00+00:00,55.4,55.5,55.26,55.47,5527.7
2026-03-24 06:00:00+00:00,55.47,55.72,55.45,55.6,9822.8
2026-03-24 07:00:00+00:00,55.6,55.99,55.56,55.92,19923.1
2026-03-24 08:00:00+00:00,55.92,55.98,55.75,55.76,13681.5
2026-03-24 09:00:00+00:00,55.76,55.92,55.63,55.89,10936.7
2026-03-24 10:00:00+00:00,55.89,55.89,55.61,55.77,7806.7
2026-03-24 11:00:00+00:00,55.77,55.78,55.54,55.68,12971.8
2026-03-24 12:00:00+00:00,55.68,55.72,55.57,55.61,9062.2
2026-03-24 13:00:00+00:00,55.61,55.75,55.32,55.39,30788.1
2026-03-24 14:00:00+00:00,55.39,55.58,55.13,55.51,45556.8
2026-03-24 15:00:00+00:00,55.51,55.88,55.46,55.64,21126.8
2026-03-24 16:00:00+00:00,55.64,55.89,55.53,55.68,13110.1
2026-03-24 17:00:00+00:00,55.68,55.7,55.3,55.39,17043.6
2026-03-24 18:00:00+00:00,55.39,55.86,55.32,55.61,16103.1
2026-03-24 19:00:00+00:00,55.61,55.81,55.61,55.69,12965.9
2026-03-24 20:00:00+00:00,55.69,56.35,55.66,56.14,38954.4
2026-03-24 21:00:00+00:00,56.14,56.19,55.9,56.04,16882.8
2026-03-24 22:00:00+00:00,56.04,56.13,55.84,56.05,18720.5
2026-03-24 23:00:00+00:00,56.05,56.45,56.03,56.35,22595.2
2026-03-25 00:00:00+00:00,56.35,56.63,56.31,56.39,30104.5
2026-03-25 01:00:00+00:00,56.39,56.4,56.22,56.29,20684.6
2026-03-25 02:00:00+00:00,56.29,56.31,56.09,56.11,8253.1
2026-03-25 03:00:00+00:00,56.11,56.25,55.94,56.22,9900.0
2026-03-25 04:00:00+00:00,56.22,56.37,56.18,56.36,5151.1
2026-03-25 05:00:00+00:00,56.36,56.53,56.3,56.4,11590.6
2026-03-25 06:00:00+00:00,56.4,56.43,56.27,56.37,11881.7
2026-03-25 07:00:00+00:00,56.37,56.62,56.36,56.36,8872.8
2026-03-25 08:00:00+00:00,56.36,56.7,56.36,56.47,12519.2
2026-03-25 09:00:00+00:00,56.47,56.49,56.23,56.39,7892.9
2026-03-25 10:00:00+00:00,56.39,56.5,56.33,56.44,18819.1
2026-03-25 11:00:00+00:00,56.44,56.64,56.32,56.4,30376.6
2026-03-25 12:00:00+00:00,56.4,56.67,56.16,56.51,27779.9
2026-03-25 13:00:00+00:00,56.51,56.66,56.44,56.58,5854.1
2026-03-25 14:00:00+00:00,56.58,56.69,56.47,56.56,11333.5
2026-03-25 15:00:00+00:00,56.56,56.62,55.74,56.0,61563.0
2026-03-25 16:00:00+00:00,56.0,56.46,55.92,56.25,34256.2
2026-03-25 17:00:00+00:00,56.25,56.4,56.19,56.29,14191.6
2026-03-25 18:00:00+00:00,56.29,56.44,56.16,56.27,8025.2
2026-03-25 19:00:00+00:00,56.27,56.37,56.19,56.28,8109.4
2026-03-25 20:00:00+00:00,56.28,56.37,56.1,56.25,7459.1
2026-03-25 21:00:00+00:00,56.25,56.5,56.19,56.31,19550.2
2026-03-25 22:00:00+00:00,56.31,56.79,56.28,56.62,18193.1
2026-03-25 23:00:00+00:00,56.62,56.67,56.47,56.61,7774.7
2026-03-26 00:00:00+00:00,56.61,56.64,56.34,56.39,10927.9
2026-03-26 01:00:00+00:00,56.39,56.47,56.27,56.29,5045.7
2026-03-26 02:00:00+00:00,56.29,56.3,55.81,55.99,14529.0
2026-03-26 03:00:00+00:00,55.99,56.02,55.78,55.91,6534.8
2026-03-26 04:00:00+00:00,55.91,55.92,55.82,55.85,6075.2
2026-03-26 05:00:00+00:00,55.85,55.86,55.28,55.33,32255.3
2026-03-26 06:00:00+00:00,55.33,55.43,55.21,55.34,14812.1
2026-03-26 07:00:00+00:00,55.34,55.39,55.11,55.24,10121.3
2026-03-26 08:00:00+00:00,55.24,55.26,55.06,55.2,13449.3
2026-03-26 09:00:00+00:00,55.2,55.3,54.75,54.87,28674.9
2026-03-26 10:00:00+00:00,54.87,54.92,54.68,54.73,21406.9
2026-03-26 11:00:00+00:00,54.73,54.76,54.47,54.57,13117.0
2026-03-26 12:00:00+00:00,54.57,54.71,54.49,54.66,14390.1
2026-03-26 13:00:00+00:00,54.66,55.12,54.63,55.02,18798.9
2026-03-26 14:00:00+00:00,55.02,55.17,54.83,54.96,12503.0
2026-03-26 15:00:00+00:00,54.96,54.96,54.41,54.68,23671.6
2026-03-26 16:00:00+00:00,54.68,54.86,54.55,54.61,11790.3
2026-03-26 17:00:00+00:00,54.61,54.72,54.23,54.3,31262.4
2026-03-26 18:00:00+00:00,54.3,54.4,54.21,54.35,16982.8
2026-03-26 19:00:00+00:00,54.35,54.5,54.24,54.25,23443.5
2026-03-26 20:00:00+00:00,54.25,54.94,54.21,54.72,61588.9
2026-03-26 21:00:00+00:00,54.72,54.99,54.67,54.83,11562.9
2026-03-26 22:00:00+00:00,54.83,54.87,54.58,54.72,10548.9
2026-03-26 23:00:00+00:00,54.72,54.78,54.43,54.56,9856.7
2026-03-27 00:00:00+00:00,54.56,54.71,54.48,54.59,15368.0
2026-03-27 01:00:00+00:00,54.59,55.03,54.59,54.97,4452.0
2026-03-27 02:00:00+00:00,54.97,55.0,54.83,54.88,4294.1
2026-03-27 03:00:00+00:00,54.88,55.0,54.76,54.93,5573.3
2026-03-27 04:00:00+00:00,54.93,54.96,54.61,54.95,11950.1
2026-03-27 05:00:00+00:00,54.95,55.16,54.81,54.84,8212.5
2026-03-27 06:00:00+00:00,54.84,55.03,54.84,54.94,11057.2
2026-03-27 07:00:00+00:00,54.94,54.98,54.81,54.89,7046.0
2026-03-27 08:00:00+00:00,54.89,54.96,54.36,54.66,20496.3
2026-03-27 09:00:00+00:00,54.66,54.69,54.3,54.52,13334.9
2026-03-27 10:00:00+00:00,54.52,54.52,53.47,53.56,97998.9
2026-03-27 11:00:00+00:00,53.56,53.89,53.43,53.8,32320.9
2026-03-27 12:00:00+00:00,53.8,53.81,53.56,53.79,19072.9
2026-03-27 13:00:00+00:00,53.79,54.09,53.59,53.89,26207.2
2026-03-27 14:00:00+00:00,53.89,54.09,53.62,54.01,18236.3
2026-03-27 15:00:00+00:00,54.01,54.63,53.99,54.28,28669.9
2026-03-27 16:00:00+00:00,54.28,54.32,53.88,54.2,21888.9
2026-03-27 17:00:00+00:00,54.2,54.46,53.76,53.85,25959.9
2026-03-27 18:00:00+00:00,53.85,53.87,53.56,53.72,18152.9
2026-03-27 19:00:00+00:00,53.72,53.9,53.48,53.66,20586.6
2026-03-27 20:00:00+00:00,53.66,53.68,53.26,53.5,22278.3
2026-03-27 21:00:00+00:00,53.5,53.65,53.46,53.63,8134.2
2026-03-27 22:00:00+00:00,53.63,53.69,53.5,53.51,7702.0
2026-03-27 23:00:00+00:00,53.51,53.71,53.35,53.69,7650.8
2026-03-28 00:00:00+00:00,53.69,53.75,53.57,53.67,8570.3
2026-03-28 01:00:00+00:00,53.67,53.68,53.22,53.46,13340.7
2026-03-28 02:00:00+00:00,53.46,53.59,53.29,53.37,10507.7
2026-03-28 03:00:00+00:00,53.37,53.56,53.34,53.53,6148.3
2026-03-28 04:00:00+00:00,53.53,53.59,53.44,53.58,5361.4
2026-03-28 05:00:00+00:00,53.58,53.71,53.53,53.7,2856.5
2026-03-28 06:00:00+00:00,53.7,53.81,53.6,53.8,12692.5
2026-03-28 07:00:00+00:00,53.8,53.86,53.78,53.84,3486.5
2026-03-28 08:00:00+00:00,53.84,53.92,53.79,53.81,5880.3
2026-03-28 09:00:00+00:00,53.81,53.81,53.66,53.72,7277.4
2026-03-28 10:00:00+00:00,53.72,53.99,53.71,53.88,15796.3
2026-03-28 11:00:00+00:00,53.88,54.04,53.88,54.03,9470.6
2026-03-28 12:00:00+00:00,54.03,54.16,53.87,53.98,9474.3
2026-03-28 13:00:00+00:00,53.98,54.89,53.96,54.58,48139.0
2026-03-28 14:00:00+00:00,54.58,54.68,54.35,54.52,15911.2
2026-03-28 15:00:00+00:00,54.52,54.68,54.27,54.53,27795.0
2026-03-28 16:00:00+00:00,54.53,54.68,54.49,54.68,11318.5
2026-03-28 17:00:00+00:00,54.68,54.76,53.99,54.08,38405.7
2026-03-28 18:00:00+00:00,54.08,54.16,53.88,54.12,13896.1
2026-03-28 19:00:00+00:00,54.12,54.26,54.07,54.11,5746.5
2026-03-28 20:00:00+00:00,54.11,54.28,54.11,54.14,8891.2
2026-03-28 21:00:00+00:00,54.14,54.22,54.01,54.07,17367.5
2026-03-28 22:00:00+00:00,54.07,54.11,53.91,53.99,8500.9
2026-03-28 23:00:00+00:00,53.99,53.99,53.59,53.81,27590.7
2026-03-29 00:00:00+00:00,53.81,53.9,53.7,53.9,8088.4
2026-03-29 01:00:00+00:00,53.9,54.08,53.86,53.99,9955.4
2026-03-29 02:00:00+00:00,53.99,54.14,53.97,54.09,3517.2
2026-03-29 03:00:00+00:00,54.09,54.35,54.08,54.26,9436.1
2026-03-29 04:00:00+00:00,54.26,54.27,54.04,54.15,5343.8
2026-03-29 05:00:00+00:00,54.15,54.17,53.98,54.14,6804.3
2026-03-29 06:00:00+00:00,54.14,54.24,54.04,54.19,4761.1
2026-03-29 07:00:00+00:00,54.19,54.19,53.93,54.03,14458.9
2026-03-29 08:00:00+00:00,54.03,54.1,53.86,54.06,15384.9
2026-03-29 09:00:00+00:00,54.06,54.06,53.86,54.01,16554.1
2026-03-29 10:00:00+00:00,54.01,54.01,53.65,53.67,15325.8
2026-03-29 11:00:00+00:00,53.67,53.97,53.65,53.84,8815.6
2026-03-29 12:00:00+00:00,53.84,53.9,53.71,53.85,7062.4
2026-03-29 13:00:00+00:00,53.85,53.86,53.55,53.59,14520.9
2026-03-29 14:00:00+00:00,53.59,53.82,53.48,53.69,23858.2
2026-03-29 15:00:00+00:00,53.69,53.8,53.35,53.49,25294.3
2026-03-29 16:00:00+00:00,53.49,53.6,53.3,53.31,14710.0
2026-03-29 17:00:00+00:00,53.31,53.35,53.04,53.25,27861.2
2026-03-29 18:00:00+00:00,53.25,53.44,53.14,53.4,9593.4
2026-03-29 19:00:00+00:00,53.4,53.4,53.3,53.34,4013.8
2026-03-29 20:00:00+00:00,53.34,53.67,53.33,53.62,11067.2
2026-03-29 21:00:00+00:00,53.62,53.77,53.5,53.76,16436.3
2026-03-29 22:00:00+00:00,53.76,53.76,52.2,53.09,94712.8
2026-03-29 23:00:00+00:00,53.09,53.39,53.04,53.3,34871.1
2026-03-30 00:00:00+00:00,53.3,54.03,53.21,53.62,51065.9
2026-03-30 01:00:00+00:00,53.62,53.87,53.58,53.83,13459.6
2026-03-30 02:00:00+00:00,53.83,54.28,53.76,54.05,27610.8
2026-03-30 03:00:00+00:00,54.05,54.15,53.9,54.01,11790.7
2026-03-30 04:00:00+00:00,54.01,54.21,54.01,54.12,21302.7
2026-03-30 05:00:00+00:00,54.12,54.18,53.42,53.66,59781.6
2026-03-30 06:00:00+00:00,53.66,53.79,53.36,53.6,31210.2
2026-03-30 07:00:00+00:00,53.6,54.12,53.56,54.1,17990.8
2026-03-30 08:00:00+00:00,54.1,54.39,54.07,54.12,16876.3
2026-03-30 09:00:00+00:00,54.12,54.13,53.87,53.88,12483.4
2026-03-30 10:00:00+00:00,53.88,53.88,53.66,53.84,12515.3
2026-03-30 11:00:00+00:00,53.84,54.2,53.69,53.71,33862.3
2026-03-30 12:00:00+00:00,53.71,53.95,53.5,53.91,64073.4
2026-03-30 13:00:00+00:00,53.91,54.01,53.69,53.73,16498.1
2026-03-30 14:00:00+00:00,53.73,53.98,53.54,53.91,19885.7
2026-03-30 15:00:00+00:00,53.91,54.15,53.73,53.89,15157.8
2026-03-30 16:00:00+00:00,53.89,54.15,53.64,53.89,83426.1
2026-03-30 17:00:00+00:00,53.89,53.97,53.47,53.51,14590.5
2026-03-30 18:00:00+00:00,53.51,53.57,53.26,53.32,24481.8
2026-03-30 19:00:00+00:00,53.32,53.36,53.03,53.33,15623.1
2026-03-30 20:00:00+00:00,53.33,53.4,53.21,53.29,7989.8
2026-03-30 21:00:00+00:00,53.29,53.59,53.19,53.49,23144.1
2026-03-30 22:00:00+00:00,53.49,53.58,53.33,53.43,8944.9
2026-03-30 23:00:00+00:00,53.43,53.43,53.13,53.31,14253.4
2026-03-31 00:00:00+00:00,53.31,53.62,53.27,53.46,62992.3
2026-03-31 01:00:00+00:00,53.46,54.11,53.29,53.94,27738.9
2026-03-31 02:00:00+00:00,53.94,53.97,53.82,53.83,10444.6
2026-03-31 03:00:00+00:00,53.83,53.83,53.56,53.71,13357.3
2026-03-31 04:00:00+00:00,53.71,53.82,53.57,53.67,9714.4
2026-03-31 05:00:00+00:00,53.67,53.9,53.54,53.86,5438.3
2026-03-31 06:00:00+00:00,53.86,53.88,53.72,53.87,8653.8
2026-03-31 07:00:00+00:00,53.87,53.95,53.63,53.81,8714.9
2026-03-31 08:00:00+00:00,53.81,53.99,53.46,53.61,14486.3
2026-03-31 09:00:00+00:00,53.61,53.68,53.13,53.25,23184.6
2026-03-31 10:00:00+00:00,53.25,53.42,53.2,53.21,15369.9
2026-03-31 11:00:00+00:00,53.21,53.53,53.11,53.48,43125.2
2026-03-31 12:00:00+00:00,53.48,53.58,53.28,53.34,14463.4
2026-03-31 13:00:00+00:00,53.34,54.04,53.33,53.9,20155.2
2026-03-31 14:00:00+00:00,53.9,54.21,53.34,53.48,33464.2
2026-03-31 15:00:00+00:00,53.48,53.82,53.37,53.37,12694.1
2026-03-31 16:00:00+00:00,53.37,53.96,53.29,53.79,29749.9
2026-03-31 17:00:00+00:00,53.79,54.26,53.74,53.9,36324.1
2026-03-31 18:00:00+00:00,53.9,54.14,53.89,54.08,12574.5
2026-03-31 19:00:00+00:00,54.08,54.16,53.93,54.04,11388.6
2026-03-31 20:00:00+00:00,54.04,54.14,53.96,54.13,11555.8
2026-03-31 21:00:00+00:00,54.13,54.13,53.8,53.9,21971.6
2026-03-31 22:00:00+00:00,53.9,53.93,53.7,53.89,8350.4
2026-03-31 23:00:00+00:00,53.89,53.98,53.84,53.91,4348.3
2026-04-01 00:00:00+00:00,53.91,54.15,53.84,54.08,8630.6
2026-04-01 01:00:00+00:00,54.08,54.13,53.86,53.9,9938.2
2026-04-01 02:00:00+00:00,53.9,54.02,53.78,53.81,8426.4
2026-04-01 03:00:00+00:00,53.81,54.13,53.81,54.06,7200.4
2026-04-01 04:00:00+00:00,54.06,54.16,53.99,54.01,13609.8
2026-04-01 05:00:00+00:00,54.01,54.44,53.89,54.35,22578.6
2026-04-01 06:00:00+00:00,54.35,54.74,54.34,54.58,19735.2
2026-04-01 07:00:00+00:00,54.58,54.68,54.2,54.27,19502.3
2026-04-01 08:00:00+00:00,54.27,54.4,54.12,54.21,20314.6
2026-04-01 09:00:00+00:00,54.21,54.25,53.89,54.01,16917.4
2026-04-01 10:00:00+00:00,54.01,54.08,53.92,54.07,5977.5
2026-04-01 11:00:00+00:00,54.07,54.2,53.92,54.02,21685.0
2026-04-01 12:00:00+00:00,54.02,54.41,53.91,54.17,43404.6
2026-04-01 13:00:00+00:00,54.17,54.19,53.66,53.87,27559.4
2026-04-01 14:00:00+00:00,53.87,54.18,53.86,54.14,12135.0
2026-04-01 15:00:00+00:00,54.14,54.25,54.0,54.22,13929.4
2026-04-01 16:00:00+00:00,54.22,54.34,54.05,54.28,12067.8
2026-04-01 17:00:00+00:00,54.28,54.58,54.2,54.21,13144.4
2026-04-01 18:00:00+00:00,54.21,54.28,54.03,54.08,7434.6
2026-04-01 19:00:00+00:00,54.08,54.24,54.06,54.16,6240.8
2026-04-01 20:00:00+00:00,54.16,54.22,54.05,54.09,5368.6
2026-04-01 21:00:00+00:00,54.09,54.4,54.09,54.31,7495.4
2026-04-01 22:00:00+00:00,54.31,54.31,53.9,53.95,12061.9
2026-04-01 23:00:00+00:00,53.95,53.99,53.74,53.79,8401.7
2026-04-02 00:00:00+00:00,53.79,54.1,53.7,54.06,10926.6
2026-04-02 01:00:00+00:00,54.06,54.06,52.83,53.1,75589.7
2026-04-02 02:00:00+00:00,53.1,53.18,52.46,52.65,29736.1
2026-04-02 03:00:00+00:00,52.65,52.79,52.26,52.44,42285.5
2026-04-02 04:00:00+00:00,52.44,52.56,52.16,52.2,30547.3
2026-04-02 05:00:00+00:00,52.2,52.32,51.91,52.27,27519.6
2026-04-02 06:00:00+00:00,52.27,52.49,52.21,52.49,14280.8
2026-04-02 07:00:00+00:00,52.49,52.52,52.33,52.43,8348.1
2026-04-02 08:00:00+00:00,52.43,52.43,52.02,52.02,11386.6
2026-04-02 09:00:00+00:00,52.02,52.12,51.88,52.01,12660.9
2026-04-02 10:00:00+00:00,52.01,52.05,51.78,51.84,14432.0
2026-04-02 11:00:00+00:00,51.84,51.85,51.5,51.66,32507.9
2026-04-02 12:00:00+00:00,51.66,51.76,51.54,51.62,22847.0
2026-04-02 13:00:00+00:00,51.62,51.75,51.37,51.75,56796.4
2026-04-02 14:00:00+00:00,51.75,52.29,51.62,52.07,74720.4
2026-04-02 15:00:00+00:00,52.07,52.15,51.8,51.94,16260.6
2026-04-02 16:00:00+00:00,51.94,52.3,51.87,52.1,18979.5
2026-04-02 17:00:00+00:00,52.1,52.2,51.57,51.61,21318.6
2026-04-02 18:00:00+00:00,51.61,52.05,51.6,51.99,13953.4
2026-04-02 19:00:00+00:00,51.99,52.06,51.86,52.02,13862.3
2026-04-02 20:00:00+00:00,52.02,52.14,51.9,52.05,10698.3
2026-04-02 21:00:00+00:00,52.05,52.09,51.92,52.05,15229.5
2026-04-02 22:00:00+00:00,52.05,52.13,51.94,52.06,3854.7
2026-04-02 23:00:00+00:00,52.06,52.28,52.03,52.25,5361.0
2026-04-03 00:00:00+00:00,52.25,52.39,52.23,52.38,6283.3
2026-04-03 01:00:00+00:00,52.38,52.43,52.18,52.3,13723.2
2026-04-03 02:00:00+00:00,52.3,52.48,52.1,52.24,13688.6
2026-04-03 03:00:00+00:00,52.24,52.5,52.18,52.48,8683.7
2026-04-03 04:00:00+00:00,52.48,52.69,52.48,52.64,20043.8
2026-04-03 05:00:00+00:00,52.64,53.18,52.57,52.85,46981.8
2026-04-03 06:00:00+00:00,52.85,52.92,52.72,52.84,12098.6
2026-04-03 07:00:00+00:00,52.84,52.99,52.73,52.82,5403.2
2026-04-03 08:00:00+00:00,52.82,53.07,52.82,52.95,16961.2
2026-04-03 09:00:00+00:00,52.95,53.02,52.78,52.88,18369.8
2026-04-03 10:00:00+00:00,52.88,52.95,52.77,52.93,19086.1
2026-04-03 11:00:00+00:00,52.93,53.02,52.81,52.94,21428.0
2026-04-03 12:00:00+00:00,52.94,53.22,52.81,52.95,75503.5
2026-04-03 13:00:00+00:00,52.95,53.01,52.7,52.86,16976.3
2026-04-03 14:00:00+00:00,52.86,53.05,52.76,53.01,5552.9
2026-04-03 15:00:00+00:00,53.01,53.04,52.83,52.89,4187.8
2026-04-03 16:00:00+00:00,52.89,53.16,52.87,53.14,10404.5
2026-04-03 17:00:00+00:00,53.14,53.24,52.99,53.09,6104.9
2026-04-03 18:00:00+00:00,53.09,53.32,53.07,53.12,4563.6
2026-04-03 19:00:00+00:00,53.12,53.14,52.99,53.09,3094.4
2026-04-03 20:00:00+00:00,53.09,53.22,53.09,53.16,3688.7
2026-04-03 21:00:00+00:00,53.16,53.44,53.16,53.38,21699.7
2026-04-03 22:00:00+00:00,53.38,53.41,53.17,53.22,7185.3
2026-04-03 23:00:00+00:00,53.22,53.22,53.09,53.19,4948.3
2026-04-04 00:00:00+00:00,53.19,53.23,53.1,53.23,7995.5
2026-04-04 01:00:00+00:00,53.23,53.29,53.17,53.28,3704.5
2026-04-04 02:00:00+00:00,53.28,53.31,53.06,53.14,8378.6
2026-04-04 03:00:00+00:00,53.14,53.19,53.09,53.18,3007.7
2026-04-04 04:00:00+00:00,53.18,53.22,53.08,53.12,2503.7
2026-04-04 05:00:00+00:00,53.12,53.12,52.96,53.01,5524.3
2026-04-04 06:00:00+00:00,53.01,53.28,52.97,53.25,5140.5
2026-04-04 07:00:00+00:00,53.25,53.28,53.16,53.18,2948.4
2026-04-04 08:00:00+00:00,53.18,53.2,53.11,53.17,2530.1
2026-04-04 09:00:00+00:00,53.17,53.27,53.05,53.08,8202.9
2026-04-04 10:00:00+00:00,53.08,53.26,53.04,53.25,5409.4
2026-04-04 11:00:00+00:00,53.25,53.32,53.23,53.31,3923.8
2026-04-04 12:00:00+00:00,53.31,53.47,53.31,53.37,6469.6
2026-04-04 13:00:00+00:00,53.37,53.39,53.2,53.35,10578.7
2026-04-04 14:00:00+00:00,53.35,53.43,53.23,53.43,8798.8
2026-04-04 15:00:00+00:00,53.43,53.61,53.4,53.44,13266.7
2026-04-04 16:00:00+00:00,53.44,53.66,53.4,53.41,12298.8
2026-04-04 17:00:00+00:00,53.41,53.66,53.36,53.62,10004.8
2026-04-04 18:00:00+00:00,53.62,53.7,53.51,53.55,13374.3
2026-04-04 19:00:00+00:00,53.55,53.84,53.49,53.51,23664.7
2026-04-04 20:00:00+00:00,53.51,53.56,53.42,53.43,9412.7
2026-04-04 21:00:00+00:00,53.43,53.56,53.41,53.48,10987.9
2026-04-04 22:00:00+00:00,53.48,53.57,53.47,53.51,2017.3
2026-04-04 23:00:00+00:00,53.51,53.59,53.48,53.54,6815.8
2026-04-05 00:00:00+00:00,53.54,53.61,53.5,53.57,7472.2
2026-04-05 01:00:00+00:00,53.57,53.59,53.43,53.49,5840.0
2026-04-05 02:00:00+00:00,53.49,53.52,53.4,53.49,5883.7
2026-04-05 03:00:00+00:00,53.49,53.49,53.31,53.33,8409.6
2026-04-05 04:00:00+00:00,53.33,53.37,53.16,53.16,9635.0
2026-04-05 05:00:00+00:00,53.16,53.2,52.87,52.93,19051.1
2026-04-05 06:00:00+00:00,52.93,52.94,52.59,52.85,31766.6
2026-04-05 07:00:00+00:00,52.85,52.89,52.6,52.7,6369.9
2026-04-05 08:00:00+00:00,52.7,52.81,52.65,52.79,9403.5
2026-04-05 09:00:00+00:00,52.79,52.87,52.77,52.84,3409.8
2026-04-05 10:00:00+00:00,52.84,52.99,52.8,52.81,6425.0
2026-04-05 11:00:00+00:00,52.81,52.88,52.77,52.85,4512.6
2026-04-05 12:00:00+00:00,52.85,52.85,52.55,52.71,11582.6
2026-04-05 13:00:00+00:00,52.71,52.91,52.64,52.87,23925.9
2026-04-05 14:00:00+00:00,52.87,52.95,52.83,52.87,5278.9
2026-04-05 15:00:00+00:00,52.87,53.44,52.78,53.18,24669.6
2026-04-05 16:00:00+00:00,53.18,53.3,53.05,53.11,12332.0
2026-04-05 17:00:00+00:00,53.11,53.37,53.07,53.36,5543.4
2026-04-05 18:00:00+00:00,53.36,53.51,53.31,53.37,9211.8
2026-04-05 19:00:00+00:00,53.37,53.48,53.28,53.44,3868.6
2026-04-05 20:00:00+00:00,53.44,53.62,53.44,53.61,10347.2
2026-04-05 21:00:00+00:00,53.61,53.67,53.45,53.53,11868.3
2026-04-05 22:00:00+00:00,53.53,53.79,53.35,53.74,20876.0
2026-04-05 23:00:00+00:00,53.74,54.17,53.71,54.09,39299.7
2026-04-06 00:00:00+00:00,54.09,54.44,54.04,54.14,21662.2
2026-04-06 01:00:00+00:00,54.14,54.16,53.94,54.02,15066.8
2026-04-06 02:00:00+00:00,54.02,54.46,54.02,54.31,12571.0
2026-04-06 03:00:00+00:00,54.31,54.41,54.23,54.26,12825.6
2026-04-06 04:00:00+00:00,54.26,54.45,54.18,54.3,22185.3
2026-04-06 05:00:00+00:00,54.3,54.43,53.98,54.28,40122.9
2026-04-06 06:00:00+00:00,54.28,54.35,54.06,54.16,21361.4
2026-04-06 07:00:00+00:00,54.16,54.18,53.97,54.03,8996.0
2026-04-06 08:00:00+00:00,54.03,54.38,54.0,54.17,38284.7
2026-04-06 09:00:00+00:00,54.17,54.6,54.16,54.35,20212.9
2026-04-06 10:00:00+00:00,54.35,54.49,54.27,54.31,11381.0
2026-04-06 11:00:00+00:00,54.31,54.36,54.17,54.31,19257.4
2026-04-06 12:00:00+00:00,54.31,54.35,54.12,54.13,10073.0
2026-04-06 13:00:00+00:00,54.13,54.4,54.1,54.14,10279.0
2026-04-06 14:00:00+00:00,54.14,54.29,53.99,54.28,14363.9
2026-04-06 15:00:00+00:00,54.28,54.31,54.09,54.25,13118.1
2026-04-06 16:00:00+00:00,54.25,54.37,54.05,54.08,9713.0
2026-04-06 17:00:00+00:00,54.08,54.09,53.76,53.96,22789.3
2026-04-06 18:00:00+00:00,53.96,54.08,53.9,53.98,9938.3
2026-04-06 19:00:00+00:00,53.98,54.01,53.83,53.97,10288.2
2026-04-06 20:00:00+00:00,53.97,54.0,53.9,53.92,3144.0
2026-04-06 21:00:00+00:00,53.92,53.92,53.72,53.8,11226.1
2026-04-06 22:00:00+00:00,53.8,53.83,53.44,53.45,12085.7
2026-04-06 23:00:00+00:00,53.45,53.52,53.15,53.49,19806.4
2026-04-07 00:00:00+00:00,53.49,53.59,53.4,53.48,12130.7
2026-04-07 01:00:00+00:00,53.48,53.57,53.35,53.37,15271.0
2026-04-07 02:00:00+00:00,53.37,53.55,53.27,53.5,3249.8
2026-04-07 03:00:00+00:00,53.5,53.57,53.44,53.48,3418.3
2026-04-07 04:00:00+00:00,53.48,53.56,53.36,53.48,4023.6
2026-04-07 05:00:00+00:00,53.48,53.48,53.16,53.23,8539.1
2026-04-07 06:00:00+00:00,53.23,53.29,53.14,53.26,6609.1
2026-04-07 07:00:00+00:00,53.26,53.37,53.22,53.29,3760.9
2026-04-07 08:00:00+00:00,53.29,53.47,53.28,53.43,7652.0
2026-04-07 09:00:00+00:00,53.43,53.56,53.37,53.41,7387.5
2026-04-07 10:00:00+00:00,53.41,53.46,52.99,53.05,24002.2
2026-04-07 11:00:00+00:00,53.05,53.21,53.04,53.16,8232.7
2026-04-07 12:00:00+00:00,53.16,53.45,52.88,53.27,46758.4
2026-04-07 13:00:00+00:00,53.27,53.62,53.27,53.44,12467.2
2026-04-07 14:00:00+00:00,53.44,53.46,53.14,53.15,20074.0
2026-04-07 15:00:00+00:00,53.15,53.46,53.0,53.37,19122.0
2026-04-07 16:00:00+00:00,53.37,53.69,53.32,53.56,14736.2
2026-04-07 17:00:00+00:00,53.56,53.93,53.45,53.64,19226.1
2026-04-07 18:00:00+00:00,53.64,53.66,53.26,53.33,11471.0
2026-04-07 19:00:00+00:00,53.33,53.77,53.3,53.73,19221.5
2026-04-07 20:00:00+00:00,53.73,53.89,53.69,53.72,14298.3
2026-04-07 21:00:00+00:00,53.72,54.21,53.7,54.11,29118.1
2026-04-07 22:00:00+00:00,54.11,55.04,54.11,54.99,76258.2
2026-04-07 23:00:00+00:00,54.99,55.71,54.91,55.35,65610.8
2026-04-08 00:00:00+00:00,55.35,55.56,54.98,55.13,47292.5
2026-04-08 01:00:00+00:00,55.13,55.15,54.89,54.99,13939.3
2026-04-08 02:00:00+00:00,54.99,55.19,54.95,55.04,7905.8
2026-04-08 03:00:00+00:00,55.04,55.11,54.91,54.96,3825.9
2026-04-08 04:00:00+00:00,54.96,55.16,54.96,54.99,10838.3
2026-04-08 05:00:00+00:00,54.99,55.2,54.99,55.09,5703.6
2026-04-08 06:00:00+00:00,55.09,55.13,54.99,55.04,8689.1
2026-04-08 07:00:00+00:00,55.04,55.19,54.97,55.1,7921.2
2026-04-08 08:00:00+00:00,55.1,55.22,55.05,55.18,10475.5
2026-04-08 09:00:00+00:00,55.18,55.19,55.02,55.1,5619.2
2026-04-08 10:00:00+00:00,55.1,55.19,55.04,55.04,4219.0
2026-04-08 11:00:00+00:00,55.04,55.09,54.76,55.06,14902.5
2026-04-08 12:00:00+00:00,55.06,55.09,54.85,55.05,16447.5
2026-04-08 13:00:00+00:00,55.05,55.34,55.05,55.14,32905.0
2026-04-08 14:00:00+00:00,55.14,55.19,54.29,54.48,33746.5
2026-04-08 15:00:00+00:00,54.48,54.64,54.44,54.61,18173.8
2026-04-08 16:00:00+00:00,54.61,54.61,54.49,54.51,4388.9
2026-04-08 17:00:00+00:00,54.51,54.69,54.37,54.67,8082.8
2026-04-08 18:00:00+00:00,54.67,54.67,54.12,54.14,8924.7
2026-04-08 19:00:00+00:00,54.14,54.31,53.94,54.28,17994.5
2026-04-08 20:00:00+00:00,54.28,54.36,54.21,54.27,3796.7
2026-04-08 21:00:00+00:00,54.27,54.49,54.25,54.38,6856.1
2026-04-08 22:00:00+00:00,54.38,54.4,54.04,54.04,7003.4
2026-04-08 23:00:00+00:00,54.04,54.07,53.85,53.92,10556.6
2026-04-09 00:00:00+00:00,53.92,53.94,53.71,53.84,17076.1
2026-04-09 01:00:00+00:00,53.84,53.91,53.58,53.91,14190.1
2026-04-09 02:00:00+00:00,53.91,54.08,53.9,54.03,8271.0
2026-04-09 03:00:00+00:00,54.03,54.07,53.9,53.94,5306.1
2026-04-09 04:00:00+00:00,53.94,54.01,53.87,53.87,5108.0
2026-04-09 05:00:00+00:00,53.87,54.05,53.81,53.82,5571.4
2026-04-09 06:00:00+00:00,53.82,53.94,53.8,53.9,4345.1
2026-04-09 07:00:00+00:00,53.9,54.02,53.9,53.93,3857.1
2026-04-09 08:00:00+00:00,53.93,54.01,53.85,53.91,6248.1
2026-04-09 09:00:00+00:00,53.91,54.01,53.81,53.94,5864.6
2026-04-09 10:00:00+00:00,53.94,53.95,53.75,53.76,11017.9
2026-04-09 11:00:00+00:00,53.76,53.81,53.64,53.73,12631.1
2026-04-09 12:00:00+00:00,53.73,53.96,53.7,53.95,15935.2
2026-04-09 13:00:00+00:00,53.95,53.98,53.78,53.86,8594.7
2026-04-09 14:00:00+00:00,53.86,54.17,53.63,54.1,13379.0
2026-04-09 15:00:00+00:00,54.1,54.87,54.06,54.69,28195.6
2026-04-09 16:00:00+00:00,54.69,54.85,54.42,54.56,15041.3
2026-04-09 17:00:00+00:00,54.56,54.69,54.38,54.6,26465.5
2026-04-09 18:00:00+00:00,54.6,54.63,54.38,54.6,11326.1
2026-04-09 19:00:00+00:00,54.6,54.79,54.5,54.72,11910.4
2026-04-09 20:00:00+00:00,54.72,54.86,54.7,54.85,8765.0
2026-04-09 21:00:00+00:00,54.85,55.0,54.72,54.75,19378.5
2026-04-09 22:00:00+00:00,54.75,55.25,54.66,54.69,13193.6
2026-04-09 23:00:00+00:00,54.69,54.73,54.42,54.51,12254.7
2026-04-10 00:00:00+00:00,54.51,54.52,54.27,54.47,12110.7
2026-04-10 01:00:00+00:00,54.47,54.63,54.23,54.41,10110.3
2026-04-10 02:00:00+00:00,54.41,54.58,54.39,54.41,2980.8
2026-04-10 03:00:00+00:00,54.41,54.52,54.26,54.39,8053.1
2026-04-10 04:00:00+00:00,54.39,54.59,54.39,54.53,3475.5
2026-04-10 05:00:00+00:00,54.53,54.65,54.42,54.58,8001.7
2026-04-10 06:00:00+00:00,54.58,54.64,54.41,54.44,4343.1
2026-04-10 07:00:00+00:00,54.44,54.53,54.26,54.31,9548.1
2026-04-10 08:00:00+00:00,54.31,54.57,54.19,54.37,9527.8
2026-04-10 09:00:00+00:00,54.37,54.58,54.37,54.52,7358.1
2026-04-10 10:00:00+00:00,54.52,54.53,54.42,54.46,3749.9
2026-04-10 11:00:00+00:00,54.46,54.72,54.44,54.62,7066.2
2026-04-10 12:00:00+00:00,54.62,54.95,54.62,54.95,21777.6
2026-04-10 13:00:00+00:00,54.95,54.99,54.66,54.86,10619.8
2026-04-10 14:00:00+00:00,54.86,55.32,54.83,55.28,20331.1
2026-04-10 15:00:00+00:00,55.28,55.48,54.83,54.88,22656.6
2026-04-10 16:00:00+00:00,54.88,55.15,54.88,55.1,7927.8
2026-04-10 17:00:00+00:00,55.1,55.1,54.89,55.01,4834.3
2026-04-10 18:00:00+00:00,55.01,55.11,54.96,55.09,5677.8
2026-04-10 19:00:00+00:00,55.09,55.22,55.08,55.21,4317.2
2026-04-10 20:00:00+00:00,55.21,55.4,55.07,55.32,8593.3
2026-04-10 21:00:00+00:00,55.32,55.35,55.04,55.13,13408.2
2026-04-10 22:00:00+00:00,55.13,55.17,54.93,54.97,6047.4
2026-04-10 23:00:00+00:00,54.97,54.99,54.85,54.93,3549.3
2026-04-11 00:00:00+00:00,54.93,54.93,54.68,54.7,8447.8
2026-04-11 01:00:00+00:00,54.7,54.8,54.58,54.78,5611.4
2026-04-11 02:00:00+00:00,54.78,54.83,54.63,54.64,3540.7
2026-04-11 03:00:00+00:00,54.64,54.73,54.59,54.68,6026.0
2026-04-11 04:00:00+00:00,54.68,54.75,54.6,54.61,4221.7
2026-04-11 05:00:00+00:00,54.61,54.64,54.45,54.46,4129.3
2026-04-11 06:00:00+00:00,54.46,54.53,54.36,54.53,3720.7
2026-04-11 07:00:00+00:00,54.53,54.61,54.49,54.54,3544.0
2026-04-11 08:00:00+00:00,54.54,54.61,54.48,54.56,3796.1
2026-04-11 09:00:00+00:00,54.56,54.66,54.5,54.63,4524.2
2026-04-11 10:00:00+00:00,54.63,54.65,54.48,54.52,2413.6
2026-04-11 11:00:00+00:00,54.52,54.54,54.45,54.5,5347.2
2026-04-11 12:00:00+00:00,54.5,54.64,54.49,54.59,4410.4
2026-04-11 13:00:00+00:00,54.59,54.6,54.3,54.39,10006.0
2026-04-11 14:00:00+00:00,54.39,54.51,54.38,54.48,3441.3
2026-04-11 15:00:00+00:00,54.48,54.65,54.47,54.55,5414.3
2026-04-11 16:00:00+00:00,54.55,54.95,54.49,54.89,18127.9
2026-04-11 17:00:00+00:00,54.89,55.08,54.75,54.93,18539.5
2026-04-11 18:00:00+00:00,54.93,55.54,54.92,55.42,21914.0
2026-04-11 19:00:00+00:00,55.42,55.68,55.36,55.6,26717.1
2026-04-11 20:00:00+00:00,55.6,55.62,55.21,55.24,16104.1
2026-04-11 21:00:00+00:00,55.24,55.36,55.16,55.27,4559.0
2026-04-11 22:00:00+00:00,55.27,55.44,55.11,55.22,7556.5
2026-04-11 23:00:00+00:00,55.22,55.23,54.92,55.01,6674.0
2026-04-12 00:00:00+00:00,55.01,55.02,54.86,54.93,7642.0
2026-04-12 01:00:00+00:00,54.93,54.97,53.72,53.91,46115.0
2026-04-12 02:00:00+00:00,53.91,54.18,53.77,54.13,21081.0
2026-04-12 03:00:00+00:00,54.13,54.17,53.99,54.0,6739.1
2026-04-12 04:00:00+00:00,54.0,54.06,53.87,53.97,7373.5
2026-04-12 05:00:00+00:00,53.97,54.02,53.89,53.94,10036.5
2026-04-12 06:00:00+00:00,53.94,54.0,53.81,53.83,8966.1
2026-04-12 07:00:00+00:00,53.83,53.86,53.7,53.8,8381.3
2026-04-12 08:00:00+00:00,53.8,53.92,53.76,53.81,8119.8
2026-04-12 09:00:00+00:00,53.81,53.82,53.69,53.71,4863.9
2026-04-12 10:00:00+00:00,53.71,53.82,53.6,53.67,8839.9
2026-04-12 11:00:00+00:00,53.67,53.9,53.62,53.85,5920.6
2026-04-12 12:00:00+00:00,53.85,53.92,53.62,53.69,13292.6
2026-04-12 13:00:00+00:00,53.69,53.81,53.54,53.57,12410.9
2026-04-12 14:00:00+00:00,53.57,53.67,53.54,53.57,7620.5
2026-04-12 15:00:00+00:00,53.57,53.6,53.42,53.52,12826.0
2026-04-12 16:00:00+00:00,53.52,53.63,53.49,53.58,5411.1
2026-04-12 17:00:00+00:00,53.58,53.86,53.58,53.8,10232.4
2026-04-12 18:00:00+00:00,53.8,53.9,53.76,53.77,6986.9
2026-04-12 19:00:00+00:00,53.77,53.8,53.68,53.68,7715.6
2026-04-12 20:00:00+00:00,53.68,53.92,53.61,53.86,10959.4
2026-04-12 21:00:00+00:00,53.86,53.9,53.67,53.77,6585.9
2026-04-12 22:00:00+00:00,53.77,53.78,53.36,53.56,30283.2
2026-04-12 23:00:00+00:00,53.56,53.56,53.31,53.45,7062.0
2026-04-13 00:00:00+00:00,53.45,53.76,53.41,53.7,14097.6
2026-04-13 01:00:00+00:00,53.7,53.79,53.66,53.79,4032.3
2026-04-13 02:00:00+00:00,53.79,53.82,53.66,53.71,3679.2
2026-04-13 03:00:00+00:00,53.71,53.78,53.68,53.69,3751.8
2026-04-13 04:00:00+00:00,53.69,53.73,53.49,53.52,4891.5
2026-04-13 05:00:00+00:00,53.52,53.65,53.46,53.65,3560.7
2026-04-13 06:00:00+00:00,53.65,53.85,53.57,53.58,11881.0
2026-04-13 07:00:00+00:00,53.58,53.6,52.92,53.14,101601.6
2026-04-13 08:00:00+00:00,53.14,53.18,52.92,53.03,14832.6
2026-04-13 09:00:00+00:00,53.03,53.22,52.84,52.88,11379.7
2026-04-13 10:00:00+00:00,52.88,52.88,52.72,52.82,17186.8
2026-04-13 11:00:00+00:00,52.82,52.92,52.62,52.78,35117.6
2026-04-13 12:00:00+00:00,52.78,52.99,52.71,52.9,15181.3
2026-04-13 13:00:00+00:00,52.9,53.15,52.77,53.11,23151.0
2026-04-13 14:00:00+00:00,53.11,53.37,52.74,53.37,23938.2
2026-04-13 15:00:00+00:00,53.37,53.37,52.87,52.91,17291.5
2026-04-13 16:00:00+00:00,52.91,53.16,52.67,53.06,22491.3
2026-04-13 17:00:00+00:00,53.06,53.23,52.99,53.01,12977.0
2026-04-13 18:00:00+00:00,53.01,53.04,52.88,53.01,13456.8
2026-04-13 19:00:00+00:00,53.01,53.75,52.98,53.69,26471.6
2026-04-13 20:00:00+00:00,53.69,53.71,53.35,53.38,12973.6
2026-04-13 21:00:00+00:00,53.38,53.64,53.31,53.57,16319.9
2026-04-13 22:00:00+00:00,53.57,54.59,53.56,54.49,48437.9
2026-04-13 23:00:00+00:00,54.49,54.71,54.32,54.59,39975.8
2026-04-14 00:00:00+00:00,54.59,54.63,54.16,54.2,24283.6
2026-04-14 01:00:00+00:00,54.2,54.45,54.03,54.35,13731.0
2026-04-14 02:00:00+00:00,54.35,54.46,54.21,54.21,6080.7
2026-04-14 03:00:00+00:00,54.21,54.27,54.16,54.18,5415.0
2026-04-14 04:00:00+00:00,54.18,54.35,54.15,54.26,5832.5
2026-04-14 05:00:00+00:00,54.26,54.26,53.98,54.01,10292.0
2026-04-14 06:00:00+00:00,54.01,54.19,54.01,54.19,6643.9
2026-04-14 07:00:00+00:00,54.19,54.39,54.17,54.35,12540.6
2026-04-14 08:00:00+00:00,54.35,54.71,54.3,54.67,14068.0
2026-04-14 09:00:00+00:00,54.67,54.87,54.63,54.7,13052.0
2026-04-14 10:00:00+00:00,54.7,54.77,54.41,54.52,14723.3
2026-04-14 11:00:00+00:00,54.52,54.62,54.41,54.51,11759.3
2026-04-14 12:00:00+00:00,54.51,54.71,54.36,54.41,17551.7
2026-04-14 13:00:00+00:00,54.41,55.23,54.41,55.15,37275.7
2026-04-14 14:00:00+00:00,55.15,55.23,54.7,54.81,47571.7
2026-04-14 15:00:00+00:00,54.81,54.89,54.42,54.68,27051.4
2026-04-14 16:00:00+00:00,54.68,54.91,54.45,54.58,23672.1
2026-04-14 17:00:00+00:00,54.58,54.84,54.45,54.74,17043.9
2026-04-14 18:00:00+00:00,54.74,54.88,54.13,54.26,24425.1
2026-04-14 19:00:00+00:00,54.26,54.5,54.18,54.48,18330.2
2026-04-14 20:00:00+00:00,54.48,54.6,54.26,54.3,13608.7
2026-04-14 21:00:00+00:00,54.3,54.6,54.28,54.59,12353.0
2026-04-14 22:00:00+00:00,54.59,54.62,54.14,54.22,21789.6
2026-04-14 23:00:00+00:00,54.22,54.36,54.14,54.25,7067.4
2026-04-15 00:00:00+00:00,54.25,54.48,54.24,54.36,10136.9
2026-04-15 01:00:00+00:00,54.36,54.45,54.28,54.3,5598.2
2026-04-15 02:00:00+00:00,54.3,54.32,53.97,54.09,11366.4
2026-04-15 03:00:00+00:00,54.09,54.12,53.98,54.05,4960.6
2026-04-15 04:00:00+00:00,54.05,54.16,54.02,54.14,6054.1
2026-04-15 05:00:00+00:00,54.14,54.23,53.86,53.99,12491.9
2026-04-15 06:00:00+00:00,53.99,54.01,53.77,53.89,14026.7
2026-04-15 07:00:00+00:00,53.89,54.04,53.85,53.98,7966.2
2026-04-15 08:00:00+00:00,53.98,54.39,53.95,54.32,15845.6
2026-04-15 09:00:00+00:00,54.32,54.39,54.12,54.2,8407.0
2026-04-15 10:00:00+00:00,54.2,54.51,54.16,54.29,6705.3
2026-04-15 11:00:00+00:00,54.29,54.58,54.29,54.48,12484.6
2026-04-15 12:00:00+00:00,54.48,54.72,54.41,54.6,22779.4
2026-04-15 13:00:00+00:00,54.6,55.05,54.48,54.83,28018.3
2026-04-15 14:00:00+00:00,54.83,55.23,54.74,55.09,24371.2
2026-04-15 15:00:00+00:00,55.09,55.2,54.81,55.04,15261.0
2026-04-15 16:00:00+00:00,55.04,55.2,54.91,55.0,13154.8
2026-04-15 17:00:00+00:00,55.0,55.17,54.92,55.12,15816.5
2026-04-15 18:00:00+00:00,55.12,55.26,55.04,55.16,11125.9
2026-04-15 19:00:00+00:00,55.16,55.63,55.13,55.48,31185.2
2026-04-15 20:00:00+00:00,55.48,55.5,55.12,55.22,9843.7
2026-04-15 21:00:00+00:00,55.22,55.25,55.05,55.24,9679.7
2026-04-15 22:00:00+00:00,55.24,55.54,55.18,55.2,12061.2
2026-04-15 23:00:00+00:00,55.2,55.2,54.98,55.12,9965.4
2026-04-16 00:00:00+00:00,55.12,55.2,54.93,55.04,9652.8
2026-04-16 01:00:00+00:00,55.04,55.06,54.78,54.93,8861.3
2026-04-16 02:00:00+00:00,54.93,55.4,54.93,55.2,11439.7
2026-04-16 03:00:00+00:00,55.2,55.34,55.11,55.27,7010.1
2026-04-16 04:00:00+00:00,55.27,55.68,55.19,55.42,16112.8
2026-04-16 05:00:00+00:00,55.42,55.53,55.28,55.44,6840.4
2026-04-16 06:00:00+00:00,55.44,55.58,55.31,55.54,9341.5
2026-04-16 07:00:00+00:00,55.54,55.61,55.38,55.53,7732.6
2026-04-16 08:00:00+00:00,55.53,55.67,55.42,55.43,18822.2
2026-04-16 09:00:00+00:00,55.43,55.61,55.34,55.43,10310.1
2026-04-16 10:00:00+00:00,55.43,55.54,55.21,55.3,12671.6
2026-04-16 11:00:00+00:00,55.3,55.33,55.18,55.25,8937.8
2026-04-16 12:00:00+00:00,55.25,55.55,55.25,55.4,13509.2
2026-04-16 13:00:00+00:00,55.4,55.94,54.68,55.1,103724.8
2026-04-16 14:00:00+00:00,55.1,55.17,54.55,54.98,54741.9
2026-04-16 15:00:00+00:00,54.98,55.91,54.92,55.84,36314.6
2026-04-16 16:00:00+00:00,55.84,56.09,55.2,55.41,45105.2
2026-04-16 17:00:00+00:00,55.41,55.86,55.24,55.82,21241.2
2026-04-16 18:00:00+00:00,55.82,56.57,55.78,56.43,35464.9
2026-04-16 19:00:00+00:00,56.43,56.53,56.21,56.5,20452.6
2026-04-16 20:00:00+00:00,56.5,56.54,55.89,56.06,25116.5
2026-04-16 21:00:00+00:00,56.06,56.15,55.68,55.95,18349.8
2026-04-16 22:00:00+00:00,55.95,56.23,55.94,56.17,8613.5
2026-04-16 23:00:00+00:00,56.17,56.41,56.13,56.32,4860.0
2026-04-17 00:00:00+00:00,56.32,56.36,56.01,56.1,14881.1
2026-04-17 01:00:00+00:00,56.1,56.18,55.73,55.94,16762.0
2026-04-17 02:00:00+00:00,55.94,56.03,55.56,55.76,11231.2
2026-04-17 03:00:00+00:00,55.76,55.78,55.55,55.56,5138.5
2026-04-17 04:00:00+00:00,55.56,55.79,55.54,55.63,6295.5
2026-04-17 05:00:00+00:00,55.63,55.64,55.29,55.37,10762.3
2026-04-17 06:00:00+00:00,55.37,55.87,55.36,55.77,6985.0
2026-04-17 07:00:00+00:00,55.77,55.99,55.74,55.94,10852.9
2026-04-17 08:00:00+00:00,55.94,56.2,55.89,56.11,11173.6
2026-04-17 09:00:00+00:00,56.11,56.38,55.97,56.13,16269.4
2026-04-17 10:00:00+00:00,56.13,56.18,55.8,55.94,15050.9
2026-04-17 11:00:00+00:00,55.94,56.3,55.91,56.15,11037.1
2026-04-17 12:00:00+00:00,56.15,56.65,56.04,56.59,24568.5
2026-04-17 13:00:00+00:00,56.59,57.39,56.52,57.25,113327.7
2026-04-17 14:00:00+00:00,57.25,57.32,56.92,56.98,32768.4
2026-04-17 15:00:00+00:00,56.98,56.99,56.35,56.51,39054.1
2026-04-17 16:00:00+00:00,56.51,57.06,56.51,57.05,27427.8
2026-04-17 17:00:00+00:00,57.05,57.06,56.44,56.62,31922.4
2026-04-17 18:00:00+00:00,56.62,56.68,56.27,56.6,13804.2
2026-04-17 19:00:00+00:00,56.6,56.85,56.45,56.72,13580.4
2026-04-17 20:00:00+00:00,56.72,56.8,56.43,56.59,8279.2
2026-04-17 21:00:00+00:00,56.59,56.72,56.46,56.65,10398.9
2026-04-17 22:00:00+00:00,56.65,56.77,56.53,56.55,7353.8
2026-04-17 23:00:00+00:00,56.55,56.55,56.25,56.34,12151.6
2026-04-18 00:00:00+00:00,56.34,56.52,56.22,56.42,8224.4
2026-04-18 01:00:00+00:00,56.42,56.56,56.24,56.3,10439.9
2026-04-18 02:00:00+00:00,56.3,56.47,56.15,56.41,8617.2
2026-04-18 03:00:00+00:00,56.41,56.41,56.17,56.2,5498.9
2026-04-18 04:00:00+00:00,56.2,56.29,56.03,56.14,6586.4
2026-04-18 05:00:00+00:00,56.14,56.32,56.13,56.26,12549.2
2026-04-18 06:00:00+00:00,56.26,56.39,56.21,56.33,5602.4
2026-04-18 07:00:00+00:00,56.33,56.62,56.31,56.55,9570.2
2026-04-18 08:00:00+00:00,56.55,56.57,56.02,56.31,24861.5
2026-04-18 09:00:00+00:00,56.31,56.34,55.89,56.23,20394.4
2026-04-18 10:00:00+00:00,56.23,56.23,55.86,56.14,13917.9
2026-04-18 11:00:00+00:00,56.14,56.16,55.69,55.97,17317.4
2026-04-18 12:00:00+00:00,55.97,56.07,55.77,55.98,9838.4
2026-04-18 13:00:00+00:00,55.98,56.04,55.52,55.83,21650.2
2026-04-18 14:00:00+00:00,55.83,55.93,55.62,55.93,9429.5
2026-04-18 15:00:00+00:00,55.93,56.06,55.75,55.79,18248.4
2026-04-18 16:00:00+00:00,55.79,55.95,55.61,55.76,13242.1
2026-04-18 17:00:00+00:00,55.76,55.86,55.55,55.82,11274.2
2026-04-18 18:00:00+00:00,55.82,55.84,55.19,55.23,34172.1
2026-04-18 19:00:00+00:00,55.23,55.45,55.21,55.39,17658.5
2026-04-18 20:00:00+00:00,55.39,55.53,55.28,55.46,13925.8
2026-04-18 21:00:00+00:00,55.46,55.63,55.46,55.63,14597.8
2026-04-18 22:00:00+00:00,55.63,55.7,55.49,55.69,5263.2
2026-04-18 23:00:00+00:00,55.69,55.81,55.6,55.61,15771.1
2026-04-19 00:00:00+00:00,55.61,55.66,55.44,55.62,10642.6
2026-04-19 01:00:00+00:00,55.62,55.73,55.4,55.53,6989.6
2026-04-19 02:00:00+00:00,55.53,55.62,55.29,55.44,6418.4
2026-04-19 03:00:00+00:00,55.44,55.65,55.28,55.46,7893.7
2026-04-19 04:00:00+00:00,55.46,55.78,55.41,55.61,22650.8
2026-04-19 05:00:00+00:00,55.61,55.7,55.49,55.65,4947.4
2026-04-19 06:00:00+00:00,55.65,55.66,55.16,55.5,23870.3
2026-04-19 07:00:00+00:00,55.5,55.53,54.65,55.08,40653.1
2026-04-19 08:00:00+00:00,55.08,55.2,55.01,55.08,5426.4
2026-04-19 09:00:00+00:00,55.08,55.13,54.96,55.0,10683.4
2026-04-19 10:00:00+00:00,55.0,55.09,54.86,54.96,6559.0
2026-04-19 11:00:00+00:00,54.96,55.23,54.89,55.16,23874.5
2026-04-19 12:00:00+00:00,55.16,55.35,55.13,55.25,13083.5
2026-04-19 13:00:00+00:00,55.25,55.68,55.24,55.43,27876.8
2026-04-19 14:00:00+00:00,55.43,55.66,55.22,55.51,10882.8
2026-04-19 15:00:00+00:00,55.51,55.51,55.06,55.43,11327.9
2026-04-19 16:00:00+00:00,55.43,55.51,55.14,55.25,4848.3
2026-04-19 17:00:00+00:00,55.25,55.25,54.53,54.61,34941.3
2026-04-19 18:00:00+00:00,54.61,54.73,54.47,54.6,28076.2
2026-04-19 19:00:00+00:00,54.6,54.86,54.59,54.7,7370.8
2026-04-19 20:00:00+00:00,54.7,54.7,54.44,54.49,19649.8
2026-04-19 21:00:00+00:00,54.49,54.77,54.47,54.55,11602.4
2026-04-19 22:00:00+00:00,54.55,54.55,53.97,54.12,56732.7
2026-04-19 23:00:00+00:00,54.12,54.12,53.85,54.02,19621.8
2026-04-20 00:00:00+00:00,54.02,54.38,53.96,54.35,26735.7
2026-04-20 01:00:00+00:00,54.35,54.54,54.29,54.42,10052.2
2026-04-20 02:00:00+00:00,54.42,54.58,54.3,54.47,5157.9
2026-04-20 03:00:00+00:00,54.47,54.63,54.46,54.62,4596.7
2026-04-20 04:00:00+00:00,54.62,54.82,54.49,54.77,13527.1
2026-04-20 05:00:00+00:00,54.77,54.79,54.43,54.57,11776.7
2026-04-20 06:00:00+00:00,54.57,54.92,54.54,54.84,20543.9
2026-04-20 07:00:00+00:00,54.84,55.4,54.8,54.93,20917.0
2026-04-20 08:00:00+00:00,54.93,55.01,54.74,54.78,12182.7
2026-04-20 09:00:00+00:00,54.78,55.1,54.74,55.04,6166.6
2026-04-20 10:00:00+00:00,55.04,55.22,54.98,54.98,11987.7
2026-04-20 11:00:00+00:00,54.98,55.0,54.67,54.86,18496.1
2026-04-20 12:00:00+00:00,54.86,55.1,54.78,55.02,17349.2
2026-04-20 13:00:00+00:00,55.02,55.22,54.95,55.09,24729.3
2026-04-20 14:00:00+00:00,55.09,55.33,54.76,54.84,25648.1
2026-04-20 15:00:00+00:00,54.84,55.16,54.61,55.13,27535.3
2026-04-20 16:00:00+00:00,55.13,55.15,54.82,54.86,18857.0
2026-04-20 17:00:00+00:00,54.86,55.24,54.83,55.14,18739.6
2026-04-20 18:00:00+00:00,55.14,55.37,55.13,55.3,12182.1
2026-04-20 19:00:00+00:00,55.3,55.34,55.12,55.17,14763.8
2026-04-20 20:00:00+00:00,55.17,55.21,55.03,55.2,14691.4
2026-04-20 21:00:00+00:00,55.2,55.33,55.0,55.15,18513.5
2026-04-20 22:00:00+00:00,55.15,55.24,54.97,55.0,7088.2
2026-04-20 23:00:00+00:00,55.0,55.0,54.86,54.99,8823.4
2026-04-21 00:00:00+00:00,54.99,55.15,54.97,55.11,7322.0
2026-04-21 01:00:00+00:00,55.11,55.21,54.94,54.95,7529.7
2026-04-21 02:00:00+00:00,54.95,54.97,54.77,54.78,11681.4
2026-04-21 03:00:00+00:00,54.78,54.81,54.63,54.77,7683.3
2026-04-21 04:00:00+00:00,54.77,54.95,54.75,54.94,7008.7
2026-04-21 05:00:00+00:00,54.94,55.1,54.94,54.95,4792.6
2026-04-21 06:00:00+00:00,54.95,55.13,54.84,55.05,4770.1
2026-04-21 07:00:00+00:00,55.05,55.38,54.96,55.29,39218.2
2026-04-21 08:00:00+00:00,55.29,55.46,55.14,55.21,17664.2
2026-04-21 09:00:00+00:00,55.21,55.48,55.19,55.46,10977.5
2026-04-21 10:00:00+00:00,55.46,55.63,55.43,55.51,11379.4
2026-04-21 11:00:00+00:00,55.51,55.52,55.28,55.42,19536.8
2026-04-21 12:00:00+00:00,55.42,55.47,55.18,55.34,13850.3
2026-04-21 13:00:00+00:00,55.34,55.46,55.21,55.41,20788.0
2026-04-21 14:00:00+00:00,55.41,55.83,55.32,55.4,28883.4
2026-04-21 15:00:00+00:00,55.4,55.56,55.27,55.33,17370.4
2026-04-21 16:00:00+00:00,55.33,55.44,55.01,55.02,15491.6
2026-04-21 17:00:00+00:00,55.02,55.31,54.7,55.11,31584.2
2026-04-21 18:00:00+00:00,55.11,55.14,54.92,55.09,17422.7
2026-04-21 19:00:00+00:00,55.09,55.3,54.75,54.81,18260.7
2026-04-21 20:00:00+00:00,54.81,55.27,54.8,55.09,22989.4
2026-04-21 21:00:00+00:00,55.09,55.18,55.01,55.12,7390.8
2026-04-21 22:00:00+00:00,55.12,55.17,54.94,55.1,4617.0
2026-04-21 23:00:00+00:00,55.1,55.57,55.09,55.52,12264.8
2026-04-22 00:00:00+00:00,55.52,55.72,55.51,55.64,11888.3
2026-04-22 01:00:00+00:00,55.64,55.66,55.45,55.58,8407.5
2026-04-22 02:00:00+00:00,55.58,56.08,55.52,55.92,27561.5
2026-04-22 03:00:00+00:00,55.92,55.92,55.64,55.81,8892.4
2026-04-22 04:00:00+00:00,55.81,55.94,55.78,55.91,7859.8
2026-04-22 05:00:00+00:00,55.91,56.45,55.82,56.25,37107.3
2026-04-22 06:00:00+00:00,56.25,56.26,56.09,56.25,6436.6
2026-04-22 07:00:00+00:00,56.25,56.28,56.11,56.15,7340.7
2026-04-22 08:00:00+00:00,56.15,56.3,56.14,56.21,6493.8
2026-04-22 09:00:00+00:00,56.21,56.25,55.89,56.0,13523.1
2026-04-22 10:00:00+00:00,56.0,56.2,55.78,56.17,40124.0
2026-04-22 11:00:00+00:00,56.17,56.27,56.04,56.2,10776.1
2026-04-22 12:00:00+00:00,56.2,56.27,56.02,56.09,16274.0
2026-04-22 13:00:00+00:00,56.09,56.27,55.99,56.19,24557.9
2026-04-22 14:00:00+00:00,56.19,56.44,56.13,56.4,20915.5
2026-04-22 15:00:00+00:00,56.4,56.51,56.22,56.43,22206.1
2026-04-22 16:00:00+00:00,56.43,56.45,56.01,56.02,12883.5
2026-04-22 17:00:00+00:00,56.02,56.19,55.98,56.09,9270.3
2026-04-22 18:00:00+00:00,56.09,56.17,56.04,56.09,6382.9
2026-04-22 19:00:00+00:00,56.09,56.13,55.79,55.94,14278.0
2026-04-22 20:00:00+00:00,55.94,55.95,55.71,55.74,10265.8
2026-04-22 21:00:00+00:00,55.74,56.07,55.74,55.98,16345.7
2026-04-22 22:00:00+00:00,55.98,56.0,55.75,55.82,4782.4
2026-04-22 23:00:00+00:00,55.82,55.82,55.39,55.47,22662.3
2026-04-23 00:00:00+00:00,55.47,55.65,55.14,55.56,38201.5
2026-04-23 01:00:00+00:00,55.56,55.89,55.39,55.62,24117.7
2026-04-23 02:00:00+00:00,55.62,55.64,54.94,55.12,47197.0
2026-04-23 03:00:00+00:00,55.12,55.14,54.86,55.09,16450.4
2026-04-23 04:00:00+00:00,55.09,55.2,55.01,55.09,8666.7
2026-04-23 05:00:00+00:00,55.09,55.21,55.04,55.14,18181.9
2026-04-23 06:00:00+00:00,55.14,55.31,55.14,55.22,7956.8
2026-04-23 07:00:00+00:00,55.22,55.24,55.07,55.14,18786.9
2026-04-23 08:00:00+00:00,55.14,55.21,55.03,55.19,14587.7
2026-04-23 09:00:00+00:00,55.19,55.19,54.89,55.11,19278.6
2026-04-23 10:00:00+00:00,55.11,55.14,54.9,55.09,12380.7
2026-04-23 11:00:00+00:00,55.09,55.46,55.09,55.41,11551.6
2026-04-23 12:00:00+00:00,55.41,55.67,55.41,55.55,30803.9
2026-04-23 13:00:00+00:00,55.55,55.66,55.48,55.52,8704.6
2026-04-23 14:00:00+00:00,55.52,55.71,55.39,55.69,12226.9
2026-04-23 15:00:00+00:00,55.69,55.96,55.58,55.85,14948.9
2026-04-23 16:00:00+00:00,55.85,55.86,55.53,55.57,8023.2
2026-04-23 17:00:00+00:00,55.57,55.66,55.09,55.45,41937.7
2026-04-23 18:00:00+00:00,55.45,55.57,55.27,55.31,23069.3
2026-04-23 19:00:00+00:00,55.31,55.54,55.24,55.46,13787.1
2026-04-23 20:00:00+00:00,55.46,55.92,55.44,55.75,16318.9
2026-04-23 21:00:00+00:00,55.75,55.93,55.74,55.78,7737.4
2026-04-23 22:00:00+00:00,55.78,56.13,55.77,56.07,11268.7
2026-04-23 23:00:00+00:00,56.07,56.21,55.94,56.18,13784.5
2026-04-24 00:00:00+00:00,56.18,56.24,56.05,56.09,12196.0
2026-04-24 01:00:00+00:00,56.09,56.1,55.83,56.07,11460.0
2026-04-24 02:00:00+00:00,56.07,56.14,55.95,56.02,6734.2
2026-04-24 03:00:00+00:00,56.02,56.04,55.72,55.84,14938.2
2026-04-24 04:00:00+00:00,55.84,55.91,55.74,55.85,4476.6
2026-04-24 05:00:00+00:00,55.85,56.11,55.74,56.02,6685.8
2026-04-24 06:00:00+00:00,56.02,56.09,55.89,55.97,6161.8
2026-04-24 07:00:00+00:00,55.97,56.08,55.95,56.08,4987.1
2026-04-24 08:00:00+00:00,56.08,56.15,55.98,56.04,5641.1
2026-04-24 09:00:00+00:00,56.04,56.1,55.79,56.05,9328.1
2026-04-24 10:00:00+00:00,56.05,56.3,55.99,56.13,12345.5
2026-04-24 11:00:00+00:00,56.13,56.48,56.13,56.37,26472.2
2026-04-24 12:00:00+00:00,56.37,56.39,56.07,56.12,17107.6
2026-04-24 13:00:00+00:00,56.12,56.35,56.11,56.2,10980.1
2026-04-24 14:00:00+00:00,56.2,56.25,56.03,56.21,8374.9
2026-04-24 15:00:00+00:00,56.21,56.65,55.99,56.56,25784.5
2026-04-24 16:00:00+00:00,56.56,56.58,56.36,56.53,9190.5
2026-04-24 17:00:00+00:00,56.53,56.58,56.42,56.45,8257.1
2026-04-24 18:00:00+00:00,56.45,56.59,56.31,56.55,7570.8
2026-04-24 19:00:00+00:00,56.55,56.69,56.46,56.67,6439.4
2026-04-24 20:00:00+00:00,56.67,56.68,56.47,56.61,10928.2
2026-04-24 21:00:00+00:00,56.61,56.74,56.46,56.56,12359.6
2026-04-24 22:00:00+00:00,56.56,56.59,56.41,56.43,4518.5
2026-04-24 23:00:00+00:00,56.43,56.5,56.31,56.5,6076.6
2026-04-25 00:00:00+00:00,56.5,56.51,56.31,56.4,14648.0
2026-04-25 01:00:00+00:00,56.4,56.59,56.32,56.52,4411.9
2026-04-25 02:00:00+00:00,56.52,56.66,56.43,56.63,5655.2
2026-04-25 03:00:00+00:00,56.63,56.67,56.5,56.65,3207.8
2026-04-25 04:00:00+00:00,56.65,56.69,56.43,56.49,4997.0
2026-04-25 05:00:00+00:00,56.49,56.49,56.32,56.41,10919.5
2026-04-25 06:00:00+00:00,56.41,56.47,56.34,56.34,5783.6
2026-04-25 07:00:00+00:00,56.34,56.45,56.23,56.36,10888.4
2026-04-25 08:00:00+00:00,56.36,56.55,56.34,56.39,10702.4
2026-04-25 09:00:00+00:00,56.39,56.5,56.34,56.47,5300.6
2026-04-25 10:00:00+00:00,56.47,56.49,56.37,56.4,3786.6
2026-04-25 11:00:00+00:00,56.4,56.4,56.14,56.23,12286.6
2026-04-25 12:00:00+00:00,56.23,56.32,56.14,56.23,7346.4
2026-04-25 13:00:00+00:00,56.23,56.43,56.23,56.33,4511.3
2026-04-25 14:00:00+00:00,56.33,56.42,56.32,56.35,6006.7
2026-04-25 15:00:00+00:00,56.35,56.57,56.29,56.41,8899.4
2026-04-25 16:00:00+00:00,56.41,56.51,56.18,56.4,9858.1
2026-04-25 17:00:00+00:00,56.4,56.44,56.13,56.14,9931.5
2026-04-25 18:00:00+00:00,56.14,56.17,55.75,55.98,46374.7
2026-04-25 19:00:00+00:00,55.98,56.07,55.91,56.03,16605.2
2026-04-25 20:00:00+00:00,56.03,56.07,55.9,55.96,15481.5
2026-04-25 21:00:00+00:00,55.96,56.04,55.91,55.94,13871.4
2026-04-25 22:00:00+00:00,55.94,56.09,55.91,55.99,9094.2
2026-04-25 23:00:00+00:00,55.99,56.03,55.93,56.02,5286.8
2026-04-26 00:00:00+00:00,56.02,56.03,55.83,55.92,14675.7
2026-04-26 01:00:00+00:00,55.92,56.0,55.83,55.84,8071.3
2026-04-26 02:00:00+00:00,55.84,55.97,55.83,55.86,4901.7
2026-04-26 03:00:00+00:00,55.86,55.93,55.71,55.81,8430.3
2026-04-26 04:00:00+00:00,55.81,55.94,55.73,55.87,7685.0
2026-04-26 05:00:00+00:00,55.87,56.21,55.83,56.0,16188.2
2026-04-26 06:00:00+00:00,56.0,56.21,56.0,56.15,7782.0
2026-04-26 07:00:00+00:00,56.15,56.28,56.1,56.26,6323.8
2026-04-26 08:00:00+00:00,56.26,56.28,56.11,56.21,6720.1
2026-04-26 09:00:00+00:00,56.21,56.22,56.1,56.17,7245.9
2026-04-26 10:00:00+00:00,56.17,56.27,56.14,56.2,6125.0
2026-04-26 11:00:00+00:00,56.2,56.32,56.18,56.25,4868.1
2026-04-26 12:00:00+00:00,56.25,56.31,56.04,56.07,9826.0
2026-04-26 13:00:00+00:00,56.07,56.08,55.9,55.93,9310.7
2026-04-26 14:00:00+00:00,55.93,56.09,55.82,55.95,13877.3
2026-04-26 15:00:00+00:00,55.95,56.02,55.88,56.01,9957.6
2026-04-26 16:00:00+00:00,56.01,56.03,55.78,55.82,6052.3
2026-04-26 17:00:00+00:00,55.82,55.94,55.75,55.92,18661.6
2026-04-26 18:00:00+00:00,55.92,56.2,55.89,56.18,10159.0
2026-04-26 19:00:00+00:00,56.18,56.38,56.18,56.28,15574.2
2026-04-26 20:00:00+00:00,56.28,56.35,56.14,56.14,10169.0
2026-04-26 21:00:00+00:00,56.14,56.29,55.94,56.23,18430.3
2026-04-26 22:00:00+00:00,56.23,56.43,56.08,56.19,9088.6
2026-04-26 23:00:00+00:00,56.19,56.35,56.11,56.24,3697.6
2026-04-27 00:00:00+00:00,56.24,56.44,56.03,56.42,20793.2
2026-04-27 01:00:00+00:00,56.42,56.69,56.21,56.61,21833.0
2026-04-27 02:00:00+00:00,56.61,56.73,56.42,56.57,16308.4
2026-04-27 03:00:00+00:00,56.57,56.76,56.56,56.62,31111.7
2026-04-27 04:00:00+00:00,56.62,56.62,56.4,56.43,10016.0
2026-04-27 05:00:00+00:00,56.43,56.45,55.41,55.48,68431.2
2026-04-27 06:00:00+00:00,55.48,55.52,55.19,55.44,30305.5
2026-04-27 07:00:00+00:00,55.44,55.47,55.25,55.26,15943.3
2026-04-27 08:00:00+00:00,55.26,55.39,55.17,55.39,16861.5
2026-04-27 09:00:00+00:00,55.39,55.48,55.33,55.38,60945.5
2026-04-27 10:00:00+00:00,55.38,55.46,55.31,55.31,5160.5
2026-04-27 11:00:00+00:00,55.31,55.39,55.23,55.39,3454.2
2026-04-27 12:00:00+00:00,55.39,55.44,55.25,55.41,40549.5
2026-04-27 13:00:00+00:00,55.41,55.85,55.4,55.65,49179.9
2026-04-27 14:00:00+00:00,55.65,55.88,55.54,55.7,20745.5
2026-04-27 15:00:00+00:00,55.7,55.73,54.91,55.16,57982.7
2026-04-27 16:00:00+00:00,55.16,55.41,55.07,55.24,10510.0
2026-04-27 17:00:00+00:00,55.24,55.48,55.21,55.29,11740.9
2026-04-27 18:00:00+00:00,55.29,55.34,55.04,55.3,17522.7
2026-04-27 19:00:00+00:00,55.3,55.35,55.07,55.28,9472.6
2026-04-27 20:00:00+00:00,55.28,55.38,55.26,55.37,8072.8
2026-04-27 21:00:00+00:00,55.37,55.41,55.25,55.26,9854.1
2026-04-27 22:00:00+00:00,55.26,55.4,55.2,55.38,6734.8
2026-04-27 23:00:00+00:00,55.38,55.57,55.34,55.54,10225.2
2026-04-28 00:00:00+00:00,55.54,55.61,55.42,55.43,12073.3
2026-04-28 01:00:00+00:00,55.43,55.47,55.35,55.43,2632.3
2026-04-28 02:00:00+00:00,55.43,55.56,55.26,55.41,6323.6
2026-04-28 03:00:00+00:00,55.41,55.42,55.31,55.37,3061.9
2026-04-28 04:00:00+00:00,55.37,55.47,55.31,55.36,4533.6
2026-04-28 05:00:00+00:00,55.36,55.45,55.24,55.26,9172.8
2026-04-28 06:00:00+00:00,55.26,55.33,55.02,55.16,5428.2
2026-04-28 07:00:00+00:00,55.16,55.24,54.98,55.19,9335.8
2026-04-28 08:00:00+00:00,55.19,55.37,55.12,55.18,7798.1
2026-04-28 09:00:00+00:00,55.18,55.2,55.04,55.08,7397.6
2026-04-28 10:00:00+00:00,55.08,55.17,54.99,55.04,9155.6
2026-04-28 11:00:00+00:00,55.04,55.06,54.91,54.94,10925.8
2026-04-28 12:00:00+00:00,54.94,55.11,54.89,55.07,14949.4
2026-04-28 13:00:00+00:00,55.07,55.08,54.78,54.96,21800.9
2026-04-28 14:00:00+00:00,54.96,54.96,54.66,54.89,15202.2
2026-04-28 15:00:00+00:00,54.89,55.08,54.88,55.03,6780.6
2026-04-28 16:00:00+00:00,55.03,55.13,54.97,55.07,6882.3
2026-04-28 17:00:00+00:00,55.07,55.24,54.95,55.14,6235.0
2026-04-28 18:00:00+00:00,55.14,55.28,55.12,55.25,4905.6
2026-04-28 19:00:00+00:00,55.25,55.43,55.15,55.41,22304.0
2026-04-28 20:00:00+00:00,55.41,55.5,55.39,55.47,11214.1
2026-04-28 21:00:00+00:00,55.47,55.58,55.4,55.52,16444.9
2026-04-28 22:00:00+00:00,55.52,55.61,55.38,55.41,6121.3
2026-04-28 23:00:00+00:00,55.41,55.74,55.41,55.68,6603.4
2026-04-29 00:00:00+00:00,55.68,55.7,55.55,55.66,10917.3
2026-04-29 01:00:00+00:00,55.66,55.73,55.48,55.64,5446.1
2026-04-29 02:00:00+00:00,55.64,55.73,55.53,55.55,4102.2
2026-04-29 03:00:00+00:00,55.55,55.91,55.55,55.91,10009.0
2026-04-29 04:00:00+00:00,55.91,56.07,55.81,55.96,15488.1
2026-04-29 05:00:00+00:00,55.96,56.0,55.87,55.92,4071.7
2026-04-29 06:00:00+00:00,55.92,55.95,55.8,55.89,7171.0
2026-04-29 07:00:00+00:00,55.89,56.08,55.83,55.99,7732.3
2026-04-29 08:00:00+00:00,55.99,56.01,55.86,55.89,3300.8
2026-04-29 09:00:00+00:00,55.89,57.28,55.84,57.24,54045.4
2026-04-29 10:00:00+00:00,57.24,57.69,56.99,57.16,100119.4
2026-04-29 11:00:00+00:00,57.16,57.16,56.59,56.77,37967.3
2026-04-29 12:00:00+00:00,56.77,56.93,56.38,56.89,50538.2
2026-04-29 13:00:00+00:00,56.89,57.0,55.96,56.19,53301.1
2026-04-29 14:00:00+00:00,56.19,56.25,55.99,56.08,15236.6
2026-04-29 15:00:00+00:00,56.08,56.13,54.97,55.17,75700.7
2026-04-29 16:00:00+00:00,55.17,55.31,55.08,55.22,28741.8
2026-04-29 17:00:00+00:00,55.22,55.54,55.21,55.51,19571.2
2026-04-29 18:00:00+00:00,55.51,55.56,54.32,54.87,120603.0
2026-04-29 19:00:00+00:00,54.87,54.92,54.49,54.74,14107.6
2026-04-29 20:00:00+00:00,54.74,54.99,54.67,54.92,16929.1
2026-04-29 21:00:00+00:00,54.92,55.34,54.83,55.15,22874.8
2026-04-29 22:00:00+00:00,55.15,55.24,55.09,55.23,11475.8
2026-04-29 23:00:00+00:00,55.23,55.31,55.17,55.27,8686.9
2026-04-30 00:00:00+00:00,55.27,55.65,55.22,55.62,21607.5
2026-04-30 01:00:00+00:00,55.62,55.69,55.44,55.59,5821.7
2026-04-30 02:00:00+00:00,55.59,55.65,55.11,55.23,16039.5
2026-04-30 03:00:00+00:00,55.23,55.41,55.17,55.31,5527.5
2026-04-30 04:00:00+00:00,55.31,55.31,54.97,54.97,10078.2
2026-04-30 05:00:00+00:00,54.97,55.22,54.9,55.14,6046.0
2026-04-30 06:00:00+00:00,55.14,55.33,55.09,55.3,6653.1
2026-04-30 07:00:00+00:00,55.3,55.65,55.28,55.56,11161.7
2026-04-30 08:00:00+00:00,55.56,55.62,55.46,55.56,7466.5
2026-04-30 09:00:00+00:00,55.56,55.92,55.51,55.75,12810.6
2026-04-30 10:00:00+00:00,55.75,55.82,55.58,55.67,7728.7
2026-04-30 11:00:00+00:00,55.67,55.88,55.57,55.68,14691.1
2026-04-30 12:00:00+00:00,55.68,55.95,55.61,55.61,8846.1
2026-04-30 13:00:00+00:00,55.61,55.81,55.47,55.68,14460.2
2026-04-30 14:00:00+00:00,55.68,55.83,55.5,55.64,10447.5
2026-04-30 15:00:00+00:00,55.64,55.77,55.57,55.58,7819.2
2026-04-30 16:00:00+00:00,55.58,55.65,55.39,55.55,7513.9
2026-04-30 17:00:00+00:00,55.55,55.55,55.36,55.46,4659.3
2026-04-30 18:00:00+00:00,55.46,55.59,55.44,55.46,5282.1
2026-04-30 19:00:00+00:00,55.46,55.58,55.26,55.26,7707.8
2026-04-30 20:00:00+00:00,55.26,55.35,55.16,55.25,14749.7
2026-04-30 21:00:00+00:00,55.25,55.29,55.02,55.05,11489.5
2026-04-30 22:00:00+00:00,55.05,55.19,55.03,55.05,5097.9
2026-04-30 23:00:00+00:00,55.05,55.2,55.02,55.14,3834.5
2026-05-01 00:00:00+00:00,55.14,55.25,55.12,55.17,8748.6
2026-05-01 01:00:00+00:00,55.17,55.32,55.17,55.28,6096.3
2026-05-01 02:00:00+00:00,55.28,55.29,55.16,55.27,3772.5
2026-05-01 03:00:00+00:00,55.27,55.63,55.12,55.38,12621.6
2026-05-01 04:00:00+00:00,55.38,55.47,55.17,55.21,7128.4
2026-05-01 05:00:00+00:00,55.21,55.41,55.18,55.27,5730.3
2026-05-01 06:00:00+00:00,55.27,55.42,55.13,55.21,14169.7
2026-05-01 07:00:00+00:00,55.21,55.34,55.15,55.27,10600.0
2026-05-01 08:00:00+00:00,55.27,55.34,55.18,55.25,5325.7
2026-05-01 09:00:00+00:00,55.25,55.25,54.93,55.01,12590.3
2026-05-01 10:00:00+00:00,55.01,55.16,54.84,55.15,8689.9
2026-05-01 11:00:00+00:00,55.15,55.21,55.05,55.12,5242.8
2026-05-01 12:00:00+00:00,55.12,55.45,55.08,55.24,11792.8
2026-05-01 13:00:00+00:00,55.24,55.56,55.24,55.51,12303.2
2026-05-01 14:00:00+00:00,55.51,55.68,55.34,55.6,22974.9
2026-05-01 15:00:00+00:00,55.6,55.79,55.46,55.63,20496.1
2026-05-01 16:00:00+00:00,55.63,55.74,55.4,55.64,17749.6
2026-05-01 17:00:00+00:00,55.64,55.81,55.57,55.76,6203.9
2026-05-01 18:00:00+00:00,55.76,55.95,55.73,55.86,25656.8
2026-05-01 19:00:00+00:00,55.86,55.99,55.6,55.72,27637.9
2026-05-01 20:00:00+00:00,55.72,55.77,55.47,55.56,9587.2
2026-05-01 21:00:00+00:00,55.56,55.68,55.45,55.53,16933.1
2026-05-01 22:00:00+00:00,55.53,55.63,55.4,55.43,12057.0
2026-05-01 23:00:00+00:00,55.43,55.43,55.26,55.37,7398.3
2026-05-02 00:00:00+00:00,55.37,55.52,55.33,55.5,6778.3
2026-05-02 01:00:00+00:00,55.5,55.59,55.44,55.53,2137.1
2026-05-02 02:00:00+00:00,55.53,55.65,55.46,55.53,5624.3
2026-05-02 03:00:00+00:00,55.53,55.67,55.48,55.6,5675.0
2026-05-02 04:00:00+00:00,55.6,55.6,55.27,55.32,9970.3
2026-05-02 05:00:00+00:00,55.32,55.39,55.24,55.31,12609.1
2026-05-02 06:00:00+00:00,55.31,55.45,55.29,55.44,4872.5
2026-05-02 07:00:00+00:00,55.44,55.46,55.35,55.36,2544.9
2026-05-02 08:00:00+00:00,55.36,55.42,55.31,55.35,2164.1
2026-05-02 09:00:00+00:00,55.35,55.44,55.32,55.41,4676.3
2026-05-02 10:00:00+00:00,55.41,55.45,55.36,55.37,2314.0
2026-05-02 11:00:00+00:00,55.37,55.37,55.09,55.19,14227.3
2026-05-02 12:00:00+00:00,55.19,55.29,55.1,55.18,14361.4
2026-05-02 13:00:00+00:00,55.18,55.38,55.17,55.3,4956.0
2026-05-02 14:00:00+00:00,55.3,55.38,55.2,55.31,14190.0
2026-05-02 15:00:00+00:00,55.31,55.36,55.24,55.36,5546.9
2026-05-02 16:00:00+00:00,55.36,55.42,55.3,55.38,4663.6
2026-05-02 17:00:00+00:00,55.38,55.39,55.13,55.2,15423.6
2026-05-02 18:00:00+00:00,55.2,55.28,55.11,55.17,12924.9
2026-05-02 19:00:00+00:00,55.17,55.31,55.14,55.26,6383.5
2026-05-02 20:00:00+00:00,55.26,55.28,55.0,55.11,19416.4
2026-05-02 21:00:00+00:00,55.11,55.42,55.03,55.25,20506.5
2026-05-02 22:00:00+00:00,55.25,55.3,55.13,55.25,8249.7
2026-05-02 23:00:00+00:00,55.25,55.36,55.11,55.33,8732.4
2026-05-03 00:00:00+00:00,55.33,55.37,55.1,55.21,10080.5
2026-05-03 01:00:00+00:00,55.21,55.22,54.94,55.01,7102.1
2026-05-03 02:00:00+00:00,55.01,55.04,54.87,54.91,7396.7
2026-05-03 03:00:00+00:00,54.91,55.06,54.86,55.01,4717.1
2026-05-03 04:00:00+00:00,55.01,55.01,54.86,55.01,7428.6
2026-05-03 05:00:00+00:00,55.01,55.05,54.91,54.92,3117.1
2026-05-03 06:00:00+00:00,54.92,55.04,54.81,54.96,9036.0
2026-05-03 07:00:00+00:00,54.96,55.11,54.95,55.0,14619.7
2026-05-03 08:00:00+00:00,55.0,55.04,54.91,54.91,5487.4
2026-05-03 09:00:00+00:00,54.91,55.09,54.88,55.05,4967.3
2026-05-03 10:00:00+00:00,55.05,55.11,54.87,54.87,3992.1
2026-05-03 11:00:00+00:00,54.87,55.32,54.81,55.13,15442.2
2026-05-03 12:00:00+00:00,55.13,55.31,55.13,55.2,8021.1
2026-05-03 13:00:00+00:00,55.2,55.25,55.12,55.17,9366.1
2026-05-03 14:00:00+00:00,55.17,55.28,55.09,55.27,16068.7
2026-05-03 15:00:00+00:00,55.27,55.37,55.23,55.31,15881.6
2026-05-03 16:00:00+00:00,55.31,55.37,55.26,55.32,9113.2
2026-05-03 17:00:00+00:00,55.32,55.39,55.2,55.27,8986.7
2026-05-03 18:00:00+00:00,55.27,55.33,55.22,55.28,12656.0
2026-05-03 19:00:00+00:00,55.28,55.47,55.27,55.4,14709.3
2026-05-03 20:00:00+00:00,55.4,55.65,55.38,55.45,18919.3
2026-05-03 21:00:00+00:00,55.45,55.57,55.28,55.39,16017.1
2026-05-03 22:00:00+00:00,55.39,55.72,55.39,55.59,10043.6
2026-05-03 23:00:00+00:00,55.59,55.68,55.23,55.26,8975.0
2026-05-04 00:00:00+00:00,55.26,55.27,54.95,55.15,19796.8
2026-05-04 01:00:00+00:00,55.15,55.75,55.01,55.69,33059.0
2026-05-04 02:00:00+00:00,55.69,56.21,55.63,56.06,49896.5
2026-05-04 03:00:00+00:00,56.06,56.12,55.89,56.08,23194.4
2026-05-04 04:00:00+00:00,56.08,56.39,56.08,56.17,13768.4
2026-05-04 05:00:00+00:00,56.17,56.22,55.99,56.13,17530.2
2026-05-04 06:00:00+00:00,56.13,56.19,55.75,56.07,29982.5
2026-05-04 07:00:00+00:00,56.07,56.14,55.84,55.87,8224.4
2026-05-04 08:00:00+00:00,55.87,55.87,55.72,55.75,10668.9
2026-05-04 09:00:00+00:00,55.75,55.91,55.68,55.87,11725.7
2026-05-04 10:00:00+00:00,55.87,55.91,54.91,55.24,87585.1
2026-05-04 11:00:00+00:00,55.24,55.36,55.05,55.19,14714.9
2026-05-04 12:00:00+00:00,55.19,55.38,55.17,55.19,14427.9
2026-05-04 13:00:00+00:00,55.19,55.28,54.99,55.06,50277.7
2026-05-04 14:00:00+00:00,55.06,55.7,54.89,55.57,28441.3
2026-05-04 15:00:00+00:00,55.57,55.63,55.0,55.2,38517.7
2026-05-04 16:00:00+00:00,55.2,55.32,55.0,55.13,26267.6
2026-05-04 17:00:00+00:00,55.13,55.45,55.11,55.28,17438.6
2026-05-04 18:00:00+00:00,55.28,55.48,55.19,55.24,8173.4
2026-05-04 19:00:00+00:00,55.24,55.25,55.1,55.17,10403.0
2026-05-04 20:00:00+00:00,55.17,55.24,55.03,55.1,7633.7
2026-05-04 21:00:00+00:00,55.1,55.33,55.08,55.22,14146.7
2026-05-04 22:00:00+00:00,55.22,55.31,54.9,55.01,28838.4
2026-05-04 23:00:00+00:00,55.01,55.02,54.86,54.91,12172.5
2026-05-05 00:00:00+00:00,54.91,55.08,54.74,55.04,23271.8
2026-05-05 01:00:00+00:00,55.04,55.08,54.94,55.01,13059.1
2026-05-05 02:00:00+00:00,55.01,55.2,54.99,55.05,7944.7
2026-05-05 03:00:00+00:00,55.05,55.24,55.01,55.07,6962.0
2026-05-05 04:00:00+00:00,55.07,55.24,55.03,55.08,5257.1
2026-05-05 05:00:00+00:00,55.08,55.27,55.03,55.15,11424.1
2026-05-05 06:00:00+00:00,55.15,55.21,54.95,55.13,11869.3
2026-05-05 07:00:00+00:00,55.13,55.35,55.11,55.27,11469.9
2026-05-05 08:00:00+00:00,55.27,55.42,55.24,55.34,6406.0
2026-05-05 09:00:00+00:00,55.34,55.37,55.19,55.24,9532.0
2026-05-05 10:00:00+00:00,55.24,55.44,55.17,55.4,11459.9
2026-05-05 11:00:00+00:00,55.4,55.52,55.27,55.5,14889.1
2026-05-05 12:00:00+00:00,55.5,55.59,55.37,55.57,9482.9
2026-05-05 13:00:00+00:00,55.57,55.9,55.57,55.77,24389.8
2026-05-05 14:00:00+00:00,55.77,55.78,55.39,55.6,26600.0
2026-05-05 15:00:00+00:00,55.6,55.75,55.48,55.58,8109.9
2026-05-05 16:00:00+00:00,55.58,55.73,55.39,55.55,8764.0
2026-05-05 17:00:00+00:00,55.55,55.69,55.43,55.56,7047.8
2026-05-05 18:00:00+00:00,55.56,55.74,55.56,55.69,6627.6
2026-05-05 19:00:00+00:00,55.69,56.06,55.66,56.03,22416.9
2026-05-05 20:00:00+00:00,56.03,56.38,56.03,56.32,29602.8
2026-05-05 21:00:00+00:00,56.32,56.61,56.28,56.43,33214.1
2026-05-05 22:00:00+00:00,56.43,56.59,56.13,56.4,32641.7
2026-05-05 23:00:00+00:00,56.4,56.44,56.19,56.3,16923.1
2026-05-06 00:00:00+00:00,56.3,56.52,56.05,56.22,21325.4
2026-05-06 01:00:00+00:00,56.22,56.59,56.2,56.58,10173.1
2026-05-06 02:00:00+00:00,56.58,56.64,56.26,56.54,16840.6
2026-05-06 03:00:00+00:00,56.54,56.74,56.5,56.71,15989.1
2026-05-06 04:00:00+00:00,56.71,56.82,56.53,56.73,20170.6
2026-05-06 05:00:00+00:00,56.73,56.83,56.53,56.8,10949.9
2026-05-06 06:00:00+00:00,56.8,56.93,56.62,56.86,17992.8
2026-05-06 07:00:00+00:00,56.86,57.25,56.85,57.1,24286.4
2026-05-06 08:00:00+00:00,57.1,57.88,57.1,57.81,40624.3
2026-05-06 09:00:00+00:00,57.81,57.85,57.42,57.77,40499.4
2026-05-06 10:00:00+00:00,57.77,57.91,57.6,57.67,13787.7
2026-05-06 11:00:00+00:00,57.67,57.89,57.59,57.67,19105.3
2026-05-06 12:00:00+00:00,57.67,57.84,57.5,57.77,25596.0
2026-05-06 13:00:00+00:00,57.77,57.77,56.82,56.92,53130.1
2026-05-06 14:00:00+00:00,56.92,57.13,56.41,56.8,44314.1
2026-05-06 15:00:00+00:00,56.8,57.1,56.72,57.06,15379.0
2026-05-06 16:00:00+00:00,57.06,57.22,56.83,56.99,13275.5
2026-05-06 17:00:00+00:00,56.99,57.06,56.82,56.89,7852.1
2026-05-06 18:00:00+00:00,56.89,56.93,56.71,56.78,8701.5
2026-05-06 19:00:00+00:00,56.78,56.99,56.72,56.91,6750.6
2026-05-06 20:00:00+00:00,56.91,57.04,56.7,56.87,8180.5
2026-05-06 21:00:00+00:00,56.87,57.09,56.75,57.0,9924.1
2026-05-06 22:00:00+00:00,57.0,57.01,56.61,56.69,11396.5
2026-05-06 23:00:00+00:00,56.69,56.72,56.37,56.72,15500.6
2026-05-07 00:00:00+00:00,56.72,56.79,56.38,56.44,11414.5
2026-05-07 01:00:00+00:00,56.44,56.45,56.16,56.24,14694.2
2026-05-07 02:00:00+00:00,56.24,56.39,56.17,56.33,10118.8
2026-05-07 03:00:00+00:00,56.33,56.35,56.14,56.16,6503.8
2026-05-07 04:00:00+00:00,56.16,56.52,56.13,56.48,6795.3
2026-05-07 05:00:00+00:00,56.48,56.77,56.46,56.65,14975.7
2026-05-07 06:00:00+00:00,56.65,56.98,56.48,56.98,12852.8
2026-05-07 07:00:00+00:00,56.98,57.09,56.91,57.09,10095.1
2026-05-07 08:00:00+00:00,57.09,57.14,56.86,56.91,26890.4
2026-05-07 09:00:00+00:00,56.91,56.93,56.74,56.77,7527.5
2026-05-07 10:00:00+00:00,56.77,56.93,56.6,56.89,11388.2
2026-05-07 11:00:00+00:00,56.89,57.23,56.89,57.09,20869.6
2026-05-07 12:00:00+00:00,57.09,57.36,57.09,57.34,25888.2
2026-05-07 13:00:00+00:00,57.34,57.34,56.87,56.96,22923.7
2026-05-07 14:00:00+00:00,56.96,57.01,56.25,56.51,38635.2
2026-05-07 15:00:00+00:00,56.51,56.64,56.04,56.21,36355.7
2026-05-07 16:00:00+00:00,56.21,56.42,56.08,56.2,21716.2
2026-05-07 17:00:00+00:00,56.2,56.63,56.02,56.59,33646.5
2026-05-07 18:00:00+00:00,56.59,56.74,56.47,56.55,17790.4
2026-05-07 19:00:00+00:00,56.55,56.56,56.31,56.43,11602.3
2026-05-07 20:00:00+00:00,56.43,56.73,56.3,56.32,11629.7
2026-05-07 21:00:00+00:00,56.32,56.48,56.11,56.34,21318.4
2026-05-07 22:00:00+00:00,56.34,56.44,56.12,56.34,11252.7
2026-05-07 23:00:00+00:00,56.34,56.5,56.3,56.4,4500.3
2026-05-08 00:00:00+00:00,56.4,56.55,56.4,56.55,11727.1
2026-05-08 01:00:00+00:00,56.55,56.62,56.33,56.42,4207.3
2026-05-08 02:00:00+00:00,56.42,56.44,56.11,56.25,8502.1
2026-05-08 03:00:00+00:00,56.25,56.5,56.03,56.37,7895.5
2026-05-08 04:00:00+00:00,56.37,56.57,56.35,56.49,5330.0
2026-05-08 05:00:00+00:00,56.49,56.6,56.43,56.44,6576.8
2026-05-08 06:00:00+00:00,56.44,56.44,56.2,56.35,10329.1
2026-05-08 07:00:00+00:00,56.35,56.51,56.17,56.5,5274.1
2026-05-08 08:00:00+00:00,56.5,56.58,56.38,56.51,12319.1
2026-05-08 09:00:00+00:00,56.51,56.68,56.36,56.47,9453.1
2026-05-08 10:00:00+00:00,56.47,56.59,56.4,56.43,11602.6
2026-05-08 11:00:00+00:00,56.43,56.58,56.41,56.55,6558.7
2026-05-08 12:00:00+00:00,56.55,56.79,56.5,56.66,14562.4
2026-05-08 13:00:00+00:00,56.66,56.74,56.41,56.53,12982.7
2026-05-08 14:00:00+00:00,56.53,57.35,56.53,57.18,36215.2
2026-05-08 15:00:00+00:00,57.18,57.86,56.91,57.8,43798.2
2026-05-08 16:00:00+00:00,57.8,57.83,57.38,57.63,20313.5
2026-05-08 17:00:00+00:00,57.63,58.39,57.59,58.22,49642.7
2026-05-08 18:00:00+00:00,58.22,58.97,58.19,58.49,63877.7
2026-05-08 19:00:00+00:00,58.49,58.6,58.26,58.44,28651.1
2026-05-08 20:00:00+00:00,58.44,58.45,57.97,58.03,16017.6
2026-05-08 21:00:00+00:00,58.03,58.47,58.0,58.32,17852.5
2026-05-08 22:00:00+00:00,58.32,58.54,58.31,58.34,6088.3
2026-05-08 23:00:00+00:00,58.34,58.34,58.09,58.29,7419.5
2026-05-09 00:00:00+00:00,58.29,58.66,58.24,58.56,15510.5
2026-05-09 01:00:00+00:00,58.56,59.1,58.55,58.95,21519.1
2026-05-09 02:00:00+00:00,58.95,59.01,58.67,58.79,20341.4
2026-05-09 03:00:00+00:00,58.79,58.88,58.52,58.67,38103.8
2026-05-09 04:00:00+00:00,58.67,58.85,58.59,58.61,13439.4
2026-05-09 05:00:00+00:00,58.61,58.73,58.48,58.64,8848.0
2026-05-09 06:00:00+00:00,58.64,58.77,58.42,58.48,12620.7
2026-05-09 07:00:00+00:00,58.48,58.58,58.39,58.49,7115.8
2026-05-09 08:00:00+00:00,58.49,58.74,58.49,58.66,9219.1
2026-05-09 09:00:00+00:00,58.66,58.67,58.15,58.21,30002.6
2026-05-09 10:00:00+00:00,58.21,58.35,58.14,58.24,8510.3
2026-05-09 11:00:00+00:00,58.24,58.36,58.16,58.2,20045.2
2026-05-09 12:00:00+00:00,58.2,58.31,58.09,58.18,13845.2
2026-05-09 13:00:00+00:00,58.18,58.18,57.88,58.06,21211.1
2026-05-09 14:00:00+00:00,58.06,58.06,57.64,57.75,26101.3
2026-05-09 15:00:00+00:00,57.75,57.82,57.58,57.72,15605.9
2026-05-09 16:00:00+00:00,57.72,57.95,57.65,57.84,21294.8
2026-05-09 17:00:00+00:00,57.84,58.18,57.84,58.02,21190.1
2026-05-09 18:00:00+00:00,58.02,58.19,57.99,58.1,20056.2
2026-05-09 19:00:00+00:00,58.1,58.12,57.98,58.09,8071.3
2026-05-09 20:00:00+00:00,58.09,58.1,57.97,58.07,4971.8
2026-05-09 21:00:00+00:00,58.07,58.19,58.01,58.17,10954.2
2026-05-09 22:00:00+00:00,58.17,58.27,58.1,58.18,6042.6
2026-05-09 23:00:00+00:00,58.18,58.24,57.93,57.96,7715.1
2026-05-10 00:00:00+00:00,57.96,58.12,57.84,57.94,13015.6
2026-05-10 01:00:00+00:00,57.94,57.94,57.64,57.77,9201.1
2026-05-10 02:00:00+00:00,57.77,57.94,57.65,57.91,5954.8
2026-05-10 03:00:00+00:00,57.91,58.02,57.83,57.92,4636.8
2026-05-10 04:00:00+00:00,57.92,58.02,57.82,57.97,4490.1
2026-05-10 05:00:00+00:00,57.97,58.08,57.87,57.98,3458.7
2026-05-10 06:00:00+00:00,57.98,58.1,57.94,58.07,7771.6
2026-05-10 07:00:00+00:00,58.07,58.33,58.06,58.27,7584.4
2026-05-10 08:00:00+00:00,58.27,58.69,58.26,58.51,19772.1
2026-05-10 09:00:00+00:00,58.51,58.6,58.38,58.44,10534.7
2026-05-10 10:00:00+00:00,58.44,58.49,58.14,58.38,42634.9
2026-05-10 11:00:00+00:00,58.38,58.42,58.14,58.37,6679.3
2026-05-10 12:00:00+00:00,58.37,58.46,58.2,58.46,6344.6
2026-05-10 13:00:00+00:00,58.46,58.81,58.4,58.74,13887.4
2026-05-10 14:00:00+00:00,58.74,58.8,58.49,58.63,11155.7
2026-05-10 15:00:00+00:00,58.63,59.04,58.61,59.03,22491.6
2026-05-10 16:00:00+00:00,59.03,59.53,58.98,59.37,69692.6
2026-05-10 17:00:00+00:00,59.37,59.72,59.25,59.64,38328.6
2026-05-10 18:00:00+00:00,59.64,59.93,59.56,59.8,33753.4
2026-05-10 19:00:00+00:00,59.8,59.98,59.54,59.69,36599.0
2026-05-10 20:00:00+00:00,59.69,59.96,57.99,58.36,116765.7
2026-05-10 21:00:00+00:00,58.36,58.86,58.17,58.57,36827.7
2026-05-10 22:00:00+00:00,58.57,59.98,58.48,59.92,57500.3
2026-05-10 23:00:00+00:00,59.92,60.55,59.76,60.37,56610.0
2026-05-11 00:00:00+00:00,60.37,60.54,59.24,59.54,40117.4
2026-05-11 01:00:00+00:00,59.54,59.74,59.37,59.53,16423.7
2026-05-11 02:00:00+00:00,59.53,59.61,58.85,58.94,15150.9
2026-05-11 03:00:00+00:00,58.94,58.97,58.38,58.69,14123.7
2026-05-11 04:00:00+00:00,58.69,58.81,58.44,58.68,16344.4
2026-05-11 05:00:00+00:00,58.68,59.01,58.62,58.89,8775.2
2026-05-11 06:00:00+00:00,58.89,59.03,58.65,58.77,9193.6
2026-05-11 07:00:00+00:00,58.77,58.86,58.63,58.82,15637.4
2026-05-11 08:00:00+00:00,58.82,58.87,58.38,58.61,31250.0
2026-05-11 09:00:00+00:00,58.61,58.73,58.54,58.7,9679.8
2026-05-11 10:00:00+00:00,58.7,58.88,58.48,58.48,16145.3
2026-05-11 11:00:00+00:00,58.48,58.71,58.48,58.7,11014.6
2026-05-11 12:00:00+00:00,58.7,58.73,58.44,58.47,18632.0
2026-05-11 13:00:00+00:00,58.47,58.71,58.25,58.43,37850.4
2026-05-11 14:00:00+00:00,58.43,58.61,57.99,58.42,32921.4
2026-05-11 15:00:00+00:00,58.42,59.0,58.27,58.97,29151.3
2026-05-11 16:00:00+00:00,58.97,59.29,58.81,58.87,33147.7
2026-05-11 17:00:00+00:00,58.87,59.13,58.64,59.06,19462.3
2026-05-11 18:00:00+00:00,59.06,59.13,58.81,58.83,12865.8
2026-05-11 19:00:00+00:00,58.83,59.02,58.7,58.92,15348.6
2026-05-11 20:00:00+00:00,58.92,59.07,58.57,58.77,28573.3
2026-05-11 21:00:00+00:00,58.77,58.91,58.62,58.65,24862.1
2026-05-11 22:00:00+00:00,58.65,58.82,58.59,58.6,6392.5
2026-05-11 23:00:00+00:00,58.6,58.6,58.34,58.48,9376.6
2026-05-12 00:00:00+00:00,58.48,58.62,58.31,58.39,9978.5
2026-05-12 01:00:00+00:00,58.39,58.43,57.64,57.86,40821.6
2026-05-12 02:00:00+00:00,57.86,58.17,57.79,58.17,13795.9
2026-05-12 03:00:00+00:00,58.17,58.22,57.97,58.01,3850.6
2026-05-12 04:00:00+00:00,58.01,58.25,57.97,58.17,8349.8
2026-05-12 05:00:00+00:00,58.17,58.36,58.17,58.24,5511.0
2026-05-12 06:00:00+00:00,58.24,58.36,58.18,58.21,3774.8
2026-05-12 07:00:00+00:00,58.21,58.45,58.03,58.36,14201.5
2026-05-12 08:00:00+00:00,58.36,58.41,58.07,58.1,16337.1
2026-05-12 09:00:00+00:00,58.1,58.29,57.9,58.21,16838.5
2026-05-12 10:00:00+00:00,58.21,58.28,57.78,57.94,15577.8
2026-05-12 11:00:00+00:00,57.94,57.99,57.63,57.83,18202.6
2026-05-12 12:00:00+00:00,57.83,57.88,57.36,57.76,31179.9
2026-05-12 13:00:00+00:00,57.76,57.84,57.22,57.28,26071.9
2026-05-12 14:00:00+00:00,57.28,57.56,57.02,57.18,43361.6
2026-05-12 15:00:00+00:00,57.18,57.4,57.04,57.25,23088.3
2026-05-12 16:00:00+00:00,57.25,57.36,57.07,57.15,16954.4
2026-05-12 17:00:00+00:00,57.15,57.62,57.15,57.51,17310.4
2026-05-12 18:00:00+00:00,57.51,57.63,57.48,57.52,8779.2
2026-05-12 19:00:00+00:00,57.52,57.79,57.52,57.74,10280.9
2026-05-12 20:00:00+00:00,57.74,57.86,57.72,57.83,7873.8
2026-05-12 21:00:00+00:00,57.83,58.35,57.83,58.17,42631.2
2026-05-12 22:00:00+00:00,58.17,58.25,57.83,57.9,11108.3
2026-05-12 23:00:00+00:00,57.9,58.08,57.79,58.08,8010.3
2026-05-13 00:00:00+00:00,58.08,58.13,57.61,57.9,36039.3
2026-05-13 01:00:00+00:00,57.9,58.35,57.9,58.19,18962.7
2026-05-13 02:00:00+00:00,58.19,58.38,58.12,58.26,16827.1
2026-05-13 03:00:00+00:00,58.26,58.54,58.22,58.49,10288.5
2026-05-13 04:00:00+00:00,58.49,58.57,58.35,58.4,9332.5
2026-05-13 05:00:00+00:00,58.4,58.43,58.04,58.12,17560.6
2026-05-13 06:00:00+00:00,58.12,58.35,58.06,58.2,19789.7
2026-05-13 07:00:00+00:00,58.2,58.45,58.19,58.45,5686.9
2026-05-13 08:00:00+00:00,58.45,58.69,58.4,58.66,8956.9
2026-05-13 09:00:00+00:00,58.66,58.92,58.65,58.91,10741.7
2026-05-13 10:00:00+00:00,58.91,58.95,58.47,58.58,27926.9
2026-05-13 11:00:00+00:00,58.58,58.63,58.04,58.12,29557.2
2026-05-13 12:00:00+00:00,58.12,58.22,57.41,57.74,61142.0
2026-05-13 13:00:00+00:00,57.74,57.9,57.13,57.19,43132.8
2026-05-13 14:00:00+00:00,57.19,57.39,56.9,57.26,69145.3
2026-05-13 15:00:00+00:00,57.26,57.42,56.22,56.29,77307.7
2026-05-13 16:00:00+00:00,56.29,56.91,56.29,56.83,22323.0
2026-05-13 17:00:00+00:00,56.83,57.02,56.83,56.88,13655.4
2026-05-13 18:00:00+00:00,56.88,57.12,56.87,56.97,10740.2
2026-05-13 19:00:00+00:00,56.97,57.01,56.68,56.74,16688.9
2026-05-13 20:00:00+00:00,56.74,56.98,56.74,56.85,7911.6
2026-05-13 21:00:00+00:00,56.85,56.85,56.56,56.59,14869.6
2026-05-13 22:00:00+00:00,56.59,57.0,56.51,56.96,6108.9
2026-05-13 23:00:00+00:00,56.96,57.05,56.85,56.95,5086.4
2026-05-14 00:00:00+00:00,56.95,57.2,56.95,57.11,9216.9
2026-05-14 01:00:00+00:00,57.11,57.19,57.04,57.11,6362.9
2026-05-14 02:00:00+00:00,57.11,57.21,56.91,56.93,4917.1
2026-05-14 03:00:00+00:00,56.93,57.03,56.61,56.68,19226.6
2026-05-14 04:00:00+00:00,56.68,56.96,56.61,56.92,10009.9
2026-05-14 05:00:00+00:00,56.92,57.33,56.91,57.25,10917.0
2026-05-14 06:00:00+00:00,57.25,57.29,57.08,57.18,4969.6
2026-05-14 07:00:00+00:00,57.18,57.21,56.99,57.07,10291.6
2026-05-14 08:00:00+00:00,57.07,57.2,56.95,57.08,4453.2
2026-05-14 09:00:00+00:00,57.08,57.12,56.82,56.94,12000.9
2026-05-14 10:00:00+00:00,56.94,57.12,56.87,57.08,6488.7
2026-05-14 11:00:00+00:00,57.08,57.1,56.86,56.91,7280.9
2026-05-14 12:00:00+00:00,56.91,57.32,56.88,57.27,11396.1
2026-05-14 13:00:00+00:00,57.27,57.58,57.23,57.45,32894.2
2026-05-14 14:00:00+00:00,57.45,58.23,57.29,58.17,40891.4
2026-05-14 15:00:00+00:00,58.17,58.25,57.8,58.08,19679.0
2026-05-14 16:00:00+00:00,58.08,58.33,57.78,58.3,23014.7
2026-05-14 17:00:00+00:00,58.3,58.48,58.07,58.41,27289.3
2026-05-14 18:00:00+00:00,58.41,59.23,58.28,59.17,93400.0
2026-05-14 19:00:00+00:00,59.17,59.54,58.81,58.9,45092.8
2026-05-14 20:00:00+00:00,58.9,58.95,58.33,58.58,24904.8
2026-05-14 21:00:00+00:00,58.58,58.67,58.36,58.56,16916.7
2026-05-14 22:00:00+00:00,58.56,58.89,58.51,58.54,21187.4
2026-05-14 23:00:00+00:00,58.54,58.54,58.11,58.19,36732.9
2026-05-15 00:00:00+00:00,58.19,58.48,58.14,58.28,24752.1
2026-05-15 01:00:00+00:00,58.28,58.38,57.93,57.96,13001.8
2026-05-15 02:00:00+00:00,57.96,58.34,57.82,58.26,30077.7
2026-05-15 03:00:00+00:00,58.26,58.27,57.92,58.07,10192.4
2026-05-15 04:00:00+00:00,58.07,58.07,57.67,57.68,7497.2
2026-05-15 05:00:00+00:00,57.68,57.88,57.28,57.32,27386.8
2026-05-15 06:00:00+00:00,57.32,57.94,57.28,57.93,12956.2
2026-05-15 07:00:00+00:00,57.93,58.38,57.84,58.23,22238.3
2026-05-15 08:00:00+00:00,58.23,58.48,58.1,58.42,14277.6
2026-05-15 09:00:00+00:00,58.42,58.45,57.99,58.11,16354.0
2026-05-15 10:00:00+00:00,58.11,58.33,57.85,58.28,10691.9
2026-05-15 11:00:00+00:00,58.28,58.28,57.96,58.06,10278.7
2026-05-15 12:00:00+00:00,58.06,58.14,57.68,57.85,12754.2
2026-05-15 13:00:00+00:00,57.85,57.85,56.38,56.49,81280.4
2026-05-15 14:00:00+00:00,56.49,56.95,56.34,56.82,44826.3
2026-05-15 15:00:00+00:00,56.82,56.98,56.65,56.89,15086.6
2026-05-15 16:00:00+00:00,56.89,57.42,56.78,57.35,29825.2
2026-05-15 17:00:00+00:00,57.35,57.47,57.21,57.37,23457.2
2026-05-15 18:00:00+00:00,57.37,57.46,57.27,57.34,5663.2
2026-05-15 19:00:00+00:00,57.34,57.34,57.11,57.22,6509.9
2026-05-15 20:00:00+00:00,57.22,57.32,57.11,57.25,6267.3
2026-05-15 21:00:00+00:00,57.25,57.45,57.13,57.15,7968.3
2026-05-15 22:00:00+00:00,57.15,57.48,57.15,57.44,7155.9
2026-05-15 23:00:00+00:00,57.44,57.53,57.35,57.46,4936.3
2026-05-16 00:00:00+00:00,57.46,57.62,57.17,57.59,32111.8
2026-05-16 01:00:00+00:00,57.59,57.68,57.24,57.3,35108.1
2026-05-16 02:00:00+00:00,57.3,57.33,57.07,57.14,11204.0
2026-05-16 03:00:00+00:00,57.14,57.27,57.07,57.11,3402.0
2026-05-16 04:00:00+00:00,57.11,57.13,56.67,56.83,19000.9
2026-05-16 05:00:00+00:00,56.83,56.92,56.74,56.79,8011.3
2026-05-16 06:00:00+00:00,56.79,56.83,56.03,56.24,30272.4
2026-05-16 07:00:00+00:00,56.24,56.31,55.65,56.07,47703.4
2026-05-16 08:00:00+00:00,56.07,56.26,56.06,56.11,11841.8
2026-05-16 09:00:00+00:00,56.11,56.13,55.61,55.68,33422.3
2026-05-16 10:00:00+00:00,55.68,55.92,55.52,55.78,27769.8
2026-05-16 11:00:00+00:00,55.78,55.96,55.78,55.89,9409.8
2026-05-16 12:00:00+00:00,55.89,56.04,55.87,55.99,4972.2
2026-05-16 13:00:00+00:00,55.99,56.1,55.92,56.0,11941.4
2026-05-16 14:00:00+00:00,56.0,56.23,55.84,56.16,10601.1
2026-05-16 15:00:00+00:00,56.16,56.28,56.11,56.2,5406.4
2026-05-16 16:00:00+00:00,56.2,56.35,56.1,56.14,10272.0
2026-05-16 17:00:00+00:00,56.14,56.3,56.13,56.22,7047.4
2026-05-16 18:00:00+00:00,56.22,56.25,56.14,56.17,5358.1
2026-05-16 19:00:00+00:00,56.17,56.17,56.09,56.11,3227.6
2026-05-16 20:00:00+00:00,56.11,56.23,56.11,56.15,3569.0
2026-05-16 21:00:00+00:00,56.15,56.22,56.08,56.13,13978.0
2026-05-16 22:00:00+00:00,56.13,56.14,55.99,56.03,12352.8
2026-05-16 23:00:00+00:00,56.03,56.23,55.97,56.11,7692.1
2026-05-17 00:00:00+00:00,56.11,56.22,55.93,56.0,15267.4
2026-05-17 01:00:00+00:00,56.0,56.03,55.72,55.78,13221.0
2026-05-17 02:00:00+00:00,55.78,55.95,55.77,55.9,6121.7
2026-05-17 03:00:00+00:00,55.9,56.24,55.9,56.16,23891.5
2026-05-17 04:00:00+00:00,56.16,56.31,56.14,56.24,5015.6
2026-05-17 05:00:00+00:00,56.24,56.4,56.19,56.2,9044.0
2026-05-17 06:00:00+00:00,56.2,56.24,56.12,56.17,2749.0
2026-05-17 07:00:00+00:00,56.17,56.37,56.1,56.3,11981.7
2026-05-17 08:00:00+00:00,56.3,56.34,56.19,56.2,3477.9
2026-05-17 09:00:00+00:00,56.2,56.3,56.15,56.28,6039.1
2026-05-17 10:00:00+00:00,56.28,56.48,56.27,56.39,14721.6
2026-05-17 11:00:00+00:00,56.39,56.4,56.21,56.33,7501.3
2026-05-17 12:00:00+00:00,56.33,56.44,56.25,56.26,9695.9
2026-05-17 13:00:00+00:00,56.26,56.27,55.95,56.07,10047.1
2026-05-17 14:00:00+00:00,56.07,56.07,55.72,55.86,14990.2
2026-05-17 15:00:00+00:00,55.86,55.97,55.74,55.95,8210.4
2026-05-17 16:00:00+00:00,55.95,56.02,55.8,55.83,16925.6
2026-05-17 17:00:00+00:00,55.83,55.87,55.62,55.84,12377.5
2026-05-17 18:00:00+00:00,55.84,55.93,55.69,55.9,6807.1
2026-05-17 19:00:00+00:00,55.9,56.05,55.9,56.03,5680.0
2026-05-17 20:00:00+00:00,56.03,56.09,55.97,56.02,5924.7
2026-05-17 21:00:00+00:00,56.02,56.21,55.96,56.15,12122.2
2026-05-17 22:00:00+00:00,56.15,56.15,55.7,55.82,8588.1
2026-05-17 23:00:00+00:00,55.82,55.83,53.73,54.55,245460.1
2026-05-18 00:00:00+00:00,54.55,54.55,54.13,54.29,30114.2
2026-05-18 01:00:00+00:00,54.29,54.35,53.8,54.02,34503.5
2026-05-18 02:00:00+00:00,54.02,54.27,54.01,54.19,34722.4
2026-05-18 03:00:00+00:00,54.19,54.36,54.05,54.15,11732.1
2026-05-18 04:00:00+00:00,54.15,54.32,53.99,54.25,15759.7
2026-05-18 05:00:00+00:00,54.25,54.29,53.97,54.02,10222.9
2026-05-18 06:00:00+00:00,54.02,54.09,53.45,53.8,58952.4
2026-05-18 07:00:00+00:00,53.8,53.88,53.52,53.68,15403.4
2026-05-18 08:00:00+00:00,53.68,53.82,53.63,53.74,8073.5
2026-05-18 09:00:00+00:00,53.74,53.75,53.54,53.56,7253.8
2026-05-18 10:00:00+00:00,53.56,53.58,53.32,53.46,15056.6
2026-05-18 11:00:00+00:00,53.46,54.01,53.42,53.8,17756.9
2026-05-18 12:00:00+00:00,53.8,54.11,53.79,54.01,24622.0
2026-05-18 13:00:00+00:00,54.01,54.02,53.47,53.79,24051.5
2026-05-18 14:00:00+00:00,53.79,53.82,53.35,53.53,36013.1
2026-05-18 15:00:00+00:00,53.53,53.6,53.1,53.49,37698.2
2026-05-18 16:00:00+00:00,53.49,53.67,53.37,53.59,13891.8
2026-05-18 17:00:00+00:00,53.59,53.81,53.54,53.74,11279.2
2026-05-18 18:00:00+00:00,53.74,53.78,53.4,53.57,10794.6
2026-05-18 19:00:00+00:00,53.57,54.28,53.56,54.18,26423.0
2026-05-18 20:00:00+00:00,54.18,54.42,54.05,54.15,28791.3
2026-05-18 21:00:00+00:00,54.15,54.45,54.03,54.4,12075.6
2026-05-18 22:00:00+00:00,54.4,54.53,54.3,54.47,12469.9
2026-05-18 23:00:00+00:00,54.47,54.53,54.26,54.34,5517.8
2026-05-19 00:00:00+00:00,54.34,54.57,54.31,54.34,8431.1
2026-05-19 01:00:00+00:00,54.34,54.34,54.15,54.21,7142.4
2026-05-19 02:00:00+00:00,54.21,54.41,54.07,54.14,19965.4
2026-05-19 03:00:00+00:00,54.14,54.41,54.11,54.28,5512.5
2026-05-19 04:00:00+00:00,54.28,54.48,54.22,54.38,9204.0
2026-05-19 05:00:00+00:00,54.38,54.4,54.11,54.31,8141.4
2026-05-19 06:00:00+00:00,54.31,54.48,54.3,54.43,8668.7
2026-05-19 07:00:00+00:00,54.43,54.49,54.36,54.44,14602.6
2026-05-19 08:00:00+00:00,54.44,54.45,54.19,54.2,8146.4
2026-05-19 09:00:00+00:00,54.2,54.26,53.97,54.15,13268.1
2026-05-19 10:00:00+00:00,54.15,54.31,53.9,54.23,41929.7
2026-05-19 11:00:00+00:00,54.23,54.25,53.81,53.91,45588.7
2026-05-19 12:00:00+00:00,53.91,54.21,53.82,54.15,51546.0
2026-05-19 13:00:00+00:00,54.15,54.33,53.98,54.17,18889.7
2026-05-19 14:00:00+00:00,54.17,54.24,53.43,53.68,70600.8
2026-05-19 15:00:00+00:00,53.68,53.85,53.65,53.79,30709.1
2026-05-19 16:00:00+00:00,53.79,54.26,53.74,54.13,60470.4
2026-05-19 17:00:00+00:00,54.13,54.18,54.0,54.12,7801.0
2026-05-19 18:00:00+00:00,54.12,54.2,53.87,54.01,24022.1
2026-05-19 19:00:00+00:00,54.01,54.23,53.98,54.04,8219.4
2026-05-19 20:00:00+00:00,54.04,54.22,53.98,54.15,5628.2
2026-05-19 21:00:00+00:00,54.15,54.33,54.11,54.21,17752.7
2026-05-19 22:00:00+00:00,54.21,54.28,54.06,54.24,5648.7
2026-05-19 23:00:00+00:00,54.24,54.5,54.18,54.48,7822.4
2026-05-20 00:00:00+00:00,54.48,54.54,53.63,53.73,106077.1
2026-05-20 01:00:00+00:00,53.73,54.12,53.14,53.6,134391.8
2026-05-20 02:00:00+00:00,53.6,53.72,53.53,53.62,11135.8
2026-05-20 03:00:00+00:00,53.62,53.91,53.58,53.77,7757.9
2026-05-20 04:00:00+00:00,53.77,53.85,53.64,53.84,7975.0
2026-05-20 05:00:00+00:00,53.84,54.21,53.84,54.12,19919.1
2026-05-20 06:00:00+00:00,54.12,54.26,54.1,54.22,3729.3
2026-05-20 07:00:00+00:00,54.22,54.25,54.06,54.11,8697.9
2026-05-20 08:00:00+00:00,54.11,54.27,54.06,54.15,10640.4
2026-05-20 09:00:00+00:00,54.15,54.19,54.0,54.06,5255.5
2026-05-20 10:00:00+00:00,54.06,54.17,53.96,54.02,4271.3
2026-05-20 11:00:00+00:00,54.02,54.06,53.73,53.81,7952.6
2026-05-20 12:00:00+00:00,53.81,54.39,53.79,54.23,69595.0
2026-05-20 13:00:00+00:00,54.23,54.24,53.52,53.8,64931.2
2026-05-20 14:00:00+00:00,53.8,54.32,53.65,54.24,83409.1
2026-05-20 15:00:00+00:00,54.24,54.46,54.08,54.25,28363.3
2026-05-20 16:00:00+00:00,54.25,54.33,53.96,54.22,15328.7
2026-05-20 17:00:00+00:00,54.22,54.43,54.15,54.31,13916.6
2026-05-20 18:00:00+00:00,54.31,54.31,54.1,54.17,13579.9
2026-05-20 19:00:00+00:00,54.17,54.29,54.1,54.19,6005.6
2026-05-20 20:00:00+00:00,54.19,54.25,53.96,54.12,13965.6
2026-05-20 21:00:00+00:00,54.12,54.3,53.99,54.01,16698.7
2026-05-20 22:00:00+00:00,54.01,54.03,53.79,54.0,10619.0
2026-05-20 23:00:00+00:00,54.0,54.0,53.84,53.93,4814.7
2026-05-21 00:00:00+00:00,53.93,54.18,53.84,54.12,10053.4
2026-05-21 01:00:00+00:00,54.12,54.33,54.09,54.24,10013.8
2026-05-21 02:00:00+00:00,54.24,54.46,54.17,54.31,14890.3
2026-05-21 03:00:00+00:00,54.31,54.47,54.26,54.44,5233.7
2026-05-21 04:00:00+00:00,54.44,54.49,54.32,54.41,5535.6
2026-05-21 05:00:00+00:00,54.41,54.48,54.22,54.34,11936.9
2026-05-21 06:00:00+00:00,54.34,54.47,54.2,54.24,10376.5
2026-05-21 07:00:00+00:00,54.24,54.51,54.19,54.44,9684.9
2026-05-21 08:00:00+00:00,54.44,54.66,54.31,54.34,18784.5
2026-05-21 09:00:00+00:00,54.34,54.35,53.97,53.99,14743.9
2026-05-21 10:00:00+00:00,53.99,54.08,53.32,53.36,70007.3
2026-05-21 11:00:00+00:00,53.36,53.57,53.26,53.48,32412.1
2026-05-21 12:00:00+00:00,53.48,53.81,53.46,53.67,16944.3
2026-05-21 13:00:00+00:00,53.67,53.94,53.51,53.82,29245.0
2026-05-21 14:00:00+00:00,53.82,54.04,53.52,53.8,122066.2
2026-05-21 15:00:00+00:00,53.8,54.01,53.73,53.93,9166.1
2026-05-21 16:00:00+00:00,53.93,54.0,53.58,53.76,21791.2
2026-05-21 17:00:00+00:00,53.76,54.4,53.76,54.22,42960.4
2026-05-21 18:00:00+00:00,54.22,54.42,53.97,54.09,27406.3
2026-05-21 19:00:00+00:00,54.09,54.25,53.93,54.2,14962.5
2026-05-21 20:00:00+00:00,54.2,54.29,54.11,54.2,5337.1
2026-05-21 21:00:00+00:00,54.2,54.39,54.18,54.22,16894.2
2026-05-21 22:00:00+00:00,54.22,54.3,54.08,54.15,5058.1
2026-05-21 23:00:00+00:00,54.15,54.24,54.04,54.14,6373.7
2026-05-22 00:00:00+00:00,54.14,54.32,54.11,54.2,19004.1
2026-05-22 01:00:00+00:00,54.2,54.28,54.09,54.27,6317.0
2026-05-22 02:00:00+00:00,54.27,54.43,54.24,54.33,5001.2
2026-05-22 03:00:00+00:00,54.33,54.37,54.18,54.3,3785.7
2026-05-22 04:00:00+00:00,54.3,54.45,54.21,54.26,6411.1
2026-05-22 05:00:00+00:00,54.26,54.51,54.22,54.28,12336.0
2026-05-22 06:00:00+00:00,54.28,54.29,54.09,54.1,9429.4
2026-05-22 07:00:00+00:00,54.1,54.45,53.99,54.34,10901.2
2026-05-22 08:00:00+00:00,54.34,54.56,54.17,54.25,22662.9
2026-05-22 09:00:00+00:00,54.25,54.26,54.02,54.1,15162.8
2026-05-22 10:00:00+00:00,54.1,54.15,53.94,54.05,17378.0
2026-05-22 11:00:00+00:00,54.05,54.23,53.93,54.21,8488.8
2026-05-22 12:00:00+00:00,54.21,54.35,54.07,54.2,18765.4
2026-05-22 13:00:00+00:00,54.2,54.34,54.07,54.29,34027.3
2026-05-22 14:00:00+00:00,54.29,54.29,53.73,53.75,31447.6
2026-05-22 15:00:00+00:00,53.75,54.04,53.61,53.98,24608.5
2026-05-22 16:00:00+00:00,53.98,54.2,53.92,54.19,9466.4
2026-05-22 17:00:00+00:00,54.19,54.39,54.08,54.16,18314.2
2026-05-22 18:00:00+00:00,54.16,54.18,53.21,53.63,64458.1
2026-05-22 19:00:00+00:00,53.63,53.71,52.73,53.21,141553.0
2026-05-22 20:00:00+00:00,53.21,53.39,53.01,53.22,28454.5
2026-05-22 21:00:00+00:00,53.22,53.45,53.19,53.37,20853.5
2026-05-22 22:00:00+00:00,53.37,53.44,53.17,53.33,12313.2
2026-05-22 23:00:00+00:00,53.33,53.43,52.23,52.61,76457.4
2026-05-23 00:00:00+00:00,52.61,52.72,52.38,52.64,55092.4
2026-05-23 01:00:00+00:00,52.64,52.85,52.6,52.83,12305.4
2026-05-23 02:00:00+00:00,52.83,52.95,52.77,52.89,9420.5
2026-05-23 03:00:00+00:00,52.89,53.11,52.89,52.92,10928.7
2026-05-23 04:00:00+00:00,52.92,52.96,52.73,52.75,7408.3
2026-05-23 05:00:00+00:00,52.75,52.77,52.57,52.71,5218.3
2026-05-23 06:00:00+00:00,52.71,52.83,52.61,52.67,9304.2
2026-05-23 07:00:00+00:00,52.67,52.71,51.42,51.88,103468.8
2026-05-23 08:00:00+00:00,51.88,52.05,51.72,52.03,28986.6
2026-05-23 09:00:00+00:00,52.03,52.13,51.88,51.95,8422.3
2026-05-23 10:00:00+00:00,51.95,52.14,51.93,52.08,7200.8
2026-05-23 11:00:00+00:00,52.08,52.17,51.93,51.93,7397.9
2026-05-23 12:00:00+00:00,51.93,52.12,51.84,52.11,21693.9
2026-05-23 13:00:00+00:00,52.11,52.55,52.11,52.49,12317.1
2026-05-23 14:00:00+00:00,52.49,52.76,52.39,52.72,9372.3
2026-05-23 15:00:00+00:00,52.72,52.88,52.63,52.84,14670.2
2026-05-23 16:00:00+00:00,52.84,52.93,52.72,52.77,15403.0
2026-05-23 17:00:00+00:00,52.77,52.92,52.74,52.86,11286.3
2026-05-23 18:00:00+00:00,52.86,53.39,52.85,53.23,29251.8
2026-05-23 19:00:00+00:00,53.23,53.36,53.14,53.3,9998.9
2026-05-23 20:00:00+00:00,53.3,54.13,53.18,54.13,54449.6
2026-05-23 21:00:00+00:00,54.13,54.22,53.57,53.7,22832.4
2026-05-23 22:00:00+00:00,53.7,53.81,53.23,53.44,30667.3
2026-05-23 23:00:00+00:00,53.44,53.57,53.37,53.44,8717.2
2026-05-24 00:00:00+00:00,53.44,53.5,53.31,53.48,21051.0
2026-05-24 01:00:00+00:00,53.48,53.52,53.38,53.46,4566.6
2026-05-24 02:00:00+00:00,53.46,53.47,53.24,53.38,9146.8
2026-05-24 03:00:00+00:00,53.38,53.44,53.27,53.33,3949.4
2026-05-24 04:00:00+00:00,53.33,53.45,53.33,53.37,10008.3
2026-05-24 05:00:00+00:00,53.37,53.4,53.18,53.35,9006.0
2026-05-24 06:00:00+00:00,53.35,53.56,53.33,53.5,5339.1
2026-05-24 07:00:00+00:00,53.5,53.52,53.3,53.36,5644.4
2026-05-24 08:00:00+00:00,53.36,53.47,53.29,53.44,5236.2
2026-05-24 09:00:00+00:00,53.44,53.54,53.41,53.47,10660.4
2026-05-24 10:00:00+00:00,53.47,53.63,53.36,53.45,6155.4
2026-05-24 11:00:00+00:00,53.45,53.62,53.45,53.58,8643.1
2026-05-24 12:00:00+00:00,53.58,53.6,53.25,53.43,35562.6
2026-05-24 13:00:00+00:00,53.43,53.49,53.05,53.15,12885.4
2026-05-24 14:00:00+00:00,53.15,53.19,52.52,52.87,36139.2
2026-05-24 15:00:00+00:00,52.87,52.87,52.72,52.76,11096.1
2026-05-24 16:00:00+00:00,52.76,52.91,52.66,52.81,8291.0
2026-05-24 17:00:00+00:00,52.81,52.89,52.77,52.87,2472.7
2026-05-24 18:00:00+00:00,52.87,52.89,52.73,52.8,19939.1
2026-05-24 19:00:00+00:00,52.8,52.85,52.67,52.79,4777.4
2026-05-24 20:00:00+00:00,52.79,52.81,52.56,52.6,5492.5
2026-05-24 21:00:00+00:00,52.6,52.68,51.95,52.1,30309.9
2026-05-24 22:00:00+00:00,52.1,52.73,52.09,52.56,22947.4
2026-05-24 23:00:00+00:00,52.56,52.86,52.56,52.73,11260.2
2026-05-25 00:00:00+00:00,52.73,52.96,52.72,52.81,5927.4
2026-05-25 01:00:00+00:00,52.81,52.83,52.5,52.52,12620.7
2026-05-25 02:00:00+00:00,52.52,52.87,52.52,52.59,4446.4
2026-05-25 03:00:00+00:00,52.59,52.65,52.46,52.55,7788.2
2026-05-25 04:00:00+00:00,52.55,52.76,52.48,52.74,12336.0
2026-05-25 05:00:00+00:00,52.74,52.95,52.69,52.88,14488.1
2026-05-25 06:00:00+00:00,52.88,52.98,52.74,52.88,8246.5
2026-05-25 07:00:00+00:00,52.88,52.98,52.78,52.94,13195.8
2026-05-25 08:00:00+00:00,52.94,53.04,52.88,52.99,6133.5
2026-05-25 09:00:00+00:00,52.99,53.11,52.92,52.94,3914.2
2026-05-25 10:00:00+00:00,52.94,52.96,52.8,52.83,4582.2
2026-05-25 11:00:00+00:00,52.83,52.86,52.64,52.67,11666.4
2026-05-25 12:00:00+00:00,52.67,52.79,52.55,52.74,40779.5
2026-05-25 13:00:00+00:00,52.74,52.86,52.69,52.77,15048.3
2026-05-25 14:00:00+00:00,52.77,52.88,52.75,52.85,8733.9
2026-05-25 15:00:00+00:00,52.85,52.94,52.58,52.7,13253.7
2026-05-25 16:00:00+00:00,52.7,53.14,52.7,53.07,20430.3
2026-05-25 17:00:00+00:00,53.07,53.1,52.85,52.93,7982.4
2026-05-25 18:00:00+00:00,52.93,53.02,52.91,52.92,2806.2
2026-05-25 19:00:00+00:00,52.92,52.98,52.76,52.84,6667.1
2026-05-25 20:00:00+00:00,52.84,52.94,52.62,52.73,18594.2
2026-05-25 21:00:00+00:00,52.73,52.91,52.7,52.75,19556.6
2026-05-25 22:00:00+00:00,52.75,52.79,52.42,52.48,9236.5
2026-05-25 23:00:00+00:00,52.48,52.71,52.42,52.68,6924.4
2026-05-26 00:00:00+00:00,52.68,52.7,52.26,52.47,23771.6
2026-05-26 01:00:00+00:00,52.47,52.49,52.07,52.23,16085.3
2026-05-26 02:00:00+00:00,52.23,52.27,52.12,52.2,4997.5
2026-05-26 03:00:00+00:00,52.2,52.28,52.08,52.28,4773.8
2026-05-26 04:00:00+00:00,52.28,52.5,52.2,52.42,6394.4
2026-05-26 05:00:00+00:00,52.42,52.65,52.34,52.57,6220.5
2026-05-26 06:00:00+00:00,52.57,52.59,52.39,52.52,4800.8
2026-05-26 07:00:00+00:00,52.52,52.53,52.27,52.32,8196.0
2026-05-26 08:00:00+00:00,52.32,52.39,52.27,52.33,4904.4
2026-05-26 09:00:00+00:00,52.33,52.42,52.23,52.29,8015.4
2026-05-26 10:00:00+00:00,52.29,52.95,52.23,52.82,13434.4
2026-05-26 11:00:00+00:00,52.82,52.9,52.75,52.77,11172.4
2026-05-26 12:00:00+00:00,52.77,52.84,52.62,52.82,21100.8
2026-05-26 13:00:00+00:00,52.82,52.85,52.46,52.73,14812.7
2026-05-26 14:00:00+00:00,52.73,53.08,52.51,52.64,16857.5
2026-05-26 15:00:00+00:00,52.64,52.69,52.11,52.36,22010.6
2026-05-26 16:00:00+00:00,52.36,52.36,51.99,52.14,13470.9
2026-05-26 17:00:00+00:00,52.14,52.22,51.58,51.76,43180.1
2026-05-26 18:00:00+00:00,51.76,52.07,51.72,51.79,12721.5
2026-05-26 19:00:00+00:00,51.79,51.94,51.61,51.9,39379.8
2026-05-26 20:00:00+00:00,51.9,51.97,51.84,51.97,8244.3
2026-05-26 21:00:00+00:00,51.97,52.13,51.78,51.94,16919.9
2026-05-26 22:00:00+00:00,51.94,52.04,51.84,51.95,4608.4
2026-05-26 23:00:00+00:00,51.95,52.07,51.86,51.89,12724.3
2026-05-27 00:00:00+00:00,51.89,52.18,51.89,52.17,17651.2
2026-05-27 01:00:00+00:00,52.17,52.18,51.98,52.02,5049.8
2026-05-27 02:00:00+00:00,52.02,52.13,51.91,52.13,2853.8
2026-05-27 03:00:00+00:00,52.13,52.17,51.95,52.0,4478.4
2026-05-27 04:00:00+00:00,52.0,52.13,51.69,52.12,21247.4
2026-05-27 05:00:00+00:00,52.12,52.27,52.11,52.23,9358.9
2026-05-27 06:00:00+00:00,52.23,52.32,52.14,52.26,26605.8
2026-05-27 07:00:00+00:00,52.26,52.37,52.24,52.37,6693.7
2026-05-27 08:00:00+00:00,52.37,52.51,52.2,52.23,9906.6
2026-05-27 09:00:00+00:00,52.23,52.35,52.11,52.23,6510.5
2026-05-27 10:00:00+00:00,52.23,52.4,52.2,52.28,5479.1
2026-05-27 11:00:00+00:00,52.28,52.39,52.17,52.17,4659.8
2026-05-27 12:00:00+00:00,52.17,52.57,52.12,52.35,22000.2
2026-05-27 13:00:00+00:00,52.35,52.43,51.88,52.23,32893.6
2026-05-27 14:00:00+00:00,52.23,52.4,52.09,52.35,11159.8
2026-05-27 15:00:00+00:00,52.35,52.88,52.33,52.64,76225.2
2026-05-27 16:00:00+00:00,52.64,52.71,52.28,52.43,12144.5
2026-05-27 17:00:00+00:00,52.43,52.45,51.97,52.11,18712.9
2026-05-27 18:00:00+00:00,52.11,52.35,51.97,52.33,13937.0
2026-05-27 19:00:00+00:00,52.33,52.54,52.32,52.43,8996.2
2026-05-27 20:00:00+00:00,52.43,52.52,52.33,52.5,10305.5
2026-05-27 21:00:00+00:00,52.5,52.52,51.61,51.87,29465.2
2026-05-27 22:00:00+00:00,51.87,52.08,51.79,51.84,23757.9
2026-05-27 23:00:00+00:00,51.84,52.01,51.77,51.94,7830.8
2026-05-28 00:00:00+00:00,51.94,52.09,51.92,51.99,10337.3
2026-05-28 01:00:00+00:00,51.99,52.02,51.61,51.77,11011.1
2026-05-28 02:00:00+00:00,51.77,51.91,51.66,51.82,5214.4
2026-05-28 03:00:00+00:00,51.82,51.82,50.86,50.98,80160.2
2026-05-28 04:00:00+00:00,50.98,50.98,50.48,50.78,58682.7
2026-05-28 05:00:00+00:00,50.78,50.78,50.28,50.41,54818.5
2026-05-28 06:00:00+00:00,50.41,50.61,50.35,50.58,24704.6
2026-05-28 07:00:00+00:00,50.58,50.86,50.57,50.81,16305.9
2026-05-28 08:00:00+00:00,50.81,50.84,50.6,50.68,9435.2
2026-05-28 09:00:00+00:00,50.68,50.92,50.67,50.88,9469.5
2026-05-28 10:00:00+00:00,50.88,50.98,50.73,50.73,15369.6
2026-05-28 11:00:00+00:00,50.73,50.81,50.63,50.7,7918.5
2026-05-28 12:00:00+00:00,50.7,50.93,50.53,50.91,22020.8
2026-05-28 13:00:00+00:00,50.91,51.07,50.75,50.97,20454.8
2026-05-28 14:00:00+00:00,50.97,51.28,50.55,51.09,32764.0
2026-05-28 15:00:00+00:00,51.09,51.4,50.82,51.39,22086.6
2026-05-28 16:00:00+00:00,51.39,51.98,51.23,51.88,23690.8
2026-05-28 17:00:00+00:00,51.88,52.11,51.7,52.02,13207.2
2026-05-28 18:00:00+00:00,52.02,52.11,51.74,51.95,32290.3
2026-05-28 19:00:00+00:00,51.95,51.95,51.72,51.73,10426.5
2026-05-28 20:00:00+00:00,51.73,51.95,51.61,51.89,12505.4
2026-05-28 21:00:00+00:00,51.89,52.08,51.83,51.83,14895.0
2026-05-28 22:00:00+00:00,51.83,51.89,51.67,51.67,7543.7
2026-05-28 23:00:00+00:00,51.67,51.81,51.61,51.64,4106.7
2026-05-29 00:00:00+00:00,51.64,51.74,51.64,51.69,8592.0
2026-05-29 01:00:00+00:00,51.69,51.79,51.61,51.72,7443.0
2026-05-29 02:00:00+00:00,51.72,51.76,51.55,51.57,6032.2
2026-05-29 03:00:00+00:00,51.57,51.83,51.57,51.66,5974.0
2026-05-29 04:00:00+00:00,51.66,51.71,51.33,51.63,10428.3
2026-05-29 05:00:00+00:00,51.63,51.71,51.57,51.71,5387.3
2026-05-29 06:00:00+00:00,51.71,51.99,51.71,51.83,10986.8
2026-05-29 07:00:00+00:00,51.83,51.88,51.53,51.69,14820.1
2026-05-29 08:00:00+00:00,51.69,51.83,51.67,51.71,11509.7
2026-05-29 09:00:00+00:00,51.71,51.88,51.7,51.79,6200.3
2026-05-29 10:00:00+00:00,51.79,51.84,51.67,51.78,8103.1
2026-05-29 11:00:00+00:00,51.78,51.83,51.53,51.63,6655.6
2026-05-29 12:00:00+00:00,51.63,51.69,51.45,51.58,8062.8
2026-05-29 13:00:00+00:00,51.58,51.77,51.43,51.72,8695.0
2026-05-29 14:00:00+00:00,51.72,51.84,51.12,51.55,35149.0
2026-05-29 15:00:00+00:00,51.55,52.34,51.52,52.19,74494.7
2026-05-29 16:00:00+00:00,52.19,52.33,51.84,52.13,53456.9
2026-05-29 17:00:00+00:00,52.13,52.3,52.04,52.08,12371.5
2026-05-29 18:00:00+00:00,52.08,52.13,51.66,51.81,23476.9
2026-05-29 19:00:00+00:00,51.81,51.89,51.48,51.88,15341.6
2026-05-29 20:00:00+00:00,51.88,52.01,51.81,51.9,11240.5
2026-05-29 21:00:00+00:00,51.9,52.04,51.68,51.68,16713.0
2026-05-29 22:00:00+00:00,51.68,51.9,51.67,51.82,4882.9
2026-05-29 23:00:00+00:00,51.82,51.92,51.77,51.88,8686.3
2026-05-30 00:00:00+00:00,51.88,52.19,51.82,52.12,16186.4
2026-05-30 01:00:00+00:00,52.12,52.5,52.07,52.35,18065.2
2026-05-30 02:00:00+00:00,52.35,52.49,52.35,52.43,4538.0
2026-05-30 03:00:00+00:00,52.43,52.49,52.32,52.42,5577.5
2026-05-30 04:00:00+00:00,52.42,52.47,52.08,52.23,18524.8
2026-05-30 05:00:00+00:00,52.23,52.42,52.18,52.4,13320.8
2026-05-30 06:00:00+00:00,52.4,52.47,52.33,52.38,5047.4
2026-05-30 07:00:00+00:00,52.38,52.41,52.32,52.41,2221.6
2026-05-30 08:00:00+00:00,52.41,52.48,52.38,52.47,4069.1
2026-05-30 09:00:00+00:00,52.47,52.67,52.42,52.67,8967.0
2026-05-30 10:00:00+00:00,52.67,52.68,52.52,52.58,6880.4
2026-05-30 11:00:00+00:00,52.58,52.72,52.47,52.5,6662.9
2026-05-30 12:00:00+00:00,52.5,52.64,52.48,52.62,6877.1
2026-05-30 13:00:00+00:00,52.62,52.7,52.53,52.7,5516.6
2026-05-30 14:00:00+00:00,52.7,52.75,52.38,52.5,28017.6
2026-05-30 15:00:00+00:00,52.5,52.53,52.32,52.37,10583.6
2026-05-30 16:00:00+00:00,52.37,52.43,52.14,52.32,37604.1
2026-05-30 17:00:00+00:00,52.32,52.41,52.21,52.38,6618.8
2026-05-30 18:00:00+00:00,52.38,52.43,52.28,52.42,3790.8
2026-05-30 19:00:00+00:00,52.42,52.52,52.38,52.48,3951.7
2026-05-30 20:00:00+00:00,52.48,52.55,52.45,52.51,4887.4
2026-05-30 21:00:00+00:00,52.51,52.58,52.48,52.53,16901.8
2026-05-30 22:00:00+00:00,52.53,52.53,52.28,52.38,8672.0
2026-05-30 23:00:00+00:00,52.38,52.47,52.3,52.43,4116.2
2026-05-31 00:00:00+00:00,52.43,52.51,52.34,52.44,41449.0
2026-05-31 01:00:00+00:00,52.44,52.6,52.44,52.55,7167.9
2026-05-31 02:00:00+00:00,52.55,52.72,52.41,52.62,35228.4
2026-05-31 03:00:00+00:00,52.62,52.72,52.61,52.62,8455.6
2026-05-31 04:00:00+00:00,52.62,52.69,52.57,52.61,4481.3
2026-05-31 05:00:00+00:00,52.61,52.61,52.43,52.49,7954.9
2026-05-31 06:00:00+00:00,52.49,52.51,52.37,52.46,11497.3
2026-05-31 07:00:00+00:00,52.46,52.46,52.2,52.3,18896.1
2026-05-31 08:00:00+00:00,52.3,52.45,52.3,52.42,6902.0
2026-05-31 09:00:00+00:00,52.42,52.55,52.33,52.36,16039.8
2026-05-31 10:00:00+00:00,52.36,52.38,52.23,52.33,11001.1
2026-05-31 11:00:00+00:00,52.33,52.39,52.25,52.3,3762.8
2026-05-31 12:00:00+00:00,52.3,52.41,52.22,52.38,7079.7
2026-05-31 13:00:00+00:00,52.38,52.6,52.34,52.44,9829.5
2026-05-31 14:00:00+00:00,52.44,52.44,51.77,51.92,45956.0
2026-05-31 15:00:00+00:00,51.92,52.13,51.91,51.91,9586.5
2026-05-31 16:00:00+00:00,51.91,51.96,51.48,51.56,32450.3
2026-05-31 17:00:00+00:00,51.56,51.72,51.34,51.68,25632.6
2026-05-31 18:00:00+00:00,51.68,51.69,51.51,51.6,6476.9
2026-05-31 19:00:00+00:00,51.6,51.63,51.44,51.6,3607.3
2026-05-31 20:00:00+00:00,51.6,51.87,51.6,51.8,10048.2
2026-05-31 21:00:00+00:00,51.8,52.01,51.79,51.99,14629.7
2026-05-31 22:00:00+00:00,51.99,52.21,51.85,52.15,14349.5
2026-05-31 23:00:00+00:00,52.15,52.31,51.87,52.06,11401.6
2026-06-01 00:00:00+00:00,52.06,52.26,52.02,52.21,16049.3
2026-06-01 01:00:00+00:00,52.21,52.22,51.43,51.43,20502.3
2026-06-01 02:00:00+00:00,51.43,52.16,51.4,52.02,16235.4
2026-06-01 03:00:00+00:00,52.02,52.2,51.93,51.96,13115.6
2026-06-01 04:00:00+00:00,51.96,52.03,51.53,51.68,10800.5
2026-06-01 05:00:00+00:00,51.68,51.73,51.5,51.55,4784.6
2026-06-01 06:00:00+00:00,51.55,51.58,51.17,51.3,18516.2
2026-06-01 07:00:00+00:00,51.3,51.38,50.96,50.97,25556.7
2026-06-01 08:00:00+00:00,50.97,51.09,50.78,51.01,22357.6
2026-06-01 09:00:00+00:00,51.01,51.39,51.01,51.18,16618.8
2026-06-01 10:00:00+00:00,51.18,51.28,51.02,51.06,14204.4
2026-06-01 11:00:00+00:00,51.06,51.17,50.85,50.98,8637.6
2026-06-01 12:00:00+00:00,50.98,51.15,50.79,51.08,16590.3
2026-06-01 13:00:00+00:00,51.08,51.1,50.58,50.91,47902.9
2026-06-01 14:00:00+00:00,50.91,50.96,50.46,50.58,36331.3
2026-06-01 15:00:00+00:00,50.58,50.65,50.07,50.37,46899.3
2026-06-01 16:00:00+00:00,50.37,50.66,50.07,50.66,26993.7
2026-06-01 17:00:00+00:00,50.66,51.03,50.64,50.93,41404.3
2026-06-01 18:00:00+00:00,50.93,51.0,50.66,50.76,19811.6
2026-06-01 19:00:00+00:00,50.76,50.99,50.63,50.86,24516.8
2026-06-01 20:00:00+00:00,50.86,50.99,50.72,50.97,8916.3
2026-06-01 21:00:00+00:00,50.97,50.97,50.64,50.68,14801.1
2026-06-01 22:00:00+00:00,50.68,50.82,50.44,50.79,10873.5
2026-06-01 23:00:00+00:00,50.79,50.92,50.64,50.77,10012.5
2026-06-02 00:00:00+00:00,50.77,50.81,50.53,50.59,14822.1
2026-06-02 01:00:00+00:00,50.59,50.69,50.26,50.27,10903.6
2026-06-02 02:00:00+00:00,50.27,50.32,49.83,50.11,38941.2
2026-06-02 03:00:00+00:00,50.11,50.26,49.97,50.24,18849.0
2026-06-02 04:00:00+00:00,50.24,50.28,49.7,49.84,25299.0
2026-06-02 05:00:00+00:00,49.84,49.84,49.26,49.38,64315.2
2026-06-02 06:00:00+00:00,49.38,49.52,49.19,49.35,31889.6
2026-06-02 07:00:00+00:00,49.35,49.61,49.09,49.42,21252.5
2026-06-02 08:00:00+00:00,49.42,49.58,49.31,49.39,12982.7
2026-06-02 09:00:00+00:00,49.39,49.43,49.11,49.29,22722.1
2026-06-02 10:00:00+00:00,49.29,49.62,49.23,49.58,19326.2
2026-06-02 11:00:00+00:00,49.58,49.58,49.32,49.33,9375.8
2026-06-02 12:00:00+00:00,49.33,49.45,49.1,49.44,11888.5
2026-06-02 13:00:00+00:00,49.44,49.55,49.17,49.21,23043.4
2026-06-02 14:00:00+00:00,49.21,49.28,47.94,48.35,166777.1
2026-06-02 15:00:00+00:00,48.35,48.39,47.43,47.8,143117.6
2026-06-02 16:00:00+00:00,47.8,48.5,47.69,48.18,45684.3
2026-06-02 17:00:00+00:00,48.18,48.49,48.16,48.4,21430.6
2026-06-02 18:00:00+00:00,48.4,48.53,48.11,48.33,43851.5
2026-06-02 19:00:00+00:00,48.33,48.37,47.35,48.1,76185.2
2026-06-02 20:00:00+00:00,48.1,48.45,47.94,48.26,29916.0
2026-06-02 21:00:00+00:00,48.26,48.5,48.1,48.13,31305.1
2026-06-02 22:00:00+00:00,48.13,48.14,46.55,46.74,108032.5
2026-06-02 23:00:00+00:00,46.74,46.98,46.25,46.87,94235.7
2026-06-03 00:00:00+00:00,46.87,47.42,46.87,47.33,56089.9
2026-06-03 01:00:00+00:00,47.33,47.6,47.17,47.56,20826.4
2026-06-03 02:00:00+00:00,47.56,47.74,47.44,47.63,12303.8
2026-06-03 03:00:00+00:00,47.63,47.74,46.79,47.0,79470.8
2026-06-03 04:00:00+00:00,47.0,47.8,47.0,47.76,26384.8
2026-06-03 05:00:00+00:00,47.76,48.25,47.76,48.08,43404.6
2026-06-03 06:00:00+00:00,48.08,48.41,47.99,48.2,16165.7
2026-06-03 07:00:00+00:00,48.2,48.47,48.12,48.38,22616.8
2026-06-03 08:00:00+00:00,48.38,48.52,48.3,48.31,14523.7
2026-06-03 09:00:00+00:00,48.31,48.35,47.96,48.12,40329.5
2026-06-03 10:00:00+00:00,48.12,48.35,48.1,48.3,13015.9
2026-06-03 11:00:00+00:00,48.3,48.46,48.06,48.18,13457.4
2026-06-03 12:00:00+00:00,48.18,48.24,47.86,48.2,19924.3
2026-06-03 13:00:00+00:00,48.2,48.27,47.76,47.98,28538.6
2026-06-03 14:00:00+00:00,47.98,48.0,47.57,47.84,62729.0
2026-06-03 15:00:00+00:00,47.84,47.89,47.54,47.62,28674.2
2026-06-03 16:00:00+00:00,47.62,47.66,47.08,47.55,44725.6
2026-06-03 17:00:00+00:00,47.55,47.81,47.24,47.68,28368.8
2026-06-03 18:00:00+00:00,47.68,47.74,47.36,47.42,25711.7
2026-06-03 19:00:00+00:00,47.42,47.68,47.14,47.27,36688.3
2026-06-03 20:00:00+00:00,47.27,47.57,46.82,46.98,47922.7
2026-06-03 21:00:00+00:00,46.98,47.94,46.9,47.89,59034.7
2026-06-03 22:00:00+00:00,47.89,48.03,47.49,47.62,23787.0
2026-06-03 23:00:00+00:00,47.62,47.64,47.09,47.1,19968.0
2026-06-04 00:00:00+00:00,47.1,47.45,46.62,46.78,56708.3
2026-06-04 01:00:00+00:00,46.78,46.9,45.19,45.29,131528.6
2026-06-04 02:00:00+00:00,45.29,45.83,43.86,45.78,199138.2
2026-06-04 03:00:00+00:00,45.78,46.88,45.78,46.78,38670.5
2026-06-04 04:00:00+00:00,46.78,46.92,46.41,46.47,22034.2
2026-06-04 05:00:00+00:00,46.47,46.47,45.99,46.23,35538.2
2026-06-04 06:00:00+00:00,46.23,46.81,46.19,46.56,15797.7
2026-06-04 07:00:00+00:00,46.56,46.61,46.1,46.17,26050.1
2026-06-04 08:00:00+00:00,46.17,46.5,45.81,46.38,33960.7
2026-06-04 09:00:00+00:00,46.38,46.39,45.42,46.01,76923.6
2026-06-04 10:00:00+00:00,46.01,46.03,45.02,45.22,80065.2
2026-06-04 11:00:00+00:00,45.22,45.59,45.02,45.59,50227.5
2026-06-04 12:00:00+00:00,45.59,46.66,45.47,46.57,33988.8
2026-06-04 13:00:00+00:00,46.57,46.85,46.02,46.82,39018.0
2026-06-04 14:00:00+00:00,46.82,46.89,46.16,46.32,23256.2
2026-06-04 15:00:00+00:00,46.32,46.54,46.11,46.33,26471.2
2026-06-04 16:00:00+00:00,46.33,46.41,45.98,46.32,24653.3
2026-06-04 17:00:00+00:00,46.32,46.45,45.78,46.17,37075.6
2026-06-04 18:00:00+00:00,46.17,46.63,45.94,46.48,30545.2
2026-06-04 19:00:00+00:00,46.48,46.59,46.15,46.24,20320.5
2026-06-04 20:00:00+00:00,46.24,46.26,45.94,46.04,18246.3
2026-06-04 21:00:00+00:00,46.04,46.18,45.0,45.1,53382.3
2026-06-04 22:00:00+00:00,45.1,45.72,45.06,45.67,27816.9
2026-06-04 23:00:00+00:00,45.67,45.82,45.11,45.61,35689.2
2026-06-05 00:00:00+00:00,45.61,45.81,45.36,45.38,23395.3
2026-06-05 01:00:00+00:00,45.38,45.73,45.04,45.63,25862.3
2026-06-05 02:00:00+00:00,45.63,45.67,44.8,44.86,32755.3
2026-06-05 03:00:00+00:00,44.86,45.22,44.6,44.82,26857.0
2026-06-05 04:00:00+00:00,44.82,45.44,44.7,45.37,35972.5
2026-06-05 05:00:00+00:00,45.37,45.45,44.26,44.3,45568.4
2026-06-05 06:00:00+00:00,44.3,44.46,42.62,43.32,236296.5
2026-06-05 07:00:00+00:00,43.32,44.19,42.63,44.16,100366.9
2026-06-05 08:00:00+00:00,44.16,44.16,43.63,43.8,29553.3
2026-06-05 09:00:00+00:00,43.8,44.64,43.8,44.55,56033.9
2026-06-05 10:00:00+00:00,44.55,44.62,44.16,44.23,62929.3
2026-06-05 11:00:00+00:00,44.23,44.4,43.9,44.02,44776.2
2026-06-05 12:00:00+00:00,44.02,44.25,43.54,43.98,77312.1
2026-06-05 13:00:00+00:00,43.98,44.56,43.2,43.21,146897.0
2026-06-05 14:00:00+00:00,43.21,43.69,42.89,43.38,137566.2
2026-06-05 15:00:00+00:00,43.38,43.47,42.69,43.18,154465.0
2026-06-05 16:00:00+00:00,43.18,44.0,42.59,43.91,273886.7
2026-06-05 17:00:00+00:00,43.91,44.16,43.44,43.66,58218.1
2026-06-05 18:00:00+00:00,43.66,43.88,42.52,42.68,109968.3
2026-06-05 19:00:00+00:00,42.68,43.22,41.92,43.0,165717.5
2026-06-05 20:00:00+00:00,43.0,43.75,42.49,43.59,95454.9
2026-06-05 21:00:00+00:00,43.59,43.99,43.57,43.87,32601.8
2026-06-05 22:00:00+00:00,43.87,43.89,43.22,43.54,122497.0
2026-06-05 23:00:00+00:00,43.54,43.7,42.65,43.28,49774.1
2026-06-06 00:00:00+00:00,43.28,43.91,43.27,43.8,32182.2
2026-06-06 01:00:00+00:00,43.8,43.98,43.45,43.46,23746.8
2026-06-06 02:00:00+00:00,43.46,43.52,43.15,43.2,23316.3
2026-06-06 03:00:00+00:00,43.2,43.21,42.58,42.64,34226.5
2026-06-06 04:00:00+00:00,42.64,42.82,40.76,40.95,209893.2
2026-06-06 05:00:00+00:00,40.95,42.1,40.45,42.05,138012.0
2026-06-06 06:00:00+00:00,42.05,42.67,42.05,42.26,59598.9
2026-06-06 07:00:00+00:00,42.26,42.91,42.18,42.79,57282.3
2026-06-06 08:00:00+00:00,42.79,43.39,42.54,43.21,65399.5
2026-06-06 09:00:00+00:00,43.21,43.51,42.86,42.99,25122.8
2026-06-06 10:00:00+00:00,42.99,42.99,42.11,42.58,82002.0
2026-06-06 11:00:00+00:00,42.58,42.9,42.51,42.75,26267.5
2026-06-06 12:00:00+00:00,42.75,43.02,42.51,42.87,27609.6
2026-06-06 13:00:00+00:00,42.87,42.94,42.6,42.73,13714.9
2026-06-06 14:00:00+00:00,42.73,42.92,42.46,42.47,12067.1
2026-06-06 15:00:00+00:00,42.47,42.54,41.95,42.32,30957.1
2026-06-06 16:00:00+00:00,42.32,42.51,41.84,41.91,35351.3
2026-06-06 17:00:00+00:00,41.91,42.16,41.73,42.04,41423.1
2026-06-06 18:00:00+00:00,42.04,42.31,41.97,42.19,21692.3
2026-06-06 19:00:00+00:00,42.19,42.33,40.91,41.12,120609.1
2026-06-06 20:00:00+00:00,41.12,41.19,40.74,41.15,52935.8
2026-06-06 21:00:00+00:00,41.15,41.86,41.15,41.6,30515.4
2026-06-06 22:00:00+00:00,41.6,41.62,40.83,41.0,34400.2
2026-06-06 23:00:00+00:00,41.0,41.37,40.98,41.35,20224.7
2026-06-07 00:00:00+00:00,41.35,41.48,41.12,41.26,24581.4
2026-06-07 01:00:00+00:00,41.26,42.19,41.2,42.03,53908.1
2026-06-07 02:00:00+00:00,42.03,42.04,41.45,41.77,55141.4
2026-06-07 03:00:00+00:00,41.77,42.07,41.72,41.91,26326.4
2026-06-07 04:00:00+00:00,41.91,41.93,41.22,41.7,25915.0
2026-06-07 05:00:00+00:00,41.7,41.85,41.51,41.59,86370.8
2026-06-07 06:00:00+00:00,41.59,42.19,41.41,41.93,59113.3
2026-06-07 07:00:00+00:00,41.93,41.99,41.75,41.91,44703.6
2026-06-07 08:00:00+00:00,41.91,42.5,41.65,42.47,57489.5
2026-06-07 09:00:00+00:00,42.47,42.67,42.18,42.28,74563.8
2026-06-07 10:00:00+00:00,42.28,42.5,42.03,42.19,42950.8
2026-06-07 11:00:00+00:00,42.19,42.43,42.15,42.33,16472.8
2026-06-07 12:00:00+00:00,42.33,42.33,41.5,41.83,71501.9
2026-06-07 13:00:00+00:00,41.83,42.13,41.73,42.03,49096.1
2026-06-07 14:00:00+00:00,42.03,42.43,41.95,42.24,32985.1
2026-06-07 15:00:00+00:00,42.24,42.34,41.93,42.05,20939.4
2026-06-07 16:00:00+00:00,42.05,42.12,41.65,41.84,28436.2
2026-06-07 17:00:00+00:00,41.84,42.16,41.78,41.99,17523.4
2026-06-07 18:00:00+00:00,41.99,42.1,41.82,41.86,16889.9
2026-06-07 19:00:00+00:00,41.86,41.86,41.05,41.33,73516.7
2026-06-07 20:00:00+00:00,41.33,41.71,41.24,41.59,16947.6
2026-06-07 21:00:00+00:00,41.59,41.62,41.23,41.54,25452.1
2026-06-07 22:00:00+00:00,41.54,43.42,41.49,42.72,201196.2
2026-06-07 23:00:00+00:00,42.72,43.12,42.63,42.8,45604.2
2026-06-08 00:00:00+00:00,42.8,43.13,42.66,42.98,52470.7
2026-06-08 01:00:00+00:00,42.98,43.03,42.01,42.35,56067.1
2026-06-08 02:00:00+00:00,42.35,42.54,42.26,42.39,22794.6
2026-06-08 03:00:00+00:00,42.39,42.69,42.32,42.49,16655.8
2026-06-08 04:00:00+00:00,42.49,42.55,42.07,42.13,13558.9
2026-06-08 05:00:00+00:00,42.13,42.33,42.06,42.32,16975.1
2026-06-08 06:00:00+00:00,42.32,42.73,42.32,42.54,19357.4
2026-06-08 07:00:00+00:00,42.54,42.88,42.43,42.81,19072.4
2026-06-08 08:00:00+00:00,42.81,42.82,42.41,42.51,22656.7
2026-06-08 09:00:00+00:00,42.51,43.02,42.49,42.99,33180.5
2026-06-08 10:00:00+00:00,42.99,43.09,42.81,42.86,19104.0
2026-06-08 11:00:00+00:00,42.86,43.29,42.68,43.12,28143.2
2026-06-08 12:00:00+00:00,43.12,43.38,42.77,43.31,42059.8
2026-06-08 13:00:00+00:00,43.31,43.4,42.89,42.93,35414.3
2026-06-08 14:00:00+00:00,42.93,43.28,42.84,43.22,29090.7
2026-06-08 15:00:00+00:00,43.22,43.51,43.05,43.1,30629.6
2026-06-08 16:00:00+00:00,43.1,43.32,42.98,42.99,28500.5
2026-06-08 17:00:00+00:00,42.99,43.32,42.86,43.3,22839.2
2026-06-08 18:00:00+00:00,43.3,43.42,43.25,43.3,8775.0
2026-06-08 19:00:00+00:00,43.3,43.54,43.26,43.37,27358.7
2026-06-08 20:00:00+00:00,43.37,43.41,43.08,43.31,25115.8
2026-06-08 21:00:00+00:00,43.31,43.8,43.31,43.56,31142.1
2026-06-08 22:00:00+00:00,43.56,43.56,43.23,43.35,16244.8
2026-06-08 23:00:00+00:00,43.35,43.43,42.96,42.99,20564.0
2026-06-09 00:00:00+00:00,42.99,43.12,42.16,42.3,121855.4
2026-06-09 01:00:00+00:00,42.3,42.53,42.27,42.47,27728.1
2026-06-09 02:00:00+00:00,42.47,42.6,42.26,42.58,14023.7
2026-06-09 03:00:00+00:00,42.58,42.63,42.39,42.49,15057.8
2026-06-09 04:00:00+00:00,42.49,43.0,42.41,42.81,31546.6
2026-06-09 05:00:00+00:00,42.81,43.04,42.71,42.89,10350.6
2026-06-09 06:00:00+00:00,42.89,43.03,42.84,42.88,9475.2
2026-06-09 07:00:00+00:00,42.88,43.01,42.68,42.85,14741.7
2026-06-09 08:00:00+00:00,42.85,42.88,42.59,42.68,16632.3
2026-06-09 09:00:00+00:00,42.68,42.78,42.38,42.41,13195.1
2026-06-09 10:00:00+00:00,42.41,42.54,42.3,42.43,35162.2
2026-06-09 11:00:00+00:00,42.43,42.48,42.23,42.46,14431.0
2026-06-09 12:00:00+00:00,42.46,42.7,42.45,42.66,19234.4
2026-06-09 13:00:00+00:00,42.66,42.79,42.39,42.61,26893.7
2026-06-09 14:00:00+00:00,42.61,42.72,42.01,42.37,82947.2
2026-06-09 15:00:00+00:00,42.37,42.55,41.94,41.96,57890.8
2026-06-09 16:00:00+00:00,41.96,42.37,41.79,42.27,67433.4
2026-06-09 17:00:00+00:00,42.27,42.94,42.26,42.73,41945.5
2026-06-09 18:00:00+00:00,42.73,43.25,42.68,43.07,24267.1
2026-06-09 19:00:00+00:00,43.07,43.48,43.0,43.37,56087.0
2026-06-09 20:00:00+00:00,43.37,43.46,43.24,43.42,22308.3
2026-06-09 21:00:00+00:00,43.42,43.51,43.17,43.22,26788.5
2026-06-09 22:00:00+00:00,43.22,43.25,42.95,42.97,19305.9
2026-06-09 23:00:00+00:00,42.97,43.08,42.85,42.98,14719.1
2026-06-10 00:00:00+00:00,42.98,43.19,42.79,43.16,23526.4
2026-06-10 01:00:00+00:00,43.16,43.21,42.85,42.86,11080.3
2026-06-10 02:00:00+00:00,42.86,42.93,42.4,42.54,11298.6
2026-06-10 03:00:00+00:00,42.54,42.69,42.46,42.63,10185.7
2026-06-10 04:00:00+00:00,42.63,42.73,42.31,42.35,11247.7
2026-06-10 05:00:00+00:00,42.35,42.51,42.25,42.47,8252.1
2026-06-10 06:00:00+00:00,42.47,42.53,42.26,42.37,9514.2
2026-06-10 07:00:00+00:00,42.37,42.69,42.35,42.54,19894.0
2026-06-10 08:00:00+00:00,42.54,42.55,42.19,42.29,12990.9
2026-06-10 09:00:00+00:00,42.29,42.4,42.02,42.26,44033.1
2026-06-10 10:00:00+00:00,42.26,42.29,42.02,42.18,19452.8
2026-06-10 11:00:00+00:00,42.18,42.2,41.84,42.05,77164.7
2026-06-10 12:00:00+00:00,42.05,42.76,41.96,42.52,72054.5
2026-06-10 13:00:00+00:00,42.52,43.07,42.46,42.73,42265.6
2026-06-10 14:00:00+00:00,42.73,42.87,42.35,42.53,29619.7
2026-06-10 15:00:00+00:00,42.53,42.94,42.3,42.81,39447.9
2026-06-10 16:00:00+00:00,42.81,42.81,42.25,42.37,31342.2
2026-06-10 17:00:00+00:00,42.37,42.47,41.73,41.91,66106.5
2026-06-10 18:00:00+00:00,41.91,42.01,41.65,41.93,53782.7
2026-06-10 19:00:00+00:00,41.93,41.96,41.5,41.6,37761.2
2026-06-10 20:00:00+00:00,41.6,41.78,41.45,41.65,32043.6
2026-06-10 21:00:00+00:00,41.65,41.66,41.21,41.36,33789.4
2026-06-10 22:00:00+00:00,41.36,41.7,41.27,41.48,24149.3
2026-06-10 23:00:00+00:00,41.48,41.77,41.33,41.7,19307.9
2026-06-11 00:00:00+00:00,41.7,41.98,41.69,41.86,14831.5
2026-06-11 01:00:00+00:00,41.86,42.35,41.86,42.26,16280.6
2026-06-11 02:00:00+00:00,42.26,42.31,42.02,42.22,10011.1
2026-06-11 03:00:00+00:00,42.22,42.87,42.1,42.76,46543.4
2026-06-11 04:00:00+00:00,42.76,42.84,42.61,42.75,18493.5
2026-06-11 05:00:00+00:00,42.75,42.75,42.57,42.58,5917.8
2026-06-11 06:00:00+00:00,42.58,42.75,42.47,42.53,8304.5
2026-06-11 07:00:00+00:00,42.53,42.61,42.44,42.52,6786.7
2026-06-11 08:00:00+00:00,42.52,42.78,42.51,42.66,9377.5
2026-06-11 09:00:00+00:00,42.66,42.66,42.41,42.5,16133.9
2026-06-11 10:00:00+00:00,42.5,42.62,42.4,42.61,17390.4
2026-06-11 11:00:00+00:00,42.61,42.71,42.49,42.61,19533.3
2026-06-11 12:00:00+00:00,42.61,42.62,42.25,42.52,33051.7
2026-06-11 13:00:00+00:00,42.52,42.68,42.34,42.53,18220.5
2026-06-11 14:00:00+00:00,42.53,42.58,42.29,42.34,15609.1
2026-06-11 15:00:00+00:00,42.34,42.41,41.9,42.07,31988.1
2026-06-11 16:00:00+00:00,42.07,42.3,41.99,42.11,23168.1
2026-06-11 17:00:00+00:00,42.11,42.91,41.96,42.78,77123.6
2026-06-11 18:00:00+00:00,42.78,42.86,42.5,42.63,19192.1
2026-06-11 19:00:00+00:00,42.63,42.82,42.47,42.59,14581.4
2026-06-11 20:00:00+00:00,42.59,42.64,42.33,42.41,13008.3
2026-06-11 21:00:00+00:00,42.41,42.68,42.38,42.58,13516.8
2026-06-11 22:00:00+00:00,42.58,42.77,42.52,42.62,10372.1
2026-06-11 23:00:00+00:00,42.62,42.7,42.42,42.44,14662.7
2026-06-12 00:00:00+00:00,42.44,42.69,42.41,42.47,18274.1
2026-06-12 01:00:00+00:00,42.47,42.57,42.37,42.53,7579.9
2026-06-12 02:00:00+00:00,42.53,42.73,42.5,42.53,11181.3
2026-06-12 03:00:00+00:00,42.53,42.66,42.4,42.64,17980.4
2026-06-12 04:00:00+00:00,42.64,42.75,42.57,42.69,11926.2
2026-06-12 05:00:00+00:00,42.69,42.69,42.48,42.55,9761.3
2026-06-12 06:00:00+00:00,42.55,42.59,42.13,42.29,16836.6
2026-06-12 07:00:00+00:00,42.29,42.61,42.29,42.55,11973.9
2026-06-12 08:00:00+00:00,42.55,42.82,42.55,42.78,11251.3
2026-06-12 09:00:00+00:00,42.78,43.18,42.77,43.09,15482.1
2026-06-12 10:00:00+00:00,43.09,43.13,42.86,42.93,7746.2
2026-06-12 11:00:00+00:00,42.93,43.12,42.92,43.0,8640.3
2026-06-12 12:00:00+00:00,43.0,43.05,42.8,43.05,28567.3
2026-06-12 13:00:00+00:00,43.05,43.07,42.67,42.79,24431.3
2026-06-12 14:00:00+00:00,42.79,43.44,42.74,43.38,30662.7
2026-06-12 15:00:00+00:00,43.38,43.52,42.74,42.81,40704.7
2026-06-12 16:00:00+00:00,42.81,43.21,42.69,43.21,30852.5
2026-06-12 17:00:00+00:00,43.21,43.23,42.97,42.99,15707.0
2026-06-12 18:00:00+00:00,42.99,43.07,42.8,42.89,16128.5
2026-06-12 19:00:00+00:00,42.89,43.18,42.89,42.95,12458.8
2026-06-12 20:00:00+00:00,42.95,43.03,42.82,42.88,11595.8
2026-06-12 21:00:00+00:00,42.88,43.05,42.83,42.9,11509.8
2026-06-12 22:00:00+00:00,42.9,43.04,42.88,42.95,6476.2
2026-06-12 23:00:00+00:00,42.95,43.07,42.87,43.05,5203.1
2026-06-13 00:00:00+00:00,43.05,43.36,42.94,43.28,16176.4
2026-06-13 01:00:00+00:00,43.28,43.53,43.26,43.43,13532.2
2026-06-13 02:00:00+00:00,43.43,43.45,43.17,43.24,9573.6
2026-06-13 03:00:00+00:00,43.24,43.38,43.16,43.35,10757.8
2026-06-13 04:00:00+00:00,43.35,43.39,43.2,43.21,8253.6
2026-06-13 05:00:00+00:00,43.21,43.28,43.01,43.15,13491.8
2026-06-13 06:00:00+00:00,43.15,43.33,43.12,43.3,7191.1
2026-06-13 07:00:00+00:00,43.3,43.54,43.22,43.47,18039.0
2026-06-13 08:00:00+00:00,43.47,43.83,43.39,43.63,17338.2
2026-06-13 09:00:00+00:00,43.63,43.74,43.54,43.55,12807.3
2026-06-13 10:00:00+00:00,43.55,43.75,43.55,43.73,8342.0
2026-06-13 11:00:00+00:00,43.73,43.9,43.73,43.75,6454.9
2026-06-13 12:00:00+00:00,43.75,43.97,43.74,43.92,13077.7
2026-06-13 13:00:00+00:00,43.92,44.01,43.78,43.86,16702.6
2026-06-13 14:00:00+00:00,43.86,43.94,43.78,43.86,7383.1
2026-06-13 15:00:00+00:00,43.86,44.09,43.84,44.02,11337.2
2026-06-13 16:00:00+00:00,44.02,44.03,43.65,43.8,13932.2
2026-06-13 17:00:00+00:00,43.8,43.84,43.52,43.6,8014.0
2026-06-13 18:00:00+00:00,43.6,43.75,43.58,43.66,7388.1
2026-06-13 19:00:00+00:00,43.66,43.82,43.63,43.76,9142.3
2026-06-13 20:00:00+00:00,43.76,43.97,43.68,43.86,43983.3
2026-06-13 21:00:00+00:00,43.86,44.37,43.86,44.22,28458.9
2026-06-13 22:00:00+00:00,44.22,44.33,44.13,44.3,12379.4
2026-06-13 23:00:00+00:00,44.3,44.36,44.22,44.31,7935.8
2026-06-14 00:00:00+00:00,44.31,44.52,44.25,44.4,16232.6
2026-06-14 01:00:00+00:00,44.4,44.64,44.31,44.38,14995.9
2026-06-14 02:00:00+00:00,44.38,44.49,44.22,44.34,21044.8
2026-06-14 03:00:00+00:00,44.34,44.47,44.23,44.42,14430.2
2026-06-14 04:00:00+00:00,44.42,44.45,44.04,44.13,17016.4
2026-06-14 05:00:00+00:00,44.13,44.17,43.96,44.11,10942.3
2026-06-14 06:00:00+00:00,44.11,44.25,44.08,44.1,7144.3
2026-06-14 07:00:00+00:00,44.1,44.11,43.86,44.03,36796.3
2026-06-14 08:00:00+00:00,44.03,44.17,43.98,44.12,12376.2
2026-06-14 09:00:00+00:00,44.12,44.27,44.0,44.22,12088.6
2026-06-14 10:00:00+00:00,44.22,44.28,44.0,44.03,26454.4
2026-06-14 11:00:00+00:00,44.03,44.13,43.9,44.04,15418.3
2026-06-14 12:00:00+00:00,44.04,44.08,43.86,43.95,12102.0
2026-06-14 13:00:00+00:00,43.95,43.99,43.77,43.94,14525.9
2026-06-14 14:00:00+00:00,43.94,44.03,43.7,43.9,14221.9
2026-06-14 15:00:00+00:00,43.9,44.06,43.89,44.01,9069.9
2026-06-14 16:00:00+00:00,44.01,44.23,43.99,44.03,11061.4
2026-06-14 17:00:00+00:00,44.03,44.18,43.86,43.92,8838.8
2026-06-14 18:00:00+00:00,43.92,44.04,43.89,44.04,10272.2
2026-06-14 19:00:00+00:00,44.04,44.22,44.02,44.17,7721.9
2026-06-14 20:00:00+00:00,44.17,44.46,44.14,44.41,17023.0
2026-06-14 21:00:00+00:00,44.41,44.98,44.33,44.83,41308.6
2026-06-14 22:00:00+00:00,44.83,45.13,44.74,45.1,35141.0
2026-06-14 23:00:00+00:00,45.1,45.42,45.05,45.36,15596.7
2026-06-15 00:00:00+00:00,45.36,45.43,45.03,45.23,29318.1
2026-06-15 01:00:00+00:00,45.23,45.29,44.96,45.09,21613.4
2026-06-15 02:00:00+00:00,45.09,45.36,45.02,45.23,19213.5
2026-06-15 03:00:00+00:00,45.23,45.36,45.19,45.29,11880.8
2026-06-15 04:00:00+00:00,45.29,45.29,45.05,45.07,12300.2
2026-06-15 05:00:00+00:00,45.07,45.54,45.04,45.5,18270.8
2026-06-15 06:00:00+00:00,45.5,45.52,45.25,45.28,26122.6
2026-06-15 07:00:00+00:00,45.28,45.28,45.04,45.06,23199.0
2026-06-15 08:00:00+00:00,45.06,45.22,45.02,45.13,8335.8
2026-06-15 09:00:00+00:00,45.13,45.17,44.73,44.91,33197.8
2026-06-15 10:00:00+00:00,44.91,46.13,44.83,45.64,155861.0
2026-06-15 11:00:00+00:00,45.64,46.02,45.41,45.76,53523.5
2026-06-15 12:00:00+00:00,45.76,45.97,45.59,45.84,35481.7
2026-06-15 13:00:00+00:00,45.84,46.28,45.78,46.08,55914.1
2026-06-15 14:00:00+00:00,46.08,46.08,45.65,45.77,49651.4
2026-06-15 15:00:00+00:00,45.77,46.1,45.34,46.05,46004.1
2026-06-15 16:00:00+00:00,46.05,46.24,45.93,46.1,38580.1
2026-06-15 17:00:00+00:00,46.1,46.1,45.69,45.95,39192.9
2026-06-15 18:00:00+00:00,45.95,45.97,45.67,45.76,32263.3
2026-06-15 19:00:00+00:00,45.76,45.83,45.38,45.62,30221.8
2026-06-15 20:00:00+00:00,45.62,45.76,45.53,45.62,12966.5
2026-06-15 21:00:00+00:00,45.62,45.81,45.6,45.73,13114.9
2026-06-15 22:00:00+00:00,45.73,45.79,45.42,45.63,11953.3
2026-06-15 23:00:00+00:00,45.63,45.84,45.59,45.71,10760.7
2026-06-16 00:00:00+00:00,45.71,45.86,45.59,45.63,16021.5
2026-06-16 01:00:00+00:00,45.63,45.96,45.62,45.78,9212.0
2026-06-16 02:00:00+00:00,45.78,45.87,45.27,45.49,29543.7
2026-06-16 03:00:00+00:00,45.49,45.89,45.44,45.82,13279.2
2026-06-16 04:00:00+00:00,45.82,45.83,45.35,45.44,16738.4
2026-06-16 05:00:00+00:00,45.44,45.62,45.44,45.51,15006.6
2026-06-16 06:00:00+00:00,45.51,45.65,45.44,45.6,9761.0
2026-06-16 07:00:00+00:00,45.6,45.8,45.47,45.77,15599.9
2026-06-16 08:00:00+00:00,45.77,46.31,45.74,46.24,15487.9
2026-06-16 09:00:00+00:00,46.24,46.34,45.52,45.54,50913.2
2026-06-16 10:00:00+00:00,45.54,45.68,45.48,45.5,13149.2
2026-06-16 11:00:00+00:00,45.5,45.61,45.32,45.5,14921.4
2026-06-16 12:00:00+00:00,45.5,45.73,45.42,45.56,19401.5
2026-06-16 13:00:00+00:00,45.56,45.59,45.05,45.06,28505.1
2026-06-16 14:00:00+00:00,45.06,45.2,44.39,44.77,64811.4
2026-06-16 15:00:00+00:00,44.77,44.99,44.69,44.89,29064.9
2026-06-16 16:00:00+00:00,44.89,45.07,44.84,44.96,16101.9
2026-06-16 17:00:00+00:00,44.96,45.49,44.94,45.42,20106.1
2026-06-16 18:00:00+00:00,45.42,45.78,45.41,45.62,19553.8
2026-06-16 19:00:00+00:00,45.62,45.62,45.23,45.44,21735.0
2026-06-16 20:00:00+00:00,45.44,45.72,45.35,45.66,11136.8
2026-06-16 21:00:00+00:00,45.66,45.86,45.62,45.79,18839.2
2026-06-16 22:00:00+00:00,45.79,46.05,45.71,45.86,9793.6
2026-06-16 23:00:00+00:00,45.86,45.94,45.59,45.67,6704.3
2026-06-17 00:00:00+00:00,45.67,45.93,45.62,45.65,13393.4
2026-06-17 01:00:00+00:00,45.65,45.81,45.39,45.75,16288.0
2026-06-17 02:00:00+00:00,45.75,45.95,45.62,45.71,7533.8
2026-06-17 03:00:00+00:00,45.71,45.73,45.51,45.64,3876.6
2026-06-17 04:00:00+00:00,45.64,45.88,45.54,45.69,4869.5
2026-06-17 05:00:00+00:00,45.69,45.76,45.51,45.61,5677.8
2026-06-17 06:00:00+00:00,45.61,45.76,45.42,45.55,3981.8
2026-06-17 07:00:00+00:00,45.55,45.72,45.38,45.51,15096.3
2026-06-17 08:00:00+00:00,45.51,45.58,45.24,45.34,27276.9
2026-06-17 09:00:00+00:00,45.34,45.4,45.17,45.32,10760.5
2026-06-17 10:00:00+00:00,45.32,45.37,45.08,45.12,9456.9
2026-06-17 11:00:00+00:00,45.12,45.17,44.86,45.05,22310.5
2026-06-17 12:00:00+00:00,45.05,45.31,44.85,45.31,23347.4
2026-06-17 13:00:00+00:00,45.31,45.44,45.01,45.22,17320.1
2026-06-17 14:00:00+00:00,45.22,45.4,44.86,45.11,27851.4
2026-06-17 15:00:00+00:00,45.11,45.7,45.08,45.65,17755.7
2026-06-17 16:00:00+00:00,45.65,45.9,45.51,45.53,16706.5
2026-06-17 17:00:00+00:00,45.53,45.78,45.4,45.78,12943.2
2026-06-17 18:00:00+00:00,45.78,45.8,44.91,45.54,90177.8
2026-06-17 19:00:00+00:00,45.54,45.63,44.56,44.78,62771.0
2026-06-17 20:00:00+00:00,44.78,45.04,44.66,45.02,13915.0
2026-06-17 21:00:00+00:00,45.02,45.02,44.68,44.73,9125.5
2026-06-17 22:00:00+00:00,44.73,44.9,44.35,44.79,15159.9
2026-06-17 23:00:00+00:00,44.79,45.02,44.66,44.89,23117.7
2026-06-18 00:00:00+00:00,44.89,44.92,44.74,44.77,14813.8
2026-06-18 01:00:00+00:00,44.77,44.99,44.76,44.9,9452.0
2026-06-18 02:00:00+00:00,44.9,45.01,44.83,44.85,12236.3
2026-06-18 03:00:00+00:00,44.85,44.87,44.4,44.45,16206.1
2026-06-18 04:00:00+00:00,44.45,44.47,44.12,44.24,16402.7
2026-06-18 05:00:00+00:00,44.24,44.29,44.06,44.29,9663.9
2026-06-18 06:00:00+00:00,44.29,44.43,44.17,44.39,11228.5
2026-06-18 07:00:00+00:00,44.39,44.57,44.27,44.48,9354.6
2026-06-18 08:00:00+00:00,44.48,44.56,44.4,44.42,9493.0
2026-06-18 09:00:00+00:00,44.42,44.46,44.21,44.26,18647.2
2026-06-18 10:00:00+00:00,44.26,44.26,44.07,44.14,8765.6
2026-06-18 11:00:00+00:00,44.14,44.2,43.92,43.98,22251.3
2026-06-18 12:00:00+00:00,43.98,44.15,43.95,44.09,16117.0
2026-06-18 13:00:00+00:00,44.09,44.22,43.85,44.01,66222.0
2026-06-18 14:00:00+00:00,44.01,44.26,43.87,43.98,32794.4
2026-06-18 15:00:00+00:00,43.98,43.98,42.97,43.07,132594.4
2026-06-18 16:00:00+00:00,43.07,43.36,43.04,43.34,23229.9
2026-06-18 17:00:00+00:00,43.34,43.36,43.04,43.22,27881.3
2026-06-18 18:00:00+00:00,43.22,43.4,43.16,43.24,10707.9
2026-06-18 19:00:00+00:00,43.24,43.54,43.14,43.49,11341.7
2026-06-18 20:00:00+00:00,43.49,43.7,43.49,43.67,12111.6
2026-06-18 21:00:00+00:00,43.67,43.72,43.55,43.72,13935.8
2026-06-18 22:00:00+00:00,43.72,43.81,43.61,43.8,4065.2
2026-06-18 23:00:00+00:00,43.8,43.86,43.67,43.83,5998.8
2026-06-19 00:00:00+00:00,43.83,43.91,43.76,43.82,11659.8
2026-06-19 01:00:00+00:00,43.82,43.94,43.7,43.94,7404.8
2026-06-19 02:00:00+00:00,43.94,44.01,43.75,43.81,10049.3
2026-06-19 03:00:00+00:00,43.81,43.88,43.37,43.55,32997.4
2026-06-19 04:00:00+00:00,43.55,43.65,43.15,43.24,12879.1
2026-06-19 05:00:00+00:00,43.24,43.52,43.23,43.47,7158.5
2026-06-19 06:00:00+00:00,43.47,43.55,43.32,43.52,21208.6
2026-06-19 07:00:00+00:00,43.52,43.54,43.25,43.41,19159.6
2026-06-19 08:00:00+00:00,43.41,43.53,43.33,43.46,9731.0
2026-06-19 09:00:00+00:00,43.46,43.48,43.23,43.39,8280.7
2026-06-19 10:00:00+00:00,43.39,43.48,43.3,43.42,9175.6
2026-06-19 11:00:00+00:00,43.42,43.57,43.34,43.46,7697.1
2026-06-19 12:00:00+00:00,43.46,43.71,43.31,43.71,12581.9
2026-06-19 13:00:00+00:00,43.71,44.06,43.6,44.0,16201.1
2026-06-19 14:00:00+00:00,44.0,44.21,43.9,44.07,10368.0
2026-06-19 15:00:00+00:00,44.07,44.44,44.03,44.42,13918.2
2026-06-19 16:00:00+00:00,44.42,44.56,44.21,44.27,21516.0
2026-06-19 17:00:00+00:00,44.27,44.42,44.09,44.12,20901.6
2026-06-19 18:00:00+00:00,44.12,44.17,43.98,44.15,8912.6
2026-06-19 19:00:00+00:00,44.15,44.19,43.84,43.9,11344.3
2026-06-19 20:00:00+00:00,43.9,44.07,43.82,44.07,6821.0
2026-06-19 21:00:00+00:00,44.07,44.12,43.76,43.78,11678.5
2026-06-19 22:00:00+00:00,43.78,43.86,43.71,43.81,8584.4
2026-06-19 23:00:00+00:00,43.81,44.14,43.75,44.02,10080.1
2026-06-20 00:00:00+00:00,44.02,44.14,43.89,43.89,11272.3
2026-06-20 01:00:00+00:00,43.89,44.02,43.86,43.93,4175.2
2026-06-20 02:00:00+00:00,43.93,43.93,43.78,43.86,3198.7
2026-06-20 03:00:00+00:00,43.86,43.95,43.82,43.88,3872.9
2026-06-20 04:00:00+00:00,43.88,44.02,43.84,43.96,5422.6
2026-06-20 05:00:00+00:00,43.96,44.3,43.96,44.16,12040.1
2026-06-20 06:00:00+00:00,44.16,44.35,44.15,44.34,6012.7
2026-06-20 07:00:00+00:00,44.34,44.34,44.08,44.11,10180.2
2026-06-20 08:00:00+00:00,44.11,44.14,44.01,44.09,6382.1
2026-06-20 09:00:00+00:00,44.09,44.28,44.09,44.26,3265.6
2026-06-20 10:00:00+00:00,44.26,44.29,44.14,44.25,3149.0
2026-06-20 11:00:00+00:00,44.25,44.29,44.11,44.22,8313.0
2026-06-20 12:00:00+00:00,44.22,44.29,44.18,44.26,4802.4
2026-06-20 13:00:00+00:00,44.26,44.26,43.97,44.06,12472.3
2026-06-20 14:00:00+00:00,44.06,44.34,43.75,44.14,24308.1
2026-06-20 15:00:00+00:00,44.14,44.41,44.08,44.28,14989.8
2026-06-20 16:00:00+00:00,44.28,44.37,44.11,44.28,6082.7
2026-06-20 17:00:00+00:00,44.28,44.29,43.86,43.99,7291.6
2026-06-20 18:00:00+00:00,43.99,44.17,43.98,44.07,3504.0
2026-06-20 19:00:00+00:00,44.07,44.24,44.06,44.11,3977.1
2026-06-20 20:00:00+00:00,44.11,44.15,44.03,44.14,6274.9
2026-06-20 21:00:00+00:00,44.14,44.37,44.12,44.32,8896.3
2026-06-20 22:00:00+00:00,44.32,44.6,44.27,44.49,12029.1
2026-06-20 23:00:00+00:00,44.49,44.61,44.4,44.51,32498.6
2026-06-21 00:00:00+00:00,44.51,44.56,44.44,44.54,14385.8
2026-06-21 01:00:00+00:00,44.54,44.59,44.41,44.56,4146.6
2026-06-21 02:00:00+00:00,44.56,44.58,44.46,44.51,4772.0
2026-06-21 03:00:00+00:00,44.51,44.58,44.45,44.49,4963.3
2026-06-21 04:00:00+00:00,44.49,44.73,44.44,44.46,7336.8
2026-06-21 05:00:00+00:00,44.46,44.49,44.36,44.46,12799.4
2026-06-21 06:00:00+00:00,44.46,44.81,44.45,44.72,15676.6
2026-06-21 07:00:00+00:00,44.72,44.9,44.64,44.79,9146.2
2026-06-21 08:00:00+00:00,44.79,44.88,44.64,44.79,16611.4
2026-06-21 09:00:00+00:00,44.79,44.95,44.75,44.94,9337.2
2026-06-21 10:00:00+00:00,44.94,45.32,44.93,45.07,37085.3
2026-06-21 11:00:00+00:00,45.07,45.13,44.87,44.98,7470.9
2026-06-21 12:00:00+00:00,44.98,45.11,44.87,45.09,7256.7
2026-06-21 13:00:00+00:00,45.09,45.16,44.94,45.09,5779.0
2026-06-21 14:00:00+00:00,45.09,45.35,45.04,45.34,7933.8
2026-06-21 15:00:00+00:00,45.34,46.05,45.29,45.91,35512.6
2026-06-21 16:00:00+00:00,45.91,45.92,45.22,45.32,38760.4
2026-06-21 17:00:00+00:00,45.32,45.44,45.09,45.15,16782.0
2026-06-21 18:00:00+00:00,45.15,45.18,44.98,45.1,21228.5
2026-06-21 19:00:00+00:00,45.1,45.38,45.07,45.24,31810.7
2026-06-21 20:00:00+00:00,45.24,45.26,44.93,45.02,10342.7
2026-06-21 21:00:00+00:00,45.02,45.03,44.59,44.9,26537.9
2026-06-21 22:00:00+00:00,44.9,44.95,44.62,44.76,8464.3
2026-06-21 23:00:00+00:00,44.76,44.76,44.37,44.43,14051.4
2026-06-22 00:00:00+00:00,44.43,44.94,44.43,44.88,17556.2
2026-06-22 01:00:00+00:00,44.88,45.57,44.8,45.19,27722.2
2026-06-22 02:00:00+00:00,45.19,45.2,45.0,45.01,5845.3
2026-06-22 03:00:00+00:00,45.01,45.03,44.82,44.89,9287.7
2026-06-22 04:00:00+00:00,44.89,44.99,44.86,44.92,3795.5
2026-06-22 05:00:00+00:00,44.92,45.09,44.88,44.94,3422.9
2026-06-22 06:00:00+00:00,44.94,45.0,44.79,44.82,6538.1
2026-06-22 07:00:00+00:00,44.82,45.11,44.8,44.96,6276.1
2026-06-22 08:00:00+00:00,44.96,45.05,44.82,44.84,8019.3
2026-06-22 09:00:00+00:00,44.84,44.91,44.64,44.82,14479.9
2026-06-22 10:00:00+00:00,44.82,44.87,44.7,44.75,3312.5
2026-06-22 11:00:00+00:00,44.75,45.29,44.73,45.23,20441.9
2026-06-22 12:00:00+00:00,45.23,45.55,45.18,45.51,10444.4
2026-06-22 13:00:00+00:00,45.51,45.8,45.35,45.67,19463.5
2026-06-22 14:00:00+00:00,45.67,45.69,45.05,45.16,27673.0
2026-06-22 15:00:00+00:00,45.16,45.43,45.06,45.12,18485.7
2026-06-22 16:00:00+00:00,45.12,45.12,44.87,45.05,12322.7
2026-06-22 17:00:00+00:00,45.05,45.07,44.73,44.91,15964.2
2026-06-22 18:00:00+00:00,44.91,44.98,44.63,44.69,14653.1
2026-06-22 19:00:00+00:00,44.69,44.7,44.44,44.6,12734.2
2026-06-22 20:00:00+00:00,44.6,44.7,44.47,44.52,10281.9
2026-06-22 21:00:00+00:00,44.52,44.65,44.43,44.65,10099.5
2026-06-22 22:00:00+00:00,44.65,44.69,44.23,44.5,24647.7
2026-06-22 23:00:00+00:00,44.5,44.67,44.45,44.52,6730.9
2026-06-23 00:00:00+00:00,44.52,44.58,44.36,44.55,14919.8
2026-06-23 01:00:00+00:00,44.55,44.65,44.32,44.54,7030.9
2026-06-23 02:00:00+00:00,44.54,44.61,44.39,44.57,6094.6
2026-06-23 03:00:00+00:00,44.57,44.57,44.43,44.56,6762.5
2026-06-23 04:00:00+00:00,44.56,44.6,44.36,44.39,4806.9
2026-06-23 05:00:00+00:00,44.39,44.46,44.18,44.32,17563.0
2026-06-23 06:00:00+00:00,44.32,44.36,43.73,43.92,58948.6
2026-06-23 07:00:00+00:00,43.92,44.05,43.76,43.77,15964.3
2026-06-23 08:00:00+00:00,43.77,43.8,43.07,43.28,64791.2
2026-06-23 09:00:00+00:00,43.28,43.5,43.28,43.34,14842.0
2026-06-23 10:00:00+00:00,43.34,43.5,43.31,43.36,10882.2
2026-06-23 11:00:00+00:00,43.36,43.63,43.34,43.45,18918.1
2026-06-23 12:00:00+00:00,43.45,43.47,43.16,43.2,19762.3
2026-06-23 13:00:00+00:00,43.2,43.5,43.12,43.34,31307.3
2026-06-23 14:00:00+00:00,43.34,43.39,42.51,42.56,82534.4
2026-06-23 15:00:00+00:00,42.56,42.56,41.74,41.92,95863.4
2026-06-23 16:00:00+00:00,41.92,42.19,41.84,42.03,46546.3
2026-06-23 17:00:00+00:00,42.03,42.21,41.84,42.05,25233.9
2026-06-23 18:00:00+00:00,42.05,42.12,41.77,41.96,20648.9
2026-06-23 19:00:00+00:00,41.96,42.05,41.8,41.88,17668.3
2026-06-23 20:00:00+00:00,41.88,42.03,41.81,41.85,13886.1
2026-06-23 21:00:00+00:00,41.85,41.99,41.82,41.95,15710.6
2026-06-23 22:00:00+00:00,41.95,42.08,41.89,42.0,15467.0
2026-06-23 23:00:00+00:00,42.0,42.2,41.91,42.15,8552.9
2026-06-24 00:00:00+00:00,42.15,42.3,42.13,42.25,10914.4
2026-06-24 01:00:00+00:00,42.25,42.33,42.13,42.21,11261.2
2026-06-24 02:00:00+00:00,42.21,42.22,41.9,41.95,11143.1
2026-06-24 03:00:00+00:00,41.95,42.01,41.7,41.73,17966.8
2026-06-24 04:00:00+00:00,41.73,41.79,41.46,41.75,27159.2
2026-06-24 05:00:00+00:00,41.75,42.09,41.75,42.02,14097.0
2026-06-24 06:00:00+00:00,42.02,42.15,41.93,42.11,10409.1
2026-06-24 07:00:00+00:00,42.11,42.15,41.96,42.04,12107.0
2026-06-24 08:00:00+00:00,42.04,42.18,41.95,42.15,13556.8
2026-06-24 09:00:00+00:00,42.15,42.15,42.02,42.08,7636.0
2026-06-24 10:00:00+00:00,42.08,42.08,41.84,41.85,12998.8
2026-06-24 11:00:00+00:00,41.85,42.38,41.76,42.2,23980.6
2026-06-24 12:00:00+00:00,42.2,42.24,42.11,42.14,12522.6
2026-06-24 13:00:00+00:00,42.14,42.16,41.33,41.58,71794.1
2026-06-24 14:00:00+00:00,41.58,41.78,41.43,41.66,32850.4
2026-06-24 15:00:00+00:00,41.66,41.67,40.67,40.7,70777.2
2026-06-24 16:00:00+00:00,40.7,41.03,40.05,40.26,104480.0
2026-06-24 17:00:00+00:00,40.26,40.58,39.01,39.43,182617.5
2026-06-24 18:00:00+00:00,39.43,40.12,39.35,39.75,53833.0
2026-06-24 19:00:00+00:00,39.75,40.11,39.61,40.07,41478.2
2026-06-24 20:00:00+00:00,40.07,40.89,39.98,40.74,42738.6
2026-06-24 21:00:00+00:00,40.74,40.95,40.62,40.94,15742.0
2026-06-24 22:00:00+00:00,40.94,41.2,40.9,40.93,17346.6
2026-06-24 23:00:00+00:00,40.93,41.26,40.73,41.16,47639.5
2026-06-25 00:00:00+00:00,41.16,41.24,41.02,41.09,24541.6
2026-06-25 01:00:00+00:00,41.09,41.19,41.05,41.16,7790.4
2026-06-25 02:00:00+00:00,41.16,41.2,41.02,41.2,10505.2
2026-06-25 03:00:00+00:00,41.2,41.29,41.12,41.25,9480.8
2026-06-25 04:00:00+00:00,41.25,41.65,41.16,41.58,13681.4
2026-06-25 05:00:00+00:00,41.58,41.96,41.57,41.87,20217.8
2026-06-25 06:00:00+00:00,41.87,41.97,41.7,41.76,18968.8
2026-06-25 07:00:00+00:00,41.76,41.78,41.53,41.72,35321.9
2026-06-25 08:00:00+00:00,41.72,41.8,41.61,41.74,9940.6
2026-06-25 09:00:00+00:00,41.74,41.88,41.68,41.83,5981.6
2026-06-25 10:00:00+00:00,41.83,41.83,41.49,41.52,14125.9
2026-06-25 11:00:00+00:00,41.52,41.56,41.27,41.33,10974.3
2026-06-25 12:00:00+00:00,41.33,41.43,40.87,41.42,35088.4
2026-06-25 13:00:00+00:00,41.42,41.61,39.23,39.41,168105.5
2026-06-25 14:00:00+00:00,39.41,40.81,39.41,40.32,146742.9
2026-06-25 15:00:00+00:00,40.32,40.46,39.83,40.4,49940.8
2026-06-25 16:00:00+00:00,40.4,40.77,40.23,40.35,35598.1
2026-06-25 17:00:00+00:00,40.35,41.07,40.35,41.01,51452.2
2026-06-25 18:00:00+00:00,41.01,41.08,40.43,40.67,71460.7
2026-06-25 19:00:00+00:00,40.67,40.69,40.44,40.69,23581.1
2026-06-25 20:00:00+00:00,40.69,40.99,40.69,40.76,26230.4
2026-06-25 21:00:00+00:00,40.76,41.2,40.75,41.2,33587.2
2026-06-25 22:00:00+00:00,41.2,41.23,40.96,40.98,20105.9
2026-06-25 23:00:00+00:00,40.98,41.19,40.85,40.89,10926.7
2026-06-26 00:00:00+00:00,40.89,41.1,40.89,40.99,10471.3
2026-06-26 01:00:00+00:00,40.99,41.05,40.71,40.86,13139.4
2026-06-26 02:00:00+00:00,40.86,40.9,39.97,40.22,66933.0
2026-06-26 03:00:00+00:00,40.22,41.24,40.0,41.2,58977.0
2026-06-26 04:00:00+00:00,41.2,41.34,41.06,41.13,20901.7
2026-06-26 05:00:00+00:00,41.13,41.46,41.08,41.27,28002.4
2026-06-26 06:00:00+00:00,41.27,41.73,41.14,41.69,33054.6
2026-06-26 07:00:00+00:00,41.69,41.94,41.69,41.86,19186.8
2026-06-26 08:00:00+00:00,41.86,41.89,41.38,41.52,25834.8
2026-06-26 09:00:00+00:00,41.52,41.72,41.24,41.27,36911.7
2026-06-26 10:00:00+00:00,41.27,41.38,41.1,41.21,20992.1
2026-06-26 11:00:00+00:00,41.21,41.4,40.75,40.88,32305.2
2026-06-26 12:00:00+00:00,40.88,41.02,40.35,40.5,40152.9
2026-06-26 13:00:00+00:00,40.5,41.31,40.13,41.3,63992.7
2026-06-26 14:00:00+00:00,41.3,41.34,40.89,41.0,43600.4
2026-06-26 15:00:00+00:00,41.0,41.53,40.99,41.36,29509.3
2026-06-26 16:00:00+00:00,41.36,41.91,41.34,41.6,35487.5
2026-06-26 17:00:00+00:00,41.6,41.96,41.58,41.87,19056.4
2026-06-26 18:00:00+00:00,41.87,42.02,41.58,41.63,13561.9
2026-06-26 19:00:00+00:00,41.63,41.92,41.51,41.66,30157.9
2026-06-26 20:00:00+00:00,41.66,42.13,41.66,41.69,49150.4
2026-06-26 21:00:00+00:00,41.69,41.93,41.63,41.83,11436.1
2026-06-26 22:00:00+00:00,41.83,41.96,41.61,41.93,12104.8
2026-06-26 23:00:00+00:00,41.93,41.99,41.81,41.88,5816.9
2026-06-27 00:00:00+00:00,41.88,41.98,41.68,41.87,12008.0
2026-06-27 01:00:00+00:00,41.87,42.07,41.81,42.03,7788.8
2026-06-27 02:00:00+00:00,42.03,42.34,41.96,42.3,16897.1
2026-06-27 03:00:00+00:00,42.3,42.31,42.1,42.24,10386.7
2026-06-27 04:00:00+00:00,42.24,42.42,42.2,42.22,13994.6
2026-06-27 05:00:00+00:00,42.22,42.34,42.16,42.3,12481.9
2026-06-27 06:00:00+00:00,42.3,42.33,42.11,42.17,9072.2
2026-06-27 07:00:00+00:00,42.17,42.49,42.1,42.4,25050.4
2026-06-27 08:00:00+00:00,42.4,42.68,42.32,42.68,22366.7
2026-06-27 09:00:00+00:00,42.68,42.87,42.49,42.6,41535.2
2026-06-27 10:00:00+00:00,42.6,42.72,42.46,42.7,26028.8
2026-06-27 11:00:00+00:00,42.7,42.7,42.37,42.46,10050.8
2026-06-27 12:00:00+00:00,42.46,42.81,42.44,42.76,11355.9
2026-06-27 13:00:00+00:00,42.76,43.07,42.71,43.04,57121.0
2026-06-27 14:00:00+00:00,43.04,43.15,42.83,42.87,14506.3
2026-06-27 15:00:00+00:00,42.87,43.12,42.85,43.09,15120.4
2026-06-27 16:00:00+00:00,43.09,43.27,43.03,43.12,14357.9
2026-06-27 17:00:00+00:00,43.12,43.12,42.68,42.8,32341.3
2026-06-27 18:00:00+00:00,42.8,42.81,42.58,42.71,11619.0
2026-06-27 19:00:00+00:00,42.71,42.81,42.15,42.3,34334.4
2026-06-27 20:00:00+00:00,42.3,42.42,42.3,42.41,7482.3
2026-06-27 21:00:00+00:00,42.41,42.58,42.14,42.22,20419.7
2026-06-27 22:00:00+00:00,42.22,42.3,41.85,42.29,23736.7
2026-06-27 23:00:00+00:00,42.29,42.38,42.11,42.14,8186.7
2026-06-28 00:00:00+00:00,42.14,42.27,42.1,42.21,13300.6
2026-06-28 01:00:00+00:00,42.21,42.24,42.08,42.17,5574.0
2026-06-28 02:00:00+00:00,42.17,42.24,41.88,42.05,15167.8
2026-06-28 03:00:00+00:00,42.05,42.23,42.05,42.22,3995.4
2026-06-28 04:00:00+00:00,42.22,42.32,42.14,42.26,5472.7
2026-06-28 05:00:00+00:00,42.26,42.31,42.05,42.28,14129.1
2026-06-28 06:00:00+00:00,42.28,42.36,42.04,42.35,13338.7
2026-06-28 07:00:00+00:00,42.35,42.51,42.3,42.5,13531.6
2026-06-28 08:00:00+00:00,42.5,43.01,42.44,42.93,31357.0
2026-06-28 09:00:00+00:00,42.93,43.13,42.7,42.76,21563.9
2026-06-28 10:00:00+00:00,42.76,43.01,42.7,42.84,26544.7
2026-06-28 11:00:00+00:00,42.84,43.32,42.84,43.29,13965.2
2026-06-28 12:00:00+00:00,43.29,43.35,43.01,43.12,25084.4
2026-06-28 13:00:00+00:00,43.12,43.15,42.84,42.95,26112.5
2026-06-28 14:00:00+00:00,42.95,43.25,42.95,43.04,18752.7
2026-06-28 15:00:00+00:00,43.04,43.18,42.77,42.89,26238.7
2026-06-28 16:00:00+00:00,42.89,42.96,42.67,42.85,18725.0
2026-06-28 17:00:00+00:00,42.85,42.95,42.56,42.78,11029.6
2026-06-28 18:00:00+00:00,42.78,43.11,42.61,42.61,27646.4
2026-06-28 19:00:00+00:00,42.61,42.64,42.32,42.51,22974.3
2026-06-28 20:00:00+00:00,42.51,42.66,42.42,42.62,18504.1
2026-06-28 21:00:00+00:00,42.62,42.67,42.02,42.11,34550.5
2026-06-28 22:00:00+00:00,42.11,42.59,41.99,42.11,33042.1
2026-06-28 23:00:00+00:00,42.11,42.68,42.08,42.48,29486.3
2026-06-29 00:00:00+00:00,42.48,43.05,42.32,42.9,67416.8
2026-06-29 01:00:00+00:00,42.9,42.97,42.58,42.88,25184.3
2026-06-29 02:00:00+00:00,42.88,43.15,42.44,42.93,27588.3
2026-06-29 03:00:00+00:00,42.93,43.25,42.69,43.23,51773.9
2026-06-29 04:00:00+00:00,43.23,43.25,42.81,42.96,7968.0
2026-06-29 05:00:00+00:00,42.96,42.99,42.63,42.92,57772.0
2026-06-29 06:00:00+00:00,42.92,43.0,42.72,42.77,17569.4
2026-06-29 07:00:00+00:00,42.77,42.88,42.6,42.64,9073.6
2026-06-29 08:00:00+00:00,42.64,42.66,42.23,42.32,22610.3
2026-06-29 09:00:00+00:00,42.32,42.65,42.29,42.44,31570.5
2026-06-29 10:00:00+00:00,42.44,42.53,42.18,42.32,16849.9
2026-06-29 11:00:00+00:00,42.32,42.53,42.18,42.28,15576.2
2026-06-29 12:00:00+00:00,42.28,42.81,42.09,42.49,37434.3
2026-06-29 13:00:00+00:00,42.49,42.78,42.36,42.57,27165.2
2026-06-29 14:00:00+00:00,42.57,42.68,42.21,42.47,25633.5
2026-06-29 15:00:00+00:00,42.47,42.68,42.13,42.49,31276.0
2026-06-29 16:00:00+00:00,42.49,42.69,42.23,42.57,19763.7
2026-06-29 17:00:00+00:00,42.57,43.21,42.52,43.09,35566.1
2026-06-29 18:00:00+00:00,43.09,43.31,43.04,43.28,14919.2
2026-06-29 19:00:00+00:00,43.28,43.41,43.19,43.37,18636.3
2026-06-29 20:00:00+00:00,43.37,43.41,43.2,43.34,28113.9
2026-06-29 21:00:00+00:00,43.34,43.41,43.17,43.36,20841.0
2026-06-29 22:00:00+00:00,43.36,43.36,43.14,43.15,10517.5
2026-06-29 23:00:00+00:00,43.15,43.2,43.01,43.17,8885.6
2026-06-30 00:00:00+00:00,43.17,43.17,42.77,42.78,17367.2
2026-06-30 01:00:00+00:00,42.78,42.83,42.48,42.59,18969.4
2026-06-30 02:00:00+00:00,42.59,42.66,42.43,42.62,10002.7
2026-06-30 03:00:00+00:00,42.62,42.68,42.42,42.47,7674.1
2026-06-30 04:00:00+00:00,42.47,42.58,42.35,42.53,20811.4
2026-06-30 05:00:00+00:00,42.53,42.6,42.46,42.6,7641.1
2026-06-30 06:00:00+00:00,42.6,42.77,42.54,42.73,6540.1
2026-06-30 07:00:00+00:00,42.73,42.81,42.43,42.57,23063.9
2026-06-30 08:00:00+00:00,42.57,42.59,42.25,42.43,26583.8
2026-06-30 09:00:00+00:00,42.43,42.47,42.24,42.46,7141.5
2026-06-30 10:00:00+00:00,42.46,42.51,42.32,42.32,11493.7
2026-06-30 11:00:00+00:00,42.32,42.5,42.2,42.37,12861.1
2026-06-30 12:00:00+00:00,42.37,42.37,41.92,41.92,40871.7
2026-06-30 13:00:00+00:00,41.92,42.24,41.91,42.17,37060.7
2026-06-30 14:00:00+00:00,42.17,42.5,41.67,41.71,48180.3
2026-06-30 15:00:00+00:00,41.71,41.92,41.55,41.69,42013.8
2026-06-30 16:00:00+00:00,41.69,41.88,41.57,41.83,27327.0
2026-06-30 17:00:00+00:00,41.83,41.93,41.75,41.79,12196.5
2026-06-30 18:00:00+00:00,41.79,41.93,41.65,41.8,10758.7
2026-06-30 19:00:00+00:00,41.8,41.96,41.7,41.83,13282.8
2026-06-30 20:00:00+00:00,41.83,41.83,41.6,41.69,6588.9
2026-06-30 21:00:00+00:00,41.69,41.88,41.58,41.88,12703.4
2026-06-30 22:00:00+00:00,41.88,41.94,41.73,41.82,5955.2
2026-06-30 23:00:00+00:00,41.82,41.94,41.79,41.92,4109.3
2026-07-01 00:00:00+00:00,41.92,41.94,41.76,41.85,9405.1
2026-07-01 01:00:00+00:00,41.85,42.21,41.29,42.11,73568.3
2026-07-01 02:00:00+00:00,42.11,42.61,42.08,42.59,15434.2
2026-07-01 03:00:00+00:00,42.59,42.92,42.56,42.81,23586.2
2026-07-01 04:00:00+00:00,42.81,42.9,42.61,42.83,15051.0
2026-07-01 05:00:00+00:00,42.83,42.91,42.63,42.66,14752.8
2026-07-01 06:00:00+00:00,42.66,42.69,42.26,42.35,15781.3
2026-07-01 07:00:00+00:00,42.35,42.4,42.16,42.19,13601.8
2026-07-01 08:00:00+00:00,42.19,42.26,41.99,42.26,14459.2
2026-07-01 09:00:00+00:00,42.26,42.4,42.13,42.19,14596.2
2026-07-01 10:00:00+00:00,42.19,42.24,41.76,41.87,29460.6
2026-07-01 11:00:00+00:00,41.87,41.97,41.74,41.76,25138.7
2026-07-01 12:00:00+00:00,41.76,41.79,41.09,41.23,63045.8
2026-07-01 13:00:00+00:00,41.23,41.84,41.15,41.84,42670.5
2026-07-01 14:00:00+00:00,41.84,42.24,41.71,42.08,26554.9
2026-07-01 15:00:00+00:00,42.08,42.88,42.06,42.49,37773.7
2026-07-01 16:00:00+00:00,42.49,42.71,42.31,42.35,16644.4
2026-07-01 17:00:00+00:00,42.35,42.57,42.2,42.49,14524.7
2026-07-01 18:00:00+00:00,42.49,42.55,42.31,42.39,15037.1
2026-07-01 19:00:00+00:00,42.39,42.52,42.35,42.43,11045.7
2026-07-01 20:00:00+00:00,42.43,42.58,42.33,42.56,10723.2
2026-07-01 21:00:00+00:00,42.56,43.69,42.56,43.41,103234.9
2026-07-01 22:00:00+00:00,43.41,43.63,42.93,42.98,57269.4
2026-07-01 23:00:00+00:00,42.98,42.98,42.62,42.68,16122.5
2026-07-02 00:00:00+00:00,42.68,42.79,42.39,42.52,29351.2
2026-07-02 01:00:00+00:00,42.52,42.95,42.5,42.79,12688.5
2026-07-02 02:00:00+00:00,42.79,42.96,42.74,42.79,8081.0
2026-07-02 03:00:00+00:00,42.79,43.32,42.66,43.24,31598.0
2026-07-02 04:00:00+00:00,43.24,43.24,43.0,43.11,14635.9
2026-07-02 05:00:00+00:00,43.11,43.15,42.73,42.84,11325.3
2026-07-02 06:00:00+00:00,42.84,42.87,42.58,42.62,19106.2
2026-07-02 07:00:00+00:00,42.62,42.73,42.52,42.67,11055.2
2026-07-02 08:00:00+00:00,42.67,42.94,42.64,42.92,10069.8
2026-07-02 09:00:00+00:00,42.92,43.37,42.77,43.22,35530.3
2026-07-02 10:00:00+00:00,43.22,43.4,43.2,43.27,17479.5
2026-07-02 11:00:00+00:00,43.27,43.44,42.81,43.01,44356.2
2026-07-02 12:00:00+00:00,43.01,43.24,42.89,43.22,27743.4
2026-07-02 13:00:00+00:00,43.22,43.77,43.2,43.59,48392.1
2026-07-02 14:00:00+00:00,43.59,43.9,43.38,43.53,45993.4
2026-07-02 15:00:00+00:00,43.53,43.59,43.3,43.37,27865.4
2026-07-02 16:00:00+00:00,43.37,43.49,43.19,43.41,24648.7
2026-07-02 17:00:00+00:00,43.41,43.58,43.35,43.39,18240.7
2026-07-02 18:00:00+00:00,43.39,43.79,43.39,43.66,19517.7
2026-07-02 19:00:00+00:00,43.66,43.69,43.35,43.39,23588.9
2026-07-02 20:00:00+00:00,43.39,43.51,43.24,43.39,18830.5
2026-07-02 21:00:00+00:00,43.39,43.56,43.33,43.4,13720.1
2026-07-02 22:00:00+00:00,43.4,43.53,43.31,43.46,7334.3
2026-07-02 23:00:00+00:00,43.46,43.54,43.37,43.52,4187.1
2026-07-03 00:00:00+00:00,43.52,43.57,43.37,43.52,8851.5
2026-07-03 01:00:00+00:00,43.52,43.84,43.47,43.62,12279.3
2026-07-03 02:00:00+00:00,43.62,43.76,43.44,43.52,10858.0
2026-07-03 03:00:00+00:00,43.52,43.54,43.06,43.19,31089.6
2026-07-03 04:00:00+00:00,43.19,43.24,43.11,43.17,11901.3
2026-07-03 05:00:00+00:00,43.17,43.39,43.1,43.26,7551.7
2026-07-03 06:00:00+00:00,43.26,43.36,43.19,43.27,5257.3
2026-07-03 07:00:00+00:00,43.27,43.33,43.2,43.2,3746.8
2026-07-03 08:00:00+00:00,43.2,43.46,43.18,43.22,14412.7
2026-07-03 09:00:00+00:00,43.22,43.41,43.18,43.34,7384.3
2026-07-03 10:00:00+00:00,43.34,43.6,43.32,43.54,14860.7
2026-07-03 11:00:00+00:00,43.54,43.67,43.41,43.61,8636.7
2026-07-03 12:00:00+00:00,43.61,43.69,43.44,43.51,5785.1
2026-07-03 13:00:00+00:00,43.51,43.76,43.49,43.68,15192.8
2026-07-03 14:00:00+00:00,43.68,43.68,43.22,43.59,18035.2
2026-07-03 15:00:00+00:00,43.59,43.91,43.49,43.59,25364.3
2026-07-03 16:00:00+00:00,43.59,43.79,43.43,43.74,13568.1
2026-07-03 17:00:00+00:00,43.74,44.05,43.68,44.05,39490.4
2026-07-03 18:00:00+00:00,44.05,44.15,43.89,44.12,27164.1
2026-07-03 19:00:00+00:00,44.12,44.41,44.09,44.27,34251.8
2026-07-03 20:00:00+00:00,44.27,45.31,44.16,45.18,96034.9
2026-07-03 21:00:00+00:00,45.18,45.32,44.83,45.25,27535.1
2026-07-03 22:00:00+00:00,45.25,45.28,44.71,44.88,23484.4
2026-07-03 23:00:00+00:00,44.88,44.9,44.72,44.79,11513.0
2026-07-04 00:00:00+00:00,44.79,44.94,44.59,44.62,23069.0
2026-07-04 01:00:00+00:00,44.62,44.62,44.07,44.21,26992.9
2026-07-04 02:00:00+00:00,44.21,44.34,44.14,44.28,9563.5
2026-07-04 03:00:00+00:00,44.28,44.39,44.07,44.32,10658.7
2026-07-04 04:00:00+00:00,44.32,44.54,44.17,44.49,16548.7
2026-07-04 05:00:00+00:00,44.49,44.51,44.3,44.45,5533.5
2026-07-04 06:00:00+00:00,44.45,44.52,44.02,44.2,12558.0
2026-07-04 07:00:00+00:00,44.2,44.31,43.92,44.21,18165.7
2026-07-04 08:00:00+00:00,44.21,44.5,44.15,44.48,14011.0
2026-07-04 09:00:00+00:00,44.48,44.53,44.17,44.27,16666.5
2026-07-04 10:00:00+00:00,44.27,44.4,44.19,44.31,12127.6
2026-07-04 11:00:00+00:00,44.31,44.38,44.16,44.35,6606.9
2026-07-04 12:00:00+00:00,44.35,44.54,44.35,44.51,8726.0
2026-07-04 13:00:00+00:00,44.51,44.73,44.22,44.33,19525.4
2026-07-04 14:00:00+00:00,44.33,44.78,44.33,44.77,14792.5
2026-07-04 15:00:00+00:00,44.77,45.21,44.77,45.13,36802.8
2026-07-04 16:00:00+00:00,45.13,45.41,45.05,45.32,19253.5
2026-07-04 17:00:00+00:00,45.32,45.69,45.12,45.55,35747.3
2026-07-04 18:00:00+00:00,45.55,45.6,45.26,45.34,12591.0
2026-07-04 19:00:00+00:00,45.34,45.38,45.07,45.14,11008.8
2026-07-04 20:00:00+00:00,45.14,45.17,44.82,45.0,18226.6
2026-07-04 21:00:00+00:00,45.0,45.21,44.96,45.11,16293.4
2026-07-04 22:00:00+00:00,45.11,45.11,44.93,45.03,6904.7
2026-07-04 23:00:00+00:00,45.03,45.04,44.62,44.81,20154.7
2026-07-05 00:00:00+00:00,44.81,44.82,44.23,44.39,20560.0
2026-07-05 01:00:00+00:00,44.39,44.46,44.21,44.35,11545.7
2026-07-05 02:00:00+00:00,44.35,44.35,44.1,44.23,10483.1
2026-07-05 03:00:00+00:00,44.23,44.27,44.14,44.26,4806.9
2026-07-05 04:00:00+00:00,44.26,44.42,44.19,44.22,5750.4
2026-07-05 05:00:00+00:00,44.22,44.26,44.03,44.15,10542.0
2026-07-05 06:00:00+00:00,44.15,44.29,44.07,44.25,4606.1
2026-07-05 07:00:00+00:00,44.25,44.42,44.21,44.39,9404.7
2026-07-05 08:00:00+00:00,44.39,44.47,44.36,44.44,7026.7
2026-07-05 09:00:00+00:00,44.44,44.47,43.94,44.18,27683.2
2026-07-05 10:00:00+00:00,44.18,44.69,44.11,44.64,10642.6
2026-07-05 11:00:00+00:00,44.64,44.78,44.57,44.76,11789.2
2026-07-05 12:00:00+00:00,44.76,44.94,44.67,44.72,18228.6
2026-07-05 13:00:00+00:00,44.72,44.88,44.64,44.88,11990.6
2026-07-05 14:00:00+00:00,44.88,45.2,44.77,45.15,21605.9
2026-07-05 15:00:00+00:00,45.15,45.6,45.07,45.4,41218.1
2026-07-05 16:00:00+00:00,45.4,45.87,44.97,45.05,52579.0
2026-07-05 17:00:00+00:00,45.05,45.45,45.04,45.44,13121.1
2026-07-05 18:00:00+00:00,45.44,46.06,45.38,45.77,51691.5
2026-07-05 19:00:00+00:00,45.77,45.85,45.54,45.64,18990.2
2026-07-05 20:00:00+00:00,45.64,45.74,45.42,45.51,15013.9
2026-07-05 21:00:00+00:00,45.51,45.77,45.27,45.58,32037.8
2026-07-05 22:00:00+00:00,45.58,46.12,45.51,45.88,37986.3
2026-07-05 23:00:00+00:00,45.88,46.09,45.67,45.77,25405.7
2026-07-06 00:00:00+00:00,45.77,45.99,45.47,45.94,37036.5
2026-07-06 01:00:00+00:00,45.94,45.96,45.38,45.44,18685.7
2026-07-06 02:00:00+00:00,45.44,45.52,45.08,45.3,17335.1
2026-07-06 03:00:00+00:00,45.3,45.31,44.95,45.23,19162.1
2026-07-06 04:00:00+00:00,45.23,45.25,45.06,45.15,5202.0
2026-07-06 05:00:00+00:00,45.15,45.16,44.79,44.94,16257.4
2026-07-06 06:00:00+00:00,44.94,45.03,44.63,44.94,59113.7
2026-07-06 07:00:00+00:00,44.94,44.94,44.67,44.86,18476.1
2026-07-06 08:00:00+00:00,44.86,44.96,44.58,44.75,19812.0
2026-07-06 09:00:00+00:00,44.75,44.97,44.32,44.5,56671.8
2026-07-06 10:00:00+00:00,44.5,44.76,44.43,44.72,18517.4
2026-07-06 11:00:00+00:00,44.72,44.73,44.37,44.41,35477.8
2026-07-06 12:00:00+00:00,44.41,44.43,44.02,44.1,62273.9
2026-07-06 13:00:00+00:00,44.1,44.39,43.7,44.23,87751.1
2026-07-06 14:00:00+00:00,44.23,44.41,44.11,44.29,26528.9
2026-07-06 15:00:00+00:00,44.29,44.99,44.29,44.96,25747.0
2026-07-06 16:00:00+00:00,44.96,45.18,44.82,45.14,27871.9
2026-07-06 17:00:00+00:00,45.14,45.26,44.98,45.06,13881.9
2026-07-06 18:00:00+00:00,45.06,45.24,44.99,45.16,14728.2
2026-07-06 19:00:00+00:00,45.16,45.29,45.04,45.16,12886.5
2026-07-06 20:00:00+00:00,45.16,45.16,44.89,44.98,14983.1
2026-07-06 21:00:00+00:00,44.98,45.6,44.95,45.46,32431.6
2026-07-06 22:00:00+00:00,45.46,45.49,45.12,45.16,14044.5
2026-07-06 23:00:00+00:00,45.16,45.21,44.77,44.81,20435.0
2026-07-07 00:00:00+00:00,44.81,44.95,44.7,44.93,10890.0
2026-07-07 01:00:00+00:00,44.93,44.93,44.6,44.66,12505.9
2026-07-07 02:00:00+00:00,44.66,44.7,44.28,44.31,12062.8
2026-07-07 03:00:00+00:00,44.31,44.34,44.0,44.08,13303.8
2026-07-07 04:00:00+00:00,44.08,44.12,43.83,43.96,11463.1
2026-07-07 05:00:00+00:00,43.96,44.1,43.79,44.05,10982.2
2026-07-07 06:00:00+00:00,44.05,44.18,43.93,44.15,19391.1
2026-07-07 07:00:00+00:00,44.15,44.22,44.0,44.0,10678.6
2026-07-07 08:00:00+00:00,44.0,44.06,43.92,44.0,12489.7
2026-07-07 09:00:00+00:00,44.0,44.1,43.97,44.04,8994.8
2026-07-07 10:00:00+00:00,44.04,44.19,43.88,43.89,16694.4
2026-07-07 11:00:00+00:00,43.89,44.16,43.78,44.14,11613.2
2026-07-07 12:00:00+00:00,44.14,44.33,43.99,43.99,10445.3
2026-07-07 13:00:00+00:00,43.99,44.07,43.76,43.85,29710.5
2026-07-07 14:00:00+00:00,43.85,44.3,43.74,44.27,25803.5
2026-07-07 15:00:00+00:00,44.27,44.69,44.04,44.66,40258.9
2026-07-07 16:00:00+00:00,44.66,44.86,44.41,44.69,24244.4
2026-07-07 17:00:00+00:00,44.69,44.74,44.41,44.54,18774.8
2026-07-07 18:00:00+00:00,44.54,44.55,44.03,44.04,22074.2
2026-07-07 19:00:00+00:00,44.04,44.09,43.68,43.98,29226.4
2026-07-07 20:00:00+00:00,43.98,44.09,43.92,44.02,12138.2
2026-07-07 21:00:00+00:00,44.02,44.08,43.73,43.82,13937.3
2026-07-07 22:00:00+00:00,43.82,43.98,43.63,43.93,12688.0
2026-07-07 23:00:00+00:00,43.93,44.04,43.84,43.87,5522.8
2026-07-08 00:00:00+00:00,43.87,43.96,43.76,43.87,17668.1
2026-07-08 01:00:00+00:00,43.87,43.98,43.47,43.75,48464.6
2026-07-08 02:00:00+00:00,43.75,43.79,43.46,43.61,34824.0
2026-07-08 03:00:00+00:00,43.61,43.72,43.43,43.46,15991.7
2026-07-08 04:00:00+00:00,43.46,43.72,43.3,43.59,75098.2
2026-07-08 05:00:00+00:00,43.59,43.79,43.54,43.65,14909.8
2026-07-08 06:00:00+00:00,43.65,43.66,43.37,43.54,24323.3
2026-07-08 07:00:00+00:00,43.54,43.92,43.44,43.83,23598.1
2026-07-08 08:00:00+00:00,43.83,44.05,43.27,43.41,64321.4
2026-07-08 09:00:00+00:00,43.41,43.45,43.14,43.33,24897.0
2026-07-08 10:00:00+00:00,43.33,43.4,43.19,43.38,9227.4
2026-07-08 11:00:00+00:00,43.38,43.76,43.33,43.63,16444.2
2026-07-08 12:00:00+00:00,43.63,43.92,43.57,43.61,35929.0
2026-07-08 13:00:00+00:00,43.61,43.77,43.33,43.55,30725.2
2026-07-08 14:00:00+00:00,43.55,43.83,43.49,43.64,27201.4
2026-07-08 15:00:00+00:00,43.64,43.7,43.15,43.32,22848.1
2026-07-08 16:00:00+00:00,43.32,43.63,43.26,43.59,22532.6
2026-07-08 17:00:00+00:00,43.59,43.72,43.42,43.44,9788.7
2026-07-08 18:00:00+00:00,43.44,43.59,43.41,43.53,6433.0
2026-07-08 19:00:00+00:00,43.53,43.58,43.3,43.41,11677.5
2026-07-08 20:00:00+00:00,43.41,43.5,43.31,43.33,12178.8
2026-07-08 21:00:00+00:00,43.33,43.55,43.26,43.47,14757.2
2026-07-08 22:00:00+00:00,43.47,43.54,43.42,43.51,5709.6
2026-07-08 23:00:00+00:00,43.51,43.65,43.46,43.63,6458.1
2026-07-09 00:00:00+00:00,43.63,43.72,43.57,43.65,15995.4
2026-07-09 01:00:00+00:00,43.65,44.07,43.6,43.63,21551.8
2026-07-09 02:00:00+00:00,43.63,43.87,43.44,43.44,15678.9
2026-07-09 03:00:00+00:00,43.44,43.7,43.41,43.7,11066.7
2026-07-09 04:00:00+00:00,43.7,44.01,43.68,43.98,9773.9
2026-07-09 05:00:00+00:00,43.98,44.19,43.92,44.17,21088.6
2026-07-09 06:00:00+00:00,44.17,44.29,44.05,44.22,17345.6
2026-07-09 07:00:00+00:00,44.22,44.3,43.98,44.01,14653.2
2026-07-09 08:00:00+00:00,44.01,44.13,43.93,43.94,9541.1
2026-07-09 09:00:00+00:00,43.94,43.97,43.8,43.93,7699.2
2026-07-09 10:00:00+00:00,43.93,43.94,43.7,43.76,8437.4
2026-07-09 11:00:00+00:00,43.76,43.87,43.69,43.85,12813.5
2026-07-09 12:00:00+00:00,43.85,43.97,43.76,43.92,24938.4
2026-07-09 13:00:00+00:00,43.92,44.23,43.79,44.17,18965.5
2026-07-09 14:00:00+00:00,44.17,44.22,43.79,43.81,15328.6
2026-07-09 15:00:00+00:00,43.81,44.21,43.8,43.94,25755.2
2026-07-09 16:00:00+00:00,43.94,44.04,43.76,43.86,9188.2
2026-07-09 17:00:00+00:00,43.86,44.04,43.86,43.97,11478.5
2026-07-09 18:00:00+00:00,43.97,44.25,43.95,44.07,21295.0
2026-07-09 19:00:00+00:00,44.07,44.27,43.95,43.95,17246.8
2026-07-09 20:00:00+00:00,43.95,44.05,43.88,43.91,10615.5
2026-07-09 21:00:00+00:00,43.91,43.99,43.86,43.89,9815.2
2026-07-09 22:00:00+00:00,43.89,44.0,43.87,43.93,4645.8
2026-07-09 23:00:00+00:00,43.93,43.98,43.65,43.77,18415.3
2026-07-10 00:00:00+00:00,43.77,43.82,43.55,43.67,12684.7
2026-07-10 01:00:00+00:00,43.67,44.35,43.57,44.16,39965.4
2026-07-10 02:00:00+00:00,44.16,44.37,44.11,44.37,12905.2
2026-07-10 03:00:00+00:00,44.37,44.38,44.13,44.35,16842.0
2026-07-10 04:00:00+00:00,44.35,44.43,44.31,44.38,15298.8
2026-07-10 05:00:00+00:00,44.38,44.68,44.37,44.38,20466.5
2026-07-10 06:00:00+00:00,44.38,44.42,44.31,44.32,19236.2
2026-07-10 07:00:00+00:00,44.32,44.39,44.26,44.27,9821.0
2026-07-10 08:00:00+00:00,44.27,44.61,44.26,44.48,34630.4
2026-07-10 09:00:00+00:00,44.48,44.54,44.37,44.54,12801.6
2026-07-10 10:00:00+00:00,44.54,44.62,44.4,44.59,17665.7
2026-07-10 11:00:00+00:00,44.59,44.63,44.48,44.56,7280.8
2026-07-10 12:00:00+00:00,44.56,44.68,44.45,44.52,23210.5
2026-07-10 13:00:00+00:00,44.52,44.72,44.46,44.64,12684.5
2026-07-10 14:00:00+00:00,44.64,44.67,44.01,44.37,38425.6
2026-07-10 15:00:00+00:00,44.37,44.77,44.37,44.72,18707.6
2026-07-10 16:00:00+00:00,44.72,44.75,44.55,44.71,13505.3
2026-07-10 17:00:00+00:00,44.71,44.72,44.49,44.51,8101.4
2026-07-10 18:00:00+00:00,44.51,44.65,44.35,44.45,14030.9
2026-07-10 19:00:00+00:00,44.45,44.65,44.42,44.6,6615.0
2026-07-10 20:00:00+00:00,44.6,44.65,44.48,44.53,4298.8
2026-07-10 21:00:00+00:00,44.53,44.73,44.51,44.65,11832.2
2026-07-10 22:00:00+00:00,44.65,44.76,44.63,44.74,5043.2
2026-07-10 23:00:00+00:00,44.74,44.92,44.7,44.75,16462.7
2026-07-11 00:00:00+00:00,44.75,44.76,44.59,44.74,13003.3
2026-07-11 01:00:00+00:00,44.74,44.82,44.67,44.71,6243.1
2026-07-11 02:00:00+00:00,44.71,44.71,44.57,44.7,6028.7
2026-07-11 03:00:00+00:00,44.7,44.75,44.65,44.72,3978.1
2026-07-11 04:00:00+00:00,44.72,44.78,44.67,44.76,3382.5
2026-07-11 05:00:00+00:00,44.76,44.94,44.73,44.93,7798.6
2026-07-11 06:00:00+00:00,44.93,45.07,44.89,44.92,12759.3
2026-07-11 07:00:00+00:00,44.92,45.02,44.86,44.98,11614.1
2026-07-11 08:00:00+00:00,44.98,45.06,44.94,45.04,6730.7
2026-07-11 09:00:00+00:00,45.04,45.15,44.94,44.96,12301.7
2026-07-11 10:00:00+00:00,44.96,45.02,44.87,45.01,6140.3
2026-07-11 11:00:00+00:00,45.01,45.13,45.01,45.1,5257.7
2026-07-11 12:00:00+00:00,45.1,45.17,45.08,45.13,5019.1
2026-07-11 13:00:00+00:00,45.13,45.14,44.92,44.93,5451.3
2026-07-11 14:00:00+00:00,44.93,45.27,44.93,45.13,10475.0
2026-07-11 15:00:00+00:00,45.13,45.29,44.96,45.11,17639.8
2026-07-11 16:00:00+00:00,45.11,45.16,45.02,45.06,6821.4
2026-07-11 17:00:00+00:00,45.06,45.17,44.99,45.09,4646.5
2026-07-11 18:00:00+00:00,45.09,45.27,45.05,45.23,8016.0
2026-07-11 19:00:00+00:00,45.23,45.41,45.2,45.36,8498.0
2026-07-11 20:00:00+00:00,45.36,45.45,45.34,45.39,6329.5
2026-07-11 21:00:00+00:00,45.39,45.53,45.28,45.35,10886.5
2026-07-11 22:00:00+00:00,45.35,45.4,45.07,45.15,19475.8
2026-07-11 23:00:00+00:00,45.15,45.15,44.6,44.63,26253.1
2026-07-12 00:00:00+00:00,44.63,44.66,44.28,44.45,79009.9
2026-07-12 01:00:00+00:00,44.45,44.75,44.43,44.72,10599.7
2026-07-12 02:00:00+00:00,44.72,44.72,44.6,44.63,7355.1
2026-07-12 03:00:00+00:00,44.63,44.8,44.62,44.74,5386.8
2026-07-12 04:00:00+00:00,44.74,44.76,44.54,44.58,5391.3
2026-07-12 05:00:00+00:00,44.58,44.63,44.48,44.61,4693.9
2026-07-12 06:00:00+00:00,44.61,44.61,44.35,44.47,16221.3
2026-07-12 07:00:00+00:00,44.47,44.54,44.42,44.49,3486.0
2026-07-12 08:00:00+00:00,44.49,44.59,44.47,44.57,5891.8
2026-07-12 09:00:00+00:00,44.57,44.57,44.38,44.52,9291.0
2026-07-12 10:00:00+00:00,44.52,44.53,44.43,44.48,2880.0
2026-07-12 11:00:00+00:00,44.48,44.68,44.4,44.66,5772.9
2026-07-12 12:00:00+00:00,44.66,44.76,44.6,44.73,5165.1
2026-07-12 13:00:00+00:00,44.73,44.76,44.59,44.59,13489.6
2026-07-12 14:00:00+00:00,44.59,44.84,44.52,44.8,14797.5
2026-07-12 15:00:00+00:00,44.8,44.86,44.75,44.76,6671.6
2026-07-12 16:00:00+00:00,44.76,44.84,44.7,44.77,5536.4
2026-07-12 17:00:00+00:00,44.77,44.79,44.47,44.5,7488.1
2026-07-12 18:00:00+00:00,44.5,44.61,44.48,44.58,13597.3
2026-07-12 19:00:00+00:00,44.58,44.67,44.51,44.62,3752.4
2026-07-12 20:00:00+00:00,44.62,44.63,44.48,44.56,4716.3
2026-07-12 21:00:00+00:00,44.56,44.66,44.3,44.35,14924.9
2026-07-12 22:00:00+00:00,44.35,44.35,44.01,44.15,28597.6
2026-07-12 23:00:00+00:00,44.15,44.15,43.94,43.97,8571.5
2026-07-13 00:00:00+00:00,43.97,44.51,43.87,44.18,49333.8
2026-07-13 01:00:00+00:00,44.18,44.24,43.85,43.88,10804.0
2026-07-13 02:00:00+00:00,43.88,44.02,43.73,43.83,22134.7
2026-07-13 03:00:00+00:00,43.83,43.83,43.33,43.5,39685.9
2026-07-13 04:00:00+00:00,43.5,43.66,43.44,43.45,5311.8
2026-07-13 05:00:00+00:00,43.45,43.81,43.34,43.78,22591.5
2026-07-13 06:00:00+00:00,43.78,43.86,43.71,43.8,5371.6
2026-07-13 07:00:00+00:00,43.8,43.99,43.78,43.88,6418.5
2026-07-13 08:00:00+00:00,43.88,43.99,43.84,43.9,9147.5
2026-07-13 09:00:00+00:00,43.9,43.9,43.79,43.85,4174.7
2026-07-13 10:00:00+00:00,43.85,43.85,43.64,43.7,7604.2
2026-07-13 11:00:00+00:00,43.7,43.76,43.35,43.36,11387.7
2026-07-13 12:00:00+00:00,43.36,43.42,43.21,43.37,19344.8
2026-07-13 13:00:00+00:00,43.37,43.42,43.2,43.21,25389.5
2026-07-13 14:00:00+00:00,43.21,43.58,43.06,43.56,37288.1
2026-07-13 15:00:00+00:00,43.56,43.64,43.43,43.45,12456.0
2026-07-13 16:00:00+00:00,43.45,43.49,43.23,43.29,14730.7
2026-07-13 17:00:00+00:00,43.29,43.36,42.93,42.98,18262.4
2026-07-13 18:00:00+00:00,42.98,43.17,42.86,43.07,18296.1
2026-07-13 19:00:00+00:00,43.07,43.32,43.04,43.29,8534.6
2026-07-13 20:00:00+00:00,43.29,43.31,43.12,43.24,7032.8
2026-07-13 21:00:00+00:00,43.24,43.35,43.05,43.17,10709.5
2026-07-13 22:00:00+00:00,43.17,43.42,43.14,43.28,6605.0
2026-07-13 23:00:00+00:00,43.28,43.53,43.24,43.53,8391.3
2026-07-14 00:00:00+00:00,43.53,43.78,43.46,43.78,16302.7
2026-07-14 01:00:00+00:00,43.78,43.81,43.63,43.65,4816.5
2026-07-14 02:00:00+00:00,43.65,43.7,43.42,43.56,7848.8
2026-07-14 03:00:00+00:00,43.56,43.67,43.4,43.67,5165.6
2026-07-14 04:00:00+00:00,43.67,43.72,43.56,43.68,5695.3
2026-07-14 05:00:00+00:00,43.68,43.83,43.66,43.81,7306.5
2026-07-14 06:00:00+00:00,43.81,43.82,43.64,43.7,6660.7
2026-07-14 07:00:00+00:00,43.7,43.72,43.51,43.56,7114.7
2026-07-14 08:00:00+00:00,43.56,43.65,43.51,43.61,5104.2
2026-07-14 09:00:00+00:00,43.61,43.73,43.55,43.7,8055.3
2026-07-14 10:00:00+00:00,43.7,43.78,43.57,43.7,8626.3
2026-07-14 11:00:00+00:00,43.7,43.77,43.66,43.66,10328.8
2026-07-14 12:00:00+00:00,43.66,44.57,43.58,44.52,50919.0
2026-07-14 13:00:00+00:00,44.52,44.86,44.43,44.65,53088.8
2026-07-14 14:00:00+00:00,44.65,44.73,44.47,44.65,40377.1
2026-07-14 15:00:00+00:00,44.65,44.98,44.48,44.75,25806.2
2026-07-14 16:00:00+00:00,44.75,44.86,44.56,44.57,22472.3
2026-07-14 17:00:00+00:00,44.57,44.64,44.26,44.63,49578.9
2026-07-14 18:00:00+00:00,44.63,44.72,44.46,44.71,23414.9
2026-07-14 19:00:00+00:00,44.71,44.99,44.7,44.93,23471.9
2026-07-14 20:00:00+00:00,44.93,44.98,44.84,44.98,13448.8
2026-07-14 21:00:00+00:00,44.98,45.06,44.9,45.06,15080.6
2026-07-14 22:00:00+00:00,45.06,45.24,44.92,45.12,16568.2
2026-07-14 23:00:00+00:00,45.12,45.49,45.11,45.37,26414.0
2026-07-15 00:00:00+00:00,45.37,45.49,45.11,45.26,32812.5
2026-07-15 01:00:00+00:00,45.26,45.28,44.9,44.95,21571.9
2026-07-15 02:00:00+00:00,44.95,45.0,44.75,44.79,26544.4
2026-07-15 03:00:00+00:00,44.79,45.02,44.59,44.91,36633.8
2026-07-15 04:00:00+00:00,44.91,44.94,44.59,44.74,16582.3
2026-07-15 05:00:00+00:00,44.74,44.91,44.62,44.9,5407.2
2026-07-15 06:00:00+00:00,44.9,45.17,44.86,45.0,20736.5
2026-07-15 07:00:00+00:00,45.0,45.16,44.82,45.12,12125.9
2026-07-15 08:00:00+00:00,45.12,45.33,45.08,45.29,10629.6
2026-07-15 09:00:00+00:00,45.29,46.07,45.29,45.77,80100.0
2026-07-15 10:00:00+00:00,45.77,46.03,45.43,45.48,42597.5
2026-07-15 11:00:00+00:00,45.48,45.58,45.31,45.38,25682.3
2026-07-15 12:00:00+00:00,45.38,45.65,45.29,45.63,41609.6
2026-07-15 13:00:00+00:00,45.63,45.75,45.31,45.44,31487.0
2026-07-15 14:00:00+00:00,45.44,45.62,45.32,45.55,21577.6
2026-07-15 15:00:00+00:00,45.55,45.92,45.45,45.7,32515.3
2026-07-15 16:00:00+00:00,45.7,45.74,44.83,45.13,71244.9
2026-07-15 17:00:00+00:00,45.13,45.27,45.03,45.23,14230.0
2026-07-15 18:00:00+00:00,45.23,45.32,44.97,45.01,21325.1
2026-07-15 19:00:00+00:00,45.01,45.08,44.87,44.89,15709.3
2026-07-15 20:00:00+00:00,44.89,45.13,44.87,45.07,9290.8
2026-07-15 21:00:00+00:00,45.07,45.2,44.94,44.98,29000.0
2026-07-15 22:00:00+00:00,44.98,45.18,44.93,45.1,20938.9
2026-07-15 23:00:00+00:00,45.1,45.2,45.02,45.13,12365.5
2026-07-16 00:00:00+00:00,45.13,45.29,44.93,45.05,26567.2
2026-07-16 01:00:00+00:00,45.05,45.25,44.93,45.19,6801.6
2026-07-16 02:00:00+00:00,45.19,45.29,45.14,45.29,5353.7
2026-07-16 03:00:00+00:00,45.29,45.3,45.11,45.16,6059.1
2026-07-16 04:00:00+00:00,45.16,45.28,45.15,45.22,6264.1
2026-07-16 05:00:00+00:00,45.22,45.39,45.21,45.26,12317.1
2026-07-16 06:00:00+00:00,45.26,45.36,44.98,45.13,11412.8
2026-07-16 07:00:00+00:00,45.13,45.13,44.75,44.84,14392.0
2026-07-16 08:00:00+00:00,44.84,44.95,44.54,44.71,54371.3
2026-07-16 09:00:00+00:00,44.71,44.77,44.56,44.64,23257.9
2026-07-16 10:00:00+00:00,44.64,44.76,44.6,44.65,10424.3
2026-07-16 11:00:00+00:00,44.65,44.66,44.45,44.55,15842.6
2026-07-16 12:00:00+00:00,44.55,44.57,44.33,44.48,36177.3
2026-07-16 13:00:00+00:00,44.48,44.81,44.47,44.71,17142.0
2026-07-16 14:00:00+00:00,44.71,44.99,44.7,44.92,14293.6
2026-07-16 15:00:00+00:00,44.92,45.28,44.76,45.2,41167.7
2026-07-16 16:00:00+00:00,45.2,45.32,45.05,45.23,19208.0
2026-07-16 17:00:00+00:00,45.23,45.26,44.93,45.07,12694.7
2026-07-16 18:00:00+00:00,45.07,45.27,45.04,45.22,7929.0
2026-07-16 19:00:00+00:00,45.22,45.3,45.11,45.21,11391.1
2026-07-16 20:00:00+00:00,45.21,45.22,45.03,45.04,6076.9
2026-07-16 21:00:00+00:00,45.04,45.33,45.04,45.25,10725.9
2026-07-16 22:00:00+00:00,45.25,45.35,44.99,45.02,10423.2
2026-07-16 23:00:00+00:00,45.02,45.03,44.76,44.91,19678.4
2026-07-17 00:00:00+00:00,44.91,45.29,44.83,45.28,26919.3
2026-07-17 01:00:00+00:00,45.28,45.35,44.94,44.94,12745.5
2026-07-17 02:00:00+00:00,44.94,45.04,44.75,44.96,17802.6
2026-07-17 03:00:00+00:00,44.96,45.88,44.96,45.52,75536.6
2026-07-17 04:00:00+00:00,45.52,45.69,45.21,45.47,26777.7
2026-07-17 05:00:00+00:00,45.47,45.59,45.07,45.11,26216.9
2026-07-17 06:00:00+00:00,45.11,45.17,44.8,44.86,33518.0
2026-07-17 07:00:00+00:00,44.86,44.95,44.62,44.72,29184.5
2026-07-17 08:00:00+00:00,44.72,44.73,44.13,44.29,35961.5
2026-07-17 09:00:00+00:00,44.29,44.69,44.27,44.59,19870.4
2026-07-17 10:00:00+00:00,44.59,44.95,44.51,44.54,31643.7
2026-07-17 11:00:00+00:00,44.54,44.57,44.13,44.37,27693.5
2026-07-17 12:00:00+00:00,44.37,44.42,44.22,44.34,19994.9
2026-07-17 13:00:00+00:00,44.34,44.61,44.06,44.58,44469.7
2026-07-17 14:00:00+00:00,44.58,44.82,44.45,44.51,23922.4
2026-07-17 15:00:00+00:00,44.51,44.82,44.33,44.72,28919.8
2026-07-17 16:00:00+00:00,44.72,44.97,44.6,44.84,20390.2
2026-07-17 17:00:00+00:00,44.84,45.09,44.82,44.91,26450.4
2026-07-17 18:00:00+00:00,44.91,45.09,44.88,44.98,14710.5
2026-07-17 19:00:00+00:00,44.98,45.11,44.8,45.08,12267.6
2026-07-17 20:00:00+00:00,45.08,45.08,44.96,45.02,6428.3
2026-07-17 21:00:00+00:00,45.02,45.32,44.99,44.99,21371.6
2026-07-17 22:00:00+00:00,44.99,45.12,44.97,45.05,3590.8
2026-07-17 23:00:00+00:00,45.05,45.16,44.99,45.14,7761.0
2026-07-18 00:00:00+00:00,45.14,45.27,45.05,45.09,14137.7
2026-07-18 01:00:00+00:00,45.09,45.41,45.09,45.34,18741.8
2026-07-18 02:00:00+00:00,45.34,45.57,45.34,45.54,25383.4
2026-07-18 03:00:00+00:00,45.54,45.6,45.41,45.54,10666.4
2026-07-18 04:00:00+00:00,45.54,45.55,45.37,45.46,6700.6
2026-07-18 05:00:00+00:00,45.46,45.51,45.34,45.39,7182.1
2026-07-18 06:00:00+00:00,45.39,45.46,45.37,45.43,3728.0
2026-07-18 07:00:00+00:00,45.43,45.67,45.4,45.47,13091.3
2026-07-18 08:00:00+00:00,45.47,45.53,45.39,45.41,12244.5
2026-07-18 09:00:00+00:00,45.41,45.46,45.33,45.4,6484.3
2026-07-18 10:00:00+00:00,45.4,45.48,45.28,45.36,5608.1
2026-07-18 11:00:00+00:00,45.36,45.5,45.33,45.49,7821.4
2026-07-18 12:00:00+00:00,45.49,45.76,45.49,45.67,17709.4
2026-07-18 13:00:00+00:00,45.67,45.85,45.64,45.76,14480.1
2026-07-18 14:00:00+00:00,45.76,46.58,45.61,46.32,81422.0
2026-07-18 15:00:00+00:00,46.32,46.65,46.14,46.22,72137.4
2026-07-18 16:00:00+00:00,46.22,47.2,46.01,47.16,94171.0
2026-07-18 17:00:00+00:00,47.16,47.86,47.0,47.44,88145.2
2026-07-18 18:00:00+00:00,47.44,47.59,47.07,47.09,58596.4
2026-07-18 19:00:00+00:00,47.09,47.3,46.64,46.84,37689.1
2026-07-18 20:00:00+00:00,46.84,47.09,46.76,46.98,33240.0
2026-07-18 21:00:00+00:00,46.98,47.14,46.7,46.77,23271.9
2026-07-18 22:00:00+00:00,46.77,46.99,46.74,46.96,13312.1
2026-07-18 23:00:00+00:00,46.96,47.09,46.87,46.98,14855.5
2026-07-19 00:00:00+00:00,46.98,47.15,46.66,46.95,29221.9
2026-07-19 01:00:00+00:00,46.95,46.96,46.76,46.78,12245.6
2026-07-19 02:00:00+00:00,46.78,47.21,46.78,47.19,14994.1
2026-07-19 03:00:00+00:00,47.19,47.2,46.78,46.87,13938.0
2026-07-19 04:00:00+00:00,46.87,46.92,46.67,46.86,12435.3
2026-07-19 05:00:00+00:00,46.86,46.93,46.73,46.75,8608.6
2026-07-19 06:00:00+00:00,46.75,46.84,46.74,46.83,8171.0
2026-07-19 07:00:00+00:00,46.83,47.17,46.8,47.05,18501.3
2026-07-19 08:00:00+00:00,47.05,47.1,46.8,46.86,15070.9
2026-07-19 09:00:00+00:00,46.86,46.88,46.67,46.79,13438.1
2026-07-19 10:00:00+00:00,46.79,47.04,46.75,47.02,11960.3
2026-07-19 11:00:00+00:00,47.02,47.2,46.85,46.94,26569.5
2026-07-19 12:00:00+00:00,46.94,47.15,46.82,47.07,23768.3
2026-07-19 13:00:00+00:00,47.07,47.45,46.96,47.32,46127.1
2026-07-19 14:00:00+00:00,47.32,47.43,47.05,47.29,21998.4
2026-07-19 15:00:00+00:00,47.29,47.39,47.13,47.17,20179.8
2026-07-19 16:00:00+00:00,47.17,47.31,46.98,47.14,21208.2
2026-07-19 17:00:00+00:00,47.14,47.54,46.91,47.46,23899.1
2026-07-19 18:00:00+00:00,47.46,47.61,47.13,47.44,47684.4
2026-07-19 19:00:00+00:00,47.44,47.64,47.33,47.64,18942.6
2026-07-19 20:00:00+00:00,47.64,47.79,47.47,47.54,22758.0
2026-07-19 21:00:00+00:00,47.54,47.7,47.33,47.61,20631.9
2026-07-19 22:00:00+00:00,47.61,47.86,47.37,47.39,25757.2
2026-07-19 23:00:00+00:00,47.39,47.4,46.98,47.03,31014.4
2026-07-20 00:00:00+00:00,47.03,47.75,46.79,47.38,57766.3
2026-07-20 01:00:00+00:00,47.38,47.79,46.99,47.09,40089.7
2026-07-20 02:00:00+00:00,47.09,47.33,47.05,47.19,10319.9
2026-07-20 03:00:00+00:00,47.19,47.36,46.97,47.16,13177.8
2026-07-20 04:00:00+00:00,47.16,47.21,46.92,46.98,17583.7
2026-07-20 05:00:00+00:00,46.98,47.32,46.7,46.99,38135.6
2026-07-20 06:00:00+00:00,46.99,47.24,46.4,46.78,57321.9
2026-07-20 07:00:00+00:00,46.78,46.98,46.57,46.97,23480.3
2026-07-20 08:00:00+00:00,46.97,47.03,46.4,46.47,47361.3
2026-07-20 09:00:00+00:00,46.47,46.79,46.37,46.72,27337.2
2026-07-20 10:00:00+00:00,46.72,47.05,46.62,47.02,12973.8
2026-07-20 11:00:00+00:00,47.02,47.5,47.0,47.42,50458.1
2026-07-20 12:00:00+00:00,47.42,47.42,46.87,46.9,41246.9
2026-07-20 13:00:00+00:00,46.9,46.98,46.47,46.66,53558.3
2026-07-20 14:00:00+00:00,46.66,46.94,46.52,46.66,18952.3
2026-07-20 15:00:00+00:00,46.66,47.57,46.65,47.47,52643.5
2026-07-20 16:00:00+00:00,47.47,47.5,47.14,47.35,32114.5
2026-07-20 17:00:00+00:00,47.35,47.7,47.2,47.3,36371.9
2026-07-20 18:00:00+00:00,47.3,47.5,46.95,47.01,29385.3
2026-07-20 19:00:00+00:00,47.01,47.23,46.89,47.05,23885.1
2026-07-20 20:00:00+00:00,47.05,47.42,46.95,47.38,8814.5
2026-07-20 21:00:00+00:00,47.38,47.54,47.35,47.51,10493.5
2026-07-20 22:00:00+00:00,47.51,47.51,47.22,47.28,13950.8
2026-07-20 23:00:00+00:00,47.28,47.4,47.23,47.33,4774.5
2026-07-21 00:00:00+00:00,47.33,47.47,47.26,47.36,7756.7
2026-07-21 01:00:00+00:00,47.36,47.39,47.19,47.23,9342.4
2026-07-21 02:00:00+00:00,47.23,47.33,47.09,47.28,8111.7
2026-07-21 03:00:00+00:00,47.28,47.45,47.24,47.27,5518.8
2026-07-21 04:00:00+00:00,47.27,47.66,47.23,47.27,24885.6
2026-07-21 05:00:00+00:00,47.27,47.59,47.25,47.41,12740.2
2026-07-21 06:00:00+00:00,47.41,47.61,47.29,47.54,19935.5
2026-07-21 07:00:00+00:00,47.54,47.57,47.44,47.51,10254.8
2026-07-21 08:00:00+00:00,47.51,47.76,47.45,47.57,17461.1
2026-07-21 09:00:00+00:00,47.57,47.73,47.38,47.64,21769.0
2026-07-21 10:00:00+00:00,47.64,47.68,47.27,47.28,39256.6
2026-07-21 11:00:00+00:00,47.28,47.52,47.22,47.36,10489.1
2026-07-21 12:00:00+00:00,47.36,47.55,47.33,47.48,17689.0
2026-07-21 13:00:00+00:00,47.48,47.91,47.39,47.86,50259.6
2026-07-21 14:00:00+00:00,47.86,48.12,47.68,47.79,42239.9
2026-07-21 15:00:00+00:00,47.79,47.89,47.63,47.85,17199.6
2026-07-21 16:00:00+00:00,47.85,47.85,47.45,47.64,27364.6
2026-07-21 17:00:00+00:00,47.64,47.69,47.07,47.26,29849.2
2026-07-21 18:00:00+00:00,47.26,47.45,47.19,47.38,8628.9
2026-07-21 19:00:00+00:00,47.38,47.42,47.06,47.13,21768.8
2026-07-21 20:00:00+00:00,47.13,47.15,46.84,46.88,13829.7
2026-07-21 21:00:00+00:00,46.88,47.03,46.81,46.9,11940.3
2026-07-21 22:00:00+00:00,46.9,46.91,46.64,46.84,10867.2
2026-07-21 23:00:00+00:00,46.84,46.84,46.66,46.82,16264.6
2026-07-22 00:00:00+00:00,46.82,46.98,46.73,46.83,26872.4
2026-07-22 01:00:00+00:00,46.83,46.91,46.74,46.79,9127.6
2026-07-22 02:00:00+00:00,46.79,46.87,46.52,46.59,20376.0
2026-07-22 03:00:00+00:00,46.59,46.73,46.55,46.57,10636.2
2026-07-22 04:00:00+00:00,46.57,46.69,46.53,46.64,8857.6
2026-07-22 05:00:00+00:00,46.64,46.64,46.31,46.39,23953.4
2026-07-22 06:00:00+00:00,46.39,46.49,46.29,46.43,10528.1
2026-07-22 07:00:00+00:00,46.43,46.55,46.36,46.41,13556.5
2026-07-22 08:00:00+00:00,46.41,46.5,46.37,46.42,12553.3
2026-07-22 09:00:00+00:00,46.42,46.54,46.38,46.5,15684.0
2026-07-22 10:00:00+00:00,46.5,46.6,46.4,46.54,15003.0
2026-07-22 11:00:00+00:00,46.54,46.56,46.42,46.53,12620.7
2026-07-22 12:00:00+00:00,46.53,46.74,46.48,46.7,15936.0
2026-07-22 13:00:00+00:00,46.7,46.85,46.65,46.83,20459.4
2026-07-22 14:00:00+00:00,46.83,47.0,46.53,46.75,13783.1
2026-07-22 15:00:00+00:00,46.75,46.91,46.74,46.81,13500.6
2026-07-22 16:00:00+00:00,46.81,47.03,46.73,46.96,12078.9
2026-07-22 17:00:00+00:00,46.96,47.15,46.85,47.03,16653.8
2026-07-22 18:00:00+00:00,47.03,47.14,46.92,47.12,12586.1
2026-07-22 19:00:00+00:00,47.12,47.19,46.94,47.14,15468.4
2026-07-22 20:00:00+00:00,47.14,47.28,47.04,47.26,20067.3
2026-07-22 21:00:00+00:00,47.26,47.61,47.23,47.5,24625.8
2026-07-22 22:00:00+00:00,47.5,47.51,47.07,47.1,15045.0
2026-07-22 23:00:00+00:00,47.1,47.13,46.86,47.11,16365.7
2026-07-23 00:00:00+00:00,47.11,47.34,47.03,47.24,27309.7
2026-07-23 01:00:00+00:00,47.24,47.39,47.15,47.17,20180.6
2026-07-23 02:00:00+00:00,47.17,47.31,47.1,47.25,8733.8
2026-07-23 03:00:00+00:00,47.25,47.29,46.99,47.27,8080.6
2026-07-23 04:00:00+00:00,47.27,47.27,47.11,47.14,5111.4
2026-07-23 05:00:00+00:00,47.14,47.26,47.03,47.04,4843.0
2026-07-23 06:00:00+00:00,47.04,47.21,46.88,47.2,32979.5
2026-07-23 07:00:00+00:00,47.2,47.2,46.79,46.91,20702.8
2026-07-23 08:00:00+00:00,46.91,47.17,46.86,47.16,10866.5
2026-07-23 09:00:00+00:00,47.16,47.27,46.91,46.95,13816.1
2026-07-23 10:00:00+00:00,46.95,46.96,46.75,46.76,19430.5
2026-07-23 11:00:00+00:00,46.76,46.94,46.71,46.9,21070.0
2026-07-23 12:00:00+00:00,46.9,47.08,46.78,46.93,39376.4
2026-07-23 13:00:00+00:00,46.93,46.94,46.62,46.69,19614.2
2026-07-23 14:00:00+00:00,46.69,46.77,46.49,46.55,24668.1
2026-07-23 15:00:00+00:00,46.55,46.56,46.17,46.38,40172.1
2026-07-23 16:00:00+00:00,46.38,46.58,46.25,46.51,13579.2
2026-07-23 17:00:00+00:00,46.51,46.66,46.36,46.43,10879.5
2026-07-23 18:00:00+00:00,46.43,46.82,46.43,46.76,17693.7
2026-07-23 19:00:00+00:00,46.76,46.93,46.76,46.89,10456.5
2026-07-23 20:00:00+00:00,46.89,47.38,46.77,47.38,35348.8
2026-07-23 21:00:00+00:00,47.38,47.54,47.1,47.13,33704.4
2026-07-23 22:00:00+00:00,47.13,47.21,46.94,47.17,9342.1
2026-07-23 23:00:00+00:00,47.17,47.23,46.91,46.93,11535.5
2026-07-24 00:00:00+00:00,46.93,47.09,46.85,47.08,20863.7
2026-07-24 01:00:00+00:00,47.08,47.21,46.92,46.94,7300.0
2026-07-24 02:00:00+00:00,46.94,47.0,46.54,46.63,13672.9
2026-07-24 03:00:00+00:00,46.63,46.86,46.58,46.74,8191.1
2026-07-24 04:00:00+00:00,46.74,46.82,46.64,46.67,5499.8
2026-07-24 05:00:00+00:00,46.67,46.82,46.63,46.67,6757.4
2026-07-24 06:00:00+00:00,46.67,46.98,46.66,46.97,7320.4
2026-07-24 07:00:00+00:00,46.97,47.39,46.84,46.95,33138.4
2026-07-24 08:00:00+00:00,46.95,46.96,46.61,46.82,19931.4
2026-07-24 09:00:00+00:00,46.82,46.82,46.51,46.7,12080.4
2026-07-24 10:00:00+00:00,46.7,46.7,46.07,46.2,33653.7
2026-07-24 11:00:00+00:00,46.2,46.34,46.14,46.32,12337.7
2026-07-24 12:00:00+00:00,46.32,46.4,46.2,46.24,14619.0
2026-07-24 13:00:00+00:00,46.24,46.39,46.06,46.2,28395.5
2026-07-24 14:00:00+00:00,46.2,46.29,45.93,46.28,26806.0
2026-07-24 15:00:00+00:00,46.28,46.51,46.16,46.35,21729.2
2026-07-24 16:00:00+00:00,46.35,46.45,46.15,46.26,14169.8
2026-07-24 17:00:00+00:00,46.26,46.35,46.23,46.31,9453.5
2026-07-24 18:00:00+00:00,46.31,46.31,46.1,46.18,9840.8
2026-07-24 19:00:00+00:00,46.18,46.21,46.06,46.17,6202.3
2026-07-24 20:00:00+00:00,46.17,46.29,46.11,46.19,13836.3
2026-07-24 21:00:00+00:00,46.19,46.32,46.08,46.11,16469.5
2026-07-24 22:00:00+00:00,46.11,46.28,46.07,46.24,5076.3
2026-07-24 23:00:00+00:00,46.24,46.34,46.19,46.32,3907.4
2026-07-25 00:00:00+00:00,46.32,46.38,46.21,46.27,13281.7
2026-07-25 01:00:00+00:00,46.27,46.36,46.19,46.28,6441.3
2026-07-25 02:00:00+00:00,46.28,46.42,46.26,46.38,4194.6
2026-07-25 03:00:00+00:00,46.38,46.38,46.21,46.25,4912.6
2026-07-25 04:00:00+00:00,46.25,46.34,46.25,46.31,3205.3
2026-07-25 05:00:00+00:00,46.31,46.34,46.16,46.19,3640.2
2026-07-25 06:00:00+00:00,46.19,46.23,45.98,46.1,13522.3
2026-07-25 07:00:00+00:00,46.1,46.13,46.02,46.04,4702.4
2026-07-25 08:00:00+00:00,46.04,46.1,45.81,45.84,32350.7
2026-07-25 09:00:00+00:00,45.84,45.97,45.78,45.91,21282.3
2026-07-25 10:00:00+00:00,45.91,45.95,45.83,45.89,10182.1
2026-07-25 11:00:00+00:00,45.89,45.94,45.79,45.89,6632.3
2026-07-25 12:00:00+00:00,45.89,46.02,45.88,45.99,11958.0
2026-07-25 13:00:00+00:00,45.99,46.15,45.95,46.0,13006.1
2026-07-25 14:00:00+00:00,46.0,46.01,45.77,45.92,22708.1
2026-07-25 15:00:00+00:00,45.92,46.13,45.91,46.06,10475.1
2026-07-25 16:00:00+00:00,46.06,46.19,45.98,46.14,16118.6
2026-07-25 17:00:00+00:00,46.14,46.29,46.08,46.2,11902.3
2026-07-25 18:00:00+00:00,46.2,46.3,46.17,46.26,4950.7
2026-07-25 19:00:00+00:00,46.26,46.5,46.24,46.45,27136.7
2026-07-25 20:00:00+00:00,46.45,46.5,46.39,46.49,10070.1
2026-07-25 21:00:00+00:00,46.49,46.67,46.4,46.52,28565.6
2026-07-25 22:00:00+00:00,46.52,46.58,46.46,46.53,6867.2
2026-07-25 23:00:00+00:00,46.53,46.55,46.47,46.52,3157.0
2026-07-26 00:00:00+00:00,46.52,46.61,46.44,46.53,10356.5
2026-07-26 01:00:00+00:00,46.53,46.69,46.45,46.64,6906.9
2026-07-26 02:00:00+00:00,46.64,46.73,46.57,46.72,6034.2
2026-07-26 03:00:00+00:00,46.72,46.81,46.69,46.74,8366.5
2026-07-26 04:00:00+00:00,46.74,46.78,46.66,46.74,3839.4
2026-07-26 05:00:00+00:00,46.74,46.86,46.65,46.75,7378.8
2026-07-26 06:00:00+00:00,46.75,46.88,46.63,46.88,11937.9
2026-07-26 07:00:00+00:00,46.88,46.96,46.73,46.95,19967.7
2026-07-26 08:00:00+00:00,46.95,47.09,46.9,47.06,21236.6
2026-07-26 09:00:00+00:00,47.06,47.27,47.05,47.15,18255.4
2026-07-26 10:00:00+00:00,47.15,47.22,47.09,47.17,7739.3
2026-07-26 11:00:00+00:00,47.17,47.2,47.08,47.14,5083.4
2026-07-26 12:00:00+00:00,47.14,47.31,47.09,47.31,9202.5
2026-07-26 13:00:00+00:00,47.31,47.33,46.99,47.05,20800.4
2026-07-26 14:00:00+00:00,47.05,47.08,46.59,47.04,45788.8
2026-07-26 15:00:00+00:00,47.04,47.77,46.99,47.72,34170.5
2026-07-26 16:00:00+00:00,47.72,48.15,47.54,47.95,53560.3
2026-07-26 17:00:00+00:00,47.95,48.0,47.64,47.74,15611.7
2026-07-26 18:00:00+00:00,47.74,48.02,47.58,47.9,24755.8
2026-07-26 19:00:00+00:00,47.9,48.04,47.81,47.83,14711.4
2026-07-26 20:00:00+00:00,47.83,47.89,47.66,47.66,10554.5
2026-07-26 21:00:00+00:00,47.66,47.74,47.53,47.61,15485.9
2026-07-26 22:00:00+00:00,47.61,48.23,47.61,48.01,33561.2
2026-07-26 23:00:00+00:00,48.01,48.03,47.74,47.82,30219.9
2026-07-27 00:00:00+00:00,47.82,47.82,47.37,47.43,22752.4
2026-07-27 01:00:00+00:00,47.43,47.45,47.18,47.37,10145.0
2026-07-27 02:00:00+00:00,47.37,47.37,47.21,47.32,5527.5
2026-07-27 03:00:00+00:00,47.32,47.41,47.21,47.37,5819.5
2026-07-27 04:00:00+00:00,47.37,47.49,47.3,47.42,5864.9
2026-07-27 05:00:00+00:00,47.42,47.68,47.36,47.36,18956.7
2026-07-27 06:00:00+00:00,47.36,47.57,47.29,47.36,20895.1
2026-07-27 07:00:00+00:00,47.36,47.41,47.24,47.29,6719.3
2026-07-27 08:00:00+00:00,47.29,47.3,46.81,47.01,34369.2
2026-07-27 09:00:00+00:00,47.01,47.13,46.91,46.93,16065.1
2026-07-27 10:00:00+00:00,46.93,47.07,46.9,47.02,5114.3
2026-07-27 11:00:00+00:00,47.02,47.04,46.92,47.0,5437.3
2026-07-27 12:00:00+00:00,47.0,47.05,46.74,46.96,9670.0
2026-07-27 13:00:00+00:00,46.96,47.34,46.93,47.16,18555.2
2026-07-27 14:00:00+00:00,47.16,47.21,46.13,46.41,68204.9
2026-07-27 15:00:00+00:00,46.41,46.45,46.21,46.34,17838.7
2026-07-27 16:00:00+00:00,46.34,46.57,46.16,46.49,23318.1
2026-07-27 17:00:00+00:00,46.49,46.59,46.44,46.46,13737.2
2026-07-27 18:00:00+00:00,46.46,46.5,46.24,46.36,22435.4
2026-07-27 19:00:00+00:00,46.36,46.56,46.32,46.53,13770.4
2026-07-27 20:00:00+00:00,46.53,46.72,46.44,46.71,14717.3
2026-07-27 21:00:00+00:00,46.71,46.74,46.46,46.55,13602.4
2026-07-27 22:00:00+00:00,46.55,46.56,46.06,46.07,21117.0
2026-07-27 23:00:00+00:00,46.07,46.14,45.93,46.03,31060.6
2026-07-28 00:00:00+00:00,46.03,46.11,45.93,45.99,19942.7
2026-07-28 01:00:00+00:00,45.99,46.2,45.89,46.12,44797.7
2026-07-28 02:00:00+00:00,46.12,46.44,46.05,46.25,26976.5
2026-07-28 03:00:00+00:00,46.25,46.37,46.23,46.26,8976.1
2026-07-28 04:00:00+00:00,46.26,46.37,46.15,46.29,14332.8
2026-07-28 05:00:00+00:00,46.29,46.4,46.2,46.2,6671.9
2026-07-28 06:00:00+00:00,46.2,46.42,46.07,46.41,12372.5
2026-07-28 07:00:00+00:00,46.41,46.43,46.3,46.42,9987.5
2026-07-28 08:00:00+00:00,46.42,46.45,46.22,46.22,11949.7
2026-07-28 09:00:00+00:00,46.22,46.52,46.22,46.45,12623.7
2026-07-28 10:00:00+00:00,46.45,46.55,46.39,46.49,9556.3
2026-07-28 11:00:00+00:00,46.49,46.6,46.38,46.56,13774.9
2026-07-28 12:00:00+00:00,46.56,46.67,46.5,46.64,13819.2
2026-07-28 13:00:00+00:00,46.64,46.66,46.04,46.11,32004.1
2026-07-28 14:00:00+00:00,46.11,46.25,45.95,46.17,25184.7
2026-07-28 15:00:00+00:00,46.17,46.55,46.05,46.54,22957.1
2026-07-28 16:00:00+00:00,46.54,46.6,46.31,46.52,19140.6
2026-07-28 17:00:00+00:00,46.52,46.52,46.16,46.29,11566.6
2026-07-28 18:00:00+00:00,46.29,46.39,46.19,46.26,6051.5
2026-07-28 19:00:00+00:00,46.26,46.45,46.24,46.45,8045.1
2026-07-28 20:00:00+00:00,46.45,46.54,46.41,46.46,8041.7
2026-07-28 21:00:00+00:00,46.46,46.58,46.38,46.38,13542.6
2026-07-28 22:00:00+00:00,46.38,46.39,45.97,45.98,9611.6
2026-07-28 23:00:00+00:00,45.98,46.18,45.93,46.18,6843.9
2026-07-29 00:00:00+00:00,46.18,46.38,46.16,46.29,17480.1
2026-07-29 01:00:00+00:00,46.29,46.29,45.99,46.01,12366.7
2026-07-29 02:00:00+00:00,46.01,46.27,45.92,46.2,10283.6
2026-07-29 03:00:00+00:00,46.2,46.21,45.19,45.29,85472.1
2026-07-29 04:00:00+00:00,45.29,45.39,44.94,45.13,53151.2
2026-07-29 05:00:00+00:00,45.13,45.37,45.05,45.27,19608.4
2026-07-29 06:00:00+00:00,45.27,45.51,45.25,45.26,27967.6
2026-07-29 07:00:00+00:00,45.26,45.27,45.07,45.22,20347.9
2026-07-29 08:00:00+00:00,45.22,45.23,45.0,45.13,19786.9
2026-07-29 09:00:00+00:00,45.13,45.47,45.12,45.41,12022.2
2026-07-29 10:00:00+00:00,45.41,45.45,45.13,45.18,7894.5
2026-07-29 11:00:00+00:00,45.18,45.4,45.18,45.33,7558.9
2026-07-29 12:00:00+00:00,45.33,45.36,45.18,45.28,9422.6
2026-07-29 13:00:00+00:00,45.28,45.43,45.18,45.36,13335.7
2026-07-29 14:00:00+00:00,45.36,45.41,44.86,44.94,18691.2
2026-07-29 15:00:00+00:00,44.94,45.1,44.79,44.97,19834.4
2026-07-29 16:00:00+00:00,44.97,45.19,44.91,45.18,12913.3
2026-07-29 17:00:00+00:00,45.18,45.49,45.18,45.48,11497.9
2026-07-29 18:00:00+00:00,45.48,45.85,45.17,45.56,42151.6
2026-07-29 19:00:00+00:00,45.56,45.61,44.9,44.93,18907.9
2026-07-29 20:00:00+00:00,44.93,44.97,44.3,44.45,52542.0
2026-07-29 21:00:00+00:00,44.45,44.8,44.32,44.79,26641.2
2026-07-29 22:00:00+00:00,44.79,45.2,44.78,45.2,16371.8
2026-07-29 23:00:00+00:00,45.2,45.49,45.08,45.41,10321.3
2026-07-30 00:00:00+00:00,45.41,45.5,45.03,45.06,19970.9
2026-07-30 01:00:00+00:00,45.06,45.44,45.06,45.38,6536.8
2026-07-30 02:00:00+00:00,45.38,45.43,45.22,45.25,4818.7
2026-07-30 03:00:00+00:00,45.25,45.55,45.25,45.4,10924.2
2026-07-30 04:00:00+00:00,45.4,45.42,45.28,45.34,4606.8
2026-07-30 05:00:00+00:00,45.34,45.51,45.28,45.45,6192.2
2026-07-30 06:00:00+00:00,45.45,45.5,45.38,45.48,4053.8
2026-07-30 07:00:00+00:00,45.48,45.55,45.27,45.32,8138.1
2026-07-30 08:00:00+00:00,45.32,45.4,45.23,45.34,5133.5
2026-07-30 09:00:00+00:00,45.34,45.36,45.08,45.12,13480.9
2026-07-30 10:00:00+00:00,45.12,45.38,45.09,45.16,9324.3
2026-07-30 11:00:00+00:00,45.16,45.54,45.09,45.42,17141.4
2026-07-30 12:00:00+00:00,45.42,45.44,45.16,45.23,13039.0
2026-07-30 13:00:00+00:00,45.23,45.46,45.16,45.41,12240.5
2026-07-30 14:00:00+00:00,45.41,45.43,45.19,45.22,12542.1
2026-07-30 15:00:00+00:00,45.22,45.35,44.85,45.13,21682.1
2026-07-30 16:00:00+00:00,45.13,45.36,45.08,45.36,10940.0
2026-07-30 17:00:00+00:00,45.36,45.4,45.26,45.35,9884.8
2026-07-30 18:00:00+00:00,45.35,45.38,45.18,45.29,4945.4
2026-07-30 19:00:00+00:00,45.29,45.55,45.21,45.41,28059.8
2026-07-30 20:00:00+00:00,45.41,45.69,45.4,45.64,12366.6
2026-07-30 21:00:00+00:00,45.64,45.79,45.62,45.77,21571.6
2026-07-30 22:00:00+00:00,45.77,45.81,45.59,45.67,12228.3
2026-07-30 23:00:00+00:00,45.67,45.78,45.52,45.55,9182.6
2026-07-31 00:00:00+00:00,45.55,45.74,45.52,45.63,18372.9
2026-07-31 01:00:00+00:00,45.63,45.87,45.48,45.55,11805.4
2026-07-31 02:00:00+00:00,45.55,45.57,45.23,45.29,11703.0
2026-07-31 03:00:00+00:00,45.29,45.39,45.23,45.37,7610.9
2026-07-31 04:00:00+00:00,45.37,45.38,45.17,45.34,6725.3
2026-07-31 05:00:00+00:00,45.34,45.45,45.31,45.41,4337.4
2026-07-31 06:00:00+00:00,45.41,45.43,45.18,45.32,7938.9
2026-07-31 07:00:00+00:00,45.32,45.37,45.1,45.34,8431.1
2026-07-31 08:00:00+00:00,45.34,45.39,45.19,45.2,4747.2
2026-07-31 09:00:00+00:00,45.2,45.23,44.95,44.97,17761.5
2026-07-31 10:00:00+00:00,44.97,45.13,44.89,45.04,7408.1
2026-07-31 11:00:00+00:00,45.04,45.12,44.81,44.85,10662.5
2026-07-31 12:00:00+00:00,44.85,45.18,44.72,45.11,13394.9
2026-07-31 13:00:00+00:00,45.11,45.28,44.93,44.97,20456.1
2026-07-31 14:00:00+00:00,44.97,45.18,44.7,44.84,26448.2
2026-07-31 15:00:00+00:00,44.84,45.01,44.78,44.88,7829.7
2026-07-31 16:00:00+00:00,44.88,44.96,44.6,44.77,18250.9
2026-07-31 17:00:00+00:00,44.77,44.95,44.7,44.93,8464.1
2026-07-31 18:00:00+00:00,44.93,44.96,44.8,44.9,5823.2
2026-07-31 19:00:00+00:00,44.9,44.98,44.81,44.84,5071.6
2026-07-31 20:00:00+00:00,44.84,44.95,44.51,44.61,28314.3
2026-07-31 21:00:00+00:00,44.61,44.77,44.52,44.64,16653.1
2026-07-31 22:00:00+00:00,44.64,44.68,44.2,44.21,17969.3
2026-07-31 23:00:00+00:00,44.21,44.33,44.16,44.28,14633.6
2026-08-01 00:00:00+00:00,44.28,44.38,44.14,44.27,20849.0
2026-08-01 01:00:00+00:00,44.27,44.33,44.17,44.24,16441.0
2026-08-01 02:00:00+00:00,44.24,44.52,44.24,44.49,5364.6
2026-08-01 03:00:00+00:00,44.49,44.57,44.45,44.56,5887.7
2026-08-01 04:00:00+00:00,44.56,44.75,44.52,44.7,9978.1
2026-08-01 05:00:00+00:00,44.7,44.7,44.35,44.42,12954.1
2026-08-01 06:00:00+00:00,44.42,44.61,44.42,44.54,8418.5
2026-08-01 07:00:00+00:00,44.54,44.64,44.48,44.49,7978.6
2026-08-01 08:00:00+00:00,44.49,44.58,44.32,44.43,9711.3
2026-08-01 09:00:00+00:00,44.43,44.5,44.32,44.35,4644.3
2026-08-01 10:00:00+00:00,44.35,44.42,44.16,44.29,7281.5
2026-08-01 11:00:00+00:00,44.29,44.37,44.24,44.31,5754.7
2026-08-01 12:00:00+00:00,44.31,44.36,44.24,44.36,3609.3
2026-08-01 13:00:00+00:00,44.36,44.36,44.2,44.27,7384.3
2026-08-01 14:00:00+00:00,44.27,44.3,44.04,44.16,11568.3
2026-08-01 15:00:00+00:00,44.16,44.19,44.04,44.08,8278.0
2026-08-01 16:00:00+00:00,44.08,44.2,43.95,44.04,14164.3
2026-08-01 17:00:00+00:00,44.04,44.15,43.86,43.96,25801.9
2026-08-01 18:00:00+00:00,43.96,44.01,43.59,43.88,90778.7
2026-08-01 19:00:00+00:00,43.88,44.07,43.85,43.99,22150.8
2026-08-01 20:00:00+00:00,43.99,44.04,43.91,44.02,10675.6
2026-08-01 21:00:00+00:00,44.02,44.14,43.97,44.13,11662.3
2026-08-01 22:00:00+00:00,44.13,44.22,44.07,44.18,4290.5
2026-08-01 23:00:00+00:00,44.18,44.22,44.13,44.21,4886.4
2026-08-02 00:00:00+00:00,44.21,44.24,44.1,44.18,16824.2
2026-08-02 01:00:00+00:00,44.18,44.67,44.18,44.54,31481.0
2026-08-02 02:00:00+00:00,44.54,44.77,44.52,44.61,15832.8
2026-08-02 03:00:00+00:00,44.61,44.71,44.59,44.63,5739.9
2026-08-02 04:00:00+00:00,44.63,44.71,44.58,44.6,10360.0
2026-08-02 05:00:00+00:00,44.6,44.7,44.54,44.65,7130.0
2026-08-02 06:00:00+00:00,44.65,44.83,44.65,44.8,13382.5
2026-08-02 07:00:00+00:00,44.8,44.86,44.73,44.82,8928.5
2026-08-02 08:00:00+00:00,44.82,44.83,44.63,44.69,6855.8
2026-08-02 09:00:00+00:00,44.69,44.84,44.62,44.81,9295.5
2026-08-02 10:00:00+00:00,44.81,44.81,44.65,44.66,5821.8
2026-08-02 11:00:00+00:00,44.66,44.69,44.54,44.61,10736.9
2026-08-02 12:00:00+00:00,44.61,44.7,44.59,44.66,3275.0
2026-08-02 13:00:00+00:00,44.66,44.69,44.54,44.67,5856.3
2026-08-02 14:00:00+00:00,44.67,44.71,44.56,44.65,4973.1
2026-08-02 15:00:00+00:00,44.65,44.77,44.64,44.72,3622.0
2026-08-02 16:00:00+00:00,44.72,44.84,44.67,44.82,8643.7
2026-08-02 17:00:00+00:00,44.82,44.99,44.78,44.95,7467.2
2026-08-02 18:00:00+00:00,44.95,45.02,44.88,44.92,12007.0
2026-08-02 19:00:00+00:00,44.92,45.0,44.78,45.0,6392.6
2026-08-02 20:00:00+00:00,45.0,45.01,44.78,44.85,6149.5
2026-08-02 21:00:00+00:00,44.85,44.99,44.81,44.91,12119.3
2026-08-02 22:00:00+00:00,44.91,45.01,44.72,44.76,9827.7
2026-08-02 23:00:00+00:00,44.76,44.77,44.62,44.66,8433.8
2026-08-03 00:00:00+00:00,44.66,44.75,44.57,44.7,10716.4
2026-08-03 01:00:00+00:00,44.7,44.71,44.58,44.61,3267.5
2026-08-03 02:00:00+00:00,44.61,44.62,44.47,44.53,4964.5
2026-08-03 03:00:00+00:00,44.53,44.55,44.26,44.4,10781.8
2026-08-03 04:00:00+00:00,44.4,44.54,44.37,44.38,6983.3
2026-08-03 05:00:00+00:00,44.38,44.52,44.32,44.51,6147.5
2026-08-03 06:00:00+00:00,44.51,44.54,44.31,44.35,6450.0
2026-08-03 07:00:00+00:00,44.35,44.36,44.08,44.12,14955.5
2026-08-03 08:00:00+00:00,44.12,44.17,44.0,44.06,9827.9
2026-08-03 09:00:00+00:00,44.06,44.41,44.02,44.38,20247.4
2026-08-03 10:00:00+00:00,44.38,44.38,44.18,44.23,5779.0
2026-08-03 11:00:00+00:00,44.23,44.23,44.09,44.09,7087.8
2026-08-03 12:00:00+00:00,44.09,44.12,44.03,44.07,5641.0
2026-08-03 13:00:00+00:00,44.07,44.39,44.01,44.38,16269.5
2026-08-03 14:00:00+00:00,44.38,44.48,44.23,44.43,18051.9
2026-08-03 15:00:00+00:00,44.43,44.45,44.21,44.25,18897.3
2026-08-03 16:00:00+00:00,44.25,44.42,44.12,44.2,23282.7
2026-08-03 17:00:00+00:00,44.2,44.33,44.09,44.12,7294.1
2026-08-03 18:00:00+00:00,44.12,44.22,44.06,44.2,8669.4
2026-08-03 19:00:00+00:00,44.2,44.34,44.16,44.29,5008.5
2026-08-03 20:00:00+00:00,44.29,44.48,44.27,44.47,6166.8
2026-08-03 21:00:00+00:00,44.47,44.49,44.32,44.32,8309.4
2026-08-03 22:00:00+00:00,44.32,44.34,44.11,44.17,14085.7
2026-08-03 23:00:00+00:00,44.17,44.28,44.15,44.26,4071.7
2026-08-04 00:00:00+00:00,44.26,44.3,44.1,44.14,5954.3
2026-08-04 01:00:00+00:00,44.14,44.36,44.03,44.33,9033.0
2026-08-04 02:00:00+00:00,44.33,44.46,44.22,44.32,6947.0
2026-08-04 03:00:00+00:00,44.32,44.39,44.21,44.34,4972.5
2026-08-04 04:00:00+00:00,44.34,44.54,44.33,44.4,7023.2
2026-08-04 05:00:00+00:00,44.4,44.46,44.34,44.46,5413.8
2026-08-04 06:00:00+00:00,44.46,44.54,44.3,44.3,9444.9
2026-08-04 07:00:00+00:00,44.3,44.31,44.02,44.25,25459.3
2026-08-04 08:00:00+00:00,44.25,44.31,44.16,44.18,6191.0
2026-08-04 09:00:00+00:00,44.18,44.34,44.17,44.27,12789.8
2026-08-04 10:00:00+00:00,44.27,44.32,44.17,44.26,7619.0
2026-08-04 11:00:00+00:00,44.26,44.38,44.18,44.33,9659.8
2026-08-04 12:00:00+00:00,44.33,44.39,44.2,44.25,6959.1
2026-08-04 13:00:00+00:00,44.25,44.37,44.11,44.17,26684.9
2026-08-04 14:00:00+00:00,44.17,44.48,44.08,44.45,14854.7
2026-08-04 15:00:00+00:00,44.45,44.52,44.21,44.34,17638.1
2026-08-04 16:00:00+00:00,44.34,44.61,44.33,44.61,14688.3
2026-08-04 17:00:00+00:00,44.61,44.73,44.51,44.51,21628.3
2026-08-04 18:00:00+00:00,44.51,44.81,44.49,44.72,9914.0
2026-08-04 19:00:00+00:00,44.72,44.84,44.64,44.66,8839.5
2026-08-04 20:00:00+00:00,44.66,44.94,44.53,44.84,10628.2
2026-08-04 21:00:00+00:00,44.84,44.92,44.78,44.91,10879.4
2026-08-04 22:00:00+00:00,44.91,44.96,44.83,44.9,11989.8
2026-08-04 23:00:00+00:00,44.9,45.13,44.79,44.81,16558.0
2026-08-05 00:00:00+00:00,44.81,45.11,44.8,45.07,21330.5
2026-08-05 01:00:00+00:00,45.07,45.28,45.0,45.21,10597.6
2026-08-05 02:00:00+00:00,45.21,45.27,45.06,45.26,8793.4
2026-08-05 03:00:00+00:00,45.26,45.32,44.71,44.79,19216.7
2026-08-05 04:00:00+00:00,44.79,44.84,44.69,44.83,5429.0
2026-08-05 05:00:00+00:00,44.83,44.99,44.83,44.98,5678.0
2026-08-05 06:00:00+00:00,44.98,45.0,44.86,44.87,7778.8
2026-08-05 07:00:00+00:00,44.87,44.93,44.77,44.86,6306.5
2026-08-05 08:00:00+00:00,44.86,44.92,44.78,44.84,9117.9
2026-08-05 09:00:00+00:00,44.84,44.96,44.81,44.88,8924.8
2026-08-05 10:00:00+00:00,44.88,45.02,44.69,44.75,16422.2
2026-08-05 11:00:00+00:00,44.75,44.86,44.71,44.73,3260.2
2026-08-05 12:00:00+00:00,44.73,45.03,44.7,44.98,15586.9
2026-08-05 13:00:00+00:00,44.98,45.18,44.79,45.01,30072.7
2026-08-05 14:00:00+00:00,45.01,45.2,44.95,45.16,28557.4
2026-08-05 15:00:00+00:00,45.16,45.24,44.94,44.98,24451.4
2026-08-05 16:00:00+00:00,44.98,45.26,44.97,45.17,7013.8
2026-08-05 17:00:00+00:00,45.17,45.4,45.12,45.34,8963.2
2026-08-05 18:00:00+00:00,45.34,45.36,45.23,45.33,9402.9
2026-08-05 19:00:00+00:00,45.33,45.33,45.16,45.23,7139.2
2026-08-05 20:00:00+00:00,45.23,45.38,45.18,45.29,6679.2
2026-08-05 21:00:00+00:00,45.29,45.29,45.1,45.24,9112.6
2026-08-05 22:00:00+00:00,45.24,45.31,45.2,45.22,2574.5
2026-08-05 23:00:00+00:00,45.22,45.34,45.15,45.3,4800.7
2026-08-06 00:00:00+00:00,45.3,45.44,45.29,45.34,9548.0
2026-08-06 01:00:00+00:00,45.34,45.36,45.11,45.21,6461.8
2026-08-06 02:00:00+00:00,45.21,45.22,44.91,44.96,17627.3
2026-08-06 03:00:00+00:00,44.96,44.96,44.89,44.92,4189.2
2026-08-06 04:00:00+00:00,44.92,45.11,44.86,45.08,3706.4
2026-08-06 05:00:00+00:00,45.08,45.17,45.0,45.03,3404.7
2026-08-06 06:00:00+00:00,45.03,45.07,44.98,45.05,3598.3
2026-08-06 07:00:00+00:00,45.05,45.09,44.94,45.0,5651.5
2026-08-06 08:00:00+00:00,45.0,45.1,44.97,45.08,2829.0
2026-08-06 09:00:00+00:00,45.08,45.1,44.92,44.94,11792.7
2026-08-06 10:00:00+00:00,44.94,44.97,44.84,44.87,7438.8
2026-08-06 11:00:00+00:00,44.87,45.03,44.75,45.03,9642.7
2026-08-06 12:00:00+00:00,45.03,45.37,45.01,45.17,14543.3
2026-08-06 13:00:00+00:00,45.17,45.52,45.03,45.47,14134.4
2026-08-06 14:00:00+00:00,45.47,45.57,45.32,45.53,15167.5
2026-08-06 15:00:00+00:00,45.53,45.74,45.53,45.67,22200.0
2026-08-06 16:00:00+00:00,45.67,45.74,45.55,45.71,15939.5
2026-08-06 17:00:00+00:00,45.71,45.8,45.62,45.62,7499.4
2026-08-06 18:00:00+00:00,45.62,45.65,45.36,45.49,10290.8
2026-08-06 19:00:00+00:00,45.49,45.51,45.34,45.37,8012.2
2026-08-06 20:00:00+00:00,45.37,45.55,45.36,45.47,7258.7
2026-08-06 21:00:00+00:00,45.47,45.64,45.47,45.5,6216.3
2026-08-06 22:00:00+00:00,45.5,45.53,45.38,45.44,5516.9
2026-08-06 23:00:00+00:00,45.44,45.44,45.31,45.42,4569.9
2026-08-07 00:00:00+00:00,45.42,45.59,45.37,45.53,14244.2
2026-08-07 01:00:00+00:00,45.53,45.65,45.53,45.6,5198.0
2026-08-07 02:00:00+00:00,45.6,45.68,45.5,45.5,6930.4
2026-08-07 03:00:00+00:00,45.5,45.59,45.43,45.47,5008.8
2026-08-07 04:00:00+00:00,45.47,45.48,45.3,45.4,15962.3
2026-08-07 05:00:00+00:00,45.4,45.48,45.34,45.45,2390.7
2026-08-07 06:00:00+00:00,45.45,45.62,45.44,45.56,6179.4
2026-08-07 07:00:00+00:00,45.56,45.67,45.51,45.56,5696.8
2026-08-07 08:00:00+00:00,45.56,45.82,45.54,45.8,11016.6
2026-08-07 09:00:00+00:00,45.8,45.92,45.69,45.71,14082.4
2026-08-07 10:00:00+00:00,45.71,45.8,45.66,45.67,10479.8
2026-08-07 11:00:00+00:00,45.67,45.85,45.65,45.69,10698.0
2026-08-07 12:00:00+00:00,45.69,45.98,45.65,45.76,27740.6
2026-08-07 13:00:00+00:00,45.76,45.82,45.66,45.68,8946.5
2026-08-07 14:00:00+00:00,45.68,45.78,45.57,45.62,8234.1
2026-08-07 15:00:00+00:00,45.62,46.03,45.55,45.92,30768.4
2026-08-07 16:00:00+00:00,45.92,46.04,45.81,45.82,11215.2
2026-08-07 17:00:00+00:00,45.82,45.82,45.38,45.45,20244.6
2026-08-07 18:00:00+00:00,45.45,45.48,45.34,45.42,6253.3
2026-08-07 19:00:00+00:00,45.42,45.55,45.24,45.36,26871.1
2026-08-07 20:00:00+00:00,45.36,45.52,45.33,45.5,8998.1
2026-08-07 21:00:00+00:00,45.5,45.6,45.43,45.44,7730.6
2026-08-07 22:00:00+00:00,45.44,45.56,45.38,45.42,6098.4
2026-08-07 23:00:00+00:00,45.42,45.6,45.4,45.52,3939.4
2026-08-08 00:00:00+00:00,45.52,45.52,45.41,45.47,4285.2
2026-08-08 01:00:00+00:00,45.47,45.6,45.46,45.52,2646.7
2026-08-08 02:00:00+00:00,45.52,45.6,45.51,45.52,2198.2
2026-08-08 03:00:00+00:00,45.52,45.61,45.48,45.54,10318.3
2026-08-08 04:00:00+00:00,45.54,45.55,45.44,45.49,6566.0
2026-08-08 05:00:00+00:00,45.49,45.55,45.47,45.47,2389.4
2026-08-08 06:00:00+00:00,45.47,45.55,45.44,45.53,2777.7
2026-08-08 07:00:00+00:00,45.53,45.54,45.48,45.51,2912.3
2026-08-08 08:00:00+00:00,45.51,45.6,45.46,45.54,4300.2
2026-08-08 09:00:00+00:00,45.54,45.58,45.5,45.56,3864.3
2026-08-08 10:00:00+00:00,45.56,45.59,45.47,45.59,2562.6
2026-08-08 11:00:00+00:00,45.59,45.65,45.49,45.55,4295.6
2026-08-08 12:00:00+00:00,45.55,45.63,45.47,45.59,4000.4
2026-08-08 13:00:00+00:00,45.59,45.62,45.57,45.61,2470.1
2026-08-08 14:00:00+00:00,45.61,45.8,45.59,45.77,6999.0
2026-08-08 15:00:00+00:00,45.77,45.88,45.73,45.86,10785.6
2026-08-08 16:00:00+00:00,45.86,45.87,45.74,45.78,5354.6
2026-08-08 17:00:00+00:00,45.78,45.86,45.75,45.84,3406.1
2026-08-08 18:00:00+00:00,45.84,45.94,45.82,45.92,5711.0
2026-08-08 19:00:00+00:00,45.92,45.99,45.8,45.95,5934.8
2026-08-08 20:00:00+00:00,45.95,46.09,45.91,46.05,8425.2
2026-08-08 21:00:00+00:00,46.05,46.08,46.0,46.04,4552.4
2026-08-08 22:00:00+00:00,46.04,46.07,45.94,45.98,3292.6
2026-08-08 23:00:00+00:00,45.98,46.02,45.91,45.98,3098.1
2026-08-09 00:00:00+00:00,45.98,46.14,45.97,46.09,12150.2
2026-08-09 01:00:00+00:00,46.09,46.13,45.99,46.06,6379.4
2026-08-09 02:00:00+00:00,46.06,46.06,45.87,45.9,4250.1
2026-08-09 03:00:00+00:00,45.9,46.01,45.85,45.93,4897.6
2026-08-09 04:00:00+00:00,45.93,46.02,45.91,45.91,2948.6
2026-08-09 05:00:00+00:00,45.91,46.04,45.87,45.94,4584.7
2026-08-09 06:00:00+00:00,45.94,46.08,45.93,46.06,5004.3
2026-08-09 07:00:00+00:00,46.06,46.17,45.91,46.14,19898.6
2026-08-09 08:00:00+00:00,46.14,46.32,46.06,46.22,21221.6
2026-08-09 09:00:00+00:00,46.22,46.27,46.11,46.18,6780.0
2026-08-09 10:00:00+00:00,46.18,46.2,46.01,46.07,8959.1
2026-08-09 11:00:00+00:00,46.07,46.28,46.07,46.24,5926.5
2026-08-09 12:00:00+00:00,46.24,46.29,46.13,46.15,4466.6
2026-08-09 13:00:00+00:00,46.15,46.34,46.15,46.31,4375.3
2026-08-09 14:00:00+00:00,46.31,46.44,46.26,46.38,10293.3
2026-08-09 15:00:00+00:00,46.38,46.48,46.31,46.41,7768.5
2026-08-09 16:00:00+00:00,46.41,46.45,46.2,46.27,8770.9
2026-08-09 17:00:00+00:00,46.27,46.3,46.14,46.16,8072.3
2026-08-09 18:00:00+00:00,46.16,46.22,46.15,46.2,3793.1
2026-08-09 19:00:00+00:00,46.2,46.21,46.1,46.12,5849.6
2026-08-09 20:00:00+00:00,46.12,46.13,46.01,46.07,10342.0
2026-08-09 21:00:00+00:00,46.07,46.09,45.96,46.08,6370.3
2026-08-09 22:00:00+00:00,46.08,46.17,45.56,45.64,22041.5
2026-08-09 23:00:00+00:00,45.64,45.64,45.37,45.43,17611.2
2026-08-10 00:00:00+00:00,45.43,45.57,45.3,45.48,22487.4
2026-08-10 01:00:00+00:00,45.48,45.75,45.44,45.6,6941.4
2026-08-10 02:00:00+00:00,45.6,45.6,45.31,45.48,8452.6
2026-08-10 03:00:00+00:00,45.48,45.49,45.27,45.31,5254.9
2026-08-10 04:00:00+00:00,45.31,45.41,45.18,45.26,9972.2
2026-08-10 05:00:00+00:00,45.26,45.49,45.26,45.44,4510.6
2026-08-10 06:00:00+00:00,45.44,45.55,45.42,45.53,7506.3
2026-08-10 07:00:00+00:00,45.53,45.56,45.45,45.53,3497.8
2026-08-10 08:00:00+00:00,45.53,45.57,45.35,45.42,11968.2
2026-08-10 09:00:00+00:00,45.42,45.48,45.36,45.42,5866.9
2026-08-10 10:00:00+00:00,45.42,45.54,45.36,45.37,5089.9
2026-08-10 11:00:00+00:00,45.37,45.38,45.29,45.37,6263.5
2026-08-10 12:00:00+00:00,45.37,45.46,45.33,45.37,5223.9
2026-08-10 13:00:00+00:00,45.37,45.5,45.21,45.32,14787.3
2026-08-10 14:00:00+00:00,45.32,45.52,45.31,45.39,8825.2
2026-08-10 15:00:00+00:00,45.39,45.41,45.03,45.2,18388.0
2026-08-10 16:00:00+00:00,45.2,45.29,45.02,45.1,18082.2
2026-08-10 17:00:00+00:00,45.1,45.27,45.04,45.06,4004.9
2026-08-10 18:00:00+00:00,45.06,45.17,44.97,45.05,9739.1
2026-08-10 19:00:00+00:00,45.05,45.17,44.97,45.1,9138.8
2026-08-10 20:00:00+00:00,45.1,45.17,44.99,45.02,9326.8
2026-08-10 21:00:00+00:00,45.02,45.15,45.0,45.04,5145.7
2026-08-10 22:00:00+00:00,45.04,45.17,45.0,45.13,6546.8
2026-08-10 23:00:00+00:00,45.13,45.19,45.08,45.1,6059.8
2026-08-11 00:00:00+00:00,45.1,45.17,45.05,45.13,10040.8
2026-08-11 01:00:00+00:00,45.13,45.23,45.07,45.23,3489.8
2026-08-11 02:00:00+00:00,45.23,45.28,45.17,45.17,2953.7
2026-08-11 03:00:00+00:00,45.17,45.23,45.17,45.2,1234.5
2026-08-11 04:00:00+00:00,45.2,45.21,45.12,45.14,2387.2
2026-08-11 05:00:00+00:00,45.14,45.17,45.02,45.07,3396.5
2026-08-11 06:00:00+00:00,45.07,45.17,45.0,45.07,4683.5
2026-08-11 07:00:00+00:00,45.07,45.15,44.99,45.13,4641.7
2026-08-11 08:00:00+00:00,45.13,45.26,45.1,45.24,2653.6
2026-08-11 09:00:00+00:00,45.24,45.55,45.24,45.55,13631.6
2026-08-11 10:00:00+00:00,45.55,45.55,45.37,45.42,4837.5
2026-08-11 11:00:00+00:00,45.42,45.48,45.34,45.44,4699.3
2026-08-11 12:00:00+00:00,45.44,45.45,45.27,45.33,8047.8
2026-08-11 13:00:00+00:00,45.33,45.43,44.98,45.0,12107.4
2026-08-11 14:00:00+00:00,45.0,45.13,44.91,45.0,24384.1
2026-08-11 15:00:00+00:00,45.0,45.16,44.88,45.01,14199.7
2026-08-11 16:00:00+00:00,45.01,45.14,44.97,45.01,8240.7
2026-08-11 17:00:00+00:00,45.01,45.27,45.01,45.24,5629.1
2026-08-11 18:00:00+00:00,45.24,45.39,45.16,45.36,9744.2
2026-08-11 19:00:00+00:00,45.36,45.49,45.29,45.47,7590.2
2026-08-11 20:00:00+00:00,45.47,45.53,45.42,45.46,7174.6
2026-08-11 21:00:00+00:00,45.46,45.52,45.42,45.47,3266.0
2026-08-11 22:00:00+00:00,45.47,45.53,45.4,45.45,4646.3
2026-08-11 23:00:00+00:00,45.45,45.56,45.44,45.48,2981.6
2026-08-12 00:00:00+00:00,45.48,45.56,45.44,45.52,9514.1
2026-08-12 01:00:00+00:00,45.52,45.6,45.42,45.44,6243.6
2026-08-12 02:00:00+00:00,45.44,45.44,45.36,45.39,4064.3
2026-08-12 03:00:00+00:00,45.39,45.42,45.33,45.36,2201.2
2026-08-12 04:00:00+00:00,45.36,45.39,45.27,45.37,2075.0
2026-08-12 05:00:00+00:00,45.37,45.43,45.24,45.3,3845.1
2026-08-12 06:00:00+00:00,45.3,45.38,45.23,45.28,5749.9
2026-08-12 07:00:00+00:00,45.28,45.31,45.19,45.28,2541.7
2026-08-12 08:00:00+00:00,45.28,45.36,45.24,45.27,2682.6
2026-08-12 09:00:00+00:00,45.27,45.46,45.26,45.44,6352.5
2026-08-12 10:00:00+00:00,45.44,45.5,45.38,45.39,4416.2
2026-08-12 11:00:00+00:00,45.39,45.45,45.34,45.43,2694.5
2026-08-12 12:00:00+00:00,45.43,45.66,45.34,45.47,25175.9
2026-08-12 13:00:00+00:00,45.47,45.62,45.41,45.55,7803.4
2026-08-12 14:00:00+00:00,45.55,45.56,44.95,44.96,30378.3
2026-08-12 15:00:00+00:00,44.96,45.15,44.93,45.03,9753.4
2026-08-12 16:00:00+00:00,45.03,45.13,45.02,45.12,6055.7
2026-08-12 17:00:00+00:00,45.12,45.17,45.01,45.16,5618.9
2026-08-12 18:00:00+00:00,45.16,45.16,44.99,45.06,6340.4
2026-08-12 19:00:00+00:00,45.06,45.1,44.63,44.75,35298.6
2026-08-12 20:00:00+00:00,44.75,44.85,44.7,44.8,8229.7
2026-08-12 21:00:00+00:00,44.8,44.91,44.64,44.78,12857.3
2026-08-12 22:00:00+00:00,44.78,44.92,44.75,44.83,4749.0
2026-08-12 23:00:00+00:00,44.83,44.92,44.78,44.86,6053.1
2026-08-13 00:00:00+00:00,44.86,44.95,44.78,44.78,16042.2
2026-08-13 01:00:00+00:00,44.78,44.85,44.65,44.82,7555.7
2026-08-13 02:00:00+00:00,44.82,44.85,44.76,44.85,2920.6
2026-08-13 03:00:00+00:00,44.85,44.94,44.84,44.94,4530.4
2026-08-13 04:00:00+00:00,44.94,44.94,44.86,44.88,4229.3
2026-08-13 05:00:00+00:00,44.88,45.04,44.83,45.02,6504.3
2026-08-13 06:00:00+00:00,45.02,45.04,44.94,45.0,4872.6
2026-08-13 07:00:00+00:00,45.0,45.01,44.84,44.87,4748.3
2026-08-13 08:00:00+00:00,44.87,44.88,44.79,44.86,6163.9
2026-08-13 09:00:00+00:00,44.86,44.94,44.83,44.92,4865.0
2026-08-13 10:00:00+00:00,44.92,44.93,44.78,44.83,4914.5
2026-08-13 11:00:00+00:00,44.83,44.85,44.66,44.68,8250.8
2026-08-13 12:00:00+00:00,44.68,44.88,44.64,44.86,13392.4
2026-08-13 13:00:00+00:00,44.86,45.01,44.71,44.71,8385.6
2026-08-13 14:00:00+00:00,44.71,44.92,44.63,44.85,18348.2
2026-08-13 15:00:00+00:00,44.85,44.91,44.68,44.69,5083.1
2026-08-13 16:00:00+00:00,44.69,44.83,44.67,44.73,12379.7
2026-08-13 17:00:00+00:00,44.73,44.8,44.68,44.73,7582.7
2026-08-13 18:00:00+00:00,44.73,44.75,44.63,44.7,11662.3
2026-08-13 19:00:00+00:00,44.7,44.76,44.67,44.76,5843.6
2026-08-13 20:00:00+00:00,44.76,44.79,44.7,44.74,4107.0
2026-08-13 21:00:00+00:00,44.74,44.78,44.69,44.71,3040.9
2026-08-13 22:00:00+00:00,44.71,44.85,44.7,44.82,5362.6
2026-08-13 23:00:00+00:00,44.82,44.84,44.73,44.81,4899.2
2026-08-14 00:00:00+00:00,44.81,44.88,44.69,44.71,14094.4
2026-08-14 01:00:00+00:00,44.71,44.77,44.69,44.76,4728.4
2026-08-14 02:00:00+00:00,44.76,44.84,44.74,44.82,3188.6
2026-08-14 03:00:00+00:00,44.82,44.91,44.78,44.78,5217.2
2026-08-14 04:00:00+00:00,44.78,44.82,44.72,44.72,2440.3
2026-08-14 05:00:00+00:00,44.72,44.78,44.68,44.78,2706.9
2026-08-14 06:00:00+00:00,44.78,44.78,44.68,44.68,2730.9
2026-08-14 07:00:00+00:00,44.68,44.71,44.55,44.62,20590.9
2026-08-14 08:00:00+00:00,44.62,44.65,44.46,44.59,20765.5
2026-08-14 09:00:00+00:00,44.59,44.72,44.58,44.64,6050.1
2026-08-14 10:00:00+00:00,44.64,44.67,44.51,44.52,4712.1
2026-08-14 11:00:00+00:00,44.52,44.56,44.47,44.53,8045.0
2026-08-14 12:00:00+00:00,44.53,44.56,44.29,44.38,36823.9
2026-08-14 13:00:00+00:00,44.38,44.48,44.15,44.18,17905.7
2026-08-14 14:00:00+00:00,44.18,44.25,43.92,43.95,31974.6
2026-08-14 15:00:00+00:00,43.95,43.96,43.66,43.89,61964.2
2026-08-14 16:00:00+00:00,43.89,44.04,43.8,44.04,29798.6
2026-08-14 17:00:00+00:00,44.04,44.09,43.78,43.81,21432.9
2026-08-14 18:00:00+00:00,43.81,43.95,43.67,43.67,10338.5
2026-08-14 19:00:00+00:00,43.67,43.7,43.35,43.6,36167.4
2026-08-14 20:00:00+00:00,43.6,43.68,43.49,43.5,4517.9
2026-08-14 21:00:00+00:00,43.5,43.62,43.5,43.54,3661.5
2026-08-14 22:00:00+00:00,43.54,43.63,43.53,43.58,5375.3
2026-08-14 23:00:00+00:00,43.58,43.82,43.58,43.82,14855.5
2026-08-15 00:00:00+00:00,43.82,43.87,43.63,43.64,17223.9
2026-08-15 01:00:00+00:00,43.64,43.84,43.62,43.82,7855.3
2026-08-15 02:00:00+00:00,43.82,43.99,43.76,43.98,5272.9
2026-08-15 03:00:00+00:00,43.98,44.02,43.84,43.94,8476.9
2026-08-15 04:00:00+00:00,43.94,44.09,43.94,43.98,8569.8
2026-08-15 05:00:00+00:00,43.98,44.08,43.95,43.97,4555.7
2026-08-15 06:00:00+00:00,43.97,44.07,43.96,44.05,8455.3
2026-08-15 07:00:00+00:00,44.05,44.09,43.98,43.99,4789.4
2026-08-15 08:00:00+00:00,43.99,44.01,43.92,43.94,6974.6
2026-08-15 09:00:00+00:00,43.94,44.04,43.92,44.03,7499.4
2026-08-15 10:00:00+00:00,44.03,44.08,44.0,44.04,2586.4
2026-08-15 11:00:00+00:00,44.04,44.07,43.93,44.02,6496.0
2026-08-15 12:00:00+00:00,44.02,44.12,44.01,44.09,9602.1
2026-08-15 13:00:00+00:00,44.09,44.14,44.08,44.13,4389.3
2026-08-15 14:00:00+00:00,44.13,44.17,44.04,44.1,3945.1
2026-08-15 15:00:00+00:00,44.1,44.27,44.07,44.23,6030.0
2026-08-15 16:00:00+00:00,44.23,44.27,44.11,44.12,6307.2
2026-08-15 17:00:00+00:00,44.12,44.22,44.04,44.19,7138.1
2026-08-15 18:00:00+00:00,44.19,44.28,44.12,44.23,5678.5
2026-08-15 19:00:00+00:00,44.23,44.3,44.21,44.22,4129.9
2026-08-15 20:00:00+00:00,44.22,44.23,44.12,44.16,4397.3
2026-08-15 21:00:00+00:00,44.16,44.17,44.04,44.07,4139.1
2026-08-15 22:00:00+00:00,44.07,44.17,44.07,44.12,5419.6
2026-08-15 23:00:00+00:00,44.12,44.12,44.01,44.07,3834.1
2026-08-16 00:00:00+00:00,44.07,44.2,44.05,44.16,9060.3
2026-08-16 01:00:00+00:00,44.16,44.21,44.13,44.2,3036.7
2026-08-16 02:00:00+00:00,44.2,44.27,44.16,44.25,4047.5
2026-08-16 03:00:00+00:00,44.25,44.3,44.21,44.22,3628.0
2026-08-16 04:00:00+00:00,44.22,44.28,44.19,44.22,2054.5
2026-08-16 05:00:00+00:00,44.22,44.26,44.12,44.13,3322.4
2026-08-16 06:00:00+00:00,44.13,44.19,44.11,44.18,4075.2
2026-08-16 07:00:00+00:00,44.18,44.29,44.17,44.29,2750.3
2026-08-16 08:00:00+00:00,44.29,44.39,44.27,44.37,8688.7
2026-08-16 09:00:00+00:00,44.37,44.4,44.33,44.37,5497.8
2026-08-16 10:00:00+00:00,44.37,44.39,44.28,44.34,5401.7
2026-08-16 11:00:00+00:00,44.34,44.39,44.31,44.38,1764.3
2026-08-16 12:00:00+00:00,44.38,44.38,44.23,44.28,4194.6
2026-08-16 13:00:00+00:00,44.28,44.3,44.21,44.27,3267.2
2026-08-16 14:00:00+00:00,44.27,44.34,44.26,44.34,2096.2
2026-08-16 15:00:00+00:00,44.34,44.79,44.33,44.7,22185.8
2026-08-16 16:00:00+00:00,44.7,44.72,44.5,44.53,10538.5
2026-08-16 17:00:00+00:00,44.53,44.55,44.45,44.48,5653.8
2026-08-16 18:00:00+00:00,44.48,44.51,44.43,44.46,2563.2
2026-08-16 19:00:00+00:00,44.46,44.56,44.45,44.53,4868.6
2026-08-16 20:00:00+00:00,44.53,44.56,44.43,44.43,4484.3
2026-08-16 21:00:00+00:00,44.43,44.43,44.01,44.12,20001.1
2026-08-16 22:00:00+00:00,44.12,44.16,44.03,44.1,6061.6
2026-08-16 23:00:00+00:00,44.1,44.21,44.07,44.11,5522.9
2026-08-17 00:00:00+00:00,44.11,44.16,44.07,44.12,4249.5
2026-08-17 01:00:00+00:00,44.12,44.37,44.11,44.29,5910.5
2026-08-17 02:00:00+00:00,44.29,44.45,44.23,44.39,7681.7
2026-08-17 03:00:00+00:00,44.39,44.42,44.22,44.23,5072.9
2026-08-17 04:00:00+00:00,44.23,44.28,44.23,44.25,2101.6
2026-08-17 05:00:00+00:00,44.25,44.3,44.21,44.22,2990.9
2026-08-17 06:00:00+00:00,44.22,44.29,44.16,44.18,8869.0
2026-08-17 07:00:00+00:00,44.18,44.18,44.09,44.1,5119.4
2026-08-17 08:00:00+00:00,44.1,44.11,43.83,43.83,21372.6
2026-08-17 09:00:00+00:00,43.83,44.07,43.8,43.98,11487.6
2026-08-17 10:00:00+00:00,43.98,44.24,43.95,44.14,10652.2
2026-08-17 11:00:00+00:00,44.14,44.24,44.14,44.18,3475.5
2026-08-17 12:00:00+00:00,44.18,44.21,44.12,44.16,4155.9
2026-08-17 13:00:00+00:00,44.16,44.38,44.15,44.27,6759.0
2026-08-17 14:00:00+00:00,44.27,44.49,44.25,44.48,5332.5
2026-08-17 15:00:00+00:00,44.48,44.48,44.31,44.33,10165.6
2026-08-17 16:00:00+00:00,44.33,44.54,44.32,44.49,7282.9
2026-08-17 17:00:00+00:00,44.49,44.58,44.37,44.51,14060.0
2026-08-17 18:00:00+00:00,44.51,44.61,44.46,44.61,6191.7
2026-08-17 19:00:00+00:00,44.61,44.61,44.45,44.46,3880.1
2026-08-17 20:00:00+00:00,44.46,44.56,44.4,44.54,3533.6
2026-08-17 21:00:00+00:00,44.54,44.6,44.53,44.54,3176.4
2026-08-17 22:00:00+00:00,44.54,44.57,44.39,44.42,1703.8
2026-08-17 23:00:00+00:00,44.42,44.55,44.41,44.55,1522.8
2026-08-18 00:00:00+00:00,44.55,44.62,44.5,44.6,6499.5
2026-08-18 01:00:00+00:00,44.6,44.61,44.39,44.43,3048.6
2026-08-18 02:00:00+00:00,44.43,44.5,44.12,44.15,13802.2
2026-08-18 03:00:00+00:00,44.15,44.32,44.14,44.3,6566.5
2026-08-18 04:00:00+00:00,44.3,44.35,44.25,44.31,1491.8
2026-08-18 05:00:00+00:00,44.31,44.32,44.18,44.23,2474.5
2026-08-18 06:00:00+00:00,44.23,44.57,44.21,44.52,5906.4
2026-08-18 07:00:00+00:00,44.52,44.59,44.48,44.5,4878.4
2026-08-18 08:00:00+00:00,44.5,44.61,44.41,44.58,9698.0
2026-08-18 09:00:00+00:00,44.58,44.67,44.49,44.58,7230.9
2026-08-18 10:00:00+00:00,44.58,44.6,44.47,44.47,8195.5
2026-08-18 11:00:00+00:00,44.47,44.59,44.46,44.54,4764.6
2026-08-18 12:00:00+00:00,44.54,44.56,44.48,44.51,1979.4
2026-08-18 13:00:00+00:00,44.51,44.57,44.38,44.42,6779.9
2026-08-18 14:00:00+00:00,44.42,44.75,44.33,44.36,13080.2
2026-08-18 15:00:00+00:00,44.36,44.39,44.12,44.18,18043.6
2026-08-18 16:00:00+00:00,44.18,44.42,44.18,44.4,7005.2
2026-08-18 17:00:00+00:00,44.4,44.4,44.25,44.27,4681.1
2026-08-18 18:00:00+00:00,44.27,44.49,44.27,44.49,4129.0
2026-08-18 19:00:00+00:00,44.49,44.58,44.47,44.5,4400.1
2026-08-18 20:00:00+00:00,44.5,44.57,44.45,44.56,2570.3
2026-08-18 21:00:00+00:00,44.56,44.6,44.45,44.47,2988.3
2026-08-18 22:00:00+00:00,44.47,44.47,44.33,44.33,3634.5
2026-08-18 23:00:00+00:00,44.33,44.59,44.24,44.36,16293.3
2026-08-19 00:00:00+00:00,44.36,44.42,44.32,44.34,5272.4
2026-08-19 01:00:00+00:00,44.34,44.43,44.32,44.41,2620.1
2026-08-19 02:00:00+00:00,44.41,44.41,44.31,44.37,4018.4
2026-08-19 03:00:00+00:00,44.37,44.52,44.36,44.37,4576.1
2026-08-19 04:00:00+00:00,44.37,44.41,44.34,44.36,6822.6
2026-08-19 05:00:00+00:00,44.36,44.45,44.35,44.38,3129.6
2026-08-19 06:00:00+00:00,44.38,44.52,44.36,44.5,3647.6
2026-08-19 07:00:00+00:00,44.5,44.56,44.46,44.49,5223.7
2026-08-19 08:00:00+00:00,44.49,44.99,44.46,44.95,56863.4
2026-08-19 09:00:00+00:00,44.95,45.04,44.84,44.86,19721.2
2026-08-19 10:00:00+00:00,44.86,44.88,44.75,44.87,6100.9
2026-08-19 11:00:00+00:00,44.87,45.01,44.76,44.81,34221.4
2026-08-19 12:00:00+00:00,44.81,44.98,44.79,44.89,22517.0
2026-08-19 13:00:00+00:00,44.89,45.04,44.84,44.95,22475.4
2026-08-19 14:00:00+00:00,44.95,45.37,44.93,45.29,27562.2
2026-08-19 15:00:00+00:00,45.29,46.18,45.17,45.67,96399.6
2026-08-19 16:00:00+00:00,45.67,45.91,45.61,45.81,23947.0
2026-08-19 17:00:00+00:00,45.81,45.83,45.53,45.72,18210.2
2026-08-19 18:00:00+00:00,45.72,45.86,45.63,45.86,10819.5
2026-08-19 19:00:00+00:00,45.86,46.03,45.77,46.0,11005.4
2026-08-19 20:00:00+00:00,46.0,46.69,46.0,46.61,51443.3
2026-08-19 21:00:00+00:00,46.61,47.23,46.49,47.14,95454.7
2026-08-19 22:00:00+00:00,47.14,47.23,46.42,46.61,34013.1
2026-08-19 23:00:00+00:00,46.61,46.76,46.47,46.76,8999.0
2026-08-20 00:00:00+00:00,46.76,47.24,46.76,47.05,28877.4
2026-08-20 01:00:00+00:00,47.05,47.15,46.85,47.06,15704.9
2026-08-20 02:00:00+00:00,47.06,47.08,46.73,46.75,17192.1
2026-08-20 03:00:00+00:00,46.75,46.81,46.47,46.73,9676.5
2026-08-20 04:00:00+00:00,46.73,46.91,46.68,46.85,7971.1
2026-08-20 05:00:00+00:00,46.85,46.89,46.7,46.77,7550.6
2026-08-20 06:00:00+00:00,46.77,47.02,46.74,46.94,7399.2
2026-08-20 07:00:00+00:00,46.94,46.97,46.64,46.81,10723.0
2026-08-20 08:00:00+00:00,46.81,47.6,46.78,47.51,31568.0
2026-08-20 09:00:00+00:00,47.51,47.59,47.11,47.16,41366.8
2026-08-20 10:00:00+00:00,47.16,47.51,47.12,47.35,13793.3
2026-08-20 11:00:00+00:00,47.35,47.55,47.24,47.35,11996.5
2026-08-20 12:00:00+00:00,47.35,47.46,47.08,47.44,21613.3
2026-08-20 13:00:00+00:00,47.44,47.49,47.09,47.38,14660.5
2026-08-20 14:00:00+00:00,47.38,47.81,47.31,47.77,18669.7
2026-08-20 15:00:00+00:00,47.77,48.19,47.57,48.0,61745.0
2026-08-20 16:00:00+00:00,48.0,48.54,47.68,48.48,35260.5
2026-08-20 17:00:00+00:00,48.48,48.55,48.16,48.3,30457.8
2026-08-20 18:00:00+00:00,48.3,48.57,47.86,48.01,60606.1
2026-08-20 19:00:00+00:00,48.01,48.19,47.73,47.83,17774.5
2026-08-20 20:00:00+00:00,47.83,48.25,47.72,48.08,25631.8
2026-08-20 21:00:00+00:00,48.08,48.19,48.01,48.11,14882.6
2026-08-20 22:00:00+00:00,48.11,48.11,47.75,47.8,9400.4
2026-08-20 23:00:00+00:00,47.8,48.08,47.67,47.8,20842.0
2026-08-21 00:00:00+00:00,47.8,48.19,47.75,47.93,31743.9
2026-08-21 01:00:00+00:00,47.93,48.51,47.91,48.38,31789.2
2026-08-21 02:00:00+00:00,48.38,48.41,48.07,48.08,18670.7
2026-08-21 03:00:00+00:00,48.08,48.43,47.95,48.29,23173.4
2026-08-21 04:00:00+00:00,48.29,48.71,48.29,48.69,28875.7
2026-08-21 05:00:00+00:00,48.69,48.73,48.47,48.63,17411.7
2026-08-21 06:00:00+00:00,48.63,48.95,48.49,48.82,27364.0
2026-08-21 07:00:00+00:00,48.82,49.92,48.78,49.59,88635.5
2026-08-21 08:00:00+00:00,49.59,51.43,49.59,51.42,147681.3
2026-08-21 09:00:00+00:00,51.42,51.46,49.71,50.68,151803.5
2026-08-21 10:00:00+00:00,50.68,50.99,50.37,50.87,40621.5
2026-08-21 11:00:00+00:00,50.87,50.97,49.96,50.19,61026.9
2026-08-21 12:00:00+00:00,50.19,50.79,50.12,50.58,40859.3
2026-08-21 13:00:00+00:00,50.58,50.94,50.18,50.9,41990.7
2026-08-21 14:00:00+00:00,50.9,51.52,50.54,51.49,32262.1
2026-08-21 15:00:00+00:00,51.49,52.07,51.43,51.82,73284.5
2026-08-21 16:00:00+00:00,51.82,52.23,51.11,51.81,65095.5
2026-08-21 17:00:00+00:00,51.81,52.03,51.21,51.86,37411.7
2026-08-21 18:00:00+00:00,51.86,52.08,51.42,51.61,27222.7
2026-08-21 19:00:00+00:00,51.61,52.35,51.26,51.64,39378.9
2026-08-21 20:00:00+00:00,51.64,52.39,51.43,52.37,42081.6
2026-08-21 21:00:00+00:00,52.37,52.8,52.09,52.66,65498.8
2026-08-21 22:00:00+00:00,52.66,54.16,52.54,53.77,136344.0
2026-08-21 23:00:00+00:00,53.77,53.93,52.92,53.16,59026.5
2026-08-22 00:00:00+00:00,53.16,53.86,52.7,53.85,50900.9
2026-08-22 01:00:00+00:00,53.85,54.15,52.96,53.13,130061.8
2026-08-22 02:00:00+00:00,53.13,54.59,53.13,54.47,99451.4
2026-08-22 03:00:00+00:00,54.47,54.99,53.88,54.22,130038.1
2026-08-22 04:00:00+00:00,54.22,55.44,53.77,54.91,100638.1
2026-08-22 05:00:00+00:00,54.91,55.18,50.09,51.99,434848.7
2026-08-22 06:00:00+00:00,51.99,52.12,51.16,51.99,74406.6
2026-08-22 07:00:00+00:00,51.99,52.4,51.64,51.92,39242.0
2026-08-22 08:00:00+00:00,51.92,52.12,50.94,51.35,70393.0
2026-08-22 09:00:00+00:00,51.35,51.92,50.95,51.65,52215.2
2026-08-22 10:00:00+00:00,51.65,51.68,50.45,51.31,83647.9
2026-08-22 11:00:00+00:00,51.31,51.51,51.01,51.41,36295.7
2026-08-22 12:00:00+00:00,51.41,51.86,51.29,51.66,20178.3
2026-08-22 13:00:00+00:00,51.66,52.21,51.5,52.2,22406.7
2026-08-22 14:00:00+00:00,52.2,52.26,51.48,51.9,49105.5
2026-08-22 15:00:00+00:00,51.9,52.13,51.39,51.93,26793.7
2026-08-22 16:00:00+00:00,51.93,52.55,51.74,52.3,27595.2
2026-08-22 17:00:00+00:00,52.3,52.73,52.2,52.61,22988.5
2026-08-22 18:00:00+00:00,52.61,52.98,52.57,52.93,32025.6
2026-08-22 19:00:00+00:00,52.93,53.71,52.8,53.18,34100.1
2026-08-22 20:00:00+00:00,53.18,53.48,52.75,52.91,42625.2
2026-08-22 21:00:00+00:00,52.91,52.92,51.83,51.96,42285.1
2026-08-22 22:00:00+00:00,51.96,52.73,51.77,52.57,24265.0
2026-08-22 23:00:00+00:00,52.57,52.68,52.07,52.45,15432.7
2026-08-23 00:00:00+00:00,52.45,52.93,52.25,52.76,25764.2
2026-08-23 01:00:00+00:00,52.76,52.76,52.01,52.04,11581.1
2026-08-23 02:00:00+00:00,52.04,52.04,51.36,51.55,25248.6
2026-08-23 03:00:00+00:00,51.55,51.62,51.06,51.19,13967.4
2026-08-23 04:00:00+00:00,51.19,51.51,50.63,51.09,31812.3
2026-08-23 05:00:00+00:00,51.09,51.3,50.57,50.72,40721.7
2026-08-23 06:00:00+00:00,50.72,51.34,50.64,51.18,13975.5
2026-08-23 07:00:00+00:00,51.18,51.46,51.09,51.22,8671.8
2026-08-23 08:00:00+00:00,51.22,51.9,51.13,51.73,23834.4
2026-08-23 09:00:00+00:00,51.73,51.98,51.64,51.8,13197.3
2026-08-23 10:00:00+00:00,51.8,52.26,51.8,52.11,11206.2
2026-08-23 11:00:00+00:00,52.11,52.46,52.07,52.26,19707.9
2026-08-23 12:00:00+00:00,52.26,52.58,51.99,52.5,18984.2
2026-08-23 13:00:00+00:00,52.5,53.08,52.4,52.99,26880.4
2026-08-23 14:00:00+00:00,52.99,53.18,51.63,52.12,78452.9
2026-08-23 15:00:00+00:00,52.12,52.28,51.62,52.01,27152.3
2026-08-23 16:00:00+00:00,52.01,52.28,51.91,52.28,10827.7
2026-08-23 17:00:00+00:00,52.28,52.48,52.06,52.32,12661.6
2026-08-23 18:00:00+00:00,52.32,52.46,52.22,52.4,5434.9
2026-08-23 19:00:00+00:00,52.4,52.43,52.03,52.28,8585.5
2026-08-23 20:00:00+00:00,52.28,52.48,52.15,52.35,9797.8
2026-08-23 21:00:00+00:00,52.35,52.79,52.35,52.44,20644.4
2026-08-23 22:00:00+00:00,52.44,52.6,52.15,52.35,23574.2
2026-08-23 23:00:00+00:00,52.35,52.63,52.2,52.26,15451.8
2026-08-24 00:00:00+00:00,52.26,52.36,51.55,52.12,38617.4
2026-08-24 01:00:00+00:00,52.12,52.18,51.3,51.42,37248.9
2026-08-24 02:00:00+00:00,51.42,51.99,51.2,51.87,20364.7
2026-08-24 03:00:00+00:00,51.87,51.9,51.46,51.65,11240.1
2026-08-24 04:00:00+00:00,51.65,52.24,51.65,51.94,8381.4
2026-08-24 05:00:00+00:00,51.94,52.18,51.75,52.04,19303.6
2026-08-24 06:00:00+00:00,52.04,52.18,51.76,52.11,17842.3
2026-08-24 07:00:00+00:00,52.11,52.48,52.0,52.1,22710.6
2026-08-24 08:00:00+00:00,52.1,52.2,51.56,51.93,24662.4
2026-08-24 09:00:00+00:00,51.93,53.54,51.89,53.14,145144.7
2026-08-24 10:00:00+00:00,53.14,54.06,52.5,52.53,181728.9
2026-08-24 11:00:00+00:00,52.53,53.2,52.31,52.96,76283.4
2026-08-24 12:00:00+00:00,52.96,53.75,52.5,53.44,78122.0
2026-08-24 13:00:00+00:00,53.44,53.47,51.8,52.04,99614.4
2026-08-24 14:00:00+00:00,52.04,52.7,51.91,52.6,65523.6
2026-08-24 15:00:00+00:00,52.6,52.94,52.12,52.34,64832.6
2026-08-24 16:00:00+00:00,52.34,52.78,52.33,52.38,44170.1
2026-08-24 17:00:00+00:00,52.38,52.42,51.6,51.8,79117.5
2026-08-24 18:00:00+00:00,51.8,52.12,51.69,51.87,22573.4
2026-08-24 19:00:00+00:00,51.87,51.97,51.44,51.57,36898.7
2026-08-24 20:00:00+00:00,51.57,51.75,51.33,51.72,19428.0
2026-08-24 21:00:00+00:00,51.72,51.84,51.61,51.81,10178.8
2026-08-24 22:00:00+00:00,51.81,51.87,51.38,51.5,9441.2
2026-08-24 23:00:00+00:00,51.5,51.7,51.22,51.61,20501.7
2026-08-25 00:00:00+00:00,51.61,52.15,51.38,52.08,25917.2
2026-08-25 01:00:00+00:00,52.08,52.34,51.96,52.29,16925.2
2026-08-25 02:00:00+00:00,52.29,52.95,52.02,52.48,43341.0
2026-08-25 03:00:00+00:00,52.48,52.7,52.27,52.3,19827.6
2026-08-25 04:00:00+00:00,52.3,52.48,52.09,52.35,25099.8
2026-08-25 05:00:00+00:00,52.35,52.72,52.32,52.58,9120.9
2026-08-25 06:00:00+00:00,52.58,52.65,51.83,51.96,51700.8
2026-08-25 07:00:00+00:00,51.96,52.23,51.11,51.61,49118.6
2026-08-25 08:00:00+00:00,51.61,51.94,51.51,51.63,19163.7
2026-08-25 09:00:00+00:00,51.63,51.71,50.92,51.25,34352.9
2026-08-25 10:00:00+00:00,51.25,51.51,51.08,51.4,24000.2
2026-08-25 11:00:00+00:00,51.4,51.44,51.0,51.05,20959.9
2026-08-25 12:00:00+00:00,51.05,51.39,50.78,51.3,30612.5
2026-08-25 13:00:00+00:00,51.3,51.32,50.25,50.75,67306.8
2026-08-25 14:00:00+00:00,50.75,51.23,50.6,50.89,33148.2
2026-08-25 15:00:00+00:00,50.89,51.15,50.77,51.14,19084.0
2026-08-25 16:00:00+00:00,51.14,51.2,50.87,51.0,18723.0
2026-08-25 17:00:00+00:00,51.0,51.06,50.68,50.99,10576.2
2026-08-25 18:00:00+00:00,50.99,51.18,50.94,51.07,10715.8
2026-08-25 19:00:00+00:00,51.07,51.1,50.68,50.8,12311.0
2026-08-25 20:00:00+00:00,50.8,50.85,49.8,50.04,59686.9
2026-08-25 21:00:00+00:00,50.04,50.35,49.26,50.31,64800.1
2026-08-25 22:00:00+00:00,50.31,50.7,50.31,50.48,10447.1
2026-08-25 23:00:00+00:00,50.48,50.55,49.83,49.93,10142.9
2026-08-26 00:00:00+00:00,49.93,50.3,49.73,50.2,15607.7
2026-08-26 01:00:00+00:00,50.2,50.44,50.07,50.29,9533.9
2026-08-26 02:00:00+00:00,50.29,50.46,49.99,50.43,10965.4
2026-08-26 03:00:00+00:00,50.43,50.52,50.21,50.29,6081.9
2026-08-26 04:00:00+00:00,50.29,50.37,49.91,49.96,10890.3
2026-08-26 05:00:00+00:00,49.96,50.41,49.84,50.33,12055.2
2026-08-26 06:00:00+00:00,50.33,50.4,49.95,50.12,29640.0
2026-08-26 07:00:00+00:00,50.12,50.33,50.0,50.15,16466.0
2026-08-26 08:00:00+00:00,50.15,50.42,50.09,50.17,14331.2
2026-08-26 09:00:00+00:00,50.17,50.32,49.91,50.09,12714.7
2026-08-26 10:00:00+00:00,50.09,50.68,49.91,50.67,15355.6
2026-08-26 11:00:00+00:00,50.67,50.79,50.36,50.52,20132.9
2026-08-26 12:00:00+00:00,50.52,50.87,50.15,50.42,36635.6
2026-08-26 13:00:00+00:00,50.42,50.42,49.85,50.15,27358.3
2026-08-26 14:00:00+00:00,50.15,50.27,49.44,49.48,33647.8
2026-08-26 15:00:00+00:00,49.48,49.62,49.16,49.52,41805.0
2026-08-26 16:00:00+00:00,49.52,49.81,49.45,49.75,29661.3
2026-08-26 17:00:00+00:00,49.75,50.0,49.67,49.89,10218.4
2026-08-26 18:00:00+00:00,49.89,49.98,49.76,49.9,13117.8
2026-08-26 19:00:00+00:00,49.9,49.96,49.72,49.8,8390.8
2026-08-26 20:00:00+00:00,49.8,49.89,49.58,49.89,8033.6
2026-08-26 21:00:00+00:00,49.89,50.15,49.77,50.08,20945.9
2026-08-26 22:00:00+00:00,50.08,50.43,49.95,50.04,16523.0
2026-08-26 23:00:00+00:00,50.04,50.54,50.0,50.48,6461.8
2026-08-27 00:00:00+00:00,50.48,50.48,49.83,49.85,13312.5
2026-08-27 01:00:00+00:00,49.85,50.15,49.74,49.94,11121.5
2026-08-27 02:00:00+00:00,49.94,50.07,49.83,49.88,4790.2
2026-08-27 03:00:00+00:00,49.88,50.07,49.73,49.92,5177.6
2026-08-27 04:00:00+00:00,49.92,49.99,49.61,49.68,12078.4
2026-08-27 05:00:00+00:00,49.68,49.76,49.36,49.72,13119.4
2026-08-27 06:00:00+00:00,49.72,49.77,49.5,49.72,10015.3
2026-08-27 07:00:00+00:00,49.72,49.82,49.6,49.75,6524.2
2026-08-27 08:00:00+00:00,49.75,50.27,49.66,50.18,53989.7
2026-08-27 09:00:00+00:00,50.18,50.47,50.0,50.23,28960.6
2026-08-27 10:00:00+00:00,50.23,50.31,49.57,49.87,21313.9
2026-08-27 11:00:00+00:00,49.87,50.07,49.63,49.82,13866.1
2026-08-27 12:00:00+00:00,49.82,49.92,49.57,49.61,14691.8
2026-08-27 13:00:00+00:00,49.61,50.13,49.61,50.03,22861.0
2026-08-27 14:00:00+00:00,50.03,50.45,49.77,50.2,30576.6
2026-08-27 15:00:00+00:00,50.2,50.49,49.86,50.14,44281.6
2026-08-27 16:00:00+00:00,50.14,50.46,50.05,50.2,31894.5
2026-08-27 17:00:00+00:00,50.2,50.45,49.97,50.13,17189.9
2026-08-27 18:00:00+00:00,50.13,50.16,49.65,49.92,25026.2
2026-08-27 19:00:00+00:00,49.92,50.05,49.86,49.93,13695.9
2026-08-27 20:00:00+00:00,49.93,50.08,49.82,49.97,7557.6
2026-08-27 21:00:00+00:00,49.97,50.01,49.76,49.96,11046.2
2026-08-27 22:00:00+00:00,49.96,50.17,49.94,49.96,7225.0
2026-08-27 23:00:00+00:00,49.96,49.98,49.84,49.88,7093.2
2026-08-28 00:00:00+00:00,49.88,50.14,49.61,50.04,22748.2
2026-08-28 01:00:00+00:00,50.04,50.48,49.92,49.95,17961.5
2026-08-28 02:00:00+00:00,49.95,49.95,48.83,49.32,77688.7
2026-08-28 03:00:00+00:00,49.32,49.42,49.13,49.32,14757.8
2026-08-28 04:00:00+00:00,49.32,49.44,49.06,49.22,9281.2
2026-08-28 05:00:00+00:00,49.22,49.29,48.98,49.16,5068.4
2026-08-28 06:00:00+00:00,49.16,49.41,49.16,49.35,10013.6
2026-08-28 07:00:00+00:00,49.35,49.36,49.1,49.16,2551.0
2026-08-28 08:00:00+00:00,49.16,49.27,48.9,48.95,21138.2
2026-08-28 09:00:00+00:00,48.95,49.09,48.73,48.91,31048.2
2026-08-28 10:00:00+00:00,48.91,49.06,48.65,49.04,17879.8
2026-08-28 11:00:00+00:00,49.04,49.16,48.98,49.07,9746.8
2026-08-28 12:00:00+00:00,49.07,49.14,48.68,49.03,66795.2
2026-08-28 13:00:00+00:00,49.03,49.12,48.81,49.03,17037.5
2026-08-28 14:00:00+00:00,49.03,49.46,48.4,49.32,59132.8
2026-08-28 15:00:00+00:00,49.32,49.46,48.45,48.55,24466.1
2026-08-28 16:00:00+00:00,48.55,48.84,47.9,48.83,105184.8
2026-08-28 17:00:00+00:00,48.83,49.06,48.73,49.03,23285.0
2026-08-28 18:00:00+00:00,49.03,49.05,48.54,48.85,17097.3
2026-08-28 19:00:00+00:00,48.85,49.22,48.85,49.16,6813.9
2026-08-28 20:00:00+00:00,49.16,49.52,49.12,49.52,15659.8
2026-08-28 21:00:00+00:00,49.52,49.57,49.08,49.21,17206.9
2026-08-28 22:00:00+00:00,49.21,49.39,49.21,49.29,13269.6
2026-08-28 23:00:00+00:00,49.29,49.3,49.2,49.3,5619.0
2026-08-29 00:00:00+00:00,49.3,49.47,49.16,49.18,8700.0
2026-08-29 01:00:00+00:00,49.18,49.18,49.04,49.16,6094.3
2026-08-29 02:00:00+00:00,49.16,49.23,48.93,48.97,7090.9
2026-08-29 03:00:00+00:00,48.97,49.0,48.83,48.88,5622.3
2026-08-29 04:00:00+00:00,48.88,49.11,48.88,49.06,4480.0
2026-08-29 05:00:00+00:00,49.06,49.19,49.04,49.17,2375.4
2026-08-29 06:00:00+00:00,49.17,49.31,48.97,49.26,6671.7
2026-08-29 07:00:00+00:00,49.26,49.31,49.13,49.21,6367.2
2026-08-29 08:00:00+00:00,49.21,49.28,48.91,49.01,13138.9
2026-08-29 09:00:00+00:00,49.01,49.01,48.81,48.84,10214.3
2026-08-29 10:00:00+00:00,48.84,48.85,48.68,48.78,8252.5
2026-08-29 11:00:00+00:00,48.78,48.82,48.67,48.69,4118.9
2026-08-29 12:00:00+00:00,48.69,48.86,48.68,48.76,5491.4
2026-08-29 13:00:00+00:00,48.76,48.94,48.7,48.9,6108.8
2026-08-29 14:00:00+00:00,48.9,49.29,48.89,49.14,19162.7
2026-08-29 15:00:00+00:00,49.14,49.14,48.95,49.05,5312.3
2026-08-29 16:00:00+00:00,49.05,49.17,48.84,48.85,6482.5
2026-08-29 17:00:00+00:00,48.85,48.93,48.67,48.74,7072.3
2026-08-29 18:00:00+00:00,48.74,48.83,48.48,48.74,20200.2
2026-08-29 19:00:00+00:00,48.74,48.9,48.69,48.86,6214.1
2026-08-29 20:00:00+00:00,48.86,49.01,48.84,48.89,7567.4
2026-08-29 21:00:00+00:00,48.89,48.97,48.77,48.87,9917.9
2026-08-29 22:00:00+00:00,48.87,48.93,48.85,48.92,2573.1
2026-08-29 23:00:00+00:00,48.92,49.0,48.84,48.99,5426.7
2026-08-30 00:00:00+00:00,48.99,48.99,48.71,48.75,12849.6
2026-08-30 01:00:00+00:00,48.75,48.81,48.71,48.77,6670.9
2026-08-30 02:00:00+00:00,48.77,48.92,48.74,48.87,3887.6
2026-08-30 03:00:00+00:00,48.87,48.92,48.83,48.86,2746.1
2026-08-30 04:00:00+00:00,48.86,48.9,48.69,48.81,5013.3
2026-08-30 05:00:00+00:00,48.81,48.94,48.81,48.94,4608.1
2026-08-30 06:00:00+00:00,48.94,49.03,48.87,49.02,5864.1
2026-08-30 07:00:00+00:00,49.02,49.02,48.83,48.88,7156.0
2026-08-30 08:00:00+00:00,48.88,49.01,48.88,49.0,4746.0
2026-08-30 09:00:00+00:00,49.0,49.16,48.97,49.08,6151.2
2026-08-30 10:00:00+00:00,49.08,49.27,49.05,49.22,5625.9
2026-08-30 11:00:00+00:00,49.22,49.35,49.14,49.32,6465.1
2026-08-30 12:00:00+00:00,49.32,49.75,49.26,49.65,27913.8
2026-08-30 13:00:00+00:00,49.65,49.75,49.57,49.62,9240.3
2026-08-30 14:00:00+00:00,49.62,49.95,49.55,49.86,15380.2
2026-08-30 15:00:00+00:00,49.86,50.09,49.74,49.99,13459.8
2026-08-30 16:00:00+00:00,49.99,50.09,49.84,50.01,14082.8
2026-08-30 17:00:00+00:00,50.01,50.01,49.68,49.88,12746.4
2026-08-30 18:00:00+00:00,49.88,50.0,49.75,49.9,12052.4
2026-08-30 19:00:00+00:00,49.9,49.9,49.48,49.68,12816.9
2026-08-30 20:00:00+00:00,49.68,49.75,49.09,49.26,26088.3
2026-08-30 21:00:00+00:00,49.26,49.29,48.83,49.12,22296.5
2026-08-30 22:00:00+00:00,49.12,49.27,48.6,48.77,28612.0
2026-08-30 23:00:00+00:00,48.77,48.78,47.26,47.91,128472.5
2026-08-31 00:00:00+00:00,47.91,48.44,47.68,48.29,27947.8
2026-08-31 01:00:00+00:00,48.29,48.35,47.83,47.94,17058.4
2026-08-31 02:00:00+00:00,47.94,48.28,47.91,48.09,9680.8
2026-08-31 03:00:00+00:00,48.09,48.46,48.05,48.41,6010.2
2026-08-31 04:00:00+00:00,48.41,48.41,48.03,48.27,9579.0
2026-08-31 05:00:00+00:00,48.27,48.64,48.22,48.56,19894.1
2026-08-31 06:00:00+00:00,48.56,48.75,48.51,48.61,12912.9
2026-08-31 07:00:00+00:00,48.61,48.68,48.51,48.58,6857.9
2026-08-31 08:00:00+00:00,48.58,48.77,48.42,48.72,9799.2
2026-08-31 09:00:00+00:00,48.72,48.82,48.52,48.54,11484.9
2026-08-31 10:00:00+00:00,48.54,48.6,48.35,48.53,12190.5
2026-08-31 11:00:00+00:00,48.53,48.56,48.25,48.3,12149.8
2026-08-31 12:00:00+00:00,48.3,48.62,48.21,48.48,29574.5
2026-08-31 13:00:00+00:00,48.48,48.69,48.11,48.19,17654.7
2026-08-31 14:00:00+00:00,48.19,48.59,48.08,48.4,13901.3
2026-08-31 15:00:00+00:00,48.4,48.59,48.27,48.5,7190.1
2026-08-31 16:00:00+00:00,48.5,48.58,48.24,48.32,13789.6
2026-08-31 17:00:00+00:00,48.32,48.65,48.28,48.54,7637.3
2026-08-31 18:00:00+00:00,48.54,48.94,48.48,48.86,19953.4
2026-08-31 19:00:00+00:00,48.86,48.94,48.82,48.92,5517.8
2026-08-31 20:00:00+00:00,48.92,49.02,48.77,48.84,7704.9
2026-08-31 21:00:00+00:00,48.84,48.84,48.61,48.61,7564.4
2026-08-31 22:00:00+00:00,48.61,48.67,48.5,48.54,5381.8
2026-08-31 23:00:00+00:00,48.54,48.55,48.4,48.52,10784.4
2026-09-01 00:00:00+00:00,48.52,48.8,48.48,48.71,9493.6
2026-09-01 01:00:00+00:00,48.71,48.85,48.64,48.67,8652.1
2026-09-01 02:00:00+00:00,48.67,48.76,48.55,48.72,7529.9
2026-09-01 03:00:00+00:00,48.72,48.98,48.7,48.95,6645.9
2026-09-01 04:00:00+00:00,48.95,48.99,48.71,48.73,7934.9
2026-09-01 05:00:00+00:00,48.73,49.13,48.72,49.11,12314.0
2026-09-01 06:00:00+00:00,49.11,49.11,48.82,48.82,15748.6
2026-09-01 07:00:00+00:00,48.82,48.97,48.76,48.86,4559.8
2026-09-01 08:00:00+00:00,48.86,48.9,48.31,48.35,23705.8
2026-09-01 09:00:00+00:00,48.35,48.59,48.24,48.59,7066.8
2026-09-01 10:00:00+00:00,48.59,48.99,48.53,48.94,7512.2
2026-09-01 11:00:00+00:00,48.94,49.13,48.76,49.05,10512.6
2026-09-01 12:00:00+00:00,49.05,49.26,48.83,49.1,24140.7
2026-09-01 13:00:00+00:00,49.1,49.51,48.91,49.4,22235.9
2026-09-01 14:00:00+00:00,49.4,49.79,49.37,49.6,14159.9
2026-09-01 15:00:00+00:00,49.6,49.93,49.27,49.83,14602.2
2026-09-01 16:00:00+00:00,49.83,49.87,49.38,49.67,14857.0
2026-09-01 17:00:00+00:00,49.67,49.91,49.44,49.6,17775.0
2026-09-01 18:00:00+00:00,49.6,49.66,48.77,49.3,28331.4
2026-09-01 19:00:00+00:00,49.3,49.61,49.2,49.48,8393.7
2026-09-01 20:00:00+00:00,49.48,49.7,49.27,49.58,11835.6
2026-09-01 21:00:00+00:00,49.58,49.92,49.24,49.9,13253.9
2026-09-01 22:00:00+00:00,49.9,50.07,49.47,49.48,11200.7
2026-09-01 23:00:00+00:00,49.48,49.64,49.35,49.53,6203.9
2026-09-02 00:00:00+00:00,49.53,49.81,49.04,49.13,30026.3
2026-09-02 01:00:00+00:00,49.13,49.29,48.81,49.0,12070.9
2026-09-02 02:00:00+00:00,49.0,49.31,48.95,49.29,7941.9
2026-09-02 03:00:00+00:00,49.29,49.54,49.07,49.13,7538.7
2026-09-02 04:00:00+00:00,49.13,49.44,48.95,49.38,9097.8
2026-09-02 05:00:00+00:00,49.38,49.49,49.23,49.39,3455.1
2026-09-02 06:00:00+00:00,49.39,49.72,49.25,49.45,18799.5
2026-09-02 07:00:00+00:00,49.45,49.71,48.97,49.14,29334.6
2026-09-02 08:00:00+00:00,49.14,49.17,48.66,48.79,20819.4
2026-09-02 09:00:00+00:00,48.79,48.89,48.58,48.8,17063.0
2026-09-02 10:00:00+00:00,48.8,48.8,48.46,48.72,9600.6
2026-09-02 11:00:00+00:00,48.72,48.8,48.55,48.78,7732.3
2026-09-02 12:00:00+00:00,48.78,48.89,48.65,48.71,14093.8
2026-09-02 13:00:00+00:00,48.71,49.25,48.71,49.19,14049.8
2026-09-02 14:00:00+00:00,49.19,49.36,49.06,49.06,10086.6
2026-09-02 15:00:00+00:00,49.06,49.49,48.94,49.38,17542.2
2026-09-02 16:00:00+00:00,49.38,49.64,49.29,49.34,19201.8
2026-09-02 17:00:00+00:00,49.34,49.53,49.22,49.5,18916.3
2026-09-02 18:00:00+00:00,49.5,49.75,49.38,49.7,9300.3
2026-09-02 19:00:00+00:00,49.7,49.84,49.56,49.77,13589.3
2026-09-02 20:00:00+00:00,49.77,49.98,49.67,49.71,15103.2
2026-09-02 21:00:00+00:00,49.71,49.89,49.49,49.84,9913.7
2026-09-02 22:00:00+00:00,49.84,49.84,49.46,49.49,5796.9
2026-09-02 23:00:00+00:00,49.49,49.67,49.46,49.65,2106.2
2026-09-03 00:00:00+00:00,49.65,49.81,49.57,49.59,7043.0
2026-09-03 01:00:00+00:00,49.59,50.03,49.44,49.71,23777.2
2026-09-03 02:00:00+00:00,49.71,50.19,49.7,50.17,14855.1
2026-09-03 03:00:00+00:00,50.17,50.2,50.02,50.1,7612.7
2026-09-03 04:00:00+00:00,50.1,50.33,50.03,50.33,5696.0
2026-09-03 05:00:00+00:00,50.33,50.36,49.8,50.14,11007.6
2026-09-03 06:00:00+00:00,50.14,50.35,50.06,50.3,8915.5
2026-09-03 07:00:00+00:00,50.3,50.54,50.28,50.4,18426.3
2026-09-03 08:00:00+00:00,50.4,50.88,50.4,50.78,38367.8
2026-09-03 09:00:00+00:00,50.78,50.88,50.37,50.54,23439.9
2026-09-03 10:00:00+00:00,50.54,50.72,50.44,50.62,6363.5
2026-09-03 11:00:00+00:00,50.62,50.97,50.5,50.9,12996.9
2026-09-03 12:00:00+00:00,50.9,51.06,50.75,50.98,15954.6
2026-09-03 13:00:00+00:00,50.98,51.0,50.63,50.73,16205.1
2026-09-03 14:00:00+00:00,50.73,51.23,50.64,51.13,23104.5
2026-09-03 15:00:00+00:00,51.13,51.32,50.93,51.26,30134.6
2026-09-03 16:00:00+00:00,51.26,51.32,50.95,51.26,16486.1
2026-09-03 17:00:00+00:00,51.26,51.39,51.19,51.23,20392.3
2026-09-03 18:00:00+00:00,51.23,51.34,51.15,51.29,21872.5
2026-09-03 19:00:00+00:00,51.29,51.64,51.29,51.61,10744.3
