timestamp,open,high,low,close,volume
2026-06-02 22:00:00+00:00,0.2166,0.2166,0.2109,0.2121,26643961.0
2026-06-02 23:00:00+00:00,0.2121,0.2133,0.2093,0.2129,38384424.0
2026-06-03 00:00:00+00:00,0.2129,0.2142,0.2123,0.2134,17241278.0
2026-06-03 01:00:00+00:00,0.2134,0.2145,0.2121,0.2137,12044313.0
2026-06-03 02:00:00+00:00,0.2137,0.2137,0.2113,0.2122,12791270.0
2026-06-03 03:00:00+00:00,0.2122,0.2126,0.2072,0.2086,32383226.0
2026-06-03 04:00:00+00:00,0.2086,0.2121,0.2085,0.2118,15943761.0
2026-06-03 05:00:00+00:00,0.2118,0.2153,0.2118,0.2149,22694739.0
2026-06-03 06:00:00+00:00,0.2149,0.2168,0.2145,0.2153,8895897.0
2026-06-03 07:00:00+00:00,0.2153,0.2181,0.2149,0.217,8771585.0
2026-06-03 08:00:00+00:00,0.217,0.2175,0.2158,0.2164,6620504.0
2026-06-03 09:00:00+00:00,0.2164,0.2173,0.2153,0.2163,14810718.0
2026-06-03 10:00:00+00:00,0.2163,0.2183,0.2162,0.2175,9505016.0
2026-06-03 11:00:00+00:00,0.2175,0.2183,0.2156,0.2161,10004616.0
2026-06-03 12:00:00+00:00,0.2161,0.2164,0.2149,0.2156,12387597.0
2026-06-03 13:00:00+00:00,0.2156,0.2164,0.2143,0.2151,11000902.0
2026-06-03 14:00:00+00:00,0.2151,0.2156,0.2132,0.2139,15273273.0
2026-06-03 15:00:00+00:00,0.2139,0.2146,0.2114,0.2118,17804882.0
2026-06-03 16:00:00+00:00,0.2118,0.2122,0.2076,0.2093,30109043.0
2026-06-03 17:00:00+00:00,0.2093,0.2109,0.2075,0.2098,17935520.0
2026-06-03 18:00:00+00:00,0.2098,0.2099,0.2068,0.2084,20369972.0
2026-06-03 19:00:00+00:00,0.2084,0.2086,0.2041,0.2047,39628111.0
2026-06-03 20:00:00+00:00,0.2047,0.2057,0.2005,0.202,70233168.0
2026-06-03 21:00:00+00:00,0.202,0.2054,0.2016,0.2054,24069921.0
2026-06-03 22:00:00+00:00,0.2054,0.2065,0.2021,0.2024,21967629.0
2026-06-03 23:00:00+00:00,0.2024,0.2027,0.1997,0.2002,25704905.0
2026-06-04 00:00:00+00:00,0.2002,0.2016,0.1958,0.1976,52944737.0
2026-06-04 01:00:00+00:00,0.1976,0.1988,0.1913,0.1923,73784116.0
2026-06-04 02:00:00+00:00,0.1923,0.1961,0.1874,0.1947,110653641.0
2026-06-04 03:00:00+00:00,0.1947,0.2002,0.1947,0.1998,28635351.0
2026-06-04 04:00:00+00:00,0.1998,0.201,0.1986,0.1988,24115659.0
2026-06-04 05:00:00+00:00,0.1988,0.1989,0.1955,0.1965,25981322.0
2026-06-04 06:00:00+00:00,0.1965,0.1997,0.1962,0.1975,22457401.0
2026-06-04 07:00:00+00:00,0.1975,0.1979,0.1946,0.1947,20652606.0
2026-06-04 08:00:00+00:00,0.1947,0.1956,0.1926,0.1934,26650677.0
2026-06-04 09:00:00+00:00,0.1934,0.1935,0.1878,0.1904,62944236.0
2026-06-04 10:00:00+00:00,0.1904,0.1905,0.1867,0.1876,71833232.0
2026-06-04 11:00:00+00:00,0.1876,0.1903,0.1872,0.1901,32720243.0
2026-06-04 12:00:00+00:00,0.1901,0.1926,0.1879,0.1917,47446831.0
2026-06-04 13:00:00+00:00,0.1917,0.1921,0.1869,0.189,43374271.0
2026-06-04 14:00:00+00:00,0.189,0.1899,0.1876,0.1896,27833309.0
2026-06-04 15:00:00+00:00,0.1896,0.1922,0.1886,0.1888,31620156.0
2026-06-04 16:00:00+00:00,0.1888,0.1888,0.1856,0.187,50835645.0
2026-06-04 17:00:00+00:00,0.187,0.1895,0.1865,0.1883,35607481.0
2026-06-04 18:00:00+00:00,0.1883,0.1905,0.1856,0.1883,43703319.0
2026-06-04 19:00:00+00:00,0.1883,0.1894,0.1859,0.1863,54467801.0
2026-06-04 20:00:00+00:00,0.1863,0.1865,0.1834,0.1842,37058318.0
2026-06-04 21:00:00+00:00,0.1842,0.1844,0.1784,0.1804,54104563.0
2026-06-04 22:00:00+00:00,0.1804,0.1822,0.1796,0.1818,30441266.0
2026-06-04 23:00:00+00:00,0.1818,0.1833,0.1792,0.1797,32438144.0
2026-06-05 00:00:00+00:00,0.1797,0.1798,0.1741,0.1746,78856319.0
2026-06-05 01:00:00+00:00,0.1746,0.1747,0.1715,0.1722,74039991.0
2026-06-05 02:00:00+00:00,0.1722,0.1722,0.1631,0.1636,123095699.0
2026-06-05 03:00:00+00:00,0.1636,0.1656,0.158,0.1584,118245888.0
2026-06-05 04:00:00+00:00,0.1584,0.1688,0.1581,0.1685,143510792.0
2026-06-05 05:00:00+00:00,0.1685,0.1692,0.1634,0.1644,68781165.0
2026-06-05 06:00:00+00:00,0.1644,0.1654,0.1599,0.1616,97964569.0
2026-06-05 07:00:00+00:00,0.1616,0.1658,0.1586,0.1632,89550946.0
2026-06-05 08:00:00+00:00,0.1632,0.1634,0.1584,0.1607,50980021.0
2026-06-05 09:00:00+00:00,0.1607,0.165,0.1602,0.164,55711158.0
2026-06-05 10:00:00+00:00,0.164,0.1661,0.1626,0.1637,33637374.0
2026-06-05 11:00:00+00:00,0.1637,0.164,0.1612,0.1622,41257245.0
2026-06-05 12:00:00+00:00,0.1622,0.1638,0.1603,0.1627,46833320.0
2026-06-05 13:00:00+00:00,0.1627,0.1651,0.1593,0.1596,68064314.0
2026-06-05 14:00:00+00:00,0.1596,0.1631,0.1577,0.1601,79329798.0
2026-06-05 15:00:00+00:00,0.1601,0.1609,0.1563,0.1571,67076724.0
2026-06-05 16:00:00+00:00,0.1571,0.1633,0.1543,0.1626,118105678.0
2026-06-05 17:00:00+00:00,0.1626,0.1637,0.1596,0.1608,27226495.0
2026-06-05 18:00:00+00:00,0.1608,0.1625,0.1571,0.1575,42324464.0
2026-06-05 19:00:00+00:00,0.1575,0.1616,0.1548,0.1605,44127427.0
2026-06-05 20:00:00+00:00,0.1605,0.1632,0.1581,0.1622,31919618.0
2026-06-05 21:00:00+00:00,0.1622,0.1637,0.1615,0.1624,19571494.0
2026-06-05 22:00:00+00:00,0.1624,0.1624,0.1585,0.1595,62817314.0
2026-06-05 23:00:00+00:00,0.1595,0.1603,0.1548,0.1565,43106512.0
2026-06-06 00:00:00+00:00,0.1565,0.1617,0.1564,0.1612,34172347.0
2026-06-06 01:00:00+00:00,0.1612,0.1623,0.1577,0.1584,26212988.0
2026-06-06 02:00:00+00:00,0.1584,0.1584,0.155,0.1554,31833765.0
2026-06-06 03:00:00+00:00,0.1554,0.156,0.1536,0.155,38268873.0
2026-06-06 04:00:00+00:00,0.155,0.1559,0.1485,0.1496,79282817.0
2026-06-06 05:00:00+00:00,0.1496,0.1549,0.1484,0.1538,53382408.0
2026-06-06 06:00:00+00:00,0.1538,0.1563,0.1535,0.154,30561988.0
2026-06-06 07:00:00+00:00,0.154,0.1583,0.1539,0.1573,30379304.0
2026-06-06 08:00:00+00:00,0.1573,0.1599,0.1564,0.1594,29293703.0
2026-06-06 09:00:00+00:00,0.1594,0.1602,0.1562,0.1565,24880878.0
2026-06-06 10:00:00+00:00,0.1565,0.1566,0.1533,0.1543,39281521.0
2026-06-06 11:00:00+00:00,0.1543,0.1566,0.1541,0.1562,22913713.0
2026-06-06 12:00:00+00:00,0.1562,0.1593,0.1548,0.1582,21744509.0
2026-06-06 13:00:00+00:00,0.1582,0.1595,0.1577,0.1584,19744351.0
2026-06-06 14:00:00+00:00,0.1584,0.1617,0.1581,0.1598,48890413.0
2026-06-06 15:00:00+00:00,0.1598,0.1603,0.1567,0.1583,32515282.0
2026-06-06 16:00:00+00:00,0.1583,0.16,0.1574,0.1598,18193481.0
2026-06-06 17:00:00+00:00,0.1598,0.16,0.1568,0.1575,21149103.0
2026-06-06 18:00:00+00:00,0.1575,0.1587,0.1565,0.1567,11142188.0
2026-06-06 19:00:00+00:00,0.1567,0.158,0.1566,0.1567,12247644.0
2026-06-06 20:00:00+00:00,0.1567,0.1574,0.1559,0.1569,10574840.0
2026-06-06 21:00:00+00:00,0.1569,0.1586,0.1568,0.157,11929970.0
2026-06-06 22:00:00+00:00,0.157,0.1572,0.1555,0.1557,10757080.0
2026-06-06 23:00:00+00:00,0.1557,0.1574,0.1553,0.1571,8788691.0
2026-06-07 00:00:00+00:00,0.1571,0.1583,0.1566,0.1572,13496027.0
2026-06-07 01:00:00+00:00,0.1572,0.1619,0.157,0.1608,32193094.0
2026-06-07 02:00:00+00:00,0.1608,0.1618,0.1594,0.1607,24631201.0
2026-06-07 03:00:00+00:00,0.1607,0.1622,0.1602,0.1613,12250336.0
2026-06-07 04:00:00+00:00,0.1613,0.1626,0.1595,0.1621,16297577.0
2026-06-07 05:00:00+00:00,0.1621,0.1621,0.1605,0.1611,15817261.0
2026-06-07 06:00:00+00:00,0.1611,0.163,0.1599,0.1611,21357871.0
2026-06-07 07:00:00+00:00,0.1611,0.1625,0.1605,0.1622,18814041.0
2026-06-07 08:00:00+00:00,0.1622,0.1656,0.1615,0.1649,49408851.0
2026-06-07 09:00:00+00:00,0.1649,0.1673,0.1647,0.1649,49790651.0
2026-06-07 10:00:00+00:00,0.1649,0.166,0.1634,0.1642,19389349.0
2026-06-07 11:00:00+00:00,0.1642,0.1655,0.1638,0.1646,12123777.0
2026-06-07 12:00:00+00:00,0.1646,0.1648,0.1603,0.1614,34737662.0
2026-06-07 13:00:00+00:00,0.1614,0.1621,0.1607,0.1618,11213245.0
2026-06-07 14:00:00+00:00,0.1618,0.1638,0.1616,0.1626,17494805.0
2026-06-07 15:00:00+00:00,0.1626,0.1628,0.1615,0.1621,9696509.0
2026-06-07 16:00:00+00:00,0.1621,0.1631,0.1619,0.1625,8501585.0
2026-06-07 17:00:00+00:00,0.1625,0.1639,0.1621,0.1628,9988894.0
2026-06-07 18:00:00+00:00,0.1628,0.1636,0.1616,0.1618,8285704.0
2026-06-07 19:00:00+00:00,0.1618,0.1618,0.1579,0.1585,41929114.0
2026-06-07 20:00:00+00:00,0.1585,0.1609,0.158,0.1607,13127790.0
2026-06-07 21:00:00+00:00,0.1607,0.1612,0.1591,0.1606,16826160.0
2026-06-07 22:00:00+00:00,0.1606,0.1688,0.1605,0.1644,79946173.0
2026-06-07 23:00:00+00:00,0.1644,0.1661,0.1642,0.1651,10741316.0
2026-06-08 00:00:00+00:00,0.1651,0.1665,0.164,0.1652,17869920.0
2026-06-08 01:00:00+00:00,0.1652,0.1653,0.1613,0.1632,18604640.0
2026-06-08 02:00:00+00:00,0.1632,0.1642,0.1626,0.1634,8755968.0
2026-06-08 03:00:00+00:00,0.1634,0.165,0.1627,0.1639,9720084.0
2026-06-08 04:00:00+00:00,0.1639,0.1642,0.1609,0.1613,11161832.0
2026-06-08 05:00:00+00:00,0.1613,0.1618,0.1597,0.1607,9355300.0
2026-06-08 06:00:00+00:00,0.1607,0.1623,0.1605,0.1617,9831354.0
2026-06-08 07:00:00+00:00,0.1617,0.1638,0.1609,0.1637,9077223.0
2026-06-08 08:00:00+00:00,0.1637,0.1638,0.1621,0.1633,32978940.0
2026-06-08 09:00:00+00:00,0.1633,0.1653,0.1627,0.1652,18302510.0
2026-06-08 10:00:00+00:00,0.1652,0.1658,0.1634,0.1643,16245156.0
2026-06-08 11:00:00+00:00,0.1643,0.1681,0.164,0.1676,23494693.0
2026-06-08 12:00:00+00:00,0.1676,0.1684,0.1648,0.1675,28251213.0
2026-06-08 13:00:00+00:00,0.1675,0.1679,0.1654,0.1662,29269724.0
2026-06-08 14:00:00+00:00,0.1662,0.1683,0.1654,0.168,14308801.0
2026-06-08 15:00:00+00:00,0.168,0.1714,0.168,0.1691,41084459.0
2026-06-08 16:00:00+00:00,0.1691,0.1722,0.1676,0.1678,25162302.0
2026-06-08 17:00:00+00:00,0.1678,0.17,0.167,0.1698,20327383.0
2026-06-08 18:00:00+00:00,0.1698,0.1724,0.1698,0.1707,19090722.0
2026-06-08 19:00:00+00:00,0.1707,0.1724,0.1706,0.1718,13374820.0
2026-06-08 20:00:00+00:00,0.1718,0.1718,0.1687,0.1707,16504246.0
2026-06-08 21:00:00+00:00,0.1707,0.1743,0.1707,0.1716,24608463.0
2026-06-08 22:00:00+00:00,0.1716,0.1723,0.1703,0.1719,10692715.0
2026-06-08 23:00:00+00:00,0.1719,0.173,0.1698,0.1702,10077064.0
2026-06-09 00:00:00+00:00,0.1702,0.1706,0.1658,0.1667,50971516.0
2026-06-09 01:00:00+00:00,0.1667,0.1672,0.166,0.1667,12750575.0
2026-06-09 02:00:00+00:00,0.1667,0.1674,0.1656,0.1673,9792706.0
2026-06-09 03:00:00+00:00,0.1673,0.1675,0.1655,0.1662,9475290.0
2026-06-09 04:00:00+00:00,0.1662,0.1689,0.1649,0.1684,20264096.0
2026-06-09 05:00:00+00:00,0.1684,0.1701,0.1676,0.1698,12367422.0
2026-06-09 06:00:00+00:00,0.1698,0.1709,0.1692,0.1694,14051564.0
2026-06-09 07:00:00+00:00,0.1694,0.1709,0.1688,0.1701,16086970.0
2026-06-09 08:00:00+00:00,0.1701,0.1703,0.1681,0.1688,10701882.0
2026-06-09 09:00:00+00:00,0.1688,0.1691,0.1665,0.1676,12193993.0
2026-06-09 10:00:00+00:00,0.1676,0.1683,0.1667,0.1677,14575120.0
2026-06-09 11:00:00+00:00,0.1677,0.1678,0.1666,0.1674,8075895.0
2026-06-09 12:00:00+00:00,0.1674,0.1689,0.167,0.1687,12615550.0
2026-06-09 13:00:00+00:00,0.1687,0.1697,0.1669,0.1682,16097488.0
2026-06-09 14:00:00+00:00,0.1682,0.169,0.1642,0.1663,38481111.0
2026-06-09 15:00:00+00:00,0.1663,0.167,0.1626,0.1629,30791252.0
2026-06-09 16:00:00+00:00,0.1629,0.1635,0.1605,0.162,36589421.0
2026-06-09 17:00:00+00:00,0.162,0.1663,0.1619,0.165,29112796.0
2026-06-09 18:00:00+00:00,0.165,0.1673,0.1645,0.1668,19197973.0
2026-06-09 19:00:00+00:00,0.1668,0.1689,0.1661,0.1683,24895396.0
2026-06-09 20:00:00+00:00,0.1683,0.1698,0.1678,0.1681,13966883.0
2026-06-09 21:00:00+00:00,0.1681,0.1681,0.1653,0.166,12002746.0
2026-06-09 22:00:00+00:00,0.166,0.1662,0.1648,0.165,8650043.0
2026-06-09 23:00:00+00:00,0.165,0.1658,0.1647,0.1651,7632330.0
2026-06-10 00:00:00+00:00,0.1651,0.1664,0.1642,0.1662,9740137.0
2026-06-10 01:00:00+00:00,0.1662,0.1667,0.1645,0.1647,9135846.0
2026-06-10 02:00:00+00:00,0.1647,0.1653,0.1616,0.1618,20723987.0
2026-06-10 03:00:00+00:00,0.1618,0.1628,0.161,0.1621,12047485.0
2026-06-10 04:00:00+00:00,0.1621,0.1628,0.1609,0.1615,10233138.0
2026-06-10 05:00:00+00:00,0.1615,0.162,0.1601,0.1604,14702631.0
2026-06-10 06:00:00+00:00,0.1604,0.1612,0.1596,0.1605,10750901.0
2026-06-10 07:00:00+00:00,0.1605,0.1622,0.1603,0.1612,12037504.0
2026-06-10 08:00:00+00:00,0.1612,0.1616,0.1586,0.1593,25181962.0
2026-06-10 09:00:00+00:00,0.1593,0.1607,0.1582,0.1602,20678847.0
2026-06-10 10:00:00+00:00,0.1602,0.1609,0.159,0.1606,20584605.0
2026-06-10 11:00:00+00:00,0.1606,0.1606,0.1583,0.1593,28102810.0
2026-06-10 12:00:00+00:00,0.1593,0.1636,0.1589,0.1619,40282739.0
2026-06-10 13:00:00+00:00,0.1619,0.1659,0.1611,0.1647,38426582.0
2026-06-10 14:00:00+00:00,0.1647,0.165,0.1623,0.1638,31107241.0
2026-06-10 15:00:00+00:00,0.1638,0.1668,0.1628,0.1649,59037622.0
2026-06-10 16:00:00+00:00,0.1649,0.165,0.1604,0.1619,57587920.0
2026-06-10 17:00:00+00:00,0.1619,0.1627,0.1601,0.1617,32516268.0
2026-06-10 18:00:00+00:00,0.1617,0.1647,0.1611,0.1647,34864938.0
2026-06-10 19:00:00+00:00,0.1647,0.1649,0.1601,0.1606,43393903.0
2026-06-10 20:00:00+00:00,0.1606,0.1615,0.1595,0.1601,22319036.0
2026-06-10 21:00:00+00:00,0.1601,0.1605,0.158,0.1594,20314328.0
2026-06-10 22:00:00+00:00,0.1594,0.1615,0.1585,0.1601,19983597.0
2026-06-10 23:00:00+00:00,0.1601,0.1614,0.1591,0.1605,18069266.0
2026-06-11 00:00:00+00:00,0.1605,0.1623,0.1604,0.1611,15261113.0
2026-06-11 01:00:00+00:00,0.1611,0.1642,0.1611,0.1634,23099964.0
2026-06-11 02:00:00+00:00,0.1634,0.1637,0.1617,0.1629,13774784.0
2026-06-11 03:00:00+00:00,0.1629,0.1672,0.1621,0.1665,40175311.0
2026-06-11 04:00:00+00:00,0.1665,0.1676,0.1652,0.1667,26435232.0
2026-06-11 05:00:00+00:00,0.1667,0.1668,0.1654,0.1654,10781390.0
2026-06-11 06:00:00+00:00,0.1654,0.1662,0.1639,0.1644,19558909.0
2026-06-11 07:00:00+00:00,0.1644,0.1667,0.1643,0.1666,17146636.0
2026-06-11 08:00:00+00:00,0.1666,0.168,0.1665,0.1668,19142540.0
2026-06-11 09:00:00+00:00,0.1668,0.1669,0.1655,0.1662,15784478.0
2026-06-11 10:00:00+00:00,0.1662,0.1664,0.1653,0.166,12119160.0
2026-06-11 11:00:00+00:00,0.166,0.1673,0.1654,0.1668,14074171.0
2026-06-11 12:00:00+00:00,0.1668,0.1668,0.1644,0.1656,31680755.0
2026-06-11 13:00:00+00:00,0.1656,0.1661,0.1641,0.1657,17453995.0
2026-06-11 14:00:00+00:00,0.1657,0.1667,0.1644,0.1652,16437909.0
2026-06-11 15:00:00+00:00,0.1652,0.1673,0.1645,0.166,17826576.0
2026-06-11 16:00:00+00:00,0.166,0.1667,0.1648,0.1651,16149584.0
2026-06-11 17:00:00+00:00,0.1651,0.1706,0.1639,0.1705,73743754.0
2026-06-11 18:00:00+00:00,0.1705,0.1718,0.1688,0.1691,24289620.0
2026-06-11 19:00:00+00:00,0.1691,0.1709,0.168,0.1692,16899700.0
2026-06-11 20:00:00+00:00,0.1692,0.1695,0.1674,0.1683,19650953.0
2026-06-11 21:00:00+00:00,0.1683,0.1708,0.1683,0.1699,12241563.0
2026-06-11 22:00:00+00:00,0.1699,0.1714,0.1699,0.171,8466020.0
2026-06-11 23:00:00+00:00,0.171,0.1719,0.1699,0.1706,20957393.0
2026-06-12 00:00:00+00:00,0.1706,0.1711,0.1697,0.17,13681834.0
2026-06-12 01:00:00+00:00,0.17,0.17,0.1687,0.1695,11164204.0
2026-06-12 02:00:00+00:00,0.1695,0.1715,0.1695,0.171,10719909.0
2026-06-12 03:00:00+00:00,0.171,0.1719,0.1706,0.1718,16063200.0
2026-06-12 04:00:00+00:00,0.1718,0.1735,0.1713,0.1721,24385844.0
2026-06-12 05:00:00+00:00,0.1721,0.1723,0.17,0.1701,15794470.0
2026-06-12 06:00:00+00:00,0.1701,0.1707,0.168,0.1682,21567032.0
2026-06-12 07:00:00+00:00,0.1682,0.1694,0.1681,0.169,12242655.0
2026-06-12 08:00:00+00:00,0.169,0.1705,0.169,0.1704,10719778.0
2026-06-12 09:00:00+00:00,0.1704,0.1722,0.1698,0.1718,18644802.0
2026-06-12 10:00:00+00:00,0.1718,0.1722,0.1707,0.1712,16985569.0
2026-06-12 11:00:00+00:00,0.1712,0.1716,0.1705,0.1712,11619500.0
2026-06-12 12:00:00+00:00,0.1712,0.1722,0.1705,0.1706,22334950.0
2026-06-12 13:00:00+00:00,0.1706,0.171,0.1674,0.1682,54163986.0
2026-06-12 14:00:00+00:00,0.1682,0.1731,0.168,0.1727,61332997.0
2026-06-12 15:00:00+00:00,0.1727,0.1743,0.17,0.1704,75473154.0
2026-06-12 16:00:00+00:00,0.1704,0.1734,0.1694,0.1733,36837896.0
2026-06-12 17:00:00+00:00,0.1733,0.1743,0.1713,0.1717,32811870.0
2026-06-12 18:00:00+00:00,0.1717,0.1722,0.1698,0.1708,22490514.0
2026-06-12 19:00:00+00:00,0.1708,0.1726,0.1704,0.1707,22204597.0
2026-06-12 20:00:00+00:00,0.1707,0.1713,0.1693,0.1695,22984815.0
2026-06-12 21:00:00+00:00,0.1695,0.1703,0.1685,0.1692,11848619.0
2026-06-12 22:00:00+00:00,0.1692,0.1702,0.1688,0.1694,9035093.0
2026-06-12 23:00:00+00:00,0.1694,0.17,0.1686,0.1696,11274658.0
2026-06-13 00:00:00+00:00,0.1696,0.1705,0.1693,0.1699,11893118.0
2026-06-13 01:00:00+00:00,0.1699,0.1733,0.1698,0.1726,19557031.0
2026-06-13 02:00:00+00:00,0.1726,0.173,0.1713,0.1718,12024579.0
2026-06-13 03:00:00+00:00,0.1718,0.1721,0.1698,0.1703,18111536.0
2026-06-13 04:00:00+00:00,0.1703,0.1709,0.1695,0.1702,13822734.0
2026-06-13 05:00:00+00:00,0.1702,0.1706,0.1688,0.1695,13888714.0
2026-06-13 06:00:00+00:00,0.1695,0.1721,0.1692,0.1719,16583257.0
2026-06-13 07:00:00+00:00,0.1719,0.174,0.1712,0.173,33880185.0
2026-06-13 08:00:00+00:00,0.173,0.1738,0.1725,0.1728,14421380.0
2026-06-13 09:00:00+00:00,0.1728,0.1733,0.1722,0.1723,9402325.0
2026-06-13 10:00:00+00:00,0.1723,0.1728,0.1719,0.1723,6767243.0
2026-06-13 11:00:00+00:00,0.1723,0.1738,0.1722,0.1734,8981299.0
2026-06-13 12:00:00+00:00,0.1734,0.1743,0.173,0.1736,10311170.0
2026-06-13 13:00:00+00:00,0.1736,0.1741,0.1732,0.1741,10535305.0
2026-06-13 14:00:00+00:00,0.1741,0.1746,0.1733,0.1744,10500049.0
2026-06-13 15:00:00+00:00,0.1744,0.1757,0.174,0.1748,15261455.0
2026-06-13 16:00:00+00:00,0.1748,0.1749,0.1724,0.1733,23029591.0
2026-06-13 17:00:00+00:00,0.1733,0.1739,0.1715,0.1721,12759683.0
2026-06-13 18:00:00+00:00,0.1721,0.1731,0.1716,0.1719,9338155.0
2026-06-13 19:00:00+00:00,0.1719,0.1727,0.1714,0.1719,9161167.0
2026-06-13 20:00:00+00:00,0.1719,0.1723,0.171,0.1715,8869439.0
2026-06-13 21:00:00+00:00,0.1715,0.1735,0.1712,0.1726,9485676.0
2026-06-13 22:00:00+00:00,0.1726,0.1728,0.1716,0.1716,11162286.0
2026-06-13 23:00:00+00:00,0.1716,0.1737,0.1714,0.1717,20803199.0
2026-06-14 00:00:00+00:00,0.1717,0.1725,0.1712,0.1714,10420182.0
2026-06-14 01:00:00+00:00,0.1714,0.1733,0.1712,0.1726,12850798.0
2026-06-14 02:00:00+00:00,0.1726,0.1736,0.172,0.1723,5110103.0
2026-06-14 03:00:00+00:00,0.1723,0.1734,0.1719,0.1729,7061888.0
2026-06-14 04:00:00+00:00,0.1729,0.1731,0.1714,0.1717,5531630.0
2026-06-14 05:00:00+00:00,0.1717,0.1723,0.1712,0.1719,6305696.0
2026-06-14 06:00:00+00:00,0.1719,0.1726,0.1711,0.1713,4865995.0
2026-06-14 07:00:00+00:00,0.1713,0.1716,0.1705,0.171,10192812.0
2026-06-14 08:00:00+00:00,0.171,0.1715,0.1706,0.1709,5805580.0
2026-06-14 09:00:00+00:00,0.1709,0.1718,0.1699,0.1711,13177238.0
2026-06-14 10:00:00+00:00,0.1711,0.1711,0.1695,0.1697,13470568.0
2026-06-14 11:00:00+00:00,0.1697,0.1702,0.1693,0.1696,5924966.0
2026-06-14 12:00:00+00:00,0.1696,0.1698,0.1678,0.1682,16669348.0
2026-06-14 13:00:00+00:00,0.1682,0.1685,0.1668,0.1675,23666226.0
2026-06-14 14:00:00+00:00,0.1675,0.168,0.165,0.1669,36893618.0
2026-06-14 15:00:00+00:00,0.1669,0.1673,0.1663,0.1669,13474041.0
2026-06-14 16:00:00+00:00,0.1669,0.1675,0.1667,0.167,9395770.0
2026-06-14 17:00:00+00:00,0.167,0.1674,0.1662,0.1665,7741756.0
2026-06-14 18:00:00+00:00,0.1665,0.1669,0.1659,0.166,7288694.0
2026-06-14 19:00:00+00:00,0.166,0.1666,0.1657,0.166,9437144.0
2026-06-14 20:00:00+00:00,0.166,0.1673,0.1658,0.1669,10006023.0
2026-06-14 21:00:00+00:00,0.1669,0.1761,0.1666,0.1739,43155303.0
2026-06-14 22:00:00+00:00,0.1739,0.1768,0.1726,0.175,30425288.0
2026-06-14 23:00:00+00:00,0.175,0.1837,0.1738,0.1829,40893856.0
2026-06-15 00:00:00+00:00,0.1829,0.1868,0.1815,0.1829,54422369.0
2026-06-15 01:00:00+00:00,0.1829,0.1831,0.1799,0.1803,22353371.0
2026-06-15 02:00:00+00:00,0.1803,0.1824,0.1793,0.1799,22246886.0
2026-06-15 03:00:00+00:00,0.1799,0.1819,0.1795,0.1811,9156371.0
2026-06-15 04:00:00+00:00,0.1811,0.1816,0.1795,0.1796,7169210.0
2026-06-15 05:00:00+00:00,0.1796,0.1814,0.1794,0.1808,6136155.0
2026-06-15 06:00:00+00:00,0.1808,0.1818,0.1804,0.1811,6001942.0
2026-06-15 07:00:00+00:00,0.1811,0.1818,0.1799,0.18,8335767.0
2026-06-15 08:00:00+00:00,0.18,0.1816,0.1798,0.181,7366345.0
2026-06-15 09:00:00+00:00,0.181,0.1817,0.1804,0.1813,6665058.0
2026-06-15 10:00:00+00:00,0.1813,0.1831,0.1804,0.1827,23093782.0
2026-06-15 11:00:00+00:00,0.1827,0.1855,0.1822,0.1852,33504958.0
2026-06-15 12:00:00+00:00,0.1852,0.1895,0.1843,0.1871,38456217.0
2026-06-15 13:00:00+00:00,0.1871,0.1898,0.1858,0.1891,49212093.0
2026-06-15 14:00:00+00:00,0.1891,0.1895,0.1871,0.1872,19178630.0
2026-06-15 15:00:00+00:00,0.1872,0.1893,0.1858,0.1887,37311325.0
2026-06-15 16:00:00+00:00,0.1887,0.1896,0.1869,0.1876,25624445.0
2026-06-15 17:00:00+00:00,0.1876,0.188,0.1857,0.1875,26763012.0
2026-06-15 18:00:00+00:00,0.1875,0.1885,0.1866,0.1872,12245457.0
2026-06-15 19:00:00+00:00,0.1872,0.1885,0.1849,0.186,28139471.0
2026-06-15 20:00:00+00:00,0.186,0.1864,0.1796,0.1804,51055887.0
2026-06-15 21:00:00+00:00,0.1804,0.1812,0.1791,0.1793,16646662.0
2026-06-15 22:00:00+00:00,0.1793,0.1803,0.1768,0.1782,22600960.0
2026-06-15 23:00:00+00:00,0.1782,0.1787,0.1773,0.1783,9366238.0
2026-06-16 00:00:00+00:00,0.1783,0.1792,0.1775,0.1777,11155207.0
2026-06-16 01:00:00+00:00,0.1777,0.1784,0.1769,0.1771,8077458.0
2026-06-16 02:00:00+00:00,0.1771,0.1775,0.1753,0.1761,21611543.0
2026-06-16 03:00:00+00:00,0.1761,0.1774,0.1756,0.1771,9643264.0
2026-06-16 04:00:00+00:00,0.1771,0.1773,0.1755,0.1758,8083953.0
2026-06-16 05:00:00+00:00,0.1758,0.1771,0.1757,0.1768,7193037.0
2026-06-16 06:00:00+00:00,0.1768,0.1785,0.1767,0.1781,10174164.0
2026-06-16 07:00:00+00:00,0.1781,0.1792,0.1774,0.1787,10296106.0
2026-06-16 08:00:00+00:00,0.1787,0.1814,0.1782,0.1809,12936938.0
2026-06-16 09:00:00+00:00,0.1809,0.1811,0.1791,0.1797,9116846.0
2026-06-16 10:00:00+00:00,0.1797,0.1803,0.1791,0.1793,7210656.0
2026-06-16 11:00:00+00:00,0.1793,0.1796,0.1781,0.1787,11601254.0
2026-06-16 12:00:00+00:00,0.1787,0.1812,0.1783,0.18,17107650.0
2026-06-16 13:00:00+00:00,0.18,0.1802,0.1765,0.177,27437558.0
2026-06-16 14:00:00+00:00,0.177,0.1776,0.1724,0.1739,50609585.0
2026-06-16 15:00:00+00:00,0.1739,0.1747,0.1731,0.1739,14465255.0
2026-06-16 16:00:00+00:00,0.1739,0.1748,0.1727,0.1729,19117824.0
2026-06-16 17:00:00+00:00,0.1729,0.1746,0.1727,0.1746,29818797.0
2026-06-16 18:00:00+00:00,0.1746,0.1765,0.1737,0.1747,32641271.0
2026-06-16 19:00:00+00:00,0.1747,0.1748,0.1718,0.1731,33272014.0
2026-06-16 20:00:00+00:00,0.1731,0.1755,0.1721,0.1749,24681078.0
2026-06-16 21:00:00+00:00,0.1749,0.175,0.1732,0.1737,18982053.0
2026-06-16 22:00:00+00:00,0.1737,0.1741,0.1726,0.1732,13632550.0
2026-06-16 23:00:00+00:00,0.1732,0.1735,0.1719,0.1723,9225818.0
2026-06-17 00:00:00+00:00,0.1723,0.1732,0.1716,0.1718,23913454.0
2026-06-17 01:00:00+00:00,0.1718,0.1738,0.1706,0.1735,34800596.0
2026-06-17 02:00:00+00:00,0.1735,0.1749,0.1731,0.1742,15553582.0
2026-06-17 03:00:00+00:00,0.1742,0.1743,0.1722,0.1729,9501398.0
2026-06-17 04:00:00+00:00,0.1729,0.1737,0.1724,0.1726,5470510.0
2026-06-17 05:00:00+00:00,0.1726,0.1733,0.1716,0.1727,10469878.0
2026-06-17 06:00:00+00:00,0.1727,0.173,0.171,0.1713,10859148.0
2026-06-17 07:00:00+00:00,0.1713,0.172,0.17,0.1711,17169340.0
2026-06-17 08:00:00+00:00,0.1711,0.1713,0.1685,0.1689,26761643.0
2026-06-17 09:00:00+00:00,0.1689,0.1697,0.1684,0.169,15883209.0
2026-06-17 10:00:00+00:00,0.169,0.1697,0.1685,0.1689,12493962.0
2026-06-17 11:00:00+00:00,0.1689,0.1694,0.1674,0.1687,37301049.0
2026-06-17 12:00:00+00:00,0.1687,0.1693,0.1672,0.1692,36900416.0
2026-06-17 13:00:00+00:00,0.1692,0.1696,0.168,0.1681,23677096.0
2026-06-17 14:00:00+00:00,0.1681,0.1693,0.167,0.168,53875562.0
2026-06-17 15:00:00+00:00,0.168,0.1715,0.1677,0.1714,37797345.0
2026-06-17 16:00:00+00:00,0.1714,0.1731,0.1706,0.1709,47067460.0
2026-06-17 17:00:00+00:00,0.1709,0.1725,0.1703,0.1724,23010281.0
2026-06-17 18:00:00+00:00,0.1724,0.1724,0.1671,0.1696,101568633.0
2026-06-17 19:00:00+00:00,0.1696,0.17,0.1646,0.1655,89735321.0
2026-06-17 20:00:00+00:00,0.1655,0.1674,0.165,0.1672,22942895.0
2026-06-17 21:00:00+00:00,0.1672,0.1673,0.1654,0.1661,12073418.0
2026-06-17 22:00:00+00:00,0.1661,0.1672,0.1635,0.1664,25486004.0
2026-06-17 23:00:00+00:00,0.1664,0.1672,0.166,0.1667,5986241.0
2026-06-18 00:00:00+00:00,0.1667,0.1678,0.1665,0.167,7547301.0
2026-06-18 01:00:00+00:00,0.167,0.1684,0.1669,0.1678,6588078.0
2026-06-18 02:00:00+00:00,0.1678,0.1687,0.1675,0.1684,4295649.0
2026-06-18 03:00:00+00:00,0.1684,0.1686,0.1662,0.1666,12681874.0
2026-06-18 04:00:00+00:00,0.1666,0.1668,0.1649,0.1653,16056096.0
2026-06-18 05:00:00+00:00,0.1653,0.1654,0.1637,0.1649,31714011.0
2026-06-18 06:00:00+00:00,0.1649,0.1657,0.1642,0.1654,9555640.0
2026-06-18 07:00:00+00:00,0.1654,0.1672,0.1648,0.1666,13256534.0
2026-06-18 08:00:00+00:00,0.1666,0.1675,0.1661,0.1665,10160813.0
2026-06-18 09:00:00+00:00,0.1665,0.1674,0.1662,0.1671,6946150.0
2026-06-18 10:00:00+00:00,0.1671,0.1672,0.1658,0.1664,8154103.0
2026-06-18 11:00:00+00:00,0.1664,0.1668,0.1645,0.165,12278239.0
2026-06-18 12:00:00+00:00,0.165,0.1661,0.1646,0.1659,8634863.0
2026-06-18 13:00:00+00:00,0.1659,0.1664,0.1635,0.1648,23399197.0
2026-06-18 14:00:00+00:00,0.1648,0.1661,0.1637,0.1644,19272078.0
2026-06-18 15:00:00+00:00,0.1644,0.1646,0.1597,0.1603,60008108.0
2026-06-18 16:00:00+00:00,0.1603,0.1623,0.16,0.1621,25355328.0
2026-06-18 17:00:00+00:00,0.1621,0.1623,0.1601,0.1613,19889949.0
2026-06-18 18:00:00+00:00,0.1613,0.1628,0.1607,0.1621,9571295.0
2026-06-18 19:00:00+00:00,0.1621,0.1634,0.1612,0.1628,13011370.0
2026-06-18 20:00:00+00:00,0.1628,0.1641,0.1628,0.1634,7636248.0
2026-06-18 21:00:00+00:00,0.1634,0.1635,0.1623,0.1631,7318105.0
2026-06-18 22:00:00+00:00,0.1631,0.1634,0.1623,0.163,3419425.0
2026-06-18 23:00:00+00:00,0.163,0.1637,0.1624,0.1636,3202247.0
2026-06-19 00:00:00+00:00,0.1636,0.1643,0.1631,0.1638,7724710.0
2026-06-19 01:00:00+00:00,0.1638,0.1658,0.1635,0.1644,27974781.0
2026-06-19 02:00:00+00:00,0.1644,0.1649,0.1634,0.1641,8304311.0
2026-06-19 03:00:00+00:00,0.1641,0.1645,0.1609,0.1621,37381976.0
2026-06-19 04:00:00+00:00,0.1621,0.1624,0.1594,0.1599,22543897.0
2026-06-19 05:00:00+00:00,0.1599,0.161,0.1599,0.1608,5824433.0
2026-06-19 06:00:00+00:00,0.1608,0.161,0.16,0.1606,7654104.0
2026-06-19 07:00:00+00:00,0.1606,0.1607,0.1586,0.1594,17207614.0
2026-06-19 08:00:00+00:00,0.1594,0.161,0.1594,0.1604,10023856.0
2026-06-19 09:00:00+00:00,0.1604,0.1606,0.1592,0.1595,8273410.0
2026-06-19 10:00:00+00:00,0.1595,0.1603,0.1589,0.1601,7863365.0
2026-06-19 11:00:00+00:00,0.1601,0.1603,0.1595,0.1598,5349667.0
2026-06-19 12:00:00+00:00,0.1598,0.1607,0.1586,0.1607,14008976.0
2026-06-19 13:00:00+00:00,0.1607,0.1628,0.1602,0.1622,20698491.0
2026-06-19 14:00:00+00:00,0.1622,0.1626,0.1614,0.1617,8130579.0
2026-06-19 15:00:00+00:00,0.1617,0.1621,0.1609,0.1617,8135166.0
2026-06-19 16:00:00+00:00,0.1617,0.1623,0.1602,0.1605,17367821.0
2026-06-19 17:00:00+00:00,0.1605,0.1621,0.1601,0.1616,6914879.0
2026-06-19 18:00:00+00:00,0.1616,0.1618,0.1602,0.1612,7879226.0
2026-06-19 19:00:00+00:00,0.1612,0.1614,0.1602,0.1607,9953231.0
2026-06-19 20:00:00+00:00,0.1607,0.1619,0.1602,0.1618,6838774.0
2026-06-19 21:00:00+00:00,0.1618,0.162,0.1604,0.1607,6875045.0
2026-06-19 22:00:00+00:00,0.1607,0.1619,0.1604,0.1616,3102359.0
2026-06-19 23:00:00+00:00,0.1616,0.1623,0.161,0.162,6081488.0
2026-06-20 00:00:00+00:00,0.162,0.1642,0.1617,0.1623,11805700.0
2026-06-20 01:00:00+00:00,0.1623,0.1627,0.1618,0.1623,5860367.0
2026-06-20 02:00:00+00:00,0.1623,0.1625,0.1615,0.162,3473692.0
2026-06-20 03:00:00+00:00,0.162,0.1624,0.1617,0.1623,1835873.0
2026-06-20 04:00:00+00:00,0.1623,0.1631,0.1621,0.163,4876380.0
2026-06-20 05:00:00+00:00,0.163,0.165,0.1628,0.1635,10815445.0
2026-06-20 06:00:00+00:00,0.1635,0.1638,0.1629,0.1636,5044985.0
2026-06-20 07:00:00+00:00,0.1636,0.1639,0.1626,0.1629,8447339.0
2026-06-20 08:00:00+00:00,0.1629,0.1631,0.1621,0.1628,12674865.0
2026-06-20 09:00:00+00:00,0.1628,0.1639,0.1627,0.1636,5313597.0
2026-06-20 10:00:00+00:00,0.1636,0.1637,0.1627,0.1631,4984297.0
2026-06-20 11:00:00+00:00,0.1631,0.1632,0.1623,0.1627,3021944.0
2026-06-20 12:00:00+00:00,0.1627,0.1631,0.1621,0.1625,4208688.0
2026-06-20 13:00:00+00:00,0.1625,0.1626,0.161,0.1612,14469367.0
2026-06-20 14:00:00+00:00,0.1612,0.1631,0.1599,0.1619,24851137.0
2026-06-20 15:00:00+00:00,0.1619,0.1634,0.1614,0.1621,16288886.0
2026-06-20 16:00:00+00:00,0.1621,0.1624,0.1608,0.1618,13224627.0
2026-06-20 17:00:00+00:00,0.1618,0.1619,0.1601,0.161,7836014.0
2026-06-20 18:00:00+00:00,0.161,0.1614,0.1607,0.1608,3360659.0
2026-06-20 19:00:00+00:00,0.1608,0.1614,0.1606,0.1613,3578276.0
2026-06-20 20:00:00+00:00,0.1613,0.1616,0.161,0.1613,3323385.0
2026-06-20 21:00:00+00:00,0.1613,0.1626,0.1612,0.1621,8016515.0
2026-06-20 22:00:00+00:00,0.1621,0.1635,0.1618,0.163,6160888.0
2026-06-20 23:00:00+00:00,0.163,0.1638,0.1628,0.1631,2566268.0
2026-06-21 00:00:00+00:00,0.1631,0.1635,0.1628,0.1634,5063519.0
2026-06-21 01:00:00+00:00,0.1634,0.1634,0.1625,0.1629,5133672.0
2026-06-21 02:00:00+00:00,0.1629,0.1629,0.1621,0.1623,5830751.0
2026-06-21 03:00:00+00:00,0.1623,0.1631,0.1618,0.1624,6132373.0
2026-06-21 04:00:00+00:00,0.1624,0.1626,0.1605,0.1607,12368607.0
2026-06-21 05:00:00+00:00,0.1607,0.1608,0.16,0.1603,9425758.0
2026-06-21 06:00:00+00:00,0.1603,0.1614,0.1603,0.1613,3376640.0
2026-06-21 07:00:00+00:00,0.1613,0.1621,0.1607,0.1614,6563718.0
2026-06-21 08:00:00+00:00,0.1614,0.1615,0.1597,0.161,6986200.0
2026-06-21 09:00:00+00:00,0.161,0.1619,0.1605,0.1619,7110501.0
2026-06-21 10:00:00+00:00,0.1619,0.1625,0.1611,0.1613,7110363.0
2026-06-21 11:00:00+00:00,0.1613,0.1618,0.1606,0.1608,4420215.0
2026-06-21 12:00:00+00:00,0.1608,0.1612,0.1602,0.1611,7539695.0
2026-06-21 13:00:00+00:00,0.1611,0.1618,0.1608,0.1617,4526707.0
2026-06-21 14:00:00+00:00,0.1617,0.1621,0.1612,0.162,3265549.0
2026-06-21 15:00:00+00:00,0.162,0.1628,0.162,0.1623,8566370.0
2026-06-21 16:00:00+00:00,0.1623,0.1623,0.1608,0.1614,10553652.0
2026-06-21 17:00:00+00:00,0.1614,0.1623,0.1611,0.1613,3109790.0
2026-06-21 18:00:00+00:00,0.1613,0.162,0.1608,0.162,4062341.0
2026-06-21 19:00:00+00:00,0.162,0.1624,0.1616,0.1619,3585554.0
2026-06-21 20:00:00+00:00,0.1619,0.1622,0.1603,0.1606,6937260.0
2026-06-21 21:00:00+00:00,0.1606,0.1606,0.1581,0.1596,37052399.0
2026-06-21 22:00:00+00:00,0.1596,0.1598,0.1576,0.159,20383504.0
2026-06-21 23:00:00+00:00,0.159,0.159,0.1562,0.1564,27815908.0
2026-06-22 00:00:00+00:00,0.1564,0.1596,0.1564,0.1594,20781507.0
2026-06-22 01:00:00+00:00,0.1594,0.1628,0.159,0.161,21506886.0
2026-06-22 02:00:00+00:00,0.161,0.1612,0.1596,0.1596,8194857.0
2026-06-22 03:00:00+00:00,0.1596,0.1602,0.1578,0.1581,8965787.0
2026-06-22 04:00:00+00:00,0.1581,0.1593,0.1577,0.1592,5366376.0
2026-06-22 05:00:00+00:00,0.1592,0.1606,0.1591,0.1604,10179152.0
2026-06-22 06:00:00+00:00,0.1604,0.1606,0.1597,0.1602,7577396.0
2026-06-22 07:00:00+00:00,0.1602,0.162,0.1601,0.1616,7995676.0
2026-06-22 08:00:00+00:00,0.1616,0.1618,0.1606,0.1611,8858600.0
2026-06-22 09:00:00+00:00,0.1611,0.1612,0.1599,0.1601,4978720.0
2026-06-22 10:00:00+00:00,0.1601,0.1607,0.1597,0.1602,4916455.0
2026-06-22 11:00:00+00:00,0.1602,0.1624,0.1599,0.1616,15781181.0
2026-06-22 12:00:00+00:00,0.1616,0.1624,0.1614,0.1617,13474937.0
2026-06-22 13:00:00+00:00,0.1617,0.1632,0.1612,0.1629,18211960.0
2026-06-22 14:00:00+00:00,0.1629,0.1631,0.1593,0.1601,47347442.0
2026-06-22 15:00:00+00:00,0.1601,0.1604,0.1586,0.1593,21928454.0
2026-06-22 16:00:00+00:00,0.1593,0.1595,0.1584,0.1593,13473314.0
2026-06-22 17:00:00+00:00,0.1593,0.1598,0.1581,0.1595,16577302.0
2026-06-22 18:00:00+00:00,0.1595,0.16,0.1581,0.1584,13605724.0
2026-06-22 19:00:00+00:00,0.1584,0.159,0.1575,0.1588,11589685.0
2026-06-22 20:00:00+00:00,0.1588,0.1595,0.1586,0.159,6918662.0
2026-06-22 21:00:00+00:00,0.159,0.1592,0.1581,0.1592,7704270.0
2026-06-22 22:00:00+00:00,0.1592,0.1599,0.1569,0.158,22170476.0
2026-06-22 23:00:00+00:00,0.158,0.1586,0.1575,0.1583,7737189.0
2026-06-23 00:00:00+00:00,0.1583,0.1591,0.1577,0.159,7435536.0
2026-06-23 01:00:00+00:00,0.159,0.1597,0.1574,0.1588,18282616.0
2026-06-23 02:00:00+00:00,0.1588,0.1593,0.1581,0.1592,4098808.0
2026-06-23 03:00:00+00:00,0.1592,0.1598,0.1585,0.1598,8296869.0
2026-06-23 04:00:00+00:00,0.1598,0.16,0.1579,0.1582,8292847.0
2026-06-23 05:00:00+00:00,0.1582,0.1587,0.1572,0.1576,14834111.0
2026-06-23 06:00:00+00:00,0.1576,0.1577,0.1535,0.1547,84594086.0
2026-06-23 07:00:00+00:00,0.1547,0.1558,0.1544,0.1545,14826228.0
2026-06-23 08:00:00+00:00,0.1545,0.1547,0.1506,0.1524,72240746.0
2026-06-23 09:00:00+00:00,0.1524,0.1531,0.152,0.1524,15592770.0
2026-06-23 10:00:00+00:00,0.1524,0.1533,0.1523,0.1527,11029288.0
2026-06-23 11:00:00+00:00,0.1527,0.1541,0.1526,0.1536,13307231.0
2026-06-23 12:00:00+00:00,0.1536,0.1537,0.1502,0.1502,33531248.0
2026-06-23 13:00:00+00:00,0.1502,0.1524,0.1497,0.1516,72730864.0
2026-06-23 14:00:00+00:00,0.1516,0.1526,0.1508,0.151,21137484.0
2026-06-23 15:00:00+00:00,0.151,0.1513,0.15,0.151,15791228.0
2026-06-23 16:00:00+00:00,0.151,0.1519,0.1505,0.1509,20648470.0
2026-06-23 17:00:00+00:00,0.1509,0.1511,0.1498,0.15,20267941.0
2026-06-23 18:00:00+00:00,0.15,0.1506,0.1492,0.1499,22706178.0
2026-06-23 19:00:00+00:00,0.1499,0.1506,0.1495,0.15,13992016.0
2026-06-23 20:00:00+00:00,0.15,0.1509,0.1499,0.15,10660477.0
2026-06-23 21:00:00+00:00,0.15,0.1514,0.1498,0.1513,14263397.0
2026-06-23 22:00:00+00:00,0.1513,0.1523,0.1513,0.1516,8539866.0
2026-06-23 23:00:00+00:00,0.1516,0.1517,0.1507,0.1513,6082861.0
2026-06-24 00:00:00+00:00,0.1513,0.153,0.1511,0.1528,13247306.0
2026-06-24 01:00:00+00:00,0.1528,0.1543,0.1523,0.1528,17523666.0
2026-06-24 02:00:00+00:00,0.1528,0.153,0.1521,0.1524,8982930.0
2026-06-24 03:00:00+00:00,0.1524,0.1527,0.1513,0.152,5319603.0
2026-06-24 04:00:00+00:00,0.152,0.1524,0.1504,0.1522,10045224.0
2026-06-24 05:00:00+00:00,0.1522,0.153,0.152,0.1522,7575487.0
2026-06-24 06:00:00+00:00,0.1522,0.1522,0.151,0.1514,8305156.0
2026-06-24 07:00:00+00:00,0.1514,0.1514,0.1501,0.1505,8693491.0
2026-06-24 08:00:00+00:00,0.1505,0.1511,0.1502,0.151,9537518.0
2026-06-24 09:00:00+00:00,0.151,0.1511,0.1499,0.1502,18053344.0
2026-06-24 10:00:00+00:00,0.1502,0.1503,0.1457,0.147,162579725.0
2026-06-24 11:00:00+00:00,0.147,0.1498,0.1462,0.1481,41189192.0
2026-06-24 12:00:00+00:00,0.1481,0.1489,0.1478,0.148,18544731.0
2026-06-24 13:00:00+00:00,0.148,0.1481,0.1445,0.1453,109870269.0
2026-06-24 14:00:00+00:00,0.1453,0.1463,0.1448,0.1453,53140031.0
2026-06-24 15:00:00+00:00,0.1453,0.1455,0.1434,0.1437,50267621.0
2026-06-24 16:00:00+00:00,0.1437,0.1445,0.1406,0.1415,100874627.0
2026-06-24 17:00:00+00:00,0.1415,0.1424,0.1395,0.14,73115248.0
2026-06-24 18:00:00+00:00,0.14,0.1427,0.1396,0.1414,32739681.0
2026-06-24 19:00:00+00:00,0.1414,0.142,0.1399,0.1411,35753374.0
2026-06-24 20:00:00+00:00,0.1411,0.1455,0.1407,0.145,46365655.0
2026-06-24 21:00:00+00:00,0.145,0.1472,0.1446,0.1469,19487670.0
2026-06-24 22:00:00+00:00,0.1469,0.1492,0.1467,0.147,29298765.0
2026-06-24 23:00:00+00:00,0.147,0.1479,0.1468,0.1475,11993857.0
2026-06-25 00:00:00+00:00,0.1475,0.149,0.1471,0.1475,37448380.0
2026-06-25 01:00:00+00:00,0.1475,0.1481,0.1469,0.1476,9998855.0
2026-06-25 02:00:00+00:00,0.1476,0.148,0.1471,0.1476,4445132.0
2026-06-25 03:00:00+00:00,0.1476,0.148,0.1469,0.1474,5631317.0
2026-06-25 04:00:00+00:00,0.1474,0.1491,0.1469,0.1489,8735951.0
2026-06-25 05:00:00+00:00,0.1489,0.1507,0.1488,0.1498,25052457.0
2026-06-25 06:00:00+00:00,0.1498,0.1504,0.1494,0.1497,8647208.0
2026-06-25 07:00:00+00:00,0.1497,0.15,0.1489,0.1497,12074902.0
2026-06-25 08:00:00+00:00,0.1497,0.15,0.1491,0.1491,5405548.0
2026-06-25 09:00:00+00:00,0.1491,0.1495,0.1487,0.1491,5329330.0
2026-06-25 10:00:00+00:00,0.1491,0.1493,0.1478,0.1479,6797722.0
2026-06-25 11:00:00+00:00,0.1479,0.1481,0.1472,0.1476,11513838.0
2026-06-25 12:00:00+00:00,0.1476,0.1485,0.1461,0.1481,28806341.0
2026-06-25 13:00:00+00:00,0.1481,0.1487,0.138,0.1388,78505854.0
2026-06-25 14:00:00+00:00,0.1388,0.1455,0.1388,0.1427,73548044.0
2026-06-25 15:00:00+00:00,0.1427,0.1433,0.141,0.1431,25933077.0
2026-06-25 16:00:00+00:00,0.1431,0.1451,0.1419,0.1428,22955000.0
2026-06-25 17:00:00+00:00,0.1428,0.1446,0.1422,0.1445,13075289.0
2026-06-25 18:00:00+00:00,0.1445,0.1446,0.1417,0.142,16402490.0
2026-06-25 19:00:00+00:00,0.142,0.1421,0.1404,0.141,20194821.0
2026-06-25 20:00:00+00:00,0.141,0.1421,0.141,0.1413,14924961.0
2026-06-25 21:00:00+00:00,0.1413,0.144,0.1413,0.1437,16292964.0
2026-06-25 22:00:00+00:00,0.1437,0.1441,0.143,0.1433,9106867.0
2026-06-25 23:00:00+00:00,0.1433,0.1443,0.1429,0.1437,10896949.0
2026-06-26 00:00:00+00:00,0.1437,0.1443,0.143,0.1431,12278891.0
2026-06-26 01:00:00+00:00,0.1431,0.1433,0.1417,0.142,11427807.0
2026-06-26 02:00:00+00:00,0.142,0.1421,0.1388,0.1393,41937506.0
2026-06-26 03:00:00+00:00,0.1393,0.143,0.1383,0.1427,40955484.0
2026-06-26 04:00:00+00:00,0.1427,0.1431,0.1416,0.1417,11245805.0
2026-06-26 05:00:00+00:00,0.1417,0.1431,0.1414,0.1428,16055238.0
2026-06-26 06:00:00+00:00,0.1428,0.1452,0.142,0.145,20380730.0
2026-06-26 07:00:00+00:00,0.145,0.1472,0.1449,0.1466,20044935.0
2026-06-26 08:00:00+00:00,0.1466,0.1469,0.1444,0.1448,15616418.0
2026-06-26 09:00:00+00:00,0.1448,0.1451,0.1434,0.1437,12091249.0
2026-06-26 10:00:00+00:00,0.1437,0.1443,0.1433,0.1435,11815519.0
2026-06-26 11:00:00+00:00,0.1435,0.1444,0.1426,0.1432,11186829.0
2026-06-26 12:00:00+00:00,0.1432,0.1451,0.1423,0.1427,25679527.0
2026-06-26 13:00:00+00:00,0.1427,0.1459,0.1411,0.1456,41693873.0
2026-06-26 14:00:00+00:00,0.1456,0.1461,0.1442,0.1444,28385147.0
2026-06-26 15:00:00+00:00,0.1444,0.1482,0.144,0.1479,35676172.0
2026-06-26 16:00:00+00:00,0.1479,0.1499,0.147,0.1479,33238430.0
2026-06-26 17:00:00+00:00,0.1479,0.149,0.1478,0.148,10395014.0
2026-06-26 18:00:00+00:00,0.148,0.1487,0.1465,0.1468,12603023.0
2026-06-26 19:00:00+00:00,0.1468,0.1484,0.1463,0.1474,19246964.0
2026-06-26 20:00:00+00:00,0.1474,0.1492,0.147,0.1473,26180890.0
2026-06-26 21:00:00+00:00,0.1473,0.148,0.1468,0.147,7147738.0
2026-06-26 22:00:00+00:00,0.147,0.1482,0.1462,0.1479,10339222.0
2026-06-26 23:00:00+00:00,0.1479,0.1493,0.1478,0.1483,15279892.0
2026-06-27 00:00:00+00:00,0.1483,0.149,0.1472,0.1481,12145469.0
2026-06-27 01:00:00+00:00,0.1481,0.1483,0.1475,0.1481,4013950.0
2026-06-27 02:00:00+00:00,0.1481,0.1497,0.1477,0.1489,8468194.0
2026-06-27 03:00:00+00:00,0.1489,0.1493,0.148,0.1482,11151633.0
2026-06-27 04:00:00+00:00,0.1482,0.149,0.148,0.1481,6118164.0
2026-06-27 05:00:00+00:00,0.1481,0.1483,0.1471,0.1478,7265734.0
2026-06-27 06:00:00+00:00,0.1478,0.1482,0.147,0.1478,8369900.0
2026-06-27 07:00:00+00:00,0.1478,0.148,0.1475,0.1476,2850883.0
2026-06-27 08:00:00+00:00,0.1476,0.1477,0.147,0.1471,5484754.0
2026-06-27 09:00:00+00:00,0.1471,0.1474,0.1466,0.1471,3559978.0
2026-06-27 10:00:00+00:00,0.1471,0.1473,0.1468,0.1473,1893470.0
2026-06-27 11:00:00+00:00,0.1473,0.1473,0.1463,0.1471,6041381.0
2026-06-27 12:00:00+00:00,0.1471,0.1473,0.1466,0.1473,5587941.0
2026-06-27 13:00:00+00:00,0.1473,0.1482,0.1472,0.1479,5397518.0
2026-06-27 14:00:00+00:00,0.1479,0.149,0.1476,0.1485,7926065.0
2026-06-27 15:00:00+00:00,0.1485,0.1493,0.1482,0.1487,9061622.0
2026-06-27 16:00:00+00:00,0.1487,0.1489,0.148,0.1483,6370484.0
2026-06-27 17:00:00+00:00,0.1483,0.1484,0.1464,0.1465,16671532.0
2026-06-27 18:00:00+00:00,0.1465,0.147,0.1461,0.1468,9883308.0
2026-06-27 19:00:00+00:00,0.1468,0.1469,0.1447,0.1451,17572658.0
2026-06-27 20:00:00+00:00,0.1451,0.1457,0.1451,0.1454,4974287.0
2026-06-27 21:00:00+00:00,0.1454,0.146,0.1446,0.1449,12705400.0
2026-06-27 22:00:00+00:00,0.1449,0.1455,0.1436,0.1455,13315267.0
2026-06-27 23:00:00+00:00,0.1455,0.1459,0.145,0.1452,4889972.0
2026-06-28 00:00:00+00:00,0.1452,0.1459,0.145,0.1454,4416760.0
2026-06-28 01:00:00+00:00,0.1454,0.1455,0.1447,0.1452,4894854.0
2026-06-28 02:00:00+00:00,0.1452,0.1457,0.1445,0.1447,7004918.0
2026-06-28 03:00:00+00:00,0.1447,0.1454,0.1447,0.1454,2602584.0
2026-06-28 04:00:00+00:00,0.1454,0.1454,0.1446,0.1449,4202835.0
2026-06-28 05:00:00+00:00,0.1449,0.145,0.1437,0.1443,12590937.0
2026-06-28 06:00:00+00:00,0.1443,0.1445,0.1432,0.1441,12433601.0
2026-06-28 07:00:00+00:00,0.1441,0.1452,0.144,0.1451,8394474.0
2026-06-28 08:00:00+00:00,0.1451,0.1465,0.1449,0.1457,9491476.0
2026-06-28 09:00:00+00:00,0.1457,0.146,0.1445,0.1446,6993864.0
2026-06-28 10:00:00+00:00,0.1446,0.145,0.1441,0.1447,4169649.0
2026-06-28 11:00:00+00:00,0.1447,0.1455,0.1445,0.1453,5279577.0
2026-06-28 12:00:00+00:00,0.1453,0.1455,0.1444,0.1448,4074481.0
2026-06-28 13:00:00+00:00,0.1448,0.1448,0.1439,0.1442,5646660.0
2026-06-28 14:00:00+00:00,0.1442,0.1454,0.144,0.1445,6145783.0
2026-06-28 15:00:00+00:00,0.1445,0.1451,0.144,0.1444,8118646.0
2026-06-28 16:00:00+00:00,0.1444,0.1445,0.1429,0.1437,17100911.0
2026-06-28 17:00:00+00:00,0.1437,0.144,0.1425,0.1434,9606063.0
2026-06-28 18:00:00+00:00,0.1434,0.1437,0.1427,0.1432,6157245.0
2026-06-28 19:00:00+00:00,0.1432,0.1438,0.142,0.1428,13272257.0
2026-06-28 20:00:00+00:00,0.1428,0.1438,0.1425,0.1433,7016627.0
2026-06-28 21:00:00+00:00,0.1433,0.1436,0.1414,0.142,13512092.0
2026-06-28 22:00:00+00:00,0.142,0.1441,0.141,0.1419,23558210.0
2026-06-28 23:00:00+00:00,0.1419,0.1444,0.1416,0.1437,17341013.0
2026-06-29 00:00:00+00:00,0.1437,0.1441,0.1418,0.144,10169811.0
2026-06-29 01:00:00+00:00,0.144,0.144,0.1428,0.1435,4259028.0
2026-06-29 02:00:00+00:00,0.1435,0.1444,0.1418,0.1441,12224053.0
2026-06-29 03:00:00+00:00,0.1441,0.1459,0.1441,0.145,10305727.0
2026-06-29 04:00:00+00:00,0.145,0.1451,0.1436,0.1439,7032781.0
2026-06-29 05:00:00+00:00,0.1439,0.145,0.1425,0.1449,11651569.0
2026-06-29 06:00:00+00:00,0.1449,0.1463,0.1449,0.1451,12559194.0
2026-06-29 07:00:00+00:00,0.1451,0.1454,0.1445,0.1449,6862480.0
2026-06-29 08:00:00+00:00,0.1449,0.1452,0.1436,0.1439,13455972.0
2026-06-29 09:00:00+00:00,0.1439,0.145,0.1438,0.145,9680146.0
2026-06-29 10:00:00+00:00,0.145,0.1458,0.1447,0.1452,11726239.0
2026-06-29 11:00:00+00:00,0.1452,0.1459,0.1442,0.1448,18833972.0
2026-06-29 12:00:00+00:00,0.1448,0.1469,0.1438,0.1448,24269051.0
2026-06-29 13:00:00+00:00,0.1448,0.1459,0.1434,0.1446,19856253.0
2026-06-29 14:00:00+00:00,0.1446,0.1451,0.1431,0.1449,19894353.0
2026-06-29 15:00:00+00:00,0.1449,0.1459,0.1434,0.1454,16183706.0
2026-06-29 16:00:00+00:00,0.1454,0.1459,0.1446,0.1454,7828841.0
2026-06-29 17:00:00+00:00,0.1454,0.1487,0.1453,0.1477,18818214.0
2026-06-29 18:00:00+00:00,0.1477,0.1481,0.147,0.1472,5994733.0
2026-06-29 19:00:00+00:00,0.1472,0.1479,0.1467,0.1476,7231882.0
2026-06-29 20:00:00+00:00,0.1476,0.1476,0.1467,0.1469,4802421.0
2026-06-29 21:00:00+00:00,0.1469,0.1477,0.1464,0.1472,11154362.0
2026-06-29 22:00:00+00:00,0.1472,0.1474,0.1461,0.1462,6366486.0
2026-06-29 23:00:00+00:00,0.1462,0.1463,0.1454,0.1457,5908635.0
2026-06-30 00:00:00+00:00,0.1457,0.1459,0.1443,0.1443,13809664.0
2026-06-30 01:00:00+00:00,0.1443,0.1446,0.1438,0.1443,5871707.0
2026-06-30 02:00:00+00:00,0.1443,0.1448,0.1435,0.1446,7277300.0
2026-06-30 03:00:00+00:00,0.1446,0.145,0.1442,0.1442,5294846.0
2026-06-30 04:00:00+00:00,0.1442,0.1448,0.144,0.1446,4221205.0
2026-06-30 05:00:00+00:00,0.1446,0.1448,0.1438,0.1448,7405441.0
2026-06-30 06:00:00+00:00,0.1448,0.1456,0.1446,0.1454,6166600.0
2026-06-30 07:00:00+00:00,0.1454,0.1456,0.1447,0.1449,7726955.0
2026-06-30 08:00:00+00:00,0.1449,0.145,0.144,0.1445,11238996.0
2026-06-30 09:00:00+00:00,0.1445,0.1449,0.1441,0.1448,5115684.0
2026-06-30 10:00:00+00:00,0.1448,0.1449,0.1445,0.1446,3236206.0
2026-06-30 11:00:00+00:00,0.1446,0.1448,0.1437,0.1438,5307662.0
2026-06-30 12:00:00+00:00,0.1438,0.1439,0.1419,0.1419,19391401.0
2026-06-30 13:00:00+00:00,0.1419,0.1441,0.1419,0.1439,17738570.0
2026-06-30 14:00:00+00:00,0.1439,0.1455,0.1435,0.1437,18920637.0
2026-06-30 15:00:00+00:00,0.1437,0.1452,0.1429,0.1442,25611499.0
2026-06-30 16:00:00+00:00,0.1442,0.1457,0.1434,0.1454,20133754.0
2026-06-30 17:00:00+00:00,0.1454,0.1464,0.1444,0.1444,21224680.0
2026-06-30 18:00:00+00:00,0.1444,0.146,0.144,0.1454,12788079.0
2026-06-30 19:00:00+00:00,0.1454,0.1456,0.1444,0.1448,12411870.0
2026-06-30 20:00:00+00:00,0.1448,0.1449,0.1436,0.1437,13888041.0
2026-06-30 21:00:00+00:00,0.1437,0.1442,0.1434,0.144,9632886.0
2026-06-30 22:00:00+00:00,0.144,0.1446,0.1435,0.144,5389097.0
2026-06-30 23:00:00+00:00,0.144,0.1444,0.1438,0.1443,4853136.0
2026-07-01 00:00:00+00:00,0.1443,0.1444,0.1432,0.1444,8930228.0
2026-07-01 01:00:00+00:00,0.1444,0.1453,0.1418,0.1448,31031954.0
2026-07-01 02:00:00+00:00,0.1448,0.1466,0.1446,0.1465,13357727.0
2026-07-01 03:00:00+00:00,0.1465,0.1506,0.1464,0.1492,42068181.0
2026-07-01 04:00:00+00:00,0.1492,0.1529,0.1488,0.1509,65746264.0
2026-07-01 05:00:00+00:00,0.1509,0.1522,0.1503,0.1515,21686701.0
2026-07-01 06:00:00+00:00,0.1515,0.1517,0.1486,0.1502,35072630.0
2026-07-01 07:00:00+00:00,0.1502,0.1507,0.1495,0.1501,11860065.0
2026-07-01 08:00:00+00:00,0.1501,0.1508,0.1487,0.1506,23831852.0
2026-07-01 09:00:00+00:00,0.1506,0.1512,0.15,0.1504,10943593.0
2026-07-01 10:00:00+00:00,0.1504,0.1513,0.1498,0.1508,10997250.0
2026-07-01 11:00:00+00:00,0.1508,0.1523,0.1502,0.1506,13547992.0
2026-07-01 12:00:00+00:00,0.1506,0.1524,0.1502,0.1514,22975498.0
2026-07-01 13:00:00+00:00,0.1514,0.1539,0.1507,0.1538,45051629.0
2026-07-01 14:00:00+00:00,0.1538,0.1573,0.1533,0.1555,65980583.0
2026-07-01 15:00:00+00:00,0.1555,0.158,0.1549,0.1552,33602770.0
2026-07-01 16:00:00+00:00,0.1552,0.1558,0.1543,0.1549,10958099.0
2026-07-01 17:00:00+00:00,0.1549,0.155,0.1537,0.1547,14474506.0
2026-07-01 18:00:00+00:00,0.1547,0.155,0.1534,0.1541,14335932.0
2026-07-01 19:00:00+00:00,0.1541,0.1548,0.1526,0.1532,13492600.0
2026-07-01 20:00:00+00:00,0.1532,0.1541,0.1528,0.1539,7613321.0
2026-07-01 21:00:00+00:00,0.1539,0.1579,0.1539,0.1574,19664602.0
2026-07-01 22:00:00+00:00,0.1574,0.1578,0.1555,0.1558,30999393.0
2026-07-01 23:00:00+00:00,0.1558,0.1558,0.1537,0.1537,20512962.0
2026-07-02 00:00:00+00:00,0.1537,0.1539,0.1524,0.1529,21930090.0
2026-07-02 01:00:00+00:00,0.1529,0.1553,0.1528,0.1546,18138592.0
2026-07-02 02:00:00+00:00,0.1546,0.1551,0.154,0.1546,15225569.0
2026-07-02 03:00:00+00:00,0.1546,0.1565,0.1537,0.156,18908394.0
2026-07-02 04:00:00+00:00,0.156,0.1562,0.1545,0.1558,13277218.0
2026-07-02 05:00:00+00:00,0.1558,0.1559,0.1542,0.1543,8477820.0
2026-07-02 06:00:00+00:00,0.1543,0.1557,0.154,0.1545,8656155.0
2026-07-02 07:00:00+00:00,0.1545,0.1558,0.1543,0.155,6798391.0
2026-07-02 08:00:00+00:00,0.155,0.1567,0.1548,0.1565,11127297.0
2026-07-02 09:00:00+00:00,0.1565,0.1584,0.1557,0.1577,18538165.0
2026-07-02 10:00:00+00:00,0.1577,0.1593,0.1574,0.1591,16247482.0
2026-07-02 11:00:00+00:00,0.1591,0.1602,0.1586,0.1595,20717187.0
2026-07-02 12:00:00+00:00,0.1595,0.1617,0.1593,0.1602,26093923.0
2026-07-02 13:00:00+00:00,0.1602,0.1627,0.1597,0.1618,27270908.0
2026-07-02 14:00:00+00:00,0.1618,0.1624,0.1594,0.1601,27289458.0
2026-07-02 15:00:00+00:00,0.1601,0.1612,0.1587,0.1606,10411717.0
2026-07-02 16:00:00+00:00,0.1606,0.1624,0.1594,0.1597,26412836.0
2026-07-02 17:00:00+00:00,0.1597,0.1602,0.1586,0.1589,11875443.0
2026-07-02 18:00:00+00:00,0.1589,0.1609,0.1588,0.1597,9155079.0
2026-07-02 19:00:00+00:00,0.1597,0.1603,0.1588,0.1596,6952970.0
2026-07-02 20:00:00+00:00,0.1596,0.162,0.1594,0.1612,18725397.0
2026-07-02 21:00:00+00:00,0.1612,0.1618,0.1603,0.161,11029584.0
2026-07-02 22:00:00+00:00,0.161,0.162,0.1603,0.1614,7822870.0
2026-07-02 23:00:00+00:00,0.1614,0.1629,0.1608,0.1615,17914163.0
2026-07-03 00:00:00+00:00,0.1615,0.1617,0.1604,0.1615,18274402.0
2026-07-03 01:00:00+00:00,0.1615,0.1661,0.1613,0.1657,29090086.0
2026-07-03 02:00:00+00:00,0.1657,0.1686,0.1645,0.1679,31446456.0
2026-07-03 03:00:00+00:00,0.1679,0.168,0.1659,0.1667,20998121.0
2026-07-03 04:00:00+00:00,0.1667,0.1669,0.1639,0.164,15428286.0
2026-07-03 05:00:00+00:00,0.164,0.1642,0.1631,0.1636,13425319.0
2026-07-03 06:00:00+00:00,0.1636,0.1663,0.1635,0.1647,15520539.0
2026-07-03 07:00:00+00:00,0.1647,0.1657,0.1644,0.1651,10095219.0
2026-07-03 08:00:00+00:00,0.1651,0.1667,0.1647,0.1665,12564535.0
2026-07-03 09:00:00+00:00,0.1665,0.1679,0.1658,0.1667,26756365.0
2026-07-03 10:00:00+00:00,0.1667,0.1691,0.1666,0.1682,14977975.0
2026-07-03 11:00:00+00:00,0.1682,0.1699,0.1677,0.1695,16819695.0
2026-07-03 12:00:00+00:00,0.1695,0.1704,0.1677,0.169,16927814.0
2026-07-03 13:00:00+00:00,0.169,0.1711,0.1688,0.1707,17834504.0
2026-07-03 14:00:00+00:00,0.1707,0.1716,0.1697,0.1708,21234953.0
2026-07-03 15:00:00+00:00,0.1708,0.1737,0.1705,0.1735,22096036.0
2026-07-03 16:00:00+00:00,0.1735,0.1748,0.1716,0.1741,40248555.0
2026-07-03 17:00:00+00:00,0.1741,0.177,0.1739,0.1756,50241329.0
2026-07-03 18:00:00+00:00,0.1756,0.1809,0.1752,0.1786,58750976.0
2026-07-03 19:00:00+00:00,0.1786,0.1831,0.1781,0.181,61596884.0
2026-07-03 20:00:00+00:00,0.181,0.1829,0.1801,0.1828,39564881.0
2026-07-03 21:00:00+00:00,0.1828,0.1829,0.1782,0.1791,37552600.0
2026-07-03 22:00:00+00:00,0.1791,0.1808,0.1783,0.1807,18426385.0
2026-07-03 23:00:00+00:00,0.1807,0.1812,0.1791,0.1798,16910418.0
2026-07-04 00:00:00+00:00,0.1798,0.1802,0.1782,0.1793,16998357.0
2026-07-04 01:00:00+00:00,0.1793,0.1798,0.1769,0.178,29063667.0
2026-07-04 02:00:00+00:00,0.178,0.1784,0.1769,0.1774,14705553.0
2026-07-04 03:00:00+00:00,0.1774,0.1776,0.1762,0.1771,11426376.0
2026-07-04 04:00:00+00:00,0.1771,0.18,0.1768,0.1793,15874304.0
2026-07-04 05:00:00+00:00,0.1793,0.1793,0.1773,0.1776,9747261.0
2026-07-04 06:00:00+00:00,0.1776,0.1785,0.1765,0.1768,12602287.0
2026-07-04 07:00:00+00:00,0.1768,0.1769,0.175,0.1759,16323325.0
2026-07-04 08:00:00+00:00,0.1759,0.1766,0.1756,0.1761,10760428.0
2026-07-04 09:00:00+00:00,0.1761,0.1768,0.1752,0.1756,13172184.0
2026-07-04 10:00:00+00:00,0.1756,0.1763,0.1749,0.1759,8315551.0
2026-07-04 11:00:00+00:00,0.1759,0.1775,0.1757,0.1764,13347066.0
2026-07-04 12:00:00+00:00,0.1764,0.1783,0.1764,0.1779,13529434.0
2026-07-04 13:00:00+00:00,0.1779,0.1791,0.1771,0.1788,12159413.0
2026-07-04 14:00:00+00:00,0.1788,0.1863,0.1788,0.1841,46925206.0
2026-07-04 15:00:00+00:00,0.1841,0.1919,0.1841,0.1908,81534778.0
2026-07-04 16:00:00+00:00,0.1908,0.1988,0.1908,0.1954,145983440.0
2026-07-04 17:00:00+00:00,0.1954,0.1999,0.1935,0.1998,71306093.0
2026-07-04 18:00:00+00:00,0.1998,0.1998,0.194,0.1954,40606110.0
2026-07-04 19:00:00+00:00,0.1954,0.196,0.1925,0.1932,19813380.0
2026-07-04 20:00:00+00:00,0.1932,0.1942,0.191,0.1914,20973025.0
2026-07-04 21:00:00+00:00,0.1914,0.194,0.1912,0.1926,19490890.0
2026-07-04 22:00:00+00:00,0.1926,0.1928,0.1904,0.1922,15887379.0
2026-07-04 23:00:00+00:00,0.1922,0.1928,0.1905,0.1921,14372162.0
2026-07-05 00:00:00+00:00,0.1921,0.1935,0.1891,0.193,49456346.0
2026-07-05 01:00:00+00:00,0.193,0.1949,0.1908,0.1912,43381313.0
2026-07-05 02:00:00+00:00,0.1912,0.1915,0.1892,0.1914,25557770.0
2026-07-05 03:00:00+00:00,0.1914,0.1916,0.1891,0.1902,11824081.0
2026-07-05 04:00:00+00:00,0.1902,0.1924,0.1897,0.1902,17942514.0
2026-07-05 05:00:00+00:00,0.1902,0.1905,0.1881,0.1888,19991965.0
2026-07-05 06:00:00+00:00,0.1888,0.1901,0.1886,0.1898,11467235.0
2026-07-05 07:00:00+00:00,0.1898,0.1942,0.1897,0.1929,30649199.0
2026-07-05 08:00:00+00:00,0.1929,0.1936,0.1912,0.1914,20241583.0
2026-07-05 09:00:00+00:00,0.1914,0.1927,0.1875,0.1875,33573485.0
2026-07-05 10:00:00+00:00,0.1875,0.1876,0.1851,0.1868,43063879.0
2026-07-05 11:00:00+00:00,0.1868,0.1871,0.1858,0.1866,10889153.0
2026-07-05 12:00:00+00:00,0.1866,0.1882,0.185,0.1877,28484694.0
2026-07-05 13:00:00+00:00,0.1877,0.1893,0.1871,0.1889,19369577.0
2026-07-05 14:00:00+00:00,0.1889,0.1901,0.1879,0.1893,15039777.0
2026-07-05 15:00:00+00:00,0.1893,0.1908,0.1881,0.1891,22524437.0
2026-07-05 16:00:00+00:00,0.1891,0.1913,0.1887,0.1897,19715461.0
2026-07-05 17:00:00+00:00,0.1897,0.1911,0.1897,0.1902,11568989.0
2026-07-05 18:00:00+00:00,0.1902,0.1904,0.1892,0.1897,10971690.0
2026-07-05 19:00:00+00:00,0.1897,0.1903,0.1881,0.189,31196877.0
2026-07-05 20:00:00+00:00,0.189,0.1892,0.1874,0.1884,13730156.0
2026-07-05 21:00:00+00:00,0.1884,0.1915,0.1877,0.1902,25737806.0
2026-07-05 22:00:00+00:00,0.1902,0.193,0.1893,0.1903,37289111.0
2026-07-05 23:00:00+00:00,0.1903,0.1911,0.1887,0.1894,18882028.0
2026-07-06 00:00:00+00:00,0.1894,0.1905,0.1875,0.19,17500593.0
2026-07-06 01:00:00+00:00,0.19,0.1906,0.1891,0.1892,10143397.0
2026-07-06 02:00:00+00:00,0.1892,0.1901,0.1882,0.189,7936633.0
2026-07-06 03:00:00+00:00,0.189,0.1894,0.1872,0.1879,10691630.0
2026-07-06 04:00:00+00:00,0.1879,0.1884,0.1863,0.1865,9801492.0
2026-07-06 05:00:00+00:00,0.1865,0.1865,0.1834,0.1849,41632297.0
2026-07-06 06:00:00+00:00,0.1849,0.1852,0.1832,0.1836,16096372.0
2026-07-06 07:00:00+00:00,0.1836,0.1848,0.1828,0.184,16768177.0
2026-07-06 08:00:00+00:00,0.184,0.1863,0.1837,0.1845,20920944.0
2026-07-06 09:00:00+00:00,0.1845,0.1849,0.1814,0.182,24327054.0
2026-07-06 10:00:00+00:00,0.182,0.1834,0.1818,0.1827,12022989.0
2026-07-06 11:00:00+00:00,0.1827,0.1836,0.1822,0.1823,12523160.0
2026-07-06 12:00:00+00:00,0.1823,0.1824,0.1788,0.179,61384739.0
2026-07-06 13:00:00+00:00,0.179,0.181,0.1779,0.1797,42387331.0
2026-07-06 14:00:00+00:00,0.1797,0.1824,0.1793,0.1818,31815548.0
2026-07-06 15:00:00+00:00,0.1818,0.1864,0.1813,0.1858,40636846.0
2026-07-06 16:00:00+00:00,0.1858,0.1866,0.1838,0.1846,38339412.0
2026-07-06 17:00:00+00:00,0.1846,0.1849,0.1828,0.1832,17793173.0
2026-07-06 18:00:00+00:00,0.1832,0.1846,0.1827,0.1834,17138342.0
2026-07-06 19:00:00+00:00,0.1834,0.1846,0.1831,0.184,7756173.0
2026-07-06 20:00:00+00:00,0.184,0.184,0.1826,0.1829,6757425.0
2026-07-06 21:00:00+00:00,0.1829,0.1871,0.1829,0.1859,23902137.0
2026-07-06 22:00:00+00:00,0.1859,0.1859,0.184,0.1843,15172499.0
2026-07-06 23:00:00+00:00,0.1843,0.1849,0.1838,0.184,5780865.0
2026-07-07 00:00:00+00:00,0.184,0.185,0.1836,0.1845,8017066.0
2026-07-07 01:00:00+00:00,0.1845,0.1846,0.1827,0.1836,12854383.0
2026-07-07 02:00:00+00:00,0.1836,0.1839,0.1808,0.1811,16138672.0
2026-07-07 03:00:00+00:00,0.1811,0.1821,0.1805,0.1811,12359008.0
2026-07-07 04:00:00+00:00,0.1811,0.1811,0.1793,0.1796,11469074.0
2026-07-07 05:00:00+00:00,0.1796,0.1805,0.1786,0.1801,15679386.0
2026-07-07 06:00:00+00:00,0.1801,0.1813,0.1791,0.1811,14647047.0
2026-07-07 07:00:00+00:00,0.1811,0.1813,0.1793,0.1795,8552973.0
2026-07-07 08:00:00+00:00,0.1795,0.1797,0.1785,0.1791,9533937.0
2026-07-07 09:00:00+00:00,0.1791,0.1796,0.1782,0.1785,13050579.0
2026-07-07 10:00:00+00:00,0.1785,0.1795,0.177,0.1772,16612032.0
2026-07-07 11:00:00+00:00,0.1772,0.1778,0.1764,0.1773,12932854.0
2026-07-07 12:00:00+00:00,0.1773,0.1798,0.1773,0.1788,16593876.0
2026-07-07 13:00:00+00:00,0.1788,0.1791,0.177,0.1773,20462644.0
2026-07-07 14:00:00+00:00,0.1773,0.1785,0.1753,0.177,31531013.0
2026-07-07 15:00:00+00:00,0.177,0.1782,0.1756,0.1772,22933533.0
2026-07-07 16:00:00+00:00,0.1772,0.1785,0.1766,0.1772,14763815.0
2026-07-07 17:00:00+00:00,0.1772,0.1781,0.1761,0.1779,9355345.0
2026-07-07 18:00:00+00:00,0.1779,0.1779,0.1752,0.1755,18437059.0
2026-07-07 19:00:00+00:00,0.1755,0.1768,0.1748,0.1765,17007402.0
2026-07-07 20:00:00+00:00,0.1765,0.1769,0.1756,0.1759,5464294.0
2026-07-07 21:00:00+00:00,0.1759,0.1762,0.1741,0.1744,12495853.0
2026-07-07 22:00:00+00:00,0.1744,0.1748,0.1732,0.1745,13900165.0
2026-07-07 23:00:00+00:00,0.1745,0.1754,0.1742,0.1744,8118100.0
2026-07-08 00:00:00+00:00,0.1744,0.1758,0.1744,0.1757,8021955.0
2026-07-08 01:00:00+00:00,0.1757,0.1761,0.1722,0.1726,25805786.0
2026-07-08 02:00:00+00:00,0.1726,0.1727,0.1703,0.1712,35250991.0
2026-07-08 03:00:00+00:00,0.1712,0.1727,0.1704,0.1705,23119500.0
2026-07-08 04:00:00+00:00,0.1705,0.1714,0.1699,0.1704,13118176.0
2026-07-08 05:00:00+00:00,0.1704,0.1708,0.1694,0.1697,9452221.0
2026-07-08 06:00:00+00:00,0.1697,0.1699,0.1682,0.169,19643224.0
2026-07-08 07:00:00+00:00,0.169,0.1697,0.1681,0.1694,12777624.0
2026-07-08 08:00:00+00:00,0.1694,0.1695,0.1656,0.1658,45443867.0
2026-07-08 09:00:00+00:00,0.1658,0.1662,0.165,0.1657,21851316.0
2026-07-08 10:00:00+00:00,0.1657,0.1671,0.1651,0.1669,10685630.0
2026-07-08 11:00:00+00:00,0.1669,0.168,0.1657,0.167,40251934.0
2026-07-08 12:00:00+00:00,0.167,0.1676,0.1664,0.1666,12817079.0
2026-07-08 13:00:00+00:00,0.1666,0.1682,0.1659,0.1679,20657280.0
2026-07-08 14:00:00+00:00,0.1679,0.1695,0.1657,0.1667,35887588.0
2026-07-08 15:00:00+00:00,0.1667,0.1668,0.1646,0.1655,24316805.0
2026-07-08 16:00:00+00:00,0.1655,0.1673,0.1654,0.1671,16009889.0
2026-07-08 17:00:00+00:00,0.1671,0.1673,0.1655,0.1656,10103385.0
2026-07-08 18:00:00+00:00,0.1656,0.1671,0.1654,0.1664,8437156.0
2026-07-08 19:00:00+00:00,0.1664,0.167,0.1663,0.1666,3753614.0
2026-07-08 20:00:00+00:00,0.1666,0.167,0.1658,0.1659,5865479.0
2026-07-08 21:00:00+00:00,0.1659,0.1668,0.1652,0.1666,6867606.0
2026-07-08 22:00:00+00:00,0.1666,0.1671,0.1664,0.1667,3081880.0
2026-07-08 23:00:00+00:00,0.1667,0.1671,0.1664,0.1669,5054400.0
2026-07-09 00:00:00+00:00,0.1669,0.1671,0.1664,0.1668,7057805.0
2026-07-09 01:00:00+00:00,0.1668,0.1686,0.1658,0.166,18583033.0
2026-07-09 02:00:00+00:00,0.166,0.167,0.1656,0.1663,7879772.0
2026-07-09 03:00:00+00:00,0.1663,0.1669,0.1659,0.1663,5927392.0
2026-07-09 04:00:00+00:00,0.1663,0.1684,0.166,0.1683,11852396.0
2026-07-09 05:00:00+00:00,0.1683,0.1689,0.1671,0.1685,13623944.0
2026-07-09 06:00:00+00:00,0.1685,0.1699,0.168,0.1696,17489227.0
2026-07-09 07:00:00+00:00,0.1696,0.1698,0.1678,0.1681,12878752.0
2026-07-09 08:00:00+00:00,0.1681,0.1683,0.1667,0.1671,10657184.0
2026-07-09 09:00:00+00:00,0.1671,0.1685,0.1667,0.1684,14421285.0
2026-07-09 10:00:00+00:00,0.1684,0.1686,0.1672,0.1683,16289198.0
2026-07-09 11:00:00+00:00,0.1683,0.1698,0.168,0.1695,14817274.0
2026-07-09 12:00:00+00:00,0.1695,0.17,0.1683,0.1689,26787767.0
2026-07-09 13:00:00+00:00,0.1689,0.1699,0.1676,0.1695,18902721.0
2026-07-09 14:00:00+00:00,0.1695,0.1698,0.1678,0.1691,19033212.0
2026-07-09 15:00:00+00:00,0.1691,0.1692,0.166,0.1666,34845658.0
2026-07-09 16:00:00+00:00,0.1666,0.1668,0.1651,0.1653,15632328.0
2026-07-09 17:00:00+00:00,0.1653,0.1669,0.1649,0.1664,11938688.0
2026-07-09 18:00:00+00:00,0.1664,0.1676,0.1661,0.1663,10968749.0
2026-07-09 19:00:00+00:00,0.1663,0.1664,0.1651,0.1657,10896073.0
2026-07-09 20:00:00+00:00,0.1657,0.167,0.1654,0.167,7044567.0
2026-07-09 21:00:00+00:00,0.167,0.1675,0.1664,0.1668,6755343.0
2026-07-09 22:00:00+00:00,0.1668,0.1674,0.1665,0.167,5860002.0
2026-07-09 23:00:00+00:00,0.167,0.1671,0.166,0.1664,3596433.0
2026-07-10 00:00:00+00:00,0.1664,0.1667,0.1655,0.1665,9904370.0
2026-07-10 01:00:00+00:00,0.1665,0.1697,0.1661,0.1683,17794459.0
2026-07-10 02:00:00+00:00,0.1683,0.1689,0.1679,0.1688,10459430.0
2026-07-10 03:00:00+00:00,0.1688,0.1693,0.1671,0.1675,12752540.0
2026-07-10 04:00:00+00:00,0.1675,0.1682,0.1668,0.1674,15085958.0
2026-07-10 05:00:00+00:00,0.1674,0.1678,0.1667,0.1672,10871591.0
2026-07-10 06:00:00+00:00,0.1672,0.1672,0.166,0.1666,15281347.0
2026-07-10 07:00:00+00:00,0.1666,0.167,0.1663,0.1664,6738505.0
2026-07-10 08:00:00+00:00,0.1664,0.1683,0.1663,0.1678,12136873.0
2026-07-10 09:00:00+00:00,0.1678,0.1692,0.167,0.1685,11193373.0
2026-07-10 10:00:00+00:00,0.1685,0.1697,0.1679,0.1686,14323944.0
2026-07-10 11:00:00+00:00,0.1686,0.169,0.1669,0.1678,20802764.0
2026-07-10 12:00:00+00:00,0.1678,0.1683,0.1671,0.1676,17917152.0
2026-07-10 13:00:00+00:00,0.1676,0.1688,0.1672,0.1683,13443528.0
2026-07-10 14:00:00+00:00,0.1683,0.1684,0.1649,0.1656,42964900.0
2026-07-10 15:00:00+00:00,0.1656,0.1665,0.1653,0.1663,9187315.0
2026-07-10 16:00:00+00:00,0.1663,0.1674,0.1657,0.1672,10469457.0
2026-07-10 17:00:00+00:00,0.1672,0.1673,0.1662,0.1662,10068301.0
2026-07-10 18:00:00+00:00,0.1662,0.1671,0.1657,0.166,11532194.0
2026-07-10 19:00:00+00:00,0.166,0.1675,0.1658,0.1666,9729122.0
2026-07-10 20:00:00+00:00,0.1666,0.1671,0.1663,0.1666,4465855.0
2026-07-10 21:00:00+00:00,0.1666,0.1674,0.1665,0.1669,5246546.0
2026-07-10 22:00:00+00:00,0.1669,0.1673,0.1667,0.167,2384199.0
2026-07-10 23:00:00+00:00,0.167,0.1672,0.1663,0.1665,5136286.0
2026-07-11 00:00:00+00:00,0.1665,0.1668,0.166,0.1667,4635476.0
2026-07-11 01:00:00+00:00,0.1667,0.1671,0.1661,0.1665,4836354.0
2026-07-11 02:00:00+00:00,0.1665,0.1668,0.1662,0.1664,3020625.0
2026-07-11 03:00:00+00:00,0.1664,0.1666,0.166,0.1661,3504832.0
2026-07-11 04:00:00+00:00,0.1661,0.1666,0.1657,0.1663,7938538.0
2026-07-11 05:00:00+00:00,0.1663,0.1674,0.1662,0.1668,7788773.0
2026-07-11 06:00:00+00:00,0.1668,0.1675,0.1666,0.167,5809530.0
2026-07-11 07:00:00+00:00,0.167,0.1678,0.167,0.1678,3694140.0
2026-07-11 08:00:00+00:00,0.1678,0.1683,0.1672,0.1677,6487363.0
2026-07-11 09:00:00+00:00,0.1677,0.1684,0.1672,0.1672,17325783.0
2026-07-11 10:00:00+00:00,0.1672,0.1676,0.1667,0.1673,8414722.0
2026-07-11 11:00:00+00:00,0.1673,0.1679,0.1672,0.1677,5361077.0
2026-07-11 12:00:00+00:00,0.1677,0.1683,0.1674,0.1677,10721397.0
2026-07-11 13:00:00+00:00,0.1677,0.1683,0.167,0.1678,8120807.0
2026-07-11 14:00:00+00:00,0.1678,0.1695,0.1674,0.1693,15230192.0
2026-07-11 15:00:00+00:00,0.1693,0.1744,0.1692,0.1716,84830938.0
2026-07-11 16:00:00+00:00,0.1716,0.1721,0.1702,0.1709,24507041.0
2026-07-11 17:00:00+00:00,0.1709,0.1715,0.1702,0.1706,8916332.0
2026-07-11 18:00:00+00:00,0.1706,0.1731,0.1705,0.1713,16970438.0
2026-07-11 19:00:00+00:00,0.1713,0.1717,0.1709,0.1715,4049375.0
2026-07-11 20:00:00+00:00,0.1715,0.1718,0.1706,0.1706,7824046.0
2026-07-11 21:00:00+00:00,0.1706,0.1709,0.1691,0.1699,12997028.0
2026-07-11 22:00:00+00:00,0.1699,0.1702,0.1684,0.1687,15250605.0
2026-07-11 23:00:00+00:00,0.1687,0.1691,0.1654,0.1657,32836491.0
2026-07-12 00:00:00+00:00,0.1657,0.1657,0.1629,0.1637,48569282.0
2026-07-12 01:00:00+00:00,0.1637,0.1654,0.1634,0.1654,18751854.0
2026-07-12 02:00:00+00:00,0.1654,0.1654,0.1644,0.1651,5914456.0
2026-07-12 03:00:00+00:00,0.1651,0.1665,0.1646,0.1663,9230105.0
2026-07-12 04:00:00+00:00,0.1663,0.1665,0.1644,0.1648,10828166.0
2026-07-12 05:00:00+00:00,0.1648,0.1651,0.1636,0.164,10067252.0
2026-07-12 06:00:00+00:00,0.164,0.1641,0.1621,0.163,18479842.0
2026-07-12 07:00:00+00:00,0.163,0.1641,0.1627,0.1637,12237077.0
2026-07-12 08:00:00+00:00,0.1637,0.1644,0.1634,0.1642,5840003.0
2026-07-12 09:00:00+00:00,0.1642,0.1651,0.1633,0.1645,9765583.0
2026-07-12 10:00:00+00:00,0.1645,0.1645,0.1636,0.1637,6838131.0
2026-07-12 11:00:00+00:00,0.1637,0.1648,0.1632,0.1643,6890788.0
2026-07-12 12:00:00+00:00,0.1643,0.1653,0.1641,0.1649,4883689.0
2026-07-12 13:00:00+00:00,0.1649,0.1652,0.1643,0.1646,4122300.0
2026-07-12 14:00:00+00:00,0.1646,0.1653,0.1638,0.165,11575173.0
2026-07-12 15:00:00+00:00,0.165,0.1652,0.1641,0.1644,10121691.0
2026-07-12 16:00:00+00:00,0.1644,0.1646,0.1638,0.1643,7722231.0
2026-07-12 17:00:00+00:00,0.1643,0.1647,0.1634,0.1637,9551589.0
2026-07-12 18:00:00+00:00,0.1637,0.1644,0.1633,0.1643,5660633.0
2026-07-12 19:00:00+00:00,0.1643,0.1644,0.1637,0.1642,2851570.0
2026-07-12 20:00:00+00:00,0.1642,0.1645,0.1637,0.1639,3790248.0
2026-07-12 21:00:00+00:00,0.1639,0.1646,0.163,0.1632,7463447.0
2026-07-12 22:00:00+00:00,0.1632,0.1632,0.1609,0.1618,29225657.0
2026-07-12 23:00:00+00:00,0.1618,0.1622,0.1614,0.1619,7126744.0
2026-07-13 00:00:00+00:00,0.1619,0.1643,0.1612,0.1626,27000781.0
2026-07-13 01:00:00+00:00,0.1626,0.1627,0.1595,0.1602,26200551.0
2026-07-13 02:00:00+00:00,0.1602,0.1609,0.1593,0.1598,14497298.0
2026-07-13 03:00:00+00:00,0.1598,0.1599,0.157,0.1588,31720507.0
2026-07-13 04:00:00+00:00,0.1588,0.1594,0.1583,0.1588,12382136.0
2026-07-13 05:00:00+00:00,0.1588,0.1602,0.1584,0.1599,10090249.0
2026-07-13 06:00:00+00:00,0.1599,0.1605,0.1596,0.1602,7753267.0
2026-07-13 07:00:00+00:00,0.1602,0.1605,0.1599,0.1604,5044143.0
2026-07-13 08:00:00+00:00,0.1604,0.1606,0.1594,0.1602,7439258.0
2026-07-13 09:00:00+00:00,0.1602,0.1603,0.1597,0.1598,4246565.0
2026-07-13 10:00:00+00:00,0.1598,0.1601,0.1593,0.1594,5851292.0
2026-07-13 11:00:00+00:00,0.1594,0.1599,0.1593,0.1593,5735137.0
2026-07-13 12:00:00+00:00,0.1593,0.1598,0.1587,0.1589,11285959.0
2026-07-13 13:00:00+00:00,0.1589,0.159,0.1574,0.1582,19878377.0
2026-07-13 14:00:00+00:00,0.1582,0.16,0.1574,0.1599,19799218.0
2026-07-13 15:00:00+00:00,0.1599,0.1601,0.1586,0.1588,6364453.0
2026-07-13 16:00:00+00:00,0.1588,0.1591,0.1577,0.158,7873731.0
2026-07-13 17:00:00+00:00,0.158,0.1584,0.1564,0.1564,14992221.0
2026-07-13 18:00:00+00:00,0.1564,0.1578,0.1563,0.1573,11149096.0
2026-07-13 19:00:00+00:00,0.1573,0.1583,0.157,0.1582,11204578.0
2026-07-13 20:00:00+00:00,0.1582,0.1583,0.1572,0.1574,5909005.0
2026-07-13 21:00:00+00:00,0.1574,0.1575,0.1552,0.1562,15747938.0
2026-07-13 22:00:00+00:00,0.1562,0.1568,0.156,0.1563,8319918.0
2026-07-13 23:00:00+00:00,0.1563,0.1574,0.1559,0.1573,6244281.0
2026-07-14 00:00:00+00:00,0.1573,0.1584,0.1568,0.1582,12070708.0
2026-07-14 01:00:00+00:00,0.1582,0.1584,0.1575,0.1576,3540297.0
2026-07-14 02:00:00+00:00,0.1576,0.1579,0.1567,0.1573,6113260.0
2026-07-14 03:00:00+00:00,0.1573,0.1576,0.1561,0.1576,5563148.0
2026-07-14 04:00:00+00:00,0.1576,0.1582,0.1572,0.1576,6135465.0
2026-07-14 05:00:00+00:00,0.1576,0.1604,0.1576,0.1593,25468059.0
2026-07-14 06:00:00+00:00,0.1593,0.1594,0.1586,0.1589,3019143.0
2026-07-14 07:00:00+00:00,0.1589,0.1591,0.1584,0.1586,4238692.0
2026-07-14 08:00:00+00:00,0.1586,0.1592,0.1583,0.1584,9289557.0
2026-07-14 09:00:00+00:00,0.1584,0.1589,0.158,0.1584,6333912.0
2026-07-14 10:00:00+00:00,0.1584,0.1589,0.1581,0.1587,7234928.0
2026-07-14 11:00:00+00:00,0.1587,0.1593,0.1583,0.1591,8064071.0
2026-07-14 12:00:00+00:00,0.1591,0.1622,0.1582,0.1621,53716531.0
2026-07-14 13:00:00+00:00,0.1621,0.1645,0.1615,0.1637,48758570.0
2026-07-14 14:00:00+00:00,0.1637,0.1646,0.1625,0.1642,30333948.0
2026-07-14 15:00:00+00:00,0.1642,0.1682,0.1639,0.1655,69856568.0
2026-07-14 16:00:00+00:00,0.1655,0.1665,0.1651,0.1652,21634200.0
2026-07-14 17:00:00+00:00,0.1652,0.1655,0.1633,0.1636,34372766.0
2026-07-14 18:00:00+00:00,0.1636,0.1637,0.1624,0.1632,22526906.0
2026-07-14 19:00:00+00:00,0.1632,0.1638,0.1629,0.1634,14569718.0
2026-07-14 20:00:00+00:00,0.1634,0.1635,0.1628,0.1632,6457798.0
2026-07-14 21:00:00+00:00,0.1632,0.165,0.1631,0.1643,13877151.0
2026-07-14 22:00:00+00:00,0.1643,0.1652,0.1634,0.1644,14539819.0
2026-07-14 23:00:00+00:00,0.1644,0.1654,0.1641,0.1654,7489006.0
2026-07-15 00:00:00+00:00,0.1654,0.1658,0.1643,0.1647,19484728.0
2026-07-15 01:00:00+00:00,0.1647,0.1649,0.163,0.1636,17879876.0
2026-07-15 02:00:00+00:00,0.1636,0.1636,0.1618,0.1625,30597442.0
2026-07-15 03:00:00+00:00,0.1625,0.1641,0.1624,0.1641,14905175.0
2026-07-15 04:00:00+00:00,0.1641,0.1644,0.1629,0.1635,36716744.0
2026-07-15 05:00:00+00:00,0.1635,0.1645,0.1628,0.1644,10028196.0
2026-07-15 06:00:00+00:00,0.1644,0.1655,0.164,0.1641,15320817.0
2026-07-15 07:00:00+00:00,0.1641,0.1642,0.1624,0.1631,12887453.0
2026-07-15 08:00:00+00:00,0.1631,0.1637,0.1627,0.1636,7822229.0
2026-07-15 09:00:00+00:00,0.1636,0.1654,0.1635,0.1641,21422855.0
2026-07-15 10:00:00+00:00,0.1641,0.1647,0.1639,0.1644,10084900.0
2026-07-15 11:00:00+00:00,0.1644,0.1654,0.1642,0.1645,18665402.0
2026-07-15 12:00:00+00:00,0.1645,0.1669,0.164,0.1667,29174614.0
2026-07-15 13:00:00+00:00,0.1667,0.1694,0.1656,0.1662,49154109.0
2026-07-15 14:00:00+00:00,0.1662,0.1668,0.1652,0.1664,19858781.0
2026-07-15 15:00:00+00:00,0.1664,0.1665,0.1654,0.1656,14578939.0
2026-07-15 16:00:00+00:00,0.1656,0.1658,0.1622,0.1635,41502735.0
2026-07-15 17:00:00+00:00,0.1635,0.1653,0.1633,0.1648,17036493.0
2026-07-15 18:00:00+00:00,0.1648,0.1655,0.1634,0.1636,15636636.0
2026-07-15 19:00:00+00:00,0.1636,0.1644,0.1629,0.1634,12781122.0
2026-07-15 20:00:00+00:00,0.1634,0.1651,0.1633,0.1645,13157115.0
2026-07-15 21:00:00+00:00,0.1645,0.165,0.1639,0.1645,6121297.0
2026-07-15 22:00:00+00:00,0.1645,0.1656,0.1642,0.1652,14289691.0
2026-07-15 23:00:00+00:00,0.1652,0.1661,0.1648,0.1649,13747244.0
2026-07-16 00:00:00+00:00,0.1649,0.1654,0.1637,0.1645,16914898.0
2026-07-16 01:00:00+00:00,0.1645,0.1654,0.1636,0.1653,10899559.0
2026-07-16 02:00:00+00:00,0.1653,0.1664,0.1648,0.1661,5364647.0
2026-07-16 03:00:00+00:00,0.1661,0.1662,0.1644,0.1649,6137372.0
2026-07-16 04:00:00+00:00,0.1649,0.1651,0.1642,0.1646,5614285.0
2026-07-16 05:00:00+00:00,0.1646,0.165,0.1642,0.1644,10437982.0
2026-07-16 06:00:00+00:00,0.1644,0.165,0.1631,0.1639,14891386.0
2026-07-16 07:00:00+00:00,0.1639,0.1641,0.1621,0.1629,9618677.0
2026-07-16 08:00:00+00:00,0.1629,0.1629,0.1609,0.1619,25874780.0
2026-07-16 09:00:00+00:00,0.1619,0.1622,0.1615,0.1616,5181912.0
2026-07-16 10:00:00+00:00,0.1616,0.1624,0.1615,0.1623,3620980.0
2026-07-16 11:00:00+00:00,0.1623,0.163,0.162,0.1629,8914403.0
2026-07-16 12:00:00+00:00,0.1629,0.1636,0.1614,0.162,21830968.0
2026-07-16 13:00:00+00:00,0.162,0.1642,0.1618,0.164,20258997.0
2026-07-16 14:00:00+00:00,0.164,0.1652,0.1633,0.1639,10939804.0
2026-07-16 15:00:00+00:00,0.1639,0.1645,0.1626,0.1636,23916871.0
2026-07-16 16:00:00+00:00,0.1636,0.1637,0.1627,0.1635,9133966.0
2026-07-16 17:00:00+00:00,0.1635,0.1635,0.1618,0.1624,9966036.0
2026-07-16 18:00:00+00:00,0.1624,0.1631,0.1617,0.1623,5144726.0
2026-07-16 19:00:00+00:00,0.1623,0.163,0.1619,0.1629,6967249.0
2026-07-16 20:00:00+00:00,0.1629,0.163,0.1623,0.1625,3532110.0
2026-07-16 21:00:00+00:00,0.1625,0.1636,0.1625,0.163,7631641.0
2026-07-16 22:00:00+00:00,0.163,0.1636,0.1603,0.1608,18920390.0
2026-07-16 23:00:00+00:00,0.1608,0.1611,0.1597,0.1607,17299504.0
2026-07-17 00:00:00+00:00,0.1607,0.1616,0.1599,0.1615,12477702.0
2026-07-17 01:00:00+00:00,0.1615,0.1618,0.1598,0.1601,11038417.0
2026-07-17 02:00:00+00:00,0.1601,0.1603,0.1591,0.1597,8623711.0
2026-07-17 03:00:00+00:00,0.1597,0.1613,0.1596,0.1603,21650234.0
2026-07-17 04:00:00+00:00,0.1603,0.1606,0.1593,0.1602,6314951.0
2026-07-17 05:00:00+00:00,0.1602,0.1602,0.1577,0.1581,15228368.0
2026-07-17 06:00:00+00:00,0.1581,0.1593,0.1578,0.159,9565160.0
2026-07-17 07:00:00+00:00,0.159,0.1592,0.1587,0.1588,7155494.0
2026-07-17 08:00:00+00:00,0.1588,0.1601,0.1582,0.16,10595614.0
2026-07-17 09:00:00+00:00,0.16,0.1609,0.1597,0.1609,10524062.0
2026-07-17 10:00:00+00:00,0.1609,0.1624,0.1607,0.1608,22468448.0
2026-07-17 11:00:00+00:00,0.1608,0.1612,0.1603,0.1609,4783254.0
2026-07-17 12:00:00+00:00,0.1609,0.161,0.1596,0.1597,6109604.0
2026-07-17 13:00:00+00:00,0.1597,0.1599,0.1575,0.1599,21653554.0
2026-07-17 14:00:00+00:00,0.1599,0.1631,0.1598,0.1628,39949899.0
2026-07-17 15:00:00+00:00,0.1628,0.1641,0.161,0.1639,39951127.0
2026-07-17 16:00:00+00:00,0.1639,0.1668,0.1635,0.1659,69279409.0
2026-07-17 17:00:00+00:00,0.1659,0.167,0.1649,0.1651,23667800.0
2026-07-17 18:00:00+00:00,0.1651,0.1664,0.1649,0.1659,19377514.0
2026-07-17 19:00:00+00:00,0.1659,0.1668,0.1648,0.166,24899188.0
2026-07-17 20:00:00+00:00,0.166,0.1661,0.1649,0.1657,9932308.0
2026-07-17 21:00:00+00:00,0.1657,0.1668,0.1657,0.166,7612286.0
2026-07-17 22:00:00+00:00,0.166,0.1663,0.1655,0.1658,6622234.0
2026-07-17 23:00:00+00:00,0.1658,0.1675,0.1653,0.1665,22378003.0
2026-07-18 00:00:00+00:00,0.1665,0.1685,0.1665,0.1674,24902776.0
2026-07-18 01:00:00+00:00,0.1674,0.1683,0.1672,0.1674,6093022.0
2026-07-18 02:00:00+00:00,0.1674,0.1693,0.1673,0.1683,14396090.0
2026-07-18 03:00:00+00:00,0.1683,0.1686,0.167,0.1678,11785064.0
2026-07-18 04:00:00+00:00,0.1678,0.168,0.1663,0.1668,10412452.0
2026-07-18 05:00:00+00:00,0.1668,0.1674,0.166,0.1665,8856945.0
2026-07-18 06:00:00+00:00,0.1665,0.167,0.1658,0.1658,6916731.0
2026-07-18 07:00:00+00:00,0.1658,0.1666,0.1657,0.1661,8301040.0
2026-07-18 08:00:00+00:00,0.1661,0.1668,0.1658,0.1663,6397021.0
2026-07-18 09:00:00+00:00,0.1663,0.1663,0.1649,0.1657,10961603.0
2026-07-18 10:00:00+00:00,0.1657,0.1663,0.1656,0.1657,5232999.0
2026-07-18 11:00:00+00:00,0.1657,0.1662,0.1656,0.1659,2656798.0
2026-07-18 12:00:00+00:00,0.1659,0.1665,0.1653,0.1659,5275958.0
2026-07-18 13:00:00+00:00,0.1659,0.1659,0.164,0.1645,11615981.0
2026-07-18 14:00:00+00:00,0.1645,0.165,0.1639,0.165,5784513.0
2026-07-18 15:00:00+00:00,0.165,0.1652,0.1642,0.1644,5843555.0
2026-07-18 16:00:00+00:00,0.1644,0.1645,0.1633,0.1642,12190377.0
2026-07-18 17:00:00+00:00,0.1642,0.1653,0.1639,0.1651,8225515.0
2026-07-18 18:00:00+00:00,0.1651,0.1661,0.1648,0.1652,7801298.0
2026-07-18 19:00:00+00:00,0.1652,0.1659,0.165,0.1657,3219527.0
2026-07-18 20:00:00+00:00,0.1657,0.1666,0.1655,0.1661,3790137.0
2026-07-18 21:00:00+00:00,0.1661,0.1672,0.1657,0.1662,5587558.0
2026-07-18 22:00:00+00:00,0.1662,0.1671,0.166,0.167,5866978.0
2026-07-18 23:00:00+00:00,0.167,0.1673,0.1665,0.1666,6369675.0
2026-07-19 00:00:00+00:00,0.1666,0.1671,0.1662,0.167,6955768.0
2026-07-19 01:00:00+00:00,0.167,0.1672,0.1666,0.1669,3254505.0
2026-07-19 02:00:00+00:00,0.1669,0.1687,0.1669,0.168,8234862.0
2026-07-19 03:00:00+00:00,0.168,0.1682,0.1665,0.1668,6529720.0
2026-07-19 04:00:00+00:00,0.1668,0.1669,0.1659,0.1662,4026130.0
2026-07-19 05:00:00+00:00,0.1662,0.1667,0.1653,0.166,16839374.0
2026-07-19 06:00:00+00:00,0.166,0.1667,0.1657,0.1662,3967348.0
2026-07-19 07:00:00+00:00,0.1662,0.1662,0.1654,0.1656,5222960.0
2026-07-19 08:00:00+00:00,0.1656,0.166,0.1652,0.1656,4923394.0
2026-07-19 09:00:00+00:00,0.1656,0.1659,0.1644,0.1647,12720076.0
2026-07-19 10:00:00+00:00,0.1647,0.1658,0.1644,0.1654,8350954.0
2026-07-19 11:00:00+00:00,0.1654,0.1657,0.1646,0.1648,7551622.0
2026-07-19 12:00:00+00:00,0.1648,0.1654,0.1644,0.165,7675734.0
2026-07-19 13:00:00+00:00,0.165,0.1656,0.1646,0.1655,6129145.0
2026-07-19 14:00:00+00:00,0.1655,0.167,0.165,0.1665,10198960.0
2026-07-19 15:00:00+00:00,0.1665,0.1668,0.1659,0.1661,3899293.0
2026-07-19 16:00:00+00:00,0.1661,0.1664,0.1649,0.165,8438164.0
2026-07-19 17:00:00+00:00,0.165,0.1655,0.1636,0.165,15555035.0
2026-07-19 18:00:00+00:00,0.165,0.1651,0.1637,0.1651,14604896.0
2026-07-19 19:00:00+00:00,0.1651,0.1661,0.1648,0.1659,2979236.0
2026-07-19 20:00:00+00:00,0.1659,0.1665,0.1658,0.1664,2833097.0
2026-07-19 21:00:00+00:00,0.1664,0.1666,0.1646,0.165,4766125.0
2026-07-19 22:00:00+00:00,0.165,0.167,0.1646,0.1658,10052605.0
2026-07-19 23:00:00+00:00,0.1658,0.1665,0.1652,0.1661,5583601.0
2026-07-20 00:00:00+00:00,0.1661,0.1683,0.1652,0.1655,18723895.0
2026-07-20 01:00:00+00:00,0.1655,0.1672,0.1642,0.1647,13596319.0
2026-07-20 02:00:00+00:00,0.1647,0.1666,0.1647,0.1658,6300113.0
2026-07-20 03:00:00+00:00,0.1658,0.1663,0.1648,0.1655,6446492.0
2026-07-20 04:00:00+00:00,0.1655,0.1655,0.1641,0.1643,8689666.0
2026-07-20 05:00:00+00:00,0.1643,0.1643,0.1619,0.1621,26057503.0
2026-07-20 06:00:00+00:00,0.1621,0.1624,0.1605,0.1612,19548822.0
2026-07-20 07:00:00+00:00,0.1612,0.1626,0.161,0.1624,8764316.0
2026-07-20 08:00:00+00:00,0.1624,0.1631,0.1613,0.1618,14532964.0
2026-07-20 09:00:00+00:00,0.1618,0.163,0.1615,0.1627,4849997.0
2026-07-20 10:00:00+00:00,0.1627,0.1634,0.1624,0.1631,5632407.0
2026-07-20 11:00:00+00:00,0.1631,0.1663,0.1627,0.1655,24117153.0
2026-07-20 12:00:00+00:00,0.1655,0.1655,0.1637,0.1642,10945279.0
2026-07-20 13:00:00+00:00,0.1642,0.1645,0.1624,0.1628,17552307.0
2026-07-20 14:00:00+00:00,0.1628,0.1632,0.1615,0.1624,12453527.0
2026-07-20 15:00:00+00:00,0.1624,0.167,0.1623,0.1669,26802764.0
2026-07-20 16:00:00+00:00,0.1669,0.1674,0.1651,0.1661,28436429.0
2026-07-20 17:00:00+00:00,0.1661,0.1677,0.1658,0.1673,16071730.0
2026-07-20 18:00:00+00:00,0.1673,0.1706,0.1673,0.1682,41526330.0
2026-07-20 19:00:00+00:00,0.1682,0.1689,0.1676,0.1677,22321458.0
2026-07-20 20:00:00+00:00,0.1677,0.1697,0.1671,0.1697,13293574.0
2026-07-20 21:00:00+00:00,0.1697,0.1719,0.1695,0.1698,16691291.0
2026-07-20 22:00:00+00:00,0.1698,0.1701,0.1687,0.1691,10016973.0
2026-07-20 23:00:00+00:00,0.1691,0.171,0.1689,0.1697,16747507.0
2026-07-21 00:00:00+00:00,0.1697,0.1726,0.1693,0.1707,28779854.0
2026-07-21 01:00:00+00:00,0.1707,0.1714,0.1699,0.17,11977272.0
2026-07-21 02:00:00+00:00,0.17,0.1708,0.1694,0.1704,4727351.0
2026-07-21 03:00:00+00:00,0.1704,0.173,0.1704,0.1724,11144015.0
2026-07-21 04:00:00+00:00,0.1724,0.1733,0.1709,0.1722,26158674.0
2026-07-21 05:00:00+00:00,0.1722,0.1774,0.172,0.1756,65407569.0
2026-07-21 06:00:00+00:00,0.1756,0.1774,0.1754,0.1762,28233286.0
2026-07-21 07:00:00+00:00,0.1762,0.1766,0.1748,0.1763,17739666.0
2026-07-21 08:00:00+00:00,0.1763,0.1765,0.1744,0.1744,12237393.0
2026-07-21 09:00:00+00:00,0.1744,0.1755,0.1742,0.1747,9501849.0
2026-07-21 10:00:00+00:00,0.1747,0.1757,0.1743,0.1746,11229150.0
2026-07-21 11:00:00+00:00,0.1746,0.1749,0.1741,0.1746,6664288.0
2026-07-21 12:00:00+00:00,0.1746,0.1763,0.1743,0.1752,15759960.0
2026-07-21 13:00:00+00:00,0.1752,0.176,0.1749,0.1757,10678652.0
2026-07-21 14:00:00+00:00,0.1757,0.1768,0.1747,0.1756,16217141.0
2026-07-21 15:00:00+00:00,0.1756,0.1761,0.1744,0.175,9644276.0
2026-07-21 16:00:00+00:00,0.175,0.1751,0.1719,0.1734,28098441.0
2026-07-21 17:00:00+00:00,0.1734,0.1741,0.1718,0.1732,14529562.0
2026-07-21 18:00:00+00:00,0.1732,0.1736,0.1722,0.1732,7187927.0
2026-07-21 19:00:00+00:00,0.1732,0.1741,0.1727,0.1736,14460707.0
2026-07-21 20:00:00+00:00,0.1736,0.1742,0.1733,0.1734,3910573.0
2026-07-21 21:00:00+00:00,0.1734,0.1737,0.1726,0.1729,6253029.0
2026-07-21 22:00:00+00:00,0.1729,0.173,0.1722,0.1729,5271399.0
2026-07-21 23:00:00+00:00,0.1729,0.1737,0.1723,0.1736,6664522.0
2026-07-22 00:00:00+00:00,0.1736,0.1739,0.1733,0.1737,7295611.0
2026-07-22 01:00:00+00:00,0.1737,0.1747,0.1731,0.1741,6204339.0
2026-07-22 02:00:00+00:00,0.1741,0.1754,0.1737,0.1743,8262438.0
2026-07-22 03:00:00+00:00,0.1743,0.1744,0.1732,0.1734,7116373.0
2026-07-22 04:00:00+00:00,0.1734,0.1742,0.1731,0.1741,4027008.0
2026-07-22 05:00:00+00:00,0.1741,0.1742,0.1712,0.1712,24503546.0
2026-07-22 06:00:00+00:00,0.1712,0.1715,0.1704,0.1707,8085364.0
2026-07-22 07:00:00+00:00,0.1707,0.1711,0.1703,0.1709,11289071.0
2026-07-22 08:00:00+00:00,0.1709,0.1724,0.1709,0.1724,9224089.0
2026-07-22 09:00:00+00:00,0.1724,0.1733,0.1722,0.1731,12566073.0
2026-07-22 10:00:00+00:00,0.1731,0.1738,0.1729,0.1735,9066477.0
2026-07-22 11:00:00+00:00,0.1735,0.1736,0.1722,0.1729,8266999.0
2026-07-22 12:00:00+00:00,0.1729,0.1731,0.1715,0.1722,13295836.0
2026-07-22 13:00:00+00:00,0.1722,0.1758,0.1721,0.1754,31964969.0
2026-07-22 14:00:00+00:00,0.1754,0.1778,0.1738,0.1752,32834048.0
2026-07-22 15:00:00+00:00,0.1752,0.1797,0.1752,0.1779,38465172.0
2026-07-22 16:00:00+00:00,0.1779,0.1807,0.1769,0.1799,32416460.0
2026-07-22 17:00:00+00:00,0.1799,0.18,0.1776,0.1778,15643574.0
2026-07-22 18:00:00+00:00,0.1778,0.1782,0.1754,0.1756,15476261.0
2026-07-22 19:00:00+00:00,0.1756,0.1759,0.1736,0.1744,18648020.0
2026-07-22 20:00:00+00:00,0.1744,0.1747,0.1736,0.1744,14882233.0
2026-07-22 21:00:00+00:00,0.1744,0.1754,0.1739,0.1749,7316817.0
2026-07-22 22:00:00+00:00,0.1749,0.1757,0.1743,0.1752,8632341.0
2026-07-22 23:00:00+00:00,0.1752,0.1754,0.1729,0.1744,20680228.0
2026-07-23 00:00:00+00:00,0.1744,0.1767,0.1739,0.1757,22700631.0
2026-07-23 01:00:00+00:00,0.1757,0.176,0.1741,0.1745,13122035.0
2026-07-23 02:00:00+00:00,0.1745,0.1748,0.1734,0.1745,7676268.0
2026-07-23 03:00:00+00:00,0.1745,0.1746,0.1737,0.1739,5044142.0
2026-07-23 04:00:00+00:00,0.1739,0.1754,0.1735,0.1743,4099840.0
2026-07-23 05:00:00+00:00,0.1743,0.1749,0.1738,0.1742,3583214.0
2026-07-23 06:00:00+00:00,0.1742,0.1744,0.1736,0.1741,6972180.0
2026-07-23 07:00:00+00:00,0.1741,0.1741,0.1722,0.1729,7767465.0
2026-07-23 08:00:00+00:00,0.1729,0.174,0.1725,0.1738,4096867.0
2026-07-23 09:00:00+00:00,0.1738,0.1744,0.1733,0.1734,3929081.0
2026-07-23 10:00:00+00:00,0.1734,0.1746,0.1731,0.1746,4693257.0
2026-07-23 11:00:00+00:00,0.1746,0.1757,0.1738,0.1742,18151418.0
2026-07-23 12:00:00+00:00,0.1742,0.1751,0.1718,0.1729,18731794.0
2026-07-23 13:00:00+00:00,0.1729,0.173,0.1705,0.1713,26079433.0
2026-07-23 14:00:00+00:00,0.1713,0.1717,0.1687,0.1694,27570297.0
2026-07-23 15:00:00+00:00,0.1694,0.1707,0.168,0.1705,33725645.0
2026-07-23 16:00:00+00:00,0.1705,0.1706,0.1691,0.1694,10330270.0
2026-07-23 17:00:00+00:00,0.1694,0.17,0.1679,0.1684,10198632.0
2026-07-23 18:00:00+00:00,0.1684,0.1697,0.1683,0.1692,11112731.0
2026-07-23 19:00:00+00:00,0.1692,0.1699,0.1687,0.1696,5078222.0
2026-07-23 20:00:00+00:00,0.1696,0.1704,0.1694,0.1696,8204232.0
2026-07-23 21:00:00+00:00,0.1696,0.1699,0.1687,0.1689,6559103.0
2026-07-23 22:00:00+00:00,0.1689,0.1693,0.168,0.169,9577056.0
2026-07-23 23:00:00+00:00,0.169,0.1692,0.1682,0.1684,2761201.0
2026-07-24 00:00:00+00:00,0.1684,0.1684,0.1666,0.1671,17252182.0
2026-07-24 01:00:00+00:00,0.1671,0.1675,0.1663,0.1669,8507487.0
2026-07-24 02:00:00+00:00,0.1669,0.1677,0.1662,0.1666,11443056.0
2026-07-24 03:00:00+00:00,0.1666,0.1678,0.1664,0.1673,5261532.0
2026-07-24 04:00:00+00:00,0.1673,0.1674,0.1668,0.1673,2778919.0
2026-07-24 05:00:00+00:00,0.1673,0.1675,0.1665,0.1666,3966992.0
2026-07-24 06:00:00+00:00,0.1666,0.1672,0.1663,0.167,5284918.0
2026-07-24 07:00:00+00:00,0.167,0.1684,0.1669,0.168,10596178.0
2026-07-24 08:00:00+00:00,0.168,0.1682,0.1671,0.1677,2477938.0
2026-07-24 09:00:00+00:00,0.1677,0.1679,0.1657,0.1672,11218733.0
2026-07-24 10:00:00+00:00,0.1672,0.1673,0.1661,0.1664,4358531.0
2026-07-24 11:00:00+00:00,0.1664,0.1666,0.1654,0.1662,10435764.0
2026-07-24 12:00:00+00:00,0.1662,0.1666,0.1651,0.1652,15220133.0
2026-07-24 13:00:00+00:00,0.1652,0.1654,0.1636,0.1645,34269484.0
2026-07-24 14:00:00+00:00,0.1645,0.1647,0.1632,0.1647,14730422.0
2026-07-24 15:00:00+00:00,0.1647,0.165,0.1637,0.1647,15059449.0
2026-07-24 16:00:00+00:00,0.1647,0.1647,0.1627,0.163,12056245.0
2026-07-24 17:00:00+00:00,0.163,0.1639,0.1625,0.1636,9218500.0
2026-07-24 18:00:00+00:00,0.1636,0.1639,0.1629,0.1638,7039591.0
2026-07-24 19:00:00+00:00,0.1638,0.1639,0.1631,0.1636,5137944.0
2026-07-24 20:00:00+00:00,0.1636,0.1638,0.1632,0.1634,3905751.0
2026-07-24 21:00:00+00:00,0.1634,0.1637,0.163,0.1631,5618519.0
2026-07-24 22:00:00+00:00,0.1631,0.164,0.163,0.1638,3298992.0
2026-07-24 23:00:00+00:00,0.1638,0.1641,0.1635,0.1638,2257500.0
2026-07-25 00:00:00+00:00,0.1638,0.1646,0.1637,0.1643,5450950.0
2026-07-25 01:00:00+00:00,0.1643,0.1645,0.1636,0.1637,2239079.0
2026-07-25 02:00:00+00:00,0.1637,0.1643,0.1635,0.1639,2704495.0
2026-07-25 03:00:00+00:00,0.1639,0.1643,0.1636,0.1638,1660565.0
2026-07-25 04:00:00+00:00,0.1638,0.164,0.1635,0.1636,2196097.0
2026-07-25 05:00:00+00:00,0.1636,0.1638,0.1626,0.163,5316069.0
2026-07-25 06:00:00+00:00,0.163,0.1632,0.1614,0.1622,11583355.0
2026-07-25 07:00:00+00:00,0.1622,0.1622,0.1614,0.1615,4427084.0
2026-07-25 08:00:00+00:00,0.1615,0.162,0.1613,0.1616,4759561.0
2026-07-25 09:00:00+00:00,0.1616,0.1626,0.1615,0.1622,3439056.0
2026-07-25 10:00:00+00:00,0.1622,0.1625,0.1618,0.1621,4178716.0
2026-07-25 11:00:00+00:00,0.1621,0.1626,0.1618,0.1625,2271626.0
2026-07-25 12:00:00+00:00,0.1625,0.1632,0.1624,0.1631,3035270.0
2026-07-25 13:00:00+00:00,0.1631,0.1641,0.163,0.1634,6249048.0
2026-07-25 14:00:00+00:00,0.1634,0.1644,0.163,0.1643,6308950.0
2026-07-25 15:00:00+00:00,0.1643,0.1648,0.1641,0.1646,3828724.0
2026-07-25 16:00:00+00:00,0.1646,0.1657,0.164,0.165,9000821.0
2026-07-25 17:00:00+00:00,0.165,0.1669,0.1645,0.1655,16431402.0
2026-07-25 18:00:00+00:00,0.1655,0.1663,0.1654,0.1657,7092880.0
2026-07-25 19:00:00+00:00,0.1657,0.166,0.1652,0.1654,2892591.0
2026-07-25 20:00:00+00:00,0.1654,0.1656,0.1643,0.1645,4488815.0
2026-07-25 21:00:00+00:00,0.1645,0.1649,0.1636,0.1647,7765916.0
2026-07-25 22:00:00+00:00,0.1647,0.1652,0.1644,0.1649,4469064.0
2026-07-25 23:00:00+00:00,0.1649,0.165,0.1645,0.1646,1498639.0
2026-07-26 00:00:00+00:00,0.1646,0.1654,0.1646,0.1652,4311693.0
2026-07-26 01:00:00+00:00,0.1652,0.1653,0.1648,0.1649,1888193.0
2026-07-26 02:00:00+00:00,0.1649,0.1654,0.1644,0.1654,3108814.0
2026-07-26 03:00:00+00:00,0.1654,0.1657,0.1649,0.1653,2639487.0
2026-07-26 04:00:00+00:00,0.1653,0.1659,0.165,0.1657,3292179.0
2026-07-26 05:00:00+00:00,0.1657,0.1659,0.1651,0.1653,3153165.0
2026-07-26 06:00:00+00:00,0.1653,0.1663,0.1649,0.1661,5069168.0
2026-07-26 07:00:00+00:00,0.1661,0.1666,0.1649,0.1651,6734183.0
2026-07-26 08:00:00+00:00,0.1651,0.1652,0.1646,0.165,4911336.0
2026-07-26 09:00:00+00:00,0.165,0.1653,0.1648,0.1649,2379104.0
2026-07-26 10:00:00+00:00,0.1649,0.1654,0.1646,0.1654,2626075.0
2026-07-26 11:00:00+00:00,0.1654,0.1654,0.1648,0.1649,2553948.0
2026-07-26 12:00:00+00:00,0.1649,0.1654,0.1647,0.1647,2962477.0
2026-07-26 13:00:00+00:00,0.1647,0.1648,0.1641,0.1643,7110161.0
2026-07-26 14:00:00+00:00,0.1643,0.1647,0.1638,0.1646,6118938.0
2026-07-26 15:00:00+00:00,0.1646,0.1655,0.1643,0.1653,7571499.0
2026-07-26 16:00:00+00:00,0.1653,0.1661,0.1649,0.1652,7832076.0
2026-07-26 17:00:00+00:00,0.1652,0.1653,0.1643,0.1645,5489289.0
2026-07-26 18:00:00+00:00,0.1645,0.1647,0.1642,0.1646,2916443.0
2026-07-26 19:00:00+00:00,0.1646,0.1647,0.1641,0.1644,3243087.0
2026-07-26 20:00:00+00:00,0.1644,0.1646,0.1641,0.1641,2595382.0
2026-07-26 21:00:00+00:00,0.1641,0.1651,0.1641,0.1648,3897577.0
2026-07-26 22:00:00+00:00,0.1648,0.1662,0.1648,0.1656,13055005.0
2026-07-26 23:00:00+00:00,0.1656,0.1665,0.1648,0.1658,10693096.0
2026-07-27 00:00:00+00:00,0.1658,0.166,0.165,0.1652,8504662.0
2026-07-27 01:00:00+00:00,0.1652,0.1654,0.1643,0.1649,6346928.0
2026-07-27 02:00:00+00:00,0.1649,0.165,0.1644,0.1648,3296178.0
2026-07-27 03:00:00+00:00,0.1648,0.1653,0.1645,0.1653,2640514.0
2026-07-27 04:00:00+00:00,0.1653,0.1664,0.165,0.1652,5931609.0
2026-07-27 05:00:00+00:00,0.1652,0.1659,0.1649,0.1656,4409243.0
2026-07-27 06:00:00+00:00,0.1656,0.1672,0.1656,0.1661,14843517.0
2026-07-27 07:00:00+00:00,0.1661,0.1662,0.1647,0.1648,9830803.0
2026-07-27 08:00:00+00:00,0.1648,0.1653,0.1645,0.1648,6041120.0
2026-07-27 09:00:00+00:00,0.1648,0.1655,0.1644,0.1652,4534080.0
2026-07-27 10:00:00+00:00,0.1652,0.1657,0.1649,0.1654,5280853.0
2026-07-27 11:00:00+00:00,0.1654,0.1654,0.1642,0.1644,5660307.0
2026-07-27 12:00:00+00:00,0.1644,0.1648,0.1624,0.1638,20579117.0
2026-07-27 13:00:00+00:00,0.1638,0.1656,0.1627,0.1642,15417382.0
2026-07-27 14:00:00+00:00,0.1642,0.1645,0.1578,0.1587,82511656.0
2026-07-27 15:00:00+00:00,0.1587,0.1595,0.1577,0.1578,20776106.0
2026-07-27 16:00:00+00:00,0.1578,0.1594,0.1569,0.1588,29401288.0
2026-07-27 17:00:00+00:00,0.1588,0.1594,0.1584,0.1591,7483234.0
2026-07-27 18:00:00+00:00,0.1591,0.1593,0.1578,0.1584,15074999.0
2026-07-27 19:00:00+00:00,0.1584,0.1594,0.1582,0.1589,9729933.0
2026-07-27 20:00:00+00:00,0.1589,0.1591,0.1584,0.159,7390663.0
2026-07-27 21:00:00+00:00,0.159,0.1592,0.1583,0.1585,5804755.0
2026-07-27 22:00:00+00:00,0.1585,0.1586,0.1543,0.1546,58084551.0
2026-07-27 23:00:00+00:00,0.1546,0.1561,0.1536,0.1555,31473772.0
2026-07-28 00:00:00+00:00,0.1555,0.1563,0.1547,0.1549,15082933.0
2026-07-28 01:00:00+00:00,0.1549,0.1556,0.1532,0.1542,30806713.0
2026-07-28 02:00:00+00:00,0.1542,0.1551,0.1538,0.1549,10734655.0
2026-07-28 03:00:00+00:00,0.1549,0.1551,0.1544,0.1547,6408803.0
2026-07-28 04:00:00+00:00,0.1547,0.1554,0.1546,0.1551,6746698.0
2026-07-28 05:00:00+00:00,0.1551,0.156,0.155,0.1558,7708641.0
2026-07-28 06:00:00+00:00,0.1558,0.1577,0.1555,0.1569,30903905.0
2026-07-28 07:00:00+00:00,0.1569,0.1575,0.1563,0.1571,10326143.0
2026-07-28 08:00:00+00:00,0.1571,0.1575,0.1566,0.1572,6839802.0
2026-07-28 09:00:00+00:00,0.1572,0.1581,0.1569,0.1571,8883321.0
2026-07-28 10:00:00+00:00,0.1571,0.1574,0.1568,0.1568,6771911.0
2026-07-28 11:00:00+00:00,0.1568,0.1575,0.1563,0.1569,14902122.0
2026-07-28 12:00:00+00:00,0.1569,0.1585,0.1569,0.1582,15269192.0
2026-07-28 13:00:00+00:00,0.1582,0.1587,0.1551,0.1563,24196148.0
2026-07-28 14:00:00+00:00,0.1563,0.157,0.1559,0.1566,8752722.0
2026-07-28 15:00:00+00:00,0.1566,0.1593,0.1561,0.159,27756492.0
2026-07-28 16:00:00+00:00,0.159,0.1598,0.1581,0.1591,13875283.0
2026-07-28 17:00:00+00:00,0.1591,0.1593,0.1583,0.159,5918465.0
2026-07-28 18:00:00+00:00,0.159,0.1596,0.1582,0.1585,4366502.0
2026-07-28 19:00:00+00:00,0.1585,0.159,0.1581,0.159,4953388.0
2026-07-28 20:00:00+00:00,0.159,0.1601,0.1587,0.1599,17486878.0
2026-07-28 21:00:00+00:00,0.1599,0.1607,0.1595,0.1604,6757606.0
2026-07-28 22:00:00+00:00,0.1604,0.1634,0.1604,0.161,39812050.0
2026-07-28 23:00:00+00:00,0.161,0.1619,0.1603,0.1617,9891552.0
2026-07-29 00:00:00+00:00,0.1617,0.1636,0.1617,0.1626,26749907.0
2026-07-29 01:00:00+00:00,0.1626,0.1629,0.1617,0.1617,8225593.0
2026-07-29 02:00:00+00:00,0.1617,0.1668,0.1613,0.1657,41244352.0
2026-07-29 03:00:00+00:00,0.1657,0.166,0.1629,0.1634,36132160.0
2026-07-29 04:00:00+00:00,0.1634,0.1635,0.1617,0.163,19458646.0
2026-07-29 05:00:00+00:00,0.163,0.1641,0.1622,0.1639,10706307.0
2026-07-29 06:00:00+00:00,0.1639,0.165,0.1628,0.1642,9496992.0
2026-07-29 07:00:00+00:00,0.1642,0.1646,0.1633,0.1645,6653159.0
2026-07-29 08:00:00+00:00,0.1645,0.1649,0.163,0.1641,15168985.0
2026-07-29 09:00:00+00:00,0.1641,0.1648,0.164,0.1642,5195076.0
2026-07-29 10:00:00+00:00,0.1642,0.1643,0.1631,0.1636,6051152.0
2026-07-29 11:00:00+00:00,0.1636,0.1646,0.1634,0.1639,5952610.0
2026-07-29 12:00:00+00:00,0.1639,0.1642,0.1631,0.164,7030346.0
2026-07-29 13:00:00+00:00,0.164,0.1652,0.1633,0.1648,15223621.0
2026-07-29 14:00:00+00:00,0.1648,0.1651,0.1624,0.1628,17561953.0
2026-07-29 15:00:00+00:00,0.1628,0.1631,0.162,0.1629,8259606.0
2026-07-29 16:00:00+00:00,0.1629,0.164,0.1622,0.1632,11452289.0
2026-07-29 17:00:00+00:00,0.1632,0.1653,0.1631,0.1653,11922594.0
2026-07-29 18:00:00+00:00,0.1653,0.1691,0.1645,0.168,45740584.0
2026-07-29 19:00:00+00:00,0.168,0.1686,0.1626,0.163,31708679.0
2026-07-29 20:00:00+00:00,0.163,0.1638,0.1605,0.1609,26996559.0
2026-07-29 21:00:00+00:00,0.1609,0.1628,0.1603,0.1627,12184345.0
2026-07-29 22:00:00+00:00,0.1627,0.1637,0.162,0.1622,14022788.0
2026-07-29 23:00:00+00:00,0.1622,0.1625,0.1615,0.162,4877889.0
2026-07-30 00:00:00+00:00,0.162,0.1626,0.1614,0.162,6813994.0
2026-07-30 01:00:00+00:00,0.162,0.1647,0.162,0.1638,8432119.0
2026-07-30 02:00:00+00:00,0.1638,0.1641,0.1625,0.1626,5623270.0
2026-07-30 03:00:00+00:00,0.1626,0.1632,0.1622,0.1623,3846020.0
2026-07-30 04:00:00+00:00,0.1623,0.1626,0.1617,0.1618,3812139.0
2026-07-30 05:00:00+00:00,0.1618,0.1627,0.1614,0.1626,3672745.0
2026-07-30 06:00:00+00:00,0.1626,0.163,0.1623,0.1626,5461216.0
2026-07-30 07:00:00+00:00,0.1626,0.1636,0.1624,0.1632,8007494.0
2026-07-30 08:00:00+00:00,0.1632,0.1652,0.163,0.1642,8964971.0
2026-07-30 09:00:00+00:00,0.1642,0.1653,0.1639,0.164,9799905.0
2026-07-30 10:00:00+00:00,0.164,0.1647,0.1636,0.1639,6510766.0
2026-07-30 11:00:00+00:00,0.1639,0.1644,0.1637,0.1642,6044794.0
2026-07-30 12:00:00+00:00,0.1642,0.1665,0.1641,0.166,30280200.0
2026-07-30 13:00:00+00:00,0.166,0.169,0.1655,0.1681,34231279.0
2026-07-30 14:00:00+00:00,0.1681,0.1743,0.1674,0.1721,69511233.0
2026-07-30 15:00:00+00:00,0.1721,0.1761,0.1709,0.1719,84956467.0
2026-07-30 16:00:00+00:00,0.1719,0.1727,0.1697,0.1706,35144943.0
2026-07-30 17:00:00+00:00,0.1706,0.1722,0.1701,0.1719,15604087.0
2026-07-30 18:00:00+00:00,0.1719,0.1727,0.1711,0.1723,14316054.0
2026-07-30 19:00:00+00:00,0.1723,0.1732,0.1718,0.1727,9968423.0
2026-07-30 20:00:00+00:00,0.1727,0.173,0.1702,0.1705,13426486.0
2026-07-30 21:00:00+00:00,0.1705,0.1708,0.17,0.1702,5050246.0
2026-07-30 22:00:00+00:00,0.1702,0.1708,0.1694,0.1697,8623450.0
2026-07-30 23:00:00+00:00,0.1697,0.1707,0.1694,0.1696,9264604.0
2026-07-31 00:00:00+00:00,0.1696,0.1705,0.1691,0.1695,12929119.0
2026-07-31 01:00:00+00:00,0.1695,0.1709,0.1692,0.1697,9805817.0
2026-07-31 02:00:00+00:00,0.1697,0.1709,0.1692,0.1703,8552771.0
2026-07-31 03:00:00+00:00,0.1703,0.1709,0.1696,0.17,4105230.0
2026-07-31 04:00:00+00:00,0.17,0.17,0.1685,0.1686,7507743.0
2026-07-31 05:00:00+00:00,0.1686,0.169,0.1676,0.1688,12902584.0
2026-07-31 06:00:00+00:00,0.1688,0.1696,0.1682,0.1688,6509938.0
2026-07-31 07:00:00+00:00,0.1688,0.1704,0.1674,0.1698,19609424.0
2026-07-31 08:00:00+00:00,0.1698,0.1719,0.1698,0.1708,18773021.0
2026-07-31 09:00:00+00:00,0.1708,0.1713,0.1687,0.169,21957808.0
2026-07-31 10:00:00+00:00,0.169,0.1703,0.1682,0.1696,13255000.0
2026-07-31 11:00:00+00:00,0.1696,0.1708,0.1695,0.17,8337288.0
2026-07-31 12:00:00+00:00,0.17,0.17,0.1685,0.1693,8077747.0
2026-07-31 13:00:00+00:00,0.1693,0.1716,0.1684,0.1685,23612718.0
2026-07-31 14:00:00+00:00,0.1685,0.1689,0.1663,0.1678,36714573.0
2026-07-31 15:00:00+00:00,0.1678,0.1692,0.1671,0.1687,9727347.0
2026-07-31 16:00:00+00:00,0.1687,0.1708,0.1683,0.1707,10178217.0
2026-07-31 17:00:00+00:00,0.1707,0.1714,0.1696,0.1711,9355622.0
2026-07-31 18:00:00+00:00,0.1711,0.1727,0.1707,0.1721,21429487.0
2026-07-31 19:00:00+00:00,0.1721,0.1727,0.17,0.1703,16890803.0
2026-07-31 20:00:00+00:00,0.1703,0.1705,0.1684,0.1686,17145073.0
2026-07-31 21:00:00+00:00,0.1686,0.1693,0.1678,0.168,9126149.0
2026-07-31 22:00:00+00:00,0.168,0.1685,0.1675,0.1678,15471722.0
2026-07-31 23:00:00+00:00,0.1678,0.1687,0.1676,0.1681,6868982.0
2026-08-01 00:00:00+00:00,0.1681,0.1695,0.1681,0.1688,5110492.0
2026-08-01 01:00:00+00:00,0.1688,0.1695,0.1686,0.1695,3214068.0
2026-08-01 02:00:00+00:00,0.1695,0.1704,0.1695,0.17,5575837.0
2026-08-01 03:00:00+00:00,0.17,0.171,0.1699,0.171,4040740.0
2026-08-01 04:00:00+00:00,0.171,0.1713,0.1703,0.1711,3996255.0
2026-08-01 05:00:00+00:00,0.1711,0.1713,0.1697,0.1704,8996735.0
2026-08-01 06:00:00+00:00,0.1704,0.1706,0.1693,0.1698,6393970.0
2026-08-01 07:00:00+00:00,0.1698,0.1722,0.1697,0.1711,8142199.0
2026-08-01 08:00:00+00:00,0.1711,0.1736,0.171,0.1725,12544646.0
2026-08-01 09:00:00+00:00,0.1725,0.1741,0.1716,0.172,18168776.0
2026-08-01 10:00:00+00:00,0.172,0.1728,0.1711,0.1724,9105636.0
2026-08-01 11:00:00+00:00,0.1724,0.1734,0.1722,0.1731,12089124.0
2026-08-01 12:00:00+00:00,0.1731,0.175,0.1724,0.1744,21752036.0
2026-08-01 13:00:00+00:00,0.1744,0.1767,0.174,0.1749,24178779.0
2026-08-01 14:00:00+00:00,0.1749,0.1754,0.1727,0.1731,17625727.0
2026-08-01 15:00:00+00:00,0.1731,0.1732,0.1723,0.1724,5021754.0
2026-08-01 16:00:00+00:00,0.1724,0.1746,0.1716,0.1741,19181618.0
2026-08-01 17:00:00+00:00,0.1741,0.175,0.1725,0.1732,19246610.0
2026-08-01 18:00:00+00:00,0.1732,0.1738,0.1695,0.1713,44219387.0
2026-08-01 19:00:00+00:00,0.1713,0.1731,0.1712,0.1724,26674482.0
2026-08-01 20:00:00+00:00,0.1724,0.1735,0.1721,0.1731,6361872.0
2026-08-01 21:00:00+00:00,0.1731,0.1744,0.1731,0.1743,10032934.0
2026-08-01 22:00:00+00:00,0.1743,0.1754,0.1731,0.1733,10666560.0
2026-08-01 23:00:00+00:00,0.1733,0.1746,0.1732,0.1744,8580723.0
2026-08-02 00:00:00+00:00,0.1744,0.1751,0.1728,0.1734,19907459.0
2026-08-02 01:00:00+00:00,0.1734,0.1774,0.1734,0.1762,30307093.0
2026-08-02 02:00:00+00:00,0.1762,0.1808,0.1761,0.1801,30234888.0
2026-08-02 03:00:00+00:00,0.1801,0.1807,0.1791,0.18,15638747.0
2026-08-02 04:00:00+00:00,0.18,0.1848,0.1798,0.1832,30477715.0
2026-08-02 05:00:00+00:00,0.1832,0.1859,0.1817,0.1852,31203231.0
2026-08-02 06:00:00+00:00,0.1852,0.1877,0.1844,0.1866,25483619.0
2026-08-02 07:00:00+00:00,0.1866,0.1875,0.1846,0.1861,30210319.0
2026-08-02 08:00:00+00:00,0.1861,0.1871,0.1851,0.1858,17606213.0
2026-08-02 09:00:00+00:00,0.1858,0.1888,0.1852,0.1883,23807175.0
2026-08-02 10:00:00+00:00,0.1883,0.1891,0.1864,0.1866,23334193.0
2026-08-02 11:00:00+00:00,0.1866,0.1895,0.1861,0.1888,29482331.0
2026-08-02 12:00:00+00:00,0.1888,0.1906,0.1881,0.1892,37001436.0
2026-08-02 13:00:00+00:00,0.1892,0.1921,0.1864,0.1874,78060892.0
2026-08-02 14:00:00+00:00,0.1874,0.1905,0.1872,0.19,29364077.0
2026-08-02 15:00:00+00:00,0.19,0.1907,0.1888,0.1901,18191789.0
2026-08-02 16:00:00+00:00,0.1901,0.1913,0.1891,0.1894,22993157.0
2026-08-02 17:00:00+00:00,0.1894,0.1898,0.1885,0.1888,12917227.0
2026-08-02 18:00:00+00:00,0.1888,0.19,0.1883,0.1891,10637558.0
2026-08-02 19:00:00+00:00,0.1891,0.1897,0.1884,0.1885,7231408.0
2026-08-02 20:00:00+00:00,0.1885,0.1891,0.1867,0.1875,17246081.0
2026-08-02 21:00:00+00:00,0.1875,0.1904,0.1874,0.1891,18626352.0
2026-08-02 22:00:00+00:00,0.1891,0.1909,0.1889,0.1896,16298159.0
2026-08-02 23:00:00+00:00,0.1896,0.1898,0.1881,0.1894,18811877.0
2026-08-03 00:00:00+00:00,0.1894,0.1897,0.1881,0.1883,10603687.0
2026-08-03 01:00:00+00:00,0.1883,0.1883,0.1847,0.1856,26257264.0
2026-08-03 02:00:00+00:00,0.1856,0.1873,0.1849,0.187,16306438.0
2026-08-03 03:00:00+00:00,0.187,0.1872,0.1848,0.1853,14892045.0
2026-08-03 04:00:00+00:00,0.1853,0.187,0.184,0.1841,23061573.0
2026-08-03 05:00:00+00:00,0.1841,0.1852,0.1838,0.1849,10096898.0
2026-08-03 06:00:00+00:00,0.1849,0.185,0.1834,0.1837,14837812.0
2026-08-03 07:00:00+00:00,0.1837,0.1843,0.1824,0.1827,17142693.0
2026-08-03 08:00:00+00:00,0.1827,0.1845,0.1815,0.1839,26205080.0
2026-08-03 09:00:00+00:00,0.1839,0.1873,0.1836,0.1869,31356823.0
2026-08-03 10:00:00+00:00,0.1869,0.1884,0.1861,0.1873,19015147.0
2026-08-03 11:00:00+00:00,0.1873,0.188,0.1858,0.1864,20599689.0
2026-08-03 12:00:00+00:00,0.1864,0.1898,0.1857,0.189,28152304.0
2026-08-03 13:00:00+00:00,0.189,0.1946,0.1888,0.1946,50665210.0
2026-08-03 14:00:00+00:00,0.1946,0.1958,0.1893,0.19,72609836.0
2026-08-03 15:00:00+00:00,0.19,0.1963,0.1895,0.1958,48511143.0
2026-08-03 16:00:00+00:00,0.1958,0.196,0.1919,0.192,44963364.0
2026-08-03 17:00:00+00:00,0.192,0.1925,0.1906,0.1914,17337621.0
2026-08-03 18:00:00+00:00,0.1914,0.195,0.1914,0.194,23687995.0
2026-08-03 19:00:00+00:00,0.194,0.1952,0.1934,0.1936,16967741.0
2026-08-03 20:00:00+00:00,0.1936,0.1949,0.1931,0.1944,10797145.0
2026-08-03 21:00:00+00:00,0.1944,0.1947,0.1927,0.1938,28363878.0
2026-08-03 22:00:00+00:00,0.1938,0.1956,0.1923,0.1948,30337762.0
2026-08-03 23:00:00+00:00,0.1948,0.1957,0.1931,0.1935,42646767.0
2026-08-04 00:00:00+00:00,0.1935,0.194,0.1916,0.1919,33847755.0
2026-08-04 01:00:00+00:00,0.1919,0.193,0.191,0.1929,15666700.0
2026-08-04 02:00:00+00:00,0.1929,0.196,0.1913,0.1952,26989104.0
2026-08-04 03:00:00+00:00,0.1952,0.1972,0.1934,0.1966,38231920.0
2026-08-04 04:00:00+00:00,0.1966,0.1996,0.1946,0.1954,42677017.0
2026-08-04 05:00:00+00:00,0.1954,0.1961,0.1943,0.1955,13208525.0
2026-08-04 06:00:00+00:00,0.1955,0.1971,0.1939,0.1953,24035954.0
2026-08-04 07:00:00+00:00,0.1953,0.1963,0.1933,0.1945,21632849.0
2026-08-04 08:00:00+00:00,0.1945,0.1953,0.1934,0.1947,13067188.0
2026-08-04 09:00:00+00:00,0.1947,0.1971,0.1946,0.1965,18691090.0
2026-08-04 10:00:00+00:00,0.1965,0.1965,0.1935,0.195,17775359.0
2026-08-04 11:00:00+00:00,0.195,0.1952,0.1941,0.1942,12023739.0
2026-08-04 12:00:00+00:00,0.1942,0.1951,0.1936,0.1947,11123135.0
2026-08-04 13:00:00+00:00,0.1947,0.1951,0.1913,0.1918,26732624.0
2026-08-04 14:00:00+00:00,0.1918,0.1932,0.1911,0.1925,19857574.0
2026-08-04 15:00:00+00:00,0.1925,0.1937,0.1917,0.193,17080856.0
2026-08-04 16:00:00+00:00,0.193,0.1933,0.1914,0.192,12134989.0
2026-08-04 17:00:00+00:00,0.192,0.1927,0.191,0.1911,7048989.0
2026-08-04 18:00:00+00:00,0.1911,0.1924,0.191,0.1913,8134979.0
2026-08-04 19:00:00+00:00,0.1913,0.1936,0.1913,0.1923,21127001.0
2026-08-04 20:00:00+00:00,0.1923,0.1939,0.1919,0.1931,11341735.0
2026-08-04 21:00:00+00:00,0.1931,0.1946,0.1922,0.1937,12677894.0
2026-08-04 22:00:00+00:00,0.1937,0.1941,0.1925,0.1929,9223575.0
2026-08-04 23:00:00+00:00,0.1929,0.1932,0.1916,0.1928,9524264.0
2026-08-05 00:00:00+00:00,0.1928,0.1932,0.1908,0.1913,16053834.0
2026-08-05 01:00:00+00:00,0.1913,0.1926,0.1909,0.1924,10927122.0
2026-08-05 02:00:00+00:00,0.1924,0.1929,0.1912,0.1924,11582706.0
2026-08-05 03:00:00+00:00,0.1924,0.1926,0.1896,0.1904,26871771.0
2026-08-05 04:00:00+00:00,0.1904,0.1907,0.1899,0.1902,7742539.0
2026-08-05 05:00:00+00:00,0.1902,0.1915,0.1901,0.1902,10181441.0
2026-08-05 06:00:00+00:00,0.1902,0.191,0.1901,0.1909,6283908.0
2026-08-05 07:00:00+00:00,0.1909,0.194,0.1908,0.1939,32209161.0
2026-08-05 08:00:00+00:00,0.1939,0.1948,0.1931,0.194,18063176.0
2026-08-05 09:00:00+00:00,0.194,0.199,0.1937,0.1968,47919607.0
2026-08-05 10:00:00+00:00,0.1968,0.197,0.194,0.1945,28906917.0
2026-08-05 11:00:00+00:00,0.1945,0.1963,0.1944,0.195,15635120.0
2026-08-05 12:00:00+00:00,0.195,0.1957,0.1929,0.1936,26424268.0
2026-08-05 13:00:00+00:00,0.1936,0.1942,0.19,0.192,63829608.0
2026-08-05 14:00:00+00:00,0.192,0.1923,0.1901,0.1913,24159485.0
2026-08-05 15:00:00+00:00,0.1913,0.192,0.1883,0.189,35502234.0
2026-08-05 16:00:00+00:00,0.189,0.1913,0.1889,0.1911,16875649.0
2026-08-05 17:00:00+00:00,0.1911,0.1916,0.1903,0.1908,11461232.0
2026-08-05 18:00:00+00:00,0.1908,0.191,0.1894,0.1903,14034138.0
2026-08-05 19:00:00+00:00,0.1903,0.1907,0.1888,0.1895,16690162.0
2026-08-05 20:00:00+00:00,0.1895,0.1906,0.1885,0.1904,15106085.0
2026-08-05 21:00:00+00:00,0.1904,0.1918,0.1898,0.1912,15746798.0
2026-08-05 22:00:00+00:00,0.1912,0.1923,0.1903,0.1913,9180109.0
2026-08-05 23:00:00+00:00,0.1913,0.1926,0.191,0.1911,6328753.0
2026-08-06 00:00:00+00:00,0.1911,0.1918,0.1905,0.1915,6585438.0
2026-08-06 01:00:00+00:00,0.1915,0.1924,0.1903,0.1906,17001592.0
2026-08-06 02:00:00+00:00,0.1906,0.1915,0.1897,0.1907,12886446.0
2026-08-06 03:00:00+00:00,0.1907,0.1907,0.1866,0.1867,37240812.0
2026-08-06 04:00:00+00:00,0.1867,0.1884,0.1857,0.1875,14570623.0
2026-08-06 05:00:00+00:00,0.1875,0.1888,0.1875,0.1883,7107381.0
2026-08-06 06:00:00+00:00,0.1883,0.1889,0.1876,0.1882,7442285.0
2026-08-06 07:00:00+00:00,0.1882,0.1891,0.1879,0.1887,9297819.0
2026-08-06 08:00:00+00:00,0.1887,0.1895,0.1886,0.1893,6915461.0
2026-08-06 09:00:00+00:00,0.1893,0.1894,0.1882,0.1891,10587956.0
2026-08-06 10:00:00+00:00,0.1891,0.1908,0.1879,0.189,17547778.0
2026-08-06 11:00:00+00:00,0.189,0.1926,0.1885,0.1923,19545141.0
2026-08-06 12:00:00+00:00,0.1923,0.1925,0.1904,0.1904,11586102.0
2026-08-06 13:00:00+00:00,0.1904,0.1945,0.1901,0.1939,25840075.0
2026-08-06 14:00:00+00:00,0.1939,0.2034,0.1936,0.2,135472791.0
2026-08-06 15:00:00+00:00,0.2,0.2111,0.2,0.2087,134827608.0
2026-08-06 16:00:00+00:00,0.2087,0.2115,0.2037,0.2067,99965884.0
2026-08-06 17:00:00+00:00,0.2067,0.2074,0.2031,0.2045,42304143.0
2026-08-06 18:00:00+00:00,0.2045,0.2075,0.2037,0.2051,40181197.0
2026-08-06 19:00:00+00:00,0.2051,0.2051,0.2005,0.202,47604608.0
2026-08-06 20:00:00+00:00,0.202,0.2028,0.2012,0.2021,25323154.0
2026-08-06 21:00:00+00:00,0.2021,0.2047,0.2019,0.2045,15402045.0
2026-08-06 22:00:00+00:00,0.2045,0.2054,0.2009,0.2011,16106919.0
2026-08-06 23:00:00+00:00,0.2011,0.2013,0.1994,0.201,21206158.0
2026-08-07 00:00:00+00:00,0.201,0.2027,0.2003,0.2021,17594407.0
2026-08-07 01:00:00+00:00,0.2021,0.2028,0.1995,0.2002,12155285.0
2026-08-07 02:00:00+00:00,0.2002,0.201,0.1987,0.2002,14290910.0
2026-08-07 03:00:00+00:00,0.2002,0.2009,0.199,0.1992,16626918.0
2026-08-07 04:00:00+00:00,0.1992,0.2002,0.1985,0.1996,12614119.0
2026-08-07 05:00:00+00:00,0.1996,0.2018,0.1993,0.2017,13743859.0
2026-08-07 06:00:00+00:00,0.2017,0.2038,0.2003,0.2015,37138733.0
2026-08-07 07:00:00+00:00,0.2015,0.2024,0.2009,0.2015,12056302.0
2026-08-07 08:00:00+00:00,0.2015,0.2026,0.2004,0.2008,14772546.0
2026-08-07 09:00:00+00:00,0.2008,0.2016,0.1997,0.2016,14292836.0
2026-08-07 10:00:00+00:00,0.2016,0.2026,0.2009,0.2023,14618799.0
2026-08-07 11:00:00+00:00,0.2023,0.2031,0.201,0.2014,13397429.0
2026-08-07 12:00:00+00:00,0.2014,0.2028,0.1994,0.2012,33548423.0
2026-08-07 13:00:00+00:00,0.2012,0.2013,0.1987,0.1992,24438950.0
2026-08-07 14:00:00+00:00,0.1992,0.2,0.1964,0.1968,38434502.0
2026-08-07 15:00:00+00:00,0.1968,0.2009,0.1968,0.2009,20773750.0
2026-08-07 16:00:00+00:00,0.2009,0.2017,0.1989,0.199,21033089.0
2026-08-07 17:00:00+00:00,0.199,0.1998,0.1973,0.198,17170674.0
2026-08-07 18:00:00+00:00,0.198,0.2006,0.1977,0.2004,18253859.0
2026-08-07 19:00:00+00:00,0.2004,0.2023,0.2001,0.2008,26879740.0
2026-08-07 20:00:00+00:00,0.2008,0.2032,0.2007,0.2022,13522713.0
2026-08-07 21:00:00+00:00,0.2022,0.2028,0.2005,0.2008,16417877.0
2026-08-07 22:00:00+00:00,0.2008,0.2021,0.2001,0.2005,9562118.0
2026-08-07 23:00:00+00:00,0.2005,0.2017,0.2001,0.2006,5857470.0
2026-08-08 00:00:00+00:00,0.2006,0.2008,0.1994,0.2002,6062192.0
2026-08-08 01:00:00+00:00,0.2002,0.201,0.1992,0.2005,6433638.0
2026-08-08 02:00:00+00:00,0.2005,0.2014,0.1996,0.2003,13623628.0
2026-08-08 03:00:00+00:00,0.2003,0.2024,0.2003,0.201,16057274.0
2026-08-08 04:00:00+00:00,0.201,0.2014,0.2002,0.2005,7948947.0
2026-08-08 05:00:00+00:00,0.2005,0.2013,0.2002,0.2005,5184781.0
2026-08-08 06:00:00+00:00,0.2005,0.2007,0.1995,0.1997,6354577.0
2026-08-08 07:00:00+00:00,0.1997,0.2001,0.1988,0.2001,7026667.0
2026-08-08 08:00:00+00:00,0.2001,0.2003,0.1991,0.1999,5621545.0
2026-08-08 09:00:00+00:00,0.1999,0.1999,0.1983,0.199,9815127.0
2026-08-08 10:00:00+00:00,0.199,0.2,0.1987,0.1998,6341390.0
2026-08-08 11:00:00+00:00,0.1998,0.2004,0.1992,0.1993,7442071.0
2026-08-08 12:00:00+00:00,0.1993,0.2003,0.1986,0.1989,12184161.0
2026-08-08 13:00:00+00:00,0.1989,0.2,0.1988,0.2,5071639.0
2026-08-08 14:00:00+00:00,0.2,0.2007,0.1992,0.2002,12002503.0
2026-08-08 15:00:00+00:00,0.2002,0.2005,0.1994,0.1994,5158324.0
2026-08-08 16:00:00+00:00,0.1994,0.2009,0.1994,0.2002,7894799.0
2026-08-08 17:00:00+00:00,0.2002,0.2005,0.1995,0.1996,6049308.0
2026-08-08 18:00:00+00:00,0.1996,0.2007,0.1994,0.2005,6920643.0
2026-08-08 19:00:00+00:00,0.2005,0.2007,0.1998,0.2004,4439345.0
2026-08-08 20:00:00+00:00,0.2004,0.2008,0.1999,0.2004,6031304.0
2026-08-08 21:00:00+00:00,0.2004,0.2006,0.199,0.1993,5518463.0
2026-08-08 22:00:00+00:00,0.1993,0.2001,0.1976,0.1987,13569100.0
2026-08-08 23:00:00+00:00,0.1987,0.1996,0.1985,0.1994,4865342.0
2026-08-09 00:00:00+00:00,0.1994,0.1995,0.1978,0.1986,7165014.0
2026-08-09 01:00:00+00:00,0.1986,0.1997,0.1984,0.1989,4803898.0
2026-08-09 02:00:00+00:00,0.1989,0.1995,0.1983,0.1985,4100050.0
2026-08-09 03:00:00+00:00,0.1985,0.1989,0.1979,0.1981,4189802.0
2026-08-09 04:00:00+00:00,0.1981,0.1989,0.1975,0.1977,5198420.0
2026-08-09 05:00:00+00:00,0.1977,0.1983,0.1966,0.1981,9504841.0
2026-08-09 06:00:00+00:00,0.1981,0.1993,0.1981,0.1985,4854875.0
2026-08-09 07:00:00+00:00,0.1985,0.1997,0.1982,0.1985,6380322.0
2026-08-09 08:00:00+00:00,0.1985,0.199,0.1971,0.1977,7948809.0
2026-08-09 09:00:00+00:00,0.1977,0.1979,0.1959,0.1961,13585245.0
2026-08-09 10:00:00+00:00,0.1961,0.1969,0.1956,0.1961,10460835.0
2026-08-09 11:00:00+00:00,0.1961,0.1971,0.196,0.1964,8042735.0
2026-08-09 12:00:00+00:00,0.1964,0.1965,0.1957,0.1961,4851066.0
2026-08-09 13:00:00+00:00,0.1961,0.1978,0.1961,0.1974,10448820.0
2026-08-09 14:00:00+00:00,0.1974,0.1981,0.1972,0.1979,9418713.0
2026-08-09 15:00:00+00:00,0.1979,0.198,0.1971,0.1975,3706475.0
2026-08-09 16:00:00+00:00,0.1975,0.1981,0.1972,0.1978,3493662.0
2026-08-09 17:00:00+00:00,0.1978,0.1988,0.1977,0.1981,4796639.0
2026-08-09 18:00:00+00:00,0.1981,0.1985,0.1975,0.198,2273340.0
2026-08-09 19:00:00+00:00,0.198,0.1983,0.1974,0.1976,2175439.0
2026-08-09 20:00:00+00:00,0.1976,0.1982,0.1973,0.1982,1870485.0
2026-08-09 21:00:00+00:00,0.1982,0.1993,0.1976,0.1982,7250607.0
2026-08-09 22:00:00+00:00,0.1982,0.1993,0.1967,0.1972,18673527.0
2026-08-09 23:00:00+00:00,0.1972,0.1973,0.1932,0.1943,36395784.0
2026-08-10 00:00:00+00:00,0.1943,0.196,0.1935,0.1952,13866344.0
2026-08-10 01:00:00+00:00,0.1952,0.1979,0.195,0.1979,7896864.0
2026-08-10 02:00:00+00:00,0.1979,0.198,0.1961,0.1978,6208017.0
2026-08-10 03:00:00+00:00,0.1978,0.1978,0.1956,0.1959,4251663.0
2026-08-10 04:00:00+00:00,0.1959,0.197,0.1955,0.1965,3567988.0
2026-08-10 05:00:00+00:00,0.1965,0.1982,0.1964,0.1976,10774258.0
2026-08-10 06:00:00+00:00,0.1976,0.199,0.1973,0.1982,10826721.0
2026-08-10 07:00:00+00:00,0.1982,0.1993,0.1976,0.1981,15374450.0
2026-08-10 08:00:00+00:00,0.1981,0.1985,0.1961,0.1963,14697920.0
2026-08-10 09:00:00+00:00,0.1963,0.1964,0.1946,0.1948,13777605.0
2026-08-10 10:00:00+00:00,0.1948,0.1954,0.1944,0.195,7541137.0
2026-08-10 11:00:00+00:00,0.195,0.1964,0.1946,0.1964,7673094.0
2026-08-10 12:00:00+00:00,0.1964,0.197,0.1957,0.1958,9145057.0
2026-08-10 13:00:00+00:00,0.1958,0.1967,0.1952,0.1965,15570841.0
2026-08-10 14:00:00+00:00,0.1965,0.1971,0.1956,0.1958,6949867.0
2026-08-10 15:00:00+00:00,0.1958,0.1967,0.1937,0.195,26013495.0
2026-08-10 16:00:00+00:00,0.195,0.1962,0.1944,0.1959,15548142.0
2026-08-10 17:00:00+00:00,0.1959,0.1965,0.1945,0.1953,14715851.0
2026-08-10 18:00:00+00:00,0.1953,0.1955,0.1923,0.1935,17484446.0
2026-08-10 19:00:00+00:00,0.1935,0.1951,0.193,0.1937,12057593.0
2026-08-10 20:00:00+00:00,0.1937,0.1945,0.1928,0.1933,5378808.0
2026-08-10 21:00:00+00:00,0.1933,0.1937,0.1912,0.192,12959527.0
2026-08-10 22:00:00+00:00,0.192,0.1926,0.1914,0.1921,7989668.0
2026-08-10 23:00:00+00:00,0.1921,0.1922,0.1905,0.1908,11945584.0
2026-08-11 00:00:00+00:00,0.1908,0.1908,0.1888,0.1902,18608529.0
2026-08-11 01:00:00+00:00,0.1902,0.1913,0.19,0.1911,8692971.0
2026-08-11 02:00:00+00:00,0.1911,0.1915,0.1898,0.1904,5834882.0
2026-08-11 03:00:00+00:00,0.1904,0.1906,0.1898,0.1905,8282289.0
2026-08-11 04:00:00+00:00,0.1905,0.1907,0.1893,0.1897,7059677.0
2026-08-11 05:00:00+00:00,0.1897,0.1897,0.187,0.1875,31735306.0
2026-08-11 06:00:00+00:00,0.1875,0.1887,0.1872,0.1887,11829274.0
2026-08-11 07:00:00+00:00,0.1887,0.1893,0.1882,0.1885,11098129.0
2026-08-11 08:00:00+00:00,0.1885,0.1889,0.1884,0.1887,9668518.0
2026-08-11 09:00:00+00:00,0.1887,0.1891,0.1884,0.1888,8666561.0
2026-08-11 10:00:00+00:00,0.1888,0.1891,0.1876,0.1881,12197405.0
2026-08-11 11:00:00+00:00,0.1881,0.1892,0.188,0.1886,8872798.0
2026-08-11 12:00:00+00:00,0.1886,0.1886,0.1864,0.1868,24114929.0
2026-08-11 13:00:00+00:00,0.1868,0.1876,0.1862,0.1867,19353589.0
2026-08-11 14:00:00+00:00,0.1867,0.1873,0.1842,0.1849,37386420.0
2026-08-11 15:00:00+00:00,0.1849,0.1851,0.1835,0.1849,22094857.0
2026-08-11 16:00:00+00:00,0.1849,0.1866,0.1847,0.1854,12603815.0
2026-08-11 17:00:00+00:00,0.1854,0.1858,0.185,0.1851,7960552.0
2026-08-11 18:00:00+00:00,0.1851,0.1859,0.1851,0.1855,4397752.0
2026-08-11 19:00:00+00:00,0.1855,0.186,0.1842,0.1858,23406514.0
2026-08-11 20:00:00+00:00,0.1858,0.1864,0.185,0.185,14135575.0
2026-08-11 21:00:00+00:00,0.185,0.1874,0.1844,0.1866,17693174.0
2026-08-11 22:00:00+00:00,0.1866,0.1873,0.1863,0.1866,5346518.0
2026-08-11 23:00:00+00:00,0.1866,0.1873,0.1857,0.187,6476098.0
2026-08-12 00:00:00+00:00,0.187,0.1871,0.1857,0.186,7925805.0
2026-08-12 01:00:00+00:00,0.186,0.1871,0.1858,0.1868,7132552.0
2026-08-12 02:00:00+00:00,0.1868,0.1883,0.1868,0.1878,8228419.0
2026-08-12 03:00:00+00:00,0.1878,0.1882,0.1872,0.1875,3087951.0
2026-08-12 04:00:00+00:00,0.1875,0.1879,0.1868,0.187,2711707.0
2026-08-12 05:00:00+00:00,0.187,0.1875,0.1864,0.1865,4009538.0
2026-08-12 06:00:00+00:00,0.1865,0.1867,0.185,0.1853,11411849.0
2026-08-12 07:00:00+00:00,0.1853,0.1858,0.1848,0.1852,4964013.0
2026-08-12 08:00:00+00:00,0.1852,0.1857,0.1849,0.1855,10689562.0
2026-08-12 09:00:00+00:00,0.1855,0.1874,0.1852,0.1871,16833647.0
2026-08-12 10:00:00+00:00,0.1871,0.1876,0.1866,0.1868,7351418.0
2026-08-12 11:00:00+00:00,0.1868,0.187,0.1856,0.1857,13181600.0
2026-08-12 12:00:00+00:00,0.1857,0.1862,0.183,0.1844,48707953.0
2026-08-12 13:00:00+00:00,0.1844,0.1845,0.1825,0.1832,23854662.0
2026-08-12 14:00:00+00:00,0.1832,0.1836,0.1819,0.182,20179283.0
2026-08-12 15:00:00+00:00,0.182,0.1835,0.1817,0.1817,9167291.0
2026-08-12 16:00:00+00:00,0.1817,0.1823,0.1814,0.1821,7933847.0
2026-08-12 17:00:00+00:00,0.1821,0.1834,0.182,0.1832,9432868.0
2026-08-12 18:00:00+00:00,0.1832,0.1836,0.1828,0.1833,6755907.0
2026-08-12 19:00:00+00:00,0.1833,0.1836,0.1829,0.183,4164405.0
2026-08-12 20:00:00+00:00,0.183,0.1835,0.1825,0.1827,4038099.0
2026-08-12 21:00:00+00:00,0.1827,0.1829,0.1803,0.1809,22916315.0
2026-08-12 22:00:00+00:00,0.1809,0.1821,0.1807,0.182,5946209.0
2026-08-12 23:00:00+00:00,0.182,0.1827,0.1815,0.1825,4865075.0
2026-08-13 00:00:00+00:00,0.1825,0.1833,0.1816,0.1817,6661500.0
2026-08-13 01:00:00+00:00,0.1817,0.1822,0.1811,0.1814,3657918.0
2026-08-13 02:00:00+00:00,0.1814,0.183,0.1811,0.183,2553054.0
2026-08-13 03:00:00+00:00,0.183,0.1841,0.1827,0.1838,13887512.0
2026-08-13 04:00:00+00:00,0.1838,0.1843,0.1831,0.1832,4222033.0
2026-08-13 05:00:00+00:00,0.1832,0.1851,0.1829,0.1843,6836158.0
2026-08-13 06:00:00+00:00,0.1843,0.185,0.1839,0.1842,5213563.0
2026-08-13 07:00:00+00:00,0.1842,0.1857,0.1838,0.1856,6552288.0
2026-08-13 08:00:00+00:00,0.1856,0.1865,0.1849,0.1863,10689276.0
2026-08-13 09:00:00+00:00,0.1863,0.1865,0.185,0.1854,7599020.0
2026-08-13 10:00:00+00:00,0.1854,0.1854,0.1844,0.1847,5466207.0
2026-08-13 11:00:00+00:00,0.1847,0.1848,0.1829,0.1832,13961020.0
2026-08-13 12:00:00+00:00,0.1832,0.1837,0.1828,0.1833,7189299.0
2026-08-13 13:00:00+00:00,0.1833,0.1846,0.1827,0.1843,10028613.0
2026-08-13 14:00:00+00:00,0.1843,0.1853,0.1839,0.1848,8830592.0
2026-08-13 15:00:00+00:00,0.1848,0.185,0.1824,0.1825,11577211.0
2026-08-13 16:00:00+00:00,0.1825,0.1828,0.1802,0.1815,24308580.0
2026-08-13 17:00:00+00:00,0.1815,0.1819,0.1811,0.1817,5888503.0
2026-08-13 18:00:00+00:00,0.1817,0.1821,0.1808,0.1815,6359230.0
2026-08-13 19:00:00+00:00,0.1815,0.1821,0.1812,0.1814,4040414.0
2026-08-13 20:00:00+00:00,0.1814,0.1822,0.1811,0.182,6895931.0
2026-08-13 21:00:00+00:00,0.182,0.1823,0.1815,0.1817,2554593.0
2026-08-13 22:00:00+00:00,0.1817,0.1826,0.1816,0.1821,4347423.0
2026-08-13 23:00:00+00:00,0.1821,0.1825,0.1819,0.1823,1261131.0
2026-08-14 00:00:00+00:00,0.1823,0.1832,0.1821,0.1832,13870015.0
2026-08-14 01:00:00+00:00,0.1832,0.1833,0.1825,0.1827,5065817.0
2026-08-14 02:00:00+00:00,0.1827,0.1831,0.1818,0.182,3425824.0
2026-08-14 03:00:00+00:00,0.182,0.1829,0.1816,0.1822,5982752.0
2026-08-14 04:00:00+00:00,0.1822,0.1831,0.1821,0.1822,4289457.0
2026-08-14 05:00:00+00:00,0.1822,0.1828,0.1812,0.1828,7609811.0
2026-08-14 06:00:00+00:00,0.1828,0.1828,0.1814,0.1815,13598445.0
2026-08-14 07:00:00+00:00,0.1815,0.1822,0.1812,0.1816,5303785.0
2026-08-14 08:00:00+00:00,0.1816,0.1825,0.1814,0.1824,4568090.0
2026-08-14 09:00:00+00:00,0.1824,0.1835,0.1816,0.1818,7789768.0
2026-08-14 10:00:00+00:00,0.1818,0.183,0.1789,0.1793,38379076.0
2026-08-14 11:00:00+00:00,0.1793,0.1802,0.179,0.1799,10674280.0
2026-08-14 12:00:00+00:00,0.1799,0.1804,0.1791,0.1793,12395937.0
2026-08-14 13:00:00+00:00,0.1793,0.1798,0.1785,0.1796,14532810.0
2026-08-14 14:00:00+00:00,0.1796,0.1797,0.1778,0.1783,18916152.0
2026-08-14 15:00:00+00:00,0.1783,0.1802,0.178,0.1798,14479723.0
2026-08-14 16:00:00+00:00,0.1798,0.1807,0.1796,0.1799,9902140.0
2026-08-14 17:00:00+00:00,0.1799,0.181,0.1795,0.1798,4308511.0
2026-08-14 18:00:00+00:00,0.1798,0.18,0.1783,0.1791,15263167.0
2026-08-14 19:00:00+00:00,0.1791,0.1799,0.1785,0.1797,6696255.0
2026-08-14 20:00:00+00:00,0.1797,0.1803,0.1792,0.1794,3198997.0
2026-08-14 21:00:00+00:00,0.1794,0.1795,0.1781,0.1788,4766165.0
2026-08-14 22:00:00+00:00,0.1788,0.1792,0.1783,0.1789,4133287.0
2026-08-14 23:00:00+00:00,0.1789,0.1801,0.1789,0.1801,2351364.0
2026-08-15 00:00:00+00:00,0.1801,0.1804,0.1796,0.1799,4988131.0
2026-08-15 01:00:00+00:00,0.1799,0.1802,0.1795,0.1797,2453882.0
2026-08-15 02:00:00+00:00,0.1797,0.1814,0.1797,0.1813,8207847.0
2026-08-15 03:00:00+00:00,0.1813,0.1816,0.18,0.1804,9479009.0
2026-08-15 04:00:00+00:00,0.1804,0.1815,0.1803,0.1804,7395698.0
2026-08-15 05:00:00+00:00,0.1804,0.1806,0.1794,0.1796,5129308.0
2026-08-15 06:00:00+00:00,0.1796,0.1801,0.1792,0.1797,6737530.0
2026-08-15 07:00:00+00:00,0.1797,0.1797,0.1788,0.179,5858630.0
2026-08-15 08:00:00+00:00,0.179,0.1791,0.1784,0.1785,5870464.0
2026-08-15 09:00:00+00:00,0.1785,0.1794,0.1784,0.1793,3962517.0
2026-08-15 10:00:00+00:00,0.1793,0.1795,0.1784,0.1789,4460016.0
2026-08-15 11:00:00+00:00,0.1789,0.1789,0.1782,0.1785,3222512.0
2026-08-15 12:00:00+00:00,0.1785,0.1791,0.1781,0.179,5250425.0
2026-08-15 13:00:00+00:00,0.179,0.1791,0.1784,0.179,3184696.0
2026-08-15 14:00:00+00:00,0.179,0.179,0.178,0.1786,4497140.0
2026-08-15 15:00:00+00:00,0.1786,0.1791,0.1781,0.1788,3270534.0
2026-08-15 16:00:00+00:00,0.1788,0.1789,0.1781,0.1783,3669124.0
2026-08-15 17:00:00+00:00,0.1783,0.1783,0.1765,0.1773,21317455.0
2026-08-15 18:00:00+00:00,0.1773,0.1776,0.177,0.1773,7613905.0
2026-08-15 19:00:00+00:00,0.1773,0.178,0.1771,0.1779,2941165.0
2026-08-15 20:00:00+00:00,0.1779,0.178,0.1775,0.1778,2751630.0
2026-08-15 21:00:00+00:00,0.1778,0.178,0.1775,0.1776,3751703.0
2026-08-15 22:00:00+00:00,0.1776,0.1778,0.177,0.1773,3197169.0
2026-08-15 23:00:00+00:00,0.1773,0.1773,0.1756,0.1762,12764072.0
2026-08-16 00:00:00+00:00,0.1762,0.177,0.176,0.1767,5401179.0
2026-08-16 01:00:00+00:00,0.1767,0.1771,0.1762,0.1763,2848918.0
2026-08-16 02:00:00+00:00,0.1763,0.177,0.1759,0.1765,6640976.0
2026-08-16 03:00:00+00:00,0.1765,0.1773,0.1764,0.1769,3299198.0
2026-08-16 04:00:00+00:00,0.1769,0.1771,0.1766,0.1768,2262699.0
2026-08-16 05:00:00+00:00,0.1768,0.1771,0.1764,0.1768,4801306.0
2026-08-16 06:00:00+00:00,0.1768,0.1771,0.1764,0.1768,2256971.0
2026-08-16 07:00:00+00:00,0.1768,0.1776,0.1764,0.1776,4271545.0
2026-08-16 08:00:00+00:00,0.1776,0.1782,0.1774,0.1778,8932124.0
2026-08-16 09:00:00+00:00,0.1778,0.1778,0.1768,0.1769,3882184.0
2026-08-16 10:00:00+00:00,0.1769,0.177,0.1752,0.1766,15205285.0
2026-08-16 11:00:00+00:00,0.1766,0.1771,0.1765,0.1769,3740344.0
2026-08-16 12:00:00+00:00,0.1769,0.1772,0.176,0.1761,5576018.0
2026-08-16 13:00:00+00:00,0.1761,0.1763,0.1757,0.1759,5515280.0
2026-08-16 14:00:00+00:00,0.1759,0.1766,0.1758,0.1761,3151944.0
2026-08-16 15:00:00+00:00,0.1761,0.1769,0.1758,0.1767,4268486.0
2026-08-16 16:00:00+00:00,0.1767,0.1772,0.176,0.1761,4975669.0
2026-08-16 17:00:00+00:00,0.1761,0.1765,0.176,0.1761,1881831.0
2026-08-16 18:00:00+00:00,0.1761,0.1762,0.1745,0.1756,16273228.0
2026-08-16 19:00:00+00:00,0.1756,0.1792,0.1755,0.1781,28651399.0
2026-08-16 20:00:00+00:00,0.1781,0.1791,0.1769,0.1769,10570590.0
2026-08-16 21:00:00+00:00,0.1769,0.1771,0.1745,0.1757,16711776.0
2026-08-16 22:00:00+00:00,0.1757,0.1765,0.1744,0.1753,10992781.0
2026-08-16 23:00:00+00:00,0.1753,0.1756,0.1747,0.1748,7711152.0
2026-08-17 00:00:00+00:00,0.1748,0.1759,0.1736,0.1758,17063126.0
2026-08-17 01:00:00+00:00,0.1758,0.1767,0.1756,0.1757,10030156.0
2026-08-17 02:00:00+00:00,0.1757,0.177,0.175,0.1769,12675509.0
2026-08-17 03:00:00+00:00,0.1769,0.1772,0.1766,0.177,5354932.0
2026-08-17 04:00:00+00:00,0.177,0.1774,0.1768,0.1769,3940813.0
2026-08-17 05:00:00+00:00,0.1769,0.1778,0.1763,0.1763,7090360.0
2026-08-17 06:00:00+00:00,0.1763,0.1777,0.1763,0.1773,8926904.0
2026-08-17 07:00:00+00:00,0.1773,0.1774,0.1756,0.1761,9149358.0
2026-08-17 08:00:00+00:00,0.1761,0.1761,0.1748,0.175,10269078.0
2026-08-17 09:00:00+00:00,0.175,0.1752,0.1741,0.1743,10480434.0
2026-08-17 10:00:00+00:00,0.1743,0.1748,0.1723,0.1747,27913940.0
2026-08-17 11:00:00+00:00,0.1747,0.1756,0.1744,0.1747,11192146.0
2026-08-17 12:00:00+00:00,0.1747,0.1748,0.1732,0.1734,9241540.0
2026-08-17 13:00:00+00:00,0.1734,0.175,0.1729,0.1741,14906996.0
2026-08-17 14:00:00+00:00,0.1741,0.1747,0.1731,0.1746,9818882.0
2026-08-17 15:00:00+00:00,0.1746,0.1755,0.1736,0.1751,13064181.0
2026-08-17 16:00:00+00:00,0.1751,0.1756,0.174,0.1741,8834885.0
2026-08-17 17:00:00+00:00,0.1741,0.1752,0.1735,0.1742,9947531.0
2026-08-17 18:00:00+00:00,0.1742,0.1751,0.1738,0.1741,6480685.0
2026-08-17 19:00:00+00:00,0.1741,0.1744,0.1734,0.1737,3741294.0
2026-08-17 20:00:00+00:00,0.1737,0.1748,0.1731,0.1741,7820678.0
2026-08-17 21:00:00+00:00,0.1741,0.1745,0.1736,0.1737,3130141.0
2026-08-17 22:00:00+00:00,0.1737,0.1741,0.173,0.1733,5497996.0
2026-08-17 23:00:00+00:00,0.1733,0.1745,0.1732,0.174,6088426.0
2026-08-18 00:00:00+00:00,0.174,0.1747,0.1737,0.1744,4798213.0
2026-08-18 01:00:00+00:00,0.1744,0.1746,0.1728,0.1731,8466181.0
2026-08-18 02:00:00+00:00,0.1731,0.1733,0.1709,0.1718,21827653.0
2026-08-18 03:00:00+00:00,0.1718,0.1725,0.1715,0.1723,6325176.0
2026-08-18 04:00:00+00:00,0.1723,0.1745,0.1721,0.1738,17743500.0
2026-08-18 05:00:00+00:00,0.1738,0.1742,0.1725,0.1728,8513807.0
2026-08-18 06:00:00+00:00,0.1728,0.174,0.1726,0.1734,4432518.0
2026-08-18 07:00:00+00:00,0.1734,0.1737,0.1729,0.1734,3941671.0
2026-08-18 08:00:00+00:00,0.1734,0.1734,0.1723,0.1728,8453953.0
2026-08-18 09:00:00+00:00,0.1728,0.1733,0.1725,0.1731,3588705.0
2026-08-18 10:00:00+00:00,0.1731,0.1737,0.1729,0.1733,4642399.0
2026-08-18 11:00:00+00:00,0.1733,0.174,0.1729,0.1735,6798413.0
2026-08-18 12:00:00+00:00,0.1735,0.1744,0.1731,0.1739,13329106.0
2026-08-18 13:00:00+00:00,0.1739,0.175,0.1736,0.1744,11465507.0
2026-08-18 14:00:00+00:00,0.1744,0.177,0.1735,0.1755,37503408.0
2026-08-18 15:00:00+00:00,0.1755,0.1758,0.1749,0.1755,13106527.0
2026-08-18 16:00:00+00:00,0.1755,0.1758,0.1744,0.1745,13405826.0
2026-08-18 17:00:00+00:00,0.1745,0.1746,0.174,0.1742,6688098.0
2026-08-18 18:00:00+00:00,0.1742,0.1745,0.174,0.1743,4129364.0
2026-08-18 19:00:00+00:00,0.1743,0.1745,0.1731,0.1733,7998756.0
2026-08-18 20:00:00+00:00,0.1733,0.1737,0.1726,0.1727,6325018.0
2026-08-18 21:00:00+00:00,0.1727,0.1735,0.1726,0.1728,2982589.0
2026-08-18 22:00:00+00:00,0.1728,0.1732,0.1726,0.1727,3560194.0
2026-08-18 23:00:00+00:00,0.1727,0.1746,0.1727,0.1745,10865121.0
2026-08-19 00:00:00+00:00,0.1745,0.1746,0.1731,0.1737,8906657.0
2026-08-19 01:00:00+00:00,0.1737,0.1743,0.1735,0.1737,3256754.0
2026-08-19 02:00:00+00:00,0.1737,0.1742,0.1733,0.1739,3856960.0
2026-08-19 03:00:00+00:00,0.1739,0.1753,0.1735,0.1751,6002567.0
2026-08-19 04:00:00+00:00,0.1751,0.1753,0.1739,0.174,4283303.0
2026-08-19 05:00:00+00:00,0.174,0.1756,0.174,0.1753,7975170.0
2026-08-19 06:00:00+00:00,0.1753,0.176,0.1747,0.1759,11084811.0
2026-08-19 07:00:00+00:00,0.1759,0.1763,0.1749,0.1753,9781690.0
2026-08-19 08:00:00+00:00,0.1753,0.1757,0.1746,0.1748,6849022.0
2026-08-19 09:00:00+00:00,0.1748,0.175,0.1735,0.1741,8363999.0
2026-08-19 10:00:00+00:00,0.1741,0.1742,0.1734,0.1742,6016131.0
2026-08-19 11:00:00+00:00,0.1742,0.175,0.174,0.1748,8496790.0
2026-08-19 12:00:00+00:00,0.1748,0.1758,0.1743,0.1754,10875684.0
2026-08-19 13:00:00+00:00,0.1754,0.1755,0.1735,0.174,15576713.0
2026-08-19 14:00:00+00:00,0.174,0.1767,0.1737,0.1764,17253723.0
2026-08-19 15:00:00+00:00,0.1764,0.1833,0.1758,0.1794,116494660.0
2026-08-19 16:00:00+00:00,0.1794,0.1811,0.1784,0.1792,24907748.0
2026-08-19 17:00:00+00:00,0.1792,0.1801,0.1777,0.1797,23716761.0
2026-08-19 18:00:00+00:00,0.1797,0.1805,0.1784,0.18,15344123.0
2026-08-19 19:00:00+00:00,0.18,0.1812,0.1792,0.1812,11335916.0
2026-08-19 20:00:00+00:00,0.1812,0.1857,0.1809,0.185,35318512.0
2026-08-19 21:00:00+00:00,0.185,0.1922,0.1849,0.19,71207551.0
2026-08-19 22:00:00+00:00,0.19,0.1909,0.1878,0.1884,31383566.0
2026-08-19 23:00:00+00:00,0.1884,0.1886,0.1857,0.187,18002954.0
2026-08-20 00:00:00+00:00,0.187,0.1887,0.1854,0.1858,26492339.0
2026-08-20 01:00:00+00:00,0.1858,0.1878,0.1851,0.1872,10710942.0
2026-08-20 02:00:00+00:00,0.1872,0.1874,0.1852,0.1853,6955451.0
2026-08-20 03:00:00+00:00,0.1853,0.1855,0.1819,0.1823,31682454.0
2026-08-20 04:00:00+00:00,0.1823,0.1837,0.1817,0.1835,12649585.0
2026-08-20 05:00:00+00:00,0.1835,0.1843,0.1831,0.1834,6665361.0
2026-08-20 06:00:00+00:00,0.1834,0.1847,0.1827,0.1846,7964649.0
2026-08-20 07:00:00+00:00,0.1846,0.1846,0.1831,0.1841,8147602.0
2026-08-20 08:00:00+00:00,0.1841,0.19,0.1837,0.1897,28543117.0
2026-08-20 09:00:00+00:00,0.1897,0.191,0.1881,0.1892,28962445.0
2026-08-20 10:00:00+00:00,0.1892,0.192,0.189,0.19,32444354.0
2026-08-20 11:00:00+00:00,0.19,0.1954,0.1896,0.1931,25082607.0
2026-08-20 12:00:00+00:00,0.1931,0.1936,0.1898,0.1914,33119562.0
2026-08-20 13:00:00+00:00,0.1914,0.1952,0.1907,0.1952,43007024.0
2026-08-20 14:00:00+00:00,0.1952,0.1972,0.1926,0.1941,41833255.0
2026-08-20 15:00:00+00:00,0.1941,0.198,0.1938,0.1969,31559606.0
2026-08-20 16:00:00+00:00,0.1969,0.1997,0.1959,0.1994,35032579.0
2026-08-20 17:00:00+00:00,0.1994,0.2035,0.1991,0.2007,45844256.0
2026-08-20 18:00:00+00:00,0.2007,0.2025,0.1951,0.1953,57440651.0
2026-08-20 19:00:00+00:00,0.1953,0.1962,0.1931,0.1948,20009477.0
2026-08-20 20:00:00+00:00,0.1948,0.198,0.1943,0.1979,18561437.0
2026-08-20 21:00:00+00:00,0.1979,0.1988,0.1965,0.1976,14410121.0
2026-08-20 22:00:00+00:00,0.1976,0.1982,0.1956,0.1959,15766601.0
2026-08-20 23:00:00+00:00,0.1959,0.1998,0.1958,0.1988,17416520.0
2026-08-21 00:00:00+00:00,0.1988,0.2059,0.1984,0.2043,49381332.0
2026-08-21 01:00:00+00:00,0.2043,0.2086,0.2027,0.2082,40158862.0
2026-08-21 02:00:00+00:00,0.2082,0.2096,0.2046,0.2047,37791048.0
2026-08-21 03:00:00+00:00,0.2047,0.2101,0.2043,0.208,36649780.0
2026-08-21 04:00:00+00:00,0.208,0.2101,0.2068,0.208,26984677.0
2026-08-21 05:00:00+00:00,0.208,0.2094,0.206,0.2087,15479968.0
2026-08-21 06:00:00+00:00,0.2087,0.2107,0.207,0.2073,27309269.0
2026-08-21 07:00:00+00:00,0.2073,0.2115,0.207,0.2096,37857999.0
2026-08-21 08:00:00+00:00,0.2096,0.2179,0.2092,0.2179,50035905.0
2026-08-21 09:00:00+00:00,0.2179,0.2179,0.2069,0.2156,92350608.0
2026-08-21 10:00:00+00:00,0.2156,0.2158,0.2121,0.2142,32747265.0
2026-08-21 11:00:00+00:00,0.2142,0.2168,0.2108,0.2114,54910846.0
2026-08-21 12:00:00+00:00,0.2114,0.2174,0.2107,0.2159,27520770.0
2026-08-21 13:00:00+00:00,0.2159,0.218,0.2125,0.2175,37107473.0
2026-08-21 14:00:00+00:00,0.2175,0.2181,0.2134,0.2175,21784088.0
2026-08-21 15:00:00+00:00,0.2175,0.2204,0.2158,0.2194,46551831.0
2026-08-21 16:00:00+00:00,0.2194,0.2211,0.2169,0.2188,36320392.0
2026-08-21 17:00:00+00:00,0.2188,0.2216,0.2163,0.2194,36697750.0
2026-08-21 18:00:00+00:00,0.2194,0.2219,0.214,0.2164,37020193.0
2026-08-21 19:00:00+00:00,0.2164,0.2185,0.2142,0.2167,16526621.0
2026-08-21 20:00:00+00:00,0.2167,0.2204,0.2159,0.2191,18861931.0
2026-08-21 21:00:00+00:00,0.2191,0.2267,0.2184,0.2265,35588087.0
2026-08-21 22:00:00+00:00,0.2265,0.2329,0.2256,0.2317,75418999.0
2026-08-21 23:00:00+00:00,0.2317,0.2334,0.2283,0.2291,45817564.0
2026-08-22 00:00:00+00:00,0.2291,0.2309,0.2259,0.2293,35694155.0
2026-08-22 01:00:00+00:00,0.2293,0.233,0.2289,0.2297,30892504.0
2026-08-22 02:00:00+00:00,0.2297,0.2425,0.2297,0.2423,48064717.0
2026-08-22 03:00:00+00:00,0.2423,0.2489,0.2398,0.2438,58571478.0
2026-08-22 04:00:00+00:00,0.2438,0.2587,0.243,0.2541,73855637.0
2026-08-22 05:00:00+00:00,0.2541,0.2573,0.2048,0.2325,281054780.0
2026-08-22 06:00:00+00:00,0.2325,0.2352,0.2286,0.2339,42809206.0
2026-08-22 07:00:00+00:00,0.2339,0.2366,0.2306,0.2313,25286338.0
2026-08-22 08:00:00+00:00,0.2313,0.2337,0.2243,0.227,42449843.0
2026-08-22 09:00:00+00:00,0.227,0.2277,0.2234,0.2259,22491140.0
2026-08-22 10:00:00+00:00,0.2259,0.2261,0.2173,0.2227,53192683.0
2026-08-22 11:00:00+00:00,0.2227,0.2243,0.2209,0.224,24120358.0
2026-08-22 12:00:00+00:00,0.224,0.2278,0.2232,0.2258,24344336.0
2026-08-22 13:00:00+00:00,0.2258,0.228,0.2246,0.2266,16888943.0
2026-08-22 14:00:00+00:00,0.2266,0.2268,0.2229,0.2245,20678062.0
2026-08-22 15:00:00+00:00,0.2245,0.2255,0.2213,0.2226,20820601.0
2026-08-22 16:00:00+00:00,0.2226,0.2283,0.2223,0.2264,15839744.0
2026-08-22 17:00:00+00:00,0.2264,0.2298,0.2253,0.2283,12865428.0
2026-08-22 18:00:00+00:00,0.2283,0.2301,0.2273,0.2294,11785356.0
2026-08-22 19:00:00+00:00,0.2294,0.232,0.2284,0.2312,16056202.0
2026-08-22 20:00:00+00:00,0.2312,0.2342,0.2302,0.2306,15727144.0
2026-08-22 21:00:00+00:00,0.2306,0.2308,0.2234,0.2236,26054588.0
2026-08-22 22:00:00+00:00,0.2236,0.2277,0.2226,0.2268,14844240.0
2026-08-22 23:00:00+00:00,0.2268,0.2271,0.2244,0.2261,8013881.0
2026-08-23 00:00:00+00:00,0.2261,0.2295,0.2247,0.2288,20994131.0
2026-08-23 01:00:00+00:00,0.2288,0.2288,0.2255,0.2262,11465987.0
2026-08-23 02:00:00+00:00,0.2262,0.2263,0.2215,0.2232,22133067.0
2026-08-23 03:00:00+00:00,0.2232,0.2238,0.2179,0.2196,29836341.0
2026-08-23 04:00:00+00:00,0.2196,0.221,0.2152,0.2158,23700379.0
2026-08-23 05:00:00+00:00,0.2158,0.2189,0.2134,0.2148,35633605.0
2026-08-23 06:00:00+00:00,0.2148,0.2171,0.2137,0.2155,20037272.0
2026-08-23 07:00:00+00:00,0.2155,0.2183,0.2151,0.2178,16506287.0
2026-08-23 08:00:00+00:00,0.2178,0.2208,0.2174,0.2198,20058502.0
2026-08-23 09:00:00+00:00,0.2198,0.2209,0.2189,0.2205,10697221.0
2026-08-23 10:00:00+00:00,0.2205,0.2234,0.2204,0.2215,13924260.0
2026-08-23 11:00:00+00:00,0.2215,0.2254,0.2214,0.2249,12906120.0
2026-08-23 12:00:00+00:00,0.2249,0.2255,0.2232,0.2249,13845389.0
2026-08-23 13:00:00+00:00,0.2249,0.2301,0.2248,0.2293,23356832.0
2026-08-23 14:00:00+00:00,0.2293,0.2306,0.2208,0.2254,57182917.0
2026-08-23 15:00:00+00:00,0.2254,0.2264,0.223,0.2246,18110898.0
2026-08-23 16:00:00+00:00,0.2246,0.2263,0.2239,0.2251,9242740.0
2026-08-23 17:00:00+00:00,0.2251,0.2268,0.2236,0.2247,15191209.0
2026-08-23 18:00:00+00:00,0.2247,0.226,0.2242,0.2252,6614357.0
2026-08-23 19:00:00+00:00,0.2252,0.2256,0.2228,0.2237,22365366.0
2026-08-23 20:00:00+00:00,0.2237,0.2258,0.222,0.2256,13608887.0
2026-08-23 21:00:00+00:00,0.2256,0.2296,0.2256,0.2275,14303011.0
2026-08-23 22:00:00+00:00,0.2275,0.2282,0.2252,0.2268,13774735.0
2026-08-23 23:00:00+00:00,0.2268,0.2278,0.225,0.227,9380981.0
2026-08-24 00:00:00+00:00,0.227,0.2272,0.2207,0.2245,21057225.0
2026-08-24 01:00:00+00:00,0.2245,0.2246,0.2181,0.2183,21971220.0
2026-08-24 02:00:00+00:00,0.2183,0.2218,0.2177,0.2206,16794318.0
2026-08-24 03:00:00+00:00,0.2206,0.2209,0.217,0.2181,14137522.0
2026-08-24 04:00:00+00:00,0.2181,0.2209,0.218,0.22,12851304.0
2026-08-24 05:00:00+00:00,0.22,0.222,0.2185,0.2199,13395469.0
2026-08-24 06:00:00+00:00,0.2199,0.2207,0.2177,0.2197,14035836.0
2026-08-24 07:00:00+00:00,0.2197,0.2223,0.2187,0.219,15302303.0
2026-08-24 08:00:00+00:00,0.219,0.2199,0.2166,0.2189,16982936.0
2026-08-24 09:00:00+00:00,0.2189,0.2205,0.2187,0.2201,10436669.0
2026-08-24 10:00:00+00:00,0.2201,0.2216,0.2181,0.2188,14942454.0
2026-08-24 11:00:00+00:00,0.2188,0.2244,0.2172,0.2234,19722399.0
2026-08-24 12:00:00+00:00,0.2234,0.2265,0.2203,0.2263,31409025.0
2026-08-24 13:00:00+00:00,0.2263,0.2275,0.2192,0.2216,45105147.0
2026-08-24 14:00:00+00:00,0.2216,0.2257,0.2213,0.2238,24724985.0
2026-08-24 15:00:00+00:00,0.2238,0.2268,0.22,0.2213,23182120.0
2026-08-24 16:00:00+00:00,0.2213,0.225,0.2208,0.2219,17257262.0
2026-08-24 17:00:00+00:00,0.2219,0.2225,0.2169,0.2186,27912863.0
2026-08-24 18:00:00+00:00,0.2186,0.221,0.2186,0.2196,10955258.0
2026-08-24 19:00:00+00:00,0.2196,0.2205,0.2176,0.2187,11600279.0
2026-08-24 20:00:00+00:00,0.2187,0.2202,0.2175,0.22,7328195.0
2026-08-24 21:00:00+00:00,0.22,0.2216,0.22,0.2215,5276586.0
2026-08-24 22:00:00+00:00,0.2215,0.2217,0.2198,0.22,4320201.0
2026-08-24 23:00:00+00:00,0.22,0.2218,0.2188,0.2215,6729240.0
2026-08-25 00:00:00+00:00,0.2215,0.2255,0.2207,0.2251,15537609.0
2026-08-25 01:00:00+00:00,0.2251,0.226,0.2229,0.2242,11630086.0
2026-08-25 02:00:00+00:00,0.2242,0.2289,0.2231,0.2266,24557516.0
2026-08-25 03:00:00+00:00,0.2266,0.2284,0.2246,0.2258,12713192.0
2026-08-25 04:00:00+00:00,0.2258,0.2272,0.2246,0.2254,14898267.0
2026-08-25 05:00:00+00:00,0.2254,0.2284,0.2249,0.2269,9813022.0
2026-08-25 06:00:00+00:00,0.2269,0.2274,0.2226,0.2235,14352966.0
2026-08-25 07:00:00+00:00,0.2235,0.2256,0.2186,0.2207,30981414.0
2026-08-25 08:00:00+00:00,0.2207,0.2227,0.2204,0.2211,10458764.0
2026-08-25 09:00:00+00:00,0.2211,0.2219,0.2173,0.2182,16945150.0
2026-08-25 10:00:00+00:00,0.2182,0.2199,0.2173,0.2194,12897822.0
2026-08-25 11:00:00+00:00,0.2194,0.2201,0.2178,0.2183,10854926.0
2026-08-25 12:00:00+00:00,0.2183,0.2187,0.2156,0.2179,28172667.0
2026-08-25 13:00:00+00:00,0.2179,0.2183,0.2112,0.2145,53630948.0
2026-08-25 14:00:00+00:00,0.2145,0.217,0.2139,0.2158,19062486.0
2026-08-25 15:00:00+00:00,0.2158,0.2161,0.2139,0.2156,8050072.0
2026-08-25 16:00:00+00:00,0.2156,0.2162,0.2142,0.2154,5980056.0
2026-08-25 17:00:00+00:00,0.2154,0.2155,0.2126,0.215,9271400.0
2026-08-25 18:00:00+00:00,0.215,0.2158,0.2146,0.215,4685869.0
2026-08-25 19:00:00+00:00,0.215,0.2153,0.2128,0.2141,6759003.0
2026-08-25 20:00:00+00:00,0.2141,0.2144,0.2092,0.2093,27835295.0
2026-08-25 21:00:00+00:00,0.2093,0.2104,0.2062,0.2098,30499921.0
2026-08-25 22:00:00+00:00,0.2098,0.2121,0.2097,0.2117,7815595.0
2026-08-25 23:00:00+00:00,0.2117,0.2124,0.2081,0.2089,9688006.0
2026-08-26 00:00:00+00:00,0.2089,0.2107,0.2076,0.2102,12976332.0
2026-08-26 01:00:00+00:00,0.2102,0.2113,0.2098,0.2107,6053184.0
2026-08-26 02:00:00+00:00,0.2107,0.213,0.21,0.212,7832862.0
2026-08-26 03:00:00+00:00,0.212,0.2124,0.2105,0.2112,5438434.0
2026-08-26 04:00:00+00:00,0.2112,0.2117,0.2096,0.2098,6231693.0
2026-08-26 05:00:00+00:00,0.2098,0.2111,0.2086,0.2107,6301776.0
2026-08-26 06:00:00+00:00,0.2107,0.2114,0.2096,0.2105,4567301.0
2026-08-26 07:00:00+00:00,0.2105,0.2113,0.2098,0.21,4531722.0
2026-08-26 08:00:00+00:00,0.21,0.2117,0.2095,0.2102,5766204.0
2026-08-26 09:00:00+00:00,0.2102,0.2108,0.2073,0.2088,10313811.0
2026-08-26 10:00:00+00:00,0.2088,0.212,0.2083,0.2117,10315544.0
2026-08-26 11:00:00+00:00,0.2117,0.2122,0.2093,0.2103,8500479.0
2026-08-26 12:00:00+00:00,0.2103,0.2121,0.2081,0.2097,24606136.0
2026-08-26 13:00:00+00:00,0.2097,0.2101,0.2066,0.2087,19754594.0
2026-08-26 14:00:00+00:00,0.2087,0.2096,0.2043,0.2046,21594967.0
2026-08-26 15:00:00+00:00,0.2046,0.2056,0.2024,0.2046,30408348.0
2026-08-26 16:00:00+00:00,0.2046,0.2051,0.2021,0.2036,13794641.0
2026-08-26 17:00:00+00:00,0.2036,0.2068,0.2033,0.2053,9576934.0
2026-08-26 18:00:00+00:00,0.2053,0.2064,0.2045,0.2061,4560574.0
2026-08-26 19:00:00+00:00,0.2061,0.2065,0.205,0.2058,4395917.0
2026-08-26 20:00:00+00:00,0.2058,0.2063,0.2038,0.2058,8099373.0
2026-08-26 21:00:00+00:00,0.2058,0.2089,0.2055,0.2088,10091957.0
2026-08-26 22:00:00+00:00,0.2088,0.2115,0.2082,0.2102,13808776.0
2026-08-26 23:00:00+00:00,0.2102,0.2128,0.2098,0.2123,6923287.0
2026-08-27 00:00:00+00:00,0.2123,0.2123,0.2105,0.2106,7126973.0
2026-08-27 01:00:00+00:00,0.2106,0.2119,0.2096,0.2107,5949868.0
2026-08-27 02:00:00+00:00,0.2107,0.2115,0.2085,0.2089,7370784.0
2026-08-27 03:00:00+00:00,0.2089,0.2098,0.2077,0.2091,7008282.0
2026-08-27 04:00:00+00:00,0.2091,0.2104,0.2082,0.2088,5230998.0
2026-08-27 05:00:00+00:00,0.2088,0.2099,0.2072,0.2096,8330608.0
2026-08-27 06:00:00+00:00,0.2096,0.2105,0.2083,0.2105,6066729.0
2026-08-27 07:00:00+00:00,0.2105,0.2115,0.2099,0.211,6209826.0
2026-08-27 08:00:00+00:00,0.211,0.2157,0.2108,0.2145,41250365.0
2026-08-27 09:00:00+00:00,0.2145,0.2167,0.2135,0.2147,14568589.0
2026-08-27 10:00:00+00:00,0.2147,0.2161,0.2106,0.2128,24016462.0
2026-08-27 11:00:00+00:00,0.2128,0.2137,0.2103,0.2113,11504244.0
2026-08-27 12:00:00+00:00,0.2113,0.2121,0.2103,0.2115,6818504.0
2026-08-27 13:00:00+00:00,0.2115,0.2133,0.2095,0.2132,17120733.0
2026-08-27 14:00:00+00:00,0.2132,0.2169,0.2126,0.2147,23137498.0
2026-08-27 15:00:00+00:00,0.2147,0.2164,0.213,0.2145,19628192.0
2026-08-27 16:00:00+00:00,0.2145,0.2173,0.2136,0.2153,16291473.0
2026-08-27 17:00:00+00:00,0.2153,0.2174,0.2145,0.2156,13363750.0
2026-08-27 18:00:00+00:00,0.2156,0.2159,0.2122,0.214,15364595.0
2026-08-27 19:00:00+00:00,0.214,0.2151,0.2135,0.2136,10478164.0
2026-08-27 20:00:00+00:00,0.2136,0.215,0.2128,0.2138,6844088.0
2026-08-27 21:00:00+00:00,0.2138,0.2145,0.2126,0.214,5424443.0
2026-08-27 22:00:00+00:00,0.214,0.2153,0.2139,0.2142,4774046.0
2026-08-27 23:00:00+00:00,0.2142,0.2147,0.2133,0.2136,3783051.0
2026-08-28 00:00:00+00:00,0.2136,0.2148,0.2126,0.2142,5973355.0
2026-08-28 01:00:00+00:00,0.2142,0.218,0.214,0.2143,13870615.0
2026-08-28 02:00:00+00:00,0.2143,0.2144,0.208,0.2098,30085460.0
2026-08-28 03:00:00+00:00,0.2098,0.2104,0.2083,0.2098,10168525.0
2026-08-28 04:00:00+00:00,0.2098,0.2109,0.2085,0.21,6887668.0
2026-08-28 05:00:00+00:00,0.21,0.2105,0.2089,0.2095,5320105.0
2026-08-28 06:00:00+00:00,0.2095,0.2114,0.2095,0.2109,4839406.0
2026-08-28 07:00:00+00:00,0.2109,0.211,0.2085,0.2092,6608001.0
2026-08-28 08:00:00+00:00,0.2092,0.2101,0.2085,0.2089,5307453.0
2026-08-28 09:00:00+00:00,0.2089,0.2093,0.2074,0.2076,10002824.0
2026-08-28 10:00:00+00:00,0.2076,0.2091,0.2059,0.2091,19258900.0
2026-08-28 11:00:00+00:00,0.2091,0.21,0.2088,0.2091,8158829.0
2026-08-28 12:00:00+00:00,0.2091,0.2093,0.2073,0.2082,7873614.0
2026-08-28 13:00:00+00:00,0.2082,0.2085,0.2066,0.2075,9793638.0
2026-08-28 14:00:00+00:00,0.2075,0.2112,0.2035,0.2107,53171390.0
2026-08-28 15:00:00+00:00,0.2107,0.2115,0.2036,0.2043,23708136.0
2026-08-28 16:00:00+00:00,0.2043,0.205,0.1988,0.203,47851451.0
2026-08-28 17:00:00+00:00,0.203,0.2036,0.2021,0.2029,6194142.0
2026-08-28 18:00:00+00:00,0.2029,0.203,0.1994,0.2011,12211755.0
2026-08-28 19:00:00+00:00,0.2011,0.2025,0.2011,0.2018,5071602.0
2026-08-28 20:00:00+00:00,0.2018,0.2023,0.2011,0.2015,5815841.0
2026-08-28 21:00:00+00:00,0.2015,0.2021,0.1997,0.2002,6868827.0
2026-08-28 22:00:00+00:00,0.2002,0.2024,0.2,0.2022,4478815.0
2026-08-28 23:00:00+00:00,0.2022,0.2032,0.202,0.2029,3706324.0
2026-08-29 00:00:00+00:00,0.2029,0.2034,0.2023,0.2025,4407416.0
2026-08-29 01:00:00+00:00,0.2025,0.2029,0.2019,0.2024,3360521.0
2026-08-29 02:00:00+00:00,0.2024,0.2024,0.2011,0.2016,3861501.0
2026-08-29 03:00:00+00:00,0.2016,0.2019,0.2005,0.2005,4351186.0
2026-08-29 04:00:00+00:00,0.2005,0.2012,0.2004,0.2011,3233031.0
2026-08-29 05:00:00+00:00,0.2011,0.2018,0.2009,0.2012,3231020.0
2026-08-29 06:00:00+00:00,0.2012,0.2013,0.1994,0.2002,5336170.0
2026-08-29 07:00:00+00:00,0.2002,0.2007,0.1998,0.2001,2445053.0
2026-08-29 08:00:00+00:00,0.2001,0.2001,0.1987,0.1993,7933220.0
2026-08-29 09:00:00+00:00,0.1993,0.2002,0.199,0.1999,4074132.0
2026-08-29 10:00:00+00:00,0.1999,0.2005,0.1992,0.2,4255842.0
2026-08-29 11:00:00+00:00,0.2,0.2003,0.1993,0.1997,2328722.0
2026-08-29 12:00:00+00:00,0.1997,0.2007,0.1996,0.1999,2178826.0
2026-08-29 13:00:00+00:00,0.1999,0.2004,0.1995,0.2002,1250167.0
2026-08-29 14:00:00+00:00,0.2002,0.2026,0.2,0.2024,11041267.0
2026-08-29 15:00:00+00:00,0.2024,0.2026,0.2003,0.2005,5887555.0
2026-08-29 16:00:00+00:00,0.2005,0.2016,0.1999,0.2004,8229477.0
2026-08-29 17:00:00+00:00,0.2004,0.2009,0.1996,0.2006,4790213.0
2026-08-29 18:00:00+00:00,0.2006,0.2016,0.2003,0.201,5277944.0
2026-08-29 19:00:00+00:00,0.201,0.202,0.2009,0.2015,5366571.0
2026-08-29 20:00:00+00:00,0.2015,0.2018,0.2011,0.2013,2219598.0
2026-08-29 21:00:00+00:00,0.2013,0.2018,0.201,0.2011,3606874.0
2026-08-29 22:00:00+00:00,0.2011,0.2014,0.2008,0.2011,2969145.0
2026-08-29 23:00:00+00:00,0.2011,0.2016,0.2009,0.2016,4803617.0
2026-08-30 00:00:00+00:00,0.2016,0.2022,0.2007,0.2009,11043279.0
2026-08-30 01:00:00+00:00,0.2009,0.2011,0.2,0.2004,7036539.0
2026-08-30 02:00:00+00:00,0.2004,0.2012,0.2002,0.2007,2412697.0
2026-08-30 03:00:00+00:00,0.2007,0.2011,0.2002,0.2007,4036834.0
2026-08-30 04:00:00+00:00,0.2007,0.2009,0.1995,0.2003,4777036.0
2026-08-30 05:00:00+00:00,0.2003,0.2011,0.2003,0.201,3152611.0
2026-08-30 06:00:00+00:00,0.201,0.2025,0.2003,0.2024,6589117.0
2026-08-30 07:00:00+00:00,0.2024,0.2026,0.2004,0.2004,8498004.0
2026-08-30 08:00:00+00:00,0.2004,0.201,0.2,0.2003,3667778.0
2026-08-30 09:00:00+00:00,0.2003,0.2007,0.1997,0.2006,3973124.0
2026-08-30 10:00:00+00:00,0.2006,0.2016,0.2002,0.2014,3588423.0
2026-08-30 11:00:00+00:00,0.2014,0.2017,0.2006,0.201,4758270.0
2026-08-30 12:00:00+00:00,0.201,0.2033,0.201,0.2032,15515071.0
2026-08-30 13:00:00+00:00,0.2032,0.2048,0.2023,0.2046,14393192.0
2026-08-30 14:00:00+00:00,0.2046,0.2057,0.2038,0.2046,8768170.0
2026-08-30 15:00:00+00:00,0.2046,0.2048,0.2022,0.2032,7883939.0
2026-08-30 16:00:00+00:00,0.2032,0.2061,0.2031,0.206,12021448.0
2026-08-30 17:00:00+00:00,0.206,0.206,0.2032,0.2048,8130925.0
2026-08-30 18:00:00+00:00,0.2048,0.2058,0.2035,0.205,4383610.0
2026-08-30 19:00:00+00:00,0.205,0.2051,0.2025,0.203,6228626.0
2026-08-30 20:00:00+00:00,0.203,0.2037,0.2001,0.2011,10684444.0
2026-08-30 21:00:00+00:00,0.2011,0.2011,0.1982,0.2002,23045024.0
2026-08-30 22:00:00+00:00,0.2002,0.2016,0.1969,0.1982,36215861.0
2026-08-30 23:00:00+00:00,0.1982,0.1983,0.1892,0.1925,66468595.0
2026-08-31 00:00:00+00:00,0.1925,0.1952,0.1913,0.1938,23040534.0
2026-08-31 01:00:00+00:00,0.1938,0.1945,0.1922,0.1924,13670390.0
2026-08-31 02:00:00+00:00,0.1924,0.1941,0.1915,0.1923,7073359.0
2026-08-31 03:00:00+00:00,0.1923,0.1943,0.1919,0.194,8384613.0
2026-08-31 04:00:00+00:00,0.194,0.1941,0.1925,0.1935,6579075.0
2026-08-31 05:00:00+00:00,0.1935,0.1962,0.1931,0.1954,11093596.0
2026-08-31 06:00:00+00:00,0.1954,0.1964,0.1949,0.1955,11613449.0
2026-08-31 07:00:00+00:00,0.1955,0.1964,0.1951,0.1961,6464222.0
2026-08-31 08:00:00+00:00,0.1961,0.1969,0.1951,0.1963,5908301.0
2026-08-31 09:00:00+00:00,0.1963,0.1973,0.1959,0.1963,6409294.0
2026-08-31 10:00:00+00:00,0.1963,0.1984,0.1955,0.1975,11024274.0
2026-08-31 11:00:00+00:00,0.1975,0.1979,0.1961,0.1963,5138878.0
2026-08-31 12:00:00+00:00,0.1963,0.1978,0.1944,0.1951,11938068.0
2026-08-31 13:00:00+00:00,0.1951,0.197,0.1934,0.194,15347488.0
2026-08-31 14:00:00+00:00,0.194,0.1971,0.1936,0.1969,12543545.0
2026-08-31 15:00:00+00:00,0.1969,0.1971,0.1951,0.1957,11141085.0
2026-08-31 16:00:00+00:00,0.1957,0.1974,0.1945,0.1961,10852037.0
2026-08-31 17:00:00+00:00,0.1961,0.1981,0.1954,0.1976,13468357.0
2026-08-31 18:00:00+00:00,0.1976,0.2007,0.1971,0.1997,15599338.0
2026-08-31 19:00:00+00:00,0.1997,0.2004,0.1981,0.199,11552116.0
2026-08-31 20:00:00+00:00,0.199,0.2005,0.1982,0.1985,7580360.0
2026-08-31 21:00:00+00:00,0.1985,0.199,0.1975,0.199,8681226.0
