timestamp,open,high,low,close,volume
2025-03-09 22:00:00+00:00,6.361,6.405,6.321,6.369,92473.9
2025-03-09 23:00:00+00:00,6.369,6.411,6.306,6.39,106290.2
2025-03-10 00:00:00+00:00,6.39,6.497,6.311,6.483,149670.5
2025-03-10 01:00:00+00:00,6.483,6.541,6.45,6.485,91934.5
2025-03-10 02:00:00+00:00,6.485,6.617,6.459,6.57,116467.3
2025-03-10 03:00:00+00:00,6.57,6.616,6.51,6.578,79469.1
2025-03-10 04:00:00+00:00,6.578,6.675,6.578,6.669,77770.9
2025-03-10 05:00:00+00:00,6.669,6.683,6.61,6.627,43977.5
2025-03-10 06:00:00+00:00,6.627,6.719,6.595,6.713,117251.1
2025-03-10 07:00:00+00:00,6.713,6.756,6.673,6.745,65096.0
2025-03-10 08:00:00+00:00,6.745,6.749,6.614,6.619,99561.9
2025-03-10 09:00:00+00:00,6.619,6.95,6.617,6.738,308704.2
2025-03-10 10:00:00+00:00,6.738,6.772,6.661,6.718,68336.2
2025-03-10 11:00:00+00:00,6.718,6.787,6.676,6.776,96189.4
2025-03-10 12:00:00+00:00,6.776,6.811,6.696,6.757,165354.0
2025-03-10 13:00:00+00:00,6.757,6.767,6.594,6.613,148957.6
2025-03-10 14:00:00+00:00,6.613,6.613,6.291,6.348,416759.7
2025-03-10 15:00:00+00:00,6.348,6.473,6.319,6.372,211274.3
2025-03-10 16:00:00+00:00,6.372,6.397,6.256,6.285,169876.0
2025-03-10 17:00:00+00:00,6.285,6.303,5.97,5.992,492977.9
2025-03-10 18:00:00+00:00,5.992,6.1,5.783,5.798,439378.6
2025-03-10 19:00:00+00:00,5.798,6.031,5.777,6.0,650045.0
2025-03-10 20:00:00+00:00,6.0,6.009,5.891,5.927,198671.9
2025-03-10 21:00:00+00:00,5.927,6.039,5.907,5.998,183791.9
2025-03-10 22:00:00+00:00,5.998,6.023,5.896,5.925,120084.8
2025-03-10 23:00:00+00:00,5.925,5.992,5.886,5.902,112784.7
2025-03-11 00:00:00+00:00,5.902,5.952,5.495,5.625,943386.0
2025-03-11 01:00:00+00:00,5.625,5.822,5.532,5.822,391770.7
2025-03-11 02:00:00+00:00,5.822,5.878,5.768,5.777,279824.8
2025-03-11 03:00:00+00:00,5.777,5.821,5.702,5.707,80625.3
2025-03-11 04:00:00+00:00,5.707,5.857,5.692,5.81,190108.0
2025-03-11 05:00:00+00:00,5.81,5.952,5.798,5.857,199882.0
2025-03-11 06:00:00+00:00,5.857,5.913,5.799,5.803,159309.9
2025-03-11 07:00:00+00:00,5.803,5.909,5.802,5.879,255704.4
2025-03-11 08:00:00+00:00,5.879,5.961,5.856,5.933,139582.8
2025-03-11 09:00:00+00:00,5.933,6.004,5.918,5.957,272475.7
2025-03-11 10:00:00+00:00,5.957,6.024,5.949,6.003,138221.0
2025-03-11 11:00:00+00:00,6.003,6.027,5.951,5.994,129198.6
2025-03-11 12:00:00+00:00,5.994,6.002,5.909,5.915,84991.9
2025-03-11 13:00:00+00:00,5.915,6.084,5.835,5.957,618868.5
2025-03-11 14:00:00+00:00,5.957,5.995,5.71,5.793,807206.1
2025-03-11 15:00:00+00:00,5.793,6.02,5.783,5.986,253747.7
2025-03-11 16:00:00+00:00,5.986,6.085,5.936,6.017,280651.3
2025-03-11 17:00:00+00:00,6.017,6.017,5.881,5.948,207829.5
2025-03-11 18:00:00+00:00,5.948,6.236,5.945,6.187,414994.1
2025-03-11 19:00:00+00:00,6.187,6.221,6.138,6.199,194921.5
2025-03-11 20:00:00+00:00,6.199,6.215,6.132,6.136,113245.8
2025-03-11 21:00:00+00:00,6.136,6.213,6.133,6.197,205091.3
2025-03-11 22:00:00+00:00,6.197,6.227,6.152,6.181,70285.9
2025-03-11 23:00:00+00:00,6.181,6.189,6.07,6.092,172343.3
2025-03-12 00:00:00+00:00,6.092,6.108,5.998,6.04,182641.3
2025-03-12 01:00:00+00:00,6.04,6.14,6.031,6.084,94696.5
2025-03-12 02:00:00+00:00,6.084,6.091,5.961,5.982,195041.1
2025-03-12 03:00:00+00:00,5.982,6.003,5.877,5.885,135143.3
2025-03-12 04:00:00+00:00,5.885,5.896,5.824,5.861,123077.8
2025-03-12 05:00:00+00:00,5.861,5.888,5.846,5.873,61318.8
2025-03-12 06:00:00+00:00,5.873,5.88,5.815,5.868,108967.5
2025-03-12 07:00:00+00:00,5.868,6.008,5.861,6.003,212751.6
2025-03-12 08:00:00+00:00,6.003,6.079,5.931,6.041,280499.3
2025-03-12 09:00:00+00:00,6.041,6.103,5.982,6.022,555275.7
2025-03-12 10:00:00+00:00,6.022,6.067,5.99,6.061,139989.9
2025-03-12 11:00:00+00:00,6.061,6.101,6.025,6.06,166755.8
2025-03-12 12:00:00+00:00,6.06,6.203,6.025,6.091,385234.1
2025-03-12 13:00:00+00:00,6.091,6.104,5.901,5.925,307312.0
2025-03-12 14:00:00+00:00,5.925,5.959,5.816,5.825,216464.8
2025-03-12 15:00:00+00:00,5.825,5.834,5.739,5.817,225702.4
2025-03-12 16:00:00+00:00,5.817,5.88,5.771,5.801,293974.3
2025-03-12 17:00:00+00:00,5.801,5.888,5.77,5.776,209348.1
2025-03-12 18:00:00+00:00,5.776,5.861,5.761,5.822,125121.3
2025-03-12 19:00:00+00:00,5.822,5.841,5.785,5.81,277832.4
2025-03-12 20:00:00+00:00,5.81,5.847,5.792,5.823,93402.1
2025-03-12 21:00:00+00:00,5.823,5.886,5.822,5.843,68569.7
2025-03-12 22:00:00+00:00,5.843,5.904,5.838,5.894,63684.0
2025-03-12 23:00:00+00:00,5.894,5.92,5.86,5.907,76586.4
2025-03-13 00:00:00+00:00,5.907,5.957,5.891,5.903,190749.2
2025-03-13 01:00:00+00:00,5.903,5.952,5.87,5.935,84166.1
2025-03-13 02:00:00+00:00,5.935,5.97,5.859,5.866,53987.6
2025-03-13 03:00:00+00:00,5.866,5.917,5.85,5.888,66756.9
2025-03-13 04:00:00+00:00,5.888,5.92,5.808,5.838,81519.7
2025-03-13 05:00:00+00:00,5.838,5.856,5.757,5.77,212404.6
2025-03-13 06:00:00+00:00,5.77,5.783,5.738,5.772,94324.5
2025-03-13 07:00:00+00:00,5.772,5.847,5.772,5.813,114939.1
2025-03-13 08:00:00+00:00,5.813,5.856,5.779,5.84,65370.2
2025-03-13 09:00:00+00:00,5.84,5.962,5.84,5.955,188462.1
2025-03-13 10:00:00+00:00,5.955,5.986,5.894,5.972,148295.9
2025-03-13 11:00:00+00:00,5.972,6.023,5.939,6.018,166628.2
2025-03-13 12:00:00+00:00,6.018,6.07,5.932,5.951,237684.2
2025-03-13 13:00:00+00:00,5.951,6.013,5.832,5.85,258485.4
2025-03-13 14:00:00+00:00,5.85,5.962,5.821,5.931,218939.2
2025-03-13 15:00:00+00:00,5.931,5.948,5.849,5.889,134786.5
2025-03-13 16:00:00+00:00,5.889,5.9,5.798,5.819,160454.2
2025-03-13 17:00:00+00:00,5.819,5.832,5.687,5.696,180998.8
2025-03-13 18:00:00+00:00,5.696,5.818,5.692,5.818,135394.2
2025-03-13 19:00:00+00:00,5.818,5.851,5.749,5.79,131249.4
2025-03-13 20:00:00+00:00,5.79,5.818,5.746,5.765,63516.3
2025-03-13 21:00:00+00:00,5.765,5.833,5.752,5.832,63575.4
2025-03-13 22:00:00+00:00,5.832,5.925,5.828,5.914,124292.5
2025-03-13 23:00:00+00:00,5.914,5.942,5.862,5.885,111477.1
2025-03-14 00:00:00+00:00,5.885,5.925,5.869,5.902,111049.9
2025-03-14 01:00:00+00:00,5.902,5.932,5.877,5.903,32475.2
2025-03-14 02:00:00+00:00,5.903,5.953,5.898,5.95,39391.5
2025-03-14 03:00:00+00:00,5.95,5.95,5.9,5.928,29876.3
2025-03-14 04:00:00+00:00,5.928,5.95,5.891,5.897,33076.8
2025-03-14 05:00:00+00:00,5.897,5.911,5.88,5.9,33717.3
2025-03-14 06:00:00+00:00,5.9,5.905,5.854,5.87,107502.4
2025-03-14 07:00:00+00:00,5.87,5.921,5.855,5.878,49108.7
2025-03-14 08:00:00+00:00,5.878,5.939,5.872,5.898,98345.1
2025-03-14 09:00:00+00:00,5.898,5.928,5.862,5.869,121840.5
2025-03-14 10:00:00+00:00,5.869,5.897,5.828,5.885,162229.4
2025-03-14 11:00:00+00:00,5.885,5.907,5.883,5.9,93267.3
2025-03-14 12:00:00+00:00,5.9,5.927,5.861,5.922,207583.4
2025-03-14 13:00:00+00:00,5.922,5.958,5.87,5.921,263603.0
2025-03-14 14:00:00+00:00,5.921,5.989,5.867,5.981,467896.6
2025-03-14 15:00:00+00:00,5.981,6.09,5.969,5.977,579670.5
2025-03-14 16:00:00+00:00,5.977,6.106,5.929,6.088,404836.1
2025-03-14 17:00:00+00:00,6.088,6.118,6.042,6.113,91377.3
2025-03-14 18:00:00+00:00,6.113,6.114,6.059,6.072,61747.0
2025-03-14 19:00:00+00:00,6.072,6.135,6.057,6.067,85284.0
2025-03-14 20:00:00+00:00,6.067,6.071,6.026,6.05,59630.0
2025-03-14 21:00:00+00:00,6.05,6.088,6.042,6.078,67620.9
2025-03-14 22:00:00+00:00,6.078,6.108,6.07,6.101,39257.9
2025-03-14 23:00:00+00:00,6.101,6.101,6.015,6.023,45225.8
2025-03-15 00:00:00+00:00,6.023,6.064,6.014,6.054,55964.1
2025-03-15 01:00:00+00:00,6.054,6.071,5.999,6.026,37126.9
2025-03-15 02:00:00+00:00,6.026,6.041,5.987,6.035,36075.1
2025-03-15 03:00:00+00:00,6.035,6.089,6.02,6.079,47728.2
2025-03-15 04:00:00+00:00,6.079,6.169,6.073,6.15,63844.6
2025-03-15 05:00:00+00:00,6.15,6.169,6.119,6.151,88113.8
2025-03-15 06:00:00+00:00,6.151,6.159,6.102,6.124,54393.4
2025-03-15 07:00:00+00:00,6.124,6.127,6.057,6.09,68256.8
2025-03-15 08:00:00+00:00,6.09,6.129,6.069,6.124,54467.9
2025-03-15 09:00:00+00:00,6.124,6.14,6.086,6.135,52281.9
2025-03-15 10:00:00+00:00,6.135,6.14,6.085,6.122,49219.8
2025-03-15 11:00:00+00:00,6.122,6.159,6.106,6.14,50487.5
2025-03-15 12:00:00+00:00,6.14,6.142,6.103,6.125,99259.7
2025-03-15 13:00:00+00:00,6.125,6.142,6.092,6.114,118815.1
2025-03-15 14:00:00+00:00,6.114,6.146,6.083,6.085,201509.2
2025-03-15 15:00:00+00:00,6.085,6.13,6.082,6.126,40411.1
2025-03-15 16:00:00+00:00,6.126,6.177,6.11,6.14,224294.3
2025-03-15 17:00:00+00:00,6.14,6.193,6.14,6.174,87427.5
2025-03-15 18:00:00+00:00,6.174,6.185,6.127,6.152,48744.3
2025-03-15 19:00:00+00:00,6.152,6.152,6.109,6.137,40203.2
2025-03-15 20:00:00+00:00,6.137,6.224,6.136,6.222,60461.0
2025-03-15 21:00:00+00:00,6.222,6.284,6.214,6.282,94582.3
2025-03-15 22:00:00+00:00,6.282,6.319,6.269,6.288,123269.9
2025-03-15 23:00:00+00:00,6.288,6.3,6.242,6.266,115547.5
2025-03-16 00:00:00+00:00,6.266,6.282,6.229,6.232,104414.0
2025-03-16 01:00:00+00:00,6.232,6.248,6.157,6.171,119910.1
2025-03-16 02:00:00+00:00,6.171,6.219,6.142,6.195,55044.5
2025-03-16 03:00:00+00:00,6.195,6.258,6.19,6.23,31587.5
2025-03-16 04:00:00+00:00,6.23,6.264,6.213,6.248,27831.2
2025-03-16 05:00:00+00:00,6.248,6.288,6.226,6.286,44690.7
2025-03-16 06:00:00+00:00,6.286,6.286,6.246,6.267,34601.8
2025-03-16 07:00:00+00:00,6.267,6.282,6.23,6.266,58454.7
2025-03-16 08:00:00+00:00,6.266,6.28,6.234,6.254,33234.9
2025-03-16 09:00:00+00:00,6.254,6.268,6.174,6.185,208338.7
2025-03-16 10:00:00+00:00,6.185,6.206,6.153,6.156,249288.4
2025-03-16 11:00:00+00:00,6.156,6.157,6.001,6.02,209224.9
2025-03-16 12:00:00+00:00,6.02,6.078,6.001,6.027,300331.1
2025-03-16 13:00:00+00:00,6.027,6.071,5.965,5.981,87369.3
2025-03-16 14:00:00+00:00,5.981,6.063,5.978,6.035,397690.0
2025-03-16 15:00:00+00:00,6.035,6.066,5.997,6.039,747187.8
2025-03-16 16:00:00+00:00,6.039,6.188,6.031,6.114,238561.1
2025-03-16 17:00:00+00:00,6.114,6.163,6.101,6.147,70258.9
2025-03-16 18:00:00+00:00,6.147,6.162,6.103,6.13,69071.1
2025-03-16 19:00:00+00:00,6.13,6.144,6.048,6.065,128679.3
2025-03-16 20:00:00+00:00,6.065,6.151,6.061,6.15,47305.4
2025-03-16 21:00:00+00:00,6.15,6.171,6.115,6.165,63542.5
2025-03-16 22:00:00+00:00,6.165,6.179,6.083,6.085,59887.3
2025-03-16 23:00:00+00:00,6.085,6.147,6.043,6.133,44763.5
2025-03-17 00:00:00+00:00,6.133,6.225,6.096,6.22,242039.8
2025-03-17 01:00:00+00:00,6.22,6.252,6.181,6.221,70345.7
2025-03-17 02:00:00+00:00,6.221,6.257,6.203,6.216,60268.9
2025-03-17 03:00:00+00:00,6.216,6.259,6.207,6.226,42289.8
2025-03-17 04:00:00+00:00,6.226,6.244,6.202,6.209,27573.5
2025-03-17 05:00:00+00:00,6.209,6.21,6.147,6.149,75067.7
2025-03-17 06:00:00+00:00,6.149,6.185,6.08,6.13,100708.3
2025-03-17 07:00:00+00:00,6.13,6.196,6.124,6.175,60599.6
2025-03-17 08:00:00+00:00,6.175,6.195,6.121,6.19,50223.8
2025-03-17 09:00:00+00:00,6.19,6.259,6.171,6.247,89746.9
2025-03-17 10:00:00+00:00,6.247,6.276,6.192,6.247,241128.5
2025-03-17 11:00:00+00:00,6.247,6.259,6.211,6.214,38671.4
2025-03-17 12:00:00+00:00,6.214,6.299,6.183,6.191,298166.1
2025-03-17 13:00:00+00:00,6.191,6.22,6.142,6.146,117462.4
2025-03-17 14:00:00+00:00,6.146,6.183,6.106,6.138,174549.2
2025-03-17 15:00:00+00:00,6.138,6.212,6.112,6.188,81593.4
2025-03-17 16:00:00+00:00,6.188,6.253,6.175,6.224,81602.3
2025-03-17 17:00:00+00:00,6.224,6.312,6.214,6.297,126289.0
2025-03-17 18:00:00+00:00,6.297,6.382,6.29,6.366,154673.9
2025-03-17 19:00:00+00:00,6.366,6.379,6.342,6.368,116492.1
2025-03-17 20:00:00+00:00,6.368,6.379,6.309,6.321,64456.2
2025-03-17 21:00:00+00:00,6.321,6.37,6.311,6.342,66150.7
2025-03-17 22:00:00+00:00,6.342,6.365,6.31,6.312,24405.1
2025-03-17 23:00:00+00:00,6.312,6.315,6.259,6.29,53183.9
2025-03-18 00:00:00+00:00,6.29,6.317,6.229,6.257,71790.1
2025-03-18 01:00:00+00:00,6.257,6.265,6.156,6.176,155409.9
2025-03-18 02:00:00+00:00,6.176,6.233,6.173,6.204,55978.9
2025-03-18 03:00:00+00:00,6.204,6.209,6.147,6.186,81408.9
2025-03-18 04:00:00+00:00,6.186,6.222,6.177,6.195,34430.3
2025-03-18 05:00:00+00:00,6.195,6.255,6.193,6.247,55015.3
2025-03-18 06:00:00+00:00,6.247,6.257,6.199,6.216,86425.2
2025-03-18 07:00:00+00:00,6.216,6.284,6.214,6.262,68241.1
2025-03-18 08:00:00+00:00,6.262,6.319,6.244,6.306,47171.6
2025-03-18 09:00:00+00:00,6.306,6.318,6.25,6.254,49895.3
2025-03-18 10:00:00+00:00,6.254,6.265,6.191,6.222,96917.7
2025-03-18 11:00:00+00:00,6.222,6.246,6.184,6.205,50249.4
2025-03-18 12:00:00+00:00,6.205,6.238,6.183,6.215,61491.9
2025-03-18 13:00:00+00:00,6.215,6.239,6.101,6.121,176733.6
2025-03-18 14:00:00+00:00,6.121,6.214,6.106,6.179,113418.0
2025-03-18 15:00:00+00:00,6.179,6.2,6.122,6.136,88844.2
2025-03-18 16:00:00+00:00,6.136,6.183,6.108,6.146,115161.4
2025-03-18 17:00:00+00:00,6.146,6.164,6.1,6.118,84450.3
2025-03-18 18:00:00+00:00,6.118,6.15,6.088,6.141,55529.6
2025-03-18 19:00:00+00:00,6.141,6.305,6.137,6.287,204373.0
2025-03-18 20:00:00+00:00,6.287,6.314,6.244,6.302,106882.8
2025-03-18 21:00:00+00:00,6.302,6.362,6.277,6.294,149012.8
2025-03-18 22:00:00+00:00,6.294,6.313,6.28,6.304,37417.7
2025-03-18 23:00:00+00:00,6.304,6.372,6.304,6.367,66927.2
2025-03-19 00:00:00+00:00,6.367,6.471,6.367,6.459,164909.1
2025-03-19 01:00:00+00:00,6.459,6.468,6.383,6.384,80966.6
2025-03-19 02:00:00+00:00,6.384,6.419,6.366,6.407,49241.1
2025-03-19 03:00:00+00:00,6.407,6.42,6.366,6.401,43396.8
2025-03-19 04:00:00+00:00,6.401,6.419,6.346,6.35,55877.8
2025-03-19 05:00:00+00:00,6.35,6.37,6.342,6.35,26208.9
2025-03-19 06:00:00+00:00,6.35,6.389,6.341,6.364,242278.7
2025-03-19 07:00:00+00:00,6.364,6.373,6.321,6.322,220217.6
2025-03-19 08:00:00+00:00,6.322,6.38,6.321,6.37,99282.4
2025-03-19 09:00:00+00:00,6.37,6.377,6.314,6.341,103088.8
2025-03-19 10:00:00+00:00,6.341,6.454,6.327,6.425,216798.1
2025-03-19 11:00:00+00:00,6.425,6.646,6.425,6.638,421075.4
2025-03-19 12:00:00+00:00,6.638,6.656,6.523,6.559,172801.4
2025-03-19 13:00:00+00:00,6.559,6.605,6.511,6.557,267675.4
2025-03-19 14:00:00+00:00,6.557,6.888,6.528,6.862,1906176.4
2025-03-19 15:00:00+00:00,6.862,6.989,6.817,6.932,720716.5
2025-03-19 16:00:00+00:00,6.932,6.997,6.873,6.967,354200.7
2025-03-19 17:00:00+00:00,6.967,6.967,6.817,6.844,347126.9
2025-03-19 18:00:00+00:00,6.844,7.39,6.773,6.988,4239094.1
2025-03-19 19:00:00+00:00,6.988,7.025,6.876,6.947,389375.0
2025-03-19 20:00:00+00:00,6.947,6.977,6.883,6.895,165519.2
2025-03-19 21:00:00+00:00,6.895,6.954,6.884,6.902,107612.5
2025-03-19 22:00:00+00:00,6.902,7.001,6.891,6.949,165781.7
2025-03-19 23:00:00+00:00,6.949,7.017,6.92,6.977,114213.6
2025-03-20 00:00:00+00:00,6.977,7.05,6.91,6.92,196481.0
2025-03-20 01:00:00+00:00,6.92,6.934,6.852,6.871,84210.3
2025-03-20 02:00:00+00:00,6.871,6.889,6.841,6.887,53864.7
2025-03-20 03:00:00+00:00,6.887,6.909,6.849,6.856,42525.3
2025-03-20 04:00:00+00:00,6.856,6.866,6.83,6.839,75298.2
2025-03-20 05:00:00+00:00,6.839,6.858,6.811,6.835,57183.4
2025-03-20 06:00:00+00:00,6.835,6.866,6.79,6.814,104804.2
2025-03-20 07:00:00+00:00,6.814,6.874,6.789,6.857,390973.8
2025-03-20 08:00:00+00:00,6.857,6.882,6.822,6.86,497004.8
2025-03-20 09:00:00+00:00,6.86,6.874,6.822,6.866,107394.2
2025-03-20 10:00:00+00:00,6.866,6.873,6.715,6.731,456864.5
2025-03-20 11:00:00+00:00,6.731,6.783,6.721,6.758,88659.5
2025-03-20 12:00:00+00:00,6.758,6.782,6.731,6.767,53004.9
2025-03-20 13:00:00+00:00,6.767,6.783,6.714,6.753,308518.8
2025-03-20 14:00:00+00:00,6.753,6.846,6.75,6.816,145377.9
2025-03-20 15:00:00+00:00,6.816,6.818,6.698,6.707,450238.0
2025-03-20 16:00:00+00:00,6.707,6.753,6.631,6.66,267254.6
2025-03-20 17:00:00+00:00,6.66,6.748,6.653,6.746,252909.0
2025-03-20 18:00:00+00:00,6.746,6.791,6.72,6.755,76004.3
2025-03-20 19:00:00+00:00,6.755,6.874,6.754,6.842,80508.0
2025-03-20 20:00:00+00:00,6.842,6.882,6.81,6.863,88010.4
2025-03-20 21:00:00+00:00,6.863,6.9,6.851,6.872,79100.7
2025-03-20 22:00:00+00:00,6.872,6.891,6.831,6.846,59730.8
2025-03-20 23:00:00+00:00,6.846,6.91,6.835,6.907,59356.7
2025-03-21 00:00:00+00:00,6.907,6.925,6.87,6.892,103116.4
2025-03-21 01:00:00+00:00,6.892,6.922,6.874,6.891,48195.1
2025-03-21 02:00:00+00:00,6.891,6.905,6.869,6.901,39324.4
2025-03-21 03:00:00+00:00,6.901,6.907,6.832,6.843,51682.8
2025-03-21 04:00:00+00:00,6.843,6.884,6.841,6.86,29477.0
2025-03-21 05:00:00+00:00,6.86,6.862,6.794,6.849,62929.7
2025-03-21 06:00:00+00:00,6.849,6.893,6.829,6.866,58518.6
2025-03-21 07:00:00+00:00,6.866,6.873,6.809,6.871,70476.4
2025-03-21 08:00:00+00:00,6.871,6.896,6.813,6.867,75068.0
2025-03-21 09:00:00+00:00,6.867,6.908,6.842,6.851,92827.0
2025-03-21 10:00:00+00:00,6.851,6.856,6.782,6.829,82017.9
2025-03-21 11:00:00+00:00,6.829,6.831,6.785,6.823,53946.1
2025-03-21 12:00:00+00:00,6.823,6.884,6.781,6.794,109726.3
2025-03-21 13:00:00+00:00,6.794,6.812,6.725,6.797,105789.8
2025-03-21 14:00:00+00:00,6.797,6.822,6.737,6.804,116094.2
2025-03-21 15:00:00+00:00,6.804,6.815,6.741,6.743,77997.2
2025-03-21 16:00:00+00:00,6.743,6.854,6.74,6.849,93184.0
2025-03-21 17:00:00+00:00,6.849,6.85,6.782,6.801,70976.9
2025-03-21 18:00:00+00:00,6.801,6.841,6.766,6.78,97106.9
2025-03-21 19:00:00+00:00,6.78,6.79,6.75,6.77,72453.9
2025-03-21 20:00:00+00:00,6.77,6.814,6.761,6.811,55139.2
2025-03-21 21:00:00+00:00,6.811,6.841,6.763,6.778,67790.4
2025-03-21 22:00:00+00:00,6.778,6.793,6.709,6.788,91805.6
2025-03-21 23:00:00+00:00,6.788,6.823,6.771,6.777,57649.2
2025-03-22 00:00:00+00:00,6.777,6.844,6.774,6.827,71897.5
2025-03-22 01:00:00+00:00,6.827,6.87,6.785,6.788,69398.2
2025-03-22 02:00:00+00:00,6.788,6.872,6.782,6.847,35089.2
2025-03-22 03:00:00+00:00,6.847,6.875,6.806,6.869,82870.8
2025-03-22 04:00:00+00:00,6.869,6.911,6.866,6.904,92339.2
2025-03-22 05:00:00+00:00,6.904,6.908,6.861,6.893,36890.3
2025-03-22 06:00:00+00:00,6.893,6.92,6.858,6.866,49395.6
2025-03-22 07:00:00+00:00,6.866,6.87,6.803,6.807,46300.8
2025-03-22 08:00:00+00:00,6.807,6.832,6.806,6.818,65871.3
2025-03-22 09:00:00+00:00,6.818,6.89,6.815,6.863,105079.0
2025-03-22 10:00:00+00:00,6.863,6.87,6.83,6.836,28719.4
2025-03-22 11:00:00+00:00,6.836,6.839,6.788,6.8,53173.9
2025-03-22 12:00:00+00:00,6.8,6.804,6.769,6.784,66781.1
2025-03-22 13:00:00+00:00,6.784,6.796,6.747,6.765,57224.1
2025-03-22 14:00:00+00:00,6.765,6.771,6.726,6.734,68621.0
2025-03-22 15:00:00+00:00,6.734,6.745,6.719,6.734,46374.2
2025-03-22 16:00:00+00:00,6.734,6.815,6.724,6.814,57381.0
2025-03-22 17:00:00+00:00,6.814,6.859,6.801,6.826,82600.5
2025-03-22 18:00:00+00:00,6.826,6.881,6.826,6.848,45927.1
2025-03-22 19:00:00+00:00,6.848,6.861,6.829,6.853,45137.7
2025-03-22 20:00:00+00:00,6.853,6.876,6.828,6.829,29511.9
2025-03-22 21:00:00+00:00,6.829,6.83,6.768,6.783,57253.7
2025-03-22 22:00:00+00:00,6.783,6.801,6.762,6.765,20776.4
2025-03-22 23:00:00+00:00,6.765,6.767,6.716,6.731,65961.3
2025-03-23 00:00:00+00:00,6.731,6.769,6.718,6.724,59480.4
2025-03-23 01:00:00+00:00,6.724,6.798,6.724,6.787,47351.9
2025-03-23 02:00:00+00:00,6.787,6.822,6.77,6.817,79230.6
2025-03-23 03:00:00+00:00,6.817,6.822,6.78,6.816,62511.8
2025-03-23 04:00:00+00:00,6.816,6.819,6.751,6.753,45168.1
2025-03-23 05:00:00+00:00,6.753,6.771,6.714,6.762,49475.6
2025-03-23 06:00:00+00:00,6.762,6.762,6.726,6.748,45037.6
2025-03-23 07:00:00+00:00,6.748,6.809,6.743,6.777,64548.1
2025-03-23 08:00:00+00:00,6.777,6.796,6.755,6.759,71010.4
2025-03-23 09:00:00+00:00,6.759,6.769,6.735,6.76,45202.4
2025-03-23 10:00:00+00:00,6.76,6.773,6.748,6.756,29916.2
2025-03-23 11:00:00+00:00,6.756,6.797,6.721,6.732,87314.4
2025-03-23 12:00:00+00:00,6.732,6.741,6.683,6.694,118471.7
2025-03-23 13:00:00+00:00,6.694,6.756,6.65,6.753,106055.4
2025-03-23 14:00:00+00:00,6.753,6.766,6.66,6.661,63404.0
2025-03-23 15:00:00+00:00,6.661,6.72,6.659,6.685,74764.4
2025-03-23 16:00:00+00:00,6.685,6.687,6.649,6.655,52371.7
2025-03-23 17:00:00+00:00,6.655,6.693,6.606,6.632,93984.2
2025-03-23 18:00:00+00:00,6.632,6.651,6.614,6.633,26290.7
2025-03-23 19:00:00+00:00,6.633,6.667,6.622,6.657,26634.3
2025-03-23 20:00:00+00:00,6.657,6.676,6.626,6.629,36427.6
2025-03-23 21:00:00+00:00,6.629,6.657,6.608,6.648,25282.9
2025-03-23 22:00:00+00:00,6.648,6.671,6.617,6.642,73234.0
2025-03-23 23:00:00+00:00,6.642,6.686,6.629,6.685,53872.1
2025-03-24 00:00:00+00:00,6.685,6.75,6.656,6.667,65632.8
2025-03-24 01:00:00+00:00,6.667,6.671,6.573,6.584,80005.7
2025-03-24 02:00:00+00:00,6.584,6.653,6.579,6.642,43372.0
2025-03-24 03:00:00+00:00,6.642,6.783,6.636,6.781,108943.1
2025-03-24 04:00:00+00:00,6.781,6.869,6.777,6.859,150662.0
2025-03-24 05:00:00+00:00,6.859,6.922,6.837,6.85,126904.2
2025-03-24 06:00:00+00:00,6.85,6.934,6.85,6.921,117292.6
2025-03-24 07:00:00+00:00,6.921,6.93,6.875,6.885,61244.1
2025-03-24 08:00:00+00:00,6.885,6.975,6.885,6.958,120998.7
2025-03-24 09:00:00+00:00,6.958,6.973,6.929,6.967,122465.0
2025-03-24 10:00:00+00:00,6.967,7.022,6.958,7.016,73061.4
2025-03-24 11:00:00+00:00,7.016,7.071,7.0,7.064,126290.2
2025-03-24 12:00:00+00:00,7.064,7.154,7.034,7.136,178986.5
2025-03-24 13:00:00+00:00,7.136,7.149,7.017,7.042,227238.3
2025-03-24 14:00:00+00:00,7.042,7.113,6.965,6.976,142975.2
2025-03-24 15:00:00+00:00,6.976,7.061,6.964,7.037,175181.9
2025-03-24 16:00:00+00:00,7.037,7.042,6.942,6.987,94023.6
2025-03-24 17:00:00+00:00,6.987,7.073,6.985,7.056,88758.0
2025-03-24 18:00:00+00:00,7.056,7.084,7.017,7.07,129857.6
2025-03-24 19:00:00+00:00,7.07,7.09,7.032,7.073,274600.6
2025-03-24 20:00:00+00:00,7.073,7.14,7.066,7.137,107399.8
2025-03-24 21:00:00+00:00,7.137,7.148,7.085,7.097,104008.2
2025-03-24 22:00:00+00:00,7.097,7.123,7.054,7.061,72818.4
2025-03-24 23:00:00+00:00,7.061,7.085,7.009,7.079,92197.9
2025-03-25 00:00:00+00:00,7.079,7.127,7.046,7.089,103051.6
2025-03-25 01:00:00+00:00,7.089,7.097,6.981,7.011,90410.3
2025-03-25 02:00:00+00:00,7.011,7.032,6.981,7.012,66249.8
2025-03-25 03:00:00+00:00,7.012,7.024,6.923,6.944,114686.7
2025-03-25 04:00:00+00:00,6.944,6.975,6.918,6.971,51796.9
2025-03-25 05:00:00+00:00,6.971,7.002,6.955,6.995,37107.0
2025-03-25 06:00:00+00:00,6.995,7.031,6.991,7.004,58128.9
2025-03-25 07:00:00+00:00,7.004,7.051,6.982,7.01,53527.8
2025-03-25 08:00:00+00:00,7.01,7.067,7.009,7.056,45180.9
2025-03-25 09:00:00+00:00,7.056,7.117,7.022,7.095,78584.9
2025-03-25 10:00:00+00:00,7.095,7.107,7.037,7.056,246839.9
2025-03-25 11:00:00+00:00,7.056,7.073,7.017,7.021,120217.9
2025-03-25 12:00:00+00:00,7.021,7.028,6.963,6.969,140468.7
2025-03-25 13:00:00+00:00,6.969,7.057,6.96,6.98,198062.4
2025-03-25 14:00:00+00:00,6.98,7.041,6.951,7.02,96972.5
2025-03-25 15:00:00+00:00,7.02,7.047,6.967,6.977,99759.6
2025-03-25 16:00:00+00:00,6.977,6.997,6.923,6.951,229919.2
2025-03-25 17:00:00+00:00,6.951,7.019,6.951,7.01,94816.6
2025-03-25 18:00:00+00:00,7.01,7.044,6.963,6.964,87129.4
2025-03-25 19:00:00+00:00,6.964,7.007,6.963,6.983,73838.2
2025-03-25 20:00:00+00:00,6.983,7.019,6.925,6.928,119572.9
2025-03-25 21:00:00+00:00,6.928,6.983,6.916,6.945,95918.2
2025-03-25 22:00:00+00:00,6.945,6.964,6.915,6.94,69382.1
2025-03-25 23:00:00+00:00,6.94,6.964,6.918,6.958,59333.4
2025-03-26 00:00:00+00:00,6.958,7.017,6.929,7.015,180513.1
2025-03-26 01:00:00+00:00,7.015,7.074,7.007,7.052,105840.1
2025-03-26 02:00:00+00:00,7.052,7.071,6.931,6.933,83810.5
2025-03-26 03:00:00+00:00,6.933,6.956,6.861,6.916,144330.8
2025-03-26 04:00:00+00:00,6.916,6.955,6.904,6.94,78311.9
2025-03-26 05:00:00+00:00,6.94,6.986,6.907,6.949,101592.4
2025-03-26 06:00:00+00:00,6.949,7.004,6.928,6.993,89136.6
2025-03-26 07:00:00+00:00,6.993,7.085,6.981,7.076,154115.9
2025-03-26 08:00:00+00:00,7.076,7.096,7.015,7.024,553399.3
2025-03-26 09:00:00+00:00,7.024,7.056,7.005,7.015,67267.1
2025-03-26 10:00:00+00:00,7.015,7.084,7.007,7.071,84041.1
2025-03-26 11:00:00+00:00,7.071,7.122,7.064,7.091,130977.1
2025-03-26 12:00:00+00:00,7.091,7.105,7.029,7.062,117340.2
2025-03-26 13:00:00+00:00,7.062,7.062,6.873,6.88,211654.3
2025-03-26 14:00:00+00:00,6.88,6.93,6.789,6.838,413608.0
2025-03-26 15:00:00+00:00,6.838,6.875,6.8,6.828,142554.6
2025-03-26 16:00:00+00:00,6.828,6.876,6.803,6.819,170478.3
2025-03-26 17:00:00+00:00,6.819,6.84,6.734,6.743,662374.5
2025-03-26 18:00:00+00:00,6.743,6.797,6.707,6.714,96452.7
2025-03-26 19:00:00+00:00,6.714,6.833,6.675,6.771,130933.8
2025-03-26 20:00:00+00:00,6.771,6.818,6.761,6.788,93092.5
2025-03-26 21:00:00+00:00,6.788,6.806,6.685,6.723,170988.8
2025-03-26 22:00:00+00:00,6.723,6.731,6.643,6.679,104504.7
2025-03-26 23:00:00+00:00,6.679,6.718,6.639,6.715,67214.2
2025-03-27 00:00:00+00:00,6.715,6.736,6.688,6.734,87629.1
2025-03-27 01:00:00+00:00,6.734,6.807,6.726,6.784,77659.6
2025-03-27 02:00:00+00:00,6.784,6.893,6.78,6.864,99321.5
2025-03-27 03:00:00+00:00,6.864,6.89,6.837,6.861,419487.6
2025-03-27 04:00:00+00:00,6.861,6.867,6.806,6.821,37681.0
2025-03-27 05:00:00+00:00,6.821,6.827,6.775,6.794,256804.9
2025-03-27 06:00:00+00:00,6.794,6.886,6.79,6.873,145215.5
2025-03-27 07:00:00+00:00,6.873,6.898,6.831,6.855,62902.3
2025-03-27 08:00:00+00:00,6.855,6.875,6.807,6.858,138322.3
2025-03-27 09:00:00+00:00,6.858,6.858,6.765,6.775,776787.3
2025-03-27 10:00:00+00:00,6.775,6.82,6.759,6.763,132255.1
2025-03-27 11:00:00+00:00,6.763,6.792,6.697,6.712,107523.8
2025-03-27 12:00:00+00:00,6.712,6.77,6.696,6.74,61999.7
2025-03-27 13:00:00+00:00,6.74,6.759,6.642,6.703,158099.4
2025-03-27 14:00:00+00:00,6.703,6.812,6.697,6.811,175406.5
2025-03-27 15:00:00+00:00,6.811,6.834,6.75,6.772,79427.9
2025-03-27 16:00:00+00:00,6.772,6.797,6.708,6.709,821013.9
2025-03-27 17:00:00+00:00,6.709,6.735,6.68,6.696,59259.9
2025-03-27 18:00:00+00:00,6.696,6.792,6.695,6.764,47764.6
2025-03-27 19:00:00+00:00,6.764,6.793,6.738,6.774,179207.9
2025-03-27 20:00:00+00:00,6.774,6.801,6.753,6.787,46924.0
2025-03-27 21:00:00+00:00,6.787,6.831,6.775,6.799,58834.1
2025-03-27 22:00:00+00:00,6.799,6.808,6.746,6.748,21762.0
2025-03-27 23:00:00+00:00,6.748,6.75,6.712,6.723,24901.5
2025-03-28 00:00:00+00:00,6.723,6.763,6.682,6.756,77525.2
2025-03-28 01:00:00+00:00,6.756,6.82,6.723,6.777,47563.6
2025-03-28 02:00:00+00:00,6.777,6.832,6.771,6.791,31752.2
2025-03-28 03:00:00+00:00,6.791,6.793,6.724,6.758,55542.7
2025-03-28 04:00:00+00:00,6.758,6.79,6.516,6.573,505412.6
2025-03-28 05:00:00+00:00,6.573,6.576,6.463,6.505,273726.3
2025-03-28 06:00:00+00:00,6.505,6.545,6.429,6.438,215603.3
2025-03-28 07:00:00+00:00,6.438,6.46,6.368,6.383,193058.3
2025-03-28 08:00:00+00:00,6.383,6.429,6.372,6.374,107553.5
2025-03-28 09:00:00+00:00,6.374,6.405,6.346,6.346,94213.7
2025-03-28 10:00:00+00:00,6.346,6.363,6.31,6.318,99267.2
2025-03-28 11:00:00+00:00,6.318,6.343,6.248,6.294,294632.2
2025-03-28 12:00:00+00:00,6.294,6.302,6.198,6.198,164682.4
2025-03-28 13:00:00+00:00,6.198,6.305,6.194,6.207,141210.3
2025-03-28 14:00:00+00:00,6.207,6.237,6.17,6.203,142769.6
2025-03-28 15:00:00+00:00,6.203,6.21,6.101,6.101,324759.9
2025-03-28 16:00:00+00:00,6.101,6.135,6.066,6.09,238166.9
2025-03-28 17:00:00+00:00,6.09,6.15,6.077,6.113,73869.8
2025-03-28 18:00:00+00:00,6.113,6.12,6.085,6.109,60760.4
2025-03-28 19:00:00+00:00,6.109,6.138,6.084,6.109,150966.3
2025-03-28 20:00:00+00:00,6.109,6.137,6.047,6.063,332105.8
2025-03-28 21:00:00+00:00,6.063,6.135,6.057,6.13,94699.6
2025-03-28 22:00:00+00:00,6.13,6.17,6.123,6.165,143241.6
2025-03-28 23:00:00+00:00,6.165,6.187,6.13,6.171,104830.0
2025-03-29 00:00:00+00:00,6.171,6.253,6.169,6.194,133928.9
2025-03-29 01:00:00+00:00,6.194,6.228,6.174,6.194,146588.0
2025-03-29 02:00:00+00:00,6.194,6.2,6.115,6.127,177992.9
2025-03-29 03:00:00+00:00,6.127,6.206,6.081,6.189,186221.5
2025-03-29 04:00:00+00:00,6.189,6.21,6.157,6.188,99277.7
2025-03-29 05:00:00+00:00,6.188,6.191,6.137,6.15,85513.3
2025-03-29 06:00:00+00:00,6.15,6.168,6.093,6.143,52836.4
2025-03-29 07:00:00+00:00,6.143,6.172,6.102,6.121,60900.4
2025-03-29 08:00:00+00:00,6.121,6.165,6.108,6.151,40559.3
2025-03-29 09:00:00+00:00,6.151,6.159,6.043,6.119,147934.7
2025-03-29 10:00:00+00:00,6.119,6.132,6.072,6.088,63645.6
2025-03-29 11:00:00+00:00,6.088,6.107,6.0,6.043,227868.2
2025-03-29 12:00:00+00:00,6.043,6.109,6.029,6.079,99197.4
2025-03-29 13:00:00+00:00,6.079,6.125,6.074,6.089,86058.5
2025-03-29 14:00:00+00:00,6.089,6.091,6.017,6.017,64808.2
2025-03-29 15:00:00+00:00,6.017,6.038,5.971,5.977,94170.0
2025-03-29 16:00:00+00:00,5.977,6.008,5.902,5.912,133154.3
2025-03-29 17:00:00+00:00,5.912,5.978,5.859,5.949,217054.6
2025-03-29 18:00:00+00:00,5.949,5.964,5.914,5.914,73405.2
2025-03-29 19:00:00+00:00,5.914,5.944,5.888,5.944,82137.1
2025-03-29 20:00:00+00:00,5.944,5.945,5.873,5.884,74275.1
2025-03-29 21:00:00+00:00,5.884,5.934,5.878,5.916,39795.6
2025-03-29 22:00:00+00:00,5.916,5.916,5.875,5.893,48075.6
2025-03-29 23:00:00+00:00,5.893,5.958,5.889,5.954,44203.8
2025-03-30 00:00:00+00:00,5.954,5.976,5.906,5.964,64303.5
2025-03-30 01:00:00+00:00,5.964,6.037,5.964,6.004,69715.6
2025-03-30 02:00:00+00:00,6.004,6.05,6.0,6.032,46446.9
2025-03-30 03:00:00+00:00,6.032,6.055,5.999,6.0,47228.3
2025-03-30 04:00:00+00:00,6.0,6.059,6.0,6.044,37212.5
2025-03-30 05:00:00+00:00,6.044,6.048,5.998,6.014,37582.6
2025-03-30 06:00:00+00:00,6.014,6.045,5.965,6.012,2111206.5
2025-03-30 07:00:00+00:00,6.012,6.026,5.986,5.988,49027.9
2025-03-30 08:00:00+00:00,5.988,6.03,5.988,6.019,29121.0
2025-03-30 09:00:00+00:00,6.019,6.024,5.999,6.001,34990.8
2025-03-30 10:00:00+00:00,6.001,6.016,5.946,5.957,83958.5
2025-03-30 11:00:00+00:00,5.957,6.001,5.948,5.975,46517.4
2025-03-30 12:00:00+00:00,5.975,6.005,5.959,5.974,32923.3
2025-03-30 13:00:00+00:00,5.974,5.994,5.899,5.911,138651.2
2025-03-30 14:00:00+00:00,5.911,5.953,5.898,5.932,82586.2
2025-03-30 15:00:00+00:00,5.932,5.982,5.929,5.948,62796.2
2025-03-30 16:00:00+00:00,5.948,5.971,5.871,5.886,100869.1
2025-03-30 17:00:00+00:00,5.886,5.93,5.858,5.901,68297.4
2025-03-30 18:00:00+00:00,5.901,5.979,5.901,5.979,75391.0
2025-03-30 19:00:00+00:00,5.979,6.007,5.945,5.951,69430.4
2025-03-30 20:00:00+00:00,5.951,5.958,5.917,5.921,45890.1
2025-03-30 21:00:00+00:00,5.921,5.963,5.88,5.898,37975.3
2025-03-30 22:00:00+00:00,5.898,5.926,5.801,5.889,255014.7
2025-03-30 23:00:00+00:00,5.889,5.909,5.83,5.87,176252.4
2025-03-31 00:00:00+00:00,5.87,5.892,5.766,5.8,196387.8
2025-03-31 01:00:00+00:00,5.8,5.938,5.797,5.917,221464.6
2025-03-31 02:00:00+00:00,5.917,5.943,5.875,5.898,132640.8
2025-03-31 03:00:00+00:00,5.898,5.916,5.818,5.834,88426.6
2025-03-31 04:00:00+00:00,5.834,5.888,5.823,5.88,99487.9
2025-03-31 05:00:00+00:00,5.88,5.951,5.878,5.902,186217.4
2025-03-31 06:00:00+00:00,5.902,5.978,5.894,5.955,502459.4
2025-03-31 07:00:00+00:00,5.955,5.98,5.841,5.876,595498.7
2025-03-31 08:00:00+00:00,5.876,5.902,5.811,5.818,449577.4
2025-03-31 09:00:00+00:00,5.818,5.854,5.748,5.765,179514.5
2025-03-31 10:00:00+00:00,5.765,5.882,5.734,5.874,110992.4
2025-03-31 11:00:00+00:00,5.874,5.896,5.824,5.88,100018.2
2025-03-31 12:00:00+00:00,5.88,6.007,5.851,5.964,356106.8
2025-03-31 13:00:00+00:00,5.964,5.978,5.833,5.897,196908.1
2025-03-31 14:00:00+00:00,5.897,6.035,5.897,6.015,293800.5
2025-03-31 15:00:00+00:00,6.015,6.041,5.98,6.003,189451.8
2025-03-31 16:00:00+00:00,6.003,6.026,5.976,5.98,112368.0
2025-03-31 17:00:00+00:00,5.98,6.005,5.903,5.924,84549.1
2025-03-31 18:00:00+00:00,5.924,6.026,5.924,5.991,50373.1
2025-03-31 19:00:00+00:00,5.991,6.023,5.948,5.976,48473.4
2025-03-31 20:00:00+00:00,5.976,6.049,5.968,5.979,109141.9
2025-03-31 21:00:00+00:00,5.979,6.023,5.97,5.973,33908.0
2025-03-31 22:00:00+00:00,5.973,5.976,5.944,5.964,34875.9
2025-03-31 23:00:00+00:00,5.964,6.007,5.954,5.968,59284.5
2025-04-01 00:00:00+00:00,5.968,6.03,5.961,6.011,82418.0
2025-04-01 01:00:00+00:00,6.011,6.014,5.957,5.971,39503.9
2025-04-01 02:00:00+00:00,5.971,6.035,5.963,6.035,44556.5
2025-04-01 03:00:00+00:00,6.035,6.064,6.012,6.021,64103.1
2025-04-01 04:00:00+00:00,6.021,6.051,6.015,6.038,31471.2
2025-04-01 05:00:00+00:00,6.038,6.085,6.031,6.033,49408.4
2025-04-01 06:00:00+00:00,6.033,6.099,6.012,6.088,95343.4
2025-04-01 07:00:00+00:00,6.088,6.123,6.072,6.102,112083.5
2025-04-01 08:00:00+00:00,6.102,6.229,6.1,6.204,370610.3
2025-04-01 09:00:00+00:00,6.204,6.235,6.19,6.215,107072.4
2025-04-01 10:00:00+00:00,6.215,6.218,6.129,6.136,113419.1
2025-04-01 11:00:00+00:00,6.136,6.143,6.076,6.107,116120.5
2025-04-01 12:00:00+00:00,6.107,6.151,6.1,6.127,114754.4
2025-04-01 13:00:00+00:00,6.127,6.193,6.117,6.148,176979.5
2025-04-01 14:00:00+00:00,6.148,6.212,6.047,6.186,165169.1
2025-04-01 15:00:00+00:00,6.186,6.315,6.186,6.274,245125.1
2025-04-01 16:00:00+00:00,6.274,6.315,6.219,6.242,149233.5
2025-04-01 17:00:00+00:00,6.242,6.292,6.239,6.269,60265.6
2025-04-01 18:00:00+00:00,6.269,6.27,6.217,6.23,78827.3
2025-04-01 19:00:00+00:00,6.23,6.256,6.195,6.255,98552.4
2025-04-01 20:00:00+00:00,6.255,6.311,6.239,6.302,125925.9
2025-04-01 21:00:00+00:00,6.302,6.347,6.292,6.301,63222.6
2025-04-01 22:00:00+00:00,6.301,6.333,6.286,6.289,44891.4
2025-04-01 23:00:00+00:00,6.289,6.307,6.251,6.26,63050.8
2025-04-02 00:00:00+00:00,6.26,6.281,6.183,6.202,105859.2
2025-04-02 01:00:00+00:00,6.202,6.22,6.168,6.194,77707.0
2025-04-02 02:00:00+00:00,6.194,6.205,6.106,6.143,139569.4
2025-04-02 03:00:00+00:00,6.143,6.192,6.114,6.136,72141.6
2025-04-02 04:00:00+00:00,6.136,6.146,6.103,6.127,42691.5
2025-04-02 05:00:00+00:00,6.127,6.129,6.024,6.027,96512.9
2025-04-02 06:00:00+00:00,6.027,6.072,6.014,6.016,80934.2
2025-04-02 07:00:00+00:00,6.016,6.476,6.009,6.081,1092156.1
2025-04-02 08:00:00+00:00,6.081,6.133,6.059,6.08,175623.4
2025-04-02 09:00:00+00:00,6.08,6.144,6.071,6.11,147089.9
2025-04-02 10:00:00+00:00,6.11,6.143,6.066,6.069,97611.6
2025-04-02 11:00:00+00:00,6.069,6.097,6.063,6.081,42619.5
2025-04-02 12:00:00+00:00,6.081,6.091,6.021,6.089,80605.4
2025-04-02 13:00:00+00:00,6.089,6.142,6.003,6.059,247496.0
2025-04-02 14:00:00+00:00,6.059,6.121,6.034,6.111,166215.4
2025-04-02 15:00:00+00:00,6.111,6.29,6.103,6.239,430041.3
2025-04-02 16:00:00+00:00,6.239,6.27,6.198,6.21,86919.0
2025-04-02 17:00:00+00:00,6.21,6.256,6.122,6.157,81861.3
2025-04-02 18:00:00+00:00,6.157,6.22,6.134,6.198,96560.9
2025-04-02 19:00:00+00:00,6.198,6.246,6.173,6.231,50200.2
2025-04-02 20:00:00+00:00,6.231,6.41,6.105,6.163,875748.5
2025-04-02 21:00:00+00:00,6.163,6.183,6.067,6.115,191582.9
2025-04-02 22:00:00+00:00,6.115,6.115,5.807,5.823,421816.7
2025-04-02 23:00:00+00:00,5.823,5.879,5.778,5.83,261306.7
2025-04-03 00:00:00+00:00,5.83,5.977,5.81,5.953,415693.0
2025-04-03 01:00:00+00:00,5.953,6.01,5.927,5.978,202046.9
2025-04-03 02:00:00+00:00,5.978,6.03,5.965,6.026,84208.3
2025-04-03 03:00:00+00:00,6.026,6.036,5.994,6.017,56127.0
2025-04-03 04:00:00+00:00,6.017,6.057,5.992,6.042,69042.4
2025-04-03 05:00:00+00:00,6.042,6.064,5.982,5.984,80355.7
2025-04-03 06:00:00+00:00,5.984,6.015,5.963,5.972,56090.0
2025-04-03 07:00:00+00:00,5.972,6.006,5.926,5.959,163000.1
2025-04-03 08:00:00+00:00,5.959,6.005,5.958,5.995,95572.8
2025-04-03 09:00:00+00:00,5.995,6.022,5.97,5.98,104045.2
2025-04-03 10:00:00+00:00,5.98,6.0,5.866,5.879,208238.3
2025-04-03 11:00:00+00:00,5.879,5.902,5.835,5.864,124216.9
2025-04-03 12:00:00+00:00,5.864,5.886,5.704,5.708,497094.3
2025-04-03 13:00:00+00:00,5.708,5.81,5.702,5.778,233954.6
2025-04-03 14:00:00+00:00,5.778,5.784,5.645,5.661,263825.7
2025-04-03 15:00:00+00:00,5.661,5.765,5.657,5.761,97526.0
2025-04-03 16:00:00+00:00,5.761,5.795,5.616,5.692,574190.4
2025-04-03 17:00:00+00:00,5.692,5.727,5.668,5.703,168399.7
2025-04-03 18:00:00+00:00,5.703,5.775,5.673,5.745,151716.6
2025-04-03 19:00:00+00:00,5.745,5.777,5.722,5.743,85818.6
2025-04-03 20:00:00+00:00,5.743,5.822,5.732,5.811,60009.6
2025-04-03 21:00:00+00:00,5.811,5.864,5.776,5.845,116768.2
2025-04-03 22:00:00+00:00,5.845,5.849,5.805,5.82,87699.8
2025-04-03 23:00:00+00:00,5.82,5.866,5.792,5.864,68215.6
2025-04-04 00:00:00+00:00,5.864,5.902,5.835,5.843,75852.6
2025-04-04 01:00:00+00:00,5.843,5.869,5.763,5.783,86000.6
2025-04-04 02:00:00+00:00,5.783,5.89,5.783,5.846,101823.5
2025-04-04 03:00:00+00:00,5.846,5.865,5.819,5.841,63317.9
2025-04-04 04:00:00+00:00,5.841,5.861,5.809,5.825,63229.2
2025-04-04 05:00:00+00:00,5.825,5.917,5.805,5.915,72654.5
2025-04-04 06:00:00+00:00,5.915,5.941,5.898,5.898,161650.2
2025-04-04 07:00:00+00:00,5.898,5.992,5.897,5.975,176844.3
2025-04-04 08:00:00+00:00,5.975,6.027,5.964,5.987,117798.6
2025-04-04 09:00:00+00:00,5.987,6.029,5.981,6.011,101709.8
2025-04-04 10:00:00+00:00,6.011,6.023,5.813,5.82,330502.3
2025-04-04 11:00:00+00:00,5.82,5.838,5.648,5.753,388888.7
2025-04-04 12:00:00+00:00,5.753,5.819,5.708,5.803,323818.0
2025-04-04 13:00:00+00:00,5.803,5.855,5.717,5.838,265320.8
2025-04-04 14:00:00+00:00,5.838,5.854,5.743,5.801,169670.8
2025-04-04 15:00:00+00:00,5.801,5.918,5.799,5.836,384019.5
2025-04-04 16:00:00+00:00,5.836,5.885,5.786,5.838,1969650.1
2025-04-04 17:00:00+00:00,5.838,5.957,5.809,5.921,254948.4
2025-04-04 18:00:00+00:00,5.921,5.939,5.848,5.855,179396.3
2025-04-04 19:00:00+00:00,5.855,5.929,5.842,5.899,92180.2
2025-04-04 20:00:00+00:00,5.899,5.946,5.869,5.939,68846.0
2025-04-04 21:00:00+00:00,5.939,5.974,5.924,5.94,60822.5
2025-04-04 22:00:00+00:00,5.94,5.954,5.921,5.922,35430.6
2025-04-04 23:00:00+00:00,5.922,5.922,5.886,5.904,41528.4
2025-04-05 00:00:00+00:00,5.904,5.931,5.878,5.922,61201.2
2025-04-05 01:00:00+00:00,5.922,5.935,5.902,5.903,42937.3
2025-04-05 02:00:00+00:00,5.903,5.906,5.874,5.883,37715.6
2025-04-05 03:00:00+00:00,5.883,5.89,5.859,5.87,97119.3
2025-04-05 04:00:00+00:00,5.87,5.893,5.856,5.861,54307.7
2025-04-05 05:00:00+00:00,5.861,5.898,5.858,5.858,29103.0
2025-04-05 06:00:00+00:00,5.858,5.885,5.847,5.87,44701.5
2025-04-05 07:00:00+00:00,5.87,5.91,5.857,5.895,54262.6
2025-04-05 08:00:00+00:00,5.895,5.911,5.882,5.899,24691.0
2025-04-05 09:00:00+00:00,5.899,5.927,5.894,5.925,40826.6
2025-04-05 10:00:00+00:00,5.925,5.937,5.916,5.923,43788.8
2025-04-05 11:00:00+00:00,5.923,5.927,5.885,5.887,82285.7
2025-04-05 12:00:00+00:00,5.887,5.896,5.856,5.879,96696.5
2025-04-05 13:00:00+00:00,5.879,5.885,5.8,5.813,91231.9
2025-04-05 14:00:00+00:00,5.813,5.845,5.807,5.826,55857.8
2025-04-05 15:00:00+00:00,5.826,5.826,5.772,5.794,43505.2
2025-04-05 16:00:00+00:00,5.794,5.806,5.776,5.782,82353.3
2025-04-05 17:00:00+00:00,5.782,5.795,5.759,5.776,65372.9
2025-04-05 18:00:00+00:00,5.776,5.823,5.772,5.818,57627.5
2025-04-05 19:00:00+00:00,5.818,5.827,5.776,5.782,21196.8
2025-04-05 20:00:00+00:00,5.782,5.817,5.751,5.808,68699.8
2025-04-05 21:00:00+00:00,5.808,5.812,5.779,5.779,33998.5
2025-04-05 22:00:00+00:00,5.779,5.814,5.776,5.813,15381.3
2025-04-05 23:00:00+00:00,5.813,5.87,5.808,5.858,33022.1
2025-04-06 00:00:00+00:00,5.858,5.866,5.829,5.859,43458.2
2025-04-06 01:00:00+00:00,5.859,5.886,5.841,5.844,35450.7
2025-04-06 02:00:00+00:00,5.844,5.851,5.816,5.818,25884.1
2025-04-06 03:00:00+00:00,5.818,5.828,5.803,5.824,26545.9
2025-04-06 04:00:00+00:00,5.824,5.837,5.802,5.836,35148.7
2025-04-06 05:00:00+00:00,5.836,5.855,5.809,5.846,43929.7
2025-04-06 06:00:00+00:00,5.846,5.851,5.807,5.807,64735.1
2025-04-06 07:00:00+00:00,5.807,5.844,5.791,5.828,56063.3
2025-04-06 08:00:00+00:00,5.828,5.895,5.809,5.866,108662.8
2025-04-06 09:00:00+00:00,5.866,5.872,5.753,5.761,192160.4
2025-04-06 10:00:00+00:00,5.761,5.764,5.707,5.725,245811.6
2025-04-06 11:00:00+00:00,5.725,5.733,5.695,5.718,90205.1
2025-04-06 12:00:00+00:00,5.718,5.734,5.671,5.673,51476.6
2025-04-06 13:00:00+00:00,5.673,5.683,5.561,5.573,213338.7
2025-04-06 14:00:00+00:00,5.573,5.64,5.562,5.639,139883.2
2025-04-06 15:00:00+00:00,5.639,5.652,5.602,5.621,50416.4
2025-04-06 16:00:00+00:00,5.621,5.623,5.532,5.541,137771.2
2025-04-06 17:00:00+00:00,5.541,5.551,5.361,5.369,552171.7
2025-04-06 18:00:00+00:00,5.369,5.369,5.141,5.181,829046.1
2025-04-06 19:00:00+00:00,5.181,5.237,5.155,5.21,444734.9
2025-04-06 20:00:00+00:00,5.21,5.223,5.027,5.052,593405.1
2025-04-06 21:00:00+00:00,5.052,5.127,5.045,5.063,138739.3
2025-04-06 22:00:00+00:00,5.063,5.13,5.015,5.033,370964.9
2025-04-06 23:00:00+00:00,5.033,5.11,4.967,5.097,434587.0
2025-04-07 00:00:00+00:00,5.097,5.112,5.015,5.063,241805.5
2025-04-07 01:00:00+00:00,5.063,5.222,5.063,5.173,261423.9
2025-04-07 02:00:00+00:00,5.173,5.186,5.103,5.115,96585.5
2025-04-07 03:00:00+00:00,5.115,5.123,4.933,4.991,360465.2
2025-04-07 04:00:00+00:00,4.991,5.046,4.949,5.02,217572.6
2025-04-07 05:00:00+00:00,5.02,5.059,4.959,4.977,192141.6
2025-04-07 06:00:00+00:00,4.977,5.017,4.598,4.652,1948466.5
2025-04-07 07:00:00+00:00,4.652,4.773,4.65,4.702,601869.1
2025-04-07 08:00:00+00:00,4.702,4.935,4.691,4.887,631613.0
2025-04-07 09:00:00+00:00,4.887,4.94,4.826,4.872,337162.8
2025-04-07 10:00:00+00:00,4.872,4.992,4.867,4.907,349924.9
2025-04-07 11:00:00+00:00,4.907,4.953,4.856,4.892,183025.8
2025-04-07 12:00:00+00:00,4.892,5.03,4.869,5.0,506721.5
2025-04-07 13:00:00+00:00,5.0,5.147,4.884,5.115,1012536.8
2025-04-07 14:00:00+00:00,5.115,5.347,5.064,5.134,2308003.1
2025-04-07 15:00:00+00:00,5.134,5.161,5.042,5.113,720507.4
2025-04-07 16:00:00+00:00,5.113,5.124,5.014,5.025,296232.3
2025-04-07 17:00:00+00:00,5.025,5.161,5.025,5.138,582018.3
2025-04-07 18:00:00+00:00,5.138,5.149,5.077,5.083,190854.5
2025-04-07 19:00:00+00:00,5.083,5.134,5.058,5.072,169403.2
2025-04-07 20:00:00+00:00,5.072,5.177,5.071,5.145,85373.6
2025-04-07 21:00:00+00:00,5.145,5.191,5.105,5.173,102627.1
2025-04-07 22:00:00+00:00,5.173,5.203,5.152,5.176,87500.3
2025-04-07 23:00:00+00:00,5.176,5.183,5.109,5.115,115635.9
2025-04-08 00:00:00+00:00,5.115,5.135,5.084,5.098,113649.3
2025-04-08 01:00:00+00:00,5.098,5.254,5.079,5.244,241132.4
2025-04-08 02:00:00+00:00,5.244,5.3,5.227,5.241,254648.5
2025-04-08 03:00:00+00:00,5.241,5.251,5.175,5.189,163543.2
2025-04-08 04:00:00+00:00,5.189,5.243,5.186,5.232,118692.3
2025-04-08 05:00:00+00:00,5.232,5.242,5.174,5.227,486288.9
2025-04-08 06:00:00+00:00,5.227,5.227,5.16,5.165,202373.1
2025-04-08 07:00:00+00:00,5.165,5.178,5.131,5.163,128886.0
2025-04-08 08:00:00+00:00,5.163,5.172,5.092,5.153,179999.9
2025-04-08 09:00:00+00:00,5.153,5.197,5.144,5.152,144863.8
2025-04-08 10:00:00+00:00,5.152,5.175,5.142,5.149,84692.3
2025-04-08 11:00:00+00:00,5.149,5.256,5.138,5.239,209630.8
2025-04-08 12:00:00+00:00,5.239,5.254,5.174,5.195,173939.2
2025-04-08 13:00:00+00:00,5.195,5.244,5.156,5.193,320827.0
2025-04-08 14:00:00+00:00,5.193,5.235,5.084,5.085,242156.1
2025-04-08 15:00:00+00:00,5.085,5.124,5.058,5.097,225641.0
2025-04-08 16:00:00+00:00,5.097,5.101,4.945,4.977,334968.3
2025-04-08 17:00:00+00:00,4.977,4.994,4.876,4.964,433197.3
2025-04-08 18:00:00+00:00,4.964,5.01,4.938,4.951,268092.0
2025-04-08 19:00:00+00:00,4.951,4.969,4.765,4.799,1119919.8
2025-04-08 20:00:00+00:00,4.799,4.853,4.77,4.834,307250.7
2025-04-08 21:00:00+00:00,4.834,4.847,4.751,4.814,152225.1
2025-04-08 22:00:00+00:00,4.814,4.814,4.69,4.759,299104.7
2025-04-08 23:00:00+00:00,4.759,4.777,4.718,4.771,154672.5
2025-04-09 00:00:00+00:00,4.771,4.817,4.735,4.755,297197.3
2025-04-09 01:00:00+00:00,4.755,4.764,4.551,4.734,843998.8
2025-04-09 02:00:00+00:00,4.734,4.788,4.66,4.67,273367.6
2025-04-09 03:00:00+00:00,4.67,4.699,4.631,4.67,254861.7
2025-04-09 04:00:00+00:00,4.67,4.789,4.657,4.755,465936.8
2025-04-09 05:00:00+00:00,4.755,4.824,4.747,4.812,194837.3
2025-04-09 06:00:00+00:00,4.812,4.844,4.789,4.791,276385.9
2025-04-09 07:00:00+00:00,4.791,4.899,4.789,4.885,362407.2
2025-04-09 08:00:00+00:00,4.885,4.899,4.839,4.854,216253.7
2025-04-09 09:00:00+00:00,4.854,4.866,4.815,4.827,158273.2
2025-04-09 10:00:00+00:00,4.827,4.886,4.807,4.868,170873.8
2025-04-09 11:00:00+00:00,4.868,4.868,4.722,4.746,678630.9
2025-04-09 12:00:00+00:00,4.746,4.803,4.702,4.782,280854.0
2025-04-09 13:00:00+00:00,4.782,4.908,4.767,4.86,428285.6
2025-04-09 14:00:00+00:00,4.86,4.915,4.824,4.829,345870.3
2025-04-09 15:00:00+00:00,4.829,4.896,4.827,4.864,195834.6
2025-04-09 16:00:00+00:00,4.864,4.941,4.852,4.932,150929.3
2025-04-09 17:00:00+00:00,4.932,5.342,4.896,5.334,1916652.3
2025-04-09 18:00:00+00:00,5.334,5.446,5.278,5.327,805429.9
2025-04-09 19:00:00+00:00,5.327,5.401,5.319,5.362,218238.4
2025-04-09 20:00:00+00:00,5.362,5.451,5.362,5.444,218198.2
2025-04-09 21:00:00+00:00,5.444,5.48,5.423,5.459,164522.1
2025-04-09 22:00:00+00:00,5.459,5.491,5.436,5.437,102997.6
2025-04-09 23:00:00+00:00,5.437,5.447,5.388,5.408,125034.3
2025-04-10 00:00:00+00:00,5.408,5.412,5.292,5.336,195775.9
2025-04-10 01:00:00+00:00,5.336,5.348,5.274,5.287,139525.7
2025-04-10 02:00:00+00:00,5.287,5.318,5.277,5.298,120976.3
2025-04-10 03:00:00+00:00,5.298,5.301,5.192,5.259,215632.3
2025-04-10 04:00:00+00:00,5.259,5.275,5.2,5.272,148456.0
2025-04-10 05:00:00+00:00,5.272,5.302,5.261,5.273,110982.4
2025-04-10 06:00:00+00:00,5.273,5.298,5.246,5.264,67079.8
2025-04-10 07:00:00+00:00,5.264,5.277,5.178,5.208,152718.6
2025-04-10 08:00:00+00:00,5.208,5.224,5.164,5.187,146461.8
2025-04-10 09:00:00+00:00,5.187,5.209,5.163,5.191,142649.1
2025-04-10 10:00:00+00:00,5.191,5.209,5.143,5.177,245790.7
2025-04-10 11:00:00+00:00,5.177,5.183,5.128,5.166,291366.5
2025-04-10 12:00:00+00:00,5.166,5.275,5.147,5.17,414274.1
2025-04-10 13:00:00+00:00,5.17,5.195,5.079,5.093,304525.9
2025-04-10 14:00:00+00:00,5.093,5.165,5.058,5.096,192269.4
2025-04-10 15:00:00+00:00,5.096,5.104,4.875,4.9,470276.6
2025-04-10 16:00:00+00:00,4.9,4.932,4.845,4.928,419726.4
2025-04-10 17:00:00+00:00,4.928,4.957,4.873,4.949,224001.2
2025-04-10 18:00:00+00:00,4.949,4.974,4.927,4.972,187409.5
2025-04-10 19:00:00+00:00,4.972,5.016,4.955,4.984,203778.0
2025-04-10 20:00:00+00:00,4.984,5.021,4.979,5.004,95866.6
2025-04-10 21:00:00+00:00,5.004,5.036,4.991,5.022,88264.8
2025-04-10 22:00:00+00:00,5.022,5.049,5.002,5.03,79790.2
2025-04-10 23:00:00+00:00,5.03,5.036,4.992,5.019,136191.7
2025-04-11 00:00:00+00:00,5.019,5.043,4.991,4.997,124064.3
2025-04-11 01:00:00+00:00,4.997,5.11,4.993,5.104,220635.9
2025-04-11 02:00:00+00:00,5.104,5.146,5.076,5.103,125620.2
2025-04-11 03:00:00+00:00,5.103,5.124,5.094,5.109,154514.8
2025-04-11 04:00:00+00:00,5.109,5.143,5.097,5.129,93328.8
2025-04-11 05:00:00+00:00,5.129,5.159,5.109,5.156,83515.2
2025-04-11 06:00:00+00:00,5.156,5.203,5.156,5.167,100860.6
2025-04-11 07:00:00+00:00,5.167,5.178,5.135,5.145,54486.4
2025-04-11 08:00:00+00:00,5.145,5.187,5.114,5.169,207856.5
2025-04-11 09:00:00+00:00,5.169,5.202,5.143,5.198,165749.0
2025-04-11 10:00:00+00:00,5.198,5.252,5.163,5.196,234123.3
2025-04-11 11:00:00+00:00,5.196,5.244,5.187,5.208,169656.4
2025-04-11 12:00:00+00:00,5.208,5.242,5.176,5.188,187352.9
2025-04-11 13:00:00+00:00,5.188,5.253,5.159,5.222,151349.6
2025-04-11 14:00:00+00:00,5.222,5.223,5.143,5.178,304155.5
2025-04-11 15:00:00+00:00,5.178,5.237,5.163,5.212,174230.6
2025-04-11 16:00:00+00:00,5.212,5.266,5.175,5.225,415235.0
2025-04-11 17:00:00+00:00,5.225,5.322,5.215,5.297,176693.7
2025-04-11 18:00:00+00:00,5.297,5.323,5.258,5.26,162200.2
2025-04-11 19:00:00+00:00,5.26,5.293,5.256,5.26,80040.9
2025-04-11 20:00:00+00:00,5.26,5.281,5.245,5.278,41672.3
2025-04-11 21:00:00+00:00,5.278,5.308,5.247,5.261,70306.7
2025-04-11 22:00:00+00:00,5.261,5.267,5.239,5.242,32746.7
2025-04-11 23:00:00+00:00,5.242,5.242,5.212,5.23,52719.6
2025-04-12 00:00:00+00:00,5.23,5.236,5.194,5.2,72863.0
2025-04-12 01:00:00+00:00,5.2,5.211,5.174,5.182,68850.8
2025-04-12 02:00:00+00:00,5.182,5.189,5.148,5.148,58484.2
2025-04-12 03:00:00+00:00,5.148,5.178,5.146,5.168,46517.0
2025-04-12 04:00:00+00:00,5.168,5.22,5.147,5.21,78580.2
2025-04-12 05:00:00+00:00,5.21,5.227,5.198,5.206,140666.3
2025-04-12 06:00:00+00:00,5.206,5.247,5.205,5.23,117835.0
2025-04-12 07:00:00+00:00,5.23,5.304,5.221,5.28,243641.2
2025-04-12 08:00:00+00:00,5.28,5.33,5.275,5.303,233834.1
2025-04-12 09:00:00+00:00,5.303,5.32,5.278,5.308,55438.7
2025-04-12 10:00:00+00:00,5.308,5.308,5.269,5.286,52514.5
2025-04-12 11:00:00+00:00,5.286,5.332,5.286,5.316,56620.4
2025-04-12 12:00:00+00:00,5.316,5.362,5.301,5.332,171809.4
2025-04-12 13:00:00+00:00,5.332,5.47,5.327,5.457,245068.7
2025-04-12 14:00:00+00:00,5.457,5.561,5.441,5.528,249088.0
2025-04-12 15:00:00+00:00,5.528,5.558,5.505,5.513,132320.0
2025-04-12 16:00:00+00:00,5.513,5.554,5.501,5.526,125894.3
2025-04-12 17:00:00+00:00,5.526,5.537,5.479,5.509,125601.0
2025-04-12 18:00:00+00:00,5.509,5.579,5.508,5.567,89731.7
2025-04-12 19:00:00+00:00,5.567,5.569,5.485,5.501,66032.4
2025-04-12 20:00:00+00:00,5.501,5.564,5.491,5.525,107021.8
2025-04-12 21:00:00+00:00,5.525,5.547,5.515,5.524,38152.8
2025-04-12 22:00:00+00:00,5.524,5.549,5.51,5.523,71862.3
2025-04-12 23:00:00+00:00,5.523,5.539,5.492,5.499,59452.3
2025-04-13 00:00:00+00:00,5.499,5.518,5.467,5.49,117190.8
2025-04-13 01:00:00+00:00,5.49,5.517,5.415,5.431,95482.9
2025-04-13 02:00:00+00:00,5.431,5.446,5.397,5.427,84727.0
2025-04-13 03:00:00+00:00,5.427,5.438,5.408,5.424,39728.1
2025-04-13 04:00:00+00:00,5.424,5.425,5.363,5.372,105972.0
2025-04-13 05:00:00+00:00,5.372,5.381,5.341,5.365,66966.1
2025-04-13 06:00:00+00:00,5.365,5.433,5.349,5.419,188561.7
2025-04-13 07:00:00+00:00,5.419,5.454,5.37,5.382,269192.9
2025-04-13 08:00:00+00:00,5.382,5.481,5.379,5.47,314499.0
2025-04-13 09:00:00+00:00,5.47,5.507,5.412,5.484,382930.3
2025-04-13 10:00:00+00:00,5.484,5.495,5.44,5.462,58866.0
2025-04-13 11:00:00+00:00,5.462,5.469,5.397,5.423,148398.5
2025-04-13 12:00:00+00:00,5.423,5.439,5.392,5.405,88196.7
2025-04-13 13:00:00+00:00,5.405,5.421,5.305,5.322,141289.1
2025-04-13 14:00:00+00:00,5.322,5.36,5.308,5.346,77667.3
2025-04-13 15:00:00+00:00,5.346,5.356,5.312,5.351,69745.0
2025-04-13 16:00:00+00:00,5.351,5.392,5.343,5.391,80796.3
2025-04-13 17:00:00+00:00,5.391,5.534,5.382,5.509,248054.3
2025-04-13 18:00:00+00:00,5.509,5.542,5.471,5.472,103826.8
2025-04-13 19:00:00+00:00,5.472,5.473,5.282,5.346,250769.0
2025-04-13 20:00:00+00:00,5.346,5.415,5.312,5.336,134340.8
2025-04-13 21:00:00+00:00,5.336,5.353,5.255,5.322,104961.1
2025-04-13 22:00:00+00:00,5.322,5.343,5.276,5.276,63617.9
2025-04-13 23:00:00+00:00,5.276,5.345,5.272,5.326,84217.4
2025-04-14 00:00:00+00:00,5.326,5.442,5.317,5.384,166609.3
2025-04-14 01:00:00+00:00,5.384,5.416,5.363,5.391,82176.1
2025-04-14 02:00:00+00:00,5.391,5.553,5.379,5.482,257353.8
2025-04-14 03:00:00+00:00,5.482,5.492,5.424,5.438,121325.5
2025-04-14 04:00:00+00:00,5.438,5.505,5.426,5.486,91522.3
2025-04-14 05:00:00+00:00,5.486,5.5,5.409,5.423,88761.5
2025-04-14 06:00:00+00:00,5.423,5.425,5.392,5.405,48130.0
2025-04-14 07:00:00+00:00,5.405,5.443,5.37,5.44,96644.9
2025-04-14 08:00:00+00:00,5.44,5.476,5.408,5.466,69975.4
2025-04-14 09:00:00+00:00,5.466,5.492,5.422,5.456,115409.0
2025-04-14 10:00:00+00:00,5.456,5.627,5.444,5.612,361267.6
2025-04-14 11:00:00+00:00,5.612,5.644,5.584,5.592,169313.9
2025-04-14 12:00:00+00:00,5.592,5.606,5.55,5.585,126679.2
2025-04-14 13:00:00+00:00,5.585,5.6,5.463,5.5,158187.5
2025-04-14 14:00:00+00:00,5.5,5.593,5.488,5.544,189422.5
2025-04-14 15:00:00+00:00,5.544,5.549,5.364,5.383,296266.5
2025-04-14 16:00:00+00:00,5.383,5.415,5.335,5.373,158201.2
2025-04-14 17:00:00+00:00,5.373,5.459,5.365,5.455,173382.6
2025-04-14 18:00:00+00:00,5.455,5.48,5.386,5.419,133946.3
2025-04-14 19:00:00+00:00,5.419,5.458,5.412,5.42,80886.3
2025-04-14 20:00:00+00:00,5.42,5.429,5.375,5.394,45315.4
2025-04-14 21:00:00+00:00,5.394,5.397,5.334,5.378,71133.5
2025-04-14 22:00:00+00:00,5.378,5.38,5.326,5.351,41360.9
2025-04-14 23:00:00+00:00,5.351,5.37,5.325,5.343,40065.0
2025-04-15 00:00:00+00:00,5.343,5.371,5.313,5.356,55610.8
2025-04-15 01:00:00+00:00,5.356,5.386,5.299,5.379,98673.1
2025-04-15 02:00:00+00:00,5.379,5.386,5.3,5.342,94894.1
2025-04-15 03:00:00+00:00,5.342,5.406,5.33,5.406,93447.2
2025-04-15 04:00:00+00:00,5.406,5.406,5.354,5.387,58459.3
2025-04-15 05:00:00+00:00,5.387,5.423,5.385,5.389,61930.4
2025-04-15 06:00:00+00:00,5.389,5.4,5.357,5.362,37892.3
2025-04-15 07:00:00+00:00,5.362,5.423,5.359,5.411,62064.7
2025-04-15 08:00:00+00:00,5.411,5.431,5.386,5.394,97592.1
2025-04-15 09:00:00+00:00,5.394,5.439,5.381,5.422,68442.5
2025-04-15 10:00:00+00:00,5.422,5.432,5.365,5.389,60020.6
2025-04-15 11:00:00+00:00,5.389,5.39,5.338,5.359,90943.9
2025-04-15 12:00:00+00:00,5.359,5.396,5.338,5.394,87760.7
2025-04-15 13:00:00+00:00,5.394,5.45,5.351,5.356,228335.6
2025-04-15 14:00:00+00:00,5.356,5.364,5.249,5.289,275779.0
2025-04-15 15:00:00+00:00,5.289,5.328,5.254,5.282,114996.4
2025-04-15 16:00:00+00:00,5.282,5.341,5.273,5.286,90576.7
2025-04-15 17:00:00+00:00,5.286,5.308,5.243,5.254,80331.9
2025-04-15 18:00:00+00:00,5.254,5.268,5.213,5.242,90713.9
2025-04-15 19:00:00+00:00,5.242,5.252,5.209,5.228,107512.0
2025-04-15 20:00:00+00:00,5.228,5.259,5.194,5.221,70907.6
2025-04-15 21:00:00+00:00,5.221,5.257,5.192,5.231,60931.2
2025-04-15 22:00:00+00:00,5.231,5.231,5.168,5.186,73389.2
2025-04-15 23:00:00+00:00,5.186,5.199,5.164,5.177,148494.2
2025-04-16 00:00:00+00:00,5.177,5.207,5.144,5.172,80329.4
2025-04-16 01:00:00+00:00,5.172,5.248,5.166,5.231,65401.7
2025-04-16 02:00:00+00:00,5.231,5.257,5.218,5.249,96773.8
2025-04-16 03:00:00+00:00,5.249,5.253,5.208,5.214,113968.4
2025-04-16 04:00:00+00:00,5.214,5.216,5.164,5.198,111840.6
2025-04-16 05:00:00+00:00,5.198,5.224,5.134,5.154,195114.8
2025-04-16 06:00:00+00:00,5.154,5.181,5.135,5.168,100273.7
2025-04-16 07:00:00+00:00,5.168,5.176,5.106,5.114,72493.7
2025-04-16 08:00:00+00:00,5.114,5.195,5.081,5.17,169263.0
2025-04-16 09:00:00+00:00,5.17,5.191,5.121,5.123,59269.0
2025-04-16 10:00:00+00:00,5.123,5.17,5.121,5.16,43421.7
2025-04-16 11:00:00+00:00,5.16,5.172,5.129,5.169,97870.1
2025-04-16 12:00:00+00:00,5.169,5.191,5.125,5.133,65183.0
2025-04-16 13:00:00+00:00,5.133,5.169,5.11,5.121,73618.5
2025-04-16 14:00:00+00:00,5.121,5.217,5.118,5.182,129732.5
2025-04-16 15:00:00+00:00,5.182,5.239,5.165,5.169,109915.8
2025-04-16 16:00:00+00:00,5.169,5.195,5.114,5.174,82895.2
2025-04-16 17:00:00+00:00,5.174,5.248,5.016,5.037,400514.6
2025-04-16 18:00:00+00:00,5.037,5.149,5.03,5.106,212962.9
2025-04-16 19:00:00+00:00,5.106,5.205,5.053,5.183,211670.5
2025-04-16 20:00:00+00:00,5.183,5.226,5.143,5.152,150152.5
2025-04-16 21:00:00+00:00,5.152,5.229,5.146,5.196,123466.6
2025-04-16 22:00:00+00:00,5.196,5.198,5.163,5.18,53286.7
2025-04-16 23:00:00+00:00,5.18,5.181,5.118,5.147,52145.6
2025-04-17 00:00:00+00:00,5.147,5.179,5.143,5.176,46200.9
2025-04-17 01:00:00+00:00,5.176,5.222,5.163,5.204,54204.2
2025-04-17 02:00:00+00:00,5.204,5.208,5.177,5.191,40797.5
2025-04-17 03:00:00+00:00,5.191,5.205,5.142,5.177,51589.6
2025-04-17 04:00:00+00:00,5.177,5.221,5.163,5.215,41102.7
2025-04-17 05:00:00+00:00,5.215,5.253,5.215,5.242,63308.7
2025-04-17 06:00:00+00:00,5.242,5.285,5.238,5.266,77535.4
2025-04-17 07:00:00+00:00,5.266,5.295,5.251,5.263,57874.1
2025-04-17 08:00:00+00:00,5.263,5.271,5.212,5.227,72753.5
2025-04-17 09:00:00+00:00,5.227,5.234,5.205,5.214,40039.6
2025-04-17 10:00:00+00:00,5.214,5.214,5.178,5.199,54369.6
2025-04-17 11:00:00+00:00,5.199,5.22,5.18,5.202,43077.0
2025-04-17 12:00:00+00:00,5.202,5.233,5.201,5.218,95945.2
2025-04-17 13:00:00+00:00,5.218,5.219,5.165,5.178,48462.2
2025-04-17 14:00:00+00:00,5.178,5.184,5.086,5.113,126374.8
2025-04-17 15:00:00+00:00,5.113,5.187,5.113,5.17,123292.0
2025-04-17 16:00:00+00:00,5.17,5.269,5.153,5.239,180244.1
2025-04-17 17:00:00+00:00,5.239,5.281,5.224,5.26,108029.2
2025-04-17 18:00:00+00:00,5.26,5.285,5.235,5.235,91602.8
2025-04-17 19:00:00+00:00,5.235,5.25,5.157,5.182,104646.4
2025-04-17 20:00:00+00:00,5.182,5.221,5.18,5.203,58984.6
2025-04-17 21:00:00+00:00,5.203,5.218,5.181,5.202,33128.4
2025-04-17 22:00:00+00:00,5.202,5.215,5.151,5.151,62808.5
2025-04-17 23:00:00+00:00,5.151,5.194,5.148,5.178,61096.3
2025-04-18 00:00:00+00:00,5.178,5.185,5.124,5.135,51808.9
2025-04-18 01:00:00+00:00,5.135,5.181,5.123,5.151,41678.4
2025-04-18 02:00:00+00:00,5.151,5.178,5.136,5.166,35793.6
2025-04-18 03:00:00+00:00,5.166,5.166,5.136,5.162,46133.3
2025-04-18 04:00:00+00:00,5.162,5.183,5.139,5.176,44552.7
2025-04-18 05:00:00+00:00,5.176,5.187,5.151,5.186,31264.5
2025-04-18 06:00:00+00:00,5.186,5.195,5.151,5.181,52375.8
2025-04-18 07:00:00+00:00,5.181,5.202,5.156,5.202,54659.2
2025-04-18 08:00:00+00:00,5.202,5.229,5.195,5.202,83061.5
2025-04-18 09:00:00+00:00,5.202,5.211,5.189,5.198,29715.2
2025-04-18 10:00:00+00:00,5.198,5.217,5.181,5.184,33566.3
2025-04-18 11:00:00+00:00,5.184,5.205,5.171,5.203,34351.8
2025-04-18 12:00:00+00:00,5.203,5.239,5.196,5.22,51219.3
2025-04-18 13:00:00+00:00,5.22,5.222,5.193,5.205,54814.5
2025-04-18 14:00:00+00:00,5.205,5.217,5.175,5.181,50932.6
2025-04-18 15:00:00+00:00,5.181,5.186,5.138,5.153,82278.4
2025-04-18 16:00:00+00:00,5.153,5.184,5.143,5.178,38659.0
2025-04-18 17:00:00+00:00,5.178,5.203,5.169,5.2,61276.4
2025-04-18 18:00:00+00:00,5.2,5.22,5.185,5.199,130256.2
2025-04-18 19:00:00+00:00,5.199,5.208,5.172,5.183,65141.3
2025-04-18 20:00:00+00:00,5.183,5.195,5.176,5.189,30914.7
2025-04-18 21:00:00+00:00,5.189,5.217,5.181,5.209,50556.0
2025-04-18 22:00:00+00:00,5.209,5.213,5.183,5.186,18056.9
2025-04-18 23:00:00+00:00,5.186,5.186,5.158,5.169,36047.5
2025-04-19 00:00:00+00:00,5.169,5.201,5.167,5.183,31171.5
2025-04-19 01:00:00+00:00,5.183,5.21,5.177,5.208,18311.5
2025-04-19 02:00:00+00:00,5.208,5.248,5.197,5.234,85757.7
2025-04-19 03:00:00+00:00,5.234,5.27,5.227,5.25,43749.8
2025-04-19 04:00:00+00:00,5.25,5.28,5.244,5.251,58589.6
2025-04-19 05:00:00+00:00,5.251,5.259,5.243,5.246,19719.1
2025-04-19 06:00:00+00:00,5.246,5.252,5.226,5.233,24909.5
2025-04-19 07:00:00+00:00,5.233,5.279,5.23,5.264,32100.4
2025-04-19 08:00:00+00:00,5.264,5.284,5.256,5.279,39932.4
2025-04-19 09:00:00+00:00,5.279,5.311,5.257,5.26,103425.5
2025-04-19 10:00:00+00:00,5.26,5.267,5.246,5.257,40748.0
2025-04-19 11:00:00+00:00,5.257,5.264,5.238,5.241,32735.0
2025-04-19 12:00:00+00:00,5.241,5.252,5.22,5.227,97947.7
2025-04-19 13:00:00+00:00,5.227,5.246,5.217,5.24,110493.8
2025-04-19 14:00:00+00:00,5.24,5.255,5.23,5.254,39425.7
2025-04-19 15:00:00+00:00,5.254,5.27,5.226,5.238,78466.3
2025-04-19 16:00:00+00:00,5.238,5.271,5.223,5.23,57986.4
2025-04-19 17:00:00+00:00,5.23,5.314,5.225,5.3,104748.3
2025-04-19 18:00:00+00:00,5.3,5.325,5.291,5.304,105099.9
2025-04-19 19:00:00+00:00,5.304,5.317,5.293,5.301,27388.0
2025-04-19 20:00:00+00:00,5.301,5.326,5.298,5.319,53272.0
2025-04-19 21:00:00+00:00,5.319,5.346,5.319,5.346,68854.3
2025-04-19 22:00:00+00:00,5.346,5.358,5.33,5.341,44313.0
2025-04-19 23:00:00+00:00,5.341,5.343,5.31,5.315,22005.0
2025-04-20 00:00:00+00:00,5.315,5.332,5.305,5.306,42396.8
2025-04-20 01:00:00+00:00,5.306,5.351,5.305,5.35,57976.4
2025-04-20 02:00:00+00:00,5.35,5.352,5.327,5.333,67615.7
2025-04-20 03:00:00+00:00,5.333,5.334,5.314,5.331,22463.9
2025-04-20 04:00:00+00:00,5.331,5.352,5.318,5.342,57489.8
2025-04-20 05:00:00+00:00,5.342,5.349,5.312,5.314,77631.6
2025-04-20 06:00:00+00:00,5.314,5.328,5.294,5.307,53140.8
2025-04-20 07:00:00+00:00,5.307,5.307,5.257,5.272,143575.1
2025-04-20 08:00:00+00:00,5.272,5.28,5.232,5.244,88619.2
2025-04-20 09:00:00+00:00,5.244,5.259,5.229,5.242,70707.5
2025-04-20 10:00:00+00:00,5.242,5.243,5.165,5.18,194310.2
2025-04-20 11:00:00+00:00,5.18,5.196,5.146,5.177,140847.1
2025-04-20 12:00:00+00:00,5.177,5.214,5.173,5.184,126696.5
2025-04-20 13:00:00+00:00,5.184,5.198,5.158,5.187,42459.2
2025-04-20 14:00:00+00:00,5.187,5.223,5.181,5.216,35166.8
2025-04-20 15:00:00+00:00,5.216,5.224,5.192,5.205,45106.9
2025-04-20 16:00:00+00:00,5.205,5.251,5.202,5.25,90380.2
2025-04-20 17:00:00+00:00,5.25,5.256,5.222,5.235,40419.1
2025-04-20 18:00:00+00:00,5.235,5.253,5.23,5.243,29537.6
2025-04-20 19:00:00+00:00,5.243,5.277,5.235,5.277,29382.4
2025-04-20 20:00:00+00:00,5.277,5.335,5.273,5.286,167883.5
2025-04-20 21:00:00+00:00,5.286,5.289,5.256,5.265,27863.0
2025-04-20 22:00:00+00:00,5.265,5.265,5.208,5.22,65466.4
2025-04-20 23:00:00+00:00,5.22,5.251,5.22,5.247,39895.6
2025-04-21 00:00:00+00:00,5.247,5.411,5.247,5.368,230235.7
2025-04-21 01:00:00+00:00,5.368,5.43,5.364,5.415,160905.8
2025-04-21 02:00:00+00:00,5.415,5.455,5.382,5.403,148351.4
2025-04-21 03:00:00+00:00,5.403,5.429,5.398,5.406,70269.3
2025-04-21 04:00:00+00:00,5.406,5.433,5.39,5.432,52399.9
2025-04-21 05:00:00+00:00,5.432,5.485,5.419,5.451,121575.6
2025-04-21 06:00:00+00:00,5.451,5.505,5.448,5.457,94697.3
2025-04-21 07:00:00+00:00,5.457,5.478,5.438,5.462,49015.8
2025-04-21 08:00:00+00:00,5.462,5.488,5.462,5.475,42034.8
2025-04-21 09:00:00+00:00,5.475,5.488,5.424,5.439,111369.7
2025-04-21 10:00:00+00:00,5.439,5.456,5.41,5.448,194145.4
2025-04-21 11:00:00+00:00,5.448,5.449,5.387,5.412,77503.4
2025-04-21 12:00:00+00:00,5.412,5.438,5.409,5.414,56898.5
2025-04-21 13:00:00+00:00,5.414,5.442,5.389,5.389,97790.9
2025-04-21 14:00:00+00:00,5.389,5.477,5.378,5.449,147099.0
2025-04-21 15:00:00+00:00,5.449,5.452,5.388,5.405,76729.0
2025-04-21 16:00:00+00:00,5.405,5.423,5.299,5.308,149768.6
2025-04-21 17:00:00+00:00,5.308,5.314,5.239,5.283,237384.6
2025-04-21 18:00:00+00:00,5.283,5.283,5.219,5.22,170548.1
2025-04-21 19:00:00+00:00,5.22,5.289,5.21,5.276,114584.2
2025-04-21 20:00:00+00:00,5.276,5.286,5.259,5.278,70320.6
2025-04-21 21:00:00+00:00,5.278,5.288,5.244,5.28,48234.6
2025-04-21 22:00:00+00:00,5.28,5.28,5.243,5.263,24709.0
2025-04-21 23:00:00+00:00,5.263,5.278,5.235,5.269,27388.6
2025-04-22 00:00:00+00:00,5.269,5.274,5.178,5.237,159229.5
2025-04-22 01:00:00+00:00,5.237,5.332,5.225,5.314,116757.4
2025-04-22 02:00:00+00:00,5.314,5.331,5.239,5.254,91460.3
2025-04-22 03:00:00+00:00,5.254,5.272,5.232,5.262,59889.2
2025-04-22 04:00:00+00:00,5.262,5.285,5.234,5.236,56011.2
2025-04-22 05:00:00+00:00,5.236,5.25,5.222,5.244,62371.4
2025-04-22 06:00:00+00:00,5.244,5.258,5.203,5.236,105879.1
2025-04-22 07:00:00+00:00,5.236,5.383,5.224,5.369,370593.4
2025-04-22 08:00:00+00:00,5.369,5.421,5.356,5.383,320792.1
2025-04-22 09:00:00+00:00,5.383,5.407,5.33,5.353,620997.7
2025-04-22 10:00:00+00:00,5.353,5.382,5.342,5.375,424711.8
2025-04-22 11:00:00+00:00,5.375,5.426,5.375,5.421,329070.8
2025-04-22 12:00:00+00:00,5.421,5.451,5.403,5.432,100089.2
2025-04-22 13:00:00+00:00,5.432,5.488,5.399,5.471,460558.6
2025-04-22 14:00:00+00:00,5.471,5.546,5.436,5.537,415072.0
2025-04-22 15:00:00+00:00,5.537,5.688,5.536,5.603,561357.0
2025-04-22 16:00:00+00:00,5.603,5.628,5.557,5.581,150690.6
2025-04-22 17:00:00+00:00,5.581,5.617,5.564,5.609,246547.7
2025-04-22 18:00:00+00:00,5.609,5.647,5.605,5.634,60283.0
2025-04-22 19:00:00+00:00,5.634,5.641,5.579,5.622,70550.0
2025-04-22 20:00:00+00:00,5.622,5.633,5.605,5.623,68432.5
2025-04-22 21:00:00+00:00,5.623,5.819,5.62,5.793,257248.3
2025-04-22 22:00:00+00:00,5.793,5.814,5.745,5.777,189963.8
2025-04-22 23:00:00+00:00,5.777,5.829,5.77,5.806,148693.4
2025-04-23 00:00:00+00:00,5.806,5.849,5.788,5.793,199733.9
2025-04-23 01:00:00+00:00,5.793,5.912,5.784,5.843,323325.4
2025-04-23 02:00:00+00:00,5.843,5.966,5.817,5.921,264774.0
2025-04-23 03:00:00+00:00,5.921,5.957,5.874,5.95,146420.2
2025-04-23 04:00:00+00:00,5.95,6.024,5.91,6.021,200798.8
2025-04-23 05:00:00+00:00,6.021,6.021,5.936,5.942,216938.2
2025-04-23 06:00:00+00:00,5.942,5.987,5.929,5.941,184899.3
2025-04-23 07:00:00+00:00,5.941,5.957,5.891,5.936,200194.0
2025-04-23 08:00:00+00:00,5.936,5.977,5.909,5.958,176714.8
2025-04-23 09:00:00+00:00,5.958,6.014,5.958,5.962,209132.1
2025-04-23 10:00:00+00:00,5.962,6.052,5.923,6.035,225235.3
2025-04-23 11:00:00+00:00,6.035,6.076,5.986,6.008,154270.1
2025-04-23 12:00:00+00:00,6.008,6.074,5.999,6.044,170588.6
2025-04-23 13:00:00+00:00,6.044,6.074,5.937,5.952,545588.6
2025-04-23 14:00:00+00:00,5.952,6.02,5.945,5.966,328646.2
2025-04-23 15:00:00+00:00,5.966,5.995,5.846,5.988,509824.3
2025-04-23 16:00:00+00:00,5.988,6.023,5.936,6.005,255826.5
2025-04-23 17:00:00+00:00,6.005,6.053,5.977,6.035,262967.8
2025-04-23 18:00:00+00:00,6.035,6.086,6.033,6.049,142388.0
2025-04-23 19:00:00+00:00,6.049,6.055,5.957,5.982,209633.6
2025-04-23 20:00:00+00:00,5.982,6.029,5.979,6.021,67970.6
2025-04-23 21:00:00+00:00,6.021,6.034,5.978,6.005,66972.8
2025-04-23 22:00:00+00:00,6.005,6.072,5.976,6.071,108948.2
2025-04-23 23:00:00+00:00,6.071,6.095,6.009,6.027,229375.6
2025-04-24 00:00:00+00:00,6.027,6.052,5.969,5.981,136837.0
2025-04-24 01:00:00+00:00,5.981,6.012,5.934,5.973,89163.3
2025-04-24 02:00:00+00:00,5.973,5.994,5.889,5.896,142472.8
2025-04-24 03:00:00+00:00,5.896,5.935,5.85,5.855,273865.9
2025-04-24 04:00:00+00:00,5.855,5.875,5.818,5.841,167445.1
2025-04-24 05:00:00+00:00,5.841,5.858,5.813,5.822,126337.8
2025-04-24 06:00:00+00:00,5.822,5.864,5.793,5.809,147420.3
2025-04-24 07:00:00+00:00,5.809,5.836,5.739,5.754,131927.7
2025-04-24 08:00:00+00:00,5.754,5.769,5.637,5.667,334296.1
2025-04-24 09:00:00+00:00,5.667,5.739,5.658,5.731,206820.4
2025-04-24 10:00:00+00:00,5.731,5.749,5.709,5.743,66391.8
2025-04-24 11:00:00+00:00,5.743,5.769,5.699,5.763,118950.4
2025-04-24 12:00:00+00:00,5.763,5.777,5.732,5.776,73152.2
2025-04-24 13:00:00+00:00,5.776,5.809,5.737,5.772,174790.9
2025-04-24 14:00:00+00:00,5.772,5.874,5.758,5.843,340799.1
2025-04-24 15:00:00+00:00,5.843,5.925,5.827,5.848,391086.0
2025-04-24 16:00:00+00:00,5.848,5.909,5.826,5.89,224647.3
2025-04-24 17:00:00+00:00,5.89,5.909,5.758,5.799,233670.9
2025-04-24 18:00:00+00:00,5.799,5.845,5.795,5.823,112206.3
2025-04-24 19:00:00+00:00,5.823,5.826,5.781,5.799,74195.2
2025-04-24 20:00:00+00:00,5.799,5.828,5.778,5.781,101338.7
2025-04-24 21:00:00+00:00,5.781,5.795,5.741,5.781,114448.5
2025-04-24 22:00:00+00:00,5.781,5.793,5.74,5.757,56597.8
2025-04-24 23:00:00+00:00,5.757,5.843,5.749,5.807,149920.2
2025-04-25 00:00:00+00:00,5.807,5.832,5.763,5.823,150627.1
2025-04-25 01:00:00+00:00,5.823,5.88,5.768,5.773,201819.0
2025-04-25 02:00:00+00:00,5.773,5.79,5.685,5.704,177620.7
2025-04-25 03:00:00+00:00,5.704,5.756,5.689,5.744,142898.8
2025-04-25 04:00:00+00:00,5.744,5.822,5.736,5.772,171540.8
2025-04-25 05:00:00+00:00,5.772,5.79,5.759,5.774,75149.7
2025-04-25 06:00:00+00:00,5.774,5.879,5.767,5.868,228577.1
2025-04-25 07:00:00+00:00,5.868,5.904,5.819,5.899,346618.2
2025-04-25 08:00:00+00:00,5.899,5.909,5.874,5.893,219561.2
2025-04-25 09:00:00+00:00,5.893,5.918,5.839,5.911,286996.0
2025-04-25 10:00:00+00:00,5.911,5.924,5.814,5.824,243354.0
2025-04-25 11:00:00+00:00,5.824,5.881,5.822,5.868,147547.0
2025-04-25 12:00:00+00:00,5.868,5.927,5.812,5.817,354907.1
2025-04-25 13:00:00+00:00,5.817,5.842,5.746,5.79,388488.4
2025-04-25 14:00:00+00:00,5.79,5.932,5.784,5.913,433557.0
2025-04-25 15:00:00+00:00,5.913,5.981,5.896,5.924,587265.7
2025-04-25 16:00:00+00:00,5.924,5.947,5.833,5.93,262763.7
2025-04-25 17:00:00+00:00,5.93,5.956,5.838,5.845,268608.5
2025-04-25 18:00:00+00:00,5.845,5.898,5.844,5.858,85527.4
2025-04-25 19:00:00+00:00,5.858,5.872,5.832,5.858,95269.7
2025-04-25 20:00:00+00:00,5.858,5.887,5.836,5.855,107008.2
2025-04-25 21:00:00+00:00,5.855,5.892,5.795,5.816,170202.7
2025-04-25 22:00:00+00:00,5.816,5.904,5.814,5.885,72294.3
2025-04-25 23:00:00+00:00,5.885,5.894,5.815,5.824,100128.3
2025-04-26 00:00:00+00:00,5.824,5.934,5.822,5.927,203155.5
2025-04-26 01:00:00+00:00,5.927,6.025,5.887,5.991,254521.5
2025-04-26 02:00:00+00:00,5.991,6.025,5.948,5.988,133184.0
2025-04-26 03:00:00+00:00,5.988,6.011,5.916,5.945,179040.7
2025-04-26 04:00:00+00:00,5.945,5.946,5.879,5.885,120905.3
2025-04-26 05:00:00+00:00,5.885,5.924,5.863,5.897,117106.3
2025-04-26 06:00:00+00:00,5.897,5.956,5.888,5.943,210479.6
2025-04-26 07:00:00+00:00,5.943,5.973,5.909,5.91,141550.8
2025-04-26 08:00:00+00:00,5.91,6.023,5.897,5.913,409877.0
2025-04-26 09:00:00+00:00,5.913,5.934,5.839,5.877,349967.5
2025-04-26 10:00:00+00:00,5.877,5.915,5.863,5.876,142046.0
2025-04-26 11:00:00+00:00,5.876,5.884,5.761,5.783,339185.9
2025-04-26 12:00:00+00:00,5.783,5.827,5.778,5.804,254581.0
2025-04-26 13:00:00+00:00,5.804,5.822,5.732,5.793,169202.1
2025-04-26 14:00:00+00:00,5.793,5.806,5.759,5.79,128451.2
2025-04-26 15:00:00+00:00,5.79,5.844,5.788,5.826,210239.5
2025-04-26 16:00:00+00:00,5.826,5.834,5.78,5.8,110274.0
2025-04-26 17:00:00+00:00,5.8,5.821,5.786,5.808,88854.2
2025-04-26 18:00:00+00:00,5.808,5.811,5.783,5.789,46709.7
2025-04-26 19:00:00+00:00,5.789,5.81,5.776,5.808,86018.0
2025-04-26 20:00:00+00:00,5.808,5.836,5.776,5.776,78368.8
2025-04-26 21:00:00+00:00,5.776,5.805,5.776,5.785,59084.1
2025-04-26 22:00:00+00:00,5.785,5.854,5.782,5.825,122839.5
2025-04-26 23:00:00+00:00,5.825,5.832,5.806,5.811,143958.4
2025-04-27 00:00:00+00:00,5.811,5.999,5.809,5.969,482449.0
2025-04-27 01:00:00+00:00,5.969,5.986,5.752,5.761,614069.2
2025-04-27 02:00:00+00:00,5.761,5.816,5.745,5.784,226649.3
2025-04-27 03:00:00+00:00,5.784,5.8,5.754,5.766,119501.4
2025-04-27 04:00:00+00:00,5.766,5.792,5.695,5.704,120023.8
2025-04-27 05:00:00+00:00,5.704,5.737,5.661,5.703,177377.6
2025-04-27 06:00:00+00:00,5.703,5.729,5.68,5.698,77270.2
2025-04-27 07:00:00+00:00,5.698,5.736,5.675,5.731,81158.0
2025-04-27 08:00:00+00:00,5.731,5.758,5.718,5.734,86066.7
2025-04-27 09:00:00+00:00,5.734,5.746,5.701,5.743,98568.1
2025-04-27 10:00:00+00:00,5.743,5.745,5.708,5.72,68863.8
2025-04-27 11:00:00+00:00,5.72,5.738,5.702,5.703,60006.1
2025-04-27 12:00:00+00:00,5.703,5.705,5.619,5.633,188613.5
2025-04-27 13:00:00+00:00,5.633,5.676,5.583,5.644,278309.0
2025-04-27 14:00:00+00:00,5.644,5.648,5.586,5.589,324816.7
2025-04-27 15:00:00+00:00,5.589,5.592,5.545,5.565,161063.4
2025-04-27 16:00:00+00:00,5.565,5.571,5.506,5.532,202816.3
2025-04-27 17:00:00+00:00,5.532,5.563,5.519,5.548,78577.5
2025-04-27 18:00:00+00:00,5.548,5.603,5.538,5.581,143174.1
2025-04-27 19:00:00+00:00,5.581,5.622,5.569,5.618,97615.2
2025-04-27 20:00:00+00:00,5.618,5.623,5.559,5.568,97551.3
2025-04-27 21:00:00+00:00,5.568,5.592,5.546,5.574,71903.4
2025-04-27 22:00:00+00:00,5.574,5.574,5.484,5.543,211689.5
2025-04-27 23:00:00+00:00,5.543,5.543,5.487,5.493,83834.7
2025-04-28 00:00:00+00:00,5.493,5.505,5.445,5.457,316405.2
2025-04-28 01:00:00+00:00,5.457,5.471,5.32,5.378,494320.8
2025-04-28 02:00:00+00:00,5.378,5.416,5.363,5.399,176987.9
2025-04-28 03:00:00+00:00,5.399,5.452,5.379,5.428,158199.3
2025-04-28 04:00:00+00:00,5.428,5.478,5.424,5.451,138442.7
2025-04-28 05:00:00+00:00,5.451,5.476,5.434,5.452,171882.5
2025-04-28 06:00:00+00:00,5.452,5.563,5.45,5.53,315163.6
2025-04-28 07:00:00+00:00,5.53,5.575,5.507,5.545,241471.4
2025-04-28 08:00:00+00:00,5.545,5.567,5.506,5.523,248138.1
2025-04-28 09:00:00+00:00,5.523,5.574,5.511,5.558,197716.9
2025-04-28 10:00:00+00:00,5.558,5.638,5.492,5.608,601396.3
2025-04-28 11:00:00+00:00,5.608,5.643,5.57,5.605,606527.8
2025-04-28 12:00:00+00:00,5.605,5.609,5.549,5.549,253382.2
2025-04-28 13:00:00+00:00,5.549,5.563,5.455,5.46,302344.3
2025-04-28 14:00:00+00:00,5.46,5.54,5.439,5.459,208457.4
2025-04-28 15:00:00+00:00,5.459,5.482,5.349,5.406,341543.1
2025-04-28 16:00:00+00:00,5.406,5.443,5.352,5.41,217619.3
2025-04-28 17:00:00+00:00,5.41,5.448,5.396,5.439,143986.5
2025-04-28 18:00:00+00:00,5.439,5.448,5.385,5.424,119664.1
2025-04-28 19:00:00+00:00,5.424,5.495,5.419,5.458,254052.8
2025-04-28 20:00:00+00:00,5.458,5.464,5.396,5.408,296634.7
2025-04-28 21:00:00+00:00,5.408,5.432,5.38,5.41,85744.0
2025-04-28 22:00:00+00:00,5.41,5.439,5.389,5.429,109084.1
2025-04-28 23:00:00+00:00,5.429,5.459,5.413,5.432,206755.2
2025-04-29 00:00:00+00:00,5.432,5.487,5.418,5.476,128745.7
2025-04-29 01:00:00+00:00,5.476,5.492,5.427,5.43,239998.3
2025-04-29 02:00:00+00:00,5.43,5.432,5.373,5.393,181505.1
2025-04-29 03:00:00+00:00,5.393,5.444,5.385,5.434,113045.3
2025-04-29 04:00:00+00:00,5.434,5.445,5.358,5.365,101318.3
2025-04-29 05:00:00+00:00,5.365,5.388,5.344,5.382,369589.7
2025-04-29 06:00:00+00:00,5.382,5.483,5.378,5.475,270665.7
2025-04-29 07:00:00+00:00,5.475,5.504,5.459,5.495,146355.0
2025-04-29 08:00:00+00:00,5.495,5.518,5.467,5.498,253975.6
2025-04-29 09:00:00+00:00,5.498,5.509,5.464,5.505,130911.2
2025-04-29 10:00:00+00:00,5.505,5.545,5.424,5.45,302962.1
2025-04-29 11:00:00+00:00,5.45,5.492,5.434,5.442,120624.4
2025-04-29 12:00:00+00:00,5.442,5.447,5.389,5.393,203397.2
2025-04-29 13:00:00+00:00,5.393,5.414,5.351,5.396,313262.6
2025-04-29 14:00:00+00:00,5.396,5.439,5.375,5.398,298507.4
2025-04-29 15:00:00+00:00,5.398,5.402,5.356,5.362,202086.1
2025-04-29 16:00:00+00:00,5.362,5.425,5.352,5.372,192536.2
2025-04-29 17:00:00+00:00,5.372,5.4,5.335,5.371,184049.0
2025-04-29 18:00:00+00:00,5.371,5.378,5.331,5.37,190265.4
2025-04-29 19:00:00+00:00,5.37,5.38,5.333,5.336,114839.1
2025-04-29 20:00:00+00:00,5.336,5.346,5.279,5.286,271244.8
2025-04-29 21:00:00+00:00,5.286,5.286,5.204,5.27,440896.1
2025-04-29 22:00:00+00:00,5.27,5.27,5.21,5.235,564085.3
2025-04-29 23:00:00+00:00,5.235,5.28,5.194,5.268,266209.2
2025-04-30 00:00:00+00:00,5.268,5.315,5.253,5.301,350409.7
2025-04-30 01:00:00+00:00,5.301,5.306,5.245,5.286,171395.6
2025-04-30 02:00:00+00:00,5.286,5.321,5.269,5.311,70561.9
2025-04-30 03:00:00+00:00,5.311,5.339,5.298,5.331,140431.0
2025-04-30 04:00:00+00:00,5.331,5.37,5.314,5.366,103319.6
2025-04-30 05:00:00+00:00,5.366,5.37,5.302,5.314,94670.0
2025-04-30 06:00:00+00:00,5.314,5.347,5.303,5.314,115357.0
2025-04-30 07:00:00+00:00,5.314,5.341,5.261,5.283,147899.0
2025-04-30 08:00:00+00:00,5.283,5.312,5.266,5.299,65853.7
2025-04-30 09:00:00+00:00,5.299,5.36,5.295,5.353,103222.2
2025-04-30 10:00:00+00:00,5.353,5.385,5.328,5.375,136100.6
2025-04-30 11:00:00+00:00,5.375,5.392,5.364,5.372,125190.4
2025-04-30 12:00:00+00:00,5.372,5.377,5.196,5.235,509317.6
2025-04-30 13:00:00+00:00,5.235,5.236,5.063,5.078,896172.3
2025-04-30 14:00:00+00:00,5.078,5.221,5.048,5.181,620181.1
2025-04-30 15:00:00+00:00,5.181,5.217,5.179,5.186,231274.6
2025-04-30 16:00:00+00:00,5.186,5.22,5.15,5.212,138899.1
2025-04-30 17:00:00+00:00,5.212,5.254,5.188,5.244,140105.9
2025-04-30 18:00:00+00:00,5.244,5.286,5.233,5.249,253250.0
2025-04-30 19:00:00+00:00,5.249,5.282,5.216,5.262,98939.9
2025-04-30 20:00:00+00:00,5.262,5.357,5.257,5.309,267683.3
2025-04-30 21:00:00+00:00,5.309,5.331,5.279,5.293,93790.5
2025-04-30 22:00:00+00:00,5.293,5.314,5.263,5.272,71416.1
2025-04-30 23:00:00+00:00,5.272,5.289,5.254,5.265,68170.5
2025-05-01 00:00:00+00:00,5.265,5.334,5.264,5.307,169128.1
2025-05-01 01:00:00+00:00,5.307,5.356,5.302,5.336,105272.8
2025-05-01 02:00:00+00:00,5.336,5.352,5.294,5.295,80964.9
2025-05-01 03:00:00+00:00,5.295,5.313,5.27,5.273,52807.9
2025-05-01 04:00:00+00:00,5.273,5.281,5.234,5.257,132018.1
2025-05-01 05:00:00+00:00,5.257,5.303,5.25,5.286,95391.1
2025-05-01 06:00:00+00:00,5.286,5.289,5.231,5.244,121533.4
2025-05-01 07:00:00+00:00,5.244,5.272,5.231,5.255,91766.0
2025-05-01 08:00:00+00:00,5.255,5.3,5.244,5.299,121269.0
2025-05-01 09:00:00+00:00,5.299,5.302,5.277,5.279,170491.4
2025-05-01 10:00:00+00:00,5.279,5.379,5.277,5.374,343528.0
2025-05-01 11:00:00+00:00,5.374,5.394,5.321,5.353,192032.1
2025-05-01 12:00:00+00:00,5.353,5.392,5.327,5.384,142560.6
2025-05-01 13:00:00+00:00,5.384,5.387,5.282,5.284,344994.2
2025-05-01 14:00:00+00:00,5.284,5.392,5.283,5.386,402038.7
2025-05-01 15:00:00+00:00,5.386,5.421,5.331,5.341,348288.4
2025-05-01 16:00:00+00:00,5.341,5.419,5.341,5.372,199028.6
2025-05-01 17:00:00+00:00,5.372,5.426,5.369,5.401,498275.4
2025-05-01 18:00:00+00:00,5.401,5.42,5.352,5.403,168807.8
2025-05-01 19:00:00+00:00,5.403,5.405,5.338,5.346,78414.7
2025-05-01 20:00:00+00:00,5.346,5.388,5.327,5.352,89605.6
2025-05-01 21:00:00+00:00,5.352,5.372,5.345,5.358,58605.5
2025-05-01 22:00:00+00:00,5.358,5.379,5.31,5.323,136410.6
2025-05-01 23:00:00+00:00,5.323,5.329,5.289,5.313,83054.7
2025-05-02 00:00:00+00:00,5.313,5.38,5.295,5.36,132128.0
2025-05-02 01:00:00+00:00,5.36,5.371,5.306,5.334,97588.4
2025-05-02 02:00:00+00:00,5.334,5.37,5.308,5.355,58680.5
2025-05-02 03:00:00+00:00,5.355,5.376,5.316,5.319,47687.5
2025-05-02 04:00:00+00:00,5.319,5.334,5.27,5.286,99739.1
2025-05-02 05:00:00+00:00,5.286,5.289,5.243,5.258,245621.0
2025-05-02 06:00:00+00:00,5.258,5.324,5.251,5.306,176667.2
2025-05-02 07:00:00+00:00,5.306,5.309,5.26,5.26,95965.5
2025-05-02 08:00:00+00:00,5.26,5.318,5.255,5.303,118650.6
2025-05-02 09:00:00+00:00,5.303,5.313,5.265,5.267,78851.9
2025-05-02 10:00:00+00:00,5.267,5.28,5.244,5.252,118016.3
2025-05-02 11:00:00+00:00,5.252,5.279,5.24,5.256,327696.9
2025-05-02 12:00:00+00:00,5.256,5.281,5.213,5.271,236246.3
2025-05-02 13:00:00+00:00,5.271,5.275,5.229,5.244,138476.5
2025-05-02 14:00:00+00:00,5.244,5.31,5.244,5.302,183549.7
2025-05-02 15:00:00+00:00,5.302,5.314,5.245,5.252,460683.5
2025-05-02 16:00:00+00:00,5.252,5.359,5.252,5.292,224655.3
2025-05-02 17:00:00+00:00,5.292,5.293,5.252,5.269,131756.4
2025-05-02 18:00:00+00:00,5.269,5.307,5.247,5.254,86529.9
2025-05-02 19:00:00+00:00,5.254,5.254,5.186,5.205,176810.6
2025-05-02 20:00:00+00:00,5.205,5.248,5.193,5.245,99598.6
2025-05-02 21:00:00+00:00,5.245,5.252,5.196,5.206,97307.4
2025-05-02 22:00:00+00:00,5.206,5.219,5.191,5.219,69671.9
2025-05-02 23:00:00+00:00,5.219,5.25,5.219,5.246,58392.9
2025-05-03 00:00:00+00:00,5.246,5.263,5.199,5.209,103714.4
2025-05-03 01:00:00+00:00,5.209,5.216,5.161,5.171,129571.9
2025-05-03 02:00:00+00:00,5.171,5.208,5.164,5.2,75803.9
2025-05-03 03:00:00+00:00,5.2,5.217,5.196,5.199,28297.8
2025-05-03 04:00:00+00:00,5.199,5.231,5.195,5.227,64534.3
2025-05-03 05:00:00+00:00,5.227,5.227,5.199,5.205,43466.7
2025-05-03 06:00:00+00:00,5.205,5.208,5.142,5.17,201761.5
2025-05-03 07:00:00+00:00,5.17,5.179,5.151,5.169,52034.3
2025-05-03 08:00:00+00:00,5.169,5.187,5.146,5.161,573184.5
2025-05-03 09:00:00+00:00,5.161,5.182,5.145,5.163,84493.6
2025-05-03 10:00:00+00:00,5.163,5.165,5.112,5.117,128152.1
2025-05-03 11:00:00+00:00,5.117,5.131,5.103,5.115,78637.8
2025-05-03 12:00:00+00:00,5.115,5.182,5.11,5.169,198294.2
2025-05-03 13:00:00+00:00,5.169,5.193,5.156,5.176,276105.3
2025-05-03 14:00:00+00:00,5.176,5.187,5.161,5.181,56225.6
2025-05-03 15:00:00+00:00,5.181,5.206,5.149,5.155,125108.1
2025-05-03 16:00:00+00:00,5.155,5.2,5.079,5.106,806430.3
2025-05-03 17:00:00+00:00,5.106,5.107,5.015,5.094,380326.2
2025-05-03 18:00:00+00:00,5.094,5.121,5.063,5.076,144660.1
2025-05-03 19:00:00+00:00,5.076,5.127,5.071,5.125,67167.9
2025-05-03 20:00:00+00:00,5.125,5.145,5.12,5.139,66709.6
2025-05-03 21:00:00+00:00,5.139,5.181,5.112,5.143,175256.9
2025-05-03 22:00:00+00:00,5.143,5.153,5.119,5.129,96795.5
2025-05-03 23:00:00+00:00,5.129,5.13,5.078,5.084,156152.4
2025-05-04 00:00:00+00:00,5.084,5.112,5.043,5.064,139477.6
2025-05-04 01:00:00+00:00,5.064,5.099,5.04,5.089,77345.9
2025-05-04 02:00:00+00:00,5.089,5.133,5.054,5.08,142146.9
2025-05-04 03:00:00+00:00,5.08,5.091,5.041,5.065,53257.1
2025-05-04 04:00:00+00:00,5.065,5.095,5.05,5.07,52559.8
2025-05-04 05:00:00+00:00,5.07,5.113,5.068,5.099,128480.6
2025-05-04 06:00:00+00:00,5.099,5.115,5.064,5.1,67867.7
2025-05-04 07:00:00+00:00,5.1,5.106,5.07,5.092,57969.1
2025-05-04 08:00:00+00:00,5.092,5.093,5.029,5.04,92822.8
2025-05-04 09:00:00+00:00,5.04,5.043,5.011,5.033,112376.6
2025-05-04 10:00:00+00:00,5.033,5.069,5.021,5.063,68805.7
2025-05-04 11:00:00+00:00,5.063,5.093,5.058,5.07,80172.3
2025-05-04 12:00:00+00:00,5.07,5.096,5.064,5.083,39468.2
2025-05-04 13:00:00+00:00,5.083,5.097,5.014,5.049,146423.3
2025-05-04 14:00:00+00:00,5.049,5.095,5.042,5.071,117401.6
2025-05-04 15:00:00+00:00,5.071,5.087,5.042,5.064,41741.7
2025-05-04 16:00:00+00:00,5.064,5.082,5.027,5.039,60475.7
2025-05-04 17:00:00+00:00,5.039,5.055,5.003,5.041,65114.7
2025-05-04 18:00:00+00:00,5.041,5.064,5.018,5.018,26642.1
2025-05-04 19:00:00+00:00,5.018,5.061,5.008,5.04,37750.8
2025-05-04 20:00:00+00:00,5.04,5.092,5.039,5.091,43896.2
2025-05-04 21:00:00+00:00,5.091,5.103,5.081,5.094,64895.0
2025-05-04 22:00:00+00:00,5.094,5.094,5.008,5.034,105344.0
2025-05-04 23:00:00+00:00,5.034,5.034,4.957,4.977,556338.1
2025-05-05 00:00:00+00:00,4.977,5.061,4.965,5.051,170553.0
2025-05-05 01:00:00+00:00,5.051,5.061,4.955,4.98,137232.4
2025-05-05 02:00:00+00:00,4.98,5.052,4.951,5.026,172991.6
2025-05-05 03:00:00+00:00,5.026,5.037,5.003,5.018,52756.4
2025-05-05 04:00:00+00:00,5.018,5.068,5.004,5.063,40606.3
2025-05-05 05:00:00+00:00,5.063,5.1,5.044,5.098,60519.2
2025-05-05 06:00:00+00:00,5.098,5.111,5.068,5.081,64678.4
2025-05-05 07:00:00+00:00,5.081,5.1,5.066,5.095,40785.8
2025-05-05 08:00:00+00:00,5.095,5.099,5.073,5.079,42777.0
2025-05-05 09:00:00+00:00,5.079,5.087,5.042,5.044,43887.1
2025-05-05 10:00:00+00:00,5.044,5.044,4.959,4.988,208776.1
2025-05-05 11:00:00+00:00,4.988,5.008,4.963,4.977,81606.8
2025-05-05 12:00:00+00:00,4.977,5.006,4.956,4.99,147057.5
2025-05-05 13:00:00+00:00,4.99,5.009,4.951,5.004,244227.4
2025-05-05 14:00:00+00:00,5.004,5.027,4.962,4.979,208952.8
2025-05-05 15:00:00+00:00,4.979,4.987,4.916,4.942,211513.3
2025-05-05 16:00:00+00:00,4.942,4.984,4.933,4.957,105671.9
2025-05-05 17:00:00+00:00,4.957,5.003,4.939,4.989,89048.6
2025-05-05 18:00:00+00:00,4.989,5.017,4.981,4.997,86763.1
2025-05-05 19:00:00+00:00,4.997,5.009,4.956,4.962,83097.7
2025-05-05 20:00:00+00:00,4.962,4.962,4.883,4.929,192654.0
2025-05-05 21:00:00+00:00,4.929,4.991,4.925,4.975,92912.2
2025-05-05 22:00:00+00:00,4.975,5.023,4.973,5.007,113990.9
2025-05-05 23:00:00+00:00,5.007,5.016,4.963,4.971,60960.8
2025-05-06 00:00:00+00:00,4.971,4.973,4.919,4.94,73927.6
2025-05-06 01:00:00+00:00,4.94,4.973,4.909,4.909,85888.9
2025-05-06 02:00:00+00:00,4.909,4.93,4.865,4.921,292719.2
2025-05-06 03:00:00+00:00,4.921,4.952,4.911,4.945,43690.2
2025-05-06 04:00:00+00:00,4.945,4.956,4.926,4.929,77632.7
2025-05-06 05:00:00+00:00,4.929,4.935,4.897,4.902,62035.2
2025-05-06 06:00:00+00:00,4.902,4.935,4.901,4.935,19896.8
2025-05-06 07:00:00+00:00,4.935,4.954,4.917,4.921,54426.3
2025-05-06 08:00:00+00:00,4.921,4.924,4.844,4.913,702100.5
2025-05-06 09:00:00+00:00,4.913,4.926,4.885,4.923,261067.5
2025-05-06 10:00:00+00:00,4.923,4.924,4.854,4.86,174365.9
2025-05-06 11:00:00+00:00,4.86,4.896,4.81,4.847,291514.1
2025-05-06 12:00:00+00:00,4.847,4.885,4.83,4.882,119046.4
2025-05-06 13:00:00+00:00,4.882,4.886,4.829,4.855,259626.2
2025-05-06 14:00:00+00:00,4.855,4.936,4.854,4.884,193547.3
2025-05-06 15:00:00+00:00,4.884,4.913,4.854,4.874,108989.8
2025-05-06 16:00:00+00:00,4.874,4.89,4.83,4.833,153684.4
2025-05-06 17:00:00+00:00,4.833,4.885,4.831,4.853,120641.5
2025-05-06 18:00:00+00:00,4.853,4.911,4.847,4.909,117940.9
2025-05-06 19:00:00+00:00,4.909,4.929,4.875,4.876,98922.7
2025-05-06 20:00:00+00:00,4.876,4.883,4.806,4.825,160235.7
2025-05-06 21:00:00+00:00,4.825,4.843,4.734,4.814,406395.3
2025-05-06 22:00:00+00:00,4.814,4.934,4.812,4.924,441494.2
2025-05-06 23:00:00+00:00,4.924,4.986,4.901,4.962,275883.5
2025-05-07 00:00:00+00:00,4.962,5.031,4.944,5.029,253190.6
2025-05-07 01:00:00+00:00,5.029,5.049,4.998,5.008,145408.9
2025-05-07 02:00:00+00:00,5.008,5.01,4.925,4.931,156477.8
2025-05-07 03:00:00+00:00,4.931,4.944,4.895,4.932,115167.4
2025-05-07 04:00:00+00:00,4.932,4.95,4.907,4.922,85207.8
2025-05-07 05:00:00+00:00,4.922,4.923,4.885,4.889,112235.2
2025-05-07 06:00:00+00:00,4.889,4.925,4.882,4.901,119586.0
2025-05-07 07:00:00+00:00,4.901,4.959,4.899,4.957,111778.1
2025-05-07 08:00:00+00:00,4.957,4.961,4.93,4.953,116552.1
2025-05-07 09:00:00+00:00,4.953,4.955,4.917,4.921,124649.2
2025-05-07 10:00:00+00:00,4.921,4.923,4.883,4.883,115738.9
2025-05-07 11:00:00+00:00,4.883,4.887,4.861,4.874,81423.4
2025-05-07 12:00:00+00:00,4.874,4.879,4.816,4.838,163767.5
2025-05-07 13:00:00+00:00,4.838,4.849,4.791,4.83,192003.8
2025-05-07 14:00:00+00:00,4.83,4.863,4.793,4.808,225738.6
2025-05-07 15:00:00+00:00,4.808,4.815,4.78,4.806,136572.3
2025-05-07 16:00:00+00:00,4.806,4.806,4.737,4.78,272829.7
2025-05-07 17:00:00+00:00,4.78,4.8,4.752,4.784,138140.6
2025-05-07 18:00:00+00:00,4.784,4.836,4.745,4.815,412048.7
2025-05-07 19:00:00+00:00,4.815,4.821,4.757,4.781,188103.6
2025-05-07 20:00:00+00:00,4.781,4.796,4.762,4.796,72417.2
2025-05-07 21:00:00+00:00,4.796,4.848,4.782,4.837,103053.7
2025-05-07 22:00:00+00:00,4.837,4.884,4.834,4.878,156705.2
2025-05-07 23:00:00+00:00,4.878,4.912,4.865,4.873,176269.0
2025-05-08 00:00:00+00:00,4.873,4.905,4.832,4.897,152966.0
2025-05-08 01:00:00+00:00,4.897,4.948,4.895,4.916,218347.7
2025-05-08 02:00:00+00:00,4.916,5.012,4.916,4.997,368905.4
2025-05-08 03:00:00+00:00,4.997,5.175,4.992,5.169,573068.0
2025-05-08 04:00:00+00:00,5.169,5.221,5.125,5.146,612836.0
2025-05-08 05:00:00+00:00,5.146,5.179,5.122,5.134,134266.6
2025-05-08 06:00:00+00:00,5.134,5.15,5.112,5.15,138519.2
2025-05-08 07:00:00+00:00,5.15,5.204,5.142,5.188,401666.1
2025-05-08 08:00:00+00:00,5.188,5.236,5.186,5.209,273886.1
2025-05-08 09:00:00+00:00,5.209,5.212,5.174,5.209,175187.2
2025-05-08 10:00:00+00:00,5.209,5.246,5.197,5.237,265392.0
2025-05-08 11:00:00+00:00,5.237,5.24,5.156,5.224,623304.1
2025-05-08 12:00:00+00:00,5.224,5.252,5.195,5.211,278570.3
2025-05-08 13:00:00+00:00,5.211,5.257,5.201,5.22,153639.6
2025-05-08 14:00:00+00:00,5.22,5.266,5.193,5.228,246237.4
2025-05-08 15:00:00+00:00,5.228,5.684,5.226,5.541,2548568.0
2025-05-08 16:00:00+00:00,5.541,5.604,5.502,5.541,518901.2
2025-05-08 17:00:00+00:00,5.541,5.571,5.503,5.519,291119.6
2025-05-08 18:00:00+00:00,5.519,5.553,5.494,5.533,232437.0
2025-05-08 19:00:00+00:00,5.533,5.65,5.512,5.615,499083.5
2025-05-08 20:00:00+00:00,5.615,5.94,5.575,5.858,1289942.6
2025-05-08 21:00:00+00:00,5.858,5.961,5.788,5.848,1007337.0
2025-05-08 22:00:00+00:00,5.848,5.904,5.815,5.868,289487.6
2025-05-08 23:00:00+00:00,5.868,6.153,5.849,6.145,1361134.9
2025-05-09 00:00:00+00:00,6.145,6.155,5.995,6.047,1066133.6
2025-05-09 01:00:00+00:00,6.047,6.184,6.035,6.179,751373.1
2025-05-09 02:00:00+00:00,6.179,6.22,6.132,6.21,651879.6
2025-05-09 03:00:00+00:00,6.21,6.324,6.16,6.174,617970.6
2025-05-09 04:00:00+00:00,6.174,6.236,6.161,6.185,384001.3
2025-05-09 05:00:00+00:00,6.185,6.23,6.155,6.192,316833.0
2025-05-09 06:00:00+00:00,6.192,6.383,6.182,6.366,735859.7
2025-05-09 07:00:00+00:00,6.366,6.571,6.362,6.477,1025150.6
2025-05-09 08:00:00+00:00,6.477,6.698,6.362,6.485,1986709.4
2025-05-09 09:00:00+00:00,6.485,6.557,6.202,6.294,1645408.2
2025-05-09 10:00:00+00:00,6.294,6.444,6.273,6.404,697264.5
2025-05-09 11:00:00+00:00,6.404,6.456,6.288,6.351,963136.2
2025-05-09 12:00:00+00:00,6.351,6.361,6.278,6.314,513462.2
2025-05-09 13:00:00+00:00,6.314,6.451,6.288,6.421,528316.8
2025-05-09 14:00:00+00:00,6.421,6.426,6.139,6.23,1193050.7
2025-05-09 15:00:00+00:00,6.23,6.281,6.189,6.255,468558.7
2025-05-09 16:00:00+00:00,6.255,6.322,6.179,6.247,485636.0
2025-05-09 17:00:00+00:00,6.247,6.388,6.236,6.36,374666.1
2025-05-09 18:00:00+00:00,6.36,6.361,6.298,6.326,250818.3
2025-05-09 19:00:00+00:00,6.326,6.339,6.266,6.296,173117.7
2025-05-09 20:00:00+00:00,6.296,6.343,6.29,6.339,114154.5
2025-05-09 21:00:00+00:00,6.339,6.352,6.297,6.322,101420.4
2025-05-09 22:00:00+00:00,6.322,6.351,6.279,6.284,86233.2
2025-05-09 23:00:00+00:00,6.284,6.381,6.281,6.353,150475.7
2025-05-10 00:00:00+00:00,6.353,6.758,6.352,6.409,1393047.2
2025-05-10 01:00:00+00:00,6.409,6.511,6.401,6.442,249646.1
2025-05-10 02:00:00+00:00,6.442,6.528,6.423,6.445,197981.0
2025-05-10 03:00:00+00:00,6.445,6.462,6.401,6.434,119221.0
2025-05-10 04:00:00+00:00,6.434,6.448,6.365,6.418,110380.0
2025-05-10 05:00:00+00:00,6.418,6.469,6.395,6.461,98387.2
2025-05-10 06:00:00+00:00,6.461,6.542,6.451,6.526,226228.5
2025-05-10 07:00:00+00:00,6.526,6.657,6.459,6.593,578473.6
2025-05-10 08:00:00+00:00,6.593,6.677,6.526,6.561,379122.6
2025-05-10 09:00:00+00:00,6.561,6.694,6.501,6.668,383292.7
2025-05-10 10:00:00+00:00,6.668,6.726,6.614,6.614,309368.0
2025-05-10 11:00:00+00:00,6.614,6.679,6.537,6.541,322085.4
2025-05-10 12:00:00+00:00,6.541,6.663,6.541,6.618,333697.9
2025-05-10 13:00:00+00:00,6.618,6.716,6.579,6.696,231440.4
2025-05-10 14:00:00+00:00,6.696,6.745,6.644,6.696,284459.5
2025-05-10 15:00:00+00:00,6.696,6.776,6.636,6.744,367129.1
2025-05-10 16:00:00+00:00,6.744,6.913,6.737,6.905,685110.6
2025-05-10 17:00:00+00:00,6.905,7.043,6.805,6.829,888211.8
2025-05-10 18:00:00+00:00,6.829,6.952,6.824,6.921,342206.9
2025-05-10 19:00:00+00:00,6.921,6.935,6.827,6.865,213479.0
2025-05-10 20:00:00+00:00,6.865,6.916,6.791,6.871,215196.3
2025-05-10 21:00:00+00:00,6.871,6.98,6.871,6.954,182140.3
2025-05-10 22:00:00+00:00,6.954,7.15,6.911,7.123,379591.5
2025-05-10 23:00:00+00:00,7.123,7.574,7.094,7.55,1917722.9
2025-05-11 00:00:00+00:00,7.55,7.552,7.188,7.37,1251304.4
2025-05-11 01:00:00+00:00,7.37,7.386,7.167,7.225,405999.1
2025-05-11 02:00:00+00:00,7.225,7.413,7.169,7.339,561909.4
2025-05-11 03:00:00+00:00,7.339,7.417,7.258,7.258,252092.2
2025-05-11 04:00:00+00:00,7.258,7.316,7.222,7.277,279365.6
2025-05-11 05:00:00+00:00,7.277,7.291,7.204,7.222,206829.9
2025-05-11 06:00:00+00:00,7.222,7.231,7.072,7.119,499872.9
2025-05-11 07:00:00+00:00,7.119,7.127,6.971,7.034,709402.8
2025-05-11 08:00:00+00:00,7.034,7.125,6.996,7.006,300870.4
2025-05-11 09:00:00+00:00,7.006,7.115,7.006,7.093,237211.4
2025-05-11 10:00:00+00:00,7.093,7.125,7.044,7.094,138751.6
2025-05-11 11:00:00+00:00,7.094,7.176,7.075,7.086,352848.1
2025-05-11 12:00:00+00:00,7.086,7.109,7.031,7.055,268468.5
2025-05-11 13:00:00+00:00,7.055,7.095,6.753,6.798,1103902.6
2025-05-11 14:00:00+00:00,6.798,6.88,6.798,6.851,439237.5
2025-05-11 15:00:00+00:00,6.851,6.907,6.741,6.796,346685.7
2025-05-11 16:00:00+00:00,6.796,6.833,6.712,6.794,428463.7
2025-05-11 17:00:00+00:00,6.794,6.9,6.781,6.872,264158.9
2025-05-11 18:00:00+00:00,6.872,6.944,6.825,6.919,246125.7
2025-05-11 19:00:00+00:00,6.919,6.955,6.895,6.912,145829.9
2025-05-11 20:00:00+00:00,6.912,6.942,6.873,6.903,105087.7
2025-05-11 21:00:00+00:00,6.903,6.967,6.878,6.949,143907.7
2025-05-11 22:00:00+00:00,6.949,6.985,6.84,6.896,193491.5
2025-05-11 23:00:00+00:00,6.896,6.936,6.872,6.927,80665.6
2025-05-12 00:00:00+00:00,6.927,7.0,6.87,6.959,299217.8
2025-05-12 01:00:00+00:00,6.959,7.052,6.816,6.943,333145.0
2025-05-12 02:00:00+00:00,6.943,7.025,6.941,7.025,241860.4
2025-05-12 03:00:00+00:00,7.025,7.04,6.967,7.025,129421.5
2025-05-12 04:00:00+00:00,7.025,7.092,6.979,7.072,168171.7
2025-05-12 05:00:00+00:00,7.072,7.086,6.936,6.976,181131.4
2025-05-12 06:00:00+00:00,6.976,7.08,6.948,7.068,105437.2
2025-05-12 07:00:00+00:00,7.068,7.342,7.068,7.135,939122.4
2025-05-12 08:00:00+00:00,7.135,7.196,7.023,7.178,386768.5
2025-05-12 09:00:00+00:00,7.178,7.194,7.081,7.092,173315.0
2025-05-12 10:00:00+00:00,7.092,7.149,7.051,7.14,198761.1
2025-05-12 11:00:00+00:00,7.14,7.162,6.992,7.006,333663.9
2025-05-12 12:00:00+00:00,7.006,7.153,6.995,7.12,348995.2
2025-05-12 13:00:00+00:00,7.12,7.182,7.024,7.115,408745.9
2025-05-12 14:00:00+00:00,7.115,7.156,6.887,6.929,783656.1
2025-05-12 15:00:00+00:00,6.929,6.991,6.81,6.903,665266.8
2025-05-12 16:00:00+00:00,6.903,7.0,6.851,6.974,354022.8
2025-05-12 17:00:00+00:00,6.974,7.017,6.818,6.845,325688.7
2025-05-12 18:00:00+00:00,6.845,6.87,6.6,6.709,954533.1
2025-05-12 19:00:00+00:00,6.709,6.85,6.691,6.841,507211.0
2025-05-12 20:00:00+00:00,6.841,6.93,6.787,6.896,269461.6
2025-05-12 21:00:00+00:00,6.896,6.901,6.843,6.863,140253.3
2025-05-12 22:00:00+00:00,6.863,6.906,6.838,6.859,126746.8
2025-05-12 23:00:00+00:00,6.859,6.923,6.855,6.884,176329.3
2025-05-13 00:00:00+00:00,6.884,6.889,6.74,6.751,426365.6
2025-05-13 01:00:00+00:00,6.751,6.8,6.654,6.682,290107.3
2025-05-13 02:00:00+00:00,6.682,6.718,6.567,6.617,569070.2
2025-05-13 03:00:00+00:00,6.617,6.648,6.53,6.539,299627.8
2025-05-13 04:00:00+00:00,6.539,6.679,6.522,6.671,222145.2
2025-05-13 05:00:00+00:00,6.671,6.693,6.616,6.666,139906.9
2025-05-13 06:00:00+00:00,6.666,6.706,6.637,6.639,119923.0
2025-05-13 07:00:00+00:00,6.639,6.709,6.627,6.64,164969.7
2025-05-13 08:00:00+00:00,6.64,6.68,6.61,6.632,155914.7
2025-05-13 09:00:00+00:00,6.632,6.777,6.631,6.75,270466.9
2025-05-13 10:00:00+00:00,6.75,6.755,6.675,6.694,143112.6
2025-05-13 11:00:00+00:00,6.694,6.809,6.677,6.761,248846.9
2025-05-13 12:00:00+00:00,6.761,6.883,6.7,6.813,496910.3
2025-05-13 13:00:00+00:00,6.813,6.863,6.775,6.81,365253.2
2025-05-13 14:00:00+00:00,6.81,6.839,6.699,6.745,397412.2
2025-05-13 15:00:00+00:00,6.745,6.862,6.731,6.85,260367.3
2025-05-13 16:00:00+00:00,6.85,6.981,6.835,6.934,498135.0
2025-05-13 17:00:00+00:00,6.934,7.032,6.925,7.008,328368.7
2025-05-13 18:00:00+00:00,7.008,7.146,6.997,7.145,335402.7
2025-05-13 19:00:00+00:00,7.145,7.351,7.087,7.199,982229.1
2025-05-13 20:00:00+00:00,7.199,7.205,7.104,7.167,342615.7
2025-05-13 21:00:00+00:00,7.167,7.171,7.096,7.137,215961.9
2025-05-13 22:00:00+00:00,7.137,7.17,7.079,7.124,156249.8
2025-05-13 23:00:00+00:00,7.124,7.133,7.035,7.088,311447.0
2025-05-14 00:00:00+00:00,7.088,7.13,7.03,7.078,210249.6
2025-05-14 01:00:00+00:00,7.078,7.156,6.986,7.014,325465.0
2025-05-14 02:00:00+00:00,7.014,7.017,6.884,6.909,360234.3
2025-05-14 03:00:00+00:00,6.909,6.922,6.864,6.901,203745.0
2025-05-14 04:00:00+00:00,6.901,6.935,6.847,6.935,197028.6
2025-05-14 05:00:00+00:00,6.935,6.961,6.898,6.922,128612.8
2025-05-14 06:00:00+00:00,6.922,6.928,6.867,6.9,145408.6
2025-05-14 07:00:00+00:00,6.9,6.9,6.763,6.791,330140.0
2025-05-14 08:00:00+00:00,6.791,6.813,6.644,6.652,639992.0
2025-05-14 09:00:00+00:00,6.652,6.729,6.641,6.702,317110.0
2025-05-14 10:00:00+00:00,6.702,6.757,6.688,6.709,398265.1
2025-05-14 11:00:00+00:00,6.709,6.797,6.709,6.746,181565.1
2025-05-14 12:00:00+00:00,6.746,6.78,6.686,6.704,219795.6
2025-05-14 13:00:00+00:00,6.704,6.77,6.624,6.712,324640.6
2025-05-14 14:00:00+00:00,6.712,6.713,6.605,6.651,736971.7
2025-05-14 15:00:00+00:00,6.651,6.652,6.587,6.644,613471.6
2025-05-14 16:00:00+00:00,6.644,6.684,6.57,6.62,586336.2
2025-05-14 17:00:00+00:00,6.62,6.624,6.534,6.596,264177.7
2025-05-14 18:00:00+00:00,6.596,6.638,6.571,6.638,257587.6
2025-05-14 19:00:00+00:00,6.638,6.65,6.594,6.598,143313.3
2025-05-14 20:00:00+00:00,6.598,6.636,6.584,6.612,239425.8
2025-05-14 21:00:00+00:00,6.612,6.624,6.582,6.624,194102.3
2025-05-14 22:00:00+00:00,6.624,6.627,6.565,6.592,90075.5
2025-05-14 23:00:00+00:00,6.592,6.611,6.548,6.603,89813.9
2025-05-15 00:00:00+00:00,6.603,6.779,6.603,6.73,348898.7
2025-05-15 01:00:00+00:00,6.73,6.777,6.531,6.571,334813.0
2025-05-15 02:00:00+00:00,6.571,6.71,6.556,6.684,280596.2
2025-05-15 03:00:00+00:00,6.684,6.703,6.599,6.609,310165.1
2025-05-15 04:00:00+00:00,6.609,6.658,6.604,6.63,131940.2
2025-05-15 05:00:00+00:00,6.63,6.646,6.494,6.512,519222.6
2025-05-15 06:00:00+00:00,6.512,6.562,6.42,6.486,466116.7
2025-05-15 07:00:00+00:00,6.486,6.498,6.319,6.35,462096.8
2025-05-15 08:00:00+00:00,6.35,6.47,6.348,6.466,357580.5
2025-05-15 09:00:00+00:00,6.466,6.479,6.307,6.365,348381.2
2025-05-15 10:00:00+00:00,6.365,6.388,6.261,6.338,691824.0
2025-05-15 11:00:00+00:00,6.338,6.403,6.333,6.352,223739.5
2025-05-15 12:00:00+00:00,6.352,6.447,6.327,6.376,442829.3
2025-05-15 13:00:00+00:00,6.376,6.408,6.225,6.287,429958.1
2025-05-15 14:00:00+00:00,6.287,6.316,6.157,6.226,529273.9
2025-05-15 15:00:00+00:00,6.226,6.417,6.204,6.41,794133.9
2025-05-15 16:00:00+00:00,6.41,6.501,6.345,6.499,364980.0
2025-05-15 17:00:00+00:00,6.499,6.514,6.384,6.397,317667.9
2025-05-15 18:00:00+00:00,6.397,6.404,6.217,6.23,382562.8
2025-05-15 19:00:00+00:00,6.23,6.281,6.185,6.238,202153.1
2025-05-15 20:00:00+00:00,6.238,6.294,6.189,6.235,565880.0
2025-05-15 21:00:00+00:00,6.235,6.24,6.127,6.207,159885.9
2025-05-15 22:00:00+00:00,6.207,6.262,6.181,6.182,94015.7
2025-05-15 23:00:00+00:00,6.182,6.225,6.102,6.225,717574.8
2025-05-16 00:00:00+00:00,6.225,6.268,6.202,6.215,400828.1
2025-05-16 01:00:00+00:00,6.215,6.257,6.162,6.246,164130.1
2025-05-16 02:00:00+00:00,6.246,6.328,6.246,6.295,390220.7
2025-05-16 03:00:00+00:00,6.295,6.332,6.269,6.323,233543.3
2025-05-16 04:00:00+00:00,6.323,6.365,6.258,6.29,160698.5
2025-05-16 05:00:00+00:00,6.29,6.374,6.29,6.366,131830.4
2025-05-16 06:00:00+00:00,6.366,6.381,6.328,6.34,131460.2
2025-05-16 07:00:00+00:00,6.34,6.382,6.293,6.333,231267.6
2025-05-16 08:00:00+00:00,6.333,6.346,6.203,6.262,250496.3
2025-05-16 09:00:00+00:00,6.262,6.38,6.253,6.36,206468.8
2025-05-16 10:00:00+00:00,6.36,6.413,6.319,6.412,260087.3
2025-05-16 11:00:00+00:00,6.412,6.46,6.357,6.364,256391.6
2025-05-16 12:00:00+00:00,6.364,6.385,6.284,6.284,200683.8
2025-05-16 13:00:00+00:00,6.284,6.36,6.275,6.338,200020.3
2025-05-16 14:00:00+00:00,6.338,6.341,6.217,6.261,265934.6
2025-05-16 15:00:00+00:00,6.261,6.332,6.259,6.302,200217.2
2025-05-16 16:00:00+00:00,6.302,6.343,6.206,6.281,172749.8
2025-05-16 17:00:00+00:00,6.281,6.304,6.192,6.218,136057.3
2025-05-16 18:00:00+00:00,6.218,6.25,6.208,6.232,110074.4
2025-05-16 19:00:00+00:00,6.232,6.262,6.201,6.252,91150.1
2025-05-16 20:00:00+00:00,6.252,6.252,6.142,6.177,175829.0
2025-05-16 21:00:00+00:00,6.177,6.203,6.14,6.165,81054.2
2025-05-16 22:00:00+00:00,6.165,6.169,6.022,6.073,436043.4
2025-05-16 23:00:00+00:00,6.073,6.142,6.058,6.071,147704.5
2025-05-17 00:00:00+00:00,6.071,6.084,5.938,5.959,531087.8
2025-05-17 01:00:00+00:00,5.959,5.96,5.841,5.882,348048.8
2025-05-17 02:00:00+00:00,5.882,5.947,5.833,5.916,234899.7
2025-05-17 03:00:00+00:00,5.916,5.948,5.842,5.94,102660.4
2025-05-17 04:00:00+00:00,5.94,5.993,5.914,5.98,97521.7
2025-05-17 05:00:00+00:00,5.98,5.991,5.882,5.887,99360.3
2025-05-17 06:00:00+00:00,5.887,5.934,5.886,5.93,75478.1
2025-05-17 07:00:00+00:00,5.93,5.965,5.874,5.9,99730.2
2025-05-17 08:00:00+00:00,5.9,5.907,5.855,5.861,127437.1
2025-05-17 09:00:00+00:00,5.861,5.888,5.812,5.865,182880.6
2025-05-17 10:00:00+00:00,5.865,5.905,5.855,5.893,78082.2
2025-05-17 11:00:00+00:00,5.893,5.901,5.827,5.847,98759.5
2025-05-17 12:00:00+00:00,5.847,5.859,5.806,5.815,150338.9
2025-05-17 13:00:00+00:00,5.815,5.836,5.722,5.762,336089.0
2025-05-17 14:00:00+00:00,5.762,5.874,5.759,5.863,186800.4
2025-05-17 15:00:00+00:00,5.863,5.866,5.812,5.825,198707.5
2025-05-17 16:00:00+00:00,5.825,5.841,5.69,5.757,422465.9
2025-05-17 17:00:00+00:00,5.757,5.797,5.732,5.736,128747.1
2025-05-17 18:00:00+00:00,5.736,5.8,5.696,5.705,534974.6
2025-05-17 19:00:00+00:00,5.705,5.751,5.694,5.708,104424.0
2025-05-17 20:00:00+00:00,5.708,5.798,5.688,5.786,309494.5
2025-05-17 21:00:00+00:00,5.786,5.793,5.719,5.741,118089.7
2025-05-17 22:00:00+00:00,5.741,5.741,5.639,5.681,268369.0
2025-05-17 23:00:00+00:00,5.681,5.747,5.67,5.736,432088.6
2025-05-18 00:00:00+00:00,5.736,5.752,5.682,5.738,109565.0
2025-05-18 01:00:00+00:00,5.738,5.768,5.698,5.753,71666.6
2025-05-18 02:00:00+00:00,5.753,5.764,5.717,5.728,53718.7
2025-05-18 03:00:00+00:00,5.728,5.755,5.69,5.732,193057.9
2025-05-18 04:00:00+00:00,5.732,5.791,5.731,5.768,66804.9
2025-05-18 05:00:00+00:00,5.768,5.929,5.768,5.918,195294.6
2025-05-18 06:00:00+00:00,5.918,5.96,5.859,5.871,217938.6
2025-05-18 07:00:00+00:00,5.871,5.976,5.862,5.97,141764.5
2025-05-18 08:00:00+00:00,5.97,6.038,5.947,6.011,355803.5
2025-05-18 09:00:00+00:00,6.011,6.045,5.94,5.959,228112.9
2025-05-18 10:00:00+00:00,5.959,5.963,5.903,5.925,105704.8
2025-05-18 11:00:00+00:00,5.925,5.948,5.881,5.886,107207.5
2025-05-18 12:00:00+00:00,5.886,5.937,5.86,5.935,108278.2
2025-05-18 13:00:00+00:00,5.935,6.04,5.904,6.03,247809.9
2025-05-18 14:00:00+00:00,6.03,6.221,6.026,6.197,549921.0
2025-05-18 15:00:00+00:00,6.197,6.322,6.178,6.319,358473.9
2025-05-18 16:00:00+00:00,6.319,6.324,6.255,6.298,390478.4
2025-05-18 17:00:00+00:00,6.298,6.301,6.053,6.065,503951.8
2025-05-18 18:00:00+00:00,6.065,6.071,5.93,5.992,582335.4
2025-05-18 19:00:00+00:00,5.992,6.006,5.811,5.811,441706.1
2025-05-18 20:00:00+00:00,5.811,5.841,5.665,5.828,1142870.2
2025-05-18 21:00:00+00:00,5.828,5.948,5.826,5.86,259201.8
2025-05-18 22:00:00+00:00,5.86,6.001,5.778,5.994,305552.4
2025-05-18 23:00:00+00:00,5.994,6.161,5.946,6.125,366455.0
2025-05-19 00:00:00+00:00,6.125,6.17,5.925,5.939,446597.9
2025-05-19 01:00:00+00:00,5.939,5.986,5.865,5.873,337440.7
2025-05-19 02:00:00+00:00,5.873,5.903,5.789,5.828,304804.2
2025-05-19 03:00:00+00:00,5.828,5.834,5.739,5.753,240233.1
2025-05-19 04:00:00+00:00,5.753,5.815,5.654,5.703,328710.4
2025-05-19 05:00:00+00:00,5.703,5.748,5.662,5.726,415495.0
2025-05-19 06:00:00+00:00,5.726,5.795,5.658,5.662,539867.6
2025-05-19 07:00:00+00:00,5.662,5.811,5.656,5.753,305046.8
2025-05-19 08:00:00+00:00,5.753,5.781,5.707,5.735,167534.3
2025-05-19 09:00:00+00:00,5.735,5.766,5.689,5.73,311081.6
2025-05-19 10:00:00+00:00,5.73,5.759,5.691,5.72,129275.5
2025-05-19 11:00:00+00:00,5.72,5.77,5.72,5.756,72202.3
2025-05-19 12:00:00+00:00,5.756,5.769,5.663,5.698,315955.3
2025-05-19 13:00:00+00:00,5.698,5.831,5.693,5.778,414704.4
2025-05-19 14:00:00+00:00,5.778,5.853,5.747,5.822,249882.3
2025-05-19 15:00:00+00:00,5.822,5.88,5.81,5.845,564847.3
2025-05-19 16:00:00+00:00,5.845,5.993,5.802,5.991,261489.7
2025-05-19 17:00:00+00:00,5.991,6.058,5.939,5.949,368502.5
2025-05-19 18:00:00+00:00,5.949,5.983,5.877,5.915,241444.3
2025-05-19 19:00:00+00:00,5.915,6.005,5.9,5.971,246867.4
2025-05-19 20:00:00+00:00,5.971,5.982,5.937,5.958,163329.8
2025-05-19 21:00:00+00:00,5.958,5.971,5.899,5.965,75203.8
2025-05-19 22:00:00+00:00,5.965,5.97,5.89,5.901,134490.5
2025-05-19 23:00:00+00:00,5.901,5.945,5.863,5.923,163397.5
2025-05-20 00:00:00+00:00,5.923,6.022,5.859,5.869,250477.7
2025-05-20 01:00:00+00:00,5.869,6.043,5.855,6.011,246656.0
2025-05-20 02:00:00+00:00,6.011,6.117,5.993,6.012,343750.3
2025-05-20 03:00:00+00:00,6.012,6.039,5.952,5.981,295857.6
2025-05-20 04:00:00+00:00,5.981,6.018,5.94,6.007,201548.4
2025-05-20 05:00:00+00:00,6.007,6.098,5.999,6.054,309872.3
2025-05-20 06:00:00+00:00,6.054,6.063,5.945,6.009,167463.9
2025-05-20 07:00:00+00:00,6.009,6.018,5.927,5.951,834404.3
2025-05-20 08:00:00+00:00,5.951,5.983,5.899,5.941,548537.7
2025-05-20 09:00:00+00:00,5.941,5.954,5.876,5.886,175141.7
2025-05-20 10:00:00+00:00,5.886,5.907,5.811,5.841,278348.8
2025-05-20 11:00:00+00:00,5.841,5.859,5.772,5.824,221294.8
2025-05-20 12:00:00+00:00,5.824,5.835,5.75,5.786,162768.5
2025-05-20 13:00:00+00:00,5.786,5.805,5.733,5.751,269345.1
2025-05-20 14:00:00+00:00,5.751,5.805,5.727,5.737,273057.6
2025-05-20 15:00:00+00:00,5.737,5.802,5.729,5.786,158859.0
2025-05-20 16:00:00+00:00,5.786,5.81,5.731,5.739,181681.9
2025-05-20 17:00:00+00:00,5.739,5.86,5.737,5.822,357123.3
2025-05-20 18:00:00+00:00,5.822,5.832,5.689,5.704,317294.1
2025-05-20 19:00:00+00:00,5.704,5.908,5.692,5.876,298866.1
2025-05-20 20:00:00+00:00,5.876,5.966,5.832,5.958,260439.0
2025-05-20 21:00:00+00:00,5.958,5.984,5.917,5.95,223041.1
2025-05-20 22:00:00+00:00,5.95,5.978,5.869,5.94,236209.8
2025-05-20 23:00:00+00:00,5.94,6.114,5.932,6.019,594065.8
2025-05-21 00:00:00+00:00,6.019,6.094,6.004,6.021,218117.5
2025-05-21 01:00:00+00:00,6.021,6.094,6.014,6.023,203225.4
2025-05-21 02:00:00+00:00,6.023,6.06,5.942,6.057,176615.6
2025-05-21 03:00:00+00:00,6.057,6.509,6.04,6.388,1353622.8
2025-05-21 04:00:00+00:00,6.388,6.411,6.251,6.307,772132.1
2025-05-21 05:00:00+00:00,6.307,6.404,6.284,6.361,427733.1
2025-05-21 06:00:00+00:00,6.361,6.493,6.295,6.465,683440.1
2025-05-21 07:00:00+00:00,6.465,6.503,6.27,6.314,713278.7
2025-05-21 08:00:00+00:00,6.314,6.373,6.243,6.257,336697.4
2025-05-21 09:00:00+00:00,6.257,6.27,6.147,6.167,459680.1
2025-05-21 10:00:00+00:00,6.167,6.215,6.138,6.19,236079.3
2025-05-21 11:00:00+00:00,6.19,6.31,6.187,6.227,317602.2
2025-05-21 12:00:00+00:00,6.227,6.282,6.181,6.187,252326.2
2025-05-21 13:00:00+00:00,6.187,6.252,6.141,6.221,446904.1
2025-05-21 14:00:00+00:00,6.221,6.344,6.15,6.343,637704.1
2025-05-21 15:00:00+00:00,6.343,6.367,6.244,6.324,734384.9
2025-05-21 16:00:00+00:00,6.324,6.46,6.268,6.354,530507.8
2025-05-21 17:00:00+00:00,6.354,6.386,5.983,6.032,1642831.4
2025-05-21 18:00:00+00:00,6.032,6.136,5.996,6.036,622464.9
2025-05-21 19:00:00+00:00,6.036,6.179,6.013,6.162,353541.1
2025-05-21 20:00:00+00:00,6.162,6.176,6.09,6.132,178803.1
2025-05-21 21:00:00+00:00,6.132,6.195,6.077,6.091,283114.7
2025-05-21 22:00:00+00:00,6.091,6.187,6.082,6.18,211103.1
2025-05-21 23:00:00+00:00,6.18,6.326,6.139,6.205,575898.1
2025-05-22 00:00:00+00:00,6.205,6.395,6.198,6.392,452862.2
2025-05-22 01:00:00+00:00,6.392,6.454,6.309,6.335,650575.8
2025-05-22 02:00:00+00:00,6.335,6.388,6.298,6.336,299088.9
2025-05-22 03:00:00+00:00,6.336,6.477,6.299,6.42,520128.0
2025-05-22 04:00:00+00:00,6.42,6.435,6.37,6.416,289126.0
2025-05-22 05:00:00+00:00,6.416,6.44,6.325,6.333,330400.4
2025-05-22 06:00:00+00:00,6.333,6.356,6.279,6.294,372283.0
2025-05-22 07:00:00+00:00,6.294,6.39,6.266,6.369,364252.6
2025-05-22 08:00:00+00:00,6.369,6.479,6.341,6.414,620878.9
2025-05-22 09:00:00+00:00,6.414,6.588,6.406,6.446,796611.0
2025-05-22 10:00:00+00:00,6.446,6.485,6.405,6.457,341477.0
2025-05-22 11:00:00+00:00,6.457,6.462,6.379,6.404,348605.7
2025-05-22 12:00:00+00:00,6.404,6.449,6.365,6.429,309067.2
2025-05-22 13:00:00+00:00,6.429,6.433,6.319,6.396,428186.9
2025-05-22 14:00:00+00:00,6.396,6.478,6.385,6.448,333335.2
2025-05-22 15:00:00+00:00,6.448,6.565,6.435,6.462,369428.1
2025-05-22 16:00:00+00:00,6.462,6.496,6.389,6.411,292994.2
2025-05-22 17:00:00+00:00,6.411,6.462,6.38,6.415,203983.6
2025-05-22 18:00:00+00:00,6.415,6.465,6.385,6.434,144465.5
2025-05-22 19:00:00+00:00,6.434,6.436,6.35,6.379,246529.8
2025-05-22 20:00:00+00:00,6.379,6.408,6.334,6.346,287282.3
2025-05-22 21:00:00+00:00,6.346,6.362,6.31,6.311,163153.3
2025-05-22 22:00:00+00:00,6.311,6.391,6.311,6.334,207173.1
2025-05-22 23:00:00+00:00,6.334,6.446,6.333,6.429,217416.1
2025-05-23 00:00:00+00:00,6.429,6.476,6.374,6.452,369825.1
2025-05-23 01:00:00+00:00,6.452,6.613,6.419,6.504,1140013.9
2025-05-23 02:00:00+00:00,6.504,6.788,6.497,6.646,1352532.7
2025-05-23 03:00:00+00:00,6.646,6.754,6.642,6.706,330922.6
2025-05-23 04:00:00+00:00,6.706,6.745,6.535,6.594,556822.2
2025-05-23 05:00:00+00:00,6.594,6.63,6.514,6.597,344162.3
2025-05-23 06:00:00+00:00,6.597,6.607,6.401,6.429,693841.2
2025-05-23 07:00:00+00:00,6.429,6.511,6.413,6.425,320941.2
2025-05-23 08:00:00+00:00,6.425,6.542,6.416,6.517,314492.9
2025-05-23 09:00:00+00:00,6.517,6.619,6.489,6.609,261491.6
2025-05-23 10:00:00+00:00,6.609,6.611,6.503,6.555,394243.2
2025-05-23 11:00:00+00:00,6.555,6.556,6.122,6.163,1541841.9
2025-05-23 12:00:00+00:00,6.163,6.171,5.965,6.088,1417797.1
2025-05-23 13:00:00+00:00,6.088,6.238,6.064,6.236,578478.3
2025-05-23 14:00:00+00:00,6.236,6.262,6.158,6.206,434364.8
2025-05-23 15:00:00+00:00,6.206,6.229,6.119,6.128,408378.8
2025-05-23 16:00:00+00:00,6.128,6.172,6.073,6.163,427727.4
2025-05-23 17:00:00+00:00,6.163,6.238,6.156,6.202,415759.6
2025-05-23 18:00:00+00:00,6.202,6.229,6.133,6.153,435132.2
2025-05-23 19:00:00+00:00,6.153,6.205,6.141,6.149,204421.6
2025-05-23 20:00:00+00:00,6.149,6.151,6.081,6.091,215660.5
2025-05-23 21:00:00+00:00,6.091,6.148,6.062,6.081,274666.0
2025-05-23 22:00:00+00:00,6.081,6.14,6.043,6.056,189145.9
2025-05-23 23:00:00+00:00,6.056,6.068,5.927,5.975,665991.3
2025-05-24 00:00:00+00:00,5.975,6.062,5.943,5.993,632311.0
2025-05-24 01:00:00+00:00,5.993,6.082,5.993,6.042,258034.7
2025-05-24 02:00:00+00:00,6.042,6.095,6.011,6.061,252762.2
2025-05-24 03:00:00+00:00,6.061,6.101,6.05,6.083,143170.8
2025-05-24 04:00:00+00:00,6.083,6.15,6.074,6.136,139374.4
2025-05-24 05:00:00+00:00,6.136,6.138,6.063,6.097,139720.8
2025-05-24 06:00:00+00:00,6.097,6.14,6.076,6.135,102010.5
2025-05-24 07:00:00+00:00,6.135,6.167,6.091,6.105,156335.5
2025-05-24 08:00:00+00:00,6.105,6.136,6.071,6.135,105520.8
2025-05-24 09:00:00+00:00,6.135,6.169,6.117,6.135,336811.6
2025-05-24 10:00:00+00:00,6.135,6.228,6.129,6.215,198118.6
2025-05-24 11:00:00+00:00,6.215,6.236,6.182,6.204,211734.9
2025-05-24 12:00:00+00:00,6.204,6.261,6.188,6.248,287781.3
2025-05-24 13:00:00+00:00,6.248,6.254,6.158,6.163,155182.3
2025-05-24 14:00:00+00:00,6.163,6.22,6.141,6.214,160837.6
2025-05-24 15:00:00+00:00,6.214,6.239,6.147,6.212,281075.9
2025-05-24 16:00:00+00:00,6.212,6.246,6.165,6.227,119825.9
2025-05-24 17:00:00+00:00,6.227,6.311,6.21,6.21,357722.8
2025-05-24 18:00:00+00:00,6.21,6.248,6.169,6.18,288796.0
2025-05-24 19:00:00+00:00,6.18,6.203,6.165,6.189,81453.0
2025-05-24 20:00:00+00:00,6.189,6.214,6.165,6.187,43213.3
2025-05-24 21:00:00+00:00,6.187,6.188,6.122,6.166,128960.7
2025-05-24 22:00:00+00:00,6.166,6.173,6.104,6.114,140272.1
2025-05-24 23:00:00+00:00,6.114,6.141,6.086,6.114,134896.0
2025-05-25 00:00:00+00:00,6.114,6.166,6.009,6.031,414043.5
2025-05-25 01:00:00+00:00,6.031,6.053,5.98,6.011,328087.4
2025-05-25 02:00:00+00:00,6.011,6.057,5.962,6.052,175719.7
2025-05-25 03:00:00+00:00,6.052,6.114,6.049,6.085,117108.3
2025-05-25 04:00:00+00:00,6.085,6.085,6.033,6.079,87973.3
2025-05-25 05:00:00+00:00,6.079,6.086,6.041,6.076,77079.5
2025-05-25 06:00:00+00:00,6.076,6.078,6.019,6.035,70812.4
2025-05-25 07:00:00+00:00,6.035,6.035,5.97,6.004,123123.3
2025-05-25 08:00:00+00:00,6.004,6.006,5.891,5.922,321616.1
2025-05-25 09:00:00+00:00,5.922,5.967,5.89,5.961,205247.3
2025-05-25 10:00:00+00:00,5.961,6.003,5.951,5.963,142777.9
2025-05-25 11:00:00+00:00,5.963,5.991,5.942,5.986,95581.1
2025-05-25 12:00:00+00:00,5.986,6.046,5.963,6.039,162082.9
2025-05-25 13:00:00+00:00,6.039,6.086,6.015,6.06,133812.1
2025-05-25 14:00:00+00:00,6.06,6.079,6.01,6.02,527488.2
2025-05-25 15:00:00+00:00,6.02,6.036,5.92,6.026,358439.4
2025-05-25 16:00:00+00:00,6.026,6.042,5.955,6.039,207605.2
2025-05-25 17:00:00+00:00,6.039,6.054,5.989,6.023,161797.1
2025-05-25 18:00:00+00:00,6.023,6.065,6.014,6.017,106025.4
2025-05-25 19:00:00+00:00,6.017,6.091,6.013,6.058,147360.5
2025-05-25 20:00:00+00:00,6.058,6.065,6.012,6.024,97147.9
2025-05-25 21:00:00+00:00,6.024,6.065,5.987,6.007,86787.2
2025-05-25 22:00:00+00:00,6.007,6.168,5.999,6.159,239698.7
2025-05-25 23:00:00+00:00,6.159,6.174,6.101,6.157,227567.8
2025-05-26 00:00:00+00:00,6.157,6.222,6.111,6.218,267812.6
2025-05-26 01:00:00+00:00,6.218,6.233,6.168,6.192,197244.9
2025-05-26 02:00:00+00:00,6.192,6.199,6.145,6.164,131052.0
2025-05-26 03:00:00+00:00,6.164,6.193,6.142,6.157,110228.9
2025-05-26 04:00:00+00:00,6.157,6.308,6.144,6.255,473513.6
2025-05-26 05:00:00+00:00,6.255,6.343,6.217,6.332,509062.2
2025-05-26 06:00:00+00:00,6.332,6.515,6.313,6.504,921668.9
2025-05-26 07:00:00+00:00,6.504,6.604,6.492,6.518,691050.8
2025-05-26 08:00:00+00:00,6.518,6.655,6.5,6.595,1025690.4
2025-05-26 09:00:00+00:00,6.595,6.625,6.527,6.576,398984.5
2025-05-26 10:00:00+00:00,6.576,6.6,6.532,6.573,275589.7
2025-05-26 11:00:00+00:00,6.573,6.619,6.55,6.593,590575.9
2025-05-26 12:00:00+00:00,6.593,6.657,6.564,6.62,633454.6
2025-05-26 13:00:00+00:00,6.62,6.64,6.485,6.515,791191.6
2025-05-26 14:00:00+00:00,6.515,6.53,6.391,6.42,582677.5
2025-05-26 15:00:00+00:00,6.42,6.534,6.396,6.53,591351.1
2025-05-26 16:00:00+00:00,6.53,6.571,6.415,6.464,658803.3
2025-05-26 17:00:00+00:00,6.464,6.504,6.367,6.388,301363.0
2025-05-26 18:00:00+00:00,6.388,6.47,6.369,6.391,197010.5
2025-05-26 19:00:00+00:00,6.391,6.424,6.374,6.397,101493.4
2025-05-26 20:00:00+00:00,6.397,6.452,6.373,6.449,177047.6
2025-05-26 21:00:00+00:00,6.449,6.512,6.439,6.465,103340.9
2025-05-26 22:00:00+00:00,6.465,6.532,6.429,6.441,191416.1
2025-05-26 23:00:00+00:00,6.441,6.503,6.422,6.497,128470.4
2025-05-27 00:00:00+00:00,6.497,6.522,6.386,6.399,444501.1
2025-05-27 01:00:00+00:00,6.399,6.401,6.258,6.352,542429.9
2025-05-27 02:00:00+00:00,6.352,6.42,6.346,6.359,276892.1
2025-05-27 03:00:00+00:00,6.359,6.501,6.358,6.455,380298.4
2025-05-27 04:00:00+00:00,6.455,6.591,6.433,6.524,365760.5
2025-05-27 05:00:00+00:00,6.524,6.649,6.515,6.604,427990.8
2025-05-27 06:00:00+00:00,6.604,6.737,6.515,6.533,860008.1
2025-05-27 07:00:00+00:00,6.533,6.659,6.528,6.655,400788.0
2025-05-27 08:00:00+00:00,6.655,6.766,6.652,6.709,775498.7
2025-05-27 09:00:00+00:00,6.709,6.71,6.622,6.682,416688.2
2025-05-27 10:00:00+00:00,6.682,6.706,6.642,6.683,377290.5
2025-05-27 11:00:00+00:00,6.683,6.695,6.61,6.671,323893.8
2025-05-27 12:00:00+00:00,6.671,6.715,6.622,6.715,444626.0
2025-05-27 13:00:00+00:00,6.715,6.786,6.507,6.542,1566204.2
2025-05-27 14:00:00+00:00,6.542,6.578,6.444,6.496,774133.9
2025-05-27 15:00:00+00:00,6.496,6.527,6.469,6.506,444919.1
2025-05-27 16:00:00+00:00,6.506,6.573,6.481,6.538,384554.4
2025-05-27 17:00:00+00:00,6.538,6.648,6.536,6.599,366110.9
2025-05-27 18:00:00+00:00,6.599,6.604,6.532,6.538,175705.1
2025-05-27 19:00:00+00:00,6.538,6.538,6.502,6.529,174497.7
2025-05-27 20:00:00+00:00,6.529,6.542,6.459,6.476,254830.0
2025-05-27 21:00:00+00:00,6.476,6.503,6.441,6.448,194260.5
2025-05-27 22:00:00+00:00,6.448,6.475,6.295,6.329,1224637.7
2025-05-27 23:00:00+00:00,6.329,6.36,6.299,6.319,428525.3
2025-05-28 00:00:00+00:00,6.319,6.403,6.231,6.37,914395.8
2025-05-28 01:00:00+00:00,6.37,6.373,6.287,6.307,297689.8
2025-05-28 02:00:00+00:00,6.307,6.316,6.267,6.289,220942.8
2025-05-28 03:00:00+00:00,6.289,6.41,6.278,6.382,503636.2
2025-05-28 04:00:00+00:00,6.382,6.711,6.354,6.635,1185893.0
2025-05-28 05:00:00+00:00,6.635,6.703,6.58,6.653,578560.3
2025-05-28 06:00:00+00:00,6.653,6.673,6.591,6.625,382625.0
2025-05-28 07:00:00+00:00,6.625,6.83,6.594,6.694,827103.4
2025-05-28 08:00:00+00:00,6.694,6.969,6.686,6.918,1350707.9
2025-05-28 09:00:00+00:00,6.918,6.955,6.825,6.836,978408.2
2025-05-28 10:00:00+00:00,6.836,6.928,6.768,6.914,699466.0
2025-05-28 11:00:00+00:00,6.914,6.976,6.829,6.875,707775.1
2025-05-28 12:00:00+00:00,6.875,6.918,6.795,6.814,495558.7
2025-05-28 13:00:00+00:00,6.814,6.855,6.754,6.773,504630.6
2025-05-28 14:00:00+00:00,6.773,6.801,6.661,6.667,1083416.0
2025-05-28 15:00:00+00:00,6.667,6.749,6.628,6.727,560018.7
2025-05-28 16:00:00+00:00,6.727,6.751,6.649,6.726,354722.1
2025-05-28 17:00:00+00:00,6.726,6.765,6.677,6.712,311342.2
2025-05-28 18:00:00+00:00,6.712,6.744,6.64,6.655,182826.1
2025-05-28 19:00:00+00:00,6.655,6.696,6.608,6.609,245964.7
2025-05-28 20:00:00+00:00,6.609,6.665,6.608,6.633,164289.3
2025-05-28 21:00:00+00:00,6.633,6.703,6.611,6.673,175769.5
2025-05-28 22:00:00+00:00,6.673,6.69,6.587,6.637,170203.0
2025-05-28 23:00:00+00:00,6.637,6.896,6.635,6.84,534545.6
2025-05-29 00:00:00+00:00,6.84,7.219,6.818,7.212,1996393.7
2025-05-29 01:00:00+00:00,7.212,7.241,7.107,7.218,1064948.2
2025-05-29 02:00:00+00:00,7.218,7.556,7.189,7.538,2490642.4
2025-05-29 03:00:00+00:00,7.538,7.7,7.39,7.493,2213802.0
2025-05-29 04:00:00+00:00,7.493,7.522,7.195,7.247,2008236.9
2025-05-29 05:00:00+00:00,7.247,7.31,7.082,7.132,1615818.5
2025-05-29 06:00:00+00:00,7.132,7.221,7.079,7.146,1155300.0
2025-05-29 07:00:00+00:00,7.146,7.172,7.097,7.157,385829.8
2025-05-29 08:00:00+00:00,7.157,7.211,7.095,7.106,854646.1
2025-05-29 09:00:00+00:00,7.106,7.165,7.075,7.139,531715.3
2025-05-29 10:00:00+00:00,7.139,7.155,7.08,7.151,415272.1
2025-05-29 11:00:00+00:00,7.151,7.167,7.084,7.116,337633.0
2025-05-29 12:00:00+00:00,7.116,7.116,7.008,7.043,790828.8
2025-05-29 13:00:00+00:00,7.043,7.084,6.823,6.837,1446441.4
2025-05-29 14:00:00+00:00,6.837,6.907,6.734,6.871,1828328.2
2025-05-29 15:00:00+00:00,6.871,6.902,6.748,6.784,584344.0
2025-05-29 16:00:00+00:00,6.784,6.814,6.718,6.724,631349.9
2025-05-29 17:00:00+00:00,6.724,6.78,6.687,6.744,649723.3
2025-05-29 18:00:00+00:00,6.744,6.815,6.697,6.708,457018.4
2025-05-29 19:00:00+00:00,6.708,6.727,6.656,6.699,420058.9
2025-05-29 20:00:00+00:00,6.699,6.739,6.64,6.665,412923.3
2025-05-29 21:00:00+00:00,6.665,6.708,6.662,6.688,191820.0
2025-05-29 22:00:00+00:00,6.688,6.698,6.618,6.628,383916.8
2025-05-29 23:00:00+00:00,6.628,6.648,6.525,6.555,498630.0
2025-05-30 00:00:00+00:00,6.555,6.69,6.3,6.395,2288453.1
2025-05-30 01:00:00+00:00,6.395,6.506,6.373,6.428,1093596.0
2025-05-30 02:00:00+00:00,6.428,6.557,6.421,6.533,628862.2
2025-05-30 03:00:00+00:00,6.533,6.603,6.477,6.485,426548.0
2025-05-30 04:00:00+00:00,6.485,6.546,6.429,6.53,372189.3
2025-05-30 05:00:00+00:00,6.53,6.598,6.466,6.589,457678.2
2025-05-30 06:00:00+00:00,6.589,6.666,6.455,6.507,837101.1
2025-05-30 07:00:00+00:00,6.507,6.59,6.48,6.515,555351.0
2025-05-30 08:00:00+00:00,6.515,6.595,6.476,6.516,563104.1
2025-05-30 09:00:00+00:00,6.516,6.567,6.441,6.557,466068.7
2025-05-30 10:00:00+00:00,6.557,6.572,6.492,6.549,267500.2
2025-05-30 11:00:00+00:00,6.549,6.64,6.523,6.577,509006.8
2025-05-30 12:00:00+00:00,6.577,6.626,6.478,6.582,697869.3
2025-05-30 13:00:00+00:00,6.582,6.643,6.485,6.503,772048.0
2025-05-30 14:00:00+00:00,6.503,6.548,6.459,6.496,548283.7
2025-05-30 15:00:00+00:00,6.496,6.58,6.487,6.498,243884.4
2025-05-30 16:00:00+00:00,6.498,6.533,6.236,6.314,1107926.7
2025-05-30 17:00:00+00:00,6.314,6.412,6.296,6.38,505773.7
2025-05-30 18:00:00+00:00,6.38,6.479,6.355,6.452,550566.1
2025-05-30 19:00:00+00:00,6.452,6.522,6.438,6.475,391123.3
2025-05-30 20:00:00+00:00,6.475,6.528,6.457,6.463,314834.7
2025-05-30 21:00:00+00:00,6.463,6.479,6.392,6.406,195729.1
2025-05-30 22:00:00+00:00,6.406,6.425,6.159,6.166,924162.9
2025-05-30 23:00:00+00:00,6.166,6.227,6.117,6.202,745108.8
2025-05-31 00:00:00+00:00,6.202,6.225,6.058,6.067,725039.5
2025-05-31 01:00:00+00:00,6.067,6.081,5.919,5.941,1074886.8
2025-05-31 02:00:00+00:00,5.941,6.047,5.913,5.958,442396.0
2025-05-31 03:00:00+00:00,5.958,6.002,5.901,5.992,381869.8
2025-05-31 04:00:00+00:00,5.992,6.03,5.88,6.014,596028.7
2025-05-31 05:00:00+00:00,6.014,6.038,5.981,5.995,223269.6
2025-05-31 06:00:00+00:00,5.995,6.085,5.989,6.036,225247.4
2025-05-31 07:00:00+00:00,6.036,6.09,6.025,6.056,117082.1
2025-05-31 08:00:00+00:00,6.056,6.071,6.009,6.018,195400.2
2025-05-31 09:00:00+00:00,6.018,6.054,5.986,6.011,160362.6
2025-05-31 10:00:00+00:00,6.011,6.058,5.968,5.996,257492.9
2025-05-31 11:00:00+00:00,5.996,6.02,5.964,6.011,246664.3
2025-05-31 12:00:00+00:00,6.011,6.069,6.002,6.052,222300.4
2025-05-31 13:00:00+00:00,6.052,6.113,6.001,6.023,296324.8
2025-05-31 14:00:00+00:00,6.023,6.102,6.016,6.098,251665.6
2025-05-31 15:00:00+00:00,6.098,6.14,6.066,6.074,425313.8
2025-05-31 16:00:00+00:00,6.074,6.176,6.059,6.157,269762.5
2025-05-31 17:00:00+00:00,6.157,6.16,6.08,6.091,184525.4
2025-05-31 18:00:00+00:00,6.091,6.138,6.084,6.114,195316.7
2025-05-31 19:00:00+00:00,6.114,6.163,6.114,6.149,170991.9
2025-05-31 20:00:00+00:00,6.149,6.154,6.12,6.154,259969.8
2025-05-31 21:00:00+00:00,6.154,6.18,6.145,6.163,198857.0
2025-05-31 22:00:00+00:00,6.163,6.166,6.097,6.099,88640.0
2025-05-31 23:00:00+00:00,6.099,6.13,6.03,6.048,360122.4
2025-06-01 00:00:00+00:00,6.048,6.068,6.017,6.053,180626.4
2025-06-01 01:00:00+00:00,6.053,6.099,5.951,5.974,660346.1
2025-06-01 02:00:00+00:00,5.974,6.001,5.873,5.949,1412801.5
2025-06-01 03:00:00+00:00,5.949,5.998,5.902,5.965,328186.8
2025-06-01 04:00:00+00:00,5.965,6.303,5.955,6.22,939314.7
2025-06-01 05:00:00+00:00,6.22,6.303,6.16,6.22,413661.9
2025-06-01 06:00:00+00:00,6.22,6.268,6.175,6.186,202871.7
2025-06-01 07:00:00+00:00,6.186,6.229,6.162,6.175,113908.2
2025-06-01 08:00:00+00:00,6.175,6.204,6.13,6.198,197600.1
2025-06-01 09:00:00+00:00,6.198,6.215,6.066,6.137,350512.2
2025-06-01 10:00:00+00:00,6.137,6.178,6.107,6.162,226183.6
2025-06-01 11:00:00+00:00,6.162,6.251,6.132,6.176,330129.7
2025-06-01 12:00:00+00:00,6.176,6.206,6.104,6.136,289966.5
2025-06-01 13:00:00+00:00,6.136,6.169,6.114,6.135,203945.0
2025-06-01 14:00:00+00:00,6.135,6.22,6.133,6.19,249173.1
2025-06-01 15:00:00+00:00,6.19,6.235,6.159,6.206,159010.8
2025-06-01 16:00:00+00:00,6.206,6.296,6.198,6.234,386214.4
2025-06-01 17:00:00+00:00,6.234,6.273,6.217,6.237,127202.6
2025-06-01 18:00:00+00:00,6.237,6.241,6.122,6.174,248073.4
2025-06-01 19:00:00+00:00,6.174,6.206,6.163,6.2,133098.3
2025-06-01 20:00:00+00:00,6.2,6.287,6.175,6.265,201593.3
2025-06-01 21:00:00+00:00,6.265,6.307,6.238,6.263,197940.1
2025-06-01 22:00:00+00:00,6.263,6.333,6.262,6.312,160163.9
2025-06-01 23:00:00+00:00,6.312,6.381,6.286,6.305,258971.5
2025-06-02 00:00:00+00:00,6.305,6.312,6.191,6.21,615869.0
2025-06-02 01:00:00+00:00,6.21,6.248,6.152,6.162,353442.4
2025-06-02 02:00:00+00:00,6.162,6.169,6.104,6.117,237041.2
2025-06-02 03:00:00+00:00,6.117,6.129,6.04,6.079,392802.6
2025-06-02 04:00:00+00:00,6.079,6.104,6.042,6.061,140833.5
2025-06-02 05:00:00+00:00,6.061,6.11,6.028,6.067,176514.9
2025-06-02 06:00:00+00:00,6.067,6.121,6.055,6.103,192508.2
2025-06-02 07:00:00+00:00,6.103,6.185,6.103,6.154,192472.8
2025-06-02 08:00:00+00:00,6.154,6.192,6.111,6.151,353588.9
2025-06-02 09:00:00+00:00,6.151,6.151,6.064,6.085,261224.1
2025-06-02 10:00:00+00:00,6.085,6.14,6.065,6.135,272434.8
2025-06-02 11:00:00+00:00,6.135,6.174,6.088,6.106,208126.6
2025-06-02 12:00:00+00:00,6.106,6.212,6.091,6.199,334872.1
2025-06-02 13:00:00+00:00,6.199,6.278,6.156,6.228,532893.8
2025-06-02 14:00:00+00:00,6.228,6.303,6.201,6.244,507107.6
2025-06-02 15:00:00+00:00,6.244,6.328,6.22,6.315,312198.0
2025-06-02 16:00:00+00:00,6.315,6.36,6.275,6.339,248855.6
2025-06-02 17:00:00+00:00,6.339,6.374,6.277,6.314,282714.8
2025-06-02 18:00:00+00:00,6.314,6.341,6.254,6.275,254042.3
2025-06-02 19:00:00+00:00,6.275,6.294,6.225,6.25,127829.1
2025-06-02 20:00:00+00:00,6.25,6.325,6.25,6.282,181548.7
2025-06-02 21:00:00+00:00,6.282,6.345,6.277,6.345,114986.7
2025-06-02 22:00:00+00:00,6.345,6.425,6.344,6.389,302315.2
2025-06-02 23:00:00+00:00,6.389,6.47,6.388,6.442,444553.8
2025-06-03 00:00:00+00:00,6.442,6.537,6.42,6.458,469569.1
2025-06-03 01:00:00+00:00,6.458,6.549,6.419,6.545,393067.4
2025-06-03 02:00:00+00:00,6.545,6.566,6.368,6.384,884584.1
2025-06-03 03:00:00+00:00,6.384,6.399,6.321,6.357,547191.7
2025-06-03 04:00:00+00:00,6.357,6.362,6.276,6.294,303424.0
2025-06-03 05:00:00+00:00,6.294,6.37,6.294,6.364,232229.5
2025-06-03 06:00:00+00:00,6.364,6.396,6.333,6.395,98468.0
2025-06-03 07:00:00+00:00,6.395,6.407,6.351,6.396,139685.1
2025-06-03 08:00:00+00:00,6.396,6.443,6.33,6.396,354429.4
2025-06-03 09:00:00+00:00,6.396,6.43,6.36,6.403,204729.4
2025-06-03 10:00:00+00:00,6.403,6.462,6.398,6.457,258186.8
2025-06-03 11:00:00+00:00,6.457,6.483,6.441,6.462,194084.5
2025-06-03 12:00:00+00:00,6.462,6.482,6.433,6.443,115256.1
2025-06-03 13:00:00+00:00,6.443,7.097,6.442,6.871,3355298.8
2025-06-03 14:00:00+00:00,6.871,6.896,6.749,6.833,791690.8
2025-06-03 15:00:00+00:00,6.833,6.847,6.726,6.774,603678.6
2025-06-03 16:00:00+00:00,6.774,6.794,6.655,6.661,501998.4
2025-06-03 17:00:00+00:00,6.661,6.726,6.655,6.67,336647.7
2025-06-03 18:00:00+00:00,6.67,6.671,6.626,6.649,323037.6
2025-06-03 19:00:00+00:00,6.649,6.73,6.648,6.718,187896.6
2025-06-03 20:00:00+00:00,6.718,6.72,6.621,6.691,207202.0
2025-06-03 21:00:00+00:00,6.691,6.714,6.57,6.609,220217.4
2025-06-03 22:00:00+00:00,6.609,6.671,6.594,6.659,197824.8
2025-06-03 23:00:00+00:00,6.659,6.686,6.603,6.628,179294.9
2025-06-04 00:00:00+00:00,6.628,6.666,6.548,6.643,349878.6
2025-06-04 01:00:00+00:00,6.643,6.698,6.64,6.64,217169.2
2025-06-04 02:00:00+00:00,6.64,6.705,6.639,6.669,162348.0
2025-06-04 03:00:00+00:00,6.669,6.738,6.663,6.703,219457.6
2025-06-04 04:00:00+00:00,6.703,6.751,6.66,6.748,203689.9
2025-06-04 05:00:00+00:00,6.748,6.759,6.677,6.726,331789.2
2025-06-04 06:00:00+00:00,6.726,6.746,6.692,6.723,260096.5
2025-06-04 07:00:00+00:00,6.723,6.737,6.652,6.698,287293.9
2025-06-04 08:00:00+00:00,6.698,6.831,6.696,6.786,425969.0
2025-06-04 09:00:00+00:00,6.786,6.844,6.745,6.812,421554.2
2025-06-04 10:00:00+00:00,6.812,6.825,6.758,6.81,209981.4
2025-06-04 11:00:00+00:00,6.81,6.81,6.741,6.76,356922.5
2025-06-04 12:00:00+00:00,6.76,6.807,6.445,6.526,1336555.7
2025-06-04 13:00:00+00:00,6.526,6.544,6.27,6.332,2215159.3
2025-06-04 14:00:00+00:00,6.332,6.401,6.277,6.387,923628.3
2025-06-04 15:00:00+00:00,6.387,6.516,6.326,6.477,814486.7
2025-06-04 16:00:00+00:00,6.477,6.482,6.379,6.416,416858.7
2025-06-04 17:00:00+00:00,6.416,6.419,6.335,6.36,261924.0
2025-06-04 18:00:00+00:00,6.36,6.393,6.338,6.356,133163.5
2025-06-04 19:00:00+00:00,6.356,6.378,6.326,6.329,153869.9
2025-06-04 20:00:00+00:00,6.329,6.335,6.245,6.288,437229.1
2025-06-04 21:00:00+00:00,6.288,6.356,6.266,6.344,150987.6
2025-06-04 22:00:00+00:00,6.344,6.357,6.295,6.301,115024.4
2025-06-04 23:00:00+00:00,6.301,6.358,6.293,6.304,185377.8
2025-06-05 00:00:00+00:00,6.304,6.332,6.254,6.314,248149.6
2025-06-05 01:00:00+00:00,6.314,6.347,6.271,6.278,118294.7
2025-06-05 02:00:00+00:00,6.278,6.344,6.278,6.305,177886.9
2025-06-05 03:00:00+00:00,6.305,6.351,6.294,6.331,153478.8
2025-06-05 04:00:00+00:00,6.331,6.368,6.322,6.349,150684.3
2025-06-05 05:00:00+00:00,6.349,6.367,6.291,6.336,247406.7
2025-06-05 06:00:00+00:00,6.336,6.347,6.258,6.267,291520.9
2025-06-05 07:00:00+00:00,6.267,6.319,6.233,6.253,342993.8
2025-06-05 08:00:00+00:00,6.253,6.324,6.248,6.281,232234.3
2025-06-05 09:00:00+00:00,6.281,6.325,6.277,6.291,164570.9
2025-06-05 10:00:00+00:00,6.291,6.294,6.202,6.245,332364.0
2025-06-05 11:00:00+00:00,6.245,6.281,6.208,6.277,246791.1
2025-06-05 12:00:00+00:00,6.277,6.465,6.257,6.418,683636.1
2025-06-05 13:00:00+00:00,6.418,6.445,6.247,6.271,554234.6
2025-06-05 14:00:00+00:00,6.271,6.392,6.241,6.335,531638.1
2025-06-05 15:00:00+00:00,6.335,6.396,6.325,6.345,266073.7
2025-06-05 16:00:00+00:00,6.345,6.356,6.212,6.22,641756.0
2025-06-05 17:00:00+00:00,6.22,6.229,6.163,6.211,450474.4
2025-06-05 18:00:00+00:00,6.211,6.233,6.152,6.199,252314.5
2025-06-05 19:00:00+00:00,6.199,6.209,6.044,6.098,1132622.2
2025-06-05 20:00:00+00:00,6.098,6.103,5.791,5.805,1753915.3
2025-06-05 21:00:00+00:00,5.805,5.934,5.795,5.928,586030.1
2025-06-05 22:00:00+00:00,5.928,5.946,5.852,5.925,315673.6
2025-06-05 23:00:00+00:00,5.925,5.945,5.889,5.893,225078.4
2025-06-06 00:00:00+00:00,5.893,5.918,5.822,5.905,431308.1
2025-06-06 01:00:00+00:00,5.905,5.926,5.855,5.914,196005.2
2025-06-06 02:00:00+00:00,5.914,5.963,5.88,5.949,232934.9
2025-06-06 03:00:00+00:00,5.949,6.043,5.917,6.035,325254.3
2025-06-06 04:00:00+00:00,6.035,6.041,5.983,6.012,167996.5
2025-06-06 05:00:00+00:00,6.012,6.042,5.987,5.998,159434.8
2025-06-06 06:00:00+00:00,5.998,6.022,5.972,6.0,163150.3
2025-06-06 07:00:00+00:00,6.0,6.018,5.962,5.982,207620.5
2025-06-06 08:00:00+00:00,5.982,6.033,5.979,6.0,136594.8
2025-06-06 09:00:00+00:00,6.0,6.04,5.984,5.992,138445.6
2025-06-06 10:00:00+00:00,5.992,6.043,5.992,6.018,109001.3
2025-06-06 11:00:00+00:00,6.018,6.077,6.005,6.021,199209.8
2025-06-06 12:00:00+00:00,6.021,6.099,5.996,6.001,421194.8
2025-06-06 13:00:00+00:00,6.001,6.09,5.991,6.036,335718.7
2025-06-06 14:00:00+00:00,6.036,6.108,6.017,6.108,256730.7
2025-06-06 15:00:00+00:00,6.108,6.15,6.044,6.087,346853.3
2025-06-06 16:00:00+00:00,6.087,6.119,6.044,6.063,176520.3
2025-06-06 17:00:00+00:00,6.063,6.086,6.034,6.081,173255.3
2025-06-06 18:00:00+00:00,6.081,6.09,6.023,6.047,121109.1
2025-06-06 19:00:00+00:00,6.047,6.083,6.046,6.054,110655.1
2025-06-06 20:00:00+00:00,6.054,6.075,6.023,6.04,86347.1
2025-06-06 21:00:00+00:00,6.04,6.041,6.013,6.016,72502.0
2025-06-06 22:00:00+00:00,6.016,6.019,5.982,6.007,83763.0
2025-06-06 23:00:00+00:00,6.007,6.009,5.963,5.984,91678.4
2025-06-07 00:00:00+00:00,5.984,6.064,5.961,6.064,178413.9
2025-06-07 01:00:00+00:00,6.064,6.073,5.994,6.0,84418.4
2025-06-07 02:00:00+00:00,6.0,6.208,5.987,6.131,416172.1
2025-06-07 03:00:00+00:00,6.131,6.185,6.102,6.142,228839.9
2025-06-07 04:00:00+00:00,6.142,6.142,6.084,6.112,175604.2
2025-06-07 05:00:00+00:00,6.112,6.161,6.089,6.142,250889.1
2025-06-07 06:00:00+00:00,6.142,6.174,6.114,6.173,157662.1
2025-06-07 07:00:00+00:00,6.173,6.19,6.145,6.172,124601.9
2025-06-07 08:00:00+00:00,6.172,6.18,6.112,6.118,81044.9
2025-06-07 09:00:00+00:00,6.118,6.137,6.097,6.117,81147.6
2025-06-07 10:00:00+00:00,6.117,6.161,6.112,6.157,81703.8
2025-06-07 11:00:00+00:00,6.157,6.169,6.143,6.169,76413.9
2025-06-07 12:00:00+00:00,6.169,6.205,6.166,6.187,120454.7
2025-06-07 13:00:00+00:00,6.187,6.405,6.178,6.335,812686.0
2025-06-07 14:00:00+00:00,6.335,6.34,6.259,6.316,215821.2
2025-06-07 15:00:00+00:00,6.316,6.338,6.273,6.31,164824.2
2025-06-07 16:00:00+00:00,6.31,6.335,6.257,6.261,172801.8
2025-06-07 17:00:00+00:00,6.261,6.267,6.235,6.237,83608.1
2025-06-07 18:00:00+00:00,6.237,6.296,6.235,6.273,81364.2
2025-06-07 19:00:00+00:00,6.273,6.374,6.271,6.313,220393.6
2025-06-07 20:00:00+00:00,6.313,6.382,6.308,6.345,77591.9
2025-06-07 21:00:00+00:00,6.345,6.356,6.319,6.344,124108.4
2025-06-07 22:00:00+00:00,6.344,6.417,6.343,6.389,233861.6
2025-06-07 23:00:00+00:00,6.389,6.39,6.332,6.341,268175.6
2025-06-08 00:00:00+00:00,6.341,6.345,6.302,6.308,157328.1
2025-06-08 01:00:00+00:00,6.308,6.348,6.287,6.348,105545.0
2025-06-08 02:00:00+00:00,6.348,6.36,6.317,6.326,296562.0
2025-06-08 03:00:00+00:00,6.326,6.357,6.287,6.3,272136.3
2025-06-08 04:00:00+00:00,6.3,6.308,6.28,6.29,63579.1
2025-06-08 05:00:00+00:00,6.29,6.292,6.232,6.243,186380.5
2025-06-08 06:00:00+00:00,6.243,6.287,6.243,6.261,67679.6
2025-06-08 07:00:00+00:00,6.261,6.313,6.26,6.28,122089.7
2025-06-08 08:00:00+00:00,6.28,6.317,6.278,6.302,102057.3
2025-06-08 09:00:00+00:00,6.302,6.305,6.191,6.217,310367.7
2025-06-08 10:00:00+00:00,6.217,6.255,6.201,6.255,152279.2
2025-06-08 11:00:00+00:00,6.255,6.338,6.254,6.338,267793.0
2025-06-08 12:00:00+00:00,6.338,6.34,6.294,6.32,94360.4
2025-06-08 13:00:00+00:00,6.32,6.424,6.309,6.342,429231.4
2025-06-08 14:00:00+00:00,6.342,6.358,6.303,6.332,155162.9
2025-06-08 15:00:00+00:00,6.332,6.388,6.332,6.357,162962.2
2025-06-08 16:00:00+00:00,6.357,6.418,6.348,6.397,213822.6
2025-06-08 17:00:00+00:00,6.397,6.453,6.377,6.385,246690.9
2025-06-08 18:00:00+00:00,6.385,6.394,6.344,6.378,196066.8
2025-06-08 19:00:00+00:00,6.378,6.394,6.355,6.377,66364.0
2025-06-08 20:00:00+00:00,6.377,6.408,6.37,6.388,67540.9
2025-06-08 21:00:00+00:00,6.388,6.432,6.388,6.4,69944.2
2025-06-08 22:00:00+00:00,6.4,6.407,6.307,6.331,283963.8
2025-06-08 23:00:00+00:00,6.331,6.334,6.301,6.318,75267.9
2025-06-09 00:00:00+00:00,6.318,6.343,6.283,6.309,159222.8
2025-06-09 01:00:00+00:00,6.309,6.339,6.273,6.301,87221.0
2025-06-09 02:00:00+00:00,6.301,6.333,6.256,6.27,114639.7
2025-06-09 03:00:00+00:00,6.27,6.3,6.235,6.292,100841.9
2025-06-09 04:00:00+00:00,6.292,6.299,6.239,6.244,43394.9
2025-06-09 05:00:00+00:00,6.244,6.256,6.206,6.21,137253.0
2025-06-09 06:00:00+00:00,6.21,6.274,6.197,6.26,157855.9
2025-06-09 07:00:00+00:00,6.26,6.275,6.227,6.275,56053.2
2025-06-09 08:00:00+00:00,6.275,6.302,6.235,6.298,103415.5
2025-06-09 09:00:00+00:00,6.298,6.397,6.266,6.371,356215.3
2025-06-09 10:00:00+00:00,6.371,6.553,6.365,6.529,911671.5
2025-06-09 11:00:00+00:00,6.529,6.578,6.496,6.53,355434.3
2025-06-09 12:00:00+00:00,6.53,6.572,6.488,6.544,147332.4
2025-06-09 13:00:00+00:00,6.544,6.545,6.421,6.442,356621.5
2025-06-09 14:00:00+00:00,6.442,6.543,6.442,6.502,213957.0
2025-06-09 15:00:00+00:00,6.502,6.553,6.488,6.49,165901.3
2025-06-09 16:00:00+00:00,6.49,6.639,6.49,6.579,340698.8
2025-06-09 17:00:00+00:00,6.579,6.623,6.579,6.6,113226.5
2025-06-09 18:00:00+00:00,6.6,6.624,6.58,6.624,151239.9
2025-06-09 19:00:00+00:00,6.624,6.636,6.574,6.592,89266.1
2025-06-09 20:00:00+00:00,6.592,6.64,6.586,6.637,61241.9
2025-06-09 21:00:00+00:00,6.637,6.776,6.634,6.753,239672.5
2025-06-09 22:00:00+00:00,6.753,6.861,6.746,6.841,357391.3
2025-06-09 23:00:00+00:00,6.841,6.876,6.795,6.842,194533.3
2025-06-10 00:00:00+00:00,6.842,7.007,6.827,6.879,662946.7
2025-06-10 01:00:00+00:00,6.879,7.215,6.875,7.156,978661.1
2025-06-10 02:00:00+00:00,7.156,7.184,7.05,7.112,504339.8
2025-06-10 03:00:00+00:00,7.112,7.114,7.002,7.089,399700.9
2025-06-10 04:00:00+00:00,7.089,7.141,7.07,7.124,278354.9
2025-06-10 05:00:00+00:00,7.124,7.194,7.025,7.086,504952.4
2025-06-10 06:00:00+00:00,7.086,7.169,7.048,7.136,350834.1
2025-06-10 07:00:00+00:00,7.136,7.164,7.081,7.124,327158.0
2025-06-10 08:00:00+00:00,7.124,7.214,7.123,7.137,471302.0
2025-06-10 09:00:00+00:00,7.137,7.314,7.124,7.269,860951.4
2025-06-10 10:00:00+00:00,7.269,7.313,7.205,7.311,512252.4
2025-06-10 11:00:00+00:00,7.311,8.103,7.247,7.993,3589653.2
2025-06-10 12:00:00+00:00,7.993,8.174,7.905,8.04,3045127.6
2025-06-10 13:00:00+00:00,8.04,8.253,7.939,8.158,2141759.5
2025-06-10 14:00:00+00:00,8.158,8.314,8.065,8.121,1673809.8
2025-06-10 15:00:00+00:00,8.121,8.264,7.934,8.196,1757180.0
2025-06-10 16:00:00+00:00,8.196,8.291,8.125,8.148,954932.0
2025-06-10 17:00:00+00:00,8.148,8.284,8.134,8.239,652555.8
2025-06-10 18:00:00+00:00,8.239,8.268,8.134,8.231,1059980.7
2025-06-10 19:00:00+00:00,8.231,8.39,8.186,8.267,1364480.2
2025-06-10 20:00:00+00:00,8.267,8.364,8.222,8.348,546304.2
2025-06-10 21:00:00+00:00,8.348,8.4,8.244,8.38,507257.9
2025-06-10 22:00:00+00:00,8.38,8.548,8.309,8.44,1150076.0
2025-06-10 23:00:00+00:00,8.44,8.683,8.41,8.656,871098.0
2025-06-11 00:00:00+00:00,8.656,8.677,8.368,8.384,1506937.8
2025-06-11 01:00:00+00:00,8.384,8.471,8.233,8.26,751665.4
2025-06-11 02:00:00+00:00,8.26,8.386,8.203,8.316,731444.8
2025-06-11 03:00:00+00:00,8.316,8.369,8.236,8.245,390253.9
2025-06-11 04:00:00+00:00,8.245,8.369,8.243,8.351,335217.7
2025-06-11 05:00:00+00:00,8.351,8.437,8.289,8.406,535155.1
2025-06-11 06:00:00+00:00,8.406,8.453,8.326,8.445,405826.0
2025-06-11 07:00:00+00:00,8.445,8.471,8.352,8.375,1078133.6
2025-06-11 08:00:00+00:00,8.375,8.393,8.263,8.28,541250.6
2025-06-11 09:00:00+00:00,8.28,8.286,8.152,8.176,713580.9
2025-06-11 10:00:00+00:00,8.176,8.32,8.166,8.279,682961.1
2025-06-11 11:00:00+00:00,8.279,8.283,8.128,8.169,513887.5
2025-06-11 12:00:00+00:00,8.169,8.463,8.136,8.258,1788997.7
2025-06-11 13:00:00+00:00,8.258,8.444,8.238,8.311,2264569.6
2025-06-11 14:00:00+00:00,8.311,8.428,8.255,8.286,598091.1
2025-06-11 15:00:00+00:00,8.286,8.39,8.251,8.346,710223.6
2025-06-11 16:00:00+00:00,8.346,8.347,8.206,8.293,479532.7
2025-06-11 17:00:00+00:00,8.293,8.293,8.15,8.178,558387.9
2025-06-11 18:00:00+00:00,8.178,8.194,8.032,8.067,1190996.3
2025-06-11 19:00:00+00:00,8.067,8.091,7.992,8.024,549447.9
2025-06-11 20:00:00+00:00,8.024,8.082,7.962,8.044,407916.6
2025-06-11 21:00:00+00:00,8.044,8.134,7.981,8.003,440397.7
2025-06-11 22:00:00+00:00,8.003,8.432,7.954,8.089,3150285.3
2025-06-11 23:00:00+00:00,8.089,8.171,8.054,8.154,617097.0
2025-06-12 00:00:00+00:00,8.154,8.236,8.116,8.167,693503.6
2025-06-12 01:00:00+00:00,8.167,8.202,8.08,8.191,509492.4
2025-06-12 02:00:00+00:00,8.191,8.244,8.131,8.149,443713.7
2025-06-12 03:00:00+00:00,8.149,8.162,8.064,8.088,516500.2
2025-06-12 04:00:00+00:00,8.088,8.104,8.013,8.059,444897.9
2025-06-12 05:00:00+00:00,8.059,8.098,7.989,8.069,512665.6
2025-06-12 06:00:00+00:00,8.069,8.164,8.011,8.102,452070.5
2025-06-12 07:00:00+00:00,8.102,8.139,7.915,7.95,936190.8
2025-06-12 08:00:00+00:00,7.95,8.022,7.921,7.986,535864.2
2025-06-12 09:00:00+00:00,7.986,8.032,7.927,7.945,231670.3
2025-06-12 10:00:00+00:00,7.945,7.945,7.833,7.86,854647.6
2025-06-12 11:00:00+00:00,7.86,7.889,7.776,7.781,633464.2
2025-06-12 12:00:00+00:00,7.781,7.953,7.756,7.891,683899.0
2025-06-12 13:00:00+00:00,7.891,8.017,7.85,7.972,465349.9
2025-06-12 14:00:00+00:00,7.972,8.045,7.868,7.889,697962.3
2025-06-12 15:00:00+00:00,7.889,7.916,7.732,7.751,802342.9
2025-06-12 16:00:00+00:00,7.751,7.909,7.748,7.886,545788.2
2025-06-12 17:00:00+00:00,7.886,7.993,7.87,7.956,395603.5
2025-06-12 18:00:00+00:00,7.956,7.963,7.828,7.854,405327.8
2025-06-12 19:00:00+00:00,7.854,7.951,7.712,7.781,598500.5
2025-06-12 20:00:00+00:00,7.781,7.814,7.574,7.623,846653.9
2025-06-12 21:00:00+00:00,7.623,7.741,7.614,7.629,411448.1
2025-06-12 22:00:00+00:00,7.629,7.669,7.556,7.558,187749.1
2025-06-12 23:00:00+00:00,7.558,7.611,7.475,7.48,351334.7
2025-06-13 00:00:00+00:00,7.48,7.49,6.882,6.963,3234318.5
2025-06-13 01:00:00+00:00,6.963,6.963,6.775,6.88,1559902.8
2025-06-13 02:00:00+00:00,6.88,6.947,6.86,6.908,735982.9
2025-06-13 03:00:00+00:00,6.908,7.176,6.904,7.128,832347.8
2025-06-13 04:00:00+00:00,7.128,7.147,7.012,7.098,641435.6
2025-06-13 05:00:00+00:00,7.098,7.339,7.073,7.274,936099.9
2025-06-13 06:00:00+00:00,7.274,7.42,7.157,7.419,929992.2
2025-06-13 07:00:00+00:00,7.419,7.487,7.324,7.394,738888.8
2025-06-13 08:00:00+00:00,7.394,7.507,7.347,7.428,673434.6
2025-06-13 09:00:00+00:00,7.428,7.443,7.255,7.302,585429.7
2025-06-13 10:00:00+00:00,7.302,7.346,7.231,7.26,366679.1
2025-06-13 11:00:00+00:00,7.26,7.36,7.206,7.342,507588.6
2025-06-13 12:00:00+00:00,7.342,7.382,7.25,7.268,598257.9
2025-06-13 13:00:00+00:00,7.268,7.341,7.19,7.257,523416.5
2025-06-13 14:00:00+00:00,7.257,7.445,7.208,7.419,674166.7
2025-06-13 15:00:00+00:00,7.419,7.578,7.359,7.478,882851.4
2025-06-13 16:00:00+00:00,7.478,7.677,7.448,7.548,878114.0
2025-06-13 17:00:00+00:00,7.548,7.548,7.356,7.422,696091.3
2025-06-13 18:00:00+00:00,7.422,7.457,7.361,7.445,437235.5
2025-06-13 19:00:00+00:00,7.445,7.533,7.423,7.493,339588.1
2025-06-13 20:00:00+00:00,7.493,7.498,7.363,7.468,555083.8
2025-06-13 21:00:00+00:00,7.468,7.503,7.439,7.489,171300.8
2025-06-13 22:00:00+00:00,7.489,7.652,7.487,7.627,352742.8
2025-06-13 23:00:00+00:00,7.627,7.771,7.616,7.755,926727.4
2025-06-14 00:00:00+00:00,7.755,7.755,7.538,7.562,672284.8
2025-06-14 01:00:00+00:00,7.562,7.631,7.492,7.56,317655.7
2025-06-14 02:00:00+00:00,7.56,7.584,7.503,7.522,278640.6
2025-06-14 03:00:00+00:00,7.522,7.573,7.472,7.481,261021.4
2025-06-14 04:00:00+00:00,7.481,7.528,7.468,7.472,146113.1
2025-06-14 05:00:00+00:00,7.472,7.481,7.443,7.459,205392.2
2025-06-14 06:00:00+00:00,7.459,7.472,7.393,7.413,409615.2
2025-06-14 07:00:00+00:00,7.413,7.413,7.296,7.328,858827.9
2025-06-14 08:00:00+00:00,7.328,7.362,7.28,7.345,405131.4
2025-06-14 09:00:00+00:00,7.345,7.347,7.297,7.301,160341.5
2025-06-14 10:00:00+00:00,7.301,7.34,7.245,7.292,432047.2
2025-06-14 11:00:00+00:00,7.292,7.338,7.284,7.323,223240.8
2025-06-14 12:00:00+00:00,7.323,7.347,7.257,7.342,343329.1
2025-06-14 13:00:00+00:00,7.342,7.38,7.284,7.301,324469.8
2025-06-14 14:00:00+00:00,7.301,7.316,7.255,7.261,200248.2
2025-06-14 15:00:00+00:00,7.261,7.281,7.156,7.19,583885.6
2025-06-14 16:00:00+00:00,7.19,7.227,7.1,7.123,613823.7
2025-06-14 17:00:00+00:00,7.123,7.228,7.106,7.22,333230.6
2025-06-14 18:00:00+00:00,7.22,7.265,7.154,7.237,208695.4
2025-06-14 19:00:00+00:00,7.237,7.27,7.214,7.214,229587.4
2025-06-14 20:00:00+00:00,7.214,7.228,7.165,7.203,297016.8
2025-06-14 21:00:00+00:00,7.203,7.259,7.191,7.246,151126.0
2025-06-14 22:00:00+00:00,7.246,7.295,7.219,7.279,168011.7
2025-06-14 23:00:00+00:00,7.279,7.348,7.27,7.295,162398.2
2025-06-15 00:00:00+00:00,7.295,7.445,7.29,7.43,445238.3
2025-06-15 01:00:00+00:00,7.43,7.449,7.331,7.349,225237.1
2025-06-15 02:00:00+00:00,7.349,7.475,7.348,7.375,323535.3
2025-06-15 03:00:00+00:00,7.375,7.382,7.32,7.327,144890.2
2025-06-15 04:00:00+00:00,7.327,7.37,7.305,7.365,197225.8
2025-06-15 05:00:00+00:00,7.365,7.367,7.305,7.331,176660.2
2025-06-15 06:00:00+00:00,7.331,7.342,7.245,7.251,321570.4
2025-06-15 07:00:00+00:00,7.251,7.26,7.202,7.214,315203.9
2025-06-15 08:00:00+00:00,7.214,7.227,7.155,7.191,144589.3
2025-06-15 09:00:00+00:00,7.191,7.197,7.127,7.145,203311.9
2025-06-15 10:00:00+00:00,7.145,7.203,7.141,7.201,113116.2
2025-06-15 11:00:00+00:00,7.201,7.221,7.173,7.197,193753.8
2025-06-15 12:00:00+00:00,7.197,7.23,7.151,7.228,279161.0
2025-06-15 13:00:00+00:00,7.228,7.293,7.198,7.242,419559.2
2025-06-15 14:00:00+00:00,7.242,7.272,7.145,7.244,431020.7
2025-06-15 15:00:00+00:00,7.244,7.28,7.117,7.141,370510.4
2025-06-15 16:00:00+00:00,7.141,7.203,7.113,7.18,411338.6
2025-06-15 17:00:00+00:00,7.18,7.18,7.125,7.149,160722.8
2025-06-15 18:00:00+00:00,7.149,7.172,7.101,7.148,156694.5
2025-06-15 19:00:00+00:00,7.148,7.173,7.02,7.062,708766.0
2025-06-15 20:00:00+00:00,7.062,7.078,6.97,6.986,370561.8
2025-06-15 21:00:00+00:00,6.986,7.036,6.96,7.032,172068.4
2025-06-15 22:00:00+00:00,7.032,7.163,7.022,7.132,285422.9
2025-06-15 23:00:00+00:00,7.132,7.196,7.115,7.175,154709.8
2025-06-16 00:00:00+00:00,7.175,7.175,7.093,7.123,205365.8
2025-06-16 01:00:00+00:00,7.123,7.215,7.026,7.209,423750.3
2025-06-16 02:00:00+00:00,7.209,7.394,7.209,7.327,752849.3
2025-06-16 03:00:00+00:00,7.327,7.439,7.293,7.306,595963.7
2025-06-16 04:00:00+00:00,7.306,7.466,7.306,7.393,438189.3
2025-06-16 05:00:00+00:00,7.393,7.649,7.39,7.573,714443.0
2025-06-16 06:00:00+00:00,7.573,7.671,7.515,7.607,622764.9
2025-06-16 07:00:00+00:00,7.607,7.727,7.584,7.635,1310882.2
2025-06-16 08:00:00+00:00,7.635,7.693,7.544,7.601,718131.1
2025-06-16 09:00:00+00:00,7.601,7.711,7.578,7.639,678354.5
2025-06-16 10:00:00+00:00,7.639,7.714,7.632,7.7,395101.4
2025-06-16 11:00:00+00:00,7.7,7.759,7.604,7.734,557614.7
2025-06-16 12:00:00+00:00,7.734,7.859,7.648,7.805,1116654.2
2025-06-16 13:00:00+00:00,7.805,7.97,7.762,7.948,1021741.8
2025-06-16 14:00:00+00:00,7.948,7.976,7.778,7.809,1278400.8
2025-06-16 15:00:00+00:00,7.809,7.899,7.796,7.833,569220.6
2025-06-16 16:00:00+00:00,7.833,7.881,7.756,7.798,444158.1
2025-06-16 17:00:00+00:00,7.798,7.798,7.722,7.746,429609.3
2025-06-16 18:00:00+00:00,7.746,7.862,7.736,7.846,299869.2
2025-06-16 19:00:00+00:00,7.846,7.907,7.813,7.846,371422.9
2025-06-16 20:00:00+00:00,7.846,7.874,7.797,7.862,341216.6
2025-06-16 21:00:00+00:00,7.862,7.87,7.782,7.795,200533.3
2025-06-16 22:00:00+00:00,7.795,7.843,7.524,7.592,1093187.5
2025-06-16 23:00:00+00:00,7.592,7.661,7.402,7.439,878725.0
2025-06-17 00:00:00+00:00,7.439,7.614,7.329,7.59,1106542.3
2025-06-17 01:00:00+00:00,7.59,7.599,7.519,7.537,339225.9
2025-06-17 02:00:00+00:00,7.537,7.78,7.502,7.744,868899.8
2025-06-17 03:00:00+00:00,7.744,7.852,7.74,7.803,478778.6
2025-06-17 04:00:00+00:00,7.803,7.865,7.692,7.744,389739.5
2025-06-17 05:00:00+00:00,7.744,7.783,7.671,7.707,303386.8
2025-06-17 06:00:00+00:00,7.707,7.723,7.629,7.667,404994.0
2025-06-17 07:00:00+00:00,7.667,7.723,7.627,7.634,237372.3
2025-06-17 08:00:00+00:00,7.634,7.734,7.626,7.677,638116.0
2025-06-17 09:00:00+00:00,7.677,7.71,7.616,7.694,606178.7
2025-06-17 10:00:00+00:00,7.694,7.716,7.579,7.642,488814.8
2025-06-17 11:00:00+00:00,7.642,7.642,7.546,7.626,1016268.5
2025-06-17 12:00:00+00:00,7.626,7.671,7.435,7.482,653275.1
2025-06-17 13:00:00+00:00,7.482,7.51,7.416,7.426,371807.6
2025-06-17 14:00:00+00:00,7.426,7.538,7.39,7.403,744192.2
2025-06-17 15:00:00+00:00,7.403,7.463,7.254,7.316,1948246.8
2025-06-17 16:00:00+00:00,7.316,7.463,7.305,7.315,911504.9
2025-06-17 17:00:00+00:00,7.315,7.402,7.292,7.336,704327.2
2025-06-17 18:00:00+00:00,7.336,7.427,7.325,7.424,349061.9
2025-06-17 19:00:00+00:00,7.424,7.519,7.397,7.443,646893.1
2025-06-17 20:00:00+00:00,7.443,7.496,7.378,7.406,256496.8
2025-06-17 21:00:00+00:00,7.406,7.464,7.356,7.401,191729.2
2025-06-17 22:00:00+00:00,7.401,7.42,7.279,7.288,279588.6
2025-06-17 23:00:00+00:00,7.288,7.474,7.286,7.432,258360.5
2025-06-18 00:00:00+00:00,7.432,7.562,7.395,7.433,968700.7
2025-06-18 01:00:00+00:00,7.433,7.535,7.364,7.38,956491.8
2025-06-18 02:00:00+00:00,7.38,7.424,7.334,7.336,790836.9
2025-06-18 03:00:00+00:00,7.336,7.542,7.332,7.542,287878.8
2025-06-18 04:00:00+00:00,7.542,7.794,7.505,7.729,915787.9
2025-06-18 05:00:00+00:00,7.729,7.745,7.568,7.58,436193.5
2025-06-18 06:00:00+00:00,7.58,7.629,7.382,7.443,672014.0
2025-06-18 07:00:00+00:00,7.443,7.487,7.409,7.466,472775.3
2025-06-18 08:00:00+00:00,7.466,7.494,7.357,7.413,506918.8
2025-06-18 09:00:00+00:00,7.413,7.442,7.348,7.399,458161.8
2025-06-18 10:00:00+00:00,7.399,7.412,7.12,7.16,1168694.3
2025-06-18 11:00:00+00:00,7.16,7.355,7.149,7.343,922465.8
2025-06-18 12:00:00+00:00,7.343,7.347,7.241,7.268,398059.3
2025-06-18 13:00:00+00:00,7.268,7.311,7.167,7.275,794909.5
2025-06-18 14:00:00+00:00,7.275,7.539,7.232,7.446,1524407.3
2025-06-18 15:00:00+00:00,7.446,7.566,7.377,7.484,876858.0
2025-06-18 16:00:00+00:00,7.484,7.506,7.411,7.458,408895.3
2025-06-18 17:00:00+00:00,7.458,7.507,7.33,7.453,686822.6
2025-06-18 18:00:00+00:00,7.453,7.532,7.311,7.322,969572.4
2025-06-18 19:00:00+00:00,7.322,7.459,7.31,7.327,637120.5
2025-06-18 20:00:00+00:00,7.327,7.649,7.303,7.587,506135.6
2025-06-18 21:00:00+00:00,7.587,7.637,7.462,7.602,468348.2
2025-06-18 22:00:00+00:00,7.602,7.637,7.538,7.603,243196.6
2025-06-18 23:00:00+00:00,7.603,7.643,7.514,7.58,308249.6
2025-06-19 00:00:00+00:00,7.58,7.708,7.48,7.633,571907.5
2025-06-19 01:00:00+00:00,7.633,7.64,7.526,7.563,555784.0
2025-06-19 02:00:00+00:00,7.563,7.597,7.504,7.514,343032.6
2025-06-19 03:00:00+00:00,7.514,7.681,7.514,7.669,559743.1
2025-06-19 04:00:00+00:00,7.669,7.688,7.562,7.629,347634.5
2025-06-19 05:00:00+00:00,7.629,7.724,7.587,7.685,383014.9
2025-06-19 06:00:00+00:00,7.685,7.736,7.619,7.637,495275.8
2025-06-19 07:00:00+00:00,7.637,7.768,7.632,7.729,703771.5
2025-06-19 08:00:00+00:00,7.729,7.841,7.72,7.782,690397.9
2025-06-19 09:00:00+00:00,7.782,7.945,7.772,7.884,760627.4
2025-06-19 10:00:00+00:00,7.884,7.914,7.802,7.808,474374.1
2025-06-19 11:00:00+00:00,7.808,7.817,7.657,7.682,636992.7
2025-06-19 12:00:00+00:00,7.682,7.764,7.678,7.724,560690.9
2025-06-19 13:00:00+00:00,7.724,7.734,7.573,7.577,1034670.4
2025-06-19 14:00:00+00:00,7.577,7.644,7.456,7.467,929367.6
2025-06-19 15:00:00+00:00,7.467,7.533,7.458,7.508,569229.7
2025-06-19 16:00:00+00:00,7.508,7.585,7.5,7.505,460391.6
2025-06-19 17:00:00+00:00,7.505,7.624,7.492,7.561,614964.4
2025-06-19 18:00:00+00:00,7.561,7.606,7.521,7.555,289485.3
2025-06-19 19:00:00+00:00,7.555,7.62,7.516,7.534,307976.2
2025-06-19 20:00:00+00:00,7.534,7.588,7.515,7.542,217409.0
2025-06-19 21:00:00+00:00,7.542,7.6,7.508,7.577,367510.1
2025-06-19 22:00:00+00:00,7.577,7.732,7.577,7.71,558662.4
2025-06-19 23:00:00+00:00,7.71,7.766,7.664,7.675,455438.0
2025-06-20 00:00:00+00:00,7.675,7.773,7.638,7.712,474357.0
2025-06-20 01:00:00+00:00,7.712,7.899,7.672,7.852,677080.7
2025-06-20 02:00:00+00:00,7.852,7.888,7.627,7.639,740147.0
2025-06-20 03:00:00+00:00,7.639,7.649,7.5,7.567,659447.8
2025-06-20 04:00:00+00:00,7.567,7.579,7.437,7.444,567045.5
2025-06-20 05:00:00+00:00,7.444,7.569,7.44,7.554,449298.6
2025-06-20 06:00:00+00:00,7.554,7.595,7.534,7.571,447202.0
2025-06-20 07:00:00+00:00,7.571,7.826,7.537,7.821,789075.0
2025-06-20 08:00:00+00:00,7.821,7.987,7.798,7.85,1473441.1
2025-06-20 09:00:00+00:00,7.85,7.908,7.737,7.798,569327.3
2025-06-20 10:00:00+00:00,7.798,7.843,7.738,7.76,508900.9
2025-06-20 11:00:00+00:00,7.76,7.761,7.676,7.707,548440.0
2025-06-20 12:00:00+00:00,7.707,7.772,7.694,7.701,322820.1
2025-06-20 13:00:00+00:00,7.701,7.797,7.651,7.701,660087.4
2025-06-20 14:00:00+00:00,7.701,7.756,7.56,7.577,1162463.3
2025-06-20 15:00:00+00:00,7.577,7.631,7.496,7.525,917381.3
2025-06-20 16:00:00+00:00,7.525,7.545,7.43,7.467,804702.3
2025-06-20 17:00:00+00:00,7.467,7.487,7.0,7.07,3666353.7
2025-06-20 18:00:00+00:00,7.07,7.177,7.03,7.074,1063165.1
2025-06-20 19:00:00+00:00,7.074,7.111,6.959,7.079,936179.8
2025-06-20 20:00:00+00:00,7.079,7.186,7.076,7.138,381477.3
2025-06-20 21:00:00+00:00,7.138,7.141,7.054,7.064,285941.7
2025-06-20 22:00:00+00:00,7.064,7.072,6.986,7.011,418588.7
2025-06-20 23:00:00+00:00,7.011,7.126,6.981,7.061,332623.5
2025-06-21 00:00:00+00:00,7.061,7.108,7.015,7.05,675831.1
2025-06-21 01:00:00+00:00,7.05,7.123,7.041,7.088,233411.8
2025-06-21 02:00:00+00:00,7.088,7.095,7.028,7.041,265516.5
2025-06-21 03:00:00+00:00,7.041,7.087,7.025,7.075,193748.7
2025-06-21 04:00:00+00:00,7.075,7.085,7.024,7.04,187782.4
2025-06-21 05:00:00+00:00,7.04,7.071,7.012,7.054,412194.2
2025-06-21 06:00:00+00:00,7.054,7.056,7.011,7.013,196901.8
2025-06-21 07:00:00+00:00,7.013,7.015,6.92,6.944,638686.2
2025-06-21 08:00:00+00:00,6.944,6.985,6.857,6.978,494789.2
2025-06-21 09:00:00+00:00,6.978,7.048,6.957,7.039,513602.6
2025-06-21 10:00:00+00:00,7.039,7.062,6.868,6.931,584605.9
2025-06-21 11:00:00+00:00,6.931,6.954,6.884,6.919,238973.2
2025-06-21 12:00:00+00:00,6.919,6.938,6.818,6.831,488161.6
2025-06-21 13:00:00+00:00,6.831,6.893,6.721,6.74,968267.2
2025-06-21 14:00:00+00:00,6.74,6.831,6.722,6.787,649439.2
2025-06-21 15:00:00+00:00,6.787,6.834,6.752,6.81,322694.4
2025-06-21 16:00:00+00:00,6.81,6.861,6.775,6.853,338223.3
2025-06-21 17:00:00+00:00,6.853,6.9,6.81,6.84,394020.6
2025-06-21 18:00:00+00:00,6.84,6.892,6.822,6.833,273076.5
2025-06-21 19:00:00+00:00,6.833,6.849,6.785,6.788,375692.3
2025-06-21 20:00:00+00:00,6.788,6.935,6.774,6.909,461238.1
2025-06-21 21:00:00+00:00,6.909,6.964,6.638,6.712,1038006.2
2025-06-21 22:00:00+00:00,6.712,6.82,6.642,6.652,930269.2
2025-06-21 23:00:00+00:00,6.652,6.681,6.202,6.458,2751065.0
2025-06-22 00:00:00+00:00,6.458,6.589,6.346,6.564,1654739.3
2025-06-22 01:00:00+00:00,6.564,6.607,6.432,6.434,816969.5
2025-06-22 02:00:00+00:00,6.434,6.511,6.341,6.41,926868.0
2025-06-22 03:00:00+00:00,6.41,6.449,6.366,6.428,371806.2
2025-06-22 04:00:00+00:00,6.428,6.547,6.413,6.49,446006.1
2025-06-22 05:00:00+00:00,6.49,6.535,6.418,6.463,323878.7
2025-06-22 06:00:00+00:00,6.463,6.487,6.427,6.474,298122.7
2025-06-22 07:00:00+00:00,6.474,6.475,6.39,6.422,391235.0
2025-06-22 08:00:00+00:00,6.422,6.445,6.371,6.414,382899.8
2025-06-22 09:00:00+00:00,6.414,6.45,6.317,6.323,646168.8
2025-06-22 10:00:00+00:00,6.323,6.439,6.314,6.389,559831.1
2025-06-22 11:00:00+00:00,6.389,6.44,6.388,6.43,379584.0
2025-06-22 12:00:00+00:00,6.43,6.445,6.347,6.407,341506.6
2025-06-22 13:00:00+00:00,6.407,6.424,6.133,6.254,1790900.8
2025-06-22 14:00:00+00:00,6.254,6.352,6.17,6.309,1829556.8
2025-06-22 15:00:00+00:00,6.309,6.338,6.174,6.191,747833.3
2025-06-22 16:00:00+00:00,6.191,6.235,6.169,6.213,602227.9
2025-06-22 17:00:00+00:00,6.213,6.268,6.121,6.168,603866.2
2025-06-22 18:00:00+00:00,6.168,6.189,6.073,6.08,605976.7
2025-06-22 19:00:00+00:00,6.08,6.129,6.023,6.051,552973.5
2025-06-22 20:00:00+00:00,6.051,6.183,5.913,6.145,1702278.3
2025-06-22 21:00:00+00:00,6.145,6.17,6.075,6.098,318174.5
2025-06-22 22:00:00+00:00,6.098,6.278,6.093,6.276,783163.8
2025-06-22 23:00:00+00:00,6.276,6.282,6.208,6.255,345059.5
2025-06-23 00:00:00+00:00,6.255,6.353,6.209,6.307,713591.9
2025-06-23 01:00:00+00:00,6.307,6.331,6.255,6.322,277240.2
2025-06-23 02:00:00+00:00,6.322,6.324,6.258,6.278,236417.4
2025-06-23 03:00:00+00:00,6.278,6.302,6.26,6.28,184090.4
2025-06-23 04:00:00+00:00,6.28,6.309,6.234,6.242,269614.1
2025-06-23 05:00:00+00:00,6.242,6.347,6.241,6.297,405369.6
2025-06-23 06:00:00+00:00,6.297,6.324,6.26,6.29,418813.7
2025-06-23 07:00:00+00:00,6.29,6.36,6.288,6.342,339062.6
2025-06-23 08:00:00+00:00,6.342,6.354,6.285,6.332,330504.7
2025-06-23 09:00:00+00:00,6.332,6.333,6.252,6.274,220852.1
2025-06-23 10:00:00+00:00,6.274,6.278,6.226,6.257,245421.2
2025-06-23 11:00:00+00:00,6.257,6.277,6.213,6.24,335348.9
2025-06-23 12:00:00+00:00,6.24,6.29,6.193,6.278,433636.5
2025-06-23 13:00:00+00:00,6.278,6.354,6.139,6.328,1028922.0
2025-06-23 14:00:00+00:00,6.328,6.379,6.188,6.198,1351731.1
2025-06-23 15:00:00+00:00,6.198,6.259,6.145,6.168,783588.6
2025-06-23 16:00:00+00:00,6.168,6.181,6.023,6.104,1330780.4
2025-06-23 17:00:00+00:00,6.104,6.347,6.087,6.325,1538226.6
2025-06-23 18:00:00+00:00,6.325,6.713,6.319,6.634,2084558.3
2025-06-23 19:00:00+00:00,6.634,6.679,6.54,6.595,1018714.3
2025-06-23 20:00:00+00:00,6.595,6.786,6.566,6.712,1082935.9
2025-06-23 21:00:00+00:00,6.712,6.76,6.642,6.67,273875.1
2025-06-23 22:00:00+00:00,6.67,6.917,6.667,6.811,1468818.0
2025-06-23 23:00:00+00:00,6.811,6.853,6.78,6.792,582202.9
2025-06-24 00:00:00+00:00,6.792,6.805,6.728,6.769,404327.9
2025-06-24 01:00:00+00:00,6.769,6.848,6.74,6.841,208679.1
2025-06-24 02:00:00+00:00,6.841,6.851,6.75,6.76,336103.9
2025-06-24 03:00:00+00:00,6.76,6.817,6.741,6.785,283444.2
2025-06-24 04:00:00+00:00,6.785,6.837,6.774,6.819,288597.4
2025-06-24 05:00:00+00:00,6.819,6.955,6.783,6.944,420990.7
2025-06-24 06:00:00+00:00,6.944,7.08,6.88,7.023,913902.9
2025-06-24 07:00:00+00:00,7.023,7.038,6.863,6.873,695260.0
2025-06-24 08:00:00+00:00,6.873,6.914,6.779,6.875,958656.6
2025-06-24 09:00:00+00:00,6.875,6.993,6.867,6.898,599516.2
2025-06-24 10:00:00+00:00,6.898,6.946,6.888,6.918,292905.3
2025-06-24 11:00:00+00:00,6.918,6.954,6.872,6.915,323042.3
2025-06-24 12:00:00+00:00,6.915,6.959,6.886,6.943,224928.4
2025-06-24 13:00:00+00:00,6.943,6.949,6.864,6.934,507115.8
2025-06-24 14:00:00+00:00,6.934,6.998,6.926,6.953,551096.1
2025-06-24 15:00:00+00:00,6.953,6.986,6.9,6.964,426033.0
2025-06-24 16:00:00+00:00,6.964,7.163,6.958,7.154,844678.6
2025-06-24 17:00:00+00:00,7.154,7.165,7.018,7.097,610962.6
2025-06-24 18:00:00+00:00,7.097,7.126,7.005,7.052,405879.2
2025-06-24 19:00:00+00:00,7.052,7.069,6.958,7.008,366591.2
2025-06-24 20:00:00+00:00,7.008,7.089,6.991,7.072,221790.8
2025-06-24 21:00:00+00:00,7.072,7.072,7.019,7.05,147576.2
2025-06-24 22:00:00+00:00,7.05,7.075,7.012,7.07,148279.9
2025-06-24 23:00:00+00:00,7.07,7.075,7.007,7.056,136877.3
2025-06-25 00:00:00+00:00,7.056,7.131,6.996,7.124,316142.7
2025-06-25 01:00:00+00:00,7.124,7.288,7.1,7.273,852805.0
2025-06-25 02:00:00+00:00,7.273,7.357,7.213,7.238,594892.2
2025-06-25 03:00:00+00:00,7.238,7.242,7.156,7.173,379928.5
2025-06-25 04:00:00+00:00,7.173,7.263,7.159,7.197,354916.3
2025-06-25 05:00:00+00:00,7.197,7.199,7.111,7.13,389218.4
2025-06-25 06:00:00+00:00,7.13,7.224,7.111,7.217,219454.4
2025-06-25 07:00:00+00:00,7.217,7.258,7.186,7.242,274599.8
2025-06-25 08:00:00+00:00,7.242,7.253,7.129,7.209,389135.1
2025-06-25 09:00:00+00:00,7.209,7.25,7.085,7.115,525602.0
2025-06-25 10:00:00+00:00,7.115,7.156,7.081,7.113,394889.6
2025-06-25 11:00:00+00:00,7.113,7.125,7.066,7.089,279761.6
2025-06-25 12:00:00+00:00,7.089,7.092,7.01,7.033,547913.6
2025-06-25 13:00:00+00:00,7.033,7.142,7.011,7.089,702944.4
2025-06-25 14:00:00+00:00,7.089,7.109,6.905,7.028,1000014.4
2025-06-25 15:00:00+00:00,7.028,7.041,6.844,6.886,654790.4
2025-06-25 16:00:00+00:00,6.886,6.958,6.855,6.879,354815.9
2025-06-25 17:00:00+00:00,6.879,7.014,6.877,6.951,359926.8
2025-06-25 18:00:00+00:00,6.951,6.964,6.9,6.924,405912.3
2025-06-25 19:00:00+00:00,6.924,7.001,6.921,6.988,458564.5
2025-06-25 20:00:00+00:00,6.988,7.038,6.973,7.034,274582.6
2025-06-25 21:00:00+00:00,7.034,7.061,6.977,6.994,253953.6
2025-06-25 22:00:00+00:00,6.994,6.998,6.942,6.958,199515.3
2025-06-25 23:00:00+00:00,6.958,6.994,6.936,6.969,239081.9
2025-06-26 00:00:00+00:00,6.969,7.03,6.93,6.955,391350.3
2025-06-26 01:00:00+00:00,6.955,7.16,6.913,7.047,1117074.4
2025-06-26 02:00:00+00:00,7.047,7.263,7.047,7.244,667827.7
2025-06-26 03:00:00+00:00,7.244,7.319,7.15,7.216,551075.5
2025-06-26 04:00:00+00:00,7.216,7.228,7.128,7.194,328062.6
2025-06-26 05:00:00+00:00,7.194,7.218,7.156,7.197,351763.5
2025-06-26 06:00:00+00:00,7.197,7.278,7.161,7.197,404020.3
2025-06-26 07:00:00+00:00,7.197,7.267,7.159,7.194,474637.2
2025-06-26 08:00:00+00:00,7.194,7.242,7.162,7.172,301446.3
2025-06-26 09:00:00+00:00,7.172,7.184,7.003,7.027,774311.9
2025-06-26 10:00:00+00:00,7.027,7.039,6.962,6.98,403717.1
2025-06-26 11:00:00+00:00,6.98,6.982,6.922,6.942,429064.9
2025-06-26 12:00:00+00:00,6.942,6.965,6.865,6.867,452773.1
2025-06-26 13:00:00+00:00,6.867,6.882,6.775,6.812,636216.8
2025-06-26 14:00:00+00:00,6.812,6.912,6.757,6.877,511547.1
2025-06-26 15:00:00+00:00,6.877,6.904,6.778,6.844,558157.0
2025-06-26 16:00:00+00:00,6.844,6.855,6.777,6.814,192272.3
2025-06-26 17:00:00+00:00,6.814,6.889,6.768,6.774,245698.0
2025-06-26 18:00:00+00:00,6.774,6.823,6.733,6.79,355901.6
2025-06-26 19:00:00+00:00,6.79,6.883,6.775,6.856,389828.1
2025-06-26 20:00:00+00:00,6.856,6.977,6.838,6.892,285972.1
2025-06-26 21:00:00+00:00,6.892,6.895,6.774,6.808,222408.9
2025-06-26 22:00:00+00:00,6.808,6.847,6.781,6.796,353067.7
2025-06-26 23:00:00+00:00,6.796,6.828,6.777,6.803,133494.9
2025-06-27 00:00:00+00:00,6.803,6.847,6.759,6.761,240146.4
2025-06-27 01:00:00+00:00,6.761,6.91,6.722,6.882,349991.7
2025-06-27 02:00:00+00:00,6.882,6.958,6.836,6.942,404142.0
2025-06-27 03:00:00+00:00,6.942,6.96,6.88,6.909,279434.6
2025-06-27 04:00:00+00:00,6.909,6.992,6.89,6.951,299533.7
2025-06-27 05:00:00+00:00,6.951,6.98,6.869,6.873,251032.1
2025-06-27 06:00:00+00:00,6.873,6.946,6.868,6.898,208918.0
2025-06-27 07:00:00+00:00,6.898,6.944,6.848,6.865,203544.8
2025-06-27 08:00:00+00:00,6.865,6.976,6.848,6.908,332238.7
2025-06-27 09:00:00+00:00,6.908,6.966,6.877,6.963,249738.8
2025-06-27 10:00:00+00:00,6.963,6.968,6.875,6.878,263313.4
2025-06-27 11:00:00+00:00,6.878,6.908,6.844,6.875,178950.0
2025-06-27 12:00:00+00:00,6.875,6.897,6.778,6.785,374958.7
2025-06-27 13:00:00+00:00,6.785,6.849,6.774,6.836,173296.3
2025-06-27 14:00:00+00:00,6.836,6.869,6.787,6.818,254315.1
2025-06-27 15:00:00+00:00,6.818,6.943,6.809,6.925,377067.6
2025-06-27 16:00:00+00:00,6.925,6.992,6.887,6.933,373449.0
2025-06-27 17:00:00+00:00,6.933,6.944,6.809,6.837,312714.1
2025-06-27 18:00:00+00:00,6.837,6.86,6.771,6.802,293619.0
2025-06-27 19:00:00+00:00,6.802,6.913,6.789,6.899,216862.9
2025-06-27 20:00:00+00:00,6.899,6.948,6.891,6.946,222712.4
2025-06-27 21:00:00+00:00,6.946,6.964,6.903,6.911,182251.8
2025-06-27 22:00:00+00:00,6.911,6.931,6.897,6.91,97391.8
2025-06-27 23:00:00+00:00,6.91,6.917,6.885,6.905,139710.9
2025-06-28 00:00:00+00:00,6.905,6.911,6.855,6.858,164322.6
2025-06-28 01:00:00+00:00,6.858,6.897,6.826,6.894,178275.6
2025-06-28 02:00:00+00:00,6.894,6.917,6.864,6.891,157520.0
2025-06-28 03:00:00+00:00,6.891,6.906,6.865,6.869,50543.6
2025-06-28 04:00:00+00:00,6.869,6.87,6.837,6.862,149084.7
2025-06-28 05:00:00+00:00,6.862,6.904,6.852,6.862,102130.2
2025-06-28 06:00:00+00:00,6.862,6.91,6.852,6.909,115299.0
2025-06-28 07:00:00+00:00,6.909,6.96,6.9,6.951,129464.0
2025-06-28 08:00:00+00:00,6.951,6.994,6.919,6.941,205489.8
2025-06-28 09:00:00+00:00,6.941,7.052,6.93,7.046,306354.2
2025-06-28 10:00:00+00:00,7.046,7.091,7.006,7.022,340388.8
2025-06-28 11:00:00+00:00,7.022,7.037,6.977,6.989,312623.6
2025-06-28 12:00:00+00:00,6.989,7.032,6.987,7.023,290201.5
2025-06-28 13:00:00+00:00,7.023,7.066,6.991,6.994,185923.7
2025-06-28 14:00:00+00:00,6.994,7.043,6.992,7.016,113962.9
2025-06-28 15:00:00+00:00,7.016,7.083,6.997,7.065,189760.8
2025-06-28 16:00:00+00:00,7.065,7.155,7.065,7.087,351705.8
2025-06-28 17:00:00+00:00,7.087,7.17,7.072,7.15,209643.4
2025-06-28 18:00:00+00:00,7.15,7.157,7.111,7.123,173924.5
2025-06-28 19:00:00+00:00,7.123,7.131,7.077,7.092,134496.1
2025-06-28 20:00:00+00:00,7.092,7.122,7.078,7.11,65093.0
2025-06-28 21:00:00+00:00,7.11,7.144,7.099,7.137,73260.3
2025-06-28 22:00:00+00:00,7.137,7.166,7.122,7.152,118714.9
2025-06-28 23:00:00+00:00,7.152,7.166,7.12,7.122,61635.7
2025-06-29 00:00:00+00:00,7.122,7.144,7.095,7.113,92222.7
2025-06-29 01:00:00+00:00,7.113,7.12,6.987,6.996,548614.1
2025-06-29 02:00:00+00:00,6.996,7.03,6.976,6.988,235104.5
2025-06-29 03:00:00+00:00,6.988,7.004,6.971,6.978,172969.4
2025-06-29 04:00:00+00:00,6.978,6.988,6.948,6.97,127979.3
2025-06-29 05:00:00+00:00,6.97,7.005,6.951,7.004,161981.4
2025-06-29 06:00:00+00:00,7.004,7.021,6.992,7.02,80074.5
2025-06-29 07:00:00+00:00,7.02,7.047,7.004,7.037,79640.4
2025-06-29 08:00:00+00:00,7.037,7.065,7.001,7.057,126664.9
2025-06-29 09:00:00+00:00,7.057,7.314,7.034,7.217,1054255.2
2025-06-29 10:00:00+00:00,7.217,7.287,7.189,7.25,536098.3
2025-06-29 11:00:00+00:00,7.25,7.278,7.193,7.268,453482.6
2025-06-29 12:00:00+00:00,7.268,7.291,7.219,7.247,313049.5
2025-06-29 13:00:00+00:00,7.247,7.256,7.158,7.162,216725.5
2025-06-29 14:00:00+00:00,7.162,7.193,7.118,7.135,165183.0
2025-06-29 15:00:00+00:00,7.135,7.196,7.128,7.129,137173.5
2025-06-29 16:00:00+00:00,7.129,7.23,7.118,7.225,216985.4
2025-06-29 17:00:00+00:00,7.225,7.25,7.169,7.224,92103.5
2025-06-29 18:00:00+00:00,7.224,7.25,7.193,7.219,73148.8
2025-06-29 19:00:00+00:00,7.219,7.226,7.181,7.193,69457.0
2025-06-29 20:00:00+00:00,7.193,7.211,7.186,7.192,53562.4
2025-06-29 21:00:00+00:00,7.192,7.238,7.153,7.22,172594.8
2025-06-29 22:00:00+00:00,7.22,7.504,7.22,7.447,900529.6
2025-06-29 23:00:00+00:00,7.447,7.495,7.384,7.388,275301.8
2025-06-30 00:00:00+00:00,7.388,7.454,7.346,7.379,1090627.5
2025-06-30 01:00:00+00:00,7.379,7.408,7.324,7.34,276166.3
2025-06-30 02:00:00+00:00,7.34,7.34,7.275,7.282,298396.6
2025-06-30 03:00:00+00:00,7.282,7.331,7.261,7.309,166187.9
2025-06-30 04:00:00+00:00,7.309,7.313,7.256,7.283,93700.5
2025-06-30 05:00:00+00:00,7.283,7.363,7.274,7.355,156798.9
2025-06-30 06:00:00+00:00,7.355,7.356,7.176,7.22,399871.8
2025-06-30 07:00:00+00:00,7.22,7.304,7.203,7.29,227828.5
2025-06-30 08:00:00+00:00,7.29,7.307,7.202,7.212,224436.6
2025-06-30 09:00:00+00:00,7.212,7.236,7.142,7.148,350518.5
2025-06-30 10:00:00+00:00,7.148,7.184,7.144,7.169,203761.6
2025-06-30 11:00:00+00:00,7.169,7.202,7.137,7.145,262856.5
2025-06-30 12:00:00+00:00,7.145,7.179,7.085,7.101,398994.1
2025-06-30 13:00:00+00:00,7.101,7.172,7.098,7.113,251088.7
2025-06-30 14:00:00+00:00,7.113,7.153,7.063,7.08,334664.7
2025-06-30 15:00:00+00:00,7.08,7.23,7.042,7.195,654989.1
2025-06-30 16:00:00+00:00,7.195,7.204,7.116,7.174,397734.4
2025-06-30 17:00:00+00:00,7.174,7.208,7.149,7.169,327657.9
2025-06-30 18:00:00+00:00,7.169,7.196,7.126,7.15,162902.4
2025-06-30 19:00:00+00:00,7.15,7.28,7.148,7.266,305338.9
2025-06-30 20:00:00+00:00,7.266,7.284,7.21,7.212,159503.4
2025-06-30 21:00:00+00:00,7.212,7.219,7.127,7.149,145359.5
2025-06-30 22:00:00+00:00,7.149,7.165,7.116,7.122,150903.4
2025-06-30 23:00:00+00:00,7.122,7.166,7.119,7.124,96856.7
2025-07-01 00:00:00+00:00,7.124,7.162,7.068,7.123,180232.8
2025-07-01 01:00:00+00:00,7.123,7.177,7.108,7.121,213252.3
2025-07-01 02:00:00+00:00,7.121,7.142,7.075,7.084,98726.0
2025-07-01 03:00:00+00:00,7.084,7.113,7.066,7.085,76239.8
2025-07-01 04:00:00+00:00,7.085,7.087,7.013,7.016,306365.2
2025-07-01 05:00:00+00:00,7.016,7.025,6.963,6.994,357050.1
2025-07-01 06:00:00+00:00,6.994,7.059,6.973,7.045,302541.7
2025-07-01 07:00:00+00:00,7.045,7.124,6.978,7.114,262319.5
2025-07-01 08:00:00+00:00,7.114,7.116,7.046,7.051,251904.1
2025-07-01 09:00:00+00:00,7.051,7.081,7.004,7.033,241439.6
2025-07-01 10:00:00+00:00,7.033,7.057,7.009,7.04,154854.3
2025-07-01 11:00:00+00:00,7.04,7.047,6.965,6.998,179029.3
2025-07-01 12:00:00+00:00,6.998,7.013,6.972,6.983,181545.2
2025-07-01 13:00:00+00:00,6.983,7.012,6.931,6.986,313248.0
2025-07-01 14:00:00+00:00,6.986,7.05,6.886,6.936,511305.4
2025-07-01 15:00:00+00:00,6.936,6.958,6.886,6.931,195428.5
2025-07-01 16:00:00+00:00,6.931,6.965,6.892,6.91,92277.9
2025-07-01 17:00:00+00:00,6.91,6.94,6.85,6.932,194830.0
2025-07-01 18:00:00+00:00,6.932,6.939,6.846,6.862,120608.3
2025-07-01 19:00:00+00:00,6.862,6.91,6.845,6.845,135680.7
2025-07-01 20:00:00+00:00,6.845,6.905,6.823,6.894,149081.3
2025-07-01 21:00:00+00:00,6.894,6.925,6.858,6.886,70860.9
2025-07-01 22:00:00+00:00,6.886,6.901,6.807,6.826,153721.7
2025-07-01 23:00:00+00:00,6.826,6.835,6.584,6.584,1429835.6
2025-07-02 00:00:00+00:00,6.584,6.658,6.566,6.582,345388.6
2025-07-02 01:00:00+00:00,6.582,6.601,6.499,6.56,649057.9
2025-07-02 02:00:00+00:00,6.56,6.577,6.492,6.508,232771.6
2025-07-02 03:00:00+00:00,6.508,6.593,6.508,6.544,228015.7
2025-07-02 04:00:00+00:00,6.544,7.005,6.521,6.979,1926292.8
2025-07-02 05:00:00+00:00,6.979,7.007,6.867,6.93,818721.3
2025-07-02 06:00:00+00:00,6.93,7.027,6.878,6.985,634562.1
2025-07-02 07:00:00+00:00,6.985,7.043,6.963,6.999,484087.4
2025-07-02 08:00:00+00:00,6.999,7.076,6.983,7.075,314768.2
2025-07-02 09:00:00+00:00,7.075,7.082,7.032,7.038,226249.9
2025-07-02 10:00:00+00:00,7.038,7.074,7.015,7.06,151477.8
2025-07-02 11:00:00+00:00,7.06,7.215,7.057,7.083,822759.9
2025-07-02 12:00:00+00:00,7.083,7.103,6.994,7.015,275761.1
2025-07-02 13:00:00+00:00,7.015,7.109,7.005,7.051,283895.6
2025-07-02 14:00:00+00:00,7.051,7.193,7.048,7.183,324230.3
2025-07-02 15:00:00+00:00,7.183,7.331,7.174,7.299,962160.2
2025-07-02 16:00:00+00:00,7.299,7.445,7.296,7.427,921371.8
2025-07-02 17:00:00+00:00,7.427,7.486,7.302,7.362,811874.9
2025-07-02 18:00:00+00:00,7.362,7.439,7.353,7.429,233395.8
2025-07-02 19:00:00+00:00,7.429,7.465,7.371,7.458,244938.3
2025-07-02 20:00:00+00:00,7.458,7.465,7.393,7.438,332836.0
2025-07-02 21:00:00+00:00,7.438,7.556,7.427,7.541,365219.2
2025-07-02 22:00:00+00:00,7.541,7.567,7.469,7.476,385256.0
2025-07-02 23:00:00+00:00,7.476,7.491,7.326,7.343,585804.5
2025-07-03 00:00:00+00:00,7.343,7.385,7.311,7.32,388382.5
2025-07-03 01:00:00+00:00,7.32,7.403,7.294,7.375,622649.5
2025-07-03 02:00:00+00:00,7.375,7.388,7.279,7.328,301355.8
2025-07-03 03:00:00+00:00,7.328,7.364,7.298,7.303,148663.7
2025-07-03 04:00:00+00:00,7.303,7.364,7.301,7.346,106383.3
2025-07-03 05:00:00+00:00,7.346,7.552,7.346,7.533,501654.4
2025-07-03 06:00:00+00:00,7.533,7.696,7.472,7.62,876511.5
2025-07-03 07:00:00+00:00,7.62,7.732,7.596,7.693,259048.0
2025-07-03 08:00:00+00:00,7.693,7.739,7.656,7.659,250291.2
2025-07-03 09:00:00+00:00,7.659,7.764,7.647,7.694,268209.7
2025-07-03 10:00:00+00:00,7.694,7.709,7.624,7.683,216969.9
2025-07-03 11:00:00+00:00,7.683,7.727,7.624,7.724,292761.6
2025-07-03 12:00:00+00:00,7.724,7.807,7.581,7.716,777812.7
2025-07-03 13:00:00+00:00,7.716,7.858,7.67,7.809,610200.4
2025-07-03 14:00:00+00:00,7.809,7.853,7.676,7.686,327145.2
2025-07-03 15:00:00+00:00,7.686,7.715,7.567,7.593,517232.3
2025-07-03 16:00:00+00:00,7.593,7.706,7.59,7.645,473717.3
2025-07-03 17:00:00+00:00,7.645,7.664,7.596,7.61,261844.4
2025-07-03 18:00:00+00:00,7.61,7.649,7.589,7.611,132981.0
2025-07-03 19:00:00+00:00,7.611,7.629,7.573,7.589,166712.2
2025-07-03 20:00:00+00:00,7.589,7.646,7.575,7.611,104305.2
2025-07-03 21:00:00+00:00,7.611,7.639,7.556,7.616,159814.8
2025-07-03 22:00:00+00:00,7.616,7.636,7.484,7.497,539879.6
2025-07-03 23:00:00+00:00,7.497,7.518,7.441,7.464,317517.6
2025-07-04 00:00:00+00:00,7.464,7.554,7.463,7.519,208211.2
2025-07-04 01:00:00+00:00,7.519,7.627,7.509,7.551,183818.8
2025-07-04 02:00:00+00:00,7.551,7.578,7.416,7.429,574355.6
2025-07-04 03:00:00+00:00,7.429,7.503,7.409,7.43,219371.5
2025-07-04 04:00:00+00:00,7.43,7.461,7.386,7.389,166525.2
2025-07-04 05:00:00+00:00,7.389,7.429,7.35,7.365,346196.2
2025-07-04 06:00:00+00:00,7.365,7.372,7.307,7.34,272763.5
2025-07-04 07:00:00+00:00,7.34,7.375,7.281,7.292,322801.3
2025-07-04 08:00:00+00:00,7.292,7.381,7.255,7.347,369889.8
2025-07-04 09:00:00+00:00,7.347,7.401,7.341,7.391,272916.1
2025-07-04 10:00:00+00:00,7.391,7.408,7.319,7.33,187181.5
2025-07-04 11:00:00+00:00,7.33,7.389,7.328,7.345,153865.9
2025-07-04 12:00:00+00:00,7.345,7.36,7.299,7.307,108306.8
2025-07-04 13:00:00+00:00,7.307,7.331,7.204,7.207,603670.0
2025-07-04 14:00:00+00:00,7.207,7.223,6.887,6.959,2445588.0
2025-07-04 15:00:00+00:00,6.959,6.972,6.887,6.899,514355.8
2025-07-04 16:00:00+00:00,6.899,6.914,6.769,6.823,1294380.6
2025-07-04 17:00:00+00:00,6.823,6.908,6.821,6.9,593395.1
2025-07-04 18:00:00+00:00,6.9,6.915,6.845,6.897,285102.4
2025-07-04 19:00:00+00:00,6.897,6.905,6.865,6.882,263010.2
2025-07-04 20:00:00+00:00,6.882,6.936,6.866,6.913,189242.0
2025-07-04 21:00:00+00:00,6.913,6.92,6.882,6.904,195538.6
2025-07-04 22:00:00+00:00,6.904,6.98,6.892,6.975,285987.6
2025-07-04 23:00:00+00:00,6.975,6.978,6.906,6.926,197471.7
2025-07-05 00:00:00+00:00,6.926,6.984,6.916,6.956,174665.2
2025-07-05 01:00:00+00:00,6.956,6.958,6.896,6.913,122002.2
2025-07-05 02:00:00+00:00,6.913,6.92,6.81,6.9,407296.4
2025-07-05 03:00:00+00:00,6.9,6.94,6.893,6.925,134071.3
2025-07-05 04:00:00+00:00,6.925,6.935,6.868,6.871,164744.3
2025-07-05 05:00:00+00:00,6.871,6.935,6.858,6.921,183799.4
2025-07-05 06:00:00+00:00,6.921,7.007,6.894,6.995,199559.8
2025-07-05 07:00:00+00:00,6.995,7.026,6.99,6.999,242275.6
2025-07-05 08:00:00+00:00,6.999,7.009,6.937,6.966,165162.1
2025-07-05 09:00:00+00:00,6.966,6.975,6.912,6.969,134106.4
2025-07-05 10:00:00+00:00,6.969,6.973,6.937,6.95,93564.0
2025-07-05 11:00:00+00:00,6.95,7.024,6.95,6.991,149439.1
2025-07-05 12:00:00+00:00,6.991,7.009,6.931,6.979,175555.7
2025-07-05 13:00:00+00:00,6.979,6.997,6.935,6.944,274313.8
2025-07-05 14:00:00+00:00,6.944,6.965,6.91,6.944,192877.7
2025-07-05 15:00:00+00:00,6.944,6.968,6.896,6.905,206009.7
2025-07-05 16:00:00+00:00,6.905,6.938,6.881,6.933,132398.0
2025-07-05 17:00:00+00:00,6.933,6.959,6.886,6.915,103297.4
2025-07-05 18:00:00+00:00,6.915,6.919,6.869,6.876,87161.8
2025-07-05 19:00:00+00:00,6.876,6.955,6.866,6.949,73243.2
2025-07-05 20:00:00+00:00,6.949,7.032,6.935,7.03,263347.2
2025-07-05 21:00:00+00:00,7.03,7.046,6.991,7.021,220780.6
2025-07-05 22:00:00+00:00,7.021,7.409,7.004,7.361,1517576.7
2025-07-05 23:00:00+00:00,7.361,7.422,7.206,7.326,1078345.8
2025-07-06 00:00:00+00:00,7.326,7.43,7.219,7.413,718123.4
2025-07-06 01:00:00+00:00,7.413,7.423,7.285,7.305,507659.7
2025-07-06 02:00:00+00:00,7.305,7.318,7.246,7.248,362971.8
2025-07-06 03:00:00+00:00,7.248,7.296,7.213,7.288,433528.5
2025-07-06 04:00:00+00:00,7.288,7.292,7.225,7.235,194634.8
2025-07-06 05:00:00+00:00,7.235,7.28,7.225,7.27,134022.7
2025-07-06 06:00:00+00:00,7.27,7.341,7.265,7.288,430553.3
2025-07-06 07:00:00+00:00,7.288,7.3,7.249,7.255,307168.4
2025-07-06 08:00:00+00:00,7.255,7.283,7.227,7.263,185727.8
2025-07-06 09:00:00+00:00,7.263,7.298,7.23,7.245,227971.3
2025-07-06 10:00:00+00:00,7.245,7.284,7.231,7.252,126207.2
2025-07-06 11:00:00+00:00,7.252,7.281,7.242,7.269,120356.4
2025-07-06 12:00:00+00:00,7.269,7.322,7.248,7.314,162530.8
2025-07-06 13:00:00+00:00,7.314,7.534,7.283,7.453,1197862.5
2025-07-06 14:00:00+00:00,7.453,7.472,7.373,7.402,522278.4
2025-07-06 15:00:00+00:00,7.402,7.415,7.362,7.388,186441.5
2025-07-06 16:00:00+00:00,7.388,7.414,7.364,7.402,252913.2
2025-07-06 17:00:00+00:00,7.402,7.418,7.368,7.387,160734.1
2025-07-06 18:00:00+00:00,7.387,7.405,7.316,7.348,293452.4
2025-07-06 19:00:00+00:00,7.348,7.386,7.34,7.386,101105.9
2025-07-06 20:00:00+00:00,7.386,7.438,7.378,7.424,134162.7
2025-07-06 21:00:00+00:00,7.424,7.54,7.413,7.5,380248.1
2025-07-06 22:00:00+00:00,7.5,7.573,7.442,7.457,438349.9
2025-07-06 23:00:00+00:00,7.457,7.458,7.375,7.417,384666.6
2025-07-07 00:00:00+00:00,7.417,7.441,7.36,7.363,190797.0
2025-07-07 01:00:00+00:00,7.363,7.424,7.34,7.417,159412.6
2025-07-07 02:00:00+00:00,7.417,7.497,7.414,7.431,207507.5
2025-07-07 03:00:00+00:00,7.431,7.516,7.425,7.458,142428.1
2025-07-07 04:00:00+00:00,7.458,7.481,7.409,7.411,162099.3
2025-07-07 05:00:00+00:00,7.411,7.441,7.385,7.402,207591.9
2025-07-07 06:00:00+00:00,7.402,7.452,7.362,7.372,221859.2
2025-07-07 07:00:00+00:00,7.372,7.423,7.345,7.413,262970.2
2025-07-07 08:00:00+00:00,7.413,7.414,7.37,7.39,152121.3
2025-07-07 09:00:00+00:00,7.39,7.416,7.36,7.379,215966.5
2025-07-07 10:00:00+00:00,7.379,7.402,7.352,7.377,264227.6
2025-07-07 11:00:00+00:00,7.377,7.411,7.345,7.362,180608.3
2025-07-07 12:00:00+00:00,7.362,7.373,7.317,7.324,304371.0
2025-07-07 13:00:00+00:00,7.324,7.426,7.288,7.418,657376.9
2025-07-07 14:00:00+00:00,7.418,7.424,7.277,7.32,596234.2
2025-07-07 15:00:00+00:00,7.32,7.35,7.293,7.332,196716.5
2025-07-07 16:00:00+00:00,7.332,7.359,7.261,7.262,511267.6
2025-07-07 17:00:00+00:00,7.262,7.334,7.255,7.302,223080.1
2025-07-07 18:00:00+00:00,7.302,7.323,7.236,7.321,271968.5
2025-07-07 19:00:00+00:00,7.321,7.357,7.291,7.308,185002.4
2025-07-07 20:00:00+00:00,7.308,7.309,7.246,7.266,201119.2
2025-07-07 21:00:00+00:00,7.266,7.316,7.222,7.302,164721.4
2025-07-07 22:00:00+00:00,7.302,7.32,7.279,7.313,53247.8
2025-07-07 23:00:00+00:00,7.313,7.392,7.311,7.386,139152.3
2025-07-08 00:00:00+00:00,7.386,7.467,7.373,7.407,569432.9
2025-07-08 01:00:00+00:00,7.407,7.409,7.351,7.353,254223.6
2025-07-08 02:00:00+00:00,7.353,7.373,7.311,7.328,331431.1
2025-07-08 03:00:00+00:00,7.328,7.385,7.32,7.371,88129.9
2025-07-08 04:00:00+00:00,7.371,7.42,7.32,7.417,100427.2
2025-07-08 05:00:00+00:00,7.417,7.47,7.386,7.451,312907.2
2025-07-08 06:00:00+00:00,7.451,7.476,7.4,7.415,183868.0
2025-07-08 07:00:00+00:00,7.415,7.426,7.387,7.424,224306.8
2025-07-08 08:00:00+00:00,7.424,7.466,7.405,7.406,238890.3
2025-07-08 09:00:00+00:00,7.406,7.436,7.382,7.405,153420.1
2025-07-08 10:00:00+00:00,7.405,7.591,7.394,7.588,548841.2
2025-07-08 11:00:00+00:00,7.588,7.624,7.493,7.617,950273.7
2025-07-08 12:00:00+00:00,7.617,7.66,7.55,7.651,735541.1
2025-07-08 13:00:00+00:00,7.651,7.682,7.594,7.64,930921.5
2025-07-08 14:00:00+00:00,7.64,7.645,7.528,7.534,603341.4
2025-07-08 15:00:00+00:00,7.534,7.583,7.497,7.574,453991.2
2025-07-08 16:00:00+00:00,7.574,7.637,7.526,7.599,889146.9
2025-07-08 17:00:00+00:00,7.599,7.809,7.595,7.752,1418002.3
2025-07-08 18:00:00+00:00,7.752,7.802,7.726,7.761,333936.7
2025-07-08 19:00:00+00:00,7.761,7.761,7.649,7.677,297303.6
2025-07-08 20:00:00+00:00,7.677,7.697,7.628,7.629,164700.1
2025-07-08 21:00:00+00:00,7.629,7.648,7.609,7.617,177106.7
2025-07-08 22:00:00+00:00,7.617,7.633,7.585,7.626,202688.3
2025-07-08 23:00:00+00:00,7.626,7.665,7.591,7.653,212908.5
2025-07-09 00:00:00+00:00,7.653,7.665,7.597,7.618,155908.4
2025-07-09 01:00:00+00:00,7.618,7.669,7.55,7.602,398120.0
2025-07-09 02:00:00+00:00,7.602,7.645,7.584,7.596,223305.4
2025-07-09 03:00:00+00:00,7.596,7.642,7.528,7.551,336168.1
2025-07-09 04:00:00+00:00,7.551,7.621,7.527,7.617,168081.2
2025-07-09 05:00:00+00:00,7.617,7.75,7.598,7.691,628170.8
2025-07-09 06:00:00+00:00,7.691,7.729,7.642,7.723,243242.7
2025-07-09 07:00:00+00:00,7.723,7.76,7.68,7.757,162442.6
2025-07-09 08:00:00+00:00,7.757,7.793,7.736,7.759,357281.1
2025-07-09 09:00:00+00:00,7.759,7.803,7.727,7.798,252129.0
2025-07-09 10:00:00+00:00,7.798,7.934,7.769,7.892,686274.0
2025-07-09 11:00:00+00:00,7.892,7.971,7.863,7.954,582672.8
2025-07-09 12:00:00+00:00,7.954,8.233,7.933,8.128,1701396.1
2025-07-09 13:00:00+00:00,8.128,8.203,8.122,8.15,496549.1
2025-07-09 14:00:00+00:00,8.15,8.292,8.129,8.21,984448.0
2025-07-09 15:00:00+00:00,8.21,8.247,8.121,8.147,421709.4
2025-07-09 16:00:00+00:00,8.147,8.249,8.123,8.216,255890.8
2025-07-09 17:00:00+00:00,8.216,8.241,8.161,8.205,348741.4
2025-07-09 18:00:00+00:00,8.205,8.325,8.203,8.263,536551.6
2025-07-09 19:00:00+00:00,8.263,8.474,8.248,8.407,825297.3
2025-07-09 20:00:00+00:00,8.407,8.428,8.272,8.313,780019.0
2025-07-09 21:00:00+00:00,8.313,8.421,8.305,8.363,569224.2
2025-07-09 22:00:00+00:00,8.363,8.455,8.363,8.444,284975.1
2025-07-09 23:00:00+00:00,8.444,8.485,8.272,8.294,559715.1
2025-07-10 00:00:00+00:00,8.294,8.351,8.182,8.182,433080.3
2025-07-10 01:00:00+00:00,8.182,8.225,8.163,8.191,271606.4
2025-07-10 02:00:00+00:00,8.191,8.261,8.165,8.194,270838.5
2025-07-10 03:00:00+00:00,8.194,8.223,8.153,8.177,195510.3
2025-07-10 04:00:00+00:00,8.177,8.317,8.139,8.29,781365.8
2025-07-10 05:00:00+00:00,8.29,8.359,8.252,8.297,532712.4
2025-07-10 06:00:00+00:00,8.297,8.398,8.267,8.369,395571.8
2025-07-10 07:00:00+00:00,8.369,8.437,8.358,8.379,455725.6
2025-07-10 08:00:00+00:00,8.379,8.382,8.319,8.348,319258.5
2025-07-10 09:00:00+00:00,8.348,8.376,8.281,8.3,225230.3
2025-07-10 10:00:00+00:00,8.3,8.317,8.245,8.269,293062.2
2025-07-10 11:00:00+00:00,8.269,8.273,8.215,8.242,221591.1
2025-07-10 12:00:00+00:00,8.242,8.291,8.195,8.284,303676.1
2025-07-10 13:00:00+00:00,8.284,8.345,8.232,8.264,464800.2
2025-07-10 14:00:00+00:00,8.264,8.267,8.001,8.08,1852842.0
2025-07-10 15:00:00+00:00,8.08,8.088,8.018,8.053,317679.3
2025-07-10 16:00:00+00:00,8.053,8.247,8.042,8.204,974234.3
2025-07-10 17:00:00+00:00,8.204,8.315,8.182,8.295,477605.3
2025-07-10 18:00:00+00:00,8.295,8.313,8.188,8.254,645032.6
2025-07-10 19:00:00+00:00,8.254,8.271,8.221,8.227,290606.5
2025-07-10 20:00:00+00:00,8.227,8.296,8.22,8.263,391561.2
2025-07-10 21:00:00+00:00,8.263,8.616,8.256,8.529,1079232.2
2025-07-10 22:00:00+00:00,8.529,8.593,8.466,8.513,541431.3
2025-07-10 23:00:00+00:00,8.513,8.554,8.409,8.458,727495.0
2025-07-11 00:00:00+00:00,8.458,8.469,8.295,8.338,658307.4
2025-07-11 01:00:00+00:00,8.338,8.449,8.319,8.443,289005.4
2025-07-11 02:00:00+00:00,8.443,8.461,8.402,8.45,308229.4
2025-07-11 03:00:00+00:00,8.45,8.45,8.384,8.423,193289.9
2025-07-11 04:00:00+00:00,8.423,8.996,8.334,8.855,1839746.6
2025-07-11 05:00:00+00:00,8.855,8.967,8.719,8.849,1684046.8
2025-07-11 06:00:00+00:00,8.849,8.941,8.679,8.696,594588.8
2025-07-11 07:00:00+00:00,8.696,8.797,8.614,8.621,649948.4
2025-07-11 08:00:00+00:00,8.621,8.768,8.618,8.764,378180.3
2025-07-11 09:00:00+00:00,8.764,9.024,8.747,9.007,1072359.2
2025-07-11 10:00:00+00:00,9.007,9.033,8.877,8.909,878769.4
2025-07-11 11:00:00+00:00,8.909,8.959,8.832,8.927,398782.1
2025-07-11 12:00:00+00:00,8.927,9.042,8.894,8.942,491551.0
2025-07-11 13:00:00+00:00,8.942,9.074,8.825,8.898,924242.8
2025-07-11 14:00:00+00:00,8.898,8.952,8.797,8.864,574933.5
2025-07-11 15:00:00+00:00,8.864,8.882,8.684,8.737,882816.0
2025-07-11 16:00:00+00:00,8.737,8.844,8.71,8.818,602996.4
2025-07-11 17:00:00+00:00,8.818,8.888,8.773,8.848,307354.8
2025-07-11 18:00:00+00:00,8.848,8.891,8.81,8.854,192813.5
2025-07-11 19:00:00+00:00,8.854,8.89,8.783,8.869,230934.4
2025-07-11 20:00:00+00:00,8.869,8.882,8.78,8.797,210951.6
2025-07-11 21:00:00+00:00,8.797,8.864,8.681,8.727,345245.1
2025-07-11 22:00:00+00:00,8.727,8.753,8.53,8.657,669626.3
2025-07-11 23:00:00+00:00,8.657,8.728,8.644,8.689,193956.0
2025-07-12 00:00:00+00:00,8.689,8.749,8.593,8.715,352015.9
2025-07-12 01:00:00+00:00,8.715,8.829,8.705,8.733,262604.3
2025-07-12 02:00:00+00:00,8.733,8.809,8.72,8.784,226092.1
2025-07-12 03:00:00+00:00,8.784,8.88,8.729,8.76,758095.8
2025-07-12 04:00:00+00:00,8.76,8.781,8.628,8.641,266406.1
2025-07-12 05:00:00+00:00,8.641,8.651,8.478,8.56,540805.4
2025-07-12 06:00:00+00:00,8.56,8.58,8.493,8.563,273135.5
2025-07-12 07:00:00+00:00,8.563,8.619,8.533,8.561,207975.3
2025-07-12 08:00:00+00:00,8.561,8.603,8.356,8.454,583517.5
2025-07-12 09:00:00+00:00,8.454,8.526,8.416,8.525,545686.0
2025-07-12 10:00:00+00:00,8.525,8.54,8.472,8.527,143644.8
2025-07-12 11:00:00+00:00,8.527,8.56,8.473,8.487,187243.2
2025-07-12 12:00:00+00:00,8.487,8.524,8.238,8.322,729362.2
2025-07-12 13:00:00+00:00,8.322,8.336,8.177,8.336,560175.1
2025-07-12 14:00:00+00:00,8.336,8.395,8.266,8.284,291249.8
2025-07-12 15:00:00+00:00,8.284,8.31,8.163,8.229,414280.2
2025-07-12 16:00:00+00:00,8.229,8.357,8.194,8.308,319541.0
2025-07-12 17:00:00+00:00,8.308,8.413,8.301,8.381,234118.7
2025-07-12 18:00:00+00:00,8.381,8.393,8.332,8.382,87945.7
2025-07-12 19:00:00+00:00,8.382,8.402,8.342,8.366,73413.9
2025-07-12 20:00:00+00:00,8.366,8.369,8.272,8.277,115541.7
2025-07-12 21:00:00+00:00,8.277,8.379,8.274,8.378,72360.1
2025-07-12 22:00:00+00:00,8.378,8.422,8.311,8.386,113465.4
2025-07-12 23:00:00+00:00,8.386,8.414,8.34,8.387,114092.1
2025-07-13 00:00:00+00:00,8.387,8.422,8.343,8.403,143634.0
2025-07-13 01:00:00+00:00,8.403,8.482,8.377,8.456,219798.6
2025-07-13 02:00:00+00:00,8.456,8.497,8.384,8.462,288129.0
2025-07-13 03:00:00+00:00,8.462,8.518,8.444,8.478,127461.2
2025-07-13 04:00:00+00:00,8.478,8.505,8.438,8.502,103342.2
2025-07-13 05:00:00+00:00,8.502,8.511,8.421,8.428,115452.3
2025-07-13 06:00:00+00:00,8.428,8.539,8.419,8.472,111730.0
2025-07-13 07:00:00+00:00,8.472,8.517,8.443,8.499,143055.5
2025-07-13 08:00:00+00:00,8.499,8.499,8.41,8.441,79070.5
2025-07-13 09:00:00+00:00,8.441,8.453,8.374,8.403,175053.6
2025-07-13 10:00:00+00:00,8.403,8.441,8.377,8.395,93282.8
2025-07-13 11:00:00+00:00,8.395,8.481,8.39,8.464,108372.4
2025-07-13 12:00:00+00:00,8.464,8.577,8.44,8.534,242111.0
2025-07-13 13:00:00+00:00,8.534,8.588,8.485,8.561,391862.5
2025-07-13 14:00:00+00:00,8.561,8.744,8.542,8.624,955867.5
2025-07-13 15:00:00+00:00,8.624,8.726,8.511,8.587,392526.0
2025-07-13 16:00:00+00:00,8.587,8.69,8.568,8.577,245434.3
2025-07-13 17:00:00+00:00,8.577,8.686,8.532,8.634,141833.3
2025-07-13 18:00:00+00:00,8.634,8.702,8.607,8.633,146258.5
2025-07-13 19:00:00+00:00,8.633,8.681,8.598,8.602,117089.2
2025-07-13 20:00:00+00:00,8.602,8.658,8.574,8.625,142871.3
2025-07-13 21:00:00+00:00,8.625,8.627,8.425,8.482,450981.3
2025-07-13 22:00:00+00:00,8.482,8.511,8.404,8.448,228250.8
2025-07-13 23:00:00+00:00,8.448,8.533,8.44,8.506,109102.7
2025-07-14 00:00:00+00:00,8.506,8.603,8.483,8.539,176040.7
2025-07-14 01:00:00+00:00,8.539,8.62,8.471,8.592,203397.2
2025-07-14 02:00:00+00:00,8.592,8.761,8.555,8.693,423851.1
2025-07-14 03:00:00+00:00,8.693,8.94,8.67,8.829,618336.2
2025-07-14 04:00:00+00:00,8.829,9.426,8.765,9.256,2332461.6
2025-07-14 05:00:00+00:00,9.256,9.297,9.08,9.239,509652.4
2025-07-14 06:00:00+00:00,9.239,9.255,9.07,9.15,294153.7
2025-07-14 07:00:00+00:00,9.15,9.399,9.099,9.389,1151907.2
2025-07-14 08:00:00+00:00,9.389,9.408,9.226,9.329,473218.1
2025-07-14 09:00:00+00:00,9.329,9.406,9.242,9.308,514656.9
2025-07-14 10:00:00+00:00,9.308,9.524,9.236,9.421,823081.1
2025-07-14 11:00:00+00:00,9.421,9.609,9.37,9.396,1649307.7
2025-07-14 12:00:00+00:00,9.396,9.441,9.285,9.39,396984.7
2025-07-14 13:00:00+00:00,9.39,9.547,9.331,9.479,574770.7
2025-07-14 14:00:00+00:00,9.479,9.673,9.285,9.383,912678.9
2025-07-14 15:00:00+00:00,9.383,9.395,9.194,9.273,542918.4
2025-07-14 16:00:00+00:00,9.273,9.301,9.152,9.167,644057.2
2025-07-14 17:00:00+00:00,9.167,9.203,9.075,9.141,388698.0
2025-07-14 18:00:00+00:00,9.141,9.172,9.052,9.072,187260.4
2025-07-14 19:00:00+00:00,9.072,9.133,9.025,9.118,235169.3
2025-07-14 20:00:00+00:00,9.118,9.164,8.991,9.09,224170.4
2025-07-14 21:00:00+00:00,9.09,9.177,9.071,9.148,204988.9
2025-07-14 22:00:00+00:00,9.148,9.2,9.072,9.17,187054.5
2025-07-14 23:00:00+00:00,9.17,9.182,9.091,9.123,221092.8
2025-07-15 00:00:00+00:00,9.123,9.169,8.985,9.006,310147.3
2025-07-15 01:00:00+00:00,9.006,9.023,8.848,8.891,729431.3
2025-07-15 02:00:00+00:00,8.891,8.926,8.742,8.836,1260257.5
2025-07-15 03:00:00+00:00,8.836,8.836,8.683,8.778,469910.1
2025-07-15 04:00:00+00:00,8.778,8.881,8.691,8.862,304515.4
2025-07-15 05:00:00+00:00,8.862,8.946,8.859,8.942,368874.0
2025-07-15 06:00:00+00:00,8.942,9.082,8.921,9.06,415745.5
2025-07-15 07:00:00+00:00,9.06,9.113,8.933,9.041,296803.7
2025-07-15 08:00:00+00:00,9.041,9.104,8.977,9.028,478803.7
2025-07-15 09:00:00+00:00,9.028,9.092,9.001,9.007,169829.0
2025-07-15 10:00:00+00:00,9.007,9.028,8.935,8.964,153318.5
2025-07-15 11:00:00+00:00,8.964,9.049,8.936,9.025,232513.6
2025-07-15 12:00:00+00:00,9.025,9.189,8.981,9.129,647028.4
2025-07-15 13:00:00+00:00,9.129,9.302,9.117,9.255,799805.9
2025-07-15 14:00:00+00:00,9.255,9.287,8.946,8.97,838771.4
2025-07-15 15:00:00+00:00,8.97,9.166,8.943,9.132,516505.5
2025-07-15 16:00:00+00:00,9.132,9.179,9.074,9.107,335807.3
2025-07-15 17:00:00+00:00,9.107,9.293,9.042,9.274,431814.5
2025-07-15 18:00:00+00:00,9.274,9.295,9.006,9.071,615042.5
2025-07-15 19:00:00+00:00,9.071,9.14,8.941,8.961,405685.1
2025-07-15 20:00:00+00:00,8.961,9.032,8.929,8.96,225497.1
2025-07-15 21:00:00+00:00,8.96,9.159,8.952,9.146,200778.4
2025-07-15 22:00:00+00:00,9.146,9.201,9.041,9.193,243024.6
2025-07-15 23:00:00+00:00,9.193,9.414,9.191,9.344,687672.2
2025-07-16 00:00:00+00:00,9.344,9.532,9.287,9.513,805372.6
2025-07-16 01:00:00+00:00,9.513,9.535,9.343,9.364,394434.4
2025-07-16 02:00:00+00:00,9.364,9.378,9.128,9.206,687238.5
2025-07-16 03:00:00+00:00,9.206,9.243,9.123,9.158,237732.3
2025-07-16 04:00:00+00:00,9.158,9.231,9.106,9.221,144062.6
2025-07-16 05:00:00+00:00,9.221,9.27,9.176,9.199,370973.4
2025-07-16 06:00:00+00:00,9.199,9.271,9.152,9.271,192597.1
2025-07-16 07:00:00+00:00,9.271,9.334,9.197,9.253,291395.7
2025-07-16 08:00:00+00:00,9.253,9.269,9.115,9.162,443802.3
2025-07-16 09:00:00+00:00,9.162,9.248,9.086,9.154,362846.1
2025-07-16 10:00:00+00:00,9.154,9.155,9.047,9.047,302989.2
2025-07-16 11:00:00+00:00,9.047,9.108,9.031,9.088,181656.8
2025-07-16 12:00:00+00:00,9.088,9.208,9.071,9.145,308093.5
2025-07-16 13:00:00+00:00,9.145,9.197,9.072,9.172,343782.9
2025-07-16 14:00:00+00:00,9.172,9.34,9.116,9.287,664163.7
2025-07-16 15:00:00+00:00,9.287,9.303,8.97,9.016,950877.9
2025-07-16 16:00:00+00:00,9.016,9.063,8.757,9.057,1971102.2
2025-07-16 17:00:00+00:00,9.057,9.098,8.96,9.082,738205.9
2025-07-16 18:00:00+00:00,9.082,9.288,9.072,9.128,801639.7
2025-07-16 19:00:00+00:00,9.128,9.192,9.081,9.143,320332.1
2025-07-16 20:00:00+00:00,9.143,9.254,9.071,9.131,866088.4
2025-07-16 21:00:00+00:00,9.131,9.327,9.116,9.18,564762.2
2025-07-16 22:00:00+00:00,9.18,9.24,8.986,9.013,428808.9
2025-07-16 23:00:00+00:00,9.013,9.027,8.855,8.897,604448.4
2025-07-17 00:00:00+00:00,8.897,9.086,8.886,8.979,407948.7
2025-07-17 01:00:00+00:00,8.979,9.055,8.757,8.87,577617.9
2025-07-17 02:00:00+00:00,8.87,8.985,8.847,8.944,223897.8
2025-07-17 03:00:00+00:00,8.944,8.948,8.663,8.725,679973.0
2025-07-17 04:00:00+00:00,8.725,8.778,8.667,8.77,298316.2
2025-07-17 05:00:00+00:00,8.77,8.822,8.715,8.822,206727.2
2025-07-17 06:00:00+00:00,8.822,8.983,8.762,8.966,460259.6
2025-07-17 07:00:00+00:00,8.966,9.032,8.846,8.997,415264.4
2025-07-17 08:00:00+00:00,8.997,9.039,8.92,9.003,354549.7
2025-07-17 09:00:00+00:00,9.003,9.201,8.968,9.129,803504.3
2025-07-17 10:00:00+00:00,9.129,9.155,8.958,9.0,456550.4
2025-07-17 11:00:00+00:00,9.0,9.044,8.944,8.991,302823.3
2025-07-17 12:00:00+00:00,8.991,9.03,8.763,8.925,909716.0
2025-07-17 13:00:00+00:00,8.925,8.972,8.727,8.891,553625.8
2025-07-17 14:00:00+00:00,8.891,8.991,8.863,8.952,319998.7
2025-07-17 15:00:00+00:00,8.952,8.964,8.791,8.888,324794.0
2025-07-17 16:00:00+00:00,8.888,8.921,8.683,8.766,781687.5
2025-07-17 17:00:00+00:00,8.766,8.872,8.728,8.849,372446.4
2025-07-17 18:00:00+00:00,8.849,8.955,8.837,8.91,225656.5
2025-07-17 19:00:00+00:00,8.91,8.966,8.796,8.814,237896.0
2025-07-17 20:00:00+00:00,8.814,8.829,8.635,8.81,574778.4
2025-07-17 21:00:00+00:00,8.81,8.963,8.763,8.83,614466.9
2025-07-17 22:00:00+00:00,8.83,8.995,8.811,8.882,247231.2
2025-07-17 23:00:00+00:00,8.882,9.1,8.868,8.931,792977.6
2025-07-18 00:00:00+00:00,8.931,9.295,8.852,9.256,889030.6
2025-07-18 01:00:00+00:00,9.256,10.12,9.178,9.89,4105619.1
2025-07-18 02:00:00+00:00,9.89,10.004,9.769,9.942,801492.4
2025-07-18 03:00:00+00:00,9.942,10.075,9.863,10.036,697305.0
2025-07-18 04:00:00+00:00,10.036,10.367,9.985,10.291,1438375.5
2025-07-18 05:00:00+00:00,10.291,10.598,10.161,10.555,951659.8
2025-07-18 06:00:00+00:00,10.555,10.749,10.323,10.691,1850060.5
2025-07-18 07:00:00+00:00,10.691,10.85,10.465,10.521,1684483.8
2025-07-18 08:00:00+00:00,10.521,10.842,10.516,10.715,1248816.1
2025-07-18 09:00:00+00:00,10.715,10.938,10.604,10.819,1667889.6
2025-07-18 10:00:00+00:00,10.819,10.83,10.516,10.712,1003475.1
2025-07-18 11:00:00+00:00,10.712,10.732,10.537,10.646,1090096.9
2025-07-18 12:00:00+00:00,10.646,10.752,10.597,10.735,858497.1
2025-07-18 13:00:00+00:00,10.735,10.8,10.58,10.719,764350.8
2025-07-18 14:00:00+00:00,10.719,10.793,10.241,10.312,1732226.1
2025-07-18 15:00:00+00:00,10.312,10.643,10.101,10.291,1860015.2
2025-07-18 16:00:00+00:00,10.291,10.336,10.196,10.211,466211.6
2025-07-18 17:00:00+00:00,10.211,10.365,10.191,10.26,320252.8
2025-07-18 18:00:00+00:00,10.26,10.278,10.106,10.123,285375.5
2025-07-18 19:00:00+00:00,10.123,10.207,10.032,10.148,406563.0
2025-07-18 20:00:00+00:00,10.148,10.158,9.928,10.098,773447.3
2025-07-18 21:00:00+00:00,10.098,10.26,10.093,10.155,391145.0
2025-07-18 22:00:00+00:00,10.155,10.328,10.076,10.158,564934.9
2025-07-18 23:00:00+00:00,10.158,10.197,10.079,10.13,320975.7
2025-07-19 00:00:00+00:00,10.13,10.194,9.827,9.868,711700.3
2025-07-19 01:00:00+00:00,9.868,9.965,9.791,9.884,501750.0
2025-07-19 02:00:00+00:00,9.884,10.047,9.83,10.046,296471.4
2025-07-19 03:00:00+00:00,10.046,10.246,10.042,10.227,466897.6
2025-07-19 04:00:00+00:00,10.227,10.363,10.209,10.36,358930.1
2025-07-19 05:00:00+00:00,10.36,10.375,10.187,10.298,313534.9
2025-07-19 06:00:00+00:00,10.298,10.387,10.273,10.282,287799.2
2025-07-19 07:00:00+00:00,10.282,10.354,10.185,10.233,223519.3
2025-07-19 08:00:00+00:00,10.233,10.297,10.146,10.171,262220.3
2025-07-19 09:00:00+00:00,10.171,10.224,10.139,10.175,163786.0
2025-07-19 10:00:00+00:00,10.175,10.211,10.105,10.141,152784.5
2025-07-19 11:00:00+00:00,10.141,10.215,10.045,10.073,230840.7
2025-07-19 12:00:00+00:00,10.073,10.175,9.949,10.148,317328.4
2025-07-19 13:00:00+00:00,10.148,10.154,10.058,10.105,130836.0
2025-07-19 14:00:00+00:00,10.105,10.121,9.96,9.98,341297.1
2025-07-19 15:00:00+00:00,9.98,10.127,9.976,10.085,205633.3
2025-07-19 16:00:00+00:00,10.085,10.192,10.024,10.068,272612.3
2025-07-19 17:00:00+00:00,10.068,10.077,9.979,10.035,143807.9
2025-07-19 18:00:00+00:00,10.035,10.088,10.006,10.047,169447.5
2025-07-19 19:00:00+00:00,10.047,10.175,10.027,10.136,161343.5
2025-07-19 20:00:00+00:00,10.136,10.218,10.092,10.094,186222.8
2025-07-19 21:00:00+00:00,10.094,10.138,9.979,10.07,151773.7
2025-07-19 22:00:00+00:00,10.07,10.152,10.023,10.095,109655.8
2025-07-19 23:00:00+00:00,10.095,10.174,10.064,10.167,102574.3
2025-07-20 00:00:00+00:00,10.167,10.198,10.107,10.155,261042.1
2025-07-20 01:00:00+00:00,10.155,10.345,10.15,10.248,421358.9
2025-07-20 02:00:00+00:00,10.248,10.418,10.215,10.403,304190.6
2025-07-20 03:00:00+00:00,10.403,10.579,10.335,10.413,404310.3
2025-07-20 04:00:00+00:00,10.413,10.534,10.309,10.424,422116.4
2025-07-20 05:00:00+00:00,10.424,10.513,10.328,10.512,261018.1
2025-07-20 06:00:00+00:00,10.512,10.596,10.437,10.506,850620.6
2025-07-20 07:00:00+00:00,10.506,10.624,10.49,10.502,286832.1
2025-07-20 08:00:00+00:00,10.502,10.645,10.434,10.552,491425.6
2025-07-20 09:00:00+00:00,10.552,10.706,10.489,10.618,441435.3
2025-07-20 10:00:00+00:00,10.618,10.661,10.493,10.503,323177.6
2025-07-20 11:00:00+00:00,10.503,10.738,10.502,10.699,568704.6
2025-07-20 12:00:00+00:00,10.699,10.748,10.584,10.656,363211.2
2025-07-20 13:00:00+00:00,10.656,10.684,10.598,10.618,286955.6
2025-07-20 14:00:00+00:00,10.618,10.631,10.471,10.593,584216.1
2025-07-20 15:00:00+00:00,10.593,10.811,10.567,10.786,539241.2
2025-07-20 16:00:00+00:00,10.786,10.891,10.7,10.828,533670.5
2025-07-20 17:00:00+00:00,10.828,10.828,10.566,10.6,743509.2
2025-07-20 18:00:00+00:00,10.6,10.69,10.556,10.673,279871.1
2025-07-20 19:00:00+00:00,10.673,10.757,10.626,10.627,185717.1
2025-07-20 20:00:00+00:00,10.627,10.693,10.524,10.608,245555.0
2025-07-20 21:00:00+00:00,10.608,10.711,10.512,10.704,148280.6
2025-07-20 22:00:00+00:00,10.704,10.784,10.364,10.691,724852.8
2025-07-20 23:00:00+00:00,10.691,10.715,10.586,10.656,189584.4
2025-07-21 00:00:00+00:00,10.656,10.682,10.386,10.452,597672.1
2025-07-21 01:00:00+00:00,10.452,10.553,10.311,10.32,346154.9
2025-07-21 02:00:00+00:00,10.32,10.509,10.317,10.498,224363.1
2025-07-21 03:00:00+00:00,10.498,10.585,10.488,10.548,176785.5
2025-07-21 04:00:00+00:00,10.548,10.589,10.453,10.493,241131.1
2025-07-21 05:00:00+00:00,10.493,10.552,10.396,10.54,188064.0
2025-07-21 06:00:00+00:00,10.54,10.743,10.537,10.584,372052.8
2025-07-21 07:00:00+00:00,10.584,10.686,10.536,10.559,150976.4
2025-07-21 08:00:00+00:00,10.559,10.691,10.404,10.458,505145.8
2025-07-21 09:00:00+00:00,10.458,10.51,10.353,10.421,377004.2
2025-07-21 10:00:00+00:00,10.421,10.566,10.376,10.547,248568.2
2025-07-21 11:00:00+00:00,10.547,10.631,10.506,10.528,219825.4
2025-07-21 12:00:00+00:00,10.528,10.612,10.451,10.558,236160.1
2025-07-21 13:00:00+00:00,10.558,11.711,10.453,11.34,2684891.0
2025-07-21 14:00:00+00:00,11.34,11.693,11.22,11.305,1861697.6
2025-07-21 15:00:00+00:00,11.305,11.387,11.087,11.101,657746.9
2025-07-21 16:00:00+00:00,11.101,11.241,10.808,10.903,1233743.8
2025-07-21 17:00:00+00:00,10.903,10.945,10.731,10.812,626612.9
2025-07-21 18:00:00+00:00,10.812,10.983,10.713,10.742,352663.4
2025-07-21 19:00:00+00:00,10.742,10.855,10.656,10.775,364810.4
2025-07-21 20:00:00+00:00,10.775,10.869,10.687,10.735,314759.0
2025-07-21 21:00:00+00:00,10.735,10.805,10.7,10.76,144738.9
2025-07-21 22:00:00+00:00,10.76,10.923,10.72,10.812,211254.8
2025-07-21 23:00:00+00:00,10.812,10.928,10.735,10.832,196323.5
2025-07-22 00:00:00+00:00,10.832,11.083,10.819,10.928,693079.8
2025-07-22 01:00:00+00:00,10.928,11.068,10.682,11.01,912517.6
2025-07-22 02:00:00+00:00,11.01,11.086,10.73,10.78,442505.2
2025-07-22 03:00:00+00:00,10.78,10.812,10.463,10.609,673519.7
2025-07-22 04:00:00+00:00,10.609,10.657,10.334,10.356,623859.7
2025-07-22 05:00:00+00:00,10.356,10.491,10.286,10.4,699341.9
2025-07-22 06:00:00+00:00,10.4,10.526,10.336,10.378,350850.7
2025-07-22 07:00:00+00:00,10.378,10.512,10.303,10.353,425864.0
2025-07-22 08:00:00+00:00,10.353,10.354,10.106,10.282,844052.4
2025-07-22 09:00:00+00:00,10.282,10.409,10.171,10.364,418362.5
2025-07-22 10:00:00+00:00,10.364,10.583,10.361,10.583,379998.4
2025-07-22 11:00:00+00:00,10.583,10.585,10.419,10.498,487346.3
2025-07-22 12:00:00+00:00,10.498,10.53,10.425,10.489,286410.3
2025-07-22 13:00:00+00:00,10.489,10.541,10.279,10.319,667126.4
2025-07-22 14:00:00+00:00,10.319,10.547,10.192,10.544,635978.3
2025-07-22 15:00:00+00:00,10.544,10.6,10.472,10.531,445561.4
2025-07-22 16:00:00+00:00,10.531,10.671,10.49,10.612,314465.6
2025-07-22 17:00:00+00:00,10.612,10.646,10.473,10.527,308224.8
2025-07-22 18:00:00+00:00,10.527,10.647,10.462,10.577,310988.3
2025-07-22 19:00:00+00:00,10.577,10.635,10.407,10.449,278291.2
2025-07-22 20:00:00+00:00,10.449,10.64,10.417,10.629,305952.6
2025-07-22 21:00:00+00:00,10.629,10.692,10.547,10.672,147201.8
2025-07-22 22:00:00+00:00,10.672,10.732,10.656,10.677,168090.3
2025-07-22 23:00:00+00:00,10.677,10.805,10.672,10.777,295822.1
2025-07-23 00:00:00+00:00,10.777,10.843,10.685,10.69,281400.6
2025-07-23 01:00:00+00:00,10.69,10.802,10.629,10.744,143174.1
2025-07-23 02:00:00+00:00,10.744,10.851,10.705,10.784,252986.4
2025-07-23 03:00:00+00:00,10.784,10.794,10.634,10.671,206084.8
2025-07-23 04:00:00+00:00,10.671,10.762,10.635,10.759,143827.4
2025-07-23 05:00:00+00:00,10.759,10.771,10.66,10.696,177120.8
2025-07-23 06:00:00+00:00,10.696,10.706,10.538,10.615,405907.4
2025-07-23 07:00:00+00:00,10.615,10.736,10.468,10.518,493119.6
2025-07-23 08:00:00+00:00,10.518,10.566,10.455,10.534,281287.4
2025-07-23 09:00:00+00:00,10.534,10.569,10.38,10.39,357590.2
2025-07-23 10:00:00+00:00,10.39,10.398,10.26,10.379,419805.7
2025-07-23 11:00:00+00:00,10.379,10.385,10.294,10.34,192644.2
2025-07-23 12:00:00+00:00,10.34,10.371,10.128,10.161,406525.5
2025-07-23 13:00:00+00:00,10.161,10.215,9.765,9.861,1762145.0
2025-07-23 14:00:00+00:00,9.861,10.036,9.834,10.01,651133.6
2025-07-23 15:00:00+00:00,10.01,10.174,9.918,10.17,363968.8
2025-07-23 16:00:00+00:00,10.17,10.177,9.955,10.01,594894.0
2025-07-23 17:00:00+00:00,10.01,10.044,9.831,10.017,617252.4
2025-07-23 18:00:00+00:00,10.017,10.118,10.012,10.102,183041.8
2025-07-23 19:00:00+00:00,10.102,10.16,10.023,10.033,149751.7
2025-07-23 20:00:00+00:00,10.033,10.136,9.844,9.99,504623.3
2025-07-23 21:00:00+00:00,9.99,10.087,9.68,10.053,564177.0
2025-07-23 22:00:00+00:00,10.053,10.227,9.979,10.218,432099.6
2025-07-23 23:00:00+00:00,10.218,10.258,10.145,10.173,192371.2
2025-07-24 00:00:00+00:00,10.173,10.34,10.137,10.33,411670.5
2025-07-24 01:00:00+00:00,10.33,10.416,10.214,10.348,291713.5
2025-07-24 02:00:00+00:00,10.348,10.421,10.216,10.329,276829.8
2025-07-24 03:00:00+00:00,10.329,10.434,10.259,10.268,180745.1
2025-07-24 04:00:00+00:00,10.268,10.325,10.15,10.169,290107.2
2025-07-24 05:00:00+00:00,10.169,10.199,9.884,9.914,568225.3
2025-07-24 06:00:00+00:00,9.914,10.083,9.662,9.814,801376.4
2025-07-24 07:00:00+00:00,9.814,9.997,9.63,9.982,667188.8
2025-07-24 08:00:00+00:00,9.982,10.178,9.908,10.111,416907.0
2025-07-24 09:00:00+00:00,10.111,10.183,9.989,10.084,404746.7
2025-07-24 10:00:00+00:00,10.084,10.168,9.9,10.032,549362.3
2025-07-24 11:00:00+00:00,10.032,10.29,10.027,10.228,410775.7
2025-07-24 12:00:00+00:00,10.228,10.272,10.05,10.129,327568.6
2025-07-24 13:00:00+00:00,10.129,10.228,10.052,10.072,406126.6
2025-07-24 14:00:00+00:00,10.072,10.447,9.977,10.415,522698.0
2025-07-24 15:00:00+00:00,10.415,10.528,10.302,10.355,808663.8
2025-07-24 16:00:00+00:00,10.355,10.37,10.022,10.126,828337.2
2025-07-24 17:00:00+00:00,10.126,10.452,10.094,10.366,414370.8
2025-07-24 18:00:00+00:00,10.366,10.487,10.278,10.476,324227.1
2025-07-24 19:00:00+00:00,10.476,10.517,10.404,10.443,309120.4
2025-07-24 20:00:00+00:00,10.443,10.502,10.396,10.44,151729.9
2025-07-24 21:00:00+00:00,10.44,10.447,10.267,10.273,200140.0
2025-07-24 22:00:00+00:00,10.273,10.322,10.191,10.249,204083.4
2025-07-24 23:00:00+00:00,10.249,10.249,10.091,10.118,290023.4
2025-07-25 00:00:00+00:00,10.118,10.127,9.885,9.899,440657.0
2025-07-25 01:00:00+00:00,9.899,10.12,9.838,10.069,292650.2
2025-07-25 02:00:00+00:00,10.069,10.115,9.809,9.833,394408.1
2025-07-25 03:00:00+00:00,9.833,9.973,9.745,9.853,471683.6
2025-07-25 04:00:00+00:00,9.853,10.021,9.724,10.01,359757.0
2025-07-25 05:00:00+00:00,10.01,10.044,9.88,9.972,242851.3
2025-07-25 06:00:00+00:00,9.972,10.084,9.896,9.999,203627.3
2025-07-25 07:00:00+00:00,9.999,10.117,9.864,9.988,381468.2
2025-07-25 08:00:00+00:00,9.988,10.169,9.981,10.111,386039.6
2025-07-25 09:00:00+00:00,10.111,10.526,10.079,10.519,649254.7
2025-07-25 10:00:00+00:00,10.519,10.602,10.425,10.535,458864.8
2025-07-25 11:00:00+00:00,10.535,10.628,10.478,10.503,401731.3
2025-07-25 12:00:00+00:00,10.503,10.567,10.427,10.463,246269.9
2025-07-25 13:00:00+00:00,10.463,10.491,10.271,10.366,352488.9
2025-07-25 14:00:00+00:00,10.366,10.413,9.989,10.006,620797.9
2025-07-25 15:00:00+00:00,10.006,10.142,9.97,10.083,362962.5
2025-07-25 16:00:00+00:00,10.083,10.166,9.995,10.124,276971.0
2025-07-25 17:00:00+00:00,10.124,10.188,10.012,10.069,265751.2
2025-07-25 18:00:00+00:00,10.069,10.16,10.062,10.105,150061.1
2025-07-25 19:00:00+00:00,10.105,10.191,10.077,10.083,118243.1
2025-07-25 20:00:00+00:00,10.083,10.319,10.076,10.263,197707.4
2025-07-25 21:00:00+00:00,10.263,10.398,10.263,10.396,213244.9
2025-07-25 22:00:00+00:00,10.396,10.434,10.359,10.365,133203.0
2025-07-25 23:00:00+00:00,10.365,10.45,10.312,10.424,139318.7
2025-07-26 00:00:00+00:00,10.424,10.48,10.369,10.461,177493.8
2025-07-26 01:00:00+00:00,10.461,10.486,10.343,10.349,136173.9
2025-07-26 02:00:00+00:00,10.349,10.567,10.349,10.495,249644.7
2025-07-26 03:00:00+00:00,10.495,10.556,10.443,10.537,102656.1
2025-07-26 04:00:00+00:00,10.537,10.562,10.483,10.506,143420.1
2025-07-26 05:00:00+00:00,10.506,10.518,10.465,10.484,78776.9
2025-07-26 06:00:00+00:00,10.484,10.497,10.399,10.422,91772.9
2025-07-26 07:00:00+00:00,10.422,10.457,10.405,10.41,54370.5
2025-07-26 08:00:00+00:00,10.41,10.539,10.41,10.498,137835.8
2025-07-26 09:00:00+00:00,10.498,10.544,10.468,10.537,107000.6
2025-07-26 10:00:00+00:00,10.537,10.598,10.499,10.531,184110.6
2025-07-26 11:00:00+00:00,10.531,10.541,10.437,10.444,223983.3
2025-07-26 12:00:00+00:00,10.444,10.477,10.405,10.464,128141.0
2025-07-26 13:00:00+00:00,10.464,10.475,10.415,10.421,87166.4
2025-07-26 14:00:00+00:00,10.421,10.468,10.352,10.364,261393.6
2025-07-26 15:00:00+00:00,10.364,10.446,10.321,10.446,197583.9
2025-07-26 16:00:00+00:00,10.446,10.495,10.396,10.432,229869.6
2025-07-26 17:00:00+00:00,10.432,10.471,10.383,10.438,60477.2
2025-07-26 18:00:00+00:00,10.438,10.518,10.384,10.506,84587.5
2025-07-26 19:00:00+00:00,10.506,10.583,10.503,10.565,113657.4
2025-07-26 20:00:00+00:00,10.565,10.577,10.504,10.54,81494.8
2025-07-26 21:00:00+00:00,10.54,10.597,10.506,10.59,58714.2
2025-07-26 22:00:00+00:00,10.59,10.766,10.567,10.596,278075.8
2025-07-26 23:00:00+00:00,10.596,10.602,10.5,10.554,112223.2
2025-07-27 00:00:00+00:00,10.554,10.573,10.483,10.546,137037.4
2025-07-27 01:00:00+00:00,10.546,10.68,10.522,10.553,136730.3
2025-07-27 02:00:00+00:00,10.553,10.678,10.519,10.632,182037.9
2025-07-27 03:00:00+00:00,10.632,10.64,10.562,10.578,95408.8
2025-07-27 04:00:00+00:00,10.578,10.7,10.559,10.696,89226.0
2025-07-27 05:00:00+00:00,10.696,10.777,10.681,10.744,190679.1
2025-07-27 06:00:00+00:00,10.744,10.744,10.604,10.624,147035.5
2025-07-27 07:00:00+00:00,10.624,10.645,10.534,10.564,162603.8
2025-07-27 08:00:00+00:00,10.564,10.581,10.486,10.513,143608.1
2025-07-27 09:00:00+00:00,10.513,10.525,10.45,10.47,202659.5
2025-07-27 10:00:00+00:00,10.47,10.718,10.468,10.706,320133.1
2025-07-27 11:00:00+00:00,10.706,10.762,10.603,10.626,284836.2
2025-07-27 12:00:00+00:00,10.626,10.776,10.614,10.77,354523.1
2025-07-27 13:00:00+00:00,10.77,10.837,10.648,10.677,183601.8
2025-07-27 14:00:00+00:00,10.677,10.741,10.61,10.673,136244.5
2025-07-27 15:00:00+00:00,10.673,10.754,10.594,10.744,98764.3
2025-07-27 16:00:00+00:00,10.744,10.889,10.706,10.768,416178.5
2025-07-27 17:00:00+00:00,10.768,10.797,10.69,10.795,172450.6
2025-07-27 18:00:00+00:00,10.795,10.868,10.766,10.812,146410.5
2025-07-27 19:00:00+00:00,10.812,10.822,10.728,10.756,80211.1
2025-07-27 20:00:00+00:00,10.756,10.829,10.749,10.792,80766.5
2025-07-27 21:00:00+00:00,10.792,10.881,10.753,10.874,83660.8
2025-07-27 22:00:00+00:00,10.874,11.059,10.864,10.95,277385.4
2025-07-27 23:00:00+00:00,10.95,11.004,10.842,10.984,193103.4
2025-07-28 00:00:00+00:00,10.984,11.054,10.861,10.87,242776.7
2025-07-28 01:00:00+00:00,10.87,10.895,10.786,10.82,239066.0
2025-07-28 02:00:00+00:00,10.82,11.091,10.775,10.992,312996.1
2025-07-28 03:00:00+00:00,10.992,11.031,10.885,10.945,115828.1
2025-07-28 04:00:00+00:00,10.945,11.059,10.875,11.056,199448.7
2025-07-28 05:00:00+00:00,11.056,11.2,11.017,11.09,266969.5
2025-07-28 06:00:00+00:00,11.09,11.13,11.027,11.086,183451.5
2025-07-28 07:00:00+00:00,11.086,11.096,10.955,11.051,306749.3
2025-07-28 08:00:00+00:00,11.051,11.092,11.009,11.059,212604.0
2025-07-28 09:00:00+00:00,11.059,11.088,10.919,11.009,164647.9
2025-07-28 10:00:00+00:00,11.009,11.022,10.936,10.969,193576.9
2025-07-28 11:00:00+00:00,10.969,10.991,10.858,10.932,234214.4
2025-07-28 12:00:00+00:00,10.932,11.018,10.88,10.885,199524.2
2025-07-28 13:00:00+00:00,10.885,10.887,10.666,10.707,689902.1
2025-07-28 14:00:00+00:00,10.707,10.758,10.508,10.548,679741.3
2025-07-28 15:00:00+00:00,10.548,10.658,10.506,10.577,274302.5
2025-07-28 16:00:00+00:00,10.577,10.699,10.481,10.625,200041.9
2025-07-28 17:00:00+00:00,10.625,10.66,10.521,10.545,188936.4
2025-07-28 18:00:00+00:00,10.545,10.569,10.379,10.452,329968.5
2025-07-28 19:00:00+00:00,10.452,10.527,10.386,10.488,291643.2
2025-07-28 20:00:00+00:00,10.488,10.51,10.351,10.424,222661.8
2025-07-28 21:00:00+00:00,10.424,10.536,10.366,10.47,150757.7
2025-07-28 22:00:00+00:00,10.47,10.523,10.359,10.463,154414.9
2025-07-28 23:00:00+00:00,10.463,10.51,10.386,10.459,121206.4
2025-07-29 00:00:00+00:00,10.459,10.646,10.326,10.48,703664.2
2025-07-29 01:00:00+00:00,10.48,10.577,10.369,10.369,136710.0
2025-07-29 02:00:00+00:00,10.369,10.399,10.194,10.247,571333.4
2025-07-29 03:00:00+00:00,10.247,10.445,10.246,10.408,160864.6
2025-07-29 04:00:00+00:00,10.408,10.452,10.285,10.296,130685.1
2025-07-29 05:00:00+00:00,10.296,10.443,10.294,10.443,105279.8
2025-07-29 06:00:00+00:00,10.443,10.524,10.41,10.466,177240.3
2025-07-29 07:00:00+00:00,10.466,10.64,10.449,10.632,285560.0
2025-07-29 08:00:00+00:00,10.632,10.664,10.555,10.572,177535.1
2025-07-29 09:00:00+00:00,10.572,10.6,10.436,10.507,213744.7
2025-07-29 10:00:00+00:00,10.507,10.515,10.243,10.259,260600.9
2025-07-29 11:00:00+00:00,10.259,10.351,10.238,10.294,206051.8
2025-07-29 12:00:00+00:00,10.294,10.501,10.293,10.451,222099.1
2025-07-29 13:00:00+00:00,10.451,10.508,10.274,10.308,257105.1
2025-07-29 14:00:00+00:00,10.308,10.308,10.045,10.115,490898.4
2025-07-29 15:00:00+00:00,10.115,10.197,10.053,10.15,292586.4
2025-07-29 16:00:00+00:00,10.15,10.214,9.998,10.197,300823.1
2025-07-29 17:00:00+00:00,10.197,10.347,10.179,10.276,258099.9
2025-07-29 18:00:00+00:00,10.276,10.293,10.205,10.251,98862.3
2025-07-29 19:00:00+00:00,10.251,10.327,10.158,10.192,352001.1
2025-07-29 20:00:00+00:00,10.192,10.284,10.087,10.173,202841.6
2025-07-29 21:00:00+00:00,10.173,10.332,10.113,10.291,187092.5
2025-07-29 22:00:00+00:00,10.291,10.318,10.206,10.286,175436.1
2025-07-29 23:00:00+00:00,10.286,10.315,10.231,10.299,113641.1
2025-07-30 00:00:00+00:00,10.299,10.322,10.144,10.225,174735.0
2025-07-30 01:00:00+00:00,10.225,10.452,10.149,10.358,177457.7
2025-07-30 02:00:00+00:00,10.358,10.502,10.313,10.442,165468.4
2025-07-30 03:00:00+00:00,10.442,10.496,10.355,10.366,133213.4
2025-07-30 04:00:00+00:00,10.366,10.438,10.268,10.308,125400.9
2025-07-30 05:00:00+00:00,10.308,10.392,10.226,10.306,164894.6
2025-07-30 06:00:00+00:00,10.306,10.372,10.267,10.352,75100.3
2025-07-30 07:00:00+00:00,10.352,10.391,10.261,10.29,84642.4
2025-07-30 08:00:00+00:00,10.29,10.433,10.237,10.352,182634.3
2025-07-30 09:00:00+00:00,10.352,10.374,10.145,10.175,237237.2
2025-07-30 10:00:00+00:00,10.175,10.227,10.021,10.044,245642.4
2025-07-30 11:00:00+00:00,10.044,10.102,9.796,9.833,758960.8
2025-07-30 12:00:00+00:00,9.833,9.967,9.792,9.91,327781.1
2025-07-30 13:00:00+00:00,9.91,9.969,9.833,9.911,391168.2
2025-07-30 14:00:00+00:00,9.911,10.172,9.857,10.122,357874.6
2025-07-30 15:00:00+00:00,10.122,10.143,9.946,10.056,330410.5
2025-07-30 16:00:00+00:00,10.056,10.177,10.014,10.103,405196.0
2025-07-30 17:00:00+00:00,10.103,10.202,10.09,10.191,193535.6
2025-07-30 18:00:00+00:00,10.191,10.247,9.877,9.881,1274851.2
2025-07-30 19:00:00+00:00,9.881,10.006,9.522,9.93,1272659.3
2025-07-30 20:00:00+00:00,9.93,10.053,9.894,9.924,221692.1
2025-07-30 21:00:00+00:00,9.924,9.974,9.776,9.853,200656.2
2025-07-30 22:00:00+00:00,9.853,9.881,9.789,9.87,87280.3
2025-07-30 23:00:00+00:00,9.87,10.1,9.866,10.003,326343.3
2025-07-31 00:00:00+00:00,10.003,10.208,9.941,10.181,432269.6
2025-07-31 01:00:00+00:00,10.181,10.212,10.093,10.16,175343.5
2025-07-31 02:00:00+00:00,10.16,10.233,10.105,10.18,130598.5
2025-07-31 03:00:00+00:00,10.18,10.189,10.137,10.15,122659.7
2025-07-31 04:00:00+00:00,10.15,10.191,10.098,10.187,132262.9
2025-07-31 05:00:00+00:00,10.187,10.201,10.13,10.141,96792.7
2025-07-31 06:00:00+00:00,10.141,10.22,10.102,10.183,78603.9
2025-07-31 07:00:00+00:00,10.183,10.204,10.114,10.125,189160.1
2025-07-31 08:00:00+00:00,10.125,10.2,10.122,10.162,62518.0
2025-07-31 09:00:00+00:00,10.162,10.214,10.131,10.196,53873.7
2025-07-31 10:00:00+00:00,10.196,10.206,10.083,10.093,141446.9
2025-07-31 11:00:00+00:00,10.093,10.104,9.934,9.973,204392.9
2025-07-31 12:00:00+00:00,9.973,10.005,9.849,9.875,196248.1
2025-07-31 13:00:00+00:00,9.875,9.878,9.602,9.663,874391.0
2025-07-31 14:00:00+00:00,9.663,9.703,9.49,9.556,534998.1
2025-07-31 15:00:00+00:00,9.556,9.712,9.554,9.656,235437.2
2025-07-31 16:00:00+00:00,9.656,9.894,9.647,9.735,505122.8
2025-07-31 17:00:00+00:00,9.735,9.742,9.58,9.612,232763.3
2025-07-31 18:00:00+00:00,9.612,9.673,9.531,9.612,284735.4
2025-07-31 19:00:00+00:00,9.612,9.63,9.533,9.539,217184.0
2025-07-31 20:00:00+00:00,9.539,9.558,9.451,9.482,337318.4
2025-07-31 21:00:00+00:00,9.482,9.564,9.378,9.461,355424.6
2025-07-31 22:00:00+00:00,9.461,9.464,9.339,9.389,318402.2
2025-07-31 23:00:00+00:00,9.389,9.455,9.296,9.336,201279.2
2025-08-01 00:00:00+00:00,9.336,9.39,9.123,9.367,780356.7
2025-08-01 01:00:00+00:00,9.367,9.419,9.238,9.317,373534.4
2025-08-01 02:00:00+00:00,9.317,9.425,9.279,9.371,195152.8
2025-08-01 03:00:00+00:00,9.371,9.435,9.336,9.373,171553.4
2025-08-01 04:00:00+00:00,9.373,9.4,9.318,9.331,166360.4
2025-08-01 05:00:00+00:00,9.331,9.356,9.252,9.298,157193.4
2025-08-01 06:00:00+00:00,9.298,9.307,9.17,9.253,222170.6
2025-08-01 07:00:00+00:00,9.253,9.283,9.175,9.224,157869.2
2025-08-01 08:00:00+00:00,9.224,9.224,9.024,9.11,550192.5
2025-08-01 09:00:00+00:00,9.11,9.239,9.076,9.084,258027.9
2025-08-01 10:00:00+00:00,9.084,9.146,9.073,9.095,78893.1
2025-08-01 11:00:00+00:00,9.095,9.154,9.041,9.151,140914.9
2025-08-01 12:00:00+00:00,9.151,9.328,9.081,9.172,875952.9
2025-08-01 13:00:00+00:00,9.172,9.206,8.912,8.98,583701.1
2025-08-01 14:00:00+00:00,8.98,9.214,8.906,9.106,373860.5
2025-08-01 15:00:00+00:00,9.106,9.123,8.958,9.062,358538.0
2025-08-01 16:00:00+00:00,9.062,9.162,8.948,8.977,205291.3
2025-08-01 17:00:00+00:00,8.977,9.058,8.912,8.996,220629.8
2025-08-01 18:00:00+00:00,8.996,9.1,8.92,9.054,212414.0
2025-08-01 19:00:00+00:00,9.054,9.178,9.039,9.149,249642.5
2025-08-01 20:00:00+00:00,9.149,9.178,9.004,9.158,355598.3
2025-08-01 21:00:00+00:00,9.158,9.215,9.128,9.139,164437.7
2025-08-01 22:00:00+00:00,9.139,9.149,8.821,8.958,876431.5
2025-08-01 23:00:00+00:00,8.958,9.096,8.928,9.028,153624.9
2025-08-02 00:00:00+00:00,9.028,9.132,8.994,9.116,304206.5
2025-08-02 01:00:00+00:00,9.116,9.137,9.053,9.099,127402.1
2025-08-02 02:00:00+00:00,9.099,9.147,9.062,9.132,127270.3
2025-08-02 03:00:00+00:00,9.132,9.174,9.127,9.155,133282.7
2025-08-02 04:00:00+00:00,9.155,9.156,9.087,9.098,131715.8
2025-08-02 05:00:00+00:00,9.098,9.111,9.039,9.052,74400.1
2025-08-02 06:00:00+00:00,9.052,9.057,8.845,8.913,260018.7
2025-08-02 07:00:00+00:00,8.913,9.077,8.865,9.069,136524.9
2025-08-02 08:00:00+00:00,9.069,9.1,8.949,8.96,108037.5
2025-08-02 09:00:00+00:00,8.96,8.987,8.909,8.964,118518.7
2025-08-02 10:00:00+00:00,8.964,9.023,8.911,9.001,77336.6
2025-08-02 11:00:00+00:00,9.001,9.088,8.973,9.01,102356.9
2025-08-02 12:00:00+00:00,9.01,9.08,8.973,9.06,96678.7
2025-08-02 13:00:00+00:00,9.06,9.095,9.002,9.074,138433.8
2025-08-02 14:00:00+00:00,9.074,9.081,8.907,8.962,221242.1
2025-08-02 15:00:00+00:00,8.962,9.041,8.895,8.93,143389.5
2025-08-02 16:00:00+00:00,8.93,8.983,8.823,8.92,178589.5
2025-08-02 17:00:00+00:00,8.92,8.948,8.729,8.791,294458.2
2025-08-02 18:00:00+00:00,8.791,8.818,8.679,8.732,531303.3
2025-08-02 19:00:00+00:00,8.732,8.901,8.708,8.758,375721.1
2025-08-02 20:00:00+00:00,8.758,8.847,8.752,8.835,103749.9
2025-08-02 21:00:00+00:00,8.835,8.881,8.786,8.82,163694.6
2025-08-02 22:00:00+00:00,8.82,8.87,8.765,8.83,130710.4
2025-08-02 23:00:00+00:00,8.83,8.847,8.704,8.755,160972.7
2025-08-03 00:00:00+00:00,8.755,8.862,8.671,8.854,273318.9
2025-08-03 01:00:00+00:00,8.854,8.897,8.813,8.888,95016.0
2025-08-03 02:00:00+00:00,8.888,8.953,8.886,8.945,97039.1
2025-08-03 03:00:00+00:00,8.945,9.001,8.934,8.959,172466.0
2025-08-03 04:00:00+00:00,8.959,8.965,8.901,8.938,55734.8
2025-08-03 05:00:00+00:00,8.938,8.965,8.911,8.931,96979.3
2025-08-03 06:00:00+00:00,8.931,8.954,8.912,8.942,52392.0
2025-08-03 07:00:00+00:00,8.942,8.995,8.941,8.994,153964.5
2025-08-03 08:00:00+00:00,8.994,9.088,8.993,9.077,236355.3
2025-08-03 09:00:00+00:00,9.077,9.085,9.016,9.058,86910.3
2025-08-03 10:00:00+00:00,9.058,9.123,9.043,9.107,122376.6
2025-08-03 11:00:00+00:00,9.107,9.198,9.098,9.101,312507.5
2025-08-03 12:00:00+00:00,9.101,9.18,9.067,9.15,137019.2
2025-08-03 13:00:00+00:00,9.15,9.179,9.132,9.14,100452.6
2025-08-03 14:00:00+00:00,9.14,9.17,9.082,9.122,118285.2
2025-08-03 15:00:00+00:00,9.122,9.137,9.084,9.136,84057.6
2025-08-03 16:00:00+00:00,9.136,9.169,9.108,9.161,67848.5
2025-08-03 17:00:00+00:00,9.161,9.185,9.12,9.151,84267.0
2025-08-03 18:00:00+00:00,9.151,9.156,9.112,9.15,74081.3
2025-08-03 19:00:00+00:00,9.15,9.187,9.123,9.153,109645.8
2025-08-03 20:00:00+00:00,9.153,9.162,9.122,9.147,94567.2
2025-08-03 21:00:00+00:00,9.147,9.18,9.139,9.173,59466.8
2025-08-03 22:00:00+00:00,9.173,9.195,9.133,9.184,56868.5
2025-08-03 23:00:00+00:00,9.184,9.225,9.129,9.143,187471.6
2025-08-04 00:00:00+00:00,9.143,9.337,9.127,9.313,277686.4
2025-08-04 01:00:00+00:00,9.313,9.327,9.232,9.248,138286.7
2025-08-04 02:00:00+00:00,9.248,9.372,9.196,9.367,102711.2
2025-08-04 03:00:00+00:00,9.367,9.386,9.298,9.341,171535.3
2025-08-04 04:00:00+00:00,9.341,9.407,9.275,9.28,153955.4
2025-08-04 05:00:00+00:00,9.28,9.325,9.228,9.319,153649.3
2025-08-04 06:00:00+00:00,9.319,9.329,9.228,9.301,105507.0
2025-08-04 07:00:00+00:00,9.301,9.359,9.295,9.314,77926.0
2025-08-04 08:00:00+00:00,9.314,9.383,9.273,9.318,104957.5
2025-08-04 09:00:00+00:00,9.318,9.362,9.282,9.293,56112.5
2025-08-04 10:00:00+00:00,9.293,9.4,9.286,9.35,106655.6
2025-08-04 11:00:00+00:00,9.35,9.358,9.295,9.307,125250.1
2025-08-04 12:00:00+00:00,9.307,9.416,9.291,9.4,93327.5
2025-08-04 13:00:00+00:00,9.4,9.9,9.372,9.814,1447834.8
2025-08-04 14:00:00+00:00,9.814,9.937,9.808,9.87,776053.3
2025-08-04 15:00:00+00:00,9.87,10.015,9.851,9.981,359391.4
2025-08-04 16:00:00+00:00,9.981,10.07,9.941,10.017,465888.7
2025-08-04 17:00:00+00:00,10.017,10.089,9.957,9.995,268228.0
2025-08-04 18:00:00+00:00,9.995,10.002,9.854,9.868,276582.9
2025-08-04 19:00:00+00:00,9.868,9.881,9.768,9.781,167605.1
2025-08-04 20:00:00+00:00,9.781,9.873,9.754,9.816,273315.4
2025-08-04 21:00:00+00:00,9.816,9.946,9.812,9.924,184721.8
2025-08-04 22:00:00+00:00,9.924,10.035,9.924,10.018,163189.8
2025-08-04 23:00:00+00:00,10.018,10.022,9.907,9.957,174593.2
2025-08-05 00:00:00+00:00,9.957,9.965,9.883,9.886,150233.8
2025-08-05 01:00:00+00:00,9.886,9.927,9.876,9.899,113380.9
2025-08-05 02:00:00+00:00,9.899,9.964,9.88,9.94,81812.6
2025-08-05 03:00:00+00:00,9.94,9.94,9.785,9.788,135544.0
2025-08-05 04:00:00+00:00,9.788,9.804,9.712,9.734,211475.2
2025-08-05 05:00:00+00:00,9.734,9.872,9.726,9.854,119414.5
2025-08-05 06:00:00+00:00,9.854,9.892,9.746,9.801,167007.8
2025-08-05 07:00:00+00:00,9.801,9.801,9.622,9.704,313497.8
2025-08-05 08:00:00+00:00,9.704,9.749,9.658,9.748,226458.5
2025-08-05 09:00:00+00:00,9.748,9.851,9.74,9.829,157782.5
2025-08-05 10:00:00+00:00,9.829,9.925,9.772,9.919,289239.7
2025-08-05 11:00:00+00:00,9.919,9.929,9.854,9.878,158320.2
2025-08-05 12:00:00+00:00,9.878,9.896,9.701,9.794,294954.0
2025-08-05 13:00:00+00:00,9.794,9.849,9.745,9.815,316545.7
2025-08-05 14:00:00+00:00,9.815,9.827,9.503,9.57,906321.9
2025-08-05 15:00:00+00:00,9.57,9.638,9.436,9.488,330031.6
2025-08-05 16:00:00+00:00,9.488,9.576,9.471,9.504,155959.0
2025-08-05 17:00:00+00:00,9.504,9.589,9.475,9.556,560422.8
2025-08-05 18:00:00+00:00,9.556,9.567,9.425,9.486,134149.9
2025-08-05 19:00:00+00:00,9.486,9.514,9.384,9.424,115652.7
2025-08-05 20:00:00+00:00,9.424,9.52,9.424,9.446,179750.4
2025-08-05 21:00:00+00:00,9.446,9.509,9.435,9.447,80209.6
2025-08-05 22:00:00+00:00,9.447,9.553,9.355,9.542,319347.3
2025-08-05 23:00:00+00:00,9.542,9.612,9.53,9.575,152107.3
2025-08-06 00:00:00+00:00,9.575,9.584,9.449,9.46,128181.0
2025-08-06 01:00:00+00:00,9.46,9.489,9.399,9.486,220763.5
2025-08-06 02:00:00+00:00,9.486,9.527,9.418,9.479,113437.6
2025-08-06 03:00:00+00:00,9.479,9.483,9.412,9.416,63573.2
2025-08-06 04:00:00+00:00,9.416,9.431,9.377,9.416,86794.4
2025-08-06 05:00:00+00:00,9.416,9.68,9.399,9.607,397269.2
2025-08-06 06:00:00+00:00,9.607,9.682,9.567,9.645,127069.6
2025-08-06 07:00:00+00:00,9.645,9.704,9.612,9.655,125967.0
2025-08-06 08:00:00+00:00,9.655,9.667,9.457,9.537,295964.7
2025-08-06 09:00:00+00:00,9.537,9.613,9.493,9.535,240842.4
2025-08-06 10:00:00+00:00,9.535,9.587,9.506,9.532,176704.9
2025-08-06 11:00:00+00:00,9.532,9.582,9.5,9.523,139025.6
2025-08-06 12:00:00+00:00,9.523,9.543,9.42,9.436,141353.2
2025-08-06 13:00:00+00:00,9.436,9.494,9.394,9.466,222588.2
2025-08-06 14:00:00+00:00,9.466,9.631,9.439,9.631,262807.5
2025-08-06 15:00:00+00:00,9.631,9.728,9.541,9.715,240967.2
2025-08-06 16:00:00+00:00,9.715,9.764,9.594,9.617,217767.3
2025-08-06 17:00:00+00:00,9.617,9.736,9.593,9.723,156675.8
2025-08-06 18:00:00+00:00,9.723,9.801,9.702,9.722,199012.3
2025-08-06 19:00:00+00:00,9.722,9.777,9.722,9.774,122304.5
2025-08-06 20:00:00+00:00,9.774,9.782,9.693,9.703,93042.5
2025-08-06 21:00:00+00:00,9.703,9.739,9.652,9.69,136164.3
2025-08-06 22:00:00+00:00,9.69,9.723,9.682,9.704,77802.6
2025-08-06 23:00:00+00:00,9.704,9.725,9.683,9.691,86871.8
2025-08-07 00:00:00+00:00,9.691,9.702,9.618,9.68,168298.0
2025-08-07 01:00:00+00:00,9.68,9.815,9.654,9.677,208457.3
2025-08-07 02:00:00+00:00,9.677,9.717,9.65,9.686,102590.8
2025-08-07 03:00:00+00:00,9.686,9.709,9.65,9.662,41884.9
2025-08-07 04:00:00+00:00,9.662,9.731,9.646,9.665,65588.9
2025-08-07 05:00:00+00:00,9.665,9.74,9.644,9.726,105398.3
2025-08-07 06:00:00+00:00,9.726,9.816,9.708,9.717,254574.0
2025-08-07 07:00:00+00:00,9.717,9.8,9.716,9.781,146738.9
2025-08-07 08:00:00+00:00,9.781,9.88,9.781,9.851,268784.3
2025-08-07 09:00:00+00:00,9.851,9.884,9.801,9.837,123999.4
2025-08-07 10:00:00+00:00,9.837,10.152,9.814,10.135,707453.4
2025-08-07 11:00:00+00:00,10.135,10.149,10.049,10.087,269284.1
2025-08-07 12:00:00+00:00,10.087,10.191,10.083,10.156,324006.6
2025-08-07 13:00:00+00:00,10.156,10.177,10.081,10.135,300716.3
2025-08-07 14:00:00+00:00,10.135,10.147,10.013,10.034,293555.8
2025-08-07 15:00:00+00:00,10.034,10.119,10.005,10.102,230290.6
2025-08-07 16:00:00+00:00,10.102,10.153,9.899,10.053,261645.6
2025-08-07 17:00:00+00:00,10.053,10.079,10.004,10.059,172807.5
2025-08-07 18:00:00+00:00,10.059,10.09,10.023,10.08,94316.6
2025-08-07 19:00:00+00:00,10.08,10.295,10.057,10.256,302609.4
2025-08-07 20:00:00+00:00,10.256,10.376,10.218,10.347,305110.2
2025-08-07 21:00:00+00:00,10.347,10.392,10.299,10.334,278604.0
2025-08-07 22:00:00+00:00,10.334,10.442,10.301,10.424,334195.4
2025-08-07 23:00:00+00:00,10.424,10.44,10.354,10.417,131266.3
2025-08-08 00:00:00+00:00,10.417,10.567,10.261,10.369,921530.9
2025-08-08 01:00:00+00:00,10.369,10.493,10.272,10.371,1050528.6
2025-08-08 02:00:00+00:00,10.371,10.458,10.341,10.409,171881.9
2025-08-08 03:00:00+00:00,10.409,10.587,10.386,10.533,229398.9
2025-08-08 04:00:00+00:00,10.533,10.548,10.451,10.454,141730.9
2025-08-08 05:00:00+00:00,10.454,10.489,10.394,10.407,85899.6
2025-08-08 06:00:00+00:00,10.407,10.538,10.392,10.515,190661.8
2025-08-08 07:00:00+00:00,10.515,10.646,10.451,10.601,330104.7
2025-08-08 08:00:00+00:00,10.601,10.698,10.54,10.578,303472.5
2025-08-08 09:00:00+00:00,10.578,10.655,10.544,10.621,161073.5
2025-08-08 10:00:00+00:00,10.621,10.644,10.571,10.58,135292.3
2025-08-08 11:00:00+00:00,10.58,10.617,10.58,10.594,92620.7
2025-08-08 12:00:00+00:00,10.594,10.597,10.487,10.495,116095.8
2025-08-08 13:00:00+00:00,10.495,10.747,10.479,10.705,409313.4
2025-08-08 14:00:00+00:00,10.705,10.787,10.543,10.666,550192.7
2025-08-08 15:00:00+00:00,10.666,10.675,10.462,10.606,289015.4
2025-08-08 16:00:00+00:00,10.606,10.729,10.603,10.706,377318.5
2025-08-08 17:00:00+00:00,10.706,10.983,10.686,10.972,547689.9
2025-08-08 18:00:00+00:00,10.972,11.04,10.896,10.963,382549.3
2025-08-08 19:00:00+00:00,10.963,11.037,10.923,11.037,136475.6
2025-08-08 20:00:00+00:00,11.037,11.046,10.857,10.889,180196.6
2025-08-08 21:00:00+00:00,10.889,10.914,10.851,10.885,140390.5
2025-08-08 22:00:00+00:00,10.885,10.945,10.87,10.873,120040.9
2025-08-08 23:00:00+00:00,10.873,10.937,10.851,10.857,100182.9
2025-08-09 00:00:00+00:00,10.857,10.908,10.851,10.893,119314.6
2025-08-09 01:00:00+00:00,10.893,10.939,10.86,10.939,94029.4
2025-08-09 02:00:00+00:00,10.939,10.959,10.872,10.9,118980.1
2025-08-09 03:00:00+00:00,10.9,11.055,10.876,11.034,213276.0
2025-08-09 04:00:00+00:00,11.034,11.152,10.972,11.08,240130.9
2025-08-09 05:00:00+00:00,11.08,11.399,11.024,11.362,669767.3
2025-08-09 06:00:00+00:00,11.362,11.371,11.132,11.17,348858.5
2025-08-09 07:00:00+00:00,11.17,11.273,11.142,11.183,210494.6
2025-08-09 08:00:00+00:00,11.183,11.243,11.152,11.193,169099.3
2025-08-09 09:00:00+00:00,11.193,11.285,11.147,11.238,158386.6
2025-08-09 10:00:00+00:00,11.238,11.256,11.139,11.217,225029.1
2025-08-09 11:00:00+00:00,11.217,11.218,11.105,11.141,149596.6
2025-08-09 12:00:00+00:00,11.141,11.225,11.1,11.184,202666.5
2025-08-09 13:00:00+00:00,11.184,11.193,10.727,10.795,1787347.8
2025-08-09 14:00:00+00:00,10.795,10.873,10.767,10.867,438706.6
2025-08-09 15:00:00+00:00,10.867,10.91,10.805,10.859,236291.2
2025-08-09 16:00:00+00:00,10.859,10.922,10.836,10.877,232441.3
2025-08-09 17:00:00+00:00,10.877,10.945,10.86,10.921,133364.9
2025-08-09 18:00:00+00:00,10.921,10.945,10.889,10.933,106754.6
2025-08-09 19:00:00+00:00,10.933,11.004,10.923,10.965,299188.2
2025-08-09 20:00:00+00:00,10.965,11.098,10.956,11.063,327206.1
2025-08-09 21:00:00+00:00,11.063,11.081,10.977,11.03,334341.3
2025-08-09 22:00:00+00:00,11.03,11.11,10.926,10.955,253477.7
2025-08-09 23:00:00+00:00,10.955,11.013,10.889,10.973,259430.2
2025-08-10 00:00:00+00:00,10.973,11.163,10.927,11.096,356100.0
2025-08-10 01:00:00+00:00,11.096,11.177,11.019,11.041,387320.6
2025-08-10 02:00:00+00:00,11.041,11.052,10.898,10.925,241006.7
2025-08-10 03:00:00+00:00,10.925,11.01,10.872,10.977,332585.2
2025-08-10 04:00:00+00:00,10.977,11.063,10.952,11.005,162466.4
2025-08-10 05:00:00+00:00,11.005,11.006,10.904,10.917,266559.9
2025-08-10 06:00:00+00:00,10.917,10.921,10.773,10.85,309560.9
2025-08-10 07:00:00+00:00,10.85,10.877,10.606,10.631,560137.4
2025-08-10 08:00:00+00:00,10.631,10.709,10.518,10.686,412806.5
2025-08-10 09:00:00+00:00,10.686,10.734,10.649,10.679,192405.7
2025-08-10 10:00:00+00:00,10.679,10.687,10.555,10.602,161589.4
2025-08-10 11:00:00+00:00,10.602,10.665,10.576,10.578,190766.3
2025-08-10 12:00:00+00:00,10.578,10.627,10.538,10.566,199734.1
2025-08-10 13:00:00+00:00,10.566,10.594,10.466,10.469,178421.5
2025-08-10 14:00:00+00:00,10.469,11.367,10.448,11.012,2295642.8
2025-08-10 15:00:00+00:00,11.012,11.181,10.968,11.058,668761.9
2025-08-10 16:00:00+00:00,11.058,11.17,11.031,11.083,426740.1
2025-08-10 17:00:00+00:00,11.083,11.108,10.954,10.957,240001.7
2025-08-10 18:00:00+00:00,10.957,11.014,10.931,10.971,177548.5
2025-08-10 19:00:00+00:00,10.971,11.047,10.953,10.977,138409.4
2025-08-10 20:00:00+00:00,10.977,10.987,10.875,10.878,210792.5
2025-08-10 21:00:00+00:00,10.878,10.893,10.82,10.878,149837.7
2025-08-10 22:00:00+00:00,10.878,10.906,10.839,10.902,126314.0
2025-08-10 23:00:00+00:00,10.902,10.951,10.876,10.942,117094.9
2025-08-11 00:00:00+00:00,10.942,11.127,10.915,11.005,318675.8
2025-08-11 01:00:00+00:00,11.005,11.244,11.002,11.114,366927.6
2025-08-11 02:00:00+00:00,11.114,11.316,11.097,11.249,511180.1
2025-08-11 03:00:00+00:00,11.249,11.288,11.141,11.22,275741.3
2025-08-11 04:00:00+00:00,11.22,11.356,11.218,11.252,315952.1
2025-08-11 05:00:00+00:00,11.252,11.265,11.139,11.178,137393.5
2025-08-11 06:00:00+00:00,11.178,11.204,11.08,11.11,179527.2
2025-08-11 07:00:00+00:00,11.11,11.131,11.006,11.033,210463.2
2025-08-11 08:00:00+00:00,11.033,11.213,11.014,11.086,461550.3
2025-08-11 09:00:00+00:00,11.086,11.099,10.991,11.044,256820.4
2025-08-11 10:00:00+00:00,11.044,11.05,10.917,10.931,197510.6
2025-08-11 11:00:00+00:00,10.931,10.95,10.598,10.635,793389.3
2025-08-11 12:00:00+00:00,10.635,10.681,10.567,10.636,340497.4
2025-08-11 13:00:00+00:00,10.636,10.851,10.554,10.771,406043.0
2025-08-11 14:00:00+00:00,10.771,10.887,10.718,10.755,345225.4
2025-08-11 15:00:00+00:00,10.755,10.905,10.706,10.902,259560.3
2025-08-11 16:00:00+00:00,10.902,12.024,10.901,11.552,7523330.2
2025-08-11 17:00:00+00:00,11.552,11.638,11.392,11.461,982938.5
2025-08-11 18:00:00+00:00,11.461,11.575,11.353,11.479,485967.8
2025-08-11 19:00:00+00:00,11.479,11.515,11.145,11.209,1205600.3
2025-08-11 20:00:00+00:00,11.209,11.215,11.098,11.182,336328.6
2025-08-11 21:00:00+00:00,11.182,11.235,10.973,11.066,462619.2
2025-08-11 22:00:00+00:00,11.066,11.075,10.854,10.989,367322.6
2025-08-11 23:00:00+00:00,10.989,11.165,10.952,11.037,414468.3
2025-08-12 00:00:00+00:00,11.037,11.262,11.019,11.22,419884.8
2025-08-12 01:00:00+00:00,11.22,11.221,11.101,11.199,279118.7
2025-08-12 02:00:00+00:00,11.199,11.546,11.139,11.394,545259.9
2025-08-12 03:00:00+00:00,11.394,11.457,11.286,11.321,429241.0
2025-08-12 04:00:00+00:00,11.321,11.451,11.287,11.379,205885.4
2025-08-12 05:00:00+00:00,11.379,11.398,11.208,11.226,285112.4
2025-08-12 06:00:00+00:00,11.226,11.312,11.149,11.179,271076.3
2025-08-12 07:00:00+00:00,11.179,11.268,11.123,11.221,444849.1
2025-08-12 08:00:00+00:00,11.221,11.285,11.056,11.095,486378.3
2025-08-12 09:00:00+00:00,11.095,11.106,10.952,10.962,322538.3
2025-08-12 10:00:00+00:00,10.962,10.979,10.836,10.899,398675.0
2025-08-12 11:00:00+00:00,10.899,10.969,10.786,10.959,429106.1
2025-08-12 12:00:00+00:00,10.959,11.43,10.882,11.297,1594832.5
2025-08-12 13:00:00+00:00,11.297,11.313,11.023,11.109,1021999.5
2025-08-12 14:00:00+00:00,11.109,11.217,11.042,11.18,505927.9
2025-08-12 15:00:00+00:00,11.18,11.367,11.175,11.35,553471.7
2025-08-12 16:00:00+00:00,11.35,11.366,11.203,11.289,562464.0
2025-08-12 17:00:00+00:00,11.289,11.443,11.274,11.393,583434.1
2025-08-12 18:00:00+00:00,11.393,11.49,11.303,11.343,472602.9
2025-08-12 19:00:00+00:00,11.343,11.441,11.311,11.42,273853.0
2025-08-12 20:00:00+00:00,11.42,11.616,11.405,11.611,562072.3
2025-08-12 21:00:00+00:00,11.611,11.623,11.447,11.462,438819.2
2025-08-12 22:00:00+00:00,11.462,11.561,11.427,11.556,278546.8
2025-08-12 23:00:00+00:00,11.556,11.61,11.504,11.596,323967.7
2025-08-13 00:00:00+00:00,11.596,11.817,11.541,11.619,606051.7
2025-08-13 01:00:00+00:00,11.619,11.626,11.225,11.313,1300238.1
2025-08-13 02:00:00+00:00,11.313,11.416,11.184,11.41,536059.9
2025-08-13 03:00:00+00:00,11.41,11.519,11.352,11.456,255780.5
2025-08-13 04:00:00+00:00,11.456,11.616,11.44,11.551,332739.8
2025-08-13 05:00:00+00:00,11.551,11.624,11.418,11.491,390967.3
2025-08-13 06:00:00+00:00,11.491,11.721,11.435,11.681,405024.1
2025-08-13 07:00:00+00:00,11.681,12.008,11.603,11.985,710394.6
2025-08-13 08:00:00+00:00,11.985,12.087,11.766,11.843,1004038.2
2025-08-13 09:00:00+00:00,11.843,12.161,11.83,12.105,629090.6
2025-08-13 10:00:00+00:00,12.105,12.205,12.019,12.189,491677.2
2025-08-13 11:00:00+00:00,12.189,12.27,12.07,12.175,421129.6
2025-08-13 12:00:00+00:00,12.175,12.183,12.056,12.128,315773.0
2025-08-13 13:00:00+00:00,12.128,12.286,11.986,12.057,614068.5
2025-08-13 14:00:00+00:00,12.057,12.086,11.876,11.912,595942.0
2025-08-13 15:00:00+00:00,11.912,12.051,11.832,11.989,308646.1
2025-08-13 16:00:00+00:00,11.989,12.256,11.989,12.055,864632.7
2025-08-13 17:00:00+00:00,12.055,12.1,12.019,12.042,276031.3
2025-08-13 18:00:00+00:00,12.042,12.093,11.887,11.961,449365.1
2025-08-13 19:00:00+00:00,11.961,12.045,11.95,12.022,195579.7
2025-08-13 20:00:00+00:00,12.022,12.088,11.969,12.064,171746.8
2025-08-13 21:00:00+00:00,12.064,12.146,12.051,12.08,230941.2
2025-08-13 22:00:00+00:00,12.08,12.203,12.055,12.141,196875.0
2025-08-13 23:00:00+00:00,12.141,12.275,12.092,12.127,260470.7
2025-08-14 00:00:00+00:00,12.127,12.276,12.064,12.07,272645.4
2025-08-14 01:00:00+00:00,12.07,12.187,11.999,12.141,220376.6
2025-08-14 02:00:00+00:00,12.141,12.225,12.053,12.125,294187.3
2025-08-14 03:00:00+00:00,12.125,12.17,12.045,12.138,342980.1
2025-08-14 04:00:00+00:00,12.138,12.154,12.0,12.002,170249.0
2025-08-14 05:00:00+00:00,12.002,12.038,11.597,11.733,1142407.6
2025-08-14 06:00:00+00:00,11.733,11.74,11.542,11.657,563006.5
2025-08-14 07:00:00+00:00,11.657,11.681,11.557,11.614,309776.6
2025-08-14 08:00:00+00:00,11.614,11.63,11.47,11.5,365375.2
2025-08-14 09:00:00+00:00,11.5,11.596,11.463,11.573,175046.7
2025-08-14 10:00:00+00:00,11.573,11.587,11.336,11.438,553003.9
2025-08-14 11:00:00+00:00,11.438,11.445,11.323,11.369,272774.5
2025-08-14 12:00:00+00:00,11.369,11.451,10.581,10.944,2114152.2
2025-08-14 13:00:00+00:00,10.944,11.09,10.709,11.016,895396.3
2025-08-14 14:00:00+00:00,11.016,11.207,10.979,11.13,601320.5
2025-08-14 15:00:00+00:00,11.13,11.135,10.94,10.993,400180.3
2025-08-14 16:00:00+00:00,10.993,11.017,10.848,10.939,536872.4
2025-08-14 17:00:00+00:00,10.939,10.973,10.83,10.936,211049.1
2025-08-14 18:00:00+00:00,10.936,10.937,10.786,10.886,224879.6
2025-08-14 19:00:00+00:00,10.886,10.936,10.862,10.876,145106.6
2025-08-14 20:00:00+00:00,10.876,10.911,10.813,10.891,121797.1
2025-08-14 21:00:00+00:00,10.891,10.93,10.701,10.805,215268.4
2025-08-14 22:00:00+00:00,10.805,10.874,10.739,10.856,121760.5
2025-08-14 23:00:00+00:00,10.856,10.929,10.851,10.867,113345.1
2025-08-15 00:00:00+00:00,10.867,10.955,10.82,10.887,144906.3
2025-08-15 01:00:00+00:00,10.887,11.038,10.864,11.02,186124.7
2025-08-15 02:00:00+00:00,11.02,11.059,10.981,10.982,122986.1
2025-08-15 03:00:00+00:00,10.982,11.147,10.965,11.078,314562.7
2025-08-15 04:00:00+00:00,11.078,11.119,10.971,10.998,238164.1
2025-08-15 05:00:00+00:00,10.998,11.014,10.922,10.975,93128.3
2025-08-15 06:00:00+00:00,10.975,11.141,10.968,11.035,224646.4
2025-08-15 07:00:00+00:00,11.035,11.086,10.978,11.032,87075.4
2025-08-15 08:00:00+00:00,11.032,11.131,11.006,11.027,91749.6
2025-08-15 09:00:00+00:00,11.027,11.068,10.94,10.986,135374.5
2025-08-15 10:00:00+00:00,10.986,11.092,10.975,11.071,116903.8
2025-08-15 11:00:00+00:00,11.071,11.107,10.971,10.981,120648.9
2025-08-15 12:00:00+00:00,10.981,11.08,10.864,10.952,462382.3
2025-08-15 13:00:00+00:00,10.952,10.979,10.825,10.856,278390.9
2025-08-15 14:00:00+00:00,10.856,10.925,10.67,10.733,523874.9
2025-08-15 15:00:00+00:00,10.733,10.745,10.458,10.557,641190.5
2025-08-15 16:00:00+00:00,10.557,10.612,10.42,10.584,403133.3
2025-08-15 17:00:00+00:00,10.584,10.694,10.492,10.624,456961.4
2025-08-15 18:00:00+00:00,10.624,10.652,10.517,10.551,280703.6
2025-08-15 19:00:00+00:00,10.551,10.639,10.522,10.558,188447.6
2025-08-15 20:00:00+00:00,10.558,10.676,10.523,10.671,239767.8
2025-08-15 21:00:00+00:00,10.671,10.702,10.596,10.653,107035.7
2025-08-15 22:00:00+00:00,10.653,10.797,10.627,10.795,175039.6
2025-08-15 23:00:00+00:00,10.795,10.822,10.629,10.715,211655.0
2025-08-16 00:00:00+00:00,10.715,10.858,10.694,10.847,130509.9
2025-08-16 01:00:00+00:00,10.847,10.867,10.784,10.852,453119.3
2025-08-16 02:00:00+00:00,10.852,10.854,10.769,10.781,175093.9
2025-08-16 03:00:00+00:00,10.781,10.808,10.722,10.737,90373.8
2025-08-16 04:00:00+00:00,10.737,11.11,10.716,11.093,718967.6
2025-08-16 05:00:00+00:00,11.093,11.151,10.964,10.965,362144.3
2025-08-16 06:00:00+00:00,10.965,11.045,10.897,10.975,226644.8
2025-08-16 07:00:00+00:00,10.975,11.07,10.956,10.997,155709.7
2025-08-16 08:00:00+00:00,10.997,11.03,10.96,10.966,190793.0
2025-08-16 09:00:00+00:00,10.966,11.001,10.824,10.835,208185.7
2025-08-16 10:00:00+00:00,10.835,10.896,10.824,10.842,224381.4
2025-08-16 11:00:00+00:00,10.842,11.123,10.834,10.896,1037726.8
2025-08-16 12:00:00+00:00,10.896,10.952,10.787,10.911,446776.8
2025-08-16 13:00:00+00:00,10.911,10.974,10.809,10.829,249071.4
2025-08-16 14:00:00+00:00,10.829,10.948,10.811,10.933,219116.0
2025-08-16 15:00:00+00:00,10.933,10.961,10.872,10.885,131120.1
2025-08-16 16:00:00+00:00,10.885,10.951,10.87,10.923,132494.9
2025-08-16 17:00:00+00:00,10.923,10.933,10.867,10.909,62282.1
2025-08-16 18:00:00+00:00,10.909,10.974,10.888,10.928,132284.6
2025-08-16 19:00:00+00:00,10.928,11.005,10.917,10.959,75846.9
2025-08-16 20:00:00+00:00,10.959,11.014,10.93,10.994,65908.2
2025-08-16 21:00:00+00:00,10.994,10.994,10.937,10.961,80176.4
2025-08-16 22:00:00+00:00,10.961,11.071,10.917,11.066,156131.7
2025-08-16 23:00:00+00:00,11.066,11.134,10.962,11.004,414337.5
2025-08-17 00:00:00+00:00,11.004,11.018,10.96,10.97,128593.3
2025-08-17 01:00:00+00:00,10.97,11.005,10.917,10.953,128371.0
2025-08-17 02:00:00+00:00,10.953,11.037,10.907,11.035,86514.0
2025-08-17 03:00:00+00:00,11.035,11.097,10.972,11.084,89770.9
2025-08-17 04:00:00+00:00,11.084,11.189,11.073,11.165,203676.3
2025-08-17 05:00:00+00:00,11.165,11.206,11.088,11.111,195368.4
2025-08-17 06:00:00+00:00,11.111,11.181,11.058,11.066,114865.2
2025-08-17 07:00:00+00:00,11.066,11.143,11.039,11.124,213321.6
2025-08-17 08:00:00+00:00,11.124,11.214,11.034,11.183,281575.6
2025-08-17 09:00:00+00:00,11.183,11.211,11.127,11.18,167182.0
2025-08-17 10:00:00+00:00,11.18,11.259,11.138,11.213,418572.8
2025-08-17 11:00:00+00:00,11.213,11.238,11.166,11.183,166564.6
2025-08-17 12:00:00+00:00,11.183,11.191,11.061,11.087,179346.1
2025-08-17 13:00:00+00:00,11.087,11.138,11.04,11.088,166018.9
2025-08-17 14:00:00+00:00,11.088,11.215,11.06,11.202,149986.7
2025-08-17 15:00:00+00:00,11.202,11.357,11.132,11.347,380370.8
2025-08-17 16:00:00+00:00,11.347,11.392,11.158,11.202,434147.2
2025-08-17 17:00:00+00:00,11.202,11.237,11.148,11.18,170844.6
2025-08-17 18:00:00+00:00,11.18,11.192,10.944,11.062,323223.2
2025-08-17 19:00:00+00:00,11.062,11.108,10.994,11.005,171606.1
2025-08-17 20:00:00+00:00,11.005,11.07,10.894,11.012,276917.6
2025-08-17 21:00:00+00:00,11.012,11.062,11.001,11.038,98930.6
2025-08-17 22:00:00+00:00,11.038,11.205,11.017,11.156,202969.0
2025-08-17 23:00:00+00:00,11.156,11.163,11.0,11.009,133577.5
2025-08-18 00:00:00+00:00,11.009,11.049,10.929,11.006,299223.7
2025-08-18 01:00:00+00:00,11.006,11.037,10.832,10.842,345604.4
2025-08-18 02:00:00+00:00,10.842,10.86,10.603,10.63,702494.6
2025-08-18 03:00:00+00:00,10.63,10.679,10.51,10.626,425404.4
2025-08-18 04:00:00+00:00,10.626,10.716,10.564,10.709,271424.5
2025-08-18 05:00:00+00:00,10.709,10.748,10.523,10.623,232126.1
2025-08-18 06:00:00+00:00,10.623,10.631,10.202,10.304,1267593.5
2025-08-18 07:00:00+00:00,10.304,10.357,10.214,10.276,620983.2
2025-08-18 08:00:00+00:00,10.276,10.356,10.268,10.275,255473.8
2025-08-18 09:00:00+00:00,10.275,10.442,10.192,10.344,730705.1
2025-08-18 10:00:00+00:00,10.344,10.395,10.318,10.343,273165.0
2025-08-18 11:00:00+00:00,10.343,10.354,10.298,10.338,113194.9
2025-08-18 12:00:00+00:00,10.338,10.515,10.32,10.512,256441.0
2025-08-18 13:00:00+00:00,10.512,10.581,10.334,10.337,614516.5
2025-08-18 14:00:00+00:00,10.337,10.454,10.334,10.454,364276.1
2025-08-18 15:00:00+00:00,10.454,10.477,10.353,10.473,267407.9
2025-08-18 16:00:00+00:00,10.473,10.536,10.384,10.415,323596.0
2025-08-18 17:00:00+00:00,10.415,10.615,10.402,10.503,247158.9
2025-08-18 18:00:00+00:00,10.503,10.61,10.476,10.594,124178.1
2025-08-18 19:00:00+00:00,10.594,10.639,10.554,10.563,244555.7
2025-08-18 20:00:00+00:00,10.563,10.608,10.484,10.549,245916.3
2025-08-18 21:00:00+00:00,10.549,10.617,10.535,10.595,161133.3
2025-08-18 22:00:00+00:00,10.595,10.66,10.553,10.559,255624.8
2025-08-18 23:00:00+00:00,10.559,10.58,10.456,10.478,138640.5
2025-08-19 00:00:00+00:00,10.478,10.591,10.366,10.589,241166.7
2025-08-19 01:00:00+00:00,10.589,10.624,10.408,10.434,184280.9
2025-08-19 02:00:00+00:00,10.434,10.459,10.391,10.401,105452.9
2025-08-19 03:00:00+00:00,10.401,10.42,10.238,10.251,376692.7
2025-08-19 04:00:00+00:00,10.251,10.35,10.138,10.349,389604.0
2025-08-19 05:00:00+00:00,10.349,10.373,10.267,10.288,180190.1
2025-08-19 06:00:00+00:00,10.288,10.331,10.247,10.282,93639.8
2025-08-19 07:00:00+00:00,10.282,10.293,10.199,10.293,85628.9
2025-08-19 08:00:00+00:00,10.293,10.367,10.233,10.327,155234.1
2025-08-19 09:00:00+00:00,10.327,10.488,10.323,10.425,217912.3
2025-08-19 10:00:00+00:00,10.425,10.498,10.412,10.461,147717.4
2025-08-19 11:00:00+00:00,10.461,10.504,10.439,10.491,76037.6
2025-08-19 12:00:00+00:00,10.491,10.5,10.406,10.453,102660.4
2025-08-19 13:00:00+00:00,10.453,10.497,10.31,10.396,484769.7
2025-08-19 14:00:00+00:00,10.396,10.43,10.142,10.217,396372.1
2025-08-19 15:00:00+00:00,10.217,10.325,10.16,10.223,307689.7
2025-08-19 16:00:00+00:00,10.223,10.24,10.073,10.105,324086.3
2025-08-19 17:00:00+00:00,10.105,10.128,9.984,10.108,485288.9
2025-08-19 18:00:00+00:00,10.108,10.138,9.931,9.988,296743.8
2025-08-19 19:00:00+00:00,9.988,10.103,9.917,10.018,242240.5
2025-08-19 20:00:00+00:00,10.018,10.096,9.957,10.095,122213.2
2025-08-19 21:00:00+00:00,10.095,10.116,10.054,10.102,95262.4
2025-08-19 22:00:00+00:00,10.102,10.103,10.026,10.051,86234.1
2025-08-19 23:00:00+00:00,10.051,10.054,9.916,9.946,253390.6
2025-08-20 00:00:00+00:00,9.946,10.068,9.943,10.04,187655.0
2025-08-20 01:00:00+00:00,10.04,10.076,9.909,10.05,253116.5
2025-08-20 02:00:00+00:00,10.05,10.122,10.029,10.101,158414.8
2025-08-20 03:00:00+00:00,10.101,10.183,10.076,10.108,94750.8
2025-08-20 04:00:00+00:00,10.108,10.189,10.105,10.152,180310.4
2025-08-20 05:00:00+00:00,10.152,10.173,10.098,10.173,135272.8
2025-08-20 06:00:00+00:00,10.173,10.19,10.12,10.151,86913.9
2025-08-20 07:00:00+00:00,10.151,10.224,10.146,10.182,146662.7
2025-08-20 08:00:00+00:00,10.182,10.374,10.173,10.364,375404.2
2025-08-20 09:00:00+00:00,10.364,10.364,10.245,10.262,249297.2
2025-08-20 10:00:00+00:00,10.262,10.306,10.238,10.276,89841.5
2025-08-20 11:00:00+00:00,10.276,10.289,10.105,10.23,167020.3
2025-08-20 12:00:00+00:00,10.23,10.324,10.171,10.218,139488.8
2025-08-20 13:00:00+00:00,10.218,10.236,10.028,10.049,328250.2
2025-08-20 14:00:00+00:00,10.049,10.31,9.974,10.24,425031.7
2025-08-20 15:00:00+00:00,10.24,10.465,10.223,10.339,411828.6
2025-08-20 16:00:00+00:00,10.339,10.497,10.334,10.408,277271.5
2025-08-20 17:00:00+00:00,10.408,10.583,10.403,10.543,307948.4
2025-08-20 18:00:00+00:00,10.543,10.553,10.367,10.464,318521.6
2025-08-20 19:00:00+00:00,10.464,10.6,10.451,10.593,140903.7
2025-08-20 20:00:00+00:00,10.593,10.619,10.557,10.594,135823.9
2025-08-20 21:00:00+00:00,10.594,10.644,10.541,10.597,157635.6
2025-08-20 22:00:00+00:00,10.597,10.679,10.597,10.67,122898.9
2025-08-20 23:00:00+00:00,10.67,10.689,10.579,10.603,145138.4
2025-08-21 00:00:00+00:00,10.603,10.62,10.534,10.595,128545.1
2025-08-21 01:00:00+00:00,10.595,10.688,10.518,10.679,82354.5
2025-08-21 02:00:00+00:00,10.679,10.694,10.471,10.524,230284.2
2025-08-21 03:00:00+00:00,10.524,10.655,10.514,10.52,189820.8
2025-08-21 04:00:00+00:00,10.52,10.566,10.486,10.516,84793.7
2025-08-21 05:00:00+00:00,10.516,10.582,10.466,10.582,90318.3
2025-08-21 06:00:00+00:00,10.582,10.582,10.488,10.542,82922.2
2025-08-21 07:00:00+00:00,10.542,10.544,10.422,10.534,135508.2
2025-08-21 08:00:00+00:00,10.534,10.547,10.433,10.438,203295.6
2025-08-21 09:00:00+00:00,10.438,10.483,10.368,10.407,189135.3
2025-08-21 10:00:00+00:00,10.407,10.476,10.374,10.43,143269.0
2025-08-21 11:00:00+00:00,10.43,10.485,10.379,10.42,139885.1
2025-08-21 12:00:00+00:00,10.42,10.436,10.293,10.33,223295.1
2025-08-21 13:00:00+00:00,10.33,10.475,10.302,10.356,259365.0
2025-08-21 14:00:00+00:00,10.356,10.493,10.266,10.329,381560.4
2025-08-21 15:00:00+00:00,10.329,10.35,10.23,10.255,220027.7
2025-08-21 16:00:00+00:00,10.255,10.338,10.216,10.228,209768.0
2025-08-21 17:00:00+00:00,10.228,10.31,10.201,10.294,107087.3
2025-08-21 18:00:00+00:00,10.294,10.315,10.22,10.303,123407.9
2025-08-21 19:00:00+00:00,10.303,10.338,10.196,10.216,115400.6
2025-08-21 20:00:00+00:00,10.216,10.323,10.179,10.28,87010.5
2025-08-21 21:00:00+00:00,10.28,10.327,10.21,10.279,159259.9
2025-08-21 22:00:00+00:00,10.279,10.326,10.258,10.28,62666.9
2025-08-21 23:00:00+00:00,10.28,10.283,10.163,10.218,49874.6
2025-08-22 00:00:00+00:00,10.218,10.316,10.218,10.251,85138.4
2025-08-22 01:00:00+00:00,10.251,10.307,10.19,10.291,114993.2
2025-08-22 02:00:00+00:00,10.291,10.442,10.279,10.356,126413.1
2025-08-22 03:00:00+00:00,10.356,10.413,10.248,10.279,108175.5
2025-08-22 04:00:00+00:00,10.279,10.386,10.263,10.298,139861.7
2025-08-22 05:00:00+00:00,10.298,10.344,10.26,10.314,70653.2
2025-08-22 06:00:00+00:00,10.314,10.404,10.276,10.317,154974.5
2025-08-22 07:00:00+00:00,10.317,10.451,10.304,10.429,136197.9
2025-08-22 08:00:00+00:00,10.429,10.517,10.42,10.422,182734.4
2025-08-22 09:00:00+00:00,10.422,10.467,10.364,10.434,158829.6
2025-08-22 10:00:00+00:00,10.434,10.44,10.309,10.327,124795.3
2025-08-22 11:00:00+00:00,10.327,10.331,10.218,10.219,139384.9
2025-08-22 12:00:00+00:00,10.219,10.23,10.007,10.126,361183.0
2025-08-22 13:00:00+00:00,10.126,10.294,10.064,10.204,398849.6
2025-08-22 14:00:00+00:00,10.204,10.929,10.2,10.863,2764708.7
2025-08-22 15:00:00+00:00,10.863,11.097,10.862,11.005,552924.3
2025-08-22 16:00:00+00:00,11.005,11.362,11.005,11.274,725559.7
2025-08-22 17:00:00+00:00,11.274,11.535,11.27,11.432,697956.3
2025-08-22 18:00:00+00:00,11.432,11.538,11.362,11.472,332752.1
2025-08-22 19:00:00+00:00,11.472,11.622,11.453,11.578,335196.2
2025-08-22 20:00:00+00:00,11.578,11.595,11.493,11.532,212638.9
2025-08-22 21:00:00+00:00,11.532,11.63,11.477,11.49,285243.5
2025-08-22 22:00:00+00:00,11.49,11.525,11.358,11.386,341510.4
2025-08-22 23:00:00+00:00,11.386,11.497,11.38,11.435,173017.9
2025-08-23 00:00:00+00:00,11.435,11.471,11.372,11.409,142088.2
2025-08-23 01:00:00+00:00,11.409,11.42,11.187,11.26,315043.5
2025-08-23 02:00:00+00:00,11.26,11.298,11.01,11.151,386597.4
2025-08-23 03:00:00+00:00,11.151,11.155,11.05,11.067,260708.7
2025-08-23 04:00:00+00:00,11.067,11.24,11.067,11.239,184344.9
2025-08-23 05:00:00+00:00,11.239,11.326,11.21,11.246,247905.3
2025-08-23 06:00:00+00:00,11.246,11.336,11.202,11.288,272862.2
2025-08-23 07:00:00+00:00,11.288,11.302,11.147,11.174,115657.0
2025-08-23 08:00:00+00:00,11.174,11.231,11.129,11.217,106585.3
2025-08-23 09:00:00+00:00,11.217,11.293,11.18,11.287,179598.0
2025-08-23 10:00:00+00:00,11.287,11.303,11.186,11.188,97337.3
2025-08-23 11:00:00+00:00,11.188,11.258,11.178,11.216,94860.9
2025-08-23 12:00:00+00:00,11.216,11.257,11.14,11.211,182187.5
2025-08-23 13:00:00+00:00,11.211,11.295,11.188,11.232,210968.6
2025-08-23 14:00:00+00:00,11.232,11.408,11.186,11.265,329899.0
2025-08-23 15:00:00+00:00,11.265,11.291,11.202,11.257,273513.2
2025-08-23 16:00:00+00:00,11.257,11.286,11.199,11.229,108861.5
2025-08-23 17:00:00+00:00,11.229,11.309,11.215,11.295,196359.5
2025-08-23 18:00:00+00:00,11.295,11.325,11.277,11.308,42902.2
2025-08-23 19:00:00+00:00,11.308,11.395,11.303,11.389,96576.0
2025-08-23 20:00:00+00:00,11.389,11.397,11.308,11.353,99170.7
2025-08-23 21:00:00+00:00,11.353,11.362,11.281,11.299,120077.1
2025-08-23 22:00:00+00:00,11.299,11.36,11.299,11.355,44170.5
2025-08-23 23:00:00+00:00,11.355,11.394,11.326,11.344,67690.1
2025-08-24 00:00:00+00:00,11.344,11.42,11.318,11.401,100060.6
2025-08-24 01:00:00+00:00,11.401,11.408,11.255,11.297,232957.6
2025-08-24 02:00:00+00:00,11.297,11.317,11.213,11.22,73982.3
2025-08-24 03:00:00+00:00,11.22,11.259,11.153,11.238,111426.9
2025-08-24 04:00:00+00:00,11.238,11.282,11.211,11.277,94020.5
2025-08-24 05:00:00+00:00,11.277,11.278,11.201,11.21,60948.7
2025-08-24 06:00:00+00:00,11.21,11.21,11.052,11.066,178615.9
2025-08-24 07:00:00+00:00,11.066,11.17,11.054,11.062,113954.7
2025-08-24 08:00:00+00:00,11.062,11.137,11.036,11.097,94117.7
2025-08-24 09:00:00+00:00,11.097,11.129,11.06,11.061,74266.0
2025-08-24 10:00:00+00:00,11.061,11.062,10.895,10.9,202832.9
2025-08-24 11:00:00+00:00,10.9,10.925,10.842,10.895,111026.4
2025-08-24 12:00:00+00:00,10.895,10.971,10.884,10.965,69025.4
2025-08-24 13:00:00+00:00,10.965,11.037,10.951,10.956,105132.4
2025-08-24 14:00:00+00:00,10.956,11.082,10.918,11.073,160204.2
2025-08-24 15:00:00+00:00,11.073,11.177,11.021,11.038,179592.5
2025-08-24 16:00:00+00:00,11.038,11.087,10.992,11.047,124934.0
2025-08-24 17:00:00+00:00,11.047,11.268,11.044,11.211,241900.5
2025-08-24 18:00:00+00:00,11.211,11.434,11.184,11.374,334910.0
2025-08-24 19:00:00+00:00,11.374,11.442,10.906,11.086,1441926.3
2025-08-24 20:00:00+00:00,11.086,11.089,10.824,10.96,664714.1
2025-08-24 21:00:00+00:00,10.96,11.084,10.893,10.986,181013.2
2025-08-24 22:00:00+00:00,10.986,11.011,10.802,10.95,199067.1
2025-08-24 23:00:00+00:00,10.95,10.996,10.912,10.923,114675.9
2025-08-25 00:00:00+00:00,10.923,10.978,10.675,10.754,299716.4
2025-08-25 01:00:00+00:00,10.754,10.894,10.735,10.822,177374.8
2025-08-25 02:00:00+00:00,10.822,10.971,10.819,10.905,278997.0
2025-08-25 03:00:00+00:00,10.905,10.957,10.805,10.825,130363.6
2025-08-25 04:00:00+00:00,10.825,10.848,10.722,10.742,183906.6
2025-08-25 05:00:00+00:00,10.742,10.773,10.641,10.642,187581.2
2025-08-25 06:00:00+00:00,10.642,10.659,10.445,10.453,455228.6
2025-08-25 07:00:00+00:00,10.453,10.501,10.29,10.335,456518.9
2025-08-25 08:00:00+00:00,10.335,10.386,10.22,10.301,335858.6
2025-08-25 09:00:00+00:00,10.301,10.321,10.232,10.29,163891.0
2025-08-25 10:00:00+00:00,10.29,10.292,10.132,10.179,403998.1
2025-08-25 11:00:00+00:00,10.179,10.277,10.168,10.275,125611.0
2025-08-25 12:00:00+00:00,10.275,10.287,10.218,10.272,149675.2
2025-08-25 13:00:00+00:00,10.272,10.272,10.108,10.184,316927.6
2025-08-25 14:00:00+00:00,10.184,10.266,10.15,10.191,233744.6
2025-08-25 15:00:00+00:00,10.191,10.212,10.088,10.106,224739.4
2025-08-25 16:00:00+00:00,10.106,10.201,10.061,10.108,135169.9
2025-08-25 17:00:00+00:00,10.108,10.11,9.96,10.004,252808.6
2025-08-25 18:00:00+00:00,10.004,10.031,9.939,9.952,143130.0
2025-08-25 19:00:00+00:00,9.952,9.976,9.743,9.752,616315.5
2025-08-25 20:00:00+00:00,9.752,9.804,9.595,9.616,914891.9
2025-08-25 21:00:00+00:00,9.616,9.672,9.572,9.586,328729.5
2025-08-25 22:00:00+00:00,9.586,9.777,9.581,9.71,205481.9
2025-08-25 23:00:00+00:00,9.71,9.717,9.634,9.696,162878.7
2025-08-26 00:00:00+00:00,9.696,9.72,9.567,9.607,360917.9
2025-08-26 01:00:00+00:00,9.607,9.781,9.566,9.765,257918.3
2025-08-26 02:00:00+00:00,9.765,9.906,9.734,9.753,309984.5
2025-08-26 03:00:00+00:00,9.753,9.794,9.708,9.77,108523.4
2025-08-26 04:00:00+00:00,9.77,9.84,9.755,9.766,81401.6
2025-08-26 05:00:00+00:00,9.766,9.824,9.754,9.777,97032.3
2025-08-26 06:00:00+00:00,9.777,9.83,9.71,9.726,168668.3
2025-08-26 07:00:00+00:00,9.726,9.839,9.679,9.743,239233.3
2025-08-26 08:00:00+00:00,9.743,9.764,9.674,9.697,121941.5
2025-08-26 09:00:00+00:00,9.697,9.765,9.686,9.714,99792.9
2025-08-26 10:00:00+00:00,9.714,9.79,9.701,9.74,87015.0
2025-08-26 11:00:00+00:00,9.74,9.766,9.642,9.685,173739.6
2025-08-26 12:00:00+00:00,9.685,9.913,9.626,9.806,526601.6
2025-08-26 13:00:00+00:00,9.806,9.823,9.576,9.721,621524.5
2025-08-26 14:00:00+00:00,9.721,9.83,9.631,9.805,355645.0
2025-08-26 15:00:00+00:00,9.805,9.866,9.649,9.702,397040.2
2025-08-26 16:00:00+00:00,9.702,9.825,9.671,9.82,258763.5
2025-08-26 17:00:00+00:00,9.82,9.833,9.696,9.764,157151.4
2025-08-26 18:00:00+00:00,9.764,9.85,9.757,9.815,170390.8
2025-08-26 19:00:00+00:00,9.815,9.952,9.768,9.927,353676.3
2025-08-26 20:00:00+00:00,9.927,9.986,9.879,9.912,280478.0
2025-08-26 21:00:00+00:00,9.912,9.966,9.863,9.963,117169.1
2025-08-26 22:00:00+00:00,9.963,9.977,9.899,9.954,91364.7
2025-08-26 23:00:00+00:00,9.954,10.02,9.918,9.945,164127.6
2025-08-27 00:00:00+00:00,9.945,9.947,9.837,9.866,138067.6
2025-08-27 01:00:00+00:00,9.866,9.887,9.802,9.883,137334.0
2025-08-27 02:00:00+00:00,9.883,9.944,9.804,9.903,132122.0
2025-08-27 03:00:00+00:00,9.903,10.038,9.825,9.969,208107.7
2025-08-27 04:00:00+00:00,9.969,10.077,9.953,10.064,293506.7
2025-08-27 05:00:00+00:00,10.064,10.08,9.961,9.974,143532.6
2025-08-27 06:00:00+00:00,9.974,9.99,9.909,9.914,90111.5
2025-08-27 07:00:00+00:00,9.914,9.926,9.853,9.904,107093.2
2025-08-27 08:00:00+00:00,9.904,9.943,9.824,9.942,118883.9
2025-08-27 09:00:00+00:00,9.942,9.987,9.911,9.911,150340.3
2025-08-27 10:00:00+00:00,9.911,9.955,9.846,9.863,136885.6
2025-08-27 11:00:00+00:00,9.863,9.958,9.863,9.944,82704.8
2025-08-27 12:00:00+00:00,9.944,9.98,9.874,9.958,148754.8
2025-08-27 13:00:00+00:00,9.958,10.058,9.874,9.922,402982.2
2025-08-27 14:00:00+00:00,9.922,10.113,9.891,9.998,338788.2
2025-08-27 15:00:00+00:00,9.998,10.121,9.989,10.101,303016.1
2025-08-27 16:00:00+00:00,10.101,10.103,9.952,10.013,176857.9
2025-08-27 17:00:00+00:00,10.013,10.12,9.971,10.077,189994.7
2025-08-27 18:00:00+00:00,10.077,10.125,10.013,10.017,120260.8
2025-08-27 19:00:00+00:00,10.017,10.034,9.894,9.93,303852.0
2025-08-27 20:00:00+00:00,9.93,10.051,9.793,10.019,1477565.8
2025-08-27 21:00:00+00:00,10.019,10.042,9.869,9.901,112953.0
2025-08-27 22:00:00+00:00,9.901,9.92,9.776,9.87,124286.3
2025-08-27 23:00:00+00:00,9.87,9.9,9.81,9.849,113593.3
2025-08-28 00:00:00+00:00,9.849,9.905,9.764,9.854,193903.8
2025-08-28 01:00:00+00:00,9.854,9.953,9.852,9.922,131630.5
2025-08-28 02:00:00+00:00,9.922,9.976,9.898,9.936,98347.4
2025-08-28 03:00:00+00:00,9.936,10.072,9.915,10.061,212306.2
2025-08-28 04:00:00+00:00,10.061,10.077,9.983,10.046,385987.6
2025-08-28 05:00:00+00:00,10.046,10.083,9.975,10.009,112170.9
2025-08-28 06:00:00+00:00,10.009,10.036,9.97,10.036,67976.7
2025-08-28 07:00:00+00:00,10.036,10.045,9.978,10.04,68799.7
2025-08-28 08:00:00+00:00,10.04,10.122,10.032,10.08,214098.5
2025-08-28 09:00:00+00:00,10.08,10.082,9.977,9.991,107632.2
2025-08-28 10:00:00+00:00,9.991,10.046,9.961,10.046,87646.9
2025-08-28 11:00:00+00:00,10.046,10.046,9.978,10.016,97321.7
2025-08-28 12:00:00+00:00,10.016,10.031,9.953,10.0,148697.5
2025-08-28 13:00:00+00:00,10.0,10.038,9.928,9.974,279072.1
2025-08-28 14:00:00+00:00,9.974,10.041,9.901,9.986,304377.7
2025-08-28 15:00:00+00:00,9.986,10.019,9.84,9.869,182964.4
2025-08-28 16:00:00+00:00,9.869,9.966,9.779,9.782,198690.8
2025-08-28 17:00:00+00:00,9.782,9.916,9.773,9.898,169634.7
2025-08-28 18:00:00+00:00,9.898,9.93,9.858,9.88,112916.6
2025-08-28 19:00:00+00:00,9.88,9.904,9.742,9.744,105979.6
2025-08-28 20:00:00+00:00,9.744,9.855,9.729,9.841,125036.0
2025-08-28 21:00:00+00:00,9.841,9.946,9.838,9.943,82730.2
2025-08-28 22:00:00+00:00,9.943,10.063,9.943,10.058,111670.8
2025-08-28 23:00:00+00:00,10.058,10.08,9.984,10.014,97076.9
2025-08-29 00:00:00+00:00,10.014,10.078,9.968,9.998,123371.9
2025-08-29 01:00:00+00:00,9.998,10.011,9.874,9.895,141186.2
2025-08-29 02:00:00+00:00,9.895,9.995,9.878,9.948,114303.3
2025-08-29 03:00:00+00:00,9.948,10.001,9.903,9.984,97309.4
2025-08-29 04:00:00+00:00,9.984,10.003,9.906,9.916,58342.2
2025-08-29 05:00:00+00:00,9.916,9.946,9.865,9.923,92950.9
2025-08-29 06:00:00+00:00,9.923,9.948,9.794,9.849,210511.8
2025-08-29 07:00:00+00:00,9.849,9.851,9.62,9.648,258746.7
2025-08-29 08:00:00+00:00,9.648,9.699,9.497,9.51,316464.8
2025-08-29 09:00:00+00:00,9.51,9.586,9.419,9.572,293421.4
2025-08-29 10:00:00+00:00,9.572,9.634,9.56,9.605,95291.0
2025-08-29 11:00:00+00:00,9.605,9.624,9.55,9.565,73947.5
2025-08-29 12:00:00+00:00,9.565,9.859,9.55,9.713,730767.5
2025-08-29 13:00:00+00:00,9.713,9.725,9.505,9.55,471997.6
2025-08-29 14:00:00+00:00,9.55,9.617,9.413,9.504,666541.3
2025-08-29 15:00:00+00:00,9.504,9.617,9.5,9.538,244441.6
2025-08-29 16:00:00+00:00,9.538,9.621,9.488,9.547,259597.0
2025-08-29 17:00:00+00:00,9.547,9.56,9.459,9.499,113931.2
2025-08-29 18:00:00+00:00,9.499,9.526,9.443,9.461,109988.2
2025-08-29 19:00:00+00:00,9.461,9.581,9.439,9.52,145712.2
2025-08-29 20:00:00+00:00,9.52,9.544,9.466,9.482,146427.6
2025-08-29 21:00:00+00:00,9.482,9.63,9.442,9.613,181600.4
2025-08-29 22:00:00+00:00,9.613,9.641,9.559,9.641,85014.0
2025-08-29 23:00:00+00:00,9.641,9.657,9.618,9.627,41482.4
2025-08-30 00:00:00+00:00,9.627,9.631,9.569,9.591,99588.3
2025-08-30 01:00:00+00:00,9.591,9.612,9.395,9.413,219197.3
2025-08-30 02:00:00+00:00,9.413,9.562,9.401,9.528,159542.7
2025-08-30 03:00:00+00:00,9.528,9.706,9.526,9.635,191524.8
2025-08-30 04:00:00+00:00,9.635,9.656,9.61,9.611,46892.3
2025-08-30 05:00:00+00:00,9.611,9.728,9.603,9.667,138601.9
2025-08-30 06:00:00+00:00,9.667,9.778,9.661,9.735,143857.8
2025-08-30 07:00:00+00:00,9.735,9.812,9.732,9.811,93097.9
2025-08-30 08:00:00+00:00,9.811,9.822,9.734,9.756,95824.5
2025-08-30 09:00:00+00:00,9.756,9.759,9.7,9.71,67718.7
2025-08-30 10:00:00+00:00,9.71,9.765,9.706,9.747,38233.6
2025-08-30 11:00:00+00:00,9.747,9.774,9.729,9.77,42249.5
2025-08-30 12:00:00+00:00,9.77,9.774,9.656,9.7,117798.5
2025-08-30 13:00:00+00:00,9.7,9.709,9.608,9.697,125527.8
2025-08-30 14:00:00+00:00,9.697,9.714,9.637,9.708,95617.7
2025-08-30 15:00:00+00:00,9.708,9.772,9.699,9.748,104799.2
2025-08-30 16:00:00+00:00,9.748,9.748,9.66,9.663,40313.7
2025-08-30 17:00:00+00:00,9.663,9.688,9.628,9.667,42949.3
2025-08-30 18:00:00+00:00,9.667,9.686,9.633,9.663,37500.0
2025-08-30 19:00:00+00:00,9.663,9.694,9.643,9.691,27142.6
2025-08-30 20:00:00+00:00,9.691,9.692,9.629,9.645,44848.0
2025-08-30 21:00:00+00:00,9.645,9.665,9.625,9.65,48231.3
2025-08-30 22:00:00+00:00,9.65,9.704,9.623,9.703,40464.7
2025-08-30 23:00:00+00:00,9.703,9.746,9.699,9.72,69256.6
2025-08-31 00:00:00+00:00,9.72,9.861,9.714,9.856,156793.3
2025-08-31 01:00:00+00:00,9.856,9.874,9.803,9.851,113825.1
2025-08-31 02:00:00+00:00,9.851,9.862,9.829,9.841,38565.2
2025-08-31 03:00:00+00:00,9.841,9.906,9.834,9.903,75329.7
2025-08-31 04:00:00+00:00,9.903,9.914,9.821,9.839,97040.3
2025-08-31 05:00:00+00:00,9.839,9.841,9.797,9.814,56406.8
2025-08-31 06:00:00+00:00,9.814,9.824,9.775,9.775,57338.0
2025-08-31 07:00:00+00:00,9.775,9.824,9.771,9.81,35283.2
2025-08-31 08:00:00+00:00,9.81,9.896,9.81,9.895,76529.8
2025-08-31 09:00:00+00:00,9.895,9.899,9.837,9.841,54617.6
2025-08-31 10:00:00+00:00,9.841,9.855,9.766,9.804,100321.0
2025-08-31 11:00:00+00:00,9.804,9.87,9.785,9.865,87219.7
2025-08-31 12:00:00+00:00,9.865,9.877,9.814,9.863,57184.7
2025-08-31 13:00:00+00:00,9.863,9.882,9.797,9.81,83285.2
2025-08-31 14:00:00+00:00,9.81,9.824,9.737,9.749,93378.9
2025-08-31 15:00:00+00:00,9.749,9.826,9.745,9.799,75104.3
2025-08-31 16:00:00+00:00,9.799,9.806,9.727,9.754,62019.9
2025-08-31 17:00:00+00:00,9.754,9.778,9.735,9.757,48921.6
2025-08-31 18:00:00+00:00,9.757,9.836,9.754,9.834,45381.1
2025-08-31 19:00:00+00:00,9.834,9.835,9.745,9.749,95427.7
2025-08-31 20:00:00+00:00,9.749,9.783,9.731,9.764,40535.3
2025-08-31 21:00:00+00:00,9.764,9.78,9.742,9.759,55164.3
2025-08-31 22:00:00+00:00,9.759,9.783,9.684,9.718,70234.6
2025-08-31 23:00:00+00:00,9.718,9.718,9.598,9.613,131507.0
2025-09-01 00:00:00+00:00,9.613,9.618,9.468,9.544,228375.3
2025-09-01 01:00:00+00:00,9.544,9.602,9.491,9.531,108237.8
2025-09-01 02:00:00+00:00,9.531,9.536,9.344,9.408,275637.0
2025-09-01 03:00:00+00:00,9.408,9.444,9.377,9.405,127683.5
2025-09-01 04:00:00+00:00,9.405,9.412,9.328,9.372,91732.3
2025-09-01 05:00:00+00:00,9.372,9.472,9.345,9.415,91007.4
2025-09-01 06:00:00+00:00,9.415,9.477,9.367,9.443,83278.3
2025-09-01 07:00:00+00:00,9.443,9.74,9.392,9.739,343560.8
2025-09-01 08:00:00+00:00,9.739,9.812,9.69,9.794,389995.9
2025-09-01 09:00:00+00:00,9.794,9.827,9.706,9.719,158996.9
2025-09-01 10:00:00+00:00,9.719,9.723,9.552,9.598,159960.6
2025-09-01 11:00:00+00:00,9.598,9.623,9.531,9.549,122903.3
2025-09-01 12:00:00+00:00,9.549,9.599,9.513,9.536,107673.6
2025-09-01 13:00:00+00:00,9.536,9.573,9.441,9.463,164988.5
2025-09-01 14:00:00+00:00,9.463,9.518,9.416,9.453,132475.8
2025-09-01 15:00:00+00:00,9.453,9.465,9.337,9.358,224733.8
2025-09-01 16:00:00+00:00,9.358,9.412,9.328,9.357,201683.7
2025-09-01 17:00:00+00:00,9.357,9.385,9.261,9.278,295478.0
2025-09-01 18:00:00+00:00,9.278,9.39,9.269,9.37,131586.2
2025-09-01 19:00:00+00:00,9.37,9.449,9.363,9.444,85476.5
2025-09-01 20:00:00+00:00,9.444,9.446,9.181,9.26,620821.5
2025-09-01 21:00:00+00:00,9.26,9.266,9.103,9.184,376456.7
2025-09-01 22:00:00+00:00,9.184,9.24,9.141,9.193,223389.8
2025-09-01 23:00:00+00:00,9.193,9.354,9.19,9.345,190359.9
2025-09-02 00:00:00+00:00,9.345,9.363,9.277,9.318,151110.1
2025-09-02 01:00:00+00:00,9.318,9.443,9.291,9.382,156415.7
2025-09-02 02:00:00+00:00,9.382,9.492,9.362,9.489,158508.3
2025-09-02 03:00:00+00:00,9.489,9.552,9.465,9.53,158035.7
2025-09-02 04:00:00+00:00,9.53,9.587,9.509,9.586,121714.5
2025-09-02 05:00:00+00:00,9.586,9.596,9.55,9.558,113654.9
2025-09-02 06:00:00+00:00,9.558,9.644,9.55,9.621,183846.1
2025-09-02 07:00:00+00:00,9.621,9.624,9.469,9.487,177729.1
2025-09-02 08:00:00+00:00,9.487,9.552,9.476,9.505,129016.8
2025-09-02 09:00:00+00:00,9.505,9.532,9.474,9.52,133837.1
2025-09-02 10:00:00+00:00,9.52,9.567,9.493,9.567,117302.4
2025-09-02 11:00:00+00:00,9.567,9.575,9.444,9.455,109505.2
2025-09-02 12:00:00+00:00,9.455,9.468,9.277,9.291,434250.7
2025-09-02 13:00:00+00:00,9.291,9.6,9.282,9.552,782921.9
2025-09-02 14:00:00+00:00,9.552,9.616,9.478,9.544,343954.9
2025-09-02 15:00:00+00:00,9.544,9.557,9.341,9.372,204417.2
2025-09-02 16:00:00+00:00,9.372,9.467,9.37,9.453,117596.4
2025-09-02 17:00:00+00:00,9.453,9.537,9.45,9.491,148985.7
2025-09-02 18:00:00+00:00,9.491,9.503,9.372,9.456,172099.1
2025-09-02 19:00:00+00:00,9.456,9.506,9.395,9.432,153344.0
2025-09-02 20:00:00+00:00,9.432,9.561,9.406,9.544,159863.5
2025-09-02 21:00:00+00:00,9.544,9.585,9.518,9.58,118814.8
2025-09-02 22:00:00+00:00,9.58,9.601,9.539,9.601,104999.9
2025-09-02 23:00:00+00:00,9.601,9.625,9.564,9.581,108087.1
2025-09-03 00:00:00+00:00,9.581,9.592,9.513,9.529,112414.2
2025-09-03 01:00:00+00:00,9.529,9.604,9.478,9.602,67421.5
2025-09-03 02:00:00+00:00,9.602,9.633,9.544,9.598,104239.6
2025-09-03 03:00:00+00:00,9.598,9.613,9.52,9.555,212586.4
2025-09-03 04:00:00+00:00,9.555,9.574,9.507,9.556,81513.5
2025-09-03 05:00:00+00:00,9.556,9.559,9.438,9.451,238098.1
2025-09-03 06:00:00+00:00,9.451,9.496,9.413,9.42,123009.0
2025-09-03 07:00:00+00:00,9.42,9.447,9.399,9.445,205749.0
2025-09-03 08:00:00+00:00,9.445,9.519,9.431,9.444,100814.9
2025-09-03 09:00:00+00:00,9.444,9.516,9.396,9.515,122699.9
2025-09-03 10:00:00+00:00,9.515,9.557,9.482,9.528,139064.1
2025-09-03 11:00:00+00:00,9.528,9.606,9.523,9.553,207835.0
2025-09-03 12:00:00+00:00,9.553,9.596,9.505,9.524,99624.7
2025-09-03 13:00:00+00:00,9.524,9.661,9.524,9.605,363274.0
2025-09-03 14:00:00+00:00,9.605,9.719,9.588,9.695,219548.5
2025-09-03 15:00:00+00:00,9.695,9.724,9.648,9.705,149510.4
2025-09-03 16:00:00+00:00,9.705,9.725,9.647,9.668,118077.0
2025-09-03 17:00:00+00:00,9.668,9.733,9.666,9.685,130580.8
2025-09-03 18:00:00+00:00,9.685,9.706,9.652,9.679,85650.9
2025-09-03 19:00:00+00:00,9.679,9.716,9.648,9.711,59893.0
2025-09-03 20:00:00+00:00,9.711,9.726,9.693,9.713,62150.9
2025-09-03 21:00:00+00:00,9.713,9.731,9.688,9.716,81296.5
2025-09-03 22:00:00+00:00,9.716,9.758,9.683,9.702,74468.9
2025-09-03 23:00:00+00:00,9.702,9.719,9.649,9.673,600929.5
2025-09-04 00:00:00+00:00,9.673,9.711,9.652,9.686,102591.1
2025-09-04 01:00:00+00:00,9.686,9.695,9.634,9.694,56728.7
2025-09-04 02:00:00+00:00,9.694,9.722,9.605,9.61,152310.7
2025-09-04 03:00:00+00:00,9.61,9.618,9.522,9.531,167768.0
2025-09-04 04:00:00+00:00,9.531,9.561,9.503,9.519,137801.0
2025-09-04 05:00:00+00:00,9.519,9.519,9.423,9.445,178759.4
2025-09-04 06:00:00+00:00,9.445,9.454,9.387,9.414,119941.1
2025-09-04 07:00:00+00:00,9.414,9.456,9.404,9.445,95530.2
2025-09-04 08:00:00+00:00,9.445,9.494,9.384,9.388,146728.9
2025-09-04 09:00:00+00:00,9.388,9.422,9.367,9.391,186732.6
2025-09-04 10:00:00+00:00,9.391,9.487,9.357,9.429,553154.5
2025-09-04 11:00:00+00:00,9.429,9.488,9.4,9.401,111116.4
2025-09-04 12:00:00+00:00,9.401,9.467,9.366,9.438,162090.2
2025-09-04 13:00:00+00:00,9.438,9.45,9.358,9.393,164010.8
2025-09-04 14:00:00+00:00,9.393,9.396,9.272,9.33,419923.4
2025-09-04 15:00:00+00:00,9.33,9.337,9.209,9.224,255941.7
2025-09-04 16:00:00+00:00,9.224,9.246,9.156,9.207,266611.2
2025-09-04 17:00:00+00:00,9.207,9.257,9.193,9.212,147904.0
2025-09-04 18:00:00+00:00,9.212,9.247,9.158,9.188,94790.3
2025-09-04 19:00:00+00:00,9.188,9.215,9.162,9.184,57259.1
2025-09-04 20:00:00+00:00,9.184,9.282,9.172,9.269,110920.6
2025-09-04 21:00:00+00:00,9.269,9.301,9.259,9.299,55153.1
2025-09-04 22:00:00+00:00,9.299,9.381,9.294,9.366,116879.0
2025-09-04 23:00:00+00:00,9.366,9.385,9.28,9.283,85409.1
2025-09-05 00:00:00+00:00,9.283,9.35,9.276,9.29,80905.3
2025-09-05 01:00:00+00:00,9.29,9.38,9.283,9.364,59626.6
2025-09-05 02:00:00+00:00,9.364,9.384,9.331,9.37,79044.0
2025-09-05 03:00:00+00:00,9.37,9.412,9.332,9.411,120767.7
2025-09-05 04:00:00+00:00,9.411,9.424,9.389,9.421,164070.0
2025-09-05 05:00:00+00:00,9.421,9.47,9.414,9.447,175980.0
2025-09-05 06:00:00+00:00,9.447,9.459,9.393,9.43,73758.4
2025-09-05 07:00:00+00:00,9.43,9.593,9.428,9.585,192560.2
2025-09-05 08:00:00+00:00,9.585,9.591,9.498,9.539,121320.7
2025-09-05 09:00:00+00:00,9.539,9.56,9.475,9.558,128115.7
2025-09-05 10:00:00+00:00,9.558,9.595,9.551,9.562,116713.6
2025-09-05 11:00:00+00:00,9.562,9.594,9.546,9.574,103949.6
2025-09-05 12:00:00+00:00,9.574,9.665,9.517,9.658,797824.5
2025-09-05 13:00:00+00:00,9.658,9.721,9.595,9.614,394919.0
2025-09-05 14:00:00+00:00,9.614,9.618,9.304,9.342,774576.4
2025-09-05 15:00:00+00:00,9.342,9.429,9.315,9.357,175423.9
2025-09-05 16:00:00+00:00,9.357,9.385,9.3,9.383,124488.0
2025-09-05 17:00:00+00:00,9.383,9.383,9.308,9.347,99730.5
2025-09-05 18:00:00+00:00,9.347,9.418,9.324,9.404,91639.4
2025-09-05 19:00:00+00:00,9.404,9.442,9.39,9.439,77162.5
2025-09-05 20:00:00+00:00,9.439,9.492,9.41,9.491,139349.8
2025-09-05 21:00:00+00:00,9.491,9.494,9.38,9.407,252639.5
2025-09-05 22:00:00+00:00,9.407,9.457,9.388,9.44,43775.2
2025-09-05 23:00:00+00:00,9.44,9.452,9.388,9.389,37737.1
2025-09-06 00:00:00+00:00,9.389,9.43,9.365,9.405,85532.6
2025-09-06 01:00:00+00:00,9.405,9.42,9.37,9.388,47357.3
2025-09-06 02:00:00+00:00,9.388,9.393,9.342,9.391,162579.8
2025-09-06 03:00:00+00:00,9.391,9.398,9.363,9.366,38260.9
2025-09-06 04:00:00+00:00,9.366,9.366,9.306,9.323,36009.4
2025-09-06 05:00:00+00:00,9.323,9.323,9.28,9.287,72248.9
2025-09-06 06:00:00+00:00,9.287,9.315,9.283,9.31,35793.0
2025-09-06 07:00:00+00:00,9.31,9.328,9.295,9.317,28400.0
2025-09-06 08:00:00+00:00,9.317,9.326,9.291,9.302,59749.8
2025-09-06 09:00:00+00:00,9.302,9.302,9.247,9.253,56469.0
2025-09-06 10:00:00+00:00,9.253,9.302,9.239,9.302,55661.3
2025-09-06 11:00:00+00:00,9.302,9.307,9.272,9.307,39649.9
2025-09-06 12:00:00+00:00,9.307,9.33,9.287,9.291,41669.6
2025-09-06 13:00:00+00:00,9.291,9.316,9.281,9.3,44911.4
2025-09-06 14:00:00+00:00,9.3,9.359,9.294,9.355,45190.5
2025-09-06 15:00:00+00:00,9.355,9.357,9.253,9.263,103894.0
2025-09-06 16:00:00+00:00,9.263,9.334,9.235,9.318,200249.8
2025-09-06 17:00:00+00:00,9.318,9.328,9.267,9.279,32751.6
2025-09-06 18:00:00+00:00,9.279,9.315,9.271,9.287,48357.6
2025-09-06 19:00:00+00:00,9.287,9.291,9.223,9.231,56682.2
2025-09-06 20:00:00+00:00,9.231,9.3,9.231,9.298,64127.2
2025-09-06 21:00:00+00:00,9.298,9.315,9.26,9.313,65923.7
2025-09-06 22:00:00+00:00,9.313,9.327,9.295,9.308,41319.6
2025-09-06 23:00:00+00:00,9.308,9.337,9.286,9.327,27035.8
2025-09-07 00:00:00+00:00,9.327,9.376,9.304,9.364,42570.2
2025-09-07 01:00:00+00:00,9.364,9.423,9.36,9.417,67852.6
2025-09-07 02:00:00+00:00,9.417,9.417,9.38,9.414,37441.5
2025-09-07 03:00:00+00:00,9.414,9.428,9.395,9.406,25534.8
2025-09-07 04:00:00+00:00,9.406,9.423,9.396,9.417,44308.6
2025-09-07 05:00:00+00:00,9.417,9.425,9.379,9.384,46016.4
2025-09-07 06:00:00+00:00,9.384,9.389,9.349,9.353,24896.5
2025-09-07 07:00:00+00:00,9.353,9.389,9.34,9.352,48493.4
2025-09-07 08:00:00+00:00,9.352,9.413,9.352,9.379,53164.7
2025-09-07 09:00:00+00:00,9.379,9.393,9.329,9.355,42493.7
2025-09-07 10:00:00+00:00,9.355,9.394,9.346,9.394,33394.3
2025-09-07 11:00:00+00:00,9.394,9.405,9.377,9.404,60317.4
2025-09-07 12:00:00+00:00,9.404,9.41,9.359,9.369,43630.2
2025-09-07 13:00:00+00:00,9.369,9.394,9.349,9.388,37423.4
2025-09-07 14:00:00+00:00,9.388,9.414,9.367,9.389,100363.2
2025-09-07 15:00:00+00:00,9.389,9.397,9.359,9.369,67651.5
2025-09-07 16:00:00+00:00,9.369,9.37,9.308,9.314,104702.0
2025-09-07 17:00:00+00:00,9.314,9.321,9.274,9.281,61296.6
2025-09-07 18:00:00+00:00,9.281,9.293,9.255,9.277,39332.1
2025-09-07 19:00:00+00:00,9.277,9.328,9.269,9.31,26175.4
2025-09-07 20:00:00+00:00,9.31,9.344,9.29,9.344,47576.2
2025-09-07 21:00:00+00:00,9.344,9.353,9.326,9.329,42715.2
2025-09-07 22:00:00+00:00,9.329,9.387,9.327,9.385,58281.1
2025-09-07 23:00:00+00:00,9.385,9.444,9.382,9.393,65072.7
2025-09-08 00:00:00+00:00,9.393,9.42,9.349,9.368,72359.1
2025-09-08 01:00:00+00:00,9.368,9.382,9.339,9.359,65515.9
2025-09-08 02:00:00+00:00,9.359,9.448,9.322,9.448,84809.7
2025-09-08 03:00:00+00:00,9.448,9.531,9.431,9.45,151053.2
2025-09-08 04:00:00+00:00,9.45,9.47,9.391,9.408,81894.5
2025-09-08 05:00:00+00:00,9.408,9.451,9.387,9.429,124719.1
2025-09-08 06:00:00+00:00,9.429,9.465,9.374,9.406,133871.9
2025-09-08 07:00:00+00:00,9.406,9.449,9.378,9.398,75573.3
2025-09-08 08:00:00+00:00,9.398,9.481,9.394,9.476,130218.4
2025-09-08 09:00:00+00:00,9.476,9.67,9.459,9.643,474508.8
2025-09-08 10:00:00+00:00,9.643,9.696,9.624,9.638,228109.1
2025-09-08 11:00:00+00:00,9.638,9.646,9.571,9.619,122866.5
2025-09-08 12:00:00+00:00,9.619,9.699,9.602,9.671,183698.7
2025-09-08 13:00:00+00:00,9.671,9.742,9.627,9.639,232854.9
2025-09-08 14:00:00+00:00,9.639,9.748,9.626,9.721,144348.6
2025-09-08 15:00:00+00:00,9.721,9.783,9.702,9.734,150719.7
2025-09-08 16:00:00+00:00,9.734,9.742,9.673,9.69,116401.5
2025-09-08 17:00:00+00:00,9.69,9.69,9.598,9.616,184126.0
2025-09-08 18:00:00+00:00,9.616,9.644,9.6,9.628,55693.1
2025-09-08 19:00:00+00:00,9.628,9.628,9.505,9.518,114407.8
2025-09-08 20:00:00+00:00,9.518,9.528,9.464,9.496,69373.7
2025-09-08 21:00:00+00:00,9.496,9.561,9.48,9.56,72118.9
2025-09-08 22:00:00+00:00,9.56,9.591,9.529,9.533,82216.7
2025-09-08 23:00:00+00:00,9.533,9.557,9.487,9.548,73309.6
2025-09-09 00:00:00+00:00,9.548,9.625,9.507,9.567,196050.4
2025-09-09 01:00:00+00:00,9.567,9.604,9.47,9.476,146455.7
2025-09-09 02:00:00+00:00,9.476,9.497,9.414,9.437,168768.3
2025-09-09 03:00:00+00:00,9.437,9.51,9.424,9.505,59539.7
2025-09-09 04:00:00+00:00,9.505,9.569,9.458,9.52,165340.2
2025-09-09 05:00:00+00:00,9.52,9.55,9.473,9.538,67414.4
2025-09-09 06:00:00+00:00,9.538,9.725,9.53,9.698,255749.5
2025-09-09 07:00:00+00:00,9.698,9.795,9.669,9.737,287957.7
2025-09-09 08:00:00+00:00,9.737,9.761,9.691,9.761,206349.8
2025-09-09 09:00:00+00:00,9.761,9.929,9.733,9.864,847207.6
2025-09-09 10:00:00+00:00,9.864,9.888,9.747,9.784,402737.6
2025-09-09 11:00:00+00:00,9.784,9.833,9.759,9.762,127664.1
2025-09-09 12:00:00+00:00,9.762,9.881,9.724,9.731,241366.9
2025-09-09 13:00:00+00:00,9.731,9.796,9.668,9.736,227418.8
2025-09-09 14:00:00+00:00,9.736,9.784,9.525,9.582,784659.2
2025-09-09 15:00:00+00:00,9.582,9.594,9.376,9.453,623461.4
2025-09-09 16:00:00+00:00,9.453,9.489,9.408,9.423,223485.8
2025-09-09 17:00:00+00:00,9.423,9.498,9.416,9.433,125054.9
2025-09-09 18:00:00+00:00,9.433,9.467,9.415,9.453,90888.0
2025-09-09 19:00:00+00:00,9.453,9.507,9.436,9.468,99270.2
2025-09-09 20:00:00+00:00,9.468,9.491,9.421,9.489,75312.0
2025-09-09 21:00:00+00:00,9.489,9.517,9.449,9.473,113033.6
2025-09-09 22:00:00+00:00,9.473,9.532,9.443,9.531,93244.3
2025-09-09 23:00:00+00:00,9.531,9.551,9.492,9.537,48724.0
2025-09-10 00:00:00+00:00,9.537,9.574,9.484,9.487,117809.9
2025-09-10 01:00:00+00:00,9.487,9.588,9.46,9.55,164162.3
2025-09-10 02:00:00+00:00,9.55,9.676,9.55,9.668,154792.8
2025-09-10 03:00:00+00:00,9.668,9.668,9.601,9.64,83250.6
2025-09-10 04:00:00+00:00,9.64,9.646,9.58,9.608,116515.1
2025-09-10 05:00:00+00:00,9.608,9.632,9.555,9.582,152333.0
2025-09-10 06:00:00+00:00,9.582,9.645,9.536,9.617,106958.2
2025-09-10 07:00:00+00:00,9.617,9.695,9.611,9.643,111606.0
2025-09-10 08:00:00+00:00,9.643,9.678,9.606,9.63,108395.6
2025-09-10 09:00:00+00:00,9.63,9.637,9.582,9.618,71010.9
2025-09-10 10:00:00+00:00,9.618,9.621,9.568,9.577,86945.1
2025-09-10 11:00:00+00:00,9.577,9.627,9.557,9.594,92266.9
2025-09-10 12:00:00+00:00,9.594,9.719,9.588,9.668,542151.7
2025-09-10 13:00:00+00:00,9.668,9.797,9.652,9.753,360900.2
2025-09-10 14:00:00+00:00,9.753,9.814,9.721,9.738,284320.5
2025-09-10 15:00:00+00:00,9.738,9.784,9.694,9.747,181865.2
2025-09-10 16:00:00+00:00,9.747,9.799,9.675,9.796,182083.6
2025-09-10 17:00:00+00:00,9.796,9.812,9.71,9.746,169591.1
2025-09-10 18:00:00+00:00,9.746,9.761,9.683,9.717,109093.0
2025-09-10 19:00:00+00:00,9.717,9.723,9.562,9.585,214818.9
2025-09-10 20:00:00+00:00,9.585,9.651,9.573,9.644,79872.6
2025-09-10 21:00:00+00:00,9.644,9.734,9.64,9.726,111643.8
2025-09-10 22:00:00+00:00,9.726,9.75,9.702,9.731,78485.5
2025-09-10 23:00:00+00:00,9.731,9.775,9.717,9.736,96441.6
2025-09-11 00:00:00+00:00,9.736,9.762,9.705,9.755,70380.3
2025-09-11 01:00:00+00:00,9.755,9.812,9.744,9.795,120367.9
2025-09-11 02:00:00+00:00,9.795,9.856,9.766,9.823,155579.5
2025-09-11 03:00:00+00:00,9.823,9.908,9.808,9.897,110218.5
2025-09-11 04:00:00+00:00,9.897,9.921,9.858,9.907,129758.9
2025-09-11 05:00:00+00:00,9.907,9.95,9.815,9.922,237601.9
2025-09-11 06:00:00+00:00,9.922,9.974,9.86,9.959,200049.5
2025-09-11 07:00:00+00:00,9.959,9.975,9.897,9.915,163618.0
2025-09-11 08:00:00+00:00,9.915,9.937,9.892,9.92,105927.4
2025-09-11 09:00:00+00:00,9.92,9.924,9.839,9.87,111176.2
2025-09-11 10:00:00+00:00,9.87,9.893,9.845,9.864,86225.8
2025-09-11 11:00:00+00:00,9.864,9.882,9.802,9.81,134817.6
2025-09-11 12:00:00+00:00,9.81,9.956,9.685,9.845,745791.1
2025-09-11 13:00:00+00:00,9.845,9.889,9.713,9.881,518682.1
2025-09-11 14:00:00+00:00,9.881,9.886,9.757,9.82,180497.3
2025-09-11 15:00:00+00:00,9.82,9.825,9.727,9.747,112936.2
2025-09-11 16:00:00+00:00,9.747,9.838,9.743,9.764,276757.2
2025-09-11 17:00:00+00:00,9.764,9.825,9.73,9.81,120555.6
2025-09-11 18:00:00+00:00,9.81,9.826,9.771,9.793,86299.5
2025-09-11 19:00:00+00:00,9.793,9.835,9.775,9.817,65378.8
2025-09-11 20:00:00+00:00,9.817,9.861,9.799,9.827,50238.3
2025-09-11 21:00:00+00:00,9.827,9.878,9.822,9.877,68826.4
2025-09-11 22:00:00+00:00,9.877,9.994,9.864,9.976,190014.7
2025-09-11 23:00:00+00:00,9.976,10.03,9.971,9.982,75821.5
2025-09-12 00:00:00+00:00,9.982,10.118,9.945,10.062,237281.3
2025-09-12 01:00:00+00:00,10.062,10.121,10.026,10.027,222883.6
2025-09-12 02:00:00+00:00,10.027,10.117,10.025,10.079,80401.8
2025-09-12 03:00:00+00:00,10.079,10.094,10.01,10.072,99372.6
2025-09-12 04:00:00+00:00,10.072,10.083,10.026,10.074,68575.5
2025-09-12 05:00:00+00:00,10.074,10.197,10.019,10.196,588612.8
2025-09-12 06:00:00+00:00,10.196,10.2,10.094,10.122,216344.5
2025-09-12 07:00:00+00:00,10.122,10.178,10.047,10.059,231824.7
2025-09-12 08:00:00+00:00,10.059,10.066,9.994,10.046,147348.0
2025-09-12 09:00:00+00:00,10.046,10.056,9.959,9.983,261177.6
2025-09-12 10:00:00+00:00,9.983,10.003,9.94,9.996,138508.3
2025-09-12 11:00:00+00:00,9.996,10.036,9.941,9.949,71792.5
2025-09-12 12:00:00+00:00,9.949,10.022,9.895,10.014,195492.4
2025-09-12 13:00:00+00:00,10.014,10.024,9.957,10.012,91407.9
2025-09-12 14:00:00+00:00,10.012,10.092,9.979,10.04,189772.2
2025-09-12 15:00:00+00:00,10.04,10.048,9.962,10.019,102642.3
2025-09-12 16:00:00+00:00,10.019,10.099,9.991,10.061,158995.0
2025-09-12 17:00:00+00:00,10.061,10.121,10.022,10.099,331762.5
2025-09-12 18:00:00+00:00,10.099,10.148,10.088,10.125,141905.3
2025-09-12 19:00:00+00:00,10.125,10.156,10.084,10.149,103198.4
2025-09-12 20:00:00+00:00,10.149,10.153,10.057,10.125,220687.8
2025-09-12 21:00:00+00:00,10.125,10.13,10.068,10.098,116849.0
2025-09-12 22:00:00+00:00,10.098,10.219,10.098,10.187,249707.1
2025-09-12 23:00:00+00:00,10.187,10.188,10.136,10.175,103794.8
2025-09-13 00:00:00+00:00,10.175,10.214,10.127,10.212,195077.6
2025-09-13 01:00:00+00:00,10.212,10.258,10.144,10.149,177787.9
2025-09-13 02:00:00+00:00,10.149,10.18,10.118,10.173,67736.7
2025-09-13 03:00:00+00:00,10.173,10.284,10.17,10.259,133279.2
2025-09-13 04:00:00+00:00,10.259,10.259,10.198,10.205,86603.8
2025-09-13 05:00:00+00:00,10.205,10.208,10.148,10.182,83924.6
2025-09-13 06:00:00+00:00,10.182,10.224,10.141,10.175,119405.2
2025-09-13 07:00:00+00:00,10.175,10.188,10.147,10.149,49339.8
2025-09-13 08:00:00+00:00,10.149,10.231,10.145,10.231,164207.1
2025-09-13 09:00:00+00:00,10.231,10.294,10.221,10.287,184958.4
2025-09-13 10:00:00+00:00,10.287,10.34,10.25,10.274,455540.8
2025-09-13 11:00:00+00:00,10.274,10.322,10.2,10.313,132878.9
2025-09-13 12:00:00+00:00,10.313,10.313,10.265,10.299,73771.9
2025-09-13 13:00:00+00:00,10.299,10.342,10.045,10.183,404883.4
2025-09-13 14:00:00+00:00,10.183,10.23,10.088,10.174,215406.3
2025-09-13 15:00:00+00:00,10.174,10.247,10.073,10.11,220990.7
2025-09-13 16:00:00+00:00,10.11,10.157,9.968,10.015,378502.0
2025-09-13 17:00:00+00:00,10.015,10.065,9.926,10.048,262387.1
2025-09-13 18:00:00+00:00,10.048,10.059,10.001,10.055,61472.3
2025-09-13 19:00:00+00:00,10.055,10.065,10.017,10.05,50770.2
2025-09-13 20:00:00+00:00,10.05,10.108,10.042,10.069,89856.9
2025-09-13 21:00:00+00:00,10.069,10.132,10.06,10.085,107669.2
2025-09-13 22:00:00+00:00,10.085,10.103,10.052,10.07,28052.6
2025-09-13 23:00:00+00:00,10.07,10.127,10.068,10.12,264216.8
2025-09-14 00:00:00+00:00,10.12,10.129,10.015,10.04,91002.3
2025-09-14 01:00:00+00:00,10.04,10.04,9.944,10.025,272696.1
2025-09-14 02:00:00+00:00,10.025,10.106,10.014,10.067,140059.9
2025-09-14 03:00:00+00:00,10.067,10.088,9.004,9.479,2004344.3
2025-09-14 04:00:00+00:00,9.479,9.712,9.428,9.577,1549309.3
2025-09-14 05:00:00+00:00,9.577,9.734,9.575,9.728,359880.2
2025-09-14 06:00:00+00:00,9.728,9.764,9.665,9.719,325862.6
2025-09-14 07:00:00+00:00,9.719,9.738,9.662,9.685,294187.8
2025-09-14 08:00:00+00:00,9.685,9.733,9.651,9.702,198512.4
2025-09-14 09:00:00+00:00,9.702,9.748,9.665,9.672,213816.7
2025-09-14 10:00:00+00:00,9.672,9.687,9.614,9.632,178301.2
2025-09-14 11:00:00+00:00,9.632,9.644,9.485,9.504,280406.3
2025-09-14 12:00:00+00:00,9.504,9.563,9.42,9.482,424011.8
2025-09-14 13:00:00+00:00,9.482,9.519,9.427,9.461,256086.2
2025-09-14 14:00:00+00:00,9.461,9.517,9.349,9.421,594825.0
2025-09-14 15:00:00+00:00,9.421,9.43,9.337,9.383,214141.0
2025-09-14 16:00:00+00:00,9.383,9.45,9.369,9.396,199313.0
2025-09-14 17:00:00+00:00,9.396,9.475,9.388,9.45,170496.4
2025-09-14 18:00:00+00:00,9.45,9.453,9.398,9.414,77368.9
2025-09-14 19:00:00+00:00,9.414,9.444,9.387,9.405,88610.8
2025-09-14 20:00:00+00:00,9.405,9.456,9.397,9.418,66208.1
2025-09-14 21:00:00+00:00,9.418,9.518,9.388,9.492,153597.3
2025-09-14 22:00:00+00:00,9.492,9.508,9.421,9.483,199973.9
2025-09-14 23:00:00+00:00,9.483,9.483,9.389,9.409,92308.9
2025-09-15 00:00:00+00:00,9.409,9.465,9.387,9.414,90727.7
2025-09-15 01:00:00+00:00,9.414,9.464,9.326,9.429,162052.8
2025-09-15 02:00:00+00:00,9.429,9.466,9.397,9.412,89762.6
2025-09-15 03:00:00+00:00,9.412,9.49,9.407,9.471,120543.0
2025-09-15 04:00:00+00:00,9.471,9.529,9.467,9.473,155479.0
2025-09-15 05:00:00+00:00,9.473,9.534,9.462,9.52,127640.7
2025-09-15 06:00:00+00:00,9.52,9.52,9.336,9.38,211514.3
2025-09-15 07:00:00+00:00,9.38,9.446,9.249,9.262,341565.3
2025-09-15 08:00:00+00:00,9.262,9.262,9.02,9.039,1007839.1
2025-09-15 09:00:00+00:00,9.039,9.162,9.015,9.153,376747.2
2025-09-15 10:00:00+00:00,9.153,9.164,9.086,9.141,131731.4
2025-09-15 11:00:00+00:00,9.141,9.17,9.106,9.141,134833.9
2025-09-15 12:00:00+00:00,9.141,9.155,9.088,9.105,179163.2
2025-09-15 13:00:00+00:00,9.105,9.174,9.08,9.121,230014.6
2025-09-15 14:00:00+00:00,9.121,9.187,9.064,9.109,269463.2
2025-09-15 15:00:00+00:00,9.109,9.139,9.043,9.12,217926.4
2025-09-15 16:00:00+00:00,9.12,9.124,9.048,9.071,138426.3
2025-09-15 17:00:00+00:00,9.071,9.131,9.057,9.131,71707.9
2025-09-15 18:00:00+00:00,9.131,9.131,9.065,9.095,103366.8
2025-09-15 19:00:00+00:00,9.095,9.134,9.06,9.118,74755.4
2025-09-15 20:00:00+00:00,9.118,9.159,9.108,9.155,83686.3
2025-09-15 21:00:00+00:00,9.155,9.166,9.139,9.161,76728.8
2025-09-15 22:00:00+00:00,9.161,9.171,9.117,9.134,41604.0
2025-09-15 23:00:00+00:00,9.134,9.162,9.115,9.154,28234.4
2025-09-16 00:00:00+00:00,9.154,9.163,9.122,9.15,77149.7
2025-09-16 01:00:00+00:00,9.15,9.225,9.132,9.141,119941.0
2025-09-16 02:00:00+00:00,9.141,9.197,9.134,9.134,57919.5
2025-09-16 03:00:00+00:00,9.134,9.172,9.11,9.114,111558.4
2025-09-16 04:00:00+00:00,9.114,9.122,9.043,9.099,174572.1
2025-09-16 05:00:00+00:00,9.099,9.161,9.083,9.141,90377.3
2025-09-16 06:00:00+00:00,9.141,9.162,9.076,9.103,51716.8
2025-09-16 07:00:00+00:00,9.103,9.182,9.103,9.164,85087.6
2025-09-16 08:00:00+00:00,9.164,9.324,9.164,9.322,275160.3
2025-09-16 09:00:00+00:00,9.322,9.34,9.254,9.317,158668.2
2025-09-16 10:00:00+00:00,9.317,9.332,9.256,9.259,130422.3
2025-09-16 11:00:00+00:00,9.259,9.293,9.23,9.279,87550.6
2025-09-16 12:00:00+00:00,9.279,9.321,9.257,9.275,110827.4
2025-09-16 13:00:00+00:00,9.275,9.337,9.184,9.241,272565.5
2025-09-16 14:00:00+00:00,9.241,9.241,9.101,9.202,395546.2
2025-09-16 15:00:00+00:00,9.202,9.233,9.156,9.231,84234.0
2025-09-16 16:00:00+00:00,9.231,9.234,9.174,9.22,117640.3
2025-09-16 17:00:00+00:00,9.22,9.336,9.217,9.268,154333.5
2025-09-16 18:00:00+00:00,9.268,9.319,9.222,9.247,109669.7
2025-09-16 19:00:00+00:00,9.247,9.294,9.222,9.287,80220.6
2025-09-16 20:00:00+00:00,9.287,9.302,9.257,9.302,43729.8
2025-09-16 21:00:00+00:00,9.302,9.366,9.296,9.366,135282.5
2025-09-16 22:00:00+00:00,9.366,9.391,9.335,9.367,72060.3
2025-09-16 23:00:00+00:00,9.367,9.373,9.305,9.316,46558.6
2025-09-17 00:00:00+00:00,9.316,9.385,9.315,9.35,72859.7
2025-09-17 01:00:00+00:00,9.35,9.363,9.306,9.336,44337.6
2025-09-17 02:00:00+00:00,9.336,9.398,9.317,9.357,118992.7
2025-09-17 03:00:00+00:00,9.357,9.367,9.279,9.286,73321.9
2025-09-17 04:00:00+00:00,9.286,9.301,9.192,9.208,117919.4
2025-09-17 05:00:00+00:00,9.208,9.278,9.192,9.277,121146.2
2025-09-17 06:00:00+00:00,9.277,9.356,9.271,9.353,145496.8
2025-09-17 07:00:00+00:00,9.353,9.366,9.331,9.348,91772.2
2025-09-17 08:00:00+00:00,9.348,9.352,9.242,9.267,151228.0
2025-09-17 09:00:00+00:00,9.267,9.276,9.237,9.243,50103.3
2025-09-17 10:00:00+00:00,9.243,9.259,9.203,9.219,67529.5
2025-09-17 11:00:00+00:00,9.219,9.271,9.21,9.25,37149.4
2025-09-17 12:00:00+00:00,9.25,9.273,9.215,9.239,67325.7
2025-09-17 13:00:00+00:00,9.239,9.268,9.186,9.212,109919.8
2025-09-17 14:00:00+00:00,9.212,9.256,9.168,9.193,147850.5
2025-09-17 15:00:00+00:00,9.193,9.235,9.176,9.201,80888.2
2025-09-17 16:00:00+00:00,9.201,9.261,9.138,9.257,145907.2
2025-09-17 17:00:00+00:00,9.257,9.368,9.165,9.169,256971.8
2025-09-17 18:00:00+00:00,9.169,9.353,9.128,9.17,1054381.5
2025-09-17 19:00:00+00:00,9.17,9.381,9.165,9.351,302158.7
2025-09-17 20:00:00+00:00,9.351,9.469,9.284,9.302,220498.6
2025-09-17 21:00:00+00:00,9.302,9.454,9.253,9.446,126690.6
2025-09-17 22:00:00+00:00,9.446,9.558,9.422,9.539,264898.6
2025-09-17 23:00:00+00:00,9.539,9.615,9.512,9.545,222820.8
2025-09-18 00:00:00+00:00,9.545,9.588,9.482,9.508,123061.0
2025-09-18 01:00:00+00:00,9.508,9.618,9.491,9.591,84087.6
2025-09-18 02:00:00+00:00,9.591,9.593,9.518,9.577,66621.0
2025-09-18 03:00:00+00:00,9.577,9.664,9.564,9.64,162638.3
2025-09-18 04:00:00+00:00,9.64,9.648,9.574,9.625,84525.3
2025-09-18 05:00:00+00:00,9.625,9.625,9.526,9.573,74640.2
2025-09-18 06:00:00+00:00,9.573,9.585,9.464,9.504,156417.5
2025-09-18 07:00:00+00:00,9.504,9.548,9.473,9.509,79875.6
2025-09-18 08:00:00+00:00,9.509,9.596,9.493,9.576,116916.7
2025-09-18 09:00:00+00:00,9.576,9.629,9.538,9.548,216769.5
2025-09-18 10:00:00+00:00,9.548,9.577,9.487,9.496,138668.1
2025-09-18 11:00:00+00:00,9.496,9.526,9.484,9.516,100006.1
2025-09-18 12:00:00+00:00,9.516,9.537,9.465,9.483,153652.0
2025-09-18 13:00:00+00:00,9.483,9.532,9.399,9.469,242506.3
2025-09-18 14:00:00+00:00,9.469,9.566,9.467,9.51,266670.4
2025-09-18 15:00:00+00:00,9.51,9.556,9.481,9.532,151735.0
2025-09-18 16:00:00+00:00,9.532,9.599,9.53,9.572,164002.8
2025-09-18 17:00:00+00:00,9.572,9.661,9.546,9.633,398933.8
2025-09-18 18:00:00+00:00,9.633,9.658,9.596,9.65,85408.3
2025-09-18 19:00:00+00:00,9.65,9.653,9.543,9.592,153981.5
2025-09-18 20:00:00+00:00,9.592,9.643,9.583,9.631,62319.6
2025-09-18 21:00:00+00:00,9.631,9.638,9.579,9.629,87012.7
2025-09-18 22:00:00+00:00,9.629,9.663,9.592,9.601,118059.1
2025-09-18 23:00:00+00:00,9.601,9.641,9.544,9.601,214403.2
2025-09-19 00:00:00+00:00,9.601,9.714,9.599,9.704,198897.3
2025-09-19 01:00:00+00:00,9.704,9.733,9.634,9.672,182800.5
2025-09-19 02:00:00+00:00,9.672,9.709,9.472,9.5,413719.2
2025-09-19 03:00:00+00:00,9.5,9.554,9.388,9.403,588891.6
2025-09-19 04:00:00+00:00,9.403,9.43,9.331,9.427,380108.2
2025-09-19 05:00:00+00:00,9.427,9.439,9.352,9.411,145836.1
2025-09-19 06:00:00+00:00,9.411,9.413,9.333,9.338,112459.6
2025-09-19 07:00:00+00:00,9.338,9.403,9.319,9.361,159327.3
2025-09-19 08:00:00+00:00,9.361,9.407,9.346,9.351,90627.4
2025-09-19 09:00:00+00:00,9.351,9.381,9.284,9.311,173708.8
2025-09-19 10:00:00+00:00,9.311,9.353,9.289,9.323,247465.6
2025-09-19 11:00:00+00:00,9.323,9.337,9.235,9.272,257072.8
2025-09-19 12:00:00+00:00,9.272,9.317,9.268,9.295,101457.3
2025-09-19 13:00:00+00:00,9.295,9.346,9.277,9.326,145283.1
2025-09-19 14:00:00+00:00,9.326,9.335,9.217,9.239,226614.4
2025-09-19 15:00:00+00:00,9.239,9.247,9.117,9.178,350661.3
2025-09-19 16:00:00+00:00,9.178,9.223,9.167,9.19,171109.3
2025-09-19 17:00:00+00:00,9.19,9.191,9.144,9.155,188814.3
2025-09-19 18:00:00+00:00,9.155,9.168,9.064,9.125,357285.4
2025-09-19 19:00:00+00:00,9.125,9.148,9.085,9.085,99320.1
2025-09-19 20:00:00+00:00,9.085,9.163,9.082,9.134,99803.9
2025-09-19 21:00:00+00:00,9.134,9.166,9.114,9.163,86846.3
2025-09-19 22:00:00+00:00,9.163,9.183,9.161,9.166,34074.2
2025-09-19 23:00:00+00:00,9.166,9.17,9.088,9.159,77924.2
2025-09-20 00:00:00+00:00,9.159,9.215,9.152,9.208,71732.0
2025-09-20 01:00:00+00:00,9.208,9.21,9.155,9.174,54493.4
2025-09-20 02:00:00+00:00,9.174,9.186,9.115,9.184,72359.3
2025-09-20 03:00:00+00:00,9.184,9.201,9.147,9.193,40714.3
2025-09-20 04:00:00+00:00,9.193,9.21,9.173,9.179,43648.9
2025-09-20 05:00:00+00:00,9.179,9.218,9.171,9.202,34390.9
2025-09-20 06:00:00+00:00,9.202,9.248,9.177,9.246,29255.6
2025-09-20 07:00:00+00:00,9.246,9.27,9.192,9.226,139699.3
2025-09-20 08:00:00+00:00,9.226,9.226,9.134,9.137,58781.1
2025-09-20 09:00:00+00:00,9.137,9.148,9.101,9.136,124767.4
2025-09-20 10:00:00+00:00,9.136,9.165,9.128,9.13,56236.3
2025-09-20 11:00:00+00:00,9.13,9.182,9.128,9.176,34379.7
2025-09-20 12:00:00+00:00,9.176,9.18,9.141,9.158,46565.4
2025-09-20 13:00:00+00:00,9.158,9.173,9.144,9.157,25790.1
2025-09-20 14:00:00+00:00,9.157,9.234,9.134,9.23,69402.7
2025-09-20 15:00:00+00:00,9.23,9.275,9.216,9.231,119380.9
2025-09-20 16:00:00+00:00,9.231,9.256,9.21,9.242,79264.5
2025-09-20 17:00:00+00:00,9.242,9.243,9.178,9.195,69709.6
2025-09-20 18:00:00+00:00,9.195,9.195,9.146,9.163,65180.0
2025-09-20 19:00:00+00:00,9.163,9.188,9.149,9.171,27943.6
2025-09-20 20:00:00+00:00,9.171,9.214,9.161,9.21,23964.0
2025-09-20 21:00:00+00:00,9.21,9.236,9.192,9.213,41289.0
2025-09-20 22:00:00+00:00,9.213,9.215,9.185,9.211,16000.5
2025-09-20 23:00:00+00:00,9.211,9.213,9.166,9.181,17663.1
2025-09-21 00:00:00+00:00,9.181,9.203,9.138,9.185,98741.4
2025-09-21 01:00:00+00:00,9.185,9.194,9.138,9.153,84145.8
2025-09-21 02:00:00+00:00,9.153,9.193,9.129,9.188,61186.0
2025-09-21 03:00:00+00:00,9.188,9.198,9.175,9.196,29209.0
2025-09-21 04:00:00+00:00,9.196,9.2,9.154,9.166,37747.9
2025-09-21 05:00:00+00:00,9.166,9.206,9.164,9.202,41130.9
2025-09-21 06:00:00+00:00,9.202,9.215,9.186,9.188,53932.8
2025-09-21 07:00:00+00:00,9.188,9.189,9.158,9.171,34766.0
2025-09-21 08:00:00+00:00,9.171,9.182,9.125,9.142,56490.8
2025-09-21 09:00:00+00:00,9.142,9.146,9.026,9.1,206196.2
2025-09-21 10:00:00+00:00,9.1,9.106,9.064,9.069,61842.5
2025-09-21 11:00:00+00:00,9.069,9.115,9.061,9.088,59939.2
2025-09-21 12:00:00+00:00,9.088,9.146,9.085,9.116,49977.8
2025-09-21 13:00:00+00:00,9.116,9.161,9.11,9.153,84787.0
2025-09-21 14:00:00+00:00,9.153,9.165,9.096,9.096,78841.9
2025-09-21 15:00:00+00:00,9.096,9.117,9.075,9.092,45367.9
2025-09-21 16:00:00+00:00,9.092,9.123,9.031,9.066,128241.4
2025-09-21 17:00:00+00:00,9.066,9.134,9.028,9.128,81854.4
2025-09-21 18:00:00+00:00,9.128,9.163,9.111,9.163,73356.7
2025-09-21 19:00:00+00:00,9.163,9.165,9.1,9.142,78992.1
2025-09-21 20:00:00+00:00,9.142,9.143,9.102,9.111,41104.8
2025-09-21 21:00:00+00:00,9.111,9.117,9.072,9.085,91842.7
2025-09-21 22:00:00+00:00,9.085,9.118,9.03,9.111,65492.1
2025-09-21 23:00:00+00:00,9.111,9.111,9.034,9.039,60748.2
2025-09-22 00:00:00+00:00,9.039,9.073,8.715,8.785,1497873.0
2025-09-22 01:00:00+00:00,8.785,8.854,8.744,8.785,276132.3
2025-09-22 02:00:00+00:00,8.785,8.815,8.617,8.685,588953.6
2025-09-22 03:00:00+00:00,8.685,8.734,8.678,8.703,130734.5
2025-09-22 04:00:00+00:00,8.703,8.719,8.649,8.663,110127.5
2025-09-22 05:00:00+00:00,8.663,8.689,8.437,8.463,459527.5
2025-09-22 06:00:00+00:00,8.463,8.484,7.501,8.24,3937440.5
2025-09-22 07:00:00+00:00,8.24,8.262,8.154,8.162,405937.7
2025-09-22 08:00:00+00:00,8.162,8.202,8.114,8.158,455403.5
2025-09-22 09:00:00+00:00,8.158,8.165,8.054,8.062,416314.2
2025-09-22 10:00:00+00:00,8.062,8.199,8.049,8.185,172943.6
2025-09-22 11:00:00+00:00,8.185,8.212,8.111,8.138,150224.1
2025-09-22 12:00:00+00:00,8.138,8.219,8.105,8.176,170000.3
2025-09-22 13:00:00+00:00,8.176,8.231,8.149,8.224,244049.7
2025-09-22 14:00:00+00:00,8.224,8.233,8.102,8.122,198114.5
2025-09-22 15:00:00+00:00,8.122,8.133,8.052,8.068,199105.1
2025-09-22 16:00:00+00:00,8.068,8.122,8.058,8.081,131978.8
2025-09-22 17:00:00+00:00,8.081,8.125,8.032,8.102,267112.8
2025-09-22 18:00:00+00:00,8.102,8.15,8.095,8.113,111770.3
2025-09-22 19:00:00+00:00,8.113,8.128,8.05,8.061,200801.7
2025-09-22 20:00:00+00:00,8.061,8.184,8.058,8.167,118692.9
2025-09-22 21:00:00+00:00,8.167,8.215,8.15,8.204,71206.9
2025-09-22 22:00:00+00:00,8.204,8.206,8.152,8.199,87257.9
2025-09-22 23:00:00+00:00,8.199,8.235,8.193,8.225,105128.6
2025-09-23 00:00:00+00:00,8.225,8.258,8.202,8.21,89350.3
2025-09-23 01:00:00+00:00,8.21,8.222,8.128,8.132,106590.1
2025-09-23 02:00:00+00:00,8.132,8.162,8.053,8.055,132706.5
2025-09-23 03:00:00+00:00,8.055,8.188,8.005,8.144,290161.2
2025-09-23 04:00:00+00:00,8.144,8.159,8.056,8.1,91949.0
2025-09-23 05:00:00+00:00,8.1,8.161,8.064,8.124,121887.4
2025-09-23 06:00:00+00:00,8.124,8.206,8.116,8.186,171845.1
2025-09-23 07:00:00+00:00,8.186,8.202,8.149,8.154,113149.9
2025-09-23 08:00:00+00:00,8.154,8.222,8.146,8.201,98323.2
2025-09-23 09:00:00+00:00,8.201,8.232,8.122,8.137,117310.2
2025-09-23 10:00:00+00:00,8.137,8.166,8.127,8.155,74613.1
2025-09-23 11:00:00+00:00,8.155,8.169,8.102,8.154,85472.2
2025-09-23 12:00:00+00:00,8.154,8.201,8.131,8.187,176063.3
2025-09-23 13:00:00+00:00,8.187,8.199,8.123,8.145,106793.0
2025-09-23 14:00:00+00:00,8.145,8.209,8.101,8.12,158913.9
2025-09-23 15:00:00+00:00,8.12,8.174,8.084,8.138,139340.5
2025-09-23 16:00:00+00:00,8.138,8.209,8.083,8.174,218219.1
2025-09-23 17:00:00+00:00,8.174,8.178,8.046,8.046,134683.3
2025-09-23 18:00:00+00:00,8.046,8.082,8.025,8.05,175855.1
2025-09-23 19:00:00+00:00,8.05,8.105,8.016,8.035,189933.6
2025-09-23 20:00:00+00:00,8.035,8.096,8.018,8.091,88084.1
2025-09-23 21:00:00+00:00,8.091,8.139,8.057,8.115,128085.9
2025-09-23 22:00:00+00:00,8.115,8.136,8.085,8.106,69270.6
2025-09-23 23:00:00+00:00,8.106,8.119,8.047,8.052,48448.0
2025-09-24 00:00:00+00:00,8.052,8.134,8.052,8.088,92785.9
2025-09-24 01:00:00+00:00,8.088,8.148,8.065,8.145,42796.6
2025-09-24 02:00:00+00:00,8.145,8.149,8.068,8.092,102594.0
2025-09-24 03:00:00+00:00,8.092,8.101,7.917,7.933,404832.7
2025-09-24 04:00:00+00:00,7.933,8.065,7.827,8.009,679969.6
2025-09-24 05:00:00+00:00,8.009,8.117,8.002,8.11,184664.4
2025-09-24 06:00:00+00:00,8.11,8.147,8.089,8.13,288582.7
2025-09-24 07:00:00+00:00,8.13,8.135,8.077,8.118,97295.7
2025-09-24 08:00:00+00:00,8.118,8.134,8.09,8.132,189961.5
2025-09-24 09:00:00+00:00,8.132,8.137,8.097,8.118,120825.8
2025-09-24 10:00:00+00:00,8.118,8.145,8.098,8.145,108266.9
2025-09-24 11:00:00+00:00,8.145,8.186,8.113,8.131,129779.5
2025-09-24 12:00:00+00:00,8.131,8.149,8.092,8.114,89912.7
2025-09-24 13:00:00+00:00,8.114,8.13,8.044,8.046,176605.3
2025-09-24 14:00:00+00:00,8.046,8.193,8.038,8.153,146523.1
2025-09-24 15:00:00+00:00,8.153,8.169,8.082,8.093,137916.3
2025-09-24 16:00:00+00:00,8.093,8.109,8.065,8.085,140307.8
2025-09-24 17:00:00+00:00,8.085,8.113,8.073,8.083,84347.8
2025-09-24 18:00:00+00:00,8.083,8.087,8.036,8.057,63888.7
2025-09-24 19:00:00+00:00,8.057,8.065,8.011,8.043,81132.6
2025-09-24 20:00:00+00:00,8.043,8.062,7.999,8.044,106819.6
2025-09-24 21:00:00+00:00,8.044,8.045,7.947,7.952,134218.9
2025-09-24 22:00:00+00:00,7.952,7.999,7.936,7.943,106965.7
2025-09-24 23:00:00+00:00,7.943,7.964,7.883,7.896,145035.6
2025-09-25 00:00:00+00:00,7.896,7.941,7.822,7.835,270328.7
2025-09-25 01:00:00+00:00,7.835,7.853,7.779,7.816,327874.5
2025-09-25 02:00:00+00:00,7.816,7.909,7.766,7.865,293415.7
2025-09-25 03:00:00+00:00,7.865,7.865,7.743,7.796,464726.7
2025-09-25 04:00:00+00:00,7.796,7.816,7.619,7.659,791912.4
2025-09-25 05:00:00+00:00,7.659,7.776,7.632,7.738,300095.2
2025-09-25 06:00:00+00:00,7.738,7.747,7.672,7.7,268250.4
2025-09-25 07:00:00+00:00,7.7,7.771,7.69,7.727,227437.5
2025-09-25 08:00:00+00:00,7.727,7.797,7.726,7.754,190282.0
2025-09-25 09:00:00+00:00,7.754,7.809,7.732,7.74,313048.5
2025-09-25 10:00:00+00:00,7.74,7.81,7.724,7.725,119280.1
2025-09-25 11:00:00+00:00,7.725,7.742,7.65,7.672,231053.8
2025-09-25 12:00:00+00:00,7.672,7.722,7.501,7.663,684211.8
2025-09-25 13:00:00+00:00,7.663,7.729,7.608,7.663,403525.6
2025-09-25 14:00:00+00:00,7.663,7.792,7.663,7.675,425414.3
2025-09-25 15:00:00+00:00,7.675,7.688,7.609,7.679,229890.7
2025-09-25 16:00:00+00:00,7.679,7.69,7.498,7.515,307751.3
2025-09-25 17:00:00+00:00,7.515,7.515,7.269,7.326,1501991.6
2025-09-25 18:00:00+00:00,7.326,7.566,7.285,7.565,748528.9
2025-09-25 19:00:00+00:00,7.565,7.599,7.51,7.515,235687.0
2025-09-25 20:00:00+00:00,7.515,7.538,7.445,7.456,190094.6
2025-09-25 21:00:00+00:00,7.456,7.543,7.441,7.501,193083.9
2025-09-25 22:00:00+00:00,7.501,7.546,7.441,7.465,120506.9
2025-09-25 23:00:00+00:00,7.465,7.511,7.377,7.45,341644.0
2025-09-26 00:00:00+00:00,7.45,7.563,7.426,7.549,260078.8
2025-09-26 01:00:00+00:00,7.549,7.582,7.509,7.556,269985.4
2025-09-26 02:00:00+00:00,7.556,7.594,7.525,7.56,77581.5
2025-09-26 03:00:00+00:00,7.56,7.578,7.523,7.56,84605.8
2025-09-26 04:00:00+00:00,7.56,7.566,7.487,7.497,146152.4
2025-09-26 05:00:00+00:00,7.497,7.541,7.449,7.452,150500.3
2025-09-26 06:00:00+00:00,7.452,7.508,7.419,7.437,525194.3
2025-09-26 07:00:00+00:00,7.437,7.479,7.386,7.451,412053.6
2025-09-26 08:00:00+00:00,7.451,7.464,7.387,7.391,204765.6
2025-09-26 09:00:00+00:00,7.391,7.426,7.358,7.4,191133.5
2025-09-26 10:00:00+00:00,7.4,7.404,7.317,7.372,245227.7
2025-09-26 11:00:00+00:00,7.372,7.454,7.339,7.438,151784.5
2025-09-26 12:00:00+00:00,7.438,7.522,7.33,7.458,541944.6
2025-09-26 13:00:00+00:00,7.458,7.507,7.384,7.483,529579.0
2025-09-26 14:00:00+00:00,7.483,7.497,7.364,7.391,273362.2
2025-09-26 15:00:00+00:00,7.391,7.47,7.383,7.454,201455.5
2025-09-26 16:00:00+00:00,7.454,7.564,7.448,7.542,227324.8
2025-09-26 17:00:00+00:00,7.542,7.614,7.512,7.576,342137.7
2025-09-26 18:00:00+00:00,7.576,7.616,7.555,7.577,165711.9
2025-09-26 19:00:00+00:00,7.577,7.583,7.521,7.549,207599.8
2025-09-26 20:00:00+00:00,7.549,7.579,7.529,7.546,133412.2
2025-09-26 21:00:00+00:00,7.546,7.621,7.532,7.62,176785.8
2025-09-26 22:00:00+00:00,7.62,7.635,7.591,7.592,79717.0
2025-09-26 23:00:00+00:00,7.592,7.617,7.576,7.614,52139.6
2025-09-27 00:00:00+00:00,7.614,7.627,7.598,7.627,64607.9
2025-09-27 01:00:00+00:00,7.627,7.63,7.585,7.609,63095.9
2025-09-27 02:00:00+00:00,7.609,7.633,7.602,7.606,43470.0
2025-09-27 03:00:00+00:00,7.606,7.632,7.588,7.591,66693.6
2025-09-27 04:00:00+00:00,7.591,7.611,7.585,7.594,41319.2
2025-09-27 05:00:00+00:00,7.594,7.595,7.527,7.547,139705.8
2025-09-27 06:00:00+00:00,7.547,7.559,7.519,7.539,49217.4
2025-09-27 07:00:00+00:00,7.539,7.555,7.506,7.526,60707.1
2025-09-27 08:00:00+00:00,7.526,7.531,7.482,7.489,157728.6
2025-09-27 09:00:00+00:00,7.489,7.534,7.46,7.529,71561.3
2025-09-27 10:00:00+00:00,7.529,7.579,7.52,7.559,123492.0
2025-09-27 11:00:00+00:00,7.559,7.582,7.543,7.567,152616.3
2025-09-27 12:00:00+00:00,7.567,7.627,7.543,7.611,152610.0
2025-09-27 13:00:00+00:00,7.611,7.613,7.579,7.583,83754.8
2025-09-27 14:00:00+00:00,7.583,7.595,7.559,7.56,84038.1
2025-09-27 15:00:00+00:00,7.56,7.601,7.515,7.591,119396.9
2025-09-27 16:00:00+00:00,7.591,7.598,7.536,7.542,113936.6
2025-09-27 17:00:00+00:00,7.542,7.544,7.492,7.526,160133.9
2025-09-27 18:00:00+00:00,7.526,7.531,7.497,7.524,84106.8
2025-09-27 19:00:00+00:00,7.524,7.559,7.516,7.555,50918.2
2025-09-27 20:00:00+00:00,7.555,7.581,7.555,7.568,36328.9
2025-09-27 21:00:00+00:00,7.568,7.614,7.564,7.609,59913.8
2025-09-27 22:00:00+00:00,7.609,7.656,7.599,7.606,66233.9
2025-09-27 23:00:00+00:00,7.606,7.631,7.593,7.611,63240.2
2025-09-28 00:00:00+00:00,7.611,7.618,7.564,7.572,122772.2
2025-09-28 01:00:00+00:00,7.572,7.576,7.512,7.524,71589.0
2025-09-28 02:00:00+00:00,7.524,7.55,7.512,7.531,54953.2
2025-09-28 03:00:00+00:00,7.531,7.548,7.509,7.531,43623.5
2025-09-28 04:00:00+00:00,7.531,7.546,7.509,7.537,49050.7
2025-09-28 05:00:00+00:00,7.537,7.567,7.519,7.526,53571.9
2025-09-28 06:00:00+00:00,7.526,7.537,7.472,7.514,86118.7
2025-09-28 07:00:00+00:00,7.514,7.522,7.481,7.518,42688.4
2025-09-28 08:00:00+00:00,7.518,7.529,7.489,7.502,80727.0
2025-09-28 09:00:00+00:00,7.502,7.51,7.466,7.475,67818.2
2025-09-28 10:00:00+00:00,7.475,7.506,7.445,7.499,67788.2
2025-09-28 11:00:00+00:00,7.499,7.5,7.457,7.483,77398.8
2025-09-28 12:00:00+00:00,7.483,7.486,7.404,7.421,143904.6
2025-09-28 13:00:00+00:00,7.421,7.531,7.412,7.52,134583.8
2025-09-28 14:00:00+00:00,7.52,7.537,7.494,7.527,68672.7
2025-09-28 15:00:00+00:00,7.527,7.548,7.514,7.539,65041.7
2025-09-28 16:00:00+00:00,7.539,7.599,7.529,7.555,90669.6
2025-09-28 17:00:00+00:00,7.555,7.599,7.538,7.569,114494.7
2025-09-28 18:00:00+00:00,7.569,7.59,7.56,7.59,25323.0
2025-09-28 19:00:00+00:00,7.59,7.603,7.563,7.594,39132.7
2025-09-28 20:00:00+00:00,7.594,7.648,7.588,7.619,54882.2
2025-09-28 21:00:00+00:00,7.619,7.645,7.602,7.622,81813.1
2025-09-28 22:00:00+00:00,7.622,7.764,7.622,7.748,317266.5
2025-09-28 23:00:00+00:00,7.748,7.765,7.73,7.745,80885.0
2025-09-29 00:00:00+00:00,7.745,7.757,7.707,7.714,108978.1
2025-09-29 01:00:00+00:00,7.714,7.72,7.679,7.684,72373.9
2025-09-29 02:00:00+00:00,7.684,7.734,7.673,7.707,53804.8
2025-09-29 03:00:00+00:00,7.707,7.723,7.68,7.718,36597.6
2025-09-29 04:00:00+00:00,7.718,7.722,7.666,7.69,69182.9
2025-09-29 05:00:00+00:00,7.69,7.705,7.648,7.699,57772.5
2025-09-29 06:00:00+00:00,7.699,7.701,7.648,7.648,71807.1
2025-09-29 07:00:00+00:00,7.648,7.691,7.625,7.67,71034.1
2025-09-29 08:00:00+00:00,7.67,7.734,7.651,7.713,89100.0
2025-09-29 09:00:00+00:00,7.713,7.734,7.682,7.709,85659.1
2025-09-29 10:00:00+00:00,7.709,7.755,7.675,7.678,123941.9
2025-09-29 11:00:00+00:00,7.678,7.699,7.645,7.662,79063.6
2025-09-29 12:00:00+00:00,7.662,7.7,7.576,7.591,118756.2
2025-09-29 13:00:00+00:00,7.591,7.771,7.564,7.75,299638.0
2025-09-29 14:00:00+00:00,7.75,7.834,7.736,7.806,325107.1
2025-09-29 15:00:00+00:00,7.806,7.833,7.675,7.683,197075.7
2025-09-29 16:00:00+00:00,7.683,7.701,7.619,7.624,154280.6
2025-09-29 17:00:00+00:00,7.624,7.668,7.581,7.659,117913.9
2025-09-29 18:00:00+00:00,7.659,7.668,7.622,7.647,77695.2
2025-09-29 19:00:00+00:00,7.647,7.746,7.639,7.737,144457.3
2025-09-29 20:00:00+00:00,7.737,7.817,7.729,7.814,216342.0
2025-09-29 21:00:00+00:00,7.814,7.827,7.784,7.793,77528.6
2025-09-29 22:00:00+00:00,7.793,7.796,7.756,7.77,61257.2
2025-09-29 23:00:00+00:00,7.77,7.782,7.733,7.739,127468.2
2025-09-30 00:00:00+00:00,7.739,7.773,7.678,7.684,285136.0
2025-09-30 01:00:00+00:00,7.684,7.739,7.645,7.677,156500.5
2025-09-30 02:00:00+00:00,7.677,7.699,7.653,7.656,70782.5
2025-09-30 03:00:00+00:00,7.656,7.691,7.636,7.663,108812.9
2025-09-30 04:00:00+00:00,7.663,7.703,7.653,7.656,64336.2
2025-09-30 05:00:00+00:00,7.656,7.66,7.596,7.619,182417.3
2025-09-30 06:00:00+00:00,7.619,7.668,7.597,7.605,163949.0
2025-09-30 07:00:00+00:00,7.605,7.639,7.557,7.594,163116.9
2025-09-30 08:00:00+00:00,7.594,7.612,7.58,7.585,110852.2
2025-09-30 09:00:00+00:00,7.585,7.594,7.53,7.541,146588.3
2025-09-30 10:00:00+00:00,7.541,7.584,7.533,7.568,86967.5
2025-09-30 11:00:00+00:00,7.568,7.619,7.534,7.598,69259.6
2025-09-30 12:00:00+00:00,7.598,7.599,7.564,7.569,67235.9
2025-09-30 13:00:00+00:00,7.569,7.587,7.513,7.541,192499.0
2025-09-30 14:00:00+00:00,7.541,7.554,7.478,7.548,220798.2
2025-09-30 15:00:00+00:00,7.548,7.55,7.415,7.478,300028.6
2025-09-30 16:00:00+00:00,7.478,7.608,7.444,7.478,1136565.1
2025-09-30 17:00:00+00:00,7.478,7.513,7.456,7.475,181414.5
2025-09-30 18:00:00+00:00,7.475,7.509,7.449,7.47,157930.0
2025-09-30 19:00:00+00:00,7.47,7.629,7.468,7.624,204149.6
2025-09-30 20:00:00+00:00,7.624,7.709,7.593,7.7,217766.2
2025-09-30 21:00:00+00:00,7.7,7.725,7.646,7.648,168388.2
2025-09-30 22:00:00+00:00,7.648,7.698,7.601,7.612,212641.8
2025-09-30 23:00:00+00:00,7.612,7.638,7.58,7.636,102913.5
2025-10-01 00:00:00+00:00,7.636,7.645,7.553,7.596,230167.1
2025-10-01 01:00:00+00:00,7.596,7.662,7.578,7.659,116794.5
2025-10-01 02:00:00+00:00,7.659,7.669,7.625,7.627,53974.1
2025-10-01 03:00:00+00:00,7.627,7.631,7.536,7.543,109461.2
2025-10-01 04:00:00+00:00,7.543,7.632,7.534,7.581,106418.2
2025-10-01 05:00:00+00:00,7.581,7.644,7.581,7.619,89274.9
2025-10-01 06:00:00+00:00,7.619,7.632,7.554,7.56,109443.6
2025-10-01 07:00:00+00:00,7.56,7.62,7.555,7.582,117272.6
2025-10-01 08:00:00+00:00,7.582,7.914,7.575,7.902,1018131.3
2025-10-01 09:00:00+00:00,7.902,7.947,7.872,7.937,362911.2
2025-10-01 10:00:00+00:00,7.937,7.941,7.836,7.843,282415.4
2025-10-01 11:00:00+00:00,7.843,7.873,7.834,7.862,98209.6
2025-10-01 12:00:00+00:00,7.862,7.905,7.814,7.823,199830.3
2025-10-01 13:00:00+00:00,7.823,7.891,7.821,7.866,129305.7
2025-10-01 14:00:00+00:00,7.866,7.962,7.849,7.922,197698.2
2025-10-01 15:00:00+00:00,7.922,7.988,7.919,7.973,160836.5
2025-10-01 16:00:00+00:00,7.973,8.038,7.947,7.976,248761.4
2025-10-01 17:00:00+00:00,7.976,8.024,7.958,8.013,174259.4
2025-10-01 18:00:00+00:00,8.013,8.093,8.012,8.072,131322.8
2025-10-01 19:00:00+00:00,8.072,8.074,8.01,8.046,226825.5
2025-10-01 20:00:00+00:00,8.046,8.055,8.015,8.042,157046.1
2025-10-01 21:00:00+00:00,8.042,8.044,7.991,8.007,70535.7
2025-10-01 22:00:00+00:00,8.007,8.038,7.981,7.998,49627.0
2025-10-01 23:00:00+00:00,7.998,8.075,7.985,8.067,118329.0
2025-10-02 00:00:00+00:00,8.067,8.107,8.024,8.031,211044.2
2025-10-02 01:00:00+00:00,8.031,8.292,8.021,8.251,560246.2
2025-10-02 02:00:00+00:00,8.251,8.254,8.158,8.211,197462.6
2025-10-02 03:00:00+00:00,8.211,8.228,8.157,8.159,161069.8
2025-10-02 04:00:00+00:00,8.159,8.179,8.113,8.165,103092.7
2025-10-02 05:00:00+00:00,8.165,8.191,8.134,8.15,92009.6
2025-10-02 06:00:00+00:00,8.15,8.223,8.144,8.186,275512.6
2025-10-02 07:00:00+00:00,8.186,8.202,8.148,8.155,63648.4
2025-10-02 08:00:00+00:00,8.155,8.191,8.141,8.181,63104.5
2025-10-02 09:00:00+00:00,8.181,8.186,8.133,8.176,155262.6
2025-10-02 10:00:00+00:00,8.176,8.198,8.146,8.192,76187.2
2025-10-02 11:00:00+00:00,8.192,8.203,8.155,8.164,123742.2
2025-10-02 12:00:00+00:00,8.164,8.204,8.156,8.197,163248.5
2025-10-02 13:00:00+00:00,8.197,8.211,8.11,8.174,256475.8
2025-10-02 14:00:00+00:00,8.174,8.189,8.017,8.043,486499.0
2025-10-02 15:00:00+00:00,8.043,8.167,7.979,8.163,410546.6
2025-10-02 16:00:00+00:00,8.163,8.224,8.138,8.18,368043.2
2025-10-02 17:00:00+00:00,8.18,8.252,8.16,8.25,238375.7
2025-10-02 18:00:00+00:00,8.25,8.325,8.247,8.314,177795.2
2025-10-02 19:00:00+00:00,8.314,8.389,8.293,8.343,218911.3
2025-10-02 20:00:00+00:00,8.343,8.352,8.288,8.344,158782.4
2025-10-02 21:00:00+00:00,8.344,8.351,8.306,8.329,80435.2
2025-10-02 22:00:00+00:00,8.329,8.343,8.271,8.286,119537.4
2025-10-02 23:00:00+00:00,8.286,8.356,8.284,8.346,88005.5
2025-10-03 00:00:00+00:00,8.346,8.349,8.259,8.275,149605.9
2025-10-03 01:00:00+00:00,8.275,8.314,8.223,8.236,146638.7
2025-10-03 02:00:00+00:00,8.236,8.304,8.228,8.299,154967.0
2025-10-03 03:00:00+00:00,8.299,8.394,8.289,8.31,467119.9
2025-10-03 04:00:00+00:00,8.31,8.366,8.305,8.357,158869.9
2025-10-03 05:00:00+00:00,8.357,8.363,8.244,8.28,236305.9
2025-10-03 06:00:00+00:00,8.28,8.288,8.213,8.243,131983.6
2025-10-03 07:00:00+00:00,8.243,8.25,8.172,8.21,114781.4
2025-10-03 08:00:00+00:00,8.21,8.212,8.139,8.209,126973.8
2025-10-03 09:00:00+00:00,8.209,8.251,8.18,8.24,108929.4
2025-10-03 10:00:00+00:00,8.24,8.263,8.215,8.252,61827.0
2025-10-03 11:00:00+00:00,8.252,8.254,8.191,8.209,65942.1
2025-10-03 12:00:00+00:00,8.209,8.251,8.191,8.215,96315.4
2025-10-03 13:00:00+00:00,8.215,8.298,8.151,8.227,304870.4
2025-10-03 14:00:00+00:00,8.227,8.234,8.124,8.188,464685.4
2025-10-03 15:00:00+00:00,8.188,8.376,8.139,8.366,386232.5
2025-10-03 16:00:00+00:00,8.366,8.494,8.335,8.345,979539.6
2025-10-03 17:00:00+00:00,8.345,8.345,8.173,8.213,1349898.1
2025-10-03 18:00:00+00:00,8.213,8.317,8.161,8.311,317990.7
2025-10-03 19:00:00+00:00,8.311,8.344,8.244,8.25,507133.8
2025-10-03 20:00:00+00:00,8.25,8.256,8.175,8.256,330766.3
2025-10-03 21:00:00+00:00,8.256,8.275,8.229,8.243,115219.9
2025-10-03 22:00:00+00:00,8.243,8.267,8.22,8.235,73734.4
2025-10-03 23:00:00+00:00,8.235,8.236,8.157,8.168,168028.2
2025-10-04 00:00:00+00:00,8.168,8.194,8.11,8.136,156480.1
2025-10-04 01:00:00+00:00,8.136,8.138,8.076,8.089,135649.6
2025-10-04 02:00:00+00:00,8.089,8.13,8.057,8.076,126719.9
2025-10-04 03:00:00+00:00,8.076,8.083,8.036,8.067,112048.4
2025-10-04 04:00:00+00:00,8.067,8.095,8.038,8.058,170298.5
2025-10-04 05:00:00+00:00,8.058,8.091,8.051,8.073,67910.2
2025-10-04 06:00:00+00:00,8.073,8.121,8.072,8.108,75731.1
2025-10-04 07:00:00+00:00,8.108,8.108,8.047,8.063,84360.9
2025-10-04 08:00:00+00:00,8.063,8.075,7.992,7.998,149545.4
2025-10-04 09:00:00+00:00,7.998,8.018,7.968,7.977,112575.7
2025-10-04 10:00:00+00:00,7.977,8.015,7.937,7.944,145735.3
2025-10-04 11:00:00+00:00,7.944,7.966,7.92,7.94,149163.4
2025-10-04 12:00:00+00:00,7.94,7.96,7.924,7.943,80536.7
2025-10-04 13:00:00+00:00,7.943,8.028,7.939,8.004,190651.8
2025-10-04 14:00:00+00:00,8.004,8.038,7.945,7.945,89808.9
2025-10-04 15:00:00+00:00,7.945,7.981,7.911,7.931,230178.4
2025-10-04 16:00:00+00:00,7.931,7.97,7.903,7.96,167289.6
2025-10-04 17:00:00+00:00,7.96,7.975,7.929,7.954,69824.7
2025-10-04 18:00:00+00:00,7.954,7.967,7.937,7.953,50918.7
2025-10-04 19:00:00+00:00,7.953,7.983,7.953,7.983,35827.5
2025-10-04 20:00:00+00:00,7.983,8.001,7.976,7.981,53594.6
2025-10-04 21:00:00+00:00,7.981,8.019,7.979,7.987,43871.6
2025-10-04 22:00:00+00:00,7.987,8.018,7.981,7.998,45367.0
2025-10-04 23:00:00+00:00,7.998,8.028,7.987,8.017,41062.4
2025-10-05 00:00:00+00:00,8.017,8.062,7.969,7.97,99928.8
2025-10-05 01:00:00+00:00,7.97,7.998,7.962,7.996,42933.1
2025-10-05 02:00:00+00:00,7.996,8.165,7.977,8.16,362407.3
2025-10-05 03:00:00+00:00,8.16,8.198,8.138,8.152,201731.1
2025-10-05 04:00:00+00:00,8.152,8.279,8.14,8.256,604790.2
2025-10-05 05:00:00+00:00,8.256,8.276,8.217,8.273,166799.0
2025-10-05 06:00:00+00:00,8.273,8.295,8.231,8.242,101671.3
2025-10-05 07:00:00+00:00,8.242,8.395,8.237,8.393,268146.3
2025-10-05 08:00:00+00:00,8.393,8.429,8.351,8.383,394988.1
2025-10-05 09:00:00+00:00,8.383,8.421,8.317,8.356,478299.4
2025-10-05 10:00:00+00:00,8.356,8.36,8.245,8.282,553977.5
2025-10-05 11:00:00+00:00,8.282,8.337,8.232,8.323,155984.1
2025-10-05 12:00:00+00:00,8.323,8.323,8.222,8.226,167538.3
2025-10-05 13:00:00+00:00,8.226,8.259,8.201,8.229,182943.7
2025-10-05 14:00:00+00:00,8.229,8.269,8.16,8.197,243338.7
2025-10-05 15:00:00+00:00,8.197,8.225,8.177,8.203,91512.7
2025-10-05 16:00:00+00:00,8.203,8.214,8.11,8.184,233576.5
2025-10-05 17:00:00+00:00,8.184,8.206,8.094,8.105,100961.8
2025-10-05 18:00:00+00:00,8.105,8.127,8.067,8.091,149127.9
2025-10-05 19:00:00+00:00,8.091,8.093,8.0,8.007,181482.9
2025-10-05 20:00:00+00:00,8.007,8.066,7.988,8.032,121245.8
2025-10-05 21:00:00+00:00,8.032,8.044,8.01,8.04,65718.9
2025-10-05 22:00:00+00:00,8.04,8.079,8.017,8.059,52097.9
2025-10-05 23:00:00+00:00,8.059,8.088,8.042,8.052,84920.0
2025-10-06 00:00:00+00:00,8.052,8.125,7.994,8.03,253963.4
2025-10-06 01:00:00+00:00,8.03,8.152,8.0,8.109,204161.3
2025-10-06 02:00:00+00:00,8.109,8.185,8.055,8.142,204162.9
2025-10-06 03:00:00+00:00,8.142,8.147,8.092,8.111,83390.7
2025-10-06 04:00:00+00:00,8.111,8.118,8.055,8.057,100654.3
2025-10-06 05:00:00+00:00,8.057,8.121,8.039,8.105,119475.2
2025-10-06 06:00:00+00:00,8.105,8.283,8.104,8.225,268185.3
2025-10-06 07:00:00+00:00,8.225,8.299,8.167,8.2,197640.9
2025-10-06 08:00:00+00:00,8.2,8.267,8.2,8.248,155018.7
2025-10-06 09:00:00+00:00,8.248,8.282,8.24,8.269,121559.8
2025-10-06 10:00:00+00:00,8.269,8.276,8.225,8.24,88782.2
2025-10-06 11:00:00+00:00,8.24,8.28,8.211,8.22,166275.7
2025-10-06 12:00:00+00:00,8.22,8.295,8.22,8.278,155939.2
2025-10-06 13:00:00+00:00,8.278,8.393,8.257,8.389,289349.5
2025-10-06 14:00:00+00:00,8.389,8.409,8.308,8.32,315787.8
2025-10-06 15:00:00+00:00,8.32,8.412,8.313,8.367,155576.9
2025-10-06 16:00:00+00:00,8.367,8.392,8.324,8.363,139109.1
2025-10-06 17:00:00+00:00,8.363,8.429,8.35,8.375,228670.1
2025-10-06 18:00:00+00:00,8.375,8.42,8.369,8.405,114670.5
2025-10-06 19:00:00+00:00,8.405,8.426,8.377,8.415,108093.0
2025-10-06 20:00:00+00:00,8.415,8.446,8.388,8.4,146969.2
2025-10-06 21:00:00+00:00,8.4,8.413,8.361,8.404,94597.6
2025-10-06 22:00:00+00:00,8.404,8.42,8.368,8.388,134947.4
2025-10-06 23:00:00+00:00,8.388,8.394,8.337,8.34,73120.1
2025-10-07 00:00:00+00:00,8.34,8.385,8.337,8.369,102286.0
2025-10-07 01:00:00+00:00,8.369,8.395,8.292,8.323,201078.3
2025-10-07 02:00:00+00:00,8.323,8.375,8.32,8.337,84296.3
2025-10-07 03:00:00+00:00,8.337,8.358,8.315,8.348,88783.9
2025-10-07 04:00:00+00:00,8.348,8.348,8.154,8.289,663447.9
2025-10-07 05:00:00+00:00,8.289,8.317,8.248,8.285,165996.8
2025-10-07 06:00:00+00:00,8.285,8.311,7.963,8.104,938527.3
2025-10-07 07:00:00+00:00,8.104,8.135,8.072,8.094,276985.3
2025-10-07 08:00:00+00:00,8.094,8.096,8.003,8.053,351756.2
2025-10-07 09:00:00+00:00,8.053,8.099,8.046,8.084,267698.4
2025-10-07 10:00:00+00:00,8.084,8.122,8.058,8.1,131316.4
2025-10-07 11:00:00+00:00,8.1,8.15,8.088,8.129,139234.7
2025-10-07 12:00:00+00:00,8.129,8.188,8.08,8.187,203875.6
2025-10-07 13:00:00+00:00,8.187,8.204,7.992,8.077,690479.4
2025-10-07 14:00:00+00:00,8.077,8.084,7.911,7.918,680291.4
2025-10-07 15:00:00+00:00,7.918,7.948,7.776,7.812,1122737.7
2025-10-07 16:00:00+00:00,7.812,7.881,7.751,7.837,448938.6
2025-10-07 17:00:00+00:00,7.837,7.854,7.735,7.748,341377.7
2025-10-07 18:00:00+00:00,7.748,7.783,7.714,7.73,415334.6
2025-10-07 19:00:00+00:00,7.73,7.768,7.716,7.737,286773.6
2025-10-07 20:00:00+00:00,7.737,7.838,7.735,7.801,203924.8
2025-10-07 21:00:00+00:00,7.801,7.836,7.767,7.785,125237.5
2025-10-07 22:00:00+00:00,7.785,7.832,7.771,7.82,91624.1
2025-10-07 23:00:00+00:00,7.82,7.822,7.73,7.763,208801.6
2025-10-08 00:00:00+00:00,7.763,7.833,7.746,7.805,175066.5
2025-10-08 01:00:00+00:00,7.805,7.846,7.794,7.83,154336.1
2025-10-08 02:00:00+00:00,7.83,7.86,7.8,7.81,142852.4
2025-10-08 03:00:00+00:00,7.81,7.81,7.695,7.744,228726.1
2025-10-08 04:00:00+00:00,7.744,7.788,7.693,7.775,198062.9
2025-10-08 05:00:00+00:00,7.775,7.776,7.689,7.717,210659.5
2025-10-08 06:00:00+00:00,7.717,7.761,7.695,7.752,221689.3
2025-10-08 07:00:00+00:00,7.752,7.779,7.718,7.776,182860.2
2025-10-08 08:00:00+00:00,7.776,7.829,7.748,7.778,315103.7
2025-10-08 09:00:00+00:00,7.778,7.793,7.752,7.793,138256.7
2025-10-08 10:00:00+00:00,7.793,7.849,7.782,7.846,141117.3
2025-10-08 11:00:00+00:00,7.846,7.854,7.787,7.792,117435.5
2025-10-08 12:00:00+00:00,7.792,7.832,7.779,7.819,113051.1
2025-10-08 13:00:00+00:00,7.819,7.887,7.787,7.881,217961.3
2025-10-08 14:00:00+00:00,7.881,7.977,7.855,7.873,424589.5
2025-10-08 15:00:00+00:00,7.873,7.934,7.867,7.884,162242.6
2025-10-08 16:00:00+00:00,7.884,8.0,7.865,8.0,251651.9
2025-10-08 17:00:00+00:00,8.0,8.127,7.984,8.094,433059.8
2025-10-08 18:00:00+00:00,8.094,8.122,8.013,8.054,395340.0
2025-10-08 19:00:00+00:00,8.054,8.06,8.008,8.04,160726.8
2025-10-08 20:00:00+00:00,8.04,8.06,7.999,8.011,163159.2
2025-10-08 21:00:00+00:00,8.011,8.094,8.01,8.049,191021.1
2025-10-08 22:00:00+00:00,8.049,8.121,8.045,8.086,133952.6
2025-10-08 23:00:00+00:00,8.086,8.098,8.059,8.071,145400.1
2025-10-09 00:00:00+00:00,8.071,8.09,8.029,8.04,166417.4
2025-10-09 01:00:00+00:00,8.04,8.046,7.958,7.998,284724.3
2025-10-09 02:00:00+00:00,7.998,8.003,7.826,7.851,513508.5
2025-10-09 03:00:00+00:00,7.851,7.938,7.844,7.922,149602.8
2025-10-09 04:00:00+00:00,7.922,7.958,7.896,7.951,105589.4
2025-10-09 05:00:00+00:00,7.951,7.974,7.883,7.902,122347.0
2025-10-09 06:00:00+00:00,7.902,7.921,7.86,7.876,148079.9
2025-10-09 07:00:00+00:00,7.876,7.892,7.814,7.833,171463.1
2025-10-09 08:00:00+00:00,7.833,7.844,7.682,7.684,742300.5
2025-10-09 09:00:00+00:00,7.684,7.776,7.684,7.744,326650.2
2025-10-09 10:00:00+00:00,7.744,7.809,7.726,7.79,162518.7
2025-10-09 11:00:00+00:00,7.79,7.85,7.79,7.82,217818.2
2025-10-09 12:00:00+00:00,7.82,7.904,7.818,7.866,285413.1
2025-10-09 13:00:00+00:00,7.866,7.872,7.761,7.766,264770.4
2025-10-09 14:00:00+00:00,7.766,7.818,7.685,7.753,421845.1
2025-10-09 15:00:00+00:00,7.753,7.795,7.698,7.736,236807.1
2025-10-09 16:00:00+00:00,7.736,7.771,7.637,7.662,258574.6
2025-10-09 17:00:00+00:00,7.662,7.756,7.651,7.754,213739.4
2025-10-09 18:00:00+00:00,7.754,7.763,7.704,7.708,145847.5
2025-10-09 19:00:00+00:00,7.708,7.782,7.705,7.773,63697.4
2025-10-09 20:00:00+00:00,7.773,7.802,7.759,7.783,57262.2
2025-10-09 21:00:00+00:00,7.783,7.822,7.757,7.819,78172.6
2025-10-09 22:00:00+00:00,7.819,7.913,7.811,7.879,110127.5
2025-10-09 23:00:00+00:00,7.879,7.886,7.83,7.852,63601.3
2025-10-10 00:00:00+00:00,7.852,7.903,7.843,7.879,131973.0
2025-10-10 01:00:00+00:00,7.879,8.011,7.877,7.961,332280.9
2025-10-10 02:00:00+00:00,7.961,8.006,7.904,7.954,236665.1
2025-10-10 03:00:00+00:00,7.954,8.587,7.915,8.451,2284106.9
2025-10-10 04:00:00+00:00,8.451,8.499,8.264,8.285,691447.9
2025-10-10 05:00:00+00:00,8.285,8.29,8.188,8.238,375523.1
2025-10-10 06:00:00+00:00,8.238,8.271,8.148,8.156,353011.0
2025-10-10 07:00:00+00:00,8.156,8.187,8.129,8.152,259884.2
2025-10-10 08:00:00+00:00,8.152,8.216,8.117,8.21,226267.8
2025-10-10 09:00:00+00:00,8.21,8.213,8.119,8.141,442952.0
2025-10-10 10:00:00+00:00,8.141,8.209,8.136,8.17,211412.8
2025-10-10 11:00:00+00:00,8.17,8.181,8.115,8.136,197467.3
2025-10-10 12:00:00+00:00,8.136,8.167,8.119,8.147,145614.5
2025-10-10 13:00:00+00:00,8.147,8.299,8.147,8.21,495900.7
2025-10-10 14:00:00+00:00,8.21,8.238,8.014,8.039,436555.9
2025-10-10 15:00:00+00:00,8.039,8.053,7.65,7.749,1431481.2
2025-10-10 16:00:00+00:00,7.749,7.845,7.719,7.767,468244.9
2025-10-10 17:00:00+00:00,7.767,7.774,7.622,7.635,379774.3
2025-10-10 18:00:00+00:00,7.635,7.69,7.588,7.594,255613.7
2025-10-10 19:00:00+00:00,7.594,7.614,7.344,7.407,1310081.3
2025-10-10 20:00:00+00:00,7.407,7.456,6.786,6.97,2289024.5
2025-10-10 21:00:00+00:00,6.97,7.059,2.067,5.472,12456765.0
2025-10-10 22:00:00+00:00,5.472,5.725,4.832,5.701,5942098.7
2025-10-10 23:00:00+00:00,5.701,6.117,5.552,5.783,2327100.6
2025-10-11 00:00:00+00:00,5.783,5.928,5.69,5.847,1524853.1
2025-10-11 01:00:00+00:00,5.847,5.85,5.533,5.559,926410.0
2025-10-11 02:00:00+00:00,5.559,6.029,5.556,5.933,1177460.3
2025-10-11 03:00:00+00:00,5.933,5.989,5.738,5.83,697803.6
2025-10-11 04:00:00+00:00,5.83,5.926,5.799,5.915,442017.0
2025-10-11 05:00:00+00:00,5.915,5.935,5.773,5.832,541132.6
2025-10-11 06:00:00+00:00,5.832,5.919,5.81,5.84,584846.7
2025-10-11 07:00:00+00:00,5.84,5.902,5.815,5.878,552912.8
2025-10-11 08:00:00+00:00,5.878,6.052,5.85,6.041,513256.6
2025-10-11 09:00:00+00:00,6.041,6.118,5.963,5.981,493379.7
2025-10-11 10:00:00+00:00,5.981,6.077,5.978,6.014,372355.6
2025-10-11 11:00:00+00:00,6.014,6.033,5.931,6.028,348069.4
2025-10-11 12:00:00+00:00,6.028,6.047,5.937,5.98,501866.3
2025-10-11 13:00:00+00:00,5.98,6.025,5.907,6.012,564565.3
2025-10-11 14:00:00+00:00,6.012,6.036,5.954,6.024,254553.8
2025-10-11 15:00:00+00:00,6.024,6.114,6.024,6.075,410705.5
2025-10-11 16:00:00+00:00,6.075,6.123,6.003,6.034,425226.8
2025-10-11 17:00:00+00:00,6.034,6.105,6.033,6.102,254226.9
2025-10-11 18:00:00+00:00,6.102,6.107,6.025,6.026,135474.3
2025-10-11 19:00:00+00:00,6.026,6.03,5.795,5.845,686210.6
2025-10-11 20:00:00+00:00,5.845,5.865,5.707,5.75,843760.5
2025-10-11 21:00:00+00:00,5.75,5.839,5.645,5.817,528173.0
2025-10-11 22:00:00+00:00,5.817,5.879,5.808,5.866,308431.5
2025-10-11 23:00:00+00:00,5.866,5.87,5.824,5.848,293096.8
2025-10-12 00:00:00+00:00,5.848,5.908,5.816,5.827,333577.9
2025-10-12 01:00:00+00:00,5.827,5.899,5.795,5.806,371429.9
2025-10-12 02:00:00+00:00,5.806,5.895,5.787,5.875,265042.4
2025-10-12 03:00:00+00:00,5.875,6.008,5.864,5.959,441054.5
2025-10-12 04:00:00+00:00,5.959,6.065,5.95,6.034,233663.3
2025-10-12 05:00:00+00:00,6.034,6.096,6.028,6.064,175810.1
2025-10-12 06:00:00+00:00,6.064,6.172,6.047,6.169,240999.6
2025-10-12 07:00:00+00:00,6.169,6.188,6.099,6.139,247757.0
2025-10-12 08:00:00+00:00,6.139,6.193,6.063,6.075,322436.0
2025-10-12 09:00:00+00:00,6.075,6.119,6.028,6.08,192538.5
2025-10-12 10:00:00+00:00,6.08,6.124,6.045,6.061,163064.5
2025-10-12 11:00:00+00:00,6.061,6.109,6.045,6.076,205228.4
2025-10-12 12:00:00+00:00,6.076,6.148,6.074,6.106,238472.7
2025-10-12 13:00:00+00:00,6.106,6.126,6.012,6.038,234343.1
2025-10-12 14:00:00+00:00,6.038,6.408,6.035,6.297,1480425.8
2025-10-12 15:00:00+00:00,6.297,6.496,6.281,6.473,1222551.9
2025-10-12 16:00:00+00:00,6.473,6.69,6.473,6.595,1024576.0
2025-10-12 17:00:00+00:00,6.595,6.696,6.522,6.571,713508.6
2025-10-12 18:00:00+00:00,6.571,6.607,6.534,6.58,231969.5
2025-10-12 19:00:00+00:00,6.58,6.656,6.577,6.649,125821.8
2025-10-12 20:00:00+00:00,6.649,6.701,6.597,6.641,283134.3
2025-10-12 21:00:00+00:00,6.641,6.698,6.529,6.62,243438.3
2025-10-12 22:00:00+00:00,6.62,6.677,6.577,6.626,235450.5
2025-10-12 23:00:00+00:00,6.626,6.643,6.573,6.616,308919.5
2025-10-13 00:00:00+00:00,6.616,6.658,6.495,6.532,460971.6
2025-10-13 01:00:00+00:00,6.532,6.612,6.491,6.608,265926.7
2025-10-13 02:00:00+00:00,6.608,6.628,6.528,6.579,239210.2
2025-10-13 03:00:00+00:00,6.579,6.604,6.534,6.555,151438.8
2025-10-13 04:00:00+00:00,6.555,6.61,6.528,6.602,139364.6
2025-10-13 05:00:00+00:00,6.602,6.628,6.57,6.576,151611.1
2025-10-13 06:00:00+00:00,6.576,6.735,6.544,6.708,284249.8
2025-10-13 07:00:00+00:00,6.708,6.816,6.693,6.715,241229.4
2025-10-13 08:00:00+00:00,6.715,6.781,6.691,6.756,178964.6
2025-10-13 09:00:00+00:00,6.756,6.762,6.697,6.75,163203.4
2025-10-13 10:00:00+00:00,6.75,6.794,6.692,6.764,152792.4
2025-10-13 11:00:00+00:00,6.764,6.767,6.491,6.63,864936.3
2025-10-13 12:00:00+00:00,6.63,6.77,6.584,6.651,320583.5
2025-10-13 13:00:00+00:00,6.651,6.871,6.65,6.806,953226.5
2025-10-13 14:00:00+00:00,6.806,6.823,6.62,6.647,601128.1
2025-10-13 15:00:00+00:00,6.647,6.79,6.64,6.75,261202.5
2025-10-13 16:00:00+00:00,6.75,6.843,6.733,6.828,351576.6
2025-10-13 17:00:00+00:00,6.828,6.986,6.807,6.974,351664.5
2025-10-13 18:00:00+00:00,6.974,7.002,6.896,6.929,334188.4
2025-10-13 19:00:00+00:00,6.929,7.038,6.914,7.019,294946.5
2025-10-13 20:00:00+00:00,7.019,7.109,6.999,7.104,172369.7
2025-10-13 21:00:00+00:00,7.104,7.11,7.047,7.059,94091.0
2025-10-13 22:00:00+00:00,7.059,7.113,7.038,7.102,116889.4
2025-10-13 23:00:00+00:00,7.102,7.108,7.044,7.047,123746.7
2025-10-14 00:00:00+00:00,7.047,7.075,6.972,7.014,243911.7
2025-10-14 01:00:00+00:00,7.014,7.026,6.962,7.006,136308.1
2025-10-14 02:00:00+00:00,7.006,7.009,6.902,6.908,183718.5
2025-10-14 03:00:00+00:00,6.908,6.912,6.849,6.865,228830.1
2025-10-14 04:00:00+00:00,6.865,6.883,6.731,6.757,397627.2
2025-10-14 05:00:00+00:00,6.757,6.844,6.664,6.685,411513.0
2025-10-14 06:00:00+00:00,6.685,6.724,6.406,6.54,1036996.0
2025-10-14 07:00:00+00:00,6.54,6.603,6.496,6.528,557035.1
2025-10-14 08:00:00+00:00,6.528,6.631,6.483,6.608,393195.9
2025-10-14 09:00:00+00:00,6.608,6.697,6.601,6.63,337186.8
2025-10-14 10:00:00+00:00,6.63,6.63,6.436,6.506,645430.1
2025-10-14 11:00:00+00:00,6.506,6.627,6.499,6.57,318857.0
2025-10-14 12:00:00+00:00,6.57,6.571,6.45,6.46,263491.6
2025-10-14 13:00:00+00:00,6.46,6.56,6.378,6.517,879601.7
2025-10-14 14:00:00+00:00,6.517,6.649,6.486,6.554,680399.8
2025-10-14 15:00:00+00:00,6.554,6.782,6.53,6.76,505158.9
2025-10-14 16:00:00+00:00,6.76,6.859,6.691,6.721,763387.7
2025-10-14 17:00:00+00:00,6.721,6.796,6.631,6.746,511154.4
2025-10-14 18:00:00+00:00,6.746,6.831,6.744,6.797,174888.4
2025-10-14 19:00:00+00:00,6.797,6.843,6.653,6.738,628843.7
2025-10-14 20:00:00+00:00,6.738,6.785,6.701,6.774,167527.1
2025-10-14 21:00:00+00:00,6.774,6.782,6.72,6.772,70173.9
2025-10-14 22:00:00+00:00,6.772,6.823,6.759,6.778,80873.6
2025-10-14 23:00:00+00:00,6.778,6.837,6.776,6.816,85714.6
2025-10-15 00:00:00+00:00,6.816,6.83,6.745,6.791,188184.9
2025-10-15 01:00:00+00:00,6.791,6.797,6.721,6.795,109959.2
2025-10-15 02:00:00+00:00,6.795,6.862,6.779,6.802,136156.8
2025-10-15 03:00:00+00:00,6.802,6.821,6.722,6.757,154101.2
2025-10-15 04:00:00+00:00,6.757,6.852,6.742,6.824,118382.6
2025-10-15 05:00:00+00:00,6.824,6.846,6.79,6.805,150996.8
2025-10-15 06:00:00+00:00,6.805,6.837,6.745,6.837,146109.6
2025-10-15 07:00:00+00:00,6.837,6.854,6.781,6.845,133977.6
2025-10-15 08:00:00+00:00,6.845,6.984,6.834,6.874,386516.9
2025-10-15 09:00:00+00:00,6.874,6.874,6.771,6.801,239403.3
2025-10-15 10:00:00+00:00,6.801,6.822,6.749,6.776,163768.9
2025-10-15 11:00:00+00:00,6.776,6.785,6.683,6.725,247607.3
2025-10-15 12:00:00+00:00,6.725,6.737,6.629,6.7,351122.2
2025-10-15 13:00:00+00:00,6.7,6.73,6.548,6.669,587964.2
2025-10-15 14:00:00+00:00,6.669,6.739,6.569,6.602,366912.1
2025-10-15 15:00:00+00:00,6.602,6.645,6.501,6.537,395934.8
2025-10-15 16:00:00+00:00,6.537,6.598,6.505,6.562,218371.9
2025-10-15 17:00:00+00:00,6.562,6.596,6.486,6.585,322489.9
2025-10-15 18:00:00+00:00,6.585,6.61,6.546,6.6,150676.7
2025-10-15 19:00:00+00:00,6.6,6.602,6.519,6.542,142837.5
2025-10-15 20:00:00+00:00,6.542,6.58,6.436,6.516,360585.3
2025-10-15 21:00:00+00:00,6.516,6.567,6.462,6.502,152883.3
2025-10-15 22:00:00+00:00,6.502,6.556,6.491,6.508,92994.6
2025-10-15 23:00:00+00:00,6.508,6.583,6.506,6.564,135051.4
2025-10-16 00:00:00+00:00,6.564,6.588,6.54,6.543,236925.3
2025-10-16 01:00:00+00:00,6.543,6.613,6.539,6.602,104777.1
2025-10-16 02:00:00+00:00,6.602,6.635,6.573,6.621,131773.1
2025-10-16 03:00:00+00:00,6.621,6.659,6.591,6.604,315033.6
2025-10-16 04:00:00+00:00,6.604,6.636,6.567,6.586,110452.6
2025-10-16 05:00:00+00:00,6.586,6.619,6.528,6.571,127896.8
2025-10-16 06:00:00+00:00,6.571,6.654,6.565,6.642,107823.6
2025-10-16 07:00:00+00:00,6.642,6.648,6.569,6.583,122957.0
2025-10-16 08:00:00+00:00,6.583,6.588,6.518,6.537,106266.8
2025-10-16 09:00:00+00:00,6.537,6.646,6.388,6.603,837524.4
2025-10-16 10:00:00+00:00,6.603,6.688,6.596,6.628,269951.1
2025-10-16 11:00:00+00:00,6.628,6.647,6.582,6.632,143259.6
2025-10-16 12:00:00+00:00,6.632,6.682,6.599,6.605,202061.0
2025-10-16 13:00:00+00:00,6.605,6.632,6.538,6.557,274595.8
2025-10-16 14:00:00+00:00,6.557,6.614,6.454,6.521,575924.7
2025-10-16 15:00:00+00:00,6.521,6.543,6.323,6.347,662885.6
2025-10-16 16:00:00+00:00,6.347,6.481,6.265,6.476,740583.6
2025-10-16 17:00:00+00:00,6.476,6.476,6.375,6.39,277485.3
2025-10-16 18:00:00+00:00,6.39,6.411,6.326,6.384,292696.2
2025-10-16 19:00:00+00:00,6.384,6.394,6.233,6.294,278999.2
2025-10-16 20:00:00+00:00,6.294,6.324,6.215,6.254,226177.5
2025-10-16 21:00:00+00:00,6.254,6.311,6.226,6.309,183544.6
2025-10-16 22:00:00+00:00,6.309,6.319,6.223,6.223,208816.3
2025-10-16 23:00:00+00:00,6.223,6.296,6.215,6.275,201752.3
2025-10-17 00:00:00+00:00,6.275,6.346,6.271,6.344,247473.1
2025-10-17 01:00:00+00:00,6.344,6.403,6.323,6.347,261694.7
2025-10-17 02:00:00+00:00,6.347,6.378,6.301,6.363,110589.6
2025-10-17 03:00:00+00:00,6.363,6.394,6.357,6.388,81043.7
2025-10-17 04:00:00+00:00,6.388,6.392,6.34,6.345,72268.0
2025-10-17 05:00:00+00:00,6.345,6.367,6.294,6.305,112048.9
2025-10-17 06:00:00+00:00,6.305,6.328,6.087,6.111,571878.8
2025-10-17 07:00:00+00:00,6.111,6.122,5.935,5.952,922699.8
2025-10-17 08:00:00+00:00,5.952,5.99,5.84,5.88,918189.2
2025-10-17 09:00:00+00:00,5.88,6.064,5.867,5.969,409781.7
2025-10-17 10:00:00+00:00,5.969,6.016,5.88,5.985,531699.5
2025-10-17 11:00:00+00:00,5.985,6.199,5.98,6.116,734742.1
2025-10-17 12:00:00+00:00,6.116,6.153,6.071,6.079,248903.9
2025-10-17 13:00:00+00:00,6.079,6.169,6.029,6.122,639678.9
2025-10-17 14:00:00+00:00,6.122,6.14,5.989,6.064,494034.7
2025-10-17 15:00:00+00:00,6.064,6.17,6.048,6.166,375869.1
2025-10-17 16:00:00+00:00,6.166,6.251,6.12,6.136,467315.0
2025-10-17 17:00:00+00:00,6.136,6.183,6.112,6.164,158131.5
2025-10-17 18:00:00+00:00,6.164,6.199,6.138,6.151,118239.6
2025-10-17 19:00:00+00:00,6.151,6.17,6.111,6.129,116940.5
2025-10-17 20:00:00+00:00,6.129,6.189,6.115,6.168,107988.9
2025-10-17 21:00:00+00:00,6.168,6.222,6.163,6.208,117989.1
2025-10-17 22:00:00+00:00,6.208,6.219,6.163,6.188,74868.8
2025-10-17 23:00:00+00:00,6.188,6.188,6.126,6.128,87104.2
2025-10-18 00:00:00+00:00,6.128,6.154,6.114,6.126,113070.6
2025-10-18 01:00:00+00:00,6.126,6.191,6.126,6.18,100565.7
2025-10-18 02:00:00+00:00,6.18,6.204,6.101,6.122,151184.3
2025-10-18 03:00:00+00:00,6.122,6.165,6.122,6.146,54232.3
2025-10-18 04:00:00+00:00,6.146,6.146,6.105,6.111,61731.2
2025-10-18 05:00:00+00:00,6.111,6.153,6.099,6.15,84042.7
2025-10-18 06:00:00+00:00,6.15,6.165,6.102,6.121,64896.4
2025-10-18 07:00:00+00:00,6.121,6.197,6.057,6.072,336123.8
2025-10-18 08:00:00+00:00,6.072,6.088,6.035,6.038,188586.0
2025-10-18 09:00:00+00:00,6.038,6.081,6.026,6.057,180233.8
2025-10-18 10:00:00+00:00,6.057,6.06,5.997,6.02,146496.6
2025-10-18 11:00:00+00:00,6.02,6.038,5.987,6.002,134401.0
2025-10-18 12:00:00+00:00,6.002,6.008,5.948,5.961,134687.0
2025-10-18 13:00:00+00:00,5.961,5.988,5.921,5.938,264335.4
2025-10-18 14:00:00+00:00,5.938,5.992,5.902,5.956,208541.2
2025-10-18 15:00:00+00:00,5.956,5.972,5.928,5.951,137743.4
2025-10-18 16:00:00+00:00,5.951,5.969,5.9,5.967,183498.0
2025-10-18 17:00:00+00:00,5.967,6.07,5.947,6.06,164036.1
2025-10-18 18:00:00+00:00,6.06,6.076,6.013,6.025,104856.3
2025-10-18 19:00:00+00:00,6.025,6.057,6.012,6.025,148311.1
2025-10-18 20:00:00+00:00,6.025,6.055,6.011,6.011,66930.2
2025-10-18 21:00:00+00:00,6.011,6.038,5.99,6.027,62686.2
2025-10-18 22:00:00+00:00,6.027,6.035,6.008,6.012,51427.4
2025-10-18 23:00:00+00:00,6.012,6.03,6.003,6.016,59937.9
2025-10-19 00:00:00+00:00,6.016,6.026,5.962,5.982,95571.7
2025-10-19 01:00:00+00:00,5.982,6.003,5.97,5.987,102431.7
2025-10-19 02:00:00+00:00,5.987,6.0,5.967,5.979,72784.9
2025-10-19 03:00:00+00:00,5.979,6.053,5.967,6.05,108123.1
2025-10-19 04:00:00+00:00,6.05,6.054,6.017,6.031,208305.3
2025-10-19 05:00:00+00:00,6.031,6.056,6.009,6.014,104864.3
2025-10-19 06:00:00+00:00,6.014,6.022,5.969,5.989,142890.7
2025-10-19 07:00:00+00:00,5.989,6.012,5.982,6.005,74263.3
2025-10-19 08:00:00+00:00,6.005,6.087,5.961,5.973,607705.8
2025-10-19 09:00:00+00:00,5.973,6.108,5.946,6.061,637892.3
2025-10-19 10:00:00+00:00,6.061,6.168,6.04,6.16,373753.1
2025-10-19 11:00:00+00:00,6.16,6.215,6.134,6.155,413000.7
2025-10-19 12:00:00+00:00,6.155,6.165,6.107,6.137,123668.4
2025-10-19 13:00:00+00:00,6.137,6.299,6.128,6.275,270378.1
2025-10-19 14:00:00+00:00,6.275,6.325,6.228,6.312,486555.1
2025-10-19 15:00:00+00:00,6.312,6.322,6.256,6.28,178355.9
2025-10-19 16:00:00+00:00,6.28,6.307,6.246,6.286,208017.5
2025-10-19 17:00:00+00:00,6.286,6.358,6.272,6.282,380102.7
2025-10-19 18:00:00+00:00,6.282,6.316,6.275,6.304,150288.7
2025-10-19 19:00:00+00:00,6.304,6.308,6.269,6.304,86893.2
2025-10-19 20:00:00+00:00,6.304,6.33,6.279,6.325,140653.5
2025-10-19 21:00:00+00:00,6.325,6.326,6.266,6.282,134816.4
2025-10-19 22:00:00+00:00,6.282,6.322,6.282,6.318,94350.9
2025-10-19 23:00:00+00:00,6.318,6.318,6.245,6.255,122949.8
2025-10-20 00:00:00+00:00,6.255,6.255,6.133,6.213,298670.1
2025-10-20 01:00:00+00:00,6.213,6.255,6.192,6.217,166444.8
2025-10-20 02:00:00+00:00,6.217,6.253,6.176,6.234,171345.5
2025-10-20 03:00:00+00:00,6.234,6.418,6.214,6.399,256889.5
2025-10-20 04:00:00+00:00,6.399,6.428,6.365,6.404,249641.3
2025-10-20 05:00:00+00:00,6.404,6.461,6.387,6.456,212660.1
2025-10-20 06:00:00+00:00,6.456,6.54,6.441,6.517,264760.1
2025-10-20 07:00:00+00:00,6.517,6.517,6.441,6.464,231068.9
2025-10-20 08:00:00+00:00,6.464,6.495,6.423,6.443,131657.9
2025-10-20 09:00:00+00:00,6.443,6.456,6.413,6.454,80469.1
2025-10-20 10:00:00+00:00,6.454,6.47,6.402,6.423,223206.0
2025-10-20 11:00:00+00:00,6.423,6.471,6.404,6.461,102605.1
2025-10-20 12:00:00+00:00,6.461,6.475,6.431,6.451,76003.7
2025-10-20 13:00:00+00:00,6.451,6.473,6.413,6.454,159547.3
2025-10-20 14:00:00+00:00,6.454,6.463,6.394,6.429,176523.9
2025-10-20 15:00:00+00:00,6.429,6.447,6.365,6.366,302452.1
2025-10-20 16:00:00+00:00,6.366,6.366,6.251,6.312,585941.6
2025-10-20 17:00:00+00:00,6.312,6.349,6.277,6.314,226125.6
2025-10-20 18:00:00+00:00,6.314,6.344,6.295,6.344,124588.5
2025-10-20 19:00:00+00:00,6.344,6.404,6.325,6.379,105670.7
2025-10-20 20:00:00+00:00,6.379,6.394,6.358,6.381,100389.7
2025-10-20 21:00:00+00:00,6.381,6.405,6.331,6.345,98158.6
2025-10-20 22:00:00+00:00,6.345,6.363,6.328,6.35,58136.0
2025-10-20 23:00:00+00:00,6.35,6.359,6.324,6.33,47476.3
2025-10-21 00:00:00+00:00,6.33,6.35,6.319,6.319,66182.3
2025-10-21 01:00:00+00:00,6.319,6.324,6.267,6.285,131801.1
2025-10-21 02:00:00+00:00,6.285,6.289,6.239,6.258,130462.6
2025-10-21 03:00:00+00:00,6.258,6.277,6.22,6.232,64932.8
2025-10-21 04:00:00+00:00,6.232,6.236,6.124,6.132,377768.0
2025-10-21 05:00:00+00:00,6.132,6.162,6.104,6.139,241266.5
2025-10-21 06:00:00+00:00,6.139,6.187,6.125,6.169,192341.0
2025-10-21 07:00:00+00:00,6.169,6.205,6.147,6.199,67872.4
2025-10-21 08:00:00+00:00,6.199,6.202,6.131,6.179,148669.1
2025-10-21 09:00:00+00:00,6.179,6.179,6.131,6.137,91891.1
2025-10-21 10:00:00+00:00,6.137,6.214,6.128,6.192,163115.6
2025-10-21 11:00:00+00:00,6.192,6.235,6.169,6.231,128424.3
2025-10-21 12:00:00+00:00,6.231,6.3,6.209,6.291,250734.3
2025-10-21 13:00:00+00:00,6.291,6.313,6.239,6.273,354708.4
2025-10-21 14:00:00+00:00,6.273,6.552,6.27,6.546,865939.3
2025-10-21 15:00:00+00:00,6.546,6.648,6.481,6.586,810755.2
2025-10-21 16:00:00+00:00,6.586,6.637,6.481,6.502,665541.5
2025-10-21 17:00:00+00:00,6.502,6.563,6.444,6.532,506947.5
2025-10-21 18:00:00+00:00,6.532,6.555,6.494,6.539,146454.8
2025-10-21 19:00:00+00:00,6.539,6.546,6.506,6.507,64911.2
2025-10-21 20:00:00+00:00,6.507,6.513,6.413,6.439,242276.0
2025-10-21 21:00:00+00:00,6.439,6.472,6.36,6.445,250333.9
2025-10-21 22:00:00+00:00,6.445,6.445,6.308,6.331,298810.7
2025-10-21 23:00:00+00:00,6.331,6.349,6.236,6.248,228378.4
2025-10-22 00:00:00+00:00,6.248,6.297,6.199,6.214,332734.3
2025-10-22 01:00:00+00:00,6.214,6.27,6.211,6.247,192186.4
2025-10-22 02:00:00+00:00,6.247,6.279,6.241,6.254,109080.1
2025-10-22 03:00:00+00:00,6.254,6.254,6.206,6.231,217003.3
2025-10-22 04:00:00+00:00,6.231,6.276,6.226,6.265,108748.5
2025-10-22 05:00:00+00:00,6.265,6.265,6.148,6.199,220161.8
2025-10-22 06:00:00+00:00,6.199,6.199,6.162,6.162,118714.2
2025-10-22 07:00:00+00:00,6.162,6.197,6.132,6.19,193973.3
2025-10-22 08:00:00+00:00,6.19,6.202,6.159,6.182,111831.7
2025-10-22 09:00:00+00:00,6.182,6.195,6.126,6.144,183543.7
2025-10-22 10:00:00+00:00,6.144,6.168,6.118,6.123,149816.5
2025-10-22 11:00:00+00:00,6.123,6.188,6.041,6.136,842569.2
2025-10-22 12:00:00+00:00,6.136,6.172,6.111,6.153,189987.5
2025-10-22 13:00:00+00:00,6.153,6.226,6.116,6.216,458589.0
2025-10-22 14:00:00+00:00,6.216,6.218,6.06,6.183,1080769.8
2025-10-22 15:00:00+00:00,6.183,6.205,6.079,6.14,473723.5
2025-10-22 16:00:00+00:00,6.14,6.179,6.082,6.14,656623.3
2025-10-22 17:00:00+00:00,6.14,6.16,6.07,6.091,263331.9
2025-10-22 18:00:00+00:00,6.091,6.119,6.052,6.072,236044.8
2025-10-22 19:00:00+00:00,6.072,6.134,6.034,6.089,357574.3
2025-10-22 20:00:00+00:00,6.089,6.099,6.02,6.025,291734.4
2025-10-22 21:00:00+00:00,6.025,6.025,5.848,5.933,895483.7
2025-10-22 22:00:00+00:00,5.933,5.981,5.917,5.938,138634.5
2025-10-22 23:00:00+00:00,5.938,6.058,5.935,6.031,213219.0
2025-10-23 00:00:00+00:00,6.031,6.062,6.021,6.051,109599.6
2025-10-23 01:00:00+00:00,6.051,6.085,6.041,6.061,216613.6
2025-10-23 02:00:00+00:00,6.061,6.085,6.058,6.082,75225.0
2025-10-23 03:00:00+00:00,6.082,6.117,6.077,6.102,101435.1
2025-10-23 04:00:00+00:00,6.102,6.139,6.091,6.11,78509.8
2025-10-23 05:00:00+00:00,6.11,6.146,6.109,6.144,49286.1
2025-10-23 06:00:00+00:00,6.144,6.236,6.132,6.221,317650.5
2025-10-23 07:00:00+00:00,6.221,6.224,6.162,6.171,108309.2
2025-10-23 08:00:00+00:00,6.171,6.209,6.171,6.18,122462.4
2025-10-23 09:00:00+00:00,6.18,6.19,6.169,6.186,73989.5
2025-10-23 10:00:00+00:00,6.186,6.22,6.186,6.19,143174.0
2025-10-23 11:00:00+00:00,6.19,6.195,6.15,6.16,108146.9
2025-10-23 12:00:00+00:00,6.16,6.172,6.111,6.171,178171.7
2025-10-23 13:00:00+00:00,6.171,6.218,6.138,6.194,188079.7
2025-10-23 14:00:00+00:00,6.194,6.215,6.136,6.204,159623.7
2025-10-23 15:00:00+00:00,6.204,6.276,6.189,6.257,227111.8
2025-10-23 16:00:00+00:00,6.257,6.32,6.237,6.314,180554.5
2025-10-23 17:00:00+00:00,6.314,6.36,6.262,6.349,305106.8
2025-10-23 18:00:00+00:00,6.349,6.353,6.328,6.336,277479.8
2025-10-23 19:00:00+00:00,6.336,6.336,6.288,6.296,235835.7
2025-10-23 20:00:00+00:00,6.296,6.297,6.206,6.228,231183.7
2025-10-23 21:00:00+00:00,6.228,6.26,6.219,6.242,105499.4
2025-10-23 22:00:00+00:00,6.242,6.295,6.241,6.283,150850.2
2025-10-23 23:00:00+00:00,6.283,6.309,6.272,6.308,53349.5
2025-10-24 00:00:00+00:00,6.308,6.322,6.282,6.305,166069.6
2025-10-24 01:00:00+00:00,6.305,6.308,6.256,6.28,150258.2
2025-10-24 02:00:00+00:00,6.28,6.293,6.263,6.283,97945.5
2025-10-24 03:00:00+00:00,6.283,6.283,6.246,6.265,106998.9
2025-10-24 04:00:00+00:00,6.265,6.409,6.25,6.389,280655.6
2025-10-24 05:00:00+00:00,6.389,6.412,6.368,6.399,168495.5
2025-10-24 06:00:00+00:00,6.399,6.418,6.384,6.395,129664.3
2025-10-24 07:00:00+00:00,6.395,6.396,6.332,6.352,237814.5
2025-10-24 08:00:00+00:00,6.352,6.412,6.329,6.381,209185.5
2025-10-24 09:00:00+00:00,6.381,6.388,6.366,6.377,107542.4
2025-10-24 10:00:00+00:00,6.377,6.378,6.347,6.351,93238.6
2025-10-24 11:00:00+00:00,6.351,6.357,6.306,6.347,121781.9
2025-10-24 12:00:00+00:00,6.347,6.467,6.325,6.343,657826.9
2025-10-24 13:00:00+00:00,6.343,6.344,6.235,6.28,367069.1
2025-10-24 14:00:00+00:00,6.28,6.283,6.199,6.227,325289.2
2025-10-24 15:00:00+00:00,6.227,6.263,6.176,6.192,214757.5
2025-10-24 16:00:00+00:00,6.192,6.207,6.158,6.194,123104.0
2025-10-24 17:00:00+00:00,6.194,6.219,6.186,6.195,125322.0
2025-10-24 18:00:00+00:00,6.195,6.247,6.19,6.236,102905.5
2025-10-24 19:00:00+00:00,6.236,6.3,6.236,6.26,219663.6
2025-10-24 20:00:00+00:00,6.26,6.296,6.253,6.282,138149.2
2025-10-24 21:00:00+00:00,6.282,6.291,6.255,6.272,160691.8
2025-10-24 22:00:00+00:00,6.272,6.275,6.237,6.246,66473.4
2025-10-24 23:00:00+00:00,6.246,6.247,6.228,6.238,40035.4
2025-10-25 00:00:00+00:00,6.238,6.267,6.23,6.249,87102.1
2025-10-25 01:00:00+00:00,6.249,6.282,6.238,6.253,66818.5
2025-10-25 02:00:00+00:00,6.253,6.257,6.216,6.223,65570.9
2025-10-25 03:00:00+00:00,6.223,6.225,6.188,6.188,67272.5
2025-10-25 04:00:00+00:00,6.188,6.209,6.179,6.186,76117.9
2025-10-25 05:00:00+00:00,6.186,6.212,6.177,6.204,118188.6
2025-10-25 06:00:00+00:00,6.204,6.209,6.19,6.192,43584.5
2025-10-25 07:00:00+00:00,6.192,6.22,6.173,6.181,104662.9
2025-10-25 08:00:00+00:00,6.181,6.206,6.173,6.204,90912.0
2025-10-25 09:00:00+00:00,6.204,6.207,6.18,6.188,86283.8
2025-10-25 10:00:00+00:00,6.188,6.193,6.156,6.162,125436.1
2025-10-25 11:00:00+00:00,6.162,6.22,6.156,6.162,414657.5
2025-10-25 12:00:00+00:00,6.162,6.21,6.162,6.202,118822.3
2025-10-25 13:00:00+00:00,6.202,6.205,6.161,6.187,109557.3
2025-10-25 14:00:00+00:00,6.187,6.193,6.164,6.189,111030.9
2025-10-25 15:00:00+00:00,6.189,6.19,6.167,6.183,75090.3
2025-10-25 16:00:00+00:00,6.183,6.207,6.169,6.201,85725.5
2025-10-25 17:00:00+00:00,6.201,6.217,6.194,6.214,29961.6
2025-10-25 18:00:00+00:00,6.214,6.268,6.198,6.253,176540.8
2025-10-25 19:00:00+00:00,6.253,6.266,6.241,6.259,64237.4
2025-10-25 20:00:00+00:00,6.259,6.298,6.211,6.254,541440.7
2025-10-25 21:00:00+00:00,6.254,6.258,6.226,6.242,74241.2
2025-10-25 22:00:00+00:00,6.242,6.265,6.226,6.254,39853.9
2025-10-25 23:00:00+00:00,6.254,6.259,6.234,6.239,49164.2
2025-10-26 00:00:00+00:00,6.239,6.256,6.217,6.229,76638.0
2025-10-26 01:00:00+00:00,6.229,6.237,6.162,6.183,106752.9
2025-10-26 02:00:00+00:00,6.183,6.187,6.16,6.173,115168.0
2025-10-26 03:00:00+00:00,6.173,6.181,6.144,6.162,75787.3
2025-10-26 04:00:00+00:00,6.162,6.178,6.151,6.174,45027.8
2025-10-26 05:00:00+00:00,6.174,6.204,6.164,6.199,59885.4
2025-10-26 06:00:00+00:00,6.199,6.203,6.183,6.194,39947.1
2025-10-26 07:00:00+00:00,6.194,6.221,6.182,6.22,49770.1
2025-10-26 08:00:00+00:00,6.22,6.255,6.218,6.248,69039.0
2025-10-26 09:00:00+00:00,6.248,6.336,6.235,6.311,224023.6
2025-10-26 10:00:00+00:00,6.311,6.317,6.289,6.31,85037.8
2025-10-26 11:00:00+00:00,6.31,6.436,6.301,6.422,266448.5
2025-10-26 12:00:00+00:00,6.422,6.471,6.414,6.457,181246.9
2025-10-26 13:00:00+00:00,6.457,6.525,6.43,6.504,175739.5
2025-10-26 14:00:00+00:00,6.504,6.509,6.468,6.482,145537.9
2025-10-26 15:00:00+00:00,6.482,6.541,6.46,6.534,99227.3
2025-10-26 16:00:00+00:00,6.534,6.543,6.481,6.486,164607.5
2025-10-26 17:00:00+00:00,6.486,6.536,6.466,6.521,118885.5
2025-10-26 18:00:00+00:00,6.521,6.568,6.521,6.553,139586.2
2025-10-26 19:00:00+00:00,6.553,6.578,6.537,6.571,65905.2
2025-10-26 20:00:00+00:00,6.571,6.573,6.507,6.548,211565.7
2025-10-26 21:00:00+00:00,6.548,6.582,6.517,6.557,178949.1
2025-10-26 22:00:00+00:00,6.557,6.722,6.557,6.72,705899.9
2025-10-26 23:00:00+00:00,6.72,6.726,6.653,6.661,200823.9
2025-10-27 00:00:00+00:00,6.661,6.722,6.645,6.708,197132.9
2025-10-27 01:00:00+00:00,6.708,6.82,6.705,6.818,218796.3
2025-10-27 02:00:00+00:00,6.818,6.881,6.754,6.765,319546.5
2025-10-27 03:00:00+00:00,6.765,6.788,6.735,6.768,106538.5
2025-10-27 04:00:00+00:00,6.768,6.794,6.746,6.77,108925.0
2025-10-27 05:00:00+00:00,6.77,6.85,6.77,6.789,118788.0
2025-10-27 06:00:00+00:00,6.789,6.813,6.756,6.771,201953.9
2025-10-27 07:00:00+00:00,6.771,6.8,6.681,6.722,293729.9
2025-10-27 08:00:00+00:00,6.722,6.758,6.691,6.712,217992.1
2025-10-27 09:00:00+00:00,6.712,6.714,6.617,6.628,191162.9
2025-10-27 10:00:00+00:00,6.628,6.646,6.607,6.622,126152.9
2025-10-27 11:00:00+00:00,6.622,6.639,6.577,6.63,136989.3
2025-10-27 12:00:00+00:00,6.63,6.657,6.587,6.59,135145.0
2025-10-27 13:00:00+00:00,6.59,6.612,6.523,6.578,245269.6
2025-10-27 14:00:00+00:00,6.578,6.588,6.509,6.542,201625.5
2025-10-27 15:00:00+00:00,6.542,6.595,6.542,6.568,120074.9
2025-10-27 16:00:00+00:00,6.568,6.67,6.568,6.665,145413.8
2025-10-27 17:00:00+00:00,6.665,6.674,6.632,6.656,81482.1
2025-10-27 18:00:00+00:00,6.656,6.681,6.626,6.633,82046.7
2025-10-27 19:00:00+00:00,6.633,6.641,6.588,6.601,138331.0
2025-10-27 20:00:00+00:00,6.601,6.601,6.528,6.528,162656.9
2025-10-27 21:00:00+00:00,6.528,6.573,6.512,6.532,97814.1
2025-10-27 22:00:00+00:00,6.532,6.554,6.489,6.493,68614.5
2025-10-27 23:00:00+00:00,6.493,6.522,6.458,6.507,75171.8
2025-10-28 00:00:00+00:00,6.507,6.544,6.486,6.511,116491.7
2025-10-28 01:00:00+00:00,6.511,6.546,6.507,6.536,131731.9
2025-10-28 02:00:00+00:00,6.536,6.549,6.46,6.503,155274.2
2025-10-28 03:00:00+00:00,6.503,6.519,6.461,6.494,133000.5
2025-10-28 04:00:00+00:00,6.494,6.527,6.476,6.507,78909.1
2025-10-28 05:00:00+00:00,6.507,6.525,6.437,6.455,162048.7
2025-10-28 06:00:00+00:00,6.455,6.589,6.449,6.588,112097.5
2025-10-28 07:00:00+00:00,6.588,6.602,6.517,6.528,121413.6
2025-10-28 08:00:00+00:00,6.528,6.592,6.51,6.578,54384.0
2025-10-28 09:00:00+00:00,6.578,6.586,6.524,6.558,56133.0
2025-10-28 10:00:00+00:00,6.558,6.562,6.528,6.559,44981.6
2025-10-28 11:00:00+00:00,6.559,6.577,6.523,6.529,31015.7
2025-10-28 12:00:00+00:00,6.529,6.602,6.519,6.596,67893.0
2025-10-28 13:00:00+00:00,6.596,6.628,6.585,6.608,165787.0
2025-10-28 14:00:00+00:00,6.608,6.631,6.403,6.532,388156.2
2025-10-28 15:00:00+00:00,6.532,6.58,6.499,6.524,93793.5
2025-10-28 16:00:00+00:00,6.524,6.602,6.51,6.583,176533.1
2025-10-28 17:00:00+00:00,6.583,6.606,6.567,6.59,82368.8
2025-10-28 18:00:00+00:00,6.59,6.597,6.511,6.526,107418.5
2025-10-28 19:00:00+00:00,6.526,6.533,6.394,6.429,222284.6
2025-10-28 20:00:00+00:00,6.429,6.43,6.3,6.317,514955.6
2025-10-28 21:00:00+00:00,6.317,6.36,6.243,6.318,283187.0
2025-10-28 22:00:00+00:00,6.318,6.373,6.298,6.353,69585.8
2025-10-28 23:00:00+00:00,6.353,6.36,6.32,6.334,54483.0
2025-10-29 00:00:00+00:00,6.334,6.367,6.326,6.338,76313.8
2025-10-29 01:00:00+00:00,6.338,6.384,6.31,6.346,91449.0
2025-10-29 02:00:00+00:00,6.346,6.347,6.322,6.334,40158.7
2025-10-29 03:00:00+00:00,6.334,6.335,6.304,6.304,58208.0
2025-10-29 04:00:00+00:00,6.304,6.345,6.299,6.33,78443.2
2025-10-29 05:00:00+00:00,6.33,6.388,6.323,6.364,71315.4
2025-10-29 06:00:00+00:00,6.364,6.367,6.328,6.342,60330.5
2025-10-29 07:00:00+00:00,6.342,6.368,6.323,6.344,55611.2
2025-10-29 08:00:00+00:00,6.344,6.355,6.292,6.301,66902.4
2025-10-29 09:00:00+00:00,6.301,6.315,6.285,6.301,38850.0
2025-10-29 10:00:00+00:00,6.301,6.373,6.3,6.33,74336.1
2025-10-29 11:00:00+00:00,6.33,6.376,6.328,6.358,79046.4
2025-10-29 12:00:00+00:00,6.358,6.401,6.352,6.363,241067.9
2025-10-29 13:00:00+00:00,6.363,6.406,6.326,6.344,189320.7
2025-10-29 14:00:00+00:00,6.344,6.353,6.275,6.298,135808.2
2025-10-29 15:00:00+00:00,6.298,6.306,6.195,6.222,275234.5
2025-10-29 16:00:00+00:00,6.222,6.293,6.205,6.267,180710.6
2025-10-29 17:00:00+00:00,6.267,6.437,6.267,6.437,128097.4
2025-10-29 18:00:00+00:00,6.437,6.448,6.138,6.349,1456247.4
2025-10-29 19:00:00+00:00,6.349,6.443,6.319,6.386,408391.4
2025-10-29 20:00:00+00:00,6.386,6.444,6.34,6.432,297695.2
2025-10-29 21:00:00+00:00,6.432,6.438,6.386,6.406,66597.8
2025-10-29 22:00:00+00:00,6.406,6.41,6.349,6.357,49210.7
2025-10-29 23:00:00+00:00,6.357,6.361,6.254,6.288,294447.5
2025-10-30 00:00:00+00:00,6.288,6.348,6.24,6.337,181503.9
2025-10-30 01:00:00+00:00,6.337,6.352,6.297,6.328,125916.6
2025-10-30 02:00:00+00:00,6.328,6.383,6.317,6.373,107349.4
2025-10-30 03:00:00+00:00,6.373,6.374,6.018,6.106,2309185.8
2025-10-30 04:00:00+00:00,6.106,6.111,5.915,5.996,1263299.4
2025-10-30 05:00:00+00:00,5.996,6.101,5.979,6.077,323565.1
2025-10-30 06:00:00+00:00,6.077,6.105,6.024,6.075,332145.2
2025-10-30 07:00:00+00:00,6.075,6.143,6.068,6.115,204921.1
2025-10-30 08:00:00+00:00,6.115,6.115,6.041,6.041,176693.5
2025-10-30 09:00:00+00:00,6.041,6.054,5.984,6.016,363353.6
2025-10-30 10:00:00+00:00,6.016,6.044,5.994,6.024,164795.3
2025-10-30 11:00:00+00:00,6.024,6.037,5.992,5.997,83584.8
2025-10-30 12:00:00+00:00,5.997,6.005,5.901,5.949,408298.0
2025-10-30 13:00:00+00:00,5.949,5.987,5.864,5.871,670869.5
2025-10-30 14:00:00+00:00,5.871,5.915,5.844,5.866,549290.2
2025-10-30 15:00:00+00:00,5.866,5.883,5.781,5.806,301750.3
2025-10-30 16:00:00+00:00,5.806,5.857,5.776,5.838,195063.0
2025-10-30 17:00:00+00:00,5.838,5.839,5.731,5.811,357200.3
2025-10-30 18:00:00+00:00,5.811,5.816,5.71,5.728,188582.7
2025-10-30 19:00:00+00:00,5.728,5.75,5.66,5.675,342625.0
2025-10-30 20:00:00+00:00,5.675,5.766,5.661,5.756,403423.4
2025-10-30 21:00:00+00:00,5.756,5.789,5.717,5.767,102729.2
2025-10-30 22:00:00+00:00,5.767,5.784,5.752,5.777,104488.8
2025-10-30 23:00:00+00:00,5.777,5.849,5.757,5.84,218598.3
2025-10-31 00:00:00+00:00,5.84,5.888,5.824,5.881,234661.7
2025-10-31 01:00:00+00:00,5.881,5.918,5.87,5.897,176906.0
2025-10-31 02:00:00+00:00,5.897,5.903,5.831,5.858,130304.8
2025-10-31 03:00:00+00:00,5.858,5.892,5.845,5.885,108808.9
2025-10-31 04:00:00+00:00,5.885,5.948,5.882,5.943,237425.3
2025-10-31 05:00:00+00:00,5.943,5.943,5.9,5.908,61318.9
2025-10-31 06:00:00+00:00,5.908,5.927,5.867,5.887,577174.9
2025-10-31 07:00:00+00:00,5.887,5.896,5.865,5.879,136270.0
2025-10-31 08:00:00+00:00,5.879,5.886,5.842,5.862,96715.7
2025-10-31 09:00:00+00:00,5.862,5.873,5.828,5.84,78771.5
2025-10-31 10:00:00+00:00,5.84,5.848,5.788,5.789,96066.6
2025-10-31 11:00:00+00:00,5.789,5.839,5.743,5.834,383842.4
2025-10-31 12:00:00+00:00,5.834,5.843,5.753,5.756,220539.3
2025-10-31 13:00:00+00:00,5.756,5.804,5.707,5.738,249778.7
2025-10-31 14:00:00+00:00,5.738,5.771,5.693,5.763,275642.0
2025-10-31 15:00:00+00:00,5.763,5.782,5.703,5.734,226391.9
2025-10-31 16:00:00+00:00,5.734,5.738,5.629,5.638,298044.7
2025-10-31 17:00:00+00:00,5.638,5.686,5.607,5.66,213595.4
2025-10-31 18:00:00+00:00,5.66,5.731,5.635,5.702,209924.2
2025-10-31 19:00:00+00:00,5.702,5.809,5.665,5.785,253764.5
2025-10-31 20:00:00+00:00,5.785,5.792,5.732,5.741,131977.3
2025-10-31 21:00:00+00:00,5.741,5.751,5.721,5.745,79173.9
2025-10-31 22:00:00+00:00,5.745,5.78,5.738,5.749,80943.3
2025-10-31 23:00:00+00:00,5.749,5.752,5.727,5.739,77225.7
2025-11-01 00:00:00+00:00,5.739,5.776,5.724,5.775,148769.8
2025-11-01 01:00:00+00:00,5.775,5.783,5.746,5.747,65813.6
2025-11-01 02:00:00+00:00,5.747,5.788,5.729,5.783,49996.1
2025-11-01 03:00:00+00:00,5.783,5.816,5.781,5.808,91129.4
2025-11-01 04:00:00+00:00,5.808,5.817,5.775,5.781,82705.6
2025-11-01 05:00:00+00:00,5.781,5.783,5.72,5.736,128214.0
2025-11-01 06:00:00+00:00,5.736,5.776,5.736,5.774,105312.8
2025-11-01 07:00:00+00:00,5.774,5.809,5.757,5.801,161320.4
2025-11-01 08:00:00+00:00,5.801,5.829,5.79,5.826,114669.1
2025-11-01 09:00:00+00:00,5.826,5.837,5.792,5.811,83030.6
2025-11-01 10:00:00+00:00,5.811,5.865,5.811,5.841,174794.8
2025-11-01 11:00:00+00:00,5.841,5.86,5.812,5.838,80312.4
2025-11-01 12:00:00+00:00,5.838,5.857,5.833,5.844,62020.7
2025-11-01 13:00:00+00:00,5.844,5.87,5.801,5.833,85546.3
2025-11-01 14:00:00+00:00,5.833,5.852,5.779,5.809,111408.1
2025-11-01 15:00:00+00:00,5.809,5.861,5.803,5.852,87942.6
2025-11-01 16:00:00+00:00,5.852,5.893,5.837,5.872,114862.0
2025-11-01 17:00:00+00:00,5.872,5.876,5.832,5.84,78413.5
2025-11-01 18:00:00+00:00,5.84,5.848,5.826,5.837,45937.0
2025-11-01 19:00:00+00:00,5.837,5.839,5.815,5.839,40705.0
2025-11-01 20:00:00+00:00,5.839,5.865,5.835,5.843,37029.4
2025-11-01 21:00:00+00:00,5.843,5.861,5.799,5.803,82391.5
2025-11-01 22:00:00+00:00,5.803,5.862,5.8,5.856,78219.0
2025-11-01 23:00:00+00:00,5.856,5.867,5.844,5.859,63871.4
2025-11-02 00:00:00+00:00,5.859,5.862,5.83,5.844,72196.1
2025-11-02 01:00:00+00:00,5.844,5.856,5.819,5.832,49342.8
2025-11-02 02:00:00+00:00,5.832,5.866,5.822,5.837,34699.0
2025-11-02 03:00:00+00:00,5.837,5.848,5.823,5.832,24970.0
2025-11-02 04:00:00+00:00,5.832,5.879,5.824,5.876,148122.3
2025-11-02 05:00:00+00:00,5.876,5.877,5.839,5.873,53863.3
2025-11-02 06:00:00+00:00,5.873,5.888,5.859,5.882,81188.7
2025-11-02 07:00:00+00:00,5.882,5.923,5.867,5.909,86968.0
2025-11-02 08:00:00+00:00,5.909,5.918,5.861,5.867,71667.1
2025-11-02 09:00:00+00:00,5.867,5.897,5.826,5.834,119621.8
2025-11-02 10:00:00+00:00,5.834,5.847,5.789,5.829,106581.6
2025-11-02 11:00:00+00:00,5.829,5.887,5.826,5.883,81846.0
2025-11-02 12:00:00+00:00,5.883,5.886,5.849,5.855,42668.5
2025-11-02 13:00:00+00:00,5.855,5.858,5.796,5.814,103689.6
2025-11-02 14:00:00+00:00,5.814,5.826,5.714,5.743,232973.6
2025-11-02 15:00:00+00:00,5.743,5.782,5.721,5.753,134959.3
2025-11-02 16:00:00+00:00,5.753,5.8,5.706,5.798,176879.9
2025-11-02 17:00:00+00:00,5.798,5.8,5.736,5.762,84913.5
2025-11-02 18:00:00+00:00,5.762,5.77,5.74,5.743,32627.3
2025-11-02 19:00:00+00:00,5.743,5.753,5.719,5.744,52008.1
2025-11-02 20:00:00+00:00,5.744,5.753,5.731,5.749,33181.9
2025-11-02 21:00:00+00:00,5.749,5.783,5.744,5.775,74663.0
2025-11-02 22:00:00+00:00,5.775,5.806,5.748,5.779,93349.4
2025-11-02 23:00:00+00:00,5.779,5.873,5.779,5.856,250802.7
2025-11-03 00:00:00+00:00,5.856,5.882,5.78,5.785,179463.0
2025-11-03 01:00:00+00:00,5.785,5.788,5.72,5.734,145099.7
2025-11-03 02:00:00+00:00,5.734,5.741,5.656,5.685,239369.7
2025-11-03 03:00:00+00:00,5.685,5.7,5.446,5.456,540537.9
2025-11-03 04:00:00+00:00,5.456,5.457,5.38,5.413,391330.0
2025-11-03 05:00:00+00:00,5.413,5.455,5.312,5.319,396667.3
2025-11-03 06:00:00+00:00,5.319,5.362,5.276,5.344,380779.7
2025-11-03 07:00:00+00:00,5.344,5.407,5.325,5.339,277212.9
2025-11-03 08:00:00+00:00,5.339,5.387,5.324,5.374,166917.8
2025-11-03 09:00:00+00:00,5.374,5.436,5.364,5.367,232494.7
2025-11-03 10:00:00+00:00,5.367,5.406,5.316,5.347,288105.8
2025-11-03 11:00:00+00:00,5.347,5.412,5.345,5.393,230052.1
2025-11-03 12:00:00+00:00,5.393,5.432,5.385,5.389,148306.2
2025-11-03 13:00:00+00:00,5.389,5.419,5.359,5.403,164873.9
2025-11-03 14:00:00+00:00,5.403,5.462,5.368,5.412,347509.0
2025-11-03 15:00:00+00:00,5.412,5.423,4.934,5.13,3886387.6
2025-11-03 16:00:00+00:00,5.13,5.249,5.098,5.205,974543.0
2025-11-03 17:00:00+00:00,5.205,5.321,5.197,5.291,415185.6
2025-11-03 18:00:00+00:00,5.291,5.302,5.216,5.223,228944.7
2025-11-03 19:00:00+00:00,5.223,5.247,5.181,5.188,204966.4
2025-11-03 20:00:00+00:00,5.188,5.196,5.086,5.109,231699.7
2025-11-03 21:00:00+00:00,5.109,5.174,5.079,5.171,287647.6
2025-11-03 22:00:00+00:00,5.171,5.186,5.107,5.163,158782.6
2025-11-03 23:00:00+00:00,5.163,5.2,5.122,5.194,120060.3
2025-11-04 00:00:00+00:00,5.194,5.278,5.167,5.244,200970.9
2025-11-04 01:00:00+00:00,5.244,5.272,5.212,5.256,137518.0
2025-11-04 02:00:00+00:00,5.256,5.272,5.213,5.219,92239.0
2025-11-04 03:00:00+00:00,5.219,5.277,5.216,5.262,136279.6
2025-11-04 04:00:00+00:00,5.262,5.28,5.23,5.238,123645.5
2025-11-04 05:00:00+00:00,5.238,5.262,5.034,5.045,663943.2
2025-11-04 06:00:00+00:00,5.045,5.207,5.038,5.107,468862.5
2025-11-04 07:00:00+00:00,5.107,5.112,5.019,5.057,506687.0
2025-11-04 08:00:00+00:00,5.057,5.17,5.043,5.117,577769.5
2025-11-04 09:00:00+00:00,5.117,5.166,5.102,5.163,263611.5
2025-11-04 10:00:00+00:00,5.163,5.186,5.151,5.174,177855.5
2025-11-04 11:00:00+00:00,5.174,5.233,5.166,5.207,200628.8
2025-11-04 12:00:00+00:00,5.207,5.207,5.14,5.157,138668.0
2025-11-04 13:00:00+00:00,5.157,5.181,5.115,5.137,191064.7
2025-11-04 14:00:00+00:00,5.137,5.257,5.084,5.227,430927.2
2025-11-04 15:00:00+00:00,5.227,5.256,5.13,5.147,413335.9
2025-11-04 16:00:00+00:00,5.147,5.197,5.06,5.069,469148.0
2025-11-04 17:00:00+00:00,5.069,5.084,4.929,5.027,678903.7
2025-11-04 18:00:00+00:00,5.027,5.027,4.87,5.01,790511.1
2025-11-04 19:00:00+00:00,5.01,5.052,4.934,4.941,280872.5
2025-11-04 20:00:00+00:00,4.941,4.971,4.735,4.918,1117285.1
2025-11-04 21:00:00+00:00,4.918,4.967,4.729,4.966,1234076.8
2025-11-04 22:00:00+00:00,4.966,5.106,4.947,5.083,570413.4
2025-11-04 23:00:00+00:00,5.083,5.131,5.052,5.067,389191.5
2025-11-05 00:00:00+00:00,5.067,5.09,4.991,5.025,334519.4
2025-11-05 01:00:00+00:00,5.025,5.029,4.866,5.008,656403.4
2025-11-05 02:00:00+00:00,5.008,5.155,5.007,5.154,472971.9
2025-11-05 03:00:00+00:00,5.154,5.186,5.116,5.174,305442.1
2025-11-05 04:00:00+00:00,5.174,5.199,5.145,5.158,329627.2
2025-11-05 05:00:00+00:00,5.158,5.217,5.152,5.196,241513.5
2025-11-05 06:00:00+00:00,5.196,5.213,5.168,5.205,196959.1
2025-11-05 07:00:00+00:00,5.205,5.222,5.144,5.217,203852.2
2025-11-05 08:00:00+00:00,5.217,5.22,5.117,5.147,294117.2
2025-11-05 09:00:00+00:00,5.147,5.215,5.138,5.208,252994.5
2025-11-05 10:00:00+00:00,5.208,5.238,5.148,5.159,515891.6
2025-11-05 11:00:00+00:00,5.159,5.283,5.158,5.276,418132.3
2025-11-05 12:00:00+00:00,5.276,5.284,5.226,5.252,356036.9
2025-11-05 13:00:00+00:00,5.252,5.311,5.246,5.283,295947.5
2025-11-05 14:00:00+00:00,5.283,5.312,5.25,5.306,381762.2
2025-11-05 15:00:00+00:00,5.306,5.369,5.273,5.367,338540.5
2025-11-05 16:00:00+00:00,5.367,5.397,5.314,5.388,356805.4
2025-11-05 17:00:00+00:00,5.388,5.406,5.363,5.404,170819.4
2025-11-05 18:00:00+00:00,5.404,5.49,5.4,5.469,267555.8
2025-11-05 19:00:00+00:00,5.469,5.483,5.43,5.45,269407.4
2025-11-05 20:00:00+00:00,5.45,5.484,5.372,5.381,451433.8
2025-11-05 21:00:00+00:00,5.381,5.381,5.33,5.358,238501.5
2025-11-05 22:00:00+00:00,5.358,5.38,5.323,5.379,114248.4
2025-11-05 23:00:00+00:00,5.379,5.384,5.338,5.341,199231.4
2025-11-06 00:00:00+00:00,5.341,5.349,5.306,5.327,158265.7
2025-11-06 01:00:00+00:00,5.327,5.327,5.253,5.318,193253.5
2025-11-06 02:00:00+00:00,5.318,5.368,5.283,5.34,112099.9
2025-11-06 03:00:00+00:00,5.34,5.349,5.322,5.333,111330.7
2025-11-06 04:00:00+00:00,5.333,5.359,5.327,5.338,107816.0
2025-11-06 05:00:00+00:00,5.338,5.338,5.253,5.263,113280.5
2025-11-06 06:00:00+00:00,5.263,5.294,5.262,5.268,77899.4
2025-11-06 07:00:00+00:00,5.268,5.296,5.226,5.241,165290.1
2025-11-06 08:00:00+00:00,5.241,5.269,5.232,5.25,86967.8
2025-11-06 09:00:00+00:00,5.25,5.279,5.237,5.247,99202.9
2025-11-06 10:00:00+00:00,5.247,5.304,5.234,5.283,137208.1
2025-11-06 11:00:00+00:00,5.283,5.288,5.244,5.28,120628.6
2025-11-06 12:00:00+00:00,5.28,5.284,5.215,5.226,192433.4
2025-11-06 13:00:00+00:00,5.226,5.335,5.217,5.303,185404.2
2025-11-06 14:00:00+00:00,5.303,5.316,5.221,5.235,265378.5
2025-11-06 15:00:00+00:00,5.235,5.306,5.177,5.195,512328.1
2025-11-06 16:00:00+00:00,5.195,5.224,5.102,5.169,333055.7
2025-11-06 17:00:00+00:00,5.169,5.243,5.134,5.232,230112.4
2025-11-06 18:00:00+00:00,5.232,5.305,5.187,5.251,298758.6
2025-11-06 19:00:00+00:00,5.251,5.297,5.23,5.285,292272.6
2025-11-06 20:00:00+00:00,5.285,5.308,5.218,5.244,155664.8
2025-11-06 21:00:00+00:00,5.244,5.298,5.224,5.281,114911.6
2025-11-06 22:00:00+00:00,5.281,5.296,5.233,5.281,86622.1
2025-11-06 23:00:00+00:00,5.281,5.293,5.21,5.25,182213.7
2025-11-07 00:00:00+00:00,5.25,5.315,5.242,5.305,153951.1
2025-11-07 01:00:00+00:00,5.305,5.318,5.239,5.306,233302.3
2025-11-07 02:00:00+00:00,5.306,5.335,5.264,5.325,152608.6
2025-11-07 03:00:00+00:00,5.325,5.375,5.314,5.33,161133.0
2025-11-07 04:00:00+00:00,5.33,5.345,5.286,5.324,137981.6
2025-11-07 05:00:00+00:00,5.324,5.376,5.316,5.372,172984.3
2025-11-07 06:00:00+00:00,5.372,5.403,5.356,5.384,174662.3
2025-11-07 07:00:00+00:00,5.384,5.475,5.384,5.468,161756.8
2025-11-07 08:00:00+00:00,5.468,5.494,5.448,5.471,209706.8
2025-11-07 09:00:00+00:00,5.471,5.473,5.361,5.43,268306.2
2025-11-07 10:00:00+00:00,5.43,5.463,5.348,5.381,224552.9
2025-11-07 11:00:00+00:00,5.381,5.391,5.296,5.369,419155.1
2025-11-07 12:00:00+00:00,5.369,5.401,5.245,5.29,375680.9
2025-11-07 13:00:00+00:00,5.29,5.385,5.266,5.375,352418.7
2025-11-07 14:00:00+00:00,5.375,5.544,5.301,5.512,695392.5
2025-11-07 15:00:00+00:00,5.512,5.592,5.478,5.567,858273.7
2025-11-07 16:00:00+00:00,5.567,5.763,5.548,5.731,827492.8
2025-11-07 17:00:00+00:00,5.731,5.874,5.695,5.867,696539.7
2025-11-07 18:00:00+00:00,5.867,5.942,5.849,5.872,429278.9
2025-11-07 19:00:00+00:00,5.872,5.935,5.852,5.903,208865.7
2025-11-07 20:00:00+00:00,5.903,5.975,5.868,5.965,207023.8
2025-11-07 21:00:00+00:00,5.965,5.998,5.945,5.958,191258.0
2025-11-07 22:00:00+00:00,5.958,5.992,5.91,5.927,176295.8
2025-11-07 23:00:00+00:00,5.927,5.946,5.848,5.87,225696.5
2025-11-08 00:00:00+00:00,5.87,5.954,5.801,5.805,360096.6
2025-11-08 01:00:00+00:00,5.805,5.923,5.805,5.895,153623.6
2025-11-08 02:00:00+00:00,5.895,6.023,5.878,6.0,625380.1
2025-11-08 03:00:00+00:00,6.0,6.119,5.934,6.047,769164.6
2025-11-08 04:00:00+00:00,6.047,6.081,6.009,6.018,344924.2
2025-11-08 05:00:00+00:00,6.018,6.024,5.908,5.914,434188.8
2025-11-08 06:00:00+00:00,5.914,5.977,5.876,5.946,288506.3
2025-11-08 07:00:00+00:00,5.946,5.998,5.882,5.99,202593.5
2025-11-08 08:00:00+00:00,5.99,6.064,5.957,6.031,412837.0
2025-11-08 09:00:00+00:00,6.031,6.031,5.937,5.954,284414.2
2025-11-08 10:00:00+00:00,5.954,6.071,5.946,6.069,312057.1
2025-11-08 11:00:00+00:00,6.069,6.135,6.049,6.088,505885.7
2025-11-08 12:00:00+00:00,6.088,6.102,6.017,6.072,313088.3
2025-11-08 13:00:00+00:00,6.072,6.075,5.938,5.943,405142.0
2025-11-08 14:00:00+00:00,5.943,6.027,5.902,5.999,306003.9
2025-11-08 15:00:00+00:00,5.999,6.059,5.937,5.986,471976.1
2025-11-08 16:00:00+00:00,5.986,5.992,5.903,5.928,527401.9
2025-11-08 17:00:00+00:00,5.928,6.015,5.914,5.992,234520.7
2025-11-08 18:00:00+00:00,5.992,6.032,5.946,6.006,141774.5
2025-11-08 19:00:00+00:00,6.006,6.027,5.943,6.019,123130.0
2025-11-08 20:00:00+00:00,6.019,6.038,5.96,6.032,92439.7
2025-11-08 21:00:00+00:00,6.032,6.051,6.014,6.02,123051.2
2025-11-08 22:00:00+00:00,6.02,6.04,5.982,6.011,116627.1
2025-11-08 23:00:00+00:00,6.011,6.028,5.98,6.007,50841.1
2025-11-09 00:00:00+00:00,6.007,6.007,5.926,5.953,145537.7
2025-11-09 01:00:00+00:00,5.953,5.989,5.914,5.954,95274.9
2025-11-09 02:00:00+00:00,5.954,5.978,5.824,5.85,323752.1
2025-11-09 03:00:00+00:00,5.85,5.874,5.79,5.815,155651.6
2025-11-09 04:00:00+00:00,5.815,5.869,5.81,5.838,67659.7
2025-11-09 05:00:00+00:00,5.838,5.884,5.811,5.876,124589.8
2025-11-09 06:00:00+00:00,5.876,5.913,5.852,5.868,76712.2
2025-11-09 07:00:00+00:00,5.868,5.945,5.863,5.934,84666.9
2025-11-09 08:00:00+00:00,5.934,5.934,5.87,5.893,78675.7
2025-11-09 09:00:00+00:00,5.893,5.96,5.878,5.897,152119.1
2025-11-09 10:00:00+00:00,5.897,6.112,5.851,6.096,705162.2
2025-11-09 11:00:00+00:00,6.096,6.424,6.068,6.375,1412927.3
2025-11-09 12:00:00+00:00,6.375,6.512,6.311,6.491,927457.8
2025-11-09 13:00:00+00:00,6.491,6.505,6.397,6.414,582821.0
2025-11-09 14:00:00+00:00,6.414,6.653,6.372,6.586,1131833.6
2025-11-09 15:00:00+00:00,6.586,6.608,6.488,6.514,427595.9
2025-11-09 16:00:00+00:00,6.514,6.639,6.495,6.609,462516.8
2025-11-09 17:00:00+00:00,6.609,6.628,6.567,6.606,466878.4
2025-11-09 18:00:00+00:00,6.606,6.727,6.589,6.708,719048.6
2025-11-09 19:00:00+00:00,6.708,6.777,6.678,6.76,400294.9
2025-11-09 20:00:00+00:00,6.76,6.762,6.685,6.693,250974.0
2025-11-09 21:00:00+00:00,6.693,6.735,6.658,6.679,267237.5
2025-11-09 22:00:00+00:00,6.679,6.73,6.623,6.647,268557.0
2025-11-09 23:00:00+00:00,6.647,6.707,6.539,6.568,478799.5
2025-11-10 00:00:00+00:00,6.568,6.702,6.54,6.657,522718.4
2025-11-10 01:00:00+00:00,6.657,6.709,6.623,6.677,312939.4
2025-11-10 02:00:00+00:00,6.677,6.686,6.577,6.631,196794.8
2025-11-10 03:00:00+00:00,6.631,6.71,6.628,6.71,209252.6
2025-11-10 04:00:00+00:00,6.71,6.729,6.672,6.694,234694.8
2025-11-10 05:00:00+00:00,6.694,6.783,6.693,6.778,334236.5
2025-11-10 06:00:00+00:00,6.778,6.799,6.641,6.683,298881.3
2025-11-10 07:00:00+00:00,6.683,6.744,6.676,6.736,159981.6
2025-11-10 08:00:00+00:00,6.736,6.793,6.696,6.78,310299.5
2025-11-10 09:00:00+00:00,6.78,6.933,6.761,6.876,524480.7
2025-11-10 10:00:00+00:00,6.876,7.026,6.831,6.988,1862541.0
2025-11-10 11:00:00+00:00,6.988,7.206,6.982,7.136,1352317.7
2025-11-10 12:00:00+00:00,7.136,7.153,6.798,6.887,2682658.9
2025-11-10 13:00:00+00:00,6.887,6.949,6.845,6.931,723679.6
2025-11-10 14:00:00+00:00,6.931,6.932,6.784,6.83,697602.1
2025-11-10 15:00:00+00:00,6.83,7.026,6.825,6.968,977639.4
2025-11-10 16:00:00+00:00,6.968,6.976,6.902,6.928,423243.3
2025-11-10 17:00:00+00:00,6.928,7.029,6.907,7.022,269673.3
2025-11-10 18:00:00+00:00,7.022,7.034,6.968,6.99,189396.6
2025-11-10 19:00:00+00:00,6.99,7.305,6.984,7.158,1114272.7
2025-11-10 20:00:00+00:00,7.158,7.835,7.136,7.656,7288866.2
2025-11-10 21:00:00+00:00,7.656,8.956,7.374,8.631,7621216.8
2025-11-10 22:00:00+00:00,8.631,10.054,8.563,9.589,7312684.8
2025-11-10 23:00:00+00:00,9.589,9.791,8.898,9.342,6699556.5
2025-11-11 00:00:00+00:00,9.342,10.037,9.072,9.486,8203497.3
2025-11-11 01:00:00+00:00,9.486,10.302,9.324,9.603,5685862.2
2025-11-11 02:00:00+00:00,9.603,9.864,9.3,9.587,3656280.9
2025-11-11 03:00:00+00:00,9.587,9.667,9.273,9.296,2244625.4
2025-11-11 04:00:00+00:00,9.296,9.352,8.994,9.205,3462689.3
2025-11-11 05:00:00+00:00,9.205,9.305,8.663,8.768,3562645.0
2025-11-11 06:00:00+00:00,8.768,8.848,8.56,8.715,3939136.7
2025-11-11 07:00:00+00:00,8.715,8.772,8.325,8.446,2731412.9
2025-11-11 08:00:00+00:00,8.446,8.579,8.204,8.295,2363208.2
2025-11-11 09:00:00+00:00,8.295,8.442,8.145,8.173,1987391.1
2025-11-11 10:00:00+00:00,8.173,8.717,8.171,8.666,4380417.6
2025-11-11 11:00:00+00:00,8.666,8.686,8.501,8.63,1690268.2
2025-11-11 12:00:00+00:00,8.63,8.865,8.401,8.44,3542294.8
2025-11-11 13:00:00+00:00,8.44,8.612,8.417,8.495,2844302.3
2025-11-11 14:00:00+00:00,8.495,9.358,8.338,9.294,4961650.8
2025-11-11 15:00:00+00:00,9.294,9.3,8.76,8.98,5885387.4
2025-11-11 16:00:00+00:00,8.98,9.099,8.771,8.999,1977074.9
2025-11-11 17:00:00+00:00,8.999,9.18,8.586,8.633,2905781.8
2025-11-11 18:00:00+00:00,8.633,8.72,8.528,8.662,1763692.3
2025-11-11 19:00:00+00:00,8.662,8.686,8.521,8.665,1200776.8
2025-11-11 20:00:00+00:00,8.665,8.696,8.433,8.489,1465009.3
2025-11-11 21:00:00+00:00,8.489,8.586,8.293,8.308,1558892.6
2025-11-11 22:00:00+00:00,8.308,8.452,8.171,8.397,1604164.6
2025-11-11 23:00:00+00:00,8.397,8.407,8.144,8.244,1347954.0
2025-11-12 00:00:00+00:00,8.244,8.526,8.219,8.303,1659552.5
2025-11-12 01:00:00+00:00,8.303,8.632,8.279,8.468,1058684.6
2025-11-12 02:00:00+00:00,8.468,8.525,8.262,8.442,1035504.0
2025-11-12 03:00:00+00:00,8.442,8.824,8.437,8.708,1840102.0
2025-11-12 04:00:00+00:00,8.708,8.787,8.617,8.774,1134703.1
2025-11-12 05:00:00+00:00,8.774,8.857,8.57,8.626,1301412.3
2025-11-12 06:00:00+00:00,8.626,8.641,8.4,8.476,1065324.1
2025-11-12 07:00:00+00:00,8.476,8.568,8.363,8.401,1302857.6
2025-11-12 08:00:00+00:00,8.401,8.62,8.397,8.586,1259598.7
2025-11-12 09:00:00+00:00,8.586,8.674,8.541,8.56,1015331.0
2025-11-12 10:00:00+00:00,8.56,8.631,8.493,8.53,1402380.5
2025-11-12 11:00:00+00:00,8.53,8.807,8.508,8.651,1705952.2
2025-11-12 12:00:00+00:00,8.651,8.653,8.279,8.371,1869420.9
2025-11-12 13:00:00+00:00,8.371,8.443,8.275,8.344,1080550.3
2025-11-12 14:00:00+00:00,8.344,8.403,8.057,8.169,2115128.5
2025-11-12 15:00:00+00:00,8.169,8.224,7.736,7.816,3487568.7
2025-11-12 16:00:00+00:00,7.816,7.972,7.753,7.77,3005893.3
2025-11-12 17:00:00+00:00,7.77,7.808,7.637,7.66,1766307.9
2025-11-12 18:00:00+00:00,7.66,7.729,7.565,7.636,948617.5
2025-11-12 19:00:00+00:00,7.636,7.666,7.534,7.547,788461.7
2025-11-12 20:00:00+00:00,7.547,7.67,7.512,7.605,958723.7
2025-11-12 21:00:00+00:00,7.605,7.666,7.556,7.579,610057.8
2025-11-12 22:00:00+00:00,7.579,7.742,7.463,7.659,937080.4
2025-11-12 23:00:00+00:00,7.659,7.671,7.546,7.56,572499.9
2025-11-13 00:00:00+00:00,7.56,7.664,7.52,7.595,636717.1
2025-11-13 01:00:00+00:00,7.595,7.885,7.561,7.804,1300099.7
2025-11-13 02:00:00+00:00,7.804,7.969,7.782,7.931,845845.0
2025-11-13 03:00:00+00:00,7.931,8.197,7.779,7.908,1911780.8
2025-11-13 04:00:00+00:00,7.908,8.096,7.879,8.042,950456.6
2025-11-13 05:00:00+00:00,8.042,8.142,7.95,8.099,660100.9
2025-11-13 06:00:00+00:00,8.099,8.123,7.912,7.991,831875.7
2025-11-13 07:00:00+00:00,7.991,8.057,7.822,7.863,936846.8
2025-11-13 08:00:00+00:00,7.863,8.093,7.858,7.93,820613.8
2025-11-13 09:00:00+00:00,7.93,7.943,7.797,7.812,551270.3
2025-11-13 10:00:00+00:00,7.812,7.943,7.812,7.896,467054.8
2025-11-13 11:00:00+00:00,7.896,8.016,7.855,7.917,581719.8
2025-11-13 12:00:00+00:00,7.917,8.056,7.862,8.036,465375.0
2025-11-13 13:00:00+00:00,8.036,8.036,7.804,7.816,637007.0
2025-11-13 14:00:00+00:00,7.816,8.131,7.624,8.07,2163157.4
2025-11-13 15:00:00+00:00,8.07,8.099,7.864,7.921,1269926.0
2025-11-13 16:00:00+00:00,7.921,8.016,7.763,7.785,987372.5
2025-11-13 17:00:00+00:00,7.785,7.788,7.505,7.559,1448351.8
2025-11-13 18:00:00+00:00,7.559,7.899,7.512,7.767,2201206.5
2025-11-13 19:00:00+00:00,7.767,7.771,7.512,7.571,1704454.8
2025-11-13 20:00:00+00:00,7.571,7.619,7.47,7.507,1133122.6
2025-11-13 21:00:00+00:00,7.507,7.575,7.441,7.554,921823.1
2025-11-13 22:00:00+00:00,7.554,7.768,7.538,7.707,661649.5
2025-11-13 23:00:00+00:00,7.707,7.836,7.666,7.746,833478.7
2025-11-14 00:00:00+00:00,7.746,7.796,7.552,7.576,789964.9
2025-11-14 01:00:00+00:00,7.576,7.627,7.481,7.51,531996.1
2025-11-14 02:00:00+00:00,7.51,7.684,7.509,7.63,494141.7
2025-11-14 03:00:00+00:00,7.63,7.634,7.486,7.589,450785.0
2025-11-14 04:00:00+00:00,7.589,7.589,7.221,7.368,1363281.9
2025-11-14 05:00:00+00:00,7.368,7.585,7.344,7.507,887303.1
2025-11-14 06:00:00+00:00,7.507,7.618,7.435,7.61,609969.7
2025-11-14 07:00:00+00:00,7.61,7.643,7.506,7.516,604974.7
2025-11-14 08:00:00+00:00,7.516,7.526,7.356,7.372,522218.9
2025-11-14 09:00:00+00:00,7.372,7.407,7.153,7.153,750356.5
2025-11-14 10:00:00+00:00,7.153,7.278,7.13,7.239,565033.1
2025-11-14 11:00:00+00:00,7.239,7.253,7.176,7.219,768079.4
2025-11-14 12:00:00+00:00,7.219,7.219,7.026,7.126,1231989.0
2025-11-14 13:00:00+00:00,7.126,7.228,7.05,7.113,750987.6
2025-11-14 14:00:00+00:00,7.113,7.239,6.969,7.194,1168409.8
2025-11-14 15:00:00+00:00,7.194,7.319,7.07,7.268,830746.2
2025-11-14 16:00:00+00:00,7.268,7.35,7.221,7.231,500388.9
2025-11-14 17:00:00+00:00,7.231,7.262,7.098,7.107,363354.3
2025-11-14 18:00:00+00:00,7.107,7.191,7.031,7.076,834184.6
2025-11-14 19:00:00+00:00,7.076,7.259,7.069,7.221,559243.7
2025-11-14 20:00:00+00:00,7.221,7.223,6.923,7.004,658366.5
2025-11-14 21:00:00+00:00,7.004,7.087,6.972,7.036,460656.8
2025-11-14 22:00:00+00:00,7.036,7.156,7.028,7.101,527991.0
2025-11-14 23:00:00+00:00,7.101,7.101,6.92,6.985,781008.7
2025-11-15 00:00:00+00:00,6.985,7.256,6.969,7.122,857753.7
2025-11-15 01:00:00+00:00,7.122,7.307,7.11,7.251,596890.2
2025-11-15 02:00:00+00:00,7.251,7.325,7.213,7.325,319510.5
2025-11-15 03:00:00+00:00,7.325,7.458,7.315,7.423,661045.8
2025-11-15 04:00:00+00:00,7.423,7.478,7.365,7.411,617375.9
2025-11-15 05:00:00+00:00,7.411,7.481,7.374,7.436,242304.0
2025-11-15 06:00:00+00:00,7.436,7.53,7.4,7.449,252831.5
2025-11-15 07:00:00+00:00,7.449,7.546,7.432,7.5,226329.2
2025-11-15 08:00:00+00:00,7.5,7.503,7.292,7.326,463086.4
2025-11-15 09:00:00+00:00,7.326,7.365,7.259,7.271,275916.8
2025-11-15 10:00:00+00:00,7.271,7.366,7.257,7.35,182857.5
2025-11-15 11:00:00+00:00,7.35,7.375,7.269,7.292,156401.3
2025-11-15 12:00:00+00:00,7.292,7.343,7.277,7.299,150968.8
2025-11-15 13:00:00+00:00,7.299,7.428,7.286,7.428,293268.9
2025-11-15 14:00:00+00:00,7.428,7.452,7.329,7.377,360003.1
2025-11-15 15:00:00+00:00,7.377,7.522,7.346,7.461,424359.8
2025-11-15 16:00:00+00:00,7.461,7.468,7.357,7.428,362712.1
2025-11-15 17:00:00+00:00,7.428,7.554,7.417,7.538,502362.2
2025-11-15 18:00:00+00:00,7.538,7.636,7.487,7.589,577938.1
2025-11-15 19:00:00+00:00,7.589,7.589,7.477,7.49,208841.3
2025-11-15 20:00:00+00:00,7.49,7.498,7.369,7.398,264355.7
2025-11-15 21:00:00+00:00,7.398,7.455,7.361,7.375,159881.7
2025-11-15 22:00:00+00:00,7.375,7.423,7.341,7.376,176379.8
2025-11-15 23:00:00+00:00,7.376,7.405,7.337,7.353,100325.1
2025-11-16 00:00:00+00:00,7.353,7.365,7.236,7.286,251135.9
2025-11-16 01:00:00+00:00,7.286,7.308,7.198,7.305,241171.9
2025-11-16 02:00:00+00:00,7.305,7.416,7.244,7.385,315006.6
2025-11-16 03:00:00+00:00,7.385,7.452,7.355,7.411,244097.1
2025-11-16 04:00:00+00:00,7.411,7.43,7.35,7.382,117053.9
2025-11-16 05:00:00+00:00,7.382,7.746,7.375,7.706,576603.2
2025-11-16 06:00:00+00:00,7.706,7.848,7.632,7.651,594105.9
2025-11-16 07:00:00+00:00,7.651,7.871,7.591,7.854,837329.6
2025-11-16 08:00:00+00:00,7.854,7.903,7.722,7.757,567218.5
2025-11-16 09:00:00+00:00,7.757,7.907,7.736,7.884,340566.2
2025-11-16 10:00:00+00:00,7.884,7.917,7.806,7.83,398620.4
2025-11-16 11:00:00+00:00,7.83,7.837,7.563,7.571,622425.5
2025-11-16 12:00:00+00:00,7.571,7.647,7.537,7.62,401828.0
2025-11-16 13:00:00+00:00,7.62,7.628,7.438,7.482,514184.3
2025-11-16 14:00:00+00:00,7.482,7.507,7.425,7.467,215304.0
2025-11-16 15:00:00+00:00,7.467,7.479,7.322,7.328,458177.1
2025-11-16 16:00:00+00:00,7.328,7.38,7.187,7.225,795456.1
2025-11-16 17:00:00+00:00,7.225,7.269,7.137,7.236,581031.1
2025-11-16 18:00:00+00:00,7.236,7.363,7.171,7.203,742169.1
2025-11-16 19:00:00+00:00,7.203,7.301,7.16,7.186,328882.0
2025-11-16 20:00:00+00:00,7.186,7.234,7.153,7.154,251337.9
2025-11-16 21:00:00+00:00,7.154,7.166,7.069,7.111,378291.0
2025-11-16 22:00:00+00:00,7.111,7.229,7.046,7.17,283441.6
2025-11-16 23:00:00+00:00,7.17,7.227,6.971,7.171,626901.6
2025-11-17 00:00:00+00:00,7.171,7.393,7.101,7.304,646700.6
2025-11-17 01:00:00+00:00,7.304,7.334,7.196,7.199,332066.5
2025-11-17 02:00:00+00:00,7.199,7.263,7.162,7.198,378320.7
2025-11-17 03:00:00+00:00,7.198,7.37,7.184,7.349,387993.7
2025-11-17 04:00:00+00:00,7.349,7.442,7.321,7.416,337582.1
2025-11-17 05:00:00+00:00,7.416,7.552,7.408,7.506,385185.4
2025-11-17 06:00:00+00:00,7.506,7.532,7.388,7.464,401666.4
2025-11-17 07:00:00+00:00,7.464,8.112,7.431,8.099,1760505.2
2025-11-17 08:00:00+00:00,8.099,8.151,7.794,7.873,1972010.1
2025-11-17 09:00:00+00:00,7.873,7.901,7.742,7.846,1148325.6
2025-11-17 10:00:00+00:00,7.846,8.148,7.797,7.994,1485319.0
2025-11-17 11:00:00+00:00,7.994,8.093,7.938,8.014,976073.6
2025-11-17 12:00:00+00:00,8.014,8.029,7.891,7.955,533184.0
2025-11-17 13:00:00+00:00,7.955,8.004,7.673,7.778,1511873.8
2025-11-17 14:00:00+00:00,7.778,8.103,7.681,7.892,2074535.0
2025-11-17 15:00:00+00:00,7.892,7.908,7.71,7.773,1247463.5
2025-11-17 16:00:00+00:00,7.773,7.784,7.545,7.708,1299329.7
2025-11-17 17:00:00+00:00,7.708,7.725,7.371,7.384,1222996.9
2025-11-17 18:00:00+00:00,7.384,7.401,7.198,7.214,981325.0
2025-11-17 19:00:00+00:00,7.214,7.252,7.094,7.147,793364.5
2025-11-17 20:00:00+00:00,7.147,7.24,7.081,7.164,958336.8
2025-11-17 21:00:00+00:00,7.164,7.427,7.163,7.423,1144068.2
2025-11-17 22:00:00+00:00,7.423,7.462,7.327,7.406,686980.1
2025-11-17 23:00:00+00:00,7.406,7.46,7.369,7.416,474107.4
2025-11-18 00:00:00+00:00,7.416,7.534,7.242,7.335,1146213.6
2025-11-18 01:00:00+00:00,7.335,7.484,7.284,7.375,882212.0
2025-11-18 02:00:00+00:00,7.375,7.584,7.278,7.426,1287060.1
2025-11-18 03:00:00+00:00,7.426,7.591,7.311,7.512,1296105.7
2025-11-18 04:00:00+00:00,7.512,7.521,7.261,7.409,781885.0
2025-11-18 05:00:00+00:00,7.409,7.422,7.282,7.294,1368604.4
2025-11-18 06:00:00+00:00,7.294,7.322,7.174,7.209,601247.8
2025-11-18 07:00:00+00:00,7.209,7.467,7.182,7.368,789709.2
2025-11-18 08:00:00+00:00,7.368,7.471,7.348,7.407,1053262.2
2025-11-18 09:00:00+00:00,7.407,7.414,7.302,7.349,403674.8
2025-11-18 10:00:00+00:00,7.349,7.352,7.257,7.313,302467.2
2025-11-18 11:00:00+00:00,7.313,7.403,7.274,7.35,360563.4
2025-11-18 12:00:00+00:00,7.35,7.356,7.259,7.294,359639.5
2025-11-18 13:00:00+00:00,7.294,7.37,7.27,7.339,335991.3
2025-11-18 14:00:00+00:00,7.339,7.492,7.275,7.342,955747.6
2025-11-18 15:00:00+00:00,7.342,7.643,7.298,7.609,1381934.9
2025-11-18 16:00:00+00:00,7.609,7.763,7.571,7.735,1077679.5
2025-11-18 17:00:00+00:00,7.735,7.755,7.611,7.676,695609.3
2025-11-18 18:00:00+00:00,7.676,7.75,7.64,7.689,777919.1
2025-11-18 19:00:00+00:00,7.689,7.692,7.518,7.545,414810.6
2025-11-18 20:00:00+00:00,7.545,7.561,7.5,7.508,297781.7
2025-11-18 21:00:00+00:00,7.508,7.548,7.427,7.431,415187.1
2025-11-18 22:00:00+00:00,7.431,7.561,7.428,7.522,185124.9
2025-11-18 23:00:00+00:00,7.522,7.549,7.472,7.493,128588.2
2025-11-19 00:00:00+00:00,7.493,7.496,7.353,7.425,421679.9
2025-11-19 01:00:00+00:00,7.425,7.432,7.306,7.377,395887.9
2025-11-19 02:00:00+00:00,7.377,7.514,7.364,7.424,493555.7
2025-11-19 03:00:00+00:00,7.424,7.457,7.239,7.286,767787.2
2025-11-19 04:00:00+00:00,7.286,7.303,7.217,7.23,347474.3
2025-11-19 05:00:00+00:00,7.23,7.243,7.092,7.17,551780.2
2025-11-19 06:00:00+00:00,7.17,7.246,7.138,7.214,425737.3
2025-11-19 07:00:00+00:00,7.214,7.306,7.188,7.291,558707.7
2025-11-19 08:00:00+00:00,7.291,7.393,7.281,7.354,522520.9
2025-11-19 09:00:00+00:00,7.354,7.398,7.287,7.352,268791.1
2025-11-19 10:00:00+00:00,7.352,7.397,7.324,7.353,222816.4
2025-11-19 11:00:00+00:00,7.353,7.36,7.26,7.28,227789.8
2025-11-19 12:00:00+00:00,7.28,7.313,7.25,7.296,218246.2
2025-11-19 13:00:00+00:00,7.296,7.298,7.163,7.175,309658.2
2025-11-19 14:00:00+00:00,7.175,7.178,7.017,7.065,1076689.2
2025-11-19 15:00:00+00:00,7.065,7.207,6.855,6.883,1416307.8
2025-11-19 16:00:00+00:00,6.883,6.963,6.864,6.947,776681.8
2025-11-19 17:00:00+00:00,6.947,7.023,6.874,6.953,877812.0
2025-11-19 18:00:00+00:00,6.953,6.959,6.831,6.878,580058.2
2025-11-19 19:00:00+00:00,6.878,6.885,6.811,6.84,327222.6
2025-11-19 20:00:00+00:00,6.84,6.943,6.816,6.934,289328.2
2025-11-19 21:00:00+00:00,6.934,7.135,6.92,7.072,780973.6
2025-11-19 22:00:00+00:00,7.072,7.091,6.996,7.069,298043.1
2025-11-19 23:00:00+00:00,7.069,7.237,7.062,7.221,563111.4
2025-11-20 00:00:00+00:00,7.221,7.262,7.173,7.219,355096.7
2025-11-20 01:00:00+00:00,7.219,7.305,7.212,7.264,318126.2
2025-11-20 02:00:00+00:00,7.264,7.309,7.173,7.303,500706.5
2025-11-20 03:00:00+00:00,7.303,7.338,7.259,7.284,232397.7
2025-11-20 04:00:00+00:00,7.284,7.289,7.191,7.267,256858.5
2025-11-20 05:00:00+00:00,7.267,7.282,7.195,7.208,161821.0
2025-11-20 06:00:00+00:00,7.208,7.279,7.175,7.208,228307.0
2025-11-20 07:00:00+00:00,7.208,7.344,7.179,7.32,240933.6
2025-11-20 08:00:00+00:00,7.32,7.338,7.252,7.26,271981.4
2025-11-20 09:00:00+00:00,7.26,7.263,7.187,7.223,469159.9
2025-11-20 10:00:00+00:00,7.223,7.252,7.193,7.239,221648.0
2025-11-20 11:00:00+00:00,7.239,7.281,7.205,7.269,116171.8
2025-11-20 12:00:00+00:00,7.269,7.321,7.217,7.311,212726.8
2025-11-20 13:00:00+00:00,7.311,7.379,7.218,7.263,479227.5
2025-11-20 14:00:00+00:00,7.263,7.281,7.141,7.213,761252.8
2025-11-20 15:00:00+00:00,7.213,7.221,7.042,7.054,660333.3
2025-11-20 16:00:00+00:00,7.054,7.064,6.671,6.716,1620606.5
2025-11-20 17:00:00+00:00,6.716,6.75,6.574,6.678,1200796.8
2025-11-20 18:00:00+00:00,6.678,6.719,6.557,6.577,659704.0
2025-11-20 19:00:00+00:00,6.577,6.609,6.471,6.585,719781.2
2025-11-20 20:00:00+00:00,6.585,6.643,6.529,6.576,314851.5
2025-11-20 21:00:00+00:00,6.576,6.715,6.576,6.649,327475.5
2025-11-20 22:00:00+00:00,6.649,6.725,6.63,6.709,247120.5
2025-11-20 23:00:00+00:00,6.709,6.721,6.553,6.565,311311.5
2025-11-21 00:00:00+00:00,6.565,6.684,6.563,6.653,286057.9
2025-11-21 01:00:00+00:00,6.653,6.736,6.634,6.686,273310.5
2025-11-21 02:00:00+00:00,6.686,6.71,6.543,6.569,403860.8
2025-11-21 03:00:00+00:00,6.569,6.69,6.568,6.581,313783.9
2025-11-21 04:00:00+00:00,6.581,6.642,6.522,6.628,284863.9
2025-11-21 05:00:00+00:00,6.628,6.641,6.515,6.541,296818.0
2025-11-21 06:00:00+00:00,6.541,6.576,6.471,6.489,370382.7
2025-11-21 07:00:00+00:00,6.489,6.52,5.895,6.278,2953888.4
2025-11-21 08:00:00+00:00,6.278,6.39,6.259,6.315,949245.2
2025-11-21 09:00:00+00:00,6.315,6.376,6.217,6.222,522604.9
2025-11-21 10:00:00+00:00,6.222,6.286,6.182,6.188,682052.5
2025-11-21 11:00:00+00:00,6.188,6.264,6.09,6.118,576855.8
2025-11-21 12:00:00+00:00,6.118,6.358,6.024,6.261,1011759.9
2025-11-21 13:00:00+00:00,6.261,6.334,6.237,6.278,469274.5
2025-11-21 14:00:00+00:00,6.278,6.391,6.253,6.33,634686.3
2025-11-21 15:00:00+00:00,6.33,6.352,6.205,6.23,556985.0
2025-11-21 16:00:00+00:00,6.23,6.4,6.169,6.391,697659.0
2025-11-21 17:00:00+00:00,6.391,6.483,6.386,6.406,596525.0
2025-11-21 18:00:00+00:00,6.406,6.522,6.323,6.442,504725.9
2025-11-21 19:00:00+00:00,6.442,6.472,6.365,6.392,261020.4
2025-11-21 20:00:00+00:00,6.392,6.395,6.285,6.335,223840.8
2025-11-21 21:00:00+00:00,6.335,6.467,6.308,6.43,221716.4
2025-11-21 22:00:00+00:00,6.43,6.449,6.289,6.291,213452.5
2025-11-21 23:00:00+00:00,6.291,6.462,6.263,6.419,221537.4
2025-11-22 00:00:00+00:00,6.419,6.487,6.417,6.456,223520.7
2025-11-22 01:00:00+00:00,6.456,6.518,6.437,6.509,119197.7
2025-11-22 02:00:00+00:00,6.509,6.518,6.44,6.456,115435.7
2025-11-22 03:00:00+00:00,6.456,6.538,6.445,6.52,174363.0
2025-11-22 04:00:00+00:00,6.52,6.536,6.414,6.456,426243.3
2025-11-22 05:00:00+00:00,6.456,6.47,6.34,6.392,218987.5
2025-11-22 06:00:00+00:00,6.392,6.456,6.338,6.41,181746.0
2025-11-22 07:00:00+00:00,6.41,6.416,6.316,6.316,475142.4
2025-11-22 08:00:00+00:00,6.316,6.339,6.171,6.181,688293.5
2025-11-22 09:00:00+00:00,6.181,6.228,6.145,6.151,293264.0
2025-11-22 10:00:00+00:00,6.151,6.195,6.094,6.125,206920.6
2025-11-22 11:00:00+00:00,6.125,6.22,6.095,6.107,247239.8
2025-11-22 12:00:00+00:00,6.107,6.108,6.011,6.056,283079.1
2025-11-22 13:00:00+00:00,6.056,6.084,6.016,6.031,158520.4
2025-11-22 14:00:00+00:00,6.031,6.168,6.03,6.128,238555.1
2025-11-22 15:00:00+00:00,6.128,6.143,6.024,6.053,254380.3
2025-11-22 16:00:00+00:00,6.053,6.138,6.041,6.081,354698.9
2025-11-22 17:00:00+00:00,6.081,6.083,6.02,6.034,100390.6
2025-11-22 18:00:00+00:00,6.034,6.072,6.006,6.053,103613.3
2025-11-22 19:00:00+00:00,6.053,6.078,5.97,6.005,160191.7
2025-11-22 20:00:00+00:00,6.005,6.045,5.902,5.936,285227.0
2025-11-22 21:00:00+00:00,5.936,5.969,5.899,5.912,124832.9
2025-11-22 22:00:00+00:00,5.912,6.326,5.853,6.243,765523.0
2025-11-22 23:00:00+00:00,6.243,6.295,6.128,6.156,676195.9
2025-11-23 00:00:00+00:00,6.156,6.189,6.079,6.107,234338.5
2025-11-23 01:00:00+00:00,6.107,6.22,6.098,6.187,185861.6
2025-11-23 02:00:00+00:00,6.187,6.279,6.169,6.241,303659.0
2025-11-23 03:00:00+00:00,6.241,6.284,6.204,6.279,104251.5
2025-11-23 04:00:00+00:00,6.279,6.348,6.261,6.286,232229.3
2025-11-23 05:00:00+00:00,6.286,6.325,6.259,6.282,271796.8
2025-11-23 06:00:00+00:00,6.282,6.301,6.246,6.249,190678.0
2025-11-23 07:00:00+00:00,6.249,6.253,6.173,6.193,295398.5
2025-11-23 08:00:00+00:00,6.193,6.245,6.19,6.243,141081.9
2025-11-23 09:00:00+00:00,6.243,6.273,6.216,6.241,92946.5
2025-11-23 10:00:00+00:00,6.241,6.245,6.168,6.2,123466.5
2025-11-23 11:00:00+00:00,6.2,6.2,6.135,6.164,116178.3
2025-11-23 12:00:00+00:00,6.164,6.261,6.156,6.201,202251.9
2025-11-23 13:00:00+00:00,6.201,6.248,6.172,6.234,121790.0
2025-11-23 14:00:00+00:00,6.234,6.276,6.175,6.182,155169.3
2025-11-23 15:00:00+00:00,6.182,6.281,6.175,6.243,132286.2
2025-11-23 16:00:00+00:00,6.243,6.261,6.118,6.128,206133.2
2025-11-23 17:00:00+00:00,6.128,6.132,6.05,6.081,455422.5
2025-11-23 18:00:00+00:00,6.081,6.205,6.08,6.155,327324.5
2025-11-23 19:00:00+00:00,6.155,6.234,6.143,6.202,212234.6
2025-11-23 20:00:00+00:00,6.202,6.245,6.193,6.204,152923.6
2025-11-23 21:00:00+00:00,6.204,6.286,6.163,6.265,210146.8
2025-11-23 22:00:00+00:00,6.265,6.299,6.192,6.238,274374.7
2025-11-23 23:00:00+00:00,6.238,6.261,6.117,6.131,181914.1
2025-11-24 00:00:00+00:00,6.131,6.173,6.072,6.12,312691.2
2025-11-24 01:00:00+00:00,6.12,6.196,6.083,6.184,202675.0
2025-11-24 02:00:00+00:00,6.184,6.354,6.174,6.323,532856.9
2025-11-24 03:00:00+00:00,6.323,6.4,6.283,6.368,302860.8
2025-11-24 04:00:00+00:00,6.368,6.391,6.201,6.247,414654.0
2025-11-24 05:00:00+00:00,6.247,6.421,6.235,6.375,473429.7
2025-11-24 06:00:00+00:00,6.375,6.386,6.241,6.276,433458.7
2025-11-24 07:00:00+00:00,6.276,6.29,6.223,6.228,263921.2
2025-11-24 08:00:00+00:00,6.228,6.285,6.209,6.26,211303.6
2025-11-24 09:00:00+00:00,6.26,6.261,6.126,6.138,317249.4
2025-11-24 10:00:00+00:00,6.138,6.185,6.103,6.121,266849.9
2025-11-24 11:00:00+00:00,6.121,6.161,6.091,6.145,135837.9
2025-11-24 12:00:00+00:00,6.145,6.153,6.071,6.105,392301.1
2025-11-24 13:00:00+00:00,6.105,6.198,6.097,6.109,252190.3
2025-11-24 14:00:00+00:00,6.109,6.195,6.049,6.152,658262.4
2025-11-24 15:00:00+00:00,6.152,6.235,6.106,6.19,773481.8
2025-11-24 16:00:00+00:00,6.19,6.276,6.185,6.247,446395.3
2025-11-24 17:00:00+00:00,6.247,6.388,6.24,6.343,924636.0
2025-11-24 18:00:00+00:00,6.343,6.363,6.306,6.356,562898.7
2025-11-24 19:00:00+00:00,6.356,6.393,6.324,6.348,406696.4
2025-11-24 20:00:00+00:00,6.348,6.412,6.326,6.392,358222.1
2025-11-24 21:00:00+00:00,6.392,6.404,6.34,6.352,176057.9
2025-11-24 22:00:00+00:00,6.352,6.4,6.331,6.355,273361.3
2025-11-24 23:00:00+00:00,6.355,6.364,6.279,6.289,412540.7
2025-11-25 00:00:00+00:00,6.289,6.31,6.215,6.281,417078.7
2025-11-25 01:00:00+00:00,6.281,6.343,6.255,6.273,410871.4
2025-11-25 02:00:00+00:00,6.273,6.31,6.225,6.31,332233.1
2025-11-25 03:00:00+00:00,6.31,6.333,6.255,6.273,131665.5
2025-11-25 04:00:00+00:00,6.273,6.369,6.265,6.353,257780.9
2025-11-25 05:00:00+00:00,6.353,6.358,6.277,6.301,235089.5
2025-11-25 06:00:00+00:00,6.301,6.303,6.21,6.232,385540.8
2025-11-25 07:00:00+00:00,6.232,6.254,6.186,6.192,181080.8
2025-11-25 08:00:00+00:00,6.192,6.23,6.141,6.145,298463.7
2025-11-25 09:00:00+00:00,6.145,6.2,6.104,6.184,414272.2
2025-11-25 10:00:00+00:00,6.184,6.186,6.136,6.175,406531.3
2025-11-25 11:00:00+00:00,6.175,6.177,6.12,6.133,162908.5
2025-11-25 12:00:00+00:00,6.133,6.203,6.124,6.172,178171.0
2025-11-25 13:00:00+00:00,6.172,6.198,6.037,6.082,334044.9
2025-11-25 14:00:00+00:00,6.082,6.11,5.92,5.959,806477.2
2025-11-25 15:00:00+00:00,5.959,5.979,5.88,5.919,740056.6
2025-11-25 16:00:00+00:00,5.919,6.082,5.903,6.019,401741.9
2025-11-25 17:00:00+00:00,6.019,6.128,5.988,6.067,341488.8
2025-11-25 18:00:00+00:00,6.067,6.145,6.045,6.062,389519.5
2025-11-25 19:00:00+00:00,6.062,6.102,5.955,6.096,312985.9
2025-11-25 20:00:00+00:00,6.096,6.167,6.085,6.133,348524.1
2025-11-25 21:00:00+00:00,6.133,6.162,6.108,6.121,148088.7
2025-11-25 22:00:00+00:00,6.121,6.224,6.069,6.211,439648.3
2025-11-25 23:00:00+00:00,6.211,6.315,6.196,6.23,444615.2
2025-11-26 00:00:00+00:00,6.23,6.257,6.21,6.227,141231.4
2025-11-26 01:00:00+00:00,6.227,6.315,6.214,6.27,195156.6
2025-11-26 02:00:00+00:00,6.27,6.28,6.22,6.221,90623.3
2025-11-26 03:00:00+00:00,6.221,6.245,6.151,6.156,434314.8
2025-11-26 04:00:00+00:00,6.156,6.192,6.14,6.16,145476.4
2025-11-26 05:00:00+00:00,6.16,6.21,6.149,6.2,159980.4
2025-11-26 06:00:00+00:00,6.2,6.225,6.174,6.22,106239.9
2025-11-26 07:00:00+00:00,6.22,6.231,6.198,6.225,144203.2
2025-11-26 08:00:00+00:00,6.225,6.228,6.136,6.136,109548.3
2025-11-26 09:00:00+00:00,6.136,6.142,6.076,6.086,147728.4
2025-11-26 10:00:00+00:00,6.086,6.111,6.062,6.099,190813.9
2025-11-26 11:00:00+00:00,6.099,6.125,6.084,6.1,95159.4
2025-11-26 12:00:00+00:00,6.1,6.109,6.017,6.062,400520.6
2025-11-26 13:00:00+00:00,6.062,6.132,6.057,6.127,192160.7
2025-11-26 14:00:00+00:00,6.127,6.149,6.033,6.048,320022.6
2025-11-26 15:00:00+00:00,6.048,6.085,5.992,6.04,350179.8
2025-11-26 16:00:00+00:00,6.04,6.188,6.037,6.167,344124.8
2025-11-26 17:00:00+00:00,6.167,6.366,6.157,6.32,649153.0
2025-11-26 18:00:00+00:00,6.32,6.383,6.312,6.38,381625.5
2025-11-26 19:00:00+00:00,6.38,6.381,6.321,6.341,170530.1
2025-11-26 20:00:00+00:00,6.341,6.344,6.25,6.293,221824.5
2025-11-26 21:00:00+00:00,6.293,6.364,6.29,6.339,133803.6
2025-11-26 22:00:00+00:00,6.339,6.37,6.306,6.314,85022.4
2025-11-26 23:00:00+00:00,6.314,6.334,6.27,6.298,75906.8
2025-11-27 00:00:00+00:00,6.298,6.324,6.262,6.303,175011.1
2025-11-27 01:00:00+00:00,6.303,6.385,6.292,6.37,414959.4
2025-11-27 02:00:00+00:00,6.37,6.426,6.286,6.297,492903.6
2025-11-27 03:00:00+00:00,6.297,6.367,6.25,6.259,187694.1
2025-11-27 04:00:00+00:00,6.259,6.303,6.244,6.257,142983.6
2025-11-27 05:00:00+00:00,6.257,6.257,6.176,6.192,184815.7
2025-11-27 06:00:00+00:00,6.192,6.222,6.172,6.206,182587.5
2025-11-27 07:00:00+00:00,6.206,6.23,6.173,6.196,118702.0
2025-11-27 08:00:00+00:00,6.196,6.197,6.145,6.183,149944.4
2025-11-27 09:00:00+00:00,6.183,6.248,6.175,6.192,297060.1
2025-11-27 10:00:00+00:00,6.192,6.198,6.153,6.178,180864.8
2025-11-27 11:00:00+00:00,6.178,6.179,6.15,6.153,120317.5
2025-11-27 12:00:00+00:00,6.153,6.164,6.092,6.099,337559.1
2025-11-27 13:00:00+00:00,6.099,6.151,6.095,6.122,239925.1
2025-11-27 14:00:00+00:00,6.122,6.166,6.109,6.148,162509.7
2025-11-27 15:00:00+00:00,6.148,6.217,6.134,6.177,770149.1
2025-11-27 16:00:00+00:00,6.177,6.235,6.153,6.224,256423.6
2025-11-27 17:00:00+00:00,6.224,6.23,6.174,6.209,130605.4
2025-11-27 18:00:00+00:00,6.209,6.262,6.205,6.242,151757.8
2025-11-27 19:00:00+00:00,6.242,6.262,6.223,6.255,133591.8
2025-11-27 20:00:00+00:00,6.255,6.274,6.232,6.24,66571.6
2025-11-27 21:00:00+00:00,6.24,6.25,6.194,6.196,64761.7
2025-11-27 22:00:00+00:00,6.196,6.212,6.129,6.143,182298.8
2025-11-27 23:00:00+00:00,6.143,6.172,6.12,6.136,86346.9
2025-11-28 00:00:00+00:00,6.136,6.166,6.121,6.132,141874.4
2025-11-28 01:00:00+00:00,6.132,6.139,6.058,6.064,215167.1
2025-11-28 02:00:00+00:00,6.064,6.119,6.045,6.115,154886.8
2025-11-28 03:00:00+00:00,6.115,6.127,6.093,6.105,104573.0
2025-11-28 04:00:00+00:00,6.105,6.126,6.088,6.092,71152.2
2025-11-28 05:00:00+00:00,6.092,6.14,6.077,6.121,124324.8
2025-11-28 06:00:00+00:00,6.121,6.121,6.073,6.091,106079.2
2025-11-28 07:00:00+00:00,6.091,6.121,6.079,6.085,105174.6
2025-11-28 08:00:00+00:00,6.085,6.305,6.084,6.279,495908.2
2025-11-28 09:00:00+00:00,6.279,6.3,6.227,6.271,264347.2
2025-11-28 10:00:00+00:00,6.271,6.286,6.245,6.275,180986.0
2025-11-28 11:00:00+00:00,6.275,6.283,6.168,6.187,274653.5
2025-11-28 12:00:00+00:00,6.187,6.219,6.162,6.203,155943.1
2025-11-28 13:00:00+00:00,6.203,6.328,6.177,6.285,277646.1
2025-11-28 14:00:00+00:00,6.285,6.355,6.242,6.281,430095.1
2025-11-28 15:00:00+00:00,6.281,6.329,6.248,6.269,214282.1
2025-11-28 16:00:00+00:00,6.269,6.269,6.103,6.118,572999.0
2025-11-28 17:00:00+00:00,6.118,6.139,6.061,6.092,451885.3
2025-11-28 18:00:00+00:00,6.092,6.13,6.05,6.123,254425.2
2025-11-28 19:00:00+00:00,6.123,6.217,6.12,6.19,182156.7
2025-11-28 20:00:00+00:00,6.19,6.21,6.141,6.205,200279.8
2025-11-28 21:00:00+00:00,6.205,6.223,6.136,6.142,182998.6
2025-11-28 22:00:00+00:00,6.142,6.176,6.123,6.161,161159.1
2025-11-28 23:00:00+00:00,6.161,6.192,6.115,6.126,63827.5
2025-11-29 00:00:00+00:00,6.126,6.162,6.12,6.156,91857.1
2025-11-29 01:00:00+00:00,6.156,6.21,6.153,6.18,132637.0
2025-11-29 02:00:00+00:00,6.18,6.194,6.139,6.161,135350.5
2025-11-29 03:00:00+00:00,6.161,6.181,6.116,6.12,97922.4
2025-11-29 04:00:00+00:00,6.12,6.172,6.103,6.169,97174.2
2025-11-29 05:00:00+00:00,6.169,6.169,6.126,6.128,65391.6
2025-11-29 06:00:00+00:00,6.128,6.143,6.075,6.099,194801.6
2025-11-29 07:00:00+00:00,6.099,6.113,6.083,6.103,97021.5
2025-11-29 08:00:00+00:00,6.103,6.148,6.099,6.115,83374.4
2025-11-29 09:00:00+00:00,6.115,6.127,6.093,6.113,78719.8
2025-11-29 10:00:00+00:00,6.113,6.173,6.091,6.164,171334.5
2025-11-29 11:00:00+00:00,6.164,6.173,6.138,6.15,87886.6
2025-11-29 12:00:00+00:00,6.15,6.15,6.101,6.108,78262.3
2025-11-29 13:00:00+00:00,6.108,6.117,6.089,6.103,85210.7
2025-11-29 14:00:00+00:00,6.103,6.103,6.074,6.081,91008.6
2025-11-29 15:00:00+00:00,6.081,6.142,6.076,6.119,177102.3
2025-11-29 16:00:00+00:00,6.119,6.119,6.071,6.091,54092.5
2025-11-29 17:00:00+00:00,6.091,6.099,6.018,6.02,258634.9
2025-11-29 18:00:00+00:00,6.02,6.03,5.971,6.024,369846.6
2025-11-29 19:00:00+00:00,6.024,6.04,6.011,6.021,102574.8
2025-11-29 20:00:00+00:00,6.021,6.078,6.007,6.075,68051.0
2025-11-29 21:00:00+00:00,6.075,6.08,6.048,6.06,137675.6
2025-11-29 22:00:00+00:00,6.06,6.062,6.028,6.031,61648.9
2025-11-29 23:00:00+00:00,6.031,6.08,6.017,6.053,91585.6
2025-11-30 00:00:00+00:00,6.053,6.079,6.05,6.07,72112.1
2025-11-30 01:00:00+00:00,6.07,6.112,6.061,6.094,63777.7
2025-11-30 02:00:00+00:00,6.094,6.11,6.047,6.05,54776.9
2025-11-30 03:00:00+00:00,6.05,6.116,6.003,6.116,193135.2
2025-11-30 04:00:00+00:00,6.116,6.116,6.068,6.096,82992.1
2025-11-30 05:00:00+00:00,6.096,6.1,6.043,6.055,82543.8
2025-11-30 06:00:00+00:00,6.055,6.158,6.043,6.109,150083.9
2025-11-30 07:00:00+00:00,6.109,6.219,6.102,6.214,208041.7
2025-11-30 08:00:00+00:00,6.214,6.272,6.152,6.222,361388.3
2025-11-30 09:00:00+00:00,6.222,6.249,6.161,6.199,510312.4
2025-11-30 10:00:00+00:00,6.199,6.214,6.132,6.143,238866.9
2025-11-30 11:00:00+00:00,6.143,6.166,6.109,6.116,152403.9
2025-11-30 12:00:00+00:00,6.116,6.181,6.099,6.151,136282.0
2025-11-30 13:00:00+00:00,6.151,6.233,6.147,6.186,236350.9
2025-11-30 14:00:00+00:00,6.186,6.194,6.126,6.151,102328.7
2025-11-30 15:00:00+00:00,6.151,6.151,6.101,6.127,61140.7
2025-11-30 16:00:00+00:00,6.127,6.191,6.125,6.173,109462.2
2025-11-30 17:00:00+00:00,6.173,6.185,6.138,6.175,104518.4
2025-11-30 18:00:00+00:00,6.175,6.175,6.13,6.141,89092.8
2025-11-30 19:00:00+00:00,6.141,6.156,6.132,6.138,59403.7
2025-11-30 20:00:00+00:00,6.138,6.169,6.116,6.145,87495.4
2025-11-30 21:00:00+00:00,6.145,6.148,6.11,6.131,61006.7
2025-11-30 22:00:00+00:00,6.131,6.174,6.13,6.163,88060.3
2025-11-30 23:00:00+00:00,6.163,6.168,6.026,6.035,263901.2
2025-12-01 00:00:00+00:00,6.035,6.054,5.619,5.622,2190702.2
2025-12-01 01:00:00+00:00,5.622,5.716,5.613,5.642,396265.7
2025-12-01 02:00:00+00:00,5.642,5.667,5.601,5.601,505998.0
2025-12-01 03:00:00+00:00,5.601,5.604,5.496,5.525,538550.8
2025-12-01 04:00:00+00:00,5.525,5.544,5.468,5.513,256595.6
2025-12-01 05:00:00+00:00,5.513,5.55,5.498,5.51,214691.4
2025-12-01 06:00:00+00:00,5.51,5.527,5.481,5.487,148350.8
2025-12-01 07:00:00+00:00,5.487,5.555,5.487,5.55,115303.7
2025-12-01 08:00:00+00:00,5.55,5.572,5.518,5.571,165373.8
2025-12-01 09:00:00+00:00,5.571,5.586,5.528,5.537,212995.5
2025-12-01 10:00:00+00:00,5.537,5.592,5.537,5.564,100177.1
2025-12-01 11:00:00+00:00,5.564,5.584,5.541,5.55,107762.7
2025-12-01 12:00:00+00:00,5.55,5.56,5.433,5.514,616355.0
2025-12-01 13:00:00+00:00,5.514,5.578,5.488,5.532,326242.2
2025-12-01 14:00:00+00:00,5.532,5.617,5.503,5.569,348663.4
2025-12-01 15:00:00+00:00,5.569,5.604,5.463,5.568,748023.8
2025-12-01 16:00:00+00:00,5.568,5.59,5.49,5.497,359193.1
2025-12-01 17:00:00+00:00,5.497,5.545,5.483,5.508,230780.4
2025-12-01 18:00:00+00:00,5.508,5.561,5.477,5.515,270750.2
2025-12-01 19:00:00+00:00,5.515,5.52,5.446,5.477,223517.2
2025-12-01 20:00:00+00:00,5.477,5.564,5.475,5.501,271852.2
2025-12-01 21:00:00+00:00,5.501,5.569,5.5,5.55,247712.6
2025-12-01 22:00:00+00:00,5.55,5.618,5.549,5.585,159472.4
2025-12-01 23:00:00+00:00,5.585,5.638,5.585,5.596,117475.3
2025-12-02 00:00:00+00:00,5.596,5.622,5.563,5.572,128518.5
2025-12-02 01:00:00+00:00,5.572,5.644,5.503,5.516,182290.3
2025-12-02 02:00:00+00:00,5.516,5.558,5.495,5.5,347013.3
2025-12-02 03:00:00+00:00,5.5,5.54,5.448,5.521,169313.1
2025-12-02 04:00:00+00:00,5.521,5.546,5.494,5.497,109806.4
2025-12-02 05:00:00+00:00,5.497,5.511,5.47,5.49,114983.5
2025-12-02 06:00:00+00:00,5.49,5.534,5.472,5.532,106007.6
2025-12-02 07:00:00+00:00,5.532,5.532,5.466,5.485,114145.3
2025-12-02 08:00:00+00:00,5.485,5.492,5.364,5.4,740611.9
2025-12-02 09:00:00+00:00,5.4,5.46,5.399,5.427,126021.5
2025-12-02 10:00:00+00:00,5.427,5.53,5.421,5.496,324938.8
2025-12-02 11:00:00+00:00,5.496,5.546,5.476,5.533,491384.2
2025-12-02 12:00:00+00:00,5.533,5.556,5.507,5.542,164075.9
2025-12-02 13:00:00+00:00,5.542,5.597,5.528,5.565,485337.5
2025-12-02 14:00:00+00:00,5.565,5.74,5.557,5.713,746914.6
2025-12-02 15:00:00+00:00,5.713,6.032,5.712,5.976,1236264.6
2025-12-02 16:00:00+00:00,5.976,6.01,5.85,5.901,733657.9
2025-12-02 17:00:00+00:00,5.901,5.982,5.892,5.954,308059.7
2025-12-02 18:00:00+00:00,5.954,5.989,5.927,5.943,322007.5
2025-12-02 19:00:00+00:00,5.943,6.023,5.925,5.946,397772.7
2025-12-02 20:00:00+00:00,5.946,5.948,5.863,5.916,337428.4
2025-12-02 21:00:00+00:00,5.916,5.921,5.897,5.913,92496.5
2025-12-02 22:00:00+00:00,5.913,5.98,5.904,5.963,313904.4
2025-12-02 23:00:00+00:00,5.963,5.975,5.904,5.914,239625.1
2025-12-03 00:00:00+00:00,5.914,5.974,5.912,5.947,303111.4
2025-12-03 01:00:00+00:00,5.947,5.973,5.925,5.952,148877.3
2025-12-03 02:00:00+00:00,5.952,6.017,5.944,6.007,459869.7
2025-12-03 03:00:00+00:00,6.007,6.027,5.973,5.985,224025.5
2025-12-03 04:00:00+00:00,5.985,6.113,5.967,6.112,362780.2
2025-12-03 05:00:00+00:00,6.112,6.134,6.053,6.112,401778.4
2025-12-03 06:00:00+00:00,6.112,6.17,6.07,6.095,245746.0
2025-12-03 07:00:00+00:00,6.095,6.096,6.047,6.052,142087.7
2025-12-03 08:00:00+00:00,6.052,6.087,6.036,6.078,113178.1
2025-12-03 09:00:00+00:00,6.078,6.085,6.008,6.056,148487.2
2025-12-03 10:00:00+00:00,6.056,6.077,6.001,6.01,157476.6
2025-12-03 11:00:00+00:00,6.01,6.033,5.997,6.027,114063.4
2025-12-03 12:00:00+00:00,6.027,6.047,5.997,6.009,163838.0
2025-12-03 13:00:00+00:00,6.009,6.06,6.002,6.043,159675.2
2025-12-03 14:00:00+00:00,6.043,6.08,5.891,5.936,1036182.6
2025-12-03 15:00:00+00:00,5.936,6.028,5.912,5.999,304804.2
2025-12-03 16:00:00+00:00,5.999,6.034,5.947,5.99,152836.6
2025-12-03 17:00:00+00:00,5.99,6.074,5.989,6.056,264648.0
2025-12-03 18:00:00+00:00,6.056,6.095,6.012,6.027,249799.3
2025-12-03 19:00:00+00:00,6.027,6.047,6.011,6.035,87701.0
2025-12-03 20:00:00+00:00,6.035,6.078,6.014,6.036,147132.8
2025-12-03 21:00:00+00:00,6.036,6.124,6.022,6.116,302121.8
2025-12-03 22:00:00+00:00,6.116,6.167,6.083,6.136,302553.0
2025-12-03 23:00:00+00:00,6.136,6.19,6.097,6.102,292873.6
2025-12-04 00:00:00+00:00,6.102,6.122,6.06,6.105,187930.2
2025-12-04 01:00:00+00:00,6.105,6.193,6.093,6.113,239712.1
2025-12-04 02:00:00+00:00,6.113,6.18,6.106,6.174,167959.3
2025-12-04 03:00:00+00:00,6.174,6.187,6.12,6.137,78886.7
2025-12-04 04:00:00+00:00,6.137,6.168,6.095,6.108,118372.2
2025-12-04 05:00:00+00:00,6.108,6.114,6.047,6.069,133793.9
2025-12-04 06:00:00+00:00,6.069,6.14,6.062,6.112,170914.4
2025-12-04 07:00:00+00:00,6.112,6.113,6.054,6.091,180912.5
2025-12-04 08:00:00+00:00,6.091,6.105,6.057,6.073,78459.7
2025-12-04 09:00:00+00:00,6.073,6.121,6.069,6.093,89701.7
2025-12-04 10:00:00+00:00,6.093,6.105,6.049,6.056,68462.6
2025-12-04 11:00:00+00:00,6.056,6.07,6.024,6.037,153528.5
2025-12-04 12:00:00+00:00,6.037,6.051,6.006,6.021,79823.1
2025-12-04 13:00:00+00:00,6.021,6.046,5.979,5.986,188821.6
2025-12-04 14:00:00+00:00,5.986,6.027,5.932,5.938,264872.5
2025-12-04 15:00:00+00:00,5.938,6.082,5.938,6.045,268791.2
2025-12-04 16:00:00+00:00,6.045,6.069,5.971,5.993,367741.1
2025-12-04 17:00:00+00:00,5.993,6.004,5.897,5.975,355539.9
2025-12-04 18:00:00+00:00,5.975,6.012,5.942,5.965,110407.6
2025-12-04 19:00:00+00:00,5.965,5.965,5.822,5.934,556494.4
2025-12-04 20:00:00+00:00,5.934,5.988,5.91,5.968,135455.7
2025-12-04 21:00:00+00:00,5.968,5.98,5.916,5.923,91542.8
2025-12-04 22:00:00+00:00,5.923,5.974,5.922,5.963,62067.1
2025-12-04 23:00:00+00:00,5.963,5.98,5.943,5.957,61315.1
2025-12-05 00:00:00+00:00,5.957,6.016,5.947,5.973,136500.3
2025-12-05 01:00:00+00:00,5.973,6.029,5.968,6.015,115323.8
2025-12-05 02:00:00+00:00,6.015,6.031,5.977,6.012,161969.0
2025-12-05 03:00:00+00:00,6.012,6.029,5.962,5.978,95466.5
2025-12-05 04:00:00+00:00,5.978,5.997,5.89,5.925,188995.1
2025-12-05 05:00:00+00:00,5.925,5.94,5.882,5.907,96582.0
2025-12-05 06:00:00+00:00,5.907,5.959,5.907,5.947,109342.5
2025-12-05 07:00:00+00:00,5.947,5.976,5.934,5.951,97195.7
2025-12-05 08:00:00+00:00,5.951,5.957,5.887,5.907,173330.7
2025-12-05 09:00:00+00:00,5.907,5.907,5.798,5.808,436532.4
2025-12-05 10:00:00+00:00,5.808,5.869,5.8,5.824,198848.0
2025-12-05 11:00:00+00:00,5.824,5.835,5.768,5.796,216465.1
2025-12-05 12:00:00+00:00,5.796,5.805,5.781,5.786,144004.3
2025-12-05 13:00:00+00:00,5.786,5.816,5.728,5.755,275847.6
2025-12-05 14:00:00+00:00,5.755,5.778,5.692,5.711,227734.6
2025-12-05 15:00:00+00:00,5.711,5.838,5.705,5.727,454234.6
2025-12-05 16:00:00+00:00,5.727,5.731,5.483,5.548,1030051.3
2025-12-05 17:00:00+00:00,5.548,5.572,5.509,5.54,354289.4
2025-12-05 18:00:00+00:00,5.54,5.588,5.452,5.456,325033.1
2025-12-05 19:00:00+00:00,5.456,5.541,5.42,5.515,329371.9
2025-12-05 20:00:00+00:00,5.515,5.54,5.478,5.49,129620.6
2025-12-05 21:00:00+00:00,5.49,5.526,5.485,5.499,114052.4
2025-12-05 22:00:00+00:00,5.499,5.544,5.478,5.523,64385.9
2025-12-05 23:00:00+00:00,5.523,5.527,5.462,5.467,214239.6
2025-12-06 00:00:00+00:00,5.467,5.468,5.41,5.455,256091.8
2025-12-06 01:00:00+00:00,5.455,5.483,5.445,5.48,83400.8
2025-12-06 02:00:00+00:00,5.48,5.483,5.453,5.479,68643.5
2025-12-06 03:00:00+00:00,5.479,5.523,5.478,5.51,105651.5
2025-12-06 04:00:00+00:00,5.51,5.512,5.463,5.496,85611.4
2025-12-06 05:00:00+00:00,5.496,5.506,5.489,5.496,30466.2
2025-12-06 06:00:00+00:00,5.496,5.52,5.491,5.504,49774.9
2025-12-06 07:00:00+00:00,5.504,5.505,5.468,5.486,120950.0
2025-12-06 08:00:00+00:00,5.486,5.494,5.448,5.452,82647.8
2025-12-06 09:00:00+00:00,5.452,5.498,5.449,5.492,76225.3
2025-12-06 10:00:00+00:00,5.492,5.523,5.466,5.472,71835.5
2025-12-06 11:00:00+00:00,5.472,5.492,5.466,5.481,110850.5
2025-12-06 12:00:00+00:00,5.481,5.512,5.466,5.492,136654.5
2025-12-06 13:00:00+00:00,5.492,5.528,5.486,5.52,87851.3
2025-12-06 14:00:00+00:00,5.52,5.583,5.511,5.55,315000.9
2025-12-06 15:00:00+00:00,5.55,5.557,5.487,5.525,209961.2
2025-12-06 16:00:00+00:00,5.525,5.603,5.52,5.576,128759.4
2025-12-06 17:00:00+00:00,5.576,5.593,5.561,5.588,63715.2
2025-12-06 18:00:00+00:00,5.588,5.624,5.573,5.59,86256.6
2025-12-06 19:00:00+00:00,5.59,5.594,5.53,5.547,153562.9
2025-12-06 20:00:00+00:00,5.547,5.573,5.543,5.571,38295.1
2025-12-06 21:00:00+00:00,5.571,5.6,5.552,5.567,79712.3
2025-12-06 22:00:00+00:00,5.567,5.577,5.538,5.55,55487.7
2025-12-06 23:00:00+00:00,5.55,5.562,5.53,5.558,71965.5
2025-12-07 00:00:00+00:00,5.558,5.612,5.557,5.598,88189.1
2025-12-07 01:00:00+00:00,5.598,5.598,5.57,5.57,46876.9
2025-12-07 02:00:00+00:00,5.57,5.627,5.57,5.615,78858.9
2025-12-07 03:00:00+00:00,5.615,5.622,5.591,5.618,59080.1
2025-12-07 04:00:00+00:00,5.618,5.622,5.582,5.585,52621.0
2025-12-07 05:00:00+00:00,5.585,5.61,5.575,5.598,34380.1
2025-12-07 06:00:00+00:00,5.598,5.632,5.595,5.632,63032.9
2025-12-07 07:00:00+00:00,5.632,5.632,5.564,5.585,87375.0
2025-12-07 08:00:00+00:00,5.585,5.595,5.553,5.56,85644.3
2025-12-07 09:00:00+00:00,5.56,5.571,5.501,5.517,159676.3
2025-12-07 10:00:00+00:00,5.517,5.54,5.503,5.519,281614.0
2025-12-07 11:00:00+00:00,5.519,5.552,5.517,5.527,36423.8
2025-12-07 12:00:00+00:00,5.527,5.58,5.526,5.566,70253.2
2025-12-07 13:00:00+00:00,5.566,5.577,5.492,5.516,100030.4
2025-12-07 14:00:00+00:00,5.516,5.522,5.31,5.355,887106.5
2025-12-07 15:00:00+00:00,5.355,5.533,5.345,5.517,459027.2
2025-12-07 16:00:00+00:00,5.517,5.518,5.456,5.517,199611.2
2025-12-07 17:00:00+00:00,5.517,5.64,5.475,5.613,444661.4
2025-12-07 18:00:00+00:00,5.613,5.667,5.613,5.634,153921.8
2025-12-07 19:00:00+00:00,5.634,5.643,5.603,5.639,118712.6
2025-12-07 20:00:00+00:00,5.639,5.651,5.625,5.648,67640.5
2025-12-07 21:00:00+00:00,5.648,5.648,5.469,5.502,229298.5
2025-12-07 22:00:00+00:00,5.502,5.502,5.361,5.431,329734.3
2025-12-07 23:00:00+00:00,5.431,5.458,5.394,5.455,115387.1
2025-12-08 00:00:00+00:00,5.455,5.5,5.425,5.478,155989.6
2025-12-08 01:00:00+00:00,5.478,5.623,5.476,5.54,235700.4
2025-12-08 02:00:00+00:00,5.54,5.594,5.529,5.584,56393.0
2025-12-08 03:00:00+00:00,5.584,5.604,5.555,5.565,108986.3
2025-12-08 04:00:00+00:00,5.565,5.645,5.565,5.612,96915.4
2025-12-08 05:00:00+00:00,5.612,5.636,5.601,5.625,70155.2
2025-12-08 06:00:00+00:00,5.625,5.715,5.615,5.669,174073.2
2025-12-08 07:00:00+00:00,5.669,5.694,5.651,5.663,115707.9
2025-12-08 08:00:00+00:00,5.663,5.684,5.652,5.68,88622.7
2025-12-08 09:00:00+00:00,5.68,5.765,5.678,5.73,252881.1
2025-12-08 10:00:00+00:00,5.73,5.737,5.705,5.723,77773.8
2025-12-08 11:00:00+00:00,5.723,5.739,5.683,5.695,99035.9
2025-12-08 12:00:00+00:00,5.695,5.696,5.651,5.676,127292.8
2025-12-08 13:00:00+00:00,5.676,5.705,5.64,5.657,155662.8
2025-12-08 14:00:00+00:00,5.657,5.736,5.634,5.67,292070.9
2025-12-08 15:00:00+00:00,5.67,5.692,5.574,5.596,448108.8
2025-12-08 16:00:00+00:00,5.596,5.661,5.557,5.605,342212.6
2025-12-08 17:00:00+00:00,5.605,5.634,5.562,5.622,198394.2
2025-12-08 18:00:00+00:00,5.622,5.639,5.547,5.576,195211.4
2025-12-08 19:00:00+00:00,5.576,5.621,5.571,5.595,102769.9
2025-12-08 20:00:00+00:00,5.595,5.65,5.593,5.634,73983.9
2025-12-08 21:00:00+00:00,5.634,5.676,5.613,5.654,131834.4
2025-12-08 22:00:00+00:00,5.654,5.659,5.602,5.627,158172.5
2025-12-08 23:00:00+00:00,5.627,5.638,5.595,5.612,46496.0
2025-12-09 00:00:00+00:00,5.612,5.631,5.542,5.557,97299.7
2025-12-09 01:00:00+00:00,5.557,5.569,5.479,5.486,203402.2
2025-12-09 02:00:00+00:00,5.486,5.508,5.451,5.451,108043.1
2025-12-09 03:00:00+00:00,5.451,5.519,5.422,5.508,206847.5
2025-12-09 04:00:00+00:00,5.508,5.512,5.44,5.464,151693.5
2025-12-09 05:00:00+00:00,5.464,5.479,5.434,5.45,99347.1
2025-12-09 06:00:00+00:00,5.45,5.468,5.419,5.462,61949.2
2025-12-09 07:00:00+00:00,5.462,5.482,5.447,5.473,60248.9
2025-12-09 08:00:00+00:00,5.473,5.485,5.457,5.472,95495.4
2025-12-09 09:00:00+00:00,5.472,5.475,5.435,5.439,79075.6
2025-12-09 10:00:00+00:00,5.439,5.486,5.438,5.476,117085.0
2025-12-09 11:00:00+00:00,5.476,5.485,5.456,5.479,56425.6
2025-12-09 12:00:00+00:00,5.479,5.546,5.468,5.536,122161.2
2025-12-09 13:00:00+00:00,5.536,5.554,5.482,5.494,158443.3
2025-12-09 14:00:00+00:00,5.494,5.52,5.451,5.487,171933.5
2025-12-09 15:00:00+00:00,5.487,5.734,5.481,5.717,762758.3
2025-12-09 16:00:00+00:00,5.717,5.931,5.717,5.91,745796.7
2025-12-09 17:00:00+00:00,5.91,5.97,5.852,5.882,557242.1
2025-12-09 18:00:00+00:00,5.882,5.905,5.858,5.871,142657.0
2025-12-09 19:00:00+00:00,5.871,5.879,5.823,5.84,148924.1
2025-12-09 20:00:00+00:00,5.84,5.855,5.744,5.798,323521.5
2025-12-09 21:00:00+00:00,5.798,5.811,5.653,5.727,404077.7
2025-12-09 22:00:00+00:00,5.727,5.808,5.727,5.786,241250.0
2025-12-09 23:00:00+00:00,5.786,5.793,5.741,5.742,67073.5
2025-12-10 00:00:00+00:00,5.742,5.756,5.641,5.646,150165.4
2025-12-10 01:00:00+00:00,5.646,5.672,5.608,5.642,280526.9
2025-12-10 02:00:00+00:00,5.642,5.679,5.62,5.658,76974.2
2025-12-10 03:00:00+00:00,5.658,5.668,5.645,5.653,72698.5
2025-12-10 04:00:00+00:00,5.653,5.678,5.636,5.657,106010.2
2025-12-10 05:00:00+00:00,5.657,5.681,5.643,5.648,70278.9
2025-12-10 06:00:00+00:00,5.648,5.651,5.618,5.627,74086.2
2025-12-10 07:00:00+00:00,5.627,5.628,5.574,5.607,78987.6
2025-12-10 08:00:00+00:00,5.607,5.619,5.582,5.582,63311.4
2025-12-10 09:00:00+00:00,5.582,5.628,5.559,5.626,88105.9
2025-12-10 10:00:00+00:00,5.626,5.673,5.546,5.548,201089.5
2025-12-10 11:00:00+00:00,5.548,5.561,5.522,5.555,156121.8
2025-12-10 12:00:00+00:00,5.555,5.56,5.525,5.56,72346.6
2025-12-10 13:00:00+00:00,5.56,5.573,5.54,5.548,123399.6
2025-12-10 14:00:00+00:00,5.548,5.559,5.524,5.545,145617.9
2025-12-10 15:00:00+00:00,5.545,5.596,5.521,5.577,211199.8
2025-12-10 16:00:00+00:00,5.577,5.652,5.555,5.637,152149.1
2025-12-10 17:00:00+00:00,5.637,5.699,5.624,5.652,160582.2
2025-12-10 18:00:00+00:00,5.652,5.79,5.634,5.713,263767.0
2025-12-10 19:00:00+00:00,5.713,5.822,5.643,5.794,669360.4
2025-12-10 20:00:00+00:00,5.794,5.942,5.731,5.75,593600.9
2025-12-10 21:00:00+00:00,5.75,5.775,5.676,5.682,246322.2
2025-12-10 22:00:00+00:00,5.682,5.706,5.597,5.674,145207.2
2025-12-10 23:00:00+00:00,5.674,5.686,5.591,5.595,45333.8
2025-12-11 00:00:00+00:00,5.595,5.603,5.477,5.494,486563.6
2025-12-11 01:00:00+00:00,5.494,5.506,5.43,5.433,234364.5
2025-12-11 02:00:00+00:00,5.433,5.433,5.36,5.382,327687.3
2025-12-11 03:00:00+00:00,5.382,5.382,5.286,5.312,396611.4
2025-12-11 04:00:00+00:00,5.312,5.387,5.288,5.371,221013.4
2025-12-11 05:00:00+00:00,5.371,5.384,5.353,5.375,91149.3
2025-12-11 06:00:00+00:00,5.375,5.375,5.328,5.355,54884.6
2025-12-11 07:00:00+00:00,5.355,5.375,5.341,5.351,82994.5
2025-12-11 08:00:00+00:00,5.351,5.361,5.324,5.35,75116.1
2025-12-11 09:00:00+00:00,5.35,5.393,5.331,5.34,84236.4
2025-12-11 10:00:00+00:00,5.34,5.358,5.324,5.351,65579.9
2025-12-11 11:00:00+00:00,5.351,5.418,5.348,5.399,97963.9
2025-12-11 12:00:00+00:00,5.399,5.401,5.358,5.36,105969.9
2025-12-11 13:00:00+00:00,5.36,5.376,5.342,5.367,85450.4
2025-12-11 14:00:00+00:00,5.367,5.38,5.302,5.332,219316.4
2025-12-11 15:00:00+00:00,5.332,5.401,5.313,5.342,241501.7
2025-12-11 16:00:00+00:00,5.342,5.378,5.304,5.332,155480.1
2025-12-11 17:00:00+00:00,5.332,5.383,5.323,5.335,140505.9
2025-12-11 18:00:00+00:00,5.335,5.45,5.326,5.4,226618.7
2025-12-11 19:00:00+00:00,5.4,5.469,5.393,5.411,192148.9
2025-12-11 20:00:00+00:00,5.411,5.472,5.391,5.461,213814.3
2025-12-11 21:00:00+00:00,5.461,5.596,5.452,5.574,370997.3
2025-12-11 22:00:00+00:00,5.574,5.595,5.503,5.525,151180.3
2025-12-11 23:00:00+00:00,5.525,5.566,5.49,5.544,96918.4
2025-12-12 00:00:00+00:00,5.544,5.581,5.462,5.47,171020.5
2025-12-12 01:00:00+00:00,5.47,5.555,5.47,5.524,93595.1
2025-12-12 02:00:00+00:00,5.524,5.586,5.506,5.567,71467.3
2025-12-12 03:00:00+00:00,5.567,5.582,5.528,5.534,41755.5
2025-12-12 04:00:00+00:00,5.534,5.536,5.502,5.507,38004.3
2025-12-12 05:00:00+00:00,5.507,5.542,5.488,5.541,47749.5
2025-12-12 06:00:00+00:00,5.541,5.604,5.541,5.557,113155.4
2025-12-12 07:00:00+00:00,5.557,5.592,5.543,5.569,75913.1
2025-12-12 08:00:00+00:00,5.569,5.59,5.536,5.575,134173.5
2025-12-12 09:00:00+00:00,5.575,5.633,5.555,5.629,112558.4
2025-12-12 10:00:00+00:00,5.629,5.648,5.592,5.6,148525.3
2025-12-12 11:00:00+00:00,5.6,5.602,5.553,5.571,91916.0
2025-12-12 12:00:00+00:00,5.571,5.608,5.558,5.606,107441.5
2025-12-12 13:00:00+00:00,5.606,5.63,5.594,5.612,150404.7
2025-12-12 14:00:00+00:00,5.612,5.614,5.56,5.586,217234.7
2025-12-12 15:00:00+00:00,5.586,5.586,5.241,5.285,926532.4
2025-12-12 16:00:00+00:00,5.285,5.309,5.205,5.262,798582.4
2025-12-12 17:00:00+00:00,5.262,5.343,5.257,5.293,238074.1
2025-12-12 18:00:00+00:00,5.293,5.376,5.291,5.337,245822.7
2025-12-12 19:00:00+00:00,5.337,5.35,5.308,5.345,100234.9
2025-12-12 20:00:00+00:00,5.345,5.359,5.315,5.353,185489.3
2025-12-12 21:00:00+00:00,5.353,5.387,5.344,5.375,61480.1
2025-12-12 22:00:00+00:00,5.375,5.411,5.368,5.381,144526.5
2025-12-12 23:00:00+00:00,5.381,5.429,5.379,5.417,90634.7
2025-12-13 00:00:00+00:00,5.417,5.441,5.391,5.396,56795.4
2025-12-13 01:00:00+00:00,5.396,5.411,5.368,5.378,62661.9
2025-12-13 02:00:00+00:00,5.378,5.415,5.378,5.409,62712.9
2025-12-13 03:00:00+00:00,5.409,5.42,5.397,5.398,39705.8
2025-12-13 04:00:00+00:00,5.398,5.417,5.391,5.407,99895.2
2025-12-13 05:00:00+00:00,5.407,5.409,5.381,5.388,40751.3
2025-12-13 06:00:00+00:00,5.388,5.409,5.383,5.404,34506.0
2025-12-13 07:00:00+00:00,5.404,5.437,5.401,5.431,46879.5
2025-12-13 08:00:00+00:00,5.431,5.49,5.426,5.473,111088.7
2025-12-13 09:00:00+00:00,5.473,5.483,5.458,5.474,59574.7
2025-12-13 10:00:00+00:00,5.474,5.503,5.47,5.483,120652.0
2025-12-13 11:00:00+00:00,5.483,5.495,5.455,5.457,67034.4
2025-12-13 12:00:00+00:00,5.457,5.471,5.429,5.445,83026.7
2025-12-13 13:00:00+00:00,5.445,5.456,5.42,5.425,59649.4
2025-12-13 14:00:00+00:00,5.425,5.442,5.408,5.427,68449.8
2025-12-13 15:00:00+00:00,5.427,5.462,5.426,5.459,58796.2
2025-12-13 16:00:00+00:00,5.459,5.48,5.445,5.452,48878.2
2025-12-13 17:00:00+00:00,5.452,5.453,5.428,5.441,57027.5
2025-12-13 18:00:00+00:00,5.441,5.463,5.433,5.44,53932.8
2025-12-13 19:00:00+00:00,5.44,5.451,5.419,5.441,64778.8
2025-12-13 20:00:00+00:00,5.441,5.451,5.435,5.44,16269.8
2025-12-13 21:00:00+00:00,5.44,5.448,5.406,5.445,43939.6
2025-12-13 22:00:00+00:00,5.445,5.479,5.433,5.463,58353.3
2025-12-13 23:00:00+00:00,5.463,5.524,5.455,5.497,84871.9
2025-12-14 00:00:00+00:00,5.497,5.548,5.469,5.53,127560.3
2025-12-14 01:00:00+00:00,5.53,5.535,5.5,5.511,58882.8
2025-12-14 02:00:00+00:00,5.511,5.558,5.499,5.543,69774.9
2025-12-14 03:00:00+00:00,5.543,5.543,5.499,5.51,83479.6
2025-12-14 04:00:00+00:00,5.51,5.513,5.488,5.503,47347.2
2025-12-14 05:00:00+00:00,5.503,5.504,5.456,5.487,59033.5
2025-12-14 06:00:00+00:00,5.487,5.491,5.459,5.48,24609.2
2025-12-14 07:00:00+00:00,5.48,5.483,5.463,5.479,24922.1
2025-12-14 08:00:00+00:00,5.479,5.489,5.448,5.453,54708.9
2025-12-14 09:00:00+00:00,5.453,5.459,5.44,5.452,39985.6
2025-12-14 10:00:00+00:00,5.452,5.456,5.415,5.424,65016.0
2025-12-14 11:00:00+00:00,5.424,5.439,5.333,5.402,219835.9
2025-12-14 12:00:00+00:00,5.402,5.441,5.377,5.433,103990.5
2025-12-14 13:00:00+00:00,5.433,5.434,5.392,5.419,62454.5
2025-12-14 14:00:00+00:00,5.419,5.433,5.352,5.385,72200.5
2025-12-14 15:00:00+00:00,5.385,5.389,5.357,5.378,73940.2
2025-12-14 16:00:00+00:00,5.378,5.416,5.359,5.386,116081.8
2025-12-14 17:00:00+00:00,5.386,5.399,5.324,5.337,101147.2
2025-12-14 18:00:00+00:00,5.337,5.366,5.328,5.364,85170.8
2025-12-14 19:00:00+00:00,5.364,5.364,5.316,5.328,83666.1
2025-12-14 20:00:00+00:00,5.328,5.358,5.298,5.319,128235.0
2025-12-14 21:00:00+00:00,5.319,5.345,5.288,5.303,118266.3
2025-12-14 22:00:00+00:00,5.303,5.331,5.288,5.316,100528.6
2025-12-14 23:00:00+00:00,5.316,5.344,5.242,5.306,211529.1
2025-12-15 00:00:00+00:00,5.306,5.351,5.29,5.339,144194.3
2025-12-15 01:00:00+00:00,5.339,5.425,5.332,5.402,142738.8
2025-12-15 02:00:00+00:00,5.402,5.461,5.384,5.387,267734.4
2025-12-15 03:00:00+00:00,5.387,5.404,5.376,5.388,109020.1
2025-12-15 04:00:00+00:00,5.388,5.412,5.371,5.394,63612.9
2025-12-15 05:00:00+00:00,5.394,5.404,5.375,5.385,46222.9
2025-12-15 06:00:00+00:00,5.385,5.424,5.368,5.402,51789.6
2025-12-15 07:00:00+00:00,5.402,5.41,5.357,5.373,55104.5
2025-12-15 08:00:00+00:00,5.373,5.395,5.366,5.38,42711.2
2025-12-15 09:00:00+00:00,5.38,5.424,5.377,5.408,85156.5
2025-12-15 10:00:00+00:00,5.408,5.45,5.395,5.417,75618.3
2025-12-15 11:00:00+00:00,5.417,5.426,5.371,5.396,54884.3
2025-12-15 12:00:00+00:00,5.396,5.413,5.379,5.409,42355.5
2025-12-15 13:00:00+00:00,5.409,5.414,5.34,5.362,189274.2
2025-12-15 14:00:00+00:00,5.362,5.419,5.198,5.231,548492.9
2025-12-15 15:00:00+00:00,5.231,5.239,5.058,5.101,1046243.3
2025-12-15 16:00:00+00:00,5.101,5.105,5.013,5.036,353251.1
2025-12-15 17:00:00+00:00,5.036,5.073,5.014,5.015,244235.8
2025-12-15 18:00:00+00:00,5.015,5.061,4.963,5.061,493807.2
2025-12-15 19:00:00+00:00,5.061,5.122,5.054,5.072,310447.9
2025-12-15 20:00:00+00:00,5.072,5.072,5.005,5.01,178048.4
2025-12-15 21:00:00+00:00,5.01,5.042,4.994,5.016,90987.0
2025-12-15 22:00:00+00:00,5.016,5.036,4.996,5.035,139677.5
2025-12-15 23:00:00+00:00,5.035,5.074,5.028,5.074,178257.1
2025-12-16 00:00:00+00:00,5.074,5.085,4.994,4.997,140864.9
2025-12-16 01:00:00+00:00,4.997,5.034,4.992,5.023,126405.3
2025-12-16 02:00:00+00:00,5.023,5.085,5.003,5.042,113608.5
2025-12-16 03:00:00+00:00,5.042,5.058,5.012,5.05,89539.4
2025-12-16 04:00:00+00:00,5.05,5.059,4.934,5.001,415484.1
2025-12-16 05:00:00+00:00,5.001,5.015,4.982,4.996,105285.7
2025-12-16 06:00:00+00:00,4.996,5.04,4.992,5.035,74875.9
2025-12-16 07:00:00+00:00,5.035,5.041,4.979,5.024,134603.2
2025-12-16 08:00:00+00:00,5.024,5.067,5.011,5.051,146544.8
2025-12-16 09:00:00+00:00,5.051,5.06,5.038,5.045,42799.7
2025-12-16 10:00:00+00:00,5.045,5.141,5.04,5.114,130163.7
2025-12-16 11:00:00+00:00,5.114,5.162,5.091,5.153,122766.2
2025-12-16 12:00:00+00:00,5.153,5.153,5.124,5.133,94763.5
2025-12-16 13:00:00+00:00,5.133,5.193,5.119,5.132,475661.0
2025-12-16 14:00:00+00:00,5.132,5.208,5.082,5.182,515021.1
2025-12-16 15:00:00+00:00,5.182,5.273,5.142,5.247,318736.3
2025-12-16 16:00:00+00:00,5.247,5.247,5.169,5.187,210219.4
2025-12-16 17:00:00+00:00,5.187,5.218,5.153,5.156,118239.7
2025-12-16 18:00:00+00:00,5.156,5.224,5.133,5.198,123420.2
2025-12-16 19:00:00+00:00,5.198,5.209,5.151,5.189,86987.4
2025-12-16 20:00:00+00:00,5.189,5.201,5.169,5.171,82083.5
2025-12-16 21:00:00+00:00,5.171,5.196,5.154,5.181,61163.6
2025-12-16 22:00:00+00:00,5.181,5.202,5.164,5.195,65105.7
2025-12-16 23:00:00+00:00,5.195,5.199,5.171,5.194,33604.8
2025-12-17 00:00:00+00:00,5.194,5.202,5.151,5.175,140835.1
2025-12-17 01:00:00+00:00,5.175,5.24,5.165,5.184,259058.5
2025-12-17 02:00:00+00:00,5.184,5.191,5.132,5.169,188721.3
2025-12-17 03:00:00+00:00,5.169,5.182,5.126,5.129,166585.6
2025-12-17 04:00:00+00:00,5.129,5.136,5.066,5.077,214325.8
2025-12-17 05:00:00+00:00,5.077,5.103,5.054,5.084,133348.2
2025-12-17 06:00:00+00:00,5.084,5.111,5.07,5.076,70336.9
2025-12-17 07:00:00+00:00,5.076,5.118,5.069,5.094,185435.8
2025-12-17 08:00:00+00:00,5.094,5.094,5.06,5.074,74273.0
2025-12-17 09:00:00+00:00,5.074,5.094,5.062,5.071,90671.4
2025-12-17 10:00:00+00:00,5.071,5.095,5.055,5.065,92932.6
2025-12-17 11:00:00+00:00,5.065,5.103,5.063,5.092,64615.6
2025-12-17 12:00:00+00:00,5.092,5.105,5.068,5.078,97074.7
2025-12-17 13:00:00+00:00,5.078,5.148,5.07,5.136,120034.0
2025-12-17 14:00:00+00:00,5.136,5.232,5.014,5.227,674541.3
2025-12-17 15:00:00+00:00,5.227,5.319,5.062,5.077,1020286.9
2025-12-17 16:00:00+00:00,5.077,5.123,4.944,5.026,815552.7
2025-12-17 17:00:00+00:00,5.026,5.039,4.948,4.956,353656.4
2025-12-17 18:00:00+00:00,4.956,4.993,4.903,4.91,305084.9
2025-12-17 19:00:00+00:00,4.91,4.949,4.882,4.948,317310.6
2025-12-17 20:00:00+00:00,4.948,4.981,4.919,4.93,127534.6
2025-12-17 21:00:00+00:00,4.93,4.949,4.886,4.902,134028.8
2025-12-17 22:00:00+00:00,4.902,4.955,4.88,4.95,139121.4
2025-12-17 23:00:00+00:00,4.95,4.962,4.924,4.962,95188.4
2025-12-18 00:00:00+00:00,4.962,4.966,4.932,4.957,107476.2
2025-12-18 01:00:00+00:00,4.957,4.957,4.909,4.923,97849.5
2025-12-18 02:00:00+00:00,4.923,4.986,4.912,4.974,101397.2
2025-12-18 03:00:00+00:00,4.974,4.976,4.914,4.931,118293.3
2025-12-18 04:00:00+00:00,4.931,4.962,4.928,4.934,87681.8
2025-12-18 05:00:00+00:00,4.934,4.934,4.864,4.867,167471.5
2025-12-18 06:00:00+00:00,4.867,4.917,4.847,4.916,225441.0
2025-12-18 07:00:00+00:00,4.916,4.931,4.899,4.928,124021.9
2025-12-18 08:00:00+00:00,4.928,5.314,4.923,5.181,2923881.0
2025-12-18 09:00:00+00:00,5.181,5.26,5.156,5.227,648056.2
2025-12-18 10:00:00+00:00,5.227,5.34,5.215,5.254,538395.5
2025-12-18 11:00:00+00:00,5.254,5.274,5.203,5.211,490545.6
2025-12-18 12:00:00+00:00,5.211,5.292,5.156,5.269,457615.0
2025-12-18 13:00:00+00:00,5.269,5.43,5.268,5.347,881883.7
2025-12-18 14:00:00+00:00,5.347,5.376,5.206,5.261,757044.1
2025-12-18 15:00:00+00:00,5.261,5.327,5.229,5.288,381311.1
2025-12-18 16:00:00+00:00,5.288,5.293,5.216,5.238,260057.6
2025-12-18 17:00:00+00:00,5.238,5.239,4.984,5.103,1171243.3
2025-12-18 18:00:00+00:00,5.103,5.159,5.045,5.058,378366.5
2025-12-18 19:00:00+00:00,5.058,5.082,4.89,4.895,628932.5
2025-12-18 20:00:00+00:00,4.895,4.953,4.857,4.875,423976.1
2025-12-18 21:00:00+00:00,4.875,4.992,4.875,4.992,397293.3
2025-12-18 22:00:00+00:00,4.992,5.014,4.957,4.963,261338.9
2025-12-18 23:00:00+00:00,4.963,4.997,4.935,4.957,230201.2
2025-12-19 00:00:00+00:00,4.957,4.971,4.909,4.941,206508.3
2025-12-19 01:00:00+00:00,4.941,4.953,4.887,4.927,268347.9
2025-12-19 02:00:00+00:00,4.927,4.971,4.897,4.941,323420.2
2025-12-19 03:00:00+00:00,4.941,5.13,4.939,5.053,800287.1
2025-12-19 04:00:00+00:00,5.053,5.094,5.041,5.08,336164.8
2025-12-19 05:00:00+00:00,5.08,5.083,5.023,5.042,230842.6
2025-12-19 06:00:00+00:00,5.042,5.104,5.004,5.102,161301.4
2025-12-19 07:00:00+00:00,5.102,5.19,5.1,5.188,463188.5
2025-12-19 08:00:00+00:00,5.188,5.246,5.15,5.239,469586.8
2025-12-19 09:00:00+00:00,5.239,5.253,5.184,5.206,176862.6
2025-12-19 10:00:00+00:00,5.206,5.213,5.16,5.197,204529.2
2025-12-19 11:00:00+00:00,5.197,5.238,5.162,5.226,261865.8
2025-12-19 12:00:00+00:00,5.226,5.229,5.161,5.172,155279.9
2025-12-19 13:00:00+00:00,5.172,5.196,5.165,5.194,123992.6
2025-12-19 14:00:00+00:00,5.194,5.293,5.173,5.242,541012.1
2025-12-19 15:00:00+00:00,5.242,5.331,5.171,5.189,408032.0
2025-12-19 16:00:00+00:00,5.189,5.298,5.184,5.224,260657.1
2025-12-19 17:00:00+00:00,5.224,5.288,5.185,5.185,280816.1
2025-12-19 18:00:00+00:00,5.185,5.244,5.183,5.23,139670.5
2025-12-19 19:00:00+00:00,5.23,5.293,5.228,5.267,125402.2
2025-12-19 20:00:00+00:00,5.267,5.306,5.264,5.298,111661.3
2025-12-19 21:00:00+00:00,5.298,5.298,5.252,5.26,62168.3
2025-12-19 22:00:00+00:00,5.26,5.322,5.26,5.319,132079.3
2025-12-19 23:00:00+00:00,5.319,5.334,5.293,5.315,115530.8
2025-12-20 00:00:00+00:00,5.315,5.329,5.276,5.298,336477.3
2025-12-20 01:00:00+00:00,5.298,5.302,5.253,5.276,137057.1
2025-12-20 02:00:00+00:00,5.276,5.312,5.257,5.286,141246.9
2025-12-20 03:00:00+00:00,5.286,5.321,5.265,5.319,75904.5
2025-12-20 04:00:00+00:00,5.319,5.326,5.286,5.299,79706.1
2025-12-20 05:00:00+00:00,5.299,5.534,5.298,5.436,848610.7
2025-12-20 06:00:00+00:00,5.436,5.465,5.385,5.412,293198.7
2025-12-20 07:00:00+00:00,5.412,5.835,5.397,5.727,1895031.6
2025-12-20 08:00:00+00:00,5.727,5.778,5.678,5.738,543860.9
2025-12-20 09:00:00+00:00,5.738,5.744,5.674,5.683,317695.4
2025-12-20 10:00:00+00:00,5.683,5.685,5.584,5.604,514784.1
2025-12-20 11:00:00+00:00,5.604,5.776,5.589,5.743,462251.7
2025-12-20 12:00:00+00:00,5.743,5.773,5.724,5.73,273552.2
2025-12-20 13:00:00+00:00,5.73,5.778,5.679,5.768,279688.3
2025-12-20 14:00:00+00:00,5.768,6.003,5.729,5.936,1210880.7
2025-12-20 15:00:00+00:00,5.936,6.074,5.906,6.045,1284424.6
2025-12-20 16:00:00+00:00,6.045,6.143,6.033,6.08,1224137.8
2025-12-20 17:00:00+00:00,6.08,6.25,6.071,6.208,1123915.2
2025-12-20 18:00:00+00:00,6.208,6.285,6.179,6.227,707557.2
2025-12-20 19:00:00+00:00,6.227,6.307,6.201,6.235,660026.3
2025-12-20 20:00:00+00:00,6.235,6.276,6.159,6.269,572310.0
2025-12-20 21:00:00+00:00,6.269,6.386,6.225,6.247,1175406.4
2025-12-20 22:00:00+00:00,6.247,6.292,6.207,6.249,791586.1
2025-12-20 23:00:00+00:00,6.249,6.274,6.219,6.257,292055.1
2025-12-21 00:00:00+00:00,6.257,6.278,6.13,6.171,719227.2
2025-12-21 01:00:00+00:00,6.171,6.206,6.104,6.153,399734.9
2025-12-21 02:00:00+00:00,6.153,6.24,6.128,6.129,461006.0
2025-12-21 03:00:00+00:00,6.129,6.203,6.127,6.189,262232.6
2025-12-21 04:00:00+00:00,6.189,6.287,6.188,6.275,512812.9
2025-12-21 05:00:00+00:00,6.275,6.498,6.264,6.378,2184955.7
2025-12-21 06:00:00+00:00,6.378,6.415,6.322,6.361,507022.7
2025-12-21 07:00:00+00:00,6.361,6.361,6.3,6.315,253565.1
2025-12-21 08:00:00+00:00,6.315,6.378,6.301,6.334,332287.4
2025-12-21 09:00:00+00:00,6.334,6.392,6.329,6.349,380266.3
2025-12-21 10:00:00+00:00,6.349,6.366,6.25,6.282,333045.6
2025-12-21 11:00:00+00:00,6.282,6.346,6.255,6.269,271961.1
2025-12-21 12:00:00+00:00,6.269,6.417,6.268,6.348,454651.5
2025-12-21 13:00:00+00:00,6.348,6.349,6.082,6.108,1186412.6
2025-12-21 14:00:00+00:00,6.108,6.204,6.094,6.14,632944.6
2025-12-21 15:00:00+00:00,6.14,6.187,6.056,6.085,556157.7
2025-12-21 16:00:00+00:00,6.085,6.191,6.07,6.142,324227.0
2025-12-21 17:00:00+00:00,6.142,6.16,6.106,6.124,237950.7
2025-12-21 18:00:00+00:00,6.124,6.132,6.084,6.123,187637.4
2025-12-21 19:00:00+00:00,6.123,6.137,6.088,6.12,95318.8
2025-12-21 20:00:00+00:00,6.12,6.144,6.103,6.136,89385.1
2025-12-21 21:00:00+00:00,6.136,6.148,6.072,6.073,154394.8
2025-12-21 22:00:00+00:00,6.073,6.125,6.055,6.114,226510.1
2025-12-21 23:00:00+00:00,6.114,6.151,6.071,6.112,218186.3
2025-12-22 00:00:00+00:00,6.112,6.213,6.108,6.142,374913.6
2025-12-22 01:00:00+00:00,6.142,6.271,6.119,6.124,467074.1
2025-12-22 02:00:00+00:00,6.124,6.163,6.025,6.159,366915.1
2025-12-22 03:00:00+00:00,6.159,6.203,6.127,6.178,125749.3
2025-12-22 04:00:00+00:00,6.178,6.183,6.149,6.183,134019.6
2025-12-22 05:00:00+00:00,6.183,6.247,6.147,6.208,325315.9
2025-12-22 06:00:00+00:00,6.208,6.273,6.171,6.241,522771.7
2025-12-22 07:00:00+00:00,6.241,6.339,6.233,6.242,382658.5
2025-12-22 08:00:00+00:00,6.242,6.325,6.209,6.218,404798.0
2025-12-22 09:00:00+00:00,6.218,6.226,6.159,6.185,261542.8
2025-12-22 10:00:00+00:00,6.185,6.218,6.155,6.203,250480.7
2025-12-22 11:00:00+00:00,6.203,6.257,6.198,6.227,226868.7
2025-12-22 12:00:00+00:00,6.227,6.408,6.22,6.317,574669.8
2025-12-22 13:00:00+00:00,6.317,6.334,6.259,6.297,185999.1
2025-12-22 14:00:00+00:00,6.297,6.334,6.206,6.212,430073.4
2025-12-22 15:00:00+00:00,6.212,6.222,6.054,6.147,1038242.7
2025-12-22 16:00:00+00:00,6.147,6.213,6.102,6.115,271752.8
2025-12-22 17:00:00+00:00,6.115,6.144,6.08,6.092,210876.4
2025-12-22 18:00:00+00:00,6.092,6.122,6.073,6.086,143629.7
2025-12-22 19:00:00+00:00,6.086,6.092,6.006,6.023,303687.8
2025-12-22 20:00:00+00:00,6.023,6.052,5.909,5.969,588232.5
2025-12-22 21:00:00+00:00,5.969,6.026,5.968,5.985,390644.6
2025-12-22 22:00:00+00:00,5.985,6.068,5.972,6.053,773420.7
2025-12-22 23:00:00+00:00,6.053,6.059,5.988,6.012,392183.8
2025-12-23 00:00:00+00:00,6.012,6.07,5.992,6.065,218388.7
2025-12-23 01:00:00+00:00,6.065,6.103,6.057,6.1,144721.5
2025-12-23 02:00:00+00:00,6.1,6.118,6.028,6.06,249904.1
2025-12-23 03:00:00+00:00,6.06,6.088,6.015,6.06,186071.9
2025-12-23 04:00:00+00:00,6.06,6.097,6.055,6.087,147314.3
2025-12-23 05:00:00+00:00,6.087,6.106,6.026,6.041,501519.7
2025-12-23 06:00:00+00:00,6.041,6.044,5.947,5.995,400453.7
2025-12-23 07:00:00+00:00,5.995,6.066,5.995,6.041,193524.6
2025-12-23 08:00:00+00:00,6.041,6.075,5.972,5.989,265308.5
2025-12-23 09:00:00+00:00,5.989,6.022,5.87,5.917,421685.9
2025-12-23 10:00:00+00:00,5.917,5.929,5.802,5.877,512857.2
2025-12-23 11:00:00+00:00,5.877,5.885,5.844,5.86,131414.3
2025-12-23 12:00:00+00:00,5.86,5.862,5.746,5.75,413839.4
2025-12-23 13:00:00+00:00,5.75,5.797,5.726,5.734,467306.8
2025-12-23 14:00:00+00:00,5.734,5.768,5.649,5.704,664345.8
2025-12-23 15:00:00+00:00,5.704,5.811,5.678,5.732,541673.5
2025-12-23 16:00:00+00:00,5.732,5.829,5.722,5.803,284010.8
2025-12-23 17:00:00+00:00,5.803,5.822,5.69,5.698,306962.4
2025-12-23 18:00:00+00:00,5.698,5.781,5.694,5.767,176346.5
2025-12-23 19:00:00+00:00,5.767,5.783,5.748,5.768,89954.9
2025-12-23 20:00:00+00:00,5.768,5.806,5.749,5.765,107033.2
2025-12-23 21:00:00+00:00,5.765,5.822,5.735,5.819,180256.3
2025-12-23 22:00:00+00:00,5.819,5.829,5.773,5.789,182771.0
2025-12-23 23:00:00+00:00,5.789,5.828,5.778,5.805,117644.4
2025-12-24 00:00:00+00:00,5.805,5.828,5.8,5.822,139802.6
2025-12-24 01:00:00+00:00,5.822,5.861,5.812,5.847,110553.6
2025-12-24 02:00:00+00:00,5.847,5.852,5.739,5.763,325908.1
2025-12-24 03:00:00+00:00,5.763,5.771,5.686,5.733,346911.9
2025-12-24 04:00:00+00:00,5.733,5.773,5.696,5.7,194578.4
2025-12-24 05:00:00+00:00,5.7,5.712,5.657,5.672,219960.7
2025-12-24 06:00:00+00:00,5.672,5.674,5.608,5.622,255360.5
2025-12-24 07:00:00+00:00,5.622,5.644,5.586,5.598,196151.3
2025-12-24 08:00:00+00:00,5.598,5.634,5.589,5.629,164536.2
2025-12-24 09:00:00+00:00,5.629,5.695,5.629,5.68,161323.9
2025-12-24 10:00:00+00:00,5.68,5.764,5.677,5.744,300917.1
2025-12-24 11:00:00+00:00,5.744,5.766,5.724,5.726,117871.7
2025-12-24 12:00:00+00:00,5.726,5.758,5.714,5.746,144140.4
2025-12-24 13:00:00+00:00,5.746,5.746,5.705,5.714,101761.1
2025-12-24 14:00:00+00:00,5.714,5.759,5.674,5.718,236115.2
2025-12-24 15:00:00+00:00,5.718,5.772,5.675,5.758,213691.1
2025-12-24 16:00:00+00:00,5.758,5.884,5.748,5.864,434048.3
2025-12-24 17:00:00+00:00,5.864,5.872,5.797,5.803,148363.3
2025-12-24 18:00:00+00:00,5.803,5.806,5.772,5.794,81953.8
2025-12-24 19:00:00+00:00,5.794,5.794,5.764,5.785,47308.3
2025-12-24 20:00:00+00:00,5.785,5.796,5.752,5.763,97435.1
2025-12-24 21:00:00+00:00,5.763,5.817,5.757,5.812,179710.8
2025-12-24 22:00:00+00:00,5.812,5.827,5.787,5.813,130459.3
2025-12-24 23:00:00+00:00,5.813,5.817,5.763,5.772,94119.3
2025-12-25 00:00:00+00:00,5.772,5.804,5.759,5.804,84996.4
2025-12-25 01:00:00+00:00,5.804,5.851,5.789,5.826,84625.6
2025-12-25 02:00:00+00:00,5.826,5.857,5.799,5.842,115065.2
2025-12-25 03:00:00+00:00,5.842,5.848,5.794,5.816,113123.9
2025-12-25 04:00:00+00:00,5.816,5.832,5.793,5.816,81497.1
2025-12-25 05:00:00+00:00,5.816,5.816,5.764,5.776,131708.8
2025-12-25 06:00:00+00:00,5.776,5.823,5.753,5.804,135570.4
2025-12-25 07:00:00+00:00,5.804,5.805,5.778,5.782,66951.0
2025-12-25 08:00:00+00:00,5.782,5.82,5.74,5.776,198656.4
2025-12-25 09:00:00+00:00,5.776,5.829,5.761,5.818,70678.6
2025-12-25 10:00:00+00:00,5.818,5.819,5.753,5.77,106867.0
2025-12-25 11:00:00+00:00,5.77,5.795,5.758,5.782,61491.3
2025-12-25 12:00:00+00:00,5.782,5.866,5.771,5.841,177577.4
2025-12-25 13:00:00+00:00,5.841,5.864,5.822,5.854,154427.0
2025-12-25 14:00:00+00:00,5.854,5.858,5.807,5.812,100847.3
2025-12-25 15:00:00+00:00,5.812,5.938,5.788,5.9,501828.4
2025-12-25 16:00:00+00:00,5.9,6.015,5.9,5.977,468978.7
2025-12-25 17:00:00+00:00,5.977,5.977,5.919,5.931,189913.8
2025-12-25 18:00:00+00:00,5.931,6.083,5.907,5.971,806271.9
2025-12-25 19:00:00+00:00,5.971,5.976,5.887,5.919,442355.6
2025-12-25 20:00:00+00:00,5.919,5.946,5.901,5.942,166452.8
2025-12-25 21:00:00+00:00,5.942,6.014,5.933,6.01,124615.3
2025-12-25 22:00:00+00:00,6.01,6.027,5.838,5.889,697930.4
2025-12-25 23:00:00+00:00,5.889,5.916,5.786,5.81,508330.4
2025-12-26 00:00:00+00:00,5.81,5.826,5.726,5.763,567211.2
2025-12-26 01:00:00+00:00,5.763,5.815,5.755,5.79,106268.1
2025-12-26 02:00:00+00:00,5.79,5.972,5.788,5.928,612846.1
2025-12-26 03:00:00+00:00,5.928,5.943,5.869,5.907,186313.9
2025-12-26 04:00:00+00:00,5.907,5.963,5.861,5.945,270655.0
2025-12-26 05:00:00+00:00,5.945,5.963,5.911,5.956,102385.5
2025-12-26 06:00:00+00:00,5.956,6.038,5.943,5.958,337915.3
2025-12-26 07:00:00+00:00,5.958,6.0,5.878,5.892,235373.8
2025-12-26 08:00:00+00:00,5.892,5.955,5.887,5.932,193575.5
2025-12-26 09:00:00+00:00,5.932,5.934,5.906,5.922,126317.6
2025-12-26 10:00:00+00:00,5.922,5.924,5.897,5.909,55766.7
2025-12-26 11:00:00+00:00,5.909,5.915,5.879,5.9,80967.5
2025-12-26 12:00:00+00:00,5.9,5.915,5.887,5.896,95889.3
2025-12-26 13:00:00+00:00,5.896,5.944,5.891,5.919,135341.3
2025-12-26 14:00:00+00:00,5.919,5.926,5.764,5.779,600660.0
2025-12-26 15:00:00+00:00,5.779,5.824,5.73,5.805,445296.3
2025-12-26 16:00:00+00:00,5.805,5.823,5.762,5.762,181636.0
2025-12-26 17:00:00+00:00,5.762,5.81,5.762,5.793,81117.4
2025-12-26 18:00:00+00:00,5.793,5.83,5.79,5.812,47532.8
2025-12-26 19:00:00+00:00,5.812,5.852,5.81,5.838,49456.2
2025-12-26 20:00:00+00:00,5.838,5.849,5.816,5.837,76346.3
2025-12-26 21:00:00+00:00,5.837,5.85,5.81,5.814,110541.8
2025-12-26 22:00:00+00:00,5.814,5.834,5.799,5.826,80167.3
2025-12-26 23:00:00+00:00,5.826,5.838,5.82,5.825,45018.7
2025-12-27 00:00:00+00:00,5.825,5.883,5.821,5.882,177073.8
2025-12-27 01:00:00+00:00,5.882,5.91,5.869,5.899,110324.8
2025-12-27 02:00:00+00:00,5.899,5.925,5.883,5.92,92518.8
2025-12-27 03:00:00+00:00,5.92,6.007,5.918,5.997,309951.2
2025-12-27 04:00:00+00:00,5.997,6.001,5.94,5.961,128296.4
2025-12-27 05:00:00+00:00,5.961,5.984,5.943,5.975,73126.8
2025-12-27 06:00:00+00:00,5.975,5.982,5.948,5.973,130207.8
2025-12-27 07:00:00+00:00,5.973,6.018,5.967,5.999,114907.3
2025-12-27 08:00:00+00:00,5.999,6.036,5.979,5.98,182200.9
2025-12-27 09:00:00+00:00,5.98,5.998,5.956,5.962,108942.4
2025-12-27 10:00:00+00:00,5.962,5.981,5.897,5.936,458976.8
2025-12-27 11:00:00+00:00,5.936,5.952,5.925,5.95,76210.2
2025-12-27 12:00:00+00:00,5.95,5.968,5.918,5.925,103961.2
2025-12-27 13:00:00+00:00,5.925,5.931,5.897,5.913,71708.5
2025-12-27 14:00:00+00:00,5.913,5.95,5.911,5.925,76732.3
2025-12-27 15:00:00+00:00,5.925,5.967,5.905,5.951,248197.6
2025-12-27 16:00:00+00:00,5.951,5.973,5.928,5.931,89157.0
2025-12-27 17:00:00+00:00,5.931,5.941,5.917,5.929,44295.1
2025-12-27 18:00:00+00:00,5.929,5.936,5.9,5.912,49248.3
2025-12-27 19:00:00+00:00,5.912,5.942,5.911,5.932,32286.0
2025-12-27 20:00:00+00:00,5.932,5.952,5.899,5.927,195934.3
2025-12-27 21:00:00+00:00,5.927,5.967,5.918,5.956,84027.2
2025-12-27 22:00:00+00:00,5.956,6.0,5.808,5.877,656064.9
2025-12-27 23:00:00+00:00,5.877,5.979,5.876,5.961,327029.4
2025-12-28 00:00:00+00:00,5.961,5.976,5.93,5.974,223773.1
2025-12-28 01:00:00+00:00,5.974,6.029,5.941,6.018,231558.0
2025-12-28 02:00:00+00:00,6.018,6.092,5.997,6.017,388628.7
2025-12-28 03:00:00+00:00,6.017,6.028,5.995,6.017,67714.9
2025-12-28 04:00:00+00:00,6.017,6.266,6.011,6.098,819265.1
2025-12-28 05:00:00+00:00,6.098,6.218,6.07,6.164,403772.2
2025-12-28 06:00:00+00:00,6.164,6.413,6.125,6.336,935939.4
2025-12-28 07:00:00+00:00,6.336,6.389,6.267,6.325,1370796.3
2025-12-28 08:00:00+00:00,6.325,6.376,6.301,6.318,296972.9
2025-12-28 09:00:00+00:00,6.318,6.325,6.246,6.257,256729.5
2025-12-28 10:00:00+00:00,6.257,6.317,6.255,6.273,142099.1
2025-12-28 11:00:00+00:00,6.273,6.318,6.265,6.283,151366.5
2025-12-28 12:00:00+00:00,6.283,6.31,6.278,6.288,100251.5
2025-12-28 13:00:00+00:00,6.288,6.341,6.28,6.336,126711.0
2025-12-28 14:00:00+00:00,6.336,6.448,6.315,6.366,383489.6
2025-12-28 15:00:00+00:00,6.366,6.559,6.357,6.443,886434.9
2025-12-28 16:00:00+00:00,6.443,6.462,6.313,6.356,730427.0
2025-12-28 17:00:00+00:00,6.356,6.396,6.353,6.365,145435.0
2025-12-28 18:00:00+00:00,6.365,6.37,6.146,6.174,1337551.4
2025-12-28 19:00:00+00:00,6.174,6.206,6.116,6.128,350977.4
2025-12-28 20:00:00+00:00,6.128,6.154,6.111,6.126,182447.2
2025-12-28 21:00:00+00:00,6.126,6.144,6.104,6.143,126184.5
2025-12-28 22:00:00+00:00,6.143,6.207,6.125,6.183,230477.4
2025-12-28 23:00:00+00:00,6.183,6.222,6.142,6.221,138105.7
2025-12-29 00:00:00+00:00,6.221,6.261,6.201,6.213,253193.2
2025-12-29 01:00:00+00:00,6.213,6.285,6.131,6.284,363143.1
2025-12-29 02:00:00+00:00,6.284,6.404,6.252,6.288,765887.0
2025-12-29 03:00:00+00:00,6.288,6.355,6.268,6.334,548749.8
2025-12-29 04:00:00+00:00,6.334,6.349,6.264,6.283,273758.3
2025-12-29 05:00:00+00:00,6.283,6.288,6.248,6.256,186268.7
2025-12-29 06:00:00+00:00,6.256,6.271,6.238,6.246,116934.9
2025-12-29 07:00:00+00:00,6.246,6.261,6.175,6.181,357297.4
2025-12-29 08:00:00+00:00,6.181,6.193,6.118,6.155,236552.9
2025-12-29 09:00:00+00:00,6.155,6.156,6.028,6.087,526193.8
2025-12-29 10:00:00+00:00,6.087,6.141,6.08,6.122,220473.3
2025-12-29 11:00:00+00:00,6.122,6.134,6.105,6.107,131362.5
2025-12-29 12:00:00+00:00,6.107,6.108,6.007,6.085,476718.0
2025-12-29 13:00:00+00:00,6.085,6.108,5.988,6.007,270195.7
2025-12-29 14:00:00+00:00,6.007,6.075,5.983,6.01,348895.7
2025-12-29 15:00:00+00:00,6.01,6.106,5.998,6.048,366011.0
2025-12-29 16:00:00+00:00,6.048,6.065,6.009,6.01,188129.1
2025-12-29 17:00:00+00:00,6.01,6.038,5.995,6.006,171524.5
2025-12-29 18:00:00+00:00,6.006,6.027,5.952,5.964,222139.6
2025-12-29 19:00:00+00:00,5.964,5.985,5.939,5.956,200391.2
2025-12-29 20:00:00+00:00,5.956,5.971,5.934,5.935,74652.4
2025-12-29 21:00:00+00:00,5.935,5.998,5.923,5.992,228652.4
2025-12-29 22:00:00+00:00,5.992,6.013,5.97,5.985,180777.4
2025-12-29 23:00:00+00:00,5.985,6.022,5.968,5.987,305591.7
2025-12-30 00:00:00+00:00,5.987,5.987,5.944,5.969,135743.0
2025-12-30 01:00:00+00:00,5.969,6.037,5.957,6.016,172401.0
2025-12-30 02:00:00+00:00,6.016,6.023,5.975,5.995,147691.7
2025-12-30 03:00:00+00:00,5.995,6.008,5.955,5.988,113200.3
2025-12-30 04:00:00+00:00,5.988,6.009,5.965,5.974,94871.4
2025-12-30 05:00:00+00:00,5.974,5.979,5.926,5.933,116040.2
2025-12-30 06:00:00+00:00,5.933,5.987,5.89,5.919,329464.8
2025-12-30 07:00:00+00:00,5.919,5.97,5.909,5.955,157557.2
2025-12-30 08:00:00+00:00,5.955,6.03,5.953,5.972,271629.2
2025-12-30 09:00:00+00:00,5.972,6.019,5.963,6.006,131370.5
2025-12-30 10:00:00+00:00,6.006,6.008,5.963,5.967,151529.8
2025-12-30 11:00:00+00:00,5.967,5.991,5.937,5.983,120387.7
2025-12-30 12:00:00+00:00,5.983,6.003,5.967,5.973,106570.1
2025-12-30 13:00:00+00:00,5.973,5.999,5.96,5.985,105648.5
2025-12-30 14:00:00+00:00,5.985,6.037,5.929,6.013,274158.6
2025-12-30 15:00:00+00:00,6.013,6.023,5.969,6.003,157986.9
2025-12-30 16:00:00+00:00,6.003,6.029,5.959,5.978,125721.2
2025-12-30 17:00:00+00:00,5.978,6.001,5.952,5.968,102248.6
2025-12-30 18:00:00+00:00,5.968,5.977,5.942,5.959,99339.8
2025-12-30 19:00:00+00:00,5.959,5.965,5.92,5.939,112352.3
2025-12-30 20:00:00+00:00,5.939,5.943,5.901,5.904,89150.5
2025-12-30 21:00:00+00:00,5.904,5.923,5.894,5.918,102177.2
2025-12-30 22:00:00+00:00,5.918,5.929,5.896,5.921,66842.3
2025-12-30 23:00:00+00:00,5.921,5.938,5.91,5.921,92816.7
2025-12-31 00:00:00+00:00,5.921,5.921,5.869,5.895,193743.9
2025-12-31 01:00:00+00:00,5.895,5.964,5.886,5.95,78318.5
2025-12-31 02:00:00+00:00,5.95,5.97,5.942,5.964,91412.5
2025-12-31 03:00:00+00:00,5.964,5.974,5.912,5.924,50499.8
2025-12-31 04:00:00+00:00,5.924,5.933,5.907,5.909,29472.2
2025-12-31 05:00:00+00:00,5.909,5.921,5.906,5.916,41545.3
2025-12-31 06:00:00+00:00,5.916,5.932,5.9,5.901,40620.7
2025-12-31 07:00:00+00:00,5.901,5.913,5.887,5.91,57855.4
2025-12-31 08:00:00+00:00,5.91,5.923,5.872,5.883,61099.4
2025-12-31 09:00:00+00:00,5.883,5.908,5.876,5.904,68372.2
2025-12-31 10:00:00+00:00,5.904,5.914,5.854,5.877,123736.5
2025-12-31 11:00:00+00:00,5.877,5.938,5.877,5.923,109152.7
2025-12-31 12:00:00+00:00,5.923,5.923,5.872,5.882,91182.5
2025-12-31 13:00:00+00:00,5.882,5.92,5.873,5.913,131466.2
2025-12-31 14:00:00+00:00,5.913,5.948,5.882,5.896,118782.7
2025-12-31 15:00:00+00:00,5.896,5.898,5.823,5.85,254596.5
2025-12-31 16:00:00+00:00,5.85,5.866,5.668,5.727,722429.1
2025-12-31 17:00:00+00:00,5.727,5.746,5.689,5.702,160112.6
2025-12-31 18:00:00+00:00,5.702,5.729,5.675,5.676,106630.3
2025-12-31 19:00:00+00:00,5.676,5.706,5.664,5.674,140930.5
2025-12-31 20:00:00+00:00,5.674,5.72,5.638,5.707,287873.4
2025-12-31 21:00:00+00:00,5.707,5.715,5.674,5.678,111594.3
2025-12-31 22:00:00+00:00,5.678,5.699,5.666,5.687,89276.8
2025-12-31 23:00:00+00:00,5.687,5.696,5.618,5.638,108771.5
2026-01-01 00:00:00+00:00,5.638,5.692,5.636,5.68,100858.2
2026-01-01 01:00:00+00:00,5.68,5.704,5.664,5.683,76103.3
2026-01-01 02:00:00+00:00,5.683,5.692,5.651,5.658,55487.0
2026-01-01 03:00:00+00:00,5.658,5.675,5.636,5.64,86835.0
2026-01-01 04:00:00+00:00,5.64,5.652,5.616,5.645,84795.3
2026-01-01 05:00:00+00:00,5.645,5.68,5.638,5.67,47516.3
2026-01-01 06:00:00+00:00,5.67,5.675,5.644,5.651,94706.0
2026-01-01 07:00:00+00:00,5.651,5.657,5.61,5.64,204060.3
2026-01-01 08:00:00+00:00,5.64,5.659,5.632,5.653,104762.5
2026-01-01 09:00:00+00:00,5.653,5.686,5.652,5.661,109109.3
2026-01-01 10:00:00+00:00,5.661,5.674,5.656,5.665,96481.3
2026-01-01 11:00:00+00:00,5.665,5.686,5.646,5.676,39529.3
2026-01-01 12:00:00+00:00,5.676,5.68,5.646,5.647,75721.8
2026-01-01 13:00:00+00:00,5.647,5.682,5.633,5.663,86333.4
2026-01-01 14:00:00+00:00,5.663,5.706,5.662,5.692,124150.0
2026-01-01 15:00:00+00:00,5.692,5.769,5.689,5.741,217711.9
2026-01-01 16:00:00+00:00,5.741,5.759,5.714,5.72,154721.1
2026-01-01 17:00:00+00:00,5.72,5.791,5.716,5.777,214320.6
2026-01-01 18:00:00+00:00,5.777,5.795,5.759,5.778,96960.0
2026-01-01 19:00:00+00:00,5.778,5.828,5.767,5.828,83722.3
2026-01-01 20:00:00+00:00,5.828,5.838,5.781,5.794,135640.8
2026-01-01 21:00:00+00:00,5.794,5.815,5.781,5.791,52856.8
2026-01-01 22:00:00+00:00,5.791,5.83,5.787,5.813,111095.9
2026-01-01 23:00:00+00:00,5.813,5.829,5.794,5.803,68325.5
2026-01-02 00:00:00+00:00,5.803,5.813,5.762,5.772,136038.5
2026-01-02 01:00:00+00:00,5.772,5.791,5.724,5.738,92736.4
2026-01-02 02:00:00+00:00,5.738,5.769,5.667,5.76,444912.4
2026-01-02 03:00:00+00:00,5.76,5.838,5.746,5.806,153220.5
2026-01-02 04:00:00+00:00,5.806,5.813,5.766,5.779,90557.7
2026-01-02 05:00:00+00:00,5.779,5.779,5.741,5.766,87945.0
2026-01-02 06:00:00+00:00,5.766,5.801,5.764,5.775,188027.9
2026-01-02 07:00:00+00:00,5.775,5.787,5.73,5.741,170283.8
2026-01-02 08:00:00+00:00,5.741,5.77,5.733,5.768,52824.1
2026-01-02 09:00:00+00:00,5.768,5.887,5.758,5.864,300902.4
2026-01-02 10:00:00+00:00,5.864,5.89,5.842,5.868,185108.1
2026-01-02 11:00:00+00:00,5.868,5.871,5.771,5.797,194965.6
2026-01-02 12:00:00+00:00,5.797,5.857,5.764,5.82,313411.1
2026-01-02 13:00:00+00:00,5.82,5.847,5.801,5.806,135507.3
2026-01-02 14:00:00+00:00,5.806,5.89,5.723,5.824,691546.9
2026-01-02 15:00:00+00:00,5.824,5.913,5.755,5.859,388541.9
2026-01-02 16:00:00+00:00,5.859,5.96,5.832,5.925,382799.7
2026-01-02 17:00:00+00:00,5.925,5.966,5.912,5.956,286690.0
2026-01-02 18:00:00+00:00,5.956,5.989,5.905,5.948,190897.2
2026-01-02 19:00:00+00:00,5.948,6.019,5.943,6.012,151946.1
2026-01-02 20:00:00+00:00,6.012,6.038,5.987,6.005,156344.5
2026-01-02 21:00:00+00:00,6.005,6.064,6.002,6.059,102098.5
2026-01-02 22:00:00+00:00,6.059,6.095,6.045,6.062,196477.6
2026-01-02 23:00:00+00:00,6.062,6.093,6.022,6.032,126508.6
2026-01-03 00:00:00+00:00,6.032,6.109,6.031,6.086,193583.1
2026-01-03 01:00:00+00:00,6.086,6.116,6.068,6.094,98562.9
2026-01-03 02:00:00+00:00,6.094,6.094,6.053,6.061,103935.3
2026-01-03 03:00:00+00:00,6.061,6.074,6.039,6.055,99558.7
2026-01-03 04:00:00+00:00,6.055,6.059,6.019,6.029,129245.1
2026-01-03 05:00:00+00:00,6.029,6.055,5.965,5.98,200689.9
2026-01-03 06:00:00+00:00,5.98,6.02,5.784,5.819,1044904.5
2026-01-03 07:00:00+00:00,5.819,5.833,5.734,5.778,475302.6
2026-01-03 08:00:00+00:00,5.778,5.824,5.753,5.801,237827.8
2026-01-03 09:00:00+00:00,5.801,5.847,5.774,5.813,235028.7
2026-01-03 10:00:00+00:00,5.813,5.819,5.785,5.789,135198.0
2026-01-03 11:00:00+00:00,5.789,5.803,5.764,5.802,131692.0
2026-01-03 12:00:00+00:00,5.802,5.831,5.789,5.826,153307.7
2026-01-03 13:00:00+00:00,5.826,5.848,5.82,5.829,150952.5
2026-01-03 14:00:00+00:00,5.829,5.848,5.809,5.822,161066.6
2026-01-03 15:00:00+00:00,5.822,5.825,5.792,5.808,98302.8
2026-01-03 16:00:00+00:00,5.808,5.893,5.799,5.872,162023.3
2026-01-03 17:00:00+00:00,5.872,5.887,5.842,5.869,74420.2
2026-01-03 18:00:00+00:00,5.869,5.904,5.84,5.903,92397.8
2026-01-03 19:00:00+00:00,5.903,5.906,5.88,5.892,97130.1
2026-01-03 20:00:00+00:00,5.892,5.913,5.865,5.895,57941.3
2026-01-03 21:00:00+00:00,5.895,5.927,5.877,5.908,74830.5
2026-01-03 22:00:00+00:00,5.908,5.936,5.895,5.923,102428.2
2026-01-03 23:00:00+00:00,5.923,5.935,5.908,5.912,70770.6
2026-01-04 00:00:00+00:00,5.912,6.002,5.906,5.993,393921.2
2026-01-04 01:00:00+00:00,5.993,6.017,5.935,5.966,166070.0
2026-01-04 02:00:00+00:00,5.966,5.969,5.916,5.932,99101.7
2026-01-04 03:00:00+00:00,5.932,5.961,5.915,5.938,135842.2
2026-01-04 04:00:00+00:00,5.938,5.94,5.909,5.915,119657.0
2026-01-04 05:00:00+00:00,5.915,5.919,5.88,5.918,130458.6
2026-01-04 06:00:00+00:00,5.918,5.942,5.829,5.85,184976.8
2026-01-04 07:00:00+00:00,5.85,5.885,5.837,5.865,104270.8
2026-01-04 08:00:00+00:00,5.865,5.886,5.824,5.878,136201.4
2026-01-04 09:00:00+00:00,5.878,5.932,5.849,5.919,172021.1
2026-01-04 10:00:00+00:00,5.919,5.939,5.895,5.92,101283.9
2026-01-04 11:00:00+00:00,5.92,5.92,5.877,5.887,131568.7
2026-01-04 12:00:00+00:00,5.887,5.942,5.861,5.899,234842.8
2026-01-04 13:00:00+00:00,5.899,5.93,5.869,5.928,150865.1
2026-01-04 14:00:00+00:00,5.928,5.946,5.905,5.944,156105.7
2026-01-04 15:00:00+00:00,5.944,5.957,5.895,5.942,216923.4
2026-01-04 16:00:00+00:00,5.942,5.987,5.933,5.98,219151.2
2026-01-04 17:00:00+00:00,5.98,5.995,5.962,5.965,108656.1
2026-01-04 18:00:00+00:00,5.965,5.969,5.861,5.893,223785.6
2026-01-04 19:00:00+00:00,5.893,5.894,5.804,5.848,322367.0
2026-01-04 20:00:00+00:00,5.848,5.868,5.832,5.844,84558.4
2026-01-04 21:00:00+00:00,5.844,5.889,5.762,5.777,319488.5
2026-01-04 22:00:00+00:00,5.777,5.828,5.764,5.823,258596.3
2026-01-04 23:00:00+00:00,5.823,5.866,5.812,5.846,148968.7
2026-01-05 00:00:00+00:00,5.846,5.923,5.837,5.917,295762.1
2026-01-05 01:00:00+00:00,5.917,6.037,5.895,5.979,396108.4
2026-01-05 02:00:00+00:00,5.979,6.014,5.929,5.969,153707.9
2026-01-05 03:00:00+00:00,5.969,6.002,5.938,5.956,156535.0
2026-01-05 04:00:00+00:00,5.956,5.97,5.823,5.892,212147.3
2026-01-05 05:00:00+00:00,5.892,5.912,5.848,5.855,93830.5
2026-01-05 06:00:00+00:00,5.855,5.898,5.796,5.885,279266.7
2026-01-05 07:00:00+00:00,5.885,5.947,5.873,5.908,170089.8
2026-01-05 08:00:00+00:00,5.908,5.951,5.889,5.893,185755.3
2026-01-05 09:00:00+00:00,5.893,5.893,5.814,5.84,220733.8
2026-01-05 10:00:00+00:00,5.84,5.885,5.828,5.871,171808.4
2026-01-05 11:00:00+00:00,5.871,5.915,5.849,5.907,144830.5
2026-01-05 12:00:00+00:00,5.907,5.909,5.834,5.851,253259.2
2026-01-05 13:00:00+00:00,5.851,5.87,5.787,5.821,264703.3
2026-01-05 14:00:00+00:00,5.821,5.906,5.788,5.862,369653.1
2026-01-05 15:00:00+00:00,5.862,5.918,5.816,5.872,466664.8
2026-01-05 16:00:00+00:00,5.872,5.901,5.793,5.813,408059.0
2026-01-05 17:00:00+00:00,5.813,5.876,5.713,5.856,648118.3
2026-01-05 18:00:00+00:00,5.856,5.939,5.831,5.929,362511.5
2026-01-05 19:00:00+00:00,5.929,5.949,5.873,5.896,235607.4
2026-01-05 20:00:00+00:00,5.896,6.006,5.891,5.976,319169.3
2026-01-05 21:00:00+00:00,5.976,6.132,5.952,6.107,600334.7
2026-01-05 22:00:00+00:00,6.107,6.448,6.068,6.258,1236985.9
2026-01-05 23:00:00+00:00,6.258,6.265,6.152,6.158,516204.2
2026-01-06 00:00:00+00:00,6.158,6.24,6.113,6.195,609875.1
2026-01-06 01:00:00+00:00,6.195,6.246,6.109,6.115,202608.7
2026-01-06 02:00:00+00:00,6.115,6.155,6.078,6.094,199150.2
2026-01-06 03:00:00+00:00,6.094,6.181,6.092,6.154,159382.6
2026-01-06 04:00:00+00:00,6.154,6.219,6.146,6.209,173341.6
2026-01-06 05:00:00+00:00,6.209,6.24,6.197,6.205,240399.5
2026-01-06 06:00:00+00:00,6.205,6.29,6.181,6.266,286278.2
2026-01-06 07:00:00+00:00,6.266,6.279,6.097,6.113,390336.4
2026-01-06 08:00:00+00:00,6.113,6.172,6.084,6.106,249702.4
2026-01-06 09:00:00+00:00,6.106,6.162,6.099,6.14,326123.4
2026-01-06 10:00:00+00:00,6.14,6.164,6.112,6.116,115796.6
2026-01-06 11:00:00+00:00,6.116,6.194,6.112,6.185,204075.9
2026-01-06 12:00:00+00:00,6.185,6.232,6.177,6.186,330078.3
2026-01-06 13:00:00+00:00,6.186,6.195,6.131,6.146,238861.1
2026-01-06 14:00:00+00:00,6.146,6.311,6.135,6.179,890665.3
2026-01-06 15:00:00+00:00,6.179,6.245,6.109,6.138,375654.1
2026-01-06 16:00:00+00:00,6.138,6.18,5.94,6.008,985671.6
2026-01-06 17:00:00+00:00,6.008,6.04,5.842,5.865,654812.7
2026-01-06 18:00:00+00:00,5.865,5.939,5.836,5.908,343169.0
2026-01-06 19:00:00+00:00,5.908,5.959,5.896,5.91,241877.9
2026-01-06 20:00:00+00:00,5.91,5.965,5.91,5.936,296642.3
2026-01-06 21:00:00+00:00,5.936,6.05,5.92,6.01,403174.5
2026-01-06 22:00:00+00:00,6.01,6.033,5.964,6.018,203271.9
2026-01-06 23:00:00+00:00,6.018,6.071,6.015,6.065,141577.5
2026-01-07 00:00:00+00:00,6.065,6.089,5.977,5.981,224546.3
2026-01-07 01:00:00+00:00,5.981,6.013,5.926,5.941,176558.6
2026-01-07 02:00:00+00:00,5.941,6.021,5.913,6.014,134203.3
2026-01-07 03:00:00+00:00,6.014,6.059,5.994,6.0,149565.9
2026-01-07 04:00:00+00:00,6.0,6.01,5.963,5.969,72641.5
2026-01-07 05:00:00+00:00,5.969,6.016,5.959,5.971,106286.1
2026-01-07 06:00:00+00:00,5.971,6.031,5.971,6.011,91816.8
2026-01-07 07:00:00+00:00,6.011,6.065,6.008,6.043,113154.2
2026-01-07 08:00:00+00:00,6.043,6.076,6.025,6.043,172428.5
2026-01-07 09:00:00+00:00,6.043,6.045,5.875,5.894,376859.6
2026-01-07 10:00:00+00:00,5.894,5.927,5.882,5.91,248601.4
2026-01-07 11:00:00+00:00,5.91,5.948,5.905,5.922,123991.5
2026-01-07 12:00:00+00:00,5.922,5.925,5.862,5.868,163272.1
2026-01-07 13:00:00+00:00,5.868,5.88,5.824,5.843,331272.6
2026-01-07 14:00:00+00:00,5.843,5.845,5.689,5.792,809397.9
2026-01-07 15:00:00+00:00,5.792,5.797,5.688,5.743,546196.4
2026-01-07 16:00:00+00:00,5.743,5.763,5.701,5.733,233174.9
2026-01-07 17:00:00+00:00,5.733,5.781,5.72,5.734,169264.1
2026-01-07 18:00:00+00:00,5.734,5.762,5.693,5.704,237310.3
2026-01-07 19:00:00+00:00,5.704,5.719,5.652,5.689,349779.8
2026-01-07 20:00:00+00:00,5.689,5.696,5.634,5.659,206043.3
2026-01-07 21:00:00+00:00,5.659,5.683,5.653,5.671,88298.3
2026-01-07 22:00:00+00:00,5.671,5.718,5.654,5.691,115836.7
2026-01-07 23:00:00+00:00,5.691,5.751,5.662,5.721,151379.0
2026-01-08 00:00:00+00:00,5.721,5.755,5.683,5.749,129815.8
2026-01-08 01:00:00+00:00,5.749,5.807,5.732,5.801,311786.0
2026-01-08 02:00:00+00:00,5.801,5.815,5.73,5.737,219215.2
2026-01-08 03:00:00+00:00,5.737,5.765,5.666,5.68,168761.1
2026-01-08 04:00:00+00:00,5.68,5.736,5.663,5.704,147183.8
2026-01-08 05:00:00+00:00,5.704,5.725,5.698,5.713,109259.3
2026-01-08 06:00:00+00:00,5.713,5.724,5.51,5.519,600022.8
2026-01-08 07:00:00+00:00,5.519,5.621,5.482,5.61,893926.5
2026-01-08 08:00:00+00:00,5.61,5.621,5.536,5.545,248814.7
2026-01-08 09:00:00+00:00,5.545,5.579,5.488,5.501,405578.3
2026-01-08 10:00:00+00:00,5.501,5.525,5.449,5.511,380266.3
2026-01-08 11:00:00+00:00,5.511,5.515,5.438,5.482,429516.3
2026-01-08 12:00:00+00:00,5.482,5.488,5.444,5.462,184299.0
2026-01-08 13:00:00+00:00,5.462,5.486,5.452,5.466,103370.9
2026-01-08 14:00:00+00:00,5.466,5.477,5.385,5.433,618418.7
2026-01-08 15:00:00+00:00,5.433,5.498,5.4,5.489,371865.6
2026-01-08 16:00:00+00:00,5.489,5.499,5.411,5.494,418735.3
2026-01-08 17:00:00+00:00,5.494,5.524,5.469,5.516,338540.1
2026-01-08 18:00:00+00:00,5.516,5.527,5.479,5.493,206343.9
2026-01-08 19:00:00+00:00,5.493,5.509,5.443,5.453,130126.7
2026-01-08 20:00:00+00:00,5.453,5.46,5.402,5.452,135700.9
2026-01-08 21:00:00+00:00,5.452,5.511,5.452,5.5,89952.4
2026-01-08 22:00:00+00:00,5.5,5.523,5.461,5.491,118307.5
2026-01-08 23:00:00+00:00,5.491,5.51,5.477,5.483,94763.3
2026-01-09 00:00:00+00:00,5.483,5.507,5.482,5.497,80593.9
2026-01-09 01:00:00+00:00,5.497,5.546,5.442,5.473,291142.6
2026-01-09 02:00:00+00:00,5.473,5.514,5.459,5.461,89171.9
2026-01-09 03:00:00+00:00,5.461,5.523,5.458,5.514,115888.0
2026-01-09 04:00:00+00:00,5.514,5.517,5.477,5.478,107765.7
2026-01-09 05:00:00+00:00,5.478,5.498,5.463,5.481,66248.5
2026-01-09 06:00:00+00:00,5.481,5.507,5.464,5.499,159498.0
2026-01-09 07:00:00+00:00,5.499,5.499,5.464,5.465,69092.4
2026-01-09 08:00:00+00:00,5.465,5.477,5.343,5.409,747359.8
2026-01-09 09:00:00+00:00,5.409,5.469,5.404,5.43,184859.5
2026-01-09 10:00:00+00:00,5.43,5.466,5.419,5.464,169222.1
2026-01-09 11:00:00+00:00,5.464,5.476,5.442,5.449,135687.3
2026-01-09 12:00:00+00:00,5.449,5.46,5.423,5.446,75340.3
2026-01-09 13:00:00+00:00,5.446,5.506,5.445,5.468,303749.0
2026-01-09 14:00:00+00:00,5.468,5.479,5.411,5.429,345890.0
2026-01-09 15:00:00+00:00,5.429,5.566,5.404,5.494,631648.3
2026-01-09 16:00:00+00:00,5.494,5.563,5.466,5.516,444920.2
2026-01-09 17:00:00+00:00,5.516,5.572,5.449,5.529,438745.1
2026-01-09 18:00:00+00:00,5.529,5.535,5.435,5.484,163232.4
2026-01-09 19:00:00+00:00,5.484,5.484,5.428,5.439,84116.2
2026-01-09 20:00:00+00:00,5.439,5.477,5.431,5.457,56476.5
2026-01-09 21:00:00+00:00,5.457,5.486,5.439,5.484,63905.0
2026-01-09 22:00:00+00:00,5.484,5.485,5.448,5.481,116593.1
2026-01-09 23:00:00+00:00,5.481,5.489,5.458,5.465,35994.8
2026-01-10 00:00:00+00:00,5.465,5.471,5.438,5.446,55296.0
2026-01-10 01:00:00+00:00,5.446,5.482,5.438,5.476,46086.1
2026-01-10 02:00:00+00:00,5.476,5.477,5.453,5.47,59920.4
2026-01-10 03:00:00+00:00,5.47,5.474,5.44,5.449,56382.0
2026-01-10 04:00:00+00:00,5.449,5.455,5.422,5.436,88143.7
2026-01-10 05:00:00+00:00,5.436,5.472,5.43,5.464,42094.9
2026-01-10 06:00:00+00:00,5.464,5.519,5.456,5.467,165868.9
2026-01-10 07:00:00+00:00,5.467,5.514,5.462,5.511,92488.6
2026-01-10 08:00:00+00:00,5.511,5.531,5.481,5.498,167807.2
2026-01-10 09:00:00+00:00,5.498,5.504,5.482,5.492,93679.2
2026-01-10 10:00:00+00:00,5.492,5.518,5.475,5.506,259950.2
2026-01-10 11:00:00+00:00,5.506,5.521,5.499,5.517,65498.1
2026-01-10 12:00:00+00:00,5.517,5.553,5.508,5.544,90056.0
2026-01-10 13:00:00+00:00,5.544,5.549,5.523,5.529,76618.4
2026-01-10 14:00:00+00:00,5.529,5.53,5.489,5.495,127694.7
2026-01-10 15:00:00+00:00,5.495,5.51,5.483,5.502,76262.6
2026-01-10 16:00:00+00:00,5.502,5.512,5.487,5.491,50888.1
2026-01-10 17:00:00+00:00,5.491,5.516,5.488,5.492,44363.4
2026-01-10 18:00:00+00:00,5.492,5.503,5.469,5.492,49437.7
2026-01-10 19:00:00+00:00,5.492,5.505,5.487,5.5,40855.1
2026-01-10 20:00:00+00:00,5.5,5.514,5.498,5.511,41529.0
2026-01-10 21:00:00+00:00,5.511,5.511,5.487,5.487,42045.1
2026-01-10 22:00:00+00:00,5.487,5.498,5.429,5.45,100819.0
2026-01-10 23:00:00+00:00,5.45,5.481,5.449,5.469,48484.8
2026-01-11 00:00:00+00:00,5.469,5.491,5.461,5.49,68516.6
2026-01-11 01:00:00+00:00,5.49,5.51,5.484,5.505,65074.0
2026-01-11 02:00:00+00:00,5.505,5.518,5.496,5.501,41043.2
2026-01-11 03:00:00+00:00,5.501,5.531,5.495,5.519,58521.1
2026-01-11 04:00:00+00:00,5.519,5.527,5.497,5.505,66344.3
2026-01-11 05:00:00+00:00,5.505,5.521,5.496,5.516,50249.7
2026-01-11 06:00:00+00:00,5.516,5.533,5.489,5.5,60030.4
2026-01-11 07:00:00+00:00,5.5,5.505,5.49,5.503,38433.6
2026-01-11 08:00:00+00:00,5.503,5.518,5.483,5.508,60824.6
2026-01-11 09:00:00+00:00,5.508,5.525,5.496,5.498,57504.9
2026-01-11 10:00:00+00:00,5.498,5.513,5.49,5.5,31341.9
2026-01-11 11:00:00+00:00,5.5,5.507,5.492,5.5,31554.2
2026-01-11 12:00:00+00:00,5.5,5.532,5.497,5.523,69756.5
2026-01-11 13:00:00+00:00,5.523,5.53,5.495,5.499,101772.0
2026-01-11 14:00:00+00:00,5.499,5.526,5.495,5.518,31396.8
2026-01-11 15:00:00+00:00,5.518,5.525,5.445,5.473,130897.5
2026-01-11 16:00:00+00:00,5.473,5.539,5.463,5.495,183716.1
2026-01-11 17:00:00+00:00,5.495,5.507,5.466,5.502,56801.2
2026-01-11 18:00:00+00:00,5.502,5.505,5.466,5.486,83475.4
2026-01-11 19:00:00+00:00,5.486,5.508,5.477,5.484,34164.0
2026-01-11 20:00:00+00:00,5.484,5.484,5.414,5.443,149571.9
2026-01-11 21:00:00+00:00,5.443,5.471,5.415,5.465,77912.8
2026-01-11 22:00:00+00:00,5.465,5.465,5.407,5.422,63372.5
2026-01-11 23:00:00+00:00,5.422,5.455,5.373,5.45,194728.4
2026-01-12 00:00:00+00:00,5.45,5.471,5.385,5.459,200606.1
2026-01-12 01:00:00+00:00,5.459,5.51,5.455,5.489,186717.3
2026-01-12 02:00:00+00:00,5.489,5.575,5.489,5.563,164339.7
2026-01-12 03:00:00+00:00,5.563,5.582,5.511,5.513,226019.2
2026-01-12 04:00:00+00:00,5.513,5.576,5.499,5.572,147532.9
2026-01-12 05:00:00+00:00,5.572,5.604,5.523,5.536,436008.1
2026-01-12 06:00:00+00:00,5.536,5.542,5.493,5.501,95603.2
2026-01-12 07:00:00+00:00,5.501,5.517,5.435,5.447,132217.2
2026-01-12 08:00:00+00:00,5.447,5.465,5.351,5.406,348602.5
2026-01-12 09:00:00+00:00,5.406,5.418,5.382,5.386,117628.6
2026-01-12 10:00:00+00:00,5.386,5.405,5.37,5.379,86169.0
2026-01-12 11:00:00+00:00,5.379,5.418,5.376,5.409,71841.0
2026-01-12 12:00:00+00:00,5.409,5.42,5.388,5.392,73056.0
2026-01-12 13:00:00+00:00,5.392,5.401,5.328,5.341,184899.4
2026-01-12 14:00:00+00:00,5.341,5.386,5.275,5.369,518175.5
2026-01-12 15:00:00+00:00,5.369,5.406,5.351,5.385,208181.8
2026-01-12 16:00:00+00:00,5.385,5.44,5.369,5.398,178884.3
2026-01-12 17:00:00+00:00,5.398,5.414,5.305,5.353,247244.9
2026-01-12 18:00:00+00:00,5.353,5.385,5.333,5.354,118922.2
2026-01-12 19:00:00+00:00,5.354,5.39,5.332,5.386,73019.0
2026-01-12 20:00:00+00:00,5.386,5.411,5.319,5.324,141602.2
2026-01-12 21:00:00+00:00,5.324,5.33,5.285,5.309,169796.7
2026-01-12 22:00:00+00:00,5.309,5.359,5.307,5.353,88337.1
2026-01-12 23:00:00+00:00,5.353,5.366,5.332,5.364,35302.9
2026-01-13 00:00:00+00:00,5.364,5.379,5.351,5.375,114007.1
2026-01-13 01:00:00+00:00,5.375,5.397,5.346,5.361,48186.7
2026-01-13 02:00:00+00:00,5.361,5.388,5.352,5.356,50683.5
2026-01-13 03:00:00+00:00,5.356,5.386,5.349,5.369,70274.4
2026-01-13 04:00:00+00:00,5.369,5.406,5.369,5.401,45260.9
2026-01-13 05:00:00+00:00,5.401,5.455,5.399,5.409,131783.0
2026-01-13 06:00:00+00:00,5.409,5.445,5.408,5.443,131325.5
2026-01-13 07:00:00+00:00,5.443,5.444,5.421,5.427,41518.9
2026-01-13 08:00:00+00:00,5.427,5.443,5.405,5.442,43710.5
2026-01-13 09:00:00+00:00,5.442,5.464,5.41,5.418,142625.5
2026-01-13 10:00:00+00:00,5.418,5.43,5.402,5.409,50681.2
2026-01-13 11:00:00+00:00,5.409,5.432,5.405,5.424,41846.1
2026-01-13 12:00:00+00:00,5.424,5.456,5.413,5.451,60967.5
2026-01-13 13:00:00+00:00,5.451,5.509,5.451,5.489,276792.3
2026-01-13 14:00:00+00:00,5.489,5.568,5.472,5.511,380896.1
2026-01-13 15:00:00+00:00,5.511,5.571,5.467,5.564,277698.4
2026-01-13 16:00:00+00:00,5.564,5.614,5.551,5.586,317942.5
2026-01-13 17:00:00+00:00,5.586,5.625,5.532,5.559,429761.3
2026-01-13 18:00:00+00:00,5.559,5.599,5.553,5.577,96815.6
2026-01-13 19:00:00+00:00,5.577,5.611,5.557,5.599,90196.1
2026-01-13 20:00:00+00:00,5.599,5.609,5.557,5.581,182822.2
2026-01-13 21:00:00+00:00,5.581,5.633,5.579,5.616,138667.3
2026-01-13 22:00:00+00:00,5.616,5.8,5.611,5.765,837924.6
2026-01-13 23:00:00+00:00,5.765,5.791,5.692,5.726,277235.6
2026-01-14 00:00:00+00:00,5.726,5.761,5.694,5.741,179854.1
2026-01-14 01:00:00+00:00,5.741,5.771,5.728,5.748,132851.8
2026-01-14 02:00:00+00:00,5.748,5.787,5.736,5.747,158431.8
2026-01-14 03:00:00+00:00,5.747,5.768,5.721,5.767,101007.0
2026-01-14 04:00:00+00:00,5.767,5.778,5.737,5.746,124733.6
2026-01-14 05:00:00+00:00,5.746,5.747,5.709,5.739,167585.3
2026-01-14 06:00:00+00:00,5.739,5.77,5.693,5.765,142975.5
2026-01-14 07:00:00+00:00,5.765,5.772,5.73,5.755,101478.0
2026-01-14 08:00:00+00:00,5.755,5.821,5.752,5.788,207089.2
2026-01-14 09:00:00+00:00,5.788,5.831,5.772,5.785,190885.3
2026-01-14 10:00:00+00:00,5.785,5.818,5.743,5.752,148458.0
2026-01-14 11:00:00+00:00,5.752,5.752,5.695,5.708,134962.9
2026-01-14 12:00:00+00:00,5.708,5.732,5.699,5.716,65121.5
2026-01-14 13:00:00+00:00,5.716,5.732,5.672,5.683,111231.9
2026-01-14 14:00:00+00:00,5.683,5.797,5.68,5.765,217098.2
2026-01-14 15:00:00+00:00,5.765,5.814,5.729,5.781,245103.3
2026-01-14 16:00:00+00:00,5.781,5.847,5.773,5.79,485048.2
2026-01-14 17:00:00+00:00,5.79,5.82,5.734,5.741,281022.7
2026-01-14 18:00:00+00:00,5.741,5.752,5.647,5.7,249451.8
2026-01-14 19:00:00+00:00,5.7,5.805,5.687,5.758,277512.6
2026-01-14 20:00:00+00:00,5.758,5.786,5.725,5.757,92437.3
2026-01-14 21:00:00+00:00,5.757,5.769,5.73,5.755,59634.2
2026-01-14 22:00:00+00:00,5.755,5.757,5.689,5.692,111056.6
2026-01-14 23:00:00+00:00,5.692,5.729,5.673,5.676,88827.2
2026-01-15 00:00:00+00:00,5.676,5.68,5.619,5.628,256111.7
2026-01-15 01:00:00+00:00,5.628,5.662,5.603,5.617,131623.8
2026-01-15 02:00:00+00:00,5.617,5.633,5.561,5.57,143879.6
2026-01-15 03:00:00+00:00,5.57,5.582,5.475,5.487,316395.4
2026-01-15 04:00:00+00:00,5.487,5.508,5.478,5.498,138529.5
2026-01-15 05:00:00+00:00,5.498,5.512,5.487,5.5,116358.1
2026-01-15 06:00:00+00:00,5.5,5.519,5.449,5.456,196869.0
2026-01-15 07:00:00+00:00,5.456,5.526,5.453,5.505,171711.5
2026-01-15 08:00:00+00:00,5.505,5.516,5.478,5.51,118604.7
2026-01-15 09:00:00+00:00,5.51,5.581,5.494,5.558,197408.8
2026-01-15 10:00:00+00:00,5.558,5.567,5.516,5.523,121896.5
2026-01-15 11:00:00+00:00,5.523,5.536,5.501,5.524,196044.5
2026-01-15 12:00:00+00:00,5.524,5.542,5.475,5.495,595414.4
2026-01-15 13:00:00+00:00,5.495,5.504,5.473,5.489,121027.7
2026-01-15 14:00:00+00:00,5.489,5.509,5.392,5.436,343209.8
2026-01-15 15:00:00+00:00,5.436,5.455,5.312,5.395,590532.3
2026-01-15 16:00:00+00:00,5.395,5.429,5.349,5.405,245851.4
2026-01-15 17:00:00+00:00,5.405,5.433,5.368,5.378,192549.6
2026-01-15 18:00:00+00:00,5.378,5.389,5.29,5.317,337171.3
2026-01-15 19:00:00+00:00,5.317,5.325,5.271,5.301,319150.3
2026-01-15 20:00:00+00:00,5.301,5.307,5.224,5.237,334023.9
2026-01-15 21:00:00+00:00,5.237,5.293,5.235,5.282,125303.8
2026-01-15 22:00:00+00:00,5.282,5.335,5.279,5.319,133491.9
2026-01-15 23:00:00+00:00,5.319,5.354,5.307,5.347,101482.2
2026-01-16 00:00:00+00:00,5.347,5.356,5.324,5.326,106244.0
2026-01-16 01:00:00+00:00,5.326,5.334,5.3,5.306,79703.1
2026-01-16 02:00:00+00:00,5.306,5.329,5.277,5.328,149318.9
2026-01-16 03:00:00+00:00,5.328,5.33,5.296,5.308,43283.0
2026-01-16 04:00:00+00:00,5.308,5.33,5.268,5.288,112062.7
2026-01-16 05:00:00+00:00,5.288,5.332,5.28,5.315,128650.9
2026-01-16 06:00:00+00:00,5.315,5.326,5.296,5.319,57685.1
2026-01-16 07:00:00+00:00,5.319,5.336,5.295,5.308,70050.9
2026-01-16 08:00:00+00:00,5.308,5.331,5.302,5.323,88203.8
2026-01-16 09:00:00+00:00,5.323,5.334,5.319,5.321,69712.4
2026-01-16 10:00:00+00:00,5.321,5.324,5.3,5.302,72951.4
2026-01-16 11:00:00+00:00,5.302,5.32,5.292,5.32,85934.4
2026-01-16 12:00:00+00:00,5.32,5.328,5.292,5.302,57227.0
2026-01-16 13:00:00+00:00,5.302,5.302,5.246,5.267,169226.7
2026-01-16 14:00:00+00:00,5.267,5.288,5.255,5.26,136752.5
2026-01-16 15:00:00+00:00,5.26,5.284,5.124,5.163,615287.5
2026-01-16 16:00:00+00:00,5.163,5.225,5.15,5.202,268303.5
2026-01-16 17:00:00+00:00,5.202,5.233,5.184,5.231,110416.2
2026-01-16 18:00:00+00:00,5.231,5.241,5.217,5.225,114438.1
2026-01-16 19:00:00+00:00,5.225,5.244,5.201,5.238,69848.3
2026-01-16 20:00:00+00:00,5.238,5.317,5.212,5.315,240367.4
2026-01-16 21:00:00+00:00,5.315,5.349,5.305,5.324,247341.5
2026-01-16 22:00:00+00:00,5.324,5.337,5.308,5.331,73336.5
2026-01-16 23:00:00+00:00,5.331,5.332,5.301,5.312,72755.7
2026-01-17 00:00:00+00:00,5.312,5.336,5.302,5.326,87413.1
2026-01-17 01:00:00+00:00,5.326,5.343,5.321,5.325,102412.3
2026-01-17 02:00:00+00:00,5.325,5.337,5.31,5.336,71659.5
2026-01-17 03:00:00+00:00,5.336,5.338,5.317,5.333,37024.8
2026-01-17 04:00:00+00:00,5.333,5.346,5.321,5.341,47427.3
2026-01-17 05:00:00+00:00,5.341,5.365,5.34,5.348,80781.7
2026-01-17 06:00:00+00:00,5.348,5.349,5.328,5.337,40604.8
2026-01-17 07:00:00+00:00,5.337,5.361,5.318,5.36,43676.7
2026-01-17 08:00:00+00:00,5.36,5.376,5.349,5.368,55754.9
2026-01-17 09:00:00+00:00,5.368,5.388,5.364,5.385,66044.2
2026-01-17 10:00:00+00:00,5.385,5.413,5.372,5.379,97522.2
2026-01-17 11:00:00+00:00,5.379,5.389,5.344,5.345,92404.2
2026-01-17 12:00:00+00:00,5.345,5.37,5.331,5.369,69884.6
2026-01-17 13:00:00+00:00,5.369,5.409,5.367,5.387,95636.7
2026-01-17 14:00:00+00:00,5.387,5.424,5.376,5.416,92488.6
2026-01-17 15:00:00+00:00,5.416,5.439,5.401,5.429,107603.3
2026-01-17 16:00:00+00:00,5.429,5.437,5.368,5.384,181962.8
2026-01-17 17:00:00+00:00,5.384,5.399,5.364,5.375,67251.4
2026-01-17 18:00:00+00:00,5.375,5.387,5.367,5.38,49719.8
2026-01-17 19:00:00+00:00,5.38,5.404,5.378,5.387,74843.0
2026-01-17 20:00:00+00:00,5.387,5.405,5.382,5.389,39705.0
2026-01-17 21:00:00+00:00,5.389,5.394,5.375,5.393,39466.2
2026-01-17 22:00:00+00:00,5.393,5.393,5.338,5.355,132179.4
2026-01-17 23:00:00+00:00,5.355,5.361,5.342,5.347,32747.1
2026-01-18 00:00:00+00:00,5.347,5.384,5.343,5.365,76600.5
2026-01-18 01:00:00+00:00,5.365,5.369,5.277,5.301,223634.1
2026-01-18 02:00:00+00:00,5.301,5.338,5.293,5.306,94969.1
2026-01-18 03:00:00+00:00,5.306,5.343,5.305,5.327,56262.8
2026-01-18 04:00:00+00:00,5.327,5.331,5.311,5.322,56041.6
2026-01-18 05:00:00+00:00,5.322,5.325,5.305,5.324,39881.0
2026-01-18 06:00:00+00:00,5.324,5.337,5.304,5.31,52246.1
2026-01-18 07:00:00+00:00,5.31,5.321,5.286,5.308,43581.6
2026-01-18 08:00:00+00:00,5.308,5.324,5.301,5.316,46654.0
2026-01-18 09:00:00+00:00,5.316,5.327,5.307,5.325,36282.9
2026-01-18 10:00:00+00:00,5.325,5.328,5.303,5.316,49198.2
2026-01-18 11:00:00+00:00,5.316,5.33,5.307,5.323,40823.9
2026-01-18 12:00:00+00:00,5.323,5.324,5.293,5.298,53877.3
2026-01-18 13:00:00+00:00,5.298,5.302,5.25,5.284,215474.4
2026-01-18 14:00:00+00:00,5.284,5.317,5.261,5.266,139271.3
2026-01-18 15:00:00+00:00,5.266,5.333,5.254,5.333,93663.3
2026-01-18 16:00:00+00:00,5.333,5.375,5.325,5.34,129379.0
2026-01-18 17:00:00+00:00,5.34,5.36,5.325,5.353,120032.0
2026-01-18 18:00:00+00:00,5.353,5.393,5.343,5.378,115888.3
2026-01-18 19:00:00+00:00,5.378,5.386,5.34,5.353,56171.1
2026-01-18 20:00:00+00:00,5.353,5.382,5.34,5.363,55771.0
2026-01-18 21:00:00+00:00,5.363,5.37,5.351,5.362,28045.8
2026-01-18 22:00:00+00:00,5.362,5.384,5.35,5.36,61664.3
2026-01-18 23:00:00+00:00,5.36,5.36,5.085,5.092,950859.4
2026-01-19 00:00:00+00:00,5.092,5.092,4.587,4.914,4795967.9
2026-01-19 01:00:00+00:00,4.914,4.971,4.886,4.949,357800.0
2026-01-19 02:00:00+00:00,4.949,4.997,4.931,4.974,147345.6
2026-01-19 03:00:00+00:00,4.974,5.03,4.967,5.02,674187.9
2026-01-19 04:00:00+00:00,5.02,5.036,4.978,4.989,187436.5
2026-01-19 05:00:00+00:00,4.989,5.0,4.954,4.966,225454.6
2026-01-19 06:00:00+00:00,4.966,4.991,4.947,4.985,238806.0
2026-01-19 07:00:00+00:00,4.985,4.995,4.957,4.961,301767.7
2026-01-19 08:00:00+00:00,4.961,4.993,4.932,4.977,328398.3
2026-01-19 09:00:00+00:00,4.977,4.995,4.963,4.994,85891.7
2026-01-19 10:00:00+00:00,4.994,4.997,4.965,4.971,108858.7
2026-01-19 11:00:00+00:00,4.971,5.018,4.967,4.993,114081.4
2026-01-19 12:00:00+00:00,4.993,5.016,4.968,4.979,196522.2
2026-01-19 13:00:00+00:00,4.979,4.998,4.97,4.98,63449.2
2026-01-19 14:00:00+00:00,4.98,5.003,4.966,4.992,77204.4
2026-01-19 15:00:00+00:00,4.992,5.005,4.971,4.973,54033.5
2026-01-19 16:00:00+00:00,4.973,5.018,4.97,5.013,119579.4
2026-01-19 17:00:00+00:00,5.013,5.015,4.994,5.001,57179.0
2026-01-19 18:00:00+00:00,5.001,5.002,4.978,4.999,112538.7
2026-01-19 19:00:00+00:00,4.999,5.046,4.999,5.031,132690.3
2026-01-19 20:00:00+00:00,5.031,5.046,5.022,5.026,61357.6
2026-01-19 21:00:00+00:00,5.026,5.042,4.996,4.996,61985.1
2026-01-19 22:00:00+00:00,4.996,5.009,4.97,4.972,117029.2
2026-01-19 23:00:00+00:00,4.972,5.031,4.968,5.023,149615.3
2026-01-20 00:00:00+00:00,5.023,5.025,4.985,4.992,131872.4
2026-01-20 01:00:00+00:00,4.992,5.024,4.976,5.014,95443.4
2026-01-20 02:00:00+00:00,5.014,5.019,4.984,5.015,98620.6
2026-01-20 03:00:00+00:00,5.015,5.022,4.984,4.997,70677.3
2026-01-20 04:00:00+00:00,4.997,5.003,4.977,4.978,61344.1
2026-01-20 05:00:00+00:00,4.978,4.998,4.944,4.968,294633.8
2026-01-20 06:00:00+00:00,4.968,5.0,4.909,4.954,871108.2
2026-01-20 07:00:00+00:00,4.954,4.978,4.939,4.939,187640.9
2026-01-20 08:00:00+00:00,4.939,4.95,4.87,4.907,444978.0
2026-01-20 09:00:00+00:00,4.907,4.91,4.883,4.9,100930.2
2026-01-20 10:00:00+00:00,4.9,4.926,4.899,4.914,81860.2
2026-01-20 11:00:00+00:00,4.914,4.934,4.888,4.892,84026.6
2026-01-20 12:00:00+00:00,4.892,4.922,4.887,4.913,78477.4
2026-01-20 13:00:00+00:00,4.913,4.919,4.778,4.794,667003.8
2026-01-20 14:00:00+00:00,4.794,4.879,4.792,4.831,470777.8
2026-01-20 15:00:00+00:00,4.831,4.834,4.758,4.805,503037.4
2026-01-20 16:00:00+00:00,4.805,4.835,4.733,4.761,289589.8
2026-01-20 17:00:00+00:00,4.761,4.808,4.722,4.749,261509.8
2026-01-20 18:00:00+00:00,4.749,4.764,4.71,4.737,177082.7
2026-01-20 19:00:00+00:00,4.737,4.767,4.734,4.761,58080.3
2026-01-20 20:00:00+00:00,4.761,4.803,4.749,4.794,147087.5
2026-01-20 21:00:00+00:00,4.794,4.803,4.756,4.762,67984.3
2026-01-20 22:00:00+00:00,4.762,4.797,4.687,4.777,549859.0
2026-01-20 23:00:00+00:00,4.777,4.817,4.753,4.798,283733.7
2026-01-21 00:00:00+00:00,4.798,4.864,4.789,4.858,239109.7
2026-01-21 01:00:00+00:00,4.858,4.903,4.855,4.882,138577.5
2026-01-21 02:00:00+00:00,4.882,4.922,4.882,4.905,93059.9
2026-01-21 03:00:00+00:00,4.905,4.938,4.904,4.918,81042.9
2026-01-21 04:00:00+00:00,4.918,4.929,4.91,4.916,71915.2
2026-01-21 05:00:00+00:00,4.916,4.961,4.914,4.948,85844.9
2026-01-21 06:00:00+00:00,4.948,4.949,4.9,4.911,65897.4
2026-01-21 07:00:00+00:00,4.911,4.92,4.87,4.882,208683.4
2026-01-21 08:00:00+00:00,4.882,4.889,4.846,4.867,113023.0
2026-01-21 09:00:00+00:00,4.867,4.895,4.856,4.875,98975.5
2026-01-21 10:00:00+00:00,4.875,4.901,4.873,4.891,62306.7
2026-01-21 11:00:00+00:00,4.891,4.917,4.84,4.846,168286.7
2026-01-21 12:00:00+00:00,4.846,4.858,4.783,4.853,530649.6
2026-01-21 13:00:00+00:00,4.853,4.876,4.805,4.818,149138.2
2026-01-21 14:00:00+00:00,4.818,4.945,4.817,4.932,545238.9
2026-01-21 15:00:00+00:00,4.932,4.996,4.916,4.968,308216.6
2026-01-21 16:00:00+00:00,4.968,4.973,4.795,4.801,433153.8
2026-01-21 17:00:00+00:00,4.801,4.851,4.754,4.819,496787.8
2026-01-21 18:00:00+00:00,4.819,4.887,4.801,4.862,142692.8
2026-01-21 19:00:00+00:00,4.862,5.061,4.843,5.058,522123.8
2026-01-21 20:00:00+00:00,5.058,5.065,4.968,5.017,215305.9
2026-01-21 21:00:00+00:00,5.017,5.046,4.996,4.999,99694.9
2026-01-21 22:00:00+00:00,4.999,5.034,4.947,4.969,111718.7
2026-01-21 23:00:00+00:00,4.969,4.99,4.921,4.935,126160.0
2026-01-22 00:00:00+00:00,4.935,4.98,4.935,4.967,128587.8
2026-01-22 01:00:00+00:00,4.967,4.987,4.96,4.98,79864.9
2026-01-22 02:00:00+00:00,4.98,4.991,4.959,4.964,54380.8
2026-01-22 03:00:00+00:00,4.964,4.982,4.935,4.945,55737.1
2026-01-22 04:00:00+00:00,4.945,4.963,4.942,4.953,34353.4
2026-01-22 05:00:00+00:00,4.953,4.96,4.929,4.936,38090.1
2026-01-22 06:00:00+00:00,4.936,4.947,4.916,4.94,53338.7
2026-01-22 07:00:00+00:00,4.94,4.949,4.917,4.925,45886.9
2026-01-22 08:00:00+00:00,4.925,4.949,4.917,4.948,86793.7
2026-01-22 09:00:00+00:00,4.948,4.966,4.939,4.961,61043.0
2026-01-22 10:00:00+00:00,4.961,4.964,4.944,4.948,67830.5
2026-01-22 11:00:00+00:00,4.948,4.95,4.908,4.912,90014.6
2026-01-22 12:00:00+00:00,4.912,4.927,4.905,4.917,70558.2
2026-01-22 13:00:00+00:00,4.917,4.947,4.876,4.892,104591.4
2026-01-22 14:00:00+00:00,4.892,4.895,4.82,4.834,216631.4
2026-01-22 15:00:00+00:00,4.834,4.848,4.764,4.812,371416.7
2026-01-22 16:00:00+00:00,4.812,4.862,4.804,4.851,127026.6
2026-01-22 17:00:00+00:00,4.851,4.88,4.83,4.875,91401.6
2026-01-22 18:00:00+00:00,4.875,4.875,4.825,4.831,129918.7
2026-01-22 19:00:00+00:00,4.831,4.863,4.818,4.849,72156.6
2026-01-22 20:00:00+00:00,4.849,4.86,4.808,4.818,108462.7
2026-01-22 21:00:00+00:00,4.818,4.849,4.817,4.832,74517.7
2026-01-22 22:00:00+00:00,4.832,4.855,4.82,4.829,74878.4
2026-01-22 23:00:00+00:00,4.829,4.841,4.81,4.833,61747.6
2026-01-23 00:00:00+00:00,4.833,4.844,4.816,4.82,99176.2
2026-01-23 01:00:00+00:00,4.82,4.871,4.82,4.871,54443.0
2026-01-23 02:00:00+00:00,4.871,4.876,4.847,4.848,76246.8
2026-01-23 03:00:00+00:00,4.848,4.892,4.847,4.875,56820.3
2026-01-23 04:00:00+00:00,4.875,4.905,4.869,4.892,33730.5
2026-01-23 05:00:00+00:00,4.892,4.894,4.853,4.864,38105.4
2026-01-23 06:00:00+00:00,4.864,4.887,4.838,4.839,74747.2
2026-01-23 07:00:00+00:00,4.839,4.872,4.834,4.867,60088.1
2026-01-23 08:00:00+00:00,4.867,4.882,4.826,4.836,148293.0
2026-01-23 09:00:00+00:00,4.836,4.857,4.826,4.84,130281.6
2026-01-23 10:00:00+00:00,4.84,4.851,4.828,4.839,63460.9
2026-01-23 11:00:00+00:00,4.839,4.878,4.837,4.868,62177.1
2026-01-23 12:00:00+00:00,4.868,4.878,4.852,4.872,49690.3
2026-01-23 13:00:00+00:00,4.872,4.883,4.864,4.866,62585.5
2026-01-23 14:00:00+00:00,4.866,4.877,4.763,4.804,247590.5
2026-01-23 15:00:00+00:00,4.804,4.902,4.781,4.891,238359.4
2026-01-23 16:00:00+00:00,4.891,4.931,4.854,4.895,149958.9
2026-01-23 17:00:00+00:00,4.895,4.98,4.87,4.915,182574.8
2026-01-23 18:00:00+00:00,4.915,4.951,4.904,4.928,99459.3
2026-01-23 19:00:00+00:00,4.928,4.928,4.846,4.867,175523.0
2026-01-23 20:00:00+00:00,4.867,4.875,4.814,4.832,96710.2
2026-01-23 21:00:00+00:00,4.832,4.864,4.828,4.848,38562.6
2026-01-23 22:00:00+00:00,4.848,4.887,4.846,4.884,78692.4
2026-01-23 23:00:00+00:00,4.884,4.884,4.863,4.868,29572.3
2026-01-24 00:00:00+00:00,4.868,4.882,4.85,4.85,65276.6
2026-01-24 01:00:00+00:00,4.85,4.859,4.837,4.859,38449.2
2026-01-24 02:00:00+00:00,4.859,4.873,4.859,4.865,14446.3
2026-01-24 03:00:00+00:00,4.865,4.888,4.854,4.881,44007.4
2026-01-24 04:00:00+00:00,4.881,4.892,4.869,4.88,34978.4
2026-01-24 05:00:00+00:00,4.88,4.907,4.873,4.906,88785.1
2026-01-24 06:00:00+00:00,4.906,4.907,4.887,4.897,60069.5
2026-01-24 07:00:00+00:00,4.897,4.897,4.875,4.883,52437.0
2026-01-24 08:00:00+00:00,4.883,4.911,4.877,4.904,40059.7
2026-01-24 09:00:00+00:00,4.904,4.905,4.876,4.879,36617.0
2026-01-24 10:00:00+00:00,4.879,4.891,4.877,4.889,16838.7
2026-01-24 11:00:00+00:00,4.889,4.898,4.884,4.889,22152.3
2026-01-24 12:00:00+00:00,4.889,4.909,4.889,4.899,36561.1
2026-01-24 13:00:00+00:00,4.899,4.901,4.85,4.852,110094.9
2026-01-24 14:00:00+00:00,4.852,4.88,4.851,4.866,116173.7
2026-01-24 15:00:00+00:00,4.866,4.873,4.835,4.838,77127.9
2026-01-24 16:00:00+00:00,4.838,4.851,4.822,4.845,58085.3
2026-01-24 17:00:00+00:00,4.845,4.865,4.837,4.86,58510.4
2026-01-24 18:00:00+00:00,4.86,4.867,4.852,4.855,26610.3
2026-01-24 19:00:00+00:00,4.855,4.856,4.841,4.842,14523.0
2026-01-24 20:00:00+00:00,4.842,4.862,4.842,4.86,26389.5
2026-01-24 21:00:00+00:00,4.86,4.86,4.843,4.854,13950.0
2026-01-24 22:00:00+00:00,4.854,4.869,4.852,4.863,50353.2
2026-01-24 23:00:00+00:00,4.863,4.867,4.848,4.849,25221.3
2026-01-25 00:00:00+00:00,4.849,4.87,4.849,4.869,66069.9
2026-01-25 01:00:00+00:00,4.869,4.874,4.845,4.855,31793.3
2026-01-25 02:00:00+00:00,4.855,4.863,4.848,4.859,48076.0
2026-01-25 03:00:00+00:00,4.859,4.862,4.819,4.833,80195.3
2026-01-25 04:00:00+00:00,4.833,4.854,4.825,4.842,33366.5
2026-01-25 05:00:00+00:00,4.842,4.853,4.814,4.839,112291.3
2026-01-25 06:00:00+00:00,4.839,4.839,4.809,4.826,53257.4
2026-01-25 07:00:00+00:00,4.826,4.826,4.8,4.824,45875.4
2026-01-25 08:00:00+00:00,4.824,4.844,4.798,4.812,78019.8
2026-01-25 09:00:00+00:00,4.812,4.851,4.806,4.842,56738.7
2026-01-25 10:00:00+00:00,4.842,4.894,4.841,4.864,203185.5
2026-01-25 11:00:00+00:00,4.864,4.878,4.846,4.854,54929.8
2026-01-25 12:00:00+00:00,4.854,4.854,4.829,4.845,49780.8
2026-01-25 13:00:00+00:00,4.845,4.874,4.831,4.866,58078.7
2026-01-25 14:00:00+00:00,4.866,4.866,4.802,4.816,115351.8
2026-01-25 15:00:00+00:00,4.816,4.846,4.801,4.813,55067.6
2026-01-25 16:00:00+00:00,4.813,4.813,4.657,4.723,718045.0
2026-01-25 17:00:00+00:00,4.723,4.736,4.687,4.71,137745.0
2026-01-25 18:00:00+00:00,4.71,4.713,4.627,4.652,418653.1
2026-01-25 19:00:00+00:00,4.652,4.658,4.553,4.579,427692.8
2026-01-25 20:00:00+00:00,4.579,4.614,4.568,4.603,230297.3
2026-01-25 21:00:00+00:00,4.603,4.649,4.602,4.635,141193.5
2026-01-25 22:00:00+00:00,4.635,4.638,4.565,4.594,111074.1
2026-01-25 23:00:00+00:00,4.594,4.64,4.576,4.632,133828.3
2026-01-26 00:00:00+00:00,4.632,4.666,4.484,4.558,988593.9
2026-01-26 01:00:00+00:00,4.558,4.656,4.556,4.643,343043.4
2026-01-26 02:00:00+00:00,4.643,4.683,4.6,4.619,424388.1
2026-01-26 03:00:00+00:00,4.619,4.636,4.576,4.592,242796.5
2026-01-26 04:00:00+00:00,4.592,4.63,4.586,4.6,205134.2
2026-01-26 05:00:00+00:00,4.6,4.61,4.549,4.56,771181.1
2026-01-26 06:00:00+00:00,4.56,4.603,4.552,4.6,198087.4
2026-01-26 07:00:00+00:00,4.6,4.628,4.581,4.616,283898.0
2026-01-26 08:00:00+00:00,4.616,4.688,4.615,4.659,294295.6
2026-01-26 09:00:00+00:00,4.659,4.662,4.613,4.624,130913.9
2026-01-26 10:00:00+00:00,4.624,4.637,4.62,4.637,77414.9
2026-01-26 11:00:00+00:00,4.637,4.656,4.624,4.626,64140.8
2026-01-26 12:00:00+00:00,4.626,4.662,4.626,4.639,81252.0
2026-01-26 13:00:00+00:00,4.639,4.669,4.639,4.66,70323.7
2026-01-26 14:00:00+00:00,4.66,4.709,4.612,4.703,365185.6
2026-01-26 15:00:00+00:00,4.703,4.757,4.655,4.685,476883.1
2026-01-26 16:00:00+00:00,4.685,4.741,4.667,4.706,173042.7
2026-01-26 17:00:00+00:00,4.706,4.717,4.657,4.702,165912.3
2026-01-26 18:00:00+00:00,4.702,4.742,4.691,4.725,173100.4
2026-01-26 19:00:00+00:00,4.725,4.739,4.695,4.701,92299.4
2026-01-26 20:00:00+00:00,4.701,4.714,4.672,4.68,81056.1
2026-01-26 21:00:00+00:00,4.68,4.754,4.668,4.72,150035.7
2026-01-26 22:00:00+00:00,4.72,4.734,4.705,4.708,86693.9
2026-01-26 23:00:00+00:00,4.708,4.729,4.694,4.707,52914.3
2026-01-27 00:00:00+00:00,4.707,4.708,4.686,4.703,40469.0
2026-01-27 01:00:00+00:00,4.703,4.728,4.682,4.711,82821.3
2026-01-27 02:00:00+00:00,4.711,4.733,4.698,4.722,78954.0
2026-01-27 03:00:00+00:00,4.722,4.731,4.703,4.719,130530.0
2026-01-27 04:00:00+00:00,4.719,4.749,4.716,4.73,87308.4
2026-01-27 05:00:00+00:00,4.73,4.734,4.715,4.725,58803.9
2026-01-27 06:00:00+00:00,4.725,4.725,4.677,4.679,147974.7
2026-01-27 07:00:00+00:00,4.679,4.699,4.677,4.687,45442.8
2026-01-27 08:00:00+00:00,4.687,4.702,4.674,4.679,44594.2
2026-01-27 09:00:00+00:00,4.679,4.679,4.645,4.65,108982.8
2026-01-27 10:00:00+00:00,4.65,4.656,4.639,4.652,114963.0
2026-01-27 11:00:00+00:00,4.652,4.673,4.642,4.659,53659.4
2026-01-27 12:00:00+00:00,4.659,4.667,4.644,4.65,58999.1
2026-01-27 13:00:00+00:00,4.65,4.661,4.627,4.64,56946.3
2026-01-27 14:00:00+00:00,4.64,4.696,4.639,4.654,202505.7
2026-01-27 15:00:00+00:00,4.654,4.715,4.644,4.709,129848.2
2026-01-27 16:00:00+00:00,4.709,4.77,4.701,4.753,312300.9
2026-01-27 17:00:00+00:00,4.753,4.757,4.634,4.646,271383.6
2026-01-27 18:00:00+00:00,4.646,4.735,4.628,4.721,130041.7
2026-01-27 19:00:00+00:00,4.721,4.749,4.704,4.738,133680.4
2026-01-27 20:00:00+00:00,4.738,4.811,4.728,4.799,380940.0
2026-01-27 21:00:00+00:00,4.799,4.811,4.761,4.769,101019.7
2026-01-27 22:00:00+00:00,4.769,4.806,4.768,4.792,123689.4
2026-01-27 23:00:00+00:00,4.792,4.815,4.787,4.797,42876.9
2026-01-28 00:00:00+00:00,4.797,4.811,4.78,4.807,114479.7
2026-01-28 01:00:00+00:00,4.807,4.808,4.767,4.788,39914.1
2026-01-28 02:00:00+00:00,4.788,4.803,4.774,4.794,126021.9
2026-01-28 03:00:00+00:00,4.794,4.796,4.777,4.777,82048.5
2026-01-28 04:00:00+00:00,4.777,4.782,4.749,4.764,66085.8
2026-01-28 05:00:00+00:00,4.764,4.781,4.757,4.775,37473.3
2026-01-28 06:00:00+00:00,4.775,4.804,4.775,4.802,61993.7
2026-01-28 07:00:00+00:00,4.802,4.805,4.784,4.794,26734.3
2026-01-28 08:00:00+00:00,4.794,4.818,4.781,4.785,146137.8
2026-01-28 09:00:00+00:00,4.785,4.846,4.783,4.845,112091.8
2026-01-28 10:00:00+00:00,4.845,4.864,4.83,4.834,179246.5
2026-01-28 11:00:00+00:00,4.834,4.87,4.816,4.868,231078.2
2026-01-28 12:00:00+00:00,4.868,4.873,4.831,4.842,182363.9
2026-01-28 13:00:00+00:00,4.842,4.866,4.832,4.838,128531.2
2026-01-28 14:00:00+00:00,4.838,4.845,4.803,4.817,137572.1
2026-01-28 15:00:00+00:00,4.817,4.837,4.772,4.811,217606.3
2026-01-28 16:00:00+00:00,4.811,4.824,4.781,4.793,86057.1
2026-01-28 17:00:00+00:00,4.793,4.854,4.771,4.833,155668.6
2026-01-28 18:00:00+00:00,4.833,4.833,4.799,4.82,116690.2
2026-01-28 19:00:00+00:00,4.82,4.838,4.796,4.821,178535.5
2026-01-28 20:00:00+00:00,4.821,4.869,4.812,4.822,166298.8
2026-01-28 21:00:00+00:00,4.822,4.846,4.787,4.833,156339.1
2026-01-28 22:00:00+00:00,4.833,4.851,4.81,4.848,78055.5
2026-01-28 23:00:00+00:00,4.848,4.86,4.814,4.817,97169.9
2026-01-29 00:00:00+00:00,4.817,4.831,4.782,4.803,103438.7
2026-01-29 01:00:00+00:00,4.803,4.807,4.753,4.761,140814.3
2026-01-29 02:00:00+00:00,4.761,4.776,4.684,4.701,496121.3
2026-01-29 03:00:00+00:00,4.701,4.736,4.688,4.71,108760.4
2026-01-29 04:00:00+00:00,4.71,4.733,4.682,4.724,92849.6
2026-01-29 05:00:00+00:00,4.724,4.735,4.714,4.717,34769.8
2026-01-29 06:00:00+00:00,4.717,4.735,4.715,4.735,63903.5
2026-01-29 07:00:00+00:00,4.735,4.749,4.722,4.724,44874.8
2026-01-29 08:00:00+00:00,4.724,4.734,4.694,4.705,110034.6
2026-01-29 09:00:00+00:00,4.705,4.707,4.691,4.695,59252.6
2026-01-29 10:00:00+00:00,4.695,4.704,4.675,4.684,73426.8
2026-01-29 11:00:00+00:00,4.684,4.684,4.645,4.65,191073.6
2026-01-29 12:00:00+00:00,4.65,4.666,4.635,4.652,128217.8
2026-01-29 13:00:00+00:00,4.652,4.686,4.65,4.684,99342.3
2026-01-29 14:00:00+00:00,4.684,4.691,4.567,4.569,414072.8
2026-01-29 15:00:00+00:00,4.569,4.571,4.408,4.45,1761358.7
2026-01-29 16:00:00+00:00,4.45,4.463,4.395,4.433,479536.9
2026-01-29 17:00:00+00:00,4.433,4.502,4.394,4.397,331281.5
2026-01-29 18:00:00+00:00,4.397,4.418,4.315,4.319,659528.8
2026-01-29 19:00:00+00:00,4.319,4.358,4.282,4.339,427878.2
2026-01-29 20:00:00+00:00,4.339,4.387,4.316,4.378,230710.7
2026-01-29 21:00:00+00:00,4.378,4.4,4.361,4.387,179598.4
2026-01-29 22:00:00+00:00,4.387,4.397,4.36,4.378,152213.8
2026-01-29 23:00:00+00:00,4.378,4.403,4.354,4.394,126592.9
2026-01-30 00:00:00+00:00,4.394,4.417,4.375,4.389,240501.6
2026-01-30 01:00:00+00:00,4.389,4.4,4.192,4.321,2119034.5
2026-01-30 02:00:00+00:00,4.321,4.324,4.198,4.239,486033.0
2026-01-30 03:00:00+00:00,4.239,4.267,4.236,4.247,167692.5
2026-01-30 04:00:00+00:00,4.247,4.311,4.246,4.287,150336.4
2026-01-30 05:00:00+00:00,4.287,4.29,4.255,4.265,94167.7
2026-01-30 06:00:00+00:00,4.265,4.271,4.173,4.204,484218.9
2026-01-30 07:00:00+00:00,4.204,4.269,4.204,4.253,233369.3
2026-01-30 08:00:00+00:00,4.253,4.263,4.194,4.199,216504.8
2026-01-30 09:00:00+00:00,4.199,4.224,4.181,4.215,284981.2
2026-01-30 10:00:00+00:00,4.215,4.247,4.196,4.246,101101.9
2026-01-30 11:00:00+00:00,4.246,4.327,4.242,4.309,148925.9
2026-01-30 12:00:00+00:00,4.309,4.315,4.275,4.291,125951.7
2026-01-30 13:00:00+00:00,4.291,4.301,4.24,4.253,279434.8
2026-01-30 14:00:00+00:00,4.253,4.313,4.244,4.276,312298.2
2026-01-30 15:00:00+00:00,4.276,4.308,4.203,4.259,380893.6
2026-01-30 16:00:00+00:00,4.259,4.304,4.225,4.264,236134.2
2026-01-30 17:00:00+00:00,4.264,4.299,4.233,4.258,159907.9
2026-01-30 18:00:00+00:00,4.258,4.333,4.136,4.315,947218.5
2026-01-30 19:00:00+00:00,4.315,4.345,4.297,4.307,680958.3
2026-01-30 20:00:00+00:00,4.307,4.307,4.22,4.233,531403.3
2026-01-30 21:00:00+00:00,4.233,4.283,4.229,4.274,371919.2
2026-01-30 22:00:00+00:00,4.274,4.284,4.263,4.279,542633.6
2026-01-30 23:00:00+00:00,4.279,4.284,4.26,4.274,214705.1
2026-01-31 00:00:00+00:00,4.274,4.295,4.268,4.283,116431.4
2026-01-31 01:00:00+00:00,4.283,4.305,4.268,4.279,74477.4
2026-01-31 02:00:00+00:00,4.279,4.295,4.26,4.281,121707.8
2026-01-31 03:00:00+00:00,4.281,4.285,4.26,4.265,75741.6
2026-01-31 04:00:00+00:00,4.265,4.284,4.258,4.259,109683.6
2026-01-31 05:00:00+00:00,4.259,4.283,4.257,4.282,127922.6
2026-01-31 06:00:00+00:00,4.282,4.285,4.251,4.259,343654.0
2026-01-31 07:00:00+00:00,4.259,4.262,4.208,4.224,255435.3
2026-01-31 08:00:00+00:00,4.224,4.233,4.117,4.172,894881.6
2026-01-31 09:00:00+00:00,4.172,4.193,4.152,4.168,141030.1
2026-01-31 10:00:00+00:00,4.168,4.191,4.145,4.166,115696.8
2026-01-31 11:00:00+00:00,4.166,4.166,4.136,4.14,87319.3
2026-01-31 12:00:00+00:00,4.14,4.148,4.111,4.118,263765.6
2026-01-31 13:00:00+00:00,4.118,4.12,4.074,4.098,495582.9
2026-01-31 14:00:00+00:00,4.098,4.106,3.887,3.972,2412953.7
2026-01-31 15:00:00+00:00,3.972,4.022,3.965,3.989,390573.5
2026-01-31 16:00:00+00:00,3.989,4.067,3.943,3.955,867537.5
2026-01-31 17:00:00+00:00,3.955,3.968,3.68,3.825,4333593.9
2026-01-31 18:00:00+00:00,3.825,3.839,3.616,3.792,4165414.9
2026-01-31 19:00:00+00:00,3.792,3.872,3.786,3.821,708652.2
2026-01-31 20:00:00+00:00,3.821,3.838,3.775,3.827,444801.8
2026-01-31 21:00:00+00:00,3.827,3.903,3.812,3.891,453561.7
2026-01-31 22:00:00+00:00,3.891,3.903,3.869,3.886,181915.8
2026-01-31 23:00:00+00:00,3.886,3.97,3.881,3.957,360944.5
2026-02-01 00:00:00+00:00,3.957,4.003,3.948,3.985,307168.6
2026-02-01 01:00:00+00:00,3.985,3.99,3.937,3.977,202093.9
2026-02-01 02:00:00+00:00,3.977,4.023,3.973,4.013,149354.1
2026-02-01 03:00:00+00:00,4.013,4.016,3.978,3.988,83496.1
2026-02-01 04:00:00+00:00,3.988,4.011,3.981,3.994,96102.4
2026-02-01 05:00:00+00:00,3.994,4.009,3.959,3.965,180139.5
2026-02-01 06:00:00+00:00,3.965,3.984,3.938,3.952,114497.4
2026-02-01 07:00:00+00:00,3.952,3.985,3.929,3.955,311264.6
2026-02-01 08:00:00+00:00,3.955,3.986,3.939,3.955,207976.9
2026-02-01 09:00:00+00:00,3.955,3.976,3.933,3.967,215186.9
2026-02-01 10:00:00+00:00,3.967,3.979,3.897,3.903,298866.5
2026-02-01 11:00:00+00:00,3.903,3.955,3.898,3.939,118100.6
2026-02-01 12:00:00+00:00,3.939,3.94,3.885,3.889,164618.9
2026-02-01 13:00:00+00:00,3.889,3.924,3.86,3.874,245898.3
2026-02-01 14:00:00+00:00,3.874,3.913,3.813,3.877,538470.8
2026-02-01 15:00:00+00:00,3.877,3.878,3.759,3.826,619510.0
2026-02-01 16:00:00+00:00,3.826,3.872,3.793,3.84,465647.2
2026-02-01 17:00:00+00:00,3.84,3.857,3.813,3.853,662845.4
2026-02-01 18:00:00+00:00,3.853,3.928,3.852,3.891,325533.9
2026-02-01 19:00:00+00:00,3.891,3.901,3.836,3.859,225925.5
2026-02-01 20:00:00+00:00,3.859,3.902,3.814,3.859,268699.8
2026-02-01 21:00:00+00:00,3.859,3.863,3.823,3.841,224500.3
2026-02-01 22:00:00+00:00,3.841,3.904,3.836,3.871,196811.9
2026-02-01 23:00:00+00:00,3.871,3.901,3.75,3.834,1025192.0
2026-02-02 00:00:00+00:00,3.834,3.929,3.813,3.894,752714.6
2026-02-02 01:00:00+00:00,3.894,3.959,3.848,3.922,404329.2
2026-02-02 02:00:00+00:00,3.922,3.937,3.878,3.881,202452.0
2026-02-02 03:00:00+00:00,3.881,3.888,3.711,3.846,1052353.9
2026-02-02 04:00:00+00:00,3.846,3.879,3.776,3.843,474693.8
2026-02-02 05:00:00+00:00,3.843,3.85,3.723,3.755,638353.5
2026-02-02 06:00:00+00:00,3.755,3.866,3.702,3.824,1271848.3
2026-02-02 07:00:00+00:00,3.824,3.883,3.817,3.847,349430.4
2026-02-02 08:00:00+00:00,3.847,3.885,3.847,3.869,165659.8
2026-02-02 09:00:00+00:00,3.869,3.923,3.85,3.905,375718.5
2026-02-02 10:00:00+00:00,3.905,3.928,3.897,3.909,247641.7
2026-02-02 11:00:00+00:00,3.909,3.929,3.898,3.909,278206.9
2026-02-02 12:00:00+00:00,3.909,3.951,3.909,3.932,200219.5
2026-02-02 13:00:00+00:00,3.932,3.944,3.915,3.932,144084.1
2026-02-02 14:00:00+00:00,3.932,3.962,3.894,3.912,580176.9
2026-02-02 15:00:00+00:00,3.912,3.996,3.902,3.965,460337.9
2026-02-02 16:00:00+00:00,3.965,3.984,3.941,3.946,158465.7
2026-02-02 17:00:00+00:00,3.946,3.971,3.924,3.938,161296.0
2026-02-02 18:00:00+00:00,3.938,3.956,3.916,3.936,123424.8
2026-02-02 19:00:00+00:00,3.936,3.94,3.916,3.918,76354.4
2026-02-02 20:00:00+00:00,3.918,3.929,3.896,3.908,101525.2
2026-02-02 21:00:00+00:00,3.908,3.933,3.906,3.924,88526.5
2026-02-02 22:00:00+00:00,3.924,3.94,3.922,3.934,51358.4
2026-02-02 23:00:00+00:00,3.934,3.939,3.917,3.923,67222.8
2026-02-03 00:00:00+00:00,3.923,3.93,3.88,3.912,223857.6
2026-02-03 01:00:00+00:00,3.912,3.916,3.89,3.907,83489.1
2026-02-03 02:00:00+00:00,3.907,3.908,3.843,3.845,185480.9
2026-02-03 03:00:00+00:00,3.845,3.926,3.833,3.92,198704.4
2026-02-03 04:00:00+00:00,3.92,3.953,3.911,3.939,141838.5
2026-02-03 05:00:00+00:00,3.939,3.945,3.907,3.91,72728.1
2026-02-03 06:00:00+00:00,3.91,3.916,3.88,3.904,148319.4
2026-02-03 07:00:00+00:00,3.904,3.929,3.891,3.904,93265.2
2026-02-03 08:00:00+00:00,3.904,3.932,3.89,3.902,70734.0
2026-02-03 09:00:00+00:00,3.902,3.91,3.846,3.877,394053.1
2026-02-03 10:00:00+00:00,3.877,3.91,3.872,3.882,163786.7
2026-02-03 11:00:00+00:00,3.882,3.905,3.879,3.894,83913.6
2026-02-03 12:00:00+00:00,3.894,3.936,3.884,3.927,110940.8
2026-02-03 13:00:00+00:00,3.927,3.939,3.915,3.933,121274.5
2026-02-03 14:00:00+00:00,3.933,3.946,3.859,3.861,249355.8
2026-02-03 15:00:00+00:00,3.861,3.969,3.855,3.962,499865.5
2026-02-03 16:00:00+00:00,3.962,3.963,3.862,3.872,548067.6
2026-02-03 17:00:00+00:00,3.872,3.881,3.797,3.799,369042.6
2026-02-03 18:00:00+00:00,3.799,3.818,3.69,3.71,992488.5
2026-02-03 19:00:00+00:00,3.71,3.928,3.698,3.878,701526.4
2026-02-03 20:00:00+00:00,3.878,4.024,3.831,3.981,836078.8
2026-02-03 21:00:00+00:00,3.981,4.014,3.909,3.918,300927.6
2026-02-03 22:00:00+00:00,3.918,3.92,3.863,3.874,130638.6
2026-02-03 23:00:00+00:00,3.874,3.881,3.832,3.857,195003.0
2026-02-04 00:00:00+00:00,3.857,3.899,3.845,3.885,117154.1
2026-02-04 01:00:00+00:00,3.885,3.942,3.884,3.91,119300.5
2026-02-04 02:00:00+00:00,3.91,3.921,3.884,3.9,113214.1
2026-02-04 03:00:00+00:00,3.9,3.959,3.893,3.943,164920.6
2026-02-04 04:00:00+00:00,3.943,3.951,3.92,3.923,86928.4
2026-02-04 05:00:00+00:00,3.923,3.929,3.888,3.902,62509.8
2026-02-04 06:00:00+00:00,3.902,3.932,3.899,3.921,81694.4
2026-02-04 07:00:00+00:00,3.921,3.938,3.895,3.923,155436.1
2026-02-04 08:00:00+00:00,3.923,3.932,3.87,3.872,364769.9
2026-02-04 09:00:00+00:00,3.872,3.891,3.853,3.867,352344.4
2026-02-04 10:00:00+00:00,3.867,3.871,3.856,3.863,66342.1
2026-02-04 11:00:00+00:00,3.863,3.874,3.821,3.849,328479.4
2026-02-04 12:00:00+00:00,3.849,3.857,3.823,3.84,89267.0
2026-02-04 13:00:00+00:00,3.84,3.844,3.779,3.78,181218.2
2026-02-04 14:00:00+00:00,3.78,3.802,3.713,3.717,453124.9
2026-02-04 15:00:00+00:00,3.717,3.769,3.672,3.716,865480.9
2026-02-04 16:00:00+00:00,3.716,3.741,3.661,3.707,819413.8
2026-02-04 17:00:00+00:00,3.707,3.738,3.67,3.726,586958.6
2026-02-04 18:00:00+00:00,3.726,3.789,3.639,3.749,838961.9
2026-02-04 19:00:00+00:00,3.749,3.884,3.727,3.86,553451.0
2026-02-04 20:00:00+00:00,3.86,3.865,3.799,3.809,185548.9
2026-02-04 21:00:00+00:00,3.809,3.823,3.744,3.78,153812.4
2026-02-04 22:00:00+00:00,3.78,3.833,3.712,3.749,259727.2
2026-02-04 23:00:00+00:00,3.749,3.825,3.748,3.798,316289.2
2026-02-05 00:00:00+00:00,3.798,3.823,3.781,3.798,107793.2
2026-02-05 01:00:00+00:00,3.798,3.834,3.758,3.788,303267.2
2026-02-05 02:00:00+00:00,3.788,3.824,3.753,3.759,339259.5
2026-02-05 03:00:00+00:00,3.759,3.79,3.738,3.747,245175.7
2026-02-05 04:00:00+00:00,3.747,3.767,3.717,3.735,365208.4
2026-02-05 05:00:00+00:00,3.735,3.79,3.696,3.743,410709.4
2026-02-05 06:00:00+00:00,3.743,3.748,3.693,3.707,310989.7
2026-02-05 07:00:00+00:00,3.707,3.754,3.691,3.698,268754.7
2026-02-05 08:00:00+00:00,3.698,3.748,3.698,3.725,154714.5
2026-02-05 09:00:00+00:00,3.725,3.77,3.722,3.734,198092.5
2026-02-05 10:00:00+00:00,3.734,3.744,3.645,3.658,226475.6
2026-02-05 11:00:00+00:00,3.658,3.678,3.6,3.637,837427.1
2026-02-05 12:00:00+00:00,3.637,3.657,3.6,3.623,1201192.5
2026-02-05 13:00:00+00:00,3.623,3.648,3.6,3.612,726592.5
2026-02-05 14:00:00+00:00,3.612,3.713,3.611,3.625,782901.3
2026-02-05 15:00:00+00:00,3.625,3.638,3.3,3.351,7731701.4
2026-02-05 16:00:00+00:00,3.351,3.477,3.34,3.437,1919979.0
2026-02-05 17:00:00+00:00,3.437,3.464,3.287,3.32,1689582.7
2026-02-05 18:00:00+00:00,3.32,3.348,3.243,3.333,1352665.9
2026-02-05 19:00:00+00:00,3.333,3.338,3.258,3.275,436557.1
2026-02-05 20:00:00+00:00,3.275,3.299,3.115,3.181,4203411.4
2026-02-05 21:00:00+00:00,3.181,3.27,3.149,3.174,1877107.5
2026-02-05 22:00:00+00:00,3.174,3.247,3.128,3.195,711438.8
2026-02-05 23:00:00+00:00,3.195,3.268,3.154,3.164,858491.8
2026-02-06 00:00:00+00:00,3.164,3.194,2.839,3.142,7424043.1
2026-02-06 01:00:00+00:00,3.142,3.242,3.122,3.236,909050.3
2026-02-06 02:00:00+00:00,3.236,3.259,3.136,3.158,444353.6
2026-02-06 03:00:00+00:00,3.158,3.16,3.063,3.076,942171.0
2026-02-06 04:00:00+00:00,3.076,3.16,3.065,3.138,484501.4
2026-02-06 05:00:00+00:00,3.138,3.271,3.132,3.255,494191.7
2026-02-06 06:00:00+00:00,3.255,3.27,3.207,3.212,482987.9
2026-02-06 07:00:00+00:00,3.212,3.219,3.174,3.19,335997.0
2026-02-06 08:00:00+00:00,3.19,3.214,3.171,3.203,418962.7
2026-02-06 09:00:00+00:00,3.203,3.286,3.192,3.273,332246.9
2026-02-06 10:00:00+00:00,3.273,3.321,3.263,3.317,309359.5
2026-02-06 11:00:00+00:00,3.317,3.344,3.31,3.334,230105.3
2026-02-06 12:00:00+00:00,3.334,3.346,3.312,3.339,196447.6
2026-02-06 13:00:00+00:00,3.339,3.399,3.335,3.372,360638.6
2026-02-06 14:00:00+00:00,3.372,3.441,3.334,3.43,593798.6
2026-02-06 15:00:00+00:00,3.43,3.457,3.386,3.444,413208.4
2026-02-06 16:00:00+00:00,3.444,3.552,3.43,3.532,508042.6
2026-02-06 17:00:00+00:00,3.532,3.626,3.516,3.573,566009.1
2026-02-06 18:00:00+00:00,3.573,3.581,3.493,3.529,313759.8
2026-02-06 19:00:00+00:00,3.529,3.553,3.504,3.543,201143.0
2026-02-06 20:00:00+00:00,3.543,3.575,3.515,3.533,212568.4
2026-02-06 21:00:00+00:00,3.533,3.553,3.506,3.539,118472.1
2026-02-06 22:00:00+00:00,3.539,3.586,3.535,3.576,125707.6
2026-02-06 23:00:00+00:00,3.576,3.595,3.54,3.548,285160.8
2026-02-07 00:00:00+00:00,3.548,3.548,3.497,3.515,265343.5
2026-02-07 01:00:00+00:00,3.515,3.539,3.486,3.531,123048.3
2026-02-07 02:00:00+00:00,3.531,3.549,3.518,3.539,70857.4
2026-02-07 03:00:00+00:00,3.539,3.581,3.537,3.567,217850.0
2026-02-07 04:00:00+00:00,3.567,3.614,3.551,3.567,294858.0
2026-02-07 05:00:00+00:00,3.567,3.594,3.553,3.565,129691.9
2026-02-07 06:00:00+00:00,3.565,3.576,3.499,3.5,193308.9
2026-02-07 07:00:00+00:00,3.5,3.519,3.429,3.461,659763.6
2026-02-07 08:00:00+00:00,3.461,3.495,3.45,3.487,189383.0
2026-02-07 09:00:00+00:00,3.487,3.495,3.45,3.465,135578.9
2026-02-07 10:00:00+00:00,3.465,3.473,3.426,3.448,153707.3
2026-02-07 11:00:00+00:00,3.448,3.463,3.438,3.46,78013.9
2026-02-07 12:00:00+00:00,3.46,3.569,3.455,3.525,344468.0
2026-02-07 13:00:00+00:00,3.525,3.538,3.483,3.5,86169.9
2026-02-07 14:00:00+00:00,3.5,3.509,3.456,3.465,95673.1
2026-02-07 15:00:00+00:00,3.465,3.531,3.46,3.517,202387.6
2026-02-07 16:00:00+00:00,3.517,3.607,3.503,3.538,4087762.2
2026-02-07 17:00:00+00:00,3.538,3.563,3.517,3.546,84285.8
2026-02-07 18:00:00+00:00,3.546,3.597,3.54,3.573,133501.1
2026-02-07 19:00:00+00:00,3.573,3.576,3.546,3.553,74472.9
2026-02-07 20:00:00+00:00,3.553,3.577,3.544,3.571,110304.3
2026-02-07 21:00:00+00:00,3.571,3.579,3.551,3.558,79897.0
2026-02-07 22:00:00+00:00,3.558,3.57,3.542,3.546,34664.6
2026-02-07 23:00:00+00:00,3.546,3.553,3.521,3.534,117034.9
2026-02-08 00:00:00+00:00,3.534,3.539,3.511,3.525,103720.3
2026-02-08 01:00:00+00:00,3.525,3.54,3.52,3.53,33360.3
2026-02-08 02:00:00+00:00,3.53,3.543,3.508,3.518,98814.2
2026-02-08 03:00:00+00:00,3.518,3.523,3.495,3.498,48622.1
2026-02-08 04:00:00+00:00,3.498,3.515,3.482,3.514,76221.9
2026-02-08 05:00:00+00:00,3.514,3.519,3.497,3.499,56998.8
2026-02-08 06:00:00+00:00,3.499,3.502,3.481,3.483,87175.6
2026-02-08 07:00:00+00:00,3.483,3.489,3.467,3.486,101198.5
2026-02-08 08:00:00+00:00,3.486,3.541,3.474,3.529,135024.7
2026-02-08 09:00:00+00:00,3.529,3.535,3.476,3.486,115944.3
2026-02-08 10:00:00+00:00,3.486,3.505,3.463,3.479,84212.5
2026-02-08 11:00:00+00:00,3.479,3.543,3.478,3.536,135474.9
2026-02-08 12:00:00+00:00,3.536,3.544,3.514,3.543,106717.6
2026-02-08 13:00:00+00:00,3.543,3.548,3.516,3.533,161866.1
2026-02-08 14:00:00+00:00,3.533,3.542,3.517,3.536,43483.1
2026-02-08 15:00:00+00:00,3.536,3.545,3.492,3.506,138061.9
2026-02-08 16:00:00+00:00,3.506,3.52,3.434,3.444,217684.9
2026-02-08 17:00:00+00:00,3.444,3.482,3.444,3.477,84824.0
2026-02-08 18:00:00+00:00,3.477,3.52,3.474,3.5,98707.5
2026-02-08 19:00:00+00:00,3.5,3.517,3.493,3.513,54516.3
2026-02-08 20:00:00+00:00,3.513,3.516,3.464,3.468,58741.5
2026-02-08 21:00:00+00:00,3.468,3.477,3.441,3.455,67072.8
2026-02-08 22:00:00+00:00,3.455,3.482,3.454,3.478,83379.8
2026-02-08 23:00:00+00:00,3.478,3.547,3.437,3.465,268851.3
2026-02-09 00:00:00+00:00,3.465,3.478,3.439,3.465,114164.1
2026-02-09 01:00:00+00:00,3.465,3.495,3.427,3.451,201737.4
2026-02-09 02:00:00+00:00,3.451,3.487,3.442,3.469,76888.2
2026-02-09 03:00:00+00:00,3.469,3.509,3.469,3.504,54734.1
2026-02-09 04:00:00+00:00,3.504,3.504,3.463,3.468,65507.2
2026-02-09 05:00:00+00:00,3.468,3.486,3.461,3.483,38545.1
2026-02-09 06:00:00+00:00,3.483,3.483,3.439,3.461,83447.5
2026-02-09 07:00:00+00:00,3.461,3.482,3.449,3.451,74473.3
2026-02-09 08:00:00+00:00,3.451,3.46,3.379,3.404,290785.1
2026-02-09 09:00:00+00:00,3.404,3.412,3.368,3.374,149430.9
2026-02-09 10:00:00+00:00,3.374,3.379,3.315,3.332,158803.0
2026-02-09 11:00:00+00:00,3.332,3.358,3.329,3.338,138136.9
2026-02-09 12:00:00+00:00,3.338,3.363,3.336,3.351,76177.3
2026-02-09 13:00:00+00:00,3.351,3.359,3.316,3.317,74695.5
2026-02-09 14:00:00+00:00,3.317,3.378,3.304,3.367,279560.9
2026-02-09 15:00:00+00:00,3.367,3.441,3.365,3.431,284222.8
2026-02-09 16:00:00+00:00,3.431,3.511,3.402,3.473,212026.5
2026-02-09 17:00:00+00:00,3.473,3.58,3.455,3.53,401524.8
2026-02-09 18:00:00+00:00,3.53,3.542,3.477,3.512,172218.6
2026-02-09 19:00:00+00:00,3.512,3.528,3.496,3.515,73403.9
2026-02-09 20:00:00+00:00,3.515,3.532,3.48,3.497,92973.6
2026-02-09 21:00:00+00:00,3.497,3.509,3.456,3.493,147439.5
2026-02-09 22:00:00+00:00,3.493,3.51,3.487,3.5,72870.4
2026-02-09 23:00:00+00:00,3.5,3.516,3.486,3.491,51562.1
2026-02-10 00:00:00+00:00,3.491,3.496,3.442,3.448,98779.4
2026-02-10 01:00:00+00:00,3.448,3.484,3.448,3.474,43159.4
2026-02-10 02:00:00+00:00,3.474,3.475,3.442,3.449,53679.4
2026-02-10 03:00:00+00:00,3.449,3.452,3.378,3.402,194310.7
2026-02-10 04:00:00+00:00,3.402,3.435,3.398,3.43,66840.8
2026-02-10 05:00:00+00:00,3.43,3.432,3.387,3.396,55175.6
2026-02-10 06:00:00+00:00,3.396,3.399,3.33,3.342,327545.6
2026-02-10 07:00:00+00:00,3.342,3.368,3.34,3.358,97318.9
2026-02-10 08:00:00+00:00,3.358,3.375,3.348,3.373,79373.7
2026-02-10 09:00:00+00:00,3.373,3.393,3.367,3.379,96882.1
2026-02-10 10:00:00+00:00,3.379,3.389,3.359,3.36,45078.3
2026-02-10 11:00:00+00:00,3.36,3.38,3.348,3.35,98390.9
2026-02-10 12:00:00+00:00,3.35,3.364,3.32,3.336,169603.1
2026-02-10 13:00:00+00:00,3.336,3.353,3.325,3.346,136929.7
2026-02-10 14:00:00+00:00,3.346,3.372,3.314,3.336,232623.6
2026-02-10 15:00:00+00:00,3.336,3.378,3.326,3.363,130537.0
2026-02-10 16:00:00+00:00,3.363,3.393,3.344,3.374,88949.3
2026-02-10 17:00:00+00:00,3.374,3.401,3.36,3.389,67557.2
2026-02-10 18:00:00+00:00,3.389,3.393,3.319,3.337,131074.5
2026-02-10 19:00:00+00:00,3.337,3.361,3.326,3.347,64972.8
2026-02-10 20:00:00+00:00,3.347,3.352,3.328,3.339,181440.9
2026-02-10 21:00:00+00:00,3.339,3.351,3.322,3.336,62244.0
2026-02-10 22:00:00+00:00,3.336,3.371,3.334,3.351,83582.6
2026-02-10 23:00:00+00:00,3.351,3.364,3.339,3.358,55575.3
2026-02-11 00:00:00+00:00,3.358,3.373,3.356,3.367,90128.5
2026-02-11 01:00:00+00:00,3.367,3.375,3.354,3.361,40130.8
2026-02-11 02:00:00+00:00,3.361,3.383,3.36,3.36,49382.5
2026-02-11 03:00:00+00:00,3.36,3.378,3.326,3.357,92917.7
2026-02-11 04:00:00+00:00,3.357,3.362,3.29,3.303,255789.1
2026-02-11 05:00:00+00:00,3.303,3.318,3.28,3.284,82723.5
2026-02-11 06:00:00+00:00,3.284,3.288,3.238,3.245,287070.1
2026-02-11 07:00:00+00:00,3.245,3.268,3.239,3.254,97048.2
2026-02-11 08:00:00+00:00,3.254,3.256,3.236,3.247,146470.9
2026-02-11 09:00:00+00:00,3.247,3.258,3.226,3.235,113355.4
2026-02-11 10:00:00+00:00,3.235,3.244,3.219,3.231,106472.1
2026-02-11 11:00:00+00:00,3.231,3.269,3.231,3.261,91539.0
2026-02-11 12:00:00+00:00,3.261,3.274,3.246,3.254,91830.9
2026-02-11 13:00:00+00:00,3.254,3.401,3.242,3.393,966367.6
2026-02-11 14:00:00+00:00,3.393,4.552,3.392,3.958,25163738.3
2026-02-11 15:00:00+00:00,3.958,3.963,3.753,3.821,5642538.4
2026-02-11 16:00:00+00:00,3.821,3.902,3.738,3.76,3137667.0
2026-02-11 17:00:00+00:00,3.76,3.773,3.59,3.592,4324611.7
2026-02-11 18:00:00+00:00,3.592,3.612,3.458,3.513,5017935.6
2026-02-11 19:00:00+00:00,3.513,3.539,3.435,3.489,2676089.6
2026-02-11 20:00:00+00:00,3.489,3.512,3.449,3.501,1129453.3
2026-02-11 21:00:00+00:00,3.501,3.58,3.498,3.509,1139354.4
2026-02-11 22:00:00+00:00,3.509,3.514,3.43,3.435,776977.7
2026-02-11 23:00:00+00:00,3.435,3.459,3.337,3.363,1677977.0
2026-02-12 00:00:00+00:00,3.363,3.428,3.35,3.395,1145230.6
2026-02-12 01:00:00+00:00,3.395,3.432,3.369,3.412,541988.5
2026-02-12 02:00:00+00:00,3.412,3.47,3.401,3.467,650265.8
2026-02-12 03:00:00+00:00,3.467,3.492,3.436,3.47,651483.1
2026-02-12 04:00:00+00:00,3.47,3.476,3.394,3.416,666207.8
2026-02-12 05:00:00+00:00,3.416,3.43,3.388,3.416,400169.5
2026-02-12 06:00:00+00:00,3.416,3.435,3.402,3.411,442578.7
2026-02-12 07:00:00+00:00,3.411,3.43,3.37,3.408,411013.4
2026-02-12 08:00:00+00:00,3.408,3.411,3.342,3.359,562026.7
2026-02-12 09:00:00+00:00,3.359,3.384,3.313,3.372,668172.6
2026-02-12 10:00:00+00:00,3.372,3.404,3.355,3.403,607146.0
2026-02-12 11:00:00+00:00,3.403,3.425,3.381,3.408,543555.8
2026-02-12 12:00:00+00:00,3.408,3.434,3.386,3.41,510610.6
2026-02-12 13:00:00+00:00,3.41,3.46,3.377,3.454,1056708.0
2026-02-12 14:00:00+00:00,3.454,3.454,3.342,3.36,1049675.4
2026-02-12 15:00:00+00:00,3.36,3.389,3.323,3.34,950594.4
2026-02-12 16:00:00+00:00,3.34,3.344,3.207,3.235,2344929.3
2026-02-12 17:00:00+00:00,3.235,3.261,3.21,3.221,713223.4
2026-02-12 18:00:00+00:00,3.221,3.237,3.186,3.201,909900.8
2026-02-12 19:00:00+00:00,3.201,3.272,3.2,3.219,496102.0
2026-02-12 20:00:00+00:00,3.219,3.231,3.137,3.163,732436.0
2026-02-12 21:00:00+00:00,3.163,3.195,3.163,3.192,273570.7
2026-02-12 22:00:00+00:00,3.192,3.245,3.179,3.24,392962.3
2026-02-12 23:00:00+00:00,3.24,3.25,3.218,3.244,265654.0
2026-02-13 00:00:00+00:00,3.244,3.251,3.207,3.225,308411.2
2026-02-13 01:00:00+00:00,3.225,3.28,3.221,3.256,428290.2
2026-02-13 02:00:00+00:00,3.256,3.28,3.251,3.271,233525.8
2026-02-13 03:00:00+00:00,3.271,3.277,3.243,3.27,281404.4
2026-02-13 04:00:00+00:00,3.27,3.308,3.269,3.282,491967.2
2026-02-13 05:00:00+00:00,3.282,3.302,3.261,3.274,220124.2
2026-02-13 06:00:00+00:00,3.274,3.297,3.249,3.294,361879.7
2026-02-13 07:00:00+00:00,3.294,3.332,3.28,3.299,349430.9
2026-02-13 08:00:00+00:00,3.299,3.328,3.291,3.323,171060.4
2026-02-13 09:00:00+00:00,3.323,3.324,3.284,3.315,263541.8
2026-02-13 10:00:00+00:00,3.315,3.328,3.299,3.321,165683.0
2026-02-13 11:00:00+00:00,3.321,3.333,3.303,3.319,294048.2
2026-02-13 12:00:00+00:00,3.319,3.335,3.304,3.318,221799.7
2026-02-13 13:00:00+00:00,3.318,3.382,3.317,3.346,683690.5
2026-02-13 14:00:00+00:00,3.346,3.426,3.344,3.41,793929.3
2026-02-13 15:00:00+00:00,3.41,3.468,3.384,3.405,1152359.9
2026-02-13 16:00:00+00:00,3.405,3.493,3.402,3.473,1288282.2
2026-02-13 17:00:00+00:00,3.473,3.475,3.441,3.445,393374.5
2026-02-13 18:00:00+00:00,3.445,3.458,3.432,3.451,382683.2
2026-02-13 19:00:00+00:00,3.451,3.455,3.416,3.42,347627.4
2026-02-13 20:00:00+00:00,3.42,3.424,3.405,3.414,178617.3
2026-02-13 21:00:00+00:00,3.414,3.443,3.41,3.419,235946.2
2026-02-13 22:00:00+00:00,3.419,3.431,3.384,3.403,223208.9
2026-02-13 23:00:00+00:00,3.403,3.404,3.386,3.396,176859.3
2026-02-14 00:00:00+00:00,3.396,3.41,3.379,3.398,307601.1
2026-02-14 01:00:00+00:00,3.398,3.407,3.386,3.404,164493.3
2026-02-14 02:00:00+00:00,3.404,3.404,3.374,3.389,149844.8
2026-02-14 03:00:00+00:00,3.389,3.403,3.389,3.4,127328.8
2026-02-14 04:00:00+00:00,3.4,3.427,3.399,3.401,162478.5
2026-02-14 05:00:00+00:00,3.401,3.409,3.389,3.394,97375.7
2026-02-14 06:00:00+00:00,3.394,3.403,3.38,3.389,139455.6
2026-02-14 07:00:00+00:00,3.389,3.406,3.386,3.401,97412.6
2026-02-14 08:00:00+00:00,3.401,3.492,3.401,3.482,1317424.6
2026-02-14 09:00:00+00:00,3.482,3.511,3.472,3.493,333892.5
2026-02-14 10:00:00+00:00,3.493,3.493,3.443,3.467,311291.2
2026-02-14 11:00:00+00:00,3.467,3.521,3.465,3.516,368527.2
2026-02-14 12:00:00+00:00,3.516,3.52,3.442,3.451,438798.3
2026-02-14 13:00:00+00:00,3.451,3.493,3.443,3.484,230012.8
2026-02-14 14:00:00+00:00,3.484,3.562,3.484,3.558,483537.4
2026-02-14 15:00:00+00:00,3.558,3.595,3.536,3.58,490743.7
2026-02-14 16:00:00+00:00,3.58,3.63,3.545,3.626,599653.9
2026-02-14 17:00:00+00:00,3.626,3.73,3.607,3.657,1115861.0
2026-02-14 18:00:00+00:00,3.657,3.687,3.646,3.667,363159.8
2026-02-14 19:00:00+00:00,3.667,3.684,3.642,3.665,231853.5
2026-02-14 20:00:00+00:00,3.665,3.686,3.635,3.67,222557.4
2026-02-14 21:00:00+00:00,3.67,3.696,3.636,3.655,310944.4
2026-02-14 22:00:00+00:00,3.655,3.68,3.651,3.665,173310.5
2026-02-14 23:00:00+00:00,3.665,3.679,3.582,3.626,623697.1
2026-02-15 00:00:00+00:00,3.626,3.649,3.595,3.642,634268.8
2026-02-15 01:00:00+00:00,3.642,3.674,3.602,3.629,318248.6
2026-02-15 02:00:00+00:00,3.629,3.658,3.601,3.607,385482.0
2026-02-15 03:00:00+00:00,3.607,3.624,3.551,3.619,1002762.2
2026-02-15 04:00:00+00:00,3.619,3.67,3.617,3.633,488349.1
2026-02-15 05:00:00+00:00,3.633,3.659,3.624,3.647,158878.9
2026-02-15 06:00:00+00:00,3.647,3.647,3.6,3.611,187854.4
2026-02-15 07:00:00+00:00,3.611,3.644,3.607,3.62,215474.8
2026-02-15 08:00:00+00:00,3.62,3.635,3.545,3.575,381816.4
2026-02-15 09:00:00+00:00,3.575,3.612,3.57,3.594,137790.3
2026-02-15 10:00:00+00:00,3.594,3.596,3.559,3.585,258404.7
2026-02-15 11:00:00+00:00,3.585,3.599,3.581,3.586,68396.5
2026-02-15 12:00:00+00:00,3.586,3.592,3.493,3.5,741061.7
2026-02-15 13:00:00+00:00,3.5,3.539,3.46,3.477,779262.1
2026-02-15 14:00:00+00:00,3.477,3.529,3.475,3.518,559404.6
2026-02-15 15:00:00+00:00,3.518,3.525,3.49,3.506,182679.1
2026-02-15 16:00:00+00:00,3.506,3.506,3.472,3.487,289724.7
2026-02-15 17:00:00+00:00,3.487,3.501,3.403,3.448,930358.7
2026-02-15 18:00:00+00:00,3.448,3.454,3.389,3.416,464269.8
2026-02-15 19:00:00+00:00,3.416,3.442,3.394,3.421,285759.3
2026-02-15 20:00:00+00:00,3.421,3.449,3.404,3.438,141129.8
2026-02-15 21:00:00+00:00,3.438,3.462,3.438,3.457,110747.2
2026-02-15 22:00:00+00:00,3.457,3.469,3.447,3.465,102651.9
2026-02-15 23:00:00+00:00,3.465,3.473,3.421,3.468,119612.3
2026-02-16 00:00:00+00:00,3.468,3.502,3.461,3.488,151946.0
2026-02-16 01:00:00+00:00,3.488,3.524,3.48,3.505,237181.9
2026-02-16 02:00:00+00:00,3.505,3.536,3.502,3.518,149641.4
2026-02-16 03:00:00+00:00,3.518,3.527,3.494,3.518,86818.1
2026-02-16 04:00:00+00:00,3.518,3.58,3.517,3.578,205947.4
2026-02-16 05:00:00+00:00,3.578,3.584,3.513,3.547,221458.7
2026-02-16 06:00:00+00:00,3.547,3.567,3.527,3.547,213791.3
2026-02-16 07:00:00+00:00,3.547,3.563,3.524,3.532,96972.5
2026-02-16 08:00:00+00:00,3.532,3.554,3.527,3.545,98495.5
2026-02-16 09:00:00+00:00,3.545,3.581,3.531,3.535,323705.7
2026-02-16 10:00:00+00:00,3.535,3.539,3.498,3.507,325600.9
2026-02-16 11:00:00+00:00,3.507,3.52,3.462,3.492,500505.8
2026-02-16 12:00:00+00:00,3.492,3.567,3.482,3.55,338341.7
2026-02-16 13:00:00+00:00,3.55,3.575,3.483,3.496,445118.5
2026-02-16 14:00:00+00:00,3.496,3.529,3.477,3.5,276439.0
2026-02-16 15:00:00+00:00,3.5,3.529,3.421,3.451,656785.6
2026-02-16 16:00:00+00:00,3.451,3.506,3.445,3.493,362905.4
2026-02-16 17:00:00+00:00,3.493,3.526,3.473,3.505,194968.3
2026-02-16 18:00:00+00:00,3.505,3.525,3.486,3.492,155478.0
2026-02-16 19:00:00+00:00,3.492,3.518,3.486,3.509,70625.5
2026-02-16 20:00:00+00:00,3.509,3.551,3.505,3.543,161551.7
2026-02-16 21:00:00+00:00,3.543,3.587,3.528,3.582,228986.8
2026-02-16 22:00:00+00:00,3.582,3.586,3.552,3.581,201435.7
2026-02-16 23:00:00+00:00,3.581,3.625,3.578,3.597,210309.1
2026-02-17 00:00:00+00:00,3.597,3.627,3.592,3.602,186086.5
2026-02-17 01:00:00+00:00,3.602,3.613,3.565,3.568,211867.7
2026-02-17 02:00:00+00:00,3.568,3.605,3.549,3.591,198130.7
2026-02-17 03:00:00+00:00,3.591,3.595,3.572,3.588,65824.6
2026-02-17 04:00:00+00:00,3.588,3.602,3.567,3.592,72932.9
2026-02-17 05:00:00+00:00,3.592,3.594,3.518,3.567,196746.0
2026-02-17 06:00:00+00:00,3.567,3.577,3.562,3.562,66348.5
2026-02-17 07:00:00+00:00,3.562,3.579,3.558,3.563,58741.8
2026-02-17 08:00:00+00:00,3.563,3.577,3.536,3.558,166969.9
2026-02-17 09:00:00+00:00,3.558,3.561,3.531,3.55,106154.0
2026-02-17 10:00:00+00:00,3.55,3.553,3.512,3.522,189466.6
2026-02-17 11:00:00+00:00,3.522,3.531,3.505,3.517,123022.3
2026-02-17 12:00:00+00:00,3.517,3.553,3.516,3.531,177120.6
2026-02-17 13:00:00+00:00,3.531,3.572,3.527,3.555,270262.0
2026-02-17 14:00:00+00:00,3.555,3.571,3.461,3.471,739321.5
2026-02-17 15:00:00+00:00,3.471,3.509,3.449,3.499,687657.8
2026-02-17 16:00:00+00:00,3.499,3.573,3.493,3.521,455812.5
2026-02-17 17:00:00+00:00,3.521,3.527,3.471,3.498,333235.9
2026-02-17 18:00:00+00:00,3.498,3.564,3.492,3.557,269456.6
2026-02-17 19:00:00+00:00,3.557,3.566,3.523,3.53,221376.7
2026-02-17 20:00:00+00:00,3.53,3.543,3.508,3.537,148861.6
2026-02-17 21:00:00+00:00,3.537,3.55,3.528,3.542,90807.0
2026-02-17 22:00:00+00:00,3.542,3.55,3.521,3.526,83414.3
2026-02-17 23:00:00+00:00,3.526,3.529,3.503,3.521,86111.8
2026-02-18 00:00:00+00:00,3.521,3.534,3.501,3.507,107195.2
2026-02-18 01:00:00+00:00,3.507,3.515,3.489,3.51,95485.9
2026-02-18 02:00:00+00:00,3.51,3.538,3.508,3.529,77976.7
2026-02-18 03:00:00+00:00,3.529,3.551,3.527,3.545,48740.6
2026-02-18 04:00:00+00:00,3.545,3.55,3.535,3.545,69713.2
2026-02-18 05:00:00+00:00,3.545,3.553,3.532,3.54,67477.7
2026-02-18 06:00:00+00:00,3.54,3.562,3.537,3.548,52905.3
2026-02-18 07:00:00+00:00,3.548,3.592,3.544,3.57,113438.7
2026-02-18 08:00:00+00:00,3.57,3.585,3.555,3.562,202875.9
2026-02-18 09:00:00+00:00,3.562,3.588,3.556,3.585,68752.6
2026-02-18 10:00:00+00:00,3.585,3.604,3.564,3.574,158019.5
2026-02-18 11:00:00+00:00,3.574,3.576,3.517,3.546,228504.4
2026-02-18 12:00:00+00:00,3.546,3.573,3.533,3.561,151378.7
2026-02-18 13:00:00+00:00,3.561,3.568,3.492,3.514,169732.7
2026-02-18 14:00:00+00:00,3.514,3.55,3.502,3.535,289053.1
2026-02-18 15:00:00+00:00,3.535,3.602,3.529,3.555,322841.3
2026-02-18 16:00:00+00:00,3.555,3.555,3.507,3.513,182459.9
2026-02-18 17:00:00+00:00,3.513,3.552,3.505,3.512,83306.4
2026-02-18 18:00:00+00:00,3.512,3.517,3.432,3.436,497166.8
2026-02-18 19:00:00+00:00,3.436,3.452,3.363,3.395,540161.8
2026-02-18 20:00:00+00:00,3.395,3.443,3.377,3.404,1342973.6
2026-02-18 21:00:00+00:00,3.404,3.414,3.376,3.381,551620.4
2026-02-18 22:00:00+00:00,3.381,3.386,3.361,3.374,294910.6
2026-02-18 23:00:00+00:00,3.374,3.406,3.369,3.399,81611.9
2026-02-19 00:00:00+00:00,3.399,3.414,3.388,3.395,158460.7
2026-02-19 01:00:00+00:00,3.395,3.462,3.395,3.449,347471.7
2026-02-19 02:00:00+00:00,3.449,3.463,3.409,3.423,190063.5
2026-02-19 03:00:00+00:00,3.423,3.428,3.409,3.417,54042.0
2026-02-19 04:00:00+00:00,3.417,3.429,3.405,3.407,68930.6
2026-02-19 05:00:00+00:00,3.407,3.415,3.383,3.399,81472.1
2026-02-19 06:00:00+00:00,3.399,3.438,3.397,3.432,112663.2
2026-02-19 07:00:00+00:00,3.432,3.437,3.416,3.431,116237.2
2026-02-19 08:00:00+00:00,3.431,3.431,3.388,3.402,119325.3
2026-02-19 09:00:00+00:00,3.402,3.431,3.396,3.397,83790.8
2026-02-19 10:00:00+00:00,3.397,3.414,3.375,3.384,126436.3
2026-02-19 11:00:00+00:00,3.384,3.398,3.38,3.385,76724.6
2026-02-19 12:00:00+00:00,3.385,3.392,3.341,3.354,239090.8
2026-02-19 13:00:00+00:00,3.354,3.356,3.291,3.317,334967.9
2026-02-19 14:00:00+00:00,3.317,3.375,3.312,3.359,380336.0
2026-02-19 15:00:00+00:00,3.359,3.373,3.309,3.328,181074.3
2026-02-19 16:00:00+00:00,3.328,3.357,3.293,3.335,219768.7
2026-02-19 17:00:00+00:00,3.335,3.387,3.31,3.332,200532.7
2026-02-19 18:00:00+00:00,3.332,3.38,3.328,3.368,135498.6
2026-02-19 19:00:00+00:00,3.368,3.376,3.336,3.362,89135.5
2026-02-19 20:00:00+00:00,3.362,3.375,3.345,3.369,98609.7
2026-02-19 21:00:00+00:00,3.369,3.379,3.354,3.357,102143.1
2026-02-19 22:00:00+00:00,3.357,3.366,3.339,3.362,67082.5
2026-02-19 23:00:00+00:00,3.362,3.392,3.36,3.39,47974.3
2026-02-20 00:00:00+00:00,3.39,3.421,3.379,3.402,216943.1
2026-02-20 01:00:00+00:00,3.402,3.41,3.394,3.396,54402.4
2026-02-20 02:00:00+00:00,3.396,3.406,3.377,3.378,44531.6
2026-02-20 03:00:00+00:00,3.378,3.397,3.373,3.392,40812.8
2026-02-20 04:00:00+00:00,3.392,3.395,3.357,3.375,99135.5
2026-02-20 05:00:00+00:00,3.375,3.413,3.36,3.396,118664.7
2026-02-20 06:00:00+00:00,3.396,3.402,3.379,3.4,66065.1
2026-02-20 07:00:00+00:00,3.4,3.413,3.39,3.396,81520.0
2026-02-20 08:00:00+00:00,3.396,3.422,3.393,3.408,71305.9
2026-02-20 09:00:00+00:00,3.408,3.433,3.407,3.427,92291.0
2026-02-20 10:00:00+00:00,3.427,3.446,3.416,3.421,107868.8
2026-02-20 11:00:00+00:00,3.421,3.432,3.381,3.39,255850.7
2026-02-20 12:00:00+00:00,3.39,3.411,3.384,3.397,141388.2
2026-02-20 13:00:00+00:00,3.397,3.397,3.306,3.337,442202.2
2026-02-20 14:00:00+00:00,3.337,3.395,3.33,3.381,269326.9
2026-02-20 15:00:00+00:00,3.381,3.471,3.381,3.452,797116.2
2026-02-20 16:00:00+00:00,3.452,3.479,3.421,3.462,377151.9
2026-02-20 17:00:00+00:00,3.462,3.467,3.379,3.461,472369.8
2026-02-20 18:00:00+00:00,3.461,3.488,3.437,3.462,317490.9
2026-02-20 19:00:00+00:00,3.462,3.47,3.443,3.453,88882.1
2026-02-20 20:00:00+00:00,3.453,3.465,3.434,3.449,85366.6
2026-02-20 21:00:00+00:00,3.449,3.462,3.44,3.456,61987.7
2026-02-20 22:00:00+00:00,3.456,3.483,3.445,3.481,64798.7
2026-02-20 23:00:00+00:00,3.481,3.494,3.476,3.489,73558.5
2026-02-21 00:00:00+00:00,3.489,3.5,3.463,3.47,71144.7
2026-02-21 01:00:00+00:00,3.47,3.516,3.47,3.503,69034.4
2026-02-21 02:00:00+00:00,3.503,3.527,3.5,3.522,54708.0
2026-02-21 03:00:00+00:00,3.522,3.523,3.49,3.514,84453.2
2026-02-21 04:00:00+00:00,3.514,3.544,3.512,3.543,69421.8
2026-02-21 05:00:00+00:00,3.543,3.558,3.532,3.54,63160.0
2026-02-21 06:00:00+00:00,3.54,3.56,3.527,3.535,59967.1
2026-02-21 07:00:00+00:00,3.535,3.549,3.521,3.536,34609.3
2026-02-21 08:00:00+00:00,3.536,3.577,3.532,3.574,84008.6
2026-02-21 09:00:00+00:00,3.574,3.645,3.565,3.608,440714.9
2026-02-21 10:00:00+00:00,3.608,3.685,3.607,3.641,515694.4
2026-02-21 11:00:00+00:00,3.641,3.659,3.63,3.645,131174.2
2026-02-21 12:00:00+00:00,3.645,3.671,3.614,3.626,267678.1
2026-02-21 13:00:00+00:00,3.626,3.644,3.621,3.641,81359.4
2026-02-21 14:00:00+00:00,3.641,3.679,3.632,3.635,227445.8
2026-02-21 15:00:00+00:00,3.635,3.662,3.632,3.637,142997.7
2026-02-21 16:00:00+00:00,3.637,3.641,3.597,3.611,133494.4
2026-02-21 17:00:00+00:00,3.611,3.621,3.6,3.615,70317.9
2026-02-21 18:00:00+00:00,3.615,3.643,3.611,3.636,133161.6
2026-02-21 19:00:00+00:00,3.636,3.647,3.615,3.624,89844.8
2026-02-21 20:00:00+00:00,3.624,3.635,3.614,3.614,79760.7
2026-02-21 21:00:00+00:00,3.614,3.634,3.608,3.63,86543.7
2026-02-21 22:00:00+00:00,3.63,3.632,3.611,3.613,85705.3
2026-02-21 23:00:00+00:00,3.613,3.626,3.603,3.606,66455.0
2026-02-22 00:00:00+00:00,3.606,3.608,3.551,3.583,283158.5
2026-02-22 01:00:00+00:00,3.583,3.618,3.581,3.604,126885.8
2026-02-22 02:00:00+00:00,3.604,3.625,3.579,3.589,139822.0
2026-02-22 03:00:00+00:00,3.589,3.603,3.559,3.571,239585.6
2026-02-22 04:00:00+00:00,3.571,3.598,3.563,3.566,148244.4
2026-02-22 05:00:00+00:00,3.566,3.582,3.557,3.564,35912.8
2026-02-22 06:00:00+00:00,3.564,3.571,3.537,3.563,149641.7
2026-02-22 07:00:00+00:00,3.563,3.598,3.556,3.577,200609.1
2026-02-22 08:00:00+00:00,3.577,3.585,3.549,3.552,62165.9
2026-02-22 09:00:00+00:00,3.552,3.556,3.539,3.554,106729.5
2026-02-22 10:00:00+00:00,3.554,3.559,3.547,3.553,60554.6
2026-02-22 11:00:00+00:00,3.553,3.565,3.544,3.553,45717.1
2026-02-22 12:00:00+00:00,3.553,3.555,3.482,3.506,297021.0
2026-02-22 13:00:00+00:00,3.506,3.51,3.474,3.486,103763.1
2026-02-22 14:00:00+00:00,3.486,3.487,3.453,3.471,107515.3
2026-02-22 15:00:00+00:00,3.471,3.488,3.447,3.47,66967.4
2026-02-22 16:00:00+00:00,3.47,3.484,3.454,3.479,50607.4
2026-02-22 17:00:00+00:00,3.479,3.479,3.448,3.461,67557.3
2026-02-22 18:00:00+00:00,3.461,3.462,3.445,3.456,41772.5
2026-02-22 19:00:00+00:00,3.456,3.463,3.447,3.46,79894.5
2026-02-22 20:00:00+00:00,3.46,3.46,3.425,3.433,90838.0
2026-02-22 21:00:00+00:00,3.433,3.469,3.433,3.457,129643.3
2026-02-22 22:00:00+00:00,3.457,3.483,3.447,3.482,79683.1
2026-02-22 23:00:00+00:00,3.482,3.492,3.468,3.487,87589.9
2026-02-23 00:00:00+00:00,3.487,3.492,3.432,3.433,129423.9
2026-02-23 01:00:00+00:00,3.433,3.436,3.274,3.279,1529757.4
2026-02-23 02:00:00+00:00,3.279,3.312,3.273,3.297,339265.8
2026-02-23 03:00:00+00:00,3.297,3.316,3.283,3.308,167333.1
2026-02-23 04:00:00+00:00,3.308,3.318,3.285,3.295,158897.5
2026-02-23 05:00:00+00:00,3.295,3.336,3.294,3.323,160144.3
2026-02-23 06:00:00+00:00,3.323,3.363,3.316,3.358,165503.2
2026-02-23 07:00:00+00:00,3.358,3.367,3.338,3.353,153964.8
2026-02-23 08:00:00+00:00,3.353,3.386,3.341,3.385,120527.3
2026-02-23 09:00:00+00:00,3.385,3.544,3.385,3.542,453723.6
2026-02-23 10:00:00+00:00,3.542,3.563,3.462,3.465,938539.9
2026-02-23 11:00:00+00:00,3.465,3.47,3.425,3.431,226540.8
2026-02-23 12:00:00+00:00,3.431,3.477,3.424,3.46,189344.1
2026-02-23 13:00:00+00:00,3.46,3.488,3.447,3.452,143271.8
2026-02-23 14:00:00+00:00,3.452,3.476,3.412,3.455,343444.3
2026-02-23 15:00:00+00:00,3.455,3.46,3.382,3.39,335831.4
2026-02-23 16:00:00+00:00,3.39,3.406,3.363,3.37,285709.2
2026-02-23 17:00:00+00:00,3.37,3.383,3.306,3.351,530158.9
2026-02-23 18:00:00+00:00,3.351,3.366,3.321,3.326,188348.0
2026-02-23 19:00:00+00:00,3.326,3.333,3.306,3.32,153576.1
2026-02-23 20:00:00+00:00,3.32,3.351,3.308,3.348,124514.0
2026-02-23 21:00:00+00:00,3.348,3.376,3.347,3.366,113768.4
2026-02-23 22:00:00+00:00,3.366,3.381,3.355,3.36,137772.6
2026-02-23 23:00:00+00:00,3.36,3.381,3.326,3.344,142692.2
2026-02-24 00:00:00+00:00,3.344,3.392,3.34,3.377,354949.2
2026-02-24 01:00:00+00:00,3.377,3.38,3.289,3.32,686163.6
2026-02-24 02:00:00+00:00,3.32,3.351,3.31,3.328,106652.1
2026-02-24 03:00:00+00:00,3.328,3.332,3.3,3.317,172635.8
2026-02-24 04:00:00+00:00,3.317,3.332,3.289,3.32,209363.8
2026-02-24 05:00:00+00:00,3.32,3.336,3.286,3.3,153347.4
2026-02-24 06:00:00+00:00,3.3,3.318,3.292,3.301,75295.4
2026-02-24 07:00:00+00:00,3.301,3.324,3.294,3.317,109101.3
2026-02-24 08:00:00+00:00,3.317,3.33,3.291,3.329,115481.9
2026-02-24 09:00:00+00:00,3.329,3.342,3.295,3.32,151420.1
2026-02-24 10:00:00+00:00,3.32,3.321,3.301,3.308,132167.7
2026-02-24 11:00:00+00:00,3.308,3.312,3.293,3.312,101145.9
2026-02-24 12:00:00+00:00,3.312,3.328,3.303,3.308,111635.3
2026-02-24 13:00:00+00:00,3.308,3.312,3.256,3.286,341230.9
2026-02-24 14:00:00+00:00,3.286,3.371,3.26,3.349,426987.3
2026-02-24 15:00:00+00:00,3.349,3.377,3.335,3.357,178668.6
2026-02-24 16:00:00+00:00,3.357,3.4,3.337,3.386,247099.7
2026-02-24 17:00:00+00:00,3.386,3.396,3.366,3.376,286204.7
2026-02-24 18:00:00+00:00,3.376,3.394,3.361,3.373,123199.2
2026-02-24 19:00:00+00:00,3.373,3.387,3.338,3.34,158372.5
2026-02-24 20:00:00+00:00,3.34,3.347,3.312,3.342,379333.0
2026-02-24 21:00:00+00:00,3.342,3.343,3.308,3.334,92184.1
2026-02-24 22:00:00+00:00,3.334,3.364,3.331,3.348,99308.3
2026-02-24 23:00:00+00:00,3.348,3.352,3.326,3.335,69927.5
2026-02-25 00:00:00+00:00,3.335,3.358,3.326,3.351,68272.3
2026-02-25 01:00:00+00:00,3.351,3.532,3.347,3.517,765129.9
2026-02-25 02:00:00+00:00,3.517,3.557,3.497,3.502,501525.1
2026-02-25 03:00:00+00:00,3.502,3.508,3.462,3.47,193752.8
2026-02-25 04:00:00+00:00,3.47,3.498,3.449,3.485,197016.1
2026-02-25 05:00:00+00:00,3.485,3.503,3.418,3.465,255070.5
2026-02-25 06:00:00+00:00,3.465,3.489,3.452,3.46,98088.0
2026-02-25 07:00:00+00:00,3.46,3.498,3.451,3.495,150034.4
2026-02-25 08:00:00+00:00,3.495,3.536,3.481,3.534,174627.8
2026-02-25 09:00:00+00:00,3.534,3.554,3.524,3.542,204461.4
2026-02-25 10:00:00+00:00,3.542,3.554,3.533,3.548,125595.6
2026-02-25 11:00:00+00:00,3.548,3.567,3.53,3.558,204142.4
2026-02-25 12:00:00+00:00,3.558,3.691,3.555,3.667,1410161.2
2026-02-25 13:00:00+00:00,3.667,3.795,3.667,3.713,1774203.7
2026-02-25 14:00:00+00:00,3.713,3.819,3.712,3.795,676291.9
2026-02-25 15:00:00+00:00,3.795,4.021,3.785,3.934,1973159.3
2026-02-25 16:00:00+00:00,3.934,4.032,3.92,4.022,1098977.3
2026-02-25 17:00:00+00:00,4.022,4.083,4.002,4.061,886195.3
2026-02-25 18:00:00+00:00,4.061,4.136,4.034,4.104,536801.3
2026-02-25 19:00:00+00:00,4.104,4.113,4.064,4.094,319735.4
2026-02-25 20:00:00+00:00,4.094,4.098,4.05,4.057,370139.9
2026-02-25 21:00:00+00:00,4.057,4.165,4.044,4.11,756568.9
2026-02-25 22:00:00+00:00,4.11,4.295,4.071,4.085,1677634.1
2026-02-25 23:00:00+00:00,4.085,4.101,3.983,4.052,780165.4
2026-02-26 00:00:00+00:00,4.052,4.087,3.978,4.016,788063.2
2026-02-26 01:00:00+00:00,4.016,4.047,3.98,3.989,323947.6
2026-02-26 02:00:00+00:00,3.989,4.054,3.981,4.04,268088.4
2026-02-26 03:00:00+00:00,4.04,4.044,3.989,4.012,162837.4
2026-02-26 04:00:00+00:00,4.012,4.051,4.007,4.051,184222.9
2026-02-26 05:00:00+00:00,4.051,4.052,3.96,3.999,433350.2
2026-02-26 06:00:00+00:00,3.999,4.012,3.974,3.992,181135.8
2026-02-26 07:00:00+00:00,3.992,4.012,3.969,3.986,153873.6
2026-02-26 08:00:00+00:00,3.986,4.056,3.982,4.026,341276.2
2026-02-26 09:00:00+00:00,4.026,4.084,4.019,4.036,398283.7
2026-02-26 10:00:00+00:00,4.036,4.042,3.979,4.005,281381.5
2026-02-26 11:00:00+00:00,4.005,4.016,3.986,4.007,171658.7
2026-02-26 12:00:00+00:00,4.007,4.036,4.003,4.012,150631.5
2026-02-26 13:00:00+00:00,4.012,4.017,3.937,3.961,335492.5
2026-02-26 14:00:00+00:00,3.961,3.97,3.78,3.846,1639080.5
2026-02-26 15:00:00+00:00,3.846,3.855,3.79,3.8,865101.9
2026-02-26 16:00:00+00:00,3.8,3.822,3.711,3.73,898705.7
2026-02-26 17:00:00+00:00,3.73,3.772,3.725,3.75,267708.9
2026-02-26 18:00:00+00:00,3.75,3.779,3.729,3.766,223348.4
2026-02-26 19:00:00+00:00,3.766,3.838,3.762,3.831,443449.2
2026-02-26 20:00:00+00:00,3.831,3.857,3.816,3.822,198351.7
2026-02-26 21:00:00+00:00,3.822,3.856,3.811,3.847,146736.8
2026-02-26 22:00:00+00:00,3.847,3.897,3.84,3.877,239830.8
2026-02-26 23:00:00+00:00,3.877,3.878,3.85,3.874,79375.2
2026-02-27 00:00:00+00:00,3.874,3.886,3.845,3.864,168617.3
2026-02-27 01:00:00+00:00,3.864,3.873,3.837,3.86,140310.2
2026-02-27 02:00:00+00:00,3.86,3.88,3.848,3.863,84671.0
2026-02-27 03:00:00+00:00,3.863,3.911,3.852,3.903,125196.0
2026-02-27 04:00:00+00:00,3.903,3.935,3.892,3.908,223009.5
2026-02-27 05:00:00+00:00,3.908,3.944,3.908,3.934,105474.3
2026-02-27 06:00:00+00:00,3.934,3.934,3.882,3.906,140194.4
2026-02-27 07:00:00+00:00,3.906,3.906,3.86,3.89,198427.4
2026-02-27 08:00:00+00:00,3.89,3.907,3.869,3.878,153956.9
2026-02-27 09:00:00+00:00,3.878,3.886,3.825,3.837,195622.9
2026-02-27 10:00:00+00:00,3.837,3.842,3.774,3.778,370618.8
2026-02-27 11:00:00+00:00,3.778,3.805,3.747,3.756,423691.4
2026-02-27 12:00:00+00:00,3.756,3.783,3.75,3.776,186703.4
2026-02-27 13:00:00+00:00,3.776,3.809,3.736,3.795,478872.7
2026-02-27 14:00:00+00:00,3.795,3.8,3.769,3.773,162883.3
2026-02-27 15:00:00+00:00,3.773,3.828,3.77,3.793,259695.2
2026-02-27 16:00:00+00:00,3.793,3.795,3.742,3.75,276976.5
2026-02-27 17:00:00+00:00,3.75,3.78,3.727,3.774,300065.1
2026-02-27 18:00:00+00:00,3.774,3.776,3.747,3.752,92997.6
2026-02-27 19:00:00+00:00,3.752,3.755,3.718,3.737,94875.1
2026-02-27 20:00:00+00:00,3.737,3.76,3.69,3.694,312062.0
2026-02-27 21:00:00+00:00,3.694,3.735,3.694,3.713,165503.3
2026-02-27 22:00:00+00:00,3.713,3.74,3.67,3.729,183542.5
2026-02-27 23:00:00+00:00,3.729,3.749,3.72,3.739,107564.5
2026-02-28 00:00:00+00:00,3.739,3.762,3.736,3.756,114221.5
2026-02-28 01:00:00+00:00,3.756,3.769,3.717,3.722,167947.2
2026-02-28 02:00:00+00:00,3.722,3.728,3.711,3.723,91594.4
2026-02-28 03:00:00+00:00,3.723,3.734,3.703,3.709,76123.0
2026-02-28 04:00:00+00:00,3.709,3.723,3.691,3.717,119096.3
2026-02-28 05:00:00+00:00,3.717,3.72,3.68,3.698,115389.7
2026-02-28 06:00:00+00:00,3.698,3.703,3.557,3.573,1339972.0
2026-02-28 07:00:00+00:00,3.573,3.688,3.553,3.632,618007.8
2026-02-28 08:00:00+00:00,3.632,3.632,3.579,3.587,317018.9
2026-02-28 09:00:00+00:00,3.587,3.617,3.569,3.58,301720.1
2026-02-28 10:00:00+00:00,3.58,3.582,3.536,3.546,366931.2
2026-02-28 11:00:00+00:00,3.546,3.583,3.54,3.55,379151.4
2026-02-28 12:00:00+00:00,3.55,3.585,3.547,3.585,186891.1
2026-02-28 13:00:00+00:00,3.585,3.701,3.578,3.683,598319.1
2026-02-28 14:00:00+00:00,3.683,3.707,3.62,3.626,461734.8
2026-02-28 15:00:00+00:00,3.626,3.67,3.603,3.655,273156.8
2026-02-28 16:00:00+00:00,3.655,3.694,3.636,3.687,248238.6
2026-02-28 17:00:00+00:00,3.687,3.699,3.654,3.692,254503.4
2026-02-28 18:00:00+00:00,3.692,3.776,3.68,3.752,432572.4
2026-02-28 19:00:00+00:00,3.752,3.815,3.725,3.791,381922.5
2026-02-28 20:00:00+00:00,3.791,3.835,3.772,3.822,408641.1
2026-02-28 21:00:00+00:00,3.822,3.825,3.782,3.817,192522.4
2026-02-28 22:00:00+00:00,3.817,3.89,3.815,3.826,304653.1
2026-02-28 23:00:00+00:00,3.826,3.832,3.797,3.808,148691.7
2026-03-01 00:00:00+00:00,3.808,3.822,3.795,3.804,147206.9
2026-03-01 01:00:00+00:00,3.804,3.923,3.771,3.888,458489.9
2026-03-01 02:00:00+00:00,3.888,3.974,3.885,3.899,1257541.8
2026-03-01 03:00:00+00:00,3.899,3.911,3.843,3.855,284991.2
2026-03-01 04:00:00+00:00,3.855,3.864,3.813,3.833,256257.1
2026-03-01 05:00:00+00:00,3.833,3.839,3.817,3.823,121075.4
2026-03-01 06:00:00+00:00,3.823,3.824,3.78,3.797,410977.4
2026-03-01 07:00:00+00:00,3.797,3.817,3.769,3.809,191033.9
2026-03-01 08:00:00+00:00,3.809,3.828,3.767,3.783,378917.6
2026-03-01 09:00:00+00:00,3.783,3.812,3.767,3.778,176448.8
2026-03-01 10:00:00+00:00,3.778,3.796,3.751,3.781,218482.6
2026-03-01 11:00:00+00:00,3.781,3.785,3.741,3.761,301595.4
2026-03-01 12:00:00+00:00,3.761,3.772,3.733,3.742,163654.1
2026-03-01 13:00:00+00:00,3.742,3.827,3.729,3.801,390710.0
2026-03-01 14:00:00+00:00,3.801,3.832,3.76,3.777,368123.3
2026-03-01 15:00:00+00:00,3.777,3.816,3.774,3.78,217597.0
2026-03-01 16:00:00+00:00,3.78,3.827,3.739,3.771,393810.3
2026-03-01 17:00:00+00:00,3.771,3.774,3.712,3.738,381355.9
2026-03-01 18:00:00+00:00,3.738,3.8,3.737,3.762,285424.8
2026-03-01 19:00:00+00:00,3.762,3.766,3.725,3.729,156376.0
2026-03-01 20:00:00+00:00,3.729,3.735,3.664,3.686,342612.6
2026-03-01 21:00:00+00:00,3.686,3.725,3.685,3.717,126146.3
2026-03-01 22:00:00+00:00,3.717,3.784,3.707,3.721,305872.8
2026-03-01 23:00:00+00:00,3.721,3.774,3.712,3.743,138760.5
2026-03-02 00:00:00+00:00,3.743,3.807,3.74,3.785,197779.9
2026-03-02 01:00:00+00:00,3.785,3.852,3.783,3.815,198319.0
2026-03-02 02:00:00+00:00,3.815,3.828,3.772,3.804,135679.0
2026-03-02 03:00:00+00:00,3.804,3.846,3.789,3.834,172344.1
2026-03-02 04:00:00+00:00,3.834,3.837,3.805,3.815,86557.5
2026-03-02 05:00:00+00:00,3.815,3.847,3.794,3.828,140198.2
2026-03-02 06:00:00+00:00,3.828,3.83,3.767,3.78,161299.6
2026-03-02 07:00:00+00:00,3.78,3.78,3.736,3.761,138010.8
2026-03-02 08:00:00+00:00,3.761,3.805,3.712,3.785,271088.2
2026-03-02 09:00:00+00:00,3.785,3.82,3.78,3.79,301341.1
2026-03-02 10:00:00+00:00,3.79,3.804,3.771,3.788,98220.0
2026-03-02 11:00:00+00:00,3.788,3.789,3.763,3.775,120034.3
2026-03-02 12:00:00+00:00,3.775,3.781,3.758,3.761,108964.5
2026-03-02 13:00:00+00:00,3.761,3.782,3.735,3.748,205914.0
2026-03-02 14:00:00+00:00,3.748,3.888,3.741,3.877,551051.4
2026-03-02 15:00:00+00:00,3.877,4.036,3.871,3.981,935894.8
2026-03-02 16:00:00+00:00,3.981,4.044,3.948,3.984,439197.3
2026-03-02 17:00:00+00:00,3.984,3.987,3.891,3.935,292384.0
2026-03-02 18:00:00+00:00,3.935,3.936,3.9,3.916,169679.8
2026-03-02 19:00:00+00:00,3.916,3.953,3.885,3.938,233512.0
2026-03-02 20:00:00+00:00,3.938,3.959,3.896,3.92,288314.1
2026-03-02 21:00:00+00:00,3.92,3.938,3.899,3.928,139331.8
2026-03-02 22:00:00+00:00,3.928,3.972,3.928,3.962,95148.8
2026-03-02 23:00:00+00:00,3.962,3.963,3.905,3.925,113264.0
2026-03-03 00:00:00+00:00,3.925,3.936,3.887,3.926,185599.2
2026-03-03 01:00:00+00:00,3.926,3.938,3.899,3.908,81295.2
2026-03-03 02:00:00+00:00,3.908,3.92,3.859,3.912,137670.7
2026-03-03 03:00:00+00:00,3.912,3.919,3.881,3.906,142905.2
2026-03-03 04:00:00+00:00,3.906,3.917,3.858,3.865,128914.7
2026-03-03 05:00:00+00:00,3.865,3.911,3.841,3.861,174592.1
2026-03-03 06:00:00+00:00,3.861,3.884,3.859,3.868,175281.9
2026-03-03 07:00:00+00:00,3.868,3.902,3.863,3.876,108742.2
2026-03-03 08:00:00+00:00,3.876,3.89,3.806,3.815,265109.9
2026-03-03 09:00:00+00:00,3.815,3.836,3.783,3.795,461465.7
2026-03-03 10:00:00+00:00,3.795,3.819,3.782,3.802,145453.0
2026-03-03 11:00:00+00:00,3.802,3.814,3.784,3.793,115389.6
2026-03-03 12:00:00+00:00,3.793,3.87,3.793,3.823,216108.7
2026-03-03 13:00:00+00:00,3.823,3.826,3.773,3.787,112846.1
2026-03-03 14:00:00+00:00,3.787,3.83,3.745,3.78,342414.1
2026-03-03 15:00:00+00:00,3.78,3.849,3.757,3.842,257555.0
2026-03-03 16:00:00+00:00,3.842,3.925,3.82,3.874,582852.6
2026-03-03 17:00:00+00:00,3.874,3.893,3.834,3.888,151685.4
2026-03-03 18:00:00+00:00,3.888,3.92,3.861,3.882,213120.9
2026-03-03 19:00:00+00:00,3.882,3.889,3.856,3.874,124809.1
2026-03-03 20:00:00+00:00,3.874,3.893,3.865,3.876,57156.0
2026-03-03 21:00:00+00:00,3.876,3.877,3.837,3.859,85730.4
2026-03-03 22:00:00+00:00,3.859,3.91,3.857,3.891,248876.5
2026-03-03 23:00:00+00:00,3.891,3.934,3.884,3.909,147383.5
2026-03-04 00:00:00+00:00,3.909,3.911,3.855,3.894,184471.5
2026-03-04 01:00:00+00:00,3.894,3.955,3.892,3.927,280514.8
2026-03-04 02:00:00+00:00,3.927,3.956,3.906,3.954,260594.2
2026-03-04 03:00:00+00:00,3.954,3.958,3.891,3.923,334098.4
2026-03-04 04:00:00+00:00,3.923,3.931,3.86,3.888,257617.3
2026-03-04 05:00:00+00:00,3.888,3.927,3.877,3.918,172284.5
2026-03-04 06:00:00+00:00,3.918,3.93,3.875,3.92,198310.1
2026-03-04 07:00:00+00:00,3.92,3.959,3.891,3.952,169344.5
2026-03-04 08:00:00+00:00,3.952,4.073,3.929,4.05,592406.9
2026-03-04 09:00:00+00:00,4.05,4.077,4.029,4.047,448749.3
2026-03-04 10:00:00+00:00,4.047,4.063,4.004,4.017,298282.0
2026-03-04 11:00:00+00:00,4.017,4.022,3.964,3.981,215027.5
2026-03-04 12:00:00+00:00,3.981,3.982,3.911,3.947,373238.2
2026-03-04 13:00:00+00:00,3.947,3.989,3.946,3.967,225962.7
2026-03-04 14:00:00+00:00,3.967,4.04,3.944,3.96,529843.8
2026-03-04 15:00:00+00:00,3.96,4.046,3.96,4.039,494200.3
2026-03-04 16:00:00+00:00,4.039,4.047,3.971,3.996,301832.2
2026-03-04 17:00:00+00:00,3.996,4.027,3.981,4.005,325008.4
2026-03-04 18:00:00+00:00,4.005,4.048,3.986,4.048,196619.7
2026-03-04 19:00:00+00:00,4.048,4.086,4.037,4.062,273530.3
2026-03-04 20:00:00+00:00,4.062,4.066,4.012,4.014,97383.0
2026-03-04 21:00:00+00:00,4.014,4.021,3.991,4.0,102538.9
2026-03-04 22:00:00+00:00,4.0,4.022,3.951,3.955,140029.1
2026-03-04 23:00:00+00:00,3.955,3.984,3.936,3.974,188597.1
2026-03-05 00:00:00+00:00,3.974,3.996,3.951,3.977,183561.5
2026-03-05 01:00:00+00:00,3.977,4.019,3.954,3.962,138681.6
2026-03-05 02:00:00+00:00,3.962,4.006,3.96,3.979,101881.6
2026-03-05 03:00:00+00:00,3.979,3.997,3.969,3.983,78425.8
2026-03-05 04:00:00+00:00,3.983,4.013,3.974,3.996,125453.4
2026-03-05 05:00:00+00:00,3.996,4.008,3.968,3.984,88728.1
2026-03-05 06:00:00+00:00,3.984,4.014,3.962,4.01,175875.3
2026-03-05 07:00:00+00:00,4.01,4.013,3.949,3.965,127136.0
2026-03-05 08:00:00+00:00,3.965,4.011,3.962,3.997,146747.2
2026-03-05 09:00:00+00:00,3.997,4.049,3.994,4.001,263109.0
2026-03-05 10:00:00+00:00,4.001,4.083,3.993,4.059,249893.0
2026-03-05 11:00:00+00:00,4.059,4.064,4.014,4.039,142953.1
2026-03-05 12:00:00+00:00,4.039,4.058,4.016,4.049,216999.3
2026-03-05 13:00:00+00:00,4.049,4.05,3.979,4.032,232557.0
2026-03-05 14:00:00+00:00,4.032,4.089,4.028,4.078,326185.7
2026-03-05 15:00:00+00:00,4.078,4.084,3.975,4.003,433052.2
2026-03-05 16:00:00+00:00,4.003,4.01,3.922,4.004,385856.3
2026-03-05 17:00:00+00:00,4.004,4.027,3.942,3.954,269189.4
2026-03-05 18:00:00+00:00,3.954,4.002,3.949,3.988,127848.6
2026-03-05 19:00:00+00:00,3.988,4.017,3.977,3.989,203306.0
2026-03-05 20:00:00+00:00,3.989,4.018,3.976,4.006,115198.0
2026-03-05 21:00:00+00:00,4.006,4.013,3.972,3.981,84422.9
2026-03-05 22:00:00+00:00,3.981,3.99,3.968,3.978,58589.7
2026-03-05 23:00:00+00:00,3.978,3.992,3.962,3.966,91385.1
2026-03-06 00:00:00+00:00,3.966,3.989,3.961,3.973,152409.6
2026-03-06 01:00:00+00:00,3.973,4.01,3.942,4.008,146492.5
2026-03-06 02:00:00+00:00,4.008,4.016,3.983,3.992,103421.2
2026-03-06 03:00:00+00:00,3.992,4.004,3.975,3.982,55289.1
2026-03-06 04:00:00+00:00,3.982,3.991,3.947,3.965,112387.7
2026-03-06 05:00:00+00:00,3.965,3.976,3.938,3.963,93962.3
2026-03-06 06:00:00+00:00,3.963,3.975,3.95,3.968,72944.1
2026-03-06 07:00:00+00:00,3.968,4.014,3.966,4.007,112586.3
2026-03-06 08:00:00+00:00,4.007,4.007,3.972,3.979,52500.4
2026-03-06 09:00:00+00:00,3.979,3.982,3.933,3.959,133768.9
2026-03-06 10:00:00+00:00,3.959,3.983,3.954,3.971,64628.5
2026-03-06 11:00:00+00:00,3.971,3.971,3.922,3.925,93686.4
2026-03-06 12:00:00+00:00,3.925,3.936,3.883,3.917,273134.2
2026-03-06 13:00:00+00:00,3.917,3.954,3.849,3.87,598309.7
2026-03-06 14:00:00+00:00,3.87,3.885,3.803,3.827,534225.7
2026-03-06 15:00:00+00:00,3.827,3.863,3.806,3.827,221091.8
2026-03-06 16:00:00+00:00,3.827,3.849,3.815,3.831,137171.5
2026-03-06 17:00:00+00:00,3.831,3.858,3.811,3.838,104834.4
2026-03-06 18:00:00+00:00,3.838,3.878,3.836,3.856,100220.5
2026-03-06 19:00:00+00:00,3.856,3.871,3.837,3.843,47796.2
2026-03-06 20:00:00+00:00,3.843,3.854,3.822,3.839,66013.7
2026-03-06 21:00:00+00:00,3.839,3.849,3.82,3.848,51476.0
2026-03-06 22:00:00+00:00,3.848,3.855,3.836,3.85,33625.7
2026-03-06 23:00:00+00:00,3.85,3.853,3.841,3.845,51378.2
2026-03-07 00:00:00+00:00,3.845,3.862,3.845,3.859,65526.1
2026-03-07 01:00:00+00:00,3.859,3.861,3.838,3.843,28887.8
2026-03-07 02:00:00+00:00,3.843,3.847,3.831,3.843,44146.5
2026-03-07 03:00:00+00:00,3.843,3.865,3.828,3.828,108613.3
2026-03-07 04:00:00+00:00,3.828,3.835,3.807,3.815,95506.5
2026-03-07 05:00:00+00:00,3.815,3.821,3.808,3.819,50963.4
2026-03-07 06:00:00+00:00,3.819,3.819,3.784,3.79,158414.1
2026-03-07 07:00:00+00:00,3.79,3.825,3.781,3.824,111059.4
2026-03-07 08:00:00+00:00,3.824,3.838,3.815,3.817,159030.6
2026-03-07 09:00:00+00:00,3.817,3.827,3.794,3.824,218322.9
2026-03-07 10:00:00+00:00,3.824,3.827,3.816,3.82,49139.2
2026-03-07 11:00:00+00:00,3.82,3.841,3.81,3.814,77244.9
2026-03-07 12:00:00+00:00,3.814,3.827,3.801,3.808,70214.4
2026-03-07 13:00:00+00:00,3.808,3.832,3.805,3.823,103717.4
2026-03-07 14:00:00+00:00,3.823,3.824,3.788,3.809,90541.3
2026-03-07 15:00:00+00:00,3.809,3.809,3.775,3.792,88672.7
2026-03-07 16:00:00+00:00,3.792,3.802,3.781,3.8,39729.9
2026-03-07 17:00:00+00:00,3.8,3.817,3.796,3.797,60298.0
2026-03-07 18:00:00+00:00,3.797,3.798,3.758,3.781,334096.1
2026-03-07 19:00:00+00:00,3.781,3.783,3.754,3.764,161735.8
2026-03-07 20:00:00+00:00,3.764,3.784,3.763,3.77,92907.4
2026-03-07 21:00:00+00:00,3.77,3.786,3.763,3.771,74360.8
2026-03-07 22:00:00+00:00,3.771,3.773,3.719,3.754,161785.2
2026-03-07 23:00:00+00:00,3.754,3.774,3.752,3.768,34601.4
2026-03-08 00:00:00+00:00,3.768,3.773,3.752,3.754,43821.0
2026-03-08 01:00:00+00:00,3.754,3.763,3.738,3.747,62426.8
2026-03-08 02:00:00+00:00,3.747,3.759,3.704,3.709,297062.1
2026-03-08 03:00:00+00:00,3.709,3.723,3.704,3.717,178005.4
2026-03-08 04:00:00+00:00,3.717,3.73,3.684,3.697,115976.9
2026-03-08 05:00:00+00:00,3.697,3.732,3.695,3.719,47400.3
2026-03-08 06:00:00+00:00,3.719,3.722,3.702,3.721,66941.6
2026-03-08 07:00:00+00:00,3.721,3.74,3.715,3.723,93530.8
2026-03-08 08:00:00+00:00,3.723,3.736,3.708,3.734,96547.8
2026-03-08 09:00:00+00:00,3.734,3.761,3.728,3.75,131245.6
2026-03-08 10:00:00+00:00,3.75,3.793,3.75,3.774,159670.2
2026-03-08 11:00:00+00:00,3.774,3.774,3.726,3.738,133895.6
2026-03-08 12:00:00+00:00,3.738,3.76,3.695,3.74,343036.6
2026-03-08 13:00:00+00:00,3.74,3.743,3.679,3.693,317388.2
2026-03-08 14:00:00+00:00,3.693,3.708,3.671,3.688,142422.3
2026-03-08 15:00:00+00:00,3.688,3.692,3.674,3.692,111145.3
2026-03-08 16:00:00+00:00,3.692,3.692,3.667,3.674,146226.0
2026-03-08 17:00:00+00:00,3.674,3.696,3.665,3.67,80075.2
2026-03-08 18:00:00+00:00,3.67,3.673,3.652,3.668,83332.1
2026-03-08 19:00:00+00:00,3.668,3.728,3.664,3.709,230792.1
2026-03-08 20:00:00+00:00,3.709,3.73,3.684,3.696,156260.6
2026-03-08 21:00:00+00:00,3.696,3.701,3.675,3.691,113850.1
2026-03-08 22:00:00+00:00,3.691,3.691,3.607,3.678,629842.7
2026-03-08 23:00:00+00:00,3.678,3.691,3.646,3.657,128723.9
2026-03-09 00:00:00+00:00,3.657,3.721,3.653,3.695,249191.1
2026-03-09 01:00:00+00:00,3.695,3.72,3.676,3.676,134964.5
2026-03-09 02:00:00+00:00,3.676,3.724,3.666,3.707,137451.9
2026-03-09 03:00:00+00:00,3.707,3.789,3.705,3.735,427818.2
2026-03-09 04:00:00+00:00,3.735,3.771,3.735,3.738,115115.1
2026-03-09 05:00:00+00:00,3.738,3.823,3.736,3.814,363346.6
2026-03-09 06:00:00+00:00,3.814,3.832,3.803,3.811,215013.2
2026-03-09 07:00:00+00:00,3.811,3.825,3.747,3.775,455438.1
2026-03-09 08:00:00+00:00,3.775,3.813,3.771,3.805,278875.5
2026-03-09 09:00:00+00:00,3.805,3.864,3.789,3.831,255256.0
2026-03-09 10:00:00+00:00,3.831,3.839,3.802,3.813,138951.5
2026-03-09 11:00:00+00:00,3.813,3.818,3.777,3.801,78466.3
2026-03-09 12:00:00+00:00,3.801,3.855,3.801,3.839,195495.2
2026-03-09 13:00:00+00:00,3.839,3.918,3.835,3.91,439826.5
2026-03-09 14:00:00+00:00,3.91,3.957,3.883,3.935,492409.1
2026-03-09 15:00:00+00:00,3.935,3.967,3.921,3.932,349140.3
2026-03-09 16:00:00+00:00,3.932,3.942,3.899,3.919,188696.8
2026-03-09 17:00:00+00:00,3.919,3.945,3.889,3.893,182748.1
2026-03-09 18:00:00+00:00,3.893,3.91,3.872,3.888,129671.5
2026-03-09 19:00:00+00:00,3.888,3.987,3.882,3.923,384844.0
2026-03-09 20:00:00+00:00,3.923,3.929,3.889,3.911,89729.4
2026-03-09 21:00:00+00:00,3.911,3.933,3.895,3.907,44285.1
2026-03-09 22:00:00+00:00,3.907,3.909,3.861,3.87,105775.2
2026-03-09 23:00:00+00:00,3.87,3.875,3.845,3.856,212781.9
2026-03-10 00:00:00+00:00,3.856,3.92,3.852,3.898,202060.8
2026-03-10 01:00:00+00:00,3.898,3.915,3.874,3.9,140003.4
2026-03-10 02:00:00+00:00,3.9,3.984,3.891,3.96,245274.6
2026-03-10 03:00:00+00:00,3.96,3.963,3.879,3.896,181243.6
2026-03-10 04:00:00+00:00,3.896,3.945,3.893,3.929,115104.2
2026-03-10 05:00:00+00:00,3.929,3.942,3.912,3.919,154402.8
2026-03-10 06:00:00+00:00,3.919,3.922,3.899,3.918,74730.3
2026-03-10 07:00:00+00:00,3.918,3.952,3.912,3.952,116551.1
2026-03-10 08:00:00+00:00,3.952,3.979,3.943,3.946,234533.6
2026-03-10 09:00:00+00:00,3.946,3.999,3.946,3.967,221795.4
2026-03-10 10:00:00+00:00,3.967,3.968,3.93,3.941,168161.8
2026-03-10 11:00:00+00:00,3.941,3.944,3.926,3.935,151465.0
2026-03-10 12:00:00+00:00,3.935,3.935,3.907,3.918,120204.7
2026-03-10 13:00:00+00:00,3.918,3.93,3.85,3.868,365063.3
2026-03-10 14:00:00+00:00,3.868,3.969,3.84,3.967,422077.6
2026-03-10 15:00:00+00:00,3.967,3.977,3.904,3.937,385002.6
2026-03-10 16:00:00+00:00,3.937,3.943,3.908,3.922,176895.6
2026-03-10 17:00:00+00:00,3.922,3.922,3.87,3.894,196704.8
2026-03-10 18:00:00+00:00,3.894,3.9,3.851,3.867,192142.8
2026-03-10 19:00:00+00:00,3.867,3.873,3.838,3.859,100713.2
2026-03-10 20:00:00+00:00,3.859,3.871,3.851,3.866,65193.8
2026-03-10 21:00:00+00:00,3.866,3.875,3.827,3.846,76419.5
2026-03-10 22:00:00+00:00,3.846,3.85,3.822,3.841,75088.3
2026-03-10 23:00:00+00:00,3.841,3.851,3.835,3.841,62003.3
2026-03-11 00:00:00+00:00,3.841,3.862,3.829,3.855,61781.8
2026-03-11 01:00:00+00:00,3.855,3.871,3.848,3.866,96000.6
2026-03-11 02:00:00+00:00,3.866,3.867,3.823,3.841,86587.0
2026-03-11 03:00:00+00:00,3.841,3.848,3.828,3.832,69073.8
2026-03-11 04:00:00+00:00,3.832,3.863,3.823,3.852,81735.1
2026-03-11 05:00:00+00:00,3.852,3.855,3.8,3.808,83888.0
2026-03-11 06:00:00+00:00,3.808,3.847,3.808,3.839,60122.6
2026-03-11 07:00:00+00:00,3.839,3.846,3.807,3.821,89255.4
2026-03-11 08:00:00+00:00,3.821,3.845,3.817,3.843,196659.7
2026-03-11 09:00:00+00:00,3.843,3.861,3.835,3.845,95966.1
2026-03-11 10:00:00+00:00,3.845,3.875,3.834,3.866,88183.1
2026-03-11 11:00:00+00:00,3.866,3.87,3.844,3.861,112904.8
2026-03-11 12:00:00+00:00,3.861,3.903,3.845,3.876,245194.3
2026-03-11 13:00:00+00:00,3.876,3.965,3.875,3.91,281254.7
2026-03-11 14:00:00+00:00,3.91,3.962,3.909,3.931,331465.0
2026-03-11 15:00:00+00:00,3.931,3.935,3.86,3.897,239611.5
2026-03-11 16:00:00+00:00,3.897,3.915,3.883,3.903,127610.8
2026-03-11 17:00:00+00:00,3.903,3.935,3.879,3.91,145556.0
2026-03-11 18:00:00+00:00,3.91,3.936,3.909,3.929,180514.6
2026-03-11 19:00:00+00:00,3.929,3.945,3.917,3.924,56480.6
2026-03-11 20:00:00+00:00,3.924,3.928,3.904,3.914,45224.5
2026-03-11 21:00:00+00:00,3.914,3.922,3.899,3.92,59395.7
2026-03-11 22:00:00+00:00,3.92,3.935,3.904,3.918,166639.5
2026-03-11 23:00:00+00:00,3.918,3.929,3.878,3.896,154589.8
2026-03-12 00:00:00+00:00,3.896,3.904,3.878,3.894,77882.3
2026-03-12 01:00:00+00:00,3.894,3.894,3.865,3.878,86063.1
2026-03-12 02:00:00+00:00,3.878,3.887,3.849,3.852,259097.6
2026-03-12 03:00:00+00:00,3.852,3.871,3.842,3.85,121681.9
2026-03-12 04:00:00+00:00,3.85,3.869,3.85,3.853,37185.7
2026-03-12 05:00:00+00:00,3.853,3.862,3.838,3.852,79869.9
2026-03-12 06:00:00+00:00,3.852,3.873,3.845,3.872,61574.6
2026-03-12 07:00:00+00:00,3.872,3.89,3.864,3.887,69838.9
2026-03-12 08:00:00+00:00,3.887,3.904,3.877,3.895,69509.7
2026-03-12 09:00:00+00:00,3.895,3.925,3.867,3.91,136917.9
2026-03-12 10:00:00+00:00,3.91,3.947,3.894,3.928,211002.7
2026-03-12 11:00:00+00:00,3.928,3.938,3.903,3.911,129360.8
2026-03-12 12:00:00+00:00,3.911,3.927,3.9,3.917,64601.5
2026-03-12 13:00:00+00:00,3.917,3.927,3.874,3.893,239078.4
2026-03-12 14:00:00+00:00,3.893,3.921,3.832,3.869,444442.7
2026-03-12 15:00:00+00:00,3.869,3.914,3.862,3.894,203503.4
2026-03-12 16:00:00+00:00,3.894,3.927,3.87,3.914,203574.8
2026-03-12 17:00:00+00:00,3.914,3.922,3.888,3.896,91314.5
2026-03-12 18:00:00+00:00,3.896,3.907,3.876,3.888,104011.1
2026-03-12 19:00:00+00:00,3.888,3.915,3.878,3.908,57336.8
2026-03-12 20:00:00+00:00,3.908,3.913,3.885,3.887,31544.3
2026-03-12 21:00:00+00:00,3.887,3.905,3.879,3.902,56907.6
2026-03-12 22:00:00+00:00,3.902,3.911,3.895,3.905,56960.9
2026-03-12 23:00:00+00:00,3.905,3.935,3.904,3.915,114964.8
2026-03-13 00:00:00+00:00,3.915,4.02,3.902,3.969,551565.8
2026-03-13 01:00:00+00:00,3.969,4.01,3.967,4.005,109970.9
2026-03-13 02:00:00+00:00,4.005,4.008,3.969,3.989,418927.2
2026-03-13 03:00:00+00:00,3.989,4.059,3.988,4.038,223113.0
2026-03-13 04:00:00+00:00,4.038,4.049,4.013,4.016,238775.2
2026-03-13 05:00:00+00:00,4.016,4.021,3.999,4.002,151030.1
2026-03-13 06:00:00+00:00,4.002,4.005,3.969,3.985,157002.3
2026-03-13 07:00:00+00:00,3.985,3.998,3.975,3.991,133375.2
2026-03-13 08:00:00+00:00,3.991,4.038,3.978,4.006,192601.7
2026-03-13 09:00:00+00:00,4.006,4.033,3.994,4.025,243431.9
2026-03-13 10:00:00+00:00,4.025,4.126,4.024,4.092,1075258.7
2026-03-13 11:00:00+00:00,4.092,4.095,4.068,4.084,98089.6
2026-03-13 12:00:00+00:00,4.084,4.142,4.072,4.13,361791.4
2026-03-13 13:00:00+00:00,4.13,4.207,4.123,4.173,599846.9
2026-03-13 14:00:00+00:00,4.173,4.2,4.084,4.101,584091.1
2026-03-13 15:00:00+00:00,4.101,4.13,4.057,4.065,301729.7
2026-03-13 16:00:00+00:00,4.065,4.107,4.035,4.096,249912.7
2026-03-13 17:00:00+00:00,4.096,4.1,4.015,4.035,230335.6
2026-03-13 18:00:00+00:00,4.035,4.043,4.001,4.023,146679.9
2026-03-13 19:00:00+00:00,4.023,4.037,4.009,4.025,177727.7
2026-03-13 20:00:00+00:00,4.025,4.036,4.013,4.034,160472.3
2026-03-13 21:00:00+00:00,4.034,4.046,4.006,4.019,97456.0
2026-03-13 22:00:00+00:00,4.019,4.021,3.978,3.999,141438.3
2026-03-13 23:00:00+00:00,3.999,4.017,3.989,4.001,99577.7
2026-03-14 00:00:00+00:00,4.001,4.011,3.974,3.975,180781.7
2026-03-14 01:00:00+00:00,3.975,4.002,3.961,3.994,144000.7
2026-03-14 02:00:00+00:00,3.994,4.0,3.986,3.994,67278.6
2026-03-14 03:00:00+00:00,3.994,4.016,3.994,4.005,87069.4
2026-03-14 04:00:00+00:00,4.005,4.018,3.977,3.986,118380.3
2026-03-14 05:00:00+00:00,3.986,3.988,3.955,3.97,85340.9
2026-03-14 06:00:00+00:00,3.97,3.97,3.917,3.937,201556.2
2026-03-14 07:00:00+00:00,3.937,3.943,3.919,3.922,82030.4
2026-03-14 08:00:00+00:00,3.922,3.934,3.916,3.924,111073.3
2026-03-14 09:00:00+00:00,3.924,3.94,3.91,3.924,103182.4
2026-03-14 10:00:00+00:00,3.924,3.927,3.9,3.907,93644.9
2026-03-14 11:00:00+00:00,3.907,3.935,3.906,3.926,54537.0
2026-03-14 12:00:00+00:00,3.926,3.938,3.919,3.934,140844.1
2026-03-14 13:00:00+00:00,3.934,3.946,3.923,3.937,45704.0
2026-03-14 14:00:00+00:00,3.937,3.948,3.917,3.922,93557.7
2026-03-14 15:00:00+00:00,3.922,3.931,3.915,3.929,49657.3
2026-03-14 16:00:00+00:00,3.929,3.936,3.919,3.929,46940.2
2026-03-14 17:00:00+00:00,3.929,3.929,3.912,3.918,68961.3
2026-03-14 18:00:00+00:00,3.918,3.92,3.906,3.916,56695.3
2026-03-14 19:00:00+00:00,3.916,3.918,3.907,3.908,26409.4
2026-03-14 20:00:00+00:00,3.908,3.928,3.908,3.923,52438.7
2026-03-14 21:00:00+00:00,3.923,3.926,3.908,3.92,34154.0
2026-03-14 22:00:00+00:00,3.92,3.924,3.909,3.912,17987.7
2026-03-14 23:00:00+00:00,3.912,3.953,3.912,3.943,141116.4
2026-03-15 00:00:00+00:00,3.943,3.945,3.916,3.921,97701.6
2026-03-15 01:00:00+00:00,3.921,3.935,3.912,3.93,32068.2
2026-03-15 02:00:00+00:00,3.93,3.981,3.93,3.972,141406.9
2026-03-15 03:00:00+00:00,3.972,3.978,3.941,3.95,123528.6
2026-03-15 04:00:00+00:00,3.95,3.969,3.943,3.954,59526.5
2026-03-15 05:00:00+00:00,3.954,3.975,3.939,3.955,208979.3
2026-03-15 06:00:00+00:00,3.955,3.965,3.933,3.942,80150.5
2026-03-15 07:00:00+00:00,3.942,3.955,3.933,3.94,51790.2
2026-03-15 08:00:00+00:00,3.94,3.967,3.937,3.967,67870.1
2026-03-15 09:00:00+00:00,3.967,3.984,3.951,3.961,76260.1
2026-03-15 10:00:00+00:00,3.961,3.987,3.96,3.982,44728.4
2026-03-15 11:00:00+00:00,3.982,3.994,3.977,3.993,71729.6
2026-03-15 12:00:00+00:00,3.993,3.994,3.973,3.985,46899.8
2026-03-15 13:00:00+00:00,3.985,3.99,3.931,3.956,233634.0
2026-03-15 14:00:00+00:00,3.956,3.966,3.939,3.963,60871.1
2026-03-15 15:00:00+00:00,3.963,3.964,3.947,3.953,80864.0
2026-03-15 16:00:00+00:00,3.953,3.969,3.943,3.949,116638.9
2026-03-15 17:00:00+00:00,3.949,4.001,3.948,3.992,101513.8
2026-03-15 18:00:00+00:00,3.992,4.007,3.967,3.973,88787.4
2026-03-15 19:00:00+00:00,3.973,4.002,3.97,4.0,53770.2
2026-03-15 20:00:00+00:00,4.0,4.03,3.988,4.014,94723.4
2026-03-15 21:00:00+00:00,4.014,4.05,3.998,4.039,120148.9
2026-03-15 22:00:00+00:00,4.039,4.108,4.007,4.092,327136.9
2026-03-15 23:00:00+00:00,4.092,4.109,4.033,4.065,267784.9
2026-03-16 00:00:00+00:00,4.065,4.092,4.048,4.069,128992.3
2026-03-16 01:00:00+00:00,4.069,4.1,4.045,4.094,128423.6
2026-03-16 02:00:00+00:00,4.094,4.102,4.055,4.071,132481.6
2026-03-16 03:00:00+00:00,4.071,4.174,4.061,4.097,760245.5
2026-03-16 04:00:00+00:00,4.097,4.123,3.966,4.011,1408297.7
2026-03-16 05:00:00+00:00,4.011,4.071,4.006,4.063,397868.3
2026-03-16 06:00:00+00:00,4.063,4.069,4.024,4.062,221066.4
2026-03-16 07:00:00+00:00,4.062,4.097,4.062,4.077,180733.3
2026-03-16 08:00:00+00:00,4.077,4.105,4.033,4.051,384780.9
2026-03-16 09:00:00+00:00,4.051,4.095,4.048,4.081,135368.5
2026-03-16 10:00:00+00:00,4.081,4.09,4.039,4.065,164973.0
2026-03-16 11:00:00+00:00,4.065,4.076,4.047,4.054,152120.2
2026-03-16 12:00:00+00:00,4.054,4.082,4.046,4.067,285374.0
2026-03-16 13:00:00+00:00,4.067,4.141,4.064,4.118,418336.7
2026-03-16 14:00:00+00:00,4.118,4.138,4.053,4.116,505397.6
2026-03-16 15:00:00+00:00,4.116,4.123,4.072,4.078,219046.4
2026-03-16 16:00:00+00:00,4.078,4.143,4.077,4.137,200408.4
2026-03-16 17:00:00+00:00,4.137,4.165,4.129,4.137,252554.8
2026-03-16 18:00:00+00:00,4.137,4.185,4.128,4.143,258501.9
2026-03-16 19:00:00+00:00,4.143,4.174,4.128,4.149,262984.8
2026-03-16 20:00:00+00:00,4.149,4.165,4.137,4.161,117790.1
2026-03-16 21:00:00+00:00,4.161,4.18,4.134,4.158,237076.7
2026-03-16 22:00:00+00:00,4.158,4.191,4.15,4.154,153440.0
2026-03-16 23:00:00+00:00,4.154,4.172,4.114,4.154,366680.8
2026-03-17 00:00:00+00:00,4.154,4.17,4.121,4.141,395065.9
2026-03-17 01:00:00+00:00,4.141,4.169,4.119,4.148,299124.4
2026-03-17 02:00:00+00:00,4.148,4.158,4.114,4.128,107422.6
2026-03-17 03:00:00+00:00,4.128,4.132,4.052,4.073,331803.2
2026-03-17 04:00:00+00:00,4.073,4.083,4.013,4.037,278787.5
2026-03-17 05:00:00+00:00,4.037,4.042,3.996,4.025,226369.0
2026-03-17 06:00:00+00:00,4.025,4.038,4.006,4.017,117223.5
2026-03-17 07:00:00+00:00,4.017,4.044,4.017,4.024,102167.3
2026-03-17 08:00:00+00:00,4.024,4.038,3.999,4.005,222978.7
2026-03-17 09:00:00+00:00,4.005,4.017,3.988,4.003,185835.8
2026-03-17 10:00:00+00:00,4.003,4.011,3.982,4.009,150375.0
2026-03-17 11:00:00+00:00,4.009,4.033,4.004,4.008,132006.6
2026-03-17 12:00:00+00:00,4.008,4.013,3.948,3.958,292379.3
2026-03-17 13:00:00+00:00,3.958,3.994,3.94,3.962,323835.4
2026-03-17 14:00:00+00:00,3.962,3.986,3.952,3.973,233035.3
2026-03-17 15:00:00+00:00,3.973,3.999,3.943,3.968,176094.3
2026-03-17 16:00:00+00:00,3.968,4.01,3.967,3.993,138940.7
2026-03-17 17:00:00+00:00,3.993,4.009,3.985,4.001,64251.6
2026-03-17 18:00:00+00:00,4.001,4.013,3.988,4.005,145282.9
2026-03-17 19:00:00+00:00,4.005,4.008,3.97,3.974,209306.0
2026-03-17 20:00:00+00:00,3.974,4.004,3.964,3.996,136699.5
2026-03-17 21:00:00+00:00,3.996,4.016,3.991,4.001,58881.8
2026-03-17 22:00:00+00:00,4.001,4.006,3.948,3.972,85150.2
2026-03-17 23:00:00+00:00,3.972,3.973,3.947,3.953,133860.6
2026-03-18 00:00:00+00:00,3.953,3.964,3.932,3.961,200462.8
2026-03-18 01:00:00+00:00,3.961,3.987,3.953,3.97,97858.4
2026-03-18 02:00:00+00:00,3.97,3.999,3.967,3.987,133271.2
2026-03-18 03:00:00+00:00,3.987,4.012,3.981,3.989,149046.3
2026-03-18 04:00:00+00:00,3.989,3.994,3.952,3.964,104954.0
2026-03-18 05:00:00+00:00,3.964,3.996,3.947,3.958,200412.5
2026-03-18 06:00:00+00:00,3.958,3.983,3.954,3.955,99112.8
2026-03-18 07:00:00+00:00,3.955,3.955,3.923,3.94,189268.7
2026-03-18 08:00:00+00:00,3.94,3.955,3.939,3.941,132380.8
2026-03-18 09:00:00+00:00,3.941,3.959,3.933,3.938,105189.1
2026-03-18 10:00:00+00:00,3.938,3.938,3.892,3.913,245887.8
2026-03-18 11:00:00+00:00,3.913,3.925,3.842,3.859,565933.2
2026-03-18 12:00:00+00:00,3.859,3.859,3.766,3.787,619494.9
2026-03-18 13:00:00+00:00,3.787,3.798,3.754,3.766,220291.9
2026-03-18 14:00:00+00:00,3.766,3.77,3.673,3.678,626766.5
2026-03-18 15:00:00+00:00,3.678,3.689,3.639,3.67,545079.7
2026-03-18 16:00:00+00:00,3.67,3.671,3.622,3.646,494239.2
2026-03-18 17:00:00+00:00,3.646,3.676,3.642,3.666,166924.3
2026-03-18 18:00:00+00:00,3.666,3.696,3.614,3.625,313988.9
2026-03-18 19:00:00+00:00,3.625,3.658,3.621,3.646,123179.8
2026-03-18 20:00:00+00:00,3.646,3.675,3.614,3.666,212979.2
2026-03-18 21:00:00+00:00,3.666,3.696,3.657,3.687,268728.4
2026-03-18 22:00:00+00:00,3.687,3.687,3.657,3.674,343007.1
2026-03-18 23:00:00+00:00,3.674,3.683,3.661,3.678,84621.6
2026-03-19 00:00:00+00:00,3.678,3.679,3.658,3.662,136584.5
2026-03-19 01:00:00+00:00,3.662,3.673,3.657,3.665,45040.1
2026-03-19 02:00:00+00:00,3.665,3.683,3.649,3.661,76415.2
2026-03-19 03:00:00+00:00,3.661,3.719,3.661,3.68,219786.7
2026-03-19 04:00:00+00:00,3.68,3.682,3.661,3.661,52460.5
2026-03-19 05:00:00+00:00,3.661,3.674,3.653,3.658,85038.2
2026-03-19 06:00:00+00:00,3.658,3.67,3.616,3.647,235861.1
2026-03-19 07:00:00+00:00,3.647,3.649,3.579,3.594,455939.4
2026-03-19 08:00:00+00:00,3.594,3.605,3.575,3.591,112425.3
2026-03-19 09:00:00+00:00,3.591,3.621,3.586,3.614,126405.9
2026-03-19 10:00:00+00:00,3.614,3.622,3.601,3.603,80630.6
2026-03-19 11:00:00+00:00,3.603,3.617,3.597,3.599,43846.1
2026-03-19 12:00:00+00:00,3.599,3.599,3.548,3.549,192718.4
2026-03-19 13:00:00+00:00,3.549,3.581,3.523,3.57,290883.8
2026-03-19 14:00:00+00:00,3.57,3.583,3.521,3.537,157175.2
2026-03-19 15:00:00+00:00,3.537,3.558,3.496,3.527,265112.7
2026-03-19 16:00:00+00:00,3.527,3.541,3.514,3.524,126355.1
2026-03-19 17:00:00+00:00,3.524,3.567,3.517,3.557,104860.4
2026-03-19 18:00:00+00:00,3.557,3.557,3.531,3.545,44558.7
2026-03-19 19:00:00+00:00,3.545,3.586,3.544,3.557,205736.6
2026-03-19 20:00:00+00:00,3.557,3.578,3.548,3.563,45971.1
2026-03-19 21:00:00+00:00,3.563,3.581,3.563,3.575,58065.4
2026-03-19 22:00:00+00:00,3.575,3.579,3.556,3.573,46239.6
2026-03-19 23:00:00+00:00,3.573,3.582,3.563,3.577,63776.7
2026-03-20 00:00:00+00:00,3.577,3.588,3.574,3.582,78018.6
2026-03-20 01:00:00+00:00,3.582,3.609,3.581,3.597,113948.9
2026-03-20 02:00:00+00:00,3.597,3.604,3.575,3.601,56291.7
2026-03-20 03:00:00+00:00,3.601,3.621,3.597,3.605,82855.7
2026-03-20 04:00:00+00:00,3.605,3.617,3.594,3.615,46735.0
2026-03-20 05:00:00+00:00,3.615,3.635,3.604,3.62,90023.2
2026-03-20 06:00:00+00:00,3.62,3.625,3.604,3.606,36632.2
2026-03-20 07:00:00+00:00,3.606,3.619,3.578,3.617,122537.9
2026-03-20 08:00:00+00:00,3.617,3.644,3.606,3.61,112838.5
2026-03-20 09:00:00+00:00,3.61,3.622,3.592,3.613,110370.7
2026-03-20 10:00:00+00:00,3.613,3.619,3.596,3.606,64718.9
2026-03-20 11:00:00+00:00,3.606,3.622,3.582,3.593,84268.5
2026-03-20 12:00:00+00:00,3.593,3.607,3.577,3.584,48085.7
2026-03-20 13:00:00+00:00,3.584,3.596,3.557,3.568,146041.2
2026-03-20 14:00:00+00:00,3.568,3.591,3.556,3.562,125083.1
2026-03-20 15:00:00+00:00,3.562,3.571,3.546,3.559,98063.8
2026-03-20 16:00:00+00:00,3.559,3.564,3.54,3.555,76636.2
2026-03-20 17:00:00+00:00,3.555,3.582,3.547,3.58,81197.2
2026-03-20 18:00:00+00:00,3.58,3.584,3.546,3.561,68427.2
2026-03-20 19:00:00+00:00,3.561,3.585,3.551,3.58,73243.1
2026-03-20 20:00:00+00:00,3.58,3.587,3.557,3.571,66986.7
2026-03-20 21:00:00+00:00,3.571,3.603,3.564,3.59,57180.0
2026-03-20 22:00:00+00:00,3.59,3.621,3.59,3.611,180511.1
2026-03-20 23:00:00+00:00,3.611,3.614,3.591,3.601,62473.5
2026-03-21 00:00:00+00:00,3.601,3.622,3.601,3.616,67720.2
2026-03-21 01:00:00+00:00,3.616,3.625,3.598,3.598,41165.7
2026-03-21 02:00:00+00:00,3.598,3.614,3.596,3.609,26739.3
2026-03-21 03:00:00+00:00,3.609,3.612,3.596,3.6,42039.5
2026-03-21 04:00:00+00:00,3.6,3.606,3.584,3.59,54582.1
2026-03-21 05:00:00+00:00,3.59,3.599,3.587,3.593,68772.5
2026-03-21 06:00:00+00:00,3.593,3.603,3.591,3.598,31140.6
2026-03-21 07:00:00+00:00,3.598,3.604,3.589,3.591,35157.4
2026-03-21 08:00:00+00:00,3.591,3.613,3.585,3.611,144979.9
2026-03-21 09:00:00+00:00,3.611,3.618,3.595,3.6,67806.4
2026-03-21 10:00:00+00:00,3.6,3.602,3.581,3.587,36478.5
2026-03-21 11:00:00+00:00,3.587,3.595,3.586,3.589,14319.2
2026-03-21 12:00:00+00:00,3.589,3.593,3.58,3.583,34868.5
2026-03-21 13:00:00+00:00,3.583,3.584,3.571,3.577,38976.6
2026-03-21 14:00:00+00:00,3.577,3.597,3.567,3.57,44937.0
2026-03-21 15:00:00+00:00,3.57,3.597,3.567,3.593,51897.9
2026-03-21 16:00:00+00:00,3.593,3.594,3.571,3.574,64922.9
2026-03-21 17:00:00+00:00,3.574,3.583,3.568,3.575,21653.5
2026-03-21 18:00:00+00:00,3.575,3.587,3.574,3.576,14963.7
2026-03-21 19:00:00+00:00,3.576,3.577,3.57,3.575,20409.3
2026-03-21 20:00:00+00:00,3.575,3.584,3.571,3.576,49080.1
2026-03-21 21:00:00+00:00,3.576,3.58,3.57,3.573,41458.1
2026-03-21 22:00:00+00:00,3.573,3.575,3.559,3.568,65938.9
2026-03-21 23:00:00+00:00,3.568,3.568,3.455,3.481,586755.0
2026-03-22 00:00:00+00:00,3.481,3.512,3.423,3.497,541735.5
2026-03-22 01:00:00+00:00,3.497,3.508,3.474,3.492,91703.3
2026-03-22 02:00:00+00:00,3.492,3.523,3.486,3.506,52090.4
2026-03-22 03:00:00+00:00,3.506,3.534,3.495,3.504,143628.6
2026-03-22 04:00:00+00:00,3.504,3.524,3.5,3.511,76023.0
2026-03-22 05:00:00+00:00,3.511,3.512,3.492,3.496,84366.9
2026-03-22 06:00:00+00:00,3.496,3.497,3.484,3.496,39225.8
2026-03-22 07:00:00+00:00,3.496,3.502,3.476,3.477,37445.0
2026-03-22 08:00:00+00:00,3.477,3.483,3.457,3.482,85976.0
2026-03-22 09:00:00+00:00,3.482,3.491,3.471,3.476,42405.2
2026-03-22 10:00:00+00:00,3.476,3.476,3.455,3.458,32091.1
2026-03-22 11:00:00+00:00,3.458,3.474,3.452,3.459,56036.5
2026-03-22 12:00:00+00:00,3.459,3.483,3.459,3.473,58570.5
2026-03-22 13:00:00+00:00,3.473,3.489,3.47,3.476,65475.9
2026-03-22 14:00:00+00:00,3.476,3.488,3.462,3.471,108878.1
2026-03-22 15:00:00+00:00,3.471,3.486,3.47,3.479,28032.0
2026-03-22 16:00:00+00:00,3.479,3.487,3.475,3.482,37352.0
2026-03-22 17:00:00+00:00,3.482,3.494,3.476,3.484,48266.1
2026-03-22 18:00:00+00:00,3.484,3.487,3.453,3.47,64442.1
2026-03-22 19:00:00+00:00,3.47,3.47,3.429,3.451,120370.1
2026-03-22 20:00:00+00:00,3.451,3.467,3.444,3.453,59245.2
2026-03-22 21:00:00+00:00,3.453,3.457,3.407,3.449,254350.6
2026-03-22 22:00:00+00:00,3.449,3.475,3.427,3.467,110028.7
2026-03-22 23:00:00+00:00,3.467,3.486,3.465,3.468,67596.2
2026-03-23 00:00:00+00:00,3.468,3.484,3.451,3.47,127222.9
2026-03-23 01:00:00+00:00,3.47,3.492,3.463,3.475,60039.1
2026-03-23 02:00:00+00:00,3.475,3.51,3.475,3.507,77704.7
2026-03-23 03:00:00+00:00,3.507,3.53,3.489,3.492,142470.0
2026-03-23 04:00:00+00:00,3.492,3.524,3.492,3.521,33708.5
2026-03-23 05:00:00+00:00,3.521,3.543,3.516,3.54,140694.1
2026-03-23 06:00:00+00:00,3.54,3.54,3.469,3.477,200189.6
2026-03-23 07:00:00+00:00,3.477,3.486,3.45,3.48,143188.2
2026-03-23 08:00:00+00:00,3.48,3.492,3.461,3.463,80659.6
2026-03-23 09:00:00+00:00,3.463,3.471,3.433,3.47,115822.7
2026-03-23 10:00:00+00:00,3.47,3.49,3.461,3.48,62842.8
2026-03-23 11:00:00+00:00,3.48,3.679,3.48,3.571,3168223.9
2026-03-23 12:00:00+00:00,3.571,3.601,3.549,3.585,403820.2
2026-03-23 13:00:00+00:00,3.585,3.606,3.558,3.6,367379.4
2026-03-23 14:00:00+00:00,3.6,3.625,3.558,3.589,337204.7
2026-03-23 15:00:00+00:00,3.589,3.611,3.519,3.525,534624.7
2026-03-23 16:00:00+00:00,3.525,3.551,3.51,3.549,200958.0
2026-03-23 17:00:00+00:00,3.549,3.584,3.534,3.569,151038.5
2026-03-23 18:00:00+00:00,3.569,3.583,3.551,3.581,111699.8
2026-03-23 19:00:00+00:00,3.581,3.604,3.57,3.571,205389.6
2026-03-23 20:00:00+00:00,3.571,3.598,3.56,3.591,111191.2
2026-03-23 21:00:00+00:00,3.591,3.599,3.586,3.588,51116.4
2026-03-23 22:00:00+00:00,3.588,3.592,3.561,3.577,72795.7
2026-03-23 23:00:00+00:00,3.577,3.59,3.564,3.583,42948.9
2026-03-24 00:00:00+00:00,3.583,3.591,3.541,3.566,199067.7
2026-03-24 01:00:00+00:00,3.566,3.573,3.547,3.562,82425.7
2026-03-24 02:00:00+00:00,3.562,3.583,3.558,3.566,53520.8
2026-03-24 03:00:00+00:00,3.566,3.588,3.565,3.583,28129.9
2026-03-24 04:00:00+00:00,3.583,3.593,3.55,3.559,51876.3
2026-03-24 05:00:00+00:00,3.559,3.565,3.545,3.553,86211.9
2026-03-24 06:00:00+00:00,3.553,3.573,3.552,3.572,49440.0
2026-03-24 07:00:00+00:00,3.572,3.6,3.57,3.594,225415.5
2026-03-24 08:00:00+00:00,3.594,3.599,3.573,3.579,116027.5
2026-03-24 09:00:00+00:00,3.579,3.583,3.561,3.583,78311.3
2026-03-24 10:00:00+00:00,3.583,3.592,3.57,3.589,94409.1
2026-03-24 11:00:00+00:00,3.589,3.602,3.573,3.591,148734.8
2026-03-24 12:00:00+00:00,3.591,3.595,3.577,3.59,65559.6
2026-03-24 13:00:00+00:00,3.59,3.595,3.557,3.566,149362.9
2026-03-24 14:00:00+00:00,3.566,3.581,3.536,3.57,236431.8
2026-03-24 15:00:00+00:00,3.57,3.584,3.557,3.567,141977.9
2026-03-24 16:00:00+00:00,3.567,3.582,3.55,3.552,90482.8
2026-03-24 17:00:00+00:00,3.552,3.555,3.525,3.537,173474.7
2026-03-24 18:00:00+00:00,3.537,3.562,3.535,3.542,102616.2
2026-03-24 19:00:00+00:00,3.542,3.555,3.537,3.542,50162.2
2026-03-24 20:00:00+00:00,3.542,3.612,3.541,3.593,168057.8
2026-03-24 21:00:00+00:00,3.593,3.598,3.577,3.595,98783.4
2026-03-24 22:00:00+00:00,3.595,3.607,3.582,3.594,79512.3
2026-03-24 23:00:00+00:00,3.594,3.621,3.591,3.606,112384.8
2026-03-25 00:00:00+00:00,3.606,3.62,3.581,3.605,162946.3
2026-03-25 01:00:00+00:00,3.605,3.612,3.597,3.598,61006.8
2026-03-25 02:00:00+00:00,3.598,3.611,3.594,3.6,46573.5
2026-03-25 03:00:00+00:00,3.6,3.608,3.589,3.599,46875.3
2026-03-25 04:00:00+00:00,3.599,3.627,3.593,3.623,64823.9
2026-03-25 05:00:00+00:00,3.623,3.643,3.614,3.63,190555.4
2026-03-25 06:00:00+00:00,3.63,3.652,3.621,3.64,118143.4
2026-03-25 07:00:00+00:00,3.64,3.661,3.631,3.641,209436.8
2026-03-25 08:00:00+00:00,3.641,3.709,3.641,3.688,423338.9
2026-03-25 09:00:00+00:00,3.688,3.693,3.669,3.687,110401.8
2026-03-25 10:00:00+00:00,3.687,3.73,3.683,3.711,175840.7
2026-03-25 11:00:00+00:00,3.711,3.712,3.685,3.699,273639.2
2026-03-25 12:00:00+00:00,3.699,3.74,3.678,3.733,333812.1
2026-03-25 13:00:00+00:00,3.733,3.757,3.721,3.734,257752.8
2026-03-25 14:00:00+00:00,3.734,3.75,3.713,3.735,257993.2
2026-03-25 15:00:00+00:00,3.735,3.745,3.67,3.697,285796.8
2026-03-25 16:00:00+00:00,3.697,3.73,3.675,3.703,256453.6
2026-03-25 17:00:00+00:00,3.703,3.742,3.689,3.702,578211.8
2026-03-25 18:00:00+00:00,3.702,3.712,3.687,3.693,127410.4
2026-03-25 19:00:00+00:00,3.693,3.709,3.689,3.703,87199.3
2026-03-25 20:00:00+00:00,3.703,3.704,3.68,3.689,75117.9
2026-03-25 21:00:00+00:00,3.689,3.697,3.672,3.693,110299.7
2026-03-25 22:00:00+00:00,3.693,3.732,3.688,3.72,97727.9
2026-03-25 23:00:00+00:00,3.72,3.722,3.692,3.705,61599.9
2026-03-26 00:00:00+00:00,3.705,3.708,3.68,3.693,82710.6
2026-03-26 01:00:00+00:00,3.693,3.715,3.692,3.698,67219.1
2026-03-26 02:00:00+00:00,3.698,3.699,3.659,3.681,93452.0
2026-03-26 03:00:00+00:00,3.681,3.681,3.651,3.667,107919.5
2026-03-26 04:00:00+00:00,3.667,3.667,3.653,3.658,56166.8
2026-03-26 05:00:00+00:00,3.658,3.662,3.603,3.614,253309.5
2026-03-26 06:00:00+00:00,3.614,3.624,3.59,3.608,137380.1
2026-03-26 07:00:00+00:00,3.608,3.614,3.594,3.606,50366.0
2026-03-26 08:00:00+00:00,3.606,3.609,3.582,3.593,151409.5
2026-03-26 09:00:00+00:00,3.593,3.608,3.539,3.557,289486.5
2026-03-26 10:00:00+00:00,3.557,3.567,3.543,3.549,169154.2
2026-03-26 11:00:00+00:00,3.549,3.553,3.523,3.526,140056.0
2026-03-26 12:00:00+00:00,3.526,3.539,3.515,3.53,111168.7
2026-03-26 13:00:00+00:00,3.53,3.567,3.525,3.549,175843.1
2026-03-26 14:00:00+00:00,3.549,3.559,3.521,3.531,117019.3
2026-03-26 15:00:00+00:00,3.531,3.531,3.494,3.512,197104.0
2026-03-26 16:00:00+00:00,3.512,3.524,3.508,3.517,77734.5
2026-03-26 17:00:00+00:00,3.517,3.527,3.485,3.498,81862.1
2026-03-26 18:00:00+00:00,3.498,3.505,3.48,3.504,131315.4
2026-03-26 19:00:00+00:00,3.504,3.507,3.485,3.493,49505.0
2026-03-26 20:00:00+00:00,3.493,3.557,3.487,3.523,401858.3
2026-03-26 21:00:00+00:00,3.523,3.549,3.519,3.53,56629.0
2026-03-26 22:00:00+00:00,3.53,3.532,3.505,3.525,80401.4
2026-03-26 23:00:00+00:00,3.525,3.53,3.513,3.523,57529.7
2026-03-27 00:00:00+00:00,3.523,3.533,3.516,3.533,85018.5
2026-03-27 01:00:00+00:00,3.533,3.546,3.52,3.545,36788.0
2026-03-27 02:00:00+00:00,3.545,3.552,3.54,3.541,29034.5
2026-03-27 03:00:00+00:00,3.541,3.546,3.528,3.531,35563.0
2026-03-27 04:00:00+00:00,3.531,3.533,3.502,3.515,87333.9
2026-03-27 05:00:00+00:00,3.515,3.533,3.51,3.515,36761.7
2026-03-27 06:00:00+00:00,3.515,3.519,3.506,3.507,63167.3
2026-03-27 07:00:00+00:00,3.507,3.52,3.498,3.512,103604.2
2026-03-27 08:00:00+00:00,3.512,3.516,3.458,3.484,166812.2
2026-03-27 09:00:00+00:00,3.484,3.488,3.455,3.473,83920.7
2026-03-27 10:00:00+00:00,3.473,3.473,3.373,3.377,522669.0
2026-03-27 11:00:00+00:00,3.377,3.409,3.362,3.403,162404.3
2026-03-27 12:00:00+00:00,3.403,3.403,3.375,3.397,110731.1
2026-03-27 13:00:00+00:00,3.397,3.416,3.376,3.395,167749.3
2026-03-27 14:00:00+00:00,3.395,3.411,3.365,3.393,159362.2
2026-03-27 15:00:00+00:00,3.393,3.444,3.392,3.404,304933.7
2026-03-27 16:00:00+00:00,3.404,3.422,3.395,3.407,84385.8
2026-03-27 17:00:00+00:00,3.407,3.424,3.392,3.395,67141.5
2026-03-27 18:00:00+00:00,3.395,3.398,3.371,3.38,107599.3
2026-03-27 19:00:00+00:00,3.38,3.398,3.369,3.392,62542.2
2026-03-27 20:00:00+00:00,3.392,3.397,3.371,3.381,80687.8
2026-03-27 21:00:00+00:00,3.381,3.393,3.377,3.377,25520.0
2026-03-27 22:00:00+00:00,3.377,3.38,3.369,3.373,20014.2
2026-03-27 23:00:00+00:00,3.373,3.388,3.367,3.384,69559.1
2026-03-28 00:00:00+00:00,3.384,3.39,3.38,3.385,34324.3
2026-03-28 01:00:00+00:00,3.385,3.386,3.351,3.371,90276.4
2026-03-28 02:00:00+00:00,3.371,3.384,3.354,3.359,46356.0
2026-03-28 03:00:00+00:00,3.359,3.371,3.359,3.361,30615.1
2026-03-28 04:00:00+00:00,3.361,3.369,3.357,3.363,22759.8
2026-03-28 05:00:00+00:00,3.363,3.38,3.362,3.378,35848.5
2026-03-28 06:00:00+00:00,3.378,3.395,3.376,3.386,38921.4
2026-03-28 07:00:00+00:00,3.386,3.403,3.386,3.394,56285.7
2026-03-28 08:00:00+00:00,3.394,3.402,3.378,3.379,33731.6
2026-03-28 09:00:00+00:00,3.379,3.382,3.373,3.378,22946.8
2026-03-28 10:00:00+00:00,3.378,3.393,3.366,3.378,34241.3
2026-03-28 11:00:00+00:00,3.378,3.389,3.374,3.386,28029.9
2026-03-28 12:00:00+00:00,3.386,3.394,3.367,3.369,35455.3
2026-03-28 13:00:00+00:00,3.369,3.428,3.366,3.407,193901.3
2026-03-28 14:00:00+00:00,3.407,3.412,3.389,3.398,106451.8
2026-03-28 15:00:00+00:00,3.398,3.429,3.393,3.414,129687.9
2026-03-28 16:00:00+00:00,3.414,3.428,3.414,3.422,70355.1
2026-03-28 17:00:00+00:00,3.422,3.428,3.407,3.425,61849.5
2026-03-28 18:00:00+00:00,3.425,3.438,3.423,3.431,51862.7
2026-03-28 19:00:00+00:00,3.431,3.437,3.426,3.436,18724.4
2026-03-28 20:00:00+00:00,3.436,3.449,3.429,3.431,84905.3
2026-03-28 21:00:00+00:00,3.431,3.431,3.406,3.412,49500.4
2026-03-28 22:00:00+00:00,3.412,3.42,3.405,3.42,33978.4
2026-03-28 23:00:00+00:00,3.42,3.42,3.363,3.38,267225.2
2026-03-29 00:00:00+00:00,3.38,3.389,3.363,3.374,113814.3
2026-03-29 01:00:00+00:00,3.374,3.389,3.374,3.383,62237.6
2026-03-29 02:00:00+00:00,3.383,3.396,3.38,3.392,24269.0
2026-03-29 03:00:00+00:00,3.392,3.414,3.391,3.406,69764.8
2026-03-29 04:00:00+00:00,3.406,3.407,3.39,3.393,52717.1
2026-03-29 05:00:00+00:00,3.393,3.396,3.379,3.391,47407.7
2026-03-29 06:00:00+00:00,3.391,3.4,3.387,3.398,29179.8
2026-03-29 07:00:00+00:00,3.398,3.401,3.386,3.392,85811.0
2026-03-29 08:00:00+00:00,3.392,3.397,3.383,3.391,36572.8
2026-03-29 09:00:00+00:00,3.391,3.397,3.375,3.378,106669.4
2026-03-29 10:00:00+00:00,3.378,3.378,3.353,3.365,97572.6
2026-03-29 11:00:00+00:00,3.365,3.385,3.363,3.378,56924.1
2026-03-29 12:00:00+00:00,3.378,3.378,3.359,3.371,26050.0
2026-03-29 13:00:00+00:00,3.371,3.374,3.336,3.35,172148.7
2026-03-29 14:00:00+00:00,3.35,3.376,3.347,3.359,122257.9
2026-03-29 15:00:00+00:00,3.359,3.368,3.348,3.355,68285.4
2026-03-29 16:00:00+00:00,3.355,3.371,3.353,3.359,39016.6
2026-03-29 17:00:00+00:00,3.359,3.365,3.34,3.354,51923.4
2026-03-29 18:00:00+00:00,3.354,3.367,3.345,3.356,43204.9
2026-03-29 19:00:00+00:00,3.356,3.364,3.351,3.353,32139.9
2026-03-29 20:00:00+00:00,3.353,3.41,3.351,3.402,238810.1
2026-03-29 21:00:00+00:00,3.402,3.427,3.36,3.391,390823.8
2026-03-29 22:00:00+00:00,3.391,3.392,3.244,3.338,734374.7
2026-03-29 23:00:00+00:00,3.338,3.369,3.334,3.352,235526.6
2026-03-30 00:00:00+00:00,3.352,3.424,3.351,3.379,372203.5
2026-03-30 01:00:00+00:00,3.379,3.405,3.378,3.396,141853.7
2026-03-30 02:00:00+00:00,3.396,3.449,3.394,3.424,214921.9
2026-03-30 03:00:00+00:00,3.424,3.458,3.419,3.448,81534.0
2026-03-30 04:00:00+00:00,3.448,3.485,3.448,3.478,100572.2
2026-03-30 05:00:00+00:00,3.478,3.498,3.469,3.475,148226.3
2026-03-30 06:00:00+00:00,3.475,3.485,3.459,3.463,93853.3
2026-03-30 07:00:00+00:00,3.463,3.535,3.46,3.534,210628.0
2026-03-30 08:00:00+00:00,3.534,3.576,3.526,3.549,326764.3
2026-03-30 09:00:00+00:00,3.549,3.55,3.506,3.509,218411.5
2026-03-30 10:00:00+00:00,3.509,3.517,3.497,3.509,94448.1
2026-03-30 11:00:00+00:00,3.509,3.546,3.505,3.525,311324.7
2026-03-30 12:00:00+00:00,3.525,3.536,3.516,3.528,64161.3
2026-03-30 13:00:00+00:00,3.528,3.567,3.525,3.536,809243.7
2026-03-30 14:00:00+00:00,3.536,3.541,3.495,3.535,232913.8
2026-03-30 15:00:00+00:00,3.535,3.546,3.518,3.524,100547.9
2026-03-30 16:00:00+00:00,3.524,3.541,3.502,3.518,142620.0
2026-03-30 17:00:00+00:00,3.518,3.523,3.472,3.491,121488.9
2026-03-30 18:00:00+00:00,3.491,3.493,3.466,3.475,111632.1
2026-03-30 19:00:00+00:00,3.475,3.475,3.448,3.472,104002.0
2026-03-30 20:00:00+00:00,3.472,3.479,3.461,3.469,55578.7
2026-03-30 21:00:00+00:00,3.469,3.511,3.467,3.488,88941.1
2026-03-30 22:00:00+00:00,3.488,3.498,3.478,3.489,48002.2
2026-03-30 23:00:00+00:00,3.489,3.489,3.457,3.477,57435.3
2026-03-31 00:00:00+00:00,3.477,3.503,3.46,3.49,142052.5
2026-03-31 01:00:00+00:00,3.49,3.569,3.486,3.55,291885.1
2026-03-31 02:00:00+00:00,3.55,3.566,3.544,3.56,80100.4
2026-03-31 03:00:00+00:00,3.56,3.56,3.522,3.532,109390.4
2026-03-31 04:00:00+00:00,3.532,3.537,3.51,3.514,87847.0
2026-03-31 05:00:00+00:00,3.514,3.524,3.502,3.519,89435.1
2026-03-31 06:00:00+00:00,3.519,3.521,3.498,3.516,53806.7
2026-03-31 07:00:00+00:00,3.516,3.519,3.492,3.509,55748.9
2026-03-31 08:00:00+00:00,3.509,3.511,3.465,3.479,100426.1
2026-03-31 09:00:00+00:00,3.479,3.493,3.451,3.462,160812.7
2026-03-31 10:00:00+00:00,3.462,3.477,3.447,3.455,124296.6
2026-03-31 11:00:00+00:00,3.455,3.492,3.449,3.482,232864.1
2026-03-31 12:00:00+00:00,3.482,3.493,3.471,3.482,136009.1
2026-03-31 13:00:00+00:00,3.482,3.529,3.482,3.517,166445.2
2026-03-31 14:00:00+00:00,3.517,3.552,3.479,3.494,278120.5
2026-03-31 15:00:00+00:00,3.494,3.554,3.494,3.511,166520.2
2026-03-31 16:00:00+00:00,3.511,3.559,3.493,3.542,336198.7
2026-03-31 17:00:00+00:00,3.542,3.59,3.526,3.542,356335.7
2026-03-31 18:00:00+00:00,3.542,3.568,3.542,3.55,49433.9
2026-03-31 19:00:00+00:00,3.55,3.555,3.525,3.533,111474.2
2026-03-31 20:00:00+00:00,3.533,3.563,3.531,3.557,54352.4
2026-03-31 21:00:00+00:00,3.557,3.561,3.537,3.541,78834.3
2026-03-31 22:00:00+00:00,3.541,3.546,3.519,3.529,48368.3
2026-03-31 23:00:00+00:00,3.529,3.548,3.525,3.541,70007.2
2026-04-01 00:00:00+00:00,3.541,3.565,3.532,3.562,117726.4
2026-04-01 01:00:00+00:00,3.562,3.565,3.534,3.543,85506.1
2026-04-01 02:00:00+00:00,3.543,3.55,3.532,3.546,61729.6
2026-04-01 03:00:00+00:00,3.546,3.579,3.546,3.565,61202.9
2026-04-01 04:00:00+00:00,3.565,3.59,3.557,3.581,85671.2
2026-04-01 05:00:00+00:00,3.581,3.605,3.565,3.597,160639.8
2026-04-01 06:00:00+00:00,3.597,3.649,3.59,3.646,207710.0
2026-04-01 07:00:00+00:00,3.646,3.669,3.617,3.624,171530.4
2026-04-01 08:00:00+00:00,3.624,3.632,3.597,3.602,126491.7
2026-04-01 09:00:00+00:00,3.602,3.604,3.576,3.588,70857.7
2026-04-01 10:00:00+00:00,3.588,3.602,3.582,3.593,78081.0
2026-04-01 11:00:00+00:00,3.593,3.604,3.585,3.599,39590.0
2026-04-01 12:00:00+00:00,3.599,3.632,3.591,3.602,225391.6
2026-04-01 13:00:00+00:00,3.602,3.609,3.571,3.598,302929.4
2026-04-01 14:00:00+00:00,3.598,3.622,3.588,3.613,138564.3
2026-04-01 15:00:00+00:00,3.613,3.624,3.597,3.622,66681.6
2026-04-01 16:00:00+00:00,3.622,3.649,3.601,3.639,151425.8
2026-04-01 17:00:00+00:00,3.639,3.665,3.624,3.629,133657.3
2026-04-01 18:00:00+00:00,3.629,3.633,3.595,3.598,83724.8
2026-04-01 19:00:00+00:00,3.598,3.618,3.598,3.612,51443.6
2026-04-01 20:00:00+00:00,3.612,3.623,3.592,3.611,102595.9
2026-04-01 21:00:00+00:00,3.611,3.637,3.611,3.625,52115.7
2026-04-01 22:00:00+00:00,3.625,3.626,3.558,3.573,355241.8
2026-04-01 23:00:00+00:00,3.573,3.577,3.559,3.564,35149.8
2026-04-02 00:00:00+00:00,3.564,3.595,3.558,3.586,90589.1
2026-04-02 01:00:00+00:00,3.586,3.587,3.477,3.501,594959.6
2026-04-02 02:00:00+00:00,3.501,3.505,3.45,3.464,181924.2
2026-04-02 03:00:00+00:00,3.464,3.467,3.419,3.44,203996.0
2026-04-02 04:00:00+00:00,3.44,3.441,3.264,3.288,2068101.6
2026-04-02 05:00:00+00:00,3.288,3.316,3.272,3.311,620164.5
2026-04-02 06:00:00+00:00,3.311,3.344,3.303,3.339,371983.4
2026-04-02 07:00:00+00:00,3.339,3.345,3.326,3.334,190390.1
2026-04-02 08:00:00+00:00,3.334,3.343,3.315,3.323,186899.0
2026-04-02 09:00:00+00:00,3.323,3.334,3.315,3.331,159701.1
2026-04-02 10:00:00+00:00,3.331,3.342,3.319,3.333,91299.3
2026-04-02 11:00:00+00:00,3.333,3.35,3.327,3.337,136582.6
2026-04-02 12:00:00+00:00,3.337,3.339,3.319,3.32,113207.3
2026-04-02 13:00:00+00:00,3.32,3.322,3.088,3.131,4244905.4
2026-04-02 14:00:00+00:00,3.131,3.191,3.1,3.186,1158122.4
2026-04-02 15:00:00+00:00,3.186,3.195,3.15,3.178,397958.9
2026-04-02 16:00:00+00:00,3.178,3.212,3.168,3.197,349885.8
2026-04-02 17:00:00+00:00,3.197,3.199,3.121,3.127,347023.7
2026-04-02 18:00:00+00:00,3.127,3.141,3.124,3.13,215200.3
2026-04-02 19:00:00+00:00,3.13,3.141,3.112,3.128,204646.0
2026-04-02 20:00:00+00:00,3.128,3.142,3.11,3.132,258287.4
2026-04-02 21:00:00+00:00,3.132,3.136,3.112,3.129,124453.4
2026-04-02 22:00:00+00:00,3.129,3.172,3.123,3.165,147817.1
2026-04-02 23:00:00+00:00,3.165,3.174,3.155,3.171,140788.4
2026-04-03 00:00:00+00:00,3.171,3.184,3.154,3.172,196797.3
2026-04-03 01:00:00+00:00,3.172,3.184,3.165,3.179,108042.4
2026-04-03 02:00:00+00:00,3.179,3.209,3.175,3.194,157075.8
2026-04-03 03:00:00+00:00,3.194,3.199,3.173,3.182,146119.8
2026-04-03 04:00:00+00:00,3.182,3.192,3.169,3.189,129117.8
2026-04-03 05:00:00+00:00,3.189,3.245,3.188,3.227,198023.3
2026-04-03 06:00:00+00:00,3.227,3.249,3.215,3.243,123292.2
2026-04-03 07:00:00+00:00,3.243,3.253,3.227,3.233,104970.3
2026-04-03 08:00:00+00:00,3.233,3.252,3.223,3.225,155943.0
2026-04-03 09:00:00+00:00,3.225,3.229,3.208,3.217,98330.1
2026-04-03 10:00:00+00:00,3.217,3.218,3.191,3.203,100415.0
2026-04-03 11:00:00+00:00,3.203,3.221,3.202,3.215,80213.4
2026-04-03 12:00:00+00:00,3.215,3.234,3.193,3.2,221985.9
2026-04-03 13:00:00+00:00,3.2,3.204,3.179,3.194,176459.9
2026-04-03 14:00:00+00:00,3.194,3.212,3.19,3.204,133482.7
2026-04-03 15:00:00+00:00,3.204,3.208,3.155,3.166,162768.1
2026-04-03 16:00:00+00:00,3.166,3.192,3.161,3.186,221348.1
2026-04-03 17:00:00+00:00,3.186,3.188,3.155,3.162,43743.9
2026-04-03 18:00:00+00:00,3.162,3.167,3.151,3.158,62512.0
2026-04-03 19:00:00+00:00,3.158,3.162,3.152,3.156,62831.4
2026-04-03 20:00:00+00:00,3.156,3.176,3.156,3.171,43720.3
2026-04-03 21:00:00+00:00,3.171,3.181,3.161,3.17,97020.9
2026-04-03 22:00:00+00:00,3.17,3.173,3.156,3.159,38194.7
2026-04-03 23:00:00+00:00,3.159,3.17,3.14,3.167,135303.6
2026-04-04 00:00:00+00:00,3.167,3.177,3.161,3.163,159230.8
2026-04-04 01:00:00+00:00,3.163,3.173,3.155,3.164,68977.5
2026-04-04 02:00:00+00:00,3.164,3.174,3.148,3.157,108061.8
2026-04-04 03:00:00+00:00,3.157,3.167,3.151,3.162,86161.4
2026-04-04 04:00:00+00:00,3.162,3.164,3.148,3.153,34822.4
2026-04-04 05:00:00+00:00,3.153,3.157,3.148,3.151,32759.3
2026-04-04 06:00:00+00:00,3.151,3.166,3.149,3.16,68354.1
2026-04-04 07:00:00+00:00,3.16,3.163,3.144,3.149,60387.0
2026-04-04 08:00:00+00:00,3.149,3.153,3.109,3.13,199688.3
2026-04-04 09:00:00+00:00,3.13,3.133,3.117,3.118,100041.4
2026-04-04 10:00:00+00:00,3.118,3.135,3.094,3.129,391623.4
2026-04-04 11:00:00+00:00,3.129,3.133,3.117,3.126,45401.7
2026-04-04 12:00:00+00:00,3.126,3.135,3.121,3.128,47792.3
2026-04-04 13:00:00+00:00,3.128,3.149,3.127,3.133,134871.3
2026-04-04 14:00:00+00:00,3.133,3.146,3.118,3.139,126783.4
2026-04-04 15:00:00+00:00,3.139,3.147,3.103,3.124,323165.9
2026-04-04 16:00:00+00:00,3.124,3.148,3.123,3.126,147770.3
2026-04-04 17:00:00+00:00,3.126,3.143,3.117,3.133,88975.2
2026-04-04 18:00:00+00:00,3.133,3.134,3.12,3.121,41544.9
2026-04-04 19:00:00+00:00,3.121,3.156,3.119,3.128,132184.3
2026-04-04 20:00:00+00:00,3.128,3.131,3.121,3.121,23524.2
2026-04-04 21:00:00+00:00,3.121,3.148,3.115,3.139,99140.6
2026-04-04 22:00:00+00:00,3.139,3.141,3.126,3.129,78842.0
2026-04-04 23:00:00+00:00,3.129,3.131,3.118,3.123,42080.9
2026-04-05 00:00:00+00:00,3.123,3.126,3.11,3.114,110689.7
2026-04-05 01:00:00+00:00,3.114,3.12,3.105,3.106,57612.1
2026-04-05 02:00:00+00:00,3.106,3.116,3.093,3.115,98660.6
2026-04-05 03:00:00+00:00,3.115,3.115,3.103,3.11,20791.2
2026-04-05 04:00:00+00:00,3.11,3.11,3.091,3.096,85084.9
2026-04-05 05:00:00+00:00,3.096,3.105,3.052,3.085,344123.0
2026-04-05 06:00:00+00:00,3.085,3.089,3.055,3.079,282750.0
2026-04-05 07:00:00+00:00,3.079,3.089,3.07,3.076,54310.7
2026-04-05 08:00:00+00:00,3.076,3.082,3.059,3.069,144135.0
2026-04-05 09:00:00+00:00,3.069,3.083,3.069,3.077,75366.3
2026-04-05 10:00:00+00:00,3.077,3.082,3.066,3.068,71596.0
2026-04-05 11:00:00+00:00,3.068,3.08,3.063,3.078,37194.6
2026-04-05 12:00:00+00:00,3.078,3.08,3.054,3.07,135496.9
2026-04-05 13:00:00+00:00,3.07,3.082,3.063,3.08,80037.4
2026-04-05 14:00:00+00:00,3.08,3.098,3.075,3.079,139213.5
2026-04-05 15:00:00+00:00,3.079,3.128,3.067,3.095,285160.3
2026-04-05 16:00:00+00:00,3.095,3.11,3.077,3.08,83505.5
2026-04-05 17:00:00+00:00,3.08,3.096,3.075,3.09,50763.3
2026-04-05 18:00:00+00:00,3.09,3.093,3.079,3.084,58865.8
2026-04-05 19:00:00+00:00,3.084,3.095,3.081,3.095,48268.2
2026-04-05 20:00:00+00:00,3.095,3.105,3.089,3.09,111262.5
2026-04-05 21:00:00+00:00,3.09,3.099,3.074,3.087,74840.9
2026-04-05 22:00:00+00:00,3.087,3.124,3.077,3.121,261735.9
2026-04-05 23:00:00+00:00,3.121,3.158,3.114,3.145,393274.3
2026-04-06 00:00:00+00:00,3.145,3.178,3.145,3.162,246258.9
2026-04-06 01:00:00+00:00,3.162,3.164,3.14,3.147,74298.7
2026-04-06 02:00:00+00:00,3.147,3.194,3.147,3.168,154257.5
2026-04-06 03:00:00+00:00,3.168,3.179,3.156,3.161,76424.2
2026-04-06 04:00:00+00:00,3.161,3.169,3.148,3.158,93339.1
2026-04-06 05:00:00+00:00,3.158,3.167,3.156,3.164,58804.3
2026-04-06 06:00:00+00:00,3.164,3.168,3.138,3.148,140544.1
2026-04-06 07:00:00+00:00,3.148,3.16,3.135,3.152,92607.9
2026-04-06 08:00:00+00:00,3.152,3.173,3.152,3.16,69833.5
2026-04-06 09:00:00+00:00,3.16,3.206,3.159,3.193,263395.4
2026-04-06 10:00:00+00:00,3.193,3.208,3.188,3.196,156615.7
2026-04-06 11:00:00+00:00,3.196,3.201,3.19,3.197,62568.4
2026-04-06 12:00:00+00:00,3.197,3.205,3.183,3.184,114657.7
2026-04-06 13:00:00+00:00,3.184,3.188,3.165,3.172,146415.7
2026-04-06 14:00:00+00:00,3.172,3.189,3.155,3.177,264028.2
2026-04-06 15:00:00+00:00,3.177,3.193,3.169,3.187,130593.9
2026-04-06 16:00:00+00:00,3.187,3.189,3.15,3.156,113498.0
2026-04-06 17:00:00+00:00,3.156,3.168,3.141,3.161,86942.0
2026-04-06 18:00:00+00:00,3.161,3.173,3.158,3.164,45530.1
2026-04-06 19:00:00+00:00,3.164,3.164,3.141,3.149,102781.2
2026-04-06 20:00:00+00:00,3.149,3.159,3.148,3.151,37299.7
2026-04-06 21:00:00+00:00,3.151,3.151,3.128,3.134,78386.4
2026-04-06 22:00:00+00:00,3.134,3.134,3.094,3.094,140648.0
2026-04-06 23:00:00+00:00,3.094,3.1,3.068,3.093,195875.6
2026-04-07 00:00:00+00:00,3.093,3.107,3.084,3.086,162290.2
2026-04-07 01:00:00+00:00,3.086,3.096,3.065,3.07,106527.1
2026-04-07 02:00:00+00:00,3.07,3.076,3.046,3.07,209351.1
2026-04-07 03:00:00+00:00,3.07,3.083,3.066,3.077,55587.2
2026-04-07 04:00:00+00:00,3.077,3.094,3.072,3.086,56368.2
2026-04-07 05:00:00+00:00,3.086,3.086,3.059,3.066,77947.5
2026-04-07 06:00:00+00:00,3.066,3.071,3.05,3.07,208325.5
2026-04-07 07:00:00+00:00,3.07,3.077,3.067,3.071,60191.1
2026-04-07 08:00:00+00:00,3.071,3.088,3.07,3.082,85025.6
2026-04-07 09:00:00+00:00,3.082,3.105,3.082,3.099,109001.0
2026-04-07 10:00:00+00:00,3.099,3.103,3.049,3.054,286616.4
2026-04-07 11:00:00+00:00,3.054,3.056,3.04,3.049,194417.0
2026-04-07 12:00:00+00:00,3.049,3.073,3.021,3.058,579321.4
2026-04-07 13:00:00+00:00,3.058,3.066,3.045,3.053,208688.7
2026-04-07 14:00:00+00:00,3.053,3.061,3.035,3.037,260781.0
2026-04-07 15:00:00+00:00,3.037,3.059,3.024,3.027,366871.7
2026-04-07 16:00:00+00:00,3.027,3.044,3.011,3.035,268279.4
2026-04-07 17:00:00+00:00,3.035,3.085,3.035,3.063,140118.7
2026-04-07 18:00:00+00:00,3.063,3.078,3.055,3.062,139883.8
2026-04-07 19:00:00+00:00,3.062,3.105,3.061,3.103,235622.2
2026-04-07 20:00:00+00:00,3.103,3.125,3.098,3.11,205640.7
2026-04-07 21:00:00+00:00,3.11,3.181,3.109,3.16,340818.9
2026-04-07 22:00:00+00:00,3.16,3.269,3.16,3.265,764667.7
2026-04-07 23:00:00+00:00,3.265,3.319,3.256,3.283,827422.4
2026-04-08 00:00:00+00:00,3.283,3.297,3.211,3.223,305231.2
2026-04-08 01:00:00+00:00,3.223,3.238,3.213,3.23,188710.7
2026-04-08 02:00:00+00:00,3.23,3.248,3.206,3.212,147315.5
2026-04-08 03:00:00+00:00,3.212,3.218,3.203,3.205,132430.3
2026-04-08 04:00:00+00:00,3.205,3.233,3.204,3.224,157204.0
2026-04-08 05:00:00+00:00,3.224,3.237,3.209,3.227,184950.3
2026-04-08 06:00:00+00:00,3.227,3.24,3.221,3.227,94985.9
2026-04-08 07:00:00+00:00,3.227,3.252,3.223,3.247,94089.2
2026-04-08 08:00:00+00:00,3.247,3.257,3.244,3.253,112420.3
2026-04-08 09:00:00+00:00,3.253,3.261,3.238,3.249,127616.4
2026-04-08 10:00:00+00:00,3.249,3.257,3.241,3.248,60853.5
2026-04-08 11:00:00+00:00,3.248,3.255,3.214,3.224,94978.7
2026-04-08 12:00:00+00:00,3.224,3.232,3.212,3.216,95524.7
2026-04-08 13:00:00+00:00,3.216,3.243,3.214,3.219,242533.9
2026-04-08 14:00:00+00:00,3.219,3.227,3.148,3.162,430321.7
2026-04-08 15:00:00+00:00,3.162,3.181,3.154,3.167,91066.1
2026-04-08 16:00:00+00:00,3.167,3.194,3.165,3.189,106688.5
2026-04-08 17:00:00+00:00,3.189,3.196,3.166,3.187,114984.2
2026-04-08 18:00:00+00:00,3.187,3.187,3.143,3.143,116429.8
2026-04-08 19:00:00+00:00,3.143,3.155,3.133,3.154,67174.3
2026-04-08 20:00:00+00:00,3.154,3.163,3.142,3.147,55056.7
2026-04-08 21:00:00+00:00,3.147,3.168,3.14,3.158,64581.8
2026-04-08 22:00:00+00:00,3.158,3.158,3.123,3.126,167715.9
2026-04-08 23:00:00+00:00,3.126,3.132,3.107,3.117,150540.1
2026-04-09 00:00:00+00:00,3.117,3.12,3.096,3.108,157206.4
2026-04-09 01:00:00+00:00,3.108,3.11,3.082,3.103,259458.3
2026-04-09 02:00:00+00:00,3.103,3.112,3.089,3.09,107201.6
2026-04-09 03:00:00+00:00,3.09,3.093,3.045,3.055,235195.5
2026-04-09 04:00:00+00:00,3.055,3.065,3.046,3.061,120366.4
2026-04-09 05:00:00+00:00,3.061,3.098,3.06,3.071,273314.5
2026-04-09 06:00:00+00:00,3.071,3.087,3.071,3.087,96280.7
2026-04-09 07:00:00+00:00,3.087,3.092,3.08,3.083,55884.0
2026-04-09 08:00:00+00:00,3.083,3.096,3.077,3.09,85063.8
2026-04-09 09:00:00+00:00,3.09,3.094,3.074,3.088,164447.7
2026-04-09 10:00:00+00:00,3.088,3.089,3.077,3.077,49947.9
2026-04-09 11:00:00+00:00,3.077,3.079,3.065,3.07,90611.2
2026-04-09 12:00:00+00:00,3.07,3.088,3.066,3.081,76879.6
2026-04-09 13:00:00+00:00,3.081,3.085,3.057,3.072,146859.9
2026-04-09 14:00:00+00:00,3.072,3.098,3.065,3.093,171849.2
2026-04-09 15:00:00+00:00,3.093,3.136,3.081,3.125,481326.6
2026-04-09 16:00:00+00:00,3.125,3.147,3.107,3.122,200287.1
2026-04-09 17:00:00+00:00,3.122,3.15,3.121,3.147,120895.4
2026-04-09 18:00:00+00:00,3.147,3.149,3.117,3.129,134575.6
2026-04-09 19:00:00+00:00,3.129,3.149,3.123,3.14,80919.3
2026-04-09 20:00:00+00:00,3.14,3.151,3.137,3.142,54741.0
2026-04-09 21:00:00+00:00,3.142,3.16,3.137,3.146,240215.3
2026-04-09 22:00:00+00:00,3.146,3.217,3.146,3.15,496479.2
2026-04-09 23:00:00+00:00,3.15,3.152,3.098,3.104,249839.9
2026-04-10 00:00:00+00:00,3.104,3.111,3.09,3.105,196944.3
2026-04-10 01:00:00+00:00,3.105,3.134,3.086,3.106,132868.4
2026-04-10 02:00:00+00:00,3.106,3.126,3.104,3.112,41369.3
2026-04-10 03:00:00+00:00,3.112,3.12,3.096,3.104,46231.5
2026-04-10 04:00:00+00:00,3.104,3.139,3.104,3.134,68487.2
2026-04-10 05:00:00+00:00,3.134,3.151,3.128,3.142,76424.1
2026-04-10 06:00:00+00:00,3.142,3.145,3.1,3.109,196643.2
2026-04-10 07:00:00+00:00,3.109,3.118,3.103,3.11,51630.4
2026-04-10 08:00:00+00:00,3.11,3.116,3.091,3.097,137807.7
2026-04-10 09:00:00+00:00,3.097,3.125,3.097,3.123,70269.0
2026-04-10 10:00:00+00:00,3.123,3.125,3.102,3.109,95924.7
2026-04-10 11:00:00+00:00,3.109,3.129,3.106,3.118,74573.4
2026-04-10 12:00:00+00:00,3.118,3.149,3.116,3.132,241973.5
2026-04-10 13:00:00+00:00,3.132,3.144,3.118,3.138,57993.3
2026-04-10 14:00:00+00:00,3.138,3.18,3.136,3.179,324782.9
2026-04-10 15:00:00+00:00,3.179,3.195,3.145,3.155,388719.3
2026-04-10 16:00:00+00:00,3.155,3.173,3.152,3.161,68054.8
2026-04-10 17:00:00+00:00,3.161,3.163,3.144,3.16,88398.1
2026-04-10 18:00:00+00:00,3.16,3.175,3.151,3.173,65956.9
2026-04-10 19:00:00+00:00,3.173,3.193,3.171,3.191,51580.5
2026-04-10 20:00:00+00:00,3.191,3.193,3.17,3.19,75022.5
2026-04-10 21:00:00+00:00,3.19,3.192,3.169,3.181,49456.5
2026-04-10 22:00:00+00:00,3.181,3.182,3.158,3.164,77039.9
2026-04-10 23:00:00+00:00,3.164,3.165,3.152,3.162,84384.7
2026-04-11 00:00:00+00:00,3.162,3.163,3.147,3.147,105570.1
2026-04-11 01:00:00+00:00,3.147,3.155,3.136,3.147,66060.0
2026-04-11 02:00:00+00:00,3.147,3.159,3.143,3.148,56730.2
2026-04-11 03:00:00+00:00,3.148,3.168,3.145,3.146,51265.4
2026-04-11 04:00:00+00:00,3.146,3.158,3.142,3.146,58137.3
2026-04-11 05:00:00+00:00,3.146,3.148,3.125,3.132,51705.9
2026-04-11 06:00:00+00:00,3.132,3.14,3.12,3.136,77620.1
2026-04-11 07:00:00+00:00,3.136,3.141,3.129,3.137,18675.7
2026-04-11 08:00:00+00:00,3.137,3.148,3.134,3.139,47726.2
2026-04-11 09:00:00+00:00,3.139,3.154,3.133,3.15,88341.6
2026-04-11 10:00:00+00:00,3.15,3.152,3.132,3.136,82555.8
2026-04-11 11:00:00+00:00,3.136,3.141,3.131,3.135,39348.6
2026-04-11 12:00:00+00:00,3.135,3.141,3.127,3.133,52425.0
2026-04-11 13:00:00+00:00,3.133,3.133,3.111,3.122,116378.4
2026-04-11 14:00:00+00:00,3.122,3.135,3.119,3.127,73730.5
2026-04-11 15:00:00+00:00,3.127,3.151,3.126,3.145,118500.9
2026-04-11 16:00:00+00:00,3.145,3.178,3.144,3.165,139525.8
2026-04-11 17:00:00+00:00,3.165,3.169,3.154,3.158,64897.7
2026-04-11 18:00:00+00:00,3.158,3.205,3.148,3.195,166548.6
2026-04-11 19:00:00+00:00,3.195,3.22,3.189,3.207,184210.7
2026-04-11 20:00:00+00:00,3.207,3.209,3.176,3.186,246526.2
2026-04-11 21:00:00+00:00,3.186,3.189,3.175,3.181,54588.0
2026-04-11 22:00:00+00:00,3.181,3.196,3.158,3.169,259958.1
2026-04-11 23:00:00+00:00,3.169,3.169,3.138,3.147,100366.0
2026-04-12 00:00:00+00:00,3.147,3.15,3.138,3.15,69788.1
2026-04-12 01:00:00+00:00,3.15,3.156,3.043,3.063,787061.6
2026-04-12 02:00:00+00:00,3.063,3.078,3.052,3.074,169937.4
2026-04-12 03:00:00+00:00,3.074,3.089,3.063,3.078,213585.0
2026-04-12 04:00:00+00:00,3.078,3.08,3.065,3.073,95315.7
2026-04-12 05:00:00+00:00,3.073,3.078,3.065,3.073,46409.8
2026-04-12 06:00:00+00:00,3.073,3.079,3.062,3.064,71430.7
2026-04-12 07:00:00+00:00,3.064,3.081,3.061,3.073,45121.0
2026-04-12 08:00:00+00:00,3.073,3.076,3.045,3.052,206023.9
2026-04-12 09:00:00+00:00,3.052,3.053,3.045,3.047,45103.3
2026-04-12 10:00:00+00:00,3.047,3.053,3.033,3.039,109483.2
2026-04-12 11:00:00+00:00,3.039,3.049,3.03,3.046,59720.3
2026-04-12 12:00:00+00:00,3.046,3.056,3.034,3.035,89963.6
2026-04-12 13:00:00+00:00,3.035,3.043,3.016,3.026,162403.1
2026-04-12 14:00:00+00:00,3.026,3.037,3.017,3.019,76005.0
2026-04-12 15:00:00+00:00,3.019,3.033,3.012,3.026,79703.3
2026-04-12 16:00:00+00:00,3.026,3.031,3.016,3.031,70763.7
2026-04-12 17:00:00+00:00,3.031,3.052,3.028,3.048,56668.3
2026-04-12 18:00:00+00:00,3.048,3.052,3.042,3.044,49316.0
2026-04-12 19:00:00+00:00,3.044,3.052,3.027,3.032,62891.7
2026-04-12 20:00:00+00:00,3.032,3.057,3.026,3.047,62129.5
2026-04-12 21:00:00+00:00,3.047,3.053,3.033,3.04,60827.9
2026-04-12 22:00:00+00:00,3.04,3.041,3.001,3.026,216264.0
2026-04-12 23:00:00+00:00,3.026,3.026,3.005,3.015,106646.3
2026-04-13 00:00:00+00:00,3.015,3.046,3.01,3.04,123733.9
2026-04-13 01:00:00+00:00,3.04,3.051,3.036,3.049,63313.5
2026-04-13 02:00:00+00:00,3.049,3.052,3.031,3.038,61392.9
2026-04-13 03:00:00+00:00,3.038,3.041,3.032,3.04,45862.2
2026-04-13 04:00:00+00:00,3.04,3.06,3.037,3.047,47084.1
2026-04-13 05:00:00+00:00,3.047,3.057,3.039,3.052,58347.2
2026-04-13 06:00:00+00:00,3.052,3.08,3.052,3.062,87961.0
2026-04-13 07:00:00+00:00,3.062,3.064,3.038,3.048,55628.9
2026-04-13 08:00:00+00:00,3.048,3.049,3.025,3.03,82631.0
2026-04-13 09:00:00+00:00,3.03,3.047,3.023,3.03,111334.8
2026-04-13 10:00:00+00:00,3.03,3.031,3.003,3.015,211523.6
2026-04-13 11:00:00+00:00,3.015,3.023,3.01,3.016,64482.7
2026-04-13 12:00:00+00:00,3.016,3.046,3.008,3.036,93988.1
2026-04-13 13:00:00+00:00,3.036,3.081,3.02,3.076,192548.7
2026-04-13 14:00:00+00:00,3.076,3.097,3.051,3.093,212678.7
2026-04-13 15:00:00+00:00,3.093,3.095,3.062,3.084,144288.8
2026-04-13 16:00:00+00:00,3.084,3.143,3.068,3.113,361922.2
2026-04-13 17:00:00+00:00,3.113,3.123,3.084,3.085,172287.2
2026-04-13 18:00:00+00:00,3.085,3.09,3.07,3.089,101304.5
2026-04-13 19:00:00+00:00,3.089,3.139,3.088,3.134,171272.9
2026-04-13 20:00:00+00:00,3.134,3.136,3.11,3.114,82748.4
2026-04-13 21:00:00+00:00,3.114,3.128,3.107,3.122,62470.9
2026-04-13 22:00:00+00:00,3.122,3.23,3.121,3.21,1069798.7
2026-04-13 23:00:00+00:00,3.21,3.261,3.191,3.234,892872.9
2026-04-14 00:00:00+00:00,3.234,3.249,3.196,3.199,756207.2
2026-04-14 01:00:00+00:00,3.199,3.207,3.183,3.202,158449.1
2026-04-14 02:00:00+00:00,3.202,3.213,3.195,3.198,70426.6
2026-04-14 03:00:00+00:00,3.198,3.205,3.184,3.196,59284.7
2026-04-14 04:00:00+00:00,3.196,3.198,3.175,3.18,115057.5
2026-04-14 05:00:00+00:00,3.18,3.18,3.156,3.165,65894.9
2026-04-14 06:00:00+00:00,3.165,3.18,3.165,3.176,59142.1
2026-04-14 07:00:00+00:00,3.176,3.187,3.166,3.173,65887.4
2026-04-14 08:00:00+00:00,3.173,3.194,3.169,3.183,95236.2
2026-04-14 09:00:00+00:00,3.183,3.197,3.181,3.193,64595.0
2026-04-14 10:00:00+00:00,3.193,3.195,3.176,3.18,53561.8
2026-04-14 11:00:00+00:00,3.18,3.185,3.174,3.175,73560.4
2026-04-14 12:00:00+00:00,3.175,3.178,3.162,3.167,89050.5
2026-04-14 13:00:00+00:00,3.167,3.202,3.164,3.202,215473.3
2026-04-14 14:00:00+00:00,3.202,3.221,3.182,3.184,319798.2
2026-04-14 15:00:00+00:00,3.184,3.191,3.145,3.157,226830.4
2026-04-14 16:00:00+00:00,3.157,3.182,3.125,3.135,254826.6
2026-04-14 17:00:00+00:00,3.135,3.156,3.126,3.148,120600.8
2026-04-14 18:00:00+00:00,3.148,3.155,3.089,3.102,315288.7
2026-04-14 19:00:00+00:00,3.102,3.118,3.089,3.113,151230.2
2026-04-14 20:00:00+00:00,3.113,3.126,3.106,3.11,69380.0
2026-04-14 21:00:00+00:00,3.11,3.128,3.11,3.121,51537.2
2026-04-14 22:00:00+00:00,3.121,3.13,3.105,3.116,112754.8
2026-04-14 23:00:00+00:00,3.116,3.13,3.111,3.128,49577.0
2026-04-15 00:00:00+00:00,3.128,3.146,3.127,3.141,101743.0
2026-04-15 01:00:00+00:00,3.141,3.168,3.138,3.153,63261.0
2026-04-15 02:00:00+00:00,3.153,3.158,3.132,3.144,40539.6
2026-04-15 03:00:00+00:00,3.144,3.152,3.136,3.151,27634.5
2026-04-15 04:00:00+00:00,3.151,3.159,3.141,3.159,115822.9
2026-04-15 05:00:00+00:00,3.159,3.166,3.136,3.141,66857.0
2026-04-15 06:00:00+00:00,3.141,3.141,3.128,3.135,45675.5
2026-04-15 07:00:00+00:00,3.135,3.14,3.116,3.127,69752.2
2026-04-15 08:00:00+00:00,3.127,3.161,3.123,3.151,83421.4
2026-04-15 09:00:00+00:00,3.151,3.156,3.139,3.146,46294.0
2026-04-15 10:00:00+00:00,3.146,3.163,3.134,3.145,64278.8
2026-04-15 11:00:00+00:00,3.145,3.185,3.145,3.175,130330.2
2026-04-15 12:00:00+00:00,3.175,3.189,3.17,3.18,131320.2
2026-04-15 13:00:00+00:00,3.18,3.193,3.17,3.18,151810.8
2026-04-15 14:00:00+00:00,3.18,3.217,3.174,3.213,146620.4
2026-04-15 15:00:00+00:00,3.213,3.214,3.168,3.189,146442.2
2026-04-15 16:00:00+00:00,3.189,3.214,3.186,3.211,176967.6
2026-04-15 17:00:00+00:00,3.211,3.222,3.197,3.208,85165.2
2026-04-15 18:00:00+00:00,3.208,3.218,3.202,3.214,53049.5
2026-04-15 19:00:00+00:00,3.214,3.266,3.211,3.238,250744.8
2026-04-15 20:00:00+00:00,3.238,3.239,3.211,3.224,107797.2
2026-04-15 21:00:00+00:00,3.224,3.236,3.206,3.229,63357.1
2026-04-15 22:00:00+00:00,3.229,3.252,3.224,3.225,130181.6
2026-04-15 23:00:00+00:00,3.225,3.225,3.206,3.221,94672.9
2026-04-16 00:00:00+00:00,3.221,3.226,3.201,3.215,136452.4
2026-04-16 01:00:00+00:00,3.215,3.215,3.194,3.211,52126.3
2026-04-16 02:00:00+00:00,3.211,3.249,3.211,3.227,128757.8
2026-04-16 03:00:00+00:00,3.227,3.24,3.224,3.232,88632.8
2026-04-16 04:00:00+00:00,3.232,3.261,3.228,3.247,112017.9
2026-04-16 05:00:00+00:00,3.247,3.258,3.234,3.246,68808.2
2026-04-16 06:00:00+00:00,3.246,3.264,3.244,3.255,116652.4
2026-04-16 07:00:00+00:00,3.255,3.273,3.252,3.262,112198.5
2026-04-16 08:00:00+00:00,3.262,3.267,3.249,3.262,123075.4
2026-04-16 09:00:00+00:00,3.262,3.277,3.256,3.262,73884.4
2026-04-16 10:00:00+00:00,3.262,3.265,3.243,3.246,145355.9
2026-04-16 11:00:00+00:00,3.246,3.264,3.236,3.255,83434.1
2026-04-16 12:00:00+00:00,3.255,3.298,3.255,3.296,643746.1
2026-04-16 13:00:00+00:00,3.296,3.381,3.263,3.298,1240943.8
2026-04-16 14:00:00+00:00,3.298,3.307,3.236,3.289,639840.2
2026-04-16 15:00:00+00:00,3.289,3.402,3.281,3.401,535770.2
2026-04-16 16:00:00+00:00,3.401,3.413,3.324,3.34,574451.0
2026-04-16 17:00:00+00:00,3.34,3.374,3.326,3.368,177439.3
2026-04-16 18:00:00+00:00,3.368,3.434,3.364,3.433,254609.8
2026-04-16 19:00:00+00:00,3.433,3.466,3.421,3.459,280807.9
2026-04-16 20:00:00+00:00,3.459,3.467,3.416,3.426,127579.6
2026-04-16 21:00:00+00:00,3.426,3.431,3.392,3.41,137342.7
2026-04-16 22:00:00+00:00,3.41,3.426,3.396,3.413,96267.5
2026-04-16 23:00:00+00:00,3.413,3.438,3.402,3.426,91871.5
2026-04-17 00:00:00+00:00,3.426,3.43,3.397,3.419,123427.0
2026-04-17 01:00:00+00:00,3.419,3.43,3.376,3.39,170335.1
2026-04-17 02:00:00+00:00,3.39,3.392,3.358,3.372,87632.0
2026-04-17 03:00:00+00:00,3.372,3.373,3.355,3.355,71790.8
2026-04-17 04:00:00+00:00,3.355,3.361,3.347,3.354,87818.7
2026-04-17 05:00:00+00:00,3.354,3.356,3.322,3.325,102883.9
2026-04-17 06:00:00+00:00,3.325,3.372,3.323,3.365,119712.3
2026-04-17 07:00:00+00:00,3.365,3.4,3.365,3.397,178306.9
2026-04-17 08:00:00+00:00,3.397,3.443,3.39,3.432,277161.3
2026-04-17 09:00:00+00:00,3.432,3.453,3.411,3.442,228536.1
2026-04-17 10:00:00+00:00,3.442,3.454,3.395,3.414,198724.1
2026-04-17 11:00:00+00:00,3.414,3.451,3.414,3.451,91092.7
2026-04-17 12:00:00+00:00,3.451,3.482,3.433,3.472,232637.0
2026-04-17 13:00:00+00:00,3.472,3.53,3.457,3.522,842865.9
2026-04-17 14:00:00+00:00,3.522,3.538,3.497,3.509,265324.7
2026-04-17 15:00:00+00:00,3.509,3.512,3.48,3.505,171407.5
2026-04-17 16:00:00+00:00,3.505,3.577,3.503,3.574,256463.2
2026-04-17 17:00:00+00:00,3.574,3.579,3.511,3.526,303177.7
2026-04-17 18:00:00+00:00,3.526,3.53,3.48,3.501,178468.1
2026-04-17 19:00:00+00:00,3.501,3.516,3.488,3.503,53374.6
2026-04-17 20:00:00+00:00,3.503,3.512,3.468,3.496,57270.6
2026-04-17 21:00:00+00:00,3.496,3.521,3.486,3.497,115446.0
2026-04-17 22:00:00+00:00,3.497,3.516,3.487,3.494,77590.2
2026-04-17 23:00:00+00:00,3.494,3.494,3.447,3.45,144238.5
2026-04-18 00:00:00+00:00,3.45,3.463,3.436,3.452,106477.4
2026-04-18 01:00:00+00:00,3.452,3.468,3.442,3.451,66934.6
2026-04-18 02:00:00+00:00,3.451,3.465,3.436,3.458,31972.1
2026-04-18 03:00:00+00:00,3.458,3.463,3.432,3.438,70774.8
2026-04-18 04:00:00+00:00,3.438,3.462,3.433,3.45,71436.6
2026-04-18 05:00:00+00:00,3.45,3.473,3.449,3.469,53748.8
2026-04-18 06:00:00+00:00,3.469,3.475,3.45,3.463,51309.0
2026-04-18 07:00:00+00:00,3.463,3.475,3.458,3.462,68598.3
2026-04-18 08:00:00+00:00,3.462,3.466,3.404,3.428,291460.7
2026-04-18 09:00:00+00:00,3.428,3.442,3.406,3.417,134567.8
2026-04-18 10:00:00+00:00,3.417,3.417,3.375,3.382,159597.9
2026-04-18 11:00:00+00:00,3.382,3.382,3.34,3.359,161322.7
2026-04-18 12:00:00+00:00,3.359,3.372,3.354,3.37,92761.0
2026-04-18 13:00:00+00:00,3.37,3.375,3.341,3.37,69569.6
2026-04-18 14:00:00+00:00,3.37,3.384,3.359,3.382,68771.1
2026-04-18 15:00:00+00:00,3.382,3.396,3.371,3.378,70460.6
2026-04-18 16:00:00+00:00,3.378,3.391,3.361,3.368,99765.8
2026-04-18 17:00:00+00:00,3.368,3.378,3.349,3.372,52921.5
2026-04-18 18:00:00+00:00,3.372,3.374,3.324,3.337,290413.0
2026-04-18 19:00:00+00:00,3.337,3.36,3.332,3.346,122507.3
2026-04-18 20:00:00+00:00,3.346,3.367,3.334,3.362,85896.6
2026-04-18 21:00:00+00:00,3.362,3.375,3.354,3.375,59064.2
2026-04-18 22:00:00+00:00,3.375,3.378,3.359,3.359,24369.8
2026-04-18 23:00:00+00:00,3.359,3.378,3.343,3.345,38185.4
2026-04-19 00:00:00+00:00,3.345,3.354,3.325,3.331,77518.0
2026-04-19 01:00:00+00:00,3.331,3.344,3.31,3.323,78473.8
2026-04-19 02:00:00+00:00,3.323,3.323,3.281,3.291,119527.9
2026-04-19 03:00:00+00:00,3.291,3.314,3.268,3.299,117267.3
2026-04-19 04:00:00+00:00,3.299,3.314,3.278,3.294,122585.9
2026-04-19 05:00:00+00:00,3.294,3.302,3.283,3.284,51494.2
2026-04-19 06:00:00+00:00,3.284,3.29,3.264,3.284,85925.3
2026-04-19 07:00:00+00:00,3.284,3.284,3.24,3.269,294984.4
2026-04-19 08:00:00+00:00,3.269,3.278,3.264,3.27,41109.0
2026-04-19 09:00:00+00:00,3.27,3.28,3.263,3.269,145826.0
2026-04-19 10:00:00+00:00,3.269,3.283,3.262,3.277,76819.2
2026-04-19 11:00:00+00:00,3.277,3.317,3.274,3.312,129850.6
2026-04-19 12:00:00+00:00,3.312,3.329,3.305,3.321,116433.6
2026-04-19 13:00:00+00:00,3.321,3.359,3.319,3.323,147543.7
2026-04-19 14:00:00+00:00,3.323,3.343,3.31,3.327,76788.5
2026-04-19 15:00:00+00:00,3.327,3.329,3.283,3.32,194844.4
2026-04-19 16:00:00+00:00,3.32,3.326,3.288,3.295,129512.8
2026-04-19 17:00:00+00:00,3.295,3.302,3.256,3.261,193685.8
2026-04-19 18:00:00+00:00,3.261,3.274,3.251,3.271,82975.4
2026-04-19 19:00:00+00:00,3.271,3.302,3.271,3.29,74089.5
2026-04-19 20:00:00+00:00,3.29,3.29,3.267,3.275,100661.5
2026-04-19 21:00:00+00:00,3.275,3.293,3.264,3.268,80406.1
2026-04-19 22:00:00+00:00,3.268,3.268,3.202,3.233,535336.4
2026-04-19 23:00:00+00:00,3.233,3.235,3.219,3.227,57588.8
2026-04-20 00:00:00+00:00,3.227,3.259,3.223,3.252,130531.0
2026-04-20 01:00:00+00:00,3.252,3.273,3.251,3.253,69962.1
2026-04-20 02:00:00+00:00,3.253,3.256,3.235,3.252,46492.6
2026-04-20 03:00:00+00:00,3.252,3.277,3.25,3.273,88679.0
2026-04-20 04:00:00+00:00,3.273,3.278,3.263,3.27,30163.8
2026-04-20 05:00:00+00:00,3.27,3.27,3.228,3.242,57456.0
2026-04-20 06:00:00+00:00,3.242,3.286,3.24,3.271,87834.7
2026-04-20 07:00:00+00:00,3.271,3.339,3.264,3.285,363065.9
2026-04-20 08:00:00+00:00,3.285,3.29,3.256,3.269,183785.4
2026-04-20 09:00:00+00:00,3.269,3.278,3.249,3.267,223608.6
2026-04-20 10:00:00+00:00,3.267,3.281,3.256,3.257,96039.6
2026-04-20 11:00:00+00:00,3.257,3.263,3.249,3.25,32037.7
2026-04-20 12:00:00+00:00,3.25,3.279,3.243,3.267,128015.7
2026-04-20 13:00:00+00:00,3.267,3.279,3.238,3.257,161148.9
2026-04-20 14:00:00+00:00,3.257,3.283,3.218,3.228,296801.7
2026-04-20 15:00:00+00:00,3.228,3.26,3.192,3.233,329452.5
2026-04-20 16:00:00+00:00,3.233,3.244,3.216,3.223,152810.5
2026-04-20 17:00:00+00:00,3.223,3.263,3.223,3.257,93258.1
2026-04-20 18:00:00+00:00,3.257,3.282,3.256,3.276,177231.5
2026-04-20 19:00:00+00:00,3.276,3.278,3.252,3.259,45705.8
2026-04-20 20:00:00+00:00,3.259,3.291,3.247,3.284,175623.5
2026-04-20 21:00:00+00:00,3.284,3.284,3.252,3.266,158232.6
2026-04-20 22:00:00+00:00,3.266,3.272,3.24,3.242,85920.6
2026-04-20 23:00:00+00:00,3.242,3.242,3.218,3.229,137769.2
2026-04-21 00:00:00+00:00,3.229,3.248,3.227,3.247,208940.1
2026-04-21 01:00:00+00:00,3.247,3.267,3.243,3.243,97264.6
2026-04-21 02:00:00+00:00,3.243,3.243,3.219,3.222,116633.5
2026-04-21 03:00:00+00:00,3.222,3.245,3.21,3.237,95390.6
2026-04-21 04:00:00+00:00,3.237,3.247,3.227,3.243,107424.2
2026-04-21 05:00:00+00:00,3.243,3.261,3.242,3.257,71800.0
2026-04-21 06:00:00+00:00,3.257,3.264,3.236,3.246,73843.3
2026-04-21 07:00:00+00:00,3.246,3.263,3.234,3.25,67689.6
2026-04-21 08:00:00+00:00,3.25,3.288,3.246,3.266,106854.3
2026-04-21 09:00:00+00:00,3.266,3.285,3.259,3.283,170584.3
2026-04-21 10:00:00+00:00,3.283,3.293,3.278,3.289,119697.6
2026-04-21 11:00:00+00:00,3.289,3.293,3.267,3.273,148601.6
2026-04-21 12:00:00+00:00,3.273,3.28,3.229,3.255,231001.3
2026-04-21 13:00:00+00:00,3.255,3.258,3.239,3.253,108692.4
2026-04-21 14:00:00+00:00,3.253,3.285,3.24,3.245,154728.5
2026-04-21 15:00:00+00:00,3.245,3.267,3.233,3.241,140437.4
2026-04-21 16:00:00+00:00,3.241,3.263,3.232,3.234,161791.7
2026-04-21 17:00:00+00:00,3.234,3.247,3.194,3.226,417726.1
2026-04-21 18:00:00+00:00,3.226,3.232,3.207,3.227,223951.2
2026-04-21 19:00:00+00:00,3.227,3.249,3.183,3.198,270241.2
2026-04-21 20:00:00+00:00,3.198,3.248,3.196,3.229,290533.8
2026-04-21 21:00:00+00:00,3.229,3.236,3.221,3.231,86367.9
2026-04-21 22:00:00+00:00,3.231,3.243,3.222,3.24,123848.6
2026-04-21 23:00:00+00:00,3.24,3.274,3.24,3.268,104871.3
2026-04-22 00:00:00+00:00,3.268,3.28,3.268,3.274,82717.4
2026-04-22 01:00:00+00:00,3.274,3.277,3.255,3.264,61167.8
2026-04-22 02:00:00+00:00,3.264,3.333,3.261,3.33,307578.0
2026-04-22 03:00:00+00:00,3.33,3.338,3.304,3.317,221752.9
2026-04-22 04:00:00+00:00,3.317,3.345,3.307,3.342,138414.4
2026-04-22 05:00:00+00:00,3.342,3.396,3.334,3.375,540008.5
2026-04-22 06:00:00+00:00,3.375,3.38,3.365,3.375,123414.4
2026-04-22 07:00:00+00:00,3.375,3.392,3.363,3.389,160835.8
2026-04-22 08:00:00+00:00,3.389,3.402,3.384,3.396,129468.8
2026-04-22 09:00:00+00:00,3.396,3.405,3.384,3.388,117417.7
2026-04-22 10:00:00+00:00,3.388,3.394,3.379,3.383,80310.9
2026-04-22 11:00:00+00:00,3.383,3.388,3.372,3.385,90177.1
2026-04-22 12:00:00+00:00,3.385,3.389,3.368,3.38,112501.2
2026-04-22 13:00:00+00:00,3.38,3.418,3.371,3.406,314490.6
2026-04-22 14:00:00+00:00,3.406,3.423,3.391,3.417,231035.9
2026-04-22 15:00:00+00:00,3.417,3.437,3.402,3.407,286922.7
2026-04-22 16:00:00+00:00,3.407,3.417,3.392,3.395,175330.9
2026-04-22 17:00:00+00:00,3.395,3.419,3.389,3.41,107466.8
2026-04-22 18:00:00+00:00,3.41,3.42,3.401,3.404,50044.1
2026-04-22 19:00:00+00:00,3.404,3.406,3.366,3.379,159333.4
2026-04-22 20:00:00+00:00,3.379,3.38,3.351,3.352,109468.0
2026-04-22 21:00:00+00:00,3.352,3.375,3.349,3.367,92276.1
2026-04-22 22:00:00+00:00,3.367,3.37,3.334,3.342,93850.2
2026-04-22 23:00:00+00:00,3.342,3.345,3.311,3.313,129903.1
2026-04-23 00:00:00+00:00,3.313,3.326,3.272,3.319,335238.4
2026-04-23 01:00:00+00:00,3.319,3.319,3.292,3.308,65064.0
2026-04-23 02:00:00+00:00,3.308,3.308,3.26,3.265,280992.8
2026-04-23 03:00:00+00:00,3.265,3.272,3.241,3.258,158688.8
2026-04-23 04:00:00+00:00,3.258,3.271,3.251,3.268,89504.8
2026-04-23 05:00:00+00:00,3.268,3.285,3.266,3.279,244574.2
2026-04-23 06:00:00+00:00,3.279,3.305,3.279,3.288,119212.8
2026-04-23 07:00:00+00:00,3.288,3.29,3.248,3.251,317178.1
2026-04-23 08:00:00+00:00,3.251,3.255,3.239,3.248,99449.7
2026-04-23 09:00:00+00:00,3.248,3.248,3.214,3.225,278959.6
2026-04-23 10:00:00+00:00,3.225,3.228,3.209,3.224,128932.9
2026-04-23 11:00:00+00:00,3.224,3.247,3.224,3.243,125441.5
2026-04-23 12:00:00+00:00,3.243,3.262,3.24,3.253,190426.0
2026-04-23 13:00:00+00:00,3.253,3.272,3.25,3.266,113349.7
2026-04-23 14:00:00+00:00,3.266,3.287,3.26,3.283,125543.5
2026-04-23 15:00:00+00:00,3.283,3.313,3.275,3.295,140491.5
2026-04-23 16:00:00+00:00,3.295,3.304,3.275,3.276,116909.5
2026-04-23 17:00:00+00:00,3.276,3.28,3.206,3.233,512670.2
2026-04-23 18:00:00+00:00,3.233,3.253,3.228,3.237,262134.6
2026-04-23 19:00:00+00:00,3.237,3.26,3.231,3.252,162304.9
2026-04-23 20:00:00+00:00,3.252,3.285,3.251,3.271,149021.7
2026-04-23 21:00:00+00:00,3.271,3.289,3.266,3.277,80156.6
2026-04-23 22:00:00+00:00,3.277,3.296,3.277,3.283,73971.3
2026-04-23 23:00:00+00:00,3.283,3.298,3.276,3.291,39864.2
2026-04-24 00:00:00+00:00,3.291,3.309,3.288,3.295,84409.0
2026-04-24 01:00:00+00:00,3.295,3.296,3.24,3.263,404107.8
2026-04-24 02:00:00+00:00,3.263,3.264,3.239,3.246,93622.3
2026-04-24 03:00:00+00:00,3.246,3.25,3.218,3.238,120595.6
2026-04-24 04:00:00+00:00,3.238,3.238,3.225,3.235,78848.6
2026-04-24 05:00:00+00:00,3.235,3.261,3.229,3.254,137949.6
2026-04-24 06:00:00+00:00,3.254,3.263,3.248,3.25,58193.1
2026-04-24 07:00:00+00:00,3.25,3.26,3.236,3.247,76388.4
2026-04-24 08:00:00+00:00,3.247,3.268,3.239,3.25,71732.8
2026-04-24 09:00:00+00:00,3.25,3.252,3.235,3.243,66437.5
2026-04-24 10:00:00+00:00,3.243,3.267,3.235,3.263,64791.2
2026-04-24 11:00:00+00:00,3.263,3.283,3.257,3.275,157139.1
2026-04-24 12:00:00+00:00,3.275,3.287,3.264,3.273,83423.8
2026-04-24 13:00:00+00:00,3.273,3.288,3.257,3.263,107055.6
2026-04-24 14:00:00+00:00,3.263,3.271,3.251,3.26,91887.8
2026-04-24 15:00:00+00:00,3.26,3.268,3.239,3.261,156312.8
2026-04-24 16:00:00+00:00,3.261,3.265,3.232,3.249,98185.0
2026-04-24 17:00:00+00:00,3.249,3.266,3.247,3.259,73866.2
2026-04-24 18:00:00+00:00,3.259,3.263,3.238,3.253,28057.1
2026-04-24 19:00:00+00:00,3.253,3.267,3.251,3.266,61393.0
2026-04-24 20:00:00+00:00,3.266,3.284,3.254,3.28,60346.0
2026-04-24 21:00:00+00:00,3.28,3.29,3.262,3.265,134542.5
2026-04-24 22:00:00+00:00,3.265,3.265,3.235,3.244,94645.0
2026-04-24 23:00:00+00:00,3.244,3.251,3.243,3.249,55429.6
2026-04-25 00:00:00+00:00,3.249,3.259,3.246,3.257,80349.1
2026-04-25 01:00:00+00:00,3.257,3.271,3.252,3.265,60665.3
2026-04-25 02:00:00+00:00,3.265,3.269,3.259,3.264,57075.5
2026-04-25 03:00:00+00:00,3.264,3.277,3.259,3.272,68921.0
2026-04-25 04:00:00+00:00,3.272,3.277,3.258,3.26,33663.8
2026-04-25 05:00:00+00:00,3.26,3.264,3.248,3.26,35211.9
2026-04-25 06:00:00+00:00,3.26,3.276,3.26,3.264,46623.3
2026-04-25 07:00:00+00:00,3.264,3.267,3.256,3.256,28846.4
2026-04-25 08:00:00+00:00,3.256,3.27,3.254,3.27,21703.0
2026-04-25 09:00:00+00:00,3.27,3.276,3.263,3.268,65762.6
2026-04-25 10:00:00+00:00,3.268,3.273,3.264,3.266,26565.9
2026-04-25 11:00:00+00:00,3.266,3.267,3.234,3.246,106643.3
2026-04-25 12:00:00+00:00,3.246,3.253,3.236,3.243,87093.0
2026-04-25 13:00:00+00:00,3.243,3.256,3.241,3.25,55178.2
2026-04-25 14:00:00+00:00,3.25,3.258,3.241,3.241,81575.9
2026-04-25 15:00:00+00:00,3.241,3.254,3.228,3.241,63195.7
2026-04-25 16:00:00+00:00,3.241,3.246,3.222,3.236,157413.3
2026-04-25 17:00:00+00:00,3.236,3.239,3.225,3.227,97133.2
2026-04-25 18:00:00+00:00,3.227,3.239,3.224,3.229,54615.8
2026-04-25 19:00:00+00:00,3.229,3.231,3.223,3.23,25573.7
2026-04-25 20:00:00+00:00,3.23,3.243,3.227,3.238,35684.6
2026-04-25 21:00:00+00:00,3.238,3.245,3.236,3.242,46522.9
2026-04-25 22:00:00+00:00,3.242,3.255,3.242,3.249,19133.6
2026-04-25 23:00:00+00:00,3.249,3.261,3.246,3.255,38802.8
2026-04-26 00:00:00+00:00,3.255,3.255,3.231,3.235,56749.9
2026-04-26 01:00:00+00:00,3.235,3.239,3.226,3.228,48396.1
2026-04-26 02:00:00+00:00,3.228,3.243,3.227,3.239,32107.3
2026-04-26 03:00:00+00:00,3.239,3.252,3.235,3.25,82025.1
2026-04-26 04:00:00+00:00,3.25,3.268,3.239,3.256,58779.4
2026-04-26 05:00:00+00:00,3.256,3.291,3.256,3.271,190000.3
2026-04-26 06:00:00+00:00,3.271,3.283,3.271,3.278,36911.5
2026-04-26 07:00:00+00:00,3.278,3.281,3.271,3.281,35158.7
2026-04-26 08:00:00+00:00,3.281,3.289,3.271,3.278,90090.9
2026-04-26 09:00:00+00:00,3.278,3.289,3.272,3.285,36991.2
2026-04-26 10:00:00+00:00,3.285,3.29,3.278,3.287,67864.2
2026-04-26 11:00:00+00:00,3.287,3.299,3.283,3.286,116763.2
2026-04-26 12:00:00+00:00,3.286,3.289,3.26,3.266,85570.8
2026-04-26 13:00:00+00:00,3.266,3.268,3.256,3.259,71291.9
2026-04-26 14:00:00+00:00,3.259,3.28,3.256,3.273,71285.0
2026-04-26 15:00:00+00:00,3.273,3.279,3.264,3.275,56349.4
2026-04-26 16:00:00+00:00,3.275,3.281,3.266,3.268,56379.6
2026-04-26 17:00:00+00:00,3.268,3.272,3.257,3.27,44155.8
2026-04-26 18:00:00+00:00,3.27,3.296,3.267,3.289,109223.4
2026-04-26 19:00:00+00:00,3.289,3.306,3.286,3.292,86916.1
2026-04-26 20:00:00+00:00,3.292,3.296,3.278,3.278,56661.8
2026-04-26 21:00:00+00:00,3.278,3.291,3.26,3.29,118131.1
2026-04-26 22:00:00+00:00,3.29,3.302,3.268,3.276,81472.5
2026-04-26 23:00:00+00:00,3.276,3.294,3.271,3.279,50832.8
2026-04-27 00:00:00+00:00,3.279,3.306,3.265,3.303,148245.5
2026-04-27 01:00:00+00:00,3.303,3.323,3.29,3.321,138558.1
2026-04-27 02:00:00+00:00,3.321,3.33,3.307,3.327,119149.3
2026-04-27 03:00:00+00:00,3.327,3.357,3.324,3.344,259261.8
2026-04-27 04:00:00+00:00,3.344,3.356,3.335,3.34,148362.5
2026-04-27 05:00:00+00:00,3.34,3.341,3.24,3.249,579857.3
2026-04-27 06:00:00+00:00,3.249,3.252,3.216,3.235,151478.4
2026-04-27 07:00:00+00:00,3.235,3.24,3.219,3.223,119861.2
2026-04-27 08:00:00+00:00,3.223,3.24,3.218,3.24,79782.6
2026-04-27 09:00:00+00:00,3.24,3.246,3.233,3.241,421077.6
2026-04-27 10:00:00+00:00,3.241,3.25,3.235,3.244,61305.5
2026-04-27 11:00:00+00:00,3.244,3.253,3.235,3.253,41502.7
2026-04-27 12:00:00+00:00,3.253,3.255,3.241,3.251,65577.0
2026-04-27 13:00:00+00:00,3.251,3.258,3.224,3.237,110950.8
2026-04-27 14:00:00+00:00,3.237,3.286,3.235,3.26,160409.8
2026-04-27 15:00:00+00:00,3.26,3.261,3.173,3.193,511253.5
2026-04-27 16:00:00+00:00,3.193,3.204,3.18,3.197,142024.8
2026-04-27 17:00:00+00:00,3.197,3.215,3.195,3.209,87178.3
2026-04-27 18:00:00+00:00,3.209,3.219,3.204,3.214,38926.4
2026-04-27 19:00:00+00:00,3.214,3.217,3.192,3.208,45891.9
2026-04-27 20:00:00+00:00,3.208,3.22,3.208,3.214,61967.3
2026-04-27 21:00:00+00:00,3.214,3.228,3.209,3.214,36926.5
2026-04-27 22:00:00+00:00,3.214,3.237,3.203,3.231,196035.3
2026-04-27 23:00:00+00:00,3.231,3.252,3.228,3.248,95277.1
2026-04-28 00:00:00+00:00,3.248,3.253,3.235,3.247,63952.6
2026-04-28 01:00:00+00:00,3.247,3.25,3.238,3.24,34256.9
2026-04-28 02:00:00+00:00,3.24,3.248,3.212,3.227,118889.0
2026-04-28 03:00:00+00:00,3.227,3.229,3.218,3.221,63329.5
2026-04-28 04:00:00+00:00,3.221,3.234,3.217,3.221,105099.0
2026-04-28 05:00:00+00:00,3.221,3.238,3.221,3.225,61194.3
2026-04-28 06:00:00+00:00,3.225,3.237,3.199,3.21,123640.3
2026-04-28 07:00:00+00:00,3.21,3.218,3.192,3.216,67149.6
2026-04-28 08:00:00+00:00,3.216,3.236,3.21,3.225,79289.0
2026-04-28 09:00:00+00:00,3.225,3.228,3.207,3.215,28039.4
2026-04-28 10:00:00+00:00,3.215,3.237,3.215,3.232,47838.7
2026-04-28 11:00:00+00:00,3.232,3.236,3.207,3.215,70740.0
2026-04-28 12:00:00+00:00,3.215,3.23,3.206,3.225,110291.4
2026-04-28 13:00:00+00:00,3.225,3.232,3.194,3.22,130363.8
2026-04-28 14:00:00+00:00,3.22,3.22,3.187,3.214,147048.7
2026-04-28 15:00:00+00:00,3.214,3.225,3.212,3.224,90270.9
2026-04-28 16:00:00+00:00,3.224,3.238,3.22,3.23,71401.8
2026-04-28 17:00:00+00:00,3.23,3.238,3.213,3.231,61248.0
2026-04-28 18:00:00+00:00,3.231,3.255,3.228,3.255,77769.6
2026-04-28 19:00:00+00:00,3.255,3.272,3.245,3.268,95416.1
2026-04-28 20:00:00+00:00,3.268,3.276,3.259,3.26,47867.4
2026-04-28 21:00:00+00:00,3.26,3.268,3.245,3.258,91384.7
2026-04-28 22:00:00+00:00,3.258,3.264,3.244,3.248,22803.0
2026-04-28 23:00:00+00:00,3.248,3.249,3.231,3.24,132316.9
2026-04-29 00:00:00+00:00,3.24,3.245,3.229,3.239,59587.6
2026-04-29 01:00:00+00:00,3.239,3.246,3.228,3.239,47756.8
2026-04-29 02:00:00+00:00,3.239,3.246,3.228,3.237,41390.3
2026-04-29 03:00:00+00:00,3.237,3.274,3.237,3.271,101792.3
2026-04-29 04:00:00+00:00,3.271,3.298,3.266,3.29,99809.2
2026-04-29 05:00:00+00:00,3.29,3.307,3.281,3.296,85658.5
2026-04-29 06:00:00+00:00,3.296,3.304,3.273,3.281,139217.1
2026-04-29 07:00:00+00:00,3.281,3.295,3.275,3.287,57307.1
2026-04-29 08:00:00+00:00,3.287,3.29,3.267,3.268,71455.8
2026-04-29 09:00:00+00:00,3.268,3.319,3.261,3.314,181997.0
2026-04-29 10:00:00+00:00,3.314,3.327,3.305,3.308,109187.0
2026-04-29 11:00:00+00:00,3.308,3.308,3.285,3.297,169576.8
2026-04-29 12:00:00+00:00,3.297,3.298,3.244,3.262,332526.9
2026-04-29 13:00:00+00:00,3.262,3.268,3.219,3.239,235083.1
2026-04-29 14:00:00+00:00,3.239,3.246,3.223,3.228,83809.6
2026-04-29 15:00:00+00:00,3.228,3.23,3.175,3.183,315431.4
2026-04-29 16:00:00+00:00,3.183,3.191,3.171,3.18,149285.6
2026-04-29 17:00:00+00:00,3.18,3.212,3.18,3.212,180166.3
2026-04-29 18:00:00+00:00,3.212,3.217,3.101,3.151,1140504.1
2026-04-29 19:00:00+00:00,3.151,3.159,3.137,3.149,118535.6
2026-04-29 20:00:00+00:00,3.149,3.182,3.148,3.17,122686.7
2026-04-29 21:00:00+00:00,3.17,3.196,3.165,3.183,89727.6
2026-04-29 22:00:00+00:00,3.183,3.193,3.18,3.184,69850.1
2026-04-29 23:00:00+00:00,3.184,3.194,3.179,3.189,54800.2
2026-04-30 00:00:00+00:00,3.189,3.222,3.186,3.216,99941.3
2026-04-30 01:00:00+00:00,3.216,3.222,3.205,3.212,129384.0
2026-04-30 02:00:00+00:00,3.212,3.216,3.163,3.175,148614.0
2026-04-30 03:00:00+00:00,3.175,3.191,3.167,3.187,58910.4
2026-04-30 04:00:00+00:00,3.187,3.188,3.154,3.157,111504.9
2026-04-30 05:00:00+00:00,3.157,3.169,3.141,3.161,77356.5
2026-04-30 06:00:00+00:00,3.161,3.177,3.157,3.175,60294.0
2026-04-30 07:00:00+00:00,3.175,3.201,3.171,3.194,86710.7
2026-04-30 08:00:00+00:00,3.194,3.203,3.187,3.193,97854.8
2026-04-30 09:00:00+00:00,3.193,3.219,3.19,3.207,47598.7
2026-04-30 10:00:00+00:00,3.207,3.213,3.194,3.203,34594.8
2026-04-30 11:00:00+00:00,3.203,3.224,3.192,3.203,166472.7
2026-04-30 12:00:00+00:00,3.203,3.219,3.2,3.202,54792.3
2026-04-30 13:00:00+00:00,3.202,3.213,3.187,3.195,56219.2
2026-04-30 14:00:00+00:00,3.195,3.206,3.175,3.189,93691.8
2026-04-30 15:00:00+00:00,3.189,3.203,3.177,3.191,81389.5
2026-04-30 16:00:00+00:00,3.191,3.197,3.178,3.183,52342.2
2026-04-30 17:00:00+00:00,3.183,3.193,3.176,3.186,59132.5
2026-04-30 18:00:00+00:00,3.186,3.206,3.186,3.197,41061.7
2026-04-30 19:00:00+00:00,3.197,3.205,3.187,3.189,34844.6
2026-04-30 20:00:00+00:00,3.189,3.194,3.183,3.187,43452.7
2026-04-30 21:00:00+00:00,3.187,3.192,3.174,3.174,64622.7
2026-04-30 22:00:00+00:00,3.174,3.181,3.167,3.17,26755.9
2026-04-30 23:00:00+00:00,3.17,3.189,3.168,3.184,24149.5
2026-05-01 00:00:00+00:00,3.184,3.202,3.184,3.192,82904.7
2026-05-01 01:00:00+00:00,3.192,3.209,3.191,3.207,42974.2
2026-05-01 02:00:00+00:00,3.207,3.209,3.194,3.203,62869.3
2026-05-01 03:00:00+00:00,3.203,3.244,3.198,3.223,141775.0
2026-05-01 04:00:00+00:00,3.223,3.232,3.211,3.213,51554.7
2026-05-01 05:00:00+00:00,3.213,3.222,3.206,3.217,42649.9
2026-05-01 06:00:00+00:00,3.217,3.225,3.198,3.204,45511.8
2026-05-01 07:00:00+00:00,3.204,3.212,3.195,3.209,99260.9
2026-05-01 08:00:00+00:00,3.209,3.22,3.207,3.216,35588.5
2026-05-01 09:00:00+00:00,3.216,3.217,3.196,3.202,22373.7
2026-05-01 10:00:00+00:00,3.202,3.206,3.186,3.2,49861.8
2026-05-01 11:00:00+00:00,3.2,3.209,3.195,3.206,28566.6
2026-05-01 12:00:00+00:00,3.206,3.239,3.202,3.223,144198.8
2026-05-01 13:00:00+00:00,3.223,3.273,3.223,3.264,162441.8
2026-05-01 14:00:00+00:00,3.264,3.274,3.236,3.258,110783.3
2026-05-01 15:00:00+00:00,3.258,3.266,3.231,3.246,211174.8
2026-05-01 16:00:00+00:00,3.246,3.254,3.229,3.237,136855.4
2026-05-01 17:00:00+00:00,3.237,3.248,3.225,3.245,55197.6
2026-05-01 18:00:00+00:00,3.245,3.247,3.232,3.234,119706.1
2026-05-01 19:00:00+00:00,3.234,3.241,3.22,3.221,83369.0
2026-05-01 20:00:00+00:00,3.221,3.225,3.188,3.198,157161.1
2026-05-01 21:00:00+00:00,3.198,3.212,3.193,3.206,135513.1
2026-05-01 22:00:00+00:00,3.206,3.215,3.197,3.201,48765.1
2026-05-01 23:00:00+00:00,3.201,3.204,3.188,3.203,49292.9
2026-05-02 00:00:00+00:00,3.203,3.211,3.197,3.206,87201.4
2026-05-02 01:00:00+00:00,3.206,3.212,3.201,3.208,73292.4
2026-05-02 02:00:00+00:00,3.208,3.212,3.201,3.204,53272.8
2026-05-02 03:00:00+00:00,3.204,3.216,3.197,3.214,79456.9
2026-05-02 04:00:00+00:00,3.214,3.215,3.197,3.197,85478.4
2026-05-02 05:00:00+00:00,3.197,3.204,3.19,3.198,65377.9
2026-05-02 06:00:00+00:00,3.198,3.21,3.195,3.209,56239.9
2026-05-02 07:00:00+00:00,3.209,3.21,3.198,3.199,18238.7
2026-05-02 08:00:00+00:00,3.199,3.203,3.195,3.2,25655.1
2026-05-02 09:00:00+00:00,3.2,3.215,3.2,3.211,34720.4
2026-05-02 10:00:00+00:00,3.211,3.216,3.207,3.21,62724.8
2026-05-02 11:00:00+00:00,3.21,3.219,3.204,3.218,98873.2
2026-05-02 12:00:00+00:00,3.218,3.227,3.214,3.214,118520.3
2026-05-02 13:00:00+00:00,3.214,3.229,3.214,3.226,42546.3
2026-05-02 14:00:00+00:00,3.226,3.235,3.223,3.233,56436.5
2026-05-02 15:00:00+00:00,3.233,3.245,3.229,3.244,69068.9
2026-05-02 16:00:00+00:00,3.244,3.256,3.243,3.251,82050.9
2026-05-02 17:00:00+00:00,3.251,3.253,3.238,3.241,49591.9
2026-05-02 18:00:00+00:00,3.241,3.252,3.232,3.245,24374.6
2026-05-02 19:00:00+00:00,3.245,3.254,3.244,3.251,63477.3
2026-05-02 20:00:00+00:00,3.251,3.253,3.248,3.249,24898.7
2026-05-02 21:00:00+00:00,3.249,3.277,3.243,3.261,179508.2
2026-05-02 22:00:00+00:00,3.261,3.27,3.257,3.266,68110.4
2026-05-02 23:00:00+00:00,3.266,3.266,3.249,3.252,36916.0
2026-05-03 00:00:00+00:00,3.252,3.259,3.236,3.244,128020.8
2026-05-03 01:00:00+00:00,3.244,3.244,3.216,3.218,70550.3
2026-05-03 02:00:00+00:00,3.218,3.221,3.206,3.211,51858.1
2026-05-03 03:00:00+00:00,3.211,3.218,3.206,3.212,32097.2
2026-05-03 04:00:00+00:00,3.212,3.215,3.204,3.209,27079.3
2026-05-03 05:00:00+00:00,3.209,3.218,3.206,3.212,38868.3
2026-05-03 06:00:00+00:00,3.212,3.22,3.206,3.214,39869.5
2026-05-03 07:00:00+00:00,3.214,3.231,3.214,3.224,87143.3
2026-05-03 08:00:00+00:00,3.224,3.234,3.219,3.219,29656.6
2026-05-03 09:00:00+00:00,3.219,3.238,3.217,3.235,40560.8
2026-05-03 10:00:00+00:00,3.235,3.236,3.221,3.223,25547.3
2026-05-03 11:00:00+00:00,3.223,3.263,3.218,3.25,122395.5
2026-05-03 12:00:00+00:00,3.25,3.264,3.245,3.248,95491.8
2026-05-03 13:00:00+00:00,3.248,3.25,3.232,3.232,33722.2
2026-05-03 14:00:00+00:00,3.232,3.243,3.229,3.24,34737.2
2026-05-03 15:00:00+00:00,3.24,3.253,3.237,3.245,28278.6
2026-05-03 16:00:00+00:00,3.245,3.25,3.235,3.24,23534.5
2026-05-03 17:00:00+00:00,3.24,3.251,3.23,3.241,36955.9
2026-05-03 18:00:00+00:00,3.241,3.25,3.236,3.238,63838.2
2026-05-03 19:00:00+00:00,3.238,3.249,3.235,3.241,41515.4
2026-05-03 20:00:00+00:00,3.241,3.265,3.241,3.247,89380.3
2026-05-03 21:00:00+00:00,3.247,3.258,3.216,3.236,173374.8
2026-05-03 22:00:00+00:00,3.236,3.274,3.236,3.262,150007.0
2026-05-03 23:00:00+00:00,3.262,3.264,3.229,3.232,94235.7
2026-05-04 00:00:00+00:00,3.232,3.242,3.207,3.237,118492.5
2026-05-04 01:00:00+00:00,3.237,3.29,3.229,3.285,342055.5
2026-05-04 02:00:00+00:00,3.285,3.335,3.285,3.321,431216.0
2026-05-04 03:00:00+00:00,3.321,3.354,3.319,3.345,275215.2
2026-05-04 04:00:00+00:00,3.345,3.449,3.343,3.441,651227.7
2026-05-04 05:00:00+00:00,3.441,3.445,3.406,3.423,280885.0
2026-05-04 06:00:00+00:00,3.423,3.43,3.358,3.388,297120.8
2026-05-04 07:00:00+00:00,3.388,3.4,3.365,3.372,133809.4
2026-05-04 08:00:00+00:00,3.372,3.386,3.366,3.377,129471.2
2026-05-04 09:00:00+00:00,3.377,3.414,3.361,3.405,251140.9
2026-05-04 10:00:00+00:00,3.405,3.409,3.256,3.287,1323639.0
2026-05-04 11:00:00+00:00,3.287,3.291,3.273,3.277,137329.2
2026-05-04 12:00:00+00:00,3.277,3.306,3.274,3.28,186660.6
2026-05-04 13:00:00+00:00,3.28,3.286,3.245,3.27,321358.3
2026-05-04 14:00:00+00:00,3.27,3.349,3.263,3.33,294245.4
2026-05-04 15:00:00+00:00,3.33,3.339,3.274,3.295,400314.8
2026-05-04 16:00:00+00:00,3.295,3.314,3.27,3.294,216176.6
2026-05-04 17:00:00+00:00,3.294,3.333,3.292,3.312,133713.1
2026-05-04 18:00:00+00:00,3.312,3.316,3.294,3.31,97740.1
2026-05-04 19:00:00+00:00,3.31,3.312,3.278,3.284,56303.3
2026-05-04 20:00:00+00:00,3.284,3.284,3.259,3.262,71230.2
2026-05-04 21:00:00+00:00,3.262,3.296,3.26,3.291,62314.3
2026-05-04 22:00:00+00:00,3.291,3.301,3.277,3.279,39209.6
2026-05-04 23:00:00+00:00,3.279,3.281,3.265,3.27,42901.2
2026-05-05 00:00:00+00:00,3.27,3.289,3.268,3.286,69341.3
2026-05-05 01:00:00+00:00,3.286,3.307,3.28,3.301,121946.6
2026-05-05 02:00:00+00:00,3.301,3.327,3.297,3.312,126433.9
2026-05-05 03:00:00+00:00,3.312,3.331,3.3,3.315,74994.0
2026-05-05 04:00:00+00:00,3.315,3.334,3.311,3.324,56174.8
2026-05-05 05:00:00+00:00,3.324,3.347,3.318,3.329,100837.5
2026-05-05 06:00:00+00:00,3.329,3.334,3.31,3.334,70654.1
2026-05-05 07:00:00+00:00,3.334,3.354,3.33,3.343,43506.2
2026-05-05 08:00:00+00:00,3.343,3.349,3.331,3.345,39823.7
2026-05-05 09:00:00+00:00,3.345,3.347,3.329,3.335,62109.1
2026-05-05 10:00:00+00:00,3.335,3.36,3.329,3.355,68890.0
2026-05-05 11:00:00+00:00,3.355,3.362,3.343,3.358,91370.3
2026-05-05 12:00:00+00:00,3.358,3.371,3.353,3.368,49713.0
2026-05-05 13:00:00+00:00,3.368,3.386,3.358,3.376,201613.1
2026-05-05 14:00:00+00:00,3.376,3.39,3.339,3.358,166340.2
2026-05-05 15:00:00+00:00,3.358,3.384,3.357,3.365,92134.7
2026-05-05 16:00:00+00:00,3.365,3.372,3.333,3.347,165159.7
2026-05-05 17:00:00+00:00,3.347,3.356,3.341,3.353,56895.0
2026-05-05 18:00:00+00:00,3.353,3.368,3.351,3.356,28581.2
2026-05-05 19:00:00+00:00,3.356,3.367,3.353,3.364,42282.4
2026-05-05 20:00:00+00:00,3.364,3.387,3.361,3.386,138789.8
2026-05-05 21:00:00+00:00,3.386,3.396,3.363,3.378,131974.4
2026-05-05 22:00:00+00:00,3.378,3.387,3.34,3.356,224026.1
2026-05-05 23:00:00+00:00,3.356,3.361,3.339,3.353,65718.1
2026-05-06 00:00:00+00:00,3.353,3.363,3.336,3.358,98097.1
2026-05-06 01:00:00+00:00,3.358,3.388,3.354,3.383,237064.4
2026-05-06 02:00:00+00:00,3.383,3.383,3.347,3.368,87549.5
2026-05-06 03:00:00+00:00,3.368,3.396,3.365,3.391,91966.0
2026-05-06 04:00:00+00:00,3.391,3.398,3.37,3.377,112115.1
2026-05-06 05:00:00+00:00,3.377,3.404,3.365,3.395,147920.9
2026-05-06 06:00:00+00:00,3.395,3.401,3.375,3.393,139267.1
2026-05-06 07:00:00+00:00,3.393,3.405,3.39,3.397,78921.1
2026-05-06 08:00:00+00:00,3.397,3.471,3.394,3.471,328437.2
2026-05-06 09:00:00+00:00,3.471,3.523,3.46,3.515,446423.4
2026-05-06 10:00:00+00:00,3.515,3.551,3.515,3.542,435176.5
2026-05-06 11:00:00+00:00,3.542,3.547,3.503,3.517,251247.3
2026-05-06 12:00:00+00:00,3.517,3.538,3.505,3.516,198422.1
2026-05-06 13:00:00+00:00,3.516,3.516,3.435,3.446,375167.2
2026-05-06 14:00:00+00:00,3.446,3.466,3.393,3.436,365360.5
2026-05-06 15:00:00+00:00,3.436,3.495,3.428,3.478,166727.7
2026-05-06 16:00:00+00:00,3.478,3.491,3.448,3.474,168057.7
2026-05-06 17:00:00+00:00,3.474,3.481,3.449,3.456,120678.5
2026-05-06 18:00:00+00:00,3.456,3.462,3.437,3.447,72480.6
2026-05-06 19:00:00+00:00,3.447,3.464,3.439,3.461,71110.9
2026-05-06 20:00:00+00:00,3.461,3.482,3.447,3.463,62937.1
2026-05-06 21:00:00+00:00,3.463,3.488,3.442,3.479,76390.2
2026-05-06 22:00:00+00:00,3.479,3.481,3.45,3.459,25812.1
2026-05-06 23:00:00+00:00,3.459,3.472,3.435,3.471,104011.3
2026-05-07 00:00:00+00:00,3.471,3.478,3.427,3.429,130994.6
2026-05-07 01:00:00+00:00,3.429,3.431,3.396,3.42,165343.1
2026-05-07 02:00:00+00:00,3.42,3.433,3.394,3.426,151142.1
2026-05-07 03:00:00+00:00,3.426,3.435,3.393,3.397,175262.4
2026-05-07 04:00:00+00:00,3.397,3.431,3.385,3.431,135623.5
2026-05-07 05:00:00+00:00,3.431,3.458,3.431,3.449,75689.2
2026-05-07 06:00:00+00:00,3.449,3.489,3.428,3.488,153793.4
2026-05-07 07:00:00+00:00,3.488,3.507,3.477,3.491,182840.3
2026-05-07 08:00:00+00:00,3.491,3.494,3.477,3.482,96404.2
2026-05-07 09:00:00+00:00,3.482,3.487,3.458,3.464,63401.4
2026-05-07 10:00:00+00:00,3.464,3.478,3.445,3.463,65658.6
2026-05-07 11:00:00+00:00,3.463,3.487,3.458,3.475,152418.1
2026-05-07 12:00:00+00:00,3.475,3.507,3.471,3.5,121922.5
2026-05-07 13:00:00+00:00,3.5,3.505,3.435,3.454,183588.9
2026-05-07 14:00:00+00:00,3.454,3.46,3.398,3.418,263719.2
2026-05-07 15:00:00+00:00,3.418,3.426,3.37,3.406,233624.4
2026-05-07 16:00:00+00:00,3.406,3.44,3.398,3.417,128562.2
2026-05-07 17:00:00+00:00,3.417,3.435,3.39,3.432,195516.2
2026-05-07 18:00:00+00:00,3.432,3.45,3.42,3.43,95045.8
2026-05-07 19:00:00+00:00,3.43,3.438,3.412,3.421,107391.2
2026-05-07 20:00:00+00:00,3.421,3.448,3.406,3.406,82760.5
2026-05-07 21:00:00+00:00,3.406,3.427,3.394,3.41,67624.7
2026-05-07 22:00:00+00:00,3.41,3.415,3.39,3.406,66472.9
2026-05-07 23:00:00+00:00,3.406,3.438,3.403,3.431,36848.2
2026-05-08 00:00:00+00:00,3.431,3.447,3.414,3.425,166631.7
2026-05-08 01:00:00+00:00,3.425,3.429,3.407,3.425,23698.0
2026-05-08 02:00:00+00:00,3.425,3.429,3.387,3.41,66839.0
2026-05-08 03:00:00+00:00,3.41,3.431,3.383,3.419,57505.2
2026-05-08 04:00:00+00:00,3.419,3.44,3.414,3.429,93333.7
2026-05-08 05:00:00+00:00,3.429,3.475,3.424,3.444,191189.9
2026-05-08 06:00:00+00:00,3.444,3.462,3.426,3.44,153282.0
2026-05-08 07:00:00+00:00,3.44,3.441,3.392,3.434,112800.1
2026-05-08 08:00:00+00:00,3.434,3.464,3.433,3.454,105295.5
2026-05-08 09:00:00+00:00,3.454,3.486,3.443,3.465,93878.5
2026-05-08 10:00:00+00:00,3.465,3.507,3.462,3.484,118413.1
2026-05-08 11:00:00+00:00,3.484,3.508,3.478,3.501,104514.2
2026-05-08 12:00:00+00:00,3.501,3.506,3.478,3.489,127293.7
2026-05-08 13:00:00+00:00,3.489,3.507,3.463,3.496,281375.0
2026-05-08 14:00:00+00:00,3.496,3.597,3.494,3.581,460563.2
2026-05-08 15:00:00+00:00,3.581,3.614,3.518,3.599,329652.6
2026-05-08 16:00:00+00:00,3.599,3.702,3.583,3.675,743976.5
2026-05-08 17:00:00+00:00,3.675,3.688,3.621,3.654,311139.9
2026-05-08 18:00:00+00:00,3.654,3.699,3.653,3.692,182291.0
2026-05-08 19:00:00+00:00,3.692,3.699,3.671,3.686,125565.4
2026-05-08 20:00:00+00:00,3.686,3.696,3.666,3.682,70695.8
2026-05-08 21:00:00+00:00,3.682,3.715,3.669,3.704,112334.6
2026-05-08 22:00:00+00:00,3.704,3.73,3.686,3.697,108106.3
2026-05-08 23:00:00+00:00,3.697,3.709,3.673,3.708,111783.3
2026-05-09 00:00:00+00:00,3.708,3.822,3.687,3.775,646043.8
2026-05-09 01:00:00+00:00,3.775,3.787,3.736,3.763,239314.2
2026-05-09 02:00:00+00:00,3.763,3.772,3.735,3.74,142714.7
2026-05-09 03:00:00+00:00,3.74,3.753,3.725,3.74,118938.0
2026-05-09 04:00:00+00:00,3.74,3.76,3.714,3.724,195238.5
2026-05-09 05:00:00+00:00,3.724,3.734,3.708,3.721,82346.1
2026-05-09 06:00:00+00:00,3.721,3.729,3.674,3.686,242313.0
2026-05-09 07:00:00+00:00,3.686,3.696,3.663,3.67,197038.7
2026-05-09 08:00:00+00:00,3.67,3.683,3.663,3.667,103649.2
2026-05-09 09:00:00+00:00,3.667,3.671,3.637,3.643,179315.0
2026-05-09 10:00:00+00:00,3.643,3.655,3.633,3.648,87953.1
2026-05-09 11:00:00+00:00,3.648,3.673,3.647,3.654,156660.8
2026-05-09 12:00:00+00:00,3.654,3.667,3.647,3.652,90093.8
2026-05-09 13:00:00+00:00,3.652,3.659,3.634,3.642,79213.0
2026-05-09 14:00:00+00:00,3.642,3.642,3.618,3.624,183494.1
2026-05-09 15:00:00+00:00,3.624,3.635,3.615,3.632,90638.6
2026-05-09 16:00:00+00:00,3.632,3.646,3.623,3.634,132661.8
2026-05-09 17:00:00+00:00,3.634,3.693,3.634,3.687,262772.1
2026-05-09 18:00:00+00:00,3.687,3.735,3.687,3.704,207566.9
2026-05-09 19:00:00+00:00,3.704,3.718,3.694,3.716,73950.7
2026-05-09 20:00:00+00:00,3.716,3.73,3.711,3.728,86177.1
2026-05-09 21:00:00+00:00,3.728,3.747,3.718,3.722,92877.3
2026-05-09 22:00:00+00:00,3.722,3.785,3.713,3.757,206867.8
2026-05-09 23:00:00+00:00,3.757,3.808,3.747,3.805,252871.2
2026-05-10 00:00:00+00:00,3.805,3.821,3.742,3.744,456151.3
2026-05-10 01:00:00+00:00,3.744,3.745,3.703,3.717,243652.7
2026-05-10 02:00:00+00:00,3.717,3.717,3.682,3.711,239315.5
2026-05-10 03:00:00+00:00,3.711,3.726,3.693,3.707,149544.1
2026-05-10 04:00:00+00:00,3.707,3.758,3.702,3.745,160517.6
2026-05-10 05:00:00+00:00,3.745,4.006,3.73,3.906,1715943.4
2026-05-10 06:00:00+00:00,3.906,3.978,3.89,3.976,923232.1
2026-05-10 07:00:00+00:00,3.976,4.056,3.971,3.999,944701.6
2026-05-10 08:00:00+00:00,3.999,4.053,3.983,4.023,651413.3
2026-05-10 09:00:00+00:00,4.023,4.056,3.974,3.977,436491.3
2026-05-10 10:00:00+00:00,3.977,3.978,3.907,3.918,460956.4
2026-05-10 11:00:00+00:00,3.918,3.93,3.864,3.92,364747.9
2026-05-10 12:00:00+00:00,3.92,4.001,3.915,3.988,477447.0
2026-05-10 13:00:00+00:00,3.988,4.149,3.984,4.139,1290677.4
2026-05-10 14:00:00+00:00,4.139,4.166,4.03,4.065,1312959.4
2026-05-10 15:00:00+00:00,4.065,4.098,3.999,4.017,684639.5
2026-05-10 16:00:00+00:00,4.017,4.081,4.003,4.037,630960.0
2026-05-10 17:00:00+00:00,4.037,4.072,3.982,4.041,697657.8
2026-05-10 18:00:00+00:00,4.041,4.046,4.01,4.033,198100.5
2026-05-10 19:00:00+00:00,4.033,4.068,4.015,4.053,231537.7
2026-05-10 20:00:00+00:00,4.053,4.063,3.884,3.915,1032068.9
2026-05-10 21:00:00+00:00,3.915,3.963,3.901,3.919,370848.2
2026-05-10 22:00:00+00:00,3.919,4.005,3.91,3.992,253998.0
2026-05-10 23:00:00+00:00,3.992,4.016,3.975,3.991,144612.0
2026-05-11 00:00:00+00:00,3.991,4.006,3.91,3.937,301167.9
2026-05-11 01:00:00+00:00,3.937,3.994,3.926,3.989,108182.5
2026-05-11 02:00:00+00:00,3.989,3.993,3.924,3.945,165951.3
2026-05-11 03:00:00+00:00,3.945,3.957,3.875,3.947,310655.8
2026-05-11 04:00:00+00:00,3.947,3.951,3.89,3.915,254879.9
2026-05-11 05:00:00+00:00,3.915,3.966,3.914,3.952,150679.8
2026-05-11 06:00:00+00:00,3.952,3.976,3.881,3.892,207356.1
2026-05-11 07:00:00+00:00,3.892,3.914,3.875,3.898,204236.4
2026-05-11 08:00:00+00:00,3.898,3.939,3.892,3.92,147767.2
2026-05-11 09:00:00+00:00,3.92,3.95,3.917,3.948,126178.4
2026-05-11 10:00:00+00:00,3.948,3.954,3.902,3.91,203856.8
2026-05-11 11:00:00+00:00,3.91,3.926,3.901,3.907,79983.3
2026-05-11 12:00:00+00:00,3.907,3.92,3.886,3.889,111341.1
2026-05-11 13:00:00+00:00,3.889,3.908,3.843,3.866,400399.2
2026-05-11 14:00:00+00:00,3.866,3.876,3.812,3.832,380822.2
2026-05-11 15:00:00+00:00,3.832,3.903,3.82,3.9,493564.7
2026-05-11 16:00:00+00:00,3.9,3.929,3.86,3.887,272512.7
2026-05-11 17:00:00+00:00,3.887,3.914,3.867,3.898,121439.9
2026-05-11 18:00:00+00:00,3.898,3.907,3.877,3.878,138628.3
2026-05-11 19:00:00+00:00,3.878,3.909,3.874,3.906,207639.7
2026-05-11 20:00:00+00:00,3.906,3.923,3.884,3.897,134547.5
2026-05-11 21:00:00+00:00,3.897,3.91,3.886,3.886,82620.7
2026-05-11 22:00:00+00:00,3.886,3.909,3.875,3.881,111921.9
2026-05-11 23:00:00+00:00,3.881,3.899,3.864,3.892,43608.5
2026-05-12 00:00:00+00:00,3.892,3.902,3.878,3.893,38202.9
2026-05-12 01:00:00+00:00,3.893,3.9,3.777,3.805,469132.6
2026-05-12 02:00:00+00:00,3.805,3.834,3.796,3.823,111597.1
2026-05-12 03:00:00+00:00,3.823,3.83,3.801,3.808,56875.2
2026-05-12 04:00:00+00:00,3.808,3.838,3.803,3.831,95377.3
2026-05-12 05:00:00+00:00,3.831,3.842,3.82,3.83,55895.2
2026-05-12 06:00:00+00:00,3.83,3.84,3.816,3.822,46944.5
2026-05-12 07:00:00+00:00,3.822,3.834,3.802,3.82,77506.4
2026-05-12 08:00:00+00:00,3.82,3.826,3.779,3.799,148951.9
2026-05-12 09:00:00+00:00,3.799,3.808,3.773,3.802,116696.5
2026-05-12 10:00:00+00:00,3.802,3.807,3.746,3.776,185801.8
2026-05-12 11:00:00+00:00,3.776,3.778,3.735,3.765,256223.3
2026-05-12 12:00:00+00:00,3.765,3.782,3.737,3.768,188344.8
2026-05-12 13:00:00+00:00,3.768,3.782,3.731,3.739,235911.9
2026-05-12 14:00:00+00:00,3.739,3.77,3.713,3.727,269709.2
2026-05-12 15:00:00+00:00,3.727,3.737,3.694,3.705,202947.2
2026-05-12 16:00:00+00:00,3.705,3.722,3.683,3.695,193750.5
2026-05-12 17:00:00+00:00,3.695,3.744,3.695,3.737,95525.7
2026-05-12 18:00:00+00:00,3.737,3.759,3.73,3.745,71998.4
2026-05-12 19:00:00+00:00,3.745,3.774,3.745,3.765,71170.6
2026-05-12 20:00:00+00:00,3.765,3.776,3.758,3.763,50149.6
2026-05-12 21:00:00+00:00,3.763,3.772,3.759,3.767,58615.2
2026-05-12 22:00:00+00:00,3.767,3.782,3.765,3.769,47913.1
2026-05-12 23:00:00+00:00,3.769,3.775,3.752,3.762,45648.2
2026-05-13 00:00:00+00:00,3.762,3.777,3.753,3.767,56163.3
2026-05-13 01:00:00+00:00,3.767,3.814,3.767,3.799,133806.7
2026-05-13 02:00:00+00:00,3.799,3.822,3.788,3.813,78976.5
2026-05-13 03:00:00+00:00,3.813,3.837,3.808,3.829,87723.5
2026-05-13 04:00:00+00:00,3.829,3.845,3.82,3.821,87549.8
2026-05-13 05:00:00+00:00,3.821,3.823,3.784,3.799,109159.9
2026-05-13 06:00:00+00:00,3.799,3.806,3.787,3.791,60996.5
2026-05-13 07:00:00+00:00,3.791,3.794,3.779,3.794,54746.9
2026-05-13 08:00:00+00:00,3.794,3.807,3.78,3.801,105267.6
2026-05-13 09:00:00+00:00,3.801,3.837,3.799,3.814,198765.8
2026-05-13 10:00:00+00:00,3.814,3.82,3.765,3.775,168585.4
2026-05-13 11:00:00+00:00,3.775,3.779,3.737,3.748,133437.8
2026-05-13 12:00:00+00:00,3.748,3.762,3.653,3.678,477221.7
2026-05-13 13:00:00+00:00,3.678,3.698,3.634,3.652,466503.8
2026-05-13 14:00:00+00:00,3.652,3.684,3.628,3.659,193026.5
2026-05-13 15:00:00+00:00,3.659,3.672,3.575,3.583,335919.0
2026-05-13 16:00:00+00:00,3.583,3.639,3.58,3.621,161854.6
2026-05-13 17:00:00+00:00,3.621,3.643,3.621,3.628,78026.5
2026-05-13 18:00:00+00:00,3.628,3.652,3.628,3.633,102844.6
2026-05-13 19:00:00+00:00,3.633,3.637,3.615,3.621,73176.7
2026-05-13 20:00:00+00:00,3.621,3.641,3.619,3.63,40288.4
2026-05-13 21:00:00+00:00,3.63,3.632,3.601,3.606,85961.3
2026-05-13 22:00:00+00:00,3.606,3.631,3.597,3.626,29984.2
2026-05-13 23:00:00+00:00,3.626,3.632,3.613,3.62,45420.3
2026-05-14 00:00:00+00:00,3.62,3.645,3.619,3.633,69778.5
2026-05-14 01:00:00+00:00,3.633,3.641,3.625,3.638,47659.3
2026-05-14 02:00:00+00:00,3.638,3.642,3.605,3.612,50234.7
2026-05-14 03:00:00+00:00,3.612,3.622,3.558,3.57,169256.5
2026-05-14 04:00:00+00:00,3.57,3.597,3.563,3.596,79540.5
2026-05-14 05:00:00+00:00,3.596,3.62,3.593,3.611,62845.3
2026-05-14 06:00:00+00:00,3.611,3.621,3.601,3.607,46616.1
2026-05-14 07:00:00+00:00,3.607,3.616,3.59,3.593,42505.9
2026-05-14 08:00:00+00:00,3.593,3.612,3.585,3.591,42143.3
2026-05-14 09:00:00+00:00,3.591,3.596,3.571,3.583,43803.6
2026-05-14 10:00:00+00:00,3.583,3.611,3.579,3.603,73447.1
2026-05-14 11:00:00+00:00,3.603,3.603,3.579,3.582,85684.8
2026-05-14 12:00:00+00:00,3.582,3.629,3.579,3.62,81209.3
2026-05-14 13:00:00+00:00,3.62,3.653,3.615,3.636,157793.0
2026-05-14 14:00:00+00:00,3.636,3.719,3.618,3.717,264285.9
2026-05-14 15:00:00+00:00,3.717,3.759,3.7,3.756,190012.6
2026-05-14 16:00:00+00:00,3.756,3.794,3.733,3.787,328223.5
2026-05-14 17:00:00+00:00,3.787,3.79,3.724,3.756,205264.2
2026-05-14 18:00:00+00:00,3.756,3.81,3.747,3.799,204472.9
2026-05-14 19:00:00+00:00,3.799,3.814,3.763,3.784,125485.8
2026-05-14 20:00:00+00:00,3.784,3.792,3.743,3.765,134287.5
2026-05-14 21:00:00+00:00,3.765,3.769,3.741,3.76,74446.5
2026-05-14 22:00:00+00:00,3.76,3.773,3.75,3.753,47112.6
2026-05-14 23:00:00+00:00,3.753,3.753,3.718,3.73,91306.4
2026-05-15 00:00:00+00:00,3.73,3.754,3.728,3.747,77409.6
2026-05-15 01:00:00+00:00,3.747,3.756,3.702,3.703,80209.1
2026-05-15 02:00:00+00:00,3.703,3.725,3.68,3.719,152398.1
2026-05-15 03:00:00+00:00,3.719,3.727,3.699,3.704,28113.0
2026-05-15 04:00:00+00:00,3.704,3.707,3.677,3.677,52886.5
2026-05-15 05:00:00+00:00,3.677,3.684,3.624,3.631,184355.3
2026-05-15 06:00:00+00:00,3.631,3.688,3.63,3.686,89220.3
2026-05-15 07:00:00+00:00,3.686,3.725,3.677,3.701,146742.8
2026-05-15 08:00:00+00:00,3.701,3.719,3.683,3.713,93199.6
2026-05-15 09:00:00+00:00,3.713,3.713,3.659,3.683,191686.3
2026-05-15 10:00:00+00:00,3.683,3.7,3.662,3.694,147476.1
2026-05-15 11:00:00+00:00,3.694,3.696,3.667,3.67,66019.8
2026-05-15 12:00:00+00:00,3.67,3.688,3.655,3.659,113816.7
2026-05-15 13:00:00+00:00,3.659,3.668,3.527,3.537,653475.5
2026-05-15 14:00:00+00:00,3.537,3.584,3.517,3.572,364974.1
2026-05-15 15:00:00+00:00,3.572,3.609,3.557,3.6,238315.8
2026-05-15 16:00:00+00:00,3.6,3.637,3.596,3.628,204844.1
2026-05-15 17:00:00+00:00,3.628,3.638,3.613,3.628,191712.0
2026-05-15 18:00:00+00:00,3.628,3.635,3.613,3.628,55717.6
2026-05-15 19:00:00+00:00,3.628,3.628,3.601,3.602,60870.0
2026-05-15 20:00:00+00:00,3.602,3.612,3.587,3.594,63959.3
2026-05-15 21:00:00+00:00,3.594,3.603,3.585,3.585,44720.4
2026-05-15 22:00:00+00:00,3.585,3.609,3.585,3.605,32955.0
2026-05-15 23:00:00+00:00,3.605,3.607,3.595,3.599,33434.8
2026-05-16 00:00:00+00:00,3.599,3.619,3.592,3.595,58665.1
2026-05-16 01:00:00+00:00,3.595,3.597,3.576,3.589,38765.7
2026-05-16 02:00:00+00:00,3.589,3.599,3.586,3.594,25812.5
2026-05-16 03:00:00+00:00,3.594,3.598,3.583,3.584,12401.0
2026-05-16 04:00:00+00:00,3.584,3.585,3.549,3.569,108898.4
2026-05-16 05:00:00+00:00,3.569,3.581,3.555,3.561,82057.7
2026-05-16 06:00:00+00:00,3.561,3.563,3.511,3.524,129961.4
2026-05-16 07:00:00+00:00,3.524,3.536,3.467,3.536,414916.6
2026-05-16 08:00:00+00:00,3.536,3.566,3.533,3.536,113309.7
2026-05-16 09:00:00+00:00,3.536,3.543,3.468,3.489,305386.9
2026-05-16 10:00:00+00:00,3.489,3.493,3.455,3.473,179738.2
2026-05-16 11:00:00+00:00,3.473,3.492,3.473,3.477,90012.4
2026-05-16 12:00:00+00:00,3.477,3.49,3.468,3.481,48553.2
2026-05-16 13:00:00+00:00,3.481,3.499,3.474,3.495,107360.1
2026-05-16 14:00:00+00:00,3.495,3.523,3.484,3.501,88389.8
2026-05-16 15:00:00+00:00,3.501,3.512,3.496,3.5,54580.0
2026-05-16 16:00:00+00:00,3.5,3.516,3.489,3.497,54689.9
2026-05-16 17:00:00+00:00,3.497,3.517,3.497,3.512,53154.0
2026-05-16 18:00:00+00:00,3.512,3.517,3.503,3.51,30029.1
2026-05-16 19:00:00+00:00,3.51,3.512,3.503,3.505,17966.0
2026-05-16 20:00:00+00:00,3.505,3.515,3.5,3.503,18747.2
2026-05-16 21:00:00+00:00,3.503,3.507,3.497,3.499,65571.0
2026-05-16 22:00:00+00:00,3.499,3.502,3.489,3.489,22113.6
2026-05-16 23:00:00+00:00,3.489,3.5,3.483,3.483,30881.7
2026-05-17 00:00:00+00:00,3.483,3.493,3.464,3.475,76379.2
2026-05-17 01:00:00+00:00,3.475,3.485,3.441,3.454,130688.5
2026-05-17 02:00:00+00:00,3.454,3.47,3.453,3.465,53712.5
2026-05-17 03:00:00+00:00,3.465,3.497,3.465,3.489,60935.7
2026-05-17 04:00:00+00:00,3.489,3.52,3.486,3.505,78317.2
2026-05-17 05:00:00+00:00,3.505,3.529,3.505,3.512,90381.9
2026-05-17 06:00:00+00:00,3.512,3.52,3.503,3.509,23511.1
2026-05-17 07:00:00+00:00,3.509,3.522,3.498,3.513,44783.5
2026-05-17 08:00:00+00:00,3.513,3.517,3.498,3.5,30433.0
2026-05-17 09:00:00+00:00,3.5,3.534,3.498,3.529,183520.6
2026-05-17 10:00:00+00:00,3.529,3.568,3.529,3.566,165958.1
2026-05-17 11:00:00+00:00,3.566,3.573,3.544,3.57,43243.0
2026-05-17 12:00:00+00:00,3.57,3.609,3.563,3.591,147596.9
2026-05-17 13:00:00+00:00,3.591,3.591,3.558,3.575,142046.3
2026-05-17 14:00:00+00:00,3.575,3.577,3.524,3.556,154500.9
2026-05-17 15:00:00+00:00,3.556,3.566,3.536,3.552,99016.5
2026-05-17 16:00:00+00:00,3.552,3.571,3.531,3.537,102670.0
2026-05-17 17:00:00+00:00,3.537,3.543,3.517,3.531,103765.4
2026-05-17 18:00:00+00:00,3.531,3.56,3.518,3.559,55464.6
2026-05-17 19:00:00+00:00,3.559,3.578,3.556,3.575,42451.3
2026-05-17 20:00:00+00:00,3.575,3.583,3.555,3.578,40736.7
2026-05-17 21:00:00+00:00,3.578,3.591,3.568,3.569,92548.9
2026-05-17 22:00:00+00:00,3.569,3.57,3.518,3.532,164037.5
2026-05-17 23:00:00+00:00,3.532,3.535,3.376,3.469,1081980.8
2026-05-18 00:00:00+00:00,3.469,3.477,3.435,3.45,337085.5
2026-05-18 01:00:00+00:00,3.45,3.457,3.411,3.438,164903.7
2026-05-18 02:00:00+00:00,3.438,3.465,3.434,3.449,106716.8
2026-05-18 03:00:00+00:00,3.449,3.459,3.425,3.429,50323.4
2026-05-18 04:00:00+00:00,3.429,3.445,3.411,3.443,157667.1
2026-05-18 05:00:00+00:00,3.443,3.447,3.414,3.42,116463.2
2026-05-18 06:00:00+00:00,3.42,3.439,3.403,3.421,293677.7
2026-05-18 07:00:00+00:00,3.421,3.434,3.392,3.406,117301.2
2026-05-18 08:00:00+00:00,3.406,3.425,3.406,3.422,40826.4
2026-05-18 09:00:00+00:00,3.422,3.425,3.399,3.416,61670.8
2026-05-18 10:00:00+00:00,3.416,3.422,3.356,3.383,386484.8
2026-05-18 11:00:00+00:00,3.383,3.453,3.38,3.429,204576.5
2026-05-18 12:00:00+00:00,3.429,3.474,3.429,3.455,174273.2
2026-05-18 13:00:00+00:00,3.455,3.457,3.399,3.423,215020.7
2026-05-18 14:00:00+00:00,3.423,3.424,3.365,3.379,336672.2
2026-05-18 15:00:00+00:00,3.379,3.396,3.352,3.382,247041.8
2026-05-18 16:00:00+00:00,3.382,3.397,3.365,3.387,171129.6
2026-05-18 17:00:00+00:00,3.387,3.417,3.384,3.407,71133.3
2026-05-18 18:00:00+00:00,3.407,3.41,3.36,3.363,92789.4
2026-05-18 19:00:00+00:00,3.363,3.448,3.361,3.44,320348.1
2026-05-18 20:00:00+00:00,3.44,3.458,3.429,3.441,128819.0
2026-05-18 21:00:00+00:00,3.441,3.526,3.429,3.511,236509.4
2026-05-18 22:00:00+00:00,3.511,3.543,3.511,3.532,176879.9
2026-05-18 23:00:00+00:00,3.532,3.55,3.525,3.542,64504.5
2026-05-19 00:00:00+00:00,3.542,3.585,3.54,3.558,179941.7
2026-05-19 01:00:00+00:00,3.558,3.558,3.521,3.523,92857.1
2026-05-19 02:00:00+00:00,3.523,3.556,3.504,3.523,125569.1
2026-05-19 03:00:00+00:00,3.523,3.551,3.518,3.53,84724.0
2026-05-19 04:00:00+00:00,3.53,3.546,3.513,3.523,72688.0
2026-05-19 05:00:00+00:00,3.523,3.525,3.491,3.51,109834.4
2026-05-19 06:00:00+00:00,3.51,3.532,3.509,3.521,100085.2
2026-05-19 07:00:00+00:00,3.521,3.54,3.511,3.52,84691.9
2026-05-19 08:00:00+00:00,3.52,3.531,3.496,3.515,83569.6
2026-05-19 09:00:00+00:00,3.515,3.521,3.471,3.49,134243.6
2026-05-19 10:00:00+00:00,3.49,3.504,3.47,3.488,104385.9
2026-05-19 11:00:00+00:00,3.488,3.492,3.459,3.463,92502.4
2026-05-19 12:00:00+00:00,3.463,3.487,3.453,3.486,137522.4
2026-05-19 13:00:00+00:00,3.486,3.507,3.464,3.481,181562.2
2026-05-19 14:00:00+00:00,3.481,3.488,3.432,3.458,236093.1
2026-05-19 15:00:00+00:00,3.458,3.471,3.438,3.452,100018.3
2026-05-19 16:00:00+00:00,3.452,3.476,3.441,3.474,74528.3
2026-05-19 17:00:00+00:00,3.474,3.482,3.456,3.479,156045.5
2026-05-19 18:00:00+00:00,3.479,3.496,3.46,3.464,72533.1
2026-05-19 19:00:00+00:00,3.464,3.485,3.452,3.457,78200.5
2026-05-19 20:00:00+00:00,3.457,3.476,3.455,3.472,69606.5
2026-05-19 21:00:00+00:00,3.472,3.486,3.465,3.465,67936.0
2026-05-19 22:00:00+00:00,3.465,3.465,3.435,3.44,59640.1
2026-05-19 23:00:00+00:00,3.44,3.466,3.436,3.449,76891.5
2026-05-20 00:00:00+00:00,3.449,3.457,3.428,3.439,75239.5
2026-05-20 01:00:00+00:00,3.439,3.463,3.423,3.457,65825.1
2026-05-20 02:00:00+00:00,3.457,3.465,3.44,3.446,39641.9
2026-05-20 03:00:00+00:00,3.446,3.464,3.442,3.457,26556.7
2026-05-20 04:00:00+00:00,3.457,3.473,3.457,3.472,70515.6
2026-05-20 05:00:00+00:00,3.472,3.507,3.471,3.497,138314.2
2026-05-20 06:00:00+00:00,3.497,3.58,3.496,3.575,407139.2
2026-05-20 07:00:00+00:00,3.575,3.584,3.539,3.551,268374.8
2026-05-20 08:00:00+00:00,3.551,3.63,3.548,3.595,386048.4
2026-05-20 09:00:00+00:00,3.595,3.649,3.582,3.619,356658.9
2026-05-20 10:00:00+00:00,3.619,3.662,3.614,3.624,236281.3
2026-05-20 11:00:00+00:00,3.624,3.626,3.585,3.593,256580.0
2026-05-20 12:00:00+00:00,3.593,3.612,3.586,3.602,91780.3
2026-05-20 13:00:00+00:00,3.602,3.603,3.549,3.569,165574.3
2026-05-20 14:00:00+00:00,3.569,3.61,3.552,3.6,265682.6
2026-05-20 15:00:00+00:00,3.6,3.646,3.585,3.635,222054.0
2026-05-20 16:00:00+00:00,3.635,3.64,3.586,3.607,160347.7
2026-05-20 17:00:00+00:00,3.607,3.625,3.598,3.608,123102.7
2026-05-20 18:00:00+00:00,3.608,3.62,3.587,3.597,85580.2
2026-05-20 19:00:00+00:00,3.597,3.625,3.586,3.613,99158.0
2026-05-20 20:00:00+00:00,3.613,3.636,3.599,3.632,116703.2
2026-05-20 21:00:00+00:00,3.632,3.641,3.613,3.613,62678.5
2026-05-20 22:00:00+00:00,3.613,3.625,3.592,3.622,84269.0
2026-05-20 23:00:00+00:00,3.622,3.622,3.6,3.612,50328.0
2026-05-21 00:00:00+00:00,3.612,3.654,3.611,3.642,122007.0
2026-05-21 01:00:00+00:00,3.642,3.679,3.642,3.66,155663.1
2026-05-21 02:00:00+00:00,3.66,3.679,3.647,3.649,134531.7
2026-05-21 03:00:00+00:00,3.649,3.668,3.641,3.65,64676.3
2026-05-21 04:00:00+00:00,3.65,3.681,3.647,3.674,90031.4
2026-05-21 05:00:00+00:00,3.674,3.676,3.642,3.654,68637.6
2026-05-21 06:00:00+00:00,3.654,3.663,3.624,3.637,134742.6
2026-05-21 07:00:00+00:00,3.637,3.655,3.617,3.65,89682.8
2026-05-21 08:00:00+00:00,3.65,3.689,3.647,3.647,122742.8
2026-05-21 09:00:00+00:00,3.647,3.662,3.611,3.612,84779.5
2026-05-21 10:00:00+00:00,3.612,3.62,3.567,3.585,253189.3
2026-05-21 11:00:00+00:00,3.585,3.598,3.564,3.57,189292.0
2026-05-21 12:00:00+00:00,3.57,3.588,3.559,3.58,122392.8
2026-05-21 13:00:00+00:00,3.58,3.587,3.542,3.563,296001.5
2026-05-21 14:00:00+00:00,3.563,3.578,3.542,3.556,223156.5
2026-05-21 15:00:00+00:00,3.556,3.573,3.546,3.564,151529.0
2026-05-21 16:00:00+00:00,3.564,3.574,3.523,3.536,172179.0
2026-05-21 17:00:00+00:00,3.536,3.638,3.536,3.608,549773.5
2026-05-21 18:00:00+00:00,3.608,3.628,3.579,3.599,205067.2
2026-05-21 19:00:00+00:00,3.599,3.633,3.591,3.625,169475.8
2026-05-21 20:00:00+00:00,3.625,3.638,3.61,3.611,84262.1
2026-05-21 21:00:00+00:00,3.611,3.621,3.599,3.601,93112.1
2026-05-21 22:00:00+00:00,3.601,3.611,3.589,3.603,67096.0
2026-05-21 23:00:00+00:00,3.603,3.611,3.582,3.605,77051.3
2026-05-22 00:00:00+00:00,3.605,3.607,3.578,3.585,175381.9
2026-05-22 01:00:00+00:00,3.585,3.604,3.564,3.604,69612.9
2026-05-22 02:00:00+00:00,3.604,3.647,3.604,3.628,193291.0
2026-05-22 03:00:00+00:00,3.628,3.65,3.623,3.634,144723.5
2026-05-22 04:00:00+00:00,3.634,3.651,3.613,3.62,79900.3
2026-05-22 05:00:00+00:00,3.62,3.643,3.616,3.628,74824.2
2026-05-22 06:00:00+00:00,3.628,3.632,3.603,3.609,79512.3
2026-05-22 07:00:00+00:00,3.609,3.632,3.595,3.6,135250.4
2026-05-22 08:00:00+00:00,3.6,3.611,3.566,3.589,147367.4
2026-05-22 09:00:00+00:00,3.589,3.603,3.574,3.584,113794.3
2026-05-22 10:00:00+00:00,3.584,3.594,3.568,3.586,84473.8
2026-05-22 11:00:00+00:00,3.586,3.639,3.583,3.637,144983.4
2026-05-22 12:00:00+00:00,3.637,3.676,3.631,3.675,208715.1
2026-05-22 13:00:00+00:00,3.675,3.682,3.639,3.666,290026.3
2026-05-22 14:00:00+00:00,3.666,3.666,3.587,3.6,266880.9
2026-05-22 15:00:00+00:00,3.6,3.616,3.579,3.591,159914.5
2026-05-22 16:00:00+00:00,3.591,3.611,3.574,3.602,188785.8
2026-05-22 17:00:00+00:00,3.602,3.68,3.591,3.608,910551.9
2026-05-22 18:00:00+00:00,3.608,3.609,3.492,3.533,587360.2
2026-05-22 19:00:00+00:00,3.533,3.538,3.447,3.471,744761.6
2026-05-22 20:00:00+00:00,3.471,3.502,3.469,3.496,267965.1
2026-05-22 21:00:00+00:00,3.496,3.536,3.494,3.526,177406.8
2026-05-22 22:00:00+00:00,3.526,3.526,3.489,3.495,131611.4
2026-05-22 23:00:00+00:00,3.495,3.507,3.375,3.401,1282816.0
2026-05-23 00:00:00+00:00,3.401,3.402,3.302,3.33,952217.6
2026-05-23 01:00:00+00:00,3.33,3.366,3.329,3.36,313210.7
2026-05-23 02:00:00+00:00,3.36,3.373,3.355,3.37,107113.4
2026-05-23 03:00:00+00:00,3.37,3.383,3.36,3.372,144955.4
2026-05-23 04:00:00+00:00,3.372,3.372,3.349,3.359,109432.6
2026-05-23 05:00:00+00:00,3.359,3.367,3.34,3.362,114219.5
2026-05-23 06:00:00+00:00,3.362,3.364,3.336,3.346,102097.8
2026-05-23 07:00:00+00:00,3.346,3.348,3.256,3.288,593468.4
2026-05-23 08:00:00+00:00,3.288,3.308,3.273,3.307,196785.6
2026-05-23 09:00:00+00:00,3.307,3.323,3.304,3.305,166375.5
2026-05-23 10:00:00+00:00,3.305,3.312,3.294,3.302,96698.7
2026-05-23 11:00:00+00:00,3.302,3.312,3.297,3.299,55877.5
2026-05-23 12:00:00+00:00,3.299,3.309,3.289,3.306,65769.3
2026-05-23 13:00:00+00:00,3.306,3.374,3.306,3.371,255650.2
2026-05-23 14:00:00+00:00,3.371,3.406,3.351,3.392,638111.4
2026-05-23 15:00:00+00:00,3.392,3.406,3.376,3.399,126587.9
2026-05-23 16:00:00+00:00,3.399,3.423,3.381,3.411,165415.8
2026-05-23 17:00:00+00:00,3.411,3.417,3.39,3.399,67362.8
2026-05-23 18:00:00+00:00,3.399,3.446,3.395,3.426,135186.8
2026-05-23 19:00:00+00:00,3.426,3.444,3.418,3.437,84606.9
2026-05-23 20:00:00+00:00,3.437,3.558,3.426,3.558,373836.1
2026-05-23 21:00:00+00:00,3.558,3.566,3.467,3.484,225167.3
2026-05-23 22:00:00+00:00,3.484,3.495,3.445,3.46,90477.7
2026-05-23 23:00:00+00:00,3.46,3.469,3.451,3.461,55073.7
2026-05-24 00:00:00+00:00,3.461,3.465,3.448,3.456,120156.4
2026-05-24 01:00:00+00:00,3.456,3.465,3.449,3.455,72362.1
2026-05-24 02:00:00+00:00,3.455,3.458,3.437,3.448,59361.5
2026-05-24 03:00:00+00:00,3.448,3.459,3.433,3.442,26932.3
2026-05-24 04:00:00+00:00,3.442,3.451,3.44,3.442,31690.6
2026-05-24 05:00:00+00:00,3.442,3.445,3.425,3.44,39281.6
2026-05-24 06:00:00+00:00,3.44,3.465,3.436,3.459,52321.6
2026-05-24 07:00:00+00:00,3.459,3.466,3.447,3.452,34219.5
2026-05-24 08:00:00+00:00,3.452,3.466,3.444,3.456,59501.1
2026-05-24 09:00:00+00:00,3.456,3.472,3.452,3.465,41041.3
2026-05-24 10:00:00+00:00,3.465,3.47,3.44,3.447,50024.4
2026-05-24 11:00:00+00:00,3.447,3.457,3.44,3.445,45505.2
2026-05-24 12:00:00+00:00,3.445,3.446,3.414,3.426,78349.2
2026-05-24 13:00:00+00:00,3.426,3.431,3.397,3.409,113709.7
2026-05-24 14:00:00+00:00,3.409,3.415,3.342,3.388,282760.8
2026-05-24 15:00:00+00:00,3.388,3.395,3.378,3.386,36288.7
2026-05-24 16:00:00+00:00,3.386,3.4,3.377,3.391,72841.2
2026-05-24 17:00:00+00:00,3.391,3.397,3.386,3.392,33607.7
2026-05-24 18:00:00+00:00,3.392,3.395,3.372,3.382,49268.5
2026-05-24 19:00:00+00:00,3.382,3.388,3.372,3.378,38237.2
2026-05-24 20:00:00+00:00,3.378,3.381,3.36,3.366,57024.0
2026-05-24 21:00:00+00:00,3.366,3.382,3.321,3.33,162176.0
2026-05-24 22:00:00+00:00,3.33,3.382,3.33,3.364,108421.9
2026-05-24 23:00:00+00:00,3.364,3.392,3.364,3.383,51878.3
2026-05-25 00:00:00+00:00,3.383,3.406,3.383,3.391,63750.7
2026-05-25 01:00:00+00:00,3.391,3.395,3.357,3.359,97867.4
2026-05-25 02:00:00+00:00,3.359,3.389,3.359,3.366,56729.0
2026-05-25 03:00:00+00:00,3.366,3.373,3.359,3.368,24217.5
2026-05-25 04:00:00+00:00,3.368,3.397,3.362,3.392,40430.8
2026-05-25 05:00:00+00:00,3.392,3.411,3.386,3.402,62674.1
2026-05-25 06:00:00+00:00,3.402,3.416,3.393,3.402,79611.2
2026-05-25 07:00:00+00:00,3.402,3.439,3.327,3.37,985178.4
2026-05-25 08:00:00+00:00,3.37,3.372,3.356,3.367,155221.6
2026-05-25 09:00:00+00:00,3.367,3.38,3.364,3.368,72453.4
2026-05-25 10:00:00+00:00,3.368,3.387,3.364,3.379,72226.3
2026-05-25 11:00:00+00:00,3.379,3.379,3.356,3.358,121287.6
2026-05-25 12:00:00+00:00,3.358,3.364,3.348,3.352,120126.9
2026-05-25 13:00:00+00:00,3.352,3.375,3.348,3.363,87404.8
2026-05-25 14:00:00+00:00,3.363,3.395,3.361,3.388,95153.1
2026-05-25 15:00:00+00:00,3.388,3.399,3.352,3.365,187760.0
2026-05-25 16:00:00+00:00,3.365,3.381,3.347,3.381,152667.1
2026-05-25 17:00:00+00:00,3.381,3.386,3.361,3.37,90772.7
2026-05-25 18:00:00+00:00,3.37,3.378,3.344,3.35,95519.5
2026-05-25 19:00:00+00:00,3.35,3.354,3.334,3.349,64093.4
2026-05-25 20:00:00+00:00,3.349,3.357,3.32,3.325,79897.0
2026-05-25 21:00:00+00:00,3.325,3.339,3.325,3.333,63372.5
2026-05-25 22:00:00+00:00,3.333,3.339,3.306,3.308,113288.6
2026-05-25 23:00:00+00:00,3.308,3.331,3.303,3.326,59711.7
2026-05-26 00:00:00+00:00,3.326,3.33,3.266,3.283,216071.3
2026-05-26 01:00:00+00:00,3.283,3.29,3.264,3.277,114063.8
2026-05-26 02:00:00+00:00,3.277,3.288,3.268,3.277,63186.8
2026-05-26 03:00:00+00:00,3.277,3.287,3.266,3.285,44460.9
2026-05-26 04:00:00+00:00,3.285,3.302,3.275,3.296,48502.1
2026-05-26 05:00:00+00:00,3.296,3.319,3.286,3.308,64335.4
2026-05-26 06:00:00+00:00,3.308,3.311,3.29,3.3,61051.6
2026-05-26 07:00:00+00:00,3.3,3.303,3.269,3.287,139605.3
2026-05-26 08:00:00+00:00,3.287,3.305,3.286,3.3,70593.4
2026-05-26 09:00:00+00:00,3.3,3.308,3.295,3.301,64498.6
2026-05-26 10:00:00+00:00,3.301,3.363,3.297,3.356,237146.4
2026-05-26 11:00:00+00:00,3.356,3.357,3.336,3.34,105937.7
2026-05-26 12:00:00+00:00,3.34,3.355,3.324,3.354,139500.9
2026-05-26 13:00:00+00:00,3.354,3.361,3.319,3.351,148478.2
2026-05-26 14:00:00+00:00,3.351,3.386,3.314,3.336,289785.3
2026-05-26 15:00:00+00:00,3.336,3.338,3.27,3.292,328412.9
2026-05-26 16:00:00+00:00,3.292,3.296,3.254,3.282,215144.1
2026-05-26 17:00:00+00:00,3.282,3.286,3.222,3.244,549922.2
2026-05-26 18:00:00+00:00,3.244,3.266,3.231,3.24,155912.0
2026-05-26 19:00:00+00:00,3.24,3.264,3.233,3.257,89973.4
2026-05-26 20:00:00+00:00,3.257,3.262,3.248,3.262,60322.2
2026-05-26 21:00:00+00:00,3.262,3.263,3.233,3.241,94480.7
2026-05-26 22:00:00+00:00,3.241,3.251,3.235,3.243,59829.6
2026-05-26 23:00:00+00:00,3.243,3.258,3.243,3.249,63333.9
2026-05-27 00:00:00+00:00,3.249,3.283,3.249,3.281,103851.2
2026-05-27 01:00:00+00:00,3.281,3.281,3.257,3.262,36464.7
2026-05-27 02:00:00+00:00,3.262,3.271,3.247,3.271,42971.5
2026-05-27 03:00:00+00:00,3.271,3.275,3.252,3.257,47000.2
2026-05-27 04:00:00+00:00,3.257,3.263,3.22,3.257,151140.2
2026-05-27 05:00:00+00:00,3.257,3.274,3.256,3.273,84644.6
2026-05-27 06:00:00+00:00,3.273,3.296,3.266,3.289,98551.7
2026-05-27 07:00:00+00:00,3.289,3.298,3.278,3.287,105012.6
2026-05-27 08:00:00+00:00,3.287,3.298,3.266,3.269,80157.2
2026-05-27 09:00:00+00:00,3.269,3.27,3.243,3.264,330824.3
2026-05-27 10:00:00+00:00,3.264,3.277,3.259,3.269,41372.7
2026-05-27 11:00:00+00:00,3.269,3.281,3.26,3.261,104443.8
2026-05-27 12:00:00+00:00,3.261,3.301,3.255,3.283,150763.7
2026-05-27 13:00:00+00:00,3.283,3.286,3.236,3.264,246435.2
2026-05-27 14:00:00+00:00,3.264,3.281,3.239,3.275,211185.2
2026-05-27 15:00:00+00:00,3.275,3.319,3.27,3.293,457578.4
2026-05-27 16:00:00+00:00,3.293,3.303,3.266,3.28,75662.4
2026-05-27 17:00:00+00:00,3.28,3.281,3.241,3.249,135166.8
2026-05-27 18:00:00+00:00,3.249,3.27,3.233,3.267,89607.0
2026-05-27 19:00:00+00:00,3.267,3.277,3.261,3.27,55235.2
2026-05-27 20:00:00+00:00,3.27,3.283,3.262,3.275,53918.4
2026-05-27 21:00:00+00:00,3.275,3.279,3.179,3.211,407040.8
2026-05-27 22:00:00+00:00,3.211,3.235,3.203,3.22,108438.7
2026-05-27 23:00:00+00:00,3.22,3.229,3.057,3.089,2562888.3
2026-05-28 00:00:00+00:00,3.089,3.114,3.076,3.098,473602.6
2026-05-28 01:00:00+00:00,3.098,3.1,3.05,3.068,328799.1
2026-05-28 02:00:00+00:00,3.068,3.082,3.06,3.077,125939.4
2026-05-28 03:00:00+00:00,3.077,3.092,3.029,3.036,565543.4
2026-05-28 04:00:00+00:00,3.036,3.055,3.011,3.054,347061.4
2026-05-28 05:00:00+00:00,3.054,3.055,3.025,3.038,106115.9
2026-05-28 06:00:00+00:00,3.038,3.044,3.021,3.037,101663.6
2026-05-28 07:00:00+00:00,3.037,3.052,3.032,3.04,128696.5
2026-05-28 08:00:00+00:00,3.04,3.046,3.014,3.015,102023.3
2026-05-28 09:00:00+00:00,3.015,3.022,3.005,3.016,98891.4
2026-05-28 10:00:00+00:00,3.016,3.021,3.0,3.002,144185.0
2026-05-28 11:00:00+00:00,3.002,3.014,2.987,3.009,257532.0
2026-05-28 12:00:00+00:00,3.009,3.025,2.993,3.018,215263.5
2026-05-28 13:00:00+00:00,3.018,3.027,2.985,2.999,301005.6
2026-05-28 14:00:00+00:00,2.999,3.029,2.968,3.003,379175.5
2026-05-28 15:00:00+00:00,3.003,3.011,2.976,3.007,240056.6
2026-05-28 16:00:00+00:00,3.007,3.053,2.993,3.039,236166.2
2026-05-28 17:00:00+00:00,3.039,3.07,3.033,3.062,156521.8
2026-05-28 18:00:00+00:00,3.062,3.081,3.06,3.066,126154.9
2026-05-28 19:00:00+00:00,3.066,3.07,3.045,3.045,68688.5
2026-05-28 20:00:00+00:00,3.045,3.068,3.031,3.055,91336.1
2026-05-28 21:00:00+00:00,3.055,3.078,3.05,3.065,102286.4
2026-05-28 22:00:00+00:00,3.065,3.074,3.036,3.042,68515.7
2026-05-28 23:00:00+00:00,3.042,3.057,3.039,3.049,59294.0
2026-05-29 00:00:00+00:00,3.049,3.079,3.049,3.068,246223.3
2026-05-29 01:00:00+00:00,3.068,3.074,3.048,3.055,74734.9
2026-05-29 02:00:00+00:00,3.055,3.063,3.027,3.033,101621.0
2026-05-29 03:00:00+00:00,3.033,3.051,3.027,3.028,82628.9
2026-05-29 04:00:00+00:00,3.028,3.045,3.018,3.044,237262.7
2026-05-29 05:00:00+00:00,3.044,3.056,3.041,3.054,57774.1
2026-05-29 06:00:00+00:00,3.054,3.067,3.049,3.065,79459.6
2026-05-29 07:00:00+00:00,3.065,3.07,3.041,3.053,97494.4
2026-05-29 08:00:00+00:00,3.053,3.066,2.974,2.995,1559760.1
2026-05-29 09:00:00+00:00,2.995,3.029,2.989,3.022,173106.5
2026-05-29 10:00:00+00:00,3.022,3.028,2.996,3.002,511935.3
2026-05-29 11:00:00+00:00,3.002,3.011,2.982,2.992,248981.1
2026-05-29 12:00:00+00:00,2.992,2.995,2.97,2.985,334855.3
2026-05-29 13:00:00+00:00,2.985,3.003,2.974,2.987,204332.2
2026-05-29 14:00:00+00:00,2.987,3.008,2.938,2.989,934948.7
2026-05-29 15:00:00+00:00,2.989,3.067,2.986,3.052,805942.4
2026-05-29 16:00:00+00:00,3.052,3.057,3.025,3.049,239796.7
2026-05-29 17:00:00+00:00,3.049,3.068,3.037,3.041,167595.7
2026-05-29 18:00:00+00:00,3.041,3.052,2.996,3.01,328362.4
2026-05-29 19:00:00+00:00,3.01,3.016,2.983,3.006,112070.8
2026-05-29 20:00:00+00:00,3.006,3.02,3.003,3.017,50960.8
2026-05-29 21:00:00+00:00,3.017,3.027,3.001,3.003,62605.3
2026-05-29 22:00:00+00:00,3.003,3.017,2.999,3.015,31721.4
2026-05-29 23:00:00+00:00,3.015,3.022,3.006,3.017,37080.4
2026-05-30 00:00:00+00:00,3.017,3.05,3.013,3.047,120758.0
2026-05-30 01:00:00+00:00,3.047,3.075,3.044,3.071,180666.9
2026-05-30 02:00:00+00:00,3.071,3.083,3.066,3.079,70178.0
2026-05-30 03:00:00+00:00,3.079,3.083,3.055,3.062,75510.3
2026-05-30 04:00:00+00:00,3.062,3.068,3.016,3.039,198856.6
2026-05-30 05:00:00+00:00,3.039,3.056,3.032,3.052,87812.8
2026-05-30 06:00:00+00:00,3.052,3.058,3.038,3.04,43207.5
2026-05-30 07:00:00+00:00,3.04,3.04,2.987,3.011,445295.0
2026-05-30 08:00:00+00:00,3.011,3.022,3.011,3.017,87088.9
2026-05-30 09:00:00+00:00,3.017,3.028,3.012,3.023,50198.6
2026-05-30 10:00:00+00:00,3.023,3.034,3.023,3.025,100877.9
2026-05-30 11:00:00+00:00,3.025,3.035,3.022,3.031,56478.6
2026-05-30 12:00:00+00:00,3.031,3.033,3.023,3.029,78145.5
2026-05-30 13:00:00+00:00,3.029,3.04,3.025,3.036,51231.4
2026-05-30 14:00:00+00:00,3.036,3.049,3.035,3.044,99087.6
2026-05-30 15:00:00+00:00,3.044,3.05,3.01,3.044,210908.0
2026-05-30 16:00:00+00:00,3.044,3.057,3.039,3.055,111860.8
2026-05-30 17:00:00+00:00,3.055,3.066,3.042,3.064,153318.5
2026-05-30 18:00:00+00:00,3.064,3.072,3.056,3.068,81489.4
2026-05-30 19:00:00+00:00,3.068,3.072,3.059,3.065,59503.3
2026-05-30 20:00:00+00:00,3.065,3.073,3.063,3.07,77390.0
2026-05-30 21:00:00+00:00,3.07,3.078,3.067,3.07,70729.2
2026-05-30 22:00:00+00:00,3.07,3.07,3.037,3.046,247177.0
2026-05-30 23:00:00+00:00,3.046,3.053,3.039,3.053,63142.2
2026-05-31 00:00:00+00:00,3.053,3.064,3.047,3.055,160545.1
2026-05-31 01:00:00+00:00,3.055,3.068,3.009,3.045,305961.9
2026-05-31 02:00:00+00:00,3.045,3.066,3.04,3.059,83733.0
2026-05-31 03:00:00+00:00,3.059,3.068,3.056,3.062,39217.1
2026-05-31 04:00:00+00:00,3.062,3.068,3.056,3.068,23078.6
2026-05-31 05:00:00+00:00,3.068,3.068,3.048,3.051,46223.0
2026-05-31 06:00:00+00:00,3.051,3.055,3.043,3.049,59527.1
2026-05-31 07:00:00+00:00,3.049,3.049,3.021,3.034,119175.6
2026-05-31 08:00:00+00:00,3.034,3.046,3.031,3.039,54606.4
2026-05-31 09:00:00+00:00,3.039,3.044,3.022,3.026,55695.1
2026-05-31 10:00:00+00:00,3.026,3.03,3.012,3.029,86934.9
2026-05-31 11:00:00+00:00,3.029,3.037,3.028,3.032,42460.5
2026-05-31 12:00:00+00:00,3.032,3.042,3.023,3.036,75688.8
2026-05-31 13:00:00+00:00,3.036,3.05,3.026,3.028,81869.6
2026-05-31 14:00:00+00:00,3.028,3.029,2.967,2.985,779286.3
2026-05-31 15:00:00+00:00,2.985,3.009,2.981,2.986,98104.6
2026-05-31 16:00:00+00:00,2.986,2.991,2.959,2.962,282728.5
2026-05-31 17:00:00+00:00,2.962,2.98,2.954,2.98,191529.7
2026-05-31 18:00:00+00:00,2.98,2.982,2.971,2.98,49906.9
2026-05-31 19:00:00+00:00,2.98,2.99,2.972,2.987,192333.4
2026-05-31 20:00:00+00:00,2.987,3.006,2.987,3.003,72527.6
2026-05-31 21:00:00+00:00,3.003,3.021,3.0,3.018,86318.0
2026-05-31 22:00:00+00:00,3.018,3.027,3.003,3.024,81710.2
2026-05-31 23:00:00+00:00,3.024,3.041,2.996,3.023,211582.0
2026-06-01 00:00:00+00:00,3.023,3.043,3.019,3.03,114302.2
2026-06-01 01:00:00+00:00,3.03,3.031,2.982,2.984,125666.2
2026-06-01 02:00:00+00:00,2.984,3.031,2.977,3.023,146851.7
2026-06-01 03:00:00+00:00,3.023,3.041,3.02,3.023,101572.8
2026-06-01 04:00:00+00:00,3.023,3.032,2.991,3.003,83302.7
2026-06-01 05:00:00+00:00,3.003,3.006,2.988,2.991,63245.0
2026-06-01 06:00:00+00:00,2.991,2.995,2.961,2.977,245700.7
2026-06-01 07:00:00+00:00,2.977,2.985,2.948,2.953,207055.6
2026-06-01 08:00:00+00:00,2.953,2.961,2.93,2.955,311145.5
2026-06-01 09:00:00+00:00,2.955,2.976,2.955,2.969,154082.3
2026-06-01 10:00:00+00:00,2.969,2.975,2.958,2.972,85326.6
2026-06-01 11:00:00+00:00,2.972,2.979,2.952,2.961,125278.0
2026-06-01 12:00:00+00:00,2.961,2.973,2.932,2.958,206309.4
2026-06-01 13:00:00+00:00,2.958,2.96,2.905,2.928,819313.5
2026-06-01 14:00:00+00:00,2.928,2.941,2.914,2.929,260643.4
2026-06-01 15:00:00+00:00,2.929,2.944,2.904,2.93,217591.2
2026-06-01 16:00:00+00:00,2.93,2.965,2.909,2.962,262895.2
2026-06-01 17:00:00+00:00,2.962,3.001,2.96,2.992,329140.3
2026-06-01 18:00:00+00:00,2.992,2.994,2.973,2.979,210587.7
2026-06-01 19:00:00+00:00,2.979,2.999,2.973,2.994,73505.0
2026-06-01 20:00:00+00:00,2.994,2.997,2.98,2.985,56889.2
2026-06-01 21:00:00+00:00,2.985,2.985,2.955,2.957,181931.6
2026-06-01 22:00:00+00:00,2.957,2.982,2.94,2.98,96098.7
2026-06-01 23:00:00+00:00,2.98,2.988,2.968,2.982,78590.2
2026-06-02 00:00:00+00:00,2.982,2.983,2.963,2.966,66312.7
2026-06-02 01:00:00+00:00,2.966,2.968,2.921,2.923,172813.1
2026-06-02 02:00:00+00:00,2.923,2.946,2.893,2.946,301769.1
2026-06-02 03:00:00+00:00,2.946,2.964,2.944,2.962,64435.4
2026-06-02 04:00:00+00:00,2.962,2.967,2.938,2.94,99351.6
2026-06-02 05:00:00+00:00,2.94,2.951,2.916,2.917,178142.8
2026-06-02 06:00:00+00:00,2.917,2.928,2.898,2.907,211438.9
2026-06-02 07:00:00+00:00,2.907,2.922,2.884,2.906,183136.6
2026-06-02 08:00:00+00:00,2.906,2.916,2.9,2.907,138985.7
2026-06-02 09:00:00+00:00,2.907,2.911,2.89,2.9,147503.7
2026-06-02 10:00:00+00:00,2.9,2.924,2.893,2.92,107363.2
2026-06-02 11:00:00+00:00,2.92,2.922,2.897,2.906,103448.1
2026-06-02 12:00:00+00:00,2.906,2.922,2.901,2.918,123349.9
2026-06-02 13:00:00+00:00,2.918,2.924,2.902,2.907,167778.6
2026-06-02 14:00:00+00:00,2.907,2.908,2.795,2.838,1167221.9
2026-06-02 15:00:00+00:00,2.838,2.843,2.764,2.798,1245310.6
2026-06-02 16:00:00+00:00,2.798,2.862,2.79,2.828,409189.4
2026-06-02 17:00:00+00:00,2.828,2.862,2.828,2.848,123963.2
2026-06-02 18:00:00+00:00,2.848,2.863,2.812,2.827,145411.1
2026-06-02 19:00:00+00:00,2.827,2.841,2.77,2.831,461692.1
2026-06-02 20:00:00+00:00,2.831,2.846,2.807,2.84,133597.5
2026-06-02 21:00:00+00:00,2.84,2.864,2.822,2.833,215734.8
2026-06-02 22:00:00+00:00,2.833,2.833,2.756,2.764,505629.3
2026-06-02 23:00:00+00:00,2.764,2.8,2.733,2.799,874618.7
2026-06-03 00:00:00+00:00,2.799,2.833,2.786,2.823,357988.1
2026-06-03 01:00:00+00:00,2.823,2.83,2.791,2.819,146089.8
2026-06-03 02:00:00+00:00,2.819,2.819,2.8,2.811,122182.1
2026-06-03 03:00:00+00:00,2.811,2.819,2.749,2.766,309823.7
2026-06-03 04:00:00+00:00,2.766,2.822,2.766,2.82,141333.6
2026-06-03 05:00:00+00:00,2.82,2.865,2.82,2.857,261440.2
2026-06-03 06:00:00+00:00,2.857,2.872,2.845,2.851,176621.1
2026-06-03 07:00:00+00:00,2.851,2.874,2.844,2.869,96514.0
2026-06-03 08:00:00+00:00,2.869,2.884,2.861,2.874,298565.7
2026-06-03 09:00:00+00:00,2.874,2.879,2.856,2.865,143392.1
2026-06-03 10:00:00+00:00,2.865,2.895,2.865,2.889,91835.2
2026-06-03 11:00:00+00:00,2.889,2.935,2.889,2.894,294217.7
2026-06-03 12:00:00+00:00,2.894,2.912,2.868,2.907,250087.8
2026-06-03 13:00:00+00:00,2.907,2.916,2.889,2.908,113624.3
2026-06-03 14:00:00+00:00,2.908,2.926,2.889,2.924,211486.7
2026-06-03 15:00:00+00:00,2.924,2.93,2.891,2.899,221056.5
2026-06-03 16:00:00+00:00,2.899,2.907,2.822,2.851,480259.0
2026-06-03 17:00:00+00:00,2.851,2.867,2.819,2.845,251241.2
2026-06-03 18:00:00+00:00,2.845,2.861,2.824,2.859,153705.1
2026-06-03 19:00:00+00:00,2.859,2.863,2.814,2.822,197154.4
2026-06-03 20:00:00+00:00,2.822,2.845,2.764,2.781,331384.9
2026-06-03 21:00:00+00:00,2.781,2.862,2.772,2.859,171979.1
2026-06-03 22:00:00+00:00,2.859,2.869,2.814,2.823,142282.8
2026-06-03 23:00:00+00:00,2.823,2.826,2.793,2.797,136302.2
2026-06-04 00:00:00+00:00,2.797,2.823,2.738,2.766,411712.1
2026-06-04 01:00:00+00:00,2.766,2.776,2.652,2.663,1447823.9
2026-06-04 02:00:00+00:00,2.663,2.704,2.566,2.691,1399121.1
2026-06-04 03:00:00+00:00,2.691,2.764,2.691,2.755,373618.6
2026-06-04 04:00:00+00:00,2.755,2.768,2.731,2.739,411789.5
2026-06-04 05:00:00+00:00,2.739,2.739,2.696,2.706,335434.8
2026-06-04 06:00:00+00:00,2.706,2.734,2.698,2.713,176799.3
2026-06-04 07:00:00+00:00,2.713,2.721,2.669,2.67,287348.6
2026-06-04 08:00:00+00:00,2.67,2.693,2.65,2.682,252946.5
2026-06-04 09:00:00+00:00,2.682,2.683,2.611,2.65,513826.6
2026-06-04 10:00:00+00:00,2.65,2.652,2.607,2.615,607531.0
2026-06-04 11:00:00+00:00,2.615,2.648,2.603,2.63,371633.4
2026-06-04 12:00:00+00:00,2.63,2.685,2.605,2.678,357490.6
2026-06-04 13:00:00+00:00,2.678,2.685,2.631,2.681,246972.9
2026-06-04 14:00:00+00:00,2.681,2.69,2.657,2.666,113445.2
2026-06-04 15:00:00+00:00,2.666,2.705,2.664,2.693,179903.6
2026-06-04 16:00:00+00:00,2.693,2.693,2.651,2.665,210194.9
2026-06-04 17:00:00+00:00,2.665,2.673,2.623,2.656,200459.4
2026-06-04 18:00:00+00:00,2.656,2.684,2.633,2.674,143601.8
2026-06-04 19:00:00+00:00,2.674,2.688,2.657,2.661,96861.4
2026-06-04 20:00:00+00:00,2.661,2.663,2.642,2.658,74317.2
2026-06-04 21:00:00+00:00,2.658,2.674,2.605,2.61,172911.2
2026-06-04 22:00:00+00:00,2.61,2.641,2.599,2.638,182951.2
2026-06-04 23:00:00+00:00,2.638,2.654,2.618,2.652,109781.1
2026-06-05 00:00:00+00:00,2.652,2.664,2.622,2.624,201233.1
2026-06-05 01:00:00+00:00,2.624,2.635,2.591,2.622,222161.9
2026-06-05 02:00:00+00:00,2.622,2.624,2.563,2.567,286873.6
2026-06-05 03:00:00+00:00,2.567,2.596,2.553,2.566,249918.3
2026-06-05 04:00:00+00:00,2.566,2.614,2.554,2.61,281346.5
2026-06-05 05:00:00+00:00,2.61,2.617,2.522,2.526,469297.0
2026-06-05 06:00:00+00:00,2.526,2.533,2.404,2.492,1698949.1
2026-06-05 07:00:00+00:00,2.492,2.551,2.453,2.55,751876.3
2026-06-05 08:00:00+00:00,2.55,2.552,2.51,2.517,354464.2
2026-06-05 09:00:00+00:00,2.517,2.573,2.517,2.561,278799.5
2026-06-05 10:00:00+00:00,2.561,2.568,2.529,2.55,129866.6
2026-06-05 11:00:00+00:00,2.55,2.551,2.505,2.51,382090.6
2026-06-05 12:00:00+00:00,2.51,2.531,2.479,2.511,420723.5
2026-06-05 13:00:00+00:00,2.511,2.542,2.442,2.443,698437.0
2026-06-05 14:00:00+00:00,2.443,2.491,2.422,2.468,815817.8
2026-06-05 15:00:00+00:00,2.468,2.471,2.398,2.42,936289.7
2026-06-05 16:00:00+00:00,2.42,2.485,2.368,2.473,1834903.3
2026-06-05 17:00:00+00:00,2.473,2.485,2.448,2.47,423413.8
2026-06-05 18:00:00+00:00,2.47,2.481,2.367,2.378,714144.4
2026-06-05 19:00:00+00:00,2.378,2.441,2.34,2.426,765800.8
2026-06-05 20:00:00+00:00,2.426,2.479,2.4,2.472,531438.2
2026-06-05 21:00:00+00:00,2.472,2.494,2.469,2.488,187069.1
2026-06-05 22:00:00+00:00,2.488,2.49,2.456,2.477,235747.0
2026-06-05 23:00:00+00:00,2.477,2.489,2.427,2.458,321140.7
2026-06-06 00:00:00+00:00,2.458,2.485,2.458,2.477,175700.9
2026-06-06 01:00:00+00:00,2.477,2.482,2.446,2.447,97461.0
2026-06-06 02:00:00+00:00,2.447,2.448,2.421,2.426,170149.7
2026-06-06 03:00:00+00:00,2.426,2.429,2.399,2.411,132742.9
2026-06-06 04:00:00+00:00,2.411,2.423,2.314,2.337,568295.0
2026-06-06 05:00:00+00:00,2.337,2.417,2.311,2.414,680266.7
2026-06-06 06:00:00+00:00,2.414,2.44,2.411,2.415,395551.5
2026-06-06 07:00:00+00:00,2.415,2.446,2.412,2.437,223568.0
2026-06-06 08:00:00+00:00,2.437,2.461,2.432,2.447,194039.2
2026-06-06 09:00:00+00:00,2.447,2.466,2.429,2.436,172561.7
2026-06-06 10:00:00+00:00,2.436,2.437,2.389,2.408,330745.0
2026-06-06 11:00:00+00:00,2.408,2.434,2.405,2.425,128230.4
2026-06-06 12:00:00+00:00,2.425,2.458,2.417,2.452,129114.3
2026-06-06 13:00:00+00:00,2.452,2.456,2.433,2.439,77099.1
2026-06-06 14:00:00+00:00,2.439,2.456,2.437,2.44,94143.7
2026-06-06 15:00:00+00:00,2.44,2.448,2.406,2.442,212835.7
2026-06-06 16:00:00+00:00,2.442,2.452,2.421,2.445,112998.9
2026-06-06 17:00:00+00:00,2.445,2.449,2.415,2.419,146140.2
2026-06-06 18:00:00+00:00,2.419,2.437,2.414,2.427,76671.1
2026-06-06 19:00:00+00:00,2.427,2.437,2.416,2.417,59042.5
2026-06-06 20:00:00+00:00,2.417,2.432,2.412,2.43,92588.9
2026-06-06 21:00:00+00:00,2.43,2.448,2.43,2.438,59974.9
2026-06-06 22:00:00+00:00,2.438,2.445,2.427,2.439,83889.6
2026-06-06 23:00:00+00:00,2.439,2.467,2.436,2.463,101104.5
2026-06-07 00:00:00+00:00,2.463,2.478,2.46,2.467,163508.7
2026-06-07 01:00:00+00:00,2.467,2.517,2.464,2.517,384388.3
2026-06-07 02:00:00+00:00,2.517,2.519,2.496,2.51,113290.0
2026-06-07 03:00:00+00:00,2.51,2.536,2.504,2.527,106659.1
2026-06-07 04:00:00+00:00,2.527,2.552,2.51,2.547,187987.2
2026-06-07 05:00:00+00:00,2.547,2.561,2.538,2.546,238041.5
2026-06-07 06:00:00+00:00,2.546,2.567,2.533,2.554,285293.0
2026-06-07 07:00:00+00:00,2.554,2.573,2.546,2.573,147859.2
2026-06-07 08:00:00+00:00,2.573,2.594,2.561,2.593,161669.1
2026-06-07 09:00:00+00:00,2.593,2.603,2.573,2.573,188853.1
2026-06-07 10:00:00+00:00,2.573,2.575,2.546,2.547,139177.7
2026-06-07 11:00:00+00:00,2.547,2.556,2.539,2.543,89282.9
2026-06-07 12:00:00+00:00,2.543,2.544,2.493,2.513,295046.5
2026-06-07 13:00:00+00:00,2.513,2.52,2.502,2.51,73308.0
2026-06-07 14:00:00+00:00,2.51,2.539,2.509,2.526,94896.3
2026-06-07 15:00:00+00:00,2.526,2.526,2.501,2.51,111078.2
2026-06-07 16:00:00+00:00,2.51,2.527,2.509,2.523,60140.9
2026-06-07 17:00:00+00:00,2.523,2.533,2.51,2.514,59135.2
2026-06-07 18:00:00+00:00,2.514,2.519,2.506,2.508,39516.7
2026-06-07 19:00:00+00:00,2.508,2.509,2.471,2.486,217773.9
2026-06-07 20:00:00+00:00,2.486,2.513,2.481,2.5,83390.4
2026-06-07 21:00:00+00:00,2.5,2.511,2.493,2.502,58564.2
2026-06-07 22:00:00+00:00,2.502,2.628,2.502,2.55,829080.2
2026-06-07 23:00:00+00:00,2.55,2.577,2.547,2.57,142278.7
2026-06-08 00:00:00+00:00,2.57,2.59,2.55,2.575,190026.3
2026-06-08 01:00:00+00:00,2.575,2.581,2.534,2.561,152809.5
2026-06-08 02:00:00+00:00,2.561,2.573,2.553,2.559,132876.4
2026-06-08 03:00:00+00:00,2.559,2.565,2.545,2.559,72999.3
2026-06-08 04:00:00+00:00,2.559,2.561,2.533,2.535,88110.4
2026-06-08 05:00:00+00:00,2.535,2.541,2.522,2.541,127627.7
2026-06-08 06:00:00+00:00,2.541,2.561,2.537,2.538,89019.4
2026-06-08 07:00:00+00:00,2.538,2.553,2.526,2.54,121959.9
2026-06-08 08:00:00+00:00,2.54,2.541,2.506,2.51,89130.0
2026-06-08 09:00:00+00:00,2.51,2.534,2.506,2.532,159058.1
2026-06-08 10:00:00+00:00,2.532,2.534,2.507,2.509,126182.1
2026-06-08 11:00:00+00:00,2.509,2.545,2.5,2.525,163472.3
2026-06-08 12:00:00+00:00,2.525,2.559,2.494,2.552,300973.1
2026-06-08 13:00:00+00:00,2.552,2.556,2.528,2.547,159888.7
2026-06-08 14:00:00+00:00,2.547,2.565,2.533,2.56,176333.9
2026-06-08 15:00:00+00:00,2.56,2.582,2.56,2.568,115906.8
2026-06-08 16:00:00+00:00,2.568,2.599,2.557,2.56,116509.5
2026-06-08 17:00:00+00:00,2.56,2.571,2.548,2.571,64448.4
2026-06-08 18:00:00+00:00,2.571,2.589,2.565,2.581,134239.5
2026-06-08 19:00:00+00:00,2.581,2.606,2.581,2.586,138873.4
2026-06-08 20:00:00+00:00,2.586,2.588,2.569,2.58,83268.2
2026-06-08 21:00:00+00:00,2.58,2.599,2.565,2.566,181562.3
2026-06-08 22:00:00+00:00,2.566,2.566,2.538,2.548,129019.0
2026-06-08 23:00:00+00:00,2.548,2.551,2.507,2.513,123772.8
2026-06-09 00:00:00+00:00,2.513,2.514,2.454,2.466,587996.1
2026-06-09 01:00:00+00:00,2.466,2.485,2.453,2.479,140259.3
2026-06-09 02:00:00+00:00,2.479,2.489,2.467,2.489,72218.0
2026-06-09 03:00:00+00:00,2.489,2.494,2.481,2.49,56757.4
2026-06-09 04:00:00+00:00,2.49,2.524,2.485,2.509,153679.4
2026-06-09 05:00:00+00:00,2.509,2.536,2.498,2.531,84789.5
2026-06-09 06:00:00+00:00,2.531,2.543,2.52,2.521,66187.4
2026-06-09 07:00:00+00:00,2.521,2.536,2.513,2.522,126626.0
2026-06-09 08:00:00+00:00,2.522,2.526,2.506,2.518,111149.9
2026-06-09 09:00:00+00:00,2.518,2.519,2.494,2.503,65285.5
2026-06-09 10:00:00+00:00,2.503,2.509,2.495,2.505,112050.1
2026-06-09 11:00:00+00:00,2.505,2.511,2.489,2.509,74129.8
2026-06-09 12:00:00+00:00,2.509,2.524,2.507,2.521,98467.9
2026-06-09 13:00:00+00:00,2.521,2.53,2.507,2.51,176143.6
2026-06-09 14:00:00+00:00,2.51,2.516,2.459,2.484,288791.4
2026-06-09 15:00:00+00:00,2.484,2.498,2.459,2.464,199102.2
2026-06-09 16:00:00+00:00,2.464,2.473,2.433,2.458,384311.6
2026-06-09 17:00:00+00:00,2.458,2.495,2.458,2.481,131470.6
2026-06-09 18:00:00+00:00,2.481,2.499,2.476,2.486,86118.5
2026-06-09 19:00:00+00:00,2.486,2.503,2.481,2.497,88769.0
2026-06-09 20:00:00+00:00,2.497,2.511,2.493,2.503,60253.4
2026-06-09 21:00:00+00:00,2.503,2.511,2.481,2.484,67609.8
2026-06-09 22:00:00+00:00,2.484,2.497,2.467,2.468,103658.2
2026-06-09 23:00:00+00:00,2.468,2.48,2.464,2.476,90761.3
2026-06-10 00:00:00+00:00,2.476,2.491,2.46,2.491,138578.9
2026-06-10 01:00:00+00:00,2.491,2.494,2.461,2.471,132543.4
2026-06-10 02:00:00+00:00,2.471,2.476,2.443,2.451,107153.9
2026-06-10 03:00:00+00:00,2.451,2.469,2.45,2.462,60156.2
2026-06-10 04:00:00+00:00,2.462,2.464,2.44,2.446,54077.0
2026-06-10 05:00:00+00:00,2.446,2.45,2.436,2.445,58401.9
2026-06-10 06:00:00+00:00,2.445,2.454,2.434,2.447,57710.8
2026-06-10 07:00:00+00:00,2.447,2.47,2.447,2.461,68160.0
2026-06-10 08:00:00+00:00,2.461,2.462,2.435,2.44,112317.7
2026-06-10 09:00:00+00:00,2.44,2.454,2.424,2.45,121842.7
2026-06-10 10:00:00+00:00,2.45,2.456,2.437,2.453,135419.9
2026-06-10 11:00:00+00:00,2.453,2.458,2.421,2.433,368260.4
2026-06-10 12:00:00+00:00,2.433,2.481,2.421,2.465,410372.9
2026-06-10 13:00:00+00:00,2.465,2.515,2.464,2.494,293644.1
2026-06-10 14:00:00+00:00,2.494,2.502,2.469,2.487,195841.6
2026-06-10 15:00:00+00:00,2.487,2.505,2.471,2.498,247768.9
2026-06-10 16:00:00+00:00,2.498,2.502,2.453,2.465,218668.6
2026-06-10 17:00:00+00:00,2.465,2.475,2.432,2.44,203446.9
2026-06-10 18:00:00+00:00,2.44,2.443,2.395,2.405,203446.9
2026-06-10 19:00:00+00:00,2.405,2.413,2.391,2.397,186826.1
2026-06-10 20:00:00+00:00,2.397,2.408,2.378,2.39,226852.9
2026-06-10 21:00:00+00:00,2.39,2.396,2.365,2.377,118922.4
2026-06-10 22:00:00+00:00,2.377,2.387,2.364,2.373,154411.9
2026-06-10 23:00:00+00:00,2.373,2.399,2.366,2.393,152375.2
2026-06-11 00:00:00+00:00,2.393,2.415,2.393,2.405,132188.1
2026-06-11 01:00:00+00:00,2.405,2.435,2.405,2.426,158139.0
2026-06-11 02:00:00+00:00,2.426,2.439,2.418,2.436,91955.3
2026-06-11 03:00:00+00:00,2.436,2.502,2.434,2.486,504463.5
2026-06-11 04:00:00+00:00,2.486,2.498,2.473,2.49,158440.7
2026-06-11 05:00:00+00:00,2.49,2.494,2.479,2.479,109538.0
2026-06-11 06:00:00+00:00,2.479,2.501,2.465,2.485,146536.6
2026-06-11 07:00:00+00:00,2.485,2.506,2.48,2.504,102671.8
2026-06-11 08:00:00+00:00,2.504,2.535,2.5,2.522,195479.2
2026-06-11 09:00:00+00:00,2.522,2.523,2.499,2.516,138774.7
2026-06-11 10:00:00+00:00,2.516,2.522,2.505,2.515,106417.0
2026-06-11 11:00:00+00:00,2.515,2.535,2.512,2.524,248207.5
2026-06-11 12:00:00+00:00,2.524,2.527,2.487,2.504,400168.2
2026-06-11 13:00:00+00:00,2.504,2.514,2.486,2.5,194715.9
2026-06-11 14:00:00+00:00,2.5,2.525,2.493,2.498,144702.7
2026-06-11 15:00:00+00:00,2.498,2.565,2.488,2.55,582593.1
2026-06-11 16:00:00+00:00,2.55,2.554,2.506,2.51,225432.9
2026-06-11 17:00:00+00:00,2.51,2.558,2.48,2.551,695904.3
2026-06-11 18:00:00+00:00,2.551,2.556,2.519,2.52,207589.2
2026-06-11 19:00:00+00:00,2.52,2.526,2.502,2.504,143215.2
2026-06-11 20:00:00+00:00,2.504,2.507,2.48,2.489,153832.0
2026-06-11 21:00:00+00:00,2.489,2.502,2.485,2.487,102561.1
2026-06-11 22:00:00+00:00,2.487,2.517,2.482,2.512,128259.1
2026-06-11 23:00:00+00:00,2.512,2.518,2.489,2.494,173343.9
2026-06-12 00:00:00+00:00,2.494,2.512,2.489,2.502,102588.3
2026-06-12 01:00:00+00:00,2.502,2.504,2.491,2.503,205654.4
2026-06-12 02:00:00+00:00,2.503,2.524,2.502,2.515,71186.8
2026-06-12 03:00:00+00:00,2.515,2.521,2.506,2.521,66777.1
2026-06-12 04:00:00+00:00,2.521,2.528,2.51,2.52,51369.3
2026-06-12 05:00:00+00:00,2.52,2.522,2.496,2.499,93644.2
2026-06-12 06:00:00+00:00,2.499,2.502,2.475,2.486,182663.5
2026-06-12 07:00:00+00:00,2.486,2.52,2.483,2.509,152314.6
2026-06-12 08:00:00+00:00,2.509,2.521,2.507,2.517,88121.3
2026-06-12 09:00:00+00:00,2.517,2.542,2.514,2.531,122389.7
2026-06-12 10:00:00+00:00,2.531,2.539,2.521,2.529,114231.4
2026-06-12 11:00:00+00:00,2.529,2.533,2.522,2.532,65317.4
2026-06-12 12:00:00+00:00,2.532,2.539,2.521,2.532,141442.0
2026-06-12 13:00:00+00:00,2.532,2.533,2.497,2.509,267932.5
2026-06-12 14:00:00+00:00,2.509,2.558,2.505,2.55,390275.1
2026-06-12 15:00:00+00:00,2.55,2.56,2.508,2.51,325344.0
2026-06-12 16:00:00+00:00,2.51,2.544,2.502,2.536,177474.0
2026-06-12 17:00:00+00:00,2.536,2.541,2.518,2.528,93614.6
2026-06-12 18:00:00+00:00,2.528,2.532,2.513,2.516,70472.2
2026-06-12 19:00:00+00:00,2.516,2.537,2.515,2.517,71512.5
2026-06-12 20:00:00+00:00,2.517,2.523,2.506,2.515,68442.8
2026-06-12 21:00:00+00:00,2.515,2.521,2.502,2.507,54585.0
2026-06-12 22:00:00+00:00,2.507,2.512,2.497,2.502,50239.9
2026-06-12 23:00:00+00:00,2.502,2.502,2.486,2.497,92340.8
2026-06-13 00:00:00+00:00,2.497,2.499,2.488,2.495,75202.6
2026-06-13 01:00:00+00:00,2.495,2.514,2.493,2.508,150321.7
2026-06-13 02:00:00+00:00,2.508,2.513,2.498,2.501,84585.4
2026-06-13 03:00:00+00:00,2.501,2.508,2.491,2.498,87178.8
2026-06-13 04:00:00+00:00,2.498,2.502,2.487,2.487,27653.6
2026-06-13 05:00:00+00:00,2.487,2.494,2.482,2.489,70481.8
2026-06-13 06:00:00+00:00,2.489,2.508,2.485,2.503,71370.9
2026-06-13 07:00:00+00:00,2.503,2.522,2.495,2.515,121996.4
2026-06-13 08:00:00+00:00,2.515,2.523,2.508,2.512,66529.0
2026-06-13 09:00:00+00:00,2.512,2.521,2.509,2.517,48197.4
2026-06-13 10:00:00+00:00,2.517,2.534,2.516,2.529,89607.4
2026-06-13 11:00:00+00:00,2.529,2.55,2.528,2.548,112427.3
2026-06-13 12:00:00+00:00,2.548,2.559,2.541,2.553,105828.1
2026-06-13 13:00:00+00:00,2.553,2.559,2.543,2.55,70658.6
2026-06-13 14:00:00+00:00,2.55,2.563,2.549,2.562,53369.6
2026-06-13 15:00:00+00:00,2.562,2.582,2.56,2.57,154724.2
2026-06-13 16:00:00+00:00,2.57,2.571,2.531,2.541,139707.0
2026-06-13 17:00:00+00:00,2.541,2.556,2.531,2.541,116548.5
2026-06-13 18:00:00+00:00,2.541,2.55,2.538,2.542,72456.3
2026-06-13 19:00:00+00:00,2.542,2.554,2.536,2.539,65315.9
2026-06-13 20:00:00+00:00,2.539,2.545,2.534,2.545,51753.9
2026-06-13 21:00:00+00:00,2.545,2.565,2.531,2.559,87382.0
2026-06-13 22:00:00+00:00,2.559,2.561,2.548,2.549,39872.6
2026-06-13 23:00:00+00:00,2.549,2.561,2.548,2.555,40003.5
2026-06-14 00:00:00+00:00,2.555,2.556,2.542,2.544,39884.7
2026-06-14 01:00:00+00:00,2.544,2.558,2.541,2.551,103033.2
2026-06-14 02:00:00+00:00,2.551,2.561,2.547,2.557,48539.0
2026-06-14 03:00:00+00:00,2.557,2.558,2.544,2.55,59113.5
2026-06-14 04:00:00+00:00,2.55,2.551,2.526,2.53,70415.8
2026-06-14 05:00:00+00:00,2.53,2.535,2.514,2.532,50645.0
2026-06-14 06:00:00+00:00,2.532,2.543,2.525,2.527,70760.6
2026-06-14 07:00:00+00:00,2.527,2.532,2.521,2.528,34350.6
2026-06-14 08:00:00+00:00,2.528,2.541,2.524,2.528,40941.3
2026-06-14 09:00:00+00:00,2.528,2.531,2.511,2.531,55212.8
2026-06-14 10:00:00+00:00,2.531,2.535,2.52,2.52,47607.2
2026-06-14 11:00:00+00:00,2.52,2.526,2.517,2.522,37861.8
2026-06-14 12:00:00+00:00,2.522,2.526,2.509,2.513,41847.0
2026-06-14 13:00:00+00:00,2.513,2.521,2.504,2.521,97587.5
2026-06-14 14:00:00+00:00,2.521,2.524,2.473,2.479,252593.7
2026-06-14 15:00:00+00:00,2.479,2.494,2.478,2.49,132211.8
2026-06-14 16:00:00+00:00,2.49,2.497,2.484,2.489,69407.6
2026-06-14 17:00:00+00:00,2.489,2.492,2.477,2.48,54839.7
2026-06-14 18:00:00+00:00,2.48,2.487,2.475,2.483,33675.8
2026-06-14 19:00:00+00:00,2.483,2.483,2.464,2.478,114869.5
2026-06-14 20:00:00+00:00,2.478,2.497,2.476,2.488,61641.4
2026-06-14 21:00:00+00:00,2.488,2.596,2.487,2.575,253570.0
2026-06-14 22:00:00+00:00,2.575,2.595,2.551,2.577,380593.9
2026-06-14 23:00:00+00:00,2.577,2.591,2.564,2.59,137044.7
2026-06-15 00:00:00+00:00,2.59,2.606,2.572,2.583,198303.7
2026-06-15 01:00:00+00:00,2.583,2.585,2.559,2.569,141272.4
2026-06-15 02:00:00+00:00,2.569,2.594,2.564,2.572,85026.2
2026-06-15 03:00:00+00:00,2.572,2.589,2.57,2.581,70929.7
2026-06-15 04:00:00+00:00,2.581,2.589,2.574,2.58,88781.8
2026-06-15 05:00:00+00:00,2.58,2.603,2.575,2.601,65282.4
2026-06-15 06:00:00+00:00,2.601,2.611,2.594,2.594,106588.1
2026-06-15 07:00:00+00:00,2.594,2.616,2.589,2.592,146073.6
2026-06-15 08:00:00+00:00,2.592,2.615,2.589,2.605,138907.1
2026-06-15 09:00:00+00:00,2.605,2.627,2.597,2.615,167178.7
2026-06-15 10:00:00+00:00,2.615,2.663,2.613,2.65,404857.2
2026-06-15 11:00:00+00:00,2.65,2.69,2.638,2.683,316169.6
2026-06-15 12:00:00+00:00,2.683,2.703,2.671,2.687,236200.8
2026-06-15 13:00:00+00:00,2.687,2.73,2.677,2.7,457064.9
2026-06-15 14:00:00+00:00,2.7,2.707,2.683,2.697,238421.5
2026-06-15 15:00:00+00:00,2.697,2.743,2.696,2.736,274628.9
2026-06-15 16:00:00+00:00,2.736,2.744,2.721,2.726,229901.5
2026-06-15 17:00:00+00:00,2.726,2.727,2.698,2.723,179302.7
2026-06-15 18:00:00+00:00,2.723,2.723,2.698,2.7,208545.8
2026-06-15 19:00:00+00:00,2.7,2.716,2.666,2.685,286837.1
2026-06-15 20:00:00+00:00,2.685,2.708,2.677,2.694,108113.0
2026-06-15 21:00:00+00:00,2.694,2.784,2.692,2.78,462891.2
2026-06-15 22:00:00+00:00,2.78,2.804,2.726,2.783,860445.9
2026-06-15 23:00:00+00:00,2.783,2.847,2.758,2.843,630166.4
2026-06-16 00:00:00+00:00,2.843,2.976,2.825,2.971,1478348.5
2026-06-16 01:00:00+00:00,2.971,3.023,2.906,2.922,2111563.6
2026-06-16 02:00:00+00:00,2.922,2.922,2.781,2.794,1465316.8
2026-06-16 03:00:00+00:00,2.794,2.879,2.775,2.879,762991.0
2026-06-16 04:00:00+00:00,2.879,2.893,2.841,2.88,757162.7
2026-06-16 05:00:00+00:00,2.88,2.917,2.858,2.913,1015348.6
2026-06-16 06:00:00+00:00,2.913,2.957,2.895,2.955,719726.2
2026-06-16 07:00:00+00:00,2.955,2.997,2.923,2.976,760442.0
2026-06-16 08:00:00+00:00,2.976,3.019,2.948,3.0,870356.0
2026-06-16 09:00:00+00:00,3.0,3.023,2.928,2.944,808300.4
2026-06-16 10:00:00+00:00,2.944,3.063,2.93,3.025,936894.1
2026-06-16 11:00:00+00:00,3.025,3.049,2.987,3.014,651007.1
2026-06-16 12:00:00+00:00,3.014,3.08,2.989,3.073,750244.3
2026-06-16 13:00:00+00:00,3.073,3.096,2.994,3.012,1159324.2
2026-06-16 14:00:00+00:00,3.012,3.052,2.936,2.961,1133058.3
2026-06-16 15:00:00+00:00,2.961,3.065,2.95,3.02,806505.5
2026-06-16 16:00:00+00:00,3.02,3.155,3.01,3.085,1173281.4
2026-06-16 17:00:00+00:00,3.085,3.191,3.084,3.179,1180020.4
2026-06-16 18:00:00+00:00,3.179,3.258,3.17,3.241,1087698.7
2026-06-16 19:00:00+00:00,3.241,3.241,3.156,3.193,787426.3
2026-06-16 20:00:00+00:00,3.193,3.328,3.184,3.277,1242954.1
2026-06-16 21:00:00+00:00,3.277,3.291,3.201,3.266,674874.1
2026-06-16 22:00:00+00:00,3.266,3.312,3.259,3.268,504757.6
2026-06-16 23:00:00+00:00,3.268,3.313,3.243,3.289,484581.1
2026-06-17 00:00:00+00:00,3.289,3.432,3.289,3.407,1217774.9
2026-06-17 01:00:00+00:00,3.407,3.499,3.328,3.475,1365797.6
2026-06-17 02:00:00+00:00,3.475,3.582,3.456,3.548,1470810.0
2026-06-17 03:00:00+00:00,3.548,3.554,3.444,3.539,931272.4
2026-06-17 04:00:00+00:00,3.539,3.624,3.486,3.548,1121450.9
2026-06-17 05:00:00+00:00,3.548,3.617,3.471,3.504,1323628.3
2026-06-17 06:00:00+00:00,3.504,3.658,3.502,3.629,1821954.6
2026-06-17 07:00:00+00:00,3.629,3.724,3.584,3.641,2356505.2
2026-06-17 08:00:00+00:00,3.641,3.643,3.432,3.482,2325561.5
2026-06-17 09:00:00+00:00,3.482,3.655,3.473,3.643,1840861.4
2026-06-17 10:00:00+00:00,3.643,3.671,3.523,3.528,2200975.0
2026-06-17 11:00:00+00:00,3.528,3.532,3.221,3.232,5823581.2
2026-06-17 12:00:00+00:00,3.232,3.353,3.188,3.345,3295677.7
2026-06-17 13:00:00+00:00,3.345,3.347,3.281,3.308,1268770.1
2026-06-17 14:00:00+00:00,3.308,3.308,3.177,3.244,1931829.6
2026-06-17 15:00:00+00:00,3.244,3.358,3.215,3.331,1139207.6
2026-06-17 16:00:00+00:00,3.331,3.346,3.284,3.293,762214.9
2026-06-17 17:00:00+00:00,3.293,3.308,3.26,3.307,502825.9
2026-06-17 18:00:00+00:00,3.307,3.333,3.232,3.274,1440656.9
2026-06-17 19:00:00+00:00,3.274,3.285,3.155,3.188,1656473.4
2026-06-17 20:00:00+00:00,3.188,3.274,3.181,3.26,539448.9
2026-06-17 21:00:00+00:00,3.26,3.312,3.225,3.246,689004.1
2026-06-17 22:00:00+00:00,3.246,3.292,3.212,3.24,981889.0
2026-06-17 23:00:00+00:00,3.24,3.262,3.215,3.224,478035.4
2026-06-18 00:00:00+00:00,3.224,3.231,3.183,3.189,524038.1
2026-06-18 01:00:00+00:00,3.189,3.247,3.189,3.222,400856.6
2026-06-18 02:00:00+00:00,3.222,3.326,3.222,3.265,762011.5
2026-06-18 03:00:00+00:00,3.265,3.266,3.117,3.146,1077089.8
2026-06-18 04:00:00+00:00,3.146,3.154,3.104,3.117,787949.9
2026-06-18 05:00:00+00:00,3.117,3.122,3.065,3.088,638802.7
2026-06-18 06:00:00+00:00,3.088,3.104,3.051,3.073,520096.7
2026-06-18 07:00:00+00:00,3.073,3.133,3.058,3.101,789771.9
2026-06-18 08:00:00+00:00,3.101,3.149,3.094,3.129,599860.6
2026-06-18 09:00:00+00:00,3.129,3.149,3.112,3.135,382784.6
2026-06-18 10:00:00+00:00,3.135,3.177,3.104,3.157,850071.0
2026-06-18 11:00:00+00:00,3.157,3.188,3.094,3.11,510383.0
2026-06-18 12:00:00+00:00,3.11,3.165,3.104,3.127,470119.9
2026-06-18 13:00:00+00:00,3.127,3.148,3.078,3.12,755505.1
2026-06-18 14:00:00+00:00,3.12,3.149,3.089,3.126,673338.2
2026-06-18 15:00:00+00:00,3.126,3.131,3.001,3.018,1759968.0
2026-06-18 16:00:00+00:00,3.018,3.039,2.919,2.955,1616989.4
2026-06-18 17:00:00+00:00,2.955,2.978,2.927,2.943,662732.1
2026-06-18 18:00:00+00:00,2.943,2.986,2.931,2.966,307063.6
2026-06-18 19:00:00+00:00,2.966,3.009,2.96,3.002,303584.0
2026-06-18 20:00:00+00:00,3.002,3.047,3.002,3.027,352749.2
2026-06-18 21:00:00+00:00,3.027,3.061,3.01,3.042,352674.8
2026-06-18 22:00:00+00:00,3.042,3.094,3.04,3.081,307958.8
2026-06-18 23:00:00+00:00,3.081,3.216,3.072,3.204,900880.8
2026-06-19 00:00:00+00:00,3.204,3.208,3.116,3.12,998274.9
2026-06-19 01:00:00+00:00,3.12,3.142,3.096,3.12,328539.2
2026-06-19 02:00:00+00:00,3.12,3.135,3.079,3.107,382190.9
2026-06-19 03:00:00+00:00,3.107,3.116,3.045,3.064,619664.5
2026-06-19 04:00:00+00:00,3.064,3.064,2.993,2.997,464215.5
2026-06-19 05:00:00+00:00,2.997,3.041,2.997,3.04,259036.2
2026-06-19 06:00:00+00:00,3.04,3.063,3.035,3.044,241264.4
2026-06-19 07:00:00+00:00,3.044,3.058,3.009,3.022,310770.2
2026-06-19 08:00:00+00:00,3.022,3.063,3.021,3.047,299336.2
2026-06-19 09:00:00+00:00,3.047,3.082,3.038,3.054,392503.2
2026-06-19 10:00:00+00:00,3.054,3.079,3.03,3.049,357172.9
2026-06-19 11:00:00+00:00,3.049,3.064,3.037,3.054,307751.5
2026-06-19 12:00:00+00:00,3.054,3.07,3.024,3.066,630078.3
2026-06-19 13:00:00+00:00,3.066,3.113,3.049,3.108,458680.1
2026-06-19 14:00:00+00:00,3.108,3.131,3.076,3.089,518231.5
2026-06-19 15:00:00+00:00,3.089,3.101,3.047,3.052,360757.6
2026-06-19 16:00:00+00:00,3.052,3.072,3.026,3.034,364043.9
2026-06-19 17:00:00+00:00,3.034,3.067,3.031,3.058,196376.7
2026-06-19 18:00:00+00:00,3.058,3.062,3.022,3.032,124598.0
2026-06-19 19:00:00+00:00,3.032,3.036,3.004,3.019,217020.1
2026-06-19 20:00:00+00:00,3.019,3.059,3.007,3.047,303779.1
2026-06-19 21:00:00+00:00,3.047,3.072,3.03,3.04,327130.9
2026-06-19 22:00:00+00:00,3.04,3.069,3.028,3.062,140949.2
2026-06-19 23:00:00+00:00,3.062,3.088,3.053,3.082,152237.6
2026-06-20 00:00:00+00:00,3.082,3.091,3.043,3.049,285193.2
2026-06-20 01:00:00+00:00,3.049,3.052,3.028,3.035,175872.5
2026-06-20 02:00:00+00:00,3.035,3.037,3.006,3.018,166846.9
2026-06-20 03:00:00+00:00,3.018,3.031,3.011,3.015,85351.8
2026-06-20 04:00:00+00:00,3.015,3.031,3.01,3.031,144797.3
2026-06-20 05:00:00+00:00,3.031,3.058,3.026,3.05,200980.7
2026-06-20 06:00:00+00:00,3.05,3.06,3.034,3.039,110630.8
2026-06-20 07:00:00+00:00,3.039,3.041,3.006,3.008,263994.3
2026-06-20 08:00:00+00:00,3.008,3.009,2.973,2.986,392114.0
2026-06-20 09:00:00+00:00,2.986,3.013,2.983,3.01,164435.1
2026-06-20 10:00:00+00:00,3.01,3.027,3.006,3.025,151306.1
2026-06-20 11:00:00+00:00,3.025,3.026,2.983,3.008,201941.1
2026-06-20 12:00:00+00:00,3.008,3.034,3.006,3.033,300632.6
2026-06-20 13:00:00+00:00,3.033,3.034,2.956,2.979,647866.6
2026-06-20 14:00:00+00:00,2.979,3.053,2.944,3.021,982260.5
2026-06-20 15:00:00+00:00,3.021,3.064,3.021,3.049,366709.9
2026-06-20 16:00:00+00:00,3.049,3.049,3.013,3.043,178598.7
2026-06-20 17:00:00+00:00,3.043,3.043,2.98,3.0,199337.3
2026-06-20 18:00:00+00:00,3.0,3.01,2.99,2.991,122107.3
2026-06-20 19:00:00+00:00,2.991,3.006,2.989,3.006,68453.4
2026-06-20 20:00:00+00:00,3.006,3.013,2.996,3.002,68046.7
2026-06-20 21:00:00+00:00,3.002,3.016,2.994,3.005,85684.1
2026-06-20 22:00:00+00:00,3.005,3.028,2.998,3.019,160467.3
2026-06-20 23:00:00+00:00,3.019,3.022,3.001,3.003,66297.9
2026-06-21 00:00:00+00:00,3.003,3.009,2.986,2.996,115159.2
2026-06-21 01:00:00+00:00,2.996,3.006,2.966,2.974,191116.9
2026-06-21 02:00:00+00:00,2.974,2.981,2.965,2.973,96667.6
2026-06-21 03:00:00+00:00,2.973,2.994,2.96,2.965,164260.2
2026-06-21 04:00:00+00:00,2.965,2.982,2.95,2.956,164077.1
2026-06-21 05:00:00+00:00,2.956,2.976,2.95,2.974,160688.6
2026-06-21 06:00:00+00:00,2.974,2.995,2.972,2.99,92749.2
2026-06-21 07:00:00+00:00,2.99,3.004,2.987,2.999,111991.0
2026-06-21 08:00:00+00:00,2.999,3.007,2.965,2.989,105905.7
2026-06-21 09:00:00+00:00,2.989,3.054,2.988,3.049,214660.8
2026-06-21 10:00:00+00:00,3.049,3.065,3.026,3.031,259446.0
2026-06-21 11:00:00+00:00,3.031,3.034,2.999,3.02,196226.1
2026-06-21 12:00:00+00:00,3.02,3.044,3.005,3.037,183037.6
2026-06-21 13:00:00+00:00,3.037,3.038,3.018,3.037,168582.5
2026-06-21 14:00:00+00:00,3.037,3.045,3.018,3.045,114555.4
2026-06-21 15:00:00+00:00,3.045,3.127,3.043,3.111,348093.0
2026-06-21 16:00:00+00:00,3.111,3.115,3.038,3.052,382517.4
2026-06-21 17:00:00+00:00,3.052,3.072,3.022,3.032,387596.7
2026-06-21 18:00:00+00:00,3.032,3.044,3.018,3.043,154178.8
2026-06-21 19:00:00+00:00,3.043,3.053,3.037,3.044,94447.6
2026-06-21 20:00:00+00:00,3.044,3.047,3.001,3.009,150376.2
2026-06-21 21:00:00+00:00,3.009,3.026,2.976,3.011,384877.3
2026-06-21 22:00:00+00:00,3.011,3.027,2.99,2.999,220029.4
2026-06-21 23:00:00+00:00,2.999,2.999,2.961,2.981,250974.1
2026-06-22 00:00:00+00:00,2.981,3.057,2.98,3.038,464652.1
2026-06-22 01:00:00+00:00,3.038,3.095,3.031,3.064,412828.8
2026-06-22 02:00:00+00:00,3.064,3.067,3.013,3.02,317921.8
2026-06-22 03:00:00+00:00,3.02,3.035,2.989,3.001,278638.1
2026-06-22 04:00:00+00:00,3.001,3.019,2.996,3.011,134919.5
2026-06-22 05:00:00+00:00,3.011,3.072,3.01,3.037,421573.6
2026-06-22 06:00:00+00:00,3.037,3.039,3.003,3.009,253234.6
2026-06-22 07:00:00+00:00,3.009,3.036,3.008,3.014,196759.6
2026-06-22 08:00:00+00:00,3.014,3.017,2.99,3.006,257066.5
2026-06-22 09:00:00+00:00,3.006,3.02,3.004,3.008,80941.1
2026-06-22 10:00:00+00:00,3.008,3.014,3.001,3.01,127182.8
2026-06-22 11:00:00+00:00,3.01,3.053,3.005,3.047,311729.4
2026-06-22 12:00:00+00:00,3.047,3.071,3.028,3.064,378087.1
2026-06-22 13:00:00+00:00,3.064,3.112,3.056,3.111,463210.1
2026-06-22 14:00:00+00:00,3.111,3.112,3.046,3.078,405297.2
2026-06-22 15:00:00+00:00,3.078,3.101,3.052,3.067,474766.3
2026-06-22 16:00:00+00:00,3.067,3.089,3.024,3.038,496157.1
2026-06-22 17:00:00+00:00,3.038,3.04,3.008,3.027,267017.1
2026-06-22 18:00:00+00:00,3.027,3.049,3.004,3.01,238668.9
2026-06-22 19:00:00+00:00,3.01,3.02,2.996,3.01,172313.6
2026-06-22 20:00:00+00:00,3.01,3.031,2.999,3.006,137780.1
2026-06-22 21:00:00+00:00,3.006,3.01,2.97,2.997,160052.9
2026-06-22 22:00:00+00:00,2.997,3.006,2.954,2.959,709931.3
2026-06-22 23:00:00+00:00,2.959,2.984,2.952,2.98,244058.5
2026-06-23 00:00:00+00:00,2.98,2.994,2.962,2.993,165889.3
2026-06-23 01:00:00+00:00,2.993,3.009,2.96,2.988,283474.9
2026-06-23 02:00:00+00:00,2.988,3.001,2.978,2.989,138645.2
2026-06-23 03:00:00+00:00,2.989,2.993,2.971,2.99,88080.6
2026-06-23 04:00:00+00:00,2.99,2.994,2.958,2.968,177135.5
2026-06-23 05:00:00+00:00,2.968,2.982,2.963,2.977,201884.4
2026-06-23 06:00:00+00:00,2.977,2.978,2.853,2.893,1558413.6
2026-06-23 07:00:00+00:00,2.893,2.899,2.855,2.86,247699.3
2026-06-23 08:00:00+00:00,2.86,2.868,2.795,2.825,835271.8
2026-06-23 09:00:00+00:00,2.825,2.847,2.825,2.839,167560.0
2026-06-23 10:00:00+00:00,2.839,2.866,2.839,2.855,214104.8
2026-06-23 11:00:00+00:00,2.855,2.891,2.855,2.887,228493.0
2026-06-23 12:00:00+00:00,2.887,2.896,2.869,2.873,179359.3
2026-06-23 13:00:00+00:00,2.873,2.912,2.862,2.904,359307.0
2026-06-23 14:00:00+00:00,2.904,2.931,2.892,2.898,247351.9
2026-06-23 15:00:00+00:00,2.898,2.92,2.881,2.9,226645.6
2026-06-23 16:00:00+00:00,2.9,2.918,2.884,2.886,209325.1
2026-06-23 17:00:00+00:00,2.886,2.905,2.881,2.89,140500.0
2026-06-23 18:00:00+00:00,2.89,2.895,2.861,2.876,183523.3
2026-06-23 19:00:00+00:00,2.876,2.901,2.876,2.895,91567.3
2026-06-23 20:00:00+00:00,2.895,2.919,2.895,2.918,105880.1
2026-06-23 21:00:00+00:00,2.918,2.936,2.914,2.92,102937.5
2026-06-23 22:00:00+00:00,2.92,2.933,2.914,2.918,61609.6
2026-06-23 23:00:00+00:00,2.918,2.924,2.907,2.923,56949.4
2026-06-24 00:00:00+00:00,2.923,2.944,2.919,2.935,126537.6
2026-06-24 01:00:00+00:00,2.935,2.946,2.921,2.929,109940.1
2026-06-24 02:00:00+00:00,2.929,2.929,2.903,2.904,81584.9
2026-06-24 03:00:00+00:00,2.904,2.92,2.888,2.916,75728.7
2026-06-24 04:00:00+00:00,2.916,2.917,2.878,2.903,110619.3
2026-06-24 05:00:00+00:00,2.903,2.921,2.902,2.911,55604.7
2026-06-24 06:00:00+00:00,2.911,2.917,2.901,2.904,120419.3
2026-06-24 07:00:00+00:00,2.904,2.911,2.892,2.894,87627.9
2026-06-24 08:00:00+00:00,2.894,2.905,2.892,2.904,59756.3
2026-06-24 09:00:00+00:00,2.904,2.904,2.89,2.897,51793.6
2026-06-24 10:00:00+00:00,2.897,2.955,2.885,2.937,506566.3
2026-06-24 11:00:00+00:00,2.937,2.977,2.885,2.933,844500.5
2026-06-24 12:00:00+00:00,2.933,2.949,2.916,2.917,376724.2
2026-06-24 13:00:00+00:00,2.917,2.919,2.834,2.852,874585.8
2026-06-24 14:00:00+00:00,2.852,2.888,2.841,2.88,341933.9
2026-06-24 15:00:00+00:00,2.88,2.882,2.801,2.806,640419.5
2026-06-24 16:00:00+00:00,2.806,2.859,2.758,2.785,993692.6
2026-06-24 17:00:00+00:00,2.785,2.805,2.722,2.731,706040.4
2026-06-24 18:00:00+00:00,2.731,2.803,2.723,2.792,329998.6
2026-06-24 19:00:00+00:00,2.792,2.811,2.771,2.809,249326.5
2026-06-24 20:00:00+00:00,2.809,2.893,2.804,2.873,351288.0
2026-06-24 21:00:00+00:00,2.873,2.899,2.86,2.897,190435.0
2026-06-24 22:00:00+00:00,2.897,2.919,2.885,2.896,168516.5
2026-06-24 23:00:00+00:00,2.896,2.929,2.894,2.923,234640.4
2026-06-25 00:00:00+00:00,2.923,2.937,2.898,2.906,328738.8
2026-06-25 01:00:00+00:00,2.906,2.928,2.898,2.924,180277.1
2026-06-25 02:00:00+00:00,2.924,2.933,2.91,2.92,202639.2
2026-06-25 03:00:00+00:00,2.92,2.95,2.908,2.929,212699.7
2026-06-25 04:00:00+00:00,2.929,2.943,2.908,2.937,130135.0
2026-06-25 05:00:00+00:00,2.937,3.031,2.935,2.971,947568.6
2026-06-25 06:00:00+00:00,2.971,2.979,2.956,2.968,299759.3
2026-06-25 07:00:00+00:00,2.968,2.97,2.949,2.963,273567.5
2026-06-25 08:00:00+00:00,2.963,2.964,2.932,2.939,190233.0
2026-06-25 09:00:00+00:00,2.939,2.952,2.932,2.949,128247.6
2026-06-25 10:00:00+00:00,2.949,2.965,2.906,2.921,417402.5
2026-06-25 11:00:00+00:00,2.921,2.928,2.91,2.925,155213.1
2026-06-25 12:00:00+00:00,2.925,2.944,2.891,2.921,294974.0
2026-06-25 13:00:00+00:00,2.921,2.951,2.739,2.751,1398835.1
2026-06-25 14:00:00+00:00,2.751,2.886,2.751,2.837,1281663.2
2026-06-25 15:00:00+00:00,2.837,2.861,2.795,2.855,506101.8
2026-06-25 16:00:00+00:00,2.855,2.89,2.819,2.831,257737.8
2026-06-25 17:00:00+00:00,2.831,2.873,2.826,2.86,219545.3
2026-06-25 18:00:00+00:00,2.86,2.873,2.83,2.84,181621.0
2026-06-25 19:00:00+00:00,2.84,2.84,2.811,2.825,146697.0
2026-06-25 20:00:00+00:00,2.825,2.862,2.825,2.842,126758.0
2026-06-25 21:00:00+00:00,2.842,2.892,2.84,2.891,141581.7
2026-06-25 22:00:00+00:00,2.891,2.897,2.869,2.878,127998.7
2026-06-25 23:00:00+00:00,2.878,2.901,2.871,2.883,87663.1
2026-06-26 00:00:00+00:00,2.883,2.896,2.865,2.87,86548.7
2026-06-26 01:00:00+00:00,2.87,2.872,2.832,2.841,199418.8
2026-06-26 02:00:00+00:00,2.841,2.843,2.778,2.789,359886.7
2026-06-26 03:00:00+00:00,2.789,2.88,2.77,2.871,373233.2
2026-06-26 04:00:00+00:00,2.871,2.874,2.84,2.842,113315.2
2026-06-26 05:00:00+00:00,2.842,2.875,2.838,2.863,136423.5
2026-06-26 06:00:00+00:00,2.863,2.915,2.846,2.913,238770.8
2026-06-26 07:00:00+00:00,2.913,2.956,2.913,2.934,219766.0
2026-06-26 08:00:00+00:00,2.934,2.939,2.897,2.907,150692.6
2026-06-26 09:00:00+00:00,2.907,2.908,2.868,2.868,178763.9
2026-06-26 10:00:00+00:00,2.868,2.887,2.856,2.861,164302.5
2026-06-26 11:00:00+00:00,2.861,2.872,2.821,2.836,326865.9
2026-06-26 12:00:00+00:00,2.836,2.871,2.816,2.837,382632.8
2026-06-26 13:00:00+00:00,2.837,2.896,2.805,2.894,524675.0
2026-06-26 14:00:00+00:00,2.894,2.908,2.87,2.884,286768.0
2026-06-26 15:00:00+00:00,2.884,2.954,2.881,2.939,431786.9
2026-06-26 16:00:00+00:00,2.939,2.976,2.918,2.966,347993.0
2026-06-26 17:00:00+00:00,2.966,3.024,2.964,3.003,322826.8
2026-06-26 18:00:00+00:00,3.003,3.044,2.97,2.98,277868.1
2026-06-26 19:00:00+00:00,2.98,3.014,2.969,2.973,255321.2
2026-06-26 20:00:00+00:00,2.973,3.01,2.958,2.965,230619.0
2026-06-26 21:00:00+00:00,2.965,2.988,2.954,2.972,104981.7
2026-06-26 22:00:00+00:00,2.972,2.98,2.954,2.974,106519.0
2026-06-26 23:00:00+00:00,2.974,2.979,2.953,2.961,116592.3
2026-06-27 00:00:00+00:00,2.961,2.968,2.929,2.944,223136.7
2026-06-27 01:00:00+00:00,2.944,2.945,2.931,2.933,47664.1
2026-06-27 02:00:00+00:00,2.933,2.983,2.93,2.968,148530.4
2026-06-27 03:00:00+00:00,2.968,2.968,2.939,2.942,120548.7
2026-06-27 04:00:00+00:00,2.942,2.973,2.94,2.941,154612.2
2026-06-27 05:00:00+00:00,2.941,2.943,2.925,2.939,81544.5
2026-06-27 06:00:00+00:00,2.939,2.96,2.928,2.947,80484.2
2026-06-27 07:00:00+00:00,2.947,2.948,2.936,2.941,69029.3
2026-06-27 08:00:00+00:00,2.941,2.943,2.916,2.927,86848.3
2026-06-27 09:00:00+00:00,2.927,2.928,2.908,2.923,64164.7
2026-06-27 10:00:00+00:00,2.923,2.924,2.91,2.916,46352.2
2026-06-27 11:00:00+00:00,2.916,2.919,2.902,2.919,65661.3
2026-06-27 12:00:00+00:00,2.919,2.922,2.91,2.919,51791.7
2026-06-27 13:00:00+00:00,2.919,2.941,2.916,2.939,108341.6
2026-06-27 14:00:00+00:00,2.939,2.956,2.932,2.953,93591.6
2026-06-27 15:00:00+00:00,2.953,3.014,2.953,2.997,319512.6
2026-06-27 16:00:00+00:00,2.997,3.063,2.98,3.037,452630.9
2026-06-27 17:00:00+00:00,3.037,3.045,2.987,2.989,324223.8
2026-06-27 18:00:00+00:00,2.989,2.993,2.97,2.979,233871.4
2026-06-27 19:00:00+00:00,2.979,2.987,2.932,2.945,198054.6
2026-06-27 20:00:00+00:00,2.945,2.953,2.934,2.941,101211.1
2026-06-27 21:00:00+00:00,2.941,2.949,2.916,2.932,114101.7
2026-06-27 22:00:00+00:00,2.932,2.941,2.906,2.938,83928.8
2026-06-27 23:00:00+00:00,2.938,2.942,2.917,2.921,73048.2
2026-06-28 00:00:00+00:00,2.921,2.933,2.916,2.919,118423.6
2026-06-28 01:00:00+00:00,2.919,2.92,2.909,2.916,36073.3
2026-06-28 02:00:00+00:00,2.916,2.926,2.905,2.91,49278.0
2026-06-28 03:00:00+00:00,2.91,2.922,2.908,2.918,45931.4
2026-06-28 04:00:00+00:00,2.918,2.926,2.905,2.916,53429.8
2026-06-28 05:00:00+00:00,2.916,2.916,2.884,2.903,141402.2
2026-06-28 06:00:00+00:00,2.903,2.906,2.878,2.887,84535.5
2026-06-28 07:00:00+00:00,2.887,2.905,2.886,2.904,79299.7
2026-06-28 08:00:00+00:00,2.904,2.947,2.902,2.945,147348.0
2026-06-28 09:00:00+00:00,2.945,2.975,2.924,2.928,299430.8
2026-06-28 10:00:00+00:00,2.928,2.946,2.899,2.907,109741.9
2026-06-28 11:00:00+00:00,2.907,2.93,2.905,2.926,75274.2
2026-06-28 12:00:00+00:00,2.926,2.936,2.91,2.932,145616.1
2026-06-28 13:00:00+00:00,2.932,2.937,2.91,2.919,93923.5
2026-06-28 14:00:00+00:00,2.919,2.95,2.915,2.931,92109.2
2026-06-28 15:00:00+00:00,2.931,2.943,2.918,2.935,111679.9
2026-06-28 16:00:00+00:00,2.935,2.96,2.897,2.908,167468.9
2026-06-28 17:00:00+00:00,2.908,2.915,2.871,2.897,184471.8
2026-06-28 18:00:00+00:00,2.897,2.898,2.882,2.897,85140.9
2026-06-28 19:00:00+00:00,2.897,2.903,2.868,2.879,90448.5
2026-06-28 20:00:00+00:00,2.879,2.905,2.877,2.896,53478.8
2026-06-28 21:00:00+00:00,2.896,2.901,2.867,2.877,64759.2
2026-06-28 22:00:00+00:00,2.877,2.92,2.865,2.88,232044.7
2026-06-28 23:00:00+00:00,2.88,2.94,2.875,2.923,265900.4
2026-06-29 00:00:00+00:00,2.923,2.935,2.88,2.931,205933.0
2026-06-29 01:00:00+00:00,2.931,2.94,2.904,2.926,110506.6
2026-06-29 02:00:00+00:00,2.926,2.94,2.89,2.939,133992.9
2026-06-29 03:00:00+00:00,2.939,2.992,2.939,2.967,306451.2
2026-06-29 04:00:00+00:00,2.967,2.968,2.932,2.938,82709.9
2026-06-29 05:00:00+00:00,2.938,2.956,2.903,2.956,137998.8
2026-06-29 06:00:00+00:00,2.956,2.976,2.945,2.947,110404.0
2026-06-29 07:00:00+00:00,2.947,2.949,2.93,2.938,94606.5
2026-06-29 08:00:00+00:00,2.938,2.948,2.919,2.925,104459.5
2026-06-29 09:00:00+00:00,2.925,2.957,2.924,2.954,122588.4
2026-06-29 10:00:00+00:00,2.954,2.973,2.951,2.959,146236.9
2026-06-29 11:00:00+00:00,2.959,2.96,2.915,2.923,203167.9
2026-06-29 12:00:00+00:00,2.923,2.981,2.908,2.953,430542.1
2026-06-29 13:00:00+00:00,2.953,2.985,2.918,2.938,359558.0
2026-06-29 14:00:00+00:00,2.938,2.971,2.913,2.961,331040.0
2026-06-29 15:00:00+00:00,2.961,2.974,2.918,2.96,221208.2
2026-06-29 16:00:00+00:00,2.96,2.973,2.932,2.961,117635.0
2026-06-29 17:00:00+00:00,2.961,3.016,2.961,2.989,312887.8
2026-06-29 18:00:00+00:00,2.989,2.992,2.969,2.973,122534.8
2026-06-29 19:00:00+00:00,2.973,2.985,2.964,2.979,142825.6
2026-06-29 20:00:00+00:00,2.979,2.983,2.936,2.937,110499.8
2026-06-29 21:00:00+00:00,2.937,2.94,2.921,2.935,113607.6
2026-06-29 22:00:00+00:00,2.935,2.944,2.917,2.92,83621.3
2026-06-29 23:00:00+00:00,2.92,2.922,2.881,2.89,234153.7
2026-06-30 00:00:00+00:00,2.89,2.89,2.855,2.867,262739.7
2026-06-30 01:00:00+00:00,2.867,2.88,2.859,2.876,108859.6
2026-06-30 02:00:00+00:00,2.876,2.887,2.869,2.881,56160.7
2026-06-30 03:00:00+00:00,2.881,2.893,2.866,2.867,60699.7
2026-06-30 04:00:00+00:00,2.867,2.879,2.863,2.879,45885.7
2026-06-30 05:00:00+00:00,2.879,2.89,2.876,2.887,73390.3
2026-06-30 06:00:00+00:00,2.887,2.896,2.878,2.879,47647.8
2026-06-30 07:00:00+00:00,2.879,2.884,2.861,2.874,185402.9
2026-06-30 08:00:00+00:00,2.874,2.875,2.814,2.83,373550.7
2026-06-30 09:00:00+00:00,2.83,2.84,2.827,2.833,118409.2
2026-06-30 10:00:00+00:00,2.833,2.836,2.826,2.827,88280.5
2026-06-30 11:00:00+00:00,2.827,2.829,2.772,2.798,447763.3
2026-06-30 12:00:00+00:00,2.798,2.798,2.76,2.762,236316.8
2026-06-30 13:00:00+00:00,2.762,2.782,2.743,2.778,558520.1
2026-06-30 14:00:00+00:00,2.778,2.802,2.749,2.756,378733.7
2026-06-30 15:00:00+00:00,2.756,2.783,2.75,2.756,240867.4
2026-06-30 16:00:00+00:00,2.756,2.773,2.741,2.762,206475.2
2026-06-30 17:00:00+00:00,2.762,2.776,2.756,2.763,62652.9
2026-06-30 18:00:00+00:00,2.763,2.788,2.76,2.782,45782.8
2026-06-30 19:00:00+00:00,2.782,2.803,2.778,2.783,160652.3
2026-06-30 20:00:00+00:00,2.783,2.785,2.771,2.777,64760.8
2026-06-30 21:00:00+00:00,2.777,2.783,2.775,2.782,45775.7
2026-06-30 22:00:00+00:00,2.782,2.789,2.77,2.778,82785.8
2026-06-30 23:00:00+00:00,2.778,2.783,2.772,2.775,72967.4
2026-07-01 00:00:00+00:00,2.775,2.8,2.774,2.796,129256.9
2026-07-01 01:00:00+00:00,2.796,2.807,2.736,2.795,290234.6
2026-07-01 02:00:00+00:00,2.795,2.832,2.787,2.823,119802.2
2026-07-01 03:00:00+00:00,2.823,2.848,2.809,2.844,203272.8
2026-07-01 04:00:00+00:00,2.844,2.854,2.837,2.849,91102.0
2026-07-01 05:00:00+00:00,2.849,2.849,2.825,2.833,66463.4
2026-07-01 06:00:00+00:00,2.833,2.834,2.79,2.794,173996.4
2026-07-01 07:00:00+00:00,2.794,2.798,2.769,2.78,106922.2
2026-07-01 08:00:00+00:00,2.78,2.78,2.741,2.764,303542.0
2026-07-01 09:00:00+00:00,2.764,2.775,2.75,2.756,148309.4
2026-07-01 10:00:00+00:00,2.756,2.761,2.744,2.75,223697.8
2026-07-01 11:00:00+00:00,2.75,2.764,2.73,2.739,172456.3
2026-07-01 12:00:00+00:00,2.739,2.743,2.724,2.734,178728.5
2026-07-01 13:00:00+00:00,2.734,2.787,2.711,2.777,475566.6
2026-07-01 14:00:00+00:00,2.777,2.818,2.768,2.785,349118.4
2026-07-01 15:00:00+00:00,2.785,2.825,2.784,2.802,195254.4
2026-07-01 16:00:00+00:00,2.802,2.809,2.781,2.785,110786.2
2026-07-01 17:00:00+00:00,2.785,2.814,2.772,2.81,106304.2
2026-07-01 18:00:00+00:00,2.81,2.815,2.787,2.799,68391.5
2026-07-01 19:00:00+00:00,2.799,2.811,2.783,2.789,92696.3
2026-07-01 20:00:00+00:00,2.789,2.808,2.783,2.807,68958.0
2026-07-01 21:00:00+00:00,2.807,2.85,2.807,2.844,111080.2
2026-07-01 22:00:00+00:00,2.844,2.882,2.817,2.827,320788.8
2026-07-01 23:00:00+00:00,2.827,2.827,2.783,2.786,206396.5
2026-07-02 00:00:00+00:00,2.786,2.798,2.775,2.791,210994.2
2026-07-02 01:00:00+00:00,2.791,2.832,2.791,2.819,86627.4
2026-07-02 02:00:00+00:00,2.819,2.837,2.811,2.833,73666.3
2026-07-02 03:00:00+00:00,2.833,2.857,2.812,2.851,228961.7
2026-07-02 04:00:00+00:00,2.851,2.855,2.83,2.847,114860.8
2026-07-02 05:00:00+00:00,2.847,2.85,2.826,2.832,112358.9
2026-07-02 06:00:00+00:00,2.832,2.842,2.816,2.822,93930.4
2026-07-02 07:00:00+00:00,2.822,2.828,2.814,2.821,99017.0
2026-07-02 08:00:00+00:00,2.821,2.848,2.817,2.847,103713.2
2026-07-02 09:00:00+00:00,2.847,2.9,2.833,2.884,494965.0
2026-07-02 10:00:00+00:00,2.884,2.901,2.881,2.895,186280.7
2026-07-02 11:00:00+00:00,2.895,3.05,2.891,3.044,1403971.4
2026-07-02 12:00:00+00:00,3.044,3.187,3.027,3.154,1762634.4
2026-07-02 13:00:00+00:00,3.154,3.217,3.121,3.188,1171542.3
2026-07-02 14:00:00+00:00,3.188,3.226,3.153,3.176,960192.4
2026-07-02 15:00:00+00:00,3.176,3.199,3.135,3.166,775292.5
2026-07-02 16:00:00+00:00,3.166,3.263,3.148,3.255,795455.7
2026-07-02 17:00:00+00:00,3.255,3.285,3.231,3.239,672355.4
2026-07-02 18:00:00+00:00,3.239,3.28,3.226,3.254,580860.1
2026-07-02 19:00:00+00:00,3.254,3.257,3.172,3.193,559608.8
2026-07-02 20:00:00+00:00,3.193,3.239,3.187,3.206,372155.2
2026-07-02 21:00:00+00:00,3.206,3.21,3.187,3.203,161310.8
2026-07-02 22:00:00+00:00,3.203,3.203,3.147,3.167,312028.4
2026-07-02 23:00:00+00:00,3.167,3.182,3.152,3.176,186511.6
2026-07-03 00:00:00+00:00,3.176,3.181,3.148,3.166,224215.7
2026-07-03 01:00:00+00:00,3.166,3.213,3.161,3.203,226613.3
2026-07-03 02:00:00+00:00,3.203,3.246,3.193,3.243,404145.9
2026-07-03 03:00:00+00:00,3.243,3.243,3.192,3.209,241564.5
2026-07-03 04:00:00+00:00,3.209,3.213,3.177,3.182,338184.4
2026-07-03 05:00:00+00:00,3.182,3.203,3.17,3.187,210320.4
2026-07-03 06:00:00+00:00,3.187,3.214,3.184,3.204,163558.3
2026-07-03 07:00:00+00:00,3.204,3.213,3.19,3.193,244942.7
2026-07-03 08:00:00+00:00,3.193,3.251,3.183,3.202,428021.1
2026-07-03 09:00:00+00:00,3.202,3.226,3.19,3.197,269156.3
2026-07-03 10:00:00+00:00,3.197,3.242,3.195,3.225,235816.9
2026-07-03 11:00:00+00:00,3.225,3.237,3.21,3.232,271088.1
2026-07-03 12:00:00+00:00,3.232,3.276,3.212,3.273,363736.8
2026-07-03 13:00:00+00:00,3.273,3.307,3.255,3.278,327571.2
2026-07-03 14:00:00+00:00,3.278,3.285,3.244,3.283,219916.6
2026-07-03 15:00:00+00:00,3.283,3.302,3.264,3.264,200000.4
2026-07-03 16:00:00+00:00,3.264,3.284,3.248,3.273,120687.2
2026-07-03 17:00:00+00:00,3.273,3.286,3.257,3.263,83096.1
2026-07-03 18:00:00+00:00,3.263,3.267,3.241,3.249,84518.9
2026-07-03 19:00:00+00:00,3.249,3.255,3.226,3.238,228431.5
2026-07-03 20:00:00+00:00,3.238,3.277,3.237,3.268,143975.5
2026-07-03 21:00:00+00:00,3.268,3.272,3.242,3.249,65589.5
2026-07-03 22:00:00+00:00,3.249,3.25,3.201,3.211,187377.7
2026-07-03 23:00:00+00:00,3.211,3.213,3.195,3.207,119971.3
2026-07-04 00:00:00+00:00,3.207,3.223,3.196,3.199,153830.7
2026-07-04 01:00:00+00:00,3.199,3.199,3.167,3.179,215821.6
2026-07-04 02:00:00+00:00,3.179,3.193,3.172,3.188,68575.4
2026-07-04 03:00:00+00:00,3.188,3.209,3.183,3.2,107625.3
2026-07-04 04:00:00+00:00,3.2,3.214,3.191,3.208,96348.3
2026-07-04 05:00:00+00:00,3.208,3.208,3.179,3.196,104227.8
2026-07-04 06:00:00+00:00,3.196,3.202,3.173,3.178,84152.0
2026-07-04 07:00:00+00:00,3.178,3.183,3.168,3.181,79794.6
2026-07-04 08:00:00+00:00,3.181,3.209,3.17,3.198,176197.3
2026-07-04 09:00:00+00:00,3.198,3.2,3.174,3.187,90981.1
2026-07-04 10:00:00+00:00,3.187,3.206,3.184,3.199,70100.9
2026-07-04 11:00:00+00:00,3.199,3.199,3.183,3.187,49936.5
2026-07-04 12:00:00+00:00,3.187,3.2,3.185,3.194,86684.1
2026-07-04 13:00:00+00:00,3.194,3.217,3.178,3.19,121705.0
2026-07-04 14:00:00+00:00,3.19,3.224,3.189,3.223,156116.4
2026-07-04 15:00:00+00:00,3.223,3.282,3.223,3.256,308556.6
2026-07-04 16:00:00+00:00,3.256,3.258,3.235,3.246,111651.1
2026-07-04 17:00:00+00:00,3.246,3.265,3.22,3.255,436045.6
2026-07-04 18:00:00+00:00,3.255,3.256,3.223,3.228,141027.4
2026-07-04 19:00:00+00:00,3.228,3.255,3.219,3.236,137662.5
2026-07-04 20:00:00+00:00,3.236,3.244,3.223,3.232,186021.5
2026-07-04 21:00:00+00:00,3.232,3.252,3.228,3.238,64340.6
2026-07-04 22:00:00+00:00,3.238,3.241,3.209,3.215,98656.5
2026-07-04 23:00:00+00:00,3.215,3.222,3.19,3.215,108516.9
2026-07-05 00:00:00+00:00,3.215,3.218,3.187,3.197,107211.1
2026-07-05 01:00:00+00:00,3.197,3.219,3.177,3.186,392717.1
2026-07-05 02:00:00+00:00,3.186,3.195,3.166,3.174,116865.8
2026-07-05 03:00:00+00:00,3.174,3.189,3.173,3.176,48928.0
2026-07-05 04:00:00+00:00,3.176,3.193,3.172,3.182,69332.7
2026-07-05 05:00:00+00:00,3.182,3.192,3.173,3.177,46032.6
2026-07-05 06:00:00+00:00,3.177,3.189,3.169,3.185,51636.6
2026-07-05 07:00:00+00:00,3.185,3.198,3.177,3.194,71515.5
2026-07-05 08:00:00+00:00,3.194,3.21,3.193,3.196,106093.3
2026-07-05 09:00:00+00:00,3.196,3.202,3.143,3.151,323343.6
2026-07-05 10:00:00+00:00,3.151,3.151,3.124,3.141,274448.4
2026-07-05 11:00:00+00:00,3.141,3.146,3.12,3.126,247822.4
2026-07-05 12:00:00+00:00,3.126,3.133,3.095,3.13,291755.7
2026-07-05 13:00:00+00:00,3.13,3.137,3.119,3.136,62070.8
2026-07-05 14:00:00+00:00,3.136,3.142,3.124,3.142,87624.3
2026-07-05 15:00:00+00:00,3.142,3.154,3.128,3.144,131590.1
2026-07-05 16:00:00+00:00,3.144,3.159,3.139,3.15,123420.9
2026-07-05 17:00:00+00:00,3.15,3.164,3.144,3.154,91445.9
2026-07-05 18:00:00+00:00,3.154,3.174,3.151,3.163,104755.9
2026-07-05 19:00:00+00:00,3.163,3.176,3.148,3.15,99803.1
2026-07-05 20:00:00+00:00,3.15,3.16,3.14,3.143,94123.6
2026-07-05 21:00:00+00:00,3.143,3.184,3.131,3.168,143508.6
2026-07-05 22:00:00+00:00,3.168,3.212,3.16,3.186,280484.7
2026-07-05 23:00:00+00:00,3.186,3.194,3.168,3.172,75408.2
2026-07-06 00:00:00+00:00,3.172,3.195,3.144,3.195,213510.3
2026-07-06 01:00:00+00:00,3.195,3.198,3.164,3.165,84965.9
2026-07-06 02:00:00+00:00,3.165,3.186,3.155,3.174,85519.4
2026-07-06 03:00:00+00:00,3.174,3.181,3.142,3.163,86707.6
2026-07-06 04:00:00+00:00,3.163,3.167,3.144,3.145,41224.1
2026-07-06 05:00:00+00:00,3.145,3.146,3.102,3.12,182939.7
2026-07-06 06:00:00+00:00,3.12,3.129,3.105,3.111,110798.8
2026-07-06 07:00:00+00:00,3.111,3.125,3.102,3.115,80471.2
2026-07-06 08:00:00+00:00,3.115,3.125,3.095,3.102,111553.3
2026-07-06 09:00:00+00:00,3.102,3.115,3.095,3.113,99007.5
2026-07-06 10:00:00+00:00,3.113,3.159,3.112,3.152,191164.6
2026-07-06 11:00:00+00:00,3.152,3.166,3.116,3.119,217703.6
2026-07-06 12:00:00+00:00,3.119,3.121,3.065,3.099,866654.2
2026-07-06 13:00:00+00:00,3.099,3.145,3.071,3.122,426840.6
2026-07-06 14:00:00+00:00,3.122,3.147,3.112,3.13,302528.5
2026-07-06 15:00:00+00:00,3.13,3.206,3.129,3.19,431422.0
2026-07-06 16:00:00+00:00,3.19,3.229,3.18,3.2,461652.7
2026-07-06 17:00:00+00:00,3.2,3.219,3.185,3.192,200663.9
2026-07-06 18:00:00+00:00,3.192,3.207,3.188,3.2,122591.0
2026-07-06 19:00:00+00:00,3.2,3.212,3.192,3.196,118670.8
2026-07-06 20:00:00+00:00,3.196,3.209,3.187,3.203,55841.0
2026-07-06 21:00:00+00:00,3.203,3.266,3.201,3.227,361848.4
2026-07-06 22:00:00+00:00,3.227,3.229,3.189,3.196,110731.9
2026-07-06 23:00:00+00:00,3.196,3.201,3.172,3.179,127284.5
2026-07-07 00:00:00+00:00,3.179,3.196,3.171,3.184,158261.6
2026-07-07 01:00:00+00:00,3.184,3.184,3.145,3.163,239773.4
2026-07-07 02:00:00+00:00,3.163,3.167,3.136,3.141,131695.0
2026-07-07 03:00:00+00:00,3.141,3.147,3.125,3.132,188628.3
2026-07-07 04:00:00+00:00,3.132,3.142,3.116,3.127,150994.8
2026-07-07 05:00:00+00:00,3.127,3.145,3.105,3.14,163635.8
2026-07-07 06:00:00+00:00,3.14,3.162,3.128,3.156,103342.0
2026-07-07 07:00:00+00:00,3.156,3.173,3.153,3.158,119387.9
2026-07-07 08:00:00+00:00,3.158,3.172,3.151,3.155,113434.8
2026-07-07 09:00:00+00:00,3.155,3.17,3.15,3.165,101157.4
2026-07-07 10:00:00+00:00,3.165,3.18,3.15,3.151,152214.5
2026-07-07 11:00:00+00:00,3.151,3.2,3.139,3.175,272558.4
2026-07-07 12:00:00+00:00,3.175,3.199,3.17,3.178,145067.7
2026-07-07 13:00:00+00:00,3.178,3.178,3.135,3.15,298483.7
2026-07-07 14:00:00+00:00,3.15,3.193,3.126,3.189,294644.7
2026-07-07 15:00:00+00:00,3.189,3.258,3.18,3.252,351449.1
2026-07-07 16:00:00+00:00,3.252,3.29,3.215,3.246,422927.1
2026-07-07 17:00:00+00:00,3.246,3.279,3.231,3.273,179871.0
2026-07-07 18:00:00+00:00,3.273,3.313,3.238,3.242,459377.2
2026-07-07 19:00:00+00:00,3.242,3.269,3.212,3.269,281091.5
2026-07-07 20:00:00+00:00,3.269,3.274,3.227,3.237,172587.3
2026-07-07 21:00:00+00:00,3.237,3.254,3.192,3.198,220452.5
2026-07-07 22:00:00+00:00,3.198,3.219,3.174,3.214,145755.6
2026-07-07 23:00:00+00:00,3.214,3.225,3.184,3.189,176601.4
2026-07-08 00:00:00+00:00,3.189,3.263,3.183,3.263,358756.4
2026-07-08 01:00:00+00:00,3.263,3.272,3.163,3.168,497273.8
2026-07-08 02:00:00+00:00,3.168,3.201,3.14,3.191,317041.8
2026-07-08 03:00:00+00:00,3.191,3.227,3.191,3.211,270043.2
2026-07-08 04:00:00+00:00,3.211,3.267,3.203,3.266,307394.0
2026-07-08 05:00:00+00:00,3.266,3.385,3.255,3.336,1685828.3
2026-07-08 06:00:00+00:00,3.336,3.36,3.286,3.317,968551.1
2026-07-08 07:00:00+00:00,3.317,3.34,3.283,3.287,545097.4
2026-07-08 08:00:00+00:00,3.287,3.296,3.123,3.199,1369168.7
2026-07-08 09:00:00+00:00,3.199,3.289,3.197,3.238,722831.5
2026-07-08 10:00:00+00:00,3.238,3.312,3.216,3.268,666472.2
2026-07-08 11:00:00+00:00,3.268,3.332,3.245,3.314,581737.1
2026-07-08 12:00:00+00:00,3.314,3.33,3.275,3.287,801289.0
2026-07-08 13:00:00+00:00,3.287,3.302,3.233,3.298,576567.5
2026-07-08 14:00:00+00:00,3.298,3.347,3.279,3.313,701929.3
2026-07-08 15:00:00+00:00,3.313,3.325,3.262,3.273,485985.3
2026-07-08 16:00:00+00:00,3.273,3.318,3.259,3.315,426993.0
2026-07-08 17:00:00+00:00,3.315,3.387,3.306,3.307,825151.5
2026-07-08 18:00:00+00:00,3.307,3.367,3.299,3.346,707107.4
2026-07-08 19:00:00+00:00,3.346,3.353,3.304,3.314,336055.4
2026-07-08 20:00:00+00:00,3.314,3.315,3.255,3.259,331145.7
2026-07-08 21:00:00+00:00,3.259,3.261,3.219,3.251,245279.9
2026-07-08 22:00:00+00:00,3.251,3.276,3.247,3.273,140858.7
2026-07-08 23:00:00+00:00,3.273,3.285,3.265,3.276,96305.8
2026-07-09 00:00:00+00:00,3.276,3.287,3.254,3.286,148085.0
2026-07-09 01:00:00+00:00,3.286,3.389,3.286,3.303,690581.9
2026-07-09 02:00:00+00:00,3.303,3.341,3.288,3.314,383092.5
2026-07-09 03:00:00+00:00,3.314,3.325,3.273,3.29,460397.6
2026-07-09 04:00:00+00:00,3.29,3.308,3.243,3.306,523245.9
2026-07-09 05:00:00+00:00,3.306,3.373,3.302,3.361,402337.6
2026-07-09 06:00:00+00:00,3.361,3.43,3.348,3.404,596499.1
2026-07-09 07:00:00+00:00,3.404,3.418,3.357,3.367,264267.3
2026-07-09 08:00:00+00:00,3.367,3.369,3.339,3.362,343147.9
2026-07-09 09:00:00+00:00,3.362,3.372,3.33,3.371,263150.0
2026-07-09 10:00:00+00:00,3.371,3.409,3.34,3.353,561437.8
2026-07-09 11:00:00+00:00,3.353,3.367,3.342,3.358,249025.8
2026-07-09 12:00:00+00:00,3.358,3.359,3.293,3.315,551622.7
2026-07-09 13:00:00+00:00,3.315,3.344,3.292,3.337,335815.1
2026-07-09 14:00:00+00:00,3.337,3.36,3.3,3.317,457875.8
2026-07-09 15:00:00+00:00,3.317,3.346,3.307,3.339,245692.9
2026-07-09 16:00:00+00:00,3.339,3.366,3.32,3.362,398028.4
2026-07-09 17:00:00+00:00,3.362,3.402,3.353,3.397,325509.1
2026-07-09 18:00:00+00:00,3.397,3.43,3.375,3.376,423263.1
2026-07-09 19:00:00+00:00,3.376,3.376,3.351,3.358,172959.9
2026-07-09 20:00:00+00:00,3.358,3.424,3.349,3.423,326228.1
2026-07-09 21:00:00+00:00,3.423,3.436,3.395,3.419,215897.8
2026-07-09 22:00:00+00:00,3.419,3.433,3.401,3.417,177248.0
2026-07-09 23:00:00+00:00,3.417,3.433,3.39,3.391,228147.2
2026-07-10 00:00:00+00:00,3.391,3.43,3.367,3.428,353190.5
2026-07-10 01:00:00+00:00,3.428,3.537,3.404,3.509,806394.9
2026-07-10 02:00:00+00:00,3.509,3.518,3.451,3.456,401207.1
2026-07-10 03:00:00+00:00,3.456,3.476,3.454,3.462,197170.8
2026-07-10 04:00:00+00:00,3.462,3.481,3.452,3.481,121227.3
2026-07-10 05:00:00+00:00,3.481,3.541,3.479,3.528,439154.3
2026-07-10 06:00:00+00:00,3.528,3.529,3.484,3.499,253564.6
2026-07-10 07:00:00+00:00,3.499,3.533,3.473,3.487,221435.7
2026-07-10 08:00:00+00:00,3.487,3.568,3.485,3.531,337600.5
2026-07-10 09:00:00+00:00,3.531,3.616,3.508,3.572,713393.3
2026-07-10 10:00:00+00:00,3.572,3.615,3.565,3.58,652024.4
2026-07-10 11:00:00+00:00,3.58,3.635,3.568,3.617,481138.1
2026-07-10 12:00:00+00:00,3.617,3.693,3.599,3.669,833502.7
2026-07-10 13:00:00+00:00,3.669,3.686,3.624,3.626,944577.3
2026-07-10 14:00:00+00:00,3.626,3.641,3.529,3.538,891326.3
2026-07-10 15:00:00+00:00,3.538,3.572,3.521,3.553,703741.4
2026-07-10 16:00:00+00:00,3.553,3.587,3.543,3.577,261340.2
2026-07-10 17:00:00+00:00,3.577,3.583,3.528,3.533,251760.8
2026-07-10 18:00:00+00:00,3.533,3.552,3.513,3.523,216385.2
2026-07-10 19:00:00+00:00,3.523,3.551,3.52,3.53,148062.4
2026-07-10 20:00:00+00:00,3.53,3.532,3.515,3.52,88058.8
2026-07-10 21:00:00+00:00,3.52,3.569,3.518,3.566,230566.9
2026-07-10 22:00:00+00:00,3.566,3.584,3.541,3.547,168863.8
2026-07-10 23:00:00+00:00,3.547,3.547,3.519,3.52,279838.7
2026-07-11 00:00:00+00:00,3.52,3.52,3.472,3.487,257969.7
2026-07-11 01:00:00+00:00,3.487,3.508,3.481,3.489,88749.9
2026-07-11 02:00:00+00:00,3.489,3.493,3.457,3.479,200390.3
2026-07-11 03:00:00+00:00,3.479,3.48,3.462,3.471,76132.6
2026-07-11 04:00:00+00:00,3.471,3.481,3.465,3.477,57755.2
2026-07-11 05:00:00+00:00,3.477,3.514,3.474,3.5,132474.8
2026-07-11 06:00:00+00:00,3.5,3.528,3.489,3.499,203267.5
2026-07-11 07:00:00+00:00,3.499,3.524,3.491,3.516,136481.7
2026-07-11 08:00:00+00:00,3.516,3.54,3.506,3.525,97834.3
2026-07-11 09:00:00+00:00,3.525,3.546,3.523,3.54,81571.1
2026-07-11 10:00:00+00:00,3.54,3.603,3.538,3.577,459639.5
2026-07-11 11:00:00+00:00,3.577,3.641,3.567,3.631,304510.7
2026-07-11 12:00:00+00:00,3.631,3.68,3.626,3.629,573770.0
2026-07-11 13:00:00+00:00,3.629,3.745,3.605,3.726,913652.7
2026-07-11 14:00:00+00:00,3.726,3.777,3.696,3.699,772547.8
2026-07-11 15:00:00+00:00,3.699,3.793,3.698,3.741,668536.8
2026-07-11 16:00:00+00:00,3.741,3.751,3.672,3.708,491261.5
2026-07-11 17:00:00+00:00,3.708,3.721,3.673,3.694,243173.8
2026-07-11 18:00:00+00:00,3.694,3.776,3.688,3.744,441920.7
2026-07-11 19:00:00+00:00,3.744,3.79,3.716,3.788,423499.9
2026-07-11 20:00:00+00:00,3.788,3.826,3.761,3.801,391340.8
2026-07-11 21:00:00+00:00,3.801,3.845,3.772,3.775,529495.0
2026-07-11 22:00:00+00:00,3.775,3.786,3.734,3.743,327547.1
2026-07-11 23:00:00+00:00,3.743,3.751,3.653,3.654,502112.7
2026-07-12 00:00:00+00:00,3.654,3.683,3.623,3.657,555751.2
2026-07-12 01:00:00+00:00,3.657,3.689,3.653,3.664,177267.0
2026-07-12 02:00:00+00:00,3.664,3.674,3.647,3.659,129078.8
2026-07-12 03:00:00+00:00,3.659,3.66,3.626,3.656,127277.8
2026-07-12 04:00:00+00:00,3.656,3.658,3.626,3.637,133741.8
2026-07-12 05:00:00+00:00,3.637,3.645,3.614,3.633,87550.7
2026-07-12 06:00:00+00:00,3.633,3.64,3.589,3.634,217304.5
2026-07-12 07:00:00+00:00,3.634,3.648,3.622,3.626,131719.5
2026-07-12 08:00:00+00:00,3.626,3.669,3.625,3.653,151115.4
2026-07-12 09:00:00+00:00,3.653,3.671,3.626,3.644,111380.1
2026-07-12 10:00:00+00:00,3.644,3.645,3.603,3.611,90928.6
2026-07-12 11:00:00+00:00,3.611,3.635,3.57,3.617,338168.7
2026-07-12 12:00:00+00:00,3.617,3.63,3.615,3.622,110135.7
2026-07-12 13:00:00+00:00,3.622,3.661,3.608,3.632,199916.4
2026-07-12 14:00:00+00:00,3.632,3.656,3.6,3.64,167727.2
2026-07-12 15:00:00+00:00,3.64,3.687,3.638,3.676,271131.1
2026-07-12 16:00:00+00:00,3.676,3.692,3.658,3.663,144430.7
2026-07-12 17:00:00+00:00,3.663,3.665,3.624,3.637,154200.7
2026-07-12 18:00:00+00:00,3.637,3.671,3.634,3.671,129558.4
2026-07-12 19:00:00+00:00,3.671,3.681,3.654,3.676,81207.3
2026-07-12 20:00:00+00:00,3.676,3.713,3.669,3.702,194813.5
2026-07-12 21:00:00+00:00,3.702,3.729,3.647,3.656,237179.8
2026-07-12 22:00:00+00:00,3.656,3.656,3.585,3.62,424444.1
2026-07-12 23:00:00+00:00,3.62,3.621,3.586,3.589,161973.4
2026-07-13 00:00:00+00:00,3.589,3.659,3.579,3.628,497718.8
2026-07-13 01:00:00+00:00,3.628,3.632,3.553,3.555,481517.5
2026-07-13 02:00:00+00:00,3.555,3.598,3.544,3.577,227703.9
2026-07-13 03:00:00+00:00,3.577,3.58,3.504,3.518,467978.7
2026-07-13 04:00:00+00:00,3.518,3.534,3.49,3.493,222696.2
2026-07-13 05:00:00+00:00,3.493,3.517,3.471,3.506,228326.2
2026-07-13 06:00:00+00:00,3.506,3.511,3.49,3.493,66927.9
2026-07-13 07:00:00+00:00,3.493,3.539,3.49,3.536,174283.1
2026-07-13 08:00:00+00:00,3.536,3.569,3.536,3.56,174149.9
2026-07-13 09:00:00+00:00,3.56,3.57,3.542,3.558,130911.5
2026-07-13 10:00:00+00:00,3.558,3.572,3.498,3.523,458259.5
2026-07-13 11:00:00+00:00,3.523,3.546,3.502,3.505,208276.4
2026-07-13 12:00:00+00:00,3.505,3.518,3.49,3.497,176065.3
2026-07-13 13:00:00+00:00,3.497,3.497,3.447,3.478,504594.2
2026-07-13 14:00:00+00:00,3.478,3.521,3.463,3.52,311330.1
2026-07-13 15:00:00+00:00,3.52,3.551,3.513,3.513,224037.6
2026-07-13 16:00:00+00:00,3.513,3.601,3.51,3.561,636744.7
2026-07-13 17:00:00+00:00,3.561,3.581,3.52,3.529,302118.4
2026-07-13 18:00:00+00:00,3.529,3.546,3.484,3.489,404861.3
2026-07-13 19:00:00+00:00,3.489,3.516,3.488,3.506,149655.4
2026-07-13 20:00:00+00:00,3.506,3.507,3.482,3.495,70907.7
2026-07-13 21:00:00+00:00,3.495,3.504,3.47,3.491,133095.4
2026-07-13 22:00:00+00:00,3.491,3.527,3.491,3.504,101482.5
2026-07-13 23:00:00+00:00,3.504,3.557,3.497,3.55,130296.0
2026-07-14 00:00:00+00:00,3.55,3.606,3.54,3.605,222788.6
2026-07-14 01:00:00+00:00,3.605,3.647,3.587,3.607,378612.0
2026-07-14 02:00:00+00:00,3.607,3.612,3.558,3.578,126914.9
2026-07-14 03:00:00+00:00,3.578,3.588,3.549,3.584,123995.5
2026-07-14 04:00:00+00:00,3.584,3.622,3.577,3.619,175713.9
2026-07-14 05:00:00+00:00,3.619,3.639,3.6,3.601,141674.2
2026-07-14 06:00:00+00:00,3.601,3.603,3.581,3.592,94966.5
2026-07-14 07:00:00+00:00,3.592,3.607,3.568,3.572,136912.8
2026-07-14 08:00:00+00:00,3.572,3.611,3.557,3.601,157843.9
2026-07-14 09:00:00+00:00,3.601,3.625,3.595,3.599,134682.1
2026-07-14 10:00:00+00:00,3.599,3.65,3.595,3.636,183363.6
2026-07-14 11:00:00+00:00,3.636,3.671,3.624,3.629,382339.3
2026-07-14 12:00:00+00:00,3.629,3.699,3.611,3.691,639858.9
2026-07-14 13:00:00+00:00,3.691,3.726,3.661,3.674,476802.6
2026-07-14 14:00:00+00:00,3.674,3.704,3.634,3.695,390318.3
2026-07-14 15:00:00+00:00,3.695,3.755,3.673,3.702,536348.5
2026-07-14 16:00:00+00:00,3.702,3.726,3.672,3.689,300417.0
2026-07-14 17:00:00+00:00,3.689,3.689,3.646,3.674,123610.5
2026-07-14 18:00:00+00:00,3.674,3.686,3.659,3.685,123841.9
2026-07-14 19:00:00+00:00,3.685,3.7,3.669,3.69,151061.4
2026-07-14 20:00:00+00:00,3.69,3.706,3.679,3.698,82994.1
2026-07-14 21:00:00+00:00,3.698,3.702,3.676,3.687,65392.9
2026-07-14 22:00:00+00:00,3.687,3.688,3.641,3.656,217963.1
2026-07-14 23:00:00+00:00,3.656,3.671,3.643,3.661,92972.3
2026-07-15 00:00:00+00:00,3.661,3.686,3.656,3.677,105874.9
2026-07-15 01:00:00+00:00,3.677,3.677,3.643,3.646,74541.5
2026-07-15 02:00:00+00:00,3.646,3.66,3.624,3.629,153935.1
2026-07-15 03:00:00+00:00,3.629,3.666,3.626,3.657,97865.2
2026-07-15 04:00:00+00:00,3.657,3.698,3.653,3.681,124139.3
2026-07-15 05:00:00+00:00,3.681,3.689,3.657,3.687,87623.9
2026-07-15 06:00:00+00:00,3.687,3.69,3.637,3.637,105387.8
2026-07-15 07:00:00+00:00,3.637,3.649,3.577,3.589,350958.8
2026-07-15 08:00:00+00:00,3.589,3.607,3.583,3.601,123847.1
2026-07-15 09:00:00+00:00,3.601,3.62,3.592,3.592,108238.5
2026-07-15 10:00:00+00:00,3.592,3.616,3.582,3.587,136456.1
2026-07-15 11:00:00+00:00,3.587,3.598,3.571,3.597,145768.5
2026-07-15 12:00:00+00:00,3.597,3.651,3.578,3.641,349247.5
2026-07-15 13:00:00+00:00,3.641,3.658,3.613,3.649,385316.7
2026-07-15 14:00:00+00:00,3.649,3.675,3.618,3.632,356838.8
2026-07-15 15:00:00+00:00,3.632,3.686,3.615,3.682,243154.0
2026-07-15 16:00:00+00:00,3.682,3.687,3.609,3.671,398206.9
2026-07-15 17:00:00+00:00,3.671,3.685,3.647,3.653,248129.9
2026-07-15 18:00:00+00:00,3.653,3.668,3.612,3.617,207360.9
2026-07-15 19:00:00+00:00,3.617,3.624,3.594,3.597,235332.8
2026-07-15 20:00:00+00:00,3.597,3.624,3.594,3.613,108531.3
2026-07-15 21:00:00+00:00,3.613,3.621,3.603,3.62,39705.3
2026-07-15 22:00:00+00:00,3.62,3.641,3.619,3.626,95719.1
2026-07-15 23:00:00+00:00,3.626,3.63,3.596,3.615,94674.9
2026-07-16 00:00:00+00:00,3.615,3.645,3.615,3.636,145952.3
2026-07-16 01:00:00+00:00,3.636,3.739,3.621,3.737,318637.2
2026-07-16 02:00:00+00:00,3.737,3.753,3.699,3.706,401266.3
2026-07-16 03:00:00+00:00,3.706,3.719,3.681,3.695,148657.9
2026-07-16 04:00:00+00:00,3.695,3.71,3.672,3.678,208039.8
2026-07-16 05:00:00+00:00,3.678,3.718,3.677,3.691,176892.5
2026-07-16 06:00:00+00:00,3.691,3.708,3.659,3.705,160448.5
2026-07-16 07:00:00+00:00,3.705,3.709,3.653,3.674,204853.1
2026-07-16 08:00:00+00:00,3.674,3.692,3.626,3.647,319613.5
2026-07-16 09:00:00+00:00,3.647,3.689,3.646,3.685,109759.9
2026-07-16 10:00:00+00:00,3.685,3.724,3.674,3.719,202402.4
2026-07-16 11:00:00+00:00,3.719,3.741,3.689,3.702,165216.9
2026-07-16 12:00:00+00:00,3.702,3.712,3.645,3.657,361976.9
2026-07-16 13:00:00+00:00,3.657,3.735,3.65,3.709,366009.5
2026-07-16 14:00:00+00:00,3.709,3.746,3.677,3.691,312315.4
2026-07-16 15:00:00+00:00,3.691,3.694,3.598,3.627,727043.0
2026-07-16 16:00:00+00:00,3.627,3.63,3.603,3.622,184750.0
2026-07-16 17:00:00+00:00,3.622,3.629,3.59,3.616,198179.8
2026-07-16 18:00:00+00:00,3.616,3.652,3.614,3.649,133680.5
2026-07-16 19:00:00+00:00,3.649,3.649,3.615,3.625,154942.8
2026-07-16 20:00:00+00:00,3.625,3.643,3.619,3.635,98424.5
2026-07-16 21:00:00+00:00,3.635,3.699,3.63,3.679,239454.1
2026-07-16 22:00:00+00:00,3.679,3.689,3.61,3.616,243285.3
2026-07-16 23:00:00+00:00,3.616,3.617,3.535,3.537,387049.3
2026-07-17 00:00:00+00:00,3.537,3.548,3.511,3.54,385833.4
2026-07-17 01:00:00+00:00,3.54,3.561,3.512,3.517,161378.7
2026-07-17 02:00:00+00:00,3.517,3.541,3.505,3.527,148918.7
2026-07-17 03:00:00+00:00,3.527,3.583,3.518,3.564,186049.7
2026-07-17 04:00:00+00:00,3.564,3.566,3.533,3.547,143384.3
2026-07-17 05:00:00+00:00,3.547,3.55,3.493,3.507,202366.5
2026-07-17 06:00:00+00:00,3.507,3.542,3.5,3.535,140705.4
2026-07-17 07:00:00+00:00,3.535,3.537,3.509,3.513,112083.9
2026-07-17 08:00:00+00:00,3.513,3.518,3.485,3.508,130758.4
2026-07-17 09:00:00+00:00,3.508,3.525,3.507,3.519,77029.8
2026-07-17 10:00:00+00:00,3.519,3.527,3.498,3.5,92487.1
2026-07-17 11:00:00+00:00,3.5,3.51,3.491,3.503,125119.0
2026-07-17 12:00:00+00:00,3.503,3.513,3.476,3.479,133539.9
2026-07-17 13:00:00+00:00,3.479,3.498,3.437,3.494,580050.6
2026-07-17 14:00:00+00:00,3.494,3.522,3.477,3.483,242771.9
2026-07-17 15:00:00+00:00,3.483,3.512,3.457,3.507,241677.4
2026-07-17 16:00:00+00:00,3.507,3.548,3.495,3.535,326817.2
2026-07-17 17:00:00+00:00,3.535,3.578,3.534,3.563,272225.5
2026-07-17 18:00:00+00:00,3.563,3.571,3.546,3.553,136316.9
2026-07-17 19:00:00+00:00,3.553,3.564,3.529,3.539,136552.2
2026-07-17 20:00:00+00:00,3.539,3.611,3.521,3.573,737536.5
2026-07-17 21:00:00+00:00,3.573,3.592,3.556,3.56,221729.6
2026-07-17 22:00:00+00:00,3.56,3.581,3.555,3.563,61433.4
2026-07-17 23:00:00+00:00,3.563,3.652,3.557,3.637,369750.3
2026-07-18 00:00:00+00:00,3.637,3.652,3.606,3.613,355012.2
2026-07-18 01:00:00+00:00,3.613,3.613,3.567,3.573,374054.4
2026-07-18 02:00:00+00:00,3.573,3.583,3.54,3.547,166529.3
2026-07-18 03:00:00+00:00,3.547,3.554,3.536,3.546,126005.1
2026-07-18 04:00:00+00:00,3.546,3.546,3.508,3.525,170170.1
2026-07-18 05:00:00+00:00,3.525,3.535,3.514,3.518,107390.9
2026-07-18 06:00:00+00:00,3.518,3.52,3.501,3.515,83564.9
2026-07-18 07:00:00+00:00,3.515,3.517,3.503,3.513,64200.5
2026-07-18 08:00:00+00:00,3.513,3.528,3.507,3.511,92681.7
2026-07-18 09:00:00+00:00,3.511,3.515,3.494,3.503,64047.9
2026-07-18 10:00:00+00:00,3.503,3.523,3.502,3.516,42912.5
2026-07-18 11:00:00+00:00,3.516,3.526,3.495,3.5,69748.6
2026-07-18 12:00:00+00:00,3.5,3.514,3.451,3.499,252373.3
2026-07-18 13:00:00+00:00,3.499,3.507,3.481,3.499,72627.8
2026-07-18 14:00:00+00:00,3.499,3.514,3.491,3.512,81849.0
2026-07-18 15:00:00+00:00,3.512,3.518,3.503,3.514,98696.3
2026-07-18 16:00:00+00:00,3.514,3.543,3.509,3.525,178489.0
2026-07-18 17:00:00+00:00,3.525,3.536,3.507,3.531,88717.4
2026-07-18 18:00:00+00:00,3.531,3.551,3.521,3.524,92272.0
2026-07-18 19:00:00+00:00,3.524,3.531,3.517,3.525,32728.4
2026-07-18 20:00:00+00:00,3.525,3.532,3.515,3.529,33192.4
2026-07-18 21:00:00+00:00,3.529,3.553,3.528,3.543,85400.3
2026-07-18 22:00:00+00:00,3.543,3.565,3.543,3.556,57804.8
2026-07-18 23:00:00+00:00,3.556,3.568,3.549,3.567,102353.7
2026-07-19 00:00:00+00:00,3.567,3.569,3.542,3.546,91881.5
2026-07-19 01:00:00+00:00,3.546,3.546,3.511,3.519,117487.6
2026-07-19 02:00:00+00:00,3.519,3.55,3.516,3.543,116435.6
2026-07-19 03:00:00+00:00,3.543,3.573,3.536,3.563,134408.8
2026-07-19 04:00:00+00:00,3.563,3.568,3.544,3.548,59743.1
2026-07-19 05:00:00+00:00,3.548,3.562,3.544,3.547,46027.5
2026-07-19 06:00:00+00:00,3.547,3.56,3.546,3.554,42423.8
2026-07-19 07:00:00+00:00,3.554,3.555,3.529,3.536,49462.9
2026-07-19 08:00:00+00:00,3.536,3.543,3.524,3.539,69270.1
2026-07-19 09:00:00+00:00,3.539,3.541,3.517,3.526,84461.3
2026-07-19 10:00:00+00:00,3.526,3.539,3.518,3.523,54040.5
2026-07-19 11:00:00+00:00,3.523,3.529,3.507,3.514,50184.5
2026-07-19 12:00:00+00:00,3.514,3.525,3.497,3.524,131645.3
2026-07-19 13:00:00+00:00,3.524,3.537,3.518,3.526,55150.7
2026-07-19 14:00:00+00:00,3.526,3.542,3.512,3.527,54166.0
2026-07-19 15:00:00+00:00,3.527,3.527,3.512,3.516,72970.0
2026-07-19 16:00:00+00:00,3.516,3.517,3.492,3.496,52755.3
2026-07-19 17:00:00+00:00,3.496,3.499,3.472,3.481,194101.4
2026-07-19 18:00:00+00:00,3.481,3.483,3.459,3.476,131186.8
2026-07-19 19:00:00+00:00,3.476,3.493,3.471,3.493,53541.0
2026-07-19 20:00:00+00:00,3.493,3.5,3.489,3.494,67988.4
2026-07-19 21:00:00+00:00,3.494,3.497,3.476,3.48,73055.6
2026-07-19 22:00:00+00:00,3.48,3.511,3.474,3.493,110064.4
2026-07-19 23:00:00+00:00,3.493,3.516,3.475,3.515,105162.2
2026-07-20 00:00:00+00:00,3.515,3.552,3.485,3.492,219598.5
2026-07-20 01:00:00+00:00,3.492,3.531,3.464,3.476,299319.8
2026-07-20 02:00:00+00:00,3.476,3.507,3.473,3.489,85067.3
2026-07-20 03:00:00+00:00,3.489,3.5,3.48,3.488,63293.1
2026-07-20 04:00:00+00:00,3.488,3.488,3.463,3.463,70908.5
2026-07-20 05:00:00+00:00,3.463,3.467,3.43,3.437,339316.2
2026-07-20 06:00:00+00:00,3.437,3.449,3.408,3.417,283174.8
2026-07-20 07:00:00+00:00,3.417,3.448,3.413,3.444,118914.5
2026-07-20 08:00:00+00:00,3.444,3.453,3.425,3.435,226361.0
2026-07-20 09:00:00+00:00,3.435,3.456,3.421,3.445,156033.2
2026-07-20 10:00:00+00:00,3.445,3.461,3.44,3.447,125230.9
2026-07-20 11:00:00+00:00,3.447,3.528,3.443,3.522,329897.5
2026-07-20 12:00:00+00:00,3.522,3.527,3.485,3.494,244788.8
2026-07-20 13:00:00+00:00,3.494,3.517,3.471,3.478,201866.9
2026-07-20 14:00:00+00:00,3.478,3.499,3.455,3.478,187597.3
2026-07-20 15:00:00+00:00,3.478,3.548,3.477,3.543,210073.6
2026-07-20 16:00:00+00:00,3.543,3.588,3.537,3.584,279520.8
2026-07-20 17:00:00+00:00,3.584,3.632,3.578,3.62,307043.1
2026-07-20 18:00:00+00:00,3.62,3.643,3.588,3.6,348259.6
2026-07-20 19:00:00+00:00,3.6,3.621,3.59,3.605,209856.3
2026-07-20 20:00:00+00:00,3.605,3.629,3.599,3.621,102145.4
2026-07-20 21:00:00+00:00,3.621,3.644,3.604,3.609,105761.9
2026-07-20 22:00:00+00:00,3.609,3.625,3.596,3.603,96132.4
2026-07-20 23:00:00+00:00,3.603,3.635,3.599,3.632,74783.0
2026-07-21 00:00:00+00:00,3.632,3.721,3.619,3.667,430115.1
2026-07-21 01:00:00+00:00,3.667,3.69,3.654,3.655,256092.4
2026-07-21 02:00:00+00:00,3.655,3.693,3.644,3.687,100438.4
2026-07-21 03:00:00+00:00,3.687,3.736,3.687,3.708,212348.8
2026-07-21 04:00:00+00:00,3.708,3.717,3.676,3.687,134266.8
2026-07-21 05:00:00+00:00,3.687,3.713,3.679,3.701,180721.0
2026-07-21 06:00:00+00:00,3.701,3.723,3.681,3.72,240519.2
2026-07-21 07:00:00+00:00,3.72,3.727,3.696,3.724,160408.9
2026-07-21 08:00:00+00:00,3.724,3.742,3.706,3.715,266233.5
2026-07-21 09:00:00+00:00,3.715,3.715,3.683,3.703,193584.7
2026-07-21 10:00:00+00:00,3.703,3.71,3.683,3.692,153236.3
2026-07-21 11:00:00+00:00,3.692,3.696,3.683,3.687,102647.2
2026-07-21 12:00:00+00:00,3.687,3.696,3.672,3.693,149707.4
2026-07-21 13:00:00+00:00,3.693,3.71,3.677,3.695,146224.3
2026-07-21 14:00:00+00:00,3.695,3.698,3.643,3.644,425389.2
2026-07-21 15:00:00+00:00,3.644,3.669,3.632,3.667,165038.6
2026-07-21 16:00:00+00:00,3.667,3.698,3.659,3.695,196007.5
2026-07-21 17:00:00+00:00,3.695,3.702,3.633,3.647,426772.2
2026-07-21 18:00:00+00:00,3.647,3.693,3.643,3.684,252163.5
2026-07-21 19:00:00+00:00,3.684,3.708,3.672,3.688,83804.2
2026-07-21 20:00:00+00:00,3.688,3.707,3.678,3.706,68555.3
2026-07-21 21:00:00+00:00,3.706,3.719,3.696,3.707,76335.9
2026-07-21 22:00:00+00:00,3.707,3.716,3.696,3.716,50071.7
2026-07-21 23:00:00+00:00,3.716,3.737,3.702,3.717,109319.3
2026-07-22 00:00:00+00:00,3.717,3.732,3.711,3.727,95959.9
2026-07-22 01:00:00+00:00,3.727,3.73,3.691,3.701,155720.6
2026-07-22 02:00:00+00:00,3.701,3.727,3.669,3.676,248945.5
2026-07-22 03:00:00+00:00,3.676,3.684,3.653,3.657,151784.4
2026-07-22 04:00:00+00:00,3.657,3.715,3.656,3.704,145753.1
2026-07-22 05:00:00+00:00,3.704,3.71,3.672,3.681,139531.4
2026-07-22 06:00:00+00:00,3.681,3.71,3.667,3.693,160690.9
2026-07-22 07:00:00+00:00,3.693,3.693,3.673,3.684,128603.7
2026-07-22 08:00:00+00:00,3.684,3.727,3.684,3.716,271291.9
2026-07-22 09:00:00+00:00,3.716,3.732,3.703,3.714,152412.0
2026-07-22 10:00:00+00:00,3.714,3.791,3.711,3.765,430350.6
2026-07-22 11:00:00+00:00,3.765,3.8,3.756,3.782,403114.3
2026-07-22 12:00:00+00:00,3.782,3.799,3.745,3.761,229089.9
2026-07-22 13:00:00+00:00,3.761,3.809,3.757,3.799,306388.8
2026-07-22 14:00:00+00:00,3.799,3.823,3.734,3.749,389969.4
2026-07-22 15:00:00+00:00,3.749,3.82,3.749,3.812,253535.3
2026-07-22 16:00:00+00:00,3.812,3.867,3.803,3.835,419619.1
2026-07-22 17:00:00+00:00,3.835,3.862,3.79,3.793,264144.4
2026-07-22 18:00:00+00:00,3.793,3.803,3.769,3.801,174068.8
2026-07-22 19:00:00+00:00,3.801,3.84,3.783,3.834,196218.9
2026-07-22 20:00:00+00:00,3.834,3.846,3.817,3.825,220684.6
2026-07-22 21:00:00+00:00,3.825,3.829,3.806,3.814,130290.2
2026-07-22 22:00:00+00:00,3.814,3.817,3.769,3.782,202611.6
2026-07-22 23:00:00+00:00,3.782,3.783,3.746,3.779,171347.4
2026-07-23 00:00:00+00:00,3.779,3.828,3.776,3.802,226017.0
2026-07-23 01:00:00+00:00,3.802,3.819,3.777,3.785,135340.6
2026-07-23 02:00:00+00:00,3.785,3.82,3.763,3.818,201337.4
2026-07-23 03:00:00+00:00,3.818,3.822,3.771,3.783,214626.8
2026-07-23 04:00:00+00:00,3.783,3.813,3.771,3.81,177292.4
2026-07-23 05:00:00+00:00,3.81,3.853,3.802,3.834,218993.1
2026-07-23 06:00:00+00:00,3.834,3.88,3.827,3.85,328397.3
2026-07-23 07:00:00+00:00,3.85,3.857,3.806,3.822,254261.7
2026-07-23 08:00:00+00:00,3.822,3.874,3.81,3.861,163423.0
2026-07-23 09:00:00+00:00,3.861,3.877,3.845,3.847,141113.7
2026-07-23 10:00:00+00:00,3.847,3.864,3.822,3.827,119700.4
2026-07-23 11:00:00+00:00,3.827,3.838,3.808,3.825,155060.7
2026-07-23 12:00:00+00:00,3.825,3.825,3.778,3.806,288724.9
2026-07-23 13:00:00+00:00,3.806,3.813,3.753,3.774,397750.7
2026-07-23 14:00:00+00:00,3.774,3.795,3.758,3.764,243789.8
2026-07-23 15:00:00+00:00,3.764,3.808,3.736,3.803,394308.2
2026-07-23 16:00:00+00:00,3.803,3.803,3.762,3.778,154867.1
2026-07-23 17:00:00+00:00,3.778,3.791,3.753,3.764,153223.3
2026-07-23 18:00:00+00:00,3.764,3.797,3.764,3.779,193042.1
2026-07-23 19:00:00+00:00,3.779,3.799,3.756,3.767,238205.5
2026-07-23 20:00:00+00:00,3.767,3.8,3.764,3.787,139719.9
2026-07-23 21:00:00+00:00,3.787,3.798,3.762,3.77,99338.3
2026-07-23 22:00:00+00:00,3.77,3.776,3.753,3.764,117652.8
2026-07-23 23:00:00+00:00,3.764,3.774,3.744,3.753,82773.7
2026-07-24 00:00:00+00:00,3.753,3.772,3.721,3.768,211835.9
2026-07-24 01:00:00+00:00,3.768,3.8,3.75,3.781,154636.6
2026-07-24 02:00:00+00:00,3.781,3.789,3.731,3.739,283028.7
2026-07-24 03:00:00+00:00,3.739,3.778,3.732,3.777,109788.0
2026-07-24 04:00:00+00:00,3.777,3.796,3.766,3.774,130315.7
2026-07-24 05:00:00+00:00,3.774,3.841,3.771,3.83,294154.2
2026-07-24 06:00:00+00:00,3.83,3.859,3.812,3.854,220793.9
2026-07-24 07:00:00+00:00,3.854,3.875,3.826,3.848,317931.2
2026-07-24 08:00:00+00:00,3.848,3.856,3.829,3.835,137682.2
2026-07-24 09:00:00+00:00,3.835,3.865,3.82,3.852,349565.0
2026-07-24 10:00:00+00:00,3.852,3.853,3.824,3.842,129266.9
2026-07-24 11:00:00+00:00,3.842,3.847,3.809,3.827,160317.2
2026-07-24 12:00:00+00:00,3.827,3.844,3.796,3.797,204914.6
2026-07-24 13:00:00+00:00,3.797,3.803,3.749,3.777,579127.1
2026-07-24 14:00:00+00:00,3.777,3.822,3.761,3.817,334305.7
2026-07-24 15:00:00+00:00,3.817,3.84,3.794,3.826,317613.0
2026-07-24 16:00:00+00:00,3.826,3.856,3.799,3.831,488470.7
2026-07-24 17:00:00+00:00,3.831,3.835,3.802,3.823,226645.4
2026-07-24 18:00:00+00:00,3.823,3.845,3.814,3.836,151650.0
2026-07-24 19:00:00+00:00,3.836,3.836,3.808,3.817,104951.0
2026-07-24 20:00:00+00:00,3.817,3.843,3.816,3.832,170976.5
2026-07-24 21:00:00+00:00,3.832,3.84,3.746,3.753,342634.3
2026-07-24 22:00:00+00:00,3.753,3.783,3.75,3.765,255660.7
2026-07-24 23:00:00+00:00,3.765,3.786,3.76,3.78,93579.7
2026-07-25 00:00:00+00:00,3.78,3.824,3.773,3.799,181517.7
2026-07-25 01:00:00+00:00,3.799,3.812,3.758,3.777,97224.0
2026-07-25 02:00:00+00:00,3.777,3.789,3.746,3.753,153573.6
2026-07-25 03:00:00+00:00,3.753,3.775,3.714,3.727,204529.0
2026-07-25 04:00:00+00:00,3.727,3.738,3.706,3.714,143981.3
2026-07-25 05:00:00+00:00,3.714,3.722,3.667,3.684,271991.1
2026-07-25 06:00:00+00:00,3.684,3.684,3.65,3.674,201051.1
2026-07-25 07:00:00+00:00,3.674,3.686,3.671,3.676,95725.3
2026-07-25 08:00:00+00:00,3.676,3.683,3.651,3.653,187381.7
2026-07-25 09:00:00+00:00,3.653,3.66,3.608,3.651,303396.9
2026-07-25 10:00:00+00:00,3.651,3.659,3.644,3.653,96433.8
2026-07-25 11:00:00+00:00,3.653,3.672,3.651,3.661,88122.3
2026-07-25 12:00:00+00:00,3.661,3.687,3.658,3.686,94429.4
2026-07-25 13:00:00+00:00,3.686,3.702,3.666,3.671,210927.3
2026-07-25 14:00:00+00:00,3.671,3.678,3.664,3.676,73188.9
2026-07-25 15:00:00+00:00,3.676,3.68,3.653,3.658,181629.5
2026-07-25 16:00:00+00:00,3.658,3.664,3.648,3.654,82563.9
2026-07-25 17:00:00+00:00,3.654,3.69,3.648,3.682,161981.1
2026-07-25 18:00:00+00:00,3.682,3.694,3.676,3.684,88374.5
2026-07-25 19:00:00+00:00,3.684,3.688,3.672,3.682,71836.2
2026-07-25 20:00:00+00:00,3.682,3.693,3.669,3.675,62325.2
2026-07-25 21:00:00+00:00,3.675,3.687,3.668,3.683,118439.8
2026-07-25 22:00:00+00:00,3.683,3.686,3.664,3.678,51710.8
2026-07-25 23:00:00+00:00,3.678,3.681,3.663,3.666,47478.1
2026-07-26 00:00:00+00:00,3.666,3.678,3.663,3.668,60578.3
2026-07-26 01:00:00+00:00,3.668,3.678,3.658,3.661,75498.0
2026-07-26 02:00:00+00:00,3.661,3.671,3.649,3.67,96434.2
2026-07-26 03:00:00+00:00,3.67,3.679,3.654,3.66,59399.7
2026-07-26 04:00:00+00:00,3.66,3.69,3.654,3.675,63935.0
2026-07-26 05:00:00+00:00,3.675,3.676,3.658,3.658,67452.4
2026-07-26 06:00:00+00:00,3.658,3.669,3.643,3.668,155975.9
2026-07-26 07:00:00+00:00,3.668,3.679,3.65,3.659,159010.1
2026-07-26 08:00:00+00:00,3.659,3.674,3.657,3.664,80912.9
2026-07-26 09:00:00+00:00,3.664,3.683,3.661,3.672,97022.8
2026-07-26 10:00:00+00:00,3.672,3.729,3.671,3.722,240793.8
2026-07-26 11:00:00+00:00,3.722,3.852,3.722,3.833,843105.8
2026-07-26 12:00:00+00:00,3.833,3.919,3.832,3.874,739090.1
2026-07-26 13:00:00+00:00,3.874,3.89,3.827,3.841,479090.4
2026-07-26 14:00:00+00:00,3.841,3.894,3.832,3.862,353716.3
2026-07-26 15:00:00+00:00,3.862,3.953,3.847,3.949,548213.6
2026-07-26 16:00:00+00:00,3.949,3.957,3.898,3.908,444192.1
2026-07-26 17:00:00+00:00,3.908,3.919,3.884,3.887,296745.5
2026-07-26 18:00:00+00:00,3.887,3.911,3.877,3.89,140141.2
2026-07-26 19:00:00+00:00,3.89,3.892,3.857,3.868,160198.8
2026-07-26 20:00:00+00:00,3.868,3.879,3.857,3.869,62377.1
2026-07-26 21:00:00+00:00,3.869,3.879,3.861,3.868,80318.6
2026-07-26 22:00:00+00:00,3.868,3.908,3.868,3.897,228516.5
2026-07-26 23:00:00+00:00,3.897,3.913,3.87,3.889,225480.9
2026-07-27 00:00:00+00:00,3.889,3.889,3.831,3.844,329104.4
2026-07-27 01:00:00+00:00,3.844,3.88,3.839,3.876,147128.6
2026-07-27 02:00:00+00:00,3.876,3.939,3.865,3.923,205007.2
2026-07-27 03:00:00+00:00,3.923,3.933,3.888,3.896,143629.2
2026-07-27 04:00:00+00:00,3.896,3.92,3.884,3.899,85803.7
2026-07-27 05:00:00+00:00,3.899,3.903,3.874,3.887,72938.9
2026-07-27 06:00:00+00:00,3.887,3.908,3.878,3.886,133147.3
2026-07-27 07:00:00+00:00,3.886,3.917,3.879,3.896,188324.5
2026-07-27 08:00:00+00:00,3.896,3.918,3.882,3.906,196222.6
2026-07-27 09:00:00+00:00,3.906,3.914,3.884,3.897,147405.1
2026-07-27 10:00:00+00:00,3.897,3.918,3.88,3.895,118572.9
2026-07-27 11:00:00+00:00,3.895,3.895,3.849,3.857,234815.9
2026-07-27 12:00:00+00:00,3.857,3.875,3.835,3.866,204982.0
2026-07-27 13:00:00+00:00,3.866,3.937,3.863,3.903,401235.0
2026-07-27 14:00:00+00:00,3.903,3.918,3.806,3.83,627599.3
2026-07-27 15:00:00+00:00,3.83,3.852,3.814,3.821,214293.3
2026-07-27 16:00:00+00:00,3.821,3.868,3.804,3.849,239601.8
2026-07-27 17:00:00+00:00,3.849,3.867,3.831,3.838,80812.8
2026-07-27 18:00:00+00:00,3.838,3.842,3.785,3.816,224758.2
2026-07-27 19:00:00+00:00,3.816,3.836,3.805,3.835,73039.5
2026-07-27 20:00:00+00:00,3.835,3.839,3.795,3.798,90484.7
2026-07-27 21:00:00+00:00,3.798,3.803,3.769,3.778,205023.1
2026-07-27 22:00:00+00:00,3.778,3.778,3.678,3.686,564374.1
2026-07-27 23:00:00+00:00,3.686,3.718,3.671,3.707,397236.5
2026-07-28 00:00:00+00:00,3.707,3.726,3.696,3.709,283162.9
2026-07-28 01:00:00+00:00,3.709,3.717,3.675,3.696,141648.4
2026-07-28 02:00:00+00:00,3.696,3.718,3.688,3.713,112568.3
2026-07-28 03:00:00+00:00,3.713,3.74,3.712,3.734,203321.5
2026-07-28 04:00:00+00:00,3.734,3.741,3.717,3.718,90157.2
2026-07-28 05:00:00+00:00,3.718,3.75,3.718,3.726,86846.1
2026-07-28 06:00:00+00:00,3.726,3.731,3.701,3.723,196712.9
2026-07-28 07:00:00+00:00,3.723,3.733,3.696,3.708,83171.8
2026-07-28 08:00:00+00:00,3.708,3.708,3.687,3.689,119829.5
2026-07-28 09:00:00+00:00,3.689,3.755,3.689,3.74,353632.0
2026-07-28 10:00:00+00:00,3.74,3.822,3.738,3.79,472515.1
2026-07-28 11:00:00+00:00,3.79,3.836,3.778,3.817,348540.6
2026-07-28 12:00:00+00:00,3.817,3.902,3.817,3.898,459662.6
2026-07-28 13:00:00+00:00,3.898,3.944,3.822,3.896,859987.5
2026-07-28 14:00:00+00:00,3.896,3.936,3.858,3.863,671685.6
2026-07-28 15:00:00+00:00,3.863,3.925,3.832,3.914,396273.9
2026-07-28 16:00:00+00:00,3.914,3.916,3.868,3.881,191741.6
2026-07-28 17:00:00+00:00,3.881,3.89,3.85,3.872,146461.3
2026-07-28 18:00:00+00:00,3.872,3.891,3.852,3.859,129619.0
2026-07-28 19:00:00+00:00,3.859,3.881,3.858,3.879,136107.6
2026-07-28 20:00:00+00:00,3.879,3.894,3.866,3.892,199562.7
2026-07-28 21:00:00+00:00,3.892,3.926,3.886,3.907,151476.7
2026-07-28 22:00:00+00:00,3.907,3.926,3.872,3.873,155845.7
2026-07-28 23:00:00+00:00,3.873,3.892,3.856,3.892,151432.9
2026-07-29 00:00:00+00:00,3.892,3.907,3.869,3.881,219034.7
2026-07-29 01:00:00+00:00,3.881,3.888,3.829,3.831,164267.1
2026-07-29 02:00:00+00:00,3.831,3.848,3.811,3.818,198069.0
2026-07-29 03:00:00+00:00,3.818,3.821,3.765,3.77,248275.9
2026-07-29 04:00:00+00:00,3.77,3.795,3.737,3.794,283342.8
2026-07-29 05:00:00+00:00,3.794,3.839,3.791,3.818,195380.6
2026-07-29 06:00:00+00:00,3.818,3.853,3.811,3.829,126853.4
2026-07-29 07:00:00+00:00,3.829,3.831,3.801,3.811,109178.6
2026-07-29 08:00:00+00:00,3.811,3.903,3.808,3.878,441375.6
2026-07-29 09:00:00+00:00,3.878,4.009,3.874,3.972,1303115.1
2026-07-29 10:00:00+00:00,3.972,4.031,3.957,4.015,649618.9
2026-07-29 11:00:00+00:00,4.015,4.065,3.991,4.046,378828.1
2026-07-29 12:00:00+00:00,4.046,4.053,4.004,4.042,452628.2
2026-07-29 13:00:00+00:00,4.042,4.078,4.023,4.045,541217.5
2026-07-29 14:00:00+00:00,4.045,4.048,3.996,4.001,401628.5
2026-07-29 15:00:00+00:00,4.001,4.013,3.94,3.966,454106.9
2026-07-29 16:00:00+00:00,3.966,3.972,3.927,3.969,405873.8
2026-07-29 17:00:00+00:00,3.969,3.979,3.948,3.974,242534.1
2026-07-29 18:00:00+00:00,3.974,4.028,3.932,3.99,758478.2
2026-07-29 19:00:00+00:00,3.99,3.998,3.902,3.905,395699.0
2026-07-29 20:00:00+00:00,3.905,3.914,3.869,3.875,391588.4
2026-07-29 21:00:00+00:00,3.875,3.937,3.852,3.937,222081.0
2026-07-29 22:00:00+00:00,3.937,4.018,3.937,3.999,474447.6
2026-07-29 23:00:00+00:00,3.999,4.011,3.979,3.987,261312.7
2026-07-30 00:00:00+00:00,3.987,4.016,3.96,3.973,227747.3
2026-07-30 01:00:00+00:00,3.973,4.057,3.966,4.024,432825.6
2026-07-30 02:00:00+00:00,4.024,4.045,3.995,4.017,260152.2
2026-07-30 03:00:00+00:00,4.017,4.032,3.995,4.014,133831.2
2026-07-30 04:00:00+00:00,4.014,4.022,3.976,3.983,150288.2
2026-07-30 05:00:00+00:00,3.983,3.995,3.963,3.967,204327.5
2026-07-30 06:00:00+00:00,3.967,4.007,3.962,3.971,258147.1
2026-07-30 07:00:00+00:00,3.971,3.994,3.956,3.988,134439.4
2026-07-30 08:00:00+00:00,3.988,4.072,3.979,4.017,642559.7
2026-07-30 09:00:00+00:00,4.017,4.035,4.005,4.026,139453.8
2026-07-30 10:00:00+00:00,4.026,4.067,4.01,4.059,276582.0
2026-07-30 11:00:00+00:00,4.059,4.127,4.058,4.124,735378.4
2026-07-30 12:00:00+00:00,4.124,4.221,4.119,4.204,732390.6
2026-07-30 13:00:00+00:00,4.204,4.293,4.179,4.285,1001818.1
2026-07-30 14:00:00+00:00,4.285,4.334,4.263,4.298,950161.8
2026-07-30 15:00:00+00:00,4.298,4.332,4.256,4.325,514240.7
2026-07-30 16:00:00+00:00,4.325,4.477,4.317,4.468,1464284.4
2026-07-30 17:00:00+00:00,4.468,4.468,4.37,4.44,801630.5
2026-07-30 18:00:00+00:00,4.44,4.446,4.375,4.386,585908.4
2026-07-30 19:00:00+00:00,4.386,4.423,4.374,4.408,445710.6
2026-07-30 20:00:00+00:00,4.408,4.418,4.364,4.393,402645.0
2026-07-30 21:00:00+00:00,4.393,4.405,4.376,4.4,245299.8
2026-07-30 22:00:00+00:00,4.4,4.44,4.391,4.409,476710.0
2026-07-30 23:00:00+00:00,4.409,4.443,4.406,4.428,280098.6
2026-07-31 00:00:00+00:00,4.428,4.457,4.396,4.434,559717.9
2026-07-31 01:00:00+00:00,4.434,4.571,4.432,4.468,1176985.7
2026-07-31 02:00:00+00:00,4.468,4.524,4.401,4.437,1060470.2
2026-07-31 03:00:00+00:00,4.437,4.44,4.353,4.38,594712.7
2026-07-31 04:00:00+00:00,4.38,4.491,4.376,4.451,534986.4
2026-07-31 05:00:00+00:00,4.451,4.561,4.451,4.549,481912.5
2026-07-31 06:00:00+00:00,4.549,4.552,4.468,4.488,556159.5
2026-07-31 07:00:00+00:00,4.488,4.488,4.381,4.395,892514.7
2026-07-31 08:00:00+00:00,4.395,4.424,4.363,4.386,606573.4
2026-07-31 09:00:00+00:00,4.386,4.408,4.262,4.28,998379.4
2026-07-31 10:00:00+00:00,4.28,4.416,4.274,4.362,828850.8
2026-07-31 11:00:00+00:00,4.362,4.39,4.346,4.357,287318.7
2026-07-31 12:00:00+00:00,4.357,4.359,4.316,4.334,418680.9
2026-07-31 13:00:00+00:00,4.334,4.394,4.295,4.309,744277.0
2026-07-31 14:00:00+00:00,4.309,4.346,4.275,4.29,559267.2
2026-07-31 15:00:00+00:00,4.29,4.291,4.226,4.246,626943.9
2026-07-31 16:00:00+00:00,4.246,4.293,4.216,4.244,366948.0
2026-07-31 17:00:00+00:00,4.244,4.317,4.218,4.294,274012.6
2026-07-31 18:00:00+00:00,4.294,4.31,4.269,4.271,227655.2
2026-07-31 19:00:00+00:00,4.271,4.282,4.226,4.232,216034.2
2026-07-31 20:00:00+00:00,4.232,4.33,4.226,4.295,578826.3
2026-07-31 21:00:00+00:00,4.295,4.319,4.27,4.279,292687.7
2026-07-31 22:00:00+00:00,4.279,4.362,4.271,4.329,524068.7
2026-07-31 23:00:00+00:00,4.329,4.374,4.328,4.345,307644.1
2026-08-01 00:00:00+00:00,4.345,4.355,4.294,4.3,314203.2
2026-08-01 01:00:00+00:00,4.3,4.319,4.288,4.318,132520.7
2026-08-01 02:00:00+00:00,4.318,4.343,4.3,4.303,146248.3
2026-08-01 03:00:00+00:00,4.303,4.319,4.272,4.301,164769.0
2026-08-01 04:00:00+00:00,4.301,4.304,4.241,4.249,206504.3
2026-08-01 05:00:00+00:00,4.249,4.255,4.106,4.125,983589.8
2026-08-01 06:00:00+00:00,4.125,4.132,4.08,4.115,490066.9
2026-08-01 07:00:00+00:00,4.115,4.129,4.085,4.097,331769.1
2026-08-01 08:00:00+00:00,4.097,4.155,4.083,4.102,386055.4
2026-08-01 09:00:00+00:00,4.102,4.113,4.084,4.105,132285.7
2026-08-01 10:00:00+00:00,4.105,4.107,4.06,4.073,257391.8
2026-08-01 11:00:00+00:00,4.073,4.077,4.055,4.067,153955.7
2026-08-01 12:00:00+00:00,4.067,4.074,4.027,4.059,288408.8
2026-08-01 13:00:00+00:00,4.059,4.125,4.054,4.109,372895.3
2026-08-01 14:00:00+00:00,4.109,4.128,4.077,4.106,224066.3
2026-08-01 15:00:00+00:00,4.106,4.113,4.087,4.097,155228.0
2026-08-01 16:00:00+00:00,4.097,4.108,4.072,4.082,169412.4
2026-08-01 17:00:00+00:00,4.082,4.093,4.056,4.069,286495.9
2026-08-01 18:00:00+00:00,4.069,4.071,4.01,4.067,803503.4
2026-08-01 19:00:00+00:00,4.067,4.085,4.047,4.052,395253.2
2026-08-01 20:00:00+00:00,4.052,4.07,4.043,4.047,174901.6
2026-08-01 21:00:00+00:00,4.047,4.085,4.047,4.062,271001.5
2026-08-01 22:00:00+00:00,4.062,4.088,4.06,4.075,118525.1
2026-08-01 23:00:00+00:00,4.075,4.092,4.073,4.083,100958.5
2026-08-02 00:00:00+00:00,4.083,4.11,4.074,4.091,269110.0
2026-08-02 01:00:00+00:00,4.091,4.148,4.091,4.133,371942.3
2026-08-02 02:00:00+00:00,4.133,4.197,4.126,4.136,595489.2
2026-08-02 03:00:00+00:00,4.136,4.169,4.122,4.159,164710.7
2026-08-02 04:00:00+00:00,4.159,4.22,4.145,4.19,358331.2
2026-08-02 05:00:00+00:00,4.19,4.209,4.151,4.169,337526.0
2026-08-02 06:00:00+00:00,4.169,4.192,4.147,4.16,148845.5
2026-08-02 07:00:00+00:00,4.16,4.293,4.159,4.218,700904.1
2026-08-02 08:00:00+00:00,4.218,4.241,4.173,4.183,494434.1
2026-08-02 09:00:00+00:00,4.183,4.228,4.169,4.211,307908.7
2026-08-02 10:00:00+00:00,4.211,4.231,4.196,4.228,151713.1
2026-08-02 11:00:00+00:00,4.228,4.234,4.172,4.181,222672.1
2026-08-02 12:00:00+00:00,4.181,4.207,4.172,4.18,138683.9
2026-08-02 13:00:00+00:00,4.18,4.232,4.174,4.193,151303.0
2026-08-02 14:00:00+00:00,4.193,4.222,4.18,4.19,112308.3
2026-08-02 15:00:00+00:00,4.19,4.231,4.185,4.213,134568.4
2026-08-02 16:00:00+00:00,4.213,4.215,4.19,4.201,138258.1
2026-08-02 17:00:00+00:00,4.201,4.254,4.158,4.163,455345.5
2026-08-02 18:00:00+00:00,4.163,4.193,4.155,4.177,175381.1
2026-08-02 19:00:00+00:00,4.177,4.244,4.169,4.224,288602.9
2026-08-02 20:00:00+00:00,4.224,4.235,4.204,4.219,202577.4
2026-08-02 21:00:00+00:00,4.219,4.279,4.208,4.228,237113.2
2026-08-02 22:00:00+00:00,4.228,4.24,4.205,4.22,180751.1
2026-08-02 23:00:00+00:00,4.22,4.223,4.161,4.166,248900.2
2026-08-03 00:00:00+00:00,4.166,4.174,4.094,4.132,442032.0
2026-08-03 01:00:00+00:00,4.132,4.141,4.109,4.117,123387.1
2026-08-03 02:00:00+00:00,4.117,4.134,4.103,4.115,105726.7
2026-08-03 03:00:00+00:00,4.115,4.13,4.083,4.115,144192.3
2026-08-03 04:00:00+00:00,4.115,4.149,4.098,4.116,201187.8
2026-08-03 05:00:00+00:00,4.116,4.134,4.107,4.128,147968.3
2026-08-03 06:00:00+00:00,4.128,4.184,4.118,4.137,373808.4
2026-08-03 07:00:00+00:00,4.137,4.151,4.047,4.06,563214.0
2026-08-03 08:00:00+00:00,4.06,4.066,4.004,4.06,526345.5
2026-08-03 09:00:00+00:00,4.06,4.078,4.047,4.072,153381.7
2026-08-03 10:00:00+00:00,4.072,4.077,4.049,4.054,188447.6
2026-08-03 11:00:00+00:00,4.054,4.087,4.044,4.063,123758.2
2026-08-03 12:00:00+00:00,4.063,4.09,4.056,4.076,138898.9
2026-08-03 13:00:00+00:00,4.076,4.12,4.055,4.111,283022.0
2026-08-03 14:00:00+00:00,4.111,4.111,4.025,4.038,554044.3
2026-08-03 15:00:00+00:00,4.038,4.042,3.891,3.925,1799717.0
2026-08-03 16:00:00+00:00,3.925,3.941,3.872,3.911,781669.0
2026-08-03 17:00:00+00:00,3.911,3.949,3.891,3.926,421869.7
2026-08-03 18:00:00+00:00,3.926,3.927,3.888,3.898,223372.3
2026-08-03 19:00:00+00:00,3.898,3.921,3.876,3.915,231460.1
2026-08-03 20:00:00+00:00,3.915,3.932,3.907,3.925,127504.2
2026-08-03 21:00:00+00:00,3.925,3.951,3.917,3.938,232095.2
2026-08-03 22:00:00+00:00,3.938,3.941,3.904,3.91,150860.4
2026-08-03 23:00:00+00:00,3.91,3.914,3.885,3.906,270585.5
2026-08-04 00:00:00+00:00,3.906,3.932,3.887,3.899,388482.4
2026-08-04 01:00:00+00:00,3.899,3.93,3.88,3.919,235743.8
2026-08-04 02:00:00+00:00,3.919,3.94,3.901,3.903,208138.3
2026-08-04 03:00:00+00:00,3.903,3.904,3.803,3.819,1542060.7
2026-08-04 04:00:00+00:00,3.819,3.882,3.811,3.872,390801.9
2026-08-04 05:00:00+00:00,3.872,3.912,3.869,3.91,203020.0
2026-08-04 06:00:00+00:00,3.91,3.923,3.875,3.887,370462.9
2026-08-04 07:00:00+00:00,3.887,3.895,3.854,3.887,275447.8
2026-08-04 08:00:00+00:00,3.887,3.897,3.873,3.876,194047.1
2026-08-04 09:00:00+00:00,3.876,3.892,3.826,3.846,313689.3
2026-08-04 10:00:00+00:00,3.846,3.873,3.824,3.851,184448.0
2026-08-04 11:00:00+00:00,3.851,3.89,3.846,3.882,242266.8
2026-08-04 12:00:00+00:00,3.882,3.882,3.849,3.854,136540.9
2026-08-04 13:00:00+00:00,3.854,3.861,3.808,3.828,526415.1
2026-08-04 14:00:00+00:00,3.828,3.855,3.78,3.833,573247.7
2026-08-04 15:00:00+00:00,3.833,3.856,3.794,3.838,374937.5
2026-08-04 16:00:00+00:00,3.838,3.852,3.823,3.842,304514.8
2026-08-04 17:00:00+00:00,3.842,3.883,3.833,3.845,545493.1
2026-08-04 18:00:00+00:00,3.845,3.896,3.843,3.889,303971.0
2026-08-04 19:00:00+00:00,3.889,3.927,3.884,3.886,328661.7
2026-08-04 20:00:00+00:00,3.886,3.895,3.862,3.877,145759.7
2026-08-04 21:00:00+00:00,3.877,3.881,3.851,3.855,177516.6
2026-08-04 22:00:00+00:00,3.855,3.884,3.843,3.878,124868.3
2026-08-04 23:00:00+00:00,3.878,3.879,3.847,3.849,80531.4
2026-08-05 00:00:00+00:00,3.849,3.856,3.819,3.84,231257.0
2026-08-05 01:00:00+00:00,3.84,3.854,3.829,3.83,117595.0
2026-08-05 02:00:00+00:00,3.83,3.917,3.83,3.897,291234.5
2026-08-05 03:00:00+00:00,3.897,3.96,3.894,3.913,505855.8
2026-08-05 04:00:00+00:00,3.913,3.938,3.902,3.937,168663.1
2026-08-05 05:00:00+00:00,3.937,3.98,3.927,3.941,422826.5
2026-08-05 06:00:00+00:00,3.941,3.978,3.939,3.973,214945.4
2026-08-05 07:00:00+00:00,3.973,3.974,3.927,3.964,240807.3
2026-08-05 08:00:00+00:00,3.964,3.973,3.911,3.924,258353.4
2026-08-05 09:00:00+00:00,3.924,3.991,3.917,3.942,307458.7
2026-08-05 10:00:00+00:00,3.942,3.994,3.924,3.974,309951.5
2026-08-05 11:00:00+00:00,3.974,4.001,3.95,3.958,342984.4
2026-08-05 12:00:00+00:00,3.958,4.023,3.946,3.99,375296.2
2026-08-05 13:00:00+00:00,3.99,4.057,3.968,4.047,676404.7
2026-08-05 14:00:00+00:00,4.047,4.102,4.033,4.088,717265.7
2026-08-05 15:00:00+00:00,4.088,4.15,4.005,4.015,1036447.5
2026-08-05 16:00:00+00:00,4.015,4.127,4.012,4.126,683554.0
2026-08-05 17:00:00+00:00,4.126,4.194,4.111,4.118,649784.7
2026-08-05 18:00:00+00:00,4.118,4.149,4.102,4.138,373997.4
2026-08-05 19:00:00+00:00,4.138,4.153,4.087,4.137,412167.8
2026-08-05 20:00:00+00:00,4.137,4.141,4.068,4.083,281160.2
2026-08-05 21:00:00+00:00,4.083,4.092,4.043,4.084,358746.7
2026-08-05 22:00:00+00:00,4.084,4.097,4.028,4.03,234365.0
2026-08-05 23:00:00+00:00,4.03,4.055,4.009,4.043,193398.7
2026-08-06 00:00:00+00:00,4.043,4.112,4.029,4.093,335102.4
2026-08-06 01:00:00+00:00,4.093,4.112,4.034,4.048,410183.6
2026-08-06 02:00:00+00:00,4.048,4.13,4.042,4.096,351518.8
2026-08-06 03:00:00+00:00,4.096,4.132,4.072,4.087,313485.4
2026-08-06 04:00:00+00:00,4.087,4.109,4.057,4.102,239894.2
2026-08-06 05:00:00+00:00,4.102,4.107,4.044,4.049,298339.2
2026-08-06 06:00:00+00:00,4.049,4.063,4.021,4.057,212430.0
2026-08-06 07:00:00+00:00,4.057,4.057,4.013,4.023,218513.9
2026-08-06 08:00:00+00:00,4.023,4.065,4.017,4.053,114929.7
2026-08-06 09:00:00+00:00,4.053,4.055,3.978,4.019,427502.2
2026-08-06 10:00:00+00:00,4.019,4.026,3.995,4.008,237797.4
2026-08-06 11:00:00+00:00,4.008,4.04,3.957,4.036,346554.9
2026-08-06 12:00:00+00:00,4.036,4.052,3.999,4.008,224098.4
2026-08-06 13:00:00+00:00,4.008,4.043,3.965,4.028,407555.5
2026-08-06 14:00:00+00:00,4.028,4.122,4.022,4.117,525083.3
2026-08-06 15:00:00+00:00,4.117,4.147,4.062,4.068,707907.9
2026-08-06 16:00:00+00:00,4.068,4.09,4.046,4.076,346127.3
2026-08-06 17:00:00+00:00,4.076,4.084,4.022,4.037,232763.0
2026-08-06 18:00:00+00:00,4.037,4.046,3.985,3.996,233643.8
2026-08-06 19:00:00+00:00,3.996,4.026,3.996,4.014,188598.5
2026-08-06 20:00:00+00:00,4.014,4.03,4.005,4.01,130791.5
2026-08-06 21:00:00+00:00,4.01,4.032,4.009,4.019,78125.5
2026-08-06 22:00:00+00:00,4.019,4.024,4.0,4.005,67543.0
2026-08-06 23:00:00+00:00,4.005,4.017,3.994,4.013,104470.3
2026-08-07 00:00:00+00:00,4.013,4.089,3.996,4.072,267971.3
2026-08-07 01:00:00+00:00,4.072,4.093,4.035,4.041,201922.8
2026-08-07 02:00:00+00:00,4.041,4.067,4.026,4.028,170605.5
2026-08-07 03:00:00+00:00,4.028,4.035,4.01,4.015,113786.8
2026-08-07 04:00:00+00:00,4.015,4.055,3.996,4.008,138730.5
2026-08-07 05:00:00+00:00,4.008,4.022,3.941,4.006,282449.7
2026-08-07 06:00:00+00:00,4.006,4.037,3.978,3.986,223326.7
2026-08-07 07:00:00+00:00,3.986,3.998,3.964,3.967,153972.2
2026-08-07 08:00:00+00:00,3.967,4.023,3.965,4.022,248886.9
2026-08-07 09:00:00+00:00,4.022,4.051,4.017,4.022,226103.9
2026-08-07 10:00:00+00:00,4.022,4.034,3.998,4.005,176759.4
2026-08-07 11:00:00+00:00,4.005,4.051,3.999,4.044,202944.0
2026-08-07 12:00:00+00:00,4.044,4.083,4.028,4.079,407304.5
2026-08-07 13:00:00+00:00,4.079,4.084,4.013,4.021,210365.7
2026-08-07 14:00:00+00:00,4.021,4.022,3.955,3.959,516605.3
2026-08-07 15:00:00+00:00,3.959,4.007,3.952,3.991,175522.2
2026-08-07 16:00:00+00:00,3.991,4.055,3.985,4.0,366733.5
2026-08-07 17:00:00+00:00,4.0,4.043,3.989,4.034,298826.3
2026-08-07 18:00:00+00:00,4.034,4.053,4.003,4.016,167538.4
2026-08-07 19:00:00+00:00,4.016,4.061,4.012,4.038,122430.9
2026-08-07 20:00:00+00:00,4.038,4.05,4.009,4.022,84337.6
2026-08-07 21:00:00+00:00,4.022,4.034,3.976,3.977,136855.3
2026-08-07 22:00:00+00:00,3.977,3.977,3.932,3.966,261430.1
2026-08-07 23:00:00+00:00,3.966,3.983,3.965,3.977,60762.2
2026-08-08 00:00:00+00:00,3.977,3.989,3.959,3.978,102147.7
2026-08-08 01:00:00+00:00,3.978,4.0,3.97,3.994,54463.4
2026-08-08 02:00:00+00:00,3.994,4.001,3.973,3.993,57860.4
2026-08-08 03:00:00+00:00,3.993,4.044,3.993,4.022,150597.4
2026-08-08 04:00:00+00:00,4.022,4.03,4.009,4.012,64939.4
2026-08-08 05:00:00+00:00,4.012,4.031,4.01,4.022,90980.5
2026-08-08 06:00:00+00:00,4.022,4.031,3.996,3.997,81642.4
2026-08-08 07:00:00+00:00,3.997,4.003,3.986,3.988,82771.6
2026-08-08 08:00:00+00:00,3.988,4.008,3.976,3.99,92296.8
2026-08-08 09:00:00+00:00,3.99,4.005,3.987,3.992,53149.5
2026-08-08 10:00:00+00:00,3.992,4.003,3.98,3.988,52007.7
2026-08-08 11:00:00+00:00,3.988,3.997,3.972,3.984,79071.1
2026-08-08 12:00:00+00:00,3.984,3.992,3.96,3.963,100362.3
2026-08-08 13:00:00+00:00,3.963,3.974,3.951,3.97,88708.6
2026-08-08 14:00:00+00:00,3.97,4.013,3.965,4.002,168070.8
2026-08-08 15:00:00+00:00,4.002,4.011,3.987,3.99,77384.3
2026-08-08 16:00:00+00:00,3.99,3.998,3.974,3.99,52975.9
2026-08-08 17:00:00+00:00,3.99,4.004,3.983,3.994,65448.9
2026-08-08 18:00:00+00:00,3.994,4.0,3.981,3.998,66559.2
2026-08-08 19:00:00+00:00,3.998,4.02,3.988,4.003,104985.5
2026-08-08 20:00:00+00:00,4.003,4.029,4.001,4.023,111493.3
2026-08-08 21:00:00+00:00,4.023,4.035,4.008,4.025,59583.6
2026-08-08 22:00:00+00:00,4.025,4.03,3.991,3.999,93282.0
2026-08-08 23:00:00+00:00,3.999,4.007,3.996,4.007,40151.8
2026-08-09 00:00:00+00:00,4.007,4.007,3.983,3.986,65796.2
2026-08-09 01:00:00+00:00,3.986,3.994,3.961,3.98,94495.1
2026-08-09 02:00:00+00:00,3.98,3.988,3.957,3.963,84830.1
2026-08-09 03:00:00+00:00,3.963,3.971,3.943,3.96,89024.0
2026-08-09 04:00:00+00:00,3.96,3.976,3.957,3.97,31271.2
2026-08-09 05:00:00+00:00,3.97,3.977,3.952,3.962,41960.6
2026-08-09 06:00:00+00:00,3.962,3.977,3.957,3.967,50293.7
2026-08-09 07:00:00+00:00,3.967,3.98,3.957,3.961,80631.3
2026-08-09 08:00:00+00:00,3.961,3.982,3.959,3.974,71626.6
2026-08-09 09:00:00+00:00,3.974,4.014,3.963,4.004,213145.4
2026-08-09 10:00:00+00:00,4.004,4.016,3.979,3.981,220162.5
2026-08-09 11:00:00+00:00,3.981,4.009,3.967,3.983,163900.0
2026-08-09 12:00:00+00:00,3.983,3.998,3.977,3.991,78901.3
2026-08-09 13:00:00+00:00,3.991,4.038,3.991,4.008,202010.4
2026-08-09 14:00:00+00:00,4.008,4.044,4.003,4.042,123660.9
2026-08-09 15:00:00+00:00,4.042,4.09,4.035,4.069,308856.4
2026-08-09 16:00:00+00:00,4.069,4.071,4.03,4.036,178590.8
2026-08-09 17:00:00+00:00,4.036,4.041,4.026,4.035,91170.4
2026-08-09 18:00:00+00:00,4.035,4.058,4.031,4.054,82383.9
2026-08-09 19:00:00+00:00,4.054,4.071,4.04,4.058,66856.7
2026-08-09 20:00:00+00:00,4.058,4.076,4.058,4.061,120307.1
2026-08-09 21:00:00+00:00,4.061,4.103,4.049,4.086,108636.8
2026-08-09 22:00:00+00:00,4.086,4.115,4.021,4.029,214052.6
2026-08-09 23:00:00+00:00,4.029,4.034,3.974,3.984,328919.7
2026-08-10 00:00:00+00:00,3.984,4.041,3.977,4.02,330699.0
2026-08-10 01:00:00+00:00,4.02,4.077,4.016,4.077,151212.2
2026-08-10 02:00:00+00:00,4.077,4.083,4.034,4.082,150728.8
2026-08-10 03:00:00+00:00,4.082,4.089,4.014,4.017,175674.3
2026-08-10 04:00:00+00:00,4.017,4.046,4.009,4.037,111577.0
2026-08-10 05:00:00+00:00,4.037,4.087,4.037,4.071,190035.0
2026-08-10 06:00:00+00:00,4.071,4.087,4.055,4.077,272950.6
2026-08-10 07:00:00+00:00,4.077,4.08,4.037,4.042,223171.8
2026-08-10 08:00:00+00:00,4.042,4.058,4.026,4.043,177249.5
2026-08-10 09:00:00+00:00,4.043,4.052,3.99,3.999,156590.4
2026-08-10 10:00:00+00:00,3.999,4.011,3.99,4.011,81125.0
2026-08-10 11:00:00+00:00,4.011,4.025,3.996,4.023,63944.0
2026-08-10 12:00:00+00:00,4.023,4.031,3.991,3.997,117930.3
2026-08-10 13:00:00+00:00,3.997,4.014,3.985,4.005,182580.7
2026-08-10 14:00:00+00:00,4.005,4.022,3.977,3.982,143308.3
2026-08-10 15:00:00+00:00,3.982,3.985,3.905,3.937,572382.5
2026-08-10 16:00:00+00:00,3.937,3.951,3.908,3.915,177212.0
2026-08-10 17:00:00+00:00,3.915,3.941,3.91,3.931,104280.9
2026-08-10 18:00:00+00:00,3.931,3.939,3.914,3.917,105594.6
2026-08-10 19:00:00+00:00,3.917,3.964,3.915,3.944,150749.2
2026-08-10 20:00:00+00:00,3.944,3.964,3.944,3.954,52220.7
2026-08-10 21:00:00+00:00,3.954,3.959,3.938,3.949,43314.8
2026-08-10 22:00:00+00:00,3.949,3.965,3.938,3.942,73440.1
2026-08-10 23:00:00+00:00,3.942,3.945,3.928,3.941,61131.5
2026-08-11 00:00:00+00:00,3.941,3.947,3.931,3.942,59956.4
2026-08-11 01:00:00+00:00,3.942,3.975,3.937,3.973,188051.7
2026-08-11 02:00:00+00:00,3.973,3.984,3.954,3.973,120320.1
2026-08-11 03:00:00+00:00,3.973,4.005,3.973,4.003,158504.1
2026-08-11 04:00:00+00:00,4.003,4.027,3.987,3.999,180493.6
2026-08-11 05:00:00+00:00,3.999,4.0,3.976,3.984,97030.8
2026-08-11 06:00:00+00:00,3.984,4.009,3.934,3.944,296790.1
2026-08-11 07:00:00+00:00,3.944,3.952,3.925,3.941,125523.8
2026-08-11 08:00:00+00:00,3.941,3.954,3.922,3.939,200123.6
2026-08-11 09:00:00+00:00,3.939,3.967,3.929,3.957,229312.6
2026-08-11 10:00:00+00:00,3.957,3.959,3.915,3.916,162681.7
2026-08-11 11:00:00+00:00,3.916,3.927,3.872,3.888,425891.4
2026-08-11 12:00:00+00:00,3.888,3.895,3.836,3.84,351153.0
2026-08-11 13:00:00+00:00,3.84,3.854,3.816,3.844,432091.4
2026-08-11 14:00:00+00:00,3.844,3.855,3.727,3.75,984549.2
2026-08-11 15:00:00+00:00,3.75,3.765,3.686,3.697,1834208.5
2026-08-11 16:00:00+00:00,3.697,3.734,3.679,3.712,447792.6
2026-08-11 17:00:00+00:00,3.712,3.728,3.682,3.693,230472.4
2026-08-11 18:00:00+00:00,3.693,3.723,3.69,3.718,123369.8
2026-08-11 19:00:00+00:00,3.718,3.741,3.706,3.738,168772.5
2026-08-11 20:00:00+00:00,3.738,3.75,3.731,3.746,143854.3
2026-08-11 21:00:00+00:00,3.746,3.76,3.742,3.757,134071.8
2026-08-11 22:00:00+00:00,3.757,3.771,3.75,3.756,97283.0
2026-08-11 23:00:00+00:00,3.756,3.756,3.739,3.749,101222.3
2026-08-12 00:00:00+00:00,3.749,3.751,3.731,3.749,158440.2
2026-08-12 01:00:00+00:00,3.749,3.795,3.747,3.783,158879.4
2026-08-12 02:00:00+00:00,3.783,3.801,3.773,3.797,126181.0
2026-08-12 03:00:00+00:00,3.797,3.803,3.769,3.774,80867.1
2026-08-12 04:00:00+00:00,3.774,3.797,3.771,3.775,93361.0
2026-08-12 05:00:00+00:00,3.775,3.776,3.746,3.775,118986.2
2026-08-12 06:00:00+00:00,3.775,3.778,3.592,3.616,1083931.1
2026-08-12 07:00:00+00:00,3.616,3.633,3.495,3.497,1798388.9
2026-08-12 08:00:00+00:00,3.497,3.557,3.452,3.516,1249572.9
2026-08-12 09:00:00+00:00,3.516,3.553,3.512,3.546,434583.4
2026-08-12 10:00:00+00:00,3.546,3.556,3.506,3.526,388448.3
2026-08-12 11:00:00+00:00,3.526,3.551,3.518,3.542,205137.4
2026-08-12 12:00:00+00:00,3.542,3.563,3.522,3.545,438969.5
2026-08-12 13:00:00+00:00,3.545,3.563,3.523,3.535,347096.9
2026-08-12 14:00:00+00:00,3.535,3.54,3.472,3.477,529426.8
2026-08-12 15:00:00+00:00,3.477,3.511,3.475,3.509,229153.9
2026-08-12 16:00:00+00:00,3.509,3.527,3.504,3.521,160751.4
2026-08-12 17:00:00+00:00,3.521,3.539,3.492,3.524,290367.7
2026-08-12 18:00:00+00:00,3.524,3.546,3.517,3.539,106469.6
2026-08-12 19:00:00+00:00,3.539,3.553,3.534,3.546,171150.6
2026-08-12 20:00:00+00:00,3.546,3.582,3.535,3.562,206631.6
2026-08-12 21:00:00+00:00,3.562,3.568,3.508,3.522,153081.3
2026-08-12 22:00:00+00:00,3.522,3.554,3.519,3.548,109236.8
2026-08-12 23:00:00+00:00,3.548,3.587,3.535,3.57,236590.6
2026-08-13 00:00:00+00:00,3.57,3.579,3.553,3.559,125330.4
2026-08-13 01:00:00+00:00,3.559,3.562,3.54,3.54,159461.9
2026-08-13 02:00:00+00:00,3.54,3.542,3.52,3.54,103486.4
2026-08-13 03:00:00+00:00,3.54,3.55,3.536,3.541,116294.7
2026-08-13 04:00:00+00:00,3.541,3.568,3.541,3.565,112972.3
2026-08-13 05:00:00+00:00,3.565,3.584,3.552,3.552,126390.3
2026-08-13 06:00:00+00:00,3.552,3.605,3.551,3.586,173108.0
2026-08-13 07:00:00+00:00,3.586,3.612,3.586,3.591,152288.8
2026-08-13 08:00:00+00:00,3.591,3.611,3.585,3.608,121240.6
2026-08-13 09:00:00+00:00,3.608,3.609,3.58,3.595,89772.4
2026-08-13 10:00:00+00:00,3.595,3.601,3.582,3.588,87622.3
2026-08-13 11:00:00+00:00,3.588,3.592,3.525,3.525,530644.2
2026-08-13 12:00:00+00:00,3.525,3.526,3.476,3.5,489540.3
2026-08-13 13:00:00+00:00,3.5,3.507,3.464,3.476,348678.6
2026-08-13 14:00:00+00:00,3.476,3.506,3.467,3.488,181848.7
2026-08-13 15:00:00+00:00,3.488,3.498,3.464,3.468,169614.2
2026-08-13 16:00:00+00:00,3.468,3.489,3.454,3.469,343386.0
2026-08-13 17:00:00+00:00,3.469,3.489,3.467,3.481,109419.3
2026-08-13 18:00:00+00:00,3.481,3.492,3.464,3.477,102530.6
2026-08-13 19:00:00+00:00,3.477,3.493,3.475,3.488,75034.8
2026-08-13 20:00:00+00:00,3.488,3.49,3.47,3.472,56030.2
2026-08-13 21:00:00+00:00,3.472,3.49,3.47,3.485,52964.7
2026-08-13 22:00:00+00:00,3.485,3.494,3.478,3.478,69175.6
2026-08-13 23:00:00+00:00,3.478,3.483,3.462,3.476,93696.3
2026-08-14 00:00:00+00:00,3.476,3.492,3.47,3.487,70425.8
2026-08-14 01:00:00+00:00,3.487,3.525,3.484,3.511,127492.1
2026-08-14 02:00:00+00:00,3.511,3.527,3.493,3.493,129239.5
2026-08-14 03:00:00+00:00,3.493,3.495,3.424,3.432,376302.9
2026-08-14 04:00:00+00:00,3.432,3.479,3.427,3.467,155311.8
2026-08-14 05:00:00+00:00,3.467,3.494,3.462,3.492,126575.4
2026-08-14 06:00:00+00:00,3.492,3.495,3.475,3.486,107131.4
2026-08-14 07:00:00+00:00,3.486,3.486,3.461,3.462,104394.0
2026-08-14 08:00:00+00:00,3.462,3.475,3.447,3.456,213189.0
2026-08-14 09:00:00+00:00,3.456,3.456,3.425,3.429,182374.6
2026-08-14 10:00:00+00:00,3.429,3.434,3.375,3.39,501004.6
2026-08-14 11:00:00+00:00,3.39,3.395,3.175,3.199,3287441.6
2026-08-14 12:00:00+00:00,3.199,3.258,3.194,3.242,744410.7
2026-08-14 13:00:00+00:00,3.242,3.252,3.223,3.239,220709.0
2026-08-14 14:00:00+00:00,3.239,3.261,3.223,3.238,353470.6
2026-08-14 15:00:00+00:00,3.238,3.255,3.189,3.233,960078.2
2026-08-14 16:00:00+00:00,3.233,3.251,3.217,3.223,238472.1
2026-08-14 17:00:00+00:00,3.223,3.227,3.192,3.2,241965.0
2026-08-14 18:00:00+00:00,3.2,3.208,3.162,3.168,327844.3
2026-08-14 19:00:00+00:00,3.168,3.206,3.168,3.199,558360.0
2026-08-14 20:00:00+00:00,3.199,3.208,3.189,3.2,116254.9
2026-08-14 21:00:00+00:00,3.2,3.204,3.191,3.196,85490.7
2026-08-14 22:00:00+00:00,3.196,3.204,3.176,3.201,125923.5
2026-08-14 23:00:00+00:00,3.201,3.207,3.192,3.198,157794.3
2026-08-15 00:00:00+00:00,3.198,3.239,3.195,3.237,346484.6
2026-08-15 01:00:00+00:00,3.237,3.241,3.213,3.215,231590.1
2026-08-15 02:00:00+00:00,3.215,3.267,3.213,3.262,447958.5
2026-08-15 03:00:00+00:00,3.262,3.29,3.262,3.277,305673.6
2026-08-15 04:00:00+00:00,3.277,3.315,3.267,3.295,281143.1
2026-08-15 05:00:00+00:00,3.295,3.299,3.271,3.277,197713.1
2026-08-15 06:00:00+00:00,3.277,3.297,3.267,3.286,255705.9
2026-08-15 07:00:00+00:00,3.286,3.29,3.234,3.239,360637.1
2026-08-15 08:00:00+00:00,3.239,3.27,3.23,3.236,317973.7
2026-08-15 09:00:00+00:00,3.236,3.279,3.232,3.252,145963.9
2026-08-15 10:00:00+00:00,3.252,3.269,3.244,3.263,92673.4
2026-08-15 11:00:00+00:00,3.263,3.263,3.247,3.255,69204.5
2026-08-15 12:00:00+00:00,3.255,3.263,3.244,3.256,88614.9
2026-08-15 13:00:00+00:00,3.256,3.269,3.249,3.267,93981.9
2026-08-15 14:00:00+00:00,3.267,3.268,3.247,3.251,76022.5
2026-08-15 15:00:00+00:00,3.251,3.257,3.236,3.253,142184.8
2026-08-15 16:00:00+00:00,3.253,3.255,3.221,3.235,159766.0
2026-08-15 17:00:00+00:00,3.235,3.237,3.215,3.226,130995.1
2026-08-15 18:00:00+00:00,3.226,3.241,3.226,3.234,54214.7
2026-08-15 19:00:00+00:00,3.234,3.244,3.227,3.241,51829.6
2026-08-15 20:00:00+00:00,3.241,3.245,3.229,3.242,69319.4
2026-08-15 21:00:00+00:00,3.242,3.25,3.236,3.242,75473.5
2026-08-15 22:00:00+00:00,3.242,3.258,3.238,3.238,53894.4
2026-08-15 23:00:00+00:00,3.238,3.238,3.225,3.236,42861.2
2026-08-16 00:00:00+00:00,3.236,3.248,3.222,3.246,73781.7
2026-08-16 01:00:00+00:00,3.246,3.246,3.212,3.23,109553.3
2026-08-16 02:00:00+00:00,3.23,3.239,3.22,3.233,51671.8
2026-08-16 03:00:00+00:00,3.233,3.254,3.233,3.233,47240.4
2026-08-16 04:00:00+00:00,3.233,3.25,3.233,3.241,56153.5
2026-08-16 05:00:00+00:00,3.241,3.252,3.236,3.24,50879.0
2026-08-16 06:00:00+00:00,3.24,3.247,3.223,3.245,61764.2
2026-08-16 07:00:00+00:00,3.245,3.274,3.235,3.273,103683.7
2026-08-16 08:00:00+00:00,3.273,3.295,3.27,3.291,224578.4
2026-08-16 09:00:00+00:00,3.291,3.302,3.27,3.283,283301.6
2026-08-16 10:00:00+00:00,3.283,3.283,3.259,3.26,100652.3
2026-08-16 11:00:00+00:00,3.26,3.279,3.26,3.275,58266.0
2026-08-16 12:00:00+00:00,3.275,3.286,3.269,3.272,64257.5
2026-08-16 13:00:00+00:00,3.272,3.278,3.263,3.269,54146.8
2026-08-16 14:00:00+00:00,3.269,3.311,3.269,3.304,166431.8
2026-08-16 15:00:00+00:00,3.304,3.333,3.294,3.308,260699.1
2026-08-16 16:00:00+00:00,3.308,3.337,3.295,3.303,300295.5
2026-08-16 17:00:00+00:00,3.303,3.309,3.282,3.308,143828.9
2026-08-16 18:00:00+00:00,3.308,3.308,3.289,3.292,91496.6
2026-08-16 19:00:00+00:00,3.292,3.312,3.29,3.308,73709.1
2026-08-16 20:00:00+00:00,3.308,3.312,3.291,3.291,61505.3
2026-08-16 21:00:00+00:00,3.291,3.291,3.251,3.27,274042.1
2026-08-16 22:00:00+00:00,3.27,3.287,3.261,3.287,140253.7
2026-08-16 23:00:00+00:00,3.287,3.293,3.267,3.273,119152.9
2026-08-17 00:00:00+00:00,3.273,3.276,3.256,3.27,127933.6
2026-08-17 01:00:00+00:00,3.27,3.304,3.269,3.28,123753.4
2026-08-17 02:00:00+00:00,3.28,3.297,3.27,3.288,108193.7
2026-08-17 03:00:00+00:00,3.288,3.295,3.261,3.267,178590.5
2026-08-17 04:00:00+00:00,3.267,3.289,3.266,3.281,95785.7
2026-08-17 05:00:00+00:00,3.281,3.281,3.244,3.251,144653.1
2026-08-17 06:00:00+00:00,3.251,3.274,3.234,3.274,166313.5
2026-08-17 07:00:00+00:00,3.274,3.297,3.263,3.294,183720.0
2026-08-17 08:00:00+00:00,3.294,3.297,3.268,3.271,127426.6
2026-08-17 09:00:00+00:00,3.271,3.282,3.263,3.28,87702.6
2026-08-17 10:00:00+00:00,3.28,3.304,3.268,3.303,94071.2
2026-08-17 11:00:00+00:00,3.303,3.318,3.289,3.29,130602.0
2026-08-17 12:00:00+00:00,3.29,3.299,3.281,3.298,182660.2
2026-08-17 13:00:00+00:00,3.298,3.312,3.274,3.282,187498.2
2026-08-17 14:00:00+00:00,3.282,3.298,3.273,3.297,82999.0
2026-08-17 15:00:00+00:00,3.297,3.308,3.283,3.308,128757.7
2026-08-17 16:00:00+00:00,3.308,3.313,3.274,3.274,134670.9
2026-08-17 17:00:00+00:00,3.274,3.307,3.273,3.296,96907.0
2026-08-17 18:00:00+00:00,3.296,3.307,3.293,3.305,133751.5
2026-08-17 19:00:00+00:00,3.305,3.305,3.286,3.286,66777.2
2026-08-17 20:00:00+00:00,3.286,3.291,3.276,3.28,79916.5
2026-08-17 21:00:00+00:00,3.28,3.287,3.28,3.286,33956.6
2026-08-17 22:00:00+00:00,3.286,3.289,3.266,3.269,74823.7
2026-08-17 23:00:00+00:00,3.269,3.294,3.265,3.284,79002.9
2026-08-18 00:00:00+00:00,3.284,3.288,3.271,3.279,71534.5
2026-08-18 01:00:00+00:00,3.279,3.282,3.243,3.248,156483.6
2026-08-18 02:00:00+00:00,3.248,3.258,3.223,3.252,431044.5
2026-08-18 03:00:00+00:00,3.252,3.27,3.243,3.266,111247.1
2026-08-18 04:00:00+00:00,3.266,3.267,3.251,3.26,62618.9
2026-08-18 05:00:00+00:00,3.26,3.263,3.236,3.25,90574.3
2026-08-18 06:00:00+00:00,3.25,3.293,3.246,3.266,157044.7
2026-08-18 07:00:00+00:00,3.266,3.271,3.252,3.257,99728.9
2026-08-18 08:00:00+00:00,3.257,3.278,3.243,3.272,191351.9
2026-08-18 09:00:00+00:00,3.272,3.279,3.259,3.265,73792.0
2026-08-18 10:00:00+00:00,3.265,3.276,3.257,3.273,83531.4
2026-08-18 11:00:00+00:00,3.273,3.282,3.261,3.268,80600.1
2026-08-18 12:00:00+00:00,3.268,3.274,3.263,3.273,60516.8
2026-08-18 13:00:00+00:00,3.273,3.294,3.265,3.273,181126.2
2026-08-18 14:00:00+00:00,3.273,3.307,3.265,3.272,185465.0
2026-08-18 15:00:00+00:00,3.272,3.283,3.267,3.275,131947.5
2026-08-18 16:00:00+00:00,3.275,3.287,3.253,3.274,129873.1
2026-08-18 17:00:00+00:00,3.274,3.287,3.268,3.278,52872.9
2026-08-18 18:00:00+00:00,3.278,3.295,3.277,3.282,81548.5
2026-08-18 19:00:00+00:00,3.282,3.298,3.282,3.29,66196.7
2026-08-18 20:00:00+00:00,3.29,3.303,3.286,3.296,107148.2
2026-08-18 21:00:00+00:00,3.296,3.311,3.294,3.307,124997.1
2026-08-18 22:00:00+00:00,3.307,3.309,3.279,3.281,77387.1
2026-08-18 23:00:00+00:00,3.281,3.295,3.28,3.291,61751.8
2026-08-19 00:00:00+00:00,3.291,3.295,3.276,3.286,95145.9
2026-08-19 01:00:00+00:00,3.286,3.3,3.281,3.293,70069.6
2026-08-19 02:00:00+00:00,3.293,3.296,3.276,3.287,44465.1
2026-08-19 03:00:00+00:00,3.287,3.313,3.28,3.308,117060.9
2026-08-19 04:00:00+00:00,3.308,3.314,3.295,3.31,145583.0
2026-08-19 05:00:00+00:00,3.31,3.333,3.302,3.323,229800.9
2026-08-19 06:00:00+00:00,3.323,3.34,3.306,3.332,131328.3
2026-08-19 07:00:00+00:00,3.332,3.336,3.316,3.326,171330.9
2026-08-19 08:00:00+00:00,3.326,3.347,3.311,3.333,478619.6
2026-08-19 09:00:00+00:00,3.333,3.335,3.265,3.294,383805.2
2026-08-19 10:00:00+00:00,3.294,3.313,3.281,3.311,134141.6
2026-08-19 11:00:00+00:00,3.311,3.392,3.304,3.392,1121197.3
2026-08-19 12:00:00+00:00,3.392,3.417,3.37,3.376,532307.5
2026-08-19 13:00:00+00:00,3.376,3.403,3.365,3.375,388281.6
2026-08-19 14:00:00+00:00,3.375,3.429,3.367,3.417,488377.4
2026-08-19 15:00:00+00:00,3.417,3.525,3.411,3.51,1731095.0
2026-08-19 16:00:00+00:00,3.51,3.604,3.497,3.579,1017953.6
2026-08-19 17:00:00+00:00,3.579,3.581,3.475,3.517,569272.8
2026-08-19 18:00:00+00:00,3.517,3.522,3.487,3.508,224860.6
2026-08-19 19:00:00+00:00,3.508,3.546,3.486,3.539,311811.4
2026-08-19 20:00:00+00:00,3.539,3.633,3.533,3.63,483142.4
2026-08-19 21:00:00+00:00,3.63,3.745,3.625,3.707,1144719.5
2026-08-19 22:00:00+00:00,3.707,3.715,3.622,3.642,587324.5
2026-08-19 23:00:00+00:00,3.642,3.666,3.621,3.631,286045.9
2026-08-20 00:00:00+00:00,3.631,3.718,3.63,3.678,427167.3
2026-08-20 01:00:00+00:00,3.678,3.692,3.651,3.688,216946.4
2026-08-20 02:00:00+00:00,3.688,3.691,3.616,3.62,284773.5
2026-08-20 03:00:00+00:00,3.62,3.621,3.56,3.595,343153.3
2026-08-20 04:00:00+00:00,3.595,3.605,3.575,3.601,127614.9
2026-08-20 05:00:00+00:00,3.601,3.638,3.599,3.622,159786.0
2026-08-20 06:00:00+00:00,3.622,3.635,3.597,3.622,157540.7
2026-08-20 07:00:00+00:00,3.622,3.629,3.592,3.62,173866.6
2026-08-20 08:00:00+00:00,3.62,3.734,3.619,3.712,564739.1
2026-08-20 09:00:00+00:00,3.712,3.751,3.677,3.691,474832.3
2026-08-20 10:00:00+00:00,3.691,3.742,3.69,3.716,188799.7
2026-08-20 11:00:00+00:00,3.716,3.756,3.686,3.711,367046.9
2026-08-20 12:00:00+00:00,3.711,3.717,3.665,3.692,282486.7
2026-08-20 13:00:00+00:00,3.692,3.726,3.657,3.673,501891.0
2026-08-20 14:00:00+00:00,3.673,3.691,3.617,3.654,431442.3
2026-08-20 15:00:00+00:00,3.654,3.711,3.651,3.697,359649.7
2026-08-20 16:00:00+00:00,3.697,3.768,3.662,3.747,554290.7
2026-08-20 17:00:00+00:00,3.747,3.808,3.728,3.757,826311.9
2026-08-20 18:00:00+00:00,3.757,3.776,3.702,3.708,376151.1
2026-08-20 19:00:00+00:00,3.708,3.722,3.689,3.695,157809.8
2026-08-20 20:00:00+00:00,3.695,3.725,3.692,3.697,145561.0
2026-08-20 21:00:00+00:00,3.697,3.728,3.69,3.713,144871.8
2026-08-20 22:00:00+00:00,3.713,3.726,3.695,3.723,118034.6
2026-08-20 23:00:00+00:00,3.723,3.786,3.722,3.76,303152.6
2026-08-21 00:00:00+00:00,3.76,3.822,3.747,3.821,460268.7
2026-08-21 01:00:00+00:00,3.821,3.882,3.785,3.819,797605.5
2026-08-21 02:00:00+00:00,3.819,3.841,3.785,3.824,329568.2
2026-08-21 03:00:00+00:00,3.824,3.839,3.79,3.817,242098.4
2026-08-21 04:00:00+00:00,3.817,3.853,3.79,3.838,261846.5
2026-08-21 05:00:00+00:00,3.838,3.865,3.807,3.837,374386.5
2026-08-21 06:00:00+00:00,3.837,3.873,3.805,3.87,339197.1
2026-08-21 07:00:00+00:00,3.87,3.948,3.861,3.914,606281.0
2026-08-21 08:00:00+00:00,3.914,4.054,3.914,4.052,772753.3
2026-08-21 09:00:00+00:00,4.052,4.057,3.845,3.945,1680024.1
2026-08-21 10:00:00+00:00,3.945,3.962,3.895,3.924,590349.7
2026-08-21 11:00:00+00:00,3.924,3.95,3.852,3.897,662441.4
2026-08-21 12:00:00+00:00,3.897,3.947,3.881,3.918,386216.1
2026-08-21 13:00:00+00:00,3.918,3.939,3.834,3.92,527906.2
2026-08-21 14:00:00+00:00,3.92,3.973,3.884,3.949,594653.6
2026-08-21 15:00:00+00:00,3.949,4.021,3.948,3.961,679805.9
2026-08-21 16:00:00+00:00,3.961,4.024,3.913,4.004,419900.0
2026-08-21 17:00:00+00:00,4.004,4.023,3.943,3.976,401154.4
2026-08-21 18:00:00+00:00,3.976,3.999,3.911,3.95,333585.0
2026-08-21 19:00:00+00:00,3.95,3.991,3.918,3.963,283599.2
2026-08-21 20:00:00+00:00,3.963,4.026,3.948,4.021,274791.9
2026-08-21 21:00:00+00:00,4.021,4.137,4.015,4.136,509438.0
2026-08-21 22:00:00+00:00,4.136,4.202,4.112,4.17,486753.9
2026-08-21 23:00:00+00:00,4.17,4.203,4.106,4.132,386518.7
2026-08-22 00:00:00+00:00,4.132,4.252,4.096,4.246,642629.4
2026-08-22 01:00:00+00:00,4.246,4.281,4.192,4.265,777184.6
2026-08-22 02:00:00+00:00,4.265,4.376,4.224,4.358,626968.8
2026-08-22 03:00:00+00:00,4.358,4.437,4.347,4.411,698483.0
2026-08-22 04:00:00+00:00,4.411,4.446,4.342,4.421,801162.7
2026-08-22 05:00:00+00:00,4.421,4.433,3.71,4.12,4981117.6
2026-08-22 06:00:00+00:00,4.12,4.187,4.05,4.173,835947.0
2026-08-22 07:00:00+00:00,4.173,4.22,4.154,4.18,467737.4
2026-08-22 08:00:00+00:00,4.18,4.216,4.12,4.164,507614.4
2026-08-22 09:00:00+00:00,4.164,4.219,4.101,4.175,524648.0
2026-08-22 10:00:00+00:00,4.175,4.178,4.035,4.086,974191.9
2026-08-22 11:00:00+00:00,4.086,4.153,4.048,4.137,330553.9
2026-08-22 12:00:00+00:00,4.137,4.286,4.125,4.251,495325.3
2026-08-22 13:00:00+00:00,4.251,4.313,4.188,4.299,638900.5
2026-08-22 14:00:00+00:00,4.299,4.324,4.192,4.23,774627.2
2026-08-22 15:00:00+00:00,4.23,4.247,4.163,4.18,472271.6
2026-08-22 16:00:00+00:00,4.18,4.31,4.161,4.273,460121.0
2026-08-22 17:00:00+00:00,4.273,4.302,4.243,4.269,379048.2
2026-08-22 18:00:00+00:00,4.269,4.279,4.221,4.249,232423.8
2026-08-22 19:00:00+00:00,4.249,4.32,4.239,4.307,237019.7
2026-08-22 20:00:00+00:00,4.307,4.379,4.285,4.367,412094.4
2026-08-22 21:00:00+00:00,4.367,4.371,4.245,4.273,429288.0
2026-08-22 22:00:00+00:00,4.273,4.355,4.262,4.286,273027.7
2026-08-22 23:00:00+00:00,4.286,4.326,4.228,4.295,438365.1
2026-08-23 00:00:00+00:00,4.295,4.374,4.29,4.341,453488.4
2026-08-23 01:00:00+00:00,4.341,4.341,4.259,4.267,254804.5
2026-08-23 02:00:00+00:00,4.267,4.272,4.19,4.227,360710.9
2026-08-23 03:00:00+00:00,4.227,4.234,4.102,4.137,602633.2
2026-08-23 04:00:00+00:00,4.137,4.167,4.035,4.053,581947.9
2026-08-23 05:00:00+00:00,4.053,4.097,4.009,4.046,387852.4
2026-08-23 06:00:00+00:00,4.046,4.139,4.031,4.087,410405.4
2026-08-23 07:00:00+00:00,4.087,4.122,4.074,4.095,265640.6
2026-08-23 08:00:00+00:00,4.095,4.164,4.089,4.141,379483.5
2026-08-23 09:00:00+00:00,4.141,4.213,4.133,4.201,306557.2
2026-08-23 10:00:00+00:00,4.201,4.253,4.195,4.229,280359.9
2026-08-23 11:00:00+00:00,4.229,4.349,4.216,4.319,454598.4
2026-08-23 12:00:00+00:00,4.319,4.399,4.285,4.37,682036.0
2026-08-23 13:00:00+00:00,4.37,4.664,4.366,4.59,1830535.4
2026-08-23 14:00:00+00:00,4.59,4.64,4.332,4.504,1790242.2
2026-08-23 15:00:00+00:00,4.504,4.596,4.441,4.558,802529.1
2026-08-23 16:00:00+00:00,4.558,4.588,4.514,4.545,516235.1
2026-08-23 17:00:00+00:00,4.545,4.605,4.503,4.547,407223.1
2026-08-23 18:00:00+00:00,4.547,4.607,4.544,4.589,338169.7
2026-08-23 19:00:00+00:00,4.589,4.605,4.542,4.552,299614.0
2026-08-23 20:00:00+00:00,4.552,4.581,4.523,4.57,186927.9
2026-08-23 21:00:00+00:00,4.57,4.713,4.568,4.654,905280.3
2026-08-23 22:00:00+00:00,4.654,4.669,4.53,4.557,399701.0
2026-08-23 23:00:00+00:00,4.557,4.565,4.507,4.522,374125.4
2026-08-24 00:00:00+00:00,4.522,4.531,4.457,4.496,715261.3
2026-08-24 01:00:00+00:00,4.496,4.501,4.374,4.386,580487.2
2026-08-24 02:00:00+00:00,4.386,4.499,4.369,4.489,323232.2
2026-08-24 03:00:00+00:00,4.489,4.493,4.4,4.416,245193.6
2026-08-24 04:00:00+00:00,4.416,4.537,4.414,4.471,400174.8
2026-08-24 05:00:00+00:00,4.471,4.509,4.436,4.487,351147.3
2026-08-24 06:00:00+00:00,4.487,4.501,4.387,4.428,373065.5
2026-08-24 07:00:00+00:00,4.428,4.466,4.352,4.386,464023.3
2026-08-24 08:00:00+00:00,4.386,4.393,4.311,4.324,459610.6
2026-08-24 09:00:00+00:00,4.324,4.374,4.317,4.357,246968.9
2026-08-24 10:00:00+00:00,4.357,4.382,4.264,4.277,464778.9
2026-08-24 11:00:00+00:00,4.277,4.388,4.245,4.365,513119.8
2026-08-24 12:00:00+00:00,4.365,4.452,4.303,4.438,741169.5
2026-08-24 13:00:00+00:00,4.438,4.442,4.273,4.309,972863.6
2026-08-24 14:00:00+00:00,4.309,4.418,4.305,4.379,518582.6
2026-08-24 15:00:00+00:00,4.379,4.43,4.295,4.312,368602.4
2026-08-24 16:00:00+00:00,4.312,4.371,4.302,4.325,282861.6
2026-08-24 17:00:00+00:00,4.325,4.325,4.23,4.28,411755.1
2026-08-24 18:00:00+00:00,4.28,4.316,4.254,4.26,170590.8
2026-08-24 19:00:00+00:00,4.26,4.282,4.235,4.264,203893.1
2026-08-24 20:00:00+00:00,4.264,4.295,4.239,4.294,134306.9
2026-08-24 21:00:00+00:00,4.294,4.315,4.288,4.305,107921.8
2026-08-24 22:00:00+00:00,4.305,4.316,4.277,4.28,56760.6
2026-08-24 23:00:00+00:00,4.28,4.332,4.263,4.327,128717.0
2026-08-25 00:00:00+00:00,4.327,4.363,4.279,4.343,273376.1
2026-08-25 01:00:00+00:00,4.343,4.38,4.323,4.373,191664.5
2026-08-25 02:00:00+00:00,4.373,4.466,4.354,4.391,550957.4
2026-08-25 03:00:00+00:00,4.391,4.423,4.35,4.363,213170.9
2026-08-25 04:00:00+00:00,4.363,4.411,4.347,4.401,199237.6
2026-08-25 05:00:00+00:00,4.401,4.443,4.396,4.403,158766.2
2026-08-25 06:00:00+00:00,4.403,4.408,4.343,4.36,246395.6
2026-08-25 07:00:00+00:00,4.36,4.422,4.28,4.309,539117.8
2026-08-25 08:00:00+00:00,4.309,4.393,4.3,4.382,184976.5
2026-08-25 09:00:00+00:00,4.382,4.413,4.323,4.34,305023.2
2026-08-25 10:00:00+00:00,4.34,4.387,4.322,4.359,151905.0
2026-08-25 11:00:00+00:00,4.359,4.411,4.344,4.38,184269.7
2026-08-25 12:00:00+00:00,4.38,4.408,4.326,4.393,416827.4
2026-08-25 13:00:00+00:00,4.393,4.43,4.322,4.374,631972.9
2026-08-25 14:00:00+00:00,4.374,4.443,4.338,4.382,586472.7
2026-08-25 15:00:00+00:00,4.382,4.409,4.337,4.4,461310.3
2026-08-25 16:00:00+00:00,4.4,4.4,4.303,4.352,666398.6
2026-08-25 17:00:00+00:00,4.352,4.353,4.293,4.325,386787.7
2026-08-25 18:00:00+00:00,4.325,4.347,4.311,4.321,202408.3
2026-08-25 19:00:00+00:00,4.321,4.342,4.284,4.311,125737.1
2026-08-25 20:00:00+00:00,4.311,4.318,4.196,4.205,483473.5
2026-08-25 21:00:00+00:00,4.205,4.258,4.164,4.25,366365.2
2026-08-25 22:00:00+00:00,4.25,4.292,4.25,4.283,119081.5
2026-08-25 23:00:00+00:00,4.283,4.307,4.244,4.266,140121.2
2026-08-26 00:00:00+00:00,4.266,4.313,4.236,4.289,156116.6
2026-08-26 01:00:00+00:00,4.289,4.34,4.287,4.311,159690.7
2026-08-26 02:00:00+00:00,4.311,4.328,4.276,4.328,103126.0
2026-08-26 03:00:00+00:00,4.328,4.332,4.276,4.285,94150.0
2026-08-26 04:00:00+00:00,4.285,4.299,4.258,4.259,94799.3
2026-08-26 05:00:00+00:00,4.259,4.316,4.241,4.292,167993.0
2026-08-26 06:00:00+00:00,4.292,4.298,4.241,4.266,117376.0
2026-08-26 07:00:00+00:00,4.266,4.292,4.255,4.261,159608.6
2026-08-26 08:00:00+00:00,4.261,4.316,4.246,4.268,305666.6
2026-08-26 09:00:00+00:00,4.268,4.275,4.21,4.237,173462.0
2026-08-26 10:00:00+00:00,4.237,4.332,4.223,4.302,244886.2
2026-08-26 11:00:00+00:00,4.302,4.321,4.255,4.277,267919.0
2026-08-26 12:00:00+00:00,4.277,4.353,4.272,4.287,357319.5
2026-08-26 13:00:00+00:00,4.287,4.3,4.241,4.272,232155.2
2026-08-26 14:00:00+00:00,4.272,4.283,4.168,4.174,299482.5
2026-08-26 15:00:00+00:00,4.174,4.232,4.158,4.214,247337.9
2026-08-26 16:00:00+00:00,4.214,4.233,4.142,4.199,316495.6
2026-08-26 17:00:00+00:00,4.199,4.259,4.199,4.227,142870.5
2026-08-26 18:00:00+00:00,4.227,4.247,4.219,4.241,69153.5
2026-08-26 19:00:00+00:00,4.241,4.289,4.239,4.258,120951.5
2026-08-26 20:00:00+00:00,4.258,4.273,4.218,4.272,67785.5
2026-08-26 21:00:00+00:00,4.272,4.361,4.265,4.352,288818.9
2026-08-26 22:00:00+00:00,4.352,4.395,4.345,4.366,291146.7
2026-08-26 23:00:00+00:00,4.366,4.403,4.361,4.378,191435.0
2026-08-27 00:00:00+00:00,4.378,4.394,4.338,4.35,159643.6
2026-08-27 01:00:00+00:00,4.35,4.417,4.313,4.381,310438.3
2026-08-27 02:00:00+00:00,4.381,4.487,4.38,4.4,408107.6
2026-08-27 03:00:00+00:00,4.4,4.408,4.362,4.386,186342.0
2026-08-27 04:00:00+00:00,4.386,4.413,4.352,4.367,143175.5
2026-08-27 05:00:00+00:00,4.367,4.376,4.328,4.374,131567.9
2026-08-27 06:00:00+00:00,4.374,4.392,4.339,4.383,108873.7
2026-08-27 07:00:00+00:00,4.383,4.404,4.358,4.376,121363.2
2026-08-27 08:00:00+00:00,4.376,4.474,4.372,4.448,425278.7
2026-08-27 09:00:00+00:00,4.448,4.507,4.431,4.462,396785.5
2026-08-27 10:00:00+00:00,4.462,4.489,4.399,4.444,334955.8
2026-08-27 11:00:00+00:00,4.444,4.482,4.416,4.452,168850.6
2026-08-27 12:00:00+00:00,4.452,4.477,4.439,4.465,211966.3
2026-08-27 13:00:00+00:00,4.465,4.545,4.465,4.521,565517.2
2026-08-27 14:00:00+00:00,4.521,4.559,4.475,4.502,374305.1
2026-08-27 15:00:00+00:00,4.502,4.538,4.482,4.515,204774.5
2026-08-27 16:00:00+00:00,4.515,4.598,4.486,4.555,387180.6
2026-08-27 17:00:00+00:00,4.555,4.632,4.544,4.607,293694.4
2026-08-27 18:00:00+00:00,4.607,4.625,4.546,4.613,374601.9
2026-08-27 19:00:00+00:00,4.613,4.629,4.578,4.588,346869.1
2026-08-27 20:00:00+00:00,4.588,4.621,4.554,4.619,150217.1
2026-08-27 21:00:00+00:00,4.619,4.649,4.609,4.622,294343.3
2026-08-27 22:00:00+00:00,4.622,4.719,4.622,4.679,425851.6
2026-08-27 23:00:00+00:00,4.679,4.683,4.64,4.68,245239.5
2026-08-28 00:00:00+00:00,4.68,4.754,4.657,4.719,312882.8
2026-08-28 01:00:00+00:00,4.719,4.841,4.704,4.713,730791.6
2026-08-28 02:00:00+00:00,4.713,4.717,4.57,4.625,613528.8
2026-08-28 03:00:00+00:00,4.625,4.694,4.602,4.675,246605.6
2026-08-28 04:00:00+00:00,4.675,4.701,4.623,4.668,281164.7
2026-08-28 05:00:00+00:00,4.668,4.672,4.591,4.628,286615.1
2026-08-28 06:00:00+00:00,4.628,4.683,4.628,4.654,154674.8
2026-08-28 07:00:00+00:00,4.654,4.662,4.572,4.596,288410.6
2026-08-28 08:00:00+00:00,4.596,4.651,4.585,4.601,180730.9
2026-08-28 09:00:00+00:00,4.601,4.616,4.553,4.571,288782.5
2026-08-28 10:00:00+00:00,4.571,4.591,4.53,4.588,263008.4
2026-08-28 11:00:00+00:00,4.588,4.638,4.587,4.635,162353.0
2026-08-28 12:00:00+00:00,4.635,4.644,4.565,4.577,221528.8
2026-08-28 13:00:00+00:00,4.577,4.611,4.56,4.576,170706.6
2026-08-28 14:00:00+00:00,4.576,4.635,4.457,4.605,754856.7
2026-08-28 15:00:00+00:00,4.605,4.625,4.477,4.478,322342.1
2026-08-28 16:00:00+00:00,4.478,4.485,4.355,4.441,841384.2
2026-08-28 17:00:00+00:00,4.441,4.464,4.414,4.418,206319.5
2026-08-28 18:00:00+00:00,4.418,4.424,4.343,4.373,302274.4
2026-08-28 19:00:00+00:00,4.373,4.412,4.373,4.391,113084.4
2026-08-28 20:00:00+00:00,4.391,4.404,4.374,4.392,86648.5
2026-08-28 21:00:00+00:00,4.392,4.404,4.353,4.36,91367.4
2026-08-28 22:00:00+00:00,4.36,4.427,4.36,4.423,114395.5
2026-08-28 23:00:00+00:00,4.423,4.444,4.417,4.432,135912.5
2026-08-29 00:00:00+00:00,4.432,4.455,4.418,4.418,136200.1
2026-08-29 01:00:00+00:00,4.418,4.441,4.408,4.433,67738.6
2026-08-29 02:00:00+00:00,4.433,4.436,4.377,4.398,153612.2
2026-08-29 03:00:00+00:00,4.398,4.411,4.374,4.375,41791.9
2026-08-29 04:00:00+00:00,4.375,4.4,4.37,4.396,80218.3
2026-08-29 05:00:00+00:00,4.396,4.464,4.394,4.431,198313.5
2026-08-29 06:00:00+00:00,4.431,4.436,4.384,4.405,245603.2
2026-08-29 07:00:00+00:00,4.405,4.427,4.381,4.391,87539.7
2026-08-29 08:00:00+00:00,4.391,4.391,4.345,4.354,143180.7
2026-08-29 09:00:00+00:00,4.354,4.382,4.353,4.357,128110.2
2026-08-29 10:00:00+00:00,4.357,4.39,4.349,4.376,64715.5
2026-08-29 11:00:00+00:00,4.376,4.391,4.373,4.382,73299.7
2026-08-29 12:00:00+00:00,4.382,4.399,4.375,4.396,65473.1
2026-08-29 13:00:00+00:00,4.396,4.41,4.382,4.404,37975.1
2026-08-29 14:00:00+00:00,4.404,4.509,4.403,4.501,363226.6
2026-08-29 15:00:00+00:00,4.501,4.514,4.468,4.484,234017.0
2026-08-29 16:00:00+00:00,4.484,4.645,4.476,4.634,575044.8
2026-08-29 17:00:00+00:00,4.634,4.647,4.584,4.613,342104.9
2026-08-29 18:00:00+00:00,4.613,4.707,4.611,4.659,493116.8
2026-08-29 19:00:00+00:00,4.659,4.677,4.623,4.641,281801.9
2026-08-29 20:00:00+00:00,4.641,4.683,4.633,4.658,183900.9
2026-08-29 21:00:00+00:00,4.658,4.696,4.641,4.646,141480.5
2026-08-29 22:00:00+00:00,4.646,4.696,4.628,4.68,234123.0
2026-08-29 23:00:00+00:00,4.68,4.706,4.638,4.677,509787.2
2026-08-30 00:00:00+00:00,4.677,4.689,4.648,4.648,192900.7
2026-08-30 01:00:00+00:00,4.648,4.706,4.636,4.705,217937.6
2026-08-30 02:00:00+00:00,4.705,4.887,4.682,4.871,1119439.3
2026-08-30 03:00:00+00:00,4.871,4.93,4.834,4.902,1075143.7
2026-08-30 04:00:00+00:00,4.902,4.904,4.841,4.859,396356.1
2026-08-30 05:00:00+00:00,4.859,4.921,4.848,4.887,500002.0
2026-08-30 06:00:00+00:00,4.887,4.977,4.864,4.942,591361.6
2026-08-30 07:00:00+00:00,4.942,4.963,4.856,4.884,721970.1
2026-08-30 08:00:00+00:00,4.884,4.913,4.812,4.832,453870.7
2026-08-30 09:00:00+00:00,4.832,4.839,4.783,4.81,345810.2
2026-08-30 10:00:00+00:00,4.81,4.954,4.8,4.949,552122.8
2026-08-30 11:00:00+00:00,4.949,5.112,4.949,5.101,1427729.9
2026-08-30 12:00:00+00:00,5.101,5.245,5.091,5.231,1375570.0
2026-08-30 13:00:00+00:00,5.231,5.32,5.217,5.228,1021891.9
2026-08-30 14:00:00+00:00,5.228,5.262,5.137,5.187,874748.2
2026-08-30 15:00:00+00:00,5.187,5.189,5.127,5.16,414368.8
2026-08-30 16:00:00+00:00,5.16,5.395,5.158,5.374,1189594.8
2026-08-30 17:00:00+00:00,5.374,5.491,5.285,5.433,1332560.4
2026-08-30 18:00:00+00:00,5.433,5.463,5.38,5.44,545590.5
2026-08-30 19:00:00+00:00,5.44,5.44,5.289,5.332,696737.8
2026-08-30 20:00:00+00:00,5.332,5.37,5.253,5.28,491448.7
2026-08-30 21:00:00+00:00,5.28,5.306,5.228,5.27,378782.4
2026-08-30 22:00:00+00:00,5.27,5.332,5.235,5.248,347101.5
2026-08-30 23:00:00+00:00,5.248,5.248,5.052,5.127,1231889.9
2026-08-31 00:00:00+00:00,5.127,5.246,5.088,5.145,775051.5
2026-08-31 01:00:00+00:00,5.145,5.177,5.081,5.103,483028.9
2026-08-31 02:00:00+00:00,5.103,5.182,4.978,5.028,865676.4
2026-08-31 03:00:00+00:00,5.028,5.067,5.007,5.036,403865.5
2026-08-31 04:00:00+00:00,5.036,5.04,4.971,5.026,308185.7
2026-08-31 05:00:00+00:00,5.026,5.184,5.022,5.121,729421.2
2026-08-31 06:00:00+00:00,5.121,5.153,5.096,5.138,292764.6
2026-08-31 07:00:00+00:00,5.138,5.177,5.118,5.156,324627.8
2026-08-31 08:00:00+00:00,5.156,5.183,5.114,5.151,278312.5
2026-08-31 09:00:00+00:00,5.151,5.195,5.13,5.162,285267.0
2026-08-31 10:00:00+00:00,5.162,5.192,5.068,5.143,629090.8
2026-08-31 11:00:00+00:00,5.143,5.146,5.083,5.121,282257.8
2026-08-31 12:00:00+00:00,5.121,5.143,5.046,5.078,422393.6
2026-08-31 13:00:00+00:00,5.078,5.129,5.034,5.06,408138.7
2026-08-31 14:00:00+00:00,5.06,5.257,5.058,5.193,877205.2
2026-08-31 15:00:00+00:00,5.193,5.235,5.142,5.163,484007.2
2026-08-31 16:00:00+00:00,5.163,5.177,5.102,5.124,315601.9
2026-08-31 17:00:00+00:00,5.124,5.221,5.114,5.201,254941.1
2026-08-31 18:00:00+00:00,5.201,5.232,5.174,5.214,268446.4
2026-08-31 19:00:00+00:00,5.214,5.249,5.195,5.205,220854.6
2026-08-31 20:00:00+00:00,5.205,5.247,5.185,5.207,196426.2
2026-08-31 21:00:00+00:00,5.207,5.289,5.176,5.258,275573.4
