timestamp,open,high,low,close,volume
2026-03-08 22:00:00+00:00,0.08949,0.08962,0.08641,0.08939,525785903.0
2026-03-08 23:00:00+00:00,0.08939,0.08982,0.08883,0.08908,85944453.0
2026-03-09 00:00:00+00:00,0.08908,0.09047,0.08902,0.08977,121721581.0
2026-03-09 01:00:00+00:00,0.08977,0.09007,0.08925,0.08932,60964316.0
2026-03-09 02:00:00+00:00,0.08932,0.08998,0.0889,0.0897,77633134.0
2026-03-09 03:00:00+00:00,0.0897,0.09166,0.0896,0.09034,257393070.0
2026-03-09 04:00:00+00:00,0.09034,0.09086,0.09014,0.0903,47920502.0
2026-03-09 05:00:00+00:00,0.0903,0.09174,0.09008,0.09141,134244004.0
2026-03-09 06:00:00+00:00,0.09141,0.09165,0.09024,0.09036,59203121.0
2026-03-09 07:00:00+00:00,0.09036,0.09041,0.08927,0.08993,98646668.0
2026-03-09 08:00:00+00:00,0.08993,0.09062,0.08983,0.09043,58547629.0
2026-03-09 09:00:00+00:00,0.09043,0.09134,0.08995,0.09037,100222089.0
2026-03-09 10:00:00+00:00,0.09037,0.09071,0.08988,0.09006,53610758.0
2026-03-09 11:00:00+00:00,0.09006,0.09048,0.08966,0.09031,46503633.0
2026-03-09 12:00:00+00:00,0.09031,0.0911,0.09031,0.09081,74165520.0
2026-03-09 13:00:00+00:00,0.09081,0.09242,0.09075,0.09187,200805686.0
2026-03-09 14:00:00+00:00,0.09187,0.09223,0.09093,0.09155,196196198.0
2026-03-09 15:00:00+00:00,0.09155,0.09182,0.09057,0.09107,94870181.0
2026-03-09 16:00:00+00:00,0.09107,0.0916,0.0907,0.09117,69509280.0
2026-03-09 17:00:00+00:00,0.09117,0.09171,0.09092,0.09137,80928930.0
2026-03-09 18:00:00+00:00,0.09137,0.09168,0.09074,0.09083,79087203.0
2026-03-09 19:00:00+00:00,0.09083,0.09282,0.09061,0.09123,220737124.0
2026-03-09 20:00:00+00:00,0.09123,0.09143,0.09076,0.09121,50365603.0
2026-03-09 21:00:00+00:00,0.09121,0.09178,0.09097,0.09146,38527816.0
2026-03-09 22:00:00+00:00,0.09146,0.09153,0.09034,0.09065,143633331.0
2026-03-09 23:00:00+00:00,0.09065,0.09088,0.09015,0.09044,47596425.0
2026-03-10 00:00:00+00:00,0.09044,0.09139,0.09029,0.091,78342731.0
2026-03-10 01:00:00+00:00,0.091,0.09123,0.09042,0.09096,53714753.0
2026-03-10 02:00:00+00:00,0.09096,0.09232,0.09062,0.09193,126756315.0
2026-03-10 03:00:00+00:00,0.09193,0.09214,0.09095,0.09116,59626742.0
2026-03-10 04:00:00+00:00,0.09116,0.09204,0.09111,0.09183,50980100.0
2026-03-10 05:00:00+00:00,0.09183,0.09229,0.09161,0.09175,60041444.0
2026-03-10 06:00:00+00:00,0.09175,0.09181,0.09134,0.09158,35819126.0
2026-03-10 07:00:00+00:00,0.09158,0.09245,0.09136,0.09229,86900181.0
2026-03-10 08:00:00+00:00,0.09229,0.09417,0.09218,0.09351,238387275.0
2026-03-10 09:00:00+00:00,0.09351,0.09554,0.09351,0.09517,348834082.0
2026-03-10 10:00:00+00:00,0.09517,0.09589,0.09442,0.09545,133095974.0
2026-03-10 11:00:00+00:00,0.09545,0.09572,0.09421,0.09445,123636599.0
2026-03-10 12:00:00+00:00,0.09445,0.09504,0.09424,0.09495,77279746.0
2026-03-10 13:00:00+00:00,0.09495,0.09707,0.09451,0.09606,521831077.0
2026-03-10 14:00:00+00:00,0.09606,0.09963,0.09487,0.09931,619654835.0
2026-03-10 15:00:00+00:00,0.09931,0.0997,0.09764,0.0991,345859471.0
2026-03-10 16:00:00+00:00,0.0991,0.1004,0.0986,0.0998,248500050.0
2026-03-10 17:00:00+00:00,0.0998,0.09998,0.09786,0.0982,252776531.0
2026-03-10 18:00:00+00:00,0.0982,0.09821,0.0947,0.0954,506356554.0
2026-03-10 19:00:00+00:00,0.0954,0.09542,0.0942,0.0947,151465770.0
2026-03-10 20:00:00+00:00,0.0947,0.09501,0.0944,0.09488,98250062.0
2026-03-10 21:00:00+00:00,0.09488,0.09524,0.09367,0.09436,172637402.0
2026-03-10 22:00:00+00:00,0.09436,0.09479,0.09396,0.09428,85467188.0
2026-03-10 23:00:00+00:00,0.09428,0.0947,0.09426,0.09446,81703785.0
2026-03-11 00:00:00+00:00,0.09446,0.09481,0.09398,0.09438,104037179.0
2026-03-11 01:00:00+00:00,0.09438,0.09441,0.09318,0.09354,112702851.0
2026-03-11 02:00:00+00:00,0.09354,0.09361,0.09236,0.09293,108614512.0
2026-03-11 03:00:00+00:00,0.09293,0.09313,0.09233,0.09254,71356905.0
2026-03-11 04:00:00+00:00,0.09254,0.09318,0.09214,0.09306,137233494.0
2026-03-11 05:00:00+00:00,0.09306,0.09313,0.09136,0.0916,155040985.0
2026-03-11 06:00:00+00:00,0.0916,0.09217,0.09141,0.09198,81390596.0
2026-03-11 07:00:00+00:00,0.09198,0.09231,0.09131,0.09188,123389673.0
2026-03-11 08:00:00+00:00,0.09188,0.09229,0.09165,0.09202,62587946.0
2026-03-11 09:00:00+00:00,0.09202,0.09207,0.09143,0.09163,55264321.0
2026-03-11 10:00:00+00:00,0.09163,0.09223,0.09154,0.0922,100104428.0
2026-03-11 11:00:00+00:00,0.0922,0.09239,0.09174,0.09191,89988793.0
2026-03-11 12:00:00+00:00,0.09191,0.0935,0.09167,0.09246,183131774.0
2026-03-11 13:00:00+00:00,0.09246,0.09476,0.09238,0.09307,466696828.0
2026-03-11 14:00:00+00:00,0.09307,0.0942,0.09261,0.09342,187433355.0
2026-03-11 15:00:00+00:00,0.09342,0.09349,0.09109,0.09228,254891637.0
2026-03-11 16:00:00+00:00,0.09228,0.09308,0.09217,0.09294,103084709.0
2026-03-11 17:00:00+00:00,0.09294,0.09414,0.09263,0.09363,194423566.0
2026-03-11 18:00:00+00:00,0.09363,0.0946,0.09363,0.09433,105908229.0
2026-03-11 19:00:00+00:00,0.09433,0.0946,0.09368,0.0938,91671321.0
2026-03-11 20:00:00+00:00,0.0938,0.0938,0.09319,0.09361,79718760.0
2026-03-11 21:00:00+00:00,0.09361,0.09382,0.09343,0.09367,38929937.0
2026-03-11 22:00:00+00:00,0.09367,0.09415,0.0933,0.09341,51224401.0
2026-03-11 23:00:00+00:00,0.09341,0.09375,0.0927,0.09282,77095529.0
2026-03-12 00:00:00+00:00,0.09282,0.093,0.09235,0.09269,104757013.0
2026-03-12 01:00:00+00:00,0.09269,0.09269,0.09208,0.0923,38543805.0
2026-03-12 02:00:00+00:00,0.0923,0.09247,0.09173,0.09184,44662510.0
2026-03-12 03:00:00+00:00,0.09184,0.0925,0.09179,0.09209,35883273.0
2026-03-12 04:00:00+00:00,0.09209,0.0923,0.09189,0.09193,21672401.0
2026-03-12 05:00:00+00:00,0.09193,0.09215,0.09182,0.09198,17053154.0
2026-03-12 06:00:00+00:00,0.09198,0.09211,0.09173,0.09198,29682041.0
2026-03-12 07:00:00+00:00,0.09198,0.09293,0.09181,0.09283,83632212.0
2026-03-12 08:00:00+00:00,0.09283,0.09321,0.09248,0.09286,73117996.0
2026-03-12 09:00:00+00:00,0.09286,0.09356,0.09234,0.09302,75018545.0
2026-03-12 10:00:00+00:00,0.09302,0.09447,0.09287,0.09428,124815804.0
2026-03-12 11:00:00+00:00,0.09428,0.09517,0.09407,0.09466,128498886.0
2026-03-12 12:00:00+00:00,0.09466,0.09582,0.09454,0.09509,179694324.0
2026-03-12 13:00:00+00:00,0.09509,0.09559,0.09394,0.09486,213531139.0
2026-03-12 14:00:00+00:00,0.09486,0.09578,0.09323,0.09365,252613279.0
2026-03-12 15:00:00+00:00,0.09365,0.09473,0.09307,0.09407,158639578.0
2026-03-12 16:00:00+00:00,0.09407,0.09485,0.0933,0.0947,129267744.0
2026-03-12 17:00:00+00:00,0.0947,0.09489,0.09408,0.09433,51633447.0
2026-03-12 18:00:00+00:00,0.09433,0.09448,0.09373,0.0938,42631493.0
2026-03-12 19:00:00+00:00,0.0938,0.09472,0.09363,0.09441,60587622.0
2026-03-12 20:00:00+00:00,0.09441,0.09459,0.094,0.0941,36497501.0
2026-03-12 21:00:00+00:00,0.0941,0.09481,0.09407,0.09466,37340923.0
2026-03-12 22:00:00+00:00,0.09466,0.09483,0.0942,0.09437,36111857.0
2026-03-12 23:00:00+00:00,0.09437,0.09529,0.09434,0.09469,116708567.0
2026-03-13 00:00:00+00:00,0.09469,0.09802,0.0945,0.09681,447520698.0
2026-03-13 01:00:00+00:00,0.09681,0.09718,0.09623,0.09706,89797495.0
2026-03-13 02:00:00+00:00,0.09706,0.09717,0.09566,0.09593,122926201.0
2026-03-13 03:00:00+00:00,0.09593,0.09695,0.09589,0.09673,43144861.0
2026-03-13 04:00:00+00:00,0.09673,0.09678,0.09611,0.09619,36778818.0
2026-03-13 05:00:00+00:00,0.09619,0.09686,0.09574,0.09647,69986870.0
2026-03-13 06:00:00+00:00,0.09647,0.09673,0.09603,0.09659,51682204.0
2026-03-13 07:00:00+00:00,0.09659,0.09671,0.09622,0.09648,43181455.0
2026-03-13 08:00:00+00:00,0.09648,0.09769,0.09603,0.09731,147697075.0
2026-03-13 09:00:00+00:00,0.09731,0.0991,0.09716,0.09859,155402469.0
2026-03-13 10:00:00+00:00,0.09859,0.09953,0.09845,0.09899,136976043.0
2026-03-13 11:00:00+00:00,0.09899,0.10044,0.09894,0.10003,209708172.0
2026-03-13 12:00:00+00:00,0.10003,0.10196,0.09936,0.10065,299973054.0
2026-03-13 13:00:00+00:00,0.10065,0.10115,0.09952,0.10034,271889205.0
2026-03-13 14:00:00+00:00,0.10034,0.10073,0.09706,0.09773,469252283.0
2026-03-13 15:00:00+00:00,0.09773,0.09886,0.0975,0.09793,245303551.0
2026-03-13 16:00:00+00:00,0.09793,0.0984,0.09732,0.09766,158409413.0
2026-03-13 17:00:00+00:00,0.09766,0.09771,0.09555,0.09602,199495075.0
2026-03-13 18:00:00+00:00,0.09602,0.09633,0.09558,0.0958,116581971.0
2026-03-13 19:00:00+00:00,0.0958,0.09614,0.09534,0.09597,81091580.0
2026-03-13 20:00:00+00:00,0.09597,0.09647,0.09586,0.09645,43582763.0
2026-03-13 21:00:00+00:00,0.09645,0.09674,0.09584,0.09617,47999295.0
2026-03-13 22:00:00+00:00,0.09617,0.09625,0.09539,0.09589,64056175.0
2026-03-13 23:00:00+00:00,0.09589,0.09601,0.09566,0.0959,25928430.0
2026-03-14 00:00:00+00:00,0.0959,0.09595,0.09504,0.09533,100430631.0
2026-03-14 01:00:00+00:00,0.09533,0.09576,0.09521,0.09563,52451187.0
2026-03-14 02:00:00+00:00,0.09563,0.09583,0.09536,0.09575,27532360.0
2026-03-14 03:00:00+00:00,0.09575,0.09622,0.09554,0.09597,83133343.0
2026-03-14 04:00:00+00:00,0.09597,0.09638,0.09556,0.09568,41986746.0
2026-03-14 05:00:00+00:00,0.09568,0.09572,0.09527,0.09563,35287225.0
2026-03-14 06:00:00+00:00,0.09563,0.09563,0.09416,0.0947,107062633.0
2026-03-14 07:00:00+00:00,0.0947,0.09488,0.09447,0.09458,35173529.0
2026-03-14 08:00:00+00:00,0.09458,0.09483,0.09428,0.0944,75516982.0
2026-03-14 09:00:00+00:00,0.0944,0.09459,0.09408,0.09419,51297434.0
2026-03-14 10:00:00+00:00,0.09419,0.09437,0.09393,0.09435,43689931.0
2026-03-14 11:00:00+00:00,0.09435,0.09546,0.09433,0.09521,71390799.0
2026-03-14 12:00:00+00:00,0.09521,0.09527,0.0947,0.0949,34376858.0
2026-03-14 13:00:00+00:00,0.0949,0.09541,0.09482,0.0952,50656784.0
2026-03-14 14:00:00+00:00,0.0952,0.09564,0.0943,0.09451,111049637.0
2026-03-14 15:00:00+00:00,0.09451,0.09499,0.09448,0.09487,43153871.0
2026-03-14 16:00:00+00:00,0.09487,0.09538,0.0946,0.09523,61027622.0
2026-03-14 17:00:00+00:00,0.09523,0.09524,0.09457,0.0946,40704609.0
2026-03-14 18:00:00+00:00,0.0946,0.09471,0.09427,0.09462,29656794.0
2026-03-14 19:00:00+00:00,0.09462,0.09473,0.0945,0.09473,11746425.0
2026-03-14 20:00:00+00:00,0.09473,0.09495,0.09453,0.09474,17393218.0
2026-03-14 21:00:00+00:00,0.09474,0.0951,0.09459,0.09501,20086207.0
2026-03-14 22:00:00+00:00,0.09501,0.0952,0.09484,0.09507,18887512.0
2026-03-14 23:00:00+00:00,0.09507,0.09612,0.09507,0.09598,68223815.0
2026-03-15 00:00:00+00:00,0.09598,0.09611,0.09536,0.09552,39219198.0
2026-03-15 01:00:00+00:00,0.09552,0.09591,0.09539,0.09551,25442512.0
2026-03-15 02:00:00+00:00,0.09551,0.09738,0.09551,0.09685,90171030.0
2026-03-15 03:00:00+00:00,0.09685,0.0972,0.09588,0.09595,87359151.0
2026-03-15 04:00:00+00:00,0.09595,0.09621,0.0956,0.09591,47957693.0
2026-03-15 05:00:00+00:00,0.09591,0.09642,0.09562,0.09603,55800459.0
2026-03-15 06:00:00+00:00,0.09603,0.09613,0.09546,0.09566,51907144.0
2026-03-15 07:00:00+00:00,0.09566,0.09587,0.09546,0.09555,21687616.0
2026-03-15 08:00:00+00:00,0.09555,0.09647,0.09554,0.0964,60236440.0
2026-03-15 09:00:00+00:00,0.0964,0.09656,0.09607,0.0961,35795117.0
2026-03-15 10:00:00+00:00,0.0961,0.0963,0.0959,0.09619,25015649.0
2026-03-15 11:00:00+00:00,0.09619,0.0965,0.096,0.09634,17142889.0
2026-03-15 12:00:00+00:00,0.09634,0.09644,0.09599,0.09631,18369899.0
2026-03-15 13:00:00+00:00,0.09631,0.09662,0.09467,0.09526,164873729.0
2026-03-15 14:00:00+00:00,0.09526,0.09555,0.09505,0.09552,42306217.0
2026-03-15 15:00:00+00:00,0.09552,0.09552,0.09478,0.09493,40820748.0
2026-03-15 16:00:00+00:00,0.09493,0.09506,0.09436,0.09464,50413081.0
2026-03-15 17:00:00+00:00,0.09464,0.09574,0.09459,0.09541,45921571.0
2026-03-15 18:00:00+00:00,0.09541,0.09552,0.0946,0.09473,45762143.0
2026-03-15 19:00:00+00:00,0.09473,0.0953,0.09464,0.09514,59613251.0
2026-03-15 20:00:00+00:00,0.09514,0.09583,0.0949,0.0953,40032858.0
2026-03-15 21:00:00+00:00,0.0953,0.09605,0.095,0.09581,42668784.0
2026-03-15 22:00:00+00:00,0.09581,0.09762,0.0952,0.09729,174971895.0
2026-03-15 23:00:00+00:00,0.09729,0.09808,0.09659,0.09735,189821598.0
2026-03-16 00:00:00+00:00,0.09735,0.09818,0.0972,0.09794,94905839.0
2026-03-16 01:00:00+00:00,0.09794,0.09814,0.09726,0.09759,84936117.0
2026-03-16 02:00:00+00:00,0.09759,0.09845,0.09701,0.09809,144111637.0
2026-03-16 03:00:00+00:00,0.09809,0.10141,0.09779,0.09998,334697741.0
2026-03-16 04:00:00+00:00,0.09998,0.10115,0.09977,0.10068,127662964.0
2026-03-16 05:00:00+00:00,0.10068,0.10183,0.10048,0.10158,123637787.0
2026-03-16 06:00:00+00:00,0.10158,0.10254,0.10121,0.10167,165271655.0
2026-03-16 07:00:00+00:00,0.10167,0.10267,0.10161,0.10202,115648661.0
2026-03-16 08:00:00+00:00,0.10202,0.10297,0.10022,0.10036,246116193.0
2026-03-16 09:00:00+00:00,0.10036,0.10136,0.09984,0.10109,117599924.0
2026-03-16 10:00:00+00:00,0.10109,0.10129,0.10007,0.10068,97996849.0
2026-03-16 11:00:00+00:00,0.10068,0.10069,0.09933,0.09992,131528238.0
2026-03-16 12:00:00+00:00,0.09992,0.10048,0.0997,0.10005,98563961.0
2026-03-16 13:00:00+00:00,0.10005,0.10166,0.09987,0.10047,190424548.0
2026-03-16 14:00:00+00:00,0.10047,0.10349,0.09987,0.10311,375238498.0
2026-03-16 15:00:00+00:00,0.10311,0.10335,0.09989,0.10003,277090045.0
2026-03-16 16:00:00+00:00,0.10003,0.10132,0.09985,0.10112,127767198.0
2026-03-16 17:00:00+00:00,0.10112,0.10164,0.10085,0.10138,70606964.0
2026-03-16 18:00:00+00:00,0.10138,0.1024,0.10117,0.10173,81331379.0
2026-03-16 19:00:00+00:00,0.10173,0.10295,0.10146,0.10196,80223076.0
2026-03-16 20:00:00+00:00,0.10196,0.10206,0.10144,0.10149,43148604.0
2026-03-16 21:00:00+00:00,0.10149,0.10263,0.10118,0.10193,96262231.0
2026-03-16 22:00:00+00:00,0.10193,0.10336,0.10193,0.10321,103198937.0
2026-03-16 23:00:00+00:00,0.10321,0.10367,0.10218,0.103,92758146.0
2026-03-17 00:00:00+00:00,0.103,0.10397,0.10248,0.10315,149724459.0
2026-03-17 01:00:00+00:00,0.10315,0.10384,0.10254,0.10318,97155390.0
2026-03-17 02:00:00+00:00,0.10318,0.10445,0.10219,0.10347,137451064.0
2026-03-17 03:00:00+00:00,0.10347,0.10353,0.10036,0.10117,306183818.0
2026-03-17 04:00:00+00:00,0.10117,0.10159,0.09974,0.10046,163139326.0
2026-03-17 05:00:00+00:00,0.10046,0.10066,0.09938,0.09993,119087136.0
2026-03-17 06:00:00+00:00,0.09993,0.10048,0.09954,0.10001,78213538.0
2026-03-17 07:00:00+00:00,0.10001,0.10108,0.09995,0.10049,88710281.0
2026-03-17 08:00:00+00:00,0.10049,0.10136,0.1004,0.10081,72216030.0
2026-03-17 09:00:00+00:00,0.10081,0.10122,0.10029,0.10068,84182224.0
2026-03-17 10:00:00+00:00,0.10068,0.10072,0.09986,0.10013,67401819.0
2026-03-17 11:00:00+00:00,0.10013,0.10046,0.09992,0.10009,41248498.0
2026-03-17 12:00:00+00:00,0.10009,0.10018,0.09865,0.09876,152923828.0
2026-03-17 13:00:00+00:00,0.09876,0.09965,0.09836,0.09886,164616298.0
2026-03-17 14:00:00+00:00,0.09886,0.09976,0.09825,0.09964,127346852.0
2026-03-17 15:00:00+00:00,0.09964,0.10047,0.09875,0.0996,155231661.0
2026-03-17 16:00:00+00:00,0.0996,0.10032,0.09934,0.09985,72848257.0
2026-03-17 17:00:00+00:00,0.09985,0.10062,0.09954,0.10057,64353075.0
2026-03-17 18:00:00+00:00,0.10057,0.10108,0.10031,0.10092,77413756.0
2026-03-17 19:00:00+00:00,0.10092,0.10105,0.10011,0.10019,27832013.0
2026-03-17 20:00:00+00:00,0.10019,0.1006,0.09991,0.10052,45657819.0
2026-03-17 21:00:00+00:00,0.10052,0.10127,0.10035,0.10116,49798113.0
2026-03-17 22:00:00+00:00,0.10116,0.10172,0.10031,0.10083,66143938.0
2026-03-17 23:00:00+00:00,0.10083,0.1011,0.09996,0.10009,41846792.0
2026-03-18 00:00:00+00:00,0.10009,0.10036,0.09958,0.10005,76083943.0
2026-03-18 01:00:00+00:00,0.10005,0.10081,0.10004,0.10027,77517459.0
2026-03-18 02:00:00+00:00,0.10027,0.10136,0.10023,0.10084,61927421.0
2026-03-18 03:00:00+00:00,0.10084,0.10179,0.10056,0.10108,77255314.0
2026-03-18 04:00:00+00:00,0.10108,0.10117,0.09964,0.10014,82921406.0
2026-03-18 05:00:00+00:00,0.10014,0.10107,0.09999,0.10016,62527027.0
2026-03-18 06:00:00+00:00,0.10016,0.10089,0.10004,0.10006,28240175.0
2026-03-18 07:00:00+00:00,0.10006,0.10007,0.09914,0.0995,80931184.0
2026-03-18 08:00:00+00:00,0.0995,0.10001,0.09944,0.09973,38609035.0
2026-03-18 09:00:00+00:00,0.09973,0.10004,0.09959,0.09982,50187841.0
2026-03-18 10:00:00+00:00,0.09982,0.09995,0.09876,0.09911,67275277.0
2026-03-18 11:00:00+00:00,0.09911,0.09935,0.09656,0.09706,450026447.0
2026-03-18 12:00:00+00:00,0.09706,0.09707,0.09561,0.09589,209383576.0
2026-03-18 13:00:00+00:00,0.09589,0.09624,0.09533,0.09573,157383184.0
2026-03-18 14:00:00+00:00,0.09573,0.09577,0.09424,0.09446,157448104.0
2026-03-18 15:00:00+00:00,0.09446,0.09478,0.09387,0.09431,131319912.0
2026-03-18 16:00:00+00:00,0.09431,0.09431,0.09344,0.09379,111698243.0
2026-03-18 17:00:00+00:00,0.09379,0.09474,0.0932,0.0943,104079580.0
2026-03-18 18:00:00+00:00,0.0943,0.09548,0.09416,0.09444,203859804.0
2026-03-18 19:00:00+00:00,0.09444,0.09532,0.09443,0.09457,77812474.0
2026-03-18 20:00:00+00:00,0.09457,0.09519,0.09387,0.09511,76656363.0
2026-03-18 21:00:00+00:00,0.09511,0.09558,0.09495,0.0953,48624879.0
2026-03-18 22:00:00+00:00,0.0953,0.0953,0.09483,0.09495,54796593.0
2026-03-18 23:00:00+00:00,0.09495,0.09523,0.0947,0.09521,31987477.0
2026-03-19 00:00:00+00:00,0.09521,0.09543,0.09491,0.095,38172051.0
2026-03-19 01:00:00+00:00,0.095,0.0952,0.09479,0.09483,22228419.0
2026-03-19 02:00:00+00:00,0.09483,0.09491,0.09437,0.09449,62855874.0
2026-03-19 03:00:00+00:00,0.09449,0.09609,0.09449,0.09539,145601058.0
2026-03-19 04:00:00+00:00,0.09539,0.09547,0.09466,0.09474,78026389.0
2026-03-19 05:00:00+00:00,0.09474,0.09493,0.09422,0.09448,50658904.0
2026-03-19 06:00:00+00:00,0.09448,0.09485,0.09413,0.09455,44354673.0
2026-03-19 07:00:00+00:00,0.09455,0.09483,0.09316,0.09435,267213999.0
2026-03-19 08:00:00+00:00,0.09435,0.09461,0.09406,0.09414,41802519.0
2026-03-19 09:00:00+00:00,0.09414,0.09536,0.09414,0.09502,113449017.0
2026-03-19 10:00:00+00:00,0.09502,0.0951,0.09409,0.09415,31958557.0
2026-03-19 11:00:00+00:00,0.09415,0.09429,0.09371,0.09396,145290892.0
2026-03-19 12:00:00+00:00,0.09396,0.09396,0.09245,0.09249,283159987.0
2026-03-19 13:00:00+00:00,0.09249,0.09362,0.09208,0.09331,158537635.0
2026-03-19 14:00:00+00:00,0.09331,0.09371,0.09246,0.093,65641353.0
2026-03-19 15:00:00+00:00,0.093,0.09341,0.09224,0.0928,67401599.0
2026-03-19 16:00:00+00:00,0.0928,0.09285,0.09203,0.09233,72559058.0
2026-03-19 17:00:00+00:00,0.09233,0.09293,0.09168,0.09285,63566958.0
2026-03-19 18:00:00+00:00,0.09285,0.09304,0.09241,0.09272,50160881.0
2026-03-19 19:00:00+00:00,0.09272,0.09389,0.09269,0.09329,112312454.0
2026-03-19 20:00:00+00:00,0.09329,0.09375,0.09322,0.09352,27032762.0
2026-03-19 21:00:00+00:00,0.09352,0.09374,0.09343,0.09358,25029755.0
2026-03-19 22:00:00+00:00,0.09358,0.09362,0.09293,0.09325,25398678.0
2026-03-19 23:00:00+00:00,0.09325,0.09365,0.09316,0.09349,32186233.0
2026-03-20 00:00:00+00:00,0.09349,0.09392,0.09345,0.09387,40103029.0
2026-03-20 01:00:00+00:00,0.09387,0.09463,0.09387,0.0942,126274155.0
2026-03-20 02:00:00+00:00,0.0942,0.09427,0.09351,0.09396,35095665.0
2026-03-20 03:00:00+00:00,0.09396,0.09449,0.09378,0.09405,25271988.0
2026-03-20 04:00:00+00:00,0.09405,0.09465,0.09373,0.09456,62124952.0
2026-03-20 05:00:00+00:00,0.09456,0.09537,0.09446,0.0947,102933082.0
2026-03-20 06:00:00+00:00,0.0947,0.09482,0.09429,0.09434,34567283.0
2026-03-20 07:00:00+00:00,0.09434,0.09437,0.09357,0.09402,131869049.0
2026-03-20 08:00:00+00:00,0.09402,0.09505,0.094,0.09443,84605031.0
2026-03-20 09:00:00+00:00,0.09443,0.09444,0.09362,0.09386,66454710.0
2026-03-20 10:00:00+00:00,0.09386,0.09442,0.09344,0.09433,51881956.0
2026-03-20 11:00:00+00:00,0.09433,0.09471,0.09379,0.09403,53210746.0
2026-03-20 12:00:00+00:00,0.09403,0.09438,0.0936,0.09378,51764613.0
2026-03-20 13:00:00+00:00,0.09378,0.09419,0.09318,0.09335,69902727.0
2026-03-20 14:00:00+00:00,0.09335,0.09424,0.09301,0.09368,109203086.0
2026-03-20 15:00:00+00:00,0.09368,0.0943,0.09346,0.09417,37527293.0
2026-03-20 16:00:00+00:00,0.09417,0.0944,0.09353,0.09389,31201035.0
2026-03-20 17:00:00+00:00,0.09389,0.09409,0.09339,0.09398,28500209.0
2026-03-20 18:00:00+00:00,0.09398,0.0942,0.09316,0.09349,44762825.0
2026-03-20 19:00:00+00:00,0.09349,0.09371,0.09281,0.09365,52087411.0
2026-03-20 20:00:00+00:00,0.09365,0.09374,0.09313,0.09367,23544942.0
2026-03-20 21:00:00+00:00,0.09367,0.09443,0.09336,0.09417,57908411.0
2026-03-20 22:00:00+00:00,0.09417,0.09488,0.09417,0.09432,38737231.0
2026-03-20 23:00:00+00:00,0.09432,0.09432,0.09386,0.09412,20347077.0
2026-03-21 00:00:00+00:00,0.09412,0.09435,0.09398,0.09429,18324232.0
2026-03-21 01:00:00+00:00,0.09429,0.09453,0.09386,0.09395,23073857.0
2026-03-21 02:00:00+00:00,0.09395,0.09476,0.09393,0.09468,47867295.0
2026-03-21 03:00:00+00:00,0.09468,0.09496,0.09456,0.09467,33178237.0
2026-03-21 04:00:00+00:00,0.09467,0.09483,0.09449,0.09454,20779569.0
2026-03-21 05:00:00+00:00,0.09454,0.09488,0.09454,0.09467,15593999.0
2026-03-21 06:00:00+00:00,0.09467,0.09489,0.09443,0.09456,49677363.0
2026-03-21 07:00:00+00:00,0.09456,0.09467,0.09421,0.09431,35557679.0
2026-03-21 08:00:00+00:00,0.09431,0.09438,0.09415,0.09431,20583048.0
2026-03-21 09:00:00+00:00,0.09431,0.09445,0.09419,0.09427,22994791.0
2026-03-21 10:00:00+00:00,0.09427,0.09429,0.09385,0.09393,24493242.0
2026-03-21 11:00:00+00:00,0.09393,0.09402,0.09375,0.09395,18680244.0
2026-03-21 12:00:00+00:00,0.09395,0.09408,0.09384,0.0939,13094515.0
2026-03-21 13:00:00+00:00,0.0939,0.09394,0.09345,0.09362,37199762.0
2026-03-21 14:00:00+00:00,0.09362,0.09417,0.09353,0.09364,44737882.0
2026-03-21 15:00:00+00:00,0.09364,0.0946,0.09358,0.0946,52455483.0
2026-03-21 16:00:00+00:00,0.0946,0.09463,0.09417,0.09425,36967001.0
2026-03-21 17:00:00+00:00,0.09425,0.09431,0.09387,0.09401,23309898.0
2026-03-21 18:00:00+00:00,0.09401,0.09421,0.0939,0.09403,8457337.0
2026-03-21 19:00:00+00:00,0.09403,0.09408,0.09383,0.09401,11709024.0
2026-03-21 20:00:00+00:00,0.09401,0.09436,0.09394,0.09429,23775760.0
2026-03-21 21:00:00+00:00,0.09429,0.09431,0.09401,0.0941,10824256.0
2026-03-21 22:00:00+00:00,0.0941,0.09416,0.09388,0.09396,10796448.0
2026-03-21 23:00:00+00:00,0.09396,0.09396,0.09049,0.09125,447530266.0
2026-03-22 00:00:00+00:00,0.09125,0.09192,0.08989,0.09138,309443178.0
2026-03-22 01:00:00+00:00,0.09138,0.09178,0.091,0.09141,89504302.0
2026-03-22 02:00:00+00:00,0.09141,0.09231,0.09141,0.09198,62269480.0
2026-03-22 03:00:00+00:00,0.09198,0.0928,0.09169,0.09228,83064839.0
2026-03-22 04:00:00+00:00,0.09228,0.09276,0.09212,0.09259,56379081.0
2026-03-22 05:00:00+00:00,0.09259,0.0926,0.09205,0.0921,39982060.0
2026-03-22 06:00:00+00:00,0.0921,0.09211,0.09169,0.09183,31141283.0
2026-03-22 07:00:00+00:00,0.09183,0.09198,0.09126,0.09129,64198998.0
2026-03-22 08:00:00+00:00,0.09129,0.09136,0.09067,0.09112,123183857.0
2026-03-22 09:00:00+00:00,0.09112,0.09163,0.09095,0.09116,92052357.0
2026-03-22 10:00:00+00:00,0.09116,0.09117,0.09084,0.09094,23367548.0
2026-03-22 11:00:00+00:00,0.09094,0.09122,0.09082,0.09106,41267544.0
2026-03-22 12:00:00+00:00,0.09106,0.09196,0.09105,0.09145,168990100.0
2026-03-22 13:00:00+00:00,0.09145,0.0919,0.09107,0.09132,73618592.0
2026-03-22 14:00:00+00:00,0.09132,0.09177,0.09107,0.09137,42474654.0
2026-03-22 15:00:00+00:00,0.09137,0.09162,0.09123,0.09158,28315541.0
2026-03-22 16:00:00+00:00,0.09158,0.09172,0.09134,0.09155,23725312.0
2026-03-22 17:00:00+00:00,0.09155,0.09159,0.09133,0.0914,25944746.0
2026-03-22 18:00:00+00:00,0.0914,0.0914,0.09019,0.09071,110924624.0
2026-03-22 19:00:00+00:00,0.09071,0.09072,0.09003,0.09044,42869769.0
2026-03-22 20:00:00+00:00,0.09044,0.09072,0.09001,0.09016,27670715.0
2026-03-22 21:00:00+00:00,0.09016,0.09025,0.08909,0.08987,166963380.0
2026-03-22 22:00:00+00:00,0.08987,0.09059,0.08927,0.09047,99575848.0
2026-03-22 23:00:00+00:00,0.09047,0.09073,0.09,0.09009,30487405.0
2026-03-23 00:00:00+00:00,0.09009,0.09054,0.08971,0.09027,41373618.0
2026-03-23 01:00:00+00:00,0.09027,0.09089,0.09009,0.09045,41722820.0
2026-03-23 02:00:00+00:00,0.09045,0.09127,0.0903,0.09095,86077205.0
2026-03-23 03:00:00+00:00,0.09095,0.09141,0.09056,0.09059,33589978.0
2026-03-23 04:00:00+00:00,0.09059,0.09109,0.09057,0.09097,17442377.0
2026-03-23 05:00:00+00:00,0.09097,0.09119,0.09057,0.09092,28058696.0
2026-03-23 06:00:00+00:00,0.09092,0.09092,0.09,0.09032,78668744.0
2026-03-23 07:00:00+00:00,0.09032,0.09068,0.08969,0.09039,95638177.0
2026-03-23 08:00:00+00:00,0.09039,0.09077,0.08977,0.08982,46309517.0
2026-03-23 09:00:00+00:00,0.08982,0.08999,0.08918,0.08997,78547061.0
2026-03-23 10:00:00+00:00,0.08997,0.09037,0.08971,0.08995,39283540.0
2026-03-23 11:00:00+00:00,0.08995,0.09533,0.08995,0.09252,1259973440.0
2026-03-23 12:00:00+00:00,0.09252,0.09342,0.09185,0.09326,223950858.0
2026-03-23 13:00:00+00:00,0.09326,0.09439,0.09287,0.09419,101206835.0
2026-03-23 14:00:00+00:00,0.09419,0.095,0.09391,0.09488,93767241.0
2026-03-23 15:00:00+00:00,0.09488,0.09575,0.09365,0.09374,207017386.0
2026-03-23 16:00:00+00:00,0.09374,0.09425,0.09304,0.09393,88486817.0
2026-03-23 17:00:00+00:00,0.09393,0.09505,0.09373,0.09494,61248667.0
2026-03-23 18:00:00+00:00,0.09494,0.09559,0.09464,0.09543,48946204.0
2026-03-23 19:00:00+00:00,0.09543,0.09578,0.09475,0.09485,54991718.0
2026-03-23 20:00:00+00:00,0.09485,0.09545,0.09474,0.09497,37197425.0
2026-03-23 21:00:00+00:00,0.09497,0.09526,0.09482,0.09492,19018829.0
2026-03-23 22:00:00+00:00,0.09492,0.09503,0.09407,0.09426,39927600.0
2026-03-23 23:00:00+00:00,0.09426,0.09433,0.09349,0.09411,86331410.0
2026-03-24 00:00:00+00:00,0.09411,0.09436,0.09309,0.09361,72611737.0
2026-03-24 01:00:00+00:00,0.09361,0.09362,0.09261,0.09314,110867631.0
2026-03-24 02:00:00+00:00,0.09314,0.09388,0.09302,0.09308,117871930.0
2026-03-24 03:00:00+00:00,0.09308,0.09383,0.09302,0.09372,30325855.0
2026-03-24 04:00:00+00:00,0.09372,0.09387,0.09326,0.09355,21432925.0
2026-03-24 05:00:00+00:00,0.09355,0.09377,0.09312,0.09354,45677551.0
2026-03-24 06:00:00+00:00,0.09354,0.09381,0.09326,0.09371,25847695.0
2026-03-24 07:00:00+00:00,0.09371,0.0954,0.09359,0.0952,165816238.0
2026-03-24 08:00:00+00:00,0.0952,0.0956,0.09494,0.09506,92067447.0
2026-03-24 09:00:00+00:00,0.09506,0.09527,0.09463,0.09502,48765659.0
2026-03-24 10:00:00+00:00,0.09502,0.09502,0.09384,0.09416,99464119.0
2026-03-24 11:00:00+00:00,0.09416,0.09442,0.09351,0.09418,74511461.0
2026-03-24 12:00:00+00:00,0.09418,0.09455,0.09397,0.09428,23417695.0
2026-03-24 13:00:00+00:00,0.09428,0.09463,0.09343,0.09359,87403138.0
2026-03-24 14:00:00+00:00,0.09359,0.09425,0.09258,0.09342,169615205.0
2026-03-24 15:00:00+00:00,0.09342,0.09391,0.09328,0.09331,36873738.0
2026-03-24 16:00:00+00:00,0.09331,0.09372,0.09305,0.09326,54499040.0
2026-03-24 17:00:00+00:00,0.09326,0.09335,0.09238,0.09258,109941953.0
2026-03-24 18:00:00+00:00,0.09258,0.09324,0.0925,0.09291,43767144.0
2026-03-24 19:00:00+00:00,0.09291,0.09337,0.09291,0.09308,16298705.0
2026-03-24 20:00:00+00:00,0.09308,0.09491,0.09302,0.09457,82644592.0
2026-03-24 21:00:00+00:00,0.09457,0.09479,0.09405,0.09455,56232860.0
2026-03-24 22:00:00+00:00,0.09455,0.09491,0.09437,0.09468,41857867.0
2026-03-24 23:00:00+00:00,0.09468,0.09541,0.09465,0.09508,47454691.0
2026-03-25 00:00:00+00:00,0.09508,0.09549,0.0946,0.095,53706002.0
2026-03-25 01:00:00+00:00,0.095,0.09536,0.09479,0.09511,27490888.0
2026-03-25 02:00:00+00:00,0.09511,0.09521,0.09467,0.09471,28197130.0
2026-03-25 03:00:00+00:00,0.09471,0.09527,0.09439,0.09518,39668269.0
2026-03-25 04:00:00+00:00,0.09518,0.0957,0.09494,0.09553,35382799.0
2026-03-25 05:00:00+00:00,0.09553,0.0969,0.09553,0.09621,122096249.0
2026-03-25 06:00:00+00:00,0.09621,0.09766,0.0962,0.09694,140056241.0
2026-03-25 07:00:00+00:00,0.09694,0.09758,0.0965,0.09676,74495510.0
2026-03-25 08:00:00+00:00,0.09676,0.09746,0.09676,0.09695,78107501.0
2026-03-25 09:00:00+00:00,0.09695,0.09697,0.09642,0.09683,68473233.0
2026-03-25 10:00:00+00:00,0.09683,0.09714,0.09679,0.09697,23219804.0
2026-03-25 11:00:00+00:00,0.09697,0.09747,0.09672,0.09695,86480688.0
2026-03-25 12:00:00+00:00,0.09695,0.09792,0.09646,0.09771,84887122.0
2026-03-25 13:00:00+00:00,0.09771,0.09787,0.09715,0.09737,60268275.0
2026-03-25 14:00:00+00:00,0.09737,0.09781,0.09686,0.0969,85859798.0
2026-03-25 15:00:00+00:00,0.0969,0.09694,0.09554,0.09594,129111297.0
2026-03-25 16:00:00+00:00,0.09594,0.09704,0.09577,0.09654,75635320.0
2026-03-25 17:00:00+00:00,0.09654,0.09675,0.09605,0.09616,35568868.0
2026-03-25 18:00:00+00:00,0.09616,0.09656,0.09595,0.09614,21604906.0
2026-03-25 19:00:00+00:00,0.09614,0.0965,0.09597,0.09639,27107823.0
2026-03-25 20:00:00+00:00,0.09639,0.09644,0.09569,0.09616,40321013.0
2026-03-25 21:00:00+00:00,0.09616,0.09647,0.096,0.09612,26355939.0
2026-03-25 22:00:00+00:00,0.09612,0.09675,0.09589,0.09636,35468557.0
2026-03-25 23:00:00+00:00,0.09636,0.09638,0.09583,0.09616,18302881.0
2026-03-26 00:00:00+00:00,0.09616,0.09624,0.09571,0.09584,29499330.0
2026-03-26 01:00:00+00:00,0.09584,0.096,0.09543,0.09564,36469626.0
2026-03-26 02:00:00+00:00,0.09564,0.09567,0.09449,0.09482,81109328.0
2026-03-26 03:00:00+00:00,0.09482,0.09483,0.09409,0.09453,48886134.0
2026-03-26 04:00:00+00:00,0.09453,0.09455,0.09414,0.09423,31526354.0
2026-03-26 05:00:00+00:00,0.09423,0.09423,0.09257,0.09268,265235190.0
2026-03-26 06:00:00+00:00,0.09268,0.09281,0.09214,0.0926,122946408.0
2026-03-26 07:00:00+00:00,0.0926,0.09282,0.09226,0.0927,58157036.0
2026-03-26 08:00:00+00:00,0.0927,0.0927,0.09204,0.09223,70936691.0
2026-03-26 09:00:00+00:00,0.09223,0.0923,0.09105,0.09156,155427359.0
2026-03-26 10:00:00+00:00,0.09156,0.09175,0.09132,0.09173,62213205.0
2026-03-26 11:00:00+00:00,0.09173,0.09174,0.09122,0.09127,79335937.0
2026-03-26 12:00:00+00:00,0.09127,0.09158,0.09108,0.09153,57023155.0
2026-03-26 13:00:00+00:00,0.09153,0.09213,0.09124,0.09169,160898288.0
2026-03-26 14:00:00+00:00,0.09169,0.09187,0.09123,0.09154,59150102.0
2026-03-26 15:00:00+00:00,0.09154,0.09154,0.09045,0.09089,99827992.0
2026-03-26 16:00:00+00:00,0.09089,0.09132,0.09079,0.09097,49618164.0
2026-03-26 17:00:00+00:00,0.09097,0.09149,0.09069,0.09088,71450701.0
2026-03-26 18:00:00+00:00,0.09088,0.09112,0.09054,0.091,86115224.0
2026-03-26 19:00:00+00:00,0.091,0.09124,0.09083,0.09103,21970924.0
2026-03-26 20:00:00+00:00,0.09103,0.09281,0.0909,0.09173,294241414.0
2026-03-26 21:00:00+00:00,0.09173,0.09275,0.09165,0.09228,73258290.0
2026-03-26 22:00:00+00:00,0.09228,0.09245,0.09186,0.09211,46473916.0
2026-03-26 23:00:00+00:00,0.09211,0.09225,0.09179,0.092,51910503.0
2026-03-27 00:00:00+00:00,0.092,0.09219,0.09173,0.09201,29778912.0
2026-03-27 01:00:00+00:00,0.09201,0.09245,0.09193,0.09244,24681899.0
2026-03-27 02:00:00+00:00,0.09244,0.09268,0.09216,0.09231,41137905.0
2026-03-27 03:00:00+00:00,0.09231,0.09238,0.09186,0.0919,25775784.0
2026-03-27 04:00:00+00:00,0.0919,0.09209,0.09133,0.09191,75313643.0
2026-03-27 05:00:00+00:00,0.09191,0.09231,0.09176,0.09188,28307001.0
2026-03-27 06:00:00+00:00,0.09188,0.09207,0.09176,0.0919,26331619.0
2026-03-27 07:00:00+00:00,0.0919,0.09228,0.0918,0.09217,31264881.0
2026-03-27 08:00:00+00:00,0.09217,0.09238,0.09106,0.09179,122795193.0
2026-03-27 09:00:00+00:00,0.09179,0.0918,0.09094,0.09098,39270502.0
2026-03-27 10:00:00+00:00,0.09098,0.09109,0.08884,0.08954,362902147.0
2026-03-27 11:00:00+00:00,0.08954,0.09022,0.0892,0.09004,65783362.0
2026-03-27 12:00:00+00:00,0.09004,0.09029,0.08974,0.0901,44726241.0
2026-03-27 13:00:00+00:00,0.0901,0.09034,0.08954,0.08981,97080413.0
2026-03-27 14:00:00+00:00,0.08981,0.09014,0.08922,0.0899,93222495.0
2026-03-27 15:00:00+00:00,0.0899,0.09088,0.08964,0.09031,102533918.0
2026-03-27 16:00:00+00:00,0.09031,0.09043,0.08984,0.09003,37685914.0
2026-03-27 17:00:00+00:00,0.09003,0.09047,0.08967,0.08973,47836035.0
2026-03-27 18:00:00+00:00,0.08973,0.09005,0.0894,0.08995,29868662.0
2026-03-27 19:00:00+00:00,0.08995,0.09029,0.08973,0.09,46733282.0
2026-03-27 20:00:00+00:00,0.09,0.09017,0.08958,0.09,42358138.0
2026-03-27 21:00:00+00:00,0.09,0.09027,0.08982,0.08991,21537234.0
2026-03-27 22:00:00+00:00,0.08991,0.09005,0.08971,0.08993,11029904.0
2026-03-27 23:00:00+00:00,0.08993,0.09017,0.08965,0.09006,18473607.0
2026-03-28 00:00:00+00:00,0.09006,0.09026,0.09,0.09021,13628583.0
2026-03-28 01:00:00+00:00,0.09021,0.09041,0.08983,0.09032,32667037.0
2026-03-28 02:00:00+00:00,0.09032,0.09061,0.09001,0.09015,27166400.0
2026-03-28 03:00:00+00:00,0.09015,0.09018,0.08976,0.08984,16783847.0
2026-03-28 04:00:00+00:00,0.08984,0.09004,0.08961,0.08997,24402953.0
2026-03-28 05:00:00+00:00,0.08997,0.09029,0.08974,0.09028,17166465.0
2026-03-28 06:00:00+00:00,0.09028,0.09067,0.09018,0.0903,35918515.0
2026-03-28 07:00:00+00:00,0.0903,0.09123,0.09028,0.09117,35305985.0
2026-03-28 08:00:00+00:00,0.09117,0.09137,0.09088,0.09093,30179562.0
2026-03-28 09:00:00+00:00,0.09093,0.09108,0.09076,0.09097,19910446.0
2026-03-28 10:00:00+00:00,0.09097,0.09212,0.09094,0.09109,75815001.0
2026-03-28 11:00:00+00:00,0.09109,0.09146,0.09099,0.09131,26861092.0
2026-03-28 12:00:00+00:00,0.09131,0.09169,0.09109,0.0913,24786234.0
2026-03-28 13:00:00+00:00,0.0913,0.09285,0.09112,0.09265,139594423.0
2026-03-28 14:00:00+00:00,0.09265,0.09404,0.0925,0.09358,172489461.0
2026-03-28 15:00:00+00:00,0.09358,0.09527,0.09347,0.09399,196034888.0
2026-03-28 16:00:00+00:00,0.09399,0.09426,0.09278,0.09282,96867627.0
2026-03-28 17:00:00+00:00,0.09282,0.09319,0.09228,0.09248,56003590.0
2026-03-28 18:00:00+00:00,0.09248,0.09276,0.0923,0.09252,29706664.0
2026-03-28 19:00:00+00:00,0.09252,0.09264,0.09189,0.09222,40359242.0
2026-03-28 20:00:00+00:00,0.09222,0.09241,0.09193,0.0922,36133717.0
2026-03-28 21:00:00+00:00,0.0922,0.09226,0.09148,0.09173,44143383.0
2026-03-28 22:00:00+00:00,0.09173,0.09181,0.09136,0.09162,32613987.0
2026-03-28 23:00:00+00:00,0.09162,0.09162,0.09029,0.09092,121339112.0
2026-03-29 00:00:00+00:00,0.09092,0.09095,0.09047,0.09084,22831424.0
2026-03-29 01:00:00+00:00,0.09084,0.09121,0.09069,0.09103,36131965.0
2026-03-29 02:00:00+00:00,0.09103,0.09135,0.09088,0.09116,24975163.0
2026-03-29 03:00:00+00:00,0.09116,0.0916,0.09099,0.09138,32212262.0
2026-03-29 04:00:00+00:00,0.09138,0.09138,0.09097,0.09102,16341857.0
2026-03-29 05:00:00+00:00,0.09102,0.09108,0.09062,0.09099,30395747.0
2026-03-29 06:00:00+00:00,0.09099,0.09141,0.09087,0.09132,22810629.0
2026-03-29 07:00:00+00:00,0.09132,0.09132,0.09094,0.09113,17005412.0
2026-03-29 08:00:00+00:00,0.09113,0.09131,0.09099,0.09108,14399242.0
2026-03-29 09:00:00+00:00,0.09108,0.0911,0.09075,0.09088,25732242.0
2026-03-29 10:00:00+00:00,0.09088,0.09088,0.09032,0.09059,38353578.0
2026-03-29 11:00:00+00:00,0.09059,0.09124,0.09055,0.09091,34032867.0
2026-03-29 12:00:00+00:00,0.09091,0.09091,0.09054,0.09086,22648471.0
2026-03-29 13:00:00+00:00,0.09086,0.09087,0.09009,0.09028,83263712.0
2026-03-29 14:00:00+00:00,0.09028,0.09071,0.09006,0.09035,52550851.0
2026-03-29 15:00:00+00:00,0.09035,0.09067,0.08988,0.09011,78173720.0
2026-03-29 16:00:00+00:00,0.09011,0.09044,0.09003,0.09012,40999193.0
2026-03-29 17:00:00+00:00,0.09012,0.09036,0.08982,0.09035,54104840.0
2026-03-29 18:00:00+00:00,0.09035,0.09076,0.09014,0.09054,28245951.0
2026-03-29 19:00:00+00:00,0.09054,0.09064,0.09038,0.09058,21794968.0
2026-03-29 20:00:00+00:00,0.09058,0.09143,0.09055,0.09097,38153550.0
2026-03-29 21:00:00+00:00,0.09097,0.0915,0.09097,0.09129,25708212.0
2026-03-29 22:00:00+00:00,0.09129,0.0913,0.08786,0.08992,326999049.0
2026-03-29 23:00:00+00:00,0.08992,0.09071,0.08979,0.09039,108857231.0
2026-03-30 00:00:00+00:00,0.09039,0.09215,0.0902,0.09123,119407505.0
2026-03-30 01:00:00+00:00,0.09123,0.09188,0.09123,0.09153,48748562.0
2026-03-30 02:00:00+00:00,0.09153,0.093,0.09146,0.09247,201100463.0
2026-03-30 03:00:00+00:00,0.09247,0.09263,0.09204,0.09243,49480802.0
2026-03-30 04:00:00+00:00,0.09243,0.09314,0.09243,0.09292,63327557.0
2026-03-30 05:00:00+00:00,0.09292,0.09365,0.09292,0.09304,103651122.0
2026-03-30 06:00:00+00:00,0.09304,0.09343,0.09257,0.09258,94165554.0
2026-03-30 07:00:00+00:00,0.09258,0.09359,0.09252,0.09334,82439009.0
2026-03-30 08:00:00+00:00,0.09334,0.0939,0.09307,0.09318,81782532.0
2026-03-30 09:00:00+00:00,0.09318,0.09322,0.09258,0.09275,66014671.0
2026-03-30 10:00:00+00:00,0.09275,0.09293,0.09213,0.09272,103676750.0
2026-03-30 11:00:00+00:00,0.09272,0.09362,0.09268,0.09287,103013582.0
2026-03-30 12:00:00+00:00,0.09287,0.09316,0.09276,0.09288,37398659.0
2026-03-30 13:00:00+00:00,0.09288,0.09334,0.09269,0.09284,63089555.0
2026-03-30 14:00:00+00:00,0.09284,0.09326,0.09231,0.09302,88640596.0
2026-03-30 15:00:00+00:00,0.09302,0.09323,0.09243,0.09287,47376223.0
2026-03-30 16:00:00+00:00,0.09287,0.09303,0.09247,0.09273,45658198.0
2026-03-30 17:00:00+00:00,0.09273,0.09286,0.09152,0.09163,94656405.0
2026-03-30 18:00:00+00:00,0.09163,0.09176,0.09079,0.09099,88150941.0
2026-03-30 19:00:00+00:00,0.09099,0.09105,0.09045,0.09091,92265789.0
2026-03-30 20:00:00+00:00,0.09091,0.09113,0.09082,0.09082,28288318.0
2026-03-30 21:00:00+00:00,0.09082,0.09154,0.09063,0.09125,65707263.0
2026-03-30 22:00:00+00:00,0.09125,0.09144,0.09084,0.09105,20961626.0
2026-03-30 23:00:00+00:00,0.09105,0.09105,0.09036,0.0908,56542043.0
2026-03-31 00:00:00+00:00,0.0908,0.09134,0.09048,0.0911,68490258.0
2026-03-31 01:00:00+00:00,0.0911,0.09274,0.09098,0.0922,108110709.0
2026-03-31 02:00:00+00:00,0.0922,0.09233,0.0918,0.09212,26676174.0
2026-03-31 03:00:00+00:00,0.09212,0.09212,0.09144,0.09165,40475319.0
2026-03-31 04:00:00+00:00,0.09165,0.09192,0.09134,0.09136,36916029.0
2026-03-31 05:00:00+00:00,0.09136,0.09147,0.0911,0.09137,55792723.0
2026-03-31 06:00:00+00:00,0.09137,0.09174,0.09096,0.09166,44326581.0
2026-03-31 07:00:00+00:00,0.09166,0.09176,0.091,0.09123,42049321.0
2026-03-31 08:00:00+00:00,0.09123,0.09147,0.09064,0.09072,48888724.0
2026-03-31 09:00:00+00:00,0.09072,0.09093,0.08927,0.08964,305955258.0
2026-03-31 10:00:00+00:00,0.08964,0.09023,0.08954,0.08999,75641442.0
2026-03-31 11:00:00+00:00,0.08999,0.09058,0.08988,0.09029,137242996.0
2026-03-31 12:00:00+00:00,0.09029,0.09067,0.09018,0.09026,56063742.0
2026-03-31 13:00:00+00:00,0.09026,0.09156,0.09025,0.09115,95331749.0
2026-03-31 14:00:00+00:00,0.09115,0.09187,0.09008,0.09039,159857470.0
2026-03-31 15:00:00+00:00,0.09039,0.09135,0.09034,0.09036,80766136.0
2026-03-31 16:00:00+00:00,0.09036,0.0921,0.09026,0.09148,213696324.0
2026-03-31 17:00:00+00:00,0.09148,0.09262,0.09126,0.09151,138657785.0
2026-03-31 18:00:00+00:00,0.09151,0.09228,0.09151,0.09227,39993107.0
2026-03-31 19:00:00+00:00,0.09227,0.0925,0.09181,0.09211,43362753.0
2026-03-31 20:00:00+00:00,0.09211,0.09267,0.09208,0.09267,51282109.0
2026-03-31 21:00:00+00:00,0.09267,0.09281,0.09211,0.09238,40259132.0
2026-03-31 22:00:00+00:00,0.09238,0.09242,0.09133,0.09173,115747732.0
2026-03-31 23:00:00+00:00,0.09173,0.09235,0.09167,0.09226,16595770.0
2026-04-01 00:00:00+00:00,0.09226,0.0927,0.09197,0.09254,27735708.0
2026-04-01 01:00:00+00:00,0.09254,0.0926,0.09167,0.09178,27351115.0
2026-04-01 02:00:00+00:00,0.09178,0.09208,0.09156,0.09173,27574985.0
2026-04-01 03:00:00+00:00,0.09173,0.09256,0.09173,0.09241,36029895.0
2026-04-01 04:00:00+00:00,0.09241,0.09258,0.0922,0.09237,27421015.0
2026-04-01 05:00:00+00:00,0.09237,0.09326,0.09212,0.09317,73140012.0
2026-04-01 06:00:00+00:00,0.09317,0.09438,0.09315,0.09424,111191496.0
2026-04-01 07:00:00+00:00,0.09424,0.09449,0.09317,0.09322,109490314.0
2026-04-01 08:00:00+00:00,0.09322,0.09339,0.09228,0.09243,98888103.0
2026-04-01 09:00:00+00:00,0.09243,0.09257,0.09182,0.09235,68981435.0
2026-04-01 10:00:00+00:00,0.09235,0.09265,0.09191,0.09243,88728834.0
2026-04-01 11:00:00+00:00,0.09243,0.09274,0.0922,0.09246,32209179.0
2026-04-01 12:00:00+00:00,0.09246,0.0932,0.09225,0.09254,81210820.0
2026-04-01 13:00:00+00:00,0.09254,0.09289,0.09205,0.09237,77665666.0
2026-04-01 14:00:00+00:00,0.09237,0.09303,0.09228,0.09281,65054158.0
2026-04-01 15:00:00+00:00,0.09281,0.09321,0.0925,0.09304,38570430.0
2026-04-01 16:00:00+00:00,0.09304,0.09364,0.09255,0.09339,73716735.0
2026-04-01 17:00:00+00:00,0.09339,0.09427,0.09272,0.09277,86831630.0
2026-04-01 18:00:00+00:00,0.09277,0.09285,0.09233,0.09247,54459701.0
2026-04-01 19:00:00+00:00,0.09247,0.09294,0.09244,0.09282,47056561.0
2026-04-01 20:00:00+00:00,0.09282,0.09286,0.09221,0.09257,39869426.0
2026-04-01 21:00:00+00:00,0.09257,0.09332,0.09254,0.09309,42059261.0
2026-04-01 22:00:00+00:00,0.09309,0.09317,0.09235,0.09239,30354654.0
2026-04-01 23:00:00+00:00,0.09239,0.09261,0.092,0.09216,29789048.0
2026-04-02 00:00:00+00:00,0.09216,0.09269,0.092,0.09247,50553614.0
2026-04-02 01:00:00+00:00,0.09247,0.09251,0.08997,0.0905,448883074.0
2026-04-02 02:00:00+00:00,0.0905,0.09052,0.08971,0.09007,125406076.0
2026-04-02 03:00:00+00:00,0.09007,0.09041,0.08947,0.09006,91170111.0
2026-04-02 04:00:00+00:00,0.09006,0.09006,0.08956,0.08966,51754991.0
2026-04-02 05:00:00+00:00,0.08966,0.09013,0.08912,0.09004,56720032.0
2026-04-02 06:00:00+00:00,0.09004,0.0903,0.08984,0.09003,39521283.0
2026-04-02 07:00:00+00:00,0.09003,0.09033,0.08984,0.0902,51300276.0
2026-04-02 08:00:00+00:00,0.0902,0.09025,0.08997,0.09003,20859511.0
2026-04-02 09:00:00+00:00,0.09003,0.09049,0.0896,0.09018,139154719.0
2026-04-02 10:00:00+00:00,0.09018,0.09018,0.08964,0.08985,125281576.0
2026-04-02 11:00:00+00:00,0.08985,0.09003,0.08944,0.08991,74572639.0
2026-04-02 12:00:00+00:00,0.08991,0.08993,0.08928,0.08934,74160840.0
2026-04-02 13:00:00+00:00,0.08934,0.08978,0.08891,0.08972,117100057.0
2026-04-02 14:00:00+00:00,0.08972,0.09113,0.08952,0.09057,206484001.0
2026-04-02 15:00:00+00:00,0.09057,0.0907,0.08999,0.0903,56493061.0
2026-04-02 16:00:00+00:00,0.0903,0.09078,0.08997,0.09007,94334798.0
2026-04-02 17:00:00+00:00,0.09007,0.09075,0.08963,0.08971,63119392.0
2026-04-02 18:00:00+00:00,0.08971,0.09029,0.08956,0.09012,34314344.0
2026-04-02 19:00:00+00:00,0.09012,0.09026,0.08987,0.09022,16648081.0
2026-04-02 20:00:00+00:00,0.09022,0.09065,0.09003,0.09055,20310630.0
2026-04-02 21:00:00+00:00,0.09055,0.09061,0.09018,0.09042,16395495.0
2026-04-02 22:00:00+00:00,0.09042,0.09056,0.0901,0.09037,16548692.0
2026-04-02 23:00:00+00:00,0.09037,0.09041,0.09014,0.09035,8868720.0
2026-04-03 00:00:00+00:00,0.09035,0.09048,0.09014,0.09023,18142890.0
2026-04-03 01:00:00+00:00,0.09023,0.09071,0.09006,0.09025,51873362.0
2026-04-03 02:00:00+00:00,0.09025,0.09062,0.08986,0.09031,51264428.0
2026-04-03 03:00:00+00:00,0.09031,0.09061,0.09009,0.09054,31994465.0
2026-04-03 04:00:00+00:00,0.09054,0.09066,0.09025,0.09061,29953696.0
2026-04-03 05:00:00+00:00,0.09061,0.0915,0.09033,0.09109,73087225.0
2026-04-03 06:00:00+00:00,0.09109,0.09134,0.09074,0.09114,38310039.0
2026-04-03 07:00:00+00:00,0.09114,0.09141,0.0909,0.09113,26947654.0
2026-04-03 08:00:00+00:00,0.09113,0.09155,0.09113,0.09139,57182171.0
2026-04-03 09:00:00+00:00,0.09139,0.09147,0.09096,0.09141,34774612.0
2026-04-03 10:00:00+00:00,0.09141,0.09165,0.09108,0.09144,38999494.0
2026-04-03 11:00:00+00:00,0.09144,0.09151,0.0913,0.09143,14922871.0
2026-04-03 12:00:00+00:00,0.09143,0.09221,0.09104,0.09121,120977248.0
2026-04-03 13:00:00+00:00,0.09121,0.09141,0.09078,0.09136,68650032.0
2026-04-03 14:00:00+00:00,0.09136,0.09172,0.09115,0.09144,25625279.0
2026-04-03 15:00:00+00:00,0.09144,0.09213,0.09135,0.09147,204917563.0
2026-04-03 16:00:00+00:00,0.09147,0.09202,0.09147,0.09198,34376060.0
2026-04-03 17:00:00+00:00,0.09198,0.09257,0.09188,0.09202,71550242.0
2026-04-03 18:00:00+00:00,0.09202,0.09242,0.09176,0.09176,29916044.0
2026-04-03 19:00:00+00:00,0.09176,0.09184,0.09119,0.09174,47935851.0
2026-04-03 20:00:00+00:00,0.09174,0.09203,0.09168,0.09193,11219381.0
2026-04-03 21:00:00+00:00,0.09193,0.09239,0.09191,0.0921,34514939.0
2026-04-03 22:00:00+00:00,0.0921,0.09216,0.0915,0.0916,26691711.0
2026-04-03 23:00:00+00:00,0.0916,0.0916,0.09123,0.09152,26917138.0
2026-04-04 00:00:00+00:00,0.09152,0.09152,0.09127,0.09134,12045432.0
2026-04-04 01:00:00+00:00,0.09134,0.09134,0.09107,0.09117,32631667.0
2026-04-04 02:00:00+00:00,0.09117,0.09119,0.09089,0.09104,30091035.0
2026-04-04 03:00:00+00:00,0.09104,0.09128,0.09104,0.09119,12522562.0
2026-04-04 04:00:00+00:00,0.09119,0.09146,0.09112,0.09127,10156519.0
2026-04-04 05:00:00+00:00,0.09127,0.09127,0.09104,0.09108,20572830.0
2026-04-04 06:00:00+00:00,0.09108,0.09144,0.09089,0.09137,58652823.0
2026-04-04 07:00:00+00:00,0.09137,0.0914,0.09111,0.0913,11667421.0
2026-04-04 08:00:00+00:00,0.0913,0.09131,0.09096,0.09104,24060826.0
2026-04-04 09:00:00+00:00,0.09104,0.09109,0.09083,0.09086,15100829.0
2026-04-04 10:00:00+00:00,0.09086,0.09104,0.09068,0.09101,22492515.0
2026-04-04 11:00:00+00:00,0.09101,0.09117,0.09092,0.09109,15703344.0
2026-04-04 12:00:00+00:00,0.09109,0.09112,0.0908,0.09092,19016296.0
2026-04-04 13:00:00+00:00,0.09092,0.0911,0.0908,0.09096,32610964.0
2026-04-04 14:00:00+00:00,0.09096,0.09111,0.09072,0.09106,37672208.0
2026-04-04 15:00:00+00:00,0.09106,0.09188,0.09103,0.09171,55292516.0
2026-04-04 16:00:00+00:00,0.09171,0.09208,0.09148,0.0918,50774980.0
2026-04-04 17:00:00+00:00,0.0918,0.09246,0.09163,0.09219,44219402.0
2026-04-04 18:00:00+00:00,0.09219,0.09241,0.09213,0.09221,23531198.0
2026-04-04 19:00:00+00:00,0.09221,0.09308,0.09211,0.09222,72861488.0
2026-04-04 20:00:00+00:00,0.09222,0.09235,0.09194,0.09198,12301075.0
2026-04-04 21:00:00+00:00,0.09198,0.09237,0.09194,0.09207,19844041.0
2026-04-04 22:00:00+00:00,0.09207,0.09214,0.09197,0.092,10505403.0
2026-04-04 23:00:00+00:00,0.092,0.09201,0.09177,0.092,15141457.0
2026-04-05 00:00:00+00:00,0.092,0.0921,0.09166,0.09173,9218072.0
2026-04-05 01:00:00+00:00,0.09173,0.09176,0.09139,0.09149,46907136.0
2026-04-05 02:00:00+00:00,0.09149,0.0915,0.09128,0.0915,23668090.0
2026-04-05 03:00:00+00:00,0.0915,0.09151,0.09126,0.09134,6411392.0
2026-04-05 04:00:00+00:00,0.09134,0.09134,0.09098,0.09105,34339124.0
2026-04-05 05:00:00+00:00,0.09105,0.09111,0.09045,0.09066,46238529.0
2026-04-05 06:00:00+00:00,0.09066,0.09069,0.08983,0.09023,101726558.0
2026-04-05 07:00:00+00:00,0.09023,0.09033,0.08993,0.09004,41518820.0
2026-04-05 08:00:00+00:00,0.09004,0.09032,0.08995,0.0902,38215499.0
2026-04-05 09:00:00+00:00,0.0902,0.0904,0.09011,0.09029,22627835.0
2026-04-05 10:00:00+00:00,0.09029,0.09059,0.09017,0.0902,19125022.0
2026-04-05 11:00:00+00:00,0.0902,0.09036,0.09014,0.09031,19171956.0
2026-04-05 12:00:00+00:00,0.09031,0.09031,0.08965,0.08996,89901449.0
2026-04-05 13:00:00+00:00,0.08996,0.09027,0.08965,0.09027,38346055.0
2026-04-05 14:00:00+00:00,0.09027,0.09052,0.09011,0.09021,31328491.0
2026-04-05 15:00:00+00:00,0.09021,0.09142,0.08994,0.09063,108837604.0
2026-04-05 16:00:00+00:00,0.09063,0.09077,0.09022,0.09034,22485895.0
2026-04-05 17:00:00+00:00,0.09034,0.09061,0.09017,0.09053,21362969.0
2026-04-05 18:00:00+00:00,0.09053,0.09061,0.09022,0.09055,29666295.0
2026-04-05 19:00:00+00:00,0.09055,0.09084,0.09024,0.09048,20787938.0
2026-04-05 20:00:00+00:00,0.09048,0.09083,0.09041,0.09065,32314582.0
2026-04-05 21:00:00+00:00,0.09065,0.09068,0.09027,0.09052,25233273.0
2026-04-05 22:00:00+00:00,0.09052,0.09151,0.09017,0.09136,95554029.0
2026-04-05 23:00:00+00:00,0.09136,0.09239,0.09124,0.09234,125208963.0
2026-04-06 00:00:00+00:00,0.09234,0.09352,0.09234,0.09275,219805604.0
2026-04-06 01:00:00+00:00,0.09275,0.09295,0.09145,0.09225,134488210.0
2026-04-06 02:00:00+00:00,0.09225,0.09361,0.09221,0.09285,101595086.0
2026-04-06 03:00:00+00:00,0.09285,0.0931,0.09213,0.09229,58671783.0
2026-04-06 04:00:00+00:00,0.09229,0.09288,0.09224,0.09255,40539183.0
2026-04-06 05:00:00+00:00,0.09255,0.09276,0.09226,0.09241,49261844.0
2026-04-06 06:00:00+00:00,0.09241,0.09269,0.09189,0.09212,50012670.0
2026-04-06 07:00:00+00:00,0.09212,0.09221,0.09167,0.09207,47024474.0
2026-04-06 08:00:00+00:00,0.09207,0.0926,0.09192,0.09214,32765111.0
2026-04-06 09:00:00+00:00,0.09214,0.09347,0.09214,0.09293,115354313.0
2026-04-06 10:00:00+00:00,0.09293,0.0934,0.09292,0.09306,60707780.0
2026-04-06 11:00:00+00:00,0.09306,0.09312,0.0928,0.09303,23497092.0
2026-04-06 12:00:00+00:00,0.09303,0.09311,0.09232,0.09244,90861017.0
2026-04-06 13:00:00+00:00,0.09244,0.09273,0.09222,0.09234,43858739.0
2026-04-06 14:00:00+00:00,0.09234,0.09293,0.09204,0.09278,80635765.0
2026-04-06 15:00:00+00:00,0.09278,0.09298,0.09249,0.09282,34981282.0
2026-04-06 16:00:00+00:00,0.09282,0.09288,0.09217,0.09228,36414331.0
2026-04-06 17:00:00+00:00,0.09228,0.0923,0.09148,0.09192,94292857.0
2026-04-06 18:00:00+00:00,0.09192,0.09218,0.09179,0.09214,46153194.0
2026-04-06 19:00:00+00:00,0.09214,0.09214,0.0916,0.09188,37112913.0
2026-04-06 20:00:00+00:00,0.09188,0.09192,0.09166,0.0918,17085540.0
2026-04-06 21:00:00+00:00,0.0918,0.0918,0.09129,0.09137,34770974.0
2026-04-06 22:00:00+00:00,0.09137,0.09137,0.09034,0.09034,144073182.0
2026-04-06 23:00:00+00:00,0.09034,0.0906,0.08984,0.09053,113280462.0
2026-04-07 00:00:00+00:00,0.09053,0.09087,0.0904,0.09063,41142796.0
2026-04-07 01:00:00+00:00,0.09063,0.09092,0.0903,0.09037,36396059.0
2026-04-07 02:00:00+00:00,0.09037,0.09067,0.09017,0.09049,23450118.0
2026-04-07 03:00:00+00:00,0.09049,0.09057,0.09037,0.09048,15267355.0
2026-04-07 04:00:00+00:00,0.09048,0.09074,0.09024,0.09067,20529951.0
2026-04-07 05:00:00+00:00,0.09067,0.09067,0.09031,0.09048,22425127.0
2026-04-07 06:00:00+00:00,0.09048,0.09073,0.09019,0.09062,93919033.0
2026-04-07 07:00:00+00:00,0.09062,0.09076,0.09053,0.09057,41416881.0
2026-04-07 08:00:00+00:00,0.09057,0.09101,0.09053,0.09094,34674545.0
2026-04-07 09:00:00+00:00,0.09094,0.09144,0.09086,0.09125,114926755.0
2026-04-07 10:00:00+00:00,0.09125,0.09137,0.09032,0.09052,140047396.0
2026-04-07 11:00:00+00:00,0.09052,0.09075,0.09026,0.09047,59364801.0
2026-04-07 12:00:00+00:00,0.09047,0.0908,0.09003,0.09059,92855688.0
2026-04-07 13:00:00+00:00,0.09059,0.09078,0.09031,0.09039,35561632.0
2026-04-07 14:00:00+00:00,0.09039,0.09057,0.09,0.09015,73538405.0
2026-04-07 15:00:00+00:00,0.09015,0.09065,0.09001,0.09034,69967487.0
2026-04-07 16:00:00+00:00,0.09034,0.09078,0.09029,0.09057,20217860.0
2026-04-07 17:00:00+00:00,0.09057,0.09204,0.09051,0.0917,149747930.0
2026-04-07 18:00:00+00:00,0.0917,0.09186,0.0909,0.09112,83328023.0
2026-04-07 19:00:00+00:00,0.09112,0.09232,0.091,0.09224,122009732.0
2026-04-07 20:00:00+00:00,0.09224,0.0927,0.09204,0.09207,93761845.0
2026-04-07 21:00:00+00:00,0.09207,0.093,0.09204,0.09285,105331437.0
2026-04-07 22:00:00+00:00,0.09285,0.09507,0.09281,0.09499,324366114.0
2026-04-07 23:00:00+00:00,0.09499,0.09607,0.09474,0.09492,278878968.0
2026-04-08 00:00:00+00:00,0.09492,0.09525,0.09374,0.09423,148048145.0
2026-04-08 01:00:00+00:00,0.09423,0.09462,0.09403,0.09444,50447241.0
2026-04-08 02:00:00+00:00,0.09444,0.09498,0.09432,0.09464,48903069.0
2026-04-08 03:00:00+00:00,0.09464,0.09482,0.09445,0.09456,39127139.0
2026-04-08 04:00:00+00:00,0.09456,0.09505,0.09452,0.09454,48779329.0
2026-04-08 05:00:00+00:00,0.09454,0.09498,0.09446,0.09494,28074780.0
2026-04-08 06:00:00+00:00,0.09494,0.09498,0.09452,0.09461,66770971.0
2026-04-08 07:00:00+00:00,0.09461,0.09484,0.09435,0.09457,66757202.0
2026-04-08 08:00:00+00:00,0.09457,0.09488,0.09433,0.09487,62885107.0
2026-04-08 09:00:00+00:00,0.09487,0.09494,0.09443,0.09475,77837760.0
2026-04-08 10:00:00+00:00,0.09475,0.09563,0.09437,0.09437,140623082.0
2026-04-08 11:00:00+00:00,0.09437,0.09464,0.09374,0.09421,142180017.0
2026-04-08 12:00:00+00:00,0.09421,0.09447,0.09384,0.09442,61913511.0
2026-04-08 13:00:00+00:00,0.09442,0.09508,0.09433,0.09449,131951837.0
2026-04-08 14:00:00+00:00,0.09449,0.09456,0.0926,0.09288,211655933.0
2026-04-08 15:00:00+00:00,0.09288,0.09347,0.09266,0.09338,77239398.0
2026-04-08 16:00:00+00:00,0.09338,0.09356,0.09319,0.09347,25041674.0
2026-04-08 17:00:00+00:00,0.09347,0.09409,0.09321,0.09401,59336524.0
2026-04-08 18:00:00+00:00,0.09401,0.09403,0.09302,0.09306,60285024.0
2026-04-08 19:00:00+00:00,0.09306,0.09316,0.09269,0.09305,33681477.0
2026-04-08 20:00:00+00:00,0.09305,0.09324,0.09283,0.09309,23453684.0
2026-04-08 21:00:00+00:00,0.09309,0.09374,0.09295,0.09353,50432981.0
2026-04-08 22:00:00+00:00,0.09353,0.09357,0.09269,0.09276,56817216.0
2026-04-08 23:00:00+00:00,0.09276,0.09276,0.09207,0.09235,108755755.0
2026-04-09 00:00:00+00:00,0.09235,0.0924,0.09166,0.09203,73808768.0
2026-04-09 01:00:00+00:00,0.09203,0.09211,0.09087,0.09156,244658576.0
2026-04-09 02:00:00+00:00,0.09156,0.09185,0.09143,0.0916,27078475.0
2026-04-09 03:00:00+00:00,0.0916,0.09173,0.09139,0.09147,23286765.0
2026-04-09 04:00:00+00:00,0.09147,0.09147,0.09113,0.09116,35633181.0
2026-04-09 05:00:00+00:00,0.09116,0.09176,0.09081,0.09137,192400631.0
2026-04-09 06:00:00+00:00,0.09137,0.09154,0.09116,0.09146,25118220.0
2026-04-09 07:00:00+00:00,0.09146,0.09158,0.09131,0.09133,17107732.0
2026-04-09 08:00:00+00:00,0.09133,0.09158,0.09115,0.09142,55984325.0
2026-04-09 09:00:00+00:00,0.09142,0.09199,0.09123,0.09189,43278206.0
2026-04-09 10:00:00+00:00,0.09189,0.09192,0.0916,0.09166,41467637.0
2026-04-09 11:00:00+00:00,0.09166,0.09179,0.09147,0.09162,35819823.0
2026-04-09 12:00:00+00:00,0.09162,0.09176,0.09139,0.09155,32168419.0
2026-04-09 13:00:00+00:00,0.09155,0.09164,0.091,0.09123,94671879.0
2026-04-09 14:00:00+00:00,0.09123,0.09152,0.0909,0.09138,42295849.0
2026-04-09 15:00:00+00:00,0.09138,0.09321,0.09125,0.09285,183210294.0
2026-04-09 16:00:00+00:00,0.09285,0.09339,0.09205,0.09246,170504183.0
2026-04-09 17:00:00+00:00,0.09246,0.0935,0.09244,0.09341,97731290.0
2026-04-09 18:00:00+00:00,0.09341,0.09355,0.09287,0.09326,59518256.0
2026-04-09 19:00:00+00:00,0.09326,0.09386,0.09305,0.09378,88216074.0
2026-04-09 20:00:00+00:00,0.09378,0.09434,0.09375,0.09396,79261755.0
2026-04-09 21:00:00+00:00,0.09396,0.09434,0.09365,0.09382,45025712.0
2026-04-09 22:00:00+00:00,0.09382,0.09501,0.09323,0.0934,118013879.0
2026-04-09 23:00:00+00:00,0.0934,0.09346,0.09232,0.09256,84900609.0
2026-04-10 00:00:00+00:00,0.09256,0.09265,0.09204,0.09243,56370965.0
2026-04-10 01:00:00+00:00,0.09243,0.09279,0.0919,0.09231,64069469.0
2026-04-10 02:00:00+00:00,0.09231,0.09279,0.09222,0.09249,28290576.0
2026-04-10 03:00:00+00:00,0.09249,0.0927,0.09207,0.09216,30310380.0
2026-04-10 04:00:00+00:00,0.09216,0.0929,0.09215,0.09274,29082642.0
2026-04-10 05:00:00+00:00,0.09274,0.09315,0.09254,0.09274,38092570.0
2026-04-10 06:00:00+00:00,0.09274,0.09303,0.09238,0.09263,37874116.0
2026-04-10 07:00:00+00:00,0.09263,0.0928,0.09207,0.09225,62987613.0
2026-04-10 08:00:00+00:00,0.09225,0.09247,0.09193,0.09208,79024279.0
2026-04-10 09:00:00+00:00,0.09208,0.0925,0.09204,0.09232,34965958.0
2026-04-10 10:00:00+00:00,0.09232,0.09235,0.09205,0.09218,39245254.0
2026-04-10 11:00:00+00:00,0.09218,0.09263,0.09212,0.09243,47935298.0
2026-04-10 12:00:00+00:00,0.09243,0.09308,0.0923,0.09281,124372821.0
2026-04-10 13:00:00+00:00,0.09281,0.09308,0.09225,0.09286,68693544.0
2026-04-10 14:00:00+00:00,0.09286,0.09419,0.09273,0.09396,193016473.0
2026-04-10 15:00:00+00:00,0.09396,0.09456,0.09305,0.09331,129295549.0
2026-04-10 16:00:00+00:00,0.09331,0.09405,0.09331,0.0939,47615113.0
2026-04-10 17:00:00+00:00,0.0939,0.09392,0.09339,0.09366,19805496.0
2026-04-10 18:00:00+00:00,0.09366,0.0942,0.09357,0.09412,34849989.0
2026-04-10 19:00:00+00:00,0.09412,0.09527,0.09409,0.09502,172169139.0
2026-04-10 20:00:00+00:00,0.09502,0.09519,0.09417,0.09456,89061200.0
2026-04-10 21:00:00+00:00,0.09456,0.09464,0.09398,0.0943,39253488.0
2026-04-10 22:00:00+00:00,0.0943,0.09435,0.09367,0.0939,43943720.0
2026-04-10 23:00:00+00:00,0.0939,0.09391,0.09354,0.09367,31391071.0
2026-04-11 00:00:00+00:00,0.09367,0.0938,0.09336,0.09357,45594943.0
2026-04-11 01:00:00+00:00,0.09357,0.09373,0.09324,0.09358,61211091.0
2026-04-11 02:00:00+00:00,0.09358,0.09398,0.09345,0.09363,41614021.0
2026-04-11 03:00:00+00:00,0.09363,0.09407,0.09355,0.09363,46557014.0
2026-04-11 04:00:00+00:00,0.09363,0.09384,0.09335,0.09355,30431615.0
2026-04-11 05:00:00+00:00,0.09355,0.09355,0.09271,0.09288,147063775.0
2026-04-11 06:00:00+00:00,0.09288,0.09289,0.09262,0.09272,34778087.0
2026-04-11 07:00:00+00:00,0.09272,0.09291,0.09266,0.09281,20961922.0
2026-04-11 08:00:00+00:00,0.09281,0.09296,0.09269,0.09277,32419071.0
2026-04-11 09:00:00+00:00,0.09277,0.09299,0.09252,0.09289,85293476.0
2026-04-11 10:00:00+00:00,0.09289,0.09292,0.09265,0.0928,18447151.0
2026-04-11 11:00:00+00:00,0.0928,0.09291,0.09272,0.09286,25703480.0
2026-04-11 12:00:00+00:00,0.09286,0.09306,0.09274,0.09291,35528525.0
2026-04-11 13:00:00+00:00,0.09291,0.09291,0.09219,0.09255,142292148.0
2026-04-11 14:00:00+00:00,0.09255,0.09271,0.09243,0.09259,29301307.0
2026-04-11 15:00:00+00:00,0.09259,0.09302,0.09257,0.09271,29902060.0
2026-04-11 16:00:00+00:00,0.09271,0.0937,0.09267,0.09335,75217620.0
2026-04-11 17:00:00+00:00,0.09335,0.09338,0.09297,0.09299,40160880.0
2026-04-11 18:00:00+00:00,0.09299,0.09415,0.0927,0.09393,116186967.0
2026-04-11 19:00:00+00:00,0.09393,0.09477,0.09393,0.09469,118667225.0
2026-04-11 20:00:00+00:00,0.09469,0.09488,0.09356,0.09387,133657828.0
2026-04-11 21:00:00+00:00,0.09387,0.09422,0.09357,0.0939,49002406.0
2026-04-11 22:00:00+00:00,0.0939,0.09431,0.09341,0.09365,42729805.0
2026-04-11 23:00:00+00:00,0.09365,0.09365,0.09271,0.09303,120450042.0
2026-04-12 00:00:00+00:00,0.09303,0.09307,0.09259,0.09299,66374619.0
2026-04-12 01:00:00+00:00,0.09299,0.09318,0.09042,0.09102,416297200.0
2026-04-12 02:00:00+00:00,0.09102,0.09157,0.09074,0.09146,117610222.0
2026-04-12 03:00:00+00:00,0.09146,0.0916,0.09108,0.0911,46848509.0
2026-04-12 04:00:00+00:00,0.0911,0.09122,0.09095,0.09114,41816809.0
2026-04-12 05:00:00+00:00,0.09114,0.09143,0.09101,0.09135,28447860.0
2026-04-12 06:00:00+00:00,0.09135,0.09156,0.09124,0.09135,51192808.0
2026-04-12 07:00:00+00:00,0.09135,0.09144,0.09118,0.09132,72900212.0
2026-04-12 08:00:00+00:00,0.09132,0.09136,0.09116,0.09123,35050107.0
2026-04-12 09:00:00+00:00,0.09123,0.09123,0.09108,0.09114,33215348.0
2026-04-12 10:00:00+00:00,0.09114,0.09119,0.09084,0.09102,26780911.0
2026-04-12 11:00:00+00:00,0.09102,0.0913,0.09096,0.09126,26579903.0
2026-04-12 12:00:00+00:00,0.09126,0.09137,0.09089,0.09098,47259748.0
2026-04-12 13:00:00+00:00,0.09098,0.09114,0.09058,0.09065,67144282.0
2026-04-12 14:00:00+00:00,0.09065,0.09087,0.09026,0.09044,96503346.0
2026-04-12 15:00:00+00:00,0.09044,0.09066,0.09021,0.09058,35183757.0
2026-04-12 16:00:00+00:00,0.09058,0.09075,0.09047,0.09066,33514080.0
2026-04-12 17:00:00+00:00,0.09066,0.09115,0.09058,0.09104,29797195.0
2026-04-12 18:00:00+00:00,0.09104,0.09125,0.09096,0.09104,26345262.0
2026-04-12 19:00:00+00:00,0.09104,0.09126,0.09082,0.09086,25781695.0
2026-04-12 20:00:00+00:00,0.09086,0.09165,0.0908,0.09148,51738908.0
2026-04-12 21:00:00+00:00,0.09148,0.09169,0.09111,0.0913,28660126.0
2026-04-12 22:00:00+00:00,0.0913,0.0913,0.09053,0.09097,68496532.0
2026-04-12 23:00:00+00:00,0.09097,0.09097,0.09044,0.09078,41407769.0
2026-04-13 00:00:00+00:00,0.09078,0.09145,0.0907,0.09128,29220241.0
2026-04-13 01:00:00+00:00,0.09128,0.09146,0.09098,0.09136,59198764.0
2026-04-13 02:00:00+00:00,0.09136,0.09149,0.09098,0.09105,15173493.0
2026-04-13 03:00:00+00:00,0.09105,0.09127,0.09097,0.09116,17201094.0
2026-04-13 04:00:00+00:00,0.09116,0.09122,0.09085,0.09092,11616882.0
2026-04-13 05:00:00+00:00,0.09092,0.09124,0.09077,0.09121,29211290.0
2026-04-13 06:00:00+00:00,0.09121,0.09148,0.0912,0.09141,27499528.0
2026-04-13 07:00:00+00:00,0.09141,0.09146,0.0908,0.09085,63531702.0
2026-04-13 08:00:00+00:00,0.09085,0.09097,0.09068,0.09087,26553152.0
2026-04-13 09:00:00+00:00,0.09087,0.09131,0.09085,0.09095,33538104.0
2026-04-13 10:00:00+00:00,0.09095,0.091,0.09077,0.09083,9538125.0
2026-04-13 11:00:00+00:00,0.09083,0.09096,0.09079,0.09088,14546002.0
2026-04-13 12:00:00+00:00,0.09088,0.09188,0.09079,0.09158,87427051.0
2026-04-13 13:00:00+00:00,0.09158,0.09179,0.09072,0.09177,183501296.0
2026-04-13 14:00:00+00:00,0.09177,0.09262,0.09144,0.09247,126662737.0
2026-04-13 15:00:00+00:00,0.09247,0.09251,0.09149,0.09166,72155916.0
2026-04-13 16:00:00+00:00,0.09166,0.09209,0.0913,0.09191,54774828.0
2026-04-13 17:00:00+00:00,0.09191,0.09224,0.09136,0.09151,66168423.0
2026-04-13 18:00:00+00:00,0.09151,0.09175,0.09131,0.09175,26112011.0
2026-04-13 19:00:00+00:00,0.09175,0.09322,0.09167,0.09304,127797678.0
2026-04-13 20:00:00+00:00,0.09304,0.09317,0.0924,0.09247,73378063.0
2026-04-13 21:00:00+00:00,0.09247,0.09277,0.09242,0.09265,27341673.0
2026-04-13 22:00:00+00:00,0.09265,0.09432,0.09265,0.09402,240536259.0
2026-04-13 23:00:00+00:00,0.09402,0.0943,0.09368,0.09409,114169757.0
2026-04-14 00:00:00+00:00,0.09409,0.09426,0.09339,0.09353,107609791.0
2026-04-14 01:00:00+00:00,0.09353,0.09364,0.09301,0.09354,85009645.0
2026-04-14 02:00:00+00:00,0.09354,0.0939,0.09333,0.09347,76059250.0
2026-04-14 03:00:00+00:00,0.09347,0.09379,0.09335,0.09353,38416241.0
2026-04-14 04:00:00+00:00,0.09353,0.09372,0.09324,0.09335,22875669.0
2026-04-14 05:00:00+00:00,0.09335,0.09336,0.09267,0.09276,58947291.0
2026-04-14 06:00:00+00:00,0.09276,0.09336,0.09276,0.09321,57103418.0
2026-04-14 07:00:00+00:00,0.09321,0.09367,0.09317,0.09359,44328417.0
2026-04-14 08:00:00+00:00,0.09359,0.09466,0.09338,0.09438,186090754.0
2026-04-14 09:00:00+00:00,0.09438,0.09484,0.09423,0.0945,120039550.0
2026-04-14 10:00:00+00:00,0.0945,0.09465,0.09379,0.09444,142463159.0
2026-04-14 11:00:00+00:00,0.09444,0.0958,0.09386,0.09432,425634441.0
2026-04-14 12:00:00+00:00,0.09432,0.0944,0.09366,0.09412,122263329.0
2026-04-14 13:00:00+00:00,0.09412,0.09722,0.09405,0.09705,294701938.0
2026-04-14 14:00:00+00:00,0.09705,0.09805,0.09578,0.09606,493307665.0
2026-04-14 15:00:00+00:00,0.09606,0.09636,0.09521,0.09535,198216365.0
2026-04-14 16:00:00+00:00,0.09535,0.09597,0.09469,0.0951,88399325.0
2026-04-14 17:00:00+00:00,0.0951,0.09529,0.09414,0.09461,96645551.0
2026-04-14 18:00:00+00:00,0.09461,0.09487,0.09279,0.09304,220105033.0
2026-04-14 19:00:00+00:00,0.09304,0.09333,0.0923,0.09276,200879514.0
2026-04-14 20:00:00+00:00,0.09276,0.09289,0.09233,0.09259,76980296.0
2026-04-14 21:00:00+00:00,0.09259,0.09326,0.09258,0.09319,69959686.0
2026-04-14 22:00:00+00:00,0.09319,0.0933,0.09255,0.09284,129008977.0
2026-04-14 23:00:00+00:00,0.09284,0.09315,0.09269,0.09291,61444809.0
2026-04-15 00:00:00+00:00,0.09291,0.0935,0.09289,0.09324,131821098.0
2026-04-15 01:00:00+00:00,0.09324,0.09356,0.09311,0.09341,71081460.0
2026-04-15 02:00:00+00:00,0.09341,0.09356,0.09293,0.09312,40266851.0
2026-04-15 03:00:00+00:00,0.09312,0.09332,0.09305,0.09311,21249941.0
2026-04-15 04:00:00+00:00,0.09311,0.09366,0.09306,0.09359,42162305.0
2026-04-15 05:00:00+00:00,0.09359,0.09386,0.09304,0.09344,63740877.0
2026-04-15 06:00:00+00:00,0.09344,0.09347,0.09261,0.09266,82433477.0
2026-04-15 07:00:00+00:00,0.09266,0.09324,0.09259,0.09277,81441849.0
2026-04-15 08:00:00+00:00,0.09277,0.09321,0.09269,0.09306,39699067.0
2026-04-15 09:00:00+00:00,0.09306,0.09315,0.0928,0.09288,23229496.0
2026-04-15 10:00:00+00:00,0.09288,0.09325,0.09255,0.0929,35672186.0
2026-04-15 11:00:00+00:00,0.0929,0.09374,0.09287,0.09351,56692364.0
2026-04-15 12:00:00+00:00,0.09351,0.09372,0.09332,0.09348,35973083.0
2026-04-15 13:00:00+00:00,0.09348,0.0936,0.09307,0.09338,46774028.0
2026-04-15 14:00:00+00:00,0.09338,0.09413,0.09313,0.09392,188468938.0
2026-04-15 15:00:00+00:00,0.09392,0.09399,0.09309,0.09355,94462407.0
2026-04-15 16:00:00+00:00,0.09355,0.09449,0.09346,0.09442,87719481.0
2026-04-15 17:00:00+00:00,0.09442,0.09507,0.09434,0.09477,110955369.0
2026-04-15 18:00:00+00:00,0.09477,0.09532,0.0947,0.09519,45959657.0
2026-04-15 19:00:00+00:00,0.09519,0.09678,0.0951,0.09606,167626932.0
2026-04-15 20:00:00+00:00,0.09606,0.09616,0.09495,0.09514,104816152.0
2026-04-15 21:00:00+00:00,0.09514,0.0953,0.09446,0.09523,44059444.0
2026-04-15 22:00:00+00:00,0.09523,0.09591,0.09505,0.09506,41852259.0
2026-04-15 23:00:00+00:00,0.09506,0.09507,0.09434,0.09486,71604138.0
2026-04-16 00:00:00+00:00,0.09486,0.09495,0.09447,0.09491,31650355.0
2026-04-16 01:00:00+00:00,0.09491,0.09498,0.09449,0.09481,29549374.0
2026-04-16 02:00:00+00:00,0.09481,0.09653,0.09477,0.09591,159267086.0
2026-04-16 03:00:00+00:00,0.09591,0.09741,0.09584,0.09701,145707108.0
2026-04-16 04:00:00+00:00,0.09701,0.09795,0.09659,0.09689,211205589.0
2026-04-16 05:00:00+00:00,0.09689,0.09705,0.09607,0.09657,86114100.0
2026-04-16 06:00:00+00:00,0.09657,0.09675,0.09608,0.0966,62124525.0
2026-04-16 07:00:00+00:00,0.0966,0.09689,0.09619,0.09645,52761430.0
2026-04-16 08:00:00+00:00,0.09645,0.09648,0.09591,0.09592,42693971.0
2026-04-16 09:00:00+00:00,0.09592,0.09656,0.0958,0.09598,58997563.0
2026-04-16 10:00:00+00:00,0.09598,0.096,0.09528,0.09575,161350172.0
2026-04-16 11:00:00+00:00,0.09575,0.09643,0.09561,0.09632,79947180.0
2026-04-16 12:00:00+00:00,0.09632,0.09722,0.09628,0.0967,126017203.0
2026-04-16 13:00:00+00:00,0.0967,0.0977,0.09479,0.09576,273758567.0
2026-04-16 14:00:00+00:00,0.09576,0.09604,0.09435,0.09538,208731934.0
2026-04-16 15:00:00+00:00,0.09538,0.09729,0.09525,0.09725,221835822.0
2026-04-16 16:00:00+00:00,0.09725,0.09856,0.09636,0.09678,341321190.0
2026-04-16 17:00:00+00:00,0.09678,0.09782,0.09643,0.09773,143288288.0
2026-04-16 18:00:00+00:00,0.09773,0.09982,0.09743,0.09914,241541660.0
2026-04-16 19:00:00+00:00,0.09914,0.09972,0.09902,0.09939,96187677.0
2026-04-16 20:00:00+00:00,0.09939,0.09973,0.09792,0.09848,127153780.0
2026-04-16 21:00:00+00:00,0.09848,0.09915,0.09819,0.09854,119827256.0
2026-04-16 22:00:00+00:00,0.09854,0.09914,0.09854,0.09885,94141769.0
2026-04-16 23:00:00+00:00,0.09885,0.09975,0.09869,0.09917,97580121.0
2026-04-17 00:00:00+00:00,0.09917,0.09935,0.09838,0.09886,214827291.0
2026-04-17 01:00:00+00:00,0.09886,0.09958,0.09786,0.09826,124604745.0
2026-04-17 02:00:00+00:00,0.09826,0.09841,0.09727,0.09782,67287809.0
2026-04-17 03:00:00+00:00,0.09782,0.09806,0.09749,0.09768,43913229.0
2026-04-17 04:00:00+00:00,0.09768,0.09787,0.09732,0.09742,48761192.0
2026-04-17 05:00:00+00:00,0.09742,0.09746,0.09665,0.09672,71161475.0
2026-04-17 06:00:00+00:00,0.09672,0.09766,0.09664,0.09757,44286667.0
2026-04-17 07:00:00+00:00,0.09757,0.09849,0.09756,0.09802,99394846.0
2026-04-17 08:00:00+00:00,0.09802,0.09872,0.09768,0.09848,136334852.0
2026-04-17 09:00:00+00:00,0.09848,0.09948,0.09807,0.09887,111734674.0
2026-04-17 10:00:00+00:00,0.09887,0.09894,0.09761,0.09793,89197253.0
2026-04-17 11:00:00+00:00,0.09793,0.09898,0.09793,0.09869,69964954.0
2026-04-17 12:00:00+00:00,0.09869,0.10018,0.09839,0.10005,128951297.0
2026-04-17 13:00:00+00:00,0.10005,0.1015,0.09983,0.10096,496189742.0
2026-04-17 14:00:00+00:00,0.10096,0.10151,0.10047,0.10097,228185362.0
2026-04-17 15:00:00+00:00,0.10097,0.10138,0.09982,0.10052,209103617.0
2026-04-17 16:00:00+00:00,0.10052,0.10216,0.10048,0.10192,145468381.0
2026-04-17 17:00:00+00:00,0.10192,0.10203,0.10011,0.101,142037669.0
2026-04-17 18:00:00+00:00,0.101,0.10114,0.09976,0.1001,57673186.0
2026-04-17 19:00:00+00:00,0.1001,0.10054,0.09975,0.09991,29764148.0
2026-04-17 20:00:00+00:00,0.09991,0.10017,0.09933,0.10013,56688608.0
2026-04-17 21:00:00+00:00,0.10013,0.10059,0.09974,0.10008,41787826.0
2026-04-17 22:00:00+00:00,0.10008,0.10055,0.09994,0.10019,37557389.0
2026-04-17 23:00:00+00:00,0.10019,0.10019,0.09856,0.09938,147420480.0
2026-04-18 00:00:00+00:00,0.09938,0.09971,0.09903,0.09923,40376391.0
2026-04-18 01:00:00+00:00,0.09923,0.0997,0.09886,0.0991,38246628.0
2026-04-18 02:00:00+00:00,0.0991,0.09951,0.09873,0.09903,31223642.0
2026-04-18 03:00:00+00:00,0.09903,0.09907,0.09786,0.09848,171550418.0
2026-04-18 04:00:00+00:00,0.09848,0.09863,0.09801,0.09829,44705974.0
2026-04-18 05:00:00+00:00,0.09829,0.09887,0.09827,0.09879,63283661.0
2026-04-18 06:00:00+00:00,0.09879,0.09889,0.09845,0.09872,16757675.0
2026-04-18 07:00:00+00:00,0.09872,0.09902,0.09864,0.09881,28657425.0
2026-04-18 08:00:00+00:00,0.09881,0.09882,0.0967,0.09703,288196768.0
2026-04-18 09:00:00+00:00,0.09703,0.09729,0.0965,0.09699,161293206.0
2026-04-18 10:00:00+00:00,0.09699,0.097,0.0963,0.09646,116959861.0
2026-04-18 11:00:00+00:00,0.09646,0.09647,0.0955,0.09597,112708471.0
2026-04-18 12:00:00+00:00,0.09597,0.0962,0.09563,0.09606,49688439.0
2026-04-18 13:00:00+00:00,0.09606,0.09613,0.0954,0.09574,51806910.0
2026-04-18 14:00:00+00:00,0.09574,0.09615,0.09549,0.09614,33158264.0
2026-04-18 15:00:00+00:00,0.09614,0.09636,0.09577,0.09595,58719286.0
2026-04-18 16:00:00+00:00,0.09595,0.09613,0.09543,0.09559,41283751.0
2026-04-18 17:00:00+00:00,0.09559,0.09565,0.09516,0.09538,30300896.0
2026-04-18 18:00:00+00:00,0.09538,0.09549,0.09416,0.09446,129318217.0
2026-04-18 19:00:00+00:00,0.09446,0.09502,0.09442,0.09474,26462961.0
2026-04-18 20:00:00+00:00,0.09474,0.09514,0.09455,0.09496,39393279.0
2026-04-18 21:00:00+00:00,0.09496,0.09529,0.09476,0.09516,30244447.0
2026-04-18 22:00:00+00:00,0.09516,0.09522,0.0948,0.09509,9979713.0
2026-04-18 23:00:00+00:00,0.09509,0.09521,0.09466,0.09472,17035769.0
2026-04-19 00:00:00+00:00,0.09472,0.09496,0.09457,0.09479,34018477.0
2026-04-19 01:00:00+00:00,0.09479,0.09505,0.09461,0.09494,18297832.0
2026-04-19 02:00:00+00:00,0.09494,0.09498,0.09429,0.09469,58457280.0
2026-04-19 03:00:00+00:00,0.09469,0.09503,0.0944,0.09471,25458715.0
2026-04-19 04:00:00+00:00,0.09471,0.09478,0.09405,0.09457,46573252.0
2026-04-19 05:00:00+00:00,0.09457,0.09516,0.0945,0.09478,43198002.0
2026-04-19 06:00:00+00:00,0.09478,0.09501,0.09443,0.09483,43087824.0
2026-04-19 07:00:00+00:00,0.09483,0.09484,0.09334,0.09409,125329627.0
2026-04-19 08:00:00+00:00,0.09409,0.09422,0.09387,0.09405,31703780.0
2026-04-19 09:00:00+00:00,0.09405,0.09409,0.09349,0.09369,66441654.0
2026-04-19 10:00:00+00:00,0.09369,0.09387,0.0934,0.09384,25469717.0
2026-04-19 11:00:00+00:00,0.09384,0.09491,0.09378,0.09448,139162330.0
2026-04-19 12:00:00+00:00,0.09448,0.09522,0.09442,0.09448,59912080.0
2026-04-19 13:00:00+00:00,0.09448,0.09645,0.09444,0.0953,388380524.0
2026-04-19 14:00:00+00:00,0.0953,0.09621,0.09479,0.09533,167681169.0
2026-04-19 15:00:00+00:00,0.09533,0.09558,0.09424,0.09555,167159172.0
2026-04-19 16:00:00+00:00,0.09555,0.09565,0.09425,0.09455,76910625.0
2026-04-19 17:00:00+00:00,0.09455,0.09464,0.09373,0.09403,99617064.0
2026-04-19 18:00:00+00:00,0.09403,0.09435,0.09385,0.0941,24822996.0
2026-04-19 19:00:00+00:00,0.0941,0.09454,0.09407,0.09444,14946918.0
2026-04-19 20:00:00+00:00,0.09444,0.09445,0.09364,0.09401,27217923.0
2026-04-19 21:00:00+00:00,0.09401,0.0943,0.09373,0.09378,30524050.0
2026-04-19 22:00:00+00:00,0.09378,0.09378,0.09251,0.09305,147359331.0
2026-04-19 23:00:00+00:00,0.09305,0.09312,0.09244,0.09299,103754009.0
2026-04-20 00:00:00+00:00,0.09299,0.09401,0.09286,0.09388,61211155.0
2026-04-20 01:00:00+00:00,0.09388,0.09425,0.09365,0.09404,21897269.0
2026-04-20 02:00:00+00:00,0.09404,0.09413,0.09365,0.09404,16366098.0
2026-04-20 03:00:00+00:00,0.09404,0.09431,0.0937,0.0942,28412813.0
2026-04-20 04:00:00+00:00,0.0942,0.09459,0.09397,0.09457,23772190.0
2026-04-20 05:00:00+00:00,0.09457,0.09463,0.09355,0.0939,73308609.0
2026-04-20 06:00:00+00:00,0.0939,0.09445,0.09372,0.09418,72351226.0
2026-04-20 07:00:00+00:00,0.09418,0.09542,0.09409,0.0945,120960456.0
2026-04-20 08:00:00+00:00,0.0945,0.09459,0.0941,0.09419,41099589.0
2026-04-20 09:00:00+00:00,0.09419,0.09465,0.09398,0.09447,51353007.0
2026-04-20 10:00:00+00:00,0.09447,0.09497,0.09443,0.09444,38846596.0
2026-04-20 11:00:00+00:00,0.09444,0.09471,0.09416,0.09445,37831912.0
2026-04-20 12:00:00+00:00,0.09445,0.09498,0.09434,0.0948,74702914.0
2026-04-20 13:00:00+00:00,0.0948,0.09495,0.09442,0.09484,39357807.0
2026-04-20 14:00:00+00:00,0.09484,0.09531,0.09412,0.09434,70996406.0
2026-04-20 15:00:00+00:00,0.09434,0.09538,0.09402,0.09492,94620901.0
2026-04-20 16:00:00+00:00,0.09492,0.09495,0.09432,0.0945,46067809.0
2026-04-20 17:00:00+00:00,0.0945,0.0952,0.09447,0.09504,25535631.0
2026-04-20 18:00:00+00:00,0.09504,0.09574,0.09504,0.09559,62435561.0
2026-04-20 19:00:00+00:00,0.09559,0.09569,0.09521,0.09547,19689048.0
2026-04-20 20:00:00+00:00,0.09547,0.09582,0.09524,0.09577,42305791.0
2026-04-20 21:00:00+00:00,0.09577,0.09604,0.09533,0.09564,44168500.0
2026-04-20 22:00:00+00:00,0.09564,0.09588,0.0955,0.09551,21106875.0
2026-04-20 23:00:00+00:00,0.09551,0.09551,0.09493,0.09515,35634852.0
2026-04-21 00:00:00+00:00,0.09515,0.09558,0.09508,0.09544,21904890.0
2026-04-21 01:00:00+00:00,0.09544,0.09581,0.0953,0.09536,21910877.0
2026-04-21 02:00:00+00:00,0.09536,0.09541,0.09502,0.09503,22421407.0
2026-04-21 03:00:00+00:00,0.09503,0.09515,0.09456,0.09484,66503077.0
2026-04-21 04:00:00+00:00,0.09484,0.09538,0.09482,0.09515,61457517.0
2026-04-21 05:00:00+00:00,0.09515,0.09554,0.095,0.09539,63078816.0
2026-04-21 06:00:00+00:00,0.09539,0.09577,0.09509,0.09533,41182792.0
2026-04-21 07:00:00+00:00,0.09533,0.09564,0.09512,0.09524,31892066.0
2026-04-21 08:00:00+00:00,0.09524,0.09582,0.09515,0.09533,28024181.0
2026-04-21 09:00:00+00:00,0.09533,0.09571,0.09517,0.09563,28362433.0
2026-04-21 10:00:00+00:00,0.09563,0.0959,0.09546,0.09574,26760176.0
2026-04-21 11:00:00+00:00,0.09574,0.09577,0.09523,0.09539,48693080.0
2026-04-21 12:00:00+00:00,0.09539,0.09545,0.09459,0.09495,65586749.0
2026-04-21 13:00:00+00:00,0.09495,0.09528,0.09478,0.09514,43025723.0
2026-04-21 14:00:00+00:00,0.09514,0.09567,0.09478,0.09489,86456328.0
2026-04-21 15:00:00+00:00,0.09489,0.09522,0.09438,0.09473,61905693.0
2026-04-21 16:00:00+00:00,0.09473,0.09512,0.09453,0.0946,28817881.0
2026-04-21 17:00:00+00:00,0.0946,0.09483,0.0936,0.09438,121523754.0
2026-04-21 18:00:00+00:00,0.09438,0.0945,0.094,0.09446,33582067.0
2026-04-21 19:00:00+00:00,0.09446,0.09481,0.0935,0.09379,73082895.0
2026-04-21 20:00:00+00:00,0.09379,0.09489,0.09372,0.09459,57359451.0
2026-04-21 21:00:00+00:00,0.09459,0.0947,0.0944,0.09461,13810272.0
2026-04-21 22:00:00+00:00,0.09461,0.09467,0.0941,0.09439,14531479.0
2026-04-21 23:00:00+00:00,0.09439,0.09521,0.09435,0.09513,34200225.0
2026-04-22 00:00:00+00:00,0.09513,0.09532,0.09503,0.09511,26634644.0
2026-04-22 01:00:00+00:00,0.09511,0.09521,0.09482,0.09493,19704915.0
2026-04-22 02:00:00+00:00,0.09493,0.09655,0.09481,0.0965,168596778.0
2026-04-22 03:00:00+00:00,0.0965,0.09689,0.0961,0.09623,61843518.0
2026-04-22 04:00:00+00:00,0.09623,0.09649,0.09594,0.09622,33724358.0
2026-04-22 05:00:00+00:00,0.09622,0.0976,0.09613,0.09706,144855637.0
2026-04-22 06:00:00+00:00,0.09706,0.09761,0.0969,0.09758,47044718.0
2026-04-22 07:00:00+00:00,0.09758,0.09825,0.09689,0.09747,210499993.0
2026-04-22 08:00:00+00:00,0.09747,0.09816,0.09742,0.09782,101316410.0
2026-04-22 09:00:00+00:00,0.09782,0.09811,0.09747,0.0975,47021961.0
2026-04-22 10:00:00+00:00,0.0975,0.09841,0.09722,0.09817,94026751.0
2026-04-22 11:00:00+00:00,0.09817,0.09857,0.09767,0.09798,85498746.0
2026-04-22 12:00:00+00:00,0.09798,0.09817,0.09732,0.09756,81902004.0
2026-04-22 13:00:00+00:00,0.09756,0.09819,0.0973,0.09792,75305174.0
2026-04-22 14:00:00+00:00,0.09792,0.09823,0.09759,0.09796,89110152.0
2026-04-22 15:00:00+00:00,0.09796,0.0982,0.0974,0.0978,185625353.0
2026-04-22 16:00:00+00:00,0.0978,0.09814,0.09677,0.09693,84990699.0
2026-04-22 17:00:00+00:00,0.09693,0.09744,0.0969,0.09719,49307806.0
2026-04-22 18:00:00+00:00,0.09719,0.09753,0.09702,0.09704,25222596.0
2026-04-22 19:00:00+00:00,0.09704,0.09706,0.09622,0.09662,82023556.0
2026-04-22 20:00:00+00:00,0.09662,0.09664,0.09618,0.09627,34716653.0
2026-04-22 21:00:00+00:00,0.09627,0.09684,0.09625,0.09669,37900470.0
2026-04-22 22:00:00+00:00,0.09669,0.09679,0.09621,0.09638,16031341.0
2026-04-22 23:00:00+00:00,0.09638,0.0964,0.09549,0.09557,99471954.0
2026-04-23 00:00:00+00:00,0.09557,0.09641,0.09556,0.09618,238743998.0
2026-04-23 01:00:00+00:00,0.09618,0.0965,0.09568,0.09626,56802639.0
2026-04-23 02:00:00+00:00,0.09626,0.09628,0.09557,0.09581,68449479.0
2026-04-23 03:00:00+00:00,0.09581,0.09593,0.09518,0.09552,62768392.0
2026-04-23 04:00:00+00:00,0.09552,0.09596,0.09545,0.09584,45271425.0
2026-04-23 05:00:00+00:00,0.09584,0.09612,0.09556,0.09592,36289249.0
2026-04-23 06:00:00+00:00,0.09592,0.0964,0.09591,0.09602,50431896.0
2026-04-23 07:00:00+00:00,0.09602,0.09608,0.09545,0.09584,84383612.0
2026-04-23 08:00:00+00:00,0.09584,0.0962,0.09567,0.09591,72840910.0
2026-04-23 09:00:00+00:00,0.09591,0.09591,0.09526,0.09557,62857904.0
2026-04-23 10:00:00+00:00,0.09557,0.0957,0.09522,0.09564,68300516.0
2026-04-23 11:00:00+00:00,0.09564,0.09625,0.09564,0.09609,37478976.0
2026-04-23 12:00:00+00:00,0.09609,0.09695,0.09609,0.09646,181530254.0
2026-04-23 13:00:00+00:00,0.09646,0.09661,0.09579,0.09616,95058280.0
2026-04-23 14:00:00+00:00,0.09616,0.0971,0.09599,0.09703,49619292.0
2026-04-23 15:00:00+00:00,0.09703,0.09797,0.09696,0.09731,148661697.0
2026-04-23 16:00:00+00:00,0.09731,0.0974,0.09678,0.09685,53848850.0
2026-04-23 17:00:00+00:00,0.09685,0.09699,0.09506,0.09605,273074065.0
2026-04-23 18:00:00+00:00,0.09605,0.09634,0.09584,0.09585,53791064.0
2026-04-23 19:00:00+00:00,0.09585,0.09635,0.09574,0.09616,41117819.0
2026-04-23 20:00:00+00:00,0.09616,0.09685,0.0961,0.09661,35215400.0
2026-04-23 21:00:00+00:00,0.09661,0.09744,0.09653,0.09705,40626137.0
2026-04-23 22:00:00+00:00,0.09705,0.09765,0.09705,0.0972,27881860.0
2026-04-23 23:00:00+00:00,0.0972,0.09731,0.09695,0.09709,21666012.0
2026-04-24 00:00:00+00:00,0.09709,0.09768,0.09698,0.09759,33032922.0
2026-04-24 01:00:00+00:00,0.09759,0.098,0.097,0.09789,39188686.0
2026-04-24 02:00:00+00:00,0.09789,0.09799,0.09758,0.09769,37079053.0
2026-04-24 03:00:00+00:00,0.09769,0.09777,0.09685,0.09718,51459693.0
2026-04-24 04:00:00+00:00,0.09718,0.09735,0.0969,0.09727,28202672.0
2026-04-24 05:00:00+00:00,0.09727,0.09742,0.09694,0.09717,46695834.0
2026-04-24 06:00:00+00:00,0.09717,0.09766,0.09693,0.09739,63240119.0
2026-04-24 07:00:00+00:00,0.09739,0.09812,0.09737,0.09776,124199374.0
2026-04-24 08:00:00+00:00,0.09776,0.098,0.09741,0.09781,34530992.0
2026-04-24 09:00:00+00:00,0.09781,0.09785,0.09674,0.09711,70408317.0
2026-04-24 10:00:00+00:00,0.09711,0.09804,0.097,0.09779,111939449.0
2026-04-24 11:00:00+00:00,0.09779,0.09851,0.09779,0.09815,81098311.0
2026-04-24 12:00:00+00:00,0.09815,0.09849,0.09767,0.09792,60989352.0
2026-04-24 13:00:00+00:00,0.09792,0.09851,0.09763,0.09784,77742314.0
2026-04-24 14:00:00+00:00,0.09784,0.09795,0.09723,0.09764,53877882.0
2026-04-24 15:00:00+00:00,0.09764,0.09826,0.09717,0.09803,127161673.0
2026-04-24 16:00:00+00:00,0.09803,0.09828,0.09761,0.09793,54737800.0
2026-04-24 17:00:00+00:00,0.09793,0.09814,0.09757,0.09809,35138736.0
2026-04-24 18:00:00+00:00,0.09809,0.09825,0.0976,0.0982,19656132.0
2026-04-24 19:00:00+00:00,0.0982,0.09842,0.09799,0.09835,34825966.0
2026-04-24 20:00:00+00:00,0.09835,0.09899,0.09798,0.09879,221945476.0
2026-04-24 21:00:00+00:00,0.09879,0.0995,0.09855,0.09862,105169828.0
2026-04-24 22:00:00+00:00,0.09862,0.09867,0.09781,0.09796,42620306.0
2026-04-24 23:00:00+00:00,0.09796,0.09842,0.09795,0.09836,22153902.0
2026-04-25 00:00:00+00:00,0.09836,0.09838,0.09798,0.09832,21497032.0
2026-04-25 01:00:00+00:00,0.09832,0.09906,0.09831,0.09838,89579268.0
2026-04-25 02:00:00+00:00,0.09838,0.09862,0.09814,0.09845,67077448.0
2026-04-25 03:00:00+00:00,0.09845,0.09884,0.09824,0.09875,30281155.0
2026-04-25 04:00:00+00:00,0.09875,0.09886,0.09847,0.09853,14995423.0
2026-04-25 05:00:00+00:00,0.09853,0.09853,0.09825,0.09836,16125559.0
2026-04-25 06:00:00+00:00,0.09836,0.09857,0.09801,0.09829,51537692.0
2026-04-25 07:00:00+00:00,0.09829,0.09903,0.09819,0.09836,72005276.0
2026-04-25 08:00:00+00:00,0.09836,0.09858,0.09814,0.09854,51953206.0
2026-04-25 09:00:00+00:00,0.09854,0.09861,0.09828,0.0985,9627659.0
2026-04-25 10:00:00+00:00,0.0985,0.09859,0.09839,0.09847,12267181.0
2026-04-25 11:00:00+00:00,0.09847,0.09847,0.09777,0.0979,36566013.0
2026-04-25 12:00:00+00:00,0.0979,0.09803,0.09767,0.09792,35815272.0
2026-04-25 13:00:00+00:00,0.09792,0.09835,0.09785,0.09823,28257073.0
2026-04-25 14:00:00+00:00,0.09823,0.09852,0.09803,0.09824,18656253.0
2026-04-25 15:00:00+00:00,0.09824,0.09873,0.09804,0.09815,54269748.0
2026-04-25 16:00:00+00:00,0.09815,0.09829,0.09748,0.0978,49466104.0
2026-04-25 17:00:00+00:00,0.0978,0.09796,0.09754,0.09772,54483596.0
2026-04-25 18:00:00+00:00,0.09772,0.09786,0.09732,0.09764,61531956.0
2026-04-25 19:00:00+00:00,0.09764,0.09774,0.09743,0.09765,17889611.0
2026-04-25 20:00:00+00:00,0.09765,0.09789,0.09753,0.09788,14626584.0
2026-04-25 21:00:00+00:00,0.09788,0.09799,0.09777,0.09792,12567372.0
2026-04-25 22:00:00+00:00,0.09792,0.09819,0.0978,0.09798,13101934.0
2026-04-25 23:00:00+00:00,0.09798,0.09817,0.09783,0.09795,14504568.0
2026-04-26 00:00:00+00:00,0.09795,0.09797,0.09763,0.0978,26613876.0
2026-04-26 01:00:00+00:00,0.0978,0.09801,0.09772,0.09779,10918943.0
2026-04-26 02:00:00+00:00,0.09779,0.09809,0.09748,0.09786,52142143.0
2026-04-26 03:00:00+00:00,0.09786,0.09839,0.09759,0.09771,77978816.0
2026-04-26 04:00:00+00:00,0.09771,0.09821,0.09742,0.09799,65678917.0
2026-04-26 05:00:00+00:00,0.09799,0.09866,0.09797,0.09826,38726738.0
2026-04-26 06:00:00+00:00,0.09826,0.09854,0.09825,0.09841,11357357.0
2026-04-26 07:00:00+00:00,0.09841,0.09856,0.09833,0.09852,14644918.0
2026-04-26 08:00:00+00:00,0.09852,0.09858,0.09826,0.0983,19394944.0
2026-04-26 09:00:00+00:00,0.0983,0.0985,0.09822,0.09842,12258270.0
2026-04-26 10:00:00+00:00,0.09842,0.09869,0.09825,0.09862,32201567.0
2026-04-26 11:00:00+00:00,0.09862,0.09913,0.09856,0.09897,50707437.0
2026-04-26 12:00:00+00:00,0.09897,0.0991,0.09856,0.09861,56255059.0
2026-04-26 13:00:00+00:00,0.09861,0.09869,0.09805,0.09853,71086648.0
2026-04-26 14:00:00+00:00,0.09853,0.09891,0.09836,0.09875,36910026.0
2026-04-26 15:00:00+00:00,0.09875,0.09906,0.09866,0.09896,24750495.0
2026-04-26 16:00:00+00:00,0.09896,0.09899,0.09857,0.0986,20113555.0
2026-04-26 17:00:00+00:00,0.0986,0.09886,0.09842,0.09879,16222847.0
2026-04-26 18:00:00+00:00,0.09879,0.09963,0.09864,0.09904,60104831.0
2026-04-26 19:00:00+00:00,0.09904,0.09961,0.09904,0.09912,26477967.0
2026-04-26 20:00:00+00:00,0.09912,0.09987,0.099,0.09901,48390435.0
2026-04-26 21:00:00+00:00,0.09901,0.09942,0.09863,0.09932,85458352.0
2026-04-26 22:00:00+00:00,0.09932,0.09969,0.09892,0.09909,34726346.0
2026-04-26 23:00:00+00:00,0.09909,0.09951,0.09873,0.09916,22830542.0
2026-04-27 00:00:00+00:00,0.09916,0.0999,0.09882,0.09988,42820854.0
2026-04-27 01:00:00+00:00,0.09988,0.10037,0.09933,0.10024,74408154.0
2026-04-27 02:00:00+00:00,0.10024,0.1007,0.09982,0.10035,88820412.0
2026-04-27 03:00:00+00:00,0.10035,0.1008,0.10015,0.10015,35337848.0
2026-04-27 04:00:00+00:00,0.10015,0.10049,0.09978,0.09995,40798739.0
2026-04-27 05:00:00+00:00,0.09995,0.09997,0.09813,0.09833,135001882.0
2026-04-27 06:00:00+00:00,0.09833,0.09835,0.09751,0.09791,121438786.0
2026-04-27 07:00:00+00:00,0.09791,0.09803,0.09758,0.09773,40943975.0
2026-04-27 08:00:00+00:00,0.09773,0.09822,0.0976,0.09821,37776710.0
2026-04-27 09:00:00+00:00,0.09821,0.09837,0.09787,0.09819,116609585.0
2026-04-27 10:00:00+00:00,0.09819,0.09833,0.09798,0.09803,33578097.0
2026-04-27 11:00:00+00:00,0.09803,0.09845,0.0977,0.09842,46700811.0
2026-04-27 12:00:00+00:00,0.09842,0.09843,0.09803,0.09809,22783745.0
2026-04-27 13:00:00+00:00,0.09809,0.09845,0.09782,0.09812,45365034.0
2026-04-27 14:00:00+00:00,0.09812,0.0992,0.09806,0.09872,85956173.0
2026-04-27 15:00:00+00:00,0.09872,0.09875,0.0967,0.09715,175209421.0
2026-04-27 16:00:00+00:00,0.09715,0.09779,0.09701,0.09742,54929889.0
2026-04-27 17:00:00+00:00,0.09742,0.09793,0.09742,0.09769,27914797.0
2026-04-27 18:00:00+00:00,0.09769,0.09813,0.09762,0.09777,73973416.0
2026-04-27 19:00:00+00:00,0.09777,0.09805,0.09736,0.09781,17426134.0
2026-04-27 20:00:00+00:00,0.09781,0.0981,0.09781,0.09802,13972006.0
2026-04-27 21:00:00+00:00,0.09802,0.09821,0.09787,0.09794,17995200.0
2026-04-27 22:00:00+00:00,0.09794,0.09871,0.09789,0.09871,29479254.0
2026-04-27 23:00:00+00:00,0.09871,0.0992,0.09858,0.0989,74642647.0
2026-04-28 00:00:00+00:00,0.0989,0.09921,0.09856,0.09893,33421258.0
2026-04-28 01:00:00+00:00,0.09893,0.09943,0.09887,0.09919,46226635.0
2026-04-28 02:00:00+00:00,0.09919,0.09953,0.09875,0.09913,88230673.0
2026-04-28 03:00:00+00:00,0.09913,0.0994,0.09894,0.09929,36464527.0
2026-04-28 04:00:00+00:00,0.09929,0.10094,0.09926,0.09957,185249422.0
2026-04-28 05:00:00+00:00,0.09957,0.10045,0.09953,0.1002,164316534.0
2026-04-28 06:00:00+00:00,0.1002,0.10038,0.09903,0.09946,135831333.0
2026-04-28 07:00:00+00:00,0.09946,0.09969,0.09888,0.09958,52213780.0
2026-04-28 08:00:00+00:00,0.09958,0.09993,0.09922,0.0997,50289838.0
2026-04-28 09:00:00+00:00,0.0997,0.09985,0.09894,0.09919,46713437.0
2026-04-28 10:00:00+00:00,0.09919,0.09935,0.09903,0.09916,23208695.0
2026-04-28 11:00:00+00:00,0.09916,0.09922,0.09847,0.09858,68461604.0
2026-04-28 12:00:00+00:00,0.09858,0.099,0.09822,0.09897,65226716.0
2026-04-28 13:00:00+00:00,0.09897,0.09914,0.09835,0.09865,88095345.0
2026-04-28 14:00:00+00:00,0.09865,0.09885,0.098,0.09884,83586795.0
2026-04-28 15:00:00+00:00,0.09884,0.09952,0.09869,0.0995,46681446.0
2026-04-28 16:00:00+00:00,0.0995,0.09978,0.09915,0.09967,61018456.0
2026-04-28 17:00:00+00:00,0.09967,0.0997,0.09913,0.09929,34886768.0
2026-04-28 18:00:00+00:00,0.09929,0.09963,0.09915,0.09948,27176638.0
2026-04-28 19:00:00+00:00,0.09948,0.09983,0.09924,0.09969,42743769.0
2026-04-28 20:00:00+00:00,0.09969,0.09985,0.09956,0.09969,11378796.0
2026-04-28 21:00:00+00:00,0.09969,0.09991,0.09908,0.09943,71924154.0
2026-04-28 22:00:00+00:00,0.09943,0.10015,0.09932,0.09944,87073176.0
2026-04-28 23:00:00+00:00,0.09944,0.09944,0.09876,0.09928,93489268.0
2026-04-29 00:00:00+00:00,0.09928,0.10011,0.09917,0.09983,156229779.0
2026-04-29 01:00:00+00:00,0.09983,0.10019,0.09931,0.10008,102867294.0
2026-04-29 02:00:00+00:00,0.10008,0.1003,0.09972,0.09991,28220453.0
2026-04-29 03:00:00+00:00,0.09991,0.10141,0.09988,0.1013,167550664.0
2026-04-29 04:00:00+00:00,0.1013,0.10247,0.10109,0.10174,157411628.0
2026-04-29 05:00:00+00:00,0.10174,0.10247,0.10155,0.10223,75525085.0
2026-04-29 06:00:00+00:00,0.10223,0.1024,0.10174,0.1021,86800457.0
2026-04-29 07:00:00+00:00,0.1021,0.10547,0.10201,0.10487,638877213.0
2026-04-29 08:00:00+00:00,0.10487,0.10596,0.10459,0.10539,279244999.0
2026-04-29 09:00:00+00:00,0.10539,0.11209,0.10514,0.10937,995387883.0
2026-04-29 10:00:00+00:00,0.10937,0.11057,0.10915,0.11005,338556164.0
2026-04-29 11:00:00+00:00,0.11005,0.11056,0.10938,0.10962,162045010.0
2026-04-29 12:00:00+00:00,0.10962,0.10967,0.1064,0.10715,535486471.0
2026-04-29 13:00:00+00:00,0.10715,0.10765,0.10517,0.10632,314440574.0
2026-04-29 14:00:00+00:00,0.10632,0.10651,0.10398,0.10509,350337862.0
2026-04-29 15:00:00+00:00,0.10509,0.10536,0.10287,0.10335,491012756.0
2026-04-29 16:00:00+00:00,0.10335,0.10386,0.10174,0.10223,282068078.0
2026-04-29 17:00:00+00:00,0.10223,0.10429,0.10205,0.1039,310256843.0
2026-04-29 18:00:00+00:00,0.1039,0.10397,0.10053,0.10211,467780026.0
2026-04-29 19:00:00+00:00,0.10211,0.10218,0.10098,0.10137,90582600.0
2026-04-29 20:00:00+00:00,0.10137,0.10242,0.10137,0.10207,84776209.0
2026-04-29 21:00:00+00:00,0.10207,0.10355,0.10189,0.10318,91846706.0
2026-04-29 22:00:00+00:00,0.10318,0.10375,0.10288,0.10345,61121426.0
2026-04-29 23:00:00+00:00,0.10345,0.10414,0.10333,0.10401,61894365.0
2026-04-30 00:00:00+00:00,0.10401,0.10824,0.10388,0.10789,309427721.0
2026-04-30 01:00:00+00:00,0.10789,0.10834,0.10631,0.10686,211721361.0
2026-04-30 02:00:00+00:00,0.10686,0.10731,0.1044,0.10533,270588550.0
2026-04-30 03:00:00+00:00,0.10533,0.1074,0.1051,0.10673,152215988.0
2026-04-30 04:00:00+00:00,0.10673,0.10678,0.1047,0.10492,166813136.0
2026-04-30 05:00:00+00:00,0.10492,0.10586,0.10426,0.10535,159230559.0
2026-04-30 06:00:00+00:00,0.10535,0.10631,0.10519,0.10619,90291732.0
2026-04-30 07:00:00+00:00,0.10619,0.10704,0.10591,0.10695,200894800.0
2026-04-30 08:00:00+00:00,0.10695,0.10745,0.10636,0.10688,137662039.0
2026-04-30 09:00:00+00:00,0.10688,0.1081,0.1067,0.10741,110203000.0
2026-04-30 10:00:00+00:00,0.10741,0.10779,0.10616,0.10664,106644289.0
2026-04-30 11:00:00+00:00,0.10664,0.10682,0.10559,0.10631,92621931.0
2026-04-30 12:00:00+00:00,0.10631,0.10677,0.1061,0.10629,62954531.0
2026-04-30 13:00:00+00:00,0.10629,0.10742,0.10587,0.1067,124894681.0
2026-04-30 14:00:00+00:00,0.1067,0.10725,0.10581,0.10637,100449088.0
2026-04-30 15:00:00+00:00,0.10637,0.1075,0.10595,0.10703,87843122.0
2026-04-30 16:00:00+00:00,0.10703,0.1071,0.10604,0.10622,65728616.0
2026-04-30 17:00:00+00:00,0.10622,0.10644,0.10537,0.10568,78705656.0
2026-04-30 18:00:00+00:00,0.10568,0.10615,0.10535,0.10552,85761632.0
2026-04-30 19:00:00+00:00,0.10552,0.10625,0.10539,0.10612,29868274.0
2026-04-30 20:00:00+00:00,0.10612,0.10669,0.10577,0.1065,39463337.0
2026-04-30 21:00:00+00:00,0.1065,0.10684,0.10623,0.10627,29245327.0
2026-04-30 22:00:00+00:00,0.10627,0.10662,0.10597,0.10622,30712992.0
2026-04-30 23:00:00+00:00,0.10622,0.10659,0.10605,0.10646,43288931.0
2026-05-01 00:00:00+00:00,0.10646,0.10787,0.10637,0.10752,142596154.0
2026-05-01 01:00:00+00:00,0.10752,0.10926,0.10746,0.10896,221155829.0
2026-05-01 02:00:00+00:00,0.10896,0.10933,0.10827,0.10835,108497681.0
2026-05-01 03:00:00+00:00,0.10835,0.10978,0.10792,0.10904,203829098.0
2026-05-01 04:00:00+00:00,0.10904,0.10936,0.10815,0.10876,127174237.0
2026-05-01 05:00:00+00:00,0.10876,0.10943,0.10876,0.10905,106601374.0
2026-05-01 06:00:00+00:00,0.10905,0.10915,0.10826,0.10834,61164162.0
2026-05-01 07:00:00+00:00,0.10834,0.10846,0.10788,0.10819,81375589.0
2026-05-01 08:00:00+00:00,0.10819,0.10888,0.10791,0.10845,69739137.0
2026-05-01 09:00:00+00:00,0.10845,0.10866,0.10728,0.10767,101935746.0
2026-05-01 10:00:00+00:00,0.10767,0.10833,0.10708,0.10826,64493391.0
2026-05-01 11:00:00+00:00,0.10826,0.10913,0.10823,0.10878,107343363.0
2026-05-01 12:00:00+00:00,0.10878,0.10928,0.10858,0.10888,116493477.0
2026-05-01 13:00:00+00:00,0.10888,0.11053,0.10888,0.10969,197593922.0
2026-05-01 14:00:00+00:00,0.10969,0.10984,0.10893,0.10955,136266280.0
2026-05-01 15:00:00+00:00,0.10955,0.10989,0.10877,0.10936,156975403.0
2026-05-01 16:00:00+00:00,0.10936,0.10967,0.10816,0.10889,149597830.0
2026-05-01 17:00:00+00:00,0.10889,0.10906,0.10843,0.10893,49810051.0
2026-05-01 18:00:00+00:00,0.10893,0.10898,0.10853,0.10892,32971558.0
2026-05-01 19:00:00+00:00,0.10892,0.10916,0.10869,0.10902,24684644.0
2026-05-01 20:00:00+00:00,0.10902,0.10915,0.10819,0.10842,48364365.0
2026-05-01 21:00:00+00:00,0.10842,0.10961,0.10834,0.10934,36544759.0
2026-05-01 22:00:00+00:00,0.10934,0.10953,0.10828,0.10838,44980857.0
2026-05-01 23:00:00+00:00,0.10838,0.10845,0.10746,0.10845,113729924.0
2026-05-02 00:00:00+00:00,0.10845,0.10927,0.10841,0.10866,81503512.0
2026-05-02 01:00:00+00:00,0.10866,0.1089,0.10839,0.10857,29106125.0
2026-05-02 02:00:00+00:00,0.10857,0.10868,0.10812,0.10841,31441313.0
2026-05-02 03:00:00+00:00,0.10841,0.10856,0.10798,0.10812,27365691.0
2026-05-02 04:00:00+00:00,0.10812,0.10832,0.10775,0.10801,38182238.0
2026-05-02 05:00:00+00:00,0.10801,0.10812,0.10721,0.10747,63330628.0
2026-05-02 06:00:00+00:00,0.10747,0.10805,0.10745,0.10801,29484940.0
2026-05-02 07:00:00+00:00,0.10801,0.10805,0.10781,0.10784,25427319.0
2026-05-02 08:00:00+00:00,0.10784,0.10794,0.10757,0.10761,17409481.0
2026-05-02 09:00:00+00:00,0.10761,0.10793,0.10747,0.10771,56645068.0
2026-05-02 10:00:00+00:00,0.10771,0.10802,0.10768,0.1077,17237378.0
2026-05-02 11:00:00+00:00,0.1077,0.10782,0.10737,0.10769,42759143.0
2026-05-02 12:00:00+00:00,0.10769,0.10783,0.10704,0.10755,71980548.0
2026-05-02 13:00:00+00:00,0.10755,0.10872,0.10754,0.10852,59413608.0
2026-05-02 14:00:00+00:00,0.10852,0.10908,0.1083,0.10865,63417438.0
2026-05-02 15:00:00+00:00,0.10865,0.10916,0.1086,0.10893,49470444.0
2026-05-02 16:00:00+00:00,0.10893,0.1093,0.10857,0.10892,51397914.0
2026-05-02 17:00:00+00:00,0.10892,0.10905,0.10849,0.1087,30865536.0
2026-05-02 18:00:00+00:00,0.1087,0.1087,0.10817,0.10828,50422507.0
2026-05-02 19:00:00+00:00,0.10828,0.10847,0.10818,0.10833,37360975.0
2026-05-02 20:00:00+00:00,0.10833,0.10878,0.10825,0.10873,21589218.0
2026-05-02 21:00:00+00:00,0.10873,0.10902,0.10794,0.10871,93118344.0
2026-05-02 22:00:00+00:00,0.10871,0.10913,0.10836,0.10873,58175708.0
2026-05-02 23:00:00+00:00,0.10873,0.10878,0.10816,0.10844,54290090.0
2026-05-03 00:00:00+00:00,0.10844,0.10851,0.10775,0.10815,37987263.0
2026-05-03 01:00:00+00:00,0.10815,0.10816,0.10732,0.10759,47757360.0
2026-05-03 02:00:00+00:00,0.10759,0.10772,0.10703,0.10743,44589864.0
2026-05-03 03:00:00+00:00,0.10743,0.10789,0.10729,0.10778,29857804.0
2026-05-03 04:00:00+00:00,0.10778,0.10815,0.10767,0.10784,29951020.0
2026-05-03 05:00:00+00:00,0.10784,0.10806,0.10769,0.10787,15455618.0
2026-05-03 06:00:00+00:00,0.10787,0.10792,0.10742,0.10777,36653088.0
2026-05-03 07:00:00+00:00,0.10777,0.1082,0.10776,0.10786,24699690.0
2026-05-03 08:00:00+00:00,0.10786,0.10814,0.10784,0.10795,10277782.0
2026-05-03 09:00:00+00:00,0.10795,0.1083,0.10784,0.10812,20730581.0
2026-05-03 10:00:00+00:00,0.10812,0.1082,0.1075,0.1076,39396746.0
2026-05-03 11:00:00+00:00,0.1076,0.10872,0.10733,0.1086,120423600.0
2026-05-03 12:00:00+00:00,0.1086,0.10928,0.1086,0.10872,50272713.0
2026-05-03 13:00:00+00:00,0.10872,0.10897,0.10841,0.10855,48692510.0
2026-05-03 14:00:00+00:00,0.10855,0.10882,0.10839,0.10859,24617591.0
2026-05-03 15:00:00+00:00,0.10859,0.1089,0.10819,0.10841,18015255.0
2026-05-03 16:00:00+00:00,0.10841,0.10854,0.10801,0.10824,32173233.0
2026-05-03 17:00:00+00:00,0.10824,0.10869,0.10789,0.10841,41428943.0
2026-05-03 18:00:00+00:00,0.10841,0.10854,0.10823,0.10835,11609414.0
2026-05-03 19:00:00+00:00,0.10835,0.10871,0.10828,0.10853,12942064.0
2026-05-03 20:00:00+00:00,0.10853,0.10923,0.1085,0.10872,41685738.0
2026-05-03 21:00:00+00:00,0.10872,0.1091,0.10753,0.10806,87872149.0
2026-05-03 22:00:00+00:00,0.10806,0.10969,0.10806,0.10923,105879655.0
2026-05-03 23:00:00+00:00,0.10923,0.10941,0.10813,0.10823,60263559.0
2026-05-04 00:00:00+00:00,0.10823,0.10902,0.10754,0.10895,88769054.0
2026-05-04 01:00:00+00:00,0.10895,0.11315,0.10893,0.11248,464958965.0
2026-05-04 02:00:00+00:00,0.11248,0.11339,0.11146,0.11295,251409917.0
2026-05-04 03:00:00+00:00,0.11295,0.11373,0.1121,0.11289,105272978.0
2026-05-04 04:00:00+00:00,0.11289,0.1135,0.1127,0.11301,66014568.0
2026-05-04 05:00:00+00:00,0.11301,0.11312,0.1123,0.11245,51008459.0
2026-05-04 06:00:00+00:00,0.11245,0.11256,0.11086,0.11199,133864128.0
2026-05-04 07:00:00+00:00,0.11199,0.11264,0.11182,0.11226,48332049.0
2026-05-04 08:00:00+00:00,0.11226,0.11237,0.11181,0.11188,34550397.0
2026-05-04 09:00:00+00:00,0.11188,0.11233,0.11142,0.11183,58762406.0
2026-05-04 10:00:00+00:00,0.11183,0.11188,0.10835,0.11018,626251886.0
2026-05-04 11:00:00+00:00,0.11018,0.11062,0.10991,0.11039,91864247.0
2026-05-04 12:00:00+00:00,0.11039,0.11087,0.11016,0.11029,69230050.0
2026-05-04 13:00:00+00:00,0.11029,0.11125,0.1097,0.11063,130982516.0
2026-05-04 14:00:00+00:00,0.11063,0.11265,0.11012,0.11196,217620850.0
2026-05-04 15:00:00+00:00,0.11196,0.11207,0.10956,0.1102,323949595.0
2026-05-04 16:00:00+00:00,0.1102,0.11087,0.10977,0.11046,153250858.0
2026-05-04 17:00:00+00:00,0.11046,0.11154,0.11039,0.11111,110354787.0
2026-05-04 18:00:00+00:00,0.11111,0.1113,0.11061,0.11099,66051637.0
2026-05-04 19:00:00+00:00,0.11099,0.11103,0.11016,0.11035,48739364.0
2026-05-04 20:00:00+00:00,0.11035,0.11038,0.10991,0.11018,31282544.0
2026-05-04 21:00:00+00:00,0.11018,0.1109,0.11008,0.1105,39090919.0
2026-05-04 22:00:00+00:00,0.1105,0.11088,0.11008,0.11027,39226956.0
2026-05-04 23:00:00+00:00,0.11027,0.11029,0.10995,0.11004,35411902.0
2026-05-05 00:00:00+00:00,0.11004,0.11099,0.10985,0.11071,51934310.0
2026-05-05 01:00:00+00:00,0.11071,0.11125,0.11045,0.11091,36885706.0
2026-05-05 02:00:00+00:00,0.11091,0.11168,0.11089,0.11125,54085867.0
2026-05-05 03:00:00+00:00,0.11125,0.11176,0.11117,0.11134,50781711.0
2026-05-05 04:00:00+00:00,0.11134,0.11176,0.11118,0.11136,98556714.0
2026-05-05 05:00:00+00:00,0.11136,0.11195,0.11125,0.11161,78302876.0
2026-05-05 06:00:00+00:00,0.11161,0.11173,0.1112,0.11167,37346741.0
2026-05-05 07:00:00+00:00,0.11167,0.11185,0.11127,0.1114,41743831.0
2026-05-05 08:00:00+00:00,0.1114,0.11164,0.11125,0.1116,38526055.0
2026-05-05 09:00:00+00:00,0.1116,0.11162,0.11068,0.11106,53835587.0
2026-05-05 10:00:00+00:00,0.11106,0.11176,0.11095,0.11174,37688556.0
2026-05-05 11:00:00+00:00,0.11174,0.11213,0.11129,0.11189,53187336.0
2026-05-05 12:00:00+00:00,0.11189,0.11216,0.11173,0.11197,31163120.0
2026-05-05 13:00:00+00:00,0.11197,0.1128,0.11187,0.11234,116286438.0
2026-05-05 14:00:00+00:00,0.11234,0.11278,0.11145,0.11227,135928995.0
2026-05-05 15:00:00+00:00,0.11227,0.11288,0.11217,0.11232,55953218.0
2026-05-05 16:00:00+00:00,0.11232,0.1126,0.11157,0.11252,102409130.0
2026-05-05 17:00:00+00:00,0.11252,0.11448,0.11241,0.11364,261093164.0
2026-05-05 18:00:00+00:00,0.11364,0.11412,0.11321,0.1133,79941656.0
2026-05-05 19:00:00+00:00,0.1133,0.11404,0.11324,0.11347,43260244.0
2026-05-05 20:00:00+00:00,0.11347,0.11422,0.11304,0.11395,61835961.0
2026-05-05 21:00:00+00:00,0.11395,0.11568,0.11347,0.11535,123433995.0
2026-05-05 22:00:00+00:00,0.11535,0.11649,0.11475,0.11527,199741709.0
2026-05-05 23:00:00+00:00,0.11527,0.11587,0.1143,0.11477,96036182.0
2026-05-06 00:00:00+00:00,0.11477,0.11499,0.11371,0.11428,116810105.0
2026-05-06 01:00:00+00:00,0.11428,0.11532,0.11411,0.11493,118002252.0
2026-05-06 02:00:00+00:00,0.11493,0.11559,0.11439,0.11556,103388987.0
2026-05-06 03:00:00+00:00,0.11556,0.11605,0.11486,0.11588,91664128.0
2026-05-06 04:00:00+00:00,0.11588,0.11594,0.11486,0.11494,59017766.0
2026-05-06 05:00:00+00:00,0.11494,0.11609,0.11471,0.11582,116145015.0
2026-05-06 06:00:00+00:00,0.11582,0.11599,0.11504,0.11531,85311608.0
2026-05-06 07:00:00+00:00,0.11531,0.11648,0.11473,0.11567,198170913.0
2026-05-06 08:00:00+00:00,0.11567,0.11687,0.11554,0.11677,90655722.0
2026-05-06 09:00:00+00:00,0.11677,0.11681,0.11573,0.11631,202199258.0
2026-05-06 10:00:00+00:00,0.11631,0.1166,0.11587,0.1164,60339477.0
2026-05-06 11:00:00+00:00,0.1164,0.11701,0.11615,0.11651,93579015.0
2026-05-06 12:00:00+00:00,0.11651,0.11671,0.1159,0.11601,80857058.0
2026-05-06 13:00:00+00:00,0.11601,0.11602,0.11129,0.11272,627811598.0
2026-05-06 14:00:00+00:00,0.11272,0.11369,0.11182,0.11283,170036069.0
2026-05-06 15:00:00+00:00,0.11283,0.11362,0.11264,0.11303,89336758.0
2026-05-06 16:00:00+00:00,0.11303,0.11358,0.11241,0.11315,75497521.0
2026-05-06 17:00:00+00:00,0.11315,0.11352,0.11287,0.11308,28377925.0
2026-05-06 18:00:00+00:00,0.11308,0.1133,0.11268,0.1127,47051959.0
2026-05-06 19:00:00+00:00,0.1127,0.11297,0.11249,0.11292,24320567.0
2026-05-06 20:00:00+00:00,0.11292,0.11322,0.11224,0.11269,34153660.0
2026-05-06 21:00:00+00:00,0.11269,0.11308,0.11252,0.11294,32459302.0
2026-05-06 22:00:00+00:00,0.11294,0.11296,0.11211,0.11235,28969313.0
2026-05-06 23:00:00+00:00,0.11235,0.11244,0.11184,0.11239,42513821.0
2026-05-07 00:00:00+00:00,0.11239,0.11244,0.11116,0.11138,161166934.0
2026-05-07 01:00:00+00:00,0.11138,0.1115,0.11028,0.11107,114441314.0
2026-05-07 02:00:00+00:00,0.11107,0.11115,0.1101,0.11055,70360171.0
2026-05-07 03:00:00+00:00,0.11055,0.11079,0.11013,0.11024,48294799.0
2026-05-07 04:00:00+00:00,0.11024,0.1107,0.11002,0.1106,66148239.0
2026-05-07 05:00:00+00:00,0.1106,0.11133,0.11038,0.11069,114860597.0
2026-05-07 06:00:00+00:00,0.11069,0.11141,0.11035,0.1114,81156900.0
2026-05-07 07:00:00+00:00,0.1114,0.11169,0.11119,0.11163,59333061.0
2026-05-07 08:00:00+00:00,0.11163,0.11174,0.11124,0.11138,81676663.0
2026-05-07 09:00:00+00:00,0.11138,0.11173,0.11118,0.11129,95381660.0
2026-05-07 10:00:00+00:00,0.11129,0.11173,0.11073,0.11099,95064476.0
2026-05-07 11:00:00+00:00,0.11099,0.11137,0.11077,0.11107,44402449.0
2026-05-07 12:00:00+00:00,0.11107,0.11157,0.11104,0.11148,22948353.0
2026-05-07 13:00:00+00:00,0.11148,0.11148,0.10786,0.10936,296497653.0
2026-05-07 14:00:00+00:00,0.10936,0.10968,0.10823,0.10893,179349315.0
2026-05-07 15:00:00+00:00,0.10893,0.10947,0.10666,0.10793,319730264.0
2026-05-07 16:00:00+00:00,0.10793,0.10826,0.10736,0.10762,75073663.0
2026-05-07 17:00:00+00:00,0.10762,0.10801,0.10704,0.10795,93946291.0
2026-05-07 18:00:00+00:00,0.10795,0.10854,0.10775,0.10801,59637416.0
2026-05-07 19:00:00+00:00,0.10801,0.10827,0.10771,0.10789,32408349.0
2026-05-07 20:00:00+00:00,0.10789,0.10842,0.10773,0.10773,24449459.0
2026-05-07 21:00:00+00:00,0.10773,0.1081,0.10732,0.1077,72222170.0
2026-05-07 22:00:00+00:00,0.1077,0.10784,0.10732,0.10767,43294654.0
2026-05-07 23:00:00+00:00,0.10767,0.1079,0.10748,0.10779,24897392.0
2026-05-08 00:00:00+00:00,0.10779,0.10801,0.10677,0.10693,96587903.0
2026-05-08 01:00:00+00:00,0.10693,0.10707,0.10613,0.10665,89777566.0
2026-05-08 02:00:00+00:00,0.10665,0.10665,0.10564,0.1063,130810923.0
2026-05-08 03:00:00+00:00,0.1063,0.10661,0.10581,0.10638,42986130.0
2026-05-08 04:00:00+00:00,0.10638,0.1066,0.1062,0.10646,21787073.0
2026-05-08 05:00:00+00:00,0.10646,0.10653,0.10587,0.10591,25856867.0
2026-05-08 06:00:00+00:00,0.10591,0.10639,0.10558,0.10626,70552648.0
2026-05-08 07:00:00+00:00,0.10626,0.10646,0.10586,0.10629,80950685.0
2026-05-08 08:00:00+00:00,0.10629,0.1072,0.10613,0.10699,124851494.0
2026-05-08 09:00:00+00:00,0.10699,0.10772,0.10678,0.10711,70178086.0
2026-05-08 10:00:00+00:00,0.10711,0.10763,0.10676,0.10737,53686147.0
2026-05-08 11:00:00+00:00,0.10737,0.10763,0.10722,0.10736,33918952.0
2026-05-08 12:00:00+00:00,0.10736,0.10764,0.10652,0.10662,72721582.0
2026-05-08 13:00:00+00:00,0.10662,0.10688,0.10626,0.10671,68040129.0
2026-05-08 14:00:00+00:00,0.10671,0.10784,0.10666,0.10772,83298181.0
2026-05-08 15:00:00+00:00,0.10772,0.10818,0.10684,0.10803,79748802.0
2026-05-08 16:00:00+00:00,0.10803,0.1081,0.10722,0.10734,38103514.0
2026-05-08 17:00:00+00:00,0.10734,0.10839,0.10731,0.10799,73697851.0
2026-05-08 18:00:00+00:00,0.10799,0.10898,0.10799,0.10845,82778601.0
2026-05-08 19:00:00+00:00,0.10845,0.10906,0.10821,0.10889,61696436.0
2026-05-08 20:00:00+00:00,0.10889,0.10943,0.10839,0.10862,63670164.0
2026-05-08 21:00:00+00:00,0.10862,0.10928,0.10852,0.10926,32597415.0
2026-05-08 22:00:00+00:00,0.10926,0.1096,0.10912,0.10951,32354340.0
2026-05-08 23:00:00+00:00,0.10951,0.10952,0.10908,0.10945,23486587.0
2026-05-09 00:00:00+00:00,0.10945,0.10981,0.10931,0.10943,35457464.0
2026-05-09 01:00:00+00:00,0.10943,0.11081,0.10938,0.11041,77676120.0
2026-05-09 02:00:00+00:00,0.11041,0.11109,0.11037,0.11045,62288077.0
2026-05-09 03:00:00+00:00,0.11045,0.1109,0.11013,0.11029,44043864.0
2026-05-09 04:00:00+00:00,0.11029,0.11126,0.11029,0.1106,61282069.0
2026-05-09 05:00:00+00:00,0.1106,0.11074,0.10982,0.11062,61098935.0
2026-05-09 06:00:00+00:00,0.11062,0.11131,0.11029,0.1106,91306938.0
2026-05-09 07:00:00+00:00,0.1106,0.11062,0.10984,0.11014,68271642.0
2026-05-09 08:00:00+00:00,0.11014,0.11061,0.11014,0.1103,21669734.0
2026-05-09 09:00:00+00:00,0.1103,0.11031,0.1096,0.10988,56727533.0
2026-05-09 10:00:00+00:00,0.10988,0.10988,0.10936,0.10963,29832497.0
2026-05-09 11:00:00+00:00,0.10963,0.10984,0.1095,0.10953,29618631.0
2026-05-09 12:00:00+00:00,0.10953,0.10971,0.10914,0.10939,33971557.0
2026-05-09 13:00:00+00:00,0.10939,0.10942,0.10865,0.10917,73470540.0
2026-05-09 14:00:00+00:00,0.10917,0.10919,0.10823,0.10842,62239723.0
2026-05-09 15:00:00+00:00,0.10842,0.10875,0.10802,0.10858,48597173.0
2026-05-09 16:00:00+00:00,0.10858,0.10913,0.10842,0.10883,30243078.0
2026-05-09 17:00:00+00:00,0.10883,0.10959,0.10883,0.10937,38667498.0
2026-05-09 18:00:00+00:00,0.10937,0.10992,0.10937,0.10957,21909291.0
2026-05-09 19:00:00+00:00,0.10957,0.10971,0.10943,0.10966,20504196.0
2026-05-09 20:00:00+00:00,0.10966,0.10968,0.10922,0.10928,19236219.0
2026-05-09 21:00:00+00:00,0.10928,0.10948,0.10904,0.10926,19825494.0
2026-05-09 22:00:00+00:00,0.10926,0.10934,0.10898,0.10901,14483276.0
2026-05-09 23:00:00+00:00,0.10901,0.10919,0.10851,0.10867,31249417.0
2026-05-10 00:00:00+00:00,0.10867,0.1089,0.10823,0.10836,37221828.0
2026-05-10 01:00:00+00:00,0.10836,0.10837,0.10773,0.10805,75087556.0
2026-05-10 02:00:00+00:00,0.10805,0.1089,0.10787,0.10852,57160553.0
2026-05-10 03:00:00+00:00,0.10852,0.10879,0.10838,0.10842,22816589.0
2026-05-10 04:00:00+00:00,0.10842,0.10863,0.10828,0.10842,11227229.0
2026-05-10 05:00:00+00:00,0.10842,0.10862,0.10827,0.10833,14268791.0
2026-05-10 06:00:00+00:00,0.10833,0.10843,0.10812,0.10835,23683688.0
2026-05-10 07:00:00+00:00,0.10835,0.10869,0.10824,0.10846,10625770.0
2026-05-10 08:00:00+00:00,0.10846,0.10892,0.10843,0.10869,23264682.0
2026-05-10 09:00:00+00:00,0.10869,0.10909,0.10845,0.10851,56387899.0
2026-05-10 10:00:00+00:00,0.10851,0.10872,0.10775,0.10866,98896737.0
2026-05-10 11:00:00+00:00,0.10866,0.10879,0.10785,0.10815,51254961.0
2026-05-10 12:00:00+00:00,0.10815,0.10827,0.10785,0.10807,30398315.0
2026-05-10 13:00:00+00:00,0.10807,0.10842,0.10797,0.10825,33497918.0
2026-05-10 14:00:00+00:00,0.10825,0.10843,0.10783,0.10826,40610169.0
2026-05-10 15:00:00+00:00,0.10826,0.1091,0.1082,0.10906,48455478.0
2026-05-10 16:00:00+00:00,0.10906,0.10974,0.10883,0.10962,75614822.0
2026-05-10 17:00:00+00:00,0.10962,0.1111,0.10941,0.11086,119369359.0
2026-05-10 18:00:00+00:00,0.11086,0.11168,0.11062,0.11099,100472402.0
2026-05-10 19:00:00+00:00,0.11099,0.11152,0.11027,0.11105,51159156.0
2026-05-10 20:00:00+00:00,0.11105,0.11153,0.10633,0.10788,363818709.0
2026-05-10 21:00:00+00:00,0.10788,0.10888,0.10759,0.10821,139749966.0
2026-05-10 22:00:00+00:00,0.10821,0.11232,0.10798,0.11186,409041028.0
2026-05-10 23:00:00+00:00,0.11186,0.1128,0.11137,0.1124,226972168.0
2026-05-11 00:00:00+00:00,0.1124,0.11271,0.10975,0.11042,251178655.0
2026-05-11 01:00:00+00:00,0.11042,0.11174,0.10993,0.11059,88580619.0
2026-05-11 02:00:00+00:00,0.11059,0.11085,0.10937,0.10975,67668425.0
2026-05-11 03:00:00+00:00,0.10975,0.10979,0.1083,0.10904,155283256.0
2026-05-11 04:00:00+00:00,0.10904,0.10994,0.10867,0.10944,76573539.0
2026-05-11 05:00:00+00:00,0.10944,0.10995,0.10931,0.10977,28086713.0
2026-05-11 06:00:00+00:00,0.10977,0.11007,0.10918,0.10944,35187811.0
2026-05-11 07:00:00+00:00,0.10944,0.10948,0.1085,0.1092,80693743.0
2026-05-11 08:00:00+00:00,0.1092,0.1097,0.10867,0.10941,55372365.0
2026-05-11 09:00:00+00:00,0.10941,0.10996,0.1094,0.1097,22923608.0
2026-05-11 10:00:00+00:00,0.1097,0.11034,0.1096,0.10992,29282676.0
2026-05-11 11:00:00+00:00,0.10992,0.11034,0.1095,0.11025,19663850.0
2026-05-11 12:00:00+00:00,0.11025,0.11046,0.10935,0.1095,52350797.0
2026-05-11 13:00:00+00:00,0.1095,0.11,0.10897,0.10986,63155023.0
2026-05-11 14:00:00+00:00,0.10986,0.11069,0.1088,0.10964,114234038.0
2026-05-11 15:00:00+00:00,0.10964,0.11095,0.10933,0.11086,101571046.0
2026-05-11 16:00:00+00:00,0.11086,0.11155,0.11061,0.11111,86017623.0
2026-05-11 17:00:00+00:00,0.11111,0.11173,0.11065,0.11132,86620115.0
2026-05-11 18:00:00+00:00,0.11132,0.11143,0.11048,0.11051,43998127.0
2026-05-11 19:00:00+00:00,0.11051,0.11175,0.1103,0.1115,33730094.0
2026-05-11 20:00:00+00:00,0.1115,0.11172,0.11116,0.1114,28122660.0
2026-05-11 21:00:00+00:00,0.1114,0.11157,0.11093,0.11105,25748558.0
2026-05-11 22:00:00+00:00,0.11105,0.11156,0.11093,0.11138,22952464.0
2026-05-11 23:00:00+00:00,0.11138,0.11143,0.11089,0.11124,20327599.0
2026-05-12 00:00:00+00:00,0.11124,0.11154,0.11102,0.11125,16207375.0
2026-05-12 01:00:00+00:00,0.11125,0.11145,0.10963,0.11075,104016246.0
2026-05-12 02:00:00+00:00,0.11075,0.11143,0.11042,0.11071,79424728.0
2026-05-12 03:00:00+00:00,0.11071,0.1109,0.10989,0.11001,35561736.0
2026-05-12 04:00:00+00:00,0.11001,0.11036,0.1097,0.10979,57031920.0
2026-05-12 05:00:00+00:00,0.10979,0.11048,0.10975,0.11032,62545382.0
2026-05-12 06:00:00+00:00,0.11032,0.11122,0.11021,0.1105,93722546.0
2026-05-12 07:00:00+00:00,0.1105,0.1105,0.10969,0.10985,59858754.0
2026-05-12 08:00:00+00:00,0.10985,0.11026,0.10916,0.10976,115239132.0
2026-05-12 09:00:00+00:00,0.10976,0.10979,0.10917,0.10973,42012863.0
2026-05-12 10:00:00+00:00,0.10973,0.10973,0.10883,0.10909,68667668.0
2026-05-12 11:00:00+00:00,0.10909,0.10943,0.10851,0.10939,81473591.0
2026-05-12 12:00:00+00:00,0.10939,0.10959,0.10867,0.10915,88446818.0
2026-05-12 13:00:00+00:00,0.10915,0.10932,0.10802,0.10839,90013292.0
2026-05-12 14:00:00+00:00,0.10839,0.10919,0.10778,0.10877,96123066.0
2026-05-12 15:00:00+00:00,0.10877,0.10906,0.1081,0.10859,185549374.0
2026-05-12 16:00:00+00:00,0.10859,0.109,0.10741,0.10785,105751306.0
2026-05-12 17:00:00+00:00,0.10785,0.1092,0.1078,0.10898,87313014.0
2026-05-12 18:00:00+00:00,0.10898,0.10945,0.10882,0.1092,29302157.0
2026-05-12 19:00:00+00:00,0.1092,0.11025,0.10912,0.1098,86436372.0
2026-05-12 20:00:00+00:00,0.1098,0.11023,0.10974,0.11013,30410138.0
2026-05-12 21:00:00+00:00,0.11013,0.11069,0.10986,0.10997,87625401.0
2026-05-12 22:00:00+00:00,0.10997,0.11037,0.10995,0.11021,20450419.0
2026-05-12 23:00:00+00:00,0.11021,0.11044,0.10981,0.11009,30775118.0
2026-05-13 00:00:00+00:00,0.11009,0.1107,0.10987,0.11061,19714218.0
2026-05-13 01:00:00+00:00,0.11061,0.11171,0.11059,0.11108,108906598.0
2026-05-13 02:00:00+00:00,0.11108,0.11145,0.1108,0.11106,26529610.0
2026-05-13 03:00:00+00:00,0.11106,0.11168,0.11102,0.11167,36338819.0
2026-05-13 04:00:00+00:00,0.11167,0.11279,0.11125,0.11215,89758996.0
2026-05-13 05:00:00+00:00,0.11215,0.11269,0.11153,0.112,67187914.0
2026-05-13 06:00:00+00:00,0.112,0.11241,0.1117,0.11176,40535479.0
2026-05-13 07:00:00+00:00,0.11176,0.11238,0.11132,0.11225,98586515.0
2026-05-13 08:00:00+00:00,0.11225,0.11243,0.11191,0.1123,53169688.0
2026-05-13 09:00:00+00:00,0.1123,0.11459,0.11227,0.11422,253085904.0
2026-05-13 10:00:00+00:00,0.11422,0.11446,0.11351,0.11375,83309111.0
2026-05-13 11:00:00+00:00,0.11375,0.11404,0.11231,0.11261,165929209.0
2026-05-13 12:00:00+00:00,0.11261,0.11306,0.1108,0.11174,229100459.0
2026-05-13 13:00:00+00:00,0.11174,0.1123,0.11037,0.11047,129962040.0
2026-05-13 14:00:00+00:00,0.11047,0.11183,0.10984,0.11177,130666261.0
2026-05-13 15:00:00+00:00,0.11177,0.11217,0.10954,0.10986,152423034.0
2026-05-13 16:00:00+00:00,0.10986,0.11206,0.1098,0.11192,124945274.0
2026-05-13 17:00:00+00:00,0.11192,0.1133,0.1119,0.11307,138938748.0
2026-05-13 18:00:00+00:00,0.11307,0.11471,0.11307,0.11333,163099176.0
2026-05-13 19:00:00+00:00,0.11333,0.11347,0.11233,0.1129,73554887.0
2026-05-13 20:00:00+00:00,0.1129,0.11348,0.11269,0.11336,41257146.0
2026-05-13 21:00:00+00:00,0.11336,0.11345,0.11227,0.11285,44408932.0
2026-05-13 22:00:00+00:00,0.11285,0.11366,0.11228,0.11352,74515235.0
2026-05-13 23:00:00+00:00,0.11352,0.11395,0.1126,0.11262,72602467.0
2026-05-14 00:00:00+00:00,0.11262,0.1154,0.11231,0.11433,313499683.0
2026-05-14 01:00:00+00:00,0.11433,0.11492,0.11375,0.11449,165364985.0
2026-05-14 02:00:00+00:00,0.11449,0.11485,0.1132,0.1134,88433763.0
2026-05-14 03:00:00+00:00,0.1134,0.11377,0.11203,0.11235,135392782.0
2026-05-14 04:00:00+00:00,0.11235,0.11305,0.11185,0.11295,99115113.0
2026-05-14 05:00:00+00:00,0.11295,0.11518,0.11286,0.11504,177466118.0
2026-05-14 06:00:00+00:00,0.11504,0.11536,0.11367,0.1145,145345616.0
2026-05-14 07:00:00+00:00,0.1145,0.115,0.11374,0.11384,162822296.0
2026-05-14 08:00:00+00:00,0.11384,0.11396,0.11303,0.1133,95624993.0
2026-05-14 09:00:00+00:00,0.1133,0.11355,0.11268,0.11326,85708725.0
2026-05-14 10:00:00+00:00,0.11326,0.11373,0.11293,0.11363,73361926.0
2026-05-14 11:00:00+00:00,0.11363,0.11375,0.11302,0.11307,46440507.0
2026-05-14 12:00:00+00:00,0.11307,0.11574,0.11296,0.11524,202398499.0
2026-05-14 13:00:00+00:00,0.11524,0.11665,0.11409,0.1143,377657056.0
2026-05-14 14:00:00+00:00,0.1143,0.11538,0.11397,0.11493,252728567.0
2026-05-14 15:00:00+00:00,0.11493,0.11525,0.11353,0.11389,292121640.0
2026-05-14 16:00:00+00:00,0.11389,0.11619,0.11331,0.11604,460036046.0
2026-05-14 17:00:00+00:00,0.11604,0.11634,0.11501,0.11588,115474192.0
2026-05-14 18:00:00+00:00,0.11588,0.11859,0.11566,0.1173,420802637.0
2026-05-14 19:00:00+00:00,0.1173,0.11779,0.11571,0.11609,86298290.0
2026-05-14 20:00:00+00:00,0.11609,0.11624,0.11471,0.11595,193345725.0
2026-05-14 21:00:00+00:00,0.11595,0.11672,0.11536,0.11666,84705911.0
2026-05-14 22:00:00+00:00,0.11666,0.11678,0.11623,0.11634,28230043.0
2026-05-14 23:00:00+00:00,0.11634,0.11634,0.11501,0.11537,66856702.0
2026-05-15 00:00:00+00:00,0.11537,0.11693,0.11537,0.11664,99740363.0
2026-05-15 01:00:00+00:00,0.11664,0.11741,0.11592,0.11599,121331206.0
2026-05-15 02:00:00+00:00,0.11599,0.11669,0.1151,0.11641,118968488.0
2026-05-15 03:00:00+00:00,0.11641,0.11668,0.11549,0.11605,85471292.0
2026-05-15 04:00:00+00:00,0.11605,0.11607,0.1142,0.11427,87965472.0
2026-05-15 05:00:00+00:00,0.11427,0.11462,0.1126,0.1134,243997867.0
2026-05-15 06:00:00+00:00,0.1134,0.11473,0.11328,0.11453,90896637.0
2026-05-15 07:00:00+00:00,0.11453,0.11511,0.11411,0.11481,116079834.0
2026-05-15 08:00:00+00:00,0.11481,0.11539,0.1138,0.11521,125691755.0
2026-05-15 09:00:00+00:00,0.11521,0.11559,0.11413,0.11431,138173649.0
2026-05-15 10:00:00+00:00,0.11431,0.11541,0.11414,0.11524,52201777.0
2026-05-15 11:00:00+00:00,0.11524,0.11526,0.11432,0.11438,41004589.0
2026-05-15 12:00:00+00:00,0.11438,0.11443,0.11358,0.11413,84822261.0
2026-05-15 13:00:00+00:00,0.11413,0.11413,0.11087,0.11133,263726403.0
2026-05-15 14:00:00+00:00,0.11133,0.11259,0.11093,0.11178,203050781.0
2026-05-15 15:00:00+00:00,0.11178,0.11199,0.11066,0.11152,110177152.0
2026-05-15 16:00:00+00:00,0.11152,0.11297,0.11142,0.1126,141033257.0
2026-05-15 17:00:00+00:00,0.1126,0.11299,0.11206,0.11256,50570176.0
2026-05-15 18:00:00+00:00,0.11256,0.11341,0.11256,0.11306,61264002.0
2026-05-15 19:00:00+00:00,0.11306,0.11334,0.11258,0.11291,34738128.0
2026-05-15 20:00:00+00:00,0.11291,0.11328,0.1125,0.11312,34612228.0
2026-05-15 21:00:00+00:00,0.11312,0.11337,0.11271,0.11286,25055672.0
2026-05-15 22:00:00+00:00,0.11286,0.11376,0.11274,0.11358,28508672.0
2026-05-15 23:00:00+00:00,0.11358,0.11375,0.11318,0.1133,37264604.0
2026-05-16 00:00:00+00:00,0.1133,0.11342,0.11272,0.11285,58829586.0
2026-05-16 01:00:00+00:00,0.11285,0.11291,0.11215,0.11261,60522343.0
2026-05-16 02:00:00+00:00,0.11261,0.11284,0.11226,0.11246,13317411.0
2026-05-16 03:00:00+00:00,0.11246,0.11276,0.11229,0.11254,30718958.0
2026-05-16 04:00:00+00:00,0.11254,0.11259,0.11088,0.11165,117361627.0
2026-05-16 05:00:00+00:00,0.11165,0.11203,0.11126,0.11157,95108196.0
2026-05-16 06:00:00+00:00,0.11157,0.11168,0.11021,0.11055,95098361.0
2026-05-16 07:00:00+00:00,0.11055,0.11056,0.10898,0.11007,197764921.0
2026-05-16 08:00:00+00:00,0.11007,0.11038,0.10992,0.10998,34622237.0
2026-05-16 09:00:00+00:00,0.10998,0.1102,0.10867,0.10921,132078144.0
2026-05-16 10:00:00+00:00,0.10921,0.10935,0.10815,0.10871,133362805.0
2026-05-16 11:00:00+00:00,0.10871,0.1094,0.10871,0.10891,37681380.0
2026-05-16 12:00:00+00:00,0.10891,0.10908,0.10846,0.10862,46966558.0
2026-05-16 13:00:00+00:00,0.10862,0.10866,0.10768,0.10854,119944506.0
2026-05-16 14:00:00+00:00,0.10854,0.10972,0.10828,0.10892,66044466.0
2026-05-16 15:00:00+00:00,0.10892,0.10989,0.10887,0.10962,72396666.0
2026-05-16 16:00:00+00:00,0.10962,0.11004,0.10941,0.10974,37336455.0
2026-05-16 17:00:00+00:00,0.10974,0.10998,0.10946,0.10951,14416210.0
2026-05-16 18:00:00+00:00,0.10951,0.10968,0.10922,0.10939,35539182.0
2026-05-16 19:00:00+00:00,0.10939,0.10973,0.10932,0.10956,12881949.0
2026-05-16 20:00:00+00:00,0.10956,0.10982,0.10939,0.10956,9772673.0
2026-05-16 21:00:00+00:00,0.10956,0.11017,0.10944,0.10976,23043236.0
2026-05-16 22:00:00+00:00,0.10976,0.10978,0.10936,0.10942,12901277.0
2026-05-16 23:00:00+00:00,0.10942,0.10948,0.10919,0.10931,13696916.0
2026-05-17 00:00:00+00:00,0.10931,0.10959,0.10882,0.10909,19374763.0
2026-05-17 01:00:00+00:00,0.10909,0.10916,0.10804,0.10805,55604446.0
2026-05-17 02:00:00+00:00,0.10805,0.10874,0.10801,0.10858,30687086.0
2026-05-17 03:00:00+00:00,0.10858,0.10943,0.10857,0.10913,21443140.0
2026-05-17 04:00:00+00:00,0.10913,0.10981,0.10906,0.10964,24261872.0
2026-05-17 05:00:00+00:00,0.10964,0.11035,0.10961,0.10991,35509227.0
2026-05-17 06:00:00+00:00,0.10991,0.11013,0.10939,0.10961,27890121.0
2026-05-17 07:00:00+00:00,0.10961,0.11024,0.1095,0.11013,23540212.0
2026-05-17 08:00:00+00:00,0.11013,0.11033,0.10972,0.11019,24958611.0
2026-05-17 09:00:00+00:00,0.11019,0.11108,0.11008,0.111,51929847.0
2026-05-17 10:00:00+00:00,0.111,0.11188,0.11097,0.11166,78311652.0
2026-05-17 11:00:00+00:00,0.11166,0.11172,0.11115,0.11144,25691936.0
2026-05-17 12:00:00+00:00,0.11144,0.11274,0.11144,0.112,79020042.0
2026-05-17 13:00:00+00:00,0.112,0.11202,0.11092,0.1116,84958559.0
2026-05-17 14:00:00+00:00,0.1116,0.11166,0.11045,0.1107,87454770.0
2026-05-17 15:00:00+00:00,0.1107,0.11102,0.11016,0.11037,43382753.0
2026-05-17 16:00:00+00:00,0.11037,0.11061,0.10977,0.10999,60843921.0
2026-05-17 17:00:00+00:00,0.10999,0.11019,0.1095,0.10988,55987547.0
2026-05-17 18:00:00+00:00,0.10988,0.11038,0.10957,0.1103,36107440.0
2026-05-17 19:00:00+00:00,0.1103,0.11095,0.11029,0.11068,30711327.0
2026-05-17 20:00:00+00:00,0.11068,0.11084,0.11038,0.11051,21998215.0
2026-05-17 21:00:00+00:00,0.11051,0.11139,0.11026,0.11117,58848821.0
2026-05-17 22:00:00+00:00,0.11117,0.11125,0.10927,0.10947,60482201.0
2026-05-17 23:00:00+00:00,0.10947,0.10954,0.10537,0.10892,687373507.0
2026-05-18 00:00:00+00:00,0.10892,0.10898,0.10645,0.10686,212444106.0
2026-05-18 01:00:00+00:00,0.10686,0.10701,0.10579,0.10666,86639005.0
2026-05-18 02:00:00+00:00,0.10666,0.10713,0.10631,0.10657,32884133.0
2026-05-18 03:00:00+00:00,0.10657,0.10709,0.10612,0.1065,33627773.0
2026-05-18 04:00:00+00:00,0.1065,0.10689,0.1059,0.1068,34382783.0
2026-05-18 05:00:00+00:00,0.1068,0.10698,0.10587,0.10604,53191305.0
2026-05-18 06:00:00+00:00,0.10604,0.10617,0.10351,0.10463,349536727.0
2026-05-18 07:00:00+00:00,0.10463,0.10493,0.10357,0.10423,145073034.0
2026-05-18 08:00:00+00:00,0.10423,0.10462,0.10393,0.10433,57012119.0
2026-05-18 09:00:00+00:00,0.10433,0.1044,0.10388,0.10397,30451913.0
2026-05-18 10:00:00+00:00,0.10397,0.10444,0.10369,0.10397,53347461.0
2026-05-18 11:00:00+00:00,0.10397,0.10617,0.10374,0.10501,171894820.0
2026-05-18 12:00:00+00:00,0.10501,0.10635,0.105,0.10628,174262992.0
2026-05-18 13:00:00+00:00,0.10628,0.10636,0.10418,0.10501,179724221.0
2026-05-18 14:00:00+00:00,0.10501,0.10501,0.10382,0.10416,153033766.0
2026-05-18 15:00:00+00:00,0.10416,0.10435,0.10301,0.10386,177999731.0
2026-05-18 16:00:00+00:00,0.10386,0.10431,0.10318,0.1036,83359885.0
2026-05-18 17:00:00+00:00,0.1036,0.10422,0.10343,0.10396,31966959.0
2026-05-18 18:00:00+00:00,0.10396,0.10402,0.10244,0.1026,124938684.0
2026-05-18 19:00:00+00:00,0.1026,0.1049,0.10254,0.10472,181130157.0
2026-05-18 20:00:00+00:00,0.10472,0.1052,0.10398,0.10414,64205170.0
2026-05-18 21:00:00+00:00,0.10414,0.1051,0.10386,0.10502,65887295.0
2026-05-18 22:00:00+00:00,0.10502,0.10555,0.10461,0.10494,61098973.0
2026-05-18 23:00:00+00:00,0.10494,0.10517,0.10456,0.1047,27521395.0
2026-05-19 00:00:00+00:00,0.1047,0.10547,0.10459,0.10516,34101312.0
2026-05-19 01:00:00+00:00,0.10516,0.10516,0.10412,0.10422,67868377.0
2026-05-19 02:00:00+00:00,0.10422,0.10473,0.10378,0.10407,25667015.0
2026-05-19 03:00:00+00:00,0.10407,0.1046,0.10394,0.10427,24624705.0
2026-05-19 04:00:00+00:00,0.10427,0.10529,0.10413,0.10524,66656441.0
2026-05-19 05:00:00+00:00,0.10524,0.10533,0.10413,0.10448,50305557.0
2026-05-19 06:00:00+00:00,0.10448,0.10463,0.10405,0.10441,51809109.0
2026-05-19 07:00:00+00:00,0.10441,0.10514,0.10414,0.10514,71844560.0
2026-05-19 08:00:00+00:00,0.10514,0.10517,0.10442,0.10442,51028639.0
2026-05-19 09:00:00+00:00,0.10442,0.10466,0.10367,0.10412,48214181.0
2026-05-19 10:00:00+00:00,0.10412,0.10442,0.10351,0.10415,64523842.0
2026-05-19 11:00:00+00:00,0.10415,0.10432,0.1036,0.10366,25839705.0
2026-05-19 12:00:00+00:00,0.10366,0.10423,0.10341,0.10407,63144719.0
2026-05-19 13:00:00+00:00,0.10407,0.10458,0.10347,0.10426,92889405.0
2026-05-19 14:00:00+00:00,0.10426,0.10445,0.1028,0.10334,101469055.0
2026-05-19 15:00:00+00:00,0.10334,0.10386,0.10319,0.10355,25909064.0
2026-05-19 16:00:00+00:00,0.10355,0.10419,0.10331,0.10407,30457926.0
2026-05-19 17:00:00+00:00,0.10407,0.10419,0.10344,0.10365,24013436.0
2026-05-19 18:00:00+00:00,0.10365,0.10379,0.10328,0.10341,19498078.0
2026-05-19 19:00:00+00:00,0.10341,0.10385,0.10307,0.10322,20128349.0
2026-05-19 20:00:00+00:00,0.10322,0.10364,0.10322,0.10357,20684964.0
2026-05-19 21:00:00+00:00,0.10357,0.10378,0.10343,0.10348,13541255.0
2026-05-19 22:00:00+00:00,0.10348,0.10348,0.1026,0.10273,44010916.0
2026-05-19 23:00:00+00:00,0.10273,0.10328,0.10259,0.10295,17689825.0
2026-05-20 00:00:00+00:00,0.10295,0.10306,0.10179,0.1027,99288233.0
2026-05-20 01:00:00+00:00,0.1027,0.10297,0.10221,0.10271,42175880.0
2026-05-20 02:00:00+00:00,0.10271,0.10301,0.10239,0.10251,18575563.0
2026-05-20 03:00:00+00:00,0.10251,0.10306,0.10233,0.10283,25086276.0
2026-05-20 04:00:00+00:00,0.10283,0.10293,0.10212,0.1024,82738015.0
2026-05-20 05:00:00+00:00,0.1024,0.1037,0.1024,0.10349,86591228.0
2026-05-20 06:00:00+00:00,0.10349,0.10409,0.10342,0.10398,36718318.0
2026-05-20 07:00:00+00:00,0.10398,0.10406,0.10341,0.10354,29800034.0
2026-05-20 08:00:00+00:00,0.10354,0.10406,0.1034,0.10375,33412512.0
2026-05-20 09:00:00+00:00,0.10375,0.10389,0.10346,0.10361,23790631.0
2026-05-20 10:00:00+00:00,0.10361,0.10408,0.10361,0.10384,19215055.0
2026-05-20 11:00:00+00:00,0.10384,0.10396,0.10345,0.10365,23543317.0
2026-05-20 12:00:00+00:00,0.10365,0.10444,0.10344,0.10412,29928798.0
2026-05-20 13:00:00+00:00,0.10412,0.10424,0.10295,0.10358,69814838.0
2026-05-20 14:00:00+00:00,0.10358,0.10453,0.10316,0.10431,85791524.0
2026-05-20 15:00:00+00:00,0.10431,0.10493,0.10383,0.10414,116170088.0
2026-05-20 16:00:00+00:00,0.10414,0.10453,0.10356,0.10432,56254547.0
2026-05-20 17:00:00+00:00,0.10432,0.10479,0.10409,0.10442,50827163.0
2026-05-20 18:00:00+00:00,0.10442,0.10457,0.10389,0.10402,27005885.0
2026-05-20 19:00:00+00:00,0.10402,0.10444,0.10396,0.10418,24935328.0
2026-05-20 20:00:00+00:00,0.10418,0.10436,0.10367,0.10409,38095521.0
2026-05-20 21:00:00+00:00,0.10409,0.10419,0.10371,0.10372,20657124.0
2026-05-20 22:00:00+00:00,0.10372,0.10372,0.10288,0.10352,48094814.0
2026-05-20 23:00:00+00:00,0.10352,0.10368,0.10319,0.10366,14429559.0
2026-05-21 00:00:00+00:00,0.10366,0.10458,0.1036,0.1045,33746649.0
2026-05-21 01:00:00+00:00,0.1045,0.10488,0.10433,0.10459,36594138.0
2026-05-21 02:00:00+00:00,0.10459,0.10525,0.1045,0.10504,44098442.0
2026-05-21 03:00:00+00:00,0.10504,0.1058,0.10488,0.10561,91090235.0
2026-05-21 04:00:00+00:00,0.10561,0.1061,0.10503,0.10553,92565293.0
2026-05-21 05:00:00+00:00,0.10553,0.10589,0.10528,0.10585,49487604.0
2026-05-21 06:00:00+00:00,0.10585,0.10602,0.10478,0.10503,86911030.0
2026-05-21 07:00:00+00:00,0.10503,0.10572,0.1048,0.10558,45548844.0
2026-05-21 08:00:00+00:00,0.10558,0.10635,0.10553,0.10578,78972856.0
2026-05-21 09:00:00+00:00,0.10578,0.10581,0.10499,0.10517,62616428.0
2026-05-21 10:00:00+00:00,0.10517,0.10528,0.10375,0.10401,119798086.0
2026-05-21 11:00:00+00:00,0.10401,0.10457,0.10384,0.10423,34040843.0
2026-05-21 12:00:00+00:00,0.10423,0.10474,0.10402,0.10452,41762262.0
2026-05-21 13:00:00+00:00,0.10452,0.1048,0.10377,0.10471,82426017.0
2026-05-21 14:00:00+00:00,0.10471,0.10486,0.1038,0.10417,71144217.0
2026-05-21 15:00:00+00:00,0.10417,0.10492,0.10389,0.10466,58209597.0
2026-05-21 16:00:00+00:00,0.10466,0.10487,0.10419,0.10447,35817945.0
2026-05-21 17:00:00+00:00,0.10447,0.1065,0.10432,0.10616,158835719.0
2026-05-21 18:00:00+00:00,0.10616,0.10631,0.1049,0.10545,73065114.0
2026-05-21 19:00:00+00:00,0.10545,0.10593,0.10535,0.10573,49083688.0
2026-05-21 20:00:00+00:00,0.10573,0.10608,0.10554,0.10561,18555255.0
2026-05-21 21:00:00+00:00,0.10561,0.10573,0.10531,0.10546,21946953.0
2026-05-21 22:00:00+00:00,0.10546,0.10554,0.10516,0.10537,15175126.0
2026-05-21 23:00:00+00:00,0.10537,0.10568,0.10511,0.10561,19708644.0
2026-05-22 00:00:00+00:00,0.10561,0.10565,0.10509,0.10509,15758239.0
2026-05-22 01:00:00+00:00,0.10509,0.10599,0.10494,0.10596,44004484.0
2026-05-22 02:00:00+00:00,0.10596,0.10623,0.10572,0.10593,40520489.0
2026-05-22 03:00:00+00:00,0.10593,0.10618,0.10569,0.10585,19455724.0
2026-05-22 04:00:00+00:00,0.10585,0.10614,0.10563,0.10571,11571132.0
2026-05-22 05:00:00+00:00,0.10571,0.10609,0.10547,0.10557,21876385.0
2026-05-22 06:00:00+00:00,0.10557,0.10568,0.10513,0.10522,24471988.0
2026-05-22 07:00:00+00:00,0.10522,0.10579,0.10485,0.10553,37220968.0
2026-05-22 08:00:00+00:00,0.10553,0.10594,0.10539,0.10575,47759144.0
2026-05-22 09:00:00+00:00,0.10575,0.10601,0.10549,0.1057,24448787.0
2026-05-22 10:00:00+00:00,0.1057,0.10585,0.10546,0.10578,12144636.0
2026-05-22 11:00:00+00:00,0.10578,0.10644,0.10554,0.10638,44043920.0
2026-05-22 12:00:00+00:00,0.10638,0.10675,0.1061,0.10658,59615245.0
2026-05-22 13:00:00+00:00,0.10658,0.10668,0.10595,0.10647,53844133.0
2026-05-22 14:00:00+00:00,0.10647,0.10647,0.10516,0.1054,72521022.0
2026-05-22 15:00:00+00:00,0.1054,0.10633,0.10513,0.10602,55238449.0
2026-05-22 16:00:00+00:00,0.10602,0.10633,0.10561,0.10598,28576562.0
2026-05-22 17:00:00+00:00,0.10598,0.10622,0.10537,0.1054,50341780.0
2026-05-22 18:00:00+00:00,0.1054,0.10548,0.10312,0.1042,240994259.0
2026-05-22 19:00:00+00:00,0.1042,0.10443,0.10262,0.1034,189014038.0
2026-05-22 20:00:00+00:00,0.1034,0.10406,0.10338,0.10393,83319764.0
2026-05-22 21:00:00+00:00,0.10393,0.10432,0.10385,0.10424,40918794.0
2026-05-22 22:00:00+00:00,0.10424,0.10429,0.10315,0.10344,35216271.0
2026-05-22 23:00:00+00:00,0.10344,0.10374,0.10149,0.10228,151420653.0
2026-05-23 00:00:00+00:00,0.10228,0.10232,0.10064,0.10128,178486727.0
2026-05-23 01:00:00+00:00,0.10128,0.1018,0.10128,0.10173,41108606.0
2026-05-23 02:00:00+00:00,0.10173,0.10179,0.10145,0.10169,22110339.0
2026-05-23 03:00:00+00:00,0.10169,0.10186,0.10158,0.10163,11134973.0
2026-05-23 04:00:00+00:00,0.10163,0.1017,0.1013,0.10145,18072029.0
2026-05-23 05:00:00+00:00,0.10145,0.10162,0.1011,0.10119,89132210.0
2026-05-23 06:00:00+00:00,0.10119,0.10127,0.10032,0.10083,82367790.0
2026-05-23 07:00:00+00:00,0.10083,0.10096,0.09692,0.09883,507754909.0
2026-05-23 08:00:00+00:00,0.09883,0.09974,0.09871,0.09963,138343340.0
2026-05-23 09:00:00+00:00,0.09963,0.0998,0.09909,0.09934,129028521.0
2026-05-23 10:00:00+00:00,0.09934,0.09965,0.09929,0.09944,23227673.0
2026-05-23 11:00:00+00:00,0.09944,0.09963,0.09919,0.0992,18522084.0
2026-05-23 12:00:00+00:00,0.0992,0.09921,0.09886,0.09909,29259637.0
2026-05-23 13:00:00+00:00,0.09909,0.10058,0.09909,0.10048,84624587.0
2026-05-23 14:00:00+00:00,0.10048,0.1011,0.10013,0.10098,75068285.0
2026-05-23 15:00:00+00:00,0.10098,0.10196,0.10083,0.10105,126616757.0
2026-05-23 16:00:00+00:00,0.10105,0.10141,0.10071,0.10111,82192346.0
2026-05-23 17:00:00+00:00,0.10111,0.10135,0.10094,0.10127,15328010.0
2026-05-23 18:00:00+00:00,0.10127,0.10273,0.10123,0.10228,129740705.0
2026-05-23 19:00:00+00:00,0.10228,0.10263,0.10207,0.10252,34867140.0
2026-05-23 20:00:00+00:00,0.10252,0.10481,0.10221,0.10479,154821334.0
2026-05-23 21:00:00+00:00,0.10479,0.10502,0.10315,0.10359,93485968.0
2026-05-23 22:00:00+00:00,0.10359,0.10392,0.10244,0.10294,74402437.0
2026-05-23 23:00:00+00:00,0.10294,0.10328,0.10281,0.10304,55672991.0
2026-05-24 00:00:00+00:00,0.10304,0.10332,0.10272,0.10311,37277788.0
2026-05-24 01:00:00+00:00,0.10311,0.10335,0.10304,0.10323,21252475.0
2026-05-24 02:00:00+00:00,0.10323,0.10333,0.10278,0.10312,22044798.0
2026-05-24 03:00:00+00:00,0.10312,0.10327,0.10269,0.10294,19321241.0
2026-05-24 04:00:00+00:00,0.10294,0.10324,0.10288,0.10306,14452988.0
2026-05-24 05:00:00+00:00,0.10306,0.10306,0.10227,0.10284,74683311.0
2026-05-24 06:00:00+00:00,0.10284,0.10316,0.10265,0.10308,17791752.0
2026-05-24 07:00:00+00:00,0.10308,0.10319,0.10278,0.10282,21504392.0
2026-05-24 08:00:00+00:00,0.10282,0.1029,0.1026,0.10282,19408787.0
2026-05-24 09:00:00+00:00,0.10282,0.10325,0.10271,0.10322,41170494.0
2026-05-24 10:00:00+00:00,0.10322,0.10385,0.10284,0.10301,69021633.0
2026-05-24 11:00:00+00:00,0.10301,0.10361,0.10293,0.10326,116935999.0
2026-05-24 12:00:00+00:00,0.10326,0.10329,0.10273,0.1029,24706443.0
2026-05-24 13:00:00+00:00,0.1029,0.10326,0.10256,0.10286,32723176.0
2026-05-24 14:00:00+00:00,0.10286,0.10292,0.10103,0.10207,197757148.0
2026-05-24 15:00:00+00:00,0.10207,0.10218,0.10179,0.10189,15972173.0
2026-05-24 16:00:00+00:00,0.10189,0.10249,0.10183,0.10222,64805879.0
2026-05-24 17:00:00+00:00,0.10222,0.10245,0.10204,0.1023,7685211.0
2026-05-24 18:00:00+00:00,0.1023,0.1024,0.10185,0.10193,32829165.0
2026-05-24 19:00:00+00:00,0.10193,0.10211,0.10174,0.10204,9171665.0
2026-05-24 20:00:00+00:00,0.10204,0.10211,0.10162,0.10173,25886002.0
2026-05-24 21:00:00+00:00,0.10173,0.10196,0.10047,0.10061,86752236.0
2026-05-24 22:00:00+00:00,0.10061,0.10205,0.1006,0.10164,83619963.0
2026-05-24 23:00:00+00:00,0.10164,0.10246,0.10164,0.10221,22632716.0
2026-05-25 00:00:00+00:00,0.10221,0.10278,0.1022,0.10249,33657684.0
2026-05-25 01:00:00+00:00,0.10249,0.10261,0.10167,0.10175,25032247.0
2026-05-25 02:00:00+00:00,0.10175,0.10259,0.10175,0.10212,26809378.0
2026-05-25 03:00:00+00:00,0.10212,0.10226,0.10166,0.10194,22725320.0
2026-05-25 04:00:00+00:00,0.10194,0.1027,0.10173,0.10252,41545187.0
2026-05-25 05:00:00+00:00,0.10252,0.10305,0.10246,0.10293,41010651.0
2026-05-25 06:00:00+00:00,0.10293,0.10313,0.10239,0.10291,18668248.0
2026-05-25 07:00:00+00:00,0.10291,0.10326,0.10243,0.10277,31012485.0
2026-05-25 08:00:00+00:00,0.10277,0.10281,0.10253,0.10271,14095557.0
2026-05-25 09:00:00+00:00,0.10271,0.10285,0.10229,0.10263,72125242.0
2026-05-25 10:00:00+00:00,0.10263,0.10296,0.10257,0.10288,15784958.0
2026-05-25 11:00:00+00:00,0.10288,0.10301,0.10261,0.10282,26762361.0
2026-05-25 12:00:00+00:00,0.10282,0.10308,0.10262,0.10276,21470549.0
2026-05-25 13:00:00+00:00,0.10276,0.10288,0.10265,0.10286,11287638.0
2026-05-25 14:00:00+00:00,0.10286,0.10326,0.10286,0.10318,38859721.0
2026-05-25 15:00:00+00:00,0.10318,0.10357,0.10277,0.10295,52876594.0
2026-05-25 16:00:00+00:00,0.10295,0.10376,0.10277,0.10343,29463310.0
2026-05-25 17:00:00+00:00,0.10343,0.10357,0.10311,0.10321,20088843.0
2026-05-25 18:00:00+00:00,0.10321,0.10347,0.10298,0.10305,12363142.0
2026-05-25 19:00:00+00:00,0.10305,0.10307,0.10262,0.10273,18276607.0
2026-05-25 20:00:00+00:00,0.10273,0.10286,0.10229,0.10234,34160123.0
2026-05-25 21:00:00+00:00,0.10234,0.1026,0.10211,0.10229,14999206.0
2026-05-25 22:00:00+00:00,0.10229,0.10243,0.10164,0.10168,55360107.0
2026-05-25 23:00:00+00:00,0.10168,0.10224,0.1016,0.10209,26019090.0
2026-05-26 00:00:00+00:00,0.10209,0.10214,0.10065,0.10125,79899576.0
2026-05-26 01:00:00+00:00,0.10125,0.10131,0.10035,0.10062,43518470.0
2026-05-26 02:00:00+00:00,0.10062,0.10092,0.10045,0.10085,26879117.0
2026-05-26 03:00:00+00:00,0.10085,0.10105,0.10047,0.10104,15704738.0
2026-05-26 04:00:00+00:00,0.10104,0.10143,0.10091,0.1013,15686846.0
2026-05-26 05:00:00+00:00,0.1013,0.10208,0.10118,0.10173,25313928.0
2026-05-26 06:00:00+00:00,0.10173,0.10174,0.10126,0.10153,20748312.0
2026-05-26 07:00:00+00:00,0.10153,0.10157,0.10084,0.10111,30173762.0
2026-05-26 08:00:00+00:00,0.10111,0.10133,0.10094,0.1012,13100123.0
2026-05-26 09:00:00+00:00,0.1012,0.10142,0.10101,0.10112,20741997.0
2026-05-26 10:00:00+00:00,0.10112,0.10252,0.10095,0.10229,76744907.0
2026-05-26 11:00:00+00:00,0.10229,0.10252,0.10208,0.10237,40257171.0
2026-05-26 12:00:00+00:00,0.10237,0.10272,0.10211,0.10266,66839678.0
2026-05-26 13:00:00+00:00,0.10266,0.10299,0.1018,0.10272,77549112.0
2026-05-26 14:00:00+00:00,0.10272,0.10381,0.10231,0.10281,107824095.0
2026-05-26 15:00:00+00:00,0.10281,0.10297,0.1013,0.10197,97845504.0
2026-05-26 16:00:00+00:00,0.10197,0.10206,0.10108,0.10142,63645300.0
2026-05-26 17:00:00+00:00,0.10142,0.10167,0.10007,0.10097,96601685.0
2026-05-26 18:00:00+00:00,0.10097,0.10142,0.10062,0.10078,20103633.0
2026-05-26 19:00:00+00:00,0.10078,0.10127,0.1004,0.10105,22602960.0
2026-05-26 20:00:00+00:00,0.10105,0.10134,0.10094,0.10114,14046482.0
2026-05-26 21:00:00+00:00,0.10114,0.10119,0.10052,0.10071,15512985.0
2026-05-26 22:00:00+00:00,0.10071,0.10117,0.10058,0.10088,16319119.0
2026-05-26 23:00:00+00:00,0.10088,0.10125,0.10087,0.10098,9575880.0
2026-05-27 00:00:00+00:00,0.10098,0.10181,0.10095,0.10179,25041910.0
2026-05-27 01:00:00+00:00,0.10179,0.10183,0.10131,0.1015,13467501.0
2026-05-27 02:00:00+00:00,0.1015,0.10153,0.10107,0.10152,13797698.0
2026-05-27 03:00:00+00:00,0.10152,0.10169,0.10095,0.10116,18488591.0
2026-05-27 04:00:00+00:00,0.10116,0.10163,0.10017,0.10152,100327622.0
2026-05-27 05:00:00+00:00,0.10152,0.10172,0.1013,0.10165,17579708.0
2026-05-27 06:00:00+00:00,0.10165,0.10225,0.10137,0.10217,25615094.0
2026-05-27 07:00:00+00:00,0.10217,0.1023,0.10187,0.10213,17720127.0
2026-05-27 08:00:00+00:00,0.10213,0.1025,0.10192,0.10209,32031634.0
2026-05-27 09:00:00+00:00,0.10209,0.10217,0.10157,0.10188,31453457.0
2026-05-27 10:00:00+00:00,0.10188,0.10215,0.10155,0.10166,15753170.0
2026-05-27 11:00:00+00:00,0.10166,0.10193,0.10159,0.10166,20949331.0
2026-05-27 12:00:00+00:00,0.10166,0.10239,0.10114,0.10201,76550933.0
2026-05-27 13:00:00+00:00,0.10201,0.10211,0.10066,0.10134,83462448.0
2026-05-27 14:00:00+00:00,0.10134,0.10189,0.1008,0.10154,95800857.0
2026-05-27 15:00:00+00:00,0.10154,0.10329,0.10147,0.10251,132854068.0
2026-05-27 16:00:00+00:00,0.10251,0.1028,0.10152,0.10196,81863059.0
2026-05-27 17:00:00+00:00,0.10196,0.102,0.10093,0.10117,58828775.0
2026-05-27 18:00:00+00:00,0.10117,0.1018,0.1009,0.10174,43453027.0
2026-05-27 19:00:00+00:00,0.10174,0.10224,0.10168,0.10212,33820145.0
2026-05-27 20:00:00+00:00,0.10212,0.10235,0.10182,0.10208,23788348.0
2026-05-27 21:00:00+00:00,0.10208,0.10208,0.09916,0.10033,153911910.0
2026-05-27 22:00:00+00:00,0.10033,0.10091,0.10005,0.10035,74239464.0
2026-05-27 23:00:00+00:00,0.10035,0.10068,0.09992,0.10043,36278212.0
2026-05-28 00:00:00+00:00,0.10043,0.10077,0.10029,0.10048,20903139.0
2026-05-28 01:00:00+00:00,0.10048,0.10058,0.0998,0.10046,49310882.0
2026-05-28 02:00:00+00:00,0.10046,0.10059,0.10008,0.10017,17993984.0
2026-05-28 03:00:00+00:00,0.10017,0.10019,0.09794,0.09818,272008003.0
2026-05-28 04:00:00+00:00,0.09818,0.09828,0.09705,0.09816,153382303.0
2026-05-28 05:00:00+00:00,0.09816,0.09825,0.09707,0.09747,52415084.0
2026-05-28 06:00:00+00:00,0.09747,0.09809,0.09735,0.09793,40173304.0
2026-05-28 07:00:00+00:00,0.09793,0.09875,0.09774,0.09866,58364928.0
2026-05-28 08:00:00+00:00,0.09866,0.09868,0.09803,0.09822,32347080.0
2026-05-28 09:00:00+00:00,0.09822,0.09873,0.09822,0.09865,22490110.0
2026-05-28 10:00:00+00:00,0.09865,0.0988,0.09804,0.09805,25881244.0
2026-05-28 11:00:00+00:00,0.09805,0.09816,0.09772,0.09802,39290858.0
2026-05-28 12:00:00+00:00,0.09802,0.09808,0.09736,0.09803,43078725.0
2026-05-28 13:00:00+00:00,0.09803,0.09834,0.09731,0.09771,79683650.0
2026-05-28 14:00:00+00:00,0.09771,0.09867,0.09638,0.09824,261127742.0
2026-05-28 15:00:00+00:00,0.09824,0.09865,0.09751,0.09841,65415171.0
2026-05-28 16:00:00+00:00,0.09841,0.0994,0.09791,0.0994,73594125.0
2026-05-28 17:00:00+00:00,0.0994,0.10038,0.09914,0.0999,92820170.0
2026-05-28 18:00:00+00:00,0.0999,0.10047,0.09987,0.10017,40097657.0
2026-05-28 19:00:00+00:00,0.10017,0.10019,0.09944,0.09948,30548547.0
2026-05-28 20:00:00+00:00,0.09948,0.10005,0.09907,0.09973,57536036.0
2026-05-28 21:00:00+00:00,0.09973,0.10051,0.09966,0.09998,87601245.0
2026-05-28 22:00:00+00:00,0.09998,0.1002,0.09927,0.09947,47024810.0
2026-05-28 23:00:00+00:00,0.09947,0.09982,0.09939,0.09954,21969976.0
2026-05-29 00:00:00+00:00,0.09954,0.10008,0.09953,0.0999,25501652.0
2026-05-29 01:00:00+00:00,0.0999,0.10007,0.09933,0.09953,30673073.0
2026-05-29 02:00:00+00:00,0.09953,0.09969,0.09881,0.09894,34405519.0
2026-05-29 03:00:00+00:00,0.09894,0.09955,0.09894,0.09905,24351278.0
2026-05-29 04:00:00+00:00,0.09905,0.09923,0.0986,0.09922,23869634.0
2026-05-29 05:00:00+00:00,0.09922,0.09962,0.09915,0.09955,28344453.0
2026-05-29 06:00:00+00:00,0.09955,0.09987,0.0993,0.09957,19296541.0
2026-05-29 07:00:00+00:00,0.09957,0.09975,0.09905,0.09961,21412544.0
2026-05-29 08:00:00+00:00,0.09961,0.0999,0.09942,0.09948,21996441.0
2026-05-29 09:00:00+00:00,0.09948,0.09987,0.0994,0.09973,18493280.0
2026-05-29 10:00:00+00:00,0.09973,0.09974,0.09937,0.0997,12421111.0
2026-05-29 11:00:00+00:00,0.0997,0.0997,0.09866,0.09909,42942657.0
2026-05-29 12:00:00+00:00,0.09909,0.09912,0.09838,0.09861,52924300.0
2026-05-29 13:00:00+00:00,0.09861,0.09876,0.09796,0.09835,105447483.0
2026-05-29 14:00:00+00:00,0.09835,0.09907,0.09733,0.09884,102019697.0
2026-05-29 15:00:00+00:00,0.09884,0.10113,0.09872,0.10032,213174202.0
2026-05-29 16:00:00+00:00,0.10032,0.10087,0.09982,0.10053,121565120.0
2026-05-29 17:00:00+00:00,0.10053,0.10082,0.10016,0.10033,36799274.0
2026-05-29 18:00:00+00:00,0.10033,0.10055,0.09924,0.09964,59546702.0
2026-05-29 19:00:00+00:00,0.09964,0.10017,0.09913,0.10003,28832696.0
2026-05-29 20:00:00+00:00,0.10003,0.10028,0.09987,0.10005,17023095.0
2026-05-29 21:00:00+00:00,0.10005,0.10047,0.0995,0.09953,29370697.0
2026-05-29 22:00:00+00:00,0.09953,0.09989,0.09934,0.09976,18695634.0
2026-05-29 23:00:00+00:00,0.09976,0.09997,0.09941,0.09965,14762868.0
2026-05-30 00:00:00+00:00,0.09965,0.10016,0.09943,0.10008,33764333.0
2026-05-30 01:00:00+00:00,0.10008,0.10092,0.09995,0.10091,74433941.0
2026-05-30 02:00:00+00:00,0.10091,0.10156,0.1009,0.10154,55731181.0
2026-05-30 03:00:00+00:00,0.10154,0.10176,0.10098,0.10108,59485466.0
2026-05-30 04:00:00+00:00,0.10108,0.10131,0.10014,0.10074,75832480.0
2026-05-30 05:00:00+00:00,0.10074,0.10143,0.10066,0.1014,32609412.0
2026-05-30 06:00:00+00:00,0.1014,0.1017,0.10118,0.10133,21143415.0
2026-05-30 07:00:00+00:00,0.10133,0.10139,0.10098,0.10126,15157206.0
2026-05-30 08:00:00+00:00,0.10126,0.10127,0.10078,0.10079,20868588.0
2026-05-30 09:00:00+00:00,0.10079,0.101,0.10063,0.1009,26482662.0
2026-05-30 10:00:00+00:00,0.1009,0.101,0.1007,0.10077,26401266.0
2026-05-30 11:00:00+00:00,0.10077,0.10089,0.1005,0.10079,9822157.0
2026-05-30 12:00:00+00:00,0.10079,0.10092,0.10066,0.10088,11572731.0
2026-05-30 13:00:00+00:00,0.10088,0.10109,0.10066,0.10092,15622578.0
2026-05-30 14:00:00+00:00,0.10092,0.10144,0.10092,0.10114,17627033.0
2026-05-30 15:00:00+00:00,0.10114,0.10148,0.10104,0.10129,17225800.0
2026-05-30 16:00:00+00:00,0.10129,0.10163,0.10126,0.10149,14699959.0
2026-05-30 17:00:00+00:00,0.10149,0.10155,0.10112,0.10153,14596509.0
2026-05-30 18:00:00+00:00,0.10153,0.10166,0.10121,0.10147,12871540.0
2026-05-30 19:00:00+00:00,0.10147,0.10147,0.10118,0.10135,9693377.0
2026-05-30 20:00:00+00:00,0.10135,0.1015,0.10116,0.10123,21221212.0
2026-05-30 21:00:00+00:00,0.10123,0.10149,0.10119,0.10125,13367749.0
2026-05-30 22:00:00+00:00,0.10125,0.10125,0.10039,0.10063,28753228.0
2026-05-30 23:00:00+00:00,0.10063,0.10077,0.10033,0.10054,29756928.0
2026-05-31 00:00:00+00:00,0.10054,0.10088,0.10039,0.10083,24901178.0
2026-05-31 01:00:00+00:00,0.10083,0.10116,0.10076,0.10082,20381535.0
2026-05-31 02:00:00+00:00,0.10082,0.10138,0.10076,0.10111,14883827.0
2026-05-31 03:00:00+00:00,0.10111,0.10136,0.10107,0.10128,11478742.0
2026-05-31 04:00:00+00:00,0.10128,0.10132,0.10105,0.10122,11702513.0
2026-05-31 05:00:00+00:00,0.10122,0.10125,0.10078,0.10091,9212834.0
2026-05-31 06:00:00+00:00,0.10091,0.10091,0.1007,0.10087,8168835.0
2026-05-31 07:00:00+00:00,0.10087,0.10087,0.10014,0.10054,26036396.0
2026-05-31 08:00:00+00:00,0.10054,0.10073,0.1004,0.10059,18057902.0
2026-05-31 09:00:00+00:00,0.10059,0.1008,0.10037,0.10051,11741646.0
2026-05-31 10:00:00+00:00,0.10051,0.10059,0.1002,0.10059,17480925.0
2026-05-31 11:00:00+00:00,0.10059,0.10098,0.10058,0.10073,17190255.0
2026-05-31 12:00:00+00:00,0.10073,0.10093,0.10057,0.10084,16463966.0
2026-05-31 13:00:00+00:00,0.10084,0.10117,0.10076,0.10084,18022318.0
2026-05-31 14:00:00+00:00,0.10084,0.10086,0.09948,0.09997,120967828.0
2026-05-31 15:00:00+00:00,0.09997,0.10034,0.09978,0.0998,22141066.0
2026-05-31 16:00:00+00:00,0.0998,0.09993,0.09892,0.0993,69369168.0
2026-05-31 17:00:00+00:00,0.0993,0.0995,0.09906,0.09939,25063269.0
2026-05-31 18:00:00+00:00,0.09939,0.09953,0.09921,0.09944,9216342.0
2026-05-31 19:00:00+00:00,0.09944,0.09956,0.09908,0.09949,9219470.0
2026-05-31 20:00:00+00:00,0.09949,0.09989,0.09948,0.09983,20331247.0
2026-05-31 21:00:00+00:00,0.09983,0.10039,0.09957,0.10025,39922321.0
2026-05-31 22:00:00+00:00,0.10025,0.10061,0.09999,0.10041,30804061.0
2026-05-31 23:00:00+00:00,0.10041,0.10096,0.09985,0.10037,43916979.0
2026-06-01 00:00:00+00:00,0.10037,0.1011,0.10024,0.10089,31676728.0
2026-06-01 01:00:00+00:00,0.10089,0.10093,0.09979,0.09979,38273013.0
2026-06-01 02:00:00+00:00,0.09979,0.10116,0.09964,0.10098,45205971.0
2026-06-01 03:00:00+00:00,0.10098,0.10151,0.10095,0.10105,40884099.0
2026-06-01 04:00:00+00:00,0.10105,0.10126,0.10005,0.10065,37141370.0
2026-06-01 05:00:00+00:00,0.10065,0.10071,0.09996,0.10027,38476173.0
2026-06-01 06:00:00+00:00,0.10027,0.10032,0.09967,0.1001,50109293.0
2026-06-01 07:00:00+00:00,0.1001,0.10018,0.09905,0.09915,57037889.0
2026-06-01 08:00:00+00:00,0.09915,0.09982,0.09902,0.09977,80958099.0
2026-06-01 09:00:00+00:00,0.09977,0.10024,0.09977,0.10001,55019785.0
2026-06-01 10:00:00+00:00,0.10001,0.10029,0.09972,0.10015,27441265.0
2026-06-01 11:00:00+00:00,0.10015,0.10027,0.09965,0.09988,32236118.0
2026-06-01 12:00:00+00:00,0.09988,0.10007,0.09916,0.09991,57513275.0
2026-06-01 13:00:00+00:00,0.09991,0.10003,0.09833,0.09911,212301374.0
2026-06-01 14:00:00+00:00,0.09911,0.09938,0.0985,0.09867,118511758.0
2026-06-01 15:00:00+00:00,0.09867,0.09891,0.09788,0.09827,125348598.0
2026-06-01 16:00:00+00:00,0.09827,0.09954,0.09772,0.09952,90105048.0
2026-06-01 17:00:00+00:00,0.09952,0.10041,0.09941,0.10009,133091764.0
2026-06-01 18:00:00+00:00,0.10009,0.10035,0.09971,0.09988,34343647.0
2026-06-01 19:00:00+00:00,0.09988,0.10058,0.09971,0.10056,38084126.0
2026-06-01 20:00:00+00:00,0.10056,0.10077,0.10027,0.10058,22508277.0
2026-06-01 21:00:00+00:00,0.10058,0.10058,0.09972,0.09985,37412407.0
2026-06-01 22:00:00+00:00,0.09985,0.1009,0.09948,0.10079,51536540.0
2026-06-01 23:00:00+00:00,0.10079,0.10106,0.10042,0.10104,45261992.0
2026-06-02 00:00:00+00:00,0.10104,0.10118,0.10055,0.10084,38324784.0
2026-06-02 01:00:00+00:00,0.10084,0.10098,0.09989,0.10008,69731560.0
2026-06-02 02:00:00+00:00,0.10008,0.10081,0.09937,0.10078,54088075.0
2026-06-02 03:00:00+00:00,0.10078,0.10097,0.10054,0.10088,33058641.0
2026-06-02 04:00:00+00:00,0.10088,0.101,0.10017,0.10021,52539973.0
2026-06-02 05:00:00+00:00,0.10021,0.10028,0.09942,0.09949,73280499.0
2026-06-02 06:00:00+00:00,0.09949,0.09966,0.09883,0.09921,76610452.0
2026-06-02 07:00:00+00:00,0.09921,0.09952,0.09857,0.09917,63871795.0
2026-06-02 08:00:00+00:00,0.09917,0.09945,0.09898,0.09919,43377500.0
2026-06-02 09:00:00+00:00,0.09919,0.09923,0.09844,0.09875,53935894.0
2026-06-02 10:00:00+00:00,0.09875,0.09934,0.09859,0.0993,77973007.0
2026-06-02 11:00:00+00:00,0.0993,0.0993,0.09864,0.09875,40892899.0
2026-06-02 12:00:00+00:00,0.09875,0.09892,0.09838,0.0987,35061747.0
2026-06-02 13:00:00+00:00,0.0987,0.09895,0.09831,0.09844,49513811.0
2026-06-02 14:00:00+00:00,0.09844,0.09847,0.09529,0.09626,351912217.0
2026-06-02 15:00:00+00:00,0.09626,0.09642,0.09346,0.0948,396098141.0
2026-06-02 16:00:00+00:00,0.0948,0.09632,0.09454,0.09523,147733011.0
2026-06-02 17:00:00+00:00,0.09523,0.09604,0.09519,0.09556,54487031.0
2026-06-02 18:00:00+00:00,0.09556,0.09585,0.09396,0.09444,86844312.0
2026-06-02 19:00:00+00:00,0.09444,0.09463,0.09241,0.09402,203468558.0
2026-06-02 20:00:00+00:00,0.09402,0.09446,0.09328,0.09415,45657523.0
2026-06-02 21:00:00+00:00,0.09415,0.09496,0.09387,0.09421,79517371.0
2026-06-02 22:00:00+00:00,0.09421,0.09422,0.09168,0.09218,221885112.0
2026-06-02 23:00:00+00:00,0.09218,0.09284,0.09112,0.09268,218313279.0
2026-06-03 00:00:00+00:00,0.09268,0.09349,0.09249,0.09317,81334305.0
2026-06-03 01:00:00+00:00,0.09317,0.09332,0.09231,0.0931,59069095.0
2026-06-03 02:00:00+00:00,0.0931,0.09313,0.09246,0.09268,25583047.0
2026-06-03 03:00:00+00:00,0.09268,0.09281,0.09077,0.0915,106621819.0
2026-06-03 04:00:00+00:00,0.0915,0.09284,0.0915,0.09284,68878198.0
2026-06-03 05:00:00+00:00,0.09284,0.09419,0.09284,0.09393,105314934.0
2026-06-03 06:00:00+00:00,0.09393,0.09451,0.09374,0.09387,65135903.0
2026-06-03 07:00:00+00:00,0.09387,0.0945,0.09366,0.09413,28574412.0
2026-06-03 08:00:00+00:00,0.09413,0.09418,0.09367,0.09392,28791697.0
2026-06-03 09:00:00+00:00,0.09392,0.0942,0.0934,0.09377,41160963.0
2026-06-03 10:00:00+00:00,0.09377,0.09444,0.0937,0.09424,37205476.0
2026-06-03 11:00:00+00:00,0.09424,0.09448,0.09366,0.09392,47294565.0
2026-06-03 12:00:00+00:00,0.09392,0.09428,0.09364,0.09406,41381603.0
2026-06-03 13:00:00+00:00,0.09406,0.09434,0.09372,0.09414,28882140.0
2026-06-03 14:00:00+00:00,0.09414,0.09419,0.09309,0.09366,57658502.0
2026-06-03 15:00:00+00:00,0.09366,0.09382,0.09269,0.09275,85126834.0
2026-06-03 16:00:00+00:00,0.09275,0.09301,0.09153,0.09236,118127475.0
2026-06-03 17:00:00+00:00,0.09236,0.09305,0.09155,0.09254,80676787.0
2026-06-03 18:00:00+00:00,0.09254,0.09296,0.09197,0.09282,27575928.0
2026-06-03 19:00:00+00:00,0.09282,0.09292,0.09151,0.09173,97070671.0
2026-06-03 20:00:00+00:00,0.09173,0.09234,0.0905,0.09108,152542454.0
2026-06-03 21:00:00+00:00,0.09108,0.09306,0.09081,0.09291,85600037.0
2026-06-03 22:00:00+00:00,0.09291,0.09325,0.09174,0.09205,61478604.0
2026-06-03 23:00:00+00:00,0.09205,0.09207,0.09107,0.09135,49399796.0
2026-06-04 00:00:00+00:00,0.09135,0.09182,0.08974,0.09063,153769137.0
2026-06-04 01:00:00+00:00,0.09063,0.09105,0.08816,0.08846,236442030.0
2026-06-04 02:00:00+00:00,0.08846,0.0899,0.08565,0.08932,522837622.0
2026-06-04 03:00:00+00:00,0.08932,0.09147,0.08932,0.09127,95768175.0
2026-06-04 04:00:00+00:00,0.09127,0.09153,0.09061,0.09072,64773250.0
2026-06-04 05:00:00+00:00,0.09072,0.09072,0.08946,0.09002,111021063.0
2026-06-04 06:00:00+00:00,0.09002,0.09091,0.08961,0.08974,53779437.0
2026-06-04 07:00:00+00:00,0.08974,0.08983,0.08868,0.0887,91648165.0
2026-06-04 08:00:00+00:00,0.0887,0.08913,0.08789,0.08873,69767844.0
2026-06-04 09:00:00+00:00,0.08873,0.08874,0.08689,0.08796,122078433.0
2026-06-04 10:00:00+00:00,0.08796,0.08797,0.08661,0.08699,187046760.0
2026-06-04 11:00:00+00:00,0.08699,0.08804,0.08676,0.08789,118026489.0
2026-06-04 12:00:00+00:00,0.08789,0.08964,0.08759,0.08949,127276560.0
2026-06-04 13:00:00+00:00,0.08949,0.08956,0.08799,0.08938,132891500.0
2026-06-04 14:00:00+00:00,0.08938,0.08967,0.08891,0.08929,60290340.0
2026-06-04 15:00:00+00:00,0.08929,0.09014,0.08909,0.08949,63186473.0
2026-06-04 16:00:00+00:00,0.08949,0.08954,0.08871,0.08917,38402841.0
2026-06-04 17:00:00+00:00,0.08917,0.08957,0.0884,0.08932,76120330.0
2026-06-04 18:00:00+00:00,0.08932,0.09001,0.0885,0.08945,55234378.0
2026-06-04 19:00:00+00:00,0.08945,0.0898,0.08877,0.08903,37251100.0
2026-06-04 20:00:00+00:00,0.08903,0.08908,0.08831,0.0887,30739524.0
2026-06-04 21:00:00+00:00,0.0887,0.089,0.08696,0.08721,64223896.0
2026-06-04 22:00:00+00:00,0.08721,0.08816,0.08691,0.08805,87821304.0
2026-06-04 23:00:00+00:00,0.08805,0.0886,0.08745,0.0885,40264096.0
2026-06-05 00:00:00+00:00,0.0885,0.08873,0.08767,0.08776,46743375.0
2026-06-05 01:00:00+00:00,0.08776,0.08826,0.08694,0.08789,66427809.0
2026-06-05 02:00:00+00:00,0.08789,0.08794,0.08605,0.08615,138445702.0
2026-06-05 03:00:00+00:00,0.08615,0.08688,0.08582,0.08587,101029090.0
2026-06-05 04:00:00+00:00,0.08587,0.08713,0.08564,0.08681,154757180.0
2026-06-05 05:00:00+00:00,0.08681,0.08704,0.0848,0.08502,163653146.0
2026-06-05 06:00:00+00:00,0.08502,0.08523,0.08193,0.0837,490434346.0
2026-06-05 07:00:00+00:00,0.0837,0.08505,0.08224,0.08495,225575234.0
2026-06-05 08:00:00+00:00,0.08495,0.08496,0.08327,0.08355,86532962.0
2026-06-05 09:00:00+00:00,0.08355,0.08497,0.08354,0.08493,151891615.0
2026-06-05 10:00:00+00:00,0.08493,0.0854,0.08441,0.08468,57363982.0
2026-06-05 11:00:00+00:00,0.08468,0.08494,0.08397,0.08397,89669181.0
2026-06-05 12:00:00+00:00,0.08397,0.08422,0.08281,0.08355,182304131.0
2026-06-05 13:00:00+00:00,0.08355,0.08488,0.0819,0.08195,286892261.0
2026-06-05 14:00:00+00:00,0.08195,0.08355,0.08128,0.08269,356010356.0
2026-06-05 15:00:00+00:00,0.08269,0.08281,0.08089,0.08149,319671217.0
2026-06-05 16:00:00+00:00,0.08149,0.08339,0.08017,0.08317,391302359.0
2026-06-05 17:00:00+00:00,0.08317,0.08342,0.08212,0.08257,76876339.0
2026-06-05 18:00:00+00:00,0.08257,0.08294,0.07962,0.07996,238820642.0
2026-06-05 19:00:00+00:00,0.07996,0.0818,0.07889,0.08098,275798693.0
2026-06-05 20:00:00+00:00,0.08098,0.08279,0.08004,0.08248,177592237.0
2026-06-05 21:00:00+00:00,0.08248,0.0836,0.08236,0.08311,105482153.0
2026-06-05 22:00:00+00:00,0.08311,0.08312,0.082,0.08276,185756319.0
2026-06-05 23:00:00+00:00,0.08276,0.08312,0.08046,0.08143,132441208.0
2026-06-06 00:00:00+00:00,0.08143,0.08298,0.0814,0.08273,70077641.0
2026-06-06 01:00:00+00:00,0.08273,0.08294,0.08178,0.08186,47369937.0
2026-06-06 02:00:00+00:00,0.08186,0.08193,0.08103,0.08142,40330284.0
2026-06-06 03:00:00+00:00,0.08142,0.08142,0.08047,0.08102,59142285.0
2026-06-06 04:00:00+00:00,0.08102,0.08142,0.07778,0.07854,349788211.0
2026-06-06 05:00:00+00:00,0.07854,0.08079,0.07757,0.08047,287466018.0
2026-06-06 06:00:00+00:00,0.08047,0.08146,0.08023,0.08032,133741041.0
2026-06-06 07:00:00+00:00,0.08032,0.08176,0.08019,0.08146,118346656.0
2026-06-06 08:00:00+00:00,0.08146,0.08243,0.08111,0.08221,83557960.0
2026-06-06 09:00:00+00:00,0.08221,0.08253,0.08107,0.08132,81662102.0
2026-06-06 10:00:00+00:00,0.08132,0.08132,0.07981,0.08052,185499640.0
2026-06-06 11:00:00+00:00,0.08052,0.08154,0.08045,0.0812,79221689.0
2026-06-06 12:00:00+00:00,0.0812,0.0824,0.08089,0.082,130053459.0
2026-06-06 13:00:00+00:00,0.082,0.08238,0.08145,0.08181,42086221.0
2026-06-06 14:00:00+00:00,0.08181,0.08256,0.08172,0.08191,91156373.0
2026-06-06 15:00:00+00:00,0.08191,0.08207,0.08082,0.08162,141384927.0
2026-06-06 16:00:00+00:00,0.08162,0.08202,0.08063,0.08119,83747029.0
2026-06-06 17:00:00+00:00,0.08119,0.08132,0.0804,0.08058,68161055.0
2026-06-06 18:00:00+00:00,0.08058,0.08128,0.08049,0.0809,40620230.0
2026-06-06 19:00:00+00:00,0.0809,0.08134,0.08064,0.08065,45296563.0
2026-06-06 20:00:00+00:00,0.08065,0.08094,0.08042,0.08084,40492115.0
2026-06-06 21:00:00+00:00,0.08084,0.08168,0.08083,0.08114,41222970.0
2026-06-06 22:00:00+00:00,0.08114,0.08159,0.08097,0.08129,50601120.0
2026-06-06 23:00:00+00:00,0.08129,0.08189,0.08122,0.08187,27648102.0
2026-06-07 00:00:00+00:00,0.08187,0.0821,0.0816,0.0817,34104928.0
2026-06-07 01:00:00+00:00,0.0817,0.08381,0.08162,0.08346,118377384.0
2026-06-07 02:00:00+00:00,0.08346,0.08364,0.08279,0.0834,45463512.0
2026-06-07 03:00:00+00:00,0.0834,0.08369,0.08317,0.08348,27676124.0
2026-06-07 04:00:00+00:00,0.08348,0.08391,0.0829,0.08383,52655884.0
2026-06-07 05:00:00+00:00,0.08383,0.08419,0.08357,0.08384,60329056.0
2026-06-07 06:00:00+00:00,0.08384,0.08481,0.08358,0.08453,75377720.0
2026-06-07 07:00:00+00:00,0.08453,0.08496,0.08437,0.08489,63770447.0
2026-06-07 08:00:00+00:00,0.08489,0.08564,0.08447,0.08552,90280604.0
2026-06-07 09:00:00+00:00,0.08552,0.08608,0.08469,0.08475,94529090.0
2026-06-07 10:00:00+00:00,0.08475,0.08484,0.0841,0.08433,41469786.0
2026-06-07 11:00:00+00:00,0.08433,0.08478,0.08413,0.08454,34462827.0
2026-06-07 12:00:00+00:00,0.08454,0.08461,0.08315,0.08373,122335463.0
2026-06-07 13:00:00+00:00,0.08373,0.08399,0.08359,0.08381,23256107.0
2026-06-07 14:00:00+00:00,0.08381,0.08494,0.08379,0.08452,70653420.0
2026-06-07 15:00:00+00:00,0.08452,0.0849,0.08424,0.08462,33347783.0
2026-06-07 16:00:00+00:00,0.08462,0.08493,0.08445,0.08478,21084468.0
2026-06-07 17:00:00+00:00,0.08478,0.08527,0.08459,0.08479,32881562.0
2026-06-07 18:00:00+00:00,0.08479,0.08492,0.08428,0.08431,23119794.0
2026-06-07 19:00:00+00:00,0.08431,0.08434,0.08294,0.0833,91934913.0
2026-06-07 20:00:00+00:00,0.0833,0.08428,0.08308,0.08412,40467353.0
2026-06-07 21:00:00+00:00,0.08412,0.08418,0.0835,0.08398,32591614.0
2026-06-07 22:00:00+00:00,0.08398,0.08754,0.08379,0.08548,492672534.0
2026-06-07 23:00:00+00:00,0.08548,0.08641,0.08541,0.08624,77508926.0
2026-06-08 00:00:00+00:00,0.08624,0.08678,0.08571,0.08634,76458461.0
2026-06-08 01:00:00+00:00,0.08634,0.08649,0.08478,0.08565,102588923.0
2026-06-08 02:00:00+00:00,0.08565,0.0859,0.08534,0.08583,69506147.0
2026-06-08 03:00:00+00:00,0.08583,0.08625,0.0855,0.08586,43394578.0
2026-06-08 04:00:00+00:00,0.08586,0.08595,0.08479,0.08489,64245070.0
2026-06-08 05:00:00+00:00,0.08489,0.0851,0.0843,0.08475,51544650.0
2026-06-08 06:00:00+00:00,0.08475,0.08536,0.08472,0.08524,35267157.0
2026-06-08 07:00:00+00:00,0.08524,0.08575,0.08491,0.08561,44482565.0
2026-06-08 08:00:00+00:00,0.08561,0.08562,0.08487,0.0851,40317783.0
2026-06-08 09:00:00+00:00,0.0851,0.08588,0.08507,0.08588,62848898.0
2026-06-08 10:00:00+00:00,0.08588,0.08599,0.08526,0.08562,68124136.0
2026-06-08 11:00:00+00:00,0.08562,0.08679,0.08545,0.08635,59013526.0
2026-06-08 12:00:00+00:00,0.08635,0.08697,0.08576,0.08679,92201996.0
2026-06-08 13:00:00+00:00,0.08679,0.0869,0.08598,0.0863,82620113.0
2026-06-08 14:00:00+00:00,0.0863,0.08678,0.0861,0.08663,43474254.0
2026-06-08 15:00:00+00:00,0.08663,0.0874,0.08663,0.08692,73573259.0
2026-06-08 16:00:00+00:00,0.08692,0.08749,0.08634,0.08641,64779276.0
2026-06-08 17:00:00+00:00,0.08641,0.08679,0.0861,0.08679,33955096.0
2026-06-08 18:00:00+00:00,0.08679,0.08722,0.08656,0.08678,24988860.0
2026-06-08 19:00:00+00:00,0.08678,0.08708,0.08662,0.08676,24037923.0
2026-06-08 20:00:00+00:00,0.08676,0.0868,0.08627,0.08672,25220036.0
2026-06-08 21:00:00+00:00,0.08672,0.08746,0.08672,0.08701,42912012.0
2026-06-08 22:00:00+00:00,0.08701,0.08706,0.08657,0.08696,59454502.0
2026-06-08 23:00:00+00:00,0.08696,0.08717,0.08607,0.08629,37761467.0
2026-06-09 00:00:00+00:00,0.08629,0.08642,0.08456,0.08478,176152336.0
2026-06-09 01:00:00+00:00,0.08478,0.08532,0.0847,0.08508,37233822.0
2026-06-09 02:00:00+00:00,0.08508,0.08529,0.08447,0.08528,36237505.0
2026-06-09 03:00:00+00:00,0.08528,0.08544,0.08488,0.08526,14955506.0
2026-06-09 04:00:00+00:00,0.08526,0.0864,0.085,0.08611,63611810.0
2026-06-09 05:00:00+00:00,0.08611,0.08671,0.0859,0.08643,17681068.0
2026-06-09 06:00:00+00:00,0.08643,0.08668,0.08621,0.08629,25423299.0
2026-06-09 07:00:00+00:00,0.08629,0.08661,0.08591,0.08634,46163241.0
2026-06-09 08:00:00+00:00,0.08634,0.08639,0.0857,0.0858,48163259.0
2026-06-09 09:00:00+00:00,0.0858,0.08599,0.08521,0.08537,35828408.0
2026-06-09 10:00:00+00:00,0.08537,0.08555,0.08514,0.08545,36541403.0
2026-06-09 11:00:00+00:00,0.08545,0.08554,0.08512,0.08547,26955927.0
2026-06-09 12:00:00+00:00,0.08547,0.08589,0.08543,0.08581,29222840.0
2026-06-09 13:00:00+00:00,0.08581,0.0861,0.08517,0.08565,56009386.0
2026-06-09 14:00:00+00:00,0.08565,0.08586,0.08426,0.08497,125001386.0
2026-06-09 15:00:00+00:00,0.08497,0.08527,0.08402,0.08406,104042203.0
2026-06-09 16:00:00+00:00,0.08406,0.0844,0.0831,0.08428,139353513.0
2026-06-09 17:00:00+00:00,0.08428,0.08543,0.08426,0.08474,68953299.0
2026-06-09 18:00:00+00:00,0.08474,0.08523,0.08455,0.08485,33093372.0
2026-06-09 19:00:00+00:00,0.08485,0.08533,0.08468,0.08515,30358085.0
2026-06-09 20:00:00+00:00,0.08515,0.08558,0.08507,0.08551,39036877.0
2026-06-09 21:00:00+00:00,0.08551,0.08566,0.0845,0.08479,40308278.0
2026-06-09 22:00:00+00:00,0.08479,0.08509,0.08447,0.08448,24540069.0
2026-06-09 23:00:00+00:00,0.08448,0.08489,0.0844,0.08474,28354114.0
2026-06-10 00:00:00+00:00,0.08474,0.0851,0.08414,0.08502,43164134.0
2026-06-10 01:00:00+00:00,0.08502,0.0851,0.08443,0.08463,24059652.0
2026-06-10 02:00:00+00:00,0.08463,0.08477,0.0836,0.08375,48601311.0
2026-06-10 03:00:00+00:00,0.08375,0.08421,0.08374,0.0839,13467256.0
2026-06-10 04:00:00+00:00,0.0839,0.08408,0.08342,0.08356,23346588.0
2026-06-10 05:00:00+00:00,0.08356,0.08369,0.08318,0.08351,15811148.0
2026-06-10 06:00:00+00:00,0.08351,0.0838,0.08322,0.08359,23905099.0
2026-06-10 07:00:00+00:00,0.08359,0.08432,0.08354,0.08418,30376451.0
2026-06-10 08:00:00+00:00,0.08418,0.08419,0.08316,0.08337,59090503.0
2026-06-10 09:00:00+00:00,0.08337,0.08361,0.08283,0.08349,66818721.0
2026-06-10 10:00:00+00:00,0.08349,0.08385,0.08321,0.08365,22752349.0
2026-06-10 11:00:00+00:00,0.08365,0.0837,0.08277,0.08325,92442525.0
2026-06-10 12:00:00+00:00,0.08325,0.08456,0.08299,0.08386,153431989.0
2026-06-10 13:00:00+00:00,0.08386,0.08515,0.08373,0.08455,112774182.0
2026-06-10 14:00:00+00:00,0.08455,0.0847,0.08393,0.08448,96192228.0
2026-06-10 15:00:00+00:00,0.08448,0.08541,0.08389,0.08508,181475579.0
2026-06-10 16:00:00+00:00,0.08508,0.08517,0.08356,0.0841,211185102.0
2026-06-10 17:00:00+00:00,0.0841,0.0845,0.0833,0.08384,158978375.0
2026-06-10 18:00:00+00:00,0.08384,0.084,0.08323,0.08385,62656214.0
2026-06-10 19:00:00+00:00,0.08385,0.08387,0.08294,0.0831,50900625.0
2026-06-10 20:00:00+00:00,0.0831,0.08324,0.08257,0.08278,61763135.0
2026-06-10 21:00:00+00:00,0.08278,0.08278,0.08175,0.0821,96617212.0
2026-06-10 22:00:00+00:00,0.0821,0.08263,0.08181,0.08228,79638408.0
2026-06-10 23:00:00+00:00,0.08228,0.08307,0.08208,0.0829,96362618.0
2026-06-11 00:00:00+00:00,0.0829,0.0836,0.08289,0.08337,36321285.0
2026-06-11 01:00:00+00:00,0.08337,0.08443,0.08336,0.08421,66972163.0
2026-06-11 02:00:00+00:00,0.08421,0.0843,0.08357,0.08408,33095047.0
2026-06-11 03:00:00+00:00,0.08408,0.08525,0.08386,0.08499,123977012.0
2026-06-11 04:00:00+00:00,0.08499,0.08536,0.08475,0.08514,52866690.0
2026-06-11 05:00:00+00:00,0.08514,0.08514,0.08472,0.08477,26584068.0
2026-06-11 06:00:00+00:00,0.08477,0.08512,0.08455,0.08472,29880649.0
2026-06-11 07:00:00+00:00,0.08472,0.085,0.08462,0.08482,33651443.0
2026-06-11 08:00:00+00:00,0.08482,0.08546,0.08482,0.08521,29368020.0
2026-06-11 09:00:00+00:00,0.08521,0.08522,0.08474,0.08506,37666624.0
2026-06-11 10:00:00+00:00,0.08506,0.08518,0.08493,0.08513,23370370.0
2026-06-11 11:00:00+00:00,0.08513,0.08554,0.0849,0.08526,37247738.0
2026-06-11 12:00:00+00:00,0.08526,0.0853,0.08419,0.08473,128732345.0
2026-06-11 13:00:00+00:00,0.08473,0.08519,0.08447,0.08494,92143634.0
2026-06-11 14:00:00+00:00,0.08494,0.08542,0.0846,0.08496,72043703.0
2026-06-11 15:00:00+00:00,0.08496,0.08518,0.08453,0.0849,61363549.0
2026-06-11 16:00:00+00:00,0.0849,0.08511,0.08457,0.0847,29963707.0
2026-06-11 17:00:00+00:00,0.0847,0.08681,0.08433,0.0867,235785430.0
2026-06-11 18:00:00+00:00,0.0867,0.08697,0.08622,0.08646,98194840.0
2026-06-11 19:00:00+00:00,0.08646,0.08705,0.08617,0.08646,97424807.0
2026-06-11 20:00:00+00:00,0.08646,0.08659,0.08597,0.08628,43584899.0
2026-06-11 21:00:00+00:00,0.08628,0.0867,0.08626,0.08639,29142933.0
2026-06-11 22:00:00+00:00,0.08639,0.08666,0.08623,0.08636,25406298.0
2026-06-11 23:00:00+00:00,0.08636,0.08645,0.08594,0.08603,27046286.0
2026-06-12 00:00:00+00:00,0.08603,0.08617,0.08578,0.08583,24915206.0
2026-06-12 01:00:00+00:00,0.08583,0.08611,0.08552,0.08585,122053049.0
2026-06-12 02:00:00+00:00,0.08585,0.08658,0.08585,0.08636,91343264.0
2026-06-12 03:00:00+00:00,0.08636,0.08656,0.08614,0.08656,24541840.0
2026-06-12 04:00:00+00:00,0.08656,0.08716,0.08641,0.08697,62965973.0
2026-06-12 05:00:00+00:00,0.08697,0.08739,0.08664,0.08673,131903482.0
2026-06-12 06:00:00+00:00,0.08673,0.08704,0.08498,0.08536,223812390.0
2026-06-12 07:00:00+00:00,0.08536,0.08595,0.08535,0.0859,40165420.0
2026-06-12 08:00:00+00:00,0.0859,0.0867,0.08589,0.08663,45497390.0
2026-06-12 09:00:00+00:00,0.08663,0.08724,0.08649,0.08696,60442822.0
2026-06-12 10:00:00+00:00,0.08696,0.08703,0.08623,0.08656,63035394.0
2026-06-12 11:00:00+00:00,0.08656,0.08693,0.08643,0.08691,31389968.0
2026-06-12 12:00:00+00:00,0.08691,0.08725,0.08673,0.08696,41508730.0
2026-06-12 13:00:00+00:00,0.08696,0.08737,0.08661,0.08696,139567751.0
2026-06-12 14:00:00+00:00,0.08696,0.09243,0.0869,0.09055,954571349.0
2026-06-12 15:00:00+00:00,0.09055,0.09079,0.08705,0.08739,598658003.0
2026-06-12 16:00:00+00:00,0.08739,0.08873,0.08714,0.08873,243548083.0
2026-06-12 17:00:00+00:00,0.08873,0.08897,0.08768,0.08782,90563125.0
2026-06-12 18:00:00+00:00,0.08782,0.08804,0.0874,0.08751,48994234.0
2026-06-12 19:00:00+00:00,0.08751,0.08808,0.08728,0.08738,46024911.0
2026-06-12 20:00:00+00:00,0.08738,0.0878,0.08729,0.08743,39342906.0
2026-06-12 21:00:00+00:00,0.08743,0.08769,0.08629,0.08665,139154395.0
2026-06-12 22:00:00+00:00,0.08665,0.08679,0.08611,0.08631,68550996.0
2026-06-12 23:00:00+00:00,0.08631,0.08631,0.08552,0.08593,96442533.0
2026-06-13 00:00:00+00:00,0.08593,0.08614,0.08576,0.08604,37183088.0
2026-06-13 01:00:00+00:00,0.08604,0.08673,0.08601,0.0867,87597122.0
2026-06-13 02:00:00+00:00,0.0867,0.08686,0.08618,0.08638,78260045.0
2026-06-13 03:00:00+00:00,0.08638,0.08651,0.08601,0.08622,23511545.0
2026-06-13 04:00:00+00:00,0.08622,0.08641,0.08596,0.08601,24461212.0
2026-06-13 05:00:00+00:00,0.08601,0.08623,0.08574,0.08611,53809647.0
2026-06-13 06:00:00+00:00,0.08611,0.0867,0.08601,0.08658,84931368.0
2026-06-13 07:00:00+00:00,0.08658,0.08719,0.08639,0.087,111958391.0
2026-06-13 08:00:00+00:00,0.087,0.08735,0.08685,0.08707,60127008.0
2026-06-13 09:00:00+00:00,0.08707,0.08741,0.08697,0.0871,32112986.0
2026-06-13 10:00:00+00:00,0.0871,0.08747,0.08708,0.08728,24401822.0
2026-06-13 11:00:00+00:00,0.08728,0.08791,0.0872,0.0879,56474602.0
2026-06-13 12:00:00+00:00,0.0879,0.08869,0.08761,0.08852,105477579.0
2026-06-13 13:00:00+00:00,0.08852,0.08853,0.08795,0.08808,73507865.0
2026-06-13 14:00:00+00:00,0.08808,0.0884,0.08801,0.08832,39388454.0
2026-06-13 15:00:00+00:00,0.08832,0.08876,0.08822,0.08829,63397659.0
2026-06-13 16:00:00+00:00,0.08829,0.08833,0.08749,0.08788,107470407.0
2026-06-13 17:00:00+00:00,0.08788,0.0879,0.08733,0.08757,47906107.0
2026-06-13 18:00:00+00:00,0.08757,0.08782,0.08751,0.08763,18486339.0
2026-06-13 19:00:00+00:00,0.08763,0.08784,0.08746,0.08758,16859006.0
2026-06-13 20:00:00+00:00,0.08758,0.08772,0.08746,0.08761,13557684.0
2026-06-13 21:00:00+00:00,0.08761,0.08878,0.08757,0.08814,100567576.0
2026-06-13 22:00:00+00:00,0.08814,0.08816,0.08777,0.08781,26848187.0
2026-06-13 23:00:00+00:00,0.08781,0.08803,0.0877,0.08784,20490107.0
2026-06-14 00:00:00+00:00,0.08784,0.0879,0.08743,0.08765,39502178.0
2026-06-14 01:00:00+00:00,0.08765,0.08796,0.08755,0.08776,21376221.0
2026-06-14 02:00:00+00:00,0.08776,0.08807,0.08772,0.08789,28482787.0
2026-06-14 03:00:00+00:00,0.08789,0.08814,0.08777,0.08806,33112396.0
2026-06-14 04:00:00+00:00,0.08806,0.0881,0.08738,0.08756,26824417.0
2026-06-14 05:00:00+00:00,0.08756,0.08776,0.08723,0.08761,32536208.0
2026-06-14 06:00:00+00:00,0.08761,0.08784,0.08738,0.08747,15154480.0
2026-06-14 07:00:00+00:00,0.08747,0.08749,0.08697,0.08716,29196605.0
2026-06-14 08:00:00+00:00,0.08716,0.08745,0.087,0.08718,39284940.0
2026-06-14 09:00:00+00:00,0.08718,0.08743,0.08667,0.0874,45955749.0
2026-06-14 10:00:00+00:00,0.0874,0.08748,0.08705,0.0871,17430856.0
2026-06-14 11:00:00+00:00,0.0871,0.08724,0.08697,0.087,13748490.0
2026-06-14 12:00:00+00:00,0.087,0.08706,0.08623,0.08653,108569940.0
2026-06-14 13:00:00+00:00,0.08653,0.08666,0.08619,0.08648,38213942.0
2026-06-14 14:00:00+00:00,0.08648,0.08651,0.08561,0.08598,61569914.0
2026-06-14 15:00:00+00:00,0.08598,0.08629,0.08587,0.08623,40073005.0
2026-06-14 16:00:00+00:00,0.08623,0.08662,0.08623,0.0864,29362423.0
2026-06-14 17:00:00+00:00,0.0864,0.0866,0.08618,0.0863,32717882.0
2026-06-14 18:00:00+00:00,0.0863,0.08641,0.08609,0.0863,14381456.0
2026-06-14 19:00:00+00:00,0.0863,0.08658,0.08618,0.08634,7913830.0
2026-06-14 20:00:00+00:00,0.08634,0.0869,0.08624,0.08658,26858624.0
2026-06-14 21:00:00+00:00,0.08658,0.08905,0.08655,0.08851,153605670.0
2026-06-14 22:00:00+00:00,0.08851,0.08875,0.08794,0.08833,136881783.0
2026-06-14 23:00:00+00:00,0.08833,0.08895,0.08806,0.08885,72576251.0
2026-06-15 00:00:00+00:00,0.08885,0.08913,0.08847,0.08878,56131481.0
2026-06-15 01:00:00+00:00,0.08878,0.08886,0.08821,0.08839,63723532.0
2026-06-15 02:00:00+00:00,0.08839,0.08917,0.08829,0.08872,30378354.0
2026-06-15 03:00:00+00:00,0.08872,0.0891,0.08863,0.08894,22371097.0
2026-06-15 04:00:00+00:00,0.08894,0.089,0.08853,0.08854,26617990.0
2026-06-15 05:00:00+00:00,0.08854,0.08893,0.08844,0.08869,23786117.0
2026-06-15 06:00:00+00:00,0.08869,0.08896,0.08859,0.08867,18592524.0
2026-06-15 07:00:00+00:00,0.08867,0.08874,0.08832,0.08848,33193021.0
2026-06-15 08:00:00+00:00,0.08848,0.08889,0.0884,0.0885,28948465.0
2026-06-15 09:00:00+00:00,0.0885,0.0887,0.08807,0.08856,49753714.0
2026-06-15 10:00:00+00:00,0.08856,0.08943,0.08841,0.08917,89595252.0
2026-06-15 11:00:00+00:00,0.08917,0.09009,0.08897,0.08967,147596865.0
2026-06-15 12:00:00+00:00,0.08967,0.09018,0.08948,0.09003,82369171.0
2026-06-15 13:00:00+00:00,0.09003,0.09087,0.08992,0.09027,164661233.0
2026-06-15 14:00:00+00:00,0.09027,0.09029,0.08893,0.08946,267689378.0
2026-06-15 15:00:00+00:00,0.08946,0.09069,0.08915,0.09062,195913355.0
2026-06-15 16:00:00+00:00,0.09062,0.09064,0.08998,0.09001,85025999.0
2026-06-15 17:00:00+00:00,0.09001,0.09003,0.08917,0.0896,113828628.0
2026-06-15 18:00:00+00:00,0.0896,0.08966,0.08918,0.08927,54104059.0
2026-06-15 19:00:00+00:00,0.08927,0.08967,0.08847,0.08892,103428285.0
2026-06-15 20:00:00+00:00,0.08892,0.08919,0.08863,0.08893,43374304.0
2026-06-15 21:00:00+00:00,0.08893,0.0891,0.08856,0.08876,32973986.0
2026-06-15 22:00:00+00:00,0.08876,0.08891,0.08775,0.08797,141101314.0
2026-06-15 23:00:00+00:00,0.08797,0.08821,0.08771,0.08807,41825993.0
2026-06-16 00:00:00+00:00,0.08807,0.08826,0.08763,0.08771,41756587.0
2026-06-16 01:00:00+00:00,0.08771,0.08807,0.08769,0.08782,35195473.0
2026-06-16 02:00:00+00:00,0.08782,0.08793,0.08664,0.08694,135613692.0
2026-06-16 03:00:00+00:00,0.08694,0.08749,0.08683,0.08742,27983247.0
2026-06-16 04:00:00+00:00,0.08742,0.08753,0.08666,0.08687,29615753.0
2026-06-16 05:00:00+00:00,0.08687,0.0873,0.08687,0.08722,38055490.0
2026-06-16 06:00:00+00:00,0.08722,0.08765,0.08722,0.08756,24595347.0
2026-06-16 07:00:00+00:00,0.08756,0.08779,0.08739,0.08779,21331026.0
2026-06-16 08:00:00+00:00,0.08779,0.08902,0.08755,0.08877,110544828.0
2026-06-16 09:00:00+00:00,0.08877,0.08889,0.08834,0.08849,62147638.0
2026-06-16 10:00:00+00:00,0.08849,0.08862,0.0882,0.08822,43481197.0
2026-06-16 11:00:00+00:00,0.08822,0.08839,0.08778,0.08814,38770747.0
2026-06-16 12:00:00+00:00,0.08814,0.08887,0.08787,0.08837,67507522.0
2026-06-16 13:00:00+00:00,0.08837,0.08843,0.08718,0.08739,115379319.0
2026-06-16 14:00:00+00:00,0.08739,0.08773,0.08614,0.08663,172611726.0
2026-06-16 15:00:00+00:00,0.08663,0.0874,0.08651,0.08715,145868967.0
2026-06-16 16:00:00+00:00,0.08715,0.08727,0.08635,0.08649,57998543.0
2026-06-16 17:00:00+00:00,0.08649,0.08731,0.08647,0.08722,34199622.0
2026-06-16 18:00:00+00:00,0.08722,0.08783,0.08717,0.08753,43274769.0
2026-06-16 19:00:00+00:00,0.08753,0.08766,0.08693,0.08723,64141896.0
2026-06-16 20:00:00+00:00,0.08723,0.08776,0.08706,0.08764,69445370.0
2026-06-16 21:00:00+00:00,0.08764,0.08778,0.08707,0.08743,98432404.0
2026-06-16 22:00:00+00:00,0.08743,0.08765,0.08712,0.08731,33031195.0
2026-06-16 23:00:00+00:00,0.08731,0.08741,0.08693,0.08712,61128263.0
2026-06-17 00:00:00+00:00,0.08712,0.08745,0.08708,0.08736,28206219.0
2026-06-17 01:00:00+00:00,0.08736,0.08781,0.08694,0.08773,29025211.0
2026-06-17 02:00:00+00:00,0.08773,0.08807,0.08746,0.08774,36866483.0
2026-06-17 03:00:00+00:00,0.08774,0.08774,0.08723,0.08742,32275951.0
2026-06-17 04:00:00+00:00,0.08742,0.08781,0.0873,0.08747,10800735.0
2026-06-17 05:00:00+00:00,0.08747,0.08764,0.08713,0.08734,18431563.0
2026-06-17 06:00:00+00:00,0.08734,0.08747,0.08668,0.08696,55965573.0
2026-06-17 07:00:00+00:00,0.08696,0.08719,0.08656,0.08684,38625147.0
2026-06-17 08:00:00+00:00,0.08684,0.08688,0.08568,0.08591,85045044.0
2026-06-17 09:00:00+00:00,0.08591,0.0862,0.08586,0.08601,28245919.0
2026-06-17 10:00:00+00:00,0.08601,0.08614,0.08584,0.08594,15578798.0
2026-06-17 11:00:00+00:00,0.08594,0.08606,0.08536,0.08577,81427778.0
2026-06-17 12:00:00+00:00,0.08577,0.08625,0.08543,0.08622,78638405.0
2026-06-17 13:00:00+00:00,0.08622,0.08655,0.08589,0.08624,53608700.0
2026-06-17 14:00:00+00:00,0.08624,0.08652,0.0856,0.08603,69305948.0
2026-06-17 15:00:00+00:00,0.08603,0.08726,0.08596,0.08724,69389953.0
2026-06-17 16:00:00+00:00,0.08724,0.08774,0.08699,0.08702,62160033.0
2026-06-17 17:00:00+00:00,0.08702,0.08755,0.0869,0.08755,36656443.0
2026-06-17 18:00:00+00:00,0.08755,0.08786,0.08581,0.08701,236427850.0
2026-06-17 19:00:00+00:00,0.08701,0.0872,0.08493,0.08536,203369621.0
2026-06-17 20:00:00+00:00,0.08536,0.08621,0.08523,0.08617,51350752.0
2026-06-17 21:00:00+00:00,0.08617,0.08622,0.08539,0.08556,49381606.0
2026-06-17 22:00:00+00:00,0.08556,0.08593,0.08461,0.08579,77021288.0
2026-06-17 23:00:00+00:00,0.08579,0.08613,0.08573,0.08588,18956218.0
2026-06-18 00:00:00+00:00,0.08588,0.0863,0.08585,0.08617,12790544.0
2026-06-18 01:00:00+00:00,0.08617,0.08653,0.08603,0.0862,14021211.0
2026-06-18 02:00:00+00:00,0.0862,0.08633,0.08599,0.08615,7009787.0
2026-06-18 03:00:00+00:00,0.08615,0.08616,0.08498,0.08527,87550143.0
2026-06-18 04:00:00+00:00,0.08527,0.08538,0.08432,0.08461,69616900.0
2026-06-18 05:00:00+00:00,0.08461,0.08462,0.08388,0.08423,63387164.0
2026-06-18 06:00:00+00:00,0.08423,0.08472,0.08408,0.08461,53807000.0
2026-06-18 07:00:00+00:00,0.08461,0.08509,0.08438,0.0849,41666264.0
2026-06-18 08:00:00+00:00,0.0849,0.08519,0.08472,0.08501,29634770.0
2026-06-18 09:00:00+00:00,0.08501,0.08518,0.08483,0.08504,20452100.0
2026-06-18 10:00:00+00:00,0.08504,0.08504,0.0845,0.08483,33884797.0
2026-06-18 11:00:00+00:00,0.08483,0.08499,0.08426,0.08447,23398059.0
2026-06-18 12:00:00+00:00,0.08447,0.08481,0.08439,0.08477,13376305.0
2026-06-18 13:00:00+00:00,0.08477,0.08484,0.08351,0.08401,86035841.0
2026-06-18 14:00:00+00:00,0.08401,0.08445,0.08358,0.08384,56461565.0
2026-06-18 15:00:00+00:00,0.08384,0.08387,0.08178,0.08195,235115733.0
2026-06-18 16:00:00+00:00,0.08195,0.0827,0.08187,0.08262,54305288.0
2026-06-18 17:00:00+00:00,0.08262,0.08266,0.08195,0.08232,51289871.0
2026-06-18 18:00:00+00:00,0.08232,0.08262,0.0822,0.08237,27104589.0
2026-06-18 19:00:00+00:00,0.08237,0.08299,0.08231,0.08284,28416380.0
2026-06-18 20:00:00+00:00,0.08284,0.08349,0.08284,0.08337,28530332.0
2026-06-18 21:00:00+00:00,0.08337,0.08348,0.08304,0.08336,23275948.0
2026-06-18 22:00:00+00:00,0.08336,0.08345,0.08294,0.0834,30183268.0
2026-06-18 23:00:00+00:00,0.0834,0.08355,0.08308,0.08348,10507338.0
2026-06-19 00:00:00+00:00,0.08348,0.08374,0.08335,0.0836,15654167.0
2026-06-19 01:00:00+00:00,0.0836,0.08386,0.08341,0.0838,16960123.0
2026-06-19 02:00:00+00:00,0.0838,0.08391,0.08346,0.08361,19523068.0
2026-06-19 03:00:00+00:00,0.08361,0.08369,0.08255,0.08284,132681289.0
2026-06-19 04:00:00+00:00,0.08284,0.083,0.08197,0.08219,42576569.0
2026-06-19 05:00:00+00:00,0.08219,0.08268,0.08218,0.08258,24540405.0
2026-06-19 06:00:00+00:00,0.08258,0.08275,0.08241,0.08268,18025120.0
2026-06-19 07:00:00+00:00,0.08268,0.0827,0.0819,0.08229,34465676.0
2026-06-19 08:00:00+00:00,0.08229,0.08263,0.08224,0.08249,13437120.0
2026-06-19 09:00:00+00:00,0.08249,0.08257,0.08202,0.08219,20839605.0
2026-06-19 10:00:00+00:00,0.08219,0.08239,0.08201,0.08228,18802382.0
2026-06-19 11:00:00+00:00,0.08228,0.08245,0.08211,0.08235,13333054.0
2026-06-19 12:00:00+00:00,0.08235,0.08273,0.08182,0.08263,87124527.0
2026-06-19 13:00:00+00:00,0.08263,0.08346,0.08243,0.0832,64830037.0
2026-06-19 14:00:00+00:00,0.0832,0.08336,0.08291,0.08309,34672475.0
2026-06-19 15:00:00+00:00,0.08309,0.08337,0.08296,0.08317,15709854.0
2026-06-19 16:00:00+00:00,0.08317,0.08337,0.08281,0.08285,30032016.0
2026-06-19 17:00:00+00:00,0.08285,0.08341,0.08271,0.08331,21600562.0
2026-06-19 18:00:00+00:00,0.08331,0.08335,0.08289,0.08311,9168021.0
2026-06-19 19:00:00+00:00,0.08311,0.08312,0.08267,0.08288,13575710.0
2026-06-19 20:00:00+00:00,0.08288,0.0832,0.08263,0.0832,13498116.0
2026-06-19 21:00:00+00:00,0.0832,0.08327,0.08273,0.0828,15020184.0
2026-06-19 22:00:00+00:00,0.0828,0.08323,0.08275,0.08319,11145830.0
2026-06-19 23:00:00+00:00,0.08319,0.08367,0.08306,0.08351,25535303.0
2026-06-20 00:00:00+00:00,0.08351,0.08387,0.08338,0.08342,20795844.0
2026-06-20 01:00:00+00:00,0.08342,0.08354,0.08324,0.08344,43677613.0
2026-06-20 02:00:00+00:00,0.08344,0.0835,0.08298,0.083,18341540.0
2026-06-20 03:00:00+00:00,0.083,0.0833,0.08299,0.08321,4872894.0
2026-06-20 04:00:00+00:00,0.08321,0.08348,0.08316,0.08347,12550853.0
2026-06-20 05:00:00+00:00,0.08347,0.08417,0.08341,0.0839,49948800.0
2026-06-20 06:00:00+00:00,0.0839,0.08422,0.08383,0.08414,17099234.0
2026-06-20 07:00:00+00:00,0.08414,0.08427,0.08387,0.08404,27455424.0
2026-06-20 08:00:00+00:00,0.08404,0.08407,0.08377,0.08391,17398673.0
2026-06-20 09:00:00+00:00,0.08391,0.08425,0.08391,0.08413,12318739.0
2026-06-20 10:00:00+00:00,0.08413,0.0842,0.08381,0.08389,18325624.0
2026-06-20 11:00:00+00:00,0.08389,0.084,0.08372,0.08383,14561406.0
2026-06-20 12:00:00+00:00,0.08383,0.08399,0.08367,0.0838,19246851.0
2026-06-20 13:00:00+00:00,0.0838,0.08383,0.08317,0.08326,28382739.0
2026-06-20 14:00:00+00:00,0.08326,0.0841,0.08258,0.08368,73794843.0
2026-06-20 15:00:00+00:00,0.08368,0.08418,0.08349,0.08371,63236050.0
2026-06-20 16:00:00+00:00,0.08371,0.08372,0.08327,0.08346,14350740.0
2026-06-20 17:00:00+00:00,0.08346,0.08346,0.0828,0.08304,21946936.0
2026-06-20 18:00:00+00:00,0.08304,0.08339,0.08303,0.08311,12450715.0
2026-06-20 19:00:00+00:00,0.08311,0.08341,0.08309,0.08328,7461087.0
2026-06-20 20:00:00+00:00,0.08328,0.0834,0.0832,0.08335,11801114.0
2026-06-20 21:00:00+00:00,0.08335,0.08362,0.08332,0.08346,28561364.0
2026-06-20 22:00:00+00:00,0.08346,0.08398,0.08336,0.0838,15838563.0
2026-06-20 23:00:00+00:00,0.0838,0.08399,0.08361,0.08365,22078290.0
2026-06-21 00:00:00+00:00,0.08365,0.08369,0.08351,0.08363,5789381.0
2026-06-21 01:00:00+00:00,0.08363,0.08367,0.08347,0.08358,10807743.0
2026-06-21 02:00:00+00:00,0.08358,0.08363,0.08351,0.08351,6244796.0
2026-06-21 03:00:00+00:00,0.08351,0.0838,0.0834,0.08364,9931525.0
2026-06-21 04:00:00+00:00,0.08364,0.08377,0.08323,0.08326,9763060.0
2026-06-21 05:00:00+00:00,0.08326,0.08338,0.08308,0.08318,13092636.0
2026-06-21 06:00:00+00:00,0.08318,0.08346,0.08317,0.08337,5081894.0
2026-06-21 07:00:00+00:00,0.08337,0.08363,0.08326,0.08345,11511591.0
2026-06-21 08:00:00+00:00,0.08345,0.08353,0.08285,0.08313,24683826.0
2026-06-21 09:00:00+00:00,0.08313,0.08334,0.08296,0.08332,16641854.0
2026-06-21 10:00:00+00:00,0.08332,0.08352,0.08322,0.08324,27035765.0
2026-06-21 11:00:00+00:00,0.08324,0.08331,0.08271,0.08299,43614217.0
2026-06-21 12:00:00+00:00,0.08299,0.08335,0.08289,0.0833,19551661.0
2026-06-21 13:00:00+00:00,0.0833,0.08342,0.08312,0.08341,20696149.0
2026-06-21 14:00:00+00:00,0.08341,0.0835,0.08322,0.08342,12506452.0
2026-06-21 15:00:00+00:00,0.08342,0.08359,0.08337,0.08338,8464699.0
2026-06-21 16:00:00+00:00,0.08338,0.08353,0.08309,0.08352,16024807.0
2026-06-21 17:00:00+00:00,0.08352,0.08373,0.08317,0.08334,20209516.0
2026-06-21 18:00:00+00:00,0.08334,0.08363,0.08311,0.08343,18261648.0
2026-06-21 19:00:00+00:00,0.08343,0.08363,0.08341,0.08359,4357079.0
2026-06-21 20:00:00+00:00,0.08359,0.08363,0.08302,0.08312,16916081.0
2026-06-21 21:00:00+00:00,0.08312,0.08316,0.08223,0.08285,81631960.0
2026-06-21 22:00:00+00:00,0.08285,0.08307,0.08259,0.08286,27564110.0
2026-06-21 23:00:00+00:00,0.08286,0.08286,0.08207,0.08218,25169666.0
2026-06-22 00:00:00+00:00,0.08218,0.08316,0.08218,0.08309,30602434.0
2026-06-22 01:00:00+00:00,0.08309,0.08423,0.08297,0.08363,54385558.0
2026-06-22 02:00:00+00:00,0.08363,0.08373,0.08325,0.08325,10656584.0
2026-06-22 03:00:00+00:00,0.08325,0.08346,0.08277,0.08287,22712958.0
2026-06-22 04:00:00+00:00,0.08287,0.0832,0.08272,0.0832,13622136.0
2026-06-22 05:00:00+00:00,0.0832,0.08344,0.08314,0.0833,12571587.0
2026-06-22 06:00:00+00:00,0.0833,0.0835,0.08308,0.08315,14543512.0
2026-06-22 07:00:00+00:00,0.08315,0.0837,0.08311,0.08347,23179232.0
2026-06-22 08:00:00+00:00,0.08347,0.08378,0.0833,0.08353,23735225.0
2026-06-22 09:00:00+00:00,0.08353,0.08373,0.0835,0.08366,9119715.0
2026-06-22 10:00:00+00:00,0.08366,0.08395,0.08345,0.08362,15270509.0
2026-06-22 11:00:00+00:00,0.08362,0.08443,0.0836,0.08418,57024798.0
2026-06-22 12:00:00+00:00,0.08418,0.08465,0.08413,0.08456,44776029.0
2026-06-22 13:00:00+00:00,0.08456,0.085,0.08422,0.08497,65745784.0
2026-06-22 14:00:00+00:00,0.08497,0.08506,0.08365,0.08391,70712912.0
2026-06-22 15:00:00+00:00,0.08391,0.0841,0.08347,0.0836,32894230.0
2026-06-22 16:00:00+00:00,0.0836,0.08363,0.08306,0.08332,42847245.0
2026-06-22 17:00:00+00:00,0.08332,0.08339,0.08288,0.08327,31269536.0
2026-06-22 18:00:00+00:00,0.08327,0.08343,0.08273,0.08283,43815907.0
2026-06-22 19:00:00+00:00,0.08283,0.08293,0.08243,0.08271,56740701.0
2026-06-22 20:00:00+00:00,0.08271,0.08298,0.0826,0.0828,22410562.0
2026-06-22 21:00:00+00:00,0.0828,0.08283,0.08232,0.08269,24578166.0
2026-06-22 22:00:00+00:00,0.08269,0.08283,0.08181,0.0822,149185620.0
2026-06-22 23:00:00+00:00,0.0822,0.08249,0.08211,0.08242,34455751.0
2026-06-23 00:00:00+00:00,0.08242,0.08255,0.08192,0.08254,39361549.0
2026-06-23 01:00:00+00:00,0.08254,0.08267,0.08111,0.08184,166304389.0
2026-06-23 02:00:00+00:00,0.08184,0.08232,0.08169,0.08223,43370781.0
2026-06-23 03:00:00+00:00,0.08223,0.08224,0.0818,0.08216,42613805.0
2026-06-23 04:00:00+00:00,0.08216,0.0822,0.08157,0.08163,29285629.0
2026-06-23 05:00:00+00:00,0.08163,0.0818,0.08132,0.08167,56342011.0
2026-06-23 06:00:00+00:00,0.08167,0.08169,0.07963,0.08021,313059548.0
2026-06-23 07:00:00+00:00,0.08021,0.08039,0.07991,0.07996,31540351.0
2026-06-23 08:00:00+00:00,0.07996,0.07999,0.07832,0.07906,286871947.0
2026-06-23 09:00:00+00:00,0.07906,0.07923,0.07888,0.07896,31980850.0
2026-06-23 10:00:00+00:00,0.07896,0.07935,0.07892,0.07906,63695691.0
2026-06-23 11:00:00+00:00,0.07906,0.07956,0.07905,0.07953,38188232.0
2026-06-23 12:00:00+00:00,0.07953,0.0796,0.07925,0.07938,37469958.0
2026-06-23 13:00:00+00:00,0.07938,0.07978,0.07898,0.07957,130019058.0
2026-06-23 14:00:00+00:00,0.07957,0.07979,0.07882,0.07894,51873988.0
2026-06-23 15:00:00+00:00,0.07894,0.07899,0.0783,0.07877,98220667.0
2026-06-23 16:00:00+00:00,0.07877,0.0793,0.07865,0.07885,54243452.0
2026-06-23 17:00:00+00:00,0.07885,0.07905,0.07845,0.07853,28396592.0
2026-06-23 18:00:00+00:00,0.07853,0.0788,0.07824,0.07853,42019993.0
2026-06-23 19:00:00+00:00,0.07853,0.07873,0.07828,0.0784,48504680.0
2026-06-23 20:00:00+00:00,0.0784,0.07877,0.07833,0.07846,37749811.0
2026-06-23 21:00:00+00:00,0.07846,0.07873,0.07846,0.07871,24038494.0
2026-06-23 22:00:00+00:00,0.07871,0.07908,0.07867,0.07892,16744349.0
2026-06-23 23:00:00+00:00,0.07892,0.07907,0.07869,0.07883,10237168.0
2026-06-24 00:00:00+00:00,0.07883,0.07921,0.07881,0.0791,19358311.0
2026-06-24 01:00:00+00:00,0.0791,0.07974,0.07888,0.07952,36164057.0
2026-06-24 02:00:00+00:00,0.07952,0.07959,0.07903,0.07904,37068343.0
2026-06-24 03:00:00+00:00,0.07904,0.0793,0.07875,0.07905,15144908.0
2026-06-24 04:00:00+00:00,0.07905,0.07918,0.07845,0.07913,18089553.0
2026-06-24 05:00:00+00:00,0.07913,0.07943,0.07906,0.07916,17908808.0
2026-06-24 06:00:00+00:00,0.07916,0.0792,0.07891,0.07897,9626653.0
2026-06-24 07:00:00+00:00,0.07897,0.07901,0.07872,0.07882,24120401.0
2026-06-24 08:00:00+00:00,0.07882,0.07916,0.07879,0.07912,18888997.0
2026-06-24 09:00:00+00:00,0.07912,0.07913,0.07865,0.07891,12153177.0
2026-06-24 10:00:00+00:00,0.07891,0.07891,0.07845,0.07854,19497879.0
2026-06-24 11:00:00+00:00,0.07854,0.07955,0.07792,0.07898,98499462.0
2026-06-24 12:00:00+00:00,0.07898,0.07902,0.07851,0.07856,20702260.0
2026-06-24 13:00:00+00:00,0.07856,0.0786,0.07664,0.07676,261594016.0
2026-06-24 14:00:00+00:00,0.07676,0.07711,0.07642,0.07671,122897689.0
2026-06-24 15:00:00+00:00,0.07671,0.07695,0.07455,0.07471,342434482.0
2026-06-24 16:00:00+00:00,0.07471,0.07559,0.07357,0.07415,323885378.0
2026-06-24 17:00:00+00:00,0.07415,0.0745,0.07271,0.07301,329227350.0
2026-06-24 18:00:00+00:00,0.07301,0.07438,0.07284,0.07385,103794182.0
2026-06-24 19:00:00+00:00,0.07385,0.07415,0.07357,0.07409,54183166.0
2026-06-24 20:00:00+00:00,0.07409,0.07579,0.07393,0.07554,132652245.0
2026-06-24 21:00:00+00:00,0.07554,0.07611,0.07508,0.07602,43760868.0
2026-06-24 22:00:00+00:00,0.07602,0.07643,0.07576,0.07583,52812825.0
2026-06-24 23:00:00+00:00,0.07583,0.07615,0.07572,0.07608,17302490.0
2026-06-25 00:00:00+00:00,0.07608,0.0764,0.07598,0.07611,40813938.0
2026-06-25 01:00:00+00:00,0.07611,0.07637,0.07605,0.07626,9435627.0
2026-06-25 02:00:00+00:00,0.07626,0.07638,0.07598,0.07616,20242400.0
2026-06-25 03:00:00+00:00,0.07616,0.07626,0.07587,0.07598,55480080.0
2026-06-25 04:00:00+00:00,0.07598,0.07677,0.07573,0.0767,77013462.0
2026-06-25 05:00:00+00:00,0.0767,0.0775,0.07665,0.07723,107457544.0
2026-06-25 06:00:00+00:00,0.07723,0.07747,0.07704,0.07726,30854219.0
2026-06-25 07:00:00+00:00,0.07726,0.07733,0.07701,0.07732,31154199.0
2026-06-25 08:00:00+00:00,0.07732,0.07735,0.07698,0.07703,19730209.0
2026-06-25 09:00:00+00:00,0.07703,0.07713,0.07678,0.07694,16944077.0
2026-06-25 10:00:00+00:00,0.07694,0.07695,0.07607,0.07615,85099338.0
2026-06-25 11:00:00+00:00,0.07615,0.07628,0.0757,0.07589,41476821.0
2026-06-25 12:00:00+00:00,0.07589,0.07633,0.07533,0.076,109451158.0
2026-06-25 13:00:00+00:00,0.076,0.07641,0.0714,0.07171,541757969.0
2026-06-25 14:00:00+00:00,0.07171,0.07453,0.0717,0.07312,574920093.0
2026-06-25 15:00:00+00:00,0.07312,0.07354,0.07214,0.07339,165150348.0
2026-06-25 16:00:00+00:00,0.07339,0.07418,0.07306,0.07337,114964384.0
2026-06-25 17:00:00+00:00,0.07337,0.07524,0.07335,0.07491,99368107.0
2026-06-25 18:00:00+00:00,0.07491,0.07496,0.07345,0.07357,81864353.0
2026-06-25 19:00:00+00:00,0.07357,0.07362,0.07287,0.07334,57347839.0
2026-06-25 20:00:00+00:00,0.07334,0.07403,0.07334,0.07356,55076617.0
2026-06-25 21:00:00+00:00,0.07356,0.07488,0.07355,0.07487,66200255.0
2026-06-25 22:00:00+00:00,0.07487,0.07497,0.07448,0.07466,34154923.0
2026-06-25 23:00:00+00:00,0.07466,0.07529,0.07457,0.07486,27111551.0
2026-06-26 00:00:00+00:00,0.07486,0.07508,0.07455,0.07464,27778560.0
2026-06-26 01:00:00+00:00,0.07464,0.07474,0.07379,0.07398,29789242.0
2026-06-26 02:00:00+00:00,0.07398,0.07402,0.07242,0.07267,143001507.0
2026-06-26 03:00:00+00:00,0.07267,0.07476,0.07203,0.07463,236120635.0
2026-06-26 04:00:00+00:00,0.07463,0.07479,0.0741,0.07423,58417589.0
2026-06-26 05:00:00+00:00,0.07423,0.07449,0.07392,0.07439,21484002.0
2026-06-26 06:00:00+00:00,0.07439,0.07522,0.07394,0.07472,107860706.0
2026-06-26 07:00:00+00:00,0.07472,0.07527,0.07464,0.07507,48092918.0
2026-06-26 08:00:00+00:00,0.07507,0.07514,0.07423,0.0744,51228292.0
2026-06-26 09:00:00+00:00,0.0744,0.07453,0.07388,0.07397,25723776.0
2026-06-26 10:00:00+00:00,0.07397,0.07412,0.07358,0.07368,30387831.0
2026-06-26 11:00:00+00:00,0.07368,0.07397,0.07327,0.07343,27950855.0
2026-06-26 12:00:00+00:00,0.07343,0.07423,0.07276,0.07331,134775406.0
2026-06-26 13:00:00+00:00,0.07331,0.07469,0.07275,0.07467,112765855.0
2026-06-26 14:00:00+00:00,0.07467,0.07486,0.0738,0.07391,61990671.0
2026-06-26 15:00:00+00:00,0.07391,0.07542,0.0738,0.07496,137853500.0
2026-06-26 16:00:00+00:00,0.07496,0.07559,0.07458,0.07527,122238900.0
2026-06-26 17:00:00+00:00,0.07527,0.07571,0.07517,0.07555,47311402.0
2026-06-26 18:00:00+00:00,0.07555,0.07577,0.07505,0.07515,26500760.0
2026-06-26 19:00:00+00:00,0.07515,0.07608,0.07501,0.07552,51657711.0
2026-06-26 20:00:00+00:00,0.07552,0.0761,0.07529,0.07545,48140423.0
2026-06-26 21:00:00+00:00,0.07545,0.07584,0.07521,0.07543,22539822.0
2026-06-26 22:00:00+00:00,0.07543,0.07569,0.07514,0.07566,20729929.0
2026-06-26 23:00:00+00:00,0.07566,0.07588,0.07559,0.07574,13763180.0
2026-06-27 00:00:00+00:00,0.07574,0.07597,0.07504,0.07539,162062308.0
2026-06-27 01:00:00+00:00,0.07539,0.07542,0.07521,0.07537,10677103.0
2026-06-27 02:00:00+00:00,0.07537,0.07602,0.07534,0.07586,29771624.0
2026-06-27 03:00:00+00:00,0.07586,0.07591,0.07554,0.07561,15412087.0
2026-06-27 04:00:00+00:00,0.07561,0.07594,0.07552,0.07557,13701437.0
2026-06-27 05:00:00+00:00,0.07557,0.07574,0.07534,0.0757,17289756.0
2026-06-27 06:00:00+00:00,0.0757,0.07582,0.0754,0.07566,19813849.0
2026-06-27 07:00:00+00:00,0.07566,0.07584,0.07552,0.07577,11458082.0
2026-06-27 08:00:00+00:00,0.07577,0.07578,0.07537,0.07552,17144960.0
2026-06-27 09:00:00+00:00,0.07552,0.07561,0.07524,0.07537,15325969.0
2026-06-27 10:00:00+00:00,0.07537,0.0754,0.07522,0.07533,6161498.0
2026-06-27 11:00:00+00:00,0.07533,0.07534,0.07492,0.07528,19493888.0
2026-06-27 12:00:00+00:00,0.07528,0.07558,0.07521,0.07552,13926756.0
2026-06-27 13:00:00+00:00,0.07552,0.07589,0.07544,0.07576,22518480.0
2026-06-27 14:00:00+00:00,0.07576,0.07602,0.07565,0.07593,26597211.0
2026-06-27 15:00:00+00:00,0.07593,0.07643,0.07584,0.0762,85533903.0
2026-06-27 16:00:00+00:00,0.0762,0.07632,0.0759,0.0762,72969610.0
2026-06-27 17:00:00+00:00,0.0762,0.07627,0.07558,0.07562,64953970.0
2026-06-27 18:00:00+00:00,0.07562,0.07566,0.07518,0.07533,105563691.0
2026-06-27 19:00:00+00:00,0.07533,0.0754,0.07444,0.07472,64656021.0
2026-06-27 20:00:00+00:00,0.07472,0.0749,0.07465,0.07472,11283950.0
2026-06-27 21:00:00+00:00,0.07472,0.07494,0.07431,0.07455,32257289.0
2026-06-27 22:00:00+00:00,0.07455,0.07481,0.07404,0.07479,20759943.0
2026-06-27 23:00:00+00:00,0.07479,0.07484,0.07438,0.07446,14018781.0
2026-06-28 00:00:00+00:00,0.07446,0.07465,0.07443,0.07455,13639558.0
2026-06-28 01:00:00+00:00,0.07455,0.0746,0.07432,0.07443,13213470.0
2026-06-28 02:00:00+00:00,0.07443,0.07457,0.07403,0.07412,39094594.0
2026-06-28 03:00:00+00:00,0.07412,0.07444,0.07408,0.07424,7697942.0
2026-06-28 04:00:00+00:00,0.07424,0.07424,0.07393,0.07398,9264733.0
2026-06-28 05:00:00+00:00,0.07398,0.07401,0.07344,0.07383,35092340.0
2026-06-28 06:00:00+00:00,0.07383,0.07386,0.07316,0.07343,57186844.0
2026-06-28 07:00:00+00:00,0.07343,0.07374,0.07339,0.07373,13359714.0
2026-06-28 08:00:00+00:00,0.07373,0.07423,0.07362,0.07402,19922305.0
2026-06-28 09:00:00+00:00,0.07402,0.07422,0.07347,0.07352,22916566.0
2026-06-28 10:00:00+00:00,0.07352,0.07369,0.07326,0.07345,26266991.0
2026-06-28 11:00:00+00:00,0.07345,0.07385,0.07329,0.0738,15654854.0
2026-06-28 12:00:00+00:00,0.0738,0.07405,0.0734,0.07374,28520148.0
2026-06-28 13:00:00+00:00,0.07374,0.07374,0.07335,0.07347,21191115.0
2026-06-28 14:00:00+00:00,0.07347,0.07395,0.07346,0.07361,20697059.0
2026-06-28 15:00:00+00:00,0.07361,0.07384,0.07334,0.07354,21588973.0
2026-06-28 16:00:00+00:00,0.07354,0.07358,0.0729,0.07311,55356280.0
2026-06-28 17:00:00+00:00,0.07311,0.07339,0.07268,0.07314,45949924.0
2026-06-28 18:00:00+00:00,0.07314,0.07326,0.07293,0.07322,16710011.0
2026-06-28 19:00:00+00:00,0.07322,0.07331,0.07256,0.07289,27962049.0
2026-06-28 20:00:00+00:00,0.07289,0.07341,0.07284,0.07316,21884631.0
2026-06-28 21:00:00+00:00,0.07316,0.0732,0.07244,0.07273,41050870.0
2026-06-28 22:00:00+00:00,0.07273,0.07368,0.07212,0.07242,101213027.0
2026-06-28 23:00:00+00:00,0.07242,0.07337,0.07234,0.07315,38327233.0
2026-06-29 00:00:00+00:00,0.07315,0.07331,0.07214,0.07328,46551651.0
2026-06-29 01:00:00+00:00,0.07328,0.0733,0.07248,0.07277,27773897.0
2026-06-29 02:00:00+00:00,0.07277,0.07316,0.07184,0.07308,48897335.0
2026-06-29 03:00:00+00:00,0.07308,0.07361,0.07301,0.07326,28054991.0
2026-06-29 04:00:00+00:00,0.07326,0.0733,0.07227,0.07251,26296518.0
2026-06-29 05:00:00+00:00,0.07251,0.07307,0.07201,0.07307,32936863.0
2026-06-29 06:00:00+00:00,0.07307,0.07345,0.07298,0.07314,25907546.0
2026-06-29 07:00:00+00:00,0.07314,0.07327,0.07273,0.07274,15819904.0
2026-06-29 08:00:00+00:00,0.07274,0.0729,0.07219,0.07248,41677409.0
2026-06-29 09:00:00+00:00,0.07248,0.07294,0.07247,0.07276,23564591.0
2026-06-29 10:00:00+00:00,0.07276,0.07319,0.07276,0.07289,20355239.0
2026-06-29 11:00:00+00:00,0.07289,0.0731,0.07243,0.0728,36253313.0
2026-06-29 12:00:00+00:00,0.0728,0.07385,0.0724,0.07293,104796601.0
2026-06-29 13:00:00+00:00,0.07293,0.07347,0.0722,0.07269,84530989.0
2026-06-29 14:00:00+00:00,0.07269,0.07289,0.07197,0.07258,100682206.0
2026-06-29 15:00:00+00:00,0.07258,0.07296,0.07193,0.07278,52213194.0
2026-06-29 16:00:00+00:00,0.07278,0.07295,0.07208,0.07277,44732750.0
2026-06-29 17:00:00+00:00,0.07277,0.07424,0.07275,0.07388,81135767.0
2026-06-29 18:00:00+00:00,0.07388,0.07406,0.07369,0.07382,27313468.0
2026-06-29 19:00:00+00:00,0.07382,0.07408,0.07366,0.07386,23617471.0
2026-06-29 20:00:00+00:00,0.07386,0.07391,0.07367,0.07368,16704536.0
2026-06-29 21:00:00+00:00,0.07368,0.0741,0.07354,0.07392,25336854.0
2026-06-29 22:00:00+00:00,0.07392,0.07397,0.0734,0.0734,16969729.0
2026-06-29 23:00:00+00:00,0.0734,0.07345,0.07316,0.07339,11033094.0
2026-06-30 00:00:00+00:00,0.07339,0.07353,0.07248,0.07249,37664728.0
2026-06-30 01:00:00+00:00,0.07249,0.07273,0.07223,0.0725,31698852.0
2026-06-30 02:00:00+00:00,0.0725,0.0727,0.07226,0.07259,19261136.0
2026-06-30 03:00:00+00:00,0.07259,0.07277,0.07232,0.07239,54292737.0
2026-06-30 04:00:00+00:00,0.07239,0.07256,0.07208,0.0724,60530989.0
2026-06-30 05:00:00+00:00,0.0724,0.07242,0.07203,0.0724,41602818.0
2026-06-30 06:00:00+00:00,0.0724,0.07254,0.07226,0.07243,13528465.0
2026-06-30 07:00:00+00:00,0.07243,0.07257,0.07225,0.07236,13206794.0
2026-06-30 08:00:00+00:00,0.07236,0.07241,0.07195,0.07231,61484259.0
2026-06-30 09:00:00+00:00,0.07231,0.07253,0.07218,0.07251,21065616.0
2026-06-30 10:00:00+00:00,0.07251,0.07259,0.07225,0.07245,49571219.0
2026-06-30 11:00:00+00:00,0.07245,0.07252,0.0709,0.07139,166060023.0
2026-06-30 12:00:00+00:00,0.07139,0.0714,0.06942,0.06961,357141693.0
2026-06-30 13:00:00+00:00,0.06961,0.0708,0.06961,0.0707,128881432.0
2026-06-30 14:00:00+00:00,0.0707,0.07129,0.07018,0.07032,111165670.0
2026-06-30 15:00:00+00:00,0.07032,0.07106,0.07016,0.07068,81980792.0
2026-06-30 16:00:00+00:00,0.07068,0.07154,0.07051,0.07136,69035278.0
2026-06-30 17:00:00+00:00,0.07136,0.07164,0.07109,0.07129,29079842.0
2026-06-30 18:00:00+00:00,0.07129,0.07284,0.07121,0.07235,137079544.0
2026-06-30 19:00:00+00:00,0.07235,0.0725,0.07208,0.07225,26135993.0
2026-06-30 20:00:00+00:00,0.07225,0.07233,0.07186,0.07199,21648453.0
2026-06-30 21:00:00+00:00,0.07199,0.0722,0.07187,0.07211,20103102.0
2026-06-30 22:00:00+00:00,0.07211,0.07231,0.07179,0.07192,17099926.0
2026-06-30 23:00:00+00:00,0.07192,0.0721,0.0718,0.07204,8050275.0
2026-07-01 00:00:00+00:00,0.07204,0.07214,0.07158,0.07177,50427219.0
2026-07-01 01:00:00+00:00,0.07177,0.07205,0.07045,0.07183,123052055.0
2026-07-01 02:00:00+00:00,0.07183,0.07226,0.07169,0.07195,33072312.0
2026-07-01 03:00:00+00:00,0.07195,0.07246,0.07183,0.0723,46914088.0
2026-07-01 04:00:00+00:00,0.0723,0.07266,0.07224,0.0725,25031028.0
2026-07-01 05:00:00+00:00,0.0725,0.07255,0.07219,0.07228,11097520.0
2026-07-01 06:00:00+00:00,0.07228,0.07232,0.07104,0.07138,68690585.0
2026-07-01 07:00:00+00:00,0.07138,0.07157,0.07123,0.07145,23944206.0
2026-07-01 08:00:00+00:00,0.07145,0.07151,0.07084,0.07145,31985351.0
2026-07-01 09:00:00+00:00,0.07145,0.07159,0.07111,0.07124,37636617.0
2026-07-01 10:00:00+00:00,0.07124,0.07133,0.07076,0.07092,30378429.0
2026-07-01 11:00:00+00:00,0.07092,0.07122,0.07079,0.07111,12491439.0
2026-07-01 12:00:00+00:00,0.07111,0.07141,0.07082,0.07141,33389253.0
2026-07-01 13:00:00+00:00,0.07141,0.07255,0.07117,0.07236,142213965.0
2026-07-01 14:00:00+00:00,0.07236,0.07297,0.07211,0.07264,98301125.0
2026-07-01 15:00:00+00:00,0.07264,0.07355,0.07262,0.07333,85632248.0
2026-07-01 16:00:00+00:00,0.07333,0.07352,0.07289,0.07303,32957789.0
2026-07-01 17:00:00+00:00,0.07303,0.07359,0.07274,0.07344,52663261.0
2026-07-01 18:00:00+00:00,0.07344,0.07356,0.07297,0.07309,21254972.0
2026-07-01 19:00:00+00:00,0.07309,0.07334,0.07264,0.07279,24954443.0
2026-07-01 20:00:00+00:00,0.07279,0.07288,0.07248,0.07278,32376036.0
2026-07-01 21:00:00+00:00,0.07278,0.07354,0.07278,0.07342,146034371.0
2026-07-01 22:00:00+00:00,0.07342,0.07391,0.07295,0.07301,95054977.0
2026-07-01 23:00:00+00:00,0.07301,0.07301,0.07212,0.07218,51270798.0
2026-07-02 00:00:00+00:00,0.07218,0.07226,0.07163,0.0719,37087306.0
2026-07-02 01:00:00+00:00,0.0719,0.07282,0.07185,0.07252,31593274.0
2026-07-02 02:00:00+00:00,0.07252,0.07279,0.07222,0.07271,21488341.0
2026-07-02 03:00:00+00:00,0.07271,0.07345,0.07228,0.07335,88203391.0
2026-07-02 04:00:00+00:00,0.07335,0.07338,0.07286,0.07324,32397479.0
2026-07-02 05:00:00+00:00,0.07324,0.07324,0.07254,0.0727,24190830.0
2026-07-02 06:00:00+00:00,0.0727,0.07283,0.07236,0.07245,30245029.0
2026-07-02 07:00:00+00:00,0.07245,0.0726,0.07226,0.07251,21719687.0
2026-07-02 08:00:00+00:00,0.07251,0.07313,0.07246,0.07303,85120346.0
2026-07-02 09:00:00+00:00,0.07303,0.07377,0.07274,0.07345,106695302.0
2026-07-02 10:00:00+00:00,0.07345,0.07408,0.07336,0.07394,51227223.0
2026-07-02 11:00:00+00:00,0.07394,0.07432,0.07378,0.07415,46901959.0
2026-07-02 12:00:00+00:00,0.07415,0.07479,0.07404,0.07433,86690721.0
2026-07-02 13:00:00+00:00,0.07433,0.07554,0.07421,0.07503,133966706.0
2026-07-02 14:00:00+00:00,0.07503,0.07544,0.07423,0.07445,157858810.0
2026-07-02 15:00:00+00:00,0.07445,0.0747,0.07399,0.07448,33434320.0
2026-07-02 16:00:00+00:00,0.07448,0.07474,0.07406,0.07427,31349703.0
2026-07-02 17:00:00+00:00,0.07427,0.07452,0.07406,0.07419,15724088.0
2026-07-02 18:00:00+00:00,0.07419,0.0745,0.07418,0.07433,13278103.0
2026-07-02 19:00:00+00:00,0.07433,0.07446,0.07407,0.07418,17928302.0
2026-07-02 20:00:00+00:00,0.07418,0.07423,0.07394,0.07407,20520695.0
2026-07-02 21:00:00+00:00,0.07407,0.07413,0.07379,0.07403,25675662.0
2026-07-02 22:00:00+00:00,0.07403,0.07409,0.0737,0.07394,21659786.0
2026-07-02 23:00:00+00:00,0.07394,0.07433,0.07382,0.07413,17544451.0
2026-07-03 00:00:00+00:00,0.07413,0.07428,0.07389,0.07395,14351689.0
2026-07-03 01:00:00+00:00,0.07395,0.07492,0.07391,0.07475,76482104.0
2026-07-03 02:00:00+00:00,0.07475,0.07487,0.07436,0.0747,17500250.0
2026-07-03 03:00:00+00:00,0.0747,0.07483,0.0742,0.07474,30888707.0
2026-07-03 04:00:00+00:00,0.07474,0.07478,0.07444,0.07447,10466485.0
2026-07-03 05:00:00+00:00,0.07447,0.07548,0.07442,0.07503,84412073.0
2026-07-03 06:00:00+00:00,0.07503,0.07532,0.075,0.07518,19851021.0
2026-07-03 07:00:00+00:00,0.07518,0.07537,0.07504,0.07526,22096650.0
2026-07-03 08:00:00+00:00,0.07526,0.07557,0.0748,0.07485,113239770.0
2026-07-03 09:00:00+00:00,0.07485,0.0751,0.07471,0.07495,22034783.0
2026-07-03 10:00:00+00:00,0.07495,0.07555,0.07492,0.07534,34321379.0
2026-07-03 11:00:00+00:00,0.07534,0.0762,0.07522,0.0759,162648258.0
2026-07-03 12:00:00+00:00,0.0759,0.07612,0.07563,0.07601,29282628.0
2026-07-03 13:00:00+00:00,0.07601,0.0767,0.07592,0.0766,47059413.0
2026-07-03 14:00:00+00:00,0.0766,0.07679,0.07589,0.07672,52085886.0
2026-07-03 15:00:00+00:00,0.07672,0.07736,0.07616,0.07632,111108575.0
2026-07-03 16:00:00+00:00,0.07632,0.07675,0.07612,0.07645,38212665.0
2026-07-03 17:00:00+00:00,0.07645,0.07702,0.07638,0.07693,33048513.0
2026-07-03 18:00:00+00:00,0.07693,0.07697,0.07667,0.07688,13660755.0
2026-07-03 19:00:00+00:00,0.07688,0.07764,0.07672,0.07714,44072250.0
2026-07-03 20:00:00+00:00,0.07714,0.0782,0.07711,0.07797,128994400.0
2026-07-03 21:00:00+00:00,0.07797,0.07844,0.07745,0.07813,68080231.0
2026-07-03 22:00:00+00:00,0.07813,0.07819,0.07751,0.07778,29504059.0
2026-07-03 23:00:00+00:00,0.07778,0.07778,0.07718,0.0775,40345387.0
2026-07-04 00:00:00+00:00,0.0775,0.0777,0.07723,0.07732,26334127.0
2026-07-04 01:00:00+00:00,0.07732,0.07732,0.07667,0.07681,57828203.0
2026-07-04 02:00:00+00:00,0.07681,0.077,0.07658,0.07695,54971897.0
2026-07-04 03:00:00+00:00,0.07695,0.07742,0.07674,0.07728,19127670.0
2026-07-04 04:00:00+00:00,0.07728,0.07812,0.07712,0.07776,83471630.0
2026-07-04 05:00:00+00:00,0.07776,0.07778,0.077,0.07713,61710141.0
2026-07-04 06:00:00+00:00,0.07713,0.07744,0.07656,0.07703,84761004.0
2026-07-04 07:00:00+00:00,0.07703,0.07706,0.07669,0.07688,39865951.0
2026-07-04 08:00:00+00:00,0.07688,0.07701,0.07674,0.07697,22132112.0
2026-07-04 09:00:00+00:00,0.07697,0.07719,0.07658,0.07682,70513902.0
2026-07-04 10:00:00+00:00,0.07682,0.07713,0.0767,0.07708,45064721.0
2026-07-04 11:00:00+00:00,0.07708,0.07714,0.07684,0.07687,47291405.0
2026-07-04 12:00:00+00:00,0.07687,0.07713,0.07681,0.0771,17783927.0
2026-07-04 13:00:00+00:00,0.0771,0.07744,0.07692,0.07712,20509666.0
2026-07-04 14:00:00+00:00,0.07712,0.07777,0.07709,0.07769,36766576.0
2026-07-04 15:00:00+00:00,0.07769,0.07873,0.07765,0.07854,93083524.0
2026-07-04 16:00:00+00:00,0.07854,0.07891,0.07817,0.07847,53242536.0
2026-07-04 17:00:00+00:00,0.07847,0.07922,0.07805,0.07905,58543384.0
2026-07-04 18:00:00+00:00,0.07905,0.07926,0.07885,0.07915,29613288.0
2026-07-04 19:00:00+00:00,0.07915,0.07934,0.07842,0.07851,32757296.0
2026-07-04 20:00:00+00:00,0.07851,0.07867,0.07791,0.07801,33814160.0
2026-07-04 21:00:00+00:00,0.07801,0.0785,0.07796,0.07822,23801780.0
2026-07-04 22:00:00+00:00,0.07822,0.07823,0.07778,0.0779,11667470.0
2026-07-04 23:00:00+00:00,0.0779,0.07792,0.07732,0.07761,48919512.0
2026-07-05 00:00:00+00:00,0.07761,0.07764,0.07696,0.07715,39835682.0
2026-07-05 01:00:00+00:00,0.07715,0.07733,0.07664,0.0768,121314992.0
2026-07-05 02:00:00+00:00,0.0768,0.0768,0.07545,0.0758,163000542.0
2026-07-05 03:00:00+00:00,0.0758,0.0762,0.07578,0.07592,68420806.0
2026-07-05 04:00:00+00:00,0.07592,0.07633,0.0758,0.07605,37907759.0
2026-07-05 05:00:00+00:00,0.07605,0.07605,0.07557,0.0758,63999474.0
2026-07-05 06:00:00+00:00,0.0758,0.07594,0.07557,0.07584,17614059.0
2026-07-05 07:00:00+00:00,0.07584,0.07623,0.0757,0.07613,28024695.0
2026-07-05 08:00:00+00:00,0.07613,0.07622,0.07593,0.07597,19311665.0
2026-07-05 09:00:00+00:00,0.07597,0.076,0.0753,0.07551,39291934.0
2026-07-05 10:00:00+00:00,0.07551,0.07592,0.07524,0.07579,24490396.0
2026-07-05 11:00:00+00:00,0.07579,0.07596,0.07569,0.07587,17733933.0
2026-07-05 12:00:00+00:00,0.07587,0.07656,0.07566,0.07649,56931564.0
2026-07-05 13:00:00+00:00,0.07649,0.07666,0.07632,0.07657,35768464.0
2026-07-05 14:00:00+00:00,0.07657,0.07716,0.07645,0.07703,37168562.0
2026-07-05 15:00:00+00:00,0.07703,0.07733,0.07674,0.07711,47625089.0
2026-07-05 16:00:00+00:00,0.07711,0.07744,0.07685,0.07701,25442200.0
2026-07-05 17:00:00+00:00,0.07701,0.07786,0.07698,0.07726,141688516.0
2026-07-05 18:00:00+00:00,0.07726,0.07774,0.07718,0.07758,18468899.0
2026-07-05 19:00:00+00:00,0.07758,0.07776,0.07716,0.07725,38787051.0
2026-07-05 20:00:00+00:00,0.07725,0.07747,0.07696,0.07707,25473837.0
2026-07-05 21:00:00+00:00,0.07707,0.07842,0.07686,0.07789,114842919.0
2026-07-05 22:00:00+00:00,0.07789,0.07888,0.07772,0.07837,140269400.0
2026-07-05 23:00:00+00:00,0.07837,0.07881,0.07769,0.07786,53939245.0
2026-07-06 00:00:00+00:00,0.07786,0.0781,0.07696,0.07808,138225080.0
2026-07-06 01:00:00+00:00,0.07808,0.07825,0.07763,0.07769,43766577.0
2026-07-06 02:00:00+00:00,0.07769,0.07803,0.07739,0.07765,36917505.0
2026-07-06 03:00:00+00:00,0.07765,0.07775,0.07717,0.07744,31686288.0
2026-07-06 04:00:00+00:00,0.07744,0.07744,0.07702,0.07707,27317072.0
2026-07-06 05:00:00+00:00,0.07707,0.07707,0.07638,0.07659,52116982.0
2026-07-06 06:00:00+00:00,0.07659,0.07671,0.07645,0.07658,16292185.0
2026-07-06 07:00:00+00:00,0.07658,0.07706,0.07647,0.07688,22276522.0
2026-07-06 08:00:00+00:00,0.07688,0.07717,0.0768,0.07702,41077012.0
2026-07-06 09:00:00+00:00,0.07702,0.07704,0.07653,0.07669,36808581.0
2026-07-06 10:00:00+00:00,0.07669,0.07723,0.07666,0.07711,36062960.0
2026-07-06 11:00:00+00:00,0.07711,0.0774,0.07667,0.07667,53955218.0
2026-07-06 12:00:00+00:00,0.07667,0.07668,0.0749,0.0749,324802032.0
2026-07-06 13:00:00+00:00,0.0749,0.0755,0.0743,0.07522,245977144.0
2026-07-06 14:00:00+00:00,0.07522,0.07589,0.07502,0.07553,70088405.0
2026-07-06 15:00:00+00:00,0.07553,0.07653,0.07553,0.07621,168398993.0
2026-07-06 16:00:00+00:00,0.07621,0.07705,0.07596,0.07678,103135637.0
2026-07-06 17:00:00+00:00,0.07678,0.07711,0.07638,0.0766,45110631.0
2026-07-06 18:00:00+00:00,0.0766,0.077,0.07643,0.07679,28319087.0
2026-07-06 19:00:00+00:00,0.07679,0.07716,0.07674,0.0769,25123392.0
2026-07-06 20:00:00+00:00,0.0769,0.07703,0.07663,0.07683,24865107.0
2026-07-06 21:00:00+00:00,0.07683,0.07834,0.07682,0.07752,147842558.0
2026-07-06 22:00:00+00:00,0.07752,0.07758,0.07695,0.07703,37004306.0
2026-07-06 23:00:00+00:00,0.07703,0.07713,0.07654,0.07661,47384864.0
2026-07-07 00:00:00+00:00,0.07661,0.07698,0.07642,0.07674,51953691.0
2026-07-07 01:00:00+00:00,0.07674,0.07676,0.07584,0.07602,64453156.0
2026-07-07 02:00:00+00:00,0.07602,0.07617,0.07519,0.07529,77647056.0
2026-07-07 03:00:00+00:00,0.07529,0.07538,0.07489,0.07509,59010399.0
2026-07-07 04:00:00+00:00,0.07509,0.07514,0.07446,0.07467,55164021.0
2026-07-07 05:00:00+00:00,0.07467,0.07495,0.0742,0.07481,57084358.0
2026-07-07 06:00:00+00:00,0.07481,0.07546,0.0747,0.07543,51872724.0
2026-07-07 07:00:00+00:00,0.07543,0.0756,0.0749,0.07493,37984897.0
2026-07-07 08:00:00+00:00,0.07493,0.07498,0.07466,0.07478,33498966.0
2026-07-07 09:00:00+00:00,0.07478,0.07503,0.07471,0.0749,58722732.0
2026-07-07 10:00:00+00:00,0.0749,0.07516,0.07456,0.07461,51758040.0
2026-07-07 11:00:00+00:00,0.07461,0.07485,0.07429,0.07477,55960810.0
2026-07-07 12:00:00+00:00,0.07477,0.0754,0.0747,0.07484,46418552.0
2026-07-07 13:00:00+00:00,0.07484,0.07486,0.07403,0.07425,164812709.0
2026-07-07 14:00:00+00:00,0.07425,0.07493,0.07366,0.07478,100727061.0
2026-07-07 15:00:00+00:00,0.07478,0.07535,0.07454,0.07514,107970622.0
2026-07-07 16:00:00+00:00,0.07514,0.07569,0.07477,0.07532,45684100.0
2026-07-07 17:00:00+00:00,0.07532,0.07554,0.07513,0.07542,38676236.0
2026-07-07 18:00:00+00:00,0.07542,0.07542,0.07441,0.07447,48435019.0
2026-07-07 19:00:00+00:00,0.07447,0.07488,0.07408,0.07468,43619385.0
2026-07-07 20:00:00+00:00,0.07468,0.07482,0.0742,0.07433,18788037.0
2026-07-07 21:00:00+00:00,0.07433,0.07455,0.0739,0.07399,42530116.0
2026-07-07 22:00:00+00:00,0.07399,0.07447,0.07353,0.07442,52020000.0
2026-07-07 23:00:00+00:00,0.07442,0.07468,0.07409,0.07413,28517644.0
2026-07-08 00:00:00+00:00,0.07413,0.07443,0.07409,0.07431,27740142.0
2026-07-08 01:00:00+00:00,0.07431,0.07437,0.07277,0.07303,168247291.0
2026-07-08 02:00:00+00:00,0.07303,0.07306,0.07225,0.07288,159690876.0
2026-07-08 03:00:00+00:00,0.07288,0.07308,0.0725,0.07257,24818578.0
2026-07-08 04:00:00+00:00,0.07257,0.07269,0.07233,0.07256,38649104.0
2026-07-08 05:00:00+00:00,0.07256,0.07274,0.07235,0.07251,21506475.0
2026-07-08 06:00:00+00:00,0.07251,0.07253,0.07172,0.07207,112203376.0
2026-07-08 07:00:00+00:00,0.07207,0.07263,0.07186,0.07242,44647559.0
2026-07-08 08:00:00+00:00,0.07242,0.07252,0.07097,0.07127,198737703.0
2026-07-08 09:00:00+00:00,0.07127,0.07162,0.07105,0.07127,43824492.0
2026-07-08 10:00:00+00:00,0.07127,0.0717,0.07111,0.07159,26994434.0
2026-07-08 11:00:00+00:00,0.07159,0.07213,0.0715,0.07201,54216352.0
2026-07-08 12:00:00+00:00,0.07201,0.07219,0.07178,0.07179,49590494.0
2026-07-08 13:00:00+00:00,0.07179,0.07228,0.07168,0.07195,80959197.0
2026-07-08 14:00:00+00:00,0.07195,0.07217,0.07143,0.07183,86466825.0
2026-07-08 15:00:00+00:00,0.07183,0.07189,0.07122,0.07183,31344208.0
2026-07-08 16:00:00+00:00,0.07183,0.07255,0.07179,0.07252,55690915.0
2026-07-08 17:00:00+00:00,0.07252,0.0729,0.07228,0.07248,33426223.0
2026-07-08 18:00:00+00:00,0.07248,0.07276,0.07217,0.0724,25085806.0
2026-07-08 19:00:00+00:00,0.0724,0.07266,0.07224,0.07261,29935823.0
2026-07-08 20:00:00+00:00,0.07261,0.07267,0.0723,0.07235,15564547.0
2026-07-08 21:00:00+00:00,0.07235,0.07254,0.07196,0.07249,30430477.0
2026-07-08 22:00:00+00:00,0.07249,0.07274,0.07229,0.07239,19313007.0
2026-07-08 23:00:00+00:00,0.07239,0.07244,0.07214,0.07238,21429708.0
2026-07-09 00:00:00+00:00,0.07238,0.07241,0.07206,0.07224,20787853.0
2026-07-09 01:00:00+00:00,0.07224,0.07298,0.07206,0.07209,47591444.0
2026-07-09 02:00:00+00:00,0.07209,0.07259,0.07193,0.07212,31502966.0
2026-07-09 03:00:00+00:00,0.07212,0.07238,0.07195,0.07225,19561300.0
2026-07-09 04:00:00+00:00,0.07225,0.07261,0.07218,0.07261,17808825.0
2026-07-09 05:00:00+00:00,0.07261,0.07285,0.07228,0.07274,41051795.0
2026-07-09 06:00:00+00:00,0.07274,0.07302,0.07253,0.07297,42765074.0
2026-07-09 07:00:00+00:00,0.07297,0.07316,0.07264,0.07275,39639290.0
2026-07-09 08:00:00+00:00,0.07275,0.07304,0.07268,0.07284,18614904.0
2026-07-09 09:00:00+00:00,0.07284,0.07284,0.07252,0.07274,20117612.0
2026-07-09 10:00:00+00:00,0.07274,0.07279,0.07223,0.07236,24365449.0
2026-07-09 11:00:00+00:00,0.07236,0.07248,0.0722,0.07246,21312650.0
2026-07-09 12:00:00+00:00,0.07246,0.0725,0.07199,0.07223,111036265.0
2026-07-09 13:00:00+00:00,0.07223,0.07271,0.072,0.07256,33212864.0
2026-07-09 14:00:00+00:00,0.07256,0.07269,0.07214,0.07264,30608591.0
2026-07-09 15:00:00+00:00,0.07264,0.07287,0.07249,0.07262,20528693.0
2026-07-09 16:00:00+00:00,0.07262,0.07278,0.07232,0.07268,16096038.0
2026-07-09 17:00:00+00:00,0.07268,0.07305,0.07262,0.07291,27241115.0
2026-07-09 18:00:00+00:00,0.07291,0.07341,0.07286,0.07313,38165394.0
2026-07-09 19:00:00+00:00,0.07313,0.07333,0.07287,0.07303,26555702.0
2026-07-09 20:00:00+00:00,0.07303,0.07338,0.07295,0.07326,27705151.0
2026-07-09 21:00:00+00:00,0.07326,0.07356,0.07319,0.07334,27741506.0
2026-07-09 22:00:00+00:00,0.07334,0.0734,0.07304,0.07304,20996949.0
2026-07-09 23:00:00+00:00,0.07304,0.07317,0.07275,0.07287,25719264.0
2026-07-10 00:00:00+00:00,0.07287,0.07295,0.07262,0.07288,23768879.0
2026-07-10 01:00:00+00:00,0.07288,0.0742,0.0727,0.0738,112549524.0
2026-07-10 02:00:00+00:00,0.0738,0.07412,0.07375,0.07403,48902482.0
2026-07-10 03:00:00+00:00,0.07403,0.07413,0.07379,0.07398,15987837.0
2026-07-10 04:00:00+00:00,0.07398,0.07421,0.07384,0.07398,46126877.0
2026-07-10 05:00:00+00:00,0.07398,0.0742,0.07381,0.07412,14523202.0
2026-07-10 06:00:00+00:00,0.07412,0.07424,0.07383,0.0739,18995441.0
2026-07-10 07:00:00+00:00,0.0739,0.07404,0.07368,0.07374,49478210.0
2026-07-10 08:00:00+00:00,0.07374,0.07445,0.07373,0.07422,48767156.0
2026-07-10 09:00:00+00:00,0.07422,0.07443,0.074,0.07435,24424542.0
2026-07-10 10:00:00+00:00,0.07435,0.07466,0.07424,0.07441,37340688.0
2026-07-10 11:00:00+00:00,0.07441,0.07461,0.07412,0.07432,21503530.0
2026-07-10 12:00:00+00:00,0.07432,0.07447,0.07394,0.07396,42928759.0
2026-07-10 13:00:00+00:00,0.07396,0.07448,0.07388,0.07431,35893013.0
2026-07-10 14:00:00+00:00,0.07431,0.07437,0.07329,0.07383,116663061.0
2026-07-10 15:00:00+00:00,0.07383,0.0741,0.07369,0.07401,23623250.0
2026-07-10 16:00:00+00:00,0.07401,0.07431,0.07386,0.07421,24431995.0
2026-07-10 17:00:00+00:00,0.07421,0.07435,0.07377,0.07383,35646769.0
2026-07-10 18:00:00+00:00,0.07383,0.07412,0.07361,0.07373,38386195.0
2026-07-10 19:00:00+00:00,0.07373,0.07433,0.07365,0.07413,27486007.0
2026-07-10 20:00:00+00:00,0.07413,0.07424,0.07392,0.07415,15644215.0
2026-07-10 21:00:00+00:00,0.07415,0.07422,0.07405,0.0741,19569624.0
2026-07-10 22:00:00+00:00,0.0741,0.07426,0.07398,0.0741,7977953.0
2026-07-10 23:00:00+00:00,0.0741,0.07416,0.07389,0.07408,12584875.0
2026-07-11 00:00:00+00:00,0.07408,0.07422,0.07388,0.07419,11764751.0
2026-07-11 01:00:00+00:00,0.07419,0.07435,0.07401,0.07402,12966844.0
2026-07-11 02:00:00+00:00,0.07402,0.07426,0.07401,0.07419,10074014.0
2026-07-11 03:00:00+00:00,0.07419,0.07437,0.07407,0.07424,15626383.0
2026-07-11 04:00:00+00:00,0.07424,0.0744,0.07419,0.07428,12370663.0
2026-07-11 05:00:00+00:00,0.07428,0.0745,0.07419,0.0744,10048513.0
2026-07-11 06:00:00+00:00,0.0744,0.07462,0.0743,0.07432,29908843.0
2026-07-11 07:00:00+00:00,0.07432,0.07439,0.07415,0.07424,13468655.0
2026-07-11 08:00:00+00:00,0.07424,0.07427,0.07409,0.07418,11061468.0
2026-07-11 09:00:00+00:00,0.07418,0.07441,0.07411,0.07412,12894981.0
2026-07-11 10:00:00+00:00,0.07412,0.0747,0.07411,0.07445,23018476.0
2026-07-11 11:00:00+00:00,0.07445,0.07455,0.07439,0.07443,12378450.0
2026-07-11 12:00:00+00:00,0.07443,0.07461,0.07434,0.07455,17693720.0
2026-07-11 13:00:00+00:00,0.07455,0.07496,0.07447,0.07463,34809207.0
2026-07-11 14:00:00+00:00,0.07463,0.07544,0.07463,0.07514,52665829.0
2026-07-11 15:00:00+00:00,0.07514,0.07554,0.07486,0.07529,75771106.0
2026-07-11 16:00:00+00:00,0.07529,0.07533,0.0749,0.075,34670082.0
2026-07-11 17:00:00+00:00,0.075,0.07529,0.07491,0.07506,28553956.0
2026-07-11 18:00:00+00:00,0.07506,0.07524,0.07498,0.07515,14613844.0
2026-07-11 19:00:00+00:00,0.07515,0.07551,0.07513,0.0753,25374379.0
2026-07-11 20:00:00+00:00,0.0753,0.07539,0.07511,0.07511,7773774.0
2026-07-11 21:00:00+00:00,0.07511,0.0753,0.07507,0.07515,16520619.0
2026-07-11 22:00:00+00:00,0.07515,0.07515,0.07454,0.0746,36549626.0
2026-07-11 23:00:00+00:00,0.0746,0.07466,0.07315,0.07317,185085980.0
2026-07-12 00:00:00+00:00,0.07317,0.07329,0.07224,0.07263,108858148.0
2026-07-12 01:00:00+00:00,0.07263,0.07333,0.07254,0.07333,51333221.0
2026-07-12 02:00:00+00:00,0.07333,0.07333,0.07306,0.07318,15538035.0
2026-07-12 03:00:00+00:00,0.07318,0.07345,0.073,0.07338,19193336.0
2026-07-12 04:00:00+00:00,0.07338,0.07351,0.07298,0.07309,17960058.0
2026-07-12 05:00:00+00:00,0.07309,0.07325,0.07299,0.0731,17896960.0
2026-07-12 06:00:00+00:00,0.0731,0.0731,0.07254,0.07284,36466031.0
2026-07-12 07:00:00+00:00,0.07284,0.07302,0.07275,0.07291,18357125.0
2026-07-12 08:00:00+00:00,0.07291,0.0732,0.07287,0.073,23382639.0
2026-07-12 09:00:00+00:00,0.073,0.07311,0.07269,0.07296,14484334.0
2026-07-12 10:00:00+00:00,0.07296,0.07301,0.07286,0.07298,10256768.0
2026-07-12 11:00:00+00:00,0.07298,0.07326,0.07284,0.0732,18329999.0
2026-07-12 12:00:00+00:00,0.0732,0.07347,0.07312,0.07336,19830048.0
2026-07-12 13:00:00+00:00,0.07336,0.07353,0.07322,0.07322,10286150.0
2026-07-12 14:00:00+00:00,0.07322,0.07386,0.07316,0.0737,29486443.0
2026-07-12 15:00:00+00:00,0.0737,0.07383,0.07357,0.07367,21673977.0
2026-07-12 16:00:00+00:00,0.07367,0.07375,0.07343,0.07361,14144921.0
2026-07-12 17:00:00+00:00,0.07361,0.07364,0.07325,0.07337,18809257.0
2026-07-12 18:00:00+00:00,0.07337,0.07364,0.0733,0.07362,10687524.0
2026-07-12 19:00:00+00:00,0.07362,0.0737,0.07342,0.07362,17055800.0
2026-07-12 20:00:00+00:00,0.07362,0.07364,0.07339,0.07341,12624411.0
2026-07-12 21:00:00+00:00,0.07341,0.07354,0.07286,0.07303,30610172.0
2026-07-12 22:00:00+00:00,0.07303,0.07303,0.07229,0.0727,72200040.0
2026-07-12 23:00:00+00:00,0.0727,0.07281,0.07252,0.07267,9662260.0
2026-07-13 00:00:00+00:00,0.07267,0.07413,0.07257,0.0734,101112940.0
2026-07-13 01:00:00+00:00,0.0734,0.07345,0.07242,0.07249,43731307.0
2026-07-13 02:00:00+00:00,0.07249,0.07288,0.07232,0.07272,33024862.0
2026-07-13 03:00:00+00:00,0.07272,0.07272,0.07156,0.07204,120877742.0
2026-07-13 04:00:00+00:00,0.07204,0.07223,0.07187,0.072,21293304.0
2026-07-13 05:00:00+00:00,0.072,0.0724,0.07181,0.07227,48073460.0
2026-07-13 06:00:00+00:00,0.07227,0.07236,0.07205,0.07231,18280748.0
2026-07-13 07:00:00+00:00,0.07231,0.0725,0.07219,0.07235,20781884.0
2026-07-13 08:00:00+00:00,0.07235,0.07266,0.07226,0.07252,25616064.0
2026-07-13 09:00:00+00:00,0.07252,0.07255,0.0723,0.07235,7131153.0
2026-07-13 10:00:00+00:00,0.07235,0.07236,0.07204,0.07214,29119866.0
2026-07-13 11:00:00+00:00,0.07214,0.07243,0.07214,0.07226,11274778.0
2026-07-13 12:00:00+00:00,0.07226,0.07233,0.07192,0.07207,36924306.0
2026-07-13 13:00:00+00:00,0.07207,0.07233,0.07182,0.07206,47657716.0
2026-07-13 14:00:00+00:00,0.07206,0.07255,0.07182,0.07251,63264288.0
2026-07-13 15:00:00+00:00,0.07251,0.07256,0.07201,0.07206,19877347.0
2026-07-13 16:00:00+00:00,0.07206,0.07214,0.07147,0.0716,68937371.0
2026-07-13 17:00:00+00:00,0.0716,0.07176,0.07088,0.07092,71961597.0
2026-07-13 18:00:00+00:00,0.07092,0.07145,0.0709,0.07132,30382153.0
2026-07-13 19:00:00+00:00,0.07132,0.07184,0.07132,0.07179,28034587.0
2026-07-13 20:00:00+00:00,0.07179,0.07193,0.0715,0.07173,25587822.0
2026-07-13 21:00:00+00:00,0.07173,0.07176,0.07101,0.07146,45777977.0
2026-07-13 22:00:00+00:00,0.07146,0.07179,0.07128,0.07131,26621211.0
2026-07-13 23:00:00+00:00,0.07131,0.07196,0.07117,0.07193,24656074.0
2026-07-14 00:00:00+00:00,0.07193,0.07239,0.0718,0.07231,48005589.0
2026-07-14 01:00:00+00:00,0.07231,0.07233,0.07185,0.07186,32023951.0
2026-07-14 02:00:00+00:00,0.07186,0.07201,0.07173,0.07178,22053423.0
2026-07-14 03:00:00+00:00,0.07178,0.07203,0.07138,0.07201,58666862.0
2026-07-14 04:00:00+00:00,0.07201,0.07214,0.07189,0.07202,15918997.0
2026-07-14 05:00:00+00:00,0.07202,0.07239,0.07202,0.07232,17997494.0
2026-07-14 06:00:00+00:00,0.07232,0.0724,0.07222,0.07226,12532369.0
2026-07-14 07:00:00+00:00,0.07226,0.07232,0.07207,0.07213,23232524.0
2026-07-14 08:00:00+00:00,0.07213,0.07227,0.07203,0.07208,12814957.0
2026-07-14 09:00:00+00:00,0.07208,0.07224,0.07202,0.07205,9730572.0
2026-07-14 10:00:00+00:00,0.07205,0.07233,0.07194,0.07222,15332417.0
2026-07-14 11:00:00+00:00,0.07222,0.07231,0.07215,0.07222,8457100.0
2026-07-14 12:00:00+00:00,0.07222,0.07344,0.07209,0.07332,183244489.0
2026-07-14 13:00:00+00:00,0.07332,0.07408,0.07307,0.07386,109855348.0
2026-07-14 14:00:00+00:00,0.07386,0.07469,0.07363,0.0745,99130722.0
2026-07-14 15:00:00+00:00,0.0745,0.07514,0.0743,0.07487,101159638.0
2026-07-14 16:00:00+00:00,0.07487,0.07536,0.07451,0.07456,119468877.0
2026-07-14 17:00:00+00:00,0.07456,0.07461,0.07404,0.07454,53425047.0
2026-07-14 18:00:00+00:00,0.07454,0.07459,0.07417,0.07443,58888643.0
2026-07-14 19:00:00+00:00,0.07443,0.07457,0.07412,0.07421,34008115.0
2026-07-14 20:00:00+00:00,0.07421,0.07426,0.07398,0.07407,22486942.0
2026-07-14 21:00:00+00:00,0.07407,0.0747,0.07405,0.07429,30811774.0
2026-07-14 22:00:00+00:00,0.07429,0.07459,0.07398,0.07434,37917654.0
2026-07-14 23:00:00+00:00,0.07434,0.07462,0.07419,0.07442,30110718.0
2026-07-15 00:00:00+00:00,0.07442,0.07449,0.07392,0.07409,26384260.0
2026-07-15 01:00:00+00:00,0.07409,0.07417,0.07383,0.074,28764613.0
2026-07-15 02:00:00+00:00,0.074,0.07407,0.07362,0.0737,26990075.0
2026-07-15 03:00:00+00:00,0.0737,0.07415,0.07366,0.074,25176943.0
2026-07-15 04:00:00+00:00,0.074,0.07419,0.07378,0.07406,11245179.0
2026-07-15 05:00:00+00:00,0.07406,0.07447,0.07381,0.07439,23404592.0
2026-07-15 06:00:00+00:00,0.07439,0.07487,0.07432,0.07438,40676768.0
2026-07-15 07:00:00+00:00,0.07438,0.07439,0.07377,0.07395,52792403.0
2026-07-15 08:00:00+00:00,0.07395,0.07425,0.07388,0.07416,41404989.0
2026-07-15 09:00:00+00:00,0.07416,0.07447,0.07343,0.07367,106907885.0
2026-07-15 10:00:00+00:00,0.07367,0.07385,0.0736,0.07376,23551699.0
2026-07-15 11:00:00+00:00,0.07376,0.07384,0.07352,0.07382,19846195.0
2026-07-15 12:00:00+00:00,0.07382,0.07475,0.07364,0.07468,75455701.0
2026-07-15 13:00:00+00:00,0.07468,0.07523,0.07423,0.07452,110397423.0
2026-07-15 14:00:00+00:00,0.07452,0.07511,0.07444,0.07486,82072856.0
2026-07-15 15:00:00+00:00,0.07486,0.07495,0.07426,0.07459,50566414.0
2026-07-15 16:00:00+00:00,0.07459,0.07464,0.07327,0.0739,105534440.0
2026-07-15 17:00:00+00:00,0.0739,0.07435,0.07377,0.0742,60622902.0
2026-07-15 18:00:00+00:00,0.0742,0.07473,0.07393,0.07401,43614479.0
2026-07-15 19:00:00+00:00,0.07401,0.07413,0.07361,0.07377,38091507.0
2026-07-15 20:00:00+00:00,0.07377,0.07411,0.07369,0.07398,22267980.0
2026-07-15 21:00:00+00:00,0.07398,0.07414,0.07389,0.074,17908548.0
2026-07-15 22:00:00+00:00,0.074,0.07421,0.07388,0.07401,36715467.0
2026-07-15 23:00:00+00:00,0.07401,0.07414,0.07391,0.07404,12903463.0
2026-07-16 00:00:00+00:00,0.07404,0.07423,0.0737,0.07386,25078896.0
2026-07-16 01:00:00+00:00,0.07386,0.07415,0.07357,0.0741,25789479.0
2026-07-16 02:00:00+00:00,0.0741,0.07434,0.07399,0.07433,18578125.0
2026-07-16 03:00:00+00:00,0.07433,0.07446,0.07391,0.07395,27537516.0
2026-07-16 04:00:00+00:00,0.07395,0.07405,0.07374,0.07377,13988386.0
2026-07-16 05:00:00+00:00,0.07377,0.07425,0.07375,0.07418,26882228.0
2026-07-16 06:00:00+00:00,0.07418,0.07432,0.07385,0.07408,21485371.0
2026-07-16 07:00:00+00:00,0.07408,0.07411,0.07326,0.07352,66227340.0
2026-07-16 08:00:00+00:00,0.07352,0.07353,0.0726,0.07311,149391405.0
2026-07-16 09:00:00+00:00,0.07311,0.07323,0.073,0.07306,23445108.0
2026-07-16 10:00:00+00:00,0.07306,0.07339,0.07305,0.07327,8059722.0
2026-07-16 11:00:00+00:00,0.07327,0.07328,0.07299,0.07324,17668843.0
2026-07-16 12:00:00+00:00,0.07324,0.07326,0.07271,0.07285,66902543.0
2026-07-16 13:00:00+00:00,0.07285,0.0737,0.0728,0.07356,47080164.0
2026-07-16 14:00:00+00:00,0.07356,0.07393,0.07329,0.07359,45755830.0
2026-07-16 15:00:00+00:00,0.07359,0.07391,0.07312,0.07359,21626479.0
2026-07-16 16:00:00+00:00,0.07359,0.0737,0.07331,0.07339,24145268.0
2026-07-16 17:00:00+00:00,0.07339,0.07344,0.0729,0.07319,51421503.0
2026-07-16 18:00:00+00:00,0.07319,0.07363,0.07316,0.07339,25461526.0
2026-07-16 19:00:00+00:00,0.07339,0.07347,0.07305,0.07314,19939974.0
2026-07-16 20:00:00+00:00,0.07314,0.07319,0.07301,0.07303,13744176.0
2026-07-16 21:00:00+00:00,0.07303,0.07325,0.07288,0.07308,15690040.0
2026-07-16 22:00:00+00:00,0.07308,0.07331,0.07258,0.0727,36834514.0
2026-07-16 23:00:00+00:00,0.0727,0.07274,0.07207,0.07231,90881828.0
2026-07-17 00:00:00+00:00,0.07231,0.07273,0.07203,0.0727,45553649.0
2026-07-17 01:00:00+00:00,0.0727,0.07283,0.07201,0.07212,34874590.0
2026-07-17 02:00:00+00:00,0.07212,0.07224,0.07182,0.07205,42706716.0
2026-07-17 03:00:00+00:00,0.07205,0.0726,0.07203,0.07238,13092295.0
2026-07-17 04:00:00+00:00,0.07238,0.07243,0.07196,0.07225,17938297.0
2026-07-17 05:00:00+00:00,0.07225,0.07225,0.07137,0.07148,70347247.0
2026-07-17 06:00:00+00:00,0.07148,0.07195,0.07135,0.07177,36511908.0
2026-07-17 07:00:00+00:00,0.07177,0.07185,0.07154,0.07165,21101999.0
2026-07-17 08:00:00+00:00,0.07165,0.07173,0.07112,0.07143,58201493.0
2026-07-17 09:00:00+00:00,0.07143,0.0717,0.07141,0.07169,22691529.0
2026-07-17 10:00:00+00:00,0.07169,0.07203,0.07166,0.07195,22722615.0
2026-07-17 11:00:00+00:00,0.07195,0.07207,0.07182,0.07199,11541724.0
2026-07-17 12:00:00+00:00,0.07199,0.072,0.0716,0.07165,23637701.0
2026-07-17 13:00:00+00:00,0.07165,0.07192,0.07094,0.07186,109301593.0
2026-07-17 14:00:00+00:00,0.07186,0.07226,0.07171,0.0719,45651455.0
2026-07-17 15:00:00+00:00,0.0719,0.07212,0.0715,0.07212,45644873.0
2026-07-17 16:00:00+00:00,0.07212,0.07252,0.07194,0.07231,34216924.0
2026-07-17 17:00:00+00:00,0.07231,0.07293,0.07231,0.07254,37389743.0
2026-07-17 18:00:00+00:00,0.07254,0.07284,0.07234,0.07276,21433216.0
2026-07-17 19:00:00+00:00,0.07276,0.07276,0.07236,0.0726,19739380.0
2026-07-17 20:00:00+00:00,0.0726,0.07268,0.07227,0.07265,28545293.0
2026-07-17 21:00:00+00:00,0.07265,0.0729,0.07259,0.07263,35791381.0
2026-07-17 22:00:00+00:00,0.07263,0.07268,0.07237,0.07251,30669431.0
2026-07-17 23:00:00+00:00,0.07251,0.07258,0.0723,0.07251,8851504.0
2026-07-18 00:00:00+00:00,0.07251,0.07267,0.07245,0.07247,10247451.0
2026-07-18 01:00:00+00:00,0.07247,0.07259,0.07237,0.07253,15641755.0
2026-07-18 02:00:00+00:00,0.07253,0.07275,0.07248,0.07253,12612722.0
2026-07-18 03:00:00+00:00,0.07253,0.07276,0.07252,0.07263,9594578.0
2026-07-18 04:00:00+00:00,0.07263,0.07266,0.07245,0.07247,5898708.0
2026-07-18 05:00:00+00:00,0.07247,0.07248,0.07206,0.0722,37642846.0
2026-07-18 06:00:00+00:00,0.0722,0.0724,0.07212,0.07233,12006233.0
2026-07-18 07:00:00+00:00,0.07233,0.07238,0.07224,0.07227,4125210.0
2026-07-18 08:00:00+00:00,0.07227,0.07242,0.07219,0.07222,8609557.0
2026-07-18 09:00:00+00:00,0.07222,0.07225,0.07187,0.07212,30162553.0
2026-07-18 10:00:00+00:00,0.07212,0.07227,0.07208,0.07216,10076370.0
2026-07-18 11:00:00+00:00,0.07216,0.07225,0.07213,0.07221,5319032.0
2026-07-18 12:00:00+00:00,0.07221,0.07247,0.07201,0.0723,27786746.0
2026-07-18 13:00:00+00:00,0.0723,0.0723,0.0719,0.07207,21233293.0
2026-07-18 14:00:00+00:00,0.07207,0.07229,0.07203,0.07222,11419093.0
2026-07-18 15:00:00+00:00,0.07222,0.07229,0.07207,0.07214,8491687.0
2026-07-18 16:00:00+00:00,0.07214,0.07231,0.07202,0.07226,19752062.0
2026-07-18 17:00:00+00:00,0.07226,0.07242,0.07211,0.07234,15853519.0
2026-07-18 18:00:00+00:00,0.07234,0.07259,0.07223,0.07229,20371878.0
2026-07-18 19:00:00+00:00,0.07229,0.0724,0.07225,0.07234,10629905.0
2026-07-18 20:00:00+00:00,0.07234,0.07251,0.07225,0.07237,10277312.0
2026-07-18 21:00:00+00:00,0.07237,0.07252,0.07223,0.07232,12793777.0
2026-07-18 22:00:00+00:00,0.07232,0.07249,0.07228,0.07244,12242490.0
2026-07-18 23:00:00+00:00,0.07244,0.07251,0.07236,0.07248,17036396.0
2026-07-19 00:00:00+00:00,0.07248,0.07254,0.07236,0.07249,9002365.0
2026-07-19 01:00:00+00:00,0.07249,0.07252,0.07237,0.07238,7253751.0
2026-07-19 02:00:00+00:00,0.07238,0.0728,0.07236,0.0726,21990198.0
2026-07-19 03:00:00+00:00,0.0726,0.07264,0.07231,0.07239,11883666.0
2026-07-19 04:00:00+00:00,0.07239,0.07246,0.07223,0.07233,7549335.0
2026-07-19 05:00:00+00:00,0.07233,0.07247,0.07228,0.07232,6594592.0
2026-07-19 06:00:00+00:00,0.07232,0.07249,0.07229,0.07246,6624799.0
2026-07-19 07:00:00+00:00,0.07246,0.07261,0.07238,0.07242,8133701.0
2026-07-19 08:00:00+00:00,0.07242,0.07269,0.07238,0.07264,9604943.0
2026-07-19 09:00:00+00:00,0.07264,0.07275,0.07235,0.07246,23963888.0
2026-07-19 10:00:00+00:00,0.07246,0.07276,0.07233,0.0726,15930766.0
2026-07-19 11:00:00+00:00,0.0726,0.07272,0.07245,0.0725,7344130.0
2026-07-19 12:00:00+00:00,0.0725,0.07259,0.07225,0.07241,15731317.0
2026-07-19 13:00:00+00:00,0.07241,0.0725,0.07217,0.07239,24146920.0
2026-07-19 14:00:00+00:00,0.07239,0.07276,0.0723,0.07259,16985868.0
2026-07-19 15:00:00+00:00,0.07259,0.07261,0.07235,0.07244,8128371.0
2026-07-19 16:00:00+00:00,0.07244,0.07251,0.07226,0.07226,15086879.0
2026-07-19 17:00:00+00:00,0.07226,0.07242,0.07185,0.07221,54331759.0
2026-07-19 18:00:00+00:00,0.07221,0.07221,0.07162,0.07203,42722763.0
2026-07-19 19:00:00+00:00,0.07203,0.07225,0.07192,0.07225,14127469.0
2026-07-19 20:00:00+00:00,0.07225,0.07239,0.07222,0.07239,9179948.0
2026-07-19 21:00:00+00:00,0.07239,0.07241,0.07186,0.07196,19075846.0
2026-07-19 22:00:00+00:00,0.07196,0.07257,0.07189,0.07227,27442578.0
2026-07-19 23:00:00+00:00,0.07227,0.07242,0.07197,0.07237,24928295.0
2026-07-20 00:00:00+00:00,0.07237,0.07305,0.07218,0.07242,63516233.0
2026-07-20 01:00:00+00:00,0.07242,0.07314,0.07217,0.07227,68206395.0
2026-07-20 02:00:00+00:00,0.07227,0.07281,0.07223,0.07266,34120732.0
2026-07-20 03:00:00+00:00,0.07266,0.07291,0.07249,0.07269,19620429.0
2026-07-20 04:00:00+00:00,0.07269,0.07271,0.07227,0.07228,19308546.0
2026-07-20 05:00:00+00:00,0.07228,0.0723,0.07133,0.07167,58806670.0
2026-07-20 06:00:00+00:00,0.07167,0.07176,0.07104,0.07131,68160750.0
2026-07-20 07:00:00+00:00,0.07131,0.07183,0.07129,0.07182,33659474.0
2026-07-20 08:00:00+00:00,0.07182,0.07195,0.07149,0.07177,40437716.0
2026-07-20 09:00:00+00:00,0.07177,0.07212,0.0717,0.07201,16118772.0
2026-07-20 10:00:00+00:00,0.07201,0.07228,0.07195,0.07215,17901364.0
2026-07-20 11:00:00+00:00,0.07215,0.07293,0.07211,0.07285,67252098.0
2026-07-20 12:00:00+00:00,0.07285,0.07287,0.07247,0.07252,36079337.0
2026-07-20 13:00:00+00:00,0.07252,0.07272,0.07191,0.07203,59731033.0
2026-07-20 14:00:00+00:00,0.07203,0.07253,0.07175,0.07234,55155190.0
2026-07-20 15:00:00+00:00,0.07234,0.07347,0.0723,0.07335,124122676.0
2026-07-20 16:00:00+00:00,0.07335,0.07357,0.07294,0.07322,116691436.0
2026-07-20 17:00:00+00:00,0.07322,0.07327,0.07281,0.07307,79100071.0
2026-07-20 18:00:00+00:00,0.07307,0.07326,0.07233,0.0724,128075612.0
2026-07-20 19:00:00+00:00,0.0724,0.07243,0.07144,0.07211,137494314.0
2026-07-20 20:00:00+00:00,0.07211,0.07235,0.07191,0.07217,30876323.0
2026-07-20 21:00:00+00:00,0.07217,0.07233,0.07205,0.07206,37190084.0
2026-07-20 22:00:00+00:00,0.07206,0.07206,0.07164,0.07176,30032689.0
2026-07-20 23:00:00+00:00,0.07176,0.0722,0.0717,0.07214,25717323.0
2026-07-21 00:00:00+00:00,0.07214,0.07239,0.07186,0.07227,27508680.0
2026-07-21 01:00:00+00:00,0.07227,0.07241,0.07214,0.0722,27184583.0
2026-07-21 02:00:00+00:00,0.0722,0.07259,0.07208,0.07246,20523392.0
2026-07-21 03:00:00+00:00,0.07246,0.07282,0.07246,0.07275,26824915.0
2026-07-21 04:00:00+00:00,0.07275,0.07284,0.07249,0.07268,22114509.0
2026-07-21 05:00:00+00:00,0.07268,0.0731,0.07266,0.07294,33687208.0
2026-07-21 06:00:00+00:00,0.07294,0.07321,0.07279,0.0731,61129608.0
2026-07-21 07:00:00+00:00,0.0731,0.07333,0.07296,0.07331,33304965.0
2026-07-21 08:00:00+00:00,0.07331,0.0738,0.07327,0.07353,76542730.0
2026-07-21 09:00:00+00:00,0.07353,0.07358,0.07332,0.07344,32361810.0
2026-07-21 10:00:00+00:00,0.07344,0.07374,0.07324,0.07343,62913377.0
2026-07-21 11:00:00+00:00,0.07343,0.07372,0.07337,0.07363,45677283.0
2026-07-21 12:00:00+00:00,0.07363,0.0737,0.07336,0.07352,51572427.0
2026-07-21 13:00:00+00:00,0.07352,0.07358,0.07309,0.07348,65942402.0
2026-07-21 14:00:00+00:00,0.07348,0.07359,0.07308,0.07327,53346570.0
2026-07-21 15:00:00+00:00,0.07327,0.07345,0.07306,0.07344,28136919.0
2026-07-21 16:00:00+00:00,0.07344,0.07349,0.07319,0.07336,17698061.0
2026-07-21 17:00:00+00:00,0.07336,0.0734,0.07288,0.07325,41292209.0
2026-07-21 18:00:00+00:00,0.07325,0.07346,0.07318,0.07343,20549494.0
2026-07-21 19:00:00+00:00,0.07343,0.07362,0.07332,0.0735,25758288.0
2026-07-21 20:00:00+00:00,0.0735,0.0736,0.07337,0.0735,11838390.0
2026-07-21 21:00:00+00:00,0.0735,0.07355,0.07325,0.07335,19456142.0
2026-07-21 22:00:00+00:00,0.07335,0.07335,0.07299,0.07308,30349270.0
2026-07-21 23:00:00+00:00,0.07308,0.07335,0.07293,0.07335,21443579.0
2026-07-22 00:00:00+00:00,0.07335,0.07386,0.07326,0.07368,38107683.0
2026-07-22 01:00:00+00:00,0.07368,0.07379,0.07332,0.07359,25714040.0
2026-07-22 02:00:00+00:00,0.07359,0.07373,0.07338,0.0734,19992249.0
2026-07-22 03:00:00+00:00,0.0734,0.07349,0.07316,0.07322,21268509.0
2026-07-22 04:00:00+00:00,0.07322,0.07347,0.07317,0.07341,39583711.0
2026-07-22 05:00:00+00:00,0.07341,0.07341,0.07239,0.07244,156340295.0
2026-07-22 06:00:00+00:00,0.07244,0.07248,0.07216,0.07235,58148688.0
2026-07-22 07:00:00+00:00,0.07235,0.07238,0.07203,0.07218,53895933.0
2026-07-22 08:00:00+00:00,0.07218,0.07251,0.07215,0.07245,31051707.0
2026-07-22 09:00:00+00:00,0.07245,0.0726,0.07234,0.07249,19588097.0
2026-07-22 10:00:00+00:00,0.07249,0.07277,0.07242,0.07271,20058027.0
2026-07-22 11:00:00+00:00,0.07271,0.0728,0.07249,0.07262,28563484.0
2026-07-22 12:00:00+00:00,0.07262,0.07262,0.07213,0.0724,38028741.0
2026-07-22 13:00:00+00:00,0.0724,0.07292,0.0723,0.07282,54022131.0
2026-07-22 14:00:00+00:00,0.07282,0.0733,0.07242,0.0728,93153051.0
2026-07-22 15:00:00+00:00,0.0728,0.07328,0.0728,0.07304,40691336.0
2026-07-22 16:00:00+00:00,0.07304,0.07349,0.07287,0.07335,37670905.0
2026-07-22 17:00:00+00:00,0.07335,0.07346,0.07299,0.07314,33233888.0
2026-07-22 18:00:00+00:00,0.07314,0.0732,0.07257,0.07274,70463689.0
2026-07-22 19:00:00+00:00,0.07274,0.07278,0.07221,0.07246,60883290.0
2026-07-22 20:00:00+00:00,0.07246,0.07276,0.07234,0.0726,54205722.0
2026-07-22 21:00:00+00:00,0.0726,0.07305,0.07239,0.07297,44527969.0
2026-07-22 22:00:00+00:00,0.07297,0.07303,0.07275,0.073,24290243.0
2026-07-22 23:00:00+00:00,0.073,0.07301,0.07246,0.07298,35572177.0
2026-07-23 00:00:00+00:00,0.07298,0.07318,0.07287,0.07295,14422297.0
2026-07-23 01:00:00+00:00,0.07295,0.07305,0.07268,0.07275,19424724.0
2026-07-23 02:00:00+00:00,0.07275,0.0728,0.0725,0.07265,21395816.0
2026-07-23 03:00:00+00:00,0.07265,0.07268,0.07219,0.07233,40186833.0
2026-07-23 04:00:00+00:00,0.07233,0.07259,0.07226,0.07251,22197699.0
2026-07-23 05:00:00+00:00,0.07251,0.07267,0.07235,0.07243,10754680.0
2026-07-23 06:00:00+00:00,0.07243,0.07261,0.07235,0.07259,12250961.0
2026-07-23 07:00:00+00:00,0.07259,0.07259,0.07205,0.07217,73240943.0
2026-07-23 08:00:00+00:00,0.07217,0.07245,0.07212,0.07239,24678510.0
2026-07-23 09:00:00+00:00,0.07239,0.07249,0.07219,0.0722,48666186.0
2026-07-23 10:00:00+00:00,0.0722,0.07247,0.07216,0.07236,26516510.0
2026-07-23 11:00:00+00:00,0.07236,0.0725,0.07228,0.07234,25123661.0
2026-07-23 12:00:00+00:00,0.07234,0.07239,0.07049,0.07121,314990651.0
2026-07-23 13:00:00+00:00,0.07121,0.07128,0.0699,0.07025,262905615.0
2026-07-23 14:00:00+00:00,0.07025,0.07065,0.07003,0.0702,127785496.0
2026-07-23 15:00:00+00:00,0.0702,0.07021,0.06837,0.06971,451482230.0
2026-07-23 16:00:00+00:00,0.06971,0.06979,0.0692,0.06959,99117765.0
2026-07-23 17:00:00+00:00,0.06959,0.06979,0.06921,0.06936,73779076.0
2026-07-23 18:00:00+00:00,0.06936,0.06946,0.06909,0.06927,66325443.0
2026-07-23 19:00:00+00:00,0.06927,0.0694,0.06891,0.06921,64094456.0
2026-07-23 20:00:00+00:00,0.06921,0.06965,0.06919,0.06961,43777883.0
2026-07-23 21:00:00+00:00,0.06961,0.06973,0.06937,0.06947,33985863.0
2026-07-23 22:00:00+00:00,0.06947,0.06967,0.06929,0.06951,28117245.0
2026-07-23 23:00:00+00:00,0.06951,0.06955,0.06908,0.06916,26700572.0
2026-07-24 00:00:00+00:00,0.06916,0.06919,0.0687,0.06918,102782559.0
2026-07-24 01:00:00+00:00,0.06918,0.06939,0.06914,0.06924,35646028.0
2026-07-24 02:00:00+00:00,0.06924,0.06943,0.06877,0.06913,37692271.0
2026-07-24 03:00:00+00:00,0.06913,0.06947,0.069,0.06938,58691248.0
2026-07-24 04:00:00+00:00,0.06938,0.06941,0.06895,0.06903,53680443.0
2026-07-24 05:00:00+00:00,0.06903,0.06924,0.0689,0.06917,87948473.0
2026-07-24 06:00:00+00:00,0.06917,0.06941,0.06914,0.06929,34984357.0
2026-07-24 07:00:00+00:00,0.06929,0.07013,0.06929,0.07004,179063845.0
2026-07-24 08:00:00+00:00,0.07004,0.07004,0.06977,0.06994,24384972.0
2026-07-24 09:00:00+00:00,0.06994,0.07005,0.06961,0.07,37382649.0
2026-07-24 10:00:00+00:00,0.07,0.07004,0.06965,0.06982,33809613.0
2026-07-24 11:00:00+00:00,0.06982,0.06988,0.06917,0.06943,78069402.0
2026-07-24 12:00:00+00:00,0.06943,0.06962,0.06903,0.06909,55792256.0
2026-07-24 13:00:00+00:00,0.06909,0.06915,0.06814,0.06867,259817298.0
2026-07-24 14:00:00+00:00,0.06867,0.06885,0.0682,0.06885,78203494.0
2026-07-24 15:00:00+00:00,0.06885,0.06938,0.06851,0.06915,78809932.0
2026-07-24 16:00:00+00:00,0.06915,0.06916,0.06849,0.06874,78261963.0
2026-07-24 17:00:00+00:00,0.06874,0.06919,0.06871,0.06913,33137737.0
2026-07-24 18:00:00+00:00,0.06913,0.06918,0.06891,0.06912,19415414.0
2026-07-24 19:00:00+00:00,0.06912,0.06926,0.06901,0.0692,13866932.0
2026-07-24 20:00:00+00:00,0.0692,0.06931,0.06911,0.06916,18468214.0
2026-07-24 21:00:00+00:00,0.06916,0.06921,0.06878,0.06885,43800354.0
2026-07-24 22:00:00+00:00,0.06885,0.06968,0.06879,0.06949,56426472.0
2026-07-24 23:00:00+00:00,0.06949,0.0696,0.06932,0.06953,30441935.0
2026-07-25 00:00:00+00:00,0.06953,0.0697,0.0694,0.0696,33037554.0
2026-07-25 01:00:00+00:00,0.0696,0.0697,0.0694,0.06951,23313504.0
2026-07-25 02:00:00+00:00,0.06951,0.06967,0.0695,0.06962,10113672.0
2026-07-25 03:00:00+00:00,0.06962,0.06972,0.06954,0.06964,8024237.0
2026-07-25 04:00:00+00:00,0.06964,0.06979,0.06951,0.06959,17498822.0
2026-07-25 05:00:00+00:00,0.06959,0.06964,0.06924,0.06933,15860592.0
2026-07-25 06:00:00+00:00,0.06933,0.06942,0.06917,0.0694,18275052.0
2026-07-25 07:00:00+00:00,0.0694,0.06946,0.06927,0.06932,19163341.0
2026-07-25 08:00:00+00:00,0.06932,0.06947,0.06912,0.06938,23873993.0
2026-07-25 09:00:00+00:00,0.06938,0.06958,0.06936,0.06947,15326961.0
2026-07-25 10:00:00+00:00,0.06947,0.06954,0.06937,0.06952,11091167.0
2026-07-25 11:00:00+00:00,0.06952,0.06957,0.06929,0.06939,11676288.0
2026-07-25 12:00:00+00:00,0.06939,0.06972,0.06937,0.06972,37028008.0
2026-07-25 13:00:00+00:00,0.06972,0.07025,0.06972,0.06991,63125678.0
2026-07-25 14:00:00+00:00,0.06991,0.07057,0.06983,0.07033,40922305.0
2026-07-25 15:00:00+00:00,0.07033,0.07145,0.07028,0.07116,187009732.0
2026-07-25 16:00:00+00:00,0.07116,0.07225,0.07112,0.07215,274470077.0
2026-07-25 17:00:00+00:00,0.07215,0.0735,0.07211,0.07317,212452165.0
2026-07-25 18:00:00+00:00,0.07317,0.07367,0.07268,0.07289,134619154.0
2026-07-25 19:00:00+00:00,0.07289,0.07299,0.07247,0.07277,47672639.0
2026-07-25 20:00:00+00:00,0.07277,0.07293,0.07234,0.07249,53609796.0
2026-07-25 21:00:00+00:00,0.07249,0.07258,0.07202,0.07227,99574278.0
2026-07-25 22:00:00+00:00,0.07227,0.07238,0.07192,0.07198,41062349.0
2026-07-25 23:00:00+00:00,0.07198,0.07198,0.0716,0.07167,46416342.0
2026-07-26 00:00:00+00:00,0.07167,0.07184,0.07152,0.0718,80770519.0
2026-07-26 01:00:00+00:00,0.0718,0.07212,0.07156,0.07211,51383118.0
2026-07-26 02:00:00+00:00,0.07211,0.07277,0.0719,0.07241,126930332.0
2026-07-26 03:00:00+00:00,0.07241,0.07272,0.07223,0.07268,44118338.0
2026-07-26 04:00:00+00:00,0.07268,0.07335,0.07249,0.07318,108654271.0
2026-07-26 05:00:00+00:00,0.07318,0.07382,0.07304,0.07337,136533463.0
2026-07-26 06:00:00+00:00,0.07337,0.07355,0.07269,0.07346,75285714.0
2026-07-26 07:00:00+00:00,0.07346,0.07399,0.07303,0.07324,135986181.0
2026-07-26 08:00:00+00:00,0.07324,0.07374,0.07314,0.07339,59185020.0
2026-07-26 09:00:00+00:00,0.07339,0.07346,0.073,0.07323,50313950.0
2026-07-26 10:00:00+00:00,0.07323,0.07346,0.07311,0.07325,22612832.0
2026-07-26 11:00:00+00:00,0.07325,0.07342,0.07312,0.07318,12773774.0
2026-07-26 12:00:00+00:00,0.07318,0.0734,0.073,0.07323,39600856.0
2026-07-26 13:00:00+00:00,0.07323,0.07323,0.07282,0.07303,40343855.0
2026-07-26 14:00:00+00:00,0.07303,0.07333,0.07276,0.07295,44561275.0
2026-07-26 15:00:00+00:00,0.07295,0.07322,0.07282,0.07306,32558843.0
2026-07-26 16:00:00+00:00,0.07306,0.07337,0.0729,0.07307,52355382.0
2026-07-26 17:00:00+00:00,0.07307,0.07321,0.07288,0.07307,31495425.0
2026-07-26 18:00:00+00:00,0.07307,0.07308,0.07259,0.07266,54975898.0
2026-07-26 19:00:00+00:00,0.07266,0.07272,0.07247,0.07261,49070873.0
2026-07-26 20:00:00+00:00,0.07261,0.07279,0.07254,0.07256,22148383.0
2026-07-26 21:00:00+00:00,0.07256,0.07284,0.07248,0.07274,22615489.0
2026-07-26 22:00:00+00:00,0.07274,0.07337,0.07274,0.07324,106453443.0
2026-07-26 23:00:00+00:00,0.07324,0.07351,0.0731,0.07336,50202394.0
2026-07-27 00:00:00+00:00,0.07336,0.07339,0.07292,0.07298,48205078.0
2026-07-27 01:00:00+00:00,0.07298,0.07302,0.07252,0.07281,49784169.0
2026-07-27 02:00:00+00:00,0.07281,0.07285,0.07247,0.07257,28009975.0
2026-07-27 03:00:00+00:00,0.07257,0.07291,0.07248,0.07283,26423279.0
2026-07-27 04:00:00+00:00,0.07283,0.07308,0.07264,0.07276,26682194.0
2026-07-27 05:00:00+00:00,0.07276,0.07303,0.07264,0.07293,38118974.0
2026-07-27 06:00:00+00:00,0.07293,0.07349,0.07292,0.07295,61661646.0
2026-07-27 07:00:00+00:00,0.07295,0.073,0.07268,0.0728,27221050.0
2026-07-27 08:00:00+00:00,0.0728,0.07283,0.07231,0.07255,59227809.0
2026-07-27 09:00:00+00:00,0.07255,0.07271,0.07215,0.07264,59930977.0
2026-07-27 10:00:00+00:00,0.07264,0.0729,0.07259,0.07275,22257655.0
2026-07-27 11:00:00+00:00,0.07275,0.0728,0.0725,0.07253,17770227.0
2026-07-27 12:00:00+00:00,0.07253,0.073,0.07234,0.07289,47294460.0
2026-07-27 13:00:00+00:00,0.07289,0.07319,0.07232,0.07274,70007590.0
2026-07-27 14:00:00+00:00,0.07274,0.07279,0.07074,0.07136,281515929.0
2026-07-27 15:00:00+00:00,0.07136,0.07162,0.07124,0.07133,37760329.0
2026-07-27 16:00:00+00:00,0.07133,0.07218,0.07118,0.0721,66114390.0
2026-07-27 17:00:00+00:00,0.0721,0.07229,0.07196,0.0721,60952636.0
2026-07-27 18:00:00+00:00,0.0721,0.07213,0.07149,0.07176,56180128.0
2026-07-27 19:00:00+00:00,0.07176,0.07213,0.07174,0.072,29166262.0
2026-07-27 20:00:00+00:00,0.072,0.07212,0.0718,0.07209,11040208.0
2026-07-27 21:00:00+00:00,0.07209,0.07216,0.07178,0.07186,18861826.0
2026-07-27 22:00:00+00:00,0.07186,0.07186,0.07032,0.07042,160360055.0
2026-07-27 23:00:00+00:00,0.07042,0.07065,0.07006,0.07032,101135200.0
2026-07-28 00:00:00+00:00,0.07032,0.07053,0.06982,0.06987,66366545.0
2026-07-28 01:00:00+00:00,0.06987,0.06997,0.06927,0.06968,123452583.0
2026-07-28 02:00:00+00:00,0.06968,0.07024,0.06963,0.07008,73775510.0
2026-07-28 03:00:00+00:00,0.07008,0.07022,0.06987,0.0702,23314753.0
2026-07-28 04:00:00+00:00,0.0702,0.07024,0.0699,0.06999,27461920.0
2026-07-28 05:00:00+00:00,0.06999,0.07011,0.06982,0.06997,33679406.0
2026-07-28 06:00:00+00:00,0.06997,0.07039,0.06978,0.07036,54218380.0
2026-07-28 07:00:00+00:00,0.07036,0.07045,0.07002,0.07011,44250158.0
2026-07-28 08:00:00+00:00,0.07011,0.07025,0.07,0.07015,54432234.0
2026-07-28 09:00:00+00:00,0.07015,0.07028,0.07,0.07011,15058306.0
2026-07-28 10:00:00+00:00,0.07011,0.07017,0.06996,0.07011,26755124.0
2026-07-28 11:00:00+00:00,0.07011,0.07015,0.06968,0.06997,70393480.0
2026-07-28 12:00:00+00:00,0.06997,0.07015,0.06985,0.07007,41339331.0
2026-07-28 13:00:00+00:00,0.07007,0.07015,0.06918,0.06955,124575293.0
2026-07-28 14:00:00+00:00,0.06955,0.07005,0.06931,0.06993,54533110.0
2026-07-28 15:00:00+00:00,0.06993,0.07103,0.06981,0.07076,93030122.0
2026-07-28 16:00:00+00:00,0.07076,0.07124,0.07061,0.07113,53346715.0
2026-07-28 17:00:00+00:00,0.07113,0.07137,0.07043,0.0706,70145860.0
2026-07-28 18:00:00+00:00,0.0706,0.07076,0.07047,0.0707,12799328.0
2026-07-28 19:00:00+00:00,0.0707,0.07086,0.07057,0.0707,21549772.0
2026-07-28 20:00:00+00:00,0.0707,0.07086,0.07059,0.07071,15509477.0
2026-07-28 21:00:00+00:00,0.07071,0.07112,0.07067,0.07095,17037600.0
2026-07-28 22:00:00+00:00,0.07095,0.07109,0.07028,0.07031,24601126.0
2026-07-28 23:00:00+00:00,0.07031,0.07087,0.06999,0.07085,48514092.0
2026-07-29 00:00:00+00:00,0.07085,0.07116,0.07067,0.07088,63597644.0
2026-07-29 01:00:00+00:00,0.07088,0.07102,0.07034,0.07037,26742512.0
2026-07-29 02:00:00+00:00,0.07037,0.07095,0.07024,0.07076,31837193.0
2026-07-29 03:00:00+00:00,0.07076,0.07086,0.07017,0.07019,39601586.0
2026-07-29 04:00:00+00:00,0.07019,0.07068,0.06989,0.07052,57761127.0
2026-07-29 05:00:00+00:00,0.07052,0.07071,0.07042,0.07059,29314031.0
2026-07-29 06:00:00+00:00,0.07059,0.07094,0.07039,0.07074,30927367.0
2026-07-29 07:00:00+00:00,0.07074,0.07099,0.07061,0.07096,23310198.0
2026-07-29 08:00:00+00:00,0.07096,0.07104,0.0704,0.07073,35958406.0
2026-07-29 09:00:00+00:00,0.07073,0.07099,0.07069,0.07088,26561500.0
2026-07-29 10:00:00+00:00,0.07088,0.07092,0.07044,0.07054,27812411.0
2026-07-29 11:00:00+00:00,0.07054,0.07069,0.07039,0.07056,13702836.0
2026-07-29 12:00:00+00:00,0.07056,0.07067,0.07034,0.07055,27217578.0
2026-07-29 13:00:00+00:00,0.07055,0.07071,0.07027,0.07065,30421305.0
2026-07-29 14:00:00+00:00,0.07065,0.07073,0.07007,0.07017,44165602.0
2026-07-29 15:00:00+00:00,0.07017,0.07042,0.06996,0.07015,41127322.0
2026-07-29 16:00:00+00:00,0.07015,0.07035,0.06997,0.07021,46557718.0
2026-07-29 17:00:00+00:00,0.07021,0.07061,0.07017,0.07058,21389525.0
2026-07-29 18:00:00+00:00,0.07058,0.07114,0.07021,0.07094,108633703.0
2026-07-29 19:00:00+00:00,0.07094,0.071,0.06964,0.06966,104473483.0
2026-07-29 20:00:00+00:00,0.06966,0.06984,0.06872,0.06932,203067509.0
2026-07-29 21:00:00+00:00,0.06932,0.06986,0.06906,0.06982,36431098.0
2026-07-29 22:00:00+00:00,0.06982,0.0702,0.06982,0.07003,48717325.0
2026-07-29 23:00:00+00:00,0.07003,0.07019,0.06989,0.07011,22538633.0
2026-07-30 00:00:00+00:00,0.07011,0.07047,0.06984,0.0701,47247858.0
2026-07-30 01:00:00+00:00,0.0701,0.07071,0.0701,0.07053,37018343.0
2026-07-30 02:00:00+00:00,0.07053,0.07065,0.07042,0.07042,39623501.0
2026-07-30 03:00:00+00:00,0.07042,0.07055,0.07018,0.07018,25744668.0
2026-07-30 04:00:00+00:00,0.07018,0.07021,0.06968,0.06975,31400641.0
2026-07-30 05:00:00+00:00,0.06975,0.07014,0.0696,0.07011,19712404.0
2026-07-30 06:00:00+00:00,0.07011,0.07014,0.06982,0.06987,25954219.0
2026-07-30 07:00:00+00:00,0.06987,0.07014,0.06971,0.06975,26963396.0
2026-07-30 08:00:00+00:00,0.06975,0.0702,0.06975,0.07005,82077632.0
2026-07-30 09:00:00+00:00,0.07005,0.07026,0.07004,0.07019,38759804.0
2026-07-30 10:00:00+00:00,0.07019,0.07034,0.06983,0.06995,36942040.0
2026-07-30 11:00:00+00:00,0.06995,0.07015,0.06978,0.0701,42956174.0
2026-07-30 12:00:00+00:00,0.0701,0.07031,0.07003,0.07018,26393476.0
2026-07-30 13:00:00+00:00,0.07018,0.07059,0.06988,0.07049,60901204.0
2026-07-30 14:00:00+00:00,0.07049,0.07069,0.07006,0.0705,60226030.0
2026-07-30 15:00:00+00:00,0.0705,0.07067,0.07019,0.07053,42220951.0
2026-07-30 16:00:00+00:00,0.07053,0.07066,0.0704,0.07061,36959692.0
2026-07-30 17:00:00+00:00,0.07061,0.07099,0.0704,0.07081,24595670.0
2026-07-30 18:00:00+00:00,0.07081,0.07092,0.07061,0.0707,18226177.0
2026-07-30 19:00:00+00:00,0.0707,0.07102,0.07067,0.07072,14787471.0
2026-07-30 20:00:00+00:00,0.07072,0.07088,0.07051,0.07054,40158038.0
2026-07-30 21:00:00+00:00,0.07054,0.07072,0.07042,0.07048,27387966.0
2026-07-30 22:00:00+00:00,0.07048,0.07087,0.07036,0.07064,15858217.0
2026-07-30 23:00:00+00:00,0.07064,0.07093,0.07048,0.07057,22138787.0
2026-07-31 00:00:00+00:00,0.07057,0.07071,0.07018,0.07041,60560012.0
2026-07-31 01:00:00+00:00,0.07041,0.07098,0.07012,0.07024,40725749.0
2026-07-31 02:00:00+00:00,0.07024,0.07032,0.06984,0.06997,53023790.0
2026-07-31 03:00:00+00:00,0.06997,0.07017,0.06976,0.07002,30823110.0
2026-07-31 04:00:00+00:00,0.07002,0.07008,0.06977,0.07007,28180975.0
2026-07-31 05:00:00+00:00,0.07007,0.07018,0.06996,0.07009,14652187.0
2026-07-31 06:00:00+00:00,0.07009,0.07027,0.06994,0.07007,21453830.0
2026-07-31 07:00:00+00:00,0.07007,0.07007,0.06954,0.07001,60190621.0
2026-07-31 08:00:00+00:00,0.07001,0.07015,0.06982,0.0699,23191183.0
2026-07-31 09:00:00+00:00,0.0699,0.06992,0.0693,0.06939,98923034.0
2026-07-31 10:00:00+00:00,0.06939,0.06952,0.06907,0.06948,54557182.0
2026-07-31 11:00:00+00:00,0.06948,0.06961,0.06942,0.06958,12910436.0
2026-07-31 12:00:00+00:00,0.06958,0.0696,0.06932,0.06959,32812765.0
2026-07-31 13:00:00+00:00,0.06959,0.06968,0.06901,0.06925,93548142.0
2026-07-31 14:00:00+00:00,0.06925,0.06962,0.06843,0.0693,274422451.0
2026-07-31 15:00:00+00:00,0.0693,0.06945,0.06879,0.069,69970143.0
2026-07-31 16:00:00+00:00,0.069,0.06969,0.06894,0.06967,34162266.0
2026-07-31 17:00:00+00:00,0.06967,0.07027,0.06954,0.07011,75095603.0
2026-07-31 18:00:00+00:00,0.07011,0.07032,0.06984,0.07018,67544018.0
2026-07-31 19:00:00+00:00,0.07018,0.07034,0.06962,0.06974,36505707.0
2026-07-31 20:00:00+00:00,0.06974,0.0699,0.06942,0.06951,31166819.0
2026-07-31 21:00:00+00:00,0.06951,0.06983,0.06941,0.06962,33640204.0
2026-07-31 22:00:00+00:00,0.06962,0.06981,0.06952,0.06958,12954888.0
2026-07-31 23:00:00+00:00,0.06958,0.0697,0.06952,0.06957,8491529.0
2026-08-01 00:00:00+00:00,0.06957,0.06993,0.06955,0.0699,35187915.0
2026-08-01 01:00:00+00:00,0.0699,0.07016,0.06988,0.07008,20600049.0
2026-08-01 02:00:00+00:00,0.07008,0.07026,0.06995,0.07009,15423427.0
2026-08-01 03:00:00+00:00,0.07009,0.07014,0.07,0.07007,13696900.0
2026-08-01 04:00:00+00:00,0.07007,0.07022,0.07004,0.07012,21178890.0
2026-08-01 05:00:00+00:00,0.07012,0.07016,0.06996,0.07008,17527102.0
2026-08-01 06:00:00+00:00,0.07008,0.07013,0.06993,0.07001,15394043.0
2026-08-01 07:00:00+00:00,0.07001,0.07027,0.06974,0.06985,42260104.0
2026-08-01 08:00:00+00:00,0.06985,0.06992,0.06976,0.0699,7825484.0
2026-08-01 09:00:00+00:00,0.0699,0.06993,0.06974,0.06976,11692134.0
2026-08-01 10:00:00+00:00,0.06976,0.06981,0.06957,0.06979,20443379.0
2026-08-01 11:00:00+00:00,0.06979,0.06988,0.06974,0.06983,8630096.0
2026-08-01 12:00:00+00:00,0.06983,0.06997,0.06974,0.06989,16495112.0
2026-08-01 13:00:00+00:00,0.06989,0.07011,0.06989,0.07004,16178030.0
2026-08-01 14:00:00+00:00,0.07004,0.07024,0.06997,0.07011,17228584.0
2026-08-01 15:00:00+00:00,0.07011,0.07014,0.06996,0.07008,5820137.0
2026-08-01 16:00:00+00:00,0.07008,0.07019,0.06988,0.06998,20039219.0
2026-08-01 17:00:00+00:00,0.06998,0.07007,0.0693,0.06948,65055128.0
2026-08-01 18:00:00+00:00,0.06948,0.0695,0.0676,0.06849,353823165.0
2026-08-01 19:00:00+00:00,0.06849,0.06866,0.06835,0.06849,69945482.0
2026-08-01 20:00:00+00:00,0.06849,0.06863,0.06834,0.06862,40934066.0
2026-08-01 21:00:00+00:00,0.06862,0.06924,0.06861,0.06909,54062945.0
2026-08-01 22:00:00+00:00,0.06909,0.06918,0.06896,0.06896,13193763.0
2026-08-01 23:00:00+00:00,0.06896,0.06945,0.06896,0.0691,69668927.0
2026-08-02 00:00:00+00:00,0.0691,0.06926,0.06908,0.06917,17564960.0
2026-08-02 01:00:00+00:00,0.06917,0.06967,0.06917,0.06961,53327685.0
2026-08-02 02:00:00+00:00,0.06961,0.07019,0.06958,0.06999,74210873.0
2026-08-02 03:00:00+00:00,0.06999,0.07008,0.06992,0.07001,23656600.0
2026-08-02 04:00:00+00:00,0.07001,0.07023,0.07001,0.07019,43816899.0
2026-08-02 05:00:00+00:00,0.07019,0.07057,0.07011,0.07048,67519908.0
2026-08-02 06:00:00+00:00,0.07048,0.07055,0.07021,0.07034,22745588.0
2026-08-02 07:00:00+00:00,0.07034,0.0704,0.07024,0.07038,7901964.0
2026-08-02 08:00:00+00:00,0.07038,0.0704,0.06994,0.06998,52464418.0
2026-08-02 09:00:00+00:00,0.06998,0.07021,0.06981,0.07016,33960858.0
2026-08-02 10:00:00+00:00,0.07016,0.07018,0.06988,0.07002,20003437.0
2026-08-02 11:00:00+00:00,0.07002,0.07011,0.06988,0.06995,14309377.0
2026-08-02 12:00:00+00:00,0.06995,0.07013,0.06994,0.07,11110304.0
2026-08-02 13:00:00+00:00,0.07,0.07021,0.06996,0.07011,36156778.0
2026-08-02 14:00:00+00:00,0.07011,0.07052,0.07001,0.07037,49365747.0
2026-08-02 15:00:00+00:00,0.07037,0.07047,0.07023,0.07026,27773382.0
2026-08-02 16:00:00+00:00,0.07026,0.07046,0.0701,0.07032,30203138.0
2026-08-02 17:00:00+00:00,0.07032,0.07063,0.07023,0.07053,42708591.0
2026-08-02 18:00:00+00:00,0.07053,0.07123,0.0705,0.07078,78188050.0
2026-08-02 19:00:00+00:00,0.07078,0.07083,0.07059,0.07073,14770676.0
2026-08-02 20:00:00+00:00,0.07073,0.07073,0.07045,0.07058,28557314.0
2026-08-02 21:00:00+00:00,0.07058,0.07096,0.07052,0.07076,49567149.0
2026-08-02 22:00:00+00:00,0.07076,0.07144,0.0707,0.07075,102158563.0
2026-08-02 23:00:00+00:00,0.07075,0.07079,0.07049,0.07079,49226302.0
2026-08-03 00:00:00+00:00,0.07079,0.0709,0.07016,0.0702,50415554.0
2026-08-03 01:00:00+00:00,0.0702,0.07022,0.06997,0.07004,34551267.0
2026-08-03 02:00:00+00:00,0.07004,0.07019,0.0699,0.07001,39325794.0
2026-08-03 03:00:00+00:00,0.07001,0.07006,0.06959,0.06977,47008908.0
2026-08-03 04:00:00+00:00,0.06977,0.07,0.0697,0.0697,23247178.0
2026-08-03 05:00:00+00:00,0.0697,0.06991,0.06962,0.06982,34559514.0
2026-08-03 06:00:00+00:00,0.06982,0.06987,0.0693,0.06939,48281410.0
2026-08-03 07:00:00+00:00,0.06939,0.06941,0.06896,0.06925,111769067.0
2026-08-03 08:00:00+00:00,0.06925,0.06932,0.06891,0.06928,57993966.0
2026-08-03 09:00:00+00:00,0.06928,0.06976,0.06923,0.06967,98507759.0
2026-08-03 10:00:00+00:00,0.06967,0.06974,0.06934,0.0695,48543573.0
2026-08-03 11:00:00+00:00,0.0695,0.06952,0.06926,0.0693,19287338.0
2026-08-03 12:00:00+00:00,0.0693,0.0696,0.0692,0.0695,53745357.0
2026-08-03 13:00:00+00:00,0.0695,0.07045,0.06948,0.07034,81654993.0
2026-08-03 14:00:00+00:00,0.07034,0.07052,0.07005,0.07045,78932279.0
2026-08-03 15:00:00+00:00,0.07045,0.07056,0.07012,0.07045,71101530.0
2026-08-03 16:00:00+00:00,0.07045,0.07056,0.07011,0.07031,48614983.0
2026-08-03 17:00:00+00:00,0.07031,0.07058,0.07019,0.07029,30985930.0
2026-08-03 18:00:00+00:00,0.07029,0.07046,0.07024,0.07039,12684662.0
2026-08-03 19:00:00+00:00,0.07039,0.07049,0.0702,0.07025,20632865.0
2026-08-03 20:00:00+00:00,0.07025,0.07049,0.0702,0.07048,12235724.0
2026-08-03 21:00:00+00:00,0.07048,0.07052,0.07033,0.07045,16940521.0
2026-08-03 22:00:00+00:00,0.07045,0.07046,0.07006,0.07023,24857031.0
2026-08-03 23:00:00+00:00,0.07023,0.07028,0.0701,0.07019,10218203.0
2026-08-04 00:00:00+00:00,0.07019,0.07023,0.06986,0.06993,42377806.0
2026-08-04 01:00:00+00:00,0.06993,0.07052,0.06991,0.07046,51446914.0
2026-08-04 02:00:00+00:00,0.07046,0.07063,0.0702,0.07041,26544674.0
2026-08-04 03:00:00+00:00,0.07041,0.07046,0.07023,0.07027,22985487.0
2026-08-04 04:00:00+00:00,0.07027,0.07057,0.07016,0.07032,18191614.0
2026-08-04 05:00:00+00:00,0.07032,0.07035,0.07018,0.07027,14509502.0
2026-08-04 06:00:00+00:00,0.07027,0.07041,0.07006,0.07018,25978638.0
2026-08-04 07:00:00+00:00,0.07018,0.07039,0.06996,0.07026,19044421.0
2026-08-04 08:00:00+00:00,0.07026,0.0703,0.07002,0.0701,20035280.0
2026-08-04 09:00:00+00:00,0.0701,0.07019,0.07001,0.07014,16728687.0
2026-08-04 10:00:00+00:00,0.07014,0.07044,0.07001,0.07034,26453823.0
2026-08-04 11:00:00+00:00,0.07034,0.07067,0.07022,0.07056,25975146.0
2026-08-04 12:00:00+00:00,0.07056,0.07057,0.07032,0.07046,27467852.0
2026-08-04 13:00:00+00:00,0.07046,0.07049,0.07009,0.07013,48479231.0
2026-08-04 14:00:00+00:00,0.07013,0.07027,0.06973,0.07013,87290348.0
2026-08-04 15:00:00+00:00,0.07013,0.07038,0.06994,0.07021,40622677.0
2026-08-04 16:00:00+00:00,0.07021,0.07037,0.07001,0.07031,21494215.0
2026-08-04 17:00:00+00:00,0.07031,0.07055,0.07015,0.07018,17949597.0
2026-08-04 18:00:00+00:00,0.07018,0.07063,0.07016,0.07038,17927158.0
2026-08-04 19:00:00+00:00,0.07038,0.07048,0.07031,0.07041,15534628.0
2026-08-04 20:00:00+00:00,0.07041,0.07053,0.07009,0.07035,31930073.0
2026-08-04 21:00:00+00:00,0.07035,0.07035,0.07015,0.07028,14330161.0
2026-08-04 22:00:00+00:00,0.07028,0.07039,0.07015,0.07036,13945528.0
2026-08-04 23:00:00+00:00,0.07036,0.0705,0.07002,0.07003,37360421.0
2026-08-05 00:00:00+00:00,0.07003,0.07009,0.06976,0.06982,38433294.0
2026-08-05 01:00:00+00:00,0.06982,0.07028,0.06967,0.0702,21302111.0
2026-08-05 02:00:00+00:00,0.0702,0.0704,0.07008,0.07021,33058350.0
2026-08-05 03:00:00+00:00,0.07021,0.07028,0.06958,0.06975,50297149.0
2026-08-05 04:00:00+00:00,0.06975,0.06992,0.06966,0.0698,16675761.0
2026-08-05 05:00:00+00:00,0.0698,0.07013,0.06977,0.0699,24149333.0
2026-08-05 06:00:00+00:00,0.0699,0.06991,0.06971,0.06978,28046961.0
2026-08-05 07:00:00+00:00,0.06978,0.06985,0.06954,0.06983,34984121.0
2026-08-05 08:00:00+00:00,0.06983,0.06995,0.06973,0.06986,22948429.0
2026-08-05 09:00:00+00:00,0.06986,0.06995,0.06979,0.06979,12099497.0
2026-08-05 10:00:00+00:00,0.06979,0.06989,0.06958,0.06965,25938465.0
2026-08-05 11:00:00+00:00,0.06965,0.06986,0.06965,0.06979,14912517.0
2026-08-05 12:00:00+00:00,0.06979,0.07023,0.06976,0.06993,44249364.0
2026-08-05 13:00:00+00:00,0.06993,0.07001,0.06923,0.0698,107883390.0
2026-08-05 14:00:00+00:00,0.0698,0.07003,0.0697,0.06993,31956152.0
2026-08-05 15:00:00+00:00,0.06993,0.07012,0.06965,0.06966,42762423.0
2026-08-05 16:00:00+00:00,0.06966,0.07034,0.06965,0.07008,51653882.0
2026-08-05 17:00:00+00:00,0.07008,0.07041,0.06993,0.07026,33570026.0
2026-08-05 18:00:00+00:00,0.07026,0.07045,0.07007,0.07017,31056321.0
2026-08-05 19:00:00+00:00,0.07017,0.07041,0.07014,0.07021,18404955.0
2026-08-05 20:00:00+00:00,0.07021,0.07052,0.07007,0.07031,46707571.0
2026-08-05 21:00:00+00:00,0.07031,0.07033,0.06994,0.07003,29678049.0
2026-08-05 22:00:00+00:00,0.07003,0.07015,0.06996,0.06996,33833114.0
2026-08-05 23:00:00+00:00,0.06996,0.07006,0.06986,0.07,17558805.0
2026-08-06 00:00:00+00:00,0.07,0.07013,0.06996,0.07005,30928298.0
2026-08-06 01:00:00+00:00,0.07005,0.07005,0.06965,0.06966,24109716.0
2026-08-06 02:00:00+00:00,0.06966,0.06982,0.06951,0.06965,37397367.0
2026-08-06 03:00:00+00:00,0.06965,0.06967,0.06953,0.06962,21795233.0
2026-08-06 04:00:00+00:00,0.06962,0.0698,0.0694,0.06978,21643355.0
2026-08-06 05:00:00+00:00,0.06978,0.07014,0.06977,0.06996,26916635.0
2026-08-06 06:00:00+00:00,0.06996,0.06996,0.06968,0.06988,9212117.0
2026-08-06 07:00:00+00:00,0.06988,0.06996,0.06973,0.06976,7934843.0
2026-08-06 08:00:00+00:00,0.06976,0.07002,0.06963,0.06992,19574332.0
2026-08-06 09:00:00+00:00,0.06992,0.06994,0.06884,0.06902,224603206.0
2026-08-06 10:00:00+00:00,0.06902,0.06908,0.06874,0.06899,57517561.0
2026-08-06 11:00:00+00:00,0.06899,0.06922,0.06883,0.06912,25067068.0
2026-08-06 12:00:00+00:00,0.06912,0.06912,0.06877,0.0688,32066160.0
2026-08-06 13:00:00+00:00,0.0688,0.06889,0.0682,0.06877,178076766.0
2026-08-06 14:00:00+00:00,0.06877,0.06916,0.06867,0.06906,47977847.0
2026-08-06 15:00:00+00:00,0.06906,0.06925,0.06897,0.06898,41290420.0
2026-08-06 16:00:00+00:00,0.06898,0.06934,0.06892,0.06929,20875140.0
2026-08-06 17:00:00+00:00,0.06929,0.06935,0.06894,0.06906,19071473.0
2026-08-06 18:00:00+00:00,0.06906,0.06912,0.06861,0.06867,26828550.0
2026-08-06 19:00:00+00:00,0.06867,0.06881,0.06866,0.0687,22948280.0
2026-08-06 20:00:00+00:00,0.0687,0.06893,0.06869,0.06887,33388063.0
2026-08-06 21:00:00+00:00,0.06887,0.06909,0.06887,0.06905,55083378.0
2026-08-06 22:00:00+00:00,0.06905,0.06908,0.06883,0.06899,19150730.0
2026-08-06 23:00:00+00:00,0.06899,0.06906,0.06883,0.06906,13245098.0
2026-08-07 00:00:00+00:00,0.06906,0.06928,0.06895,0.06922,22863664.0
2026-08-07 01:00:00+00:00,0.06922,0.06943,0.06908,0.06925,18410978.0
2026-08-07 02:00:00+00:00,0.06925,0.06945,0.06901,0.06924,24963246.0
2026-08-07 03:00:00+00:00,0.06924,0.06939,0.069,0.06901,16549755.0
2026-08-07 04:00:00+00:00,0.06901,0.06919,0.06888,0.069,15255275.0
2026-08-07 05:00:00+00:00,0.069,0.06923,0.06878,0.06917,35014745.0
2026-08-07 06:00:00+00:00,0.06917,0.06948,0.06896,0.06916,82703061.0
2026-08-07 07:00:00+00:00,0.06916,0.06932,0.06909,0.06925,15470093.0
2026-08-07 08:00:00+00:00,0.06925,0.06949,0.06924,0.06937,27477347.0
2026-08-07 09:00:00+00:00,0.06937,0.06958,0.06936,0.06955,32409893.0
2026-08-07 10:00:00+00:00,0.06955,0.06961,0.06942,0.06946,15112974.0
2026-08-07 11:00:00+00:00,0.06946,0.06966,0.06944,0.06957,27596152.0
2026-08-07 12:00:00+00:00,0.06957,0.07033,0.06954,0.07002,101719297.0
2026-08-07 13:00:00+00:00,0.07002,0.0702,0.06991,0.07001,59211651.0
2026-08-07 14:00:00+00:00,0.07001,0.07015,0.06954,0.06968,51908007.0
2026-08-07 15:00:00+00:00,0.06968,0.07,0.06963,0.06991,13252344.0
2026-08-07 16:00:00+00:00,0.06991,0.07012,0.06961,0.06961,19828301.0
2026-08-07 17:00:00+00:00,0.06961,0.06971,0.06935,0.06964,36105067.0
2026-08-07 18:00:00+00:00,0.06964,0.06979,0.06949,0.06962,21501954.0
2026-08-07 19:00:00+00:00,0.06962,0.06995,0.06962,0.0698,21605530.0
2026-08-07 20:00:00+00:00,0.0698,0.06986,0.06969,0.0697,11745382.0
2026-08-07 21:00:00+00:00,0.0697,0.06986,0.06955,0.06965,47742184.0
2026-08-07 22:00:00+00:00,0.06965,0.06977,0.06958,0.06962,6727243.0
2026-08-07 23:00:00+00:00,0.06962,0.06974,0.0696,0.0696,9662083.0
2026-08-08 00:00:00+00:00,0.0696,0.06987,0.06952,0.06969,37967396.0
2026-08-08 01:00:00+00:00,0.06969,0.07001,0.06968,0.0699,39269688.0
2026-08-08 02:00:00+00:00,0.0699,0.06996,0.06983,0.06984,11666942.0
2026-08-08 03:00:00+00:00,0.06984,0.07037,0.06983,0.07027,34589669.0
2026-08-08 04:00:00+00:00,0.07027,0.07033,0.07001,0.07006,21300812.0
2026-08-08 05:00:00+00:00,0.07006,0.07023,0.07005,0.07015,31373672.0
2026-08-08 06:00:00+00:00,0.07015,0.07034,0.07015,0.07033,14999028.0
2026-08-08 07:00:00+00:00,0.07033,0.07035,0.07015,0.07022,10870039.0
2026-08-08 08:00:00+00:00,0.07022,0.07042,0.07011,0.07039,25936342.0
2026-08-08 09:00:00+00:00,0.07039,0.07059,0.07028,0.07034,35525654.0
2026-08-08 10:00:00+00:00,0.07034,0.0704,0.07024,0.07037,7238034.0
2026-08-08 11:00:00+00:00,0.07037,0.07045,0.07027,0.07039,19475306.0
2026-08-08 12:00:00+00:00,0.07039,0.07046,0.07033,0.0704,9567966.0
2026-08-08 13:00:00+00:00,0.0704,0.07058,0.07039,0.07048,16185199.0
2026-08-08 14:00:00+00:00,0.07048,0.07151,0.0704,0.07124,72275022.0
2026-08-08 15:00:00+00:00,0.07124,0.07133,0.07089,0.07112,50832340.0
2026-08-08 16:00:00+00:00,0.07112,0.07136,0.07103,0.0712,39118197.0
2026-08-08 17:00:00+00:00,0.0712,0.07139,0.07111,0.07119,15842037.0
2026-08-08 18:00:00+00:00,0.07119,0.07129,0.07083,0.07091,33023546.0
2026-08-08 19:00:00+00:00,0.07091,0.07108,0.07084,0.07094,23211854.0
2026-08-08 20:00:00+00:00,0.07094,0.07107,0.07092,0.07099,8410231.0
2026-08-08 21:00:00+00:00,0.07099,0.07105,0.07089,0.07093,12796357.0
2026-08-08 22:00:00+00:00,0.07093,0.07095,0.07041,0.07048,35971587.0
2026-08-08 23:00:00+00:00,0.07048,0.07048,0.07025,0.07041,32481782.0
2026-08-09 00:00:00+00:00,0.07041,0.07046,0.07025,0.07039,23219435.0
2026-08-09 01:00:00+00:00,0.07039,0.07049,0.06993,0.07,69322204.0
2026-08-09 02:00:00+00:00,0.07,0.07011,0.06986,0.06997,25772598.0
2026-08-09 03:00:00+00:00,0.06997,0.07005,0.0698,0.06997,24184255.0
2026-08-09 04:00:00+00:00,0.06997,0.07012,0.06995,0.07,19544341.0
2026-08-09 05:00:00+00:00,0.07,0.07003,0.06983,0.06999,11926042.0
2026-08-09 06:00:00+00:00,0.06999,0.07021,0.0699,0.07016,21729790.0
2026-08-09 07:00:00+00:00,0.07016,0.07018,0.07003,0.07011,9347263.0
2026-08-09 08:00:00+00:00,0.07011,0.07025,0.06989,0.07007,36795908.0
2026-08-09 09:00:00+00:00,0.07007,0.07011,0.06998,0.07009,16453921.0
2026-08-09 10:00:00+00:00,0.07009,0.07024,0.07005,0.07016,8266153.0
2026-08-09 11:00:00+00:00,0.07016,0.07025,0.07013,0.07015,8772929.0
2026-08-09 12:00:00+00:00,0.07015,0.0702,0.07009,0.07014,6361649.0
2026-08-09 13:00:00+00:00,0.07014,0.07044,0.07011,0.0703,21583957.0
2026-08-09 14:00:00+00:00,0.0703,0.07052,0.07028,0.07047,14255850.0
2026-08-09 15:00:00+00:00,0.07047,0.07075,0.07045,0.07066,26164674.0
2026-08-09 16:00:00+00:00,0.07066,0.07077,0.07055,0.0707,21029194.0
2026-08-09 17:00:00+00:00,0.0707,0.07079,0.07049,0.0705,17619727.0
2026-08-09 18:00:00+00:00,0.0705,0.07059,0.07038,0.07049,21284103.0
2026-08-09 19:00:00+00:00,0.07049,0.0705,0.07034,0.07047,9242494.0
2026-08-09 20:00:00+00:00,0.07047,0.07048,0.07033,0.07046,7796549.0
2026-08-09 21:00:00+00:00,0.07046,0.07078,0.07039,0.07056,28834636.0
2026-08-09 22:00:00+00:00,0.07056,0.07094,0.06982,0.07001,74432478.0
2026-08-09 23:00:00+00:00,0.07001,0.07006,0.06916,0.06929,98615509.0
2026-08-10 00:00:00+00:00,0.06929,0.06978,0.06899,0.06958,93017784.0
2026-08-10 01:00:00+00:00,0.06958,0.07022,0.0695,0.06996,35374099.0
2026-08-10 02:00:00+00:00,0.06996,0.06999,0.06945,0.0699,32588018.0
2026-08-10 03:00:00+00:00,0.0699,0.07001,0.0695,0.06962,37704678.0
2026-08-10 04:00:00+00:00,0.06962,0.06983,0.06948,0.06969,18923720.0
2026-08-10 05:00:00+00:00,0.06969,0.07005,0.06968,0.06993,17813612.0
2026-08-10 06:00:00+00:00,0.06993,0.07009,0.06989,0.07009,16167413.0
2026-08-10 07:00:00+00:00,0.07009,0.07012,0.06996,0.06999,11346530.0
2026-08-10 08:00:00+00:00,0.06999,0.07012,0.06974,0.07003,62518184.0
2026-08-10 09:00:00+00:00,0.07003,0.07009,0.06983,0.06987,18086923.0
2026-08-10 10:00:00+00:00,0.06987,0.07002,0.06983,0.06991,17205037.0
2026-08-10 11:00:00+00:00,0.06991,0.07006,0.06984,0.07,14082620.0
2026-08-10 12:00:00+00:00,0.07,0.07012,0.06976,0.06981,27753094.0
2026-08-10 13:00:00+00:00,0.06981,0.06995,0.06953,0.06974,42160260.0
2026-08-10 14:00:00+00:00,0.06974,0.07001,0.06972,0.06977,19132249.0
2026-08-10 15:00:00+00:00,0.06977,0.06983,0.06935,0.06962,88902684.0
2026-08-10 16:00:00+00:00,0.06962,0.06979,0.06944,0.06951,36436678.0
2026-08-10 17:00:00+00:00,0.06951,0.06982,0.06942,0.06962,24211989.0
2026-08-10 18:00:00+00:00,0.06962,0.06973,0.06946,0.06966,18770530.0
2026-08-10 19:00:00+00:00,0.06966,0.06993,0.06966,0.06985,39619431.0
2026-08-10 20:00:00+00:00,0.06985,0.06996,0.0698,0.0699,12042788.0
2026-08-10 21:00:00+00:00,0.0699,0.06993,0.06964,0.06965,16781998.0
2026-08-10 22:00:00+00:00,0.06965,0.06982,0.06947,0.06977,15239346.0
2026-08-10 23:00:00+00:00,0.06977,0.06988,0.06964,0.06966,13975108.0
2026-08-11 00:00:00+00:00,0.06966,0.06986,0.06958,0.06984,8495725.0
2026-08-11 01:00:00+00:00,0.06984,0.07007,0.06975,0.06998,14405447.0
2026-08-11 02:00:00+00:00,0.06998,0.07034,0.06997,0.07015,29805662.0
2026-08-11 03:00:00+00:00,0.07015,0.07023,0.07006,0.07009,14544001.0
2026-08-11 04:00:00+00:00,0.07009,0.07009,0.06992,0.06994,8575751.0
2026-08-11 05:00:00+00:00,0.06994,0.07018,0.06986,0.07005,16183160.0
2026-08-11 06:00:00+00:00,0.07005,0.07025,0.06993,0.07014,43891540.0
2026-08-11 07:00:00+00:00,0.07014,0.07024,0.06993,0.0701,16689363.0
2026-08-11 08:00:00+00:00,0.0701,0.07033,0.07007,0.07033,28034825.0
2026-08-11 09:00:00+00:00,0.07033,0.07066,0.07029,0.07056,44280850.0
2026-08-11 10:00:00+00:00,0.07056,0.07067,0.07031,0.07052,36595223.0
2026-08-11 11:00:00+00:00,0.07052,0.07074,0.07048,0.07057,37522309.0
2026-08-11 12:00:00+00:00,0.07057,0.0707,0.07046,0.07061,35447658.0
2026-08-11 13:00:00+00:00,0.07061,0.07096,0.07055,0.07089,50632105.0
2026-08-11 14:00:00+00:00,0.07089,0.07132,0.06984,0.07005,154616742.0
2026-08-11 15:00:00+00:00,0.07005,0.0706,0.06992,0.07056,128251843.0
2026-08-11 16:00:00+00:00,0.07056,0.07089,0.07035,0.07047,54384577.0
2026-08-11 17:00:00+00:00,0.07047,0.07125,0.07037,0.07096,69853162.0
2026-08-11 18:00:00+00:00,0.07096,0.07104,0.07057,0.07077,43399728.0
2026-08-11 19:00:00+00:00,0.07077,0.07103,0.07042,0.07098,22247148.0
2026-08-11 20:00:00+00:00,0.07098,0.07227,0.07098,0.07167,158309190.0
2026-08-11 21:00:00+00:00,0.07167,0.07257,0.07161,0.07242,89990205.0
2026-08-11 22:00:00+00:00,0.07242,0.07312,0.07213,0.07232,124396000.0
2026-08-11 23:00:00+00:00,0.07232,0.07232,0.0718,0.07184,47994615.0
2026-08-12 00:00:00+00:00,0.07184,0.07234,0.0718,0.07229,41634666.0
2026-08-12 01:00:00+00:00,0.07229,0.0725,0.07214,0.07222,43368001.0
2026-08-12 02:00:00+00:00,0.07222,0.07241,0.07184,0.07185,41236839.0
2026-08-12 03:00:00+00:00,0.07185,0.07241,0.07185,0.07218,29769377.0
2026-08-12 04:00:00+00:00,0.07218,0.07228,0.07198,0.07207,21360908.0
2026-08-12 05:00:00+00:00,0.07207,0.07218,0.07188,0.07206,15961194.0
2026-08-12 06:00:00+00:00,0.07206,0.07206,0.07135,0.07151,57034202.0
2026-08-12 07:00:00+00:00,0.07151,0.07171,0.07144,0.07166,20235999.0
2026-08-12 08:00:00+00:00,0.07166,0.07169,0.07146,0.07148,49166004.0
2026-08-12 09:00:00+00:00,0.07148,0.07201,0.07145,0.07199,29273688.0
2026-08-12 10:00:00+00:00,0.07199,0.07214,0.07182,0.07185,26371081.0
2026-08-12 11:00:00+00:00,0.07185,0.07201,0.07182,0.07195,9729558.0
2026-08-12 12:00:00+00:00,0.07195,0.07221,0.07135,0.07162,169898408.0
2026-08-12 13:00:00+00:00,0.07162,0.07166,0.07048,0.07056,224724488.0
2026-08-12 14:00:00+00:00,0.07056,0.0707,0.07022,0.07043,194254900.0
2026-08-12 15:00:00+00:00,0.07043,0.07095,0.0704,0.0708,60424934.0
2026-08-12 16:00:00+00:00,0.0708,0.07095,0.07069,0.07084,28828713.0
2026-08-12 17:00:00+00:00,0.07084,0.07085,0.07059,0.07077,25950084.0
2026-08-12 18:00:00+00:00,0.07077,0.07082,0.07063,0.07066,12153435.0
2026-08-12 19:00:00+00:00,0.07066,0.07069,0.07046,0.07057,31976853.0
2026-08-12 20:00:00+00:00,0.07057,0.07071,0.07038,0.07061,44988701.0
2026-08-12 21:00:00+00:00,0.07061,0.07067,0.06872,0.06929,392741687.0
2026-08-12 22:00:00+00:00,0.06929,0.06943,0.06879,0.0694,123479933.0
2026-08-12 23:00:00+00:00,0.0694,0.06967,0.0693,0.06964,44306671.0
2026-08-13 00:00:00+00:00,0.06964,0.06995,0.06957,0.06982,58884415.0
2026-08-13 01:00:00+00:00,0.06982,0.07001,0.06973,0.06982,38105727.0
2026-08-13 02:00:00+00:00,0.06982,0.07028,0.06981,0.07025,31874862.0
2026-08-13 03:00:00+00:00,0.07025,0.07038,0.07008,0.07014,39671509.0
2026-08-13 04:00:00+00:00,0.07014,0.07036,0.07004,0.07023,13208922.0
2026-08-13 05:00:00+00:00,0.07023,0.07064,0.07019,0.07059,48539766.0
2026-08-13 06:00:00+00:00,0.07059,0.07067,0.07034,0.07064,40997288.0
2026-08-13 07:00:00+00:00,0.07064,0.07079,0.07053,0.07054,20095257.0
2026-08-13 08:00:00+00:00,0.07054,0.07064,0.07038,0.07045,20705248.0
2026-08-13 09:00:00+00:00,0.07045,0.07051,0.07022,0.0705,38886392.0
2026-08-13 10:00:00+00:00,0.0705,0.07052,0.06987,0.07013,78990787.0
2026-08-13 11:00:00+00:00,0.07013,0.07017,0.06992,0.07005,24395932.0
2026-08-13 12:00:00+00:00,0.07005,0.07033,0.07,0.07022,24959879.0
2026-08-13 13:00:00+00:00,0.07022,0.07035,0.06998,0.07017,26560986.0
2026-08-13 14:00:00+00:00,0.07017,0.07036,0.07,0.07012,29710275.0
2026-08-13 15:00:00+00:00,0.07012,0.07023,0.06967,0.06969,54767539.0
2026-08-13 16:00:00+00:00,0.06969,0.06998,0.06946,0.06976,65671295.0
2026-08-13 17:00:00+00:00,0.06976,0.06995,0.06973,0.06986,11806121.0
2026-08-13 18:00:00+00:00,0.06986,0.07005,0.06974,0.07001,14840570.0
2026-08-13 19:00:00+00:00,0.07001,0.07031,0.07,0.07027,28293353.0
2026-08-13 20:00:00+00:00,0.07027,0.07035,0.07012,0.07015,15091364.0
2026-08-13 21:00:00+00:00,0.07015,0.07023,0.07011,0.07014,9152196.0
2026-08-13 22:00:00+00:00,0.07014,0.07031,0.07008,0.07012,17353395.0
2026-08-13 23:00:00+00:00,0.07012,0.07016,0.06996,0.07016,12630151.0
2026-08-14 00:00:00+00:00,0.07016,0.07027,0.07007,0.07025,15073559.0
2026-08-14 01:00:00+00:00,0.07025,0.07025,0.07011,0.0702,17451384.0
2026-08-14 02:00:00+00:00,0.0702,0.07034,0.07007,0.07008,11021914.0
2026-08-14 03:00:00+00:00,0.07008,0.07009,0.06987,0.06993,26044551.0
2026-08-14 04:00:00+00:00,0.06993,0.07011,0.06989,0.0699,7756204.0
2026-08-14 05:00:00+00:00,0.0699,0.07,0.06985,0.06996,7055143.0
2026-08-14 06:00:00+00:00,0.06996,0.06996,0.06955,0.0696,67864419.0
2026-08-14 07:00:00+00:00,0.0696,0.06977,0.06954,0.06964,21610781.0
2026-08-14 08:00:00+00:00,0.06964,0.06993,0.06951,0.06993,29983765.0
2026-08-14 09:00:00+00:00,0.06993,0.06993,0.06935,0.06945,59837484.0
2026-08-14 10:00:00+00:00,0.06945,0.06965,0.06925,0.06934,28680621.0
2026-08-14 11:00:00+00:00,0.06934,0.0695,0.06934,0.06943,23969448.0
2026-08-14 12:00:00+00:00,0.06943,0.06955,0.06916,0.06925,33386548.0
2026-08-14 13:00:00+00:00,0.06925,0.06946,0.06922,0.0694,28642494.0
2026-08-14 14:00:00+00:00,0.0694,0.06958,0.0693,0.06944,37972091.0
2026-08-14 15:00:00+00:00,0.06944,0.06996,0.06941,0.06985,25540118.0
2026-08-14 16:00:00+00:00,0.06985,0.07003,0.06982,0.06987,14333808.0
2026-08-14 17:00:00+00:00,0.06987,0.07009,0.06979,0.06986,32307257.0
2026-08-14 18:00:00+00:00,0.06986,0.06987,0.06963,0.06971,24277880.0
2026-08-14 19:00:00+00:00,0.06971,0.06986,0.06952,0.06982,22519539.0
2026-08-14 20:00:00+00:00,0.06982,0.06987,0.0697,0.06978,6477552.0
2026-08-14 21:00:00+00:00,0.06978,0.06981,0.06967,0.06979,15231507.0
2026-08-14 22:00:00+00:00,0.06979,0.06987,0.06962,0.0698,7666610.0
2026-08-14 23:00:00+00:00,0.0698,0.07008,0.06978,0.07002,9937421.0
2026-08-15 00:00:00+00:00,0.07002,0.07008,0.06995,0.07008,13050591.0
2026-08-15 01:00:00+00:00,0.07008,0.07009,0.06994,0.07004,9799961.0
2026-08-15 02:00:00+00:00,0.07004,0.07035,0.07001,0.0703,35510580.0
2026-08-15 03:00:00+00:00,0.0703,0.0705,0.07024,0.07027,18741455.0
2026-08-15 04:00:00+00:00,0.07027,0.07041,0.07022,0.07029,14507735.0
2026-08-15 05:00:00+00:00,0.07029,0.07038,0.07001,0.0701,40540139.0
2026-08-15 06:00:00+00:00,0.0701,0.07017,0.06999,0.07012,8253152.0
2026-08-15 07:00:00+00:00,0.07012,0.07015,0.07,0.07003,5735519.0
2026-08-15 08:00:00+00:00,0.07003,0.07007,0.0699,0.06991,11308459.0
2026-08-15 09:00:00+00:00,0.06991,0.07009,0.06983,0.07006,13428266.0
2026-08-15 10:00:00+00:00,0.07006,0.07007,0.06994,0.07001,3983034.0
2026-08-15 11:00:00+00:00,0.07001,0.07005,0.06993,0.06999,9711329.0
2026-08-15 12:00:00+00:00,0.06999,0.07004,0.06987,0.07004,10655994.0
2026-08-15 13:00:00+00:00,0.07004,0.0701,0.07,0.07004,11182735.0
2026-08-15 14:00:00+00:00,0.07004,0.07006,0.06988,0.07003,10335925.0
2026-08-15 15:00:00+00:00,0.07003,0.07007,0.06991,0.07003,11333226.0
2026-08-15 16:00:00+00:00,0.07003,0.07005,0.06994,0.06998,3863297.0
2026-08-15 17:00:00+00:00,0.06998,0.07004,0.06986,0.06988,8478434.0
2026-08-15 18:00:00+00:00,0.06988,0.06995,0.06973,0.06975,14762821.0
2026-08-15 19:00:00+00:00,0.06975,0.06993,0.0697,0.06991,4041482.0
2026-08-15 20:00:00+00:00,0.06991,0.06995,0.06983,0.06986,13707373.0
2026-08-15 21:00:00+00:00,0.06986,0.07005,0.06984,0.0699,11170385.0
2026-08-15 22:00:00+00:00,0.0699,0.06997,0.06982,0.06982,14656124.0
2026-08-15 23:00:00+00:00,0.06982,0.06986,0.06945,0.06956,71471788.0
2026-08-16 00:00:00+00:00,0.06956,0.06967,0.06946,0.06965,18385609.0
2026-08-16 01:00:00+00:00,0.06965,0.06965,0.06948,0.0696,14461752.0
2026-08-16 02:00:00+00:00,0.0696,0.06989,0.06955,0.06978,22535366.0
2026-08-16 03:00:00+00:00,0.06978,0.06986,0.06975,0.06978,10649186.0
2026-08-16 04:00:00+00:00,0.06978,0.06987,0.06973,0.06976,7417294.0
2026-08-16 05:00:00+00:00,0.06976,0.06978,0.06962,0.06963,8341021.0
2026-08-16 06:00:00+00:00,0.06963,0.06976,0.06953,0.06967,19363541.0
2026-08-16 07:00:00+00:00,0.06967,0.06987,0.06965,0.06987,10119229.0
2026-08-16 08:00:00+00:00,0.06987,0.0699,0.06981,0.06982,8828034.0
2026-08-16 09:00:00+00:00,0.06982,0.06986,0.06964,0.06973,30226667.0
2026-08-16 10:00:00+00:00,0.06973,0.06976,0.06967,0.06972,10593091.0
2026-08-16 11:00:00+00:00,0.06972,0.06982,0.06972,0.06981,4574585.0
2026-08-16 12:00:00+00:00,0.06981,0.0699,0.06972,0.06989,10352163.0
2026-08-16 13:00:00+00:00,0.06989,0.06998,0.06986,0.06989,9317728.0
2026-08-16 14:00:00+00:00,0.06989,0.07003,0.06986,0.07002,9343365.0
2026-08-16 15:00:00+00:00,0.07002,0.07005,0.06996,0.07003,8920153.0
2026-08-16 16:00:00+00:00,0.07003,0.07017,0.06993,0.07002,26739105.0
2026-08-16 17:00:00+00:00,0.07002,0.07006,0.06992,0.06997,11760937.0
2026-08-16 18:00:00+00:00,0.06997,0.07,0.06985,0.06996,10823096.0
2026-08-16 19:00:00+00:00,0.06996,0.07003,0.06988,0.06989,9408253.0
2026-08-16 20:00:00+00:00,0.06989,0.07,0.06974,0.06981,35813379.0
2026-08-16 21:00:00+00:00,0.06981,0.06987,0.069,0.06936,109934019.0
2026-08-16 22:00:00+00:00,0.06936,0.06959,0.06924,0.06955,30751946.0
2026-08-16 23:00:00+00:00,0.06955,0.06966,0.06947,0.06956,12491310.0
2026-08-17 00:00:00+00:00,0.06956,0.06979,0.06942,0.06972,38444160.0
2026-08-17 01:00:00+00:00,0.06972,0.07024,0.06971,0.06994,46957267.0
2026-08-17 02:00:00+00:00,0.06994,0.07029,0.06987,0.07016,38402235.0
2026-08-17 03:00:00+00:00,0.07016,0.07021,0.07001,0.07017,32285912.0
2026-08-17 04:00:00+00:00,0.07017,0.07025,0.07014,0.07021,18978150.0
2026-08-17 05:00:00+00:00,0.07021,0.07024,0.07008,0.07012,6370683.0
2026-08-17 06:00:00+00:00,0.07012,0.07046,0.0701,0.07045,47951949.0
2026-08-17 07:00:00+00:00,0.07045,0.07048,0.07023,0.07029,23066082.0
2026-08-17 08:00:00+00:00,0.07029,0.07032,0.07,0.07004,46613544.0
2026-08-17 09:00:00+00:00,0.07004,0.07026,0.07002,0.07021,10598281.0
2026-08-17 10:00:00+00:00,0.07021,0.0704,0.07013,0.07038,11794743.0
2026-08-17 11:00:00+00:00,0.07038,0.07039,0.07012,0.07014,10389094.0
2026-08-17 12:00:00+00:00,0.07014,0.07018,0.06996,0.07,23142204.0
2026-08-17 13:00:00+00:00,0.07,0.07026,0.06995,0.07019,21740936.0
2026-08-17 14:00:00+00:00,0.07019,0.07037,0.07005,0.07034,16607619.0
2026-08-17 15:00:00+00:00,0.07034,0.07056,0.07023,0.07047,63813782.0
2026-08-17 16:00:00+00:00,0.07047,0.0705,0.07028,0.07033,19224247.0
2026-08-17 17:00:00+00:00,0.07033,0.07051,0.07024,0.07033,18960275.0
2026-08-17 18:00:00+00:00,0.07033,0.07047,0.07029,0.07033,17116013.0
2026-08-17 19:00:00+00:00,0.07033,0.07034,0.07021,0.07027,19266097.0
2026-08-17 20:00:00+00:00,0.07027,0.07047,0.07009,0.0703,47174430.0
2026-08-17 21:00:00+00:00,0.0703,0.07046,0.07028,0.07038,23279925.0
2026-08-17 22:00:00+00:00,0.07038,0.07046,0.07015,0.07017,14720820.0
2026-08-17 23:00:00+00:00,0.07017,0.07044,0.07014,0.07036,10432587.0
2026-08-18 00:00:00+00:00,0.07036,0.0704,0.07017,0.07031,26937210.0
2026-08-18 01:00:00+00:00,0.07031,0.07033,0.06988,0.06996,46647800.0
2026-08-18 02:00:00+00:00,0.06996,0.07007,0.06953,0.06967,65254223.0
2026-08-18 03:00:00+00:00,0.06967,0.06985,0.06963,0.0698,23068633.0
2026-08-18 04:00:00+00:00,0.0698,0.06997,0.06968,0.06989,24606378.0
2026-08-18 05:00:00+00:00,0.06989,0.06996,0.06956,0.06975,61650744.0
2026-08-18 06:00:00+00:00,0.06975,0.07006,0.06968,0.0699,32951368.0
2026-08-18 07:00:00+00:00,0.0699,0.06999,0.06971,0.06984,48336705.0
2026-08-18 08:00:00+00:00,0.06984,0.06991,0.06963,0.06984,31033077.0
2026-08-18 09:00:00+00:00,0.06984,0.0699,0.06979,0.06985,21589453.0
2026-08-18 10:00:00+00:00,0.06985,0.06993,0.06983,0.06988,11160059.0
2026-08-18 11:00:00+00:00,0.06988,0.07002,0.06988,0.06995,23998117.0
2026-08-18 12:00:00+00:00,0.06995,0.06997,0.06979,0.0698,16191245.0
2026-08-18 13:00:00+00:00,0.0698,0.06989,0.0697,0.06977,22577092.0
2026-08-18 14:00:00+00:00,0.06977,0.07036,0.06974,0.07002,61115253.0
2026-08-18 15:00:00+00:00,0.07002,0.07031,0.06997,0.0703,25495822.0
2026-08-18 16:00:00+00:00,0.0703,0.07045,0.07018,0.07036,19902057.0
2026-08-18 17:00:00+00:00,0.07036,0.07038,0.07022,0.07023,14436039.0
2026-08-18 18:00:00+00:00,0.07023,0.07053,0.07023,0.07045,24867546.0
2026-08-18 19:00:00+00:00,0.07045,0.07053,0.07033,0.07033,39234916.0
2026-08-18 20:00:00+00:00,0.07033,0.07038,0.07007,0.07018,58086862.0
2026-08-18 21:00:00+00:00,0.07018,0.07027,0.07006,0.07012,16113876.0
2026-08-18 22:00:00+00:00,0.07012,0.07021,0.06992,0.07002,52223247.0
2026-08-18 23:00:00+00:00,0.07002,0.07026,0.07002,0.07021,32464095.0
2026-08-19 00:00:00+00:00,0.07021,0.07024,0.06993,0.06993,19402865.0
2026-08-19 01:00:00+00:00,0.06993,0.07008,0.06986,0.06994,34960314.0
2026-08-19 02:00:00+00:00,0.06994,0.06998,0.06982,0.06992,8235262.0
2026-08-19 03:00:00+00:00,0.06992,0.07011,0.06988,0.07007,11035985.0
2026-08-19 04:00:00+00:00,0.07007,0.07008,0.0699,0.06993,20843044.0
2026-08-19 05:00:00+00:00,0.06993,0.0701,0.0699,0.06991,27176478.0
2026-08-19 06:00:00+00:00,0.06991,0.07019,0.06982,0.07006,46319098.0
2026-08-19 07:00:00+00:00,0.07006,0.07009,0.06989,0.06989,17912949.0
2026-08-19 08:00:00+00:00,0.06989,0.07027,0.06985,0.07011,72193172.0
2026-08-19 09:00:00+00:00,0.07011,0.0702,0.06999,0.07001,18496719.0
2026-08-19 10:00:00+00:00,0.07001,0.07007,0.06997,0.07004,17094916.0
2026-08-19 11:00:00+00:00,0.07004,0.07022,0.07004,0.0702,8471490.0
2026-08-19 12:00:00+00:00,0.0702,0.07078,0.07017,0.07062,96966100.0
2026-08-19 13:00:00+00:00,0.07062,0.0707,0.07039,0.07052,62782465.0
2026-08-19 14:00:00+00:00,0.07052,0.07142,0.0701,0.07127,126862129.0
2026-08-19 15:00:00+00:00,0.07127,0.07418,0.07121,0.07248,675915762.0
2026-08-19 16:00:00+00:00,0.07248,0.0732,0.07243,0.07269,118536628.0
2026-08-19 17:00:00+00:00,0.07269,0.07273,0.07189,0.07227,63730617.0
2026-08-19 18:00:00+00:00,0.07227,0.07282,0.07215,0.07269,44662088.0
2026-08-19 19:00:00+00:00,0.07269,0.07308,0.07239,0.07306,52394077.0
2026-08-19 20:00:00+00:00,0.07306,0.0745,0.07287,0.07413,184284732.0
2026-08-19 21:00:00+00:00,0.07413,0.07633,0.07407,0.07603,417052756.0
2026-08-19 22:00:00+00:00,0.07603,0.07618,0.07435,0.07478,327061911.0
2026-08-19 23:00:00+00:00,0.07478,0.0753,0.07453,0.07502,184278244.0
2026-08-20 00:00:00+00:00,0.07502,0.07568,0.07492,0.0753,144675018.0
2026-08-20 01:00:00+00:00,0.0753,0.07557,0.07465,0.07544,91203046.0
2026-08-20 02:00:00+00:00,0.07544,0.07608,0.07531,0.07543,87751523.0
2026-08-20 03:00:00+00:00,0.07543,0.07545,0.07472,0.07478,67813502.0
2026-08-20 04:00:00+00:00,0.07478,0.07493,0.07443,0.07481,41396024.0
2026-08-20 05:00:00+00:00,0.07481,0.07486,0.07456,0.07468,34069377.0
2026-08-20 06:00:00+00:00,0.07468,0.07537,0.07446,0.0753,133696680.0
2026-08-20 07:00:00+00:00,0.0753,0.07543,0.07499,0.07531,42100713.0
2026-08-20 08:00:00+00:00,0.07531,0.07715,0.07525,0.07684,303964008.0
2026-08-20 09:00:00+00:00,0.07684,0.07733,0.07638,0.07666,139647803.0
2026-08-20 10:00:00+00:00,0.07666,0.07785,0.07649,0.07719,72800742.0
2026-08-20 11:00:00+00:00,0.07719,0.07789,0.07688,0.07715,99109955.0
2026-08-20 12:00:00+00:00,0.07715,0.07755,0.07657,0.07744,122365796.0
2026-08-20 13:00:00+00:00,0.07744,0.07795,0.07685,0.07746,111421824.0
2026-08-20 14:00:00+00:00,0.07746,0.07855,0.07737,0.07845,174214868.0
2026-08-20 15:00:00+00:00,0.07845,0.08065,0.07831,0.08022,331201162.0
2026-08-20 16:00:00+00:00,0.08022,0.08321,0.07965,0.08318,388576917.0
2026-08-20 17:00:00+00:00,0.08318,0.08354,0.08246,0.08278,383856023.0
2026-08-20 18:00:00+00:00,0.08278,0.08317,0.0796,0.07963,390932147.0
2026-08-20 19:00:00+00:00,0.07963,0.08036,0.07936,0.07965,175967184.0
2026-08-20 20:00:00+00:00,0.07965,0.08015,0.07959,0.08007,58333952.0
2026-08-20 21:00:00+00:00,0.08007,0.08062,0.08,0.08017,69859190.0
2026-08-20 22:00:00+00:00,0.08017,0.08028,0.07905,0.07933,148385628.0
2026-08-20 23:00:00+00:00,0.07933,0.08067,0.07932,0.08043,93326957.0
2026-08-21 00:00:00+00:00,0.08043,0.0816,0.08024,0.08126,151899898.0
2026-08-21 01:00:00+00:00,0.08126,0.083,0.08115,0.08251,175836063.0
2026-08-21 02:00:00+00:00,0.08251,0.08274,0.08138,0.0814,177247524.0
2026-08-21 03:00:00+00:00,0.0814,0.08233,0.08116,0.08176,98071015.0
2026-08-21 04:00:00+00:00,0.08176,0.08242,0.08171,0.08228,136068912.0
2026-08-21 05:00:00+00:00,0.08228,0.08279,0.08202,0.08268,113418711.0
2026-08-21 06:00:00+00:00,0.08268,0.084,0.0826,0.0832,202871049.0
2026-08-21 07:00:00+00:00,0.0832,0.08452,0.08311,0.08345,269982315.0
2026-08-21 08:00:00+00:00,0.08345,0.08575,0.08336,0.08561,296116703.0
2026-08-21 09:00:00+00:00,0.08561,0.08569,0.08257,0.08448,448477197.0
2026-08-21 10:00:00+00:00,0.08448,0.0847,0.08349,0.0845,153287059.0
2026-08-21 11:00:00+00:00,0.0845,0.08467,0.08241,0.08296,282443950.0
2026-08-21 12:00:00+00:00,0.08296,0.08427,0.08261,0.08393,125217186.0
2026-08-21 13:00:00+00:00,0.08393,0.08435,0.08264,0.08397,218184525.0
2026-08-21 14:00:00+00:00,0.08397,0.08432,0.08288,0.08421,260019202.0
2026-08-21 15:00:00+00:00,0.08421,0.08476,0.08353,0.08379,162841279.0
2026-08-21 16:00:00+00:00,0.08379,0.0848,0.08332,0.08465,242537544.0
2026-08-21 17:00:00+00:00,0.08465,0.08518,0.08389,0.08435,150992227.0
2026-08-21 18:00:00+00:00,0.08435,0.08531,0.08363,0.08427,144773997.0
2026-08-21 19:00:00+00:00,0.08427,0.0851,0.08357,0.08487,145903301.0
2026-08-21 20:00:00+00:00,0.08487,0.08739,0.08466,0.08734,520627952.0
2026-08-21 21:00:00+00:00,0.08734,0.09186,0.08698,0.09173,539074940.0
2026-08-21 22:00:00+00:00,0.09173,0.09469,0.09132,0.09415,707891860.0
2026-08-21 23:00:00+00:00,0.09415,0.09436,0.09098,0.09153,379744673.0
2026-08-22 00:00:00+00:00,0.09153,0.09193,0.09014,0.09172,267198638.0
2026-08-22 01:00:00+00:00,0.09172,0.09234,0.09093,0.0914,137862328.0
2026-08-22 02:00:00+00:00,0.0914,0.09389,0.09129,0.09371,114750317.0
2026-08-22 03:00:00+00:00,0.09371,0.09717,0.09338,0.09565,357846340.0
2026-08-22 04:00:00+00:00,0.09565,0.10085,0.09479,0.0985,537502988.0
2026-08-22 05:00:00+00:00,0.0985,0.09958,0.08223,0.09177,1528722134.0
2026-08-22 06:00:00+00:00,0.09177,0.09373,0.09064,0.09263,202006986.0
2026-08-22 07:00:00+00:00,0.09263,0.09386,0.09136,0.09299,167204982.0
2026-08-22 08:00:00+00:00,0.09299,0.09343,0.09042,0.09145,232410252.0
2026-08-22 09:00:00+00:00,0.09145,0.09233,0.09002,0.09071,193065544.0
2026-08-22 10:00:00+00:00,0.09071,0.09085,0.08763,0.08965,395088830.0
2026-08-22 11:00:00+00:00,0.08965,0.09035,0.0889,0.08984,119075860.0
2026-08-22 12:00:00+00:00,0.08984,0.09205,0.0895,0.09145,136385546.0
2026-08-22 13:00:00+00:00,0.09145,0.09191,0.09066,0.09116,136276598.0
2026-08-22 14:00:00+00:00,0.09116,0.09132,0.08978,0.09015,125279800.0
2026-08-22 15:00:00+00:00,0.09015,0.09065,0.08946,0.09026,49987153.0
2026-08-22 16:00:00+00:00,0.09026,0.09225,0.08969,0.09161,208699510.0
2026-08-22 17:00:00+00:00,0.09161,0.09362,0.09119,0.09317,278055679.0
2026-08-22 18:00:00+00:00,0.09317,0.09387,0.09214,0.09281,137836657.0
2026-08-22 19:00:00+00:00,0.09281,0.09377,0.0921,0.09347,81093772.0
2026-08-22 20:00:00+00:00,0.09347,0.0953,0.09332,0.09419,216213099.0
2026-08-22 21:00:00+00:00,0.09419,0.09427,0.09118,0.0916,191397775.0
2026-08-22 22:00:00+00:00,0.0916,0.09253,0.09113,0.09191,83872245.0
2026-08-22 23:00:00+00:00,0.09191,0.09208,0.091,0.09182,89449531.0
2026-08-23 00:00:00+00:00,0.09182,0.09432,0.09175,0.09389,166670616.0
2026-08-23 01:00:00+00:00,0.09389,0.09409,0.09282,0.09293,76530711.0
2026-08-23 02:00:00+00:00,0.09293,0.09311,0.09126,0.09177,178326600.0
2026-08-23 03:00:00+00:00,0.09177,0.09205,0.09052,0.09102,114440274.0
2026-08-23 04:00:00+00:00,0.09102,0.09172,0.08923,0.08945,182261730.0
2026-08-23 05:00:00+00:00,0.08945,0.09072,0.08869,0.08945,166865683.0
2026-08-23 06:00:00+00:00,0.08945,0.09048,0.08891,0.08972,133276537.0
2026-08-23 07:00:00+00:00,0.08972,0.0907,0.08957,0.09027,65823754.0
2026-08-23 08:00:00+00:00,0.09027,0.09147,0.09016,0.09088,111115205.0
2026-08-23 09:00:00+00:00,0.09088,0.09135,0.09037,0.09104,74430574.0
2026-08-23 10:00:00+00:00,0.09104,0.09284,0.09094,0.09214,238189890.0
2026-08-23 11:00:00+00:00,0.09214,0.09309,0.09184,0.0927,84987739.0
2026-08-23 12:00:00+00:00,0.0927,0.09276,0.09182,0.0923,56478954.0
2026-08-23 13:00:00+00:00,0.0923,0.09391,0.0921,0.09371,203718554.0
2026-08-23 14:00:00+00:00,0.09371,0.09451,0.09079,0.09266,276832008.0
2026-08-23 15:00:00+00:00,0.09266,0.09314,0.09166,0.0924,122564015.0
2026-08-23 16:00:00+00:00,0.0924,0.09291,0.09189,0.09285,70708059.0
2026-08-23 17:00:00+00:00,0.09285,0.09314,0.0919,0.09259,75871876.0
2026-08-23 18:00:00+00:00,0.09259,0.09333,0.09236,0.09298,62753892.0
2026-08-23 19:00:00+00:00,0.09298,0.09305,0.09197,0.09239,50547993.0
2026-08-23 20:00:00+00:00,0.09239,0.09293,0.09197,0.0928,24641628.0
2026-08-23 21:00:00+00:00,0.0928,0.09455,0.0928,0.09333,72360309.0
2026-08-23 22:00:00+00:00,0.09333,0.09374,0.09259,0.0931,82991431.0
2026-08-23 23:00:00+00:00,0.0931,0.09384,0.09263,0.09341,84769026.0
2026-08-24 00:00:00+00:00,0.09341,0.0937,0.09131,0.09274,179655901.0
2026-08-24 01:00:00+00:00,0.09274,0.09277,0.09027,0.09067,112066387.0
2026-08-24 02:00:00+00:00,0.09067,0.09232,0.09063,0.09173,63115696.0
2026-08-24 03:00:00+00:00,0.09173,0.09188,0.09077,0.09117,76931209.0
2026-08-24 04:00:00+00:00,0.09117,0.09241,0.09115,0.09217,61518304.0
2026-08-24 05:00:00+00:00,0.09217,0.09312,0.09127,0.09196,82847264.0
2026-08-24 06:00:00+00:00,0.09196,0.09218,0.09118,0.09161,61886198.0
2026-08-24 07:00:00+00:00,0.09161,0.09263,0.09127,0.09133,55722348.0
2026-08-24 08:00:00+00:00,0.09133,0.09142,0.09011,0.09073,130990763.0
2026-08-24 09:00:00+00:00,0.09073,0.09151,0.09066,0.09116,43738112.0
2026-08-24 10:00:00+00:00,0.09116,0.09172,0.09073,0.09092,56863398.0
2026-08-24 11:00:00+00:00,0.09092,0.09268,0.09024,0.0922,77962815.0
2026-08-24 12:00:00+00:00,0.0922,0.09342,0.09116,0.0932,120700212.0
2026-08-24 13:00:00+00:00,0.0932,0.09329,0.09026,0.09081,248923114.0
2026-08-24 14:00:00+00:00,0.09081,0.09239,0.09068,0.09188,120460559.0
2026-08-24 15:00:00+00:00,0.09188,0.09277,0.09072,0.09117,128932698.0
2026-08-24 16:00:00+00:00,0.09117,0.09226,0.09066,0.09097,105016826.0
2026-08-24 17:00:00+00:00,0.09097,0.09107,0.08781,0.08888,325206202.0
2026-08-24 18:00:00+00:00,0.08888,0.08963,0.08884,0.08915,75118422.0
2026-08-24 19:00:00+00:00,0.08915,0.08935,0.08858,0.08902,55117102.0
2026-08-24 20:00:00+00:00,0.08902,0.08949,0.08856,0.08939,57979025.0
2026-08-24 21:00:00+00:00,0.08939,0.09022,0.08939,0.0902,70612665.0
2026-08-24 22:00:00+00:00,0.0902,0.09025,0.08925,0.08952,42567485.0
2026-08-24 23:00:00+00:00,0.08952,0.09022,0.08917,0.09004,30950431.0
2026-08-25 00:00:00+00:00,0.09004,0.0917,0.08966,0.0914,123176976.0
2026-08-25 01:00:00+00:00,0.0914,0.09158,0.09067,0.09102,48307644.0
2026-08-25 02:00:00+00:00,0.09102,0.09299,0.0908,0.09198,127813398.0
2026-08-25 03:00:00+00:00,0.09198,0.09299,0.09152,0.09188,65973197.0
2026-08-25 04:00:00+00:00,0.09188,0.09221,0.09151,0.09202,73500073.0
2026-08-25 05:00:00+00:00,0.09202,0.09308,0.09191,0.09265,49628876.0
2026-08-25 06:00:00+00:00,0.09265,0.09295,0.09156,0.09187,45963275.0
2026-08-25 07:00:00+00:00,0.09187,0.09245,0.09008,0.09074,126965032.0
2026-08-25 08:00:00+00:00,0.09074,0.09151,0.09044,0.091,44093742.0
2026-08-25 09:00:00+00:00,0.091,0.09128,0.08975,0.09039,49530213.0
2026-08-25 10:00:00+00:00,0.09039,0.09079,0.09016,0.09056,41935476.0
2026-08-25 11:00:00+00:00,0.09056,0.09083,0.09008,0.09009,26672141.0
2026-08-25 12:00:00+00:00,0.09009,0.09022,0.08909,0.09006,57050599.0
2026-08-25 13:00:00+00:00,0.09006,0.09015,0.08672,0.08821,223146854.0
2026-08-25 14:00:00+00:00,0.08821,0.08938,0.08798,0.089,96787123.0
2026-08-25 15:00:00+00:00,0.089,0.08928,0.08848,0.08914,30733152.0
2026-08-25 16:00:00+00:00,0.08914,0.08937,0.08862,0.08897,32294200.0
2026-08-25 17:00:00+00:00,0.08897,0.08898,0.08815,0.0888,39688701.0
2026-08-25 18:00:00+00:00,0.0888,0.08896,0.08853,0.08867,20932034.0
2026-08-25 19:00:00+00:00,0.08867,0.08879,0.08782,0.08802,41962501.0
2026-08-25 20:00:00+00:00,0.08802,0.08808,0.08568,0.08571,176943411.0
2026-08-25 21:00:00+00:00,0.08571,0.08658,0.08477,0.0863,125208987.0
2026-08-25 22:00:00+00:00,0.0863,0.08698,0.08629,0.08675,40701023.0
2026-08-25 23:00:00+00:00,0.08675,0.0869,0.08551,0.08565,56751694.0
2026-08-26 00:00:00+00:00,0.08565,0.08632,0.08539,0.0861,66787309.0
2026-08-26 01:00:00+00:00,0.0861,0.08672,0.08604,0.08644,40057902.0
2026-08-26 02:00:00+00:00,0.08644,0.08693,0.08604,0.08673,26935620.0
2026-08-26 03:00:00+00:00,0.08673,0.08683,0.0864,0.08661,25158230.0
2026-08-26 04:00:00+00:00,0.08661,0.0869,0.08616,0.08626,39573794.0
2026-08-26 05:00:00+00:00,0.08626,0.08684,0.08596,0.08675,27512194.0
2026-08-26 06:00:00+00:00,0.08675,0.08705,0.08626,0.08662,34984166.0
2026-08-26 07:00:00+00:00,0.08662,0.0869,0.08649,0.08656,35555757.0
2026-08-26 08:00:00+00:00,0.08656,0.08691,0.08618,0.08636,26867742.0
2026-08-26 09:00:00+00:00,0.08636,0.08654,0.08537,0.08591,66357131.0
2026-08-26 10:00:00+00:00,0.08591,0.08709,0.08574,0.08677,59242972.0
2026-08-26 11:00:00+00:00,0.08677,0.08703,0.08608,0.08629,53582580.0
2026-08-26 12:00:00+00:00,0.08629,0.08702,0.08556,0.0863,81304127.0
2026-08-26 13:00:00+00:00,0.0863,0.08649,0.08509,0.08589,143528372.0
2026-08-26 14:00:00+00:00,0.08589,0.08612,0.08423,0.08435,154546713.0
2026-08-26 15:00:00+00:00,0.08435,0.0847,0.08375,0.08447,81105208.0
2026-08-26 16:00:00+00:00,0.08447,0.08469,0.08381,0.08425,64195161.0
2026-08-26 17:00:00+00:00,0.08425,0.08538,0.08423,0.08493,40678194.0
2026-08-26 18:00:00+00:00,0.08493,0.08519,0.08459,0.08506,47952149.0
2026-08-26 19:00:00+00:00,0.08506,0.08536,0.08475,0.08481,26845944.0
2026-08-26 20:00:00+00:00,0.08481,0.08527,0.08434,0.08526,29754947.0
2026-08-26 21:00:00+00:00,0.08526,0.08636,0.08521,0.08625,75006898.0
2026-08-26 22:00:00+00:00,0.08625,0.0872,0.08608,0.08649,88501109.0
2026-08-26 23:00:00+00:00,0.08649,0.08777,0.08636,0.08763,69898007.0
2026-08-27 00:00:00+00:00,0.08763,0.08764,0.08651,0.08651,43592475.0
2026-08-27 01:00:00+00:00,0.08651,0.08769,0.08618,0.08702,108471079.0
2026-08-27 02:00:00+00:00,0.08702,0.08743,0.08667,0.08681,22872674.0
2026-08-27 03:00:00+00:00,0.08681,0.08713,0.08659,0.08677,26287981.0
2026-08-27 04:00:00+00:00,0.08677,0.08703,0.08646,0.08663,20169023.0
2026-08-27 05:00:00+00:00,0.08663,0.08708,0.08609,0.08695,33266499.0
2026-08-27 06:00:00+00:00,0.08695,0.087,0.0864,0.08696,17858715.0
2026-08-27 07:00:00+00:00,0.08696,0.08714,0.0868,0.08709,14091819.0
2026-08-27 08:00:00+00:00,0.08709,0.08979,0.08705,0.08912,157670203.0
2026-08-27 09:00:00+00:00,0.08912,0.08996,0.08865,0.08881,77015794.0
2026-08-27 10:00:00+00:00,0.08881,0.08917,0.08756,0.08825,96712038.0
2026-08-27 11:00:00+00:00,0.08825,0.0887,0.0878,0.08826,32582159.0
2026-08-27 12:00:00+00:00,0.08826,0.08862,0.08715,0.08758,82607766.0
2026-08-27 13:00:00+00:00,0.08758,0.0881,0.08716,0.08808,59808090.0
2026-08-27 14:00:00+00:00,0.08808,0.08939,0.08784,0.08895,85798783.0
2026-08-27 15:00:00+00:00,0.08895,0.08968,0.08862,0.08862,105115696.0
2026-08-27 16:00:00+00:00,0.08862,0.08971,0.08856,0.08921,78126136.0
2026-08-27 17:00:00+00:00,0.08921,0.08992,0.08884,0.08907,68373066.0
2026-08-27 18:00:00+00:00,0.08907,0.08909,0.08787,0.08867,75262270.0
2026-08-27 19:00:00+00:00,0.08867,0.08894,0.08839,0.08859,25013297.0
2026-08-27 20:00:00+00:00,0.08859,0.08877,0.08823,0.08867,24824319.0
2026-08-27 21:00:00+00:00,0.08867,0.08887,0.08822,0.08872,25841251.0
2026-08-27 22:00:00+00:00,0.08872,0.08941,0.08871,0.08905,28047679.0
2026-08-27 23:00:00+00:00,0.08905,0.08926,0.08873,0.08908,24720421.0
2026-08-28 00:00:00+00:00,0.08908,0.08922,0.08846,0.08896,53928280.0
2026-08-28 01:00:00+00:00,0.08896,0.09027,0.08891,0.08906,79134426.0
2026-08-28 02:00:00+00:00,0.08906,0.08908,0.0873,0.0878,91436679.0
2026-08-28 03:00:00+00:00,0.0878,0.08803,0.08727,0.08771,32881056.0
2026-08-28 04:00:00+00:00,0.08771,0.08817,0.08714,0.08759,39470392.0
2026-08-28 05:00:00+00:00,0.08759,0.08794,0.08732,0.08771,19794220.0
2026-08-28 06:00:00+00:00,0.08771,0.08831,0.0877,0.08816,19466429.0
2026-08-28 07:00:00+00:00,0.08816,0.08818,0.08747,0.08748,46364823.0
2026-08-28 08:00:00+00:00,0.08748,0.08776,0.08677,0.08713,53244916.0
2026-08-28 09:00:00+00:00,0.08713,0.08724,0.0863,0.08633,64885800.0
2026-08-28 10:00:00+00:00,0.08633,0.08709,0.08557,0.08707,111356339.0
2026-08-28 11:00:00+00:00,0.08707,0.08732,0.08681,0.08694,24523399.0
2026-08-28 12:00:00+00:00,0.08694,0.0871,0.08658,0.08682,18801227.0
2026-08-28 13:00:00+00:00,0.08682,0.08711,0.0865,0.08683,35994485.0
2026-08-28 14:00:00+00:00,0.08683,0.08791,0.08546,0.08767,189652602.0
2026-08-28 15:00:00+00:00,0.08767,0.08798,0.08576,0.08584,91103760.0
2026-08-28 16:00:00+00:00,0.08584,0.08598,0.08388,0.08534,214881729.0
2026-08-28 17:00:00+00:00,0.08534,0.08556,0.08494,0.085,40691806.0
2026-08-28 18:00:00+00:00,0.085,0.08507,0.08374,0.08432,79925401.0
2026-08-28 19:00:00+00:00,0.08432,0.08477,0.08428,0.08462,24649707.0
2026-08-28 20:00:00+00:00,0.08462,0.08485,0.08439,0.08474,23060295.0
2026-08-28 21:00:00+00:00,0.08474,0.08502,0.08437,0.08451,22188950.0
2026-08-28 22:00:00+00:00,0.08451,0.08523,0.08444,0.0851,30359303.0
2026-08-28 23:00:00+00:00,0.0851,0.08523,0.08501,0.08519,36429838.0
2026-08-29 00:00:00+00:00,0.08519,0.08536,0.08506,0.08512,9799622.0
2026-08-29 01:00:00+00:00,0.08512,0.08538,0.08498,0.08526,15724522.0
2026-08-29 02:00:00+00:00,0.08526,0.0853,0.08486,0.08497,18461957.0
2026-08-29 03:00:00+00:00,0.08497,0.08508,0.08472,0.08479,19105588.0
2026-08-29 04:00:00+00:00,0.08479,0.08515,0.08476,0.08511,18216973.0
2026-08-29 05:00:00+00:00,0.08511,0.08524,0.08494,0.08502,14352778.0
2026-08-29 06:00:00+00:00,0.08502,0.08504,0.0842,0.08436,49044836.0
2026-08-29 07:00:00+00:00,0.08436,0.08466,0.08424,0.08438,15846034.0
2026-08-29 08:00:00+00:00,0.08438,0.08449,0.08414,0.08429,17291937.0
2026-08-29 09:00:00+00:00,0.08429,0.0845,0.08412,0.0844,16469567.0
2026-08-29 10:00:00+00:00,0.0844,0.08465,0.08413,0.08439,21434872.0
2026-08-29 11:00:00+00:00,0.08439,0.08452,0.08435,0.08442,12993987.0
2026-08-29 12:00:00+00:00,0.08442,0.08496,0.0844,0.08475,28934802.0
2026-08-29 13:00:00+00:00,0.08475,0.08497,0.08461,0.0849,37086411.0
2026-08-29 14:00:00+00:00,0.0849,0.08565,0.08482,0.08555,34963729.0
2026-08-29 15:00:00+00:00,0.08555,0.0856,0.08501,0.08511,25473945.0
2026-08-29 16:00:00+00:00,0.08511,0.08553,0.08503,0.08519,32071560.0
2026-08-29 17:00:00+00:00,0.08519,0.08531,0.08472,0.08506,18750189.0
2026-08-29 18:00:00+00:00,0.08506,0.08551,0.08498,0.08522,22406676.0
2026-08-29 19:00:00+00:00,0.08522,0.08546,0.08508,0.0852,23922298.0
2026-08-29 20:00:00+00:00,0.0852,0.08543,0.08509,0.08519,13520931.0
2026-08-29 21:00:00+00:00,0.08519,0.08527,0.08499,0.08507,31814167.0
2026-08-29 22:00:00+00:00,0.08507,0.08514,0.08491,0.08509,14906777.0
2026-08-29 23:00:00+00:00,0.08509,0.0853,0.08495,0.08525,18623985.0
2026-08-30 00:00:00+00:00,0.08525,0.08545,0.08507,0.08512,27518949.0
2026-08-30 01:00:00+00:00,0.08512,0.08515,0.08475,0.08487,26386908.0
2026-08-30 02:00:00+00:00,0.08487,0.08512,0.08482,0.08501,21911512.0
2026-08-30 03:00:00+00:00,0.08501,0.08515,0.08488,0.08498,16557846.0
2026-08-30 04:00:00+00:00,0.08498,0.08505,0.08449,0.08482,33144733.0
2026-08-30 05:00:00+00:00,0.08482,0.08514,0.08481,0.08504,18641630.0
2026-08-30 06:00:00+00:00,0.08504,0.08517,0.08484,0.08514,16895293.0
2026-08-30 07:00:00+00:00,0.08514,0.08515,0.08452,0.0846,33406316.0
2026-08-30 08:00:00+00:00,0.0846,0.08472,0.08441,0.08455,22297068.0
2026-08-30 09:00:00+00:00,0.08455,0.08466,0.08427,0.08456,33507977.0
2026-08-30 10:00:00+00:00,0.08456,0.08498,0.08443,0.08483,25535576.0
2026-08-30 11:00:00+00:00,0.08483,0.08505,0.08477,0.08492,22592584.0
2026-08-30 12:00:00+00:00,0.08492,0.08543,0.08484,0.08537,55252364.0
2026-08-30 13:00:00+00:00,0.08537,0.0858,0.08515,0.08564,33697491.0
2026-08-30 14:00:00+00:00,0.08564,0.08567,0.08531,0.08541,24648858.0
2026-08-30 15:00:00+00:00,0.08541,0.0855,0.08497,0.08532,35106965.0
2026-08-30 16:00:00+00:00,0.08532,0.08641,0.08525,0.08631,47882960.0
2026-08-30 17:00:00+00:00,0.08631,0.08635,0.08514,0.08588,71026711.0
2026-08-30 18:00:00+00:00,0.08588,0.08643,0.08552,0.08629,32128281.0
2026-08-30 19:00:00+00:00,0.08629,0.0863,0.08548,0.08575,41697659.0
2026-08-30 20:00:00+00:00,0.08575,0.08591,0.08466,0.08506,73869576.0
2026-08-30 21:00:00+00:00,0.08506,0.08508,0.08374,0.08456,92942740.0
2026-08-30 22:00:00+00:00,0.08456,0.08499,0.08314,0.08363,95635596.0
2026-08-30 23:00:00+00:00,0.08363,0.08363,0.08072,0.08198,278699533.0
2026-08-31 00:00:00+00:00,0.08198,0.08266,0.08156,0.08233,62450858.0
2026-08-31 01:00:00+00:00,0.08233,0.08245,0.08144,0.08156,49453200.0
2026-08-31 02:00:00+00:00,0.08156,0.08235,0.08138,0.08176,42056060.0
2026-08-31 03:00:00+00:00,0.08176,0.08254,0.08168,0.08224,37261576.0
2026-08-31 04:00:00+00:00,0.08224,0.08226,0.08184,0.08208,28230713.0
2026-08-31 05:00:00+00:00,0.08208,0.08302,0.08194,0.08277,81760818.0
2026-08-31 06:00:00+00:00,0.08277,0.08293,0.08255,0.08268,49800036.0
2026-08-31 07:00:00+00:00,0.08268,0.08288,0.08249,0.08269,34497389.0
2026-08-31 08:00:00+00:00,0.08269,0.08295,0.08235,0.08274,38813457.0
2026-08-31 09:00:00+00:00,0.08274,0.08312,0.0826,0.0828,30677282.0
2026-08-31 10:00:00+00:00,0.0828,0.08325,0.08249,0.08304,36391870.0
2026-08-31 11:00:00+00:00,0.08304,0.08306,0.08254,0.0826,25121791.0
2026-08-31 12:00:00+00:00,0.0826,0.08301,0.0822,0.08262,58317352.0
2026-08-31 13:00:00+00:00,0.08262,0.08289,0.08196,0.08211,43545759.0
2026-08-31 14:00:00+00:00,0.08211,0.08322,0.08197,0.08297,103727658.0
2026-08-31 15:00:00+00:00,0.08297,0.08327,0.08246,0.08278,60963632.0
2026-08-31 16:00:00+00:00,0.08278,0.0832,0.08261,0.08285,28721925.0
2026-08-31 17:00:00+00:00,0.08285,0.08344,0.08271,0.08329,36162452.0
2026-08-31 18:00:00+00:00,0.08329,0.08396,0.08306,0.08342,35936202.0
2026-08-31 19:00:00+00:00,0.08342,0.08368,0.08303,0.0832,27839743.0
2026-08-31 20:00:00+00:00,0.0832,0.08355,0.0831,0.08322,23434250.0
2026-08-31 21:00:00+00:00,0.08322,0.08345,0.08285,0.08332,38587927.0
2026-08-31 22:00:00+00:00,0.08332,0.08339,0.0829,0.08301,20890329.0
2026-08-31 23:00:00+00:00,0.08301,0.08301,0.08262,0.08282,13874023.0
2026-09-01 00:00:00+00:00,0.08282,0.08323,0.08273,0.08302,36545429.0
2026-09-01 01:00:00+00:00,0.08302,0.08321,0.08228,0.08277,44850989.0
2026-09-01 02:00:00+00:00,0.08277,0.08295,0.08247,0.08281,24281163.0
2026-09-01 03:00:00+00:00,0.08281,0.08341,0.08274,0.08316,40292380.0
2026-09-01 04:00:00+00:00,0.08316,0.08341,0.08306,0.08312,19713249.0
2026-09-01 05:00:00+00:00,0.08312,0.0839,0.0831,0.08382,44396729.0
2026-09-01 06:00:00+00:00,0.08382,0.08382,0.08333,0.08338,35021310.0
2026-09-01 07:00:00+00:00,0.08338,0.08372,0.08309,0.0833,25159831.0
2026-09-01 08:00:00+00:00,0.0833,0.08337,0.08221,0.08226,57935457.0
2026-09-01 09:00:00+00:00,0.08226,0.08248,0.08209,0.08236,24604255.0
2026-09-01 10:00:00+00:00,0.08236,0.083,0.08229,0.08282,30421710.0
2026-09-01 11:00:00+00:00,0.08282,0.08332,0.08267,0.08315,24931257.0
2026-09-01 12:00:00+00:00,0.08315,0.08317,0.08234,0.08253,40295776.0
2026-09-01 13:00:00+00:00,0.08253,0.0828,0.08166,0.08267,81055050.0
2026-09-01 14:00:00+00:00,0.08267,0.08311,0.08261,0.08272,39722420.0
2026-09-01 15:00:00+00:00,0.08272,0.08291,0.08194,0.08268,49645174.0
2026-09-01 16:00:00+00:00,0.08268,0.0827,0.0817,0.0821,45065045.0
2026-09-01 17:00:00+00:00,0.0821,0.08254,0.08185,0.08198,43608784.0
2026-09-01 18:00:00+00:00,0.08198,0.08213,0.08057,0.08166,151169494.0
2026-09-01 19:00:00+00:00,0.08166,0.08215,0.08162,0.08189,38759222.0
2026-09-01 20:00:00+00:00,0.08189,0.0821,0.08152,0.08194,51218868.0
2026-09-01 21:00:00+00:00,0.08194,0.08194,0.08095,0.08143,65241184.0
2026-09-01 22:00:00+00:00,0.08143,0.08168,0.08116,0.0814,34140627.0
2026-09-01 23:00:00+00:00,0.0814,0.08182,0.08132,0.08162,25434932.0
2026-09-02 00:00:00+00:00,0.08162,0.0817,0.0811,0.0811,23852829.0
2026-09-02 01:00:00+00:00,0.0811,0.08134,0.08018,0.08066,77687157.0
2026-09-02 02:00:00+00:00,0.08066,0.08127,0.08053,0.0811,49409995.0
2026-09-02 03:00:00+00:00,0.0811,0.08171,0.08104,0.08148,35000711.0
2026-09-02 04:00:00+00:00,0.08148,0.08177,0.0811,0.08169,31504536.0
2026-09-02 05:00:00+00:00,0.08169,0.082,0.08145,0.08198,27663337.0
2026-09-02 06:00:00+00:00,0.08198,0.08206,0.0815,0.08172,64952154.0
2026-09-02 07:00:00+00:00,0.08172,0.08196,0.08159,0.0816,20393742.0
2026-09-02 08:00:00+00:00,0.0816,0.08171,0.08072,0.08094,64603956.0
2026-09-02 09:00:00+00:00,0.08094,0.08125,0.08053,0.08085,89350167.0
2026-09-02 10:00:00+00:00,0.08085,0.08087,0.07999,0.08075,97061417.0
2026-09-02 11:00:00+00:00,0.08075,0.0812,0.08047,0.08118,57381730.0
2026-09-02 12:00:00+00:00,0.08118,0.08135,0.08072,0.08078,49829428.0
2026-09-02 13:00:00+00:00,0.08078,0.08201,0.08069,0.08167,80817672.0
2026-09-02 14:00:00+00:00,0.08167,0.08194,0.08147,0.08147,47699454.0
2026-09-02 15:00:00+00:00,0.08147,0.08175,0.08064,0.08162,107908681.0
2026-09-02 16:00:00+00:00,0.08162,0.08186,0.08135,0.08135,72487411.0
2026-09-02 17:00:00+00:00,0.08135,0.08152,0.08082,0.08141,59567462.0
2026-09-02 18:00:00+00:00,0.08141,0.0817,0.08126,0.08141,45056529.0
2026-09-02 19:00:00+00:00,0.08141,0.08149,0.08093,0.08126,29671226.0
2026-09-02 20:00:00+00:00,0.08126,0.0819,0.08122,0.08165,90295695.0
2026-09-02 21:00:00+00:00,0.08165,0.08185,0.08146,0.08164,34534759.0
2026-09-02 22:00:00+00:00,0.08164,0.08165,0.08085,0.08102,38924247.0
2026-09-02 23:00:00+00:00,0.08102,0.08176,0.08091,0.08173,38590419.0
2026-09-03 00:00:00+00:00,0.08173,0.0819,0.08119,0.08138,57343714.0
2026-09-03 01:00:00+00:00,0.08138,0.08258,0.08113,0.08216,105119692.0
2026-09-03 02:00:00+00:00,0.08216,0.08324,0.08201,0.08313,54866887.0
2026-09-03 03:00:00+00:00,0.08313,0.08316,0.08251,0.08274,59132979.0
2026-09-03 04:00:00+00:00,0.08274,0.08295,0.08239,0.08295,39879510.0
2026-09-03 05:00:00+00:00,0.08295,0.08305,0.08201,0.08295,56776352.0
2026-09-03 06:00:00+00:00,0.08295,0.08307,0.08271,0.08295,36815301.0
2026-09-03 07:00:00+00:00,0.08295,0.08366,0.08261,0.08284,95788046.0
2026-09-03 08:00:00+00:00,0.08284,0.08357,0.08284,0.08311,66829910.0
2026-09-03 09:00:00+00:00,0.08311,0.08327,0.08271,0.08275,32394505.0
2026-09-03 10:00:00+00:00,0.08275,0.08306,0.08252,0.08292,40431122.0
2026-09-03 11:00:00+00:00,0.08292,0.08334,0.08281,0.0832,43821027.0
2026-09-03 12:00:00+00:00,0.0832,0.08373,0.08306,0.0836,81907501.0
2026-09-03 13:00:00+00:00,0.0836,0.08367,0.08312,0.08344,70488613.0
2026-09-03 14:00:00+00:00,0.08344,0.08795,0.08324,0.0879,330157124.0
2026-09-03 15:00:00+00:00,0.0879,0.08939,0.08681,0.08915,281761217.0
2026-09-03 16:00:00+00:00,0.08915,0.08996,0.08802,0.08944,241048749.0
2026-09-03 17:00:00+00:00,0.08944,0.08978,0.08883,0.08938,90670353.0
2026-09-03 18:00:00+00:00,0.08938,0.08966,0.08892,0.08954,46630142.0
2026-09-03 19:00:00+00:00,0.08954,0.08994,0.08895,0.08928,46774903.0
2026-09-03 20:00:00+00:00,0.08928,0.08929,0.0884,0.0886,53253885.0
2026-09-03 21:00:00+00:00,0.0886,0.08934,0.08816,0.08822,56140487.0
2026-09-03 22:00:00+00:00,0.08822,0.08833,0.08705,0.0874,75036135.0
2026-09-03 23:00:00+00:00,0.0874,0.08793,0.08737,0.08777,53205903.0
2026-09-04 00:00:00+00:00,0.08777,0.08808,0.08695,0.087,89390710.0
2026-09-04 01:00:00+00:00,0.087,0.08745,0.08666,0.08713,94084586.0
2026-09-04 02:00:00+00:00,0.08713,0.08725,0.08647,0.08724,56337450.0
2026-09-04 03:00:00+00:00,0.08724,0.08746,0.08708,0.08709,25191981.0
2026-09-04 04:00:00+00:00,0.08709,0.08753,0.08699,0.08721,46546953.0
2026-09-04 05:00:00+00:00,0.08721,0.0873,0.08656,0.0869,65878619.0
2026-09-04 06:00:00+00:00,0.0869,0.08714,0.08648,0.08704,42882882.0
2026-09-04 07:00:00+00:00,0.08704,0.08748,0.08697,0.08699,61436077.0
2026-09-04 08:00:00+00:00,0.08699,0.08768,0.08674,0.08761,70674649.0
2026-09-04 09:00:00+00:00,0.08761,0.08829,0.08743,0.08762,109128602.0
2026-09-04 10:00:00+00:00,0.08762,0.08773,0.08712,0.08766,39951259.0
2026-09-04 11:00:00+00:00,0.08766,0.08796,0.08753,0.08773,49269145.0
2026-09-04 12:00:00+00:00,0.08773,0.08802,0.08416,0.08498,520041800.0
2026-09-04 13:00:00+00:00,0.08498,0.08579,0.0846,0.08519,122660245.0
2026-09-04 14:00:00+00:00,0.08519,0.08538,0.08369,0.08413,130435631.0
2026-09-04 15:00:00+00:00,0.08413,0.08461,0.08395,0.08434,57506786.0
2026-09-04 16:00:00+00:00,0.08434,0.08483,0.08424,0.08461,44363750.0
2026-09-04 17:00:00+00:00,0.08461,0.08461,0.08396,0.08408,30038183.0
2026-09-04 18:00:00+00:00,0.08408,0.08468,0.08408,0.08465,21505830.0
2026-09-04 19:00:00+00:00,0.08465,0.08501,0.08444,0.0847,63880836.0
2026-09-04 20:00:00+00:00,0.0847,0.0848,0.08456,0.0847,35800733.0
2026-09-04 21:00:00+00:00,0.0847,0.08479,0.08464,0.08477,4148274.0
