timestamp,open,high,low,close,volume
2026-03-07 20:00:00+00:00,1.3144,1.32,1.3143,1.3165,19984.1
2026-03-07 21:00:00+00:00,1.3165,1.3211,1.3147,1.3174,22918.1
2026-03-07 22:00:00+00:00,1.3174,1.3193,1.3089,1.3128,18001.0
2026-03-07 23:00:00+00:00,1.3128,1.3171,1.3127,1.3142,11364.9
2026-03-08 00:00:00+00:00,1.3142,1.3178,1.3105,1.3118,12041.8
2026-03-08 01:00:00+00:00,1.3118,1.3149,1.3092,1.313,19067.4
2026-03-08 02:00:00+00:00,1.313,1.3148,1.2964,1.2982,51246.4
2026-03-08 03:00:00+00:00,1.2982,1.307,1.2969,1.3062,18387.0
2026-03-08 04:00:00+00:00,1.3062,1.3081,1.2975,1.299,29146.2
2026-03-08 05:00:00+00:00,1.299,1.3113,1.2987,1.3081,8121.4
2026-03-08 06:00:00+00:00,1.3081,1.3099,1.3058,1.3072,4716.5
2026-03-08 07:00:00+00:00,1.3072,1.3165,1.3072,1.3129,9433.5
2026-03-08 08:00:00+00:00,1.3129,1.3151,1.3084,1.3151,10818.8
2026-03-08 09:00:00+00:00,1.3151,1.3219,1.3136,1.3213,13377.4
2026-03-08 10:00:00+00:00,1.3213,1.3319,1.3203,1.321,34766.5
2026-03-08 11:00:00+00:00,1.321,1.3212,1.3106,1.3131,18998.7
2026-03-08 12:00:00+00:00,1.3131,1.3179,1.3016,1.3124,22817.0
2026-03-08 13:00:00+00:00,1.3124,1.3149,1.3024,1.3105,40647.0
2026-03-08 14:00:00+00:00,1.3105,1.3137,1.3059,1.3116,10392.6
2026-03-08 15:00:00+00:00,1.3116,1.3116,1.3026,1.305,8590.3
2026-03-08 16:00:00+00:00,1.305,1.306,1.2924,1.2937,39502.9
2026-03-08 17:00:00+00:00,1.2937,1.2991,1.293,1.2947,11603.7
2026-03-08 18:00:00+00:00,1.2947,1.2985,1.2918,1.2953,19180.7
2026-03-08 19:00:00+00:00,1.2953,1.3138,1.2944,1.3091,30393.8
2026-03-08 20:00:00+00:00,1.3091,1.3148,1.3048,1.3051,12899.9
2026-03-08 21:00:00+00:00,1.3051,1.3093,1.2993,1.3075,16838.4
2026-03-08 22:00:00+00:00,1.3075,1.3075,1.2848,1.3031,58818.7
2026-03-08 23:00:00+00:00,1.3031,1.3078,1.2943,1.2955,24332.1
2026-03-09 00:00:00+00:00,1.2955,1.3178,1.2952,1.3058,49357.5
2026-03-09 01:00:00+00:00,1.3058,1.3145,1.3026,1.3055,27464.2
2026-03-09 02:00:00+00:00,1.3055,1.324,1.303,1.3211,28248.2
2026-03-09 03:00:00+00:00,1.3211,1.3387,1.3194,1.3323,86271.1
2026-03-09 04:00:00+00:00,1.3323,1.3376,1.3293,1.3296,23859.5
2026-03-09 05:00:00+00:00,1.3296,1.3544,1.3269,1.3522,51473.3
2026-03-09 06:00:00+00:00,1.3522,1.3544,1.3404,1.342,35040.0
2026-03-09 07:00:00+00:00,1.342,1.3459,1.3326,1.3442,27640.3
2026-03-09 08:00:00+00:00,1.3442,1.3524,1.3439,1.3468,27465.7
2026-03-09 09:00:00+00:00,1.3468,1.3568,1.3441,1.3467,18663.5
2026-03-09 10:00:00+00:00,1.3467,1.3503,1.3434,1.3451,34789.9
2026-03-09 11:00:00+00:00,1.3451,1.3527,1.3413,1.3489,19915.2
2026-03-09 12:00:00+00:00,1.3489,1.361,1.3487,1.3572,43001.5
2026-03-09 13:00:00+00:00,1.3572,1.3754,1.3555,1.3667,31869.0
2026-03-09 14:00:00+00:00,1.3667,1.3722,1.3573,1.3656,78524.3
2026-03-09 15:00:00+00:00,1.3656,1.3778,1.3656,1.375,51032.6
2026-03-09 16:00:00+00:00,1.375,1.396,1.3744,1.3849,105281.0
2026-03-09 17:00:00+00:00,1.3849,1.3861,1.3737,1.3761,60159.6
2026-03-09 18:00:00+00:00,1.3761,1.3802,1.3718,1.3723,26545.4
2026-03-09 19:00:00+00:00,1.3723,1.3888,1.3694,1.3805,49866.9
2026-03-09 20:00:00+00:00,1.3805,1.3818,1.3726,1.3757,23956.0
2026-03-09 21:00:00+00:00,1.3757,1.3823,1.3743,1.3792,18191.9
2026-03-09 22:00:00+00:00,1.3792,1.3797,1.3671,1.3704,33335.3
2026-03-09 23:00:00+00:00,1.3704,1.3719,1.3633,1.3666,29640.5
2026-03-10 00:00:00+00:00,1.3666,1.3782,1.3647,1.3735,28359.6
2026-03-10 01:00:00+00:00,1.3735,1.3756,1.3663,1.372,33472.1
2026-03-10 02:00:00+00:00,1.372,1.3911,1.3669,1.379,49309.7
2026-03-10 03:00:00+00:00,1.379,1.381,1.3703,1.3709,22042.1
2026-03-10 04:00:00+00:00,1.3709,1.387,1.3701,1.3851,24063.6
2026-03-10 05:00:00+00:00,1.3851,1.3892,1.3793,1.3813,15735.7
2026-03-10 06:00:00+00:00,1.3813,1.3851,1.3768,1.3819,22865.1
2026-03-10 07:00:00+00:00,1.3819,1.3918,1.3791,1.3863,28364.6
2026-03-10 08:00:00+00:00,1.3863,1.3952,1.3855,1.387,19392.6
2026-03-10 09:00:00+00:00,1.387,1.3947,1.3854,1.3926,18147.6
2026-03-10 10:00:00+00:00,1.3926,1.3943,1.3854,1.3909,22897.4
2026-03-10 11:00:00+00:00,1.3909,1.3909,1.386,1.3873,27581.6
2026-03-10 12:00:00+00:00,1.3873,1.3901,1.3841,1.386,21736.2
2026-03-10 13:00:00+00:00,1.386,1.3918,1.3751,1.3783,40626.8
2026-03-10 14:00:00+00:00,1.3783,1.3958,1.3696,1.3937,56745.0
2026-03-10 15:00:00+00:00,1.3937,1.3994,1.3859,1.3935,47548.8
2026-03-10 16:00:00+00:00,1.3935,1.4021,1.3864,1.3955,39289.2
2026-03-10 17:00:00+00:00,1.3955,1.3982,1.3809,1.3852,43785.7
2026-03-10 18:00:00+00:00,1.3852,1.3852,1.3657,1.3672,58376.8
2026-03-10 19:00:00+00:00,1.3672,1.3688,1.3581,1.3637,70238.4
2026-03-10 20:00:00+00:00,1.3637,1.3709,1.3623,1.3707,15809.8
2026-03-10 21:00:00+00:00,1.3707,1.3728,1.3593,1.363,15183.2
2026-03-10 22:00:00+00:00,1.363,1.3686,1.361,1.3668,20019.1
2026-03-10 23:00:00+00:00,1.3668,1.37,1.3656,1.367,15670.6
2026-03-11 00:00:00+00:00,1.367,1.3717,1.3631,1.37,24296.9
2026-03-11 01:00:00+00:00,1.37,1.3747,1.3682,1.3715,23703.0
2026-03-11 02:00:00+00:00,1.3715,1.3722,1.3646,1.3698,14615.3
2026-03-11 03:00:00+00:00,1.3698,1.3725,1.3645,1.3655,6970.7
2026-03-11 04:00:00+00:00,1.3655,1.376,1.3631,1.3748,14141.0
2026-03-11 05:00:00+00:00,1.3748,1.3756,1.3582,1.3588,19928.5
2026-03-11 06:00:00+00:00,1.3588,1.3713,1.3588,1.3713,14576.3
2026-03-11 07:00:00+00:00,1.3713,1.3714,1.3621,1.3644,15564.2
2026-03-11 08:00:00+00:00,1.3644,1.3681,1.362,1.3667,16776.7
2026-03-11 09:00:00+00:00,1.3667,1.3675,1.3597,1.3606,12348.4
2026-03-11 10:00:00+00:00,1.3606,1.3694,1.3602,1.3675,11728.9
2026-03-11 11:00:00+00:00,1.3675,1.3675,1.3564,1.3587,54948.7
2026-03-11 12:00:00+00:00,1.3587,1.373,1.3565,1.3654,39752.3
2026-03-11 13:00:00+00:00,1.3654,1.3903,1.3641,1.3784,84208.3
2026-03-11 14:00:00+00:00,1.3784,1.387,1.3753,1.3799,30576.2
2026-03-11 15:00:00+00:00,1.3799,1.381,1.3654,1.374,21107.6
2026-03-11 16:00:00+00:00,1.374,1.381,1.3721,1.377,22442.0
2026-03-11 17:00:00+00:00,1.377,1.3896,1.377,1.3819,18130.9
2026-03-11 18:00:00+00:00,1.3819,1.3881,1.3802,1.3872,25002.2
2026-03-11 19:00:00+00:00,1.3872,1.3881,1.3814,1.384,6987.3
2026-03-11 20:00:00+00:00,1.384,1.3853,1.381,1.3847,3985.2
2026-03-11 21:00:00+00:00,1.3847,1.3868,1.3827,1.3866,12340.3
2026-03-11 22:00:00+00:00,1.3866,1.3947,1.384,1.3861,40008.8
2026-03-11 23:00:00+00:00,1.3861,1.3882,1.3778,1.3815,15040.6
2026-03-12 00:00:00+00:00,1.3815,1.3844,1.3794,1.3825,6320.0
2026-03-12 01:00:00+00:00,1.3825,1.3825,1.3745,1.3746,21656.2
2026-03-12 02:00:00+00:00,1.3746,1.3755,1.3637,1.3648,16914.7
2026-03-12 03:00:00+00:00,1.3648,1.3694,1.3624,1.3658,9279.1
2026-03-12 04:00:00+00:00,1.3658,1.3687,1.3633,1.3652,6087.8
2026-03-12 05:00:00+00:00,1.3652,1.3667,1.3578,1.3646,24340.5
2026-03-12 06:00:00+00:00,1.3646,1.3666,1.3613,1.3657,12633.1
2026-03-12 07:00:00+00:00,1.3657,1.376,1.3657,1.3721,16518.2
2026-03-12 08:00:00+00:00,1.3721,1.3788,1.3709,1.3761,22346.8
2026-03-12 09:00:00+00:00,1.3761,1.3839,1.3717,1.381,15033.4
2026-03-12 10:00:00+00:00,1.381,1.3894,1.3807,1.3884,18062.5
2026-03-12 11:00:00+00:00,1.3884,1.3891,1.382,1.384,13132.1
2026-03-12 12:00:00+00:00,1.384,1.3969,1.3811,1.3923,22628.6
2026-03-12 13:00:00+00:00,1.3923,1.3946,1.382,1.387,44247.1
2026-03-12 14:00:00+00:00,1.387,1.3963,1.3752,1.38,35369.6
2026-03-12 15:00:00+00:00,1.38,1.392,1.3749,1.388,47957.7
2026-03-12 16:00:00+00:00,1.388,1.3941,1.3819,1.3912,17970.7
2026-03-12 17:00:00+00:00,1.3912,1.3952,1.3872,1.3905,21064.1
2026-03-12 18:00:00+00:00,1.3905,1.3924,1.385,1.3862,25703.5
2026-03-12 19:00:00+00:00,1.3862,1.3979,1.3845,1.397,20180.7
2026-03-12 20:00:00+00:00,1.397,1.3974,1.3894,1.3905,23455.5
2026-03-12 21:00:00+00:00,1.3905,1.3959,1.3901,1.395,16549.9
2026-03-12 22:00:00+00:00,1.395,1.396,1.3901,1.3939,16925.9
2026-03-12 23:00:00+00:00,1.3939,1.4013,1.3914,1.3921,29556.5
2026-03-13 00:00:00+00:00,1.3921,1.4166,1.3891,1.4037,82626.1
2026-03-13 01:00:00+00:00,1.4037,1.4089,1.401,1.4084,38436.2
2026-03-13 02:00:00+00:00,1.4084,1.4119,1.4036,1.4061,15136.1
2026-03-13 03:00:00+00:00,1.4061,1.4119,1.4011,1.4105,39486.4
2026-03-13 04:00:00+00:00,1.4105,1.4108,1.4021,1.405,18412.8
2026-03-13 05:00:00+00:00,1.405,1.4085,1.4015,1.4053,11731.0
2026-03-13 06:00:00+00:00,1.4053,1.4061,1.4002,1.4049,10233.8
2026-03-13 07:00:00+00:00,1.4049,1.4084,1.4023,1.404,20936.4
2026-03-13 08:00:00+00:00,1.404,1.4145,1.4018,1.4089,15340.3
2026-03-13 09:00:00+00:00,1.4089,1.4181,1.407,1.4154,37036.6
2026-03-13 10:00:00+00:00,1.4154,1.4215,1.4151,1.4189,38125.9
2026-03-13 11:00:00+00:00,1.4189,1.42,1.4162,1.4177,4519.8
2026-03-13 12:00:00+00:00,1.4177,1.4319,1.4174,1.4286,56195.9
2026-03-13 13:00:00+00:00,1.4286,1.4481,1.4286,1.4441,100444.4
2026-03-13 14:00:00+00:00,1.4441,1.4523,1.4281,1.4296,145490.0
2026-03-13 15:00:00+00:00,1.4296,1.4411,1.4188,1.4228,141133.9
2026-03-13 16:00:00+00:00,1.4228,1.4268,1.4092,1.424,99282.0
2026-03-13 17:00:00+00:00,1.424,1.4264,1.4039,1.4078,62575.7
2026-03-13 18:00:00+00:00,1.4078,1.4154,1.4023,1.4105,32472.8
2026-03-13 19:00:00+00:00,1.4105,1.4137,1.4063,1.412,11147.7
2026-03-13 20:00:00+00:00,1.412,1.4171,1.4116,1.4135,13119.1
2026-03-13 21:00:00+00:00,1.4135,1.4181,1.4103,1.4125,15582.8
2026-03-13 22:00:00+00:00,1.4125,1.4127,1.4007,1.4061,22911.9
2026-03-13 23:00:00+00:00,1.4061,1.4103,1.4044,1.4095,7895.3
2026-03-14 00:00:00+00:00,1.4095,1.4095,1.399,1.401,14240.7
2026-03-14 01:00:00+00:00,1.401,1.4077,1.3973,1.4069,17992.7
2026-03-14 02:00:00+00:00,1.4069,1.4088,1.404,1.4083,5230.6
2026-03-14 03:00:00+00:00,1.4083,1.414,1.4079,1.4112,14543.2
2026-03-14 04:00:00+00:00,1.4112,1.4143,1.4062,1.4062,7790.1
2026-03-14 05:00:00+00:00,1.4062,1.4064,1.4015,1.4037,8665.9
2026-03-14 06:00:00+00:00,1.4037,1.4038,1.3853,1.3968,42755.3
2026-03-14 07:00:00+00:00,1.3968,1.3996,1.3942,1.3952,17905.4
2026-03-14 08:00:00+00:00,1.3952,1.3976,1.393,1.3936,12942.8
2026-03-14 09:00:00+00:00,1.3936,1.398,1.3896,1.3912,11504.0
2026-03-14 10:00:00+00:00,1.3912,1.3923,1.3832,1.3889,20188.6
2026-03-14 11:00:00+00:00,1.3889,1.3959,1.3881,1.3949,16874.2
2026-03-14 12:00:00+00:00,1.3949,1.397,1.3924,1.397,15953.6
2026-03-14 13:00:00+00:00,1.397,1.3986,1.3946,1.3963,10471.2
2026-03-14 14:00:00+00:00,1.3963,1.3977,1.3908,1.3913,7784.0
2026-03-14 15:00:00+00:00,1.3913,1.394,1.3893,1.3933,11599.0
2026-03-14 16:00:00+00:00,1.3933,1.3982,1.391,1.3973,8456.3
2026-03-14 17:00:00+00:00,1.3973,1.3986,1.394,1.3952,9733.7
2026-03-14 18:00:00+00:00,1.3952,1.3986,1.3933,1.3976,10908.6
2026-03-14 19:00:00+00:00,1.3976,1.3991,1.396,1.3964,13299.2
2026-03-14 20:00:00+00:00,1.3964,1.4015,1.3944,1.3998,20157.9
2026-03-14 21:00:00+00:00,1.3998,1.4017,1.397,1.4011,16050.0
2026-03-14 22:00:00+00:00,1.4011,1.4024,1.3985,1.3997,9701.2
2026-03-14 23:00:00+00:00,1.3997,1.4116,1.399,1.4106,43832.7
2026-03-15 00:00:00+00:00,1.4106,1.414,1.4035,1.4046,15753.7
2026-03-15 01:00:00+00:00,1.4046,1.4068,1.4028,1.406,5562.1
2026-03-15 02:00:00+00:00,1.406,1.4181,1.406,1.4153,17854.2
2026-03-15 03:00:00+00:00,1.4153,1.4181,1.4098,1.4126,11077.2
2026-03-15 04:00:00+00:00,1.4126,1.4181,1.4126,1.4154,6553.6
2026-03-15 05:00:00+00:00,1.4154,1.4205,1.4138,1.4154,13756.7
2026-03-15 06:00:00+00:00,1.4154,1.4179,1.4134,1.4164,5547.1
2026-03-15 07:00:00+00:00,1.4164,1.4176,1.4137,1.417,5954.6
2026-03-15 08:00:00+00:00,1.417,1.4245,1.4164,1.4241,13534.9
2026-03-15 09:00:00+00:00,1.4241,1.4325,1.4241,1.4262,37117.0
2026-03-15 10:00:00+00:00,1.4262,1.4319,1.4257,1.429,17849.5
2026-03-15 11:00:00+00:00,1.429,1.429,1.377,1.3784,141211.7
2026-03-15 12:00:00+00:00,1.3784,1.3791,1.2471,1.3584,2971202.0
2026-03-15 13:00:00+00:00,1.3584,1.4797,1.3543,1.458,2179947.7
2026-03-15 14:00:00+00:00,1.458,1.469,1.4485,1.4567,455008.6
2026-03-15 15:00:00+00:00,1.4567,1.4722,1.455,1.4627,136170.9
2026-03-15 16:00:00+00:00,1.4627,1.4708,1.4551,1.4661,76804.8
2026-03-15 17:00:00+00:00,1.4661,1.4876,1.4632,1.4825,130326.1
2026-03-15 18:00:00+00:00,1.4825,1.4917,1.4698,1.4712,142041.6
2026-03-15 19:00:00+00:00,1.4712,1.4794,1.4694,1.473,61352.2
2026-03-15 20:00:00+00:00,1.473,1.4876,1.4684,1.4863,80513.9
2026-03-15 21:00:00+00:00,1.4863,1.508,1.4843,1.5018,263902.1
2026-03-15 22:00:00+00:00,1.5018,1.5268,1.4898,1.5188,146336.0
2026-03-15 23:00:00+00:00,1.5188,1.5315,1.5108,1.5157,121002.7
2026-03-16 00:00:00+00:00,1.5157,1.5236,1.4986,1.4997,83867.4
2026-03-16 01:00:00+00:00,1.4997,1.516,1.4937,1.5138,44218.2
2026-03-16 02:00:00+00:00,1.5138,1.518,1.5031,1.5063,40132.2
2026-03-16 03:00:00+00:00,1.5063,1.5344,1.5022,1.5196,96520.8
2026-03-16 04:00:00+00:00,1.5196,1.5345,1.5189,1.5278,118906.9
2026-03-16 05:00:00+00:00,1.5278,1.5449,1.5253,1.5406,74735.5
2026-03-16 06:00:00+00:00,1.5406,1.5406,1.5144,1.5144,93382.8
2026-03-16 07:00:00+00:00,1.5144,1.5208,1.5123,1.5133,59729.1
2026-03-16 08:00:00+00:00,1.5133,1.5207,1.5037,1.5116,99612.1
2026-03-16 09:00:00+00:00,1.5116,1.5146,1.5066,1.5099,48687.6
2026-03-16 10:00:00+00:00,1.5099,1.5157,1.5033,1.5155,36776.4
2026-03-16 11:00:00+00:00,1.5155,1.5176,1.5094,1.5111,31466.9
2026-03-16 12:00:00+00:00,1.5111,1.5348,1.4956,1.5031,400167.4
2026-03-16 13:00:00+00:00,1.5031,1.5176,1.5007,1.5081,110777.2
2026-03-16 14:00:00+00:00,1.5081,1.5148,1.4852,1.5,162470.5
2026-03-16 15:00:00+00:00,1.5,1.504,1.4893,1.4907,101694.9
2026-03-16 16:00:00+00:00,1.4907,1.4984,1.4877,1.495,103412.4
2026-03-16 17:00:00+00:00,1.495,1.5013,1.4937,1.501,38020.7
2026-03-16 18:00:00+00:00,1.501,1.5094,1.4958,1.4985,58340.3
2026-03-16 19:00:00+00:00,1.4985,1.5102,1.4948,1.5072,53882.7
2026-03-16 20:00:00+00:00,1.5072,1.5078,1.4984,1.5035,16994.1
2026-03-16 21:00:00+00:00,1.5035,1.5225,1.5026,1.5144,96488.6
2026-03-16 22:00:00+00:00,1.5144,1.5249,1.513,1.5133,46499.4
2026-03-16 23:00:00+00:00,1.5133,1.5184,1.5042,1.5168,49922.4
2026-03-17 00:00:00+00:00,1.5168,1.5245,1.5094,1.5218,84055.2
2026-03-17 01:00:00+00:00,1.5218,1.5289,1.5165,1.5234,93359.4
2026-03-17 02:00:00+00:00,1.5234,1.5239,1.5108,1.5159,57853.1
2026-03-17 03:00:00+00:00,1.5159,1.5172,1.4984,1.5053,82642.6
2026-03-17 04:00:00+00:00,1.5053,1.5098,1.4922,1.5022,83691.3
2026-03-17 05:00:00+00:00,1.5022,1.5089,1.496,1.4998,54312.7
2026-03-17 06:00:00+00:00,1.4998,1.5061,1.495,1.5002,24633.0
2026-03-17 07:00:00+00:00,1.5002,1.506,1.4981,1.4999,22060.7
2026-03-17 08:00:00+00:00,1.4999,1.5034,1.4926,1.4947,53687.4
2026-03-17 09:00:00+00:00,1.4947,1.4979,1.4754,1.4784,111454.8
2026-03-17 10:00:00+00:00,1.4784,1.4861,1.4741,1.4773,76527.3
2026-03-17 11:00:00+00:00,1.4773,1.4825,1.4756,1.4803,97544.7
2026-03-17 12:00:00+00:00,1.4803,1.4907,1.476,1.4801,100045.4
2026-03-17 13:00:00+00:00,1.4801,1.4864,1.472,1.4787,80313.5
2026-03-17 14:00:00+00:00,1.4787,1.487,1.4753,1.4861,42425.8
2026-03-17 15:00:00+00:00,1.4861,1.4971,1.4771,1.4836,162196.3
2026-03-17 16:00:00+00:00,1.4836,1.4937,1.4833,1.4889,105124.7
2026-03-17 17:00:00+00:00,1.4889,1.4949,1.4845,1.4948,26635.3
2026-03-17 18:00:00+00:00,1.4948,1.4963,1.4911,1.4928,39409.8
2026-03-17 19:00:00+00:00,1.4928,1.4947,1.4867,1.4879,35734.1
2026-03-17 20:00:00+00:00,1.4879,1.4923,1.486,1.4904,25241.0
2026-03-17 21:00:00+00:00,1.4904,1.5009,1.4897,1.4983,55395.8
2026-03-17 22:00:00+00:00,1.4983,1.4986,1.4824,1.4885,34639.8
2026-03-17 23:00:00+00:00,1.4885,1.4893,1.4799,1.4807,21808.4
2026-03-18 00:00:00+00:00,1.4807,1.4826,1.4748,1.4811,31241.1
2026-03-18 01:00:00+00:00,1.4811,1.4864,1.4794,1.4837,26736.9
2026-03-18 02:00:00+00:00,1.4837,1.4921,1.4834,1.488,18405.5
2026-03-18 03:00:00+00:00,1.488,1.4981,1.4873,1.4899,49020.8
2026-03-18 04:00:00+00:00,1.4899,1.4899,1.4817,1.4847,23687.3
2026-03-18 05:00:00+00:00,1.4847,1.4896,1.4802,1.4826,26560.3
2026-03-18 06:00:00+00:00,1.4826,1.4928,1.4826,1.4873,32485.3
2026-03-18 07:00:00+00:00,1.4873,1.491,1.4829,1.49,18288.9
2026-03-18 08:00:00+00:00,1.49,1.4913,1.488,1.4885,12008.1
2026-03-18 09:00:00+00:00,1.4885,1.4965,1.4881,1.4913,19724.5
2026-03-18 10:00:00+00:00,1.4913,1.4924,1.4809,1.484,21004.1
2026-03-18 11:00:00+00:00,1.484,1.4867,1.4645,1.471,131816.6
2026-03-18 12:00:00+00:00,1.471,1.471,1.4505,1.4555,105198.3
2026-03-18 13:00:00+00:00,1.4555,1.4581,1.44,1.449,88694.7
2026-03-18 14:00:00+00:00,1.449,1.4494,1.4292,1.4301,90540.8
2026-03-18 15:00:00+00:00,1.4301,1.438,1.4252,1.4345,68101.9
2026-03-18 16:00:00+00:00,1.4345,1.4356,1.4259,1.4313,32188.4
2026-03-18 17:00:00+00:00,1.4313,1.4422,1.4273,1.437,29624.9
2026-03-18 18:00:00+00:00,1.437,1.4455,1.4271,1.4302,29719.9
2026-03-18 19:00:00+00:00,1.4302,1.4388,1.43,1.4316,17282.4
2026-03-18 20:00:00+00:00,1.4316,1.4416,1.4226,1.4376,28039.4
2026-03-18 21:00:00+00:00,1.4376,1.4438,1.4366,1.4421,14653.3
2026-03-18 22:00:00+00:00,1.4421,1.4423,1.437,1.4413,14054.4
2026-03-18 23:00:00+00:00,1.4413,1.4457,1.4391,1.443,25743.7
2026-03-19 00:00:00+00:00,1.443,1.443,1.434,1.4353,22643.5
2026-03-19 01:00:00+00:00,1.4353,1.4374,1.4332,1.4333,13869.9
2026-03-19 02:00:00+00:00,1.4333,1.436,1.4279,1.4298,18644.0
2026-03-19 03:00:00+00:00,1.4298,1.4463,1.4298,1.4357,30817.1
2026-03-19 04:00:00+00:00,1.4357,1.4357,1.4264,1.4284,21384.9
2026-03-19 05:00:00+00:00,1.4284,1.4312,1.4257,1.4274,17798.1
2026-03-19 06:00:00+00:00,1.4274,1.4327,1.4239,1.425,50952.3
2026-03-19 07:00:00+00:00,1.425,1.4259,1.4057,1.4179,75490.9
2026-03-19 08:00:00+00:00,1.4179,1.4212,1.4149,1.4159,23165.0
2026-03-19 09:00:00+00:00,1.4159,1.4291,1.4153,1.4282,39481.2
2026-03-19 10:00:00+00:00,1.4282,1.4288,1.4178,1.4183,12348.0
2026-03-19 11:00:00+00:00,1.4183,1.42,1.4144,1.4147,13855.8
2026-03-19 12:00:00+00:00,1.4147,1.4147,1.4031,1.4032,31512.0
2026-03-19 13:00:00+00:00,1.4032,1.4145,1.3979,1.4127,57767.1
2026-03-19 14:00:00+00:00,1.4127,1.4167,1.3996,1.4051,21854.3
2026-03-19 15:00:00+00:00,1.4051,1.4118,1.3973,1.407,28508.1
2026-03-19 16:00:00+00:00,1.407,1.4071,1.4006,1.4027,15371.6
2026-03-19 17:00:00+00:00,1.4027,1.4111,1.3979,1.4098,12437.8
2026-03-19 18:00:00+00:00,1.4098,1.4102,1.4029,1.4071,7578.5
2026-03-19 19:00:00+00:00,1.4071,1.4186,1.4068,1.4131,40084.8
2026-03-19 20:00:00+00:00,1.4131,1.4189,1.4124,1.4169,23254.8
2026-03-19 21:00:00+00:00,1.4169,1.4213,1.4169,1.4189,10430.3
2026-03-19 22:00:00+00:00,1.4189,1.4189,1.4097,1.4134,12569.8
2026-03-19 23:00:00+00:00,1.4134,1.4172,1.4081,1.4119,11358.3
2026-03-20 00:00:00+00:00,1.4119,1.4191,1.4108,1.4173,10307.4
2026-03-20 01:00:00+00:00,1.4173,1.4258,1.4173,1.4222,12896.0
2026-03-20 02:00:00+00:00,1.4222,1.4231,1.4133,1.4208,20305.5
2026-03-20 03:00:00+00:00,1.4208,1.4304,1.4206,1.4255,38545.7
2026-03-20 04:00:00+00:00,1.4255,1.4282,1.4179,1.425,9506.9
2026-03-20 05:00:00+00:00,1.425,1.4274,1.4215,1.4244,6283.7
2026-03-20 06:00:00+00:00,1.4244,1.4244,1.4202,1.4214,7273.5
2026-03-20 07:00:00+00:00,1.4214,1.4274,1.4148,1.4268,11438.3
2026-03-20 08:00:00+00:00,1.4268,1.4336,1.4241,1.4304,27154.0
2026-03-20 09:00:00+00:00,1.4304,1.4306,1.4201,1.4219,16866.2
2026-03-20 10:00:00+00:00,1.4219,1.4274,1.4186,1.4256,6839.0
2026-03-20 11:00:00+00:00,1.4256,1.4294,1.4183,1.4223,13834.8
2026-03-20 12:00:00+00:00,1.4223,1.4263,1.4182,1.4192,13365.2
2026-03-20 13:00:00+00:00,1.4192,1.4239,1.4119,1.4136,17885.7
2026-03-20 14:00:00+00:00,1.4136,1.4231,1.4095,1.4143,32087.0
2026-03-20 15:00:00+00:00,1.4143,1.4195,1.4111,1.4176,13733.4
2026-03-20 16:00:00+00:00,1.4176,1.4208,1.4144,1.4176,8742.2
2026-03-20 17:00:00+00:00,1.4176,1.4189,1.4081,1.4178,15906.5
2026-03-20 18:00:00+00:00,1.4178,1.4189,1.406,1.4105,23589.5
2026-03-20 19:00:00+00:00,1.4105,1.4139,1.398,1.4062,99906.6
2026-03-20 20:00:00+00:00,1.4062,1.408,1.389,1.3976,44439.4
2026-03-20 21:00:00+00:00,1.3976,1.4098,1.3971,1.3997,35655.7
2026-03-20 22:00:00+00:00,1.3997,1.4067,1.3986,1.4028,24765.4
2026-03-20 23:00:00+00:00,1.4028,1.4028,1.3938,1.3981,7441.0
2026-03-21 00:00:00+00:00,1.3981,1.4003,1.3911,1.3913,29960.7
2026-03-21 01:00:00+00:00,1.3913,1.3938,1.3856,1.3857,30864.9
2026-03-21 02:00:00+00:00,1.3857,1.3882,1.3841,1.3876,20665.7
2026-03-21 03:00:00+00:00,1.3876,1.3895,1.3854,1.3862,16155.1
2026-03-21 04:00:00+00:00,1.3862,1.3892,1.384,1.3861,29178.4
2026-03-21 05:00:00+00:00,1.3861,1.3937,1.3853,1.3913,21010.5
2026-03-21 06:00:00+00:00,1.3913,1.3934,1.3878,1.3889,6608.7
2026-03-21 07:00:00+00:00,1.3889,1.3935,1.3873,1.3889,6614.3
2026-03-21 08:00:00+00:00,1.3889,1.3916,1.3859,1.3867,4293.6
2026-03-21 09:00:00+00:00,1.3867,1.3938,1.3862,1.3905,22566.0
2026-03-21 10:00:00+00:00,1.3905,1.3905,1.3826,1.3835,10381.1
2026-03-21 11:00:00+00:00,1.3835,1.3838,1.3777,1.381,21020.7
2026-03-21 12:00:00+00:00,1.381,1.387,1.3791,1.3802,10043.5
2026-03-21 13:00:00+00:00,1.3802,1.3802,1.3734,1.375,14040.1
2026-03-21 14:00:00+00:00,1.375,1.3826,1.3684,1.3691,28244.8
2026-03-21 15:00:00+00:00,1.3691,1.3773,1.3683,1.3771,16948.3
2026-03-21 16:00:00+00:00,1.3771,1.3786,1.368,1.3692,21773.2
2026-03-21 17:00:00+00:00,1.3692,1.3708,1.3675,1.3696,7062.0
2026-03-21 18:00:00+00:00,1.3696,1.3769,1.3692,1.3742,22903.6
2026-03-21 19:00:00+00:00,1.3742,1.376,1.3718,1.3718,23879.4
2026-03-21 20:00:00+00:00,1.3718,1.3734,1.3694,1.3727,9209.7
2026-03-21 21:00:00+00:00,1.3727,1.3767,1.372,1.3725,8400.0
2026-03-21 22:00:00+00:00,1.3725,1.3743,1.3704,1.3742,3794.0
2026-03-21 23:00:00+00:00,1.3742,1.3742,1.3512,1.3567,61884.6
2026-03-22 00:00:00+00:00,1.3567,1.3648,1.3415,1.3607,91643.3
2026-03-22 01:00:00+00:00,1.3607,1.3661,1.3591,1.3644,23225.9
2026-03-22 02:00:00+00:00,1.3644,1.3736,1.3632,1.372,14636.2
2026-03-22 03:00:00+00:00,1.372,1.376,1.3655,1.3679,16530.7
2026-03-22 04:00:00+00:00,1.3679,1.3735,1.3657,1.3711,18681.1
2026-03-22 05:00:00+00:00,1.3711,1.3711,1.3663,1.3672,8989.0
2026-03-22 06:00:00+00:00,1.3672,1.3705,1.3648,1.369,8540.9
2026-03-22 07:00:00+00:00,1.369,1.3715,1.3631,1.3638,16324.4
2026-03-22 08:00:00+00:00,1.3638,1.3649,1.3581,1.3635,15249.6
2026-03-22 09:00:00+00:00,1.3635,1.3671,1.3613,1.3647,6396.8
2026-03-22 10:00:00+00:00,1.3647,1.3647,1.3565,1.3566,8351.5
2026-03-22 11:00:00+00:00,1.3566,1.3592,1.3529,1.354,30385.0
2026-03-22 12:00:00+00:00,1.354,1.3614,1.354,1.3603,14639.1
2026-03-22 13:00:00+00:00,1.3603,1.3638,1.3565,1.3594,10300.4
2026-03-22 14:00:00+00:00,1.3594,1.3625,1.3555,1.3579,3392.9
2026-03-22 15:00:00+00:00,1.3579,1.3638,1.3568,1.3592,15045.8
2026-03-22 16:00:00+00:00,1.3592,1.3718,1.3555,1.37,47922.3
2026-03-22 17:00:00+00:00,1.37,1.3801,1.368,1.3747,91732.7
2026-03-22 18:00:00+00:00,1.3747,1.381,1.3702,1.3765,31296.9
2026-03-22 19:00:00+00:00,1.3765,1.3866,1.3701,1.3828,93188.3
2026-03-22 20:00:00+00:00,1.3828,1.3975,1.3817,1.39,106686.6
2026-03-22 21:00:00+00:00,1.39,1.3935,1.3663,1.3708,83230.3
2026-03-22 22:00:00+00:00,1.3708,1.3873,1.3663,1.384,27198.5
2026-03-22 23:00:00+00:00,1.384,1.3891,1.3712,1.3727,52397.4
2026-03-23 00:00:00+00:00,1.3727,1.3816,1.3655,1.3706,48573.5
2026-03-23 01:00:00+00:00,1.3706,1.3797,1.3671,1.3734,17775.2
2026-03-23 02:00:00+00:00,1.3734,1.3831,1.3724,1.3793,22958.9
2026-03-23 03:00:00+00:00,1.3793,1.3843,1.3647,1.3682,56096.9
2026-03-23 04:00:00+00:00,1.3682,1.371,1.3651,1.3688,52337.2
2026-03-23 05:00:00+00:00,1.3688,1.3736,1.3671,1.3728,35723.3
2026-03-23 06:00:00+00:00,1.3728,1.3729,1.3482,1.3579,71828.7
2026-03-23 07:00:00+00:00,1.3579,1.3615,1.3486,1.3585,41470.7
2026-03-23 08:00:00+00:00,1.3585,1.363,1.3531,1.3565,23322.0
2026-03-23 09:00:00+00:00,1.3565,1.3587,1.3491,1.3579,25100.2
2026-03-23 10:00:00+00:00,1.3579,1.3651,1.3561,1.3622,28021.3
2026-03-23 11:00:00+00:00,1.3622,1.4207,1.3603,1.3945,499287.4
2026-03-23 12:00:00+00:00,1.3945,1.4092,1.3852,1.4079,112597.2
2026-03-23 13:00:00+00:00,1.4079,1.4209,1.4042,1.4181,39867.8
2026-03-23 14:00:00+00:00,1.4181,1.421,1.4107,1.416,28437.0
2026-03-23 15:00:00+00:00,1.416,1.4204,1.3955,1.3965,51729.8
2026-03-23 16:00:00+00:00,1.3965,1.4036,1.3944,1.3995,43446.0
2026-03-23 17:00:00+00:00,1.3995,1.4055,1.3941,1.4045,31483.8
2026-03-23 18:00:00+00:00,1.4045,1.4117,1.4006,1.4104,34538.9
2026-03-23 19:00:00+00:00,1.4104,1.4138,1.4037,1.4054,14130.1
2026-03-23 20:00:00+00:00,1.4054,1.4122,1.4028,1.41,18326.5
2026-03-23 21:00:00+00:00,1.41,1.4131,1.4086,1.4098,32472.7
2026-03-23 22:00:00+00:00,1.4098,1.4109,1.403,1.406,15722.6
2026-03-23 23:00:00+00:00,1.406,1.4098,1.4,1.4074,17623.5
2026-03-24 00:00:00+00:00,1.4074,1.4092,1.3965,1.4014,43087.8
2026-03-24 01:00:00+00:00,1.4014,1.4036,1.3938,1.3983,26807.0
2026-03-24 02:00:00+00:00,1.3983,1.406,1.3974,1.4022,37068.9
2026-03-24 03:00:00+00:00,1.4022,1.4059,1.401,1.4046,9943.4
2026-03-24 04:00:00+00:00,1.4046,1.407,1.3973,1.3997,15496.9
2026-03-24 05:00:00+00:00,1.3997,1.4014,1.3954,1.4005,12104.8
2026-03-24 06:00:00+00:00,1.4005,1.4081,1.3997,1.4071,20468.1
2026-03-24 07:00:00+00:00,1.4071,1.4197,1.4063,1.4183,40380.3
2026-03-24 08:00:00+00:00,1.4183,1.4196,1.4137,1.4154,55406.0
2026-03-24 09:00:00+00:00,1.4154,1.4186,1.4113,1.4175,42822.8
2026-03-24 10:00:00+00:00,1.4175,1.4175,1.4139,1.4163,23495.8
2026-03-24 11:00:00+00:00,1.4163,1.4213,1.4106,1.419,19186.3
2026-03-24 12:00:00+00:00,1.419,1.4204,1.4135,1.4172,13727.1
2026-03-24 13:00:00+00:00,1.4172,1.4176,1.4,1.4025,29814.4
2026-03-24 14:00:00+00:00,1.4025,1.41,1.397,1.4036,23913.8
2026-03-24 15:00:00+00:00,1.4036,1.4101,1.4021,1.4041,19529.5
2026-03-24 16:00:00+00:00,1.4041,1.4082,1.3985,1.4011,15114.8
2026-03-24 17:00:00+00:00,1.4011,1.4029,1.3925,1.3984,11786.8
2026-03-24 18:00:00+00:00,1.3984,1.4062,1.3974,1.4002,6640.4
2026-03-24 19:00:00+00:00,1.4002,1.4019,1.3973,1.3998,10671.9
2026-03-24 20:00:00+00:00,1.3998,1.4127,1.3994,1.4101,8591.3
2026-03-24 21:00:00+00:00,1.4101,1.4136,1.4058,1.4136,10869.6
2026-03-24 22:00:00+00:00,1.4136,1.4165,1.4064,1.4084,12476.5
2026-03-24 23:00:00+00:00,1.4084,1.4147,1.4072,1.4127,12957.0
2026-03-25 00:00:00+00:00,1.4127,1.4193,1.4087,1.4178,8784.7
2026-03-25 01:00:00+00:00,1.4178,1.4193,1.4112,1.4122,8581.1
2026-03-25 02:00:00+00:00,1.4122,1.4145,1.4102,1.4136,4466.5
2026-03-25 03:00:00+00:00,1.4136,1.4219,1.411,1.4197,7085.3
2026-03-25 04:00:00+00:00,1.4197,1.4292,1.4189,1.4279,80389.6
2026-03-25 05:00:00+00:00,1.4279,1.4343,1.4265,1.4294,14301.7
2026-03-25 06:00:00+00:00,1.4294,1.4323,1.4258,1.4262,16313.6
2026-03-25 07:00:00+00:00,1.4262,1.4322,1.4257,1.4281,20689.7
2026-03-25 08:00:00+00:00,1.4281,1.4365,1.4255,1.4313,45687.4
2026-03-25 09:00:00+00:00,1.4313,1.4358,1.429,1.4358,46976.5
2026-03-25 10:00:00+00:00,1.4358,1.4373,1.4328,1.4344,43547.0
2026-03-25 11:00:00+00:00,1.4344,1.4437,1.4342,1.4385,35094.9
2026-03-25 12:00:00+00:00,1.4385,1.4448,1.4282,1.4359,105078.2
2026-03-25 13:00:00+00:00,1.4359,1.4424,1.4344,1.4375,19106.2
2026-03-25 14:00:00+00:00,1.4375,1.4375,1.4311,1.4325,15339.4
2026-03-25 15:00:00+00:00,1.4325,1.434,1.4231,1.4301,15030.1
2026-03-25 16:00:00+00:00,1.4301,1.4448,1.4262,1.4383,52935.1
2026-03-25 17:00:00+00:00,1.4383,1.4408,1.4341,1.4365,11248.5
2026-03-25 18:00:00+00:00,1.4365,1.437,1.4309,1.4327,9267.9
2026-03-25 19:00:00+00:00,1.4327,1.4373,1.4325,1.4348,3700.8
2026-03-25 20:00:00+00:00,1.4348,1.4436,1.4324,1.4419,50275.5
2026-03-25 21:00:00+00:00,1.4419,1.4448,1.4392,1.443,62595.8
2026-03-25 22:00:00+00:00,1.443,1.45,1.4385,1.4455,55132.0
2026-03-25 23:00:00+00:00,1.4455,1.4491,1.4406,1.4433,47698.8
2026-03-26 00:00:00+00:00,1.4433,1.4468,1.4386,1.442,44374.3
2026-03-26 01:00:00+00:00,1.442,1.451,1.4414,1.4479,36897.1
2026-03-26 02:00:00+00:00,1.4479,1.448,1.4344,1.4388,40872.2
2026-03-26 03:00:00+00:00,1.4388,1.4389,1.4285,1.4357,89949.0
2026-03-26 04:00:00+00:00,1.4357,1.4381,1.4285,1.435,25972.6
2026-03-26 05:00:00+00:00,1.435,1.435,1.4192,1.4212,43107.0
2026-03-26 06:00:00+00:00,1.4212,1.4253,1.4177,1.4197,29601.6
2026-03-26 07:00:00+00:00,1.4197,1.4241,1.414,1.4218,32917.7
2026-03-26 08:00:00+00:00,1.4218,1.4225,1.4147,1.4186,32311.2
2026-03-26 09:00:00+00:00,1.4186,1.4223,1.4039,1.4094,74381.4
2026-03-26 10:00:00+00:00,1.4094,1.4101,1.4036,1.4063,34205.0
2026-03-26 11:00:00+00:00,1.4063,1.4088,1.4014,1.4018,26108.5
2026-03-26 12:00:00+00:00,1.4018,1.4069,1.3986,1.404,23411.0
2026-03-26 13:00:00+00:00,1.404,1.4129,1.4027,1.4092,15073.9
2026-03-26 14:00:00+00:00,1.4092,1.4142,1.404,1.4074,85927.4
2026-03-26 15:00:00+00:00,1.4074,1.4084,1.3965,1.4044,25075.0
2026-03-26 16:00:00+00:00,1.4044,1.4062,1.3997,1.4032,12098.9
2026-03-26 17:00:00+00:00,1.4032,1.4055,1.3945,1.3964,6779.5
2026-03-26 18:00:00+00:00,1.3964,1.3997,1.3916,1.3974,45043.3
2026-03-26 19:00:00+00:00,1.3974,1.3997,1.3923,1.3968,12794.2
2026-03-26 20:00:00+00:00,1.3968,1.4164,1.3949,1.4084,67565.8
2026-03-26 21:00:00+00:00,1.4084,1.418,1.4061,1.414,16302.3
2026-03-26 22:00:00+00:00,1.414,1.4191,1.4085,1.4119,22950.8
2026-03-26 23:00:00+00:00,1.4119,1.4174,1.408,1.4104,4778.9
2026-03-27 00:00:00+00:00,1.4104,1.4145,1.4078,1.4138,5597.1
2026-03-27 01:00:00+00:00,1.4138,1.4204,1.4138,1.42,10874.8
2026-03-27 02:00:00+00:00,1.42,1.4228,1.4148,1.4161,11548.0
2026-03-27 03:00:00+00:00,1.4161,1.4167,1.4109,1.412,6607.4
2026-03-27 04:00:00+00:00,1.412,1.4125,1.4043,1.4105,45997.8
2026-03-27 05:00:00+00:00,1.4105,1.4155,1.4072,1.4099,11988.6
2026-03-27 06:00:00+00:00,1.4099,1.4115,1.4081,1.4108,5460.5
2026-03-27 07:00:00+00:00,1.4108,1.4168,1.4087,1.4114,75264.0
2026-03-27 08:00:00+00:00,1.4114,1.4135,1.3902,1.3993,49710.7
2026-03-27 09:00:00+00:00,1.3993,1.3995,1.39,1.391,16069.0
2026-03-27 10:00:00+00:00,1.391,1.3911,1.3612,1.3632,72357.2
2026-03-27 11:00:00+00:00,1.3632,1.3637,1.346,1.3571,54647.6
2026-03-27 12:00:00+00:00,1.3571,1.3573,1.3508,1.355,62001.9
2026-03-27 13:00:00+00:00,1.355,1.3617,1.3474,1.3491,32322.2
2026-03-27 14:00:00+00:00,1.3491,1.3568,1.3466,1.3564,8559.9
2026-03-27 15:00:00+00:00,1.3564,1.3704,1.3558,1.3605,36314.6
2026-03-27 16:00:00+00:00,1.3605,1.3613,1.3534,1.3568,18878.2
2026-03-27 17:00:00+00:00,1.3568,1.3637,1.3521,1.353,13899.9
2026-03-27 18:00:00+00:00,1.353,1.3601,1.3512,1.3601,15315.8
2026-03-27 19:00:00+00:00,1.3601,1.3619,1.3542,1.3605,10397.8
2026-03-27 20:00:00+00:00,1.3605,1.3632,1.3541,1.3613,45837.6
2026-03-27 21:00:00+00:00,1.3613,1.3639,1.3569,1.3575,14305.1
2026-03-27 22:00:00+00:00,1.3575,1.3616,1.3562,1.361,3470.9
2026-03-27 23:00:00+00:00,1.361,1.3652,1.3587,1.3639,10274.8
2026-03-28 00:00:00+00:00,1.3639,1.3677,1.3627,1.365,14298.9
2026-03-28 01:00:00+00:00,1.365,1.365,1.3571,1.3613,7279.6
2026-03-28 02:00:00+00:00,1.3613,1.3647,1.3575,1.359,4410.2
2026-03-28 03:00:00+00:00,1.359,1.3639,1.3586,1.3626,2257.0
2026-03-28 04:00:00+00:00,1.3626,1.3665,1.3607,1.362,7668.8
2026-03-28 05:00:00+00:00,1.362,1.366,1.3602,1.366,4165.4
2026-03-28 06:00:00+00:00,1.366,1.3721,1.365,1.3694,52930.6
2026-03-28 07:00:00+00:00,1.3694,1.3732,1.3692,1.3732,8906.2
2026-03-28 08:00:00+00:00,1.3732,1.3747,1.3678,1.3678,11461.9
2026-03-28 09:00:00+00:00,1.3678,1.3696,1.3662,1.3678,5402.0
2026-03-28 10:00:00+00:00,1.3678,1.3721,1.3646,1.3674,5407.1
2026-03-28 11:00:00+00:00,1.3674,1.3709,1.3671,1.3693,4805.2
2026-03-28 12:00:00+00:00,1.3693,1.374,1.368,1.3704,11101.8
2026-03-28 13:00:00+00:00,1.3704,1.3893,1.3697,1.3833,38800.5
2026-03-28 14:00:00+00:00,1.3833,1.3871,1.3811,1.384,28727.5
2026-03-28 15:00:00+00:00,1.384,1.3931,1.3833,1.3845,39818.5
2026-03-28 16:00:00+00:00,1.3845,1.391,1.3845,1.3878,9449.4
2026-03-28 17:00:00+00:00,1.3878,1.389,1.3812,1.3839,7924.5
2026-03-28 18:00:00+00:00,1.3839,1.3868,1.3836,1.3853,5803.8
2026-03-28 19:00:00+00:00,1.3853,1.3867,1.381,1.3844,26794.6
2026-03-28 20:00:00+00:00,1.3844,1.3874,1.3835,1.3873,15228.7
2026-03-28 21:00:00+00:00,1.3873,1.3873,1.3773,1.3789,15057.5
2026-03-28 22:00:00+00:00,1.3789,1.381,1.3777,1.379,5088.8
2026-03-28 23:00:00+00:00,1.379,1.3791,1.3669,1.3705,17125.9
2026-03-29 00:00:00+00:00,1.3705,1.3726,1.3674,1.3712,8627.9
2026-03-29 01:00:00+00:00,1.3712,1.376,1.3707,1.3742,4216.0
2026-03-29 02:00:00+00:00,1.3742,1.3761,1.3734,1.3757,4556.6
2026-03-29 03:00:00+00:00,1.3757,1.3816,1.3757,1.3795,17218.3
2026-03-29 04:00:00+00:00,1.3795,1.3796,1.3738,1.375,3389.4
2026-03-29 05:00:00+00:00,1.375,1.3782,1.373,1.3776,5747.9
2026-03-29 06:00:00+00:00,1.3776,1.3861,1.377,1.3798,16413.5
2026-03-29 07:00:00+00:00,1.3798,1.3803,1.3773,1.3779,1503.9
2026-03-29 08:00:00+00:00,1.3779,1.3821,1.3756,1.3772,12491.4
2026-03-29 09:00:00+00:00,1.3772,1.3799,1.375,1.3778,3462.0
2026-03-29 10:00:00+00:00,1.3778,1.3795,1.3662,1.3697,41487.4
2026-03-29 11:00:00+00:00,1.3697,1.3776,1.3691,1.3732,15091.6
2026-03-29 12:00:00+00:00,1.3732,1.3735,1.3655,1.3684,8173.0
2026-03-29 13:00:00+00:00,1.3684,1.3692,1.3605,1.3614,23493.4
2026-03-29 14:00:00+00:00,1.3614,1.3677,1.3593,1.3624,12163.4
2026-03-29 15:00:00+00:00,1.3624,1.3655,1.3556,1.3593,11461.3
2026-03-29 16:00:00+00:00,1.3593,1.3658,1.3577,1.3589,3792.4
2026-03-29 17:00:00+00:00,1.3589,1.3608,1.351,1.355,5732.6
2026-03-29 18:00:00+00:00,1.355,1.3602,1.354,1.3573,5049.7
2026-03-29 19:00:00+00:00,1.3573,1.3583,1.3543,1.3558,6713.4
2026-03-29 20:00:00+00:00,1.3558,1.3664,1.3548,1.358,6509.0
2026-03-29 21:00:00+00:00,1.358,1.3638,1.358,1.3633,3898.6
2026-03-29 22:00:00+00:00,1.3633,1.3633,1.3243,1.3445,63935.5
2026-03-29 23:00:00+00:00,1.3445,1.3532,1.3425,1.346,15945.5
2026-03-30 00:00:00+00:00,1.346,1.3677,1.3458,1.3561,19107.8
2026-03-30 01:00:00+00:00,1.3561,1.3672,1.3561,1.3643,15567.9
2026-03-30 02:00:00+00:00,1.3643,1.382,1.3618,1.372,36035.7
2026-03-30 03:00:00+00:00,1.372,1.3765,1.3693,1.3728,10131.6
2026-03-30 04:00:00+00:00,1.3728,1.3957,1.3728,1.3938,105752.8
2026-03-30 05:00:00+00:00,1.3938,1.3979,1.3911,1.3927,28453.7
2026-03-30 06:00:00+00:00,1.3927,1.396,1.39,1.3914,16436.4
2026-03-30 07:00:00+00:00,1.3914,1.4034,1.3907,1.401,35075.8
2026-03-30 08:00:00+00:00,1.401,1.412,1.4003,1.4062,42219.7
2026-03-30 09:00:00+00:00,1.4062,1.4082,1.4041,1.4063,12081.6
2026-03-30 10:00:00+00:00,1.4063,1.4091,1.4032,1.4087,7579.9
2026-03-30 11:00:00+00:00,1.4087,1.4117,1.3984,1.4025,58055.7
2026-03-30 12:00:00+00:00,1.4025,1.409,1.4025,1.409,10747.0
2026-03-30 13:00:00+00:00,1.409,1.4118,1.3999,1.4013,36759.2
2026-03-30 14:00:00+00:00,1.4013,1.4072,1.396,1.4062,21657.2
2026-03-30 15:00:00+00:00,1.4062,1.41,1.4009,1.4064,15187.4
2026-03-30 16:00:00+00:00,1.4064,1.4072,1.4,1.4021,9893.6
2026-03-30 17:00:00+00:00,1.4021,1.4057,1.3886,1.392,24510.8
2026-03-30 18:00:00+00:00,1.392,1.392,1.3835,1.3862,6862.2
2026-03-30 19:00:00+00:00,1.3862,1.3862,1.3787,1.3844,14068.5
2026-03-30 20:00:00+00:00,1.3844,1.3865,1.3814,1.3837,9092.8
2026-03-30 21:00:00+00:00,1.3837,1.3936,1.3816,1.3873,36499.0
2026-03-30 22:00:00+00:00,1.3873,1.3891,1.3823,1.3824,4015.5
2026-03-30 23:00:00+00:00,1.3824,1.3831,1.3751,1.3795,9350.8
2026-03-31 00:00:00+00:00,1.3795,1.3881,1.3755,1.386,14857.4
2026-03-31 01:00:00+00:00,1.386,1.408,1.3851,1.4017,51267.7
2026-03-31 02:00:00+00:00,1.4017,1.4046,1.3985,1.3998,16148.8
2026-03-31 03:00:00+00:00,1.3998,1.3998,1.3935,1.3955,5222.0
2026-03-31 04:00:00+00:00,1.3955,1.397,1.3913,1.3918,6571.5
2026-03-31 05:00:00+00:00,1.3918,1.3978,1.39,1.3949,10980.1
2026-03-31 06:00:00+00:00,1.3949,1.3949,1.3878,1.393,32436.5
2026-03-31 07:00:00+00:00,1.393,1.394,1.3854,1.3924,12292.4
2026-03-31 08:00:00+00:00,1.3924,1.3945,1.3802,1.3829,8249.4
2026-03-31 09:00:00+00:00,1.3829,1.3861,1.362,1.3648,55809.5
2026-03-31 10:00:00+00:00,1.3648,1.3678,1.3591,1.362,17377.8
2026-03-31 11:00:00+00:00,1.362,1.3673,1.3583,1.3622,44205.9
2026-03-31 12:00:00+00:00,1.3622,1.3685,1.36,1.3652,9143.8
2026-03-31 13:00:00+00:00,1.3652,1.3807,1.3651,1.3785,11291.7
2026-03-31 14:00:00+00:00,1.3785,1.3857,1.3655,1.3698,16498.9
2026-03-31 15:00:00+00:00,1.3698,1.38,1.3675,1.3679,20776.9
2026-03-31 16:00:00+00:00,1.3679,1.3891,1.3676,1.385,26762.7
2026-03-31 17:00:00+00:00,1.385,1.399,1.3838,1.3845,27984.8
2026-03-31 18:00:00+00:00,1.3845,1.3894,1.3824,1.3846,46897.1
2026-03-31 19:00:00+00:00,1.3846,1.3869,1.3826,1.384,29687.2
2026-03-31 20:00:00+00:00,1.384,1.3912,1.384,1.3909,13257.7
2026-03-31 21:00:00+00:00,1.3909,1.3933,1.3843,1.3882,29146.2
2026-03-31 22:00:00+00:00,1.3882,1.3917,1.3861,1.3885,13413.6
2026-03-31 23:00:00+00:00,1.3885,1.3949,1.3873,1.3939,3794.2
2026-04-01 00:00:00+00:00,1.3939,1.3986,1.3875,1.396,18691.2
2026-04-01 01:00:00+00:00,1.396,1.3976,1.386,1.3864,16007.9
2026-04-01 02:00:00+00:00,1.3864,1.3878,1.3818,1.3847,3442.8
2026-04-01 03:00:00+00:00,1.3847,1.3925,1.3846,1.391,3270.8
2026-04-01 04:00:00+00:00,1.391,1.393,1.3875,1.3899,4851.4
2026-04-01 05:00:00+00:00,1.3899,1.4007,1.388,1.3975,20361.5
2026-04-01 06:00:00+00:00,1.3975,1.4134,1.3971,1.4082,60326.7
2026-04-01 07:00:00+00:00,1.4082,1.4148,1.4031,1.4046,38309.1
2026-04-01 08:00:00+00:00,1.4046,1.4146,1.4046,1.4104,26009.2
2026-04-01 09:00:00+00:00,1.4104,1.4121,1.406,1.4116,8697.6
2026-04-01 10:00:00+00:00,1.4116,1.4127,1.4047,1.4065,3920.5
2026-04-01 11:00:00+00:00,1.4065,1.4119,1.4065,1.4109,3413.1
2026-04-01 12:00:00+00:00,1.4109,1.4172,1.4055,1.407,19994.3
2026-04-01 13:00:00+00:00,1.407,1.4132,1.3975,1.4026,56283.6
2026-04-01 14:00:00+00:00,1.4026,1.4096,1.3995,1.4066,7821.6
2026-04-01 15:00:00+00:00,1.4066,1.412,1.4057,1.4106,19650.2
2026-04-01 16:00:00+00:00,1.4106,1.4174,1.4055,1.4134,19213.1
2026-04-01 17:00:00+00:00,1.4134,1.4204,1.4066,1.407,8600.0
2026-04-01 18:00:00+00:00,1.407,1.409,1.4033,1.4035,6511.9
2026-04-01 19:00:00+00:00,1.4035,1.4075,1.4027,1.4054,6098.8
2026-04-01 20:00:00+00:00,1.4054,1.4061,1.3984,1.4026,24361.6
2026-04-01 21:00:00+00:00,1.4026,1.4091,1.4025,1.4073,5515.5
2026-04-01 22:00:00+00:00,1.4073,1.4073,1.3977,1.399,5992.1
2026-04-01 23:00:00+00:00,1.399,1.4009,1.3967,1.399,10011.0
2026-04-02 00:00:00+00:00,1.399,1.4095,1.3973,1.4084,9717.1
2026-04-02 01:00:00+00:00,1.4084,1.4084,1.3672,1.3734,125629.4
2026-04-02 02:00:00+00:00,1.3734,1.3762,1.3562,1.3639,120754.4
2026-04-02 03:00:00+00:00,1.3639,1.3657,1.351,1.3531,38845.2
2026-04-02 04:00:00+00:00,1.3531,1.3538,1.3278,1.336,145560.5
2026-04-02 05:00:00+00:00,1.336,1.343,1.333,1.34,86951.6
2026-04-02 06:00:00+00:00,1.34,1.3424,1.3344,1.3398,17753.9
2026-04-02 07:00:00+00:00,1.3398,1.3447,1.3374,1.3423,18288.1
2026-04-02 08:00:00+00:00,1.3423,1.3423,1.328,1.328,37400.4
2026-04-02 09:00:00+00:00,1.328,1.3314,1.3259,1.33,39202.8
2026-04-02 10:00:00+00:00,1.33,1.3305,1.3146,1.3208,70815.7
2026-04-02 11:00:00+00:00,1.3208,1.3215,1.3122,1.3201,27945.3
2026-04-02 12:00:00+00:00,1.3201,1.3223,1.3166,1.3167,17643.7
2026-04-02 13:00:00+00:00,1.3167,1.3178,1.3055,1.3155,67400.5
2026-04-02 14:00:00+00:00,1.3155,1.331,1.3115,1.3278,51914.8
2026-04-02 15:00:00+00:00,1.3278,1.3289,1.3186,1.3247,30765.9
2026-04-02 16:00:00+00:00,1.3247,1.34,1.3198,1.3311,60904.4
2026-04-02 17:00:00+00:00,1.3311,1.3354,1.3223,1.3223,22869.0
2026-04-02 18:00:00+00:00,1.3223,1.3328,1.3223,1.3316,49991.4
2026-04-02 19:00:00+00:00,1.3316,1.3321,1.326,1.3301,22975.1
2026-04-02 20:00:00+00:00,1.3301,1.3362,1.3282,1.3293,28637.0
2026-04-02 21:00:00+00:00,1.3293,1.3314,1.3261,1.3305,9270.4
2026-04-02 22:00:00+00:00,1.3305,1.3351,1.3274,1.3335,10007.2
2026-04-02 23:00:00+00:00,1.3335,1.334,1.3299,1.3315,7647.8
2026-04-03 00:00:00+00:00,1.3315,1.3337,1.3292,1.3305,22675.2
2026-04-03 01:00:00+00:00,1.3305,1.336,1.3285,1.33,29899.7
2026-04-03 02:00:00+00:00,1.33,1.335,1.3242,1.331,35502.5
2026-04-03 03:00:00+00:00,1.331,1.3341,1.3263,1.3265,21402.9
2026-04-03 04:00:00+00:00,1.3265,1.33,1.3225,1.3273,22595.9
2026-04-03 05:00:00+00:00,1.3273,1.3351,1.3259,1.3314,8052.6
2026-04-03 06:00:00+00:00,1.3314,1.3385,1.3294,1.3354,23712.2
2026-04-03 07:00:00+00:00,1.3354,1.3412,1.3338,1.3366,36386.1
2026-04-03 08:00:00+00:00,1.3366,1.3404,1.3337,1.3358,16552.8
2026-04-03 09:00:00+00:00,1.3358,1.3369,1.332,1.3366,8082.5
2026-04-03 10:00:00+00:00,1.3366,1.3412,1.332,1.3401,25418.7
2026-04-03 11:00:00+00:00,1.3401,1.3442,1.3377,1.3424,25487.2
2026-04-03 12:00:00+00:00,1.3424,1.3535,1.3372,1.3416,55819.4
2026-04-03 13:00:00+00:00,1.3416,1.3416,1.3335,1.3386,22893.8
2026-04-03 14:00:00+00:00,1.3386,1.3464,1.3378,1.3459,14368.6
2026-04-03 15:00:00+00:00,1.3459,1.3477,1.3412,1.3429,5222.3
2026-04-03 16:00:00+00:00,1.3429,1.3459,1.3406,1.3454,6321.3
2026-04-03 17:00:00+00:00,1.3454,1.3473,1.3412,1.3439,9843.1
2026-04-03 18:00:00+00:00,1.3439,1.3473,1.3431,1.3431,5378.7
2026-04-03 19:00:00+00:00,1.3431,1.3454,1.3389,1.3454,11144.9
2026-04-03 20:00:00+00:00,1.3454,1.3476,1.3432,1.3437,3716.7
2026-04-03 21:00:00+00:00,1.3437,1.3462,1.3419,1.3454,12627.4
2026-04-03 22:00:00+00:00,1.3454,1.3459,1.3403,1.3417,7377.2
2026-04-03 23:00:00+00:00,1.3417,1.344,1.3397,1.3427,22883.1
2026-04-04 00:00:00+00:00,1.3427,1.3513,1.342,1.3469,29025.5
2026-04-04 01:00:00+00:00,1.3469,1.3506,1.3462,1.3506,10440.5
2026-04-04 02:00:00+00:00,1.3506,1.3543,1.3498,1.3525,17109.1
2026-04-04 03:00:00+00:00,1.3525,1.356,1.3508,1.3545,44178.0
2026-04-04 04:00:00+00:00,1.3545,1.3548,1.3529,1.3535,3438.3
2026-04-04 05:00:00+00:00,1.3535,1.3567,1.3504,1.354,3231.7
2026-04-04 06:00:00+00:00,1.354,1.3578,1.3534,1.356,4945.8
2026-04-04 07:00:00+00:00,1.356,1.3562,1.3533,1.3562,6969.2
2026-04-04 08:00:00+00:00,1.3562,1.3777,1.3562,1.3733,126680.7
2026-04-04 09:00:00+00:00,1.3733,1.3934,1.3733,1.393,114765.6
2026-04-04 10:00:00+00:00,1.393,1.4247,1.3918,1.4167,181449.8
2026-04-04 11:00:00+00:00,1.4167,1.417,1.4056,1.414,49609.1
2026-04-04 12:00:00+00:00,1.414,1.4178,1.4083,1.4156,47012.0
2026-04-04 13:00:00+00:00,1.4156,1.4196,1.4131,1.4145,41393.3
2026-04-04 14:00:00+00:00,1.4145,1.4171,1.405,1.4145,35712.0
2026-04-04 15:00:00+00:00,1.4145,1.4194,1.4113,1.4129,50855.1
2026-04-04 16:00:00+00:00,1.4129,1.4175,1.4106,1.4113,48416.0
2026-04-04 17:00:00+00:00,1.4113,1.4162,1.4098,1.4154,27053.2
2026-04-04 18:00:00+00:00,1.4154,1.4192,1.4121,1.4121,23939.9
2026-04-04 19:00:00+00:00,1.4121,1.4207,1.4104,1.4115,29662.3
2026-04-04 20:00:00+00:00,1.4115,1.412,1.4076,1.4095,60846.4
2026-04-04 21:00:00+00:00,1.4095,1.4159,1.4085,1.4133,35701.6
2026-04-04 22:00:00+00:00,1.4133,1.4159,1.412,1.4123,13583.8
2026-04-04 23:00:00+00:00,1.4123,1.4132,1.4087,1.4115,10066.2
2026-04-05 00:00:00+00:00,1.4115,1.4187,1.4112,1.4153,32905.0
2026-04-05 01:00:00+00:00,1.4153,1.4179,1.4082,1.4082,19676.4
2026-04-05 02:00:00+00:00,1.4082,1.4117,1.4052,1.4055,22674.1
2026-04-05 03:00:00+00:00,1.4055,1.4118,1.4023,1.4116,75119.6
2026-04-05 04:00:00+00:00,1.4116,1.414,1.4066,1.411,18400.3
2026-04-05 05:00:00+00:00,1.411,1.4117,1.4042,1.4051,18859.6
2026-04-05 06:00:00+00:00,1.4051,1.4057,1.3964,1.4032,42086.3
2026-04-05 07:00:00+00:00,1.4032,1.4053,1.3953,1.3983,22470.3
2026-04-05 08:00:00+00:00,1.3983,1.4009,1.3967,1.3975,34909.6
2026-04-05 09:00:00+00:00,1.3975,1.4073,1.3975,1.406,24271.0
2026-04-05 10:00:00+00:00,1.406,1.4108,1.4045,1.4065,19410.7
2026-04-05 11:00:00+00:00,1.4065,1.4082,1.4055,1.4065,8298.8
2026-04-05 12:00:00+00:00,1.4065,1.4069,1.3891,1.3918,102244.2
2026-04-05 13:00:00+00:00,1.3918,1.3968,1.3896,1.3961,28662.2
2026-04-05 14:00:00+00:00,1.3961,1.4056,1.3943,1.397,34687.2
2026-04-05 15:00:00+00:00,1.397,1.4096,1.3947,1.4008,45232.6
2026-04-05 16:00:00+00:00,1.4008,1.403,1.3988,1.3989,28248.2
2026-04-05 17:00:00+00:00,1.3989,1.4034,1.3973,1.4001,24524.1
2026-04-05 18:00:00+00:00,1.4001,1.4025,1.3979,1.3995,25956.9
2026-04-05 19:00:00+00:00,1.3995,1.4036,1.3975,1.3994,12036.8
2026-04-05 20:00:00+00:00,1.3994,1.4069,1.3988,1.4056,24951.8
2026-04-05 21:00:00+00:00,1.4056,1.4058,1.3977,1.4021,34485.2
2026-04-05 22:00:00+00:00,1.4021,1.4121,1.397,1.4106,90193.2
2026-04-05 23:00:00+00:00,1.4106,1.425,1.4084,1.4229,79115.4
2026-04-06 00:00:00+00:00,1.4229,1.4344,1.4229,1.4288,69022.7
2026-04-06 01:00:00+00:00,1.4288,1.4302,1.4234,1.4244,30359.9
2026-04-06 02:00:00+00:00,1.4244,1.4365,1.4243,1.4335,34342.7
2026-04-06 03:00:00+00:00,1.4335,1.4364,1.4291,1.4303,32346.1
2026-04-06 04:00:00+00:00,1.4303,1.4365,1.4292,1.4326,32896.6
2026-04-06 05:00:00+00:00,1.4326,1.4417,1.4325,1.4414,31514.5
2026-04-06 06:00:00+00:00,1.4414,1.4418,1.4309,1.4358,42907.6
2026-04-06 07:00:00+00:00,1.4358,1.4437,1.4335,1.441,42103.8
2026-04-06 08:00:00+00:00,1.441,1.4456,1.4399,1.4431,25174.9
2026-04-06 09:00:00+00:00,1.4431,1.4553,1.4415,1.4422,56719.1
2026-04-06 10:00:00+00:00,1.4422,1.4512,1.4409,1.443,34315.2
2026-04-06 11:00:00+00:00,1.443,1.4431,1.4378,1.4384,21447.0
2026-04-06 12:00:00+00:00,1.4384,1.44,1.4346,1.4346,31697.3
2026-04-06 13:00:00+00:00,1.4346,1.4378,1.4317,1.4348,45739.6
2026-04-06 14:00:00+00:00,1.4348,1.4388,1.4298,1.4375,37556.1
2026-04-06 15:00:00+00:00,1.4375,1.4402,1.4349,1.4378,12538.0
2026-04-06 16:00:00+00:00,1.4378,1.4403,1.4288,1.4309,21278.1
2026-04-06 17:00:00+00:00,1.4309,1.4332,1.4234,1.4331,22230.2
2026-04-06 18:00:00+00:00,1.4331,1.4395,1.4317,1.439,11053.9
2026-04-06 19:00:00+00:00,1.439,1.439,1.4321,1.4349,6312.5
2026-04-06 20:00:00+00:00,1.4349,1.44,1.4338,1.4362,4571.7
2026-04-06 21:00:00+00:00,1.4362,1.4364,1.4282,1.4283,14342.0
2026-04-06 22:00:00+00:00,1.4283,1.4301,1.4148,1.415,40277.1
2026-04-06 23:00:00+00:00,1.415,1.4211,1.4071,1.4183,32406.1
2026-04-07 00:00:00+00:00,1.4183,1.4245,1.4169,1.4232,15554.0
2026-04-07 01:00:00+00:00,1.4232,1.4266,1.416,1.4166,9184.3
2026-04-07 02:00:00+00:00,1.4166,1.4225,1.414,1.4214,7660.2
2026-04-07 03:00:00+00:00,1.4214,1.4244,1.421,1.4242,6330.6
2026-04-07 04:00:00+00:00,1.4242,1.4282,1.4211,1.425,6309.3
2026-04-07 05:00:00+00:00,1.425,1.425,1.4176,1.4191,5886.2
2026-04-07 06:00:00+00:00,1.4191,1.4222,1.4159,1.4205,10487.4
2026-04-07 07:00:00+00:00,1.4205,1.4244,1.4186,1.4223,13200.6
2026-04-07 08:00:00+00:00,1.4223,1.4289,1.4214,1.4289,11899.7
2026-04-07 09:00:00+00:00,1.4289,1.4391,1.4276,1.437,41896.2
2026-04-07 10:00:00+00:00,1.437,1.4385,1.4237,1.4242,31492.0
2026-04-07 11:00:00+00:00,1.4242,1.4304,1.422,1.4271,7908.4
2026-04-07 12:00:00+00:00,1.4271,1.4367,1.4196,1.4305,35039.3
2026-04-07 13:00:00+00:00,1.4305,1.4367,1.4268,1.4274,13292.2
2026-04-07 14:00:00+00:00,1.4274,1.4323,1.4215,1.4248,27304.0
2026-04-07 15:00:00+00:00,1.4248,1.4384,1.4227,1.4365,47212.0
2026-04-07 16:00:00+00:00,1.4365,1.4485,1.4365,1.4466,50246.8
2026-04-07 17:00:00+00:00,1.4466,1.4594,1.4458,1.4554,70142.0
2026-04-07 18:00:00+00:00,1.4554,1.4591,1.4467,1.4489,24702.6
2026-04-07 19:00:00+00:00,1.4489,1.4581,1.4476,1.4548,34894.7
2026-04-07 20:00:00+00:00,1.4548,1.4609,1.4547,1.4578,26253.4
2026-04-07 21:00:00+00:00,1.4578,1.4849,1.4576,1.478,124458.1
2026-04-07 22:00:00+00:00,1.478,1.5193,1.478,1.5174,139495.4
2026-04-07 23:00:00+00:00,1.5174,1.5364,1.5107,1.5174,62881.8
2026-04-08 00:00:00+00:00,1.5174,1.521,1.5039,1.507,34323.1
2026-04-08 01:00:00+00:00,1.507,1.5153,1.5041,1.5146,12433.6
2026-04-08 02:00:00+00:00,1.5146,1.5184,1.5106,1.5131,11177.7
2026-04-08 03:00:00+00:00,1.5131,1.5167,1.5106,1.5137,12366.6
2026-04-08 04:00:00+00:00,1.5137,1.519,1.5121,1.5125,19000.6
2026-04-08 05:00:00+00:00,1.5125,1.5178,1.5121,1.5161,10316.7
2026-04-08 06:00:00+00:00,1.5161,1.521,1.5123,1.5143,8880.5
2026-04-08 07:00:00+00:00,1.5143,1.5206,1.5101,1.5113,10857.7
2026-04-08 08:00:00+00:00,1.5113,1.5134,1.4982,1.4989,36404.0
2026-04-08 09:00:00+00:00,1.4989,1.5017,1.4974,1.4986,10918.8
2026-04-08 10:00:00+00:00,1.4986,1.5012,1.4943,1.4957,22732.0
2026-04-08 11:00:00+00:00,1.4957,1.5021,1.4944,1.502,31260.2
2026-04-08 12:00:00+00:00,1.502,1.5069,1.4984,1.5063,15077.9
2026-04-08 13:00:00+00:00,1.5063,1.5115,1.4923,1.494,20905.0
2026-04-08 14:00:00+00:00,1.494,1.4974,1.4825,1.485,32604.2
2026-04-08 15:00:00+00:00,1.485,1.4953,1.4832,1.4945,17081.1
2026-04-08 16:00:00+00:00,1.4945,1.4949,1.489,1.4935,6644.9
2026-04-08 17:00:00+00:00,1.4935,1.4983,1.4911,1.4972,13642.0
2026-04-08 18:00:00+00:00,1.4972,1.4979,1.4855,1.4862,9275.0
2026-04-08 19:00:00+00:00,1.4862,1.4894,1.4836,1.4879,4933.8
2026-04-08 20:00:00+00:00,1.4879,1.4942,1.4879,1.492,8179.8
2026-04-08 21:00:00+00:00,1.492,1.4956,1.4896,1.4915,7495.1
2026-04-08 22:00:00+00:00,1.4915,1.4915,1.4811,1.4818,9009.8
2026-04-08 23:00:00+00:00,1.4818,1.483,1.4723,1.4767,20824.1
2026-04-09 00:00:00+00:00,1.4767,1.4767,1.4599,1.465,36023.1
2026-04-09 01:00:00+00:00,1.465,1.4725,1.4588,1.4725,22091.1
2026-04-09 02:00:00+00:00,1.4725,1.4794,1.4725,1.4752,15667.2
2026-04-09 03:00:00+00:00,1.4752,1.4753,1.4684,1.47,7524.9
2026-04-09 04:00:00+00:00,1.47,1.47,1.4672,1.4677,6113.2
2026-04-09 05:00:00+00:00,1.4677,1.4776,1.4667,1.4751,11594.6
2026-04-09 06:00:00+00:00,1.4751,1.4781,1.4727,1.4753,5263.6
2026-04-09 07:00:00+00:00,1.4753,1.4794,1.4726,1.473,13013.1
2026-04-09 08:00:00+00:00,1.473,1.4802,1.471,1.4747,16168.4
2026-04-09 09:00:00+00:00,1.4747,1.4842,1.4733,1.4831,23039.6
2026-04-09 10:00:00+00:00,1.4831,1.4868,1.4796,1.4851,23917.0
2026-04-09 11:00:00+00:00,1.4851,1.4851,1.4817,1.4832,7918.9
2026-04-09 12:00:00+00:00,1.4832,1.4906,1.4813,1.4906,11010.0
2026-04-09 13:00:00+00:00,1.4906,1.4927,1.4806,1.4834,22636.4
2026-04-09 14:00:00+00:00,1.4834,1.4887,1.4791,1.4867,12441.0
2026-04-09 15:00:00+00:00,1.4867,1.5015,1.4812,1.4962,31428.6
2026-04-09 16:00:00+00:00,1.4962,1.5014,1.491,1.4967,8290.5
2026-04-09 17:00:00+00:00,1.4967,1.503,1.4925,1.499,18122.9
2026-04-09 18:00:00+00:00,1.499,1.4999,1.4885,1.4905,12454.0
2026-04-09 19:00:00+00:00,1.4905,1.499,1.4865,1.4954,63636.3
2026-04-09 20:00:00+00:00,1.4954,1.4964,1.4929,1.493,12068.5
2026-04-09 21:00:00+00:00,1.493,1.4986,1.491,1.4926,17612.4
2026-04-09 22:00:00+00:00,1.4926,1.508,1.489,1.489,21192.2
2026-04-09 23:00:00+00:00,1.489,1.489,1.481,1.4822,35184.8
2026-04-10 00:00:00+00:00,1.4822,1.4911,1.482,1.4894,15975.1
2026-04-10 01:00:00+00:00,1.4894,1.495,1.4825,1.4893,10950.6
2026-04-10 02:00:00+00:00,1.4893,1.4906,1.4862,1.4868,6601.9
2026-04-10 03:00:00+00:00,1.4868,1.4879,1.4822,1.4837,13092.6
2026-04-10 04:00:00+00:00,1.4837,1.4933,1.4837,1.4906,8163.9
2026-04-10 05:00:00+00:00,1.4906,1.4949,1.489,1.4944,7146.8
2026-04-10 06:00:00+00:00,1.4944,1.4966,1.4894,1.491,11086.8
2026-04-10 07:00:00+00:00,1.491,1.4939,1.489,1.4896,34781.6
2026-04-10 08:00:00+00:00,1.4896,1.4977,1.4884,1.4947,17639.2
2026-04-10 09:00:00+00:00,1.4947,1.4974,1.4918,1.4949,16843.5
2026-04-10 10:00:00+00:00,1.4949,1.4967,1.4906,1.4962,19017.9
2026-04-10 11:00:00+00:00,1.4962,1.5134,1.4962,1.5094,76705.4
2026-04-10 12:00:00+00:00,1.5094,1.5165,1.5068,1.5085,30622.5
2026-04-10 13:00:00+00:00,1.5085,1.5099,1.5025,1.5056,12263.4
2026-04-10 14:00:00+00:00,1.5056,1.5176,1.5046,1.5169,15012.1
2026-04-10 15:00:00+00:00,1.5169,1.5223,1.506,1.5068,89895.2
2026-04-10 16:00:00+00:00,1.5068,1.5127,1.5056,1.5119,8400.3
2026-04-10 17:00:00+00:00,1.5119,1.5151,1.5094,1.5148,9456.5
2026-04-10 18:00:00+00:00,1.5148,1.5153,1.5113,1.5135,8606.2
2026-04-10 19:00:00+00:00,1.5135,1.5166,1.5093,1.5147,8186.6
2026-04-10 20:00:00+00:00,1.5147,1.5195,1.5117,1.518,12924.7
2026-04-10 21:00:00+00:00,1.518,1.5181,1.5057,1.5136,25781.2
2026-04-10 22:00:00+00:00,1.5136,1.5138,1.5049,1.5072,14150.2
2026-04-10 23:00:00+00:00,1.5072,1.5096,1.505,1.5088,24136.0
2026-04-11 00:00:00+00:00,1.5088,1.509,1.4994,1.5015,10623.3
2026-04-11 01:00:00+00:00,1.5015,1.5055,1.4979,1.5042,11708.9
2026-04-11 02:00:00+00:00,1.5042,1.5066,1.5018,1.504,11071.6
2026-04-11 03:00:00+00:00,1.504,1.508,1.5015,1.5034,7821.8
2026-04-11 04:00:00+00:00,1.5034,1.5047,1.4991,1.501,9436.5
2026-04-11 05:00:00+00:00,1.501,1.5012,1.4849,1.4883,107183.2
2026-04-11 06:00:00+00:00,1.4883,1.4893,1.4841,1.4889,15116.3
2026-04-11 07:00:00+00:00,1.4889,1.4913,1.488,1.4901,11915.2
2026-04-11 08:00:00+00:00,1.4901,1.4925,1.4882,1.4884,7720.6
2026-04-11 09:00:00+00:00,1.4884,1.494,1.4864,1.4925,10934.5
2026-04-11 10:00:00+00:00,1.4925,1.494,1.487,1.4877,6667.4
2026-04-11 11:00:00+00:00,1.4877,1.4892,1.4845,1.4862,6895.1
2026-04-11 12:00:00+00:00,1.4862,1.4911,1.4853,1.4897,11085.2
2026-04-11 13:00:00+00:00,1.4897,1.4897,1.4815,1.4858,20825.1
2026-04-11 14:00:00+00:00,1.4858,1.4884,1.4827,1.4843,11005.7
2026-04-11 15:00:00+00:00,1.4843,1.4896,1.4829,1.489,24783.7
2026-04-11 16:00:00+00:00,1.489,1.4986,1.4858,1.4925,19753.3
2026-04-11 17:00:00+00:00,1.4925,1.4929,1.489,1.4901,2903.7
2026-04-11 18:00:00+00:00,1.4901,1.5055,1.4883,1.5015,27234.8
2026-04-11 19:00:00+00:00,1.5015,1.5102,1.5011,1.5055,61846.2
2026-04-11 20:00:00+00:00,1.5055,1.5055,1.4931,1.4975,36981.7
2026-04-11 21:00:00+00:00,1.4975,1.5002,1.4943,1.4963,7012.3
2026-04-11 22:00:00+00:00,1.4963,1.503,1.4955,1.4995,11951.1
2026-04-11 23:00:00+00:00,1.4995,1.5002,1.4915,1.4936,6342.0
2026-04-12 00:00:00+00:00,1.4936,1.5007,1.4898,1.5007,17967.7
2026-04-12 01:00:00+00:00,1.5007,1.5026,1.4585,1.4669,85862.7
2026-04-12 02:00:00+00:00,1.4669,1.4738,1.4619,1.4707,26447.9
2026-04-12 03:00:00+00:00,1.4707,1.4722,1.4622,1.4623,10865.4
2026-04-12 04:00:00+00:00,1.4623,1.4636,1.4573,1.4599,20298.1
2026-04-12 05:00:00+00:00,1.4599,1.4648,1.4588,1.4643,9278.6
2026-04-12 06:00:00+00:00,1.4643,1.4677,1.4621,1.4622,15061.6
2026-04-12 07:00:00+00:00,1.4622,1.4644,1.4591,1.4629,6575.2
2026-04-12 08:00:00+00:00,1.4629,1.4633,1.46,1.4606,6807.4
2026-04-12 09:00:00+00:00,1.4606,1.4626,1.459,1.4597,5995.2
2026-04-12 10:00:00+00:00,1.4597,1.4609,1.4547,1.4586,9269.1
2026-04-12 11:00:00+00:00,1.4586,1.4682,1.4577,1.4669,26943.8
2026-04-12 12:00:00+00:00,1.4669,1.4695,1.4612,1.4612,13130.8
2026-04-12 13:00:00+00:00,1.4612,1.4656,1.4578,1.4588,9624.6
2026-04-12 14:00:00+00:00,1.4588,1.4625,1.4556,1.4575,9430.1
2026-04-12 15:00:00+00:00,1.4575,1.4597,1.4527,1.4586,11053.4
2026-04-12 16:00:00+00:00,1.4586,1.4596,1.4562,1.4574,7586.2
2026-04-12 17:00:00+00:00,1.4574,1.4684,1.4574,1.4654,30155.0
2026-04-12 18:00:00+00:00,1.4654,1.4673,1.462,1.4645,6392.6
2026-04-12 19:00:00+00:00,1.4645,1.4679,1.463,1.4635,10156.4
2026-04-12 20:00:00+00:00,1.4635,1.4721,1.4609,1.4671,14661.6
2026-04-12 21:00:00+00:00,1.4671,1.4704,1.4638,1.4661,5648.8
2026-04-12 22:00:00+00:00,1.4661,1.4665,1.4539,1.4622,29022.2
2026-04-12 23:00:00+00:00,1.4622,1.4622,1.457,1.4583,4394.2
2026-04-13 00:00:00+00:00,1.4583,1.474,1.4574,1.4696,15379.6
2026-04-13 01:00:00+00:00,1.4696,1.4798,1.4678,1.4787,38654.5
2026-04-13 02:00:00+00:00,1.4787,1.4914,1.478,1.4881,92280.3
2026-04-13 03:00:00+00:00,1.4881,1.491,1.4843,1.4877,14920.5
2026-04-13 04:00:00+00:00,1.4877,1.4991,1.487,1.4936,26635.9
2026-04-13 05:00:00+00:00,1.4936,1.4982,1.4915,1.4979,11664.4
2026-04-13 06:00:00+00:00,1.4979,1.5048,1.4961,1.4976,30695.6
2026-04-13 07:00:00+00:00,1.4976,1.4985,1.4896,1.494,25075.7
2026-04-13 08:00:00+00:00,1.494,1.5004,1.4919,1.4972,16054.2
2026-04-13 09:00:00+00:00,1.4972,1.5036,1.4957,1.4967,19646.5
2026-04-13 10:00:00+00:00,1.4967,1.4997,1.4935,1.4975,24600.1
2026-04-13 11:00:00+00:00,1.4975,1.5006,1.4967,1.4987,6229.2
2026-04-13 12:00:00+00:00,1.4987,1.5009,1.4932,1.4983,23641.8
2026-04-13 13:00:00+00:00,1.4983,1.5035,1.4906,1.5018,41698.0
2026-04-13 14:00:00+00:00,1.5018,1.5067,1.4957,1.5056,24227.0
2026-04-13 15:00:00+00:00,1.5056,1.5108,1.4952,1.5085,150538.6
2026-04-13 16:00:00+00:00,1.5085,1.5299,1.5047,1.5211,269627.5
2026-04-13 17:00:00+00:00,1.5211,1.5661,1.5163,1.5576,1147210.7
2026-04-13 18:00:00+00:00,1.5576,1.593,1.5572,1.5891,438316.3
2026-04-13 19:00:00+00:00,1.5891,1.59,1.57,1.5823,350168.9
2026-04-13 20:00:00+00:00,1.5823,1.5912,1.5726,1.5763,160083.8
2026-04-13 21:00:00+00:00,1.5763,1.5827,1.5719,1.5761,124734.8
2026-04-13 22:00:00+00:00,1.5761,1.6085,1.5753,1.5915,959997.6
2026-04-13 23:00:00+00:00,1.5915,1.5955,1.5767,1.5848,290561.0
2026-04-14 00:00:00+00:00,1.5848,1.589,1.576,1.5788,72555.1
2026-04-14 01:00:00+00:00,1.5788,1.5857,1.5754,1.5833,104614.5
2026-04-14 02:00:00+00:00,1.5833,1.5844,1.5579,1.5764,389905.3
2026-04-14 03:00:00+00:00,1.5764,1.5764,1.5688,1.5748,35891.3
2026-04-14 04:00:00+00:00,1.5748,1.5755,1.5579,1.5591,127543.5
2026-04-14 05:00:00+00:00,1.5591,1.5615,1.5544,1.5568,89212.3
2026-04-14 06:00:00+00:00,1.5568,1.5721,1.5566,1.5706,74920.7
2026-04-14 07:00:00+00:00,1.5706,1.5722,1.5573,1.5622,94752.1
2026-04-14 08:00:00+00:00,1.5622,1.5751,1.5614,1.5728,39389.3
2026-04-14 09:00:00+00:00,1.5728,1.5756,1.5669,1.5713,44650.4
2026-04-14 10:00:00+00:00,1.5713,1.5864,1.5699,1.5841,400600.6
2026-04-14 11:00:00+00:00,1.5841,1.5842,1.5759,1.581,97400.2
2026-04-14 12:00:00+00:00,1.581,1.5871,1.5772,1.5869,60935.7
2026-04-14 13:00:00+00:00,1.5869,1.6403,1.5854,1.6382,757492.3
2026-04-14 14:00:00+00:00,1.6382,1.65,1.6047,1.6072,687807.0
2026-04-14 15:00:00+00:00,1.6072,1.618,1.5935,1.6121,274339.5
2026-04-14 16:00:00+00:00,1.6121,1.62,1.5935,1.5983,172184.0
2026-04-14 17:00:00+00:00,1.5983,1.6082,1.5834,1.5932,135332.1
2026-04-14 18:00:00+00:00,1.5932,1.5965,1.5735,1.5811,169896.1
2026-04-14 19:00:00+00:00,1.5811,1.5861,1.5725,1.5821,84316.3
2026-04-14 20:00:00+00:00,1.5821,1.5829,1.5501,1.5602,290376.5
2026-04-14 21:00:00+00:00,1.5602,1.5677,1.5589,1.5674,41890.4
2026-04-14 22:00:00+00:00,1.5674,1.5692,1.5629,1.5651,62712.5
2026-04-14 23:00:00+00:00,1.5651,1.5734,1.5597,1.5597,171884.8
2026-04-15 00:00:00+00:00,1.5597,1.5824,1.5593,1.5822,84112.2
2026-04-15 01:00:00+00:00,1.5822,1.5909,1.5789,1.5826,120122.4
2026-04-15 02:00:00+00:00,1.5826,1.5874,1.5763,1.5806,90068.3
2026-04-15 03:00:00+00:00,1.5806,1.5821,1.573,1.5821,43691.6
2026-04-15 04:00:00+00:00,1.5821,1.5888,1.5774,1.5869,89318.5
2026-04-15 05:00:00+00:00,1.5869,1.6139,1.5866,1.6023,292781.7
2026-04-15 06:00:00+00:00,1.6023,1.6024,1.5946,1.5986,57436.8
2026-04-15 07:00:00+00:00,1.5986,1.6044,1.593,1.5933,41671.8
2026-04-15 08:00:00+00:00,1.5933,1.6118,1.5894,1.6008,102273.6
2026-04-15 09:00:00+00:00,1.6008,1.6035,1.5935,1.5961,57658.5
2026-04-15 10:00:00+00:00,1.5961,1.6071,1.5951,1.5982,53222.6
2026-04-15 11:00:00+00:00,1.5982,1.6146,1.5982,1.6092,61144.3
2026-04-15 12:00:00+00:00,1.6092,1.6177,1.5964,1.6107,124651.8
2026-04-15 13:00:00+00:00,1.6107,1.6111,1.5991,1.6071,50301.4
2026-04-15 14:00:00+00:00,1.6071,1.6142,1.6028,1.611,69592.1
2026-04-15 15:00:00+00:00,1.611,1.6115,1.5929,1.6004,48420.7
2026-04-15 16:00:00+00:00,1.6004,1.6088,1.5815,1.5915,142097.9
2026-04-15 17:00:00+00:00,1.5915,1.5959,1.5844,1.5914,162642.7
2026-04-15 18:00:00+00:00,1.5914,1.5986,1.5892,1.5978,54221.3
2026-04-15 19:00:00+00:00,1.5978,1.6097,1.5875,1.6033,170534.6
2026-04-15 20:00:00+00:00,1.6033,1.6033,1.5954,1.5988,43742.1
2026-04-15 21:00:00+00:00,1.5988,1.5988,1.5815,1.5937,111992.9
2026-04-15 22:00:00+00:00,1.5937,1.6029,1.5929,1.5982,47561.1
2026-04-15 23:00:00+00:00,1.5982,1.5999,1.5875,1.5993,39254.1
2026-04-16 00:00:00+00:00,1.5993,1.6023,1.5943,1.6008,18160.1
2026-04-16 01:00:00+00:00,1.6008,1.6008,1.5824,1.5885,86543.3
2026-04-16 02:00:00+00:00,1.5885,1.601,1.588,1.594,39396.4
2026-04-16 03:00:00+00:00,1.594,1.6027,1.593,1.598,13842.2
2026-04-16 04:00:00+00:00,1.598,1.606,1.5962,1.6025,27206.5
2026-04-16 05:00:00+00:00,1.6025,1.6164,1.6012,1.6076,75583.3
2026-04-16 06:00:00+00:00,1.6076,1.6121,1.6054,1.6121,23875.9
2026-04-16 07:00:00+00:00,1.6121,1.6157,1.6051,1.6086,102001.2
2026-04-16 08:00:00+00:00,1.6086,1.6089,1.5933,1.5963,163024.6
2026-04-16 09:00:00+00:00,1.5963,1.6003,1.5918,1.5925,65695.2
2026-04-16 10:00:00+00:00,1.5925,1.5952,1.5823,1.5858,54376.3
2026-04-16 11:00:00+00:00,1.5858,1.5903,1.5831,1.5897,18020.3
2026-04-16 12:00:00+00:00,1.5897,1.5995,1.589,1.5982,37400.3
2026-04-16 13:00:00+00:00,1.5982,1.6035,1.5664,1.5753,143077.6
2026-04-16 14:00:00+00:00,1.5753,1.5774,1.5589,1.5748,116348.8
2026-04-16 15:00:00+00:00,1.5748,1.5955,1.5741,1.5954,99012.6
2026-04-16 16:00:00+00:00,1.5954,1.6037,1.5891,1.594,61445.4
2026-04-16 17:00:00+00:00,1.594,1.5966,1.5879,1.5921,49880.3
2026-04-16 18:00:00+00:00,1.5921,1.6345,1.5893,1.6329,258037.3
2026-04-16 19:00:00+00:00,1.6329,1.6354,1.6125,1.6314,268254.1
2026-04-16 20:00:00+00:00,1.6314,1.6322,1.613,1.6196,77961.3
2026-04-16 21:00:00+00:00,1.6196,1.6284,1.6113,1.6218,48941.7
2026-04-16 22:00:00+00:00,1.6218,1.6258,1.6186,1.6236,16787.0
2026-04-16 23:00:00+00:00,1.6236,1.6316,1.6224,1.6272,27928.4
2026-04-17 00:00:00+00:00,1.6272,1.6278,1.6131,1.6165,43052.9
2026-04-17 01:00:00+00:00,1.6165,1.6194,1.6079,1.6129,55455.3
2026-04-17 02:00:00+00:00,1.6129,1.6153,1.6041,1.6093,38108.6
2026-04-17 03:00:00+00:00,1.6093,1.6099,1.5951,1.5982,124350.2
2026-04-17 04:00:00+00:00,1.5982,1.6028,1.598,1.5989,36510.3
2026-04-17 05:00:00+00:00,1.5989,1.5998,1.5889,1.598,47122.0
2026-04-17 06:00:00+00:00,1.598,1.6042,1.5965,1.6023,33925.1
2026-04-17 07:00:00+00:00,1.6023,1.6069,1.6018,1.606,35953.9
2026-04-17 08:00:00+00:00,1.606,1.6229,1.605,1.6219,81150.5
2026-04-17 09:00:00+00:00,1.6219,1.628,1.6162,1.6206,48077.0
2026-04-17 10:00:00+00:00,1.6206,1.6236,1.61,1.6164,55053.5
2026-04-17 11:00:00+00:00,1.6164,1.6239,1.6139,1.6181,29338.1
2026-04-17 12:00:00+00:00,1.6181,1.6302,1.6148,1.6258,57589.3
2026-04-17 13:00:00+00:00,1.6258,1.6511,1.6213,1.6482,191201.7
2026-04-17 14:00:00+00:00,1.6482,1.6581,1.6344,1.6544,158764.8
2026-04-17 15:00:00+00:00,1.6544,1.6657,1.634,1.6379,210322.0
2026-04-17 16:00:00+00:00,1.6379,1.6465,1.6346,1.6377,50734.9
2026-04-17 17:00:00+00:00,1.6377,1.6389,1.6045,1.6057,273031.0
2026-04-17 18:00:00+00:00,1.6057,1.6076,1.5834,1.5882,217875.9
2026-04-17 19:00:00+00:00,1.5882,1.5979,1.5825,1.597,83812.5
2026-04-17 20:00:00+00:00,1.597,1.5994,1.5883,1.5969,39933.7
2026-04-17 21:00:00+00:00,1.5969,1.5989,1.5917,1.5955,42817.4
2026-04-17 22:00:00+00:00,1.5955,1.6018,1.5941,1.5985,15512.3
2026-04-17 23:00:00+00:00,1.5985,1.6002,1.5871,1.5893,39643.6
2026-04-18 00:00:00+00:00,1.5893,1.5912,1.5777,1.5901,51015.7
2026-04-18 01:00:00+00:00,1.5901,1.5941,1.5849,1.5882,26082.8
2026-04-18 02:00:00+00:00,1.5882,1.5915,1.5775,1.5873,95766.5
2026-04-18 03:00:00+00:00,1.5873,1.5873,1.5669,1.5685,54852.1
2026-04-18 04:00:00+00:00,1.5685,1.5803,1.5648,1.5776,42728.1
2026-04-18 05:00:00+00:00,1.5776,1.5897,1.5774,1.5836,44778.8
2026-04-18 06:00:00+00:00,1.5836,1.59,1.5794,1.5849,65361.1
2026-04-18 07:00:00+00:00,1.5849,1.594,1.5796,1.5935,176718.1
2026-04-18 08:00:00+00:00,1.5935,1.602,1.5439,1.5581,1079070.0
2026-04-18 09:00:00+00:00,1.5581,1.5586,1.5484,1.552,96172.0
2026-04-18 10:00:00+00:00,1.552,1.552,1.5302,1.5418,226343.8
2026-04-18 11:00:00+00:00,1.5418,1.5435,1.5317,1.541,101774.2
2026-04-18 12:00:00+00:00,1.541,1.5449,1.5341,1.54,80909.6
2026-04-18 13:00:00+00:00,1.54,1.5416,1.5238,1.5327,114186.7
2026-04-18 14:00:00+00:00,1.5327,1.5415,1.5301,1.54,48479.7
2026-04-18 15:00:00+00:00,1.54,1.5438,1.535,1.5396,14965.8
2026-04-18 16:00:00+00:00,1.5396,1.5526,1.5302,1.5467,101320.1
2026-04-18 17:00:00+00:00,1.5467,1.5536,1.5441,1.5503,42113.4
2026-04-18 18:00:00+00:00,1.5503,1.5506,1.5369,1.5399,79534.9
2026-04-18 19:00:00+00:00,1.5399,1.5503,1.5382,1.5447,102271.8
2026-04-18 20:00:00+00:00,1.5447,1.5498,1.5392,1.5466,24884.0
2026-04-18 21:00:00+00:00,1.5466,1.5491,1.5432,1.5465,26912.0
2026-04-18 22:00:00+00:00,1.5465,1.5499,1.5417,1.5478,16211.5
2026-04-18 23:00:00+00:00,1.5478,1.5513,1.5415,1.5418,38957.2
2026-04-19 00:00:00+00:00,1.5418,1.5453,1.533,1.5429,79930.1
2026-04-19 01:00:00+00:00,1.5429,1.5463,1.5374,1.5435,30114.3
2026-04-19 02:00:00+00:00,1.5435,1.5442,1.533,1.5389,28445.9
2026-04-19 03:00:00+00:00,1.5389,1.5457,1.5334,1.5383,21893.6
2026-04-19 04:00:00+00:00,1.5383,1.5433,1.5276,1.5328,34708.2
2026-04-19 05:00:00+00:00,1.5328,1.5372,1.5313,1.5313,13055.8
2026-04-19 06:00:00+00:00,1.5313,1.5407,1.5256,1.5388,40785.2
2026-04-19 07:00:00+00:00,1.5388,1.5389,1.525,1.5314,43135.8
2026-04-19 08:00:00+00:00,1.5314,1.5321,1.5266,1.5286,25568.8
2026-04-19 09:00:00+00:00,1.5286,1.5303,1.5184,1.525,72607.6
2026-04-19 10:00:00+00:00,1.525,1.5262,1.5199,1.5249,38982.5
2026-04-19 11:00:00+00:00,1.5249,1.5355,1.5243,1.5347,25765.1
2026-04-19 12:00:00+00:00,1.5347,1.5377,1.5315,1.5354,14064.9
2026-04-19 13:00:00+00:00,1.5354,1.5442,1.5346,1.5403,85774.1
2026-04-19 14:00:00+00:00,1.5403,1.5452,1.533,1.5409,74990.4
2026-04-19 15:00:00+00:00,1.5409,1.5419,1.5257,1.5359,53313.3
2026-04-19 16:00:00+00:00,1.5359,1.5391,1.5276,1.5291,27900.3
2026-04-19 17:00:00+00:00,1.5291,1.5335,1.5177,1.518,107983.0
2026-04-19 18:00:00+00:00,1.518,1.5237,1.5158,1.5207,24901.2
2026-04-19 19:00:00+00:00,1.5207,1.5249,1.5191,1.5206,12837.9
2026-04-19 20:00:00+00:00,1.5206,1.5209,1.5132,1.5153,21372.3
2026-04-19 21:00:00+00:00,1.5153,1.5242,1.5121,1.5138,15774.7
2026-04-19 22:00:00+00:00,1.5138,1.5139,1.4947,1.505,101981.8
2026-04-19 23:00:00+00:00,1.505,1.505,1.4991,1.5025,16172.0
2026-04-20 00:00:00+00:00,1.5025,1.5157,1.5025,1.514,26133.4
2026-04-20 01:00:00+00:00,1.514,1.5158,1.5077,1.5132,17708.2
2026-04-20 02:00:00+00:00,1.5132,1.5133,1.5064,1.5083,12550.6
2026-04-20 03:00:00+00:00,1.5083,1.5139,1.5034,1.5129,39345.2
2026-04-20 04:00:00+00:00,1.5129,1.514,1.5071,1.5128,18578.1
2026-04-20 05:00:00+00:00,1.5128,1.5132,1.5017,1.504,21228.4
2026-04-20 06:00:00+00:00,1.504,1.5156,1.503,1.5117,47606.3
2026-04-20 07:00:00+00:00,1.5117,1.533,1.5113,1.5184,58414.9
2026-04-20 08:00:00+00:00,1.5184,1.5222,1.5145,1.5163,23243.0
2026-04-20 09:00:00+00:00,1.5163,1.5254,1.5138,1.5233,33677.4
2026-04-20 10:00:00+00:00,1.5233,1.5319,1.5233,1.524,22356.6
2026-04-20 11:00:00+00:00,1.524,1.5267,1.5202,1.523,7257.7
2026-04-20 12:00:00+00:00,1.523,1.5316,1.5205,1.5249,16196.5
2026-04-20 13:00:00+00:00,1.5249,1.536,1.5191,1.53,51978.6
2026-04-20 14:00:00+00:00,1.53,1.5369,1.5205,1.5233,35667.0
2026-04-20 15:00:00+00:00,1.5233,1.534,1.517,1.5325,17773.9
2026-04-20 16:00:00+00:00,1.5325,1.5344,1.5251,1.5251,18199.5
2026-04-20 17:00:00+00:00,1.5251,1.5339,1.5251,1.5322,6894.7
2026-04-20 18:00:00+00:00,1.5322,1.5407,1.5316,1.5385,18826.2
2026-04-20 19:00:00+00:00,1.5385,1.5394,1.5338,1.536,8426.9
2026-04-20 20:00:00+00:00,1.536,1.5405,1.5333,1.5394,7984.1
2026-04-20 21:00:00+00:00,1.5394,1.5421,1.5297,1.5333,24583.1
2026-04-20 22:00:00+00:00,1.5333,1.5372,1.5312,1.5318,8273.6
2026-04-20 23:00:00+00:00,1.5318,1.5318,1.5269,1.5278,16496.2
2026-04-21 00:00:00+00:00,1.5278,1.541,1.5278,1.5384,15864.3
2026-04-21 01:00:00+00:00,1.5384,1.5413,1.5341,1.536,25872.4
2026-04-21 02:00:00+00:00,1.536,1.5362,1.5264,1.5268,13116.2
2026-04-21 03:00:00+00:00,1.5268,1.5291,1.5194,1.5282,21745.7
2026-04-21 04:00:00+00:00,1.5282,1.5284,1.5235,1.5281,6004.6
2026-04-21 05:00:00+00:00,1.5281,1.5341,1.5281,1.5299,9942.0
2026-04-21 06:00:00+00:00,1.5299,1.5359,1.5262,1.5306,8819.5
2026-04-21 07:00:00+00:00,1.5306,1.5377,1.5284,1.5361,6419.6
2026-04-21 08:00:00+00:00,1.5361,1.5491,1.5328,1.5433,35966.1
2026-04-21 09:00:00+00:00,1.5433,1.5492,1.5404,1.5447,24565.8
2026-04-21 10:00:00+00:00,1.5447,1.5563,1.5447,1.5535,21691.9
2026-04-21 11:00:00+00:00,1.5535,1.5535,1.539,1.5398,58621.9
2026-04-21 12:00:00+00:00,1.5398,1.5413,1.5249,1.5328,55857.2
2026-04-21 13:00:00+00:00,1.5328,1.5363,1.528,1.5353,35641.4
2026-04-21 14:00:00+00:00,1.5353,1.5438,1.5291,1.5301,21054.5
2026-04-21 15:00:00+00:00,1.5301,1.5396,1.5265,1.537,22319.6
2026-04-21 16:00:00+00:00,1.537,1.5395,1.5307,1.5307,19863.2
2026-04-21 17:00:00+00:00,1.5307,1.5394,1.5207,1.533,35497.5
2026-04-21 18:00:00+00:00,1.533,1.533,1.5212,1.5267,30813.1
2026-04-21 19:00:00+00:00,1.5267,1.5311,1.5141,1.5171,36716.2
2026-04-21 20:00:00+00:00,1.5171,1.5287,1.5154,1.525,24796.5
2026-04-21 21:00:00+00:00,1.525,1.5253,1.5186,1.5243,8778.4
2026-04-21 22:00:00+00:00,1.5243,1.5283,1.5229,1.5282,13656.7
2026-04-21 23:00:00+00:00,1.5282,1.538,1.5279,1.5361,14518.6
2026-04-22 00:00:00+00:00,1.5361,1.5421,1.5361,1.5375,11341.0
2026-04-22 01:00:00+00:00,1.5375,1.5386,1.5316,1.5339,6535.8
2026-04-22 02:00:00+00:00,1.5339,1.5586,1.5319,1.5575,63921.7
2026-04-22 03:00:00+00:00,1.5575,1.5599,1.5511,1.5546,31949.4
2026-04-22 04:00:00+00:00,1.5546,1.5571,1.5504,1.5539,31101.7
2026-04-22 05:00:00+00:00,1.5539,1.5743,1.5539,1.5657,108575.4
2026-04-22 06:00:00+00:00,1.5657,1.5695,1.5614,1.5695,33144.3
2026-04-22 07:00:00+00:00,1.5695,1.5716,1.5658,1.5671,17948.3
2026-04-22 08:00:00+00:00,1.5671,1.5702,1.5598,1.5654,33801.4
2026-04-22 09:00:00+00:00,1.5654,1.5687,1.5625,1.5638,11894.4
2026-04-22 10:00:00+00:00,1.5638,1.5681,1.5621,1.567,12910.1
2026-04-22 11:00:00+00:00,1.567,1.5672,1.559,1.5619,10653.2
2026-04-22 12:00:00+00:00,1.5619,1.5657,1.553,1.5587,35610.1
2026-04-22 13:00:00+00:00,1.5587,1.5797,1.5565,1.5751,58072.8
2026-04-22 14:00:00+00:00,1.5751,1.5835,1.5639,1.566,55951.6
2026-04-22 15:00:00+00:00,1.566,1.5664,1.5302,1.5338,91719.5
2026-04-22 16:00:00+00:00,1.5338,1.5402,1.4991,1.5011,152573.3
2026-04-22 17:00:00+00:00,1.5011,1.5207,1.4944,1.5192,122980.1
2026-04-22 18:00:00+00:00,1.5192,1.5299,1.5177,1.5208,69073.2
2026-04-22 19:00:00+00:00,1.5208,1.5292,1.5185,1.5246,38557.9
2026-04-22 20:00:00+00:00,1.5246,1.5251,1.5173,1.5173,32298.8
2026-04-22 21:00:00+00:00,1.5173,1.5231,1.5173,1.5221,8521.8
2026-04-22 22:00:00+00:00,1.5221,1.5246,1.5176,1.5204,20712.2
2026-04-22 23:00:00+00:00,1.5204,1.5205,1.5142,1.5164,13238.1
2026-04-23 00:00:00+00:00,1.5164,1.5197,1.5014,1.5167,57132.4
2026-04-23 01:00:00+00:00,1.5167,1.5174,1.5021,1.5021,33706.2
2026-04-23 02:00:00+00:00,1.5021,1.5028,1.4951,1.5004,24974.8
2026-04-23 03:00:00+00:00,1.5004,1.5012,1.4865,1.4921,33033.3
2026-04-23 04:00:00+00:00,1.4921,1.5005,1.49,1.5005,10302.7
2026-04-23 05:00:00+00:00,1.5005,1.5063,1.4991,1.5055,35094.5
2026-04-23 06:00:00+00:00,1.5055,1.5111,1.5053,1.507,21296.1
2026-04-23 07:00:00+00:00,1.507,1.5075,1.4962,1.4971,13724.2
2026-04-23 08:00:00+00:00,1.4971,1.5003,1.4954,1.4983,12737.2
2026-04-23 09:00:00+00:00,1.4983,1.4984,1.4889,1.4917,11585.6
2026-04-23 10:00:00+00:00,1.4917,1.4929,1.4842,1.4906,29869.0
2026-04-23 11:00:00+00:00,1.4906,1.5006,1.4902,1.4967,25063.4
2026-04-23 12:00:00+00:00,1.4967,1.5009,1.4922,1.4968,23203.5
2026-04-23 13:00:00+00:00,1.4968,1.5015,1.496,1.4972,20007.1
2026-04-23 14:00:00+00:00,1.4972,1.5033,1.4963,1.5025,22723.2
2026-04-23 15:00:00+00:00,1.5025,1.5141,1.4996,1.5063,25025.7
2026-04-23 16:00:00+00:00,1.5063,1.5099,1.5038,1.5046,7908.4
2026-04-23 17:00:00+00:00,1.5046,1.5083,1.4862,1.5001,34663.1
2026-04-23 18:00:00+00:00,1.5001,1.503,1.4979,1.4981,10885.7
2026-04-23 19:00:00+00:00,1.4981,1.5021,1.495,1.502,7276.5
2026-04-23 20:00:00+00:00,1.502,1.5074,1.501,1.5042,8600.8
2026-04-23 21:00:00+00:00,1.5042,1.5082,1.4995,1.5062,6869.2
2026-04-23 22:00:00+00:00,1.5062,1.5114,1.5046,1.507,3423.4
2026-04-23 23:00:00+00:00,1.507,1.5092,1.5059,1.5082,7766.1
2026-04-24 00:00:00+00:00,1.5082,1.5116,1.5057,1.5106,10139.8
2026-04-24 01:00:00+00:00,1.5106,1.5116,1.5022,1.5099,14197.5
2026-04-24 02:00:00+00:00,1.5099,1.5099,1.4975,1.4994,7194.2
2026-04-24 03:00:00+00:00,1.4994,1.5048,1.4935,1.5007,77806.3
2026-04-24 04:00:00+00:00,1.5007,1.5038,1.4986,1.5029,10324.0
2026-04-24 05:00:00+00:00,1.5029,1.5059,1.4972,1.5025,7387.1
2026-04-24 06:00:00+00:00,1.5025,1.5053,1.5001,1.5025,5774.2
2026-04-24 07:00:00+00:00,1.5025,1.5063,1.5016,1.5047,6626.5
2026-04-24 08:00:00+00:00,1.5047,1.509,1.504,1.5069,4536.0
2026-04-24 09:00:00+00:00,1.5069,1.5072,1.498,1.5019,5790.8
2026-04-24 10:00:00+00:00,1.5019,1.5069,1.5002,1.5059,5525.0
2026-04-24 11:00:00+00:00,1.5059,1.5146,1.5057,1.5109,20780.3
2026-04-24 12:00:00+00:00,1.5109,1.5134,1.5052,1.5082,8252.7
2026-04-24 13:00:00+00:00,1.5082,1.5174,1.5082,1.514,41596.5
2026-04-24 14:00:00+00:00,1.514,1.5152,1.508,1.5102,7967.4
2026-04-24 15:00:00+00:00,1.5102,1.517,1.5044,1.5141,25488.3
2026-04-24 16:00:00+00:00,1.5141,1.5151,1.5024,1.5059,16802.7
2026-04-24 17:00:00+00:00,1.5059,1.5071,1.5014,1.5054,9096.3
2026-04-24 18:00:00+00:00,1.5054,1.5057,1.5,1.5043,2413.3
2026-04-24 19:00:00+00:00,1.5043,1.5096,1.5041,1.5075,1601.8
2026-04-24 20:00:00+00:00,1.5075,1.5095,1.5044,1.5089,6454.2
2026-04-24 21:00:00+00:00,1.5089,1.5111,1.5013,1.5024,19942.8
2026-04-24 22:00:00+00:00,1.5024,1.5037,1.491,1.5014,31855.4
2026-04-24 23:00:00+00:00,1.5014,1.5052,1.4996,1.5007,9242.7
2026-04-25 00:00:00+00:00,1.5007,1.5018,1.4983,1.5007,2791.8
2026-04-25 01:00:00+00:00,1.5007,1.504,1.4981,1.5029,5729.2
2026-04-25 02:00:00+00:00,1.5029,1.5067,1.5004,1.506,7989.0
2026-04-25 03:00:00+00:00,1.506,1.5077,1.5042,1.5042,7696.6
2026-04-25 04:00:00+00:00,1.5042,1.506,1.5028,1.5037,9135.4
2026-04-25 05:00:00+00:00,1.5037,1.5039,1.501,1.501,2036.3
2026-04-25 06:00:00+00:00,1.501,1.5075,1.501,1.5046,4677.0
2026-04-25 07:00:00+00:00,1.5046,1.5057,1.5028,1.505,11371.7
2026-04-25 08:00:00+00:00,1.505,1.5074,1.5049,1.5068,3459.8
2026-04-25 09:00:00+00:00,1.5068,1.5162,1.5068,1.5103,30611.5
2026-04-25 10:00:00+00:00,1.5103,1.5192,1.5093,1.5138,25408.4
2026-04-25 11:00:00+00:00,1.5138,1.5163,1.5055,1.51,17817.8
2026-04-25 12:00:00+00:00,1.51,1.5115,1.5004,1.5024,18794.6
2026-04-25 13:00:00+00:00,1.5024,1.5064,1.5019,1.5049,8451.1
2026-04-25 14:00:00+00:00,1.5049,1.5069,1.5007,1.5008,11738.1
2026-04-25 15:00:00+00:00,1.5008,1.5031,1.4952,1.4952,22214.8
2026-04-25 16:00:00+00:00,1.4952,1.4984,1.4886,1.4946,46597.8
2026-04-25 17:00:00+00:00,1.4946,1.4946,1.4897,1.4902,9878.4
2026-04-25 18:00:00+00:00,1.4902,1.497,1.4901,1.4927,9175.9
2026-04-25 19:00:00+00:00,1.4927,1.4956,1.4921,1.495,2617.2
2026-04-25 20:00:00+00:00,1.495,1.4982,1.4947,1.4977,2072.7
2026-04-25 21:00:00+00:00,1.4977,1.5012,1.4977,1.4986,9806.2
2026-04-25 22:00:00+00:00,1.4986,1.5032,1.4985,1.5008,10471.0
2026-04-25 23:00:00+00:00,1.5008,1.5022,1.4991,1.5,2175.5
2026-04-26 00:00:00+00:00,1.5,1.5028,1.4974,1.4992,13212.6
2026-04-26 01:00:00+00:00,1.4992,1.5005,1.4968,1.4971,5904.6
2026-04-26 02:00:00+00:00,1.4971,1.5095,1.4971,1.5024,27194.1
2026-04-26 03:00:00+00:00,1.5024,1.5082,1.5018,1.5044,4779.7
2026-04-26 04:00:00+00:00,1.5044,1.5147,1.5027,1.5117,12851.3
2026-04-26 05:00:00+00:00,1.5117,1.516,1.5099,1.5117,27396.4
2026-04-26 06:00:00+00:00,1.5117,1.5173,1.5103,1.5103,35044.3
2026-04-26 07:00:00+00:00,1.5103,1.5117,1.5087,1.5111,10737.1
2026-04-26 08:00:00+00:00,1.5111,1.5132,1.5086,1.5088,9715.3
2026-04-26 09:00:00+00:00,1.5088,1.511,1.5063,1.511,14040.5
2026-04-26 10:00:00+00:00,1.511,1.5125,1.5094,1.5119,1829.7
2026-04-26 11:00:00+00:00,1.5119,1.5161,1.5101,1.5149,5979.8
2026-04-26 12:00:00+00:00,1.5149,1.5169,1.5119,1.5134,8233.1
2026-04-26 13:00:00+00:00,1.5134,1.5142,1.5112,1.5129,5365.4
2026-04-26 14:00:00+00:00,1.5129,1.5221,1.5086,1.5179,104882.9
2026-04-26 15:00:00+00:00,1.5179,1.5228,1.5177,1.5177,19863.0
2026-04-26 16:00:00+00:00,1.5177,1.5223,1.5165,1.5201,12769.2
2026-04-26 17:00:00+00:00,1.5201,1.5235,1.5173,1.5226,11398.6
2026-04-26 18:00:00+00:00,1.5226,1.5349,1.5225,1.5308,47269.9
2026-04-26 19:00:00+00:00,1.5308,1.5351,1.5287,1.5334,13722.4
2026-04-26 20:00:00+00:00,1.5334,1.5369,1.5312,1.5312,11156.6
2026-04-26 21:00:00+00:00,1.5312,1.5377,1.5264,1.5321,22018.2
2026-04-26 22:00:00+00:00,1.5321,1.5363,1.5259,1.5291,10590.8
2026-04-26 23:00:00+00:00,1.5291,1.5316,1.5228,1.5283,13454.9
2026-04-27 00:00:00+00:00,1.5283,1.5389,1.526,1.5384,18694.8
2026-04-27 01:00:00+00:00,1.5384,1.5418,1.5294,1.5385,48604.9
2026-04-27 02:00:00+00:00,1.5385,1.542,1.5371,1.5405,16714.7
2026-04-27 03:00:00+00:00,1.5405,1.5434,1.5364,1.5364,12533.9
2026-04-27 04:00:00+00:00,1.5364,1.5382,1.53,1.5304,4988.8
2026-04-27 05:00:00+00:00,1.5304,1.5313,1.5089,1.5132,81569.4
2026-04-27 06:00:00+00:00,1.5132,1.5132,1.5038,1.5081,15899.7
2026-04-27 07:00:00+00:00,1.5081,1.5098,1.5045,1.507,12846.0
2026-04-27 08:00:00+00:00,1.507,1.5084,1.5038,1.5083,11581.6
2026-04-27 09:00:00+00:00,1.5083,1.5116,1.5077,1.5093,27003.7
2026-04-27 10:00:00+00:00,1.5093,1.5105,1.5072,1.508,5104.3
2026-04-27 11:00:00+00:00,1.508,1.5087,1.5037,1.5087,30781.5
2026-04-27 12:00:00+00:00,1.5087,1.5091,1.5025,1.5034,10856.1
2026-04-27 13:00:00+00:00,1.5034,1.506,1.4949,1.501,34569.4
2026-04-27 14:00:00+00:00,1.501,1.5093,1.5001,1.5016,30710.8
2026-04-27 15:00:00+00:00,1.5016,1.5017,1.4802,1.4937,101763.1
2026-04-27 16:00:00+00:00,1.4937,1.4995,1.4908,1.4951,22607.9
2026-04-27 17:00:00+00:00,1.4951,1.5005,1.4951,1.4968,11512.5
2026-04-27 18:00:00+00:00,1.4968,1.4996,1.4953,1.4975,6284.9
2026-04-27 19:00:00+00:00,1.4975,1.501,1.4922,1.4974,17376.2
2026-04-27 20:00:00+00:00,1.4974,1.5011,1.4968,1.4984,12428.0
2026-04-27 21:00:00+00:00,1.4984,1.4999,1.4953,1.4953,7730.4
2026-04-27 22:00:00+00:00,1.4953,1.5005,1.494,1.5001,7826.5
2026-04-27 23:00:00+00:00,1.5001,1.5076,1.4998,1.5066,5928.2
2026-04-28 00:00:00+00:00,1.5066,1.5073,1.5017,1.5054,19659.1
2026-04-28 01:00:00+00:00,1.5054,1.5071,1.501,1.5025,9572.0
2026-04-28 02:00:00+00:00,1.5025,1.5046,1.4948,1.498,7447.7
2026-04-28 03:00:00+00:00,1.498,1.4996,1.4945,1.4996,6552.5
2026-04-28 04:00:00+00:00,1.4996,1.5032,1.4944,1.4978,7175.9
2026-04-28 05:00:00+00:00,1.4978,1.5026,1.497,1.4978,4807.2
2026-04-28 06:00:00+00:00,1.4978,1.5004,1.4917,1.4967,8532.2
2026-04-28 07:00:00+00:00,1.4967,1.4978,1.4917,1.4978,14936.4
2026-04-28 08:00:00+00:00,1.4978,1.4989,1.4941,1.4962,3009.2
2026-04-28 09:00:00+00:00,1.4962,1.4977,1.4895,1.4922,5626.4
2026-04-28 10:00:00+00:00,1.4922,1.495,1.4883,1.4883,14310.5
2026-04-28 11:00:00+00:00,1.4883,1.4896,1.4821,1.4838,22017.6
2026-04-28 12:00:00+00:00,1.4838,1.4881,1.4819,1.486,29991.9
2026-04-28 13:00:00+00:00,1.486,1.4903,1.4762,1.4859,58624.4
2026-04-28 14:00:00+00:00,1.4859,1.4862,1.4786,1.4856,8945.1
2026-04-28 15:00:00+00:00,1.4856,1.4889,1.4855,1.4883,5076.5
2026-04-28 16:00:00+00:00,1.4883,1.4942,1.4867,1.4922,7907.5
2026-04-28 17:00:00+00:00,1.4922,1.4936,1.4883,1.493,3893.4
2026-04-28 18:00:00+00:00,1.493,1.4958,1.4919,1.4946,18624.5
2026-04-28 19:00:00+00:00,1.4946,1.4972,1.4907,1.496,8687.7
2026-04-28 20:00:00+00:00,1.496,1.5008,1.4958,1.4979,19625.0
2026-04-28 21:00:00+00:00,1.4979,1.4999,1.4954,1.4966,6986.4
2026-04-28 22:00:00+00:00,1.4966,1.5018,1.4954,1.498,12864.4
2026-04-28 23:00:00+00:00,1.498,1.5036,1.4974,1.5016,17175.3
2026-04-29 00:00:00+00:00,1.5016,1.5089,1.5012,1.5089,24261.8
2026-04-29 01:00:00+00:00,1.5089,1.5108,1.501,1.5089,18021.5
2026-04-29 02:00:00+00:00,1.5089,1.5116,1.5036,1.5048,7769.9
2026-04-29 03:00:00+00:00,1.5048,1.5156,1.5048,1.5138,11347.7
2026-04-29 04:00:00+00:00,1.5138,1.5207,1.5131,1.5166,14107.8
2026-04-29 05:00:00+00:00,1.5166,1.5174,1.5111,1.5165,9387.8
2026-04-29 06:00:00+00:00,1.5165,1.521,1.5128,1.5144,10728.0
2026-04-29 07:00:00+00:00,1.5144,1.5182,1.5123,1.5129,11970.5
2026-04-29 08:00:00+00:00,1.5129,1.5152,1.5096,1.5132,22825.0
2026-04-29 09:00:00+00:00,1.5132,1.5264,1.511,1.525,26535.3
2026-04-29 10:00:00+00:00,1.525,1.5283,1.5206,1.5224,23878.7
2026-04-29 11:00:00+00:00,1.5224,1.5238,1.5102,1.5116,13709.0
2026-04-29 12:00:00+00:00,1.5116,1.5124,1.5015,1.5053,26021.2
2026-04-29 13:00:00+00:00,1.5053,1.5069,1.4919,1.497,43643.8
2026-04-29 14:00:00+00:00,1.497,1.5003,1.4911,1.4945,16733.7
2026-04-29 15:00:00+00:00,1.4945,1.4948,1.48,1.4822,44076.6
2026-04-29 16:00:00+00:00,1.4822,1.4877,1.4785,1.4833,20848.2
2026-04-29 17:00:00+00:00,1.4833,1.4888,1.4826,1.4888,8250.5
2026-04-29 18:00:00+00:00,1.4888,1.4902,1.4626,1.4741,131757.6
2026-04-29 19:00:00+00:00,1.4741,1.4754,1.4655,1.4704,88593.5
2026-04-29 20:00:00+00:00,1.4704,1.4717,1.4535,1.467,132485.9
2026-04-29 21:00:00+00:00,1.467,1.4772,1.4646,1.473,54684.3
2026-04-29 22:00:00+00:00,1.473,1.4771,1.4712,1.4745,6366.8
2026-04-29 23:00:00+00:00,1.4745,1.4775,1.4706,1.475,18257.5
2026-04-30 00:00:00+00:00,1.475,1.4855,1.4734,1.4846,13827.5
2026-04-30 01:00:00+00:00,1.4846,1.4854,1.4785,1.4819,13338.5
2026-04-30 02:00:00+00:00,1.4819,1.4835,1.4648,1.4689,18039.8
2026-04-30 03:00:00+00:00,1.4689,1.4732,1.4667,1.47,12689.3
2026-04-30 04:00:00+00:00,1.47,1.4702,1.4585,1.4587,38529.9
2026-04-30 05:00:00+00:00,1.4587,1.4632,1.4524,1.4599,35416.9
2026-04-30 06:00:00+00:00,1.4599,1.4641,1.4582,1.4612,19847.4
2026-04-30 07:00:00+00:00,1.4612,1.4687,1.4592,1.4638,40868.9
2026-04-30 08:00:00+00:00,1.4638,1.4657,1.4608,1.4613,13497.9
2026-04-30 09:00:00+00:00,1.4613,1.466,1.458,1.4583,18964.6
2026-04-30 10:00:00+00:00,1.4583,1.4589,1.4531,1.4589,20405.2
2026-04-30 11:00:00+00:00,1.4589,1.4657,1.4545,1.4573,27585.9
2026-04-30 12:00:00+00:00,1.4573,1.4645,1.4551,1.4554,8911.1
2026-04-30 13:00:00+00:00,1.4554,1.4595,1.4525,1.454,13885.4
2026-04-30 14:00:00+00:00,1.454,1.4577,1.4473,1.4527,47965.9
2026-04-30 15:00:00+00:00,1.4527,1.4599,1.4527,1.455,19002.0
2026-04-30 16:00:00+00:00,1.455,1.4553,1.4441,1.4463,34164.6
2026-04-30 17:00:00+00:00,1.4463,1.4513,1.446,1.4487,18666.8
2026-04-30 18:00:00+00:00,1.4487,1.4534,1.448,1.449,21857.4
2026-04-30 19:00:00+00:00,1.449,1.4512,1.447,1.447,4813.5
2026-04-30 20:00:00+00:00,1.447,1.4499,1.4459,1.4475,14882.6
2026-04-30 21:00:00+00:00,1.4475,1.4491,1.4451,1.4461,11248.0
2026-04-30 22:00:00+00:00,1.4461,1.4485,1.4425,1.4439,15950.5
2026-04-30 23:00:00+00:00,1.4439,1.4478,1.4436,1.447,4979.7
2026-05-01 00:00:00+00:00,1.447,1.4535,1.4465,1.4488,10801.1
2026-05-01 01:00:00+00:00,1.4488,1.4529,1.4474,1.4518,10182.5
2026-05-01 02:00:00+00:00,1.4518,1.4528,1.4476,1.4505,5241.4
2026-05-01 03:00:00+00:00,1.4505,1.4615,1.4499,1.4518,14567.0
2026-05-01 04:00:00+00:00,1.4518,1.4553,1.451,1.4531,9964.0
2026-05-01 05:00:00+00:00,1.4531,1.4545,1.4513,1.4533,7510.6
2026-05-01 06:00:00+00:00,1.4533,1.4547,1.4496,1.4523,9213.2
2026-05-01 07:00:00+00:00,1.4523,1.4527,1.4475,1.4496,6852.1
2026-05-01 08:00:00+00:00,1.4496,1.4548,1.4485,1.4509,7886.2
2026-05-01 09:00:00+00:00,1.4509,1.4512,1.4462,1.4495,6782.7
2026-05-01 10:00:00+00:00,1.4495,1.4498,1.4447,1.4482,19409.3
2026-05-01 11:00:00+00:00,1.4482,1.4522,1.4462,1.4495,24346.7
2026-05-01 12:00:00+00:00,1.4495,1.4564,1.4491,1.4523,23611.3
2026-05-01 13:00:00+00:00,1.4523,1.4647,1.4518,1.4627,25951.6
2026-05-01 14:00:00+00:00,1.4627,1.4644,1.4544,1.4599,18909.3
2026-05-01 15:00:00+00:00,1.4599,1.4609,1.4522,1.455,31297.1
2026-05-01 16:00:00+00:00,1.455,1.4606,1.4517,1.4517,9391.1
2026-05-01 17:00:00+00:00,1.4517,1.4633,1.4506,1.4603,30146.0
2026-05-01 18:00:00+00:00,1.4603,1.4615,1.4575,1.4575,5369.7
2026-05-01 19:00:00+00:00,1.4575,1.4595,1.4546,1.4555,7683.6
2026-05-01 20:00:00+00:00,1.4555,1.457,1.4498,1.4524,7601.5
2026-05-01 21:00:00+00:00,1.4524,1.4571,1.4515,1.455,6870.5
2026-05-01 22:00:00+00:00,1.455,1.4572,1.4504,1.4517,3612.3
2026-05-01 23:00:00+00:00,1.4517,1.4527,1.4487,1.4509,8782.9
2026-05-02 00:00:00+00:00,1.4509,1.4563,1.4487,1.4563,5826.4
2026-05-02 01:00:00+00:00,1.4563,1.4601,1.4559,1.4595,7361.3
2026-05-02 02:00:00+00:00,1.4595,1.4601,1.4542,1.4552,11466.6
2026-05-02 03:00:00+00:00,1.4552,1.4563,1.4534,1.4555,2811.8
2026-05-02 04:00:00+00:00,1.4555,1.4555,1.4492,1.4493,6779.2
2026-05-02 05:00:00+00:00,1.4493,1.4503,1.443,1.448,36109.6
2026-05-02 06:00:00+00:00,1.448,1.4525,1.4465,1.4518,9096.1
2026-05-02 07:00:00+00:00,1.4518,1.453,1.4481,1.4488,1291.5
2026-05-02 08:00:00+00:00,1.4488,1.4503,1.4479,1.4501,3149.2
2026-05-02 09:00:00+00:00,1.4501,1.4518,1.4488,1.4497,4132.5
2026-05-02 10:00:00+00:00,1.4497,1.4498,1.4474,1.4485,3512.2
2026-05-02 11:00:00+00:00,1.4485,1.4499,1.4474,1.4497,2049.1
2026-05-02 12:00:00+00:00,1.4497,1.4532,1.4483,1.45,10201.4
2026-05-02 13:00:00+00:00,1.45,1.4547,1.4495,1.4538,4597.0
2026-05-02 14:00:00+00:00,1.4538,1.4656,1.4534,1.4646,50569.1
2026-05-02 15:00:00+00:00,1.4646,1.4683,1.4639,1.4661,19706.9
2026-05-02 16:00:00+00:00,1.4661,1.469,1.4645,1.466,16035.5
2026-05-02 17:00:00+00:00,1.466,1.4676,1.4644,1.4655,6724.5
2026-05-02 18:00:00+00:00,1.4655,1.468,1.4623,1.4677,18254.2
2026-05-02 19:00:00+00:00,1.4677,1.4711,1.465,1.4676,17011.9
2026-05-02 20:00:00+00:00,1.4676,1.4719,1.4671,1.4702,21513.7
2026-05-02 21:00:00+00:00,1.4702,1.4776,1.4688,1.4744,19022.2
2026-05-02 22:00:00+00:00,1.4744,1.4744,1.4647,1.4712,39890.5
2026-05-02 23:00:00+00:00,1.4712,1.4712,1.4657,1.4663,3364.4
2026-05-03 00:00:00+00:00,1.4663,1.4672,1.4587,1.4641,20246.5
2026-05-03 01:00:00+00:00,1.4641,1.4642,1.4541,1.457,23914.3
2026-05-03 02:00:00+00:00,1.457,1.4581,1.454,1.4562,24197.8
2026-05-03 03:00:00+00:00,1.4562,1.4589,1.4545,1.4583,17810.1
2026-05-03 04:00:00+00:00,1.4583,1.4589,1.4551,1.4565,5795.8
2026-05-03 05:00:00+00:00,1.4565,1.4605,1.4565,1.46,6387.8
2026-05-03 06:00:00+00:00,1.46,1.46,1.4545,1.4573,7176.9
2026-05-03 07:00:00+00:00,1.4573,1.4627,1.4573,1.4599,4677.7
2026-05-03 08:00:00+00:00,1.4599,1.465,1.4591,1.4628,5914.9
2026-05-03 09:00:00+00:00,1.4628,1.4779,1.4621,1.4757,50297.1
2026-05-03 10:00:00+00:00,1.4757,1.4774,1.4714,1.4716,32306.0
2026-05-03 11:00:00+00:00,1.4716,1.4847,1.469,1.482,24362.9
2026-05-03 12:00:00+00:00,1.482,1.4872,1.4818,1.4831,31553.8
2026-05-03 13:00:00+00:00,1.4831,1.4852,1.4794,1.4819,36122.5
2026-05-03 14:00:00+00:00,1.4819,1.5042,1.4819,1.5042,64579.0
2026-05-03 15:00:00+00:00,1.5042,1.5247,1.5036,1.5107,147839.0
2026-05-03 16:00:00+00:00,1.5107,1.5115,1.5027,1.5038,32165.7
2026-05-03 17:00:00+00:00,1.5038,1.51,1.5003,1.5057,22842.6
2026-05-03 18:00:00+00:00,1.5057,1.5072,1.5002,1.502,22690.8
2026-05-03 19:00:00+00:00,1.502,1.5022,1.4976,1.501,23864.5
2026-05-03 20:00:00+00:00,1.501,1.5051,1.497,1.4979,20660.5
2026-05-03 21:00:00+00:00,1.4979,1.5055,1.4939,1.5004,26934.1
2026-05-03 22:00:00+00:00,1.5004,1.5053,1.4986,1.4992,12027.7
2026-05-03 23:00:00+00:00,1.4992,1.501,1.4883,1.4903,23969.8
2026-05-04 00:00:00+00:00,1.4903,1.4968,1.4877,1.496,10341.0
2026-05-04 01:00:00+00:00,1.496,1.5062,1.4933,1.5035,19958.0
2026-05-04 02:00:00+00:00,1.5035,1.5122,1.5011,1.5071,16345.3
2026-05-04 03:00:00+00:00,1.5071,1.5098,1.5028,1.508,8948.9
2026-05-04 04:00:00+00:00,1.508,1.532,1.508,1.5192,44041.2
2026-05-04 05:00:00+00:00,1.5192,1.5213,1.5146,1.5171,35395.7
2026-05-04 06:00:00+00:00,1.5171,1.5171,1.5049,1.512,14273.2
2026-05-04 07:00:00+00:00,1.512,1.517,1.5097,1.5141,36094.0
2026-05-04 08:00:00+00:00,1.5141,1.5143,1.5078,1.511,23738.3
2026-05-04 09:00:00+00:00,1.511,1.5177,1.5094,1.5156,13401.6
2026-05-04 10:00:00+00:00,1.5156,1.5161,1.491,1.4999,79497.4
2026-05-04 11:00:00+00:00,1.4999,1.5012,1.4921,1.4955,83955.4
2026-05-04 12:00:00+00:00,1.4955,1.4966,1.4896,1.4934,34957.8
2026-05-04 13:00:00+00:00,1.4934,1.4997,1.4831,1.4966,49804.0
2026-05-04 14:00:00+00:00,1.4966,1.5112,1.49,1.5071,35105.3
2026-05-04 15:00:00+00:00,1.5071,1.5071,1.4934,1.5005,54720.4
2026-05-04 16:00:00+00:00,1.5005,1.5064,1.4944,1.5033,26147.9
2026-05-04 17:00:00+00:00,1.5033,1.5098,1.5033,1.5065,9061.9
2026-05-04 18:00:00+00:00,1.5065,1.5114,1.502,1.504,33879.1
2026-05-04 19:00:00+00:00,1.504,1.5049,1.5,1.5014,67340.4
2026-05-04 20:00:00+00:00,1.5014,1.5014,1.4964,1.497,7796.9
2026-05-04 21:00:00+00:00,1.497,1.5045,1.497,1.5039,21766.0
2026-05-04 22:00:00+00:00,1.5039,1.504,1.4987,1.4997,13257.0
2026-05-04 23:00:00+00:00,1.4997,1.4997,1.4967,1.4983,18201.6
2026-05-05 00:00:00+00:00,1.4983,1.506,1.4981,1.5047,10958.5
2026-05-05 01:00:00+00:00,1.5047,1.5085,1.5026,1.5069,19648.7
2026-05-05 02:00:00+00:00,1.5069,1.5172,1.5056,1.5118,25800.5
2026-05-05 03:00:00+00:00,1.5118,1.5184,1.5114,1.514,9901.1
2026-05-05 04:00:00+00:00,1.514,1.5148,1.508,1.51,22323.7
2026-05-05 05:00:00+00:00,1.51,1.5157,1.5077,1.5122,18755.5
2026-05-05 06:00:00+00:00,1.5122,1.5124,1.5058,1.51,19605.0
2026-05-05 07:00:00+00:00,1.51,1.5162,1.5081,1.5147,8405.9
2026-05-05 08:00:00+00:00,1.5147,1.52,1.5137,1.514,21451.8
2026-05-05 09:00:00+00:00,1.514,1.5149,1.5098,1.5106,14729.4
2026-05-05 10:00:00+00:00,1.5106,1.518,1.5096,1.5156,9613.3
2026-05-05 11:00:00+00:00,1.5156,1.5185,1.5126,1.5173,7206.7
2026-05-05 12:00:00+00:00,1.5173,1.5198,1.5145,1.5185,8669.8
2026-05-05 13:00:00+00:00,1.5185,1.5248,1.5149,1.5191,36671.4
2026-05-05 14:00:00+00:00,1.5191,1.5213,1.5085,1.5132,25484.5
2026-05-05 15:00:00+00:00,1.5132,1.5158,1.5111,1.513,20132.4
2026-05-05 16:00:00+00:00,1.513,1.5156,1.5097,1.5138,27678.4
2026-05-05 17:00:00+00:00,1.5138,1.5147,1.5114,1.5146,4498.4
2026-05-05 18:00:00+00:00,1.5146,1.5175,1.5125,1.5128,15689.7
2026-05-05 19:00:00+00:00,1.5128,1.5131,1.5084,1.5118,8076.5
2026-05-05 20:00:00+00:00,1.5118,1.5184,1.5095,1.5183,14665.1
2026-05-05 21:00:00+00:00,1.5183,1.5215,1.5127,1.5161,49372.4
2026-05-05 22:00:00+00:00,1.5161,1.5194,1.5065,1.5118,37240.4
2026-05-05 23:00:00+00:00,1.5118,1.512,1.5037,1.5074,15727.6
2026-05-06 00:00:00+00:00,1.5074,1.5117,1.5034,1.5111,9704.8
2026-05-06 01:00:00+00:00,1.5111,1.5189,1.509,1.5169,18060.9
2026-05-06 02:00:00+00:00,1.5169,1.5175,1.5098,1.5143,8371.2
2026-05-06 03:00:00+00:00,1.5143,1.5222,1.5131,1.5204,10180.4
2026-05-06 04:00:00+00:00,1.5204,1.5287,1.519,1.5222,60070.4
2026-05-06 05:00:00+00:00,1.5222,1.5229,1.5139,1.5202,17315.5
2026-05-06 06:00:00+00:00,1.5202,1.5249,1.517,1.5249,7040.9
2026-05-06 07:00:00+00:00,1.5249,1.5299,1.5207,1.5225,32953.9
2026-05-06 08:00:00+00:00,1.5225,1.5367,1.5216,1.5365,33473.6
2026-05-06 09:00:00+00:00,1.5365,1.5496,1.5345,1.5483,102132.3
2026-05-06 10:00:00+00:00,1.5483,1.5824,1.5483,1.5815,221124.9
2026-05-06 11:00:00+00:00,1.5815,1.59,1.5804,1.5874,99451.7
2026-05-06 12:00:00+00:00,1.5874,1.5992,1.5832,1.5928,53185.7
2026-05-06 13:00:00+00:00,1.5928,1.5932,1.5561,1.5644,175352.1
2026-05-06 14:00:00+00:00,1.5644,1.5725,1.5573,1.5603,19708.2
2026-05-06 15:00:00+00:00,1.5603,1.572,1.558,1.5646,19353.6
2026-05-06 16:00:00+00:00,1.5646,1.5698,1.5556,1.5644,40945.5
2026-05-06 17:00:00+00:00,1.5644,1.5723,1.5614,1.5645,15229.6
2026-05-06 18:00:00+00:00,1.5645,1.5683,1.5605,1.5667,9254.8
2026-05-06 19:00:00+00:00,1.5667,1.5712,1.5661,1.5709,9096.1
2026-05-06 20:00:00+00:00,1.5709,1.5745,1.5635,1.5685,11653.6
2026-05-06 21:00:00+00:00,1.5685,1.5781,1.5651,1.5769,24988.0
2026-05-06 22:00:00+00:00,1.5769,1.5771,1.5659,1.5659,9860.4
2026-05-06 23:00:00+00:00,1.5659,1.5689,1.5594,1.5687,6456.1
2026-05-07 00:00:00+00:00,1.5687,1.5709,1.5552,1.556,10834.8
2026-05-07 01:00:00+00:00,1.556,1.556,1.5441,1.5491,33621.4
2026-05-07 02:00:00+00:00,1.5491,1.5528,1.5439,1.552,16468.3
2026-05-07 03:00:00+00:00,1.552,1.5545,1.5442,1.552,23995.2
2026-05-07 04:00:00+00:00,1.552,1.5568,1.55,1.5546,12551.2
2026-05-07 05:00:00+00:00,1.5546,1.5645,1.5546,1.5644,23576.9
2026-05-07 06:00:00+00:00,1.5644,1.5707,1.5562,1.5697,24806.5
2026-05-07 07:00:00+00:00,1.5697,1.5738,1.5676,1.5711,7568.0
2026-05-07 08:00:00+00:00,1.5711,1.5741,1.5662,1.5698,6590.8
2026-05-07 09:00:00+00:00,1.5698,1.5698,1.5469,1.5507,125961.2
2026-05-07 10:00:00+00:00,1.5507,1.5536,1.5431,1.55,15334.7
2026-05-07 11:00:00+00:00,1.55,1.5556,1.5492,1.5532,8390.4
2026-05-07 12:00:00+00:00,1.5532,1.5641,1.5523,1.5606,106361.9
2026-05-07 13:00:00+00:00,1.5606,1.5611,1.535,1.5402,134850.1
2026-05-07 14:00:00+00:00,1.5402,1.5424,1.5234,1.5318,83548.7
2026-05-07 15:00:00+00:00,1.5318,1.5334,1.5216,1.5272,24650.0
2026-05-07 16:00:00+00:00,1.5272,1.5294,1.5205,1.5221,19336.7
2026-05-07 17:00:00+00:00,1.5221,1.5305,1.5183,1.5305,33877.7
2026-05-07 18:00:00+00:00,1.5305,1.5307,1.52,1.5207,27005.7
2026-05-07 19:00:00+00:00,1.5207,1.5213,1.515,1.518,44811.9
2026-05-07 20:00:00+00:00,1.518,1.524,1.5151,1.5155,17247.3
2026-05-07 21:00:00+00:00,1.5155,1.5219,1.5128,1.5153,31339.8
2026-05-07 22:00:00+00:00,1.5153,1.5153,1.5048,1.5107,26281.1
2026-05-07 23:00:00+00:00,1.5107,1.5125,1.5091,1.5114,2943.2
2026-05-08 00:00:00+00:00,1.5114,1.5158,1.5091,1.5103,10927.5
2026-05-08 01:00:00+00:00,1.5103,1.5123,1.5052,1.5093,13737.8
2026-05-08 02:00:00+00:00,1.5093,1.5108,1.499,1.5071,49662.3
2026-05-08 03:00:00+00:00,1.5071,1.5176,1.5028,1.5132,56773.3
2026-05-08 04:00:00+00:00,1.5132,1.5198,1.512,1.5128,31472.2
2026-05-08 05:00:00+00:00,1.5128,1.5171,1.5121,1.5128,13204.6
2026-05-08 06:00:00+00:00,1.5128,1.5129,1.5072,1.5101,11638.2
2026-05-08 07:00:00+00:00,1.5101,1.5212,1.5053,1.5207,45661.0
2026-05-08 08:00:00+00:00,1.5207,1.5324,1.5204,1.525,45144.0
2026-05-08 09:00:00+00:00,1.525,1.5337,1.5246,1.5278,17605.5
2026-05-08 10:00:00+00:00,1.5278,1.5356,1.5231,1.534,33372.4
2026-05-08 11:00:00+00:00,1.534,1.5381,1.5317,1.5378,17561.0
2026-05-08 12:00:00+00:00,1.5378,1.5406,1.5276,1.5279,24555.9
2026-05-08 13:00:00+00:00,1.5279,1.5294,1.5226,1.528,10154.0
2026-05-08 14:00:00+00:00,1.528,1.5412,1.5278,1.5398,23166.7
2026-05-08 15:00:00+00:00,1.5398,1.5552,1.533,1.5464,66356.2
2026-05-08 16:00:00+00:00,1.5464,1.5481,1.5425,1.5452,21855.1
2026-05-08 17:00:00+00:00,1.5452,1.5568,1.5433,1.5523,19318.7
2026-05-08 18:00:00+00:00,1.5523,1.5595,1.5523,1.553,12986.0
2026-05-08 19:00:00+00:00,1.553,1.5579,1.5506,1.5557,9280.2
2026-05-08 20:00:00+00:00,1.5557,1.5583,1.5501,1.5518,5371.6
2026-05-08 21:00:00+00:00,1.5518,1.5609,1.5516,1.5579,12793.8
2026-05-08 22:00:00+00:00,1.5579,1.5648,1.5576,1.5599,27812.7
2026-05-08 23:00:00+00:00,1.5599,1.5644,1.5559,1.56,9005.1
2026-05-09 00:00:00+00:00,1.56,1.5727,1.5591,1.57,16647.0
2026-05-09 01:00:00+00:00,1.57,1.5833,1.57,1.5792,19006.2
2026-05-09 02:00:00+00:00,1.5792,1.5815,1.5745,1.578,6257.5
2026-05-09 03:00:00+00:00,1.578,1.58,1.5678,1.574,12402.9
2026-05-09 04:00:00+00:00,1.574,1.5789,1.5684,1.5686,10865.4
2026-05-09 05:00:00+00:00,1.5686,1.5723,1.5668,1.5676,25433.4
2026-05-09 06:00:00+00:00,1.5676,1.5686,1.5568,1.5606,19375.4
2026-05-09 07:00:00+00:00,1.5606,1.5613,1.5488,1.5501,30446.3
2026-05-09 08:00:00+00:00,1.5501,1.5579,1.5488,1.5535,27894.3
2026-05-09 09:00:00+00:00,1.5535,1.5548,1.5451,1.5484,14177.1
2026-05-09 10:00:00+00:00,1.5484,1.5517,1.5463,1.5506,5602.8
2026-05-09 11:00:00+00:00,1.5506,1.5541,1.55,1.5521,6494.1
2026-05-09 12:00:00+00:00,1.5521,1.5587,1.5487,1.557,54892.4
2026-05-09 13:00:00+00:00,1.557,1.5575,1.5512,1.5562,31085.9
2026-05-09 14:00:00+00:00,1.5562,1.5562,1.548,1.5526,11276.8
2026-05-09 15:00:00+00:00,1.5526,1.5534,1.5435,1.5511,38368.8
2026-05-09 16:00:00+00:00,1.5511,1.5554,1.5488,1.5495,17711.3
2026-05-09 17:00:00+00:00,1.5495,1.5598,1.5494,1.5575,9910.0
2026-05-09 18:00:00+00:00,1.5575,1.562,1.5572,1.5591,16340.8
2026-05-09 19:00:00+00:00,1.5591,1.5626,1.557,1.5609,3512.3
2026-05-09 20:00:00+00:00,1.5609,1.5621,1.5544,1.5574,10257.2
2026-05-09 21:00:00+00:00,1.5574,1.5608,1.5565,1.5573,7899.5
2026-05-09 22:00:00+00:00,1.5573,1.559,1.5549,1.5562,3119.7
2026-05-09 23:00:00+00:00,1.5562,1.5584,1.5516,1.553,3625.9
2026-05-10 00:00:00+00:00,1.553,1.557,1.5453,1.5461,29371.1
2026-05-10 01:00:00+00:00,1.5461,1.5463,1.5379,1.543,22862.8
2026-05-10 02:00:00+00:00,1.543,1.544,1.5225,1.5365,63071.3
2026-05-10 03:00:00+00:00,1.5365,1.543,1.5354,1.5407,4479.4
2026-05-10 04:00:00+00:00,1.5407,1.5407,1.5373,1.5386,4600.0
2026-05-10 05:00:00+00:00,1.5386,1.5446,1.5367,1.541,19081.9
2026-05-10 06:00:00+00:00,1.541,1.5507,1.5406,1.5497,22295.4
2026-05-10 07:00:00+00:00,1.5497,1.5728,1.5497,1.5573,121968.6
2026-05-10 08:00:00+00:00,1.5573,1.5606,1.556,1.5579,22097.1
2026-05-10 09:00:00+00:00,1.5579,1.5639,1.5575,1.558,21475.3
2026-05-10 10:00:00+00:00,1.558,1.5596,1.5525,1.5583,24058.2
2026-05-10 11:00:00+00:00,1.5583,1.5646,1.5519,1.5636,27752.8
2026-05-10 12:00:00+00:00,1.5636,1.5674,1.559,1.5668,3812.2
2026-05-10 13:00:00+00:00,1.5668,1.5897,1.5641,1.58,78171.5
2026-05-10 14:00:00+00:00,1.58,1.5868,1.5743,1.5823,22935.7
2026-05-10 15:00:00+00:00,1.5823,1.592,1.5814,1.5875,20501.5
2026-05-10 16:00:00+00:00,1.5875,1.5931,1.5831,1.5927,25440.5
2026-05-10 17:00:00+00:00,1.5927,1.6126,1.59,1.6089,50248.1
2026-05-10 18:00:00+00:00,1.6089,1.6456,1.6089,1.6335,168370.3
2026-05-10 19:00:00+00:00,1.6335,1.6408,1.626,1.6334,29897.0
2026-05-10 20:00:00+00:00,1.6334,1.6341,1.5864,1.6001,112104.0
2026-05-10 21:00:00+00:00,1.6001,1.6029,1.5901,1.5949,29181.1
2026-05-10 22:00:00+00:00,1.5949,1.6233,1.5915,1.621,39648.8
2026-05-10 23:00:00+00:00,1.621,1.6256,1.614,1.6155,19181.6
2026-05-11 00:00:00+00:00,1.6155,1.6217,1.5918,1.5962,33148.4
2026-05-11 01:00:00+00:00,1.5962,1.6036,1.5862,1.596,37657.1
2026-05-11 02:00:00+00:00,1.596,1.5985,1.5772,1.586,41458.1
2026-05-11 03:00:00+00:00,1.586,1.5862,1.5625,1.5721,42434.2
2026-05-11 04:00:00+00:00,1.5721,1.5783,1.5636,1.5761,55031.7
2026-05-11 05:00:00+00:00,1.5761,1.585,1.5749,1.5819,23754.4
2026-05-11 06:00:00+00:00,1.5819,1.586,1.5769,1.5792,8705.8
2026-05-11 07:00:00+00:00,1.5792,1.5795,1.5736,1.5783,25582.9
2026-05-11 08:00:00+00:00,1.5783,1.5865,1.573,1.5795,24185.4
2026-05-11 09:00:00+00:00,1.5795,1.5855,1.5795,1.5844,10352.7
2026-05-11 10:00:00+00:00,1.5844,1.5905,1.583,1.586,20177.2
2026-05-11 11:00:00+00:00,1.586,1.5935,1.5844,1.593,11644.8
2026-05-11 12:00:00+00:00,1.593,1.5956,1.5766,1.5768,98811.4
2026-05-11 13:00:00+00:00,1.5768,1.583,1.5671,1.5748,23485.4
2026-05-11 14:00:00+00:00,1.5748,1.582,1.5604,1.573,26574.5
2026-05-11 15:00:00+00:00,1.573,1.5767,1.5526,1.5755,54677.1
2026-05-11 16:00:00+00:00,1.5755,1.5802,1.5715,1.5745,22178.6
2026-05-11 17:00:00+00:00,1.5745,1.58,1.5682,1.5769,10953.9
2026-05-11 18:00:00+00:00,1.5769,1.5788,1.5689,1.5689,14401.7
2026-05-11 19:00:00+00:00,1.5689,1.5743,1.5642,1.5727,44678.3
2026-05-11 20:00:00+00:00,1.5727,1.5748,1.5665,1.5697,9901.8
2026-05-11 21:00:00+00:00,1.5697,1.5768,1.5696,1.5712,24293.9
2026-05-11 22:00:00+00:00,1.5712,1.5721,1.548,1.5642,158181.4
2026-05-11 23:00:00+00:00,1.5642,1.5728,1.5609,1.5673,11382.9
2026-05-12 00:00:00+00:00,1.5673,1.5704,1.563,1.568,11295.2
2026-05-12 01:00:00+00:00,1.568,1.571,1.544,1.5533,46912.6
2026-05-12 02:00:00+00:00,1.5533,1.5566,1.5471,1.5517,8155.4
2026-05-12 03:00:00+00:00,1.5517,1.558,1.5512,1.5527,8694.2
2026-05-12 04:00:00+00:00,1.5527,1.5613,1.5507,1.5586,10174.9
2026-05-12 05:00:00+00:00,1.5586,1.5622,1.5571,1.559,6122.1
2026-05-12 06:00:00+00:00,1.559,1.5598,1.5526,1.5541,4219.0
2026-05-12 07:00:00+00:00,1.5541,1.5598,1.5478,1.5542,18794.0
2026-05-12 08:00:00+00:00,1.5542,1.5551,1.5491,1.5509,11124.6
2026-05-12 09:00:00+00:00,1.5509,1.5554,1.5466,1.5552,7907.8
2026-05-12 10:00:00+00:00,1.5552,1.5573,1.5468,1.55,8162.9
2026-05-12 11:00:00+00:00,1.55,1.5521,1.5417,1.5487,25345.0
2026-05-12 12:00:00+00:00,1.5487,1.5553,1.5435,1.5525,24211.7
2026-05-12 13:00:00+00:00,1.5525,1.5555,1.536,1.5376,33636.3
2026-05-12 14:00:00+00:00,1.5376,1.543,1.5269,1.5324,51058.8
2026-05-12 15:00:00+00:00,1.5324,1.5348,1.513,1.5181,139746.8
2026-05-12 16:00:00+00:00,1.5181,1.5219,1.5115,1.5157,43344.8
2026-05-12 17:00:00+00:00,1.5157,1.5315,1.515,1.5244,49852.9
2026-05-12 18:00:00+00:00,1.5244,1.5321,1.524,1.5304,23553.2
2026-05-12 19:00:00+00:00,1.5304,1.5341,1.5258,1.531,37905.0
2026-05-12 20:00:00+00:00,1.531,1.5437,1.5304,1.542,24303.8
2026-05-12 21:00:00+00:00,1.542,1.5504,1.542,1.5446,18410.2
2026-05-12 22:00:00+00:00,1.5446,1.5512,1.5446,1.5469,10130.2
2026-05-12 23:00:00+00:00,1.5469,1.5484,1.5411,1.542,11085.7
2026-05-13 00:00:00+00:00,1.542,1.546,1.5347,1.537,9056.5
2026-05-13 01:00:00+00:00,1.537,1.5568,1.5365,1.5531,28256.4
2026-05-13 02:00:00+00:00,1.5531,1.561,1.5521,1.559,14369.4
2026-05-13 03:00:00+00:00,1.559,1.5657,1.5588,1.5643,18450.2
2026-05-13 04:00:00+00:00,1.5643,1.5661,1.5587,1.5604,18053.9
2026-05-13 05:00:00+00:00,1.5604,1.5628,1.5521,1.5545,2988.5
2026-05-13 06:00:00+00:00,1.5545,1.5578,1.5516,1.5516,11640.0
2026-05-13 07:00:00+00:00,1.5516,1.5565,1.5506,1.556,8187.4
2026-05-13 08:00:00+00:00,1.556,1.564,1.5521,1.5635,18068.0
2026-05-13 09:00:00+00:00,1.5635,1.5804,1.5631,1.5752,80631.7
2026-05-13 10:00:00+00:00,1.5752,1.5768,1.5653,1.5676,27848.0
2026-05-13 11:00:00+00:00,1.5676,1.5689,1.5515,1.554,33005.7
2026-05-13 12:00:00+00:00,1.554,1.559,1.5205,1.5319,184011.7
2026-05-13 13:00:00+00:00,1.5319,1.5441,1.5159,1.5219,76701.4
2026-05-13 14:00:00+00:00,1.5219,1.531,1.5124,1.5258,54073.2
2026-05-13 15:00:00+00:00,1.5258,1.5294,1.5039,1.5083,45652.0
2026-05-13 16:00:00+00:00,1.5083,1.5215,1.5075,1.5171,23288.4
2026-05-13 17:00:00+00:00,1.5171,1.521,1.5164,1.5201,7290.3
2026-05-13 18:00:00+00:00,1.5201,1.5287,1.52,1.525,5133.7
2026-05-13 19:00:00+00:00,1.525,1.5263,1.5189,1.5209,5168.6
2026-05-13 20:00:00+00:00,1.5209,1.5263,1.5205,1.5259,7799.7
2026-05-13 21:00:00+00:00,1.5259,1.5263,1.516,1.5189,20241.3
2026-05-13 22:00:00+00:00,1.5189,1.526,1.5145,1.5243,23514.8
2026-05-13 23:00:00+00:00,1.5243,1.527,1.522,1.5247,5577.1
2026-05-14 00:00:00+00:00,1.5247,1.5321,1.5235,1.5306,9671.9
2026-05-14 01:00:00+00:00,1.5306,1.5318,1.5256,1.5298,7728.5
2026-05-14 02:00:00+00:00,1.5298,1.5307,1.5178,1.5197,4497.3
2026-05-14 03:00:00+00:00,1.5197,1.5236,1.511,1.5124,14533.0
2026-05-14 04:00:00+00:00,1.5124,1.5215,1.5111,1.5203,25023.9
2026-05-14 05:00:00+00:00,1.5203,1.534,1.5201,1.5318,8754.7
2026-05-14 06:00:00+00:00,1.5318,1.5336,1.5204,1.5215,11659.2
2026-05-14 07:00:00+00:00,1.5215,1.5238,1.5173,1.5197,12156.5
2026-05-14 08:00:00+00:00,1.5197,1.5243,1.5163,1.5217,34180.4
2026-05-14 09:00:00+00:00,1.5217,1.5224,1.5136,1.5177,9489.9
2026-05-14 10:00:00+00:00,1.5177,1.5227,1.5136,1.5201,47447.0
2026-05-14 11:00:00+00:00,1.5201,1.521,1.5122,1.5134,9241.8
2026-05-14 12:00:00+00:00,1.5134,1.5255,1.5124,1.5248,9841.8
2026-05-14 13:00:00+00:00,1.5248,1.5269,1.5168,1.5178,19776.6
2026-05-14 14:00:00+00:00,1.5178,1.5378,1.5142,1.5341,21420.9
2026-05-14 15:00:00+00:00,1.5341,1.5441,1.531,1.5422,30068.1
2026-05-14 16:00:00+00:00,1.5422,1.5501,1.5352,1.5448,33065.5
2026-05-14 17:00:00+00:00,1.5448,1.5518,1.5373,1.5434,28475.2
2026-05-14 18:00:00+00:00,1.5434,1.5492,1.539,1.545,29961.1
2026-05-14 19:00:00+00:00,1.545,1.5472,1.5385,1.5398,9151.0
2026-05-14 20:00:00+00:00,1.5398,1.5418,1.5352,1.539,6867.2
2026-05-14 21:00:00+00:00,1.539,1.54,1.5332,1.5354,20573.3
2026-05-14 22:00:00+00:00,1.5354,1.5379,1.5342,1.5342,2929.1
2026-05-14 23:00:00+00:00,1.5342,1.5343,1.525,1.5275,19200.1
2026-05-15 00:00:00+00:00,1.5275,1.5392,1.527,1.5326,4659.7
2026-05-15 01:00:00+00:00,1.5326,1.5356,1.5254,1.5254,3364.3
2026-05-15 02:00:00+00:00,1.5254,1.529,1.5187,1.5265,18948.1
2026-05-15 03:00:00+00:00,1.5265,1.5289,1.5228,1.525,12729.5
2026-05-15 04:00:00+00:00,1.525,1.525,1.5169,1.517,10688.8
2026-05-15 05:00:00+00:00,1.517,1.5192,1.5031,1.5066,29615.6
2026-05-15 06:00:00+00:00,1.5066,1.5189,1.5054,1.5172,16309.5
2026-05-15 07:00:00+00:00,1.5172,1.5265,1.514,1.5199,14136.4
2026-05-15 08:00:00+00:00,1.5199,1.5207,1.5137,1.5186,13854.3
2026-05-15 09:00:00+00:00,1.5186,1.5202,1.513,1.5144,6672.5
2026-05-15 10:00:00+00:00,1.5144,1.532,1.5137,1.5293,27732.8
2026-05-15 11:00:00+00:00,1.5293,1.5319,1.5224,1.5237,15912.7
2026-05-15 12:00:00+00:00,1.5237,1.5245,1.5152,1.516,12046.9
2026-05-15 13:00:00+00:00,1.516,1.5162,1.4828,1.4865,135115.1
2026-05-15 14:00:00+00:00,1.4865,1.5021,1.4816,1.4958,76004.8
2026-05-15 15:00:00+00:00,1.4958,1.5001,1.4916,1.4982,16986.1
2026-05-15 16:00:00+00:00,1.4982,1.5018,1.4933,1.4994,17539.6
2026-05-15 17:00:00+00:00,1.4994,1.5029,1.497,1.4999,13179.3
2026-05-15 18:00:00+00:00,1.4999,1.502,1.4946,1.4983,7008.0
2026-05-15 19:00:00+00:00,1.4983,1.4998,1.4922,1.4958,9165.9
2026-05-15 20:00:00+00:00,1.4958,1.4981,1.4912,1.4937,25755.9
2026-05-15 21:00:00+00:00,1.4937,1.4963,1.49,1.4909,10147.7
2026-05-15 22:00:00+00:00,1.4909,1.4933,1.4887,1.4932,8880.5
2026-05-15 23:00:00+00:00,1.4932,1.4957,1.4928,1.4942,4125.3
2026-05-16 00:00:00+00:00,1.4942,1.4998,1.4889,1.4958,8810.0
2026-05-16 01:00:00+00:00,1.4958,1.5003,1.4952,1.4993,23924.3
2026-05-16 02:00:00+00:00,1.4993,1.5008,1.4955,1.4973,5131.3
2026-05-16 03:00:00+00:00,1.4973,1.4987,1.4903,1.4919,9883.2
2026-05-16 04:00:00+00:00,1.4919,1.4931,1.4846,1.4893,15517.9
2026-05-16 05:00:00+00:00,1.4893,1.4936,1.4865,1.4926,15852.4
2026-05-16 06:00:00+00:00,1.4926,1.493,1.4757,1.4795,24695.7
2026-05-16 07:00:00+00:00,1.4795,1.4795,1.4633,1.4741,37516.8
2026-05-16 08:00:00+00:00,1.4741,1.4772,1.4729,1.4743,9755.3
2026-05-16 09:00:00+00:00,1.4743,1.4746,1.4538,1.4606,84537.8
2026-05-16 10:00:00+00:00,1.4606,1.4634,1.4532,1.4612,30272.9
2026-05-16 11:00:00+00:00,1.4612,1.4727,1.4612,1.4672,34705.2
2026-05-16 12:00:00+00:00,1.4672,1.4706,1.4642,1.4699,13230.0
2026-05-16 13:00:00+00:00,1.4699,1.4719,1.467,1.4691,9311.4
2026-05-16 14:00:00+00:00,1.4691,1.4738,1.4651,1.4691,10372.6
2026-05-16 15:00:00+00:00,1.4691,1.4754,1.4689,1.4744,8171.5
2026-05-16 16:00:00+00:00,1.4744,1.4775,1.4712,1.4749,26259.8
2026-05-16 17:00:00+00:00,1.4749,1.4766,1.4738,1.4753,2133.1
2026-05-16 18:00:00+00:00,1.4753,1.4771,1.473,1.4748,2522.5
2026-05-16 19:00:00+00:00,1.4748,1.4748,1.4718,1.472,5863.5
2026-05-16 20:00:00+00:00,1.472,1.4759,1.472,1.4743,2680.6
2026-05-16 21:00:00+00:00,1.4743,1.4747,1.4725,1.4746,11940.5
2026-05-16 22:00:00+00:00,1.4746,1.4755,1.472,1.4728,2665.3
2026-05-16 23:00:00+00:00,1.4728,1.4743,1.4716,1.4716,2367.9
2026-05-17 00:00:00+00:00,1.4716,1.4753,1.4652,1.4668,21749.0
2026-05-17 01:00:00+00:00,1.4668,1.4708,1.4622,1.4647,7326.3
2026-05-17 02:00:00+00:00,1.4647,1.467,1.4634,1.4653,4053.9
2026-05-17 03:00:00+00:00,1.4653,1.472,1.465,1.4694,4799.9
2026-05-17 04:00:00+00:00,1.4694,1.4766,1.4689,1.4759,5390.9
2026-05-17 05:00:00+00:00,1.4759,1.4801,1.4752,1.4752,11541.8
2026-05-17 06:00:00+00:00,1.4752,1.4763,1.469,1.4715,13567.8
2026-05-17 07:00:00+00:00,1.4715,1.4749,1.4704,1.4716,6003.0
2026-05-17 08:00:00+00:00,1.4716,1.4757,1.4695,1.4748,12608.4
2026-05-17 09:00:00+00:00,1.4748,1.4783,1.428,1.4517,303201.4
2026-05-17 10:00:00+00:00,1.4517,1.4674,1.4516,1.467,54117.5
2026-05-17 11:00:00+00:00,1.467,1.4745,1.4665,1.4702,20026.5
2026-05-17 12:00:00+00:00,1.4702,1.4748,1.469,1.4726,7535.7
2026-05-17 13:00:00+00:00,1.4726,1.4733,1.4639,1.4671,7189.8
2026-05-17 14:00:00+00:00,1.4671,1.4675,1.4568,1.4607,14241.8
2026-05-17 15:00:00+00:00,1.4607,1.4622,1.4545,1.4596,9617.0
2026-05-17 16:00:00+00:00,1.4596,1.4637,1.4557,1.4567,7845.2
2026-05-17 17:00:00+00:00,1.4567,1.4574,1.4525,1.4565,8856.4
2026-05-17 18:00:00+00:00,1.4565,1.466,1.4489,1.466,22416.8
2026-05-17 19:00:00+00:00,1.466,1.4677,1.4641,1.466,11242.0
2026-05-17 20:00:00+00:00,1.466,1.467,1.4611,1.464,10410.5
2026-05-17 21:00:00+00:00,1.464,1.4696,1.462,1.4676,20460.8
2026-05-17 22:00:00+00:00,1.4676,1.4676,1.4546,1.4578,5343.3
2026-05-17 23:00:00+00:00,1.4578,1.4578,1.4078,1.4419,299212.6
2026-05-18 00:00:00+00:00,1.4419,1.4444,1.4332,1.4438,23727.0
2026-05-18 01:00:00+00:00,1.4438,1.4465,1.4371,1.4439,15350.8
2026-05-18 02:00:00+00:00,1.4439,1.4481,1.4391,1.4412,7184.6
2026-05-18 03:00:00+00:00,1.4412,1.4424,1.4258,1.4288,62315.7
2026-05-18 04:00:00+00:00,1.4288,1.4324,1.423,1.4323,20174.8
2026-05-18 05:00:00+00:00,1.4323,1.4324,1.4275,1.4297,6769.5
2026-05-18 06:00:00+00:00,1.4297,1.4325,1.4245,1.4299,19482.7
2026-05-18 07:00:00+00:00,1.4299,1.434,1.4214,1.4277,30117.1
2026-05-18 08:00:00+00:00,1.4277,1.4306,1.42,1.4219,13993.1
2026-05-18 09:00:00+00:00,1.4219,1.4232,1.4188,1.4205,10389.9
2026-05-18 10:00:00+00:00,1.4205,1.4205,1.4046,1.4061,68963.7
2026-05-18 11:00:00+00:00,1.4061,1.4206,1.4041,1.4141,30950.2
2026-05-18 12:00:00+00:00,1.4141,1.4231,1.4141,1.4159,15901.5
2026-05-18 13:00:00+00:00,1.4159,1.4159,1.4073,1.4126,23783.9
2026-05-18 14:00:00+00:00,1.4126,1.4132,1.3976,1.4031,31420.0
2026-05-18 15:00:00+00:00,1.4031,1.406,1.3968,1.4032,21555.0
2026-05-18 16:00:00+00:00,1.4032,1.4066,1.3936,1.4041,35604.6
2026-05-18 17:00:00+00:00,1.4041,1.411,1.402,1.4042,16066.3
2026-05-18 18:00:00+00:00,1.4042,1.4044,1.392,1.3935,16749.5
2026-05-18 19:00:00+00:00,1.3935,1.4125,1.3921,1.4103,27409.5
2026-05-18 20:00:00+00:00,1.4103,1.4138,1.4025,1.405,10433.4
2026-05-18 21:00:00+00:00,1.405,1.4205,1.4025,1.4194,9882.9
2026-05-18 22:00:00+00:00,1.4194,1.4239,1.4152,1.4201,25437.3
2026-05-18 23:00:00+00:00,1.4201,1.4231,1.4161,1.4186,12903.4
2026-05-19 00:00:00+00:00,1.4186,1.4284,1.4184,1.4235,15235.6
2026-05-19 01:00:00+00:00,1.4235,1.4235,1.4172,1.4173,10278.9
2026-05-19 02:00:00+00:00,1.4173,1.42,1.4126,1.4128,15411.5
2026-05-19 03:00:00+00:00,1.4128,1.4178,1.4097,1.4141,15431.9
2026-05-19 04:00:00+00:00,1.4141,1.4205,1.4122,1.418,7351.3
2026-05-19 05:00:00+00:00,1.418,1.4189,1.41,1.4176,6999.0
2026-05-19 06:00:00+00:00,1.4176,1.421,1.4169,1.4196,7394.4
2026-05-19 07:00:00+00:00,1.4196,1.4258,1.4174,1.4244,4985.3
2026-05-19 08:00:00+00:00,1.4244,1.4245,1.417,1.4175,24972.5
2026-05-19 09:00:00+00:00,1.4175,1.4175,1.4083,1.4126,16622.2
2026-05-19 10:00:00+00:00,1.4126,1.4126,1.4036,1.4076,7012.4
2026-05-19 11:00:00+00:00,1.4076,1.408,1.3976,1.3992,39737.7
2026-05-19 12:00:00+00:00,1.3992,1.4033,1.3983,1.4022,11410.5
2026-05-19 13:00:00+00:00,1.4022,1.4085,1.399,1.4062,14545.1
2026-05-19 14:00:00+00:00,1.4062,1.4073,1.3863,1.3925,63900.1
2026-05-19 15:00:00+00:00,1.3925,1.3971,1.3903,1.3919,16096.0
2026-05-19 16:00:00+00:00,1.3919,1.3979,1.3887,1.3979,15589.0
2026-05-19 17:00:00+00:00,1.3979,1.4005,1.3915,1.394,11028.3
2026-05-19 18:00:00+00:00,1.394,1.3964,1.389,1.394,9080.1
2026-05-19 19:00:00+00:00,1.394,1.4002,1.393,1.394,9279.9
2026-05-19 20:00:00+00:00,1.394,1.4011,1.3939,1.4002,11871.4
2026-05-19 21:00:00+00:00,1.4002,1.4039,1.397,1.397,30242.4
2026-05-19 22:00:00+00:00,1.397,1.3975,1.393,1.3944,8512.0
2026-05-19 23:00:00+00:00,1.3944,1.4004,1.3935,1.3973,4883.7
2026-05-20 00:00:00+00:00,1.3973,1.3994,1.3922,1.3959,8271.0
2026-05-20 01:00:00+00:00,1.3959,1.4032,1.3935,1.402,13075.0
2026-05-20 02:00:00+00:00,1.402,1.403,1.3957,1.3965,5333.0
2026-05-20 03:00:00+00:00,1.3965,1.4025,1.396,1.3989,8939.1
2026-05-20 04:00:00+00:00,1.3989,1.4009,1.3969,1.3995,3784.5
2026-05-20 05:00:00+00:00,1.3995,1.4099,1.3995,1.407,29494.3
2026-05-20 06:00:00+00:00,1.407,1.4182,1.4053,1.4135,42775.1
2026-05-20 07:00:00+00:00,1.4135,1.4161,1.4118,1.4129,14813.9
2026-05-20 08:00:00+00:00,1.4129,1.4197,1.4125,1.4171,13863.3
2026-05-20 09:00:00+00:00,1.4171,1.4178,1.4115,1.412,8891.1
2026-05-20 10:00:00+00:00,1.412,1.4163,1.412,1.4148,6160.5
2026-05-20 11:00:00+00:00,1.4148,1.4173,1.4122,1.4145,9753.6
2026-05-20 12:00:00+00:00,1.4145,1.434,1.4138,1.4322,46321.1
2026-05-20 13:00:00+00:00,1.4322,1.4361,1.4151,1.4222,66880.6
2026-05-20 14:00:00+00:00,1.4222,1.4397,1.4205,1.4379,30314.8
2026-05-20 15:00:00+00:00,1.4379,1.4465,1.435,1.444,29436.5
2026-05-20 16:00:00+00:00,1.444,1.4695,1.444,1.4624,108203.9
2026-05-20 17:00:00+00:00,1.4624,1.4692,1.4604,1.466,24811.0
2026-05-20 18:00:00+00:00,1.466,1.4668,1.4583,1.4595,13649.2
2026-05-20 19:00:00+00:00,1.4595,1.4651,1.4547,1.4639,23463.3
2026-05-20 20:00:00+00:00,1.4639,1.4682,1.4598,1.4665,35512.3
2026-05-20 21:00:00+00:00,1.4665,1.468,1.4544,1.456,27247.0
2026-05-20 22:00:00+00:00,1.456,1.4572,1.4454,1.4566,57834.4
2026-05-20 23:00:00+00:00,1.4566,1.4612,1.4537,1.4604,4643.9
2026-05-21 00:00:00+00:00,1.4604,1.4685,1.46,1.468,19388.5
2026-05-21 01:00:00+00:00,1.468,1.4709,1.4634,1.464,11064.5
2026-05-21 02:00:00+00:00,1.464,1.4724,1.464,1.4693,12510.0
2026-05-21 03:00:00+00:00,1.4693,1.4708,1.4663,1.4689,16192.0
2026-05-21 04:00:00+00:00,1.4689,1.4715,1.4625,1.4664,16111.5
2026-05-21 05:00:00+00:00,1.4664,1.4671,1.4532,1.4549,15517.0
2026-05-21 06:00:00+00:00,1.4549,1.4561,1.4476,1.4498,13009.1
2026-05-21 07:00:00+00:00,1.4498,1.4524,1.448,1.4515,15094.8
2026-05-21 08:00:00+00:00,1.4515,1.4576,1.451,1.4539,8463.1
2026-05-21 09:00:00+00:00,1.4539,1.4564,1.4507,1.4511,9043.9
2026-05-21 10:00:00+00:00,1.4511,1.4543,1.4351,1.4367,34863.5
2026-05-21 11:00:00+00:00,1.4367,1.4441,1.4326,1.4387,31709.0
2026-05-21 12:00:00+00:00,1.4387,1.441,1.4323,1.4398,11719.3
2026-05-21 13:00:00+00:00,1.4398,1.4455,1.4313,1.4439,12640.9
2026-05-21 14:00:00+00:00,1.4439,1.4474,1.437,1.4422,21620.3
2026-05-21 15:00:00+00:00,1.4422,1.4505,1.4398,1.4465,13981.9
2026-05-21 16:00:00+00:00,1.4465,1.451,1.4392,1.4426,13605.3
2026-05-21 17:00:00+00:00,1.4426,1.461,1.4426,1.4566,31407.6
2026-05-21 18:00:00+00:00,1.4566,1.4579,1.4446,1.4482,13425.9
2026-05-21 19:00:00+00:00,1.4482,1.457,1.4477,1.4549,14115.3
2026-05-21 20:00:00+00:00,1.4549,1.4558,1.4506,1.4509,20074.1
2026-05-21 21:00:00+00:00,1.4509,1.4559,1.4509,1.4534,8881.7
2026-05-21 22:00:00+00:00,1.4534,1.4541,1.4484,1.45,11697.0
2026-05-21 23:00:00+00:00,1.45,1.4562,1.4478,1.4534,9052.0
2026-05-22 00:00:00+00:00,1.4534,1.4539,1.4463,1.4469,8897.5
2026-05-22 01:00:00+00:00,1.4469,1.4521,1.4457,1.4512,11379.0
2026-05-22 02:00:00+00:00,1.4512,1.4585,1.4512,1.456,14110.7
2026-05-22 03:00:00+00:00,1.456,1.4589,1.4534,1.4556,16413.5
2026-05-22 04:00:00+00:00,1.4556,1.4634,1.4536,1.4573,18199.9
2026-05-22 05:00:00+00:00,1.4573,1.4604,1.4505,1.4514,8566.3
2026-05-22 06:00:00+00:00,1.4514,1.4524,1.4466,1.4479,4728.1
2026-05-22 07:00:00+00:00,1.4479,1.4527,1.4432,1.4496,14282.0
2026-05-22 08:00:00+00:00,1.4496,1.4538,1.4418,1.4474,20308.4
2026-05-22 09:00:00+00:00,1.4474,1.4496,1.4436,1.4441,7046.0
2026-05-22 10:00:00+00:00,1.4441,1.4458,1.4374,1.4413,18954.2
2026-05-22 11:00:00+00:00,1.4413,1.4469,1.4403,1.4461,9273.9
2026-05-22 12:00:00+00:00,1.4461,1.4551,1.4455,1.4544,17818.3
2026-05-22 13:00:00+00:00,1.4544,1.4555,1.447,1.4535,24729.2
2026-05-22 14:00:00+00:00,1.4535,1.4535,1.4375,1.4398,31643.6
2026-05-22 15:00:00+00:00,1.4398,1.4525,1.4329,1.4511,25764.9
2026-05-22 16:00:00+00:00,1.4511,1.458,1.4479,1.4546,24609.4
2026-05-22 17:00:00+00:00,1.4546,1.4566,1.4466,1.4472,23076.4
2026-05-22 18:00:00+00:00,1.4472,1.4495,1.4211,1.4302,86606.8
2026-05-22 19:00:00+00:00,1.4302,1.4321,1.4043,1.4184,124822.7
2026-05-22 20:00:00+00:00,1.4184,1.4234,1.4151,1.4205,16609.6
2026-05-22 21:00:00+00:00,1.4205,1.4255,1.4178,1.4241,25900.0
2026-05-22 22:00:00+00:00,1.4241,1.4255,1.4161,1.4212,5036.1
2026-05-22 23:00:00+00:00,1.4212,1.4247,1.4062,1.415,14426.6
2026-05-23 00:00:00+00:00,1.415,1.4204,1.4088,1.4185,30918.4
2026-05-23 01:00:00+00:00,1.4185,1.4245,1.4171,1.4206,34412.6
2026-05-23 02:00:00+00:00,1.4206,1.4248,1.4199,1.4238,6980.5
2026-05-23 03:00:00+00:00,1.4238,1.4258,1.421,1.4224,5192.6
2026-05-23 04:00:00+00:00,1.4224,1.4227,1.4153,1.4159,2468.9
2026-05-23 05:00:00+00:00,1.4159,1.4175,1.4117,1.4163,4781.5
2026-05-23 06:00:00+00:00,1.4163,1.4171,1.4113,1.4129,36136.9
2026-05-23 07:00:00+00:00,1.4129,1.4142,1.3723,1.3833,168978.2
2026-05-23 08:00:00+00:00,1.3833,1.3835,1.3618,1.3777,100272.9
2026-05-23 09:00:00+00:00,1.3777,1.3837,1.3752,1.3761,78539.1
2026-05-23 10:00:00+00:00,1.3761,1.3785,1.3722,1.3773,29202.2
2026-05-23 11:00:00+00:00,1.3773,1.3832,1.3773,1.3791,22564.4
2026-05-23 12:00:00+00:00,1.3791,1.3827,1.377,1.38,21602.4
2026-05-23 13:00:00+00:00,1.38,1.3887,1.38,1.3881,14819.5
2026-05-23 14:00:00+00:00,1.3881,1.4053,1.386,1.4002,53288.5
2026-05-23 15:00:00+00:00,1.4002,1.408,1.398,1.4017,26140.6
2026-05-23 16:00:00+00:00,1.4017,1.4078,1.4005,1.4052,13596.4
2026-05-23 17:00:00+00:00,1.4052,1.4088,1.4031,1.4078,4780.5
2026-05-23 18:00:00+00:00,1.4078,1.4194,1.407,1.4138,29592.8
2026-05-23 19:00:00+00:00,1.4138,1.4162,1.4096,1.4147,15260.7
2026-05-23 20:00:00+00:00,1.4147,1.4399,1.4132,1.4399,45712.2
2026-05-23 21:00:00+00:00,1.4399,1.4423,1.4227,1.4273,25511.4
2026-05-23 22:00:00+00:00,1.4273,1.4317,1.4201,1.428,10456.6
2026-05-23 23:00:00+00:00,1.428,1.431,1.4265,1.4295,12899.6
2026-05-24 00:00:00+00:00,1.4295,1.4315,1.4216,1.4234,16726.4
2026-05-24 01:00:00+00:00,1.4234,1.4262,1.4199,1.4234,10159.7
2026-05-24 02:00:00+00:00,1.4234,1.4246,1.4147,1.4192,27601.0
2026-05-24 03:00:00+00:00,1.4192,1.4225,1.4145,1.4154,5678.8
2026-05-24 04:00:00+00:00,1.4154,1.4195,1.4154,1.4172,6054.6
2026-05-24 05:00:00+00:00,1.4172,1.4172,1.4112,1.4146,6584.3
2026-05-24 06:00:00+00:00,1.4146,1.4186,1.4122,1.4166,5798.8
2026-05-24 07:00:00+00:00,1.4166,1.4176,1.4132,1.416,2459.6
2026-05-24 08:00:00+00:00,1.416,1.418,1.4121,1.4163,7821.6
2026-05-24 09:00:00+00:00,1.4163,1.4214,1.4154,1.4174,26311.9
2026-05-24 10:00:00+00:00,1.4174,1.4236,1.4155,1.4193,7769.8
2026-05-24 11:00:00+00:00,1.4193,1.4222,1.4185,1.4217,12690.5
2026-05-24 12:00:00+00:00,1.4217,1.4225,1.414,1.417,12387.8
2026-05-24 13:00:00+00:00,1.417,1.4181,1.4067,1.4102,19564.7
2026-05-24 14:00:00+00:00,1.4102,1.4109,1.3938,1.4051,33882.6
2026-05-24 15:00:00+00:00,1.4051,1.4054,1.4017,1.404,4602.6
2026-05-24 16:00:00+00:00,1.404,1.4074,1.3997,1.4043,7449.9
2026-05-24 17:00:00+00:00,1.4043,1.4069,1.4027,1.4047,4548.2
2026-05-24 18:00:00+00:00,1.4047,1.4053,1.399,1.4011,3568.2
2026-05-24 19:00:00+00:00,1.4011,1.4035,1.4001,1.4022,6806.1
2026-05-24 20:00:00+00:00,1.4022,1.403,1.3911,1.3934,33623.7
2026-05-24 21:00:00+00:00,1.3934,1.3969,1.3794,1.3809,19385.6
2026-05-24 22:00:00+00:00,1.3809,1.3961,1.3806,1.391,11666.2
2026-05-24 23:00:00+00:00,1.391,1.3987,1.391,1.3945,26095.8
2026-05-25 00:00:00+00:00,1.3945,1.4073,1.3944,1.4008,29226.9
2026-05-25 01:00:00+00:00,1.4008,1.4034,1.393,1.393,9025.9
2026-05-25 02:00:00+00:00,1.393,1.4044,1.393,1.3966,7859.3
2026-05-25 03:00:00+00:00,1.3966,1.4009,1.3953,1.4,12018.4
2026-05-25 04:00:00+00:00,1.4,1.4094,1.3986,1.4077,9212.1
2026-05-25 05:00:00+00:00,1.4077,1.4154,1.4077,1.4135,13943.7
2026-05-25 06:00:00+00:00,1.4135,1.4308,1.413,1.4271,59940.2
2026-05-25 07:00:00+00:00,1.4271,1.4328,1.4239,1.4296,33325.3
2026-05-25 08:00:00+00:00,1.4296,1.432,1.4268,1.4274,15651.2
2026-05-25 09:00:00+00:00,1.4274,1.431,1.4271,1.4288,9613.4
2026-05-25 10:00:00+00:00,1.4288,1.4331,1.4279,1.4328,16450.4
2026-05-25 11:00:00+00:00,1.4328,1.435,1.4283,1.4285,12195.5
2026-05-25 12:00:00+00:00,1.4285,1.4446,1.4275,1.4403,61658.2
2026-05-25 13:00:00+00:00,1.4403,1.4469,1.4403,1.4461,48484.2
2026-05-25 14:00:00+00:00,1.4461,1.4651,1.4459,1.4539,172691.8
2026-05-25 15:00:00+00:00,1.4539,1.4626,1.4513,1.4584,77377.5
2026-05-25 16:00:00+00:00,1.4584,1.4693,1.4573,1.4655,55740.1
2026-05-25 17:00:00+00:00,1.4655,1.4671,1.4544,1.4565,50937.3
2026-05-25 18:00:00+00:00,1.4565,1.4587,1.4537,1.4555,14816.3
2026-05-25 19:00:00+00:00,1.4555,1.4575,1.4504,1.4564,40219.5
2026-05-25 20:00:00+00:00,1.4564,1.4575,1.4463,1.4468,29636.3
2026-05-25 21:00:00+00:00,1.4468,1.4538,1.4461,1.4526,36890.4
2026-05-25 22:00:00+00:00,1.4526,1.4536,1.4434,1.445,14047.5
2026-05-25 23:00:00+00:00,1.445,1.4519,1.443,1.4495,8135.1
2026-05-26 00:00:00+00:00,1.4495,1.4506,1.4313,1.4374,51252.6
2026-05-26 01:00:00+00:00,1.4374,1.4376,1.426,1.4332,36653.0
2026-05-26 02:00:00+00:00,1.4332,1.4338,1.4284,1.4311,4096.1
2026-05-26 03:00:00+00:00,1.4311,1.4331,1.4271,1.4315,5067.6
2026-05-26 04:00:00+00:00,1.4315,1.4395,1.4301,1.4329,22479.7
2026-05-26 05:00:00+00:00,1.4329,1.4397,1.4308,1.4362,15671.4
2026-05-26 06:00:00+00:00,1.4362,1.4479,1.4327,1.4463,28764.8
2026-05-26 07:00:00+00:00,1.4463,1.4464,1.4358,1.4413,11177.9
2026-05-26 08:00:00+00:00,1.4413,1.4425,1.4382,1.4404,18386.7
2026-05-26 09:00:00+00:00,1.4404,1.4435,1.439,1.4413,20746.2
2026-05-26 10:00:00+00:00,1.4413,1.4617,1.4403,1.4598,27312.0
2026-05-26 11:00:00+00:00,1.4598,1.4607,1.4531,1.4558,23147.1
2026-05-26 12:00:00+00:00,1.4558,1.4569,1.4482,1.4543,26444.7
2026-05-26 13:00:00+00:00,1.4543,1.4565,1.4449,1.4544,18104.5
2026-05-26 14:00:00+00:00,1.4544,1.462,1.4425,1.4465,21064.9
2026-05-26 15:00:00+00:00,1.4465,1.4465,1.4275,1.4339,43436.2
2026-05-26 16:00:00+00:00,1.4339,1.4342,1.4185,1.426,39093.0
2026-05-26 17:00:00+00:00,1.426,1.4286,1.4082,1.4153,27496.5
2026-05-26 18:00:00+00:00,1.4153,1.42,1.4102,1.4118,8893.0
2026-05-26 19:00:00+00:00,1.4118,1.4164,1.4091,1.4151,6671.1
2026-05-26 20:00:00+00:00,1.4151,1.4175,1.4132,1.4153,11829.6
2026-05-26 21:00:00+00:00,1.4153,1.417,1.4091,1.4112,9231.1
2026-05-26 22:00:00+00:00,1.4112,1.4145,1.409,1.4103,12121.7
2026-05-26 23:00:00+00:00,1.4103,1.4169,1.4103,1.4154,14379.6
2026-05-27 00:00:00+00:00,1.4154,1.423,1.4149,1.4227,19838.3
2026-05-27 01:00:00+00:00,1.4227,1.4232,1.4163,1.4168,9905.3
2026-05-27 02:00:00+00:00,1.4168,1.4175,1.4103,1.416,7801.9
2026-05-27 03:00:00+00:00,1.416,1.4189,1.41,1.411,4075.8
2026-05-27 04:00:00+00:00,1.411,1.4122,1.3983,1.41,60903.5
2026-05-27 05:00:00+00:00,1.41,1.4149,1.4092,1.4147,24060.4
2026-05-27 06:00:00+00:00,1.4147,1.4161,1.4103,1.4152,28473.0
2026-05-27 07:00:00+00:00,1.4152,1.4174,1.4117,1.4172,10068.4
2026-05-27 08:00:00+00:00,1.4172,1.4223,1.4156,1.4157,13851.1
2026-05-27 09:00:00+00:00,1.4157,1.4167,1.4114,1.4138,13361.5
2026-05-27 10:00:00+00:00,1.4138,1.4189,1.4119,1.4139,18532.6
2026-05-27 11:00:00+00:00,1.4139,1.4167,1.4101,1.4101,11071.6
2026-05-27 12:00:00+00:00,1.4101,1.4215,1.4076,1.4115,20145.9
2026-05-27 13:00:00+00:00,1.4115,1.4126,1.3952,1.402,89173.2
2026-05-27 14:00:00+00:00,1.402,1.4074,1.3965,1.405,53370.9
2026-05-27 15:00:00+00:00,1.405,1.4174,1.402,1.4124,59259.9
2026-05-27 16:00:00+00:00,1.4124,1.4168,1.4052,1.4105,11410.4
2026-05-27 17:00:00+00:00,1.4105,1.4105,1.3928,1.3974,24134.6
2026-05-27 18:00:00+00:00,1.3974,1.4049,1.3937,1.4045,16798.7
2026-05-27 19:00:00+00:00,1.4045,1.4063,1.4013,1.4026,7800.5
2026-05-27 20:00:00+00:00,1.4026,1.4065,1.4011,1.4048,4969.4
2026-05-27 21:00:00+00:00,1.4048,1.4048,1.3804,1.3849,30404.9
2026-05-27 22:00:00+00:00,1.3849,1.392,1.374,1.3845,71022.4
2026-05-27 23:00:00+00:00,1.3845,1.3847,1.3763,1.3826,23075.0
2026-05-28 00:00:00+00:00,1.3826,1.3861,1.3801,1.384,34483.7
2026-05-28 01:00:00+00:00,1.384,1.3857,1.373,1.3798,40725.2
2026-05-28 02:00:00+00:00,1.3798,1.3822,1.3761,1.3761,7454.9
2026-05-28 03:00:00+00:00,1.3761,1.3779,1.3527,1.3565,101804.0
2026-05-28 04:00:00+00:00,1.3565,1.3565,1.3225,1.3344,162813.0
2026-05-28 05:00:00+00:00,1.3344,1.3356,1.3245,1.3297,24518.6
2026-05-28 06:00:00+00:00,1.3297,1.3329,1.3201,1.3272,24501.4
2026-05-28 07:00:00+00:00,1.3272,1.3393,1.3262,1.338,30190.4
2026-05-28 08:00:00+00:00,1.338,1.3388,1.3293,1.3305,27000.4
2026-05-28 09:00:00+00:00,1.3305,1.3365,1.3282,1.3358,20655.3
2026-05-28 10:00:00+00:00,1.3358,1.3376,1.3242,1.3253,17594.9
2026-05-28 11:00:00+00:00,1.3253,1.3265,1.3211,1.3253,11470.5
2026-05-28 12:00:00+00:00,1.3253,1.3301,1.3207,1.3278,15385.3
2026-05-28 13:00:00+00:00,1.3278,1.3305,1.319,1.3241,67474.2
2026-05-28 14:00:00+00:00,1.3241,1.338,1.3158,1.333,35758.0
2026-05-28 15:00:00+00:00,1.333,1.3355,1.3264,1.332,7732.7
2026-05-28 16:00:00+00:00,1.332,1.3519,1.3299,1.351,34716.7
2026-05-28 17:00:00+00:00,1.351,1.3571,1.3457,1.3531,14280.1
2026-05-28 18:00:00+00:00,1.3531,1.3614,1.3523,1.3575,23541.4
2026-05-28 19:00:00+00:00,1.3575,1.3593,1.3491,1.3491,19148.2
2026-05-28 20:00:00+00:00,1.3491,1.3555,1.3446,1.3519,4087.0
2026-05-28 21:00:00+00:00,1.3519,1.3572,1.3507,1.3558,3434.9
2026-05-28 22:00:00+00:00,1.3558,1.3558,1.3456,1.3467,8834.4
2026-05-28 23:00:00+00:00,1.3467,1.3515,1.3465,1.3498,9977.0
2026-05-29 00:00:00+00:00,1.3498,1.3539,1.3498,1.3517,8104.7
2026-05-29 01:00:00+00:00,1.3517,1.3541,1.3456,1.3489,15210.6
2026-05-29 02:00:00+00:00,1.3489,1.3509,1.3364,1.338,26119.8
2026-05-29 03:00:00+00:00,1.338,1.3454,1.338,1.3395,7333.7
2026-05-29 04:00:00+00:00,1.3395,1.3475,1.3363,1.3474,5754.4
2026-05-29 05:00:00+00:00,1.3474,1.353,1.3451,1.353,15177.1
2026-05-29 06:00:00+00:00,1.353,1.358,1.3522,1.3553,10005.5
2026-05-29 07:00:00+00:00,1.3553,1.3562,1.344,1.3481,9325.2
2026-05-29 08:00:00+00:00,1.3481,1.3531,1.3471,1.348,14250.8
2026-05-29 09:00:00+00:00,1.348,1.357,1.348,1.3565,10120.8
2026-05-29 10:00:00+00:00,1.3565,1.3588,1.3524,1.3535,9498.8
2026-05-29 11:00:00+00:00,1.3535,1.3538,1.3432,1.3473,4159.6
2026-05-29 12:00:00+00:00,1.3473,1.3482,1.3407,1.3435,11954.7
2026-05-29 13:00:00+00:00,1.3435,1.3456,1.3367,1.3423,9778.9
2026-05-29 14:00:00+00:00,1.3423,1.3444,1.3272,1.3417,45353.3
2026-05-29 15:00:00+00:00,1.3417,1.3648,1.3394,1.3567,86955.4
2026-05-29 16:00:00+00:00,1.3567,1.3621,1.352,1.3596,24038.4
2026-05-29 17:00:00+00:00,1.3596,1.3624,1.3536,1.3544,8624.6
2026-05-29 18:00:00+00:00,1.3544,1.3569,1.3404,1.3452,22010.3
2026-05-29 19:00:00+00:00,1.3452,1.3496,1.3385,1.3463,20249.8
2026-05-29 20:00:00+00:00,1.3463,1.3497,1.345,1.3474,3220.8
2026-05-29 21:00:00+00:00,1.3474,1.3523,1.3406,1.3414,10187.0
2026-05-29 22:00:00+00:00,1.3414,1.3468,1.3407,1.3452,3425.5
2026-05-29 23:00:00+00:00,1.3452,1.3555,1.3429,1.3525,17619.2
2026-05-30 00:00:00+00:00,1.3525,1.3633,1.3516,1.361,16560.2
2026-05-30 01:00:00+00:00,1.361,1.38,1.3584,1.3798,59548.6
2026-05-30 02:00:00+00:00,1.3798,1.3874,1.3756,1.3818,36445.7
2026-05-30 03:00:00+00:00,1.3818,1.4042,1.3818,1.3918,90276.0
2026-05-30 04:00:00+00:00,1.3918,1.3985,1.3789,1.385,51641.6
2026-05-30 05:00:00+00:00,1.385,1.3994,1.3825,1.3975,54851.3
2026-05-30 06:00:00+00:00,1.3975,1.3988,1.3931,1.3952,20260.6
2026-05-30 07:00:00+00:00,1.3952,1.4074,1.3921,1.405,31620.4
2026-05-30 08:00:00+00:00,1.405,1.405,1.396,1.4008,42626.4
2026-05-30 09:00:00+00:00,1.4008,1.4078,1.3968,1.404,20957.9
2026-05-30 10:00:00+00:00,1.404,1.4117,1.4034,1.4083,21786.9
2026-05-30 11:00:00+00:00,1.4083,1.4092,1.3999,1.4019,33022.6
2026-05-30 12:00:00+00:00,1.4019,1.4046,1.3996,1.4013,14742.8
2026-05-30 13:00:00+00:00,1.4013,1.4075,1.4007,1.4051,13925.6
2026-05-30 14:00:00+00:00,1.4051,1.4249,1.4046,1.4243,65588.9
2026-05-30 15:00:00+00:00,1.4243,1.4566,1.4221,1.4459,150466.5
2026-05-30 16:00:00+00:00,1.4459,1.5023,1.4459,1.5009,403306.5
2026-05-30 17:00:00+00:00,1.5009,1.5213,1.4807,1.4973,289307.7
2026-05-30 18:00:00+00:00,1.4973,1.5192,1.4973,1.5103,181045.0
2026-05-30 19:00:00+00:00,1.5103,1.5173,1.4839,1.4949,144913.3
2026-05-30 20:00:00+00:00,1.4949,1.4997,1.4909,1.495,59514.3
2026-05-30 21:00:00+00:00,1.495,1.51,1.4936,1.4998,56791.2
2026-05-30 22:00:00+00:00,1.4998,1.4998,1.4817,1.491,72781.7
2026-05-30 23:00:00+00:00,1.491,1.5005,1.4886,1.4981,35566.7
2026-05-31 00:00:00+00:00,1.4981,1.5068,1.4838,1.4907,66909.9
2026-05-31 01:00:00+00:00,1.4907,1.4984,1.4853,1.4973,59912.4
2026-05-31 02:00:00+00:00,1.4973,1.5459,1.4938,1.5375,348865.9
2026-05-31 03:00:00+00:00,1.5375,1.5525,1.525,1.5364,184937.3
2026-05-31 04:00:00+00:00,1.5364,1.5539,1.5353,1.5423,169038.5
2026-05-31 05:00:00+00:00,1.5423,1.5677,1.515,1.5233,297995.1
2026-05-31 06:00:00+00:00,1.5233,1.5273,1.5115,1.5242,124153.1
2026-05-31 07:00:00+00:00,1.5242,1.5242,1.4897,1.4966,100149.4
2026-05-31 08:00:00+00:00,1.4966,1.5105,1.4957,1.5075,54521.4
2026-05-31 09:00:00+00:00,1.5075,1.5124,1.4976,1.502,37802.2
2026-05-31 10:00:00+00:00,1.502,1.5075,1.4987,1.5004,28004.3
2026-05-31 11:00:00+00:00,1.5004,1.509,1.4968,1.509,30484.5
2026-05-31 12:00:00+00:00,1.509,1.5141,1.505,1.5093,53015.2
2026-05-31 13:00:00+00:00,1.5093,1.5193,1.5075,1.508,87822.1
2026-05-31 14:00:00+00:00,1.508,1.5132,1.4802,1.4834,178637.5
2026-05-31 15:00:00+00:00,1.4834,1.4954,1.4805,1.4936,72179.2
2026-05-31 16:00:00+00:00,1.4936,1.4952,1.4625,1.469,135120.3
2026-05-31 17:00:00+00:00,1.469,1.4817,1.468,1.4794,21477.4
2026-05-31 18:00:00+00:00,1.4794,1.4799,1.4701,1.4732,22620.0
2026-05-31 19:00:00+00:00,1.4732,1.4758,1.47,1.474,10002.3
2026-05-31 20:00:00+00:00,1.474,1.4807,1.4735,1.4781,24776.1
2026-05-31 21:00:00+00:00,1.4781,1.4836,1.4742,1.481,55288.3
2026-05-31 22:00:00+00:00,1.481,1.4903,1.4781,1.4852,21033.4
2026-05-31 23:00:00+00:00,1.4852,1.49,1.4754,1.484,13839.4
2026-06-01 00:00:00+00:00,1.484,1.4956,1.4821,1.4849,66061.4
2026-06-01 01:00:00+00:00,1.4849,1.4859,1.4556,1.46,112826.1
2026-06-01 02:00:00+00:00,1.46,1.4829,1.4571,1.4825,88825.4
2026-06-01 03:00:00+00:00,1.4825,1.4865,1.4732,1.476,62636.9
2026-06-01 04:00:00+00:00,1.476,1.4796,1.4587,1.4655,57733.3
2026-06-01 05:00:00+00:00,1.4655,1.4662,1.4581,1.4587,14525.7
2026-06-01 06:00:00+00:00,1.4587,1.4619,1.4487,1.4557,53114.8
2026-06-01 07:00:00+00:00,1.4557,1.4564,1.4343,1.4351,113730.8
2026-06-01 08:00:00+00:00,1.4351,1.4371,1.4173,1.4324,101407.0
2026-06-01 09:00:00+00:00,1.4324,1.4852,1.4323,1.4742,337974.0
2026-06-01 10:00:00+00:00,1.4742,1.4821,1.452,1.4627,117595.8
2026-06-01 11:00:00+00:00,1.4627,1.4676,1.443,1.4485,94534.9
2026-06-01 12:00:00+00:00,1.4485,1.4502,1.4305,1.439,117313.1
2026-06-01 13:00:00+00:00,1.439,1.4396,1.4141,1.426,118338.3
2026-06-01 14:00:00+00:00,1.426,1.4268,1.4076,1.4112,104099.3
2026-06-01 15:00:00+00:00,1.4112,1.4221,1.4057,1.4103,47823.0
2026-06-01 16:00:00+00:00,1.4103,1.4338,1.4067,1.4317,43641.1
2026-06-01 17:00:00+00:00,1.4317,1.4386,1.4276,1.4357,50245.9
2026-06-01 18:00:00+00:00,1.4357,1.4467,1.4317,1.4395,24419.5
2026-06-01 19:00:00+00:00,1.4395,1.4476,1.4365,1.4455,36095.9
2026-06-01 20:00:00+00:00,1.4455,1.4501,1.4411,1.4421,37150.6
2026-06-01 21:00:00+00:00,1.4421,1.4421,1.4277,1.4289,44548.3
2026-06-01 22:00:00+00:00,1.4289,1.441,1.424,1.439,34729.5
2026-06-01 23:00:00+00:00,1.439,1.4427,1.4331,1.4404,19889.0
2026-06-02 00:00:00+00:00,1.4404,1.4438,1.4331,1.4362,21830.3
2026-06-02 01:00:00+00:00,1.4362,1.4397,1.4183,1.4183,59262.0
2026-06-02 02:00:00+00:00,1.4183,1.4295,1.4094,1.4286,37983.5
2026-06-02 03:00:00+00:00,1.4286,1.4359,1.4253,1.4332,9034.3
2026-06-02 04:00:00+00:00,1.4332,1.4339,1.4215,1.4226,9437.6
2026-06-02 05:00:00+00:00,1.4226,1.4274,1.4162,1.4169,15847.0
2026-06-02 06:00:00+00:00,1.4169,1.4207,1.4123,1.4148,12541.9
2026-06-02 07:00:00+00:00,1.4148,1.4199,1.4072,1.4141,25570.9
2026-06-02 08:00:00+00:00,1.4141,1.4204,1.4135,1.416,13631.0
2026-06-02 09:00:00+00:00,1.416,1.416,1.402,1.4058,51465.2
2026-06-02 10:00:00+00:00,1.4058,1.4128,1.4017,1.4112,31573.6
2026-06-02 11:00:00+00:00,1.4112,1.4153,1.4056,1.409,33948.2
2026-06-02 12:00:00+00:00,1.409,1.4127,1.4041,1.4055,26886.3
2026-06-02 13:00:00+00:00,1.4055,1.4103,1.3959,1.4031,47341.1
2026-06-02 14:00:00+00:00,1.4031,1.4032,1.3722,1.3841,146153.7
2026-06-02 15:00:00+00:00,1.3841,1.386,1.3565,1.3697,230295.5
2026-06-02 16:00:00+00:00,1.3697,1.3801,1.3505,1.3607,91285.1
2026-06-02 17:00:00+00:00,1.3607,1.3728,1.3595,1.3639,24770.7
2026-06-02 18:00:00+00:00,1.3639,1.37,1.3473,1.3504,38843.3
2026-06-02 19:00:00+00:00,1.3504,1.356,1.3337,1.3456,88846.2
2026-06-02 20:00:00+00:00,1.3456,1.3531,1.3375,1.3497,18887.6
2026-06-02 21:00:00+00:00,1.3497,1.3553,1.3427,1.348,17761.8
2026-06-02 22:00:00+00:00,1.348,1.3493,1.3182,1.3221,76938.5
2026-06-02 23:00:00+00:00,1.3221,1.3251,1.3026,1.3242,143800.8
2026-06-03 00:00:00+00:00,1.3242,1.3374,1.3206,1.3357,40009.1
2026-06-03 01:00:00+00:00,1.3357,1.3383,1.3221,1.332,11278.5
2026-06-03 02:00:00+00:00,1.332,1.334,1.3234,1.326,12992.2
2026-06-03 03:00:00+00:00,1.326,1.3286,1.3013,1.3099,102649.4
2026-06-03 04:00:00+00:00,1.3099,1.3249,1.3096,1.3243,36870.8
2026-06-03 05:00:00+00:00,1.3243,1.3501,1.3235,1.3486,85419.9
2026-06-03 06:00:00+00:00,1.3486,1.3509,1.341,1.3414,18075.1
2026-06-03 07:00:00+00:00,1.3414,1.3508,1.3396,1.3481,12306.7
2026-06-03 08:00:00+00:00,1.3481,1.3495,1.3442,1.3459,26821.1
2026-06-03 09:00:00+00:00,1.3459,1.3486,1.3338,1.3427,39576.1
2026-06-03 10:00:00+00:00,1.3427,1.3522,1.3425,1.345,40547.0
2026-06-03 11:00:00+00:00,1.345,1.3511,1.3335,1.3353,35868.1
2026-06-03 12:00:00+00:00,1.3353,1.3357,1.3246,1.3317,59543.0
2026-06-03 13:00:00+00:00,1.3317,1.3399,1.3305,1.3381,46456.4
2026-06-03 14:00:00+00:00,1.3381,1.3418,1.3287,1.3407,34742.9
2026-06-03 15:00:00+00:00,1.3407,1.3416,1.3182,1.3192,73970.3
2026-06-03 16:00:00+00:00,1.3192,1.3199,1.2814,1.3055,243644.7
2026-06-03 17:00:00+00:00,1.3055,1.3098,1.2974,1.3096,55782.6
2026-06-03 18:00:00+00:00,1.3096,1.3114,1.2984,1.3107,28793.3
2026-06-03 19:00:00+00:00,1.3107,1.3117,1.2937,1.2966,45688.8
2026-06-03 20:00:00+00:00,1.2966,1.3024,1.2724,1.2767,88904.9
2026-06-03 21:00:00+00:00,1.2767,1.3027,1.2728,1.3024,64303.0
2026-06-03 22:00:00+00:00,1.3024,1.3061,1.2955,1.2984,22530.7
2026-06-03 23:00:00+00:00,1.2984,1.2993,1.2862,1.2876,20545.9
2026-06-04 00:00:00+00:00,1.2876,1.2986,1.2693,1.2759,58121.3
2026-06-04 01:00:00+00:00,1.2759,1.2789,1.2291,1.2319,124077.1
2026-06-04 02:00:00+00:00,1.2319,1.233,1.1793,1.2254,417644.5
2026-06-04 03:00:00+00:00,1.2254,1.2647,1.2254,1.2644,77302.3
2026-06-04 04:00:00+00:00,1.2644,1.2707,1.2527,1.2556,41034.7
2026-06-04 05:00:00+00:00,1.2556,1.2558,1.2323,1.2425,44598.7
2026-06-04 06:00:00+00:00,1.2425,1.2575,1.2411,1.2452,49488.7
2026-06-04 07:00:00+00:00,1.2452,1.2465,1.2331,1.2334,40890.6
2026-06-04 08:00:00+00:00,1.2334,1.2436,1.2259,1.2391,34388.9
2026-06-04 09:00:00+00:00,1.2391,1.2398,1.208,1.2247,83794.8
2026-06-04 10:00:00+00:00,1.2247,1.2256,1.2085,1.2122,70807.3
2026-06-04 11:00:00+00:00,1.2122,1.2253,1.208,1.2247,38540.5
2026-06-04 12:00:00+00:00,1.2247,1.2511,1.2204,1.2492,38692.9
2026-06-04 13:00:00+00:00,1.2492,1.2574,1.234,1.2561,34138.8
2026-06-04 14:00:00+00:00,1.2561,1.2602,1.2482,1.2535,26234.7
2026-06-04 15:00:00+00:00,1.2535,1.2645,1.2489,1.2571,22721.7
2026-06-04 16:00:00+00:00,1.2571,1.2607,1.2488,1.2536,16319.8
2026-06-04 17:00:00+00:00,1.2536,1.2565,1.2403,1.2527,23783.4
2026-06-04 18:00:00+00:00,1.2527,1.2673,1.2452,1.2626,23736.5
2026-06-04 19:00:00+00:00,1.2626,1.267,1.2537,1.2555,9413.0
2026-06-04 20:00:00+00:00,1.2555,1.2558,1.2477,1.2514,11599.9
2026-06-04 21:00:00+00:00,1.2514,1.2564,1.2312,1.232,71351.5
2026-06-04 22:00:00+00:00,1.232,1.2422,1.2286,1.2417,23704.3
2026-06-04 23:00:00+00:00,1.2417,1.2486,1.2349,1.248,10467.0
2026-06-05 00:00:00+00:00,1.248,1.2496,1.235,1.2351,39305.2
2026-06-05 01:00:00+00:00,1.2351,1.2464,1.2252,1.2439,23912.7
2026-06-05 02:00:00+00:00,1.2439,1.2457,1.2204,1.2213,19624.0
2026-06-05 03:00:00+00:00,1.2213,1.2364,1.2162,1.2254,22919.6
2026-06-05 04:00:00+00:00,1.2254,1.246,1.22,1.244,29116.3
2026-06-05 05:00:00+00:00,1.244,1.2448,1.2059,1.2075,45118.9
2026-06-05 06:00:00+00:00,1.2075,1.2083,1.1648,1.1888,99203.2
2026-06-05 07:00:00+00:00,1.1888,1.21,1.1702,1.2067,86760.4
2026-06-05 08:00:00+00:00,1.2067,1.2068,1.1877,1.1916,41782.5
2026-06-05 09:00:00+00:00,1.1916,1.2157,1.1911,1.2144,27015.5
2026-06-05 10:00:00+00:00,1.2144,1.2152,1.1991,1.2026,24140.2
2026-06-05 11:00:00+00:00,1.2026,1.2096,1.1959,1.1976,47712.2
2026-06-05 12:00:00+00:00,1.1976,1.2041,1.1889,1.1983,68456.6
2026-06-05 13:00:00+00:00,1.1983,1.2079,1.1686,1.1694,54586.2
2026-06-05 14:00:00+00:00,1.1694,1.1887,1.1606,1.1802,96646.6
2026-06-05 15:00:00+00:00,1.1802,1.1837,1.1622,1.1759,99205.2
2026-06-05 16:00:00+00:00,1.1759,1.1851,1.146,1.1826,129148.1
2026-06-05 17:00:00+00:00,1.1826,1.1879,1.1676,1.1766,53527.4
2026-06-05 18:00:00+00:00,1.1766,1.18,1.1388,1.1416,56385.6
2026-06-05 19:00:00+00:00,1.1416,1.1583,1.1268,1.151,78537.4
2026-06-05 20:00:00+00:00,1.151,1.1777,1.1425,1.1764,76624.5
2026-06-05 21:00:00+00:00,1.1764,1.1851,1.175,1.1796,23431.0
2026-06-05 22:00:00+00:00,1.1796,1.1805,1.1672,1.1747,16816.7
2026-06-05 23:00:00+00:00,1.1747,1.1751,1.1473,1.1616,53405.0
2026-06-06 00:00:00+00:00,1.1616,1.1754,1.159,1.1714,19116.5
2026-06-06 01:00:00+00:00,1.1714,1.178,1.1659,1.1701,34723.2
2026-06-06 02:00:00+00:00,1.1701,1.175,1.163,1.1669,12917.8
2026-06-06 03:00:00+00:00,1.1669,1.1683,1.154,1.1611,24017.4
2026-06-06 04:00:00+00:00,1.1611,1.169,1.1288,1.1384,67504.1
2026-06-06 05:00:00+00:00,1.1384,1.1696,1.128,1.169,64877.6
2026-06-06 06:00:00+00:00,1.169,1.1779,1.1655,1.1669,52373.7
2026-06-06 07:00:00+00:00,1.1669,1.1842,1.165,1.1778,36632.7
2026-06-06 08:00:00+00:00,1.1778,1.1916,1.176,1.1835,26901.8
2026-06-06 09:00:00+00:00,1.1835,1.2,1.1823,1.1851,49170.5
2026-06-06 10:00:00+00:00,1.1851,1.1852,1.1707,1.181,41827.0
2026-06-06 11:00:00+00:00,1.181,1.188,1.178,1.1853,16567.2
2026-06-06 12:00:00+00:00,1.1853,1.1948,1.182,1.1913,20184.5
2026-06-06 13:00:00+00:00,1.1913,1.201,1.1875,1.1985,18227.1
2026-06-06 14:00:00+00:00,1.1985,1.2227,1.1982,1.2123,53532.1
2026-06-06 15:00:00+00:00,1.2123,1.2145,1.1943,1.2075,33431.2
2026-06-06 16:00:00+00:00,1.2075,1.214,1.1998,1.2082,42763.0
2026-06-06 17:00:00+00:00,1.2082,1.2137,1.2031,1.2123,53335.1
2026-06-06 18:00:00+00:00,1.2123,1.2191,1.204,1.2088,59963.3
2026-06-06 19:00:00+00:00,1.2088,1.2137,1.2023,1.2023,50239.2
2026-06-06 20:00:00+00:00,1.2023,1.2085,1.1997,1.206,26889.0
2026-06-06 21:00:00+00:00,1.206,1.2125,1.2048,1.2054,26592.4
2026-06-06 22:00:00+00:00,1.2054,1.2099,1.1976,1.205,11603.7
2026-06-06 23:00:00+00:00,1.205,1.2153,1.2039,1.2142,12956.9
2026-06-07 00:00:00+00:00,1.2142,1.2198,1.2119,1.2131,22268.4
2026-06-07 01:00:00+00:00,1.2131,1.2337,1.2115,1.2311,55630.3
2026-06-07 02:00:00+00:00,1.2311,1.2325,1.2226,1.2314,11041.8
2026-06-07 03:00:00+00:00,1.2314,1.2384,1.2279,1.2315,24864.7
2026-06-07 04:00:00+00:00,1.2315,1.237,1.2249,1.2361,14432.2
2026-06-07 05:00:00+00:00,1.2361,1.2477,1.2323,1.242,56847.4
2026-06-07 06:00:00+00:00,1.242,1.2467,1.2365,1.2421,39509.1
2026-06-07 07:00:00+00:00,1.2421,1.2478,1.2386,1.2475,82266.3
2026-06-07 08:00:00+00:00,1.2475,1.2623,1.2414,1.2612,51468.6
2026-06-07 09:00:00+00:00,1.2612,1.2678,1.2557,1.256,27755.6
2026-06-07 10:00:00+00:00,1.256,1.2561,1.2466,1.2485,33446.8
2026-06-07 11:00:00+00:00,1.2485,1.2533,1.2472,1.2493,106282.9
2026-06-07 12:00:00+00:00,1.2493,1.2514,1.227,1.2343,119668.7
2026-06-07 13:00:00+00:00,1.2343,1.2407,1.2317,1.2389,26224.5
2026-06-07 14:00:00+00:00,1.2389,1.256,1.236,1.2523,49097.7
2026-06-07 15:00:00+00:00,1.2523,1.2537,1.2459,1.2487,70293.6
2026-06-07 16:00:00+00:00,1.2487,1.2585,1.2452,1.256,28949.8
2026-06-07 17:00:00+00:00,1.256,1.2656,1.255,1.2624,26567.6
2026-06-07 18:00:00+00:00,1.2624,1.2672,1.2384,1.2469,216143.0
2026-06-07 19:00:00+00:00,1.2469,1.2469,1.2224,1.2335,176128.0
2026-06-07 20:00:00+00:00,1.2335,1.2445,1.2297,1.2435,36930.9
2026-06-07 21:00:00+00:00,1.2435,1.2478,1.237,1.2435,48411.4
2026-06-07 22:00:00+00:00,1.2435,1.2847,1.2413,1.2677,148010.7
2026-06-07 23:00:00+00:00,1.2677,1.2732,1.264,1.2675,22524.8
2026-06-08 00:00:00+00:00,1.2675,1.2797,1.2642,1.273,28255.3
2026-06-08 01:00:00+00:00,1.273,1.2742,1.2554,1.2658,49201.7
2026-06-08 02:00:00+00:00,1.2658,1.2695,1.2622,1.2622,16458.2
2026-06-08 03:00:00+00:00,1.2622,1.268,1.2584,1.2651,9241.0
2026-06-08 04:00:00+00:00,1.2651,1.2662,1.2486,1.2486,34091.7
2026-06-08 05:00:00+00:00,1.2486,1.2525,1.2441,1.2517,27747.1
2026-06-08 06:00:00+00:00,1.2517,1.2625,1.2517,1.2604,10955.6
2026-06-08 07:00:00+00:00,1.2604,1.2815,1.255,1.2807,31323.4
2026-06-08 08:00:00+00:00,1.2807,1.3164,1.2805,1.3076,340368.7
2026-06-08 09:00:00+00:00,1.3076,1.32,1.2966,1.3098,158041.5
2026-06-08 10:00:00+00:00,1.3098,1.3113,1.2975,1.3032,45966.9
2026-06-08 11:00:00+00:00,1.3032,1.3206,1.2985,1.3168,113044.3
2026-06-08 12:00:00+00:00,1.3168,1.3219,1.305,1.3214,97265.2
2026-06-08 13:00:00+00:00,1.3214,1.3235,1.309,1.3156,48986.9
2026-06-08 14:00:00+00:00,1.3156,1.3265,1.3115,1.32,97759.5
2026-06-08 15:00:00+00:00,1.32,1.329,1.3175,1.319,49252.1
2026-06-08 16:00:00+00:00,1.319,1.3305,1.3133,1.3142,105021.0
2026-06-08 17:00:00+00:00,1.3142,1.3172,1.3078,1.3168,20230.0
2026-06-08 18:00:00+00:00,1.3168,1.3236,1.3153,1.3167,35331.7
2026-06-08 19:00:00+00:00,1.3167,1.3195,1.312,1.3126,20468.1
2026-06-08 20:00:00+00:00,1.3126,1.3141,1.3055,1.3104,22564.8
2026-06-08 21:00:00+00:00,1.3104,1.323,1.3091,1.315,42450.5
2026-06-08 22:00:00+00:00,1.315,1.3174,1.3062,1.3174,13950.0
2026-06-08 23:00:00+00:00,1.3174,1.3228,1.3084,1.3125,9387.5
2026-06-09 00:00:00+00:00,1.3125,1.3164,1.2927,1.2959,77630.1
2026-06-09 01:00:00+00:00,1.2959,1.3041,1.2941,1.3005,24495.6
2026-06-09 02:00:00+00:00,1.3005,1.3038,1.2946,1.3034,12805.8
2026-06-09 03:00:00+00:00,1.3034,1.3185,1.3031,1.3176,29298.1
2026-06-09 04:00:00+00:00,1.3176,1.3388,1.3091,1.3387,59530.6
2026-06-09 05:00:00+00:00,1.3387,1.3481,1.335,1.3396,83575.9
2026-06-09 06:00:00+00:00,1.3396,1.3464,1.3361,1.3427,55310.0
2026-06-09 07:00:00+00:00,1.3427,1.3456,1.3246,1.3356,65816.7
2026-06-09 08:00:00+00:00,1.3356,1.3375,1.3277,1.3317,38279.9
2026-06-09 09:00:00+00:00,1.3317,1.3359,1.3239,1.3248,36696.1
2026-06-09 10:00:00+00:00,1.3248,1.3284,1.3198,1.3254,36439.9
2026-06-09 11:00:00+00:00,1.3254,1.3269,1.3168,1.3185,35872.6
2026-06-09 12:00:00+00:00,1.3185,1.326,1.3141,1.326,52035.9
2026-06-09 13:00:00+00:00,1.326,1.3277,1.3088,1.3091,82071.8
2026-06-09 14:00:00+00:00,1.3091,1.3122,1.2796,1.2936,121764.0
2026-06-09 15:00:00+00:00,1.2936,1.3004,1.2857,1.2865,59275.7
2026-06-09 16:00:00+00:00,1.2865,1.288,1.2705,1.2811,81099.1
2026-06-09 17:00:00+00:00,1.2811,1.3086,1.2797,1.3043,82500.9
2026-06-09 18:00:00+00:00,1.3043,1.3134,1.3032,1.3095,18492.4
2026-06-09 19:00:00+00:00,1.3095,1.3128,1.3025,1.3125,25630.2
2026-06-09 20:00:00+00:00,1.3125,1.3208,1.312,1.3165,34344.7
2026-06-09 21:00:00+00:00,1.3165,1.3198,1.3051,1.306,26032.8
2026-06-09 22:00:00+00:00,1.306,1.3159,1.3013,1.3029,16995.2
2026-06-09 23:00:00+00:00,1.3029,1.3105,1.3018,1.3086,15573.8
2026-06-10 00:00:00+00:00,1.3086,1.3137,1.3028,1.3125,13184.9
2026-06-10 01:00:00+00:00,1.3125,1.3175,1.3063,1.3155,33731.8
2026-06-10 02:00:00+00:00,1.3155,1.3191,1.2993,1.303,42364.8
2026-06-10 03:00:00+00:00,1.303,1.3125,1.2959,1.2987,30050.9
2026-06-10 04:00:00+00:00,1.2987,1.3039,1.2949,1.2971,17301.0
2026-06-10 05:00:00+00:00,1.2971,1.3039,1.2938,1.3012,17128.4
2026-06-10 06:00:00+00:00,1.3012,1.3069,1.2968,1.3008,20767.5
2026-06-10 07:00:00+00:00,1.3008,1.3205,1.3006,1.3173,27268.7
2026-06-10 08:00:00+00:00,1.3173,1.3192,1.3024,1.3027,33811.1
2026-06-10 09:00:00+00:00,1.3027,1.3071,1.2954,1.303,18825.5
2026-06-10 10:00:00+00:00,1.303,1.303,1.2921,1.2946,23109.2
2026-06-10 11:00:00+00:00,1.2946,1.2954,1.2773,1.2812,116804.7
2026-06-10 12:00:00+00:00,1.2812,1.3047,1.2767,1.2987,85172.7
2026-06-10 13:00:00+00:00,1.2987,1.3224,1.2974,1.3133,62291.7
2026-06-10 14:00:00+00:00,1.3133,1.3187,1.3062,1.3123,24859.4
2026-06-10 15:00:00+00:00,1.3123,1.3272,1.3081,1.3236,61960.1
2026-06-10 16:00:00+00:00,1.3236,1.3256,1.3087,1.312,24966.1
2026-06-10 17:00:00+00:00,1.312,1.3153,1.2997,1.3068,25227.9
2026-06-10 18:00:00+00:00,1.3068,1.3106,1.2958,1.303,21648.4
2026-06-10 19:00:00+00:00,1.303,1.3039,1.2944,1.2972,12979.4
2026-06-10 20:00:00+00:00,1.2972,1.3013,1.2905,1.2938,14240.0
2026-06-10 21:00:00+00:00,1.2938,1.2938,1.2786,1.2806,41537.1
2026-06-10 22:00:00+00:00,1.2806,1.2947,1.2792,1.2881,24852.7
2026-06-10 23:00:00+00:00,1.2881,1.3,1.2856,1.2939,31287.7
2026-06-11 00:00:00+00:00,1.2939,1.3075,1.2939,1.3041,26944.0
2026-06-11 01:00:00+00:00,1.3041,1.314,1.304,1.31,13857.6
2026-06-11 02:00:00+00:00,1.31,1.3115,1.3014,1.309,12862.8
2026-06-11 03:00:00+00:00,1.309,1.323,1.3038,1.3193,71236.3
2026-06-11 04:00:00+00:00,1.3193,1.3222,1.3136,1.3151,34779.9
2026-06-11 05:00:00+00:00,1.3151,1.317,1.3072,1.3075,20946.4
2026-06-11 06:00:00+00:00,1.3075,1.3188,1.3068,1.307,25849.4
2026-06-11 07:00:00+00:00,1.307,1.3115,1.3049,1.3105,20868.8
2026-06-11 08:00:00+00:00,1.3105,1.3227,1.3105,1.315,25529.7
2026-06-11 09:00:00+00:00,1.315,1.3158,1.3023,1.3083,38831.3
2026-06-11 10:00:00+00:00,1.3083,1.3106,1.3045,1.3084,18494.7
2026-06-11 11:00:00+00:00,1.3084,1.3141,1.3051,1.3096,27964.6
2026-06-11 12:00:00+00:00,1.3096,1.3096,1.2954,1.303,39509.6
2026-06-11 13:00:00+00:00,1.303,1.309,1.2985,1.306,28001.9
2026-06-11 14:00:00+00:00,1.306,1.3078,1.2985,1.3006,13513.7
2026-06-11 15:00:00+00:00,1.3006,1.3038,1.2956,1.3014,18313.8
2026-06-11 16:00:00+00:00,1.3014,1.3058,1.2986,1.2989,32142.4
2026-06-11 17:00:00+00:00,1.2989,1.337,1.2967,1.3359,150913.5
2026-06-11 18:00:00+00:00,1.3359,1.3395,1.3283,1.3354,67899.9
2026-06-11 19:00:00+00:00,1.3354,1.3416,1.331,1.3349,26756.3
2026-06-11 20:00:00+00:00,1.3349,1.3362,1.3272,1.3309,20169.0
2026-06-11 21:00:00+00:00,1.3309,1.3396,1.3309,1.3353,15815.6
2026-06-11 22:00:00+00:00,1.3353,1.3376,1.3312,1.3342,21465.0
2026-06-11 23:00:00+00:00,1.3342,1.3342,1.3245,1.3277,27977.1
2026-06-12 00:00:00+00:00,1.3277,1.3323,1.3194,1.3194,50621.6
2026-06-12 01:00:00+00:00,1.3194,1.324,1.3157,1.324,22373.6
2026-06-12 02:00:00+00:00,1.324,1.3301,1.3226,1.3232,8152.7
2026-06-12 03:00:00+00:00,1.3232,1.3304,1.3208,1.3304,15994.2
2026-06-12 04:00:00+00:00,1.3304,1.3352,1.327,1.332,22279.3
2026-06-12 05:00:00+00:00,1.332,1.3323,1.3214,1.3218,12423.6
2026-06-12 06:00:00+00:00,1.3218,1.3244,1.3104,1.3149,22338.1
2026-06-12 07:00:00+00:00,1.3149,1.3271,1.3147,1.3238,16144.4
2026-06-12 08:00:00+00:00,1.3238,1.3379,1.3238,1.3379,15045.4
2026-06-12 09:00:00+00:00,1.3379,1.3399,1.3329,1.3329,22152.1
2026-06-12 10:00:00+00:00,1.3329,1.336,1.328,1.3303,20318.0
2026-06-12 11:00:00+00:00,1.3303,1.3367,1.3295,1.3332,9787.5
2026-06-12 12:00:00+00:00,1.3332,1.3337,1.3273,1.3288,18451.4
2026-06-12 13:00:00+00:00,1.3288,1.3317,1.3173,1.3205,44687.7
2026-06-12 14:00:00+00:00,1.3205,1.334,1.3196,1.3339,23952.0
2026-06-12 15:00:00+00:00,1.3339,1.3447,1.3268,1.327,142668.0
2026-06-12 16:00:00+00:00,1.327,1.3393,1.324,1.3298,39606.5
2026-06-12 17:00:00+00:00,1.3298,1.3317,1.3201,1.3229,33977.6
2026-06-12 18:00:00+00:00,1.3229,1.3248,1.3186,1.3196,17640.9
2026-06-12 19:00:00+00:00,1.3196,1.3223,1.3134,1.3134,17736.4
2026-06-12 20:00:00+00:00,1.3134,1.3175,1.3121,1.3151,9727.2
2026-06-12 21:00:00+00:00,1.3151,1.3207,1.3126,1.3143,13877.5
2026-06-12 22:00:00+00:00,1.3143,1.3167,1.3064,1.3124,18737.3
2026-06-12 23:00:00+00:00,1.3124,1.3149,1.3069,1.3137,20851.9
2026-06-13 00:00:00+00:00,1.3137,1.3195,1.3123,1.3186,10999.1
2026-06-13 01:00:00+00:00,1.3186,1.3246,1.3173,1.323,34373.6
2026-06-13 02:00:00+00:00,1.323,1.3295,1.323,1.3267,37369.7
2026-06-13 03:00:00+00:00,1.3267,1.3277,1.3212,1.323,14108.4
2026-06-13 04:00:00+00:00,1.323,1.3239,1.3188,1.3197,8780.9
2026-06-13 05:00:00+00:00,1.3197,1.3225,1.3167,1.3209,19393.8
2026-06-13 06:00:00+00:00,1.3209,1.3305,1.3177,1.3305,15815.4
2026-06-13 07:00:00+00:00,1.3305,1.337,1.3268,1.3359,63464.0
2026-06-13 08:00:00+00:00,1.3359,1.3584,1.3342,1.349,208972.6
2026-06-13 09:00:00+00:00,1.349,1.3504,1.3426,1.3438,92272.4
2026-06-13 10:00:00+00:00,1.3438,1.3483,1.3426,1.3434,27421.4
2026-06-13 11:00:00+00:00,1.3434,1.3488,1.3429,1.3458,7705.8
2026-06-13 12:00:00+00:00,1.3458,1.3499,1.3449,1.3473,18935.7
2026-06-13 13:00:00+00:00,1.3473,1.3492,1.3441,1.345,15407.4
2026-06-13 14:00:00+00:00,1.345,1.3515,1.3441,1.3499,33483.4
2026-06-13 15:00:00+00:00,1.3499,1.3518,1.346,1.348,16397.2
2026-06-13 16:00:00+00:00,1.348,1.348,1.3325,1.3377,28139.8
2026-06-13 17:00:00+00:00,1.3377,1.338,1.3308,1.3327,15165.9
2026-06-13 18:00:00+00:00,1.3327,1.3394,1.332,1.336,12903.0
2026-06-13 19:00:00+00:00,1.336,1.3374,1.33,1.3343,29208.2
2026-06-13 20:00:00+00:00,1.3343,1.3396,1.3332,1.3385,18628.8
2026-06-13 21:00:00+00:00,1.3385,1.3509,1.3383,1.344,18884.2
2026-06-13 22:00:00+00:00,1.344,1.3498,1.3428,1.3469,11562.3
2026-06-13 23:00:00+00:00,1.3469,1.3512,1.3456,1.3504,6133.1
2026-06-14 00:00:00+00:00,1.3504,1.3529,1.3484,1.3491,6411.2
2026-06-14 01:00:00+00:00,1.3491,1.3523,1.3461,1.3466,7740.7
2026-06-14 02:00:00+00:00,1.3466,1.354,1.3465,1.351,17776.1
2026-06-14 03:00:00+00:00,1.351,1.3521,1.3478,1.3503,7033.1
2026-06-14 04:00:00+00:00,1.3503,1.3511,1.3394,1.3398,7679.0
2026-06-14 05:00:00+00:00,1.3398,1.3671,1.3395,1.3656,85725.5
2026-06-14 06:00:00+00:00,1.3656,1.3826,1.3656,1.3825,251173.6
2026-06-14 07:00:00+00:00,1.3825,1.3836,1.3535,1.3539,68306.4
2026-06-14 08:00:00+00:00,1.3539,1.3613,1.3482,1.361,70555.4
2026-06-14 09:00:00+00:00,1.361,1.3618,1.3493,1.352,13346.7
2026-06-14 10:00:00+00:00,1.352,1.3553,1.3486,1.351,15830.0
2026-06-14 11:00:00+00:00,1.351,1.3556,1.3496,1.3513,8962.3
2026-06-14 12:00:00+00:00,1.3513,1.3535,1.3436,1.3478,27066.3
2026-06-14 13:00:00+00:00,1.3478,1.3546,1.3466,1.3501,10386.6
2026-06-14 14:00:00+00:00,1.3501,1.3532,1.3355,1.3375,24758.9
2026-06-14 15:00:00+00:00,1.3375,1.351,1.3375,1.351,22837.6
2026-06-14 16:00:00+00:00,1.351,1.3542,1.3445,1.3445,26818.1
2026-06-14 17:00:00+00:00,1.3445,1.3484,1.3416,1.3427,5921.6
2026-06-14 18:00:00+00:00,1.3427,1.3479,1.3414,1.3448,11302.5
2026-06-14 19:00:00+00:00,1.3448,1.3483,1.3432,1.345,16414.3
2026-06-14 20:00:00+00:00,1.345,1.357,1.3423,1.3524,81957.8
2026-06-14 21:00:00+00:00,1.3524,1.3913,1.3508,1.3842,101714.9
2026-06-14 22:00:00+00:00,1.3842,1.3891,1.3768,1.384,58265.1
2026-06-14 23:00:00+00:00,1.384,1.3886,1.3799,1.3878,25635.7
2026-06-15 00:00:00+00:00,1.3878,1.3943,1.3862,1.3931,57827.2
2026-06-15 01:00:00+00:00,1.3931,1.3959,1.3864,1.3864,16127.3
2026-06-15 02:00:00+00:00,1.3864,1.3932,1.3845,1.3893,6937.5
2026-06-15 03:00:00+00:00,1.3893,1.3964,1.3879,1.395,22773.3
2026-06-15 04:00:00+00:00,1.395,1.3955,1.3887,1.3907,22132.7
2026-06-15 05:00:00+00:00,1.3907,1.3964,1.3876,1.3955,14962.0
2026-06-15 06:00:00+00:00,1.3955,1.3961,1.3885,1.3909,9946.4
2026-06-15 07:00:00+00:00,1.3909,1.3909,1.3838,1.3847,26166.3
2026-06-15 08:00:00+00:00,1.3847,1.392,1.3841,1.3905,5841.8
2026-06-15 09:00:00+00:00,1.3905,1.395,1.3849,1.3903,11161.3
2026-06-15 10:00:00+00:00,1.3903,1.3999,1.3883,1.3962,30735.0
2026-06-15 11:00:00+00:00,1.3962,1.4088,1.3958,1.4031,25178.1
2026-06-15 12:00:00+00:00,1.4031,1.4082,1.3973,1.4082,41873.7
2026-06-15 13:00:00+00:00,1.4082,1.4228,1.406,1.411,62539.4
2026-06-15 14:00:00+00:00,1.411,1.4143,1.4051,1.4131,54088.0
2026-06-15 15:00:00+00:00,1.4131,1.4173,1.4003,1.4137,52317.0
2026-06-15 16:00:00+00:00,1.4137,1.4421,1.4129,1.4236,89631.7
2026-06-15 17:00:00+00:00,1.4236,1.4241,1.4145,1.4199,33201.6
2026-06-15 18:00:00+00:00,1.4199,1.4199,1.4081,1.4081,18757.7
2026-06-15 19:00:00+00:00,1.4081,1.4153,1.3996,1.4096,50738.8
2026-06-15 20:00:00+00:00,1.4096,1.4133,1.4026,1.4041,20385.2
2026-06-15 21:00:00+00:00,1.4041,1.4089,1.4013,1.4036,19860.7
2026-06-15 22:00:00+00:00,1.4036,1.4072,1.3935,1.3954,15401.0
2026-06-15 23:00:00+00:00,1.3954,1.4042,1.394,1.4028,17814.9
2026-06-16 00:00:00+00:00,1.4028,1.4111,1.4028,1.4038,24905.5
2026-06-16 01:00:00+00:00,1.4038,1.4114,1.4016,1.4016,19796.2
2026-06-16 02:00:00+00:00,1.4016,1.403,1.3878,1.391,18878.9
2026-06-16 03:00:00+00:00,1.391,1.4043,1.3902,1.404,12264.7
2026-06-16 04:00:00+00:00,1.404,1.4053,1.3938,1.397,14710.1
2026-06-16 05:00:00+00:00,1.397,1.4026,1.3959,1.3963,19471.0
2026-06-16 06:00:00+00:00,1.3963,1.4031,1.3955,1.4023,6495.2
2026-06-16 07:00:00+00:00,1.4023,1.4279,1.4001,1.4213,67674.3
2026-06-16 08:00:00+00:00,1.4213,1.4304,1.4162,1.4272,30490.3
2026-06-16 09:00:00+00:00,1.4272,1.4272,1.4193,1.421,17888.5
2026-06-16 10:00:00+00:00,1.421,1.4241,1.4163,1.4195,39821.9
2026-06-16 11:00:00+00:00,1.4195,1.4195,1.4141,1.4187,25446.7
2026-06-16 12:00:00+00:00,1.4187,1.4329,1.4154,1.42,142939.3
2026-06-16 13:00:00+00:00,1.42,1.4206,1.3917,1.3961,175544.0
2026-06-16 14:00:00+00:00,1.3961,1.4022,1.3765,1.3869,103145.9
2026-06-16 15:00:00+00:00,1.3869,1.3981,1.3863,1.3945,30775.6
2026-06-16 16:00:00+00:00,1.3945,1.4001,1.3917,1.3946,16643.4
2026-06-16 17:00:00+00:00,1.3946,1.405,1.3944,1.4036,11708.5
2026-06-16 18:00:00+00:00,1.4036,1.413,1.4028,1.4074,8765.2
2026-06-16 19:00:00+00:00,1.4074,1.4107,1.4022,1.407,6683.7
2026-06-16 20:00:00+00:00,1.407,1.416,1.404,1.4146,12273.9
2026-06-16 21:00:00+00:00,1.4146,1.4166,1.4099,1.4149,11140.3
2026-06-16 22:00:00+00:00,1.4149,1.4184,1.4122,1.4178,11292.5
2026-06-16 23:00:00+00:00,1.4178,1.4194,1.4108,1.412,6636.7
2026-06-17 00:00:00+00:00,1.412,1.4213,1.4111,1.415,37791.7
2026-06-17 01:00:00+00:00,1.415,1.4248,1.4094,1.4232,18171.1
2026-06-17 02:00:00+00:00,1.4232,1.4343,1.4212,1.4284,28538.4
2026-06-17 03:00:00+00:00,1.4284,1.4325,1.4246,1.4325,19493.5
2026-06-17 04:00:00+00:00,1.4325,1.4426,1.4285,1.4336,41003.6
2026-06-17 05:00:00+00:00,1.4336,1.4399,1.4285,1.4338,15887.0
2026-06-17 06:00:00+00:00,1.4338,1.4369,1.4249,1.425,27010.9
2026-06-17 07:00:00+00:00,1.425,1.4317,1.4187,1.4228,18600.6
2026-06-17 08:00:00+00:00,1.4228,1.4231,1.4026,1.4057,45648.4
2026-06-17 09:00:00+00:00,1.4057,1.4057,1.39,1.3962,42468.4
2026-06-17 10:00:00+00:00,1.3962,1.3987,1.39,1.39,14211.5
2026-06-17 11:00:00+00:00,1.39,1.3916,1.3862,1.3909,18700.7
2026-06-17 12:00:00+00:00,1.3909,1.4128,1.3875,1.4128,108361.6
2026-06-17 13:00:00+00:00,1.4128,1.4158,1.4029,1.4041,73783.1
2026-06-17 14:00:00+00:00,1.4041,1.4054,1.3902,1.3974,53621.1
2026-06-17 15:00:00+00:00,1.3974,1.4081,1.3956,1.4076,25185.1
2026-06-17 16:00:00+00:00,1.4076,1.4149,1.3989,1.4029,83463.1
2026-06-17 17:00:00+00:00,1.4029,1.4051,1.3963,1.403,24104.0
2026-06-17 18:00:00+00:00,1.403,1.403,1.3669,1.386,217432.3
2026-06-17 19:00:00+00:00,1.386,1.3892,1.3554,1.358,117213.6
2026-06-17 20:00:00+00:00,1.358,1.3691,1.3548,1.368,29695.4
2026-06-17 21:00:00+00:00,1.368,1.3736,1.3612,1.3658,112843.8
2026-06-17 22:00:00+00:00,1.3658,1.3711,1.3547,1.3687,63049.3
2026-06-17 23:00:00+00:00,1.3687,1.377,1.3682,1.3764,16200.5
2026-06-18 00:00:00+00:00,1.3764,1.378,1.3713,1.3759,58360.8
2026-06-18 01:00:00+00:00,1.3759,1.3857,1.3748,1.375,29366.3
2026-06-18 02:00:00+00:00,1.375,1.3819,1.3737,1.3782,10744.0
2026-06-18 03:00:00+00:00,1.3782,1.3802,1.3647,1.3648,29730.9
2026-06-18 04:00:00+00:00,1.3648,1.3648,1.3406,1.3447,116818.3
2026-06-18 05:00:00+00:00,1.3447,1.3481,1.3329,1.3478,32273.9
2026-06-18 06:00:00+00:00,1.3478,1.3531,1.343,1.3514,16399.6
2026-06-18 07:00:00+00:00,1.3514,1.3584,1.35,1.354,20399.9
2026-06-18 08:00:00+00:00,1.354,1.3606,1.3506,1.3537,20625.3
2026-06-18 09:00:00+00:00,1.3537,1.3571,1.3507,1.3524,9130.6
2026-06-18 10:00:00+00:00,1.3524,1.3524,1.3416,1.349,27937.6
2026-06-18 11:00:00+00:00,1.349,1.3525,1.3458,1.3497,11273.8
2026-06-18 12:00:00+00:00,1.3497,1.3561,1.3475,1.3547,26336.4
2026-06-18 13:00:00+00:00,1.3547,1.3563,1.3423,1.348,26106.2
2026-06-18 14:00:00+00:00,1.348,1.356,1.3436,1.3511,20932.8
2026-06-18 15:00:00+00:00,1.3511,1.3511,1.3111,1.3135,150730.5
2026-06-18 16:00:00+00:00,1.3135,1.3248,1.3106,1.3231,70813.5
2026-06-18 17:00:00+00:00,1.3231,1.3237,1.311,1.314,20969.2
2026-06-18 18:00:00+00:00,1.314,1.3199,1.3114,1.3138,24984.1
2026-06-18 19:00:00+00:00,1.3138,1.3212,1.3114,1.3179,12888.1
2026-06-18 20:00:00+00:00,1.3179,1.3273,1.3179,1.3222,17341.2
2026-06-18 21:00:00+00:00,1.3222,1.3274,1.3194,1.3274,14611.0
2026-06-18 22:00:00+00:00,1.3274,1.3287,1.3202,1.3252,10601.0
2026-06-18 23:00:00+00:00,1.3252,1.3309,1.3217,1.3307,11061.3
2026-06-19 00:00:00+00:00,1.3307,1.348,1.3284,1.3458,53711.9
2026-06-19 01:00:00+00:00,1.3458,1.362,1.3443,1.3604,159145.4
2026-06-19 02:00:00+00:00,1.3604,1.3614,1.3483,1.3606,30194.7
2026-06-19 03:00:00+00:00,1.3606,1.3621,1.3379,1.3516,72292.6
2026-06-19 04:00:00+00:00,1.3516,1.3538,1.3361,1.3426,41043.2
2026-06-19 05:00:00+00:00,1.3426,1.3475,1.3379,1.3394,17781.7
2026-06-19 06:00:00+00:00,1.3394,1.3504,1.3394,1.3465,19469.2
2026-06-19 07:00:00+00:00,1.3465,1.3488,1.3389,1.3443,28576.0
2026-06-19 08:00:00+00:00,1.3443,1.3515,1.3437,1.3461,10481.0
2026-06-19 09:00:00+00:00,1.3461,1.3472,1.3364,1.3373,24454.6
2026-06-19 10:00:00+00:00,1.3373,1.3495,1.337,1.3481,42136.6
2026-06-19 11:00:00+00:00,1.3481,1.354,1.3447,1.3485,21898.8
2026-06-19 12:00:00+00:00,1.3485,1.381,1.3485,1.374,242856.9
2026-06-19 13:00:00+00:00,1.374,1.4058,1.3693,1.4058,207350.7
2026-06-19 14:00:00+00:00,1.4058,1.409,1.3765,1.3786,99125.8
2026-06-19 15:00:00+00:00,1.3786,1.3866,1.376,1.3821,20504.5
2026-06-19 16:00:00+00:00,1.3821,1.3991,1.3774,1.3788,44159.7
2026-06-19 17:00:00+00:00,1.3788,1.3879,1.375,1.3879,28400.9
2026-06-19 18:00:00+00:00,1.3879,1.3892,1.376,1.3823,13917.2
2026-06-19 19:00:00+00:00,1.3823,1.3823,1.3684,1.3728,52486.1
2026-06-19 20:00:00+00:00,1.3728,1.375,1.3688,1.3732,12039.9
2026-06-19 21:00:00+00:00,1.3732,1.3804,1.369,1.369,32215.6
2026-06-19 22:00:00+00:00,1.369,1.3734,1.367,1.3681,7985.5
2026-06-19 23:00:00+00:00,1.3681,1.371,1.3652,1.3695,9977.0
2026-06-20 00:00:00+00:00,1.3695,1.3732,1.3641,1.3641,28228.0
2026-06-20 01:00:00+00:00,1.3641,1.3751,1.3628,1.375,33867.8
2026-06-20 02:00:00+00:00,1.375,1.3759,1.3621,1.3639,24343.0
2026-06-20 03:00:00+00:00,1.3639,1.3676,1.3624,1.3666,11146.0
2026-06-20 04:00:00+00:00,1.3666,1.3725,1.3647,1.3708,16042.2
2026-06-20 05:00:00+00:00,1.3708,1.3814,1.3672,1.3695,14562.8
2026-06-20 06:00:00+00:00,1.3695,1.3775,1.3677,1.3741,8504.5
2026-06-20 07:00:00+00:00,1.3741,1.3808,1.3702,1.377,12437.8
2026-06-20 08:00:00+00:00,1.377,1.3898,1.376,1.3883,33902.8
2026-06-20 09:00:00+00:00,1.3883,1.3925,1.3874,1.3907,23142.2
2026-06-20 10:00:00+00:00,1.3907,1.3917,1.3814,1.3875,14548.3
2026-06-20 11:00:00+00:00,1.3875,1.3876,1.3797,1.3797,5903.9
2026-06-20 12:00:00+00:00,1.3797,1.384,1.3699,1.3709,22215.1
2026-06-20 13:00:00+00:00,1.3709,1.3709,1.363,1.3672,13456.6
2026-06-20 14:00:00+00:00,1.3672,1.3784,1.3574,1.3712,35592.6
2026-06-20 15:00:00+00:00,1.3712,1.3802,1.3681,1.3798,20532.0
2026-06-20 16:00:00+00:00,1.3798,1.3806,1.3677,1.372,13117.9
2026-06-20 17:00:00+00:00,1.372,1.372,1.3605,1.3625,11231.5
2026-06-20 18:00:00+00:00,1.3625,1.3674,1.3614,1.3646,5183.9
2026-06-20 19:00:00+00:00,1.3646,1.3677,1.3645,1.3673,2076.5
2026-06-20 20:00:00+00:00,1.3673,1.3692,1.3651,1.3671,1851.3
2026-06-20 21:00:00+00:00,1.3671,1.3725,1.3652,1.3667,16222.3
2026-06-20 22:00:00+00:00,1.3667,1.3782,1.3646,1.3768,16711.4
2026-06-20 23:00:00+00:00,1.3768,1.379,1.3755,1.3755,6976.6
2026-06-21 00:00:00+00:00,1.3755,1.3795,1.374,1.3759,3855.5
2026-06-21 01:00:00+00:00,1.3759,1.3929,1.3759,1.392,32266.9
2026-06-21 02:00:00+00:00,1.392,1.401,1.384,1.401,23404.7
2026-06-21 03:00:00+00:00,1.401,1.4064,1.3926,1.4061,22391.7
2026-06-21 04:00:00+00:00,1.4061,1.415,1.3998,1.4037,40170.0
2026-06-21 05:00:00+00:00,1.4037,1.407,1.385,1.3871,15569.0
2026-06-21 06:00:00+00:00,1.3871,1.3929,1.3859,1.3876,10630.1
2026-06-21 07:00:00+00:00,1.3876,1.3926,1.3861,1.3898,15792.8
2026-06-21 08:00:00+00:00,1.3898,1.3909,1.3831,1.3909,27755.6
2026-06-21 09:00:00+00:00,1.3909,1.393,1.3857,1.3902,6596.3
2026-06-21 10:00:00+00:00,1.3902,1.3959,1.388,1.3887,14883.3
2026-06-21 11:00:00+00:00,1.3887,1.3919,1.3857,1.3858,2110.8
2026-06-21 12:00:00+00:00,1.3858,1.3886,1.3813,1.3881,16423.9
2026-06-21 13:00:00+00:00,1.3881,1.391,1.3845,1.385,7254.6
2026-06-21 14:00:00+00:00,1.385,1.386,1.3806,1.3847,15004.1
2026-06-21 15:00:00+00:00,1.3847,1.3936,1.3833,1.3936,3282.9
2026-06-21 16:00:00+00:00,1.3936,1.3936,1.3848,1.3873,4615.4
2026-06-21 17:00:00+00:00,1.3873,1.3939,1.3829,1.3829,13354.5
2026-06-21 18:00:00+00:00,1.3829,1.3856,1.3787,1.385,8827.3
2026-06-21 19:00:00+00:00,1.385,1.386,1.3828,1.3832,4426.6
2026-06-21 20:00:00+00:00,1.3832,1.3851,1.3711,1.3731,13177.4
2026-06-21 21:00:00+00:00,1.3731,1.3754,1.3631,1.3727,54088.3
2026-06-21 22:00:00+00:00,1.3727,1.3768,1.3661,1.3693,13134.3
2026-06-21 23:00:00+00:00,1.3693,1.3693,1.3613,1.3662,18554.2
2026-06-22 00:00:00+00:00,1.3662,1.3745,1.3601,1.3734,41839.5
2026-06-22 01:00:00+00:00,1.3734,1.3888,1.3722,1.383,32254.7
2026-06-22 02:00:00+00:00,1.383,1.386,1.3763,1.3763,9168.4
2026-06-22 03:00:00+00:00,1.3763,1.3816,1.3691,1.3696,13342.5
2026-06-22 04:00:00+00:00,1.3696,1.3719,1.3682,1.3704,11024.3
2026-06-22 05:00:00+00:00,1.3704,1.3794,1.3702,1.3794,9233.1
2026-06-22 06:00:00+00:00,1.3794,1.3806,1.3701,1.3701,10176.2
2026-06-22 07:00:00+00:00,1.3701,1.384,1.3692,1.3782,8305.4
2026-06-22 08:00:00+00:00,1.3782,1.3813,1.376,1.3787,15893.1
2026-06-22 09:00:00+00:00,1.3787,1.3791,1.3685,1.369,17261.3
2026-06-22 10:00:00+00:00,1.369,1.373,1.3678,1.3705,5695.6
2026-06-22 11:00:00+00:00,1.3705,1.386,1.3697,1.384,25274.1
2026-06-22 12:00:00+00:00,1.384,1.3935,1.3835,1.393,43438.2
2026-06-22 13:00:00+00:00,1.393,1.3998,1.3871,1.3955,57468.3
2026-06-22 14:00:00+00:00,1.3955,1.3968,1.3742,1.379,30551.3
2026-06-22 15:00:00+00:00,1.379,1.3808,1.3703,1.3722,26098.6
2026-06-22 16:00:00+00:00,1.3722,1.3735,1.3666,1.3727,42335.2
2026-06-22 17:00:00+00:00,1.3727,1.3742,1.3662,1.3741,8834.3
2026-06-22 18:00:00+00:00,1.3741,1.377,1.3637,1.3641,20734.1
2026-06-22 19:00:00+00:00,1.3641,1.3649,1.3568,1.3621,42654.4
2026-06-22 20:00:00+00:00,1.3621,1.3677,1.36,1.367,22128.6
2026-06-22 21:00:00+00:00,1.367,1.3679,1.3527,1.3548,27149.3
2026-06-22 22:00:00+00:00,1.3548,1.3595,1.3476,1.351,25439.0
2026-06-22 23:00:00+00:00,1.351,1.3575,1.35,1.3547,7410.8
2026-06-23 00:00:00+00:00,1.3547,1.3604,1.3483,1.3604,26766.5
2026-06-23 01:00:00+00:00,1.3604,1.3617,1.3475,1.3547,16021.0
2026-06-23 02:00:00+00:00,1.3547,1.3569,1.3517,1.3535,6283.8
2026-06-23 03:00:00+00:00,1.3535,1.361,1.3489,1.3578,13039.1
2026-06-23 04:00:00+00:00,1.3578,1.358,1.3457,1.3462,9797.5
2026-06-23 05:00:00+00:00,1.3462,1.3494,1.3364,1.339,31525.1
2026-06-23 06:00:00+00:00,1.339,1.3432,1.322,1.333,53536.2
2026-06-23 07:00:00+00:00,1.333,1.3418,1.3328,1.3394,23718.7
2026-06-23 08:00:00+00:00,1.3394,1.3394,1.3067,1.3166,73037.3
2026-06-23 09:00:00+00:00,1.3166,1.3243,1.3165,1.3242,18970.0
2026-06-23 10:00:00+00:00,1.3242,1.3285,1.3196,1.3218,20366.4
2026-06-23 11:00:00+00:00,1.3218,1.3219,1.2957,1.3183,85243.1
2026-06-23 12:00:00+00:00,1.3183,1.3187,1.3113,1.315,33690.5
2026-06-23 13:00:00+00:00,1.315,1.3252,1.311,1.322,35845.6
2026-06-23 14:00:00+00:00,1.322,1.3313,1.3212,1.3239,43353.2
2026-06-23 15:00:00+00:00,1.3239,1.3256,1.3143,1.3201,20952.6
2026-06-23 16:00:00+00:00,1.3201,1.329,1.3201,1.3224,19433.5
2026-06-23 17:00:00+00:00,1.3224,1.3244,1.3158,1.319,12814.0
2026-06-23 18:00:00+00:00,1.319,1.3256,1.3187,1.3238,10735.5
2026-06-23 19:00:00+00:00,1.3238,1.3405,1.3238,1.3402,29848.5
2026-06-23 20:00:00+00:00,1.3402,1.3424,1.3253,1.3332,43772.9
2026-06-23 21:00:00+00:00,1.3332,1.3367,1.3283,1.3287,17470.6
2026-06-23 22:00:00+00:00,1.3287,1.3361,1.3277,1.3336,8925.4
2026-06-23 23:00:00+00:00,1.3336,1.3338,1.3276,1.3293,5904.3
2026-06-24 00:00:00+00:00,1.3293,1.3431,1.329,1.3369,37511.4
2026-06-24 01:00:00+00:00,1.3369,1.3454,1.3339,1.341,36554.3
2026-06-24 02:00:00+00:00,1.341,1.3416,1.3347,1.335,6757.1
2026-06-24 03:00:00+00:00,1.335,1.3399,1.3296,1.3351,11627.2
2026-06-24 04:00:00+00:00,1.3351,1.3374,1.3241,1.3372,36656.2
2026-06-24 05:00:00+00:00,1.3372,1.3396,1.333,1.333,9485.9
2026-06-24 06:00:00+00:00,1.333,1.3366,1.3316,1.3316,12537.5
2026-06-24 07:00:00+00:00,1.3316,1.3341,1.3275,1.3275,26228.4
2026-06-24 08:00:00+00:00,1.3275,1.3339,1.3264,1.3335,46320.5
2026-06-24 09:00:00+00:00,1.3335,1.3336,1.3259,1.3303,7211.2
2026-06-24 10:00:00+00:00,1.3303,1.331,1.3196,1.3197,27621.7
2026-06-24 11:00:00+00:00,1.3197,1.3609,1.3162,1.3527,109982.8
2026-06-24 12:00:00+00:00,1.3527,1.356,1.3348,1.3348,39985.1
2026-06-24 13:00:00+00:00,1.3348,1.3363,1.3121,1.3171,108050.1
2026-06-24 14:00:00+00:00,1.3171,1.3249,1.3053,1.3217,177864.8
2026-06-24 15:00:00+00:00,1.3217,1.322,1.2925,1.296,66784.5
2026-06-24 16:00:00+00:00,1.296,1.3117,1.2795,1.2857,101617.7
2026-06-24 17:00:00+00:00,1.2857,1.2917,1.2667,1.2717,38577.0
2026-06-24 18:00:00+00:00,1.2717,1.2825,1.2538,1.2738,85431.0
2026-06-24 19:00:00+00:00,1.2738,1.2874,1.271,1.2871,74900.7
2026-06-24 20:00:00+00:00,1.2871,1.305,1.2833,1.3009,38496.2
2026-06-24 21:00:00+00:00,1.3009,1.3086,1.2976,1.3079,25516.6
2026-06-24 22:00:00+00:00,1.3079,1.3149,1.3022,1.3023,42127.7
2026-06-24 23:00:00+00:00,1.3023,1.3121,1.3013,1.3113,14622.3
2026-06-25 00:00:00+00:00,1.3113,1.3156,1.3062,1.3082,31981.7
2026-06-25 01:00:00+00:00,1.3082,1.314,1.3034,1.314,35029.3
2026-06-25 02:00:00+00:00,1.314,1.3147,1.3005,1.3019,11737.8
2026-06-25 03:00:00+00:00,1.3019,1.3067,1.3016,1.304,34781.7
2026-06-25 04:00:00+00:00,1.304,1.3072,1.2996,1.3069,11403.9
2026-06-25 05:00:00+00:00,1.3069,1.3182,1.3069,1.3163,40969.4
2026-06-25 06:00:00+00:00,1.3163,1.351,1.3162,1.3398,117406.1
2026-06-25 07:00:00+00:00,1.3398,1.3451,1.3352,1.3425,41904.7
2026-06-25 08:00:00+00:00,1.3425,1.3427,1.3383,1.3387,27281.2
2026-06-25 09:00:00+00:00,1.3387,1.3412,1.3353,1.3362,22247.6
2026-06-25 10:00:00+00:00,1.3362,1.34,1.3174,1.3239,65430.4
2026-06-25 11:00:00+00:00,1.3239,1.3239,1.3179,1.321,66078.4
2026-06-25 12:00:00+00:00,1.321,1.3316,1.3178,1.3256,38037.2
2026-06-25 13:00:00+00:00,1.3256,1.3342,1.2698,1.2723,140371.8
2026-06-25 14:00:00+00:00,1.2723,1.3294,1.2723,1.3073,179105.0
2026-06-25 15:00:00+00:00,1.3073,1.3075,1.2916,1.306,56179.2
2026-06-25 16:00:00+00:00,1.306,1.3144,1.291,1.2947,55990.4
2026-06-25 17:00:00+00:00,1.2947,1.3197,1.2928,1.3197,61009.4
2026-06-25 18:00:00+00:00,1.3197,1.3214,1.3025,1.3041,16835.6
2026-06-25 19:00:00+00:00,1.3041,1.3073,1.3001,1.3068,18271.6
2026-06-25 20:00:00+00:00,1.3068,1.3133,1.3038,1.3047,10896.5
2026-06-25 21:00:00+00:00,1.3047,1.323,1.3047,1.3227,15385.5
2026-06-25 22:00:00+00:00,1.3227,1.3245,1.3154,1.3185,25971.0
2026-06-25 23:00:00+00:00,1.3185,1.3264,1.3166,1.3169,63712.7
2026-06-26 00:00:00+00:00,1.3169,1.3258,1.3169,1.3233,18121.3
2026-06-26 01:00:00+00:00,1.3233,1.324,1.3137,1.3183,13581.8
2026-06-26 02:00:00+00:00,1.3183,1.3207,1.2928,1.2983,43235.9
2026-06-26 03:00:00+00:00,1.2983,1.3246,1.292,1.3231,25204.8
2026-06-26 04:00:00+00:00,1.3231,1.3248,1.317,1.3193,25602.6
2026-06-26 05:00:00+00:00,1.3193,1.3247,1.3176,1.3236,10245.6
2026-06-26 06:00:00+00:00,1.3236,1.3376,1.3189,1.3376,26024.2
2026-06-26 07:00:00+00:00,1.3376,1.3535,1.3376,1.3453,56760.8
2026-06-26 08:00:00+00:00,1.3453,1.3509,1.3387,1.349,54754.7
2026-06-26 09:00:00+00:00,1.349,1.3492,1.3316,1.3327,40625.6
2026-06-26 10:00:00+00:00,1.3327,1.3379,1.3275,1.3289,19334.7
2026-06-26 11:00:00+00:00,1.3289,1.3347,1.3225,1.3262,42402.5
2026-06-26 12:00:00+00:00,1.3262,1.33,1.3117,1.3182,67974.0
2026-06-26 13:00:00+00:00,1.3182,1.3337,1.3073,1.3336,53062.2
2026-06-26 14:00:00+00:00,1.3336,1.3384,1.3257,1.3288,24878.2
2026-06-26 15:00:00+00:00,1.3288,1.3443,1.3271,1.342,22782.7
2026-06-26 16:00:00+00:00,1.342,1.3478,1.3352,1.3465,32806.0
2026-06-26 17:00:00+00:00,1.3465,1.3484,1.3428,1.3467,14940.3
2026-06-26 18:00:00+00:00,1.3467,1.3482,1.3386,1.3413,13519.4
2026-06-26 19:00:00+00:00,1.3413,1.3512,1.34,1.3404,9536.5
2026-06-26 20:00:00+00:00,1.3404,1.3476,1.338,1.3398,11336.3
2026-06-26 21:00:00+00:00,1.3398,1.35,1.3353,1.3422,58622.0
2026-06-26 22:00:00+00:00,1.3422,1.3426,1.3366,1.3417,12869.9
2026-06-26 23:00:00+00:00,1.3417,1.3439,1.335,1.3372,10051.3
2026-06-27 00:00:00+00:00,1.3372,1.3429,1.3331,1.3364,42872.9
2026-06-27 01:00:00+00:00,1.3364,1.3381,1.3304,1.3325,21472.6
2026-06-27 02:00:00+00:00,1.3325,1.337,1.3292,1.3357,14026.0
2026-06-27 03:00:00+00:00,1.3357,1.3357,1.3286,1.33,7683.9
2026-06-27 04:00:00+00:00,1.33,1.3315,1.3186,1.3202,24082.3
2026-06-27 05:00:00+00:00,1.3202,1.3254,1.3184,1.325,10215.1
2026-06-27 06:00:00+00:00,1.325,1.325,1.3178,1.3226,10796.1
2026-06-27 07:00:00+00:00,1.3226,1.3241,1.3176,1.322,26183.3
2026-06-27 08:00:00+00:00,1.322,1.3221,1.3185,1.3219,6651.2
2026-06-27 09:00:00+00:00,1.3219,1.3219,1.315,1.3204,12927.0
2026-06-27 10:00:00+00:00,1.3204,1.3217,1.3141,1.3169,20364.0
2026-06-27 11:00:00+00:00,1.3169,1.3171,1.3087,1.3128,20444.5
2026-06-27 12:00:00+00:00,1.3128,1.318,1.3101,1.3178,49278.5
2026-06-27 13:00:00+00:00,1.3178,1.3281,1.3158,1.3281,23953.7
2026-06-27 14:00:00+00:00,1.3281,1.3325,1.3257,1.3323,8625.2
2026-06-27 15:00:00+00:00,1.3323,1.3413,1.3297,1.3409,22452.7
2026-06-27 16:00:00+00:00,1.3409,1.3525,1.3333,1.3523,36810.5
2026-06-27 17:00:00+00:00,1.3523,1.359,1.3317,1.3317,66974.6
2026-06-27 18:00:00+00:00,1.3317,1.3372,1.3303,1.3327,29350.8
2026-06-27 19:00:00+00:00,1.3327,1.3348,1.3242,1.333,23989.4
2026-06-27 20:00:00+00:00,1.333,1.3337,1.3259,1.3259,10174.7
2026-06-27 21:00:00+00:00,1.3259,1.3347,1.3207,1.3246,13936.6
2026-06-27 22:00:00+00:00,1.3246,1.3256,1.3176,1.3212,8296.8
2026-06-27 23:00:00+00:00,1.3212,1.3228,1.3161,1.321,48165.3
2026-06-28 00:00:00+00:00,1.321,1.3218,1.3148,1.3148,12958.5
2026-06-28 01:00:00+00:00,1.3148,1.3189,1.3128,1.3164,9150.7
2026-06-28 02:00:00+00:00,1.3164,1.3214,1.3148,1.3149,7544.4
2026-06-28 03:00:00+00:00,1.3149,1.3199,1.314,1.3161,5088.2
2026-06-28 04:00:00+00:00,1.3161,1.3195,1.315,1.3183,26337.8
2026-06-28 05:00:00+00:00,1.3183,1.3214,1.3105,1.3214,58730.1
2026-06-28 06:00:00+00:00,1.3214,1.3224,1.3151,1.3207,4672.2
2026-06-28 07:00:00+00:00,1.3207,1.3318,1.3201,1.3318,19498.1
2026-06-28 08:00:00+00:00,1.3318,1.3409,1.3286,1.34,7189.7
2026-06-28 09:00:00+00:00,1.34,1.3412,1.33,1.33,7755.6
2026-06-28 10:00:00+00:00,1.33,1.3336,1.3283,1.3283,15485.6
2026-06-28 11:00:00+00:00,1.3283,1.35,1.3276,1.3459,15684.3
2026-06-28 12:00:00+00:00,1.3459,1.3637,1.3448,1.3619,29051.5
2026-06-28 13:00:00+00:00,1.3619,1.3686,1.3456,1.3462,52692.3
2026-06-28 14:00:00+00:00,1.3462,1.3526,1.3455,1.3471,11926.1
2026-06-28 15:00:00+00:00,1.3471,1.355,1.345,1.3489,11675.8
2026-06-28 16:00:00+00:00,1.3489,1.3512,1.3352,1.3395,35128.3
2026-06-28 17:00:00+00:00,1.3395,1.3435,1.327,1.3389,31848.1
2026-06-28 18:00:00+00:00,1.3389,1.3421,1.3368,1.3416,6481.5
2026-06-28 19:00:00+00:00,1.3416,1.3416,1.3262,1.3288,8587.9
2026-06-28 20:00:00+00:00,1.3288,1.3396,1.3278,1.3309,8774.7
2026-06-28 21:00:00+00:00,1.3309,1.3341,1.3278,1.3325,10985.7
2026-06-28 22:00:00+00:00,1.3325,1.3441,1.3237,1.3274,10676.8
2026-06-28 23:00:00+00:00,1.3274,1.348,1.3256,1.3471,26291.5
2026-06-29 00:00:00+00:00,1.3471,1.3511,1.3347,1.3489,16069.0
2026-06-29 01:00:00+00:00,1.3489,1.3549,1.3465,1.3521,22556.8
2026-06-29 02:00:00+00:00,1.3521,1.3521,1.3373,1.3488,11656.0
2026-06-29 03:00:00+00:00,1.3488,1.3787,1.3488,1.3599,57078.3
2026-06-29 04:00:00+00:00,1.3599,1.3604,1.3457,1.347,12682.9
2026-06-29 05:00:00+00:00,1.347,1.357,1.3365,1.357,21897.8
2026-06-29 06:00:00+00:00,1.357,1.3601,1.3496,1.35,30182.6
2026-06-29 07:00:00+00:00,1.35,1.3526,1.3478,1.3484,20274.8
2026-06-29 08:00:00+00:00,1.3484,1.35,1.3421,1.3422,8257.1
2026-06-29 09:00:00+00:00,1.3422,1.3452,1.3403,1.3417,9199.5
2026-06-29 10:00:00+00:00,1.3417,1.3465,1.3417,1.3439,12218.8
2026-06-29 11:00:00+00:00,1.3439,1.3476,1.3378,1.3407,16973.3
2026-06-29 12:00:00+00:00,1.3407,1.3531,1.3331,1.3363,24291.3
2026-06-29 13:00:00+00:00,1.3363,1.3459,1.3272,1.33,62643.0
2026-06-29 14:00:00+00:00,1.33,1.3305,1.3188,1.3261,63101.0
2026-06-29 15:00:00+00:00,1.3261,1.3307,1.3181,1.3288,54698.7
2026-06-29 16:00:00+00:00,1.3288,1.34,1.325,1.3353,17451.8
2026-06-29 17:00:00+00:00,1.3353,1.3522,1.3338,1.3447,30281.9
2026-06-29 18:00:00+00:00,1.3447,1.348,1.3428,1.348,14282.1
2026-06-29 19:00:00+00:00,1.348,1.3494,1.3452,1.3457,9997.0
2026-06-29 20:00:00+00:00,1.3457,1.3461,1.3375,1.3382,14111.9
2026-06-29 21:00:00+00:00,1.3382,1.3398,1.3344,1.3387,6050.8
2026-06-29 22:00:00+00:00,1.3387,1.3407,1.333,1.3332,11906.2
2026-06-29 23:00:00+00:00,1.3332,1.336,1.3301,1.3353,11147.9
2026-06-30 00:00:00+00:00,1.3353,1.3391,1.3273,1.3308,17741.3
2026-06-30 01:00:00+00:00,1.3308,1.332,1.325,1.325,12291.9
2026-06-30 02:00:00+00:00,1.325,1.3316,1.3236,1.3308,19554.5
2026-06-30 03:00:00+00:00,1.3308,1.3322,1.3227,1.3232,14085.4
2026-06-30 04:00:00+00:00,1.3232,1.3232,1.3187,1.3202,11627.7
2026-06-30 05:00:00+00:00,1.3202,1.3208,1.311,1.3208,29780.8
2026-06-30 06:00:00+00:00,1.3208,1.3208,1.3162,1.3191,11695.7
2026-06-30 07:00:00+00:00,1.3191,1.3219,1.3174,1.32,9113.3
2026-06-30 08:00:00+00:00,1.32,1.3208,1.3108,1.3141,8199.5
2026-06-30 09:00:00+00:00,1.3141,1.3142,1.3022,1.3083,21865.7
2026-06-30 10:00:00+00:00,1.3083,1.3089,1.2963,1.3027,90537.3
2026-06-30 11:00:00+00:00,1.3027,1.3074,1.2895,1.295,117076.9
2026-06-30 12:00:00+00:00,1.295,1.2983,1.2853,1.2875,143190.5
2026-06-30 13:00:00+00:00,1.2875,1.3086,1.2842,1.3065,88615.2
2026-06-30 14:00:00+00:00,1.3065,1.3207,1.3014,1.304,59437.3
2026-06-30 15:00:00+00:00,1.304,1.3211,1.2994,1.3065,113203.0
2026-06-30 16:00:00+00:00,1.3065,1.3156,1.3045,1.3144,18416.1
2026-06-30 17:00:00+00:00,1.3144,1.3169,1.3072,1.3114,18607.5
2026-06-30 18:00:00+00:00,1.3114,1.3176,1.307,1.3095,29604.2
2026-06-30 19:00:00+00:00,1.3095,1.3353,1.3093,1.3216,35316.9
2026-06-30 20:00:00+00:00,1.3216,1.3216,1.306,1.3112,41832.9
2026-06-30 21:00:00+00:00,1.3112,1.3156,1.307,1.3077,17789.4
2026-06-30 22:00:00+00:00,1.3077,1.3125,1.3054,1.3059,5535.8
2026-06-30 23:00:00+00:00,1.3059,1.3119,1.3047,1.3107,8509.9
2026-07-01 00:00:00+00:00,1.3107,1.3125,1.3056,1.3093,7976.3
2026-07-01 01:00:00+00:00,1.3093,1.3166,1.2936,1.3155,24760.4
2026-07-01 02:00:00+00:00,1.3155,1.3226,1.3132,1.3176,10609.4
2026-07-01 03:00:00+00:00,1.3176,1.3259,1.3161,1.3242,11675.1
2026-07-01 04:00:00+00:00,1.3242,1.3257,1.32,1.3231,7123.8
2026-07-01 05:00:00+00:00,1.3231,1.3245,1.3182,1.322,3519.2
2026-07-01 06:00:00+00:00,1.322,1.3231,1.3104,1.3127,10912.0
2026-07-01 07:00:00+00:00,1.3127,1.3206,1.3108,1.3206,10116.4
2026-07-01 08:00:00+00:00,1.3206,1.321,1.3115,1.3188,5742.2
2026-07-01 09:00:00+00:00,1.3188,1.3217,1.3154,1.32,6057.5
2026-07-01 10:00:00+00:00,1.32,1.32,1.3078,1.3102,15802.0
2026-07-01 11:00:00+00:00,1.3102,1.3165,1.3043,1.3124,13059.3
2026-07-01 12:00:00+00:00,1.3124,1.3125,1.3054,1.31,10800.5
2026-07-01 13:00:00+00:00,1.31,1.3199,1.3024,1.3183,28341.5
2026-07-01 14:00:00+00:00,1.3183,1.3324,1.3139,1.322,22913.0
2026-07-01 15:00:00+00:00,1.322,1.3395,1.322,1.3288,19099.0
2026-07-01 16:00:00+00:00,1.3288,1.3347,1.3263,1.3276,17488.3
2026-07-01 17:00:00+00:00,1.3276,1.3375,1.3238,1.3368,21253.2
2026-07-01 18:00:00+00:00,1.3368,1.3601,1.3368,1.3423,87252.6
2026-07-01 19:00:00+00:00,1.3423,1.3468,1.3403,1.3426,9634.4
2026-07-01 20:00:00+00:00,1.3426,1.3508,1.3418,1.3451,16251.0
2026-07-01 21:00:00+00:00,1.3451,1.3551,1.3451,1.3544,12534.8
2026-07-01 22:00:00+00:00,1.3544,1.3647,1.3473,1.3492,19064.2
2026-07-01 23:00:00+00:00,1.3492,1.3508,1.3347,1.3367,36041.1
2026-07-02 00:00:00+00:00,1.3367,1.3383,1.3325,1.3383,7548.6
2026-07-02 01:00:00+00:00,1.3383,1.3423,1.3365,1.337,34300.2
2026-07-02 02:00:00+00:00,1.337,1.3448,1.335,1.3437,6659.8
2026-07-02 03:00:00+00:00,1.3437,1.35,1.3397,1.3493,6547.3
2026-07-02 04:00:00+00:00,1.3493,1.3493,1.343,1.3459,10457.9
2026-07-02 05:00:00+00:00,1.3459,1.347,1.3432,1.3468,4098.5
2026-07-02 06:00:00+00:00,1.3468,1.347,1.3368,1.3388,10036.6
2026-07-02 07:00:00+00:00,1.3388,1.343,1.3349,1.3414,8111.0
2026-07-02 08:00:00+00:00,1.3414,1.3502,1.3409,1.3476,13410.1
2026-07-02 09:00:00+00:00,1.3476,1.3562,1.3432,1.3516,13539.5
2026-07-02 10:00:00+00:00,1.3516,1.3593,1.3511,1.357,10978.5
2026-07-02 11:00:00+00:00,1.357,1.368,1.3495,1.354,102304.6
2026-07-02 12:00:00+00:00,1.354,1.3622,1.3528,1.3607,26384.4
2026-07-02 13:00:00+00:00,1.3607,1.375,1.359,1.3703,59839.1
2026-07-02 14:00:00+00:00,1.3703,1.3751,1.3584,1.36,22944.3
2026-07-02 15:00:00+00:00,1.36,1.3721,1.3567,1.3665,68581.0
2026-07-02 16:00:00+00:00,1.3665,1.3703,1.3589,1.3673,47694.4
2026-07-02 17:00:00+00:00,1.3673,1.37,1.363,1.364,16412.4
2026-07-02 18:00:00+00:00,1.364,1.3699,1.3618,1.3684,71863.1
2026-07-02 19:00:00+00:00,1.3684,1.3684,1.359,1.3633,53510.8
2026-07-02 20:00:00+00:00,1.3633,1.3637,1.3553,1.3582,7517.9
2026-07-02 21:00:00+00:00,1.3582,1.3613,1.3555,1.3601,9769.9
2026-07-02 22:00:00+00:00,1.3601,1.3601,1.3536,1.3566,4754.6
2026-07-02 23:00:00+00:00,1.3566,1.362,1.3545,1.3586,7702.7
2026-07-03 00:00:00+00:00,1.3586,1.3622,1.3561,1.3617,10973.9
2026-07-03 01:00:00+00:00,1.3617,1.375,1.3617,1.3669,64657.3
2026-07-03 02:00:00+00:00,1.3669,1.3686,1.361,1.3645,7377.5
2026-07-03 03:00:00+00:00,1.3645,1.3683,1.3603,1.3675,4372.9
2026-07-03 04:00:00+00:00,1.3675,1.3686,1.3621,1.3646,2965.2
2026-07-03 05:00:00+00:00,1.3646,1.3696,1.3638,1.368,1909.0
2026-07-03 06:00:00+00:00,1.368,1.3713,1.367,1.368,2430.8
2026-07-03 07:00:00+00:00,1.368,1.3736,1.3665,1.3711,8551.2
2026-07-03 08:00:00+00:00,1.3711,1.3746,1.3683,1.3694,10130.3
2026-07-03 09:00:00+00:00,1.3694,1.3741,1.368,1.3692,31994.7
2026-07-03 10:00:00+00:00,1.3692,1.3861,1.3692,1.3828,172461.6
2026-07-03 11:00:00+00:00,1.3828,1.3885,1.3801,1.3834,63996.9
2026-07-03 12:00:00+00:00,1.3834,1.3919,1.3788,1.3808,79537.3
2026-07-03 13:00:00+00:00,1.3808,1.388,1.378,1.3859,36947.2
2026-07-03 14:00:00+00:00,1.3859,1.3865,1.3749,1.3822,19681.3
2026-07-03 15:00:00+00:00,1.3822,1.3974,1.38,1.392,33776.1
2026-07-03 16:00:00+00:00,1.392,1.3949,1.3885,1.3924,12533.3
2026-07-03 17:00:00+00:00,1.3924,1.3974,1.3881,1.3915,49682.1
2026-07-03 18:00:00+00:00,1.3915,1.394,1.3862,1.3933,10855.7
2026-07-03 19:00:00+00:00,1.3933,1.4023,1.3906,1.3982,18397.7
2026-07-03 20:00:00+00:00,1.3982,1.4043,1.3949,1.3978,14262.1
2026-07-03 21:00:00+00:00,1.3978,1.4054,1.3975,1.4045,21580.5
2026-07-03 22:00:00+00:00,1.4045,1.4059,1.3934,1.3938,5460.3
2026-07-03 23:00:00+00:00,1.3938,1.4008,1.3903,1.3951,18667.2
2026-07-04 00:00:00+00:00,1.3951,1.4225,1.393,1.3953,120453.5
2026-07-04 01:00:00+00:00,1.3953,1.3953,1.3821,1.3871,32436.2
2026-07-04 02:00:00+00:00,1.3871,1.3891,1.3823,1.3828,8280.0
2026-07-04 03:00:00+00:00,1.3828,1.3917,1.3809,1.3903,14038.0
2026-07-04 04:00:00+00:00,1.3903,1.3916,1.3847,1.3849,6088.2
2026-07-04 05:00:00+00:00,1.3849,1.3859,1.3808,1.3853,10177.2
2026-07-04 06:00:00+00:00,1.3853,1.3865,1.3746,1.3751,23021.9
2026-07-04 07:00:00+00:00,1.3751,1.3834,1.3741,1.3831,9736.1
2026-07-04 08:00:00+00:00,1.3831,1.3863,1.3771,1.3832,27855.0
2026-07-04 09:00:00+00:00,1.3832,1.384,1.378,1.3814,5021.6
2026-07-04 10:00:00+00:00,1.3814,1.3816,1.3777,1.379,5162.3
2026-07-04 11:00:00+00:00,1.379,1.3817,1.3779,1.38,2959.5
2026-07-04 12:00:00+00:00,1.38,1.3843,1.38,1.3829,9133.4
2026-07-04 13:00:00+00:00,1.3829,1.3924,1.3804,1.3876,33082.3
2026-07-04 14:00:00+00:00,1.3876,1.4,1.3853,1.3977,19932.3
2026-07-04 15:00:00+00:00,1.3977,1.4035,1.3939,1.401,97428.6
2026-07-04 16:00:00+00:00,1.401,1.4012,1.3957,1.3977,17692.4
2026-07-04 17:00:00+00:00,1.3977,1.4066,1.394,1.4058,12116.4
2026-07-04 18:00:00+00:00,1.4058,1.4076,1.3957,1.3957,25544.6
2026-07-04 19:00:00+00:00,1.3957,1.3985,1.3926,1.3948,10700.0
2026-07-04 20:00:00+00:00,1.3948,1.3948,1.3863,1.3867,17050.7
2026-07-04 21:00:00+00:00,1.3867,1.39,1.3861,1.3872,6526.1
2026-07-04 22:00:00+00:00,1.3872,1.4179,1.3796,1.3972,698787.8
2026-07-04 23:00:00+00:00,1.3972,1.3982,1.3868,1.3881,56565.9
2026-07-05 00:00:00+00:00,1.3881,1.3889,1.38,1.3834,67495.0
2026-07-05 01:00:00+00:00,1.3834,1.3855,1.3688,1.3755,43815.9
2026-07-05 02:00:00+00:00,1.3755,1.3759,1.3697,1.3747,23127.1
2026-07-05 03:00:00+00:00,1.3747,1.3767,1.3723,1.3757,22061.9
2026-07-05 04:00:00+00:00,1.3757,1.3784,1.3736,1.3772,4336.4
2026-07-05 05:00:00+00:00,1.3772,1.3772,1.3665,1.3717,9002.2
2026-07-05 06:00:00+00:00,1.3717,1.373,1.3677,1.3694,4682.7
2026-07-05 07:00:00+00:00,1.3694,1.3772,1.3675,1.377,4415.9
2026-07-05 08:00:00+00:00,1.377,1.3794,1.3731,1.378,4933.5
2026-07-05 09:00:00+00:00,1.378,1.378,1.3643,1.3683,10668.6
2026-07-05 10:00:00+00:00,1.3683,1.375,1.3649,1.3741,6981.2
2026-07-05 11:00:00+00:00,1.3741,1.376,1.3707,1.3736,8521.1
2026-07-05 12:00:00+00:00,1.3736,1.4175,1.3699,1.405,171156.7
2026-07-05 13:00:00+00:00,1.405,1.4237,1.3976,1.418,182198.5
2026-07-05 14:00:00+00:00,1.418,1.43,1.4089,1.418,152709.5
2026-07-05 15:00:00+00:00,1.418,1.4232,1.4094,1.4104,28517.5
2026-07-05 16:00:00+00:00,1.4104,1.4152,1.4081,1.4145,24405.5
2026-07-05 17:00:00+00:00,1.4145,1.417,1.4087,1.4114,16147.4
2026-07-05 18:00:00+00:00,1.4114,1.4738,1.3963,1.4702,1059412.5
2026-07-05 19:00:00+00:00,1.4702,1.4906,1.4363,1.4443,839493.3
2026-07-05 20:00:00+00:00,1.4443,1.4726,1.437,1.4572,233625.5
2026-07-05 21:00:00+00:00,1.4572,1.471,1.4489,1.4671,44755.1
2026-07-05 22:00:00+00:00,1.4671,1.4833,1.4608,1.467,155278.4
2026-07-05 23:00:00+00:00,1.467,1.4771,1.4629,1.4704,52767.2
2026-07-06 00:00:00+00:00,1.4704,1.4761,1.4566,1.4748,32943.1
2026-07-06 01:00:00+00:00,1.4748,1.4784,1.4593,1.4613,27924.3
2026-07-06 02:00:00+00:00,1.4613,1.4643,1.4515,1.46,28462.9
2026-07-06 03:00:00+00:00,1.46,1.4613,1.4401,1.4504,48502.6
2026-07-06 04:00:00+00:00,1.4504,1.4512,1.4391,1.4403,13782.8
2026-07-06 05:00:00+00:00,1.4403,1.4422,1.4334,1.437,50361.0
2026-07-06 06:00:00+00:00,1.437,1.4378,1.43,1.4327,18601.4
2026-07-06 07:00:00+00:00,1.4327,1.4358,1.4245,1.4298,74224.1
2026-07-06 08:00:00+00:00,1.4298,1.4509,1.4291,1.4457,234542.8
2026-07-06 09:00:00+00:00,1.4457,1.4475,1.4338,1.4361,80555.1
2026-07-06 10:00:00+00:00,1.4361,1.4457,1.433,1.443,39431.4
2026-07-06 11:00:00+00:00,1.443,1.4509,1.4292,1.4351,171921.7
2026-07-06 12:00:00+00:00,1.4351,1.4363,1.4058,1.4198,146848.4
2026-07-06 13:00:00+00:00,1.4198,1.4249,1.4104,1.4157,34179.6
2026-07-06 14:00:00+00:00,1.4157,1.4389,1.4157,1.432,69888.5
2026-07-06 15:00:00+00:00,1.432,1.4472,1.432,1.4457,31657.8
2026-07-06 16:00:00+00:00,1.4457,1.452,1.4404,1.445,51598.1
2026-07-06 17:00:00+00:00,1.445,1.4469,1.4344,1.4349,24478.8
2026-07-06 18:00:00+00:00,1.4349,1.4424,1.4343,1.4376,14523.2
2026-07-06 19:00:00+00:00,1.4376,1.4409,1.4327,1.4377,14603.8
2026-07-06 20:00:00+00:00,1.4377,1.4408,1.433,1.4408,16034.2
2026-07-06 21:00:00+00:00,1.4408,1.4544,1.4405,1.4442,28260.6
2026-07-06 22:00:00+00:00,1.4442,1.445,1.4353,1.4353,25827.5
2026-07-06 23:00:00+00:00,1.4353,1.4385,1.434,1.4384,44989.1
2026-07-07 00:00:00+00:00,1.4384,1.4405,1.4302,1.4325,13457.1
2026-07-07 01:00:00+00:00,1.4325,1.4386,1.4238,1.4379,21850.9
2026-07-07 02:00:00+00:00,1.4379,1.4396,1.4206,1.4217,16671.4
2026-07-07 03:00:00+00:00,1.4217,1.4313,1.4191,1.4313,7829.7
2026-07-07 04:00:00+00:00,1.4313,1.4327,1.4257,1.4311,12869.3
2026-07-07 05:00:00+00:00,1.4311,1.4317,1.4171,1.427,8043.1
2026-07-07 06:00:00+00:00,1.427,1.4284,1.4153,1.4214,26739.3
2026-07-07 07:00:00+00:00,1.4214,1.4229,1.4184,1.4188,5580.3
2026-07-07 08:00:00+00:00,1.4188,1.4197,1.4144,1.4173,27155.8
2026-07-07 09:00:00+00:00,1.4173,1.4196,1.4114,1.418,12694.7
2026-07-07 10:00:00+00:00,1.418,1.4223,1.4122,1.4129,18605.7
2026-07-07 11:00:00+00:00,1.4129,1.4203,1.4081,1.4181,13670.2
2026-07-07 12:00:00+00:00,1.4181,1.4305,1.4173,1.4283,20192.3
2026-07-07 13:00:00+00:00,1.4283,1.4304,1.4161,1.4193,14918.9
2026-07-07 14:00:00+00:00,1.4193,1.423,1.4018,1.418,31914.4
2026-07-07 15:00:00+00:00,1.418,1.4274,1.4138,1.423,12590.1
2026-07-07 16:00:00+00:00,1.423,1.4331,1.4183,1.4307,21589.1
2026-07-07 17:00:00+00:00,1.4307,1.4316,1.4271,1.4286,13684.9
2026-07-07 18:00:00+00:00,1.4286,1.4333,1.4131,1.4137,34990.7
2026-07-07 19:00:00+00:00,1.4137,1.4137,1.3856,1.408,320341.6
2026-07-07 20:00:00+00:00,1.408,1.408,1.3874,1.391,106884.3
2026-07-07 21:00:00+00:00,1.391,1.3938,1.376,1.3766,49630.5
2026-07-07 22:00:00+00:00,1.3766,1.3908,1.3704,1.389,63384.7
2026-07-07 23:00:00+00:00,1.389,1.3917,1.3877,1.3893,23409.9
2026-07-08 00:00:00+00:00,1.3893,1.3965,1.3868,1.3928,15825.2
2026-07-08 01:00:00+00:00,1.3928,1.3961,1.3775,1.3826,77527.0
2026-07-08 02:00:00+00:00,1.3826,1.3857,1.373,1.3788,81755.5
2026-07-08 03:00:00+00:00,1.3788,1.3861,1.3777,1.3806,7203.8
2026-07-08 04:00:00+00:00,1.3806,1.3823,1.3711,1.3733,15282.2
2026-07-08 05:00:00+00:00,1.3733,1.3802,1.3716,1.3739,15784.6
2026-07-08 06:00:00+00:00,1.3739,1.3739,1.3599,1.3706,62285.5
2026-07-08 07:00:00+00:00,1.3706,1.3732,1.3661,1.3661,41316.7
2026-07-08 08:00:00+00:00,1.3661,1.3697,1.3448,1.3495,197846.0
2026-07-08 09:00:00+00:00,1.3495,1.3574,1.3471,1.3523,24656.2
2026-07-08 10:00:00+00:00,1.3523,1.3551,1.3456,1.349,49324.9
2026-07-08 11:00:00+00:00,1.349,1.3659,1.3466,1.364,9830.7
2026-07-08 12:00:00+00:00,1.364,1.3653,1.3509,1.351,52966.6
2026-07-08 13:00:00+00:00,1.351,1.3656,1.3494,1.3656,26003.9
2026-07-08 14:00:00+00:00,1.3656,1.3671,1.357,1.361,9212.6
2026-07-08 15:00:00+00:00,1.361,1.364,1.3555,1.3634,7944.7
2026-07-08 16:00:00+00:00,1.3634,1.3725,1.3575,1.3701,23782.3
2026-07-08 17:00:00+00:00,1.3701,1.3787,1.369,1.3751,7732.1
2026-07-08 18:00:00+00:00,1.3751,1.3887,1.3737,1.3887,15127.8
2026-07-08 19:00:00+00:00,1.3887,1.3905,1.3757,1.378,13874.0
2026-07-08 20:00:00+00:00,1.378,1.3837,1.37,1.37,28871.2
2026-07-08 21:00:00+00:00,1.37,1.3791,1.364,1.3781,153742.9
2026-07-08 22:00:00+00:00,1.3781,1.3849,1.3746,1.3843,30125.7
2026-07-08 23:00:00+00:00,1.3843,1.3849,1.3789,1.3817,9960.1
2026-07-09 00:00:00+00:00,1.3817,1.3939,1.3779,1.3809,95795.9
2026-07-09 01:00:00+00:00,1.3809,1.3937,1.3677,1.368,20045.8
2026-07-09 02:00:00+00:00,1.368,1.3849,1.3665,1.3846,27030.2
2026-07-09 03:00:00+00:00,1.3846,1.3852,1.3746,1.378,7757.8
2026-07-09 04:00:00+00:00,1.378,1.391,1.3758,1.391,12040.9
2026-07-09 05:00:00+00:00,1.391,1.3932,1.3822,1.3867,7778.3
2026-07-09 06:00:00+00:00,1.3867,1.4005,1.3861,1.4,46126.9
2026-07-09 07:00:00+00:00,1.4,1.4017,1.3863,1.3863,13069.9
2026-07-09 08:00:00+00:00,1.3863,1.3959,1.3844,1.3928,15147.1
2026-07-09 09:00:00+00:00,1.3928,1.3945,1.385,1.3883,7418.5
2026-07-09 10:00:00+00:00,1.3883,1.3931,1.3873,1.3931,10073.9
2026-07-09 11:00:00+00:00,1.3931,1.3936,1.3848,1.3932,55374.6
2026-07-09 12:00:00+00:00,1.3932,1.3941,1.386,1.3864,96097.3
2026-07-09 13:00:00+00:00,1.3864,1.3918,1.3728,1.3885,43793.5
2026-07-09 14:00:00+00:00,1.3885,1.39,1.3776,1.382,36227.7
2026-07-09 15:00:00+00:00,1.382,1.3863,1.3737,1.3739,17075.4
2026-07-09 16:00:00+00:00,1.3739,1.3772,1.3659,1.3666,16848.3
2026-07-09 17:00:00+00:00,1.3666,1.3786,1.3666,1.3771,12281.3
2026-07-09 18:00:00+00:00,1.3771,1.3812,1.3767,1.3785,6344.1
2026-07-09 19:00:00+00:00,1.3785,1.3798,1.3739,1.3745,8157.6
2026-07-09 20:00:00+00:00,1.3745,1.3771,1.3698,1.3771,8572.9
2026-07-09 21:00:00+00:00,1.3771,1.3782,1.3725,1.3771,12554.0
2026-07-09 22:00:00+00:00,1.3771,1.379,1.3727,1.3749,14469.4
2026-07-09 23:00:00+00:00,1.3749,1.3785,1.37,1.3739,9424.9
2026-07-10 00:00:00+00:00,1.3739,1.3739,1.3573,1.3658,49302.2
2026-07-10 01:00:00+00:00,1.3658,1.3859,1.3618,1.3816,39919.4
2026-07-10 02:00:00+00:00,1.3816,1.3886,1.3776,1.3841,12683.2
2026-07-10 03:00:00+00:00,1.3841,1.3854,1.3803,1.3842,7726.9
2026-07-10 04:00:00+00:00,1.3842,1.3857,1.3796,1.3832,11919.4
2026-07-10 05:00:00+00:00,1.3832,1.387,1.382,1.3829,5759.5
2026-07-10 06:00:00+00:00,1.3829,1.3833,1.3784,1.3785,17922.2
2026-07-10 07:00:00+00:00,1.3785,1.3804,1.377,1.3787,4657.3
2026-07-10 08:00:00+00:00,1.3787,1.3856,1.3771,1.3771,14246.1
2026-07-10 09:00:00+00:00,1.3771,1.3859,1.3766,1.385,42440.1
2026-07-10 10:00:00+00:00,1.385,1.3879,1.381,1.3855,13439.7
2026-07-10 11:00:00+00:00,1.3855,1.3863,1.3806,1.3834,6403.2
2026-07-10 12:00:00+00:00,1.3834,1.3881,1.3807,1.3813,16779.4
2026-07-10 13:00:00+00:00,1.3813,1.4153,1.3783,1.4019,514193.4
2026-07-10 14:00:00+00:00,1.4019,1.4033,1.3714,1.3798,387783.7
2026-07-10 15:00:00+00:00,1.3798,1.3879,1.3784,1.3843,44996.1
2026-07-10 16:00:00+00:00,1.3843,1.3934,1.384,1.3928,33908.4
2026-07-10 17:00:00+00:00,1.3928,1.3965,1.3906,1.3933,30452.2
2026-07-10 18:00:00+00:00,1.3933,1.3982,1.388,1.3909,19497.9
2026-07-10 19:00:00+00:00,1.3909,1.3985,1.3891,1.396,11863.9
2026-07-10 20:00:00+00:00,1.396,1.3988,1.3922,1.3943,11230.4
2026-07-10 21:00:00+00:00,1.3943,1.4036,1.3939,1.4035,34221.5
2026-07-10 22:00:00+00:00,1.4035,1.4042,1.3979,1.4037,21523.6
2026-07-10 23:00:00+00:00,1.4037,1.4047,1.3974,1.3977,12050.5
2026-07-11 00:00:00+00:00,1.3977,1.4159,1.3975,1.4026,47260.1
2026-07-11 01:00:00+00:00,1.4026,1.4065,1.4002,1.402,10110.2
2026-07-11 02:00:00+00:00,1.402,1.4157,1.4009,1.4152,22480.5
2026-07-11 03:00:00+00:00,1.4152,1.4175,1.4065,1.4106,18728.3
2026-07-11 04:00:00+00:00,1.4106,1.4108,1.4011,1.4091,10698.7
2026-07-11 05:00:00+00:00,1.4091,1.4153,1.4085,1.4125,7876.7
2026-07-11 06:00:00+00:00,1.4125,1.417,1.4104,1.4126,8156.7
2026-07-11 07:00:00+00:00,1.4126,1.4216,1.4104,1.4188,19997.1
2026-07-11 08:00:00+00:00,1.4188,1.4243,1.4167,1.42,17869.1
2026-07-11 09:00:00+00:00,1.42,1.4234,1.4174,1.4228,7862.2
2026-07-11 10:00:00+00:00,1.4228,1.4243,1.4166,1.4243,10297.4
2026-07-11 11:00:00+00:00,1.4243,1.4314,1.4217,1.4279,17281.9
2026-07-11 12:00:00+00:00,1.4279,1.4366,1.4279,1.4345,40958.8
2026-07-11 13:00:00+00:00,1.4345,1.4375,1.43,1.433,7662.4
2026-07-11 14:00:00+00:00,1.433,1.4557,1.4325,1.443,152075.5
2026-07-11 15:00:00+00:00,1.443,1.4454,1.4314,1.4373,58850.0
2026-07-11 16:00:00+00:00,1.4373,1.4439,1.4347,1.442,27011.8
2026-07-11 17:00:00+00:00,1.442,1.4422,1.4328,1.4406,38084.7
2026-07-11 18:00:00+00:00,1.4406,1.4463,1.4379,1.4453,92300.4
2026-07-11 19:00:00+00:00,1.4453,1.4489,1.445,1.4461,11973.9
2026-07-11 20:00:00+00:00,1.4461,1.4508,1.445,1.4484,25397.2
2026-07-11 21:00:00+00:00,1.4484,1.4573,1.4472,1.4527,22879.3
2026-07-11 22:00:00+00:00,1.4527,1.4569,1.4466,1.4495,27954.0
2026-07-11 23:00:00+00:00,1.4495,1.4519,1.4244,1.4254,90925.9
2026-07-12 00:00:00+00:00,1.4254,1.428,1.4136,1.4156,189375.3
2026-07-12 01:00:00+00:00,1.4156,1.4214,1.4127,1.4167,45515.8
2026-07-12 02:00:00+00:00,1.4167,1.4173,1.414,1.4165,34182.1
2026-07-12 03:00:00+00:00,1.4165,1.4198,1.4146,1.4171,13263.6
2026-07-12 04:00:00+00:00,1.4171,1.421,1.4121,1.4138,19501.2
2026-07-12 05:00:00+00:00,1.4138,1.4151,1.4103,1.4132,16473.2
2026-07-12 06:00:00+00:00,1.4132,1.4132,1.4046,1.4109,12770.9
2026-07-12 07:00:00+00:00,1.4109,1.4146,1.4101,1.4135,4939.2
2026-07-12 08:00:00+00:00,1.4135,1.4182,1.413,1.4161,22190.8
2026-07-12 09:00:00+00:00,1.4161,1.4175,1.4107,1.4156,7447.4
2026-07-12 10:00:00+00:00,1.4156,1.4163,1.396,1.4072,42907.5
2026-07-12 11:00:00+00:00,1.4072,1.4418,1.4001,1.4312,240802.7
2026-07-12 12:00:00+00:00,1.4312,1.4474,1.429,1.4346,165844.0
2026-07-12 13:00:00+00:00,1.4346,1.4354,1.4237,1.4258,99280.0
2026-07-12 14:00:00+00:00,1.4258,1.4304,1.4152,1.4234,74276.5
2026-07-12 15:00:00+00:00,1.4234,1.4318,1.4211,1.4227,40450.7
2026-07-12 16:00:00+00:00,1.4227,1.4261,1.421,1.4227,20915.7
2026-07-12 17:00:00+00:00,1.4227,1.4236,1.4163,1.4167,8106.3
2026-07-12 18:00:00+00:00,1.4167,1.4181,1.4072,1.4117,27448.8
2026-07-12 19:00:00+00:00,1.4117,1.4159,1.4117,1.4149,12002.4
2026-07-12 20:00:00+00:00,1.4149,1.4149,1.407,1.409,17869.9
2026-07-12 21:00:00+00:00,1.409,1.413,1.4075,1.4095,11796.8
2026-07-12 22:00:00+00:00,1.4095,1.4095,1.397,1.4014,27659.7
2026-07-12 23:00:00+00:00,1.4014,1.403,1.3974,1.4018,18399.6
2026-07-13 00:00:00+00:00,1.4018,1.4261,1.3985,1.4185,73472.9
2026-07-13 01:00:00+00:00,1.4185,1.4231,1.4077,1.4094,32673.2
2026-07-13 02:00:00+00:00,1.4094,1.4121,1.3975,1.3975,18801.7
2026-07-13 03:00:00+00:00,1.3975,1.399,1.3838,1.396,83805.9
2026-07-13 04:00:00+00:00,1.396,1.4005,1.3925,1.3937,6176.0
2026-07-13 05:00:00+00:00,1.3937,1.4015,1.3906,1.4002,24695.0
2026-07-13 06:00:00+00:00,1.4002,1.4015,1.3931,1.394,17798.2
2026-07-13 07:00:00+00:00,1.394,1.401,1.3936,1.3982,10836.8
2026-07-13 08:00:00+00:00,1.3982,1.4011,1.3947,1.3975,7727.0
2026-07-13 09:00:00+00:00,1.3975,1.3982,1.3877,1.3892,21313.6
2026-07-13 10:00:00+00:00,1.3892,1.3932,1.3889,1.3928,8866.1
2026-07-13 11:00:00+00:00,1.3928,1.395,1.3901,1.3905,4562.9
2026-07-13 12:00:00+00:00,1.3905,1.391,1.3838,1.3849,25115.5
2026-07-13 13:00:00+00:00,1.3849,1.3904,1.3802,1.383,40250.2
2026-07-13 14:00:00+00:00,1.383,1.3904,1.3783,1.3893,41669.6
2026-07-13 15:00:00+00:00,1.3893,1.3921,1.3863,1.3888,8184.9
2026-07-13 16:00:00+00:00,1.3888,1.3899,1.3792,1.3803,12361.8
2026-07-13 17:00:00+00:00,1.3803,1.3816,1.3716,1.3725,38983.5
2026-07-13 18:00:00+00:00,1.3725,1.3776,1.366,1.3715,17788.9
2026-07-13 19:00:00+00:00,1.3715,1.3806,1.3711,1.3801,6963.4
2026-07-13 20:00:00+00:00,1.3801,1.3819,1.3751,1.3789,8527.1
2026-07-13 21:00:00+00:00,1.3789,1.3804,1.37,1.3778,15305.6
2026-07-13 22:00:00+00:00,1.3778,1.3884,1.3778,1.3873,10297.5
2026-07-13 23:00:00+00:00,1.3873,1.3997,1.3825,1.3997,28930.2
2026-07-14 00:00:00+00:00,1.3997,1.421,1.3943,1.42,70861.4
2026-07-14 01:00:00+00:00,1.42,1.4204,1.4031,1.4052,11846.3
2026-07-14 02:00:00+00:00,1.4052,1.4075,1.3994,1.4018,18648.7
2026-07-14 03:00:00+00:00,1.4018,1.4049,1.3962,1.4035,8267.4
2026-07-14 04:00:00+00:00,1.4035,1.4057,1.3998,1.4001,6884.3
2026-07-14 05:00:00+00:00,1.4001,1.4048,1.3992,1.4012,3750.3
2026-07-14 06:00:00+00:00,1.4012,1.4024,1.397,1.3984,5944.5
2026-07-14 07:00:00+00:00,1.3984,1.4012,1.3972,1.3994,10658.5
2026-07-14 08:00:00+00:00,1.3994,1.4012,1.3959,1.3963,8210.8
2026-07-14 09:00:00+00:00,1.3963,1.3996,1.3937,1.3991,6171.3
2026-07-14 10:00:00+00:00,1.3991,1.4005,1.3929,1.3944,9414.1
2026-07-14 11:00:00+00:00,1.3944,1.4003,1.3932,1.3943,8964.7
2026-07-14 12:00:00+00:00,1.3943,1.4125,1.3938,1.4123,22770.8
2026-07-14 13:00:00+00:00,1.4123,1.4227,1.4078,1.417,31632.5
2026-07-14 14:00:00+00:00,1.417,1.425,1.4131,1.4231,17439.5
2026-07-14 15:00:00+00:00,1.4231,1.4288,1.4194,1.4194,14962.0
2026-07-14 16:00:00+00:00,1.4194,1.4214,1.4139,1.416,18544.4
2026-07-14 17:00:00+00:00,1.416,1.4162,1.4082,1.4092,9889.7
2026-07-14 18:00:00+00:00,1.4092,1.4143,1.4075,1.4142,12270.4
2026-07-14 19:00:00+00:00,1.4142,1.4158,1.4113,1.4138,15003.6
2026-07-14 20:00:00+00:00,1.4138,1.4152,1.4107,1.4117,3018.9
2026-07-14 21:00:00+00:00,1.4117,1.4211,1.4113,1.4207,8058.6
2026-07-14 22:00:00+00:00,1.4207,1.4315,1.4184,1.4315,22677.2
2026-07-14 23:00:00+00:00,1.4315,1.4369,1.4242,1.4358,25716.7
2026-07-15 00:00:00+00:00,1.4358,1.4501,1.4358,1.4484,50190.9
2026-07-15 01:00:00+00:00,1.4484,1.4493,1.4328,1.4335,17452.6
2026-07-15 02:00:00+00:00,1.4335,1.4502,1.4267,1.4274,26100.8
2026-07-15 03:00:00+00:00,1.4274,1.4343,1.4273,1.4322,21320.7
2026-07-15 04:00:00+00:00,1.4322,1.4368,1.4221,1.4261,27160.8
2026-07-15 05:00:00+00:00,1.4261,1.4266,1.4215,1.424,6727.1
2026-07-15 06:00:00+00:00,1.424,1.4338,1.424,1.4286,6866.9
2026-07-15 07:00:00+00:00,1.4286,1.4297,1.4168,1.4168,33683.5
2026-07-15 08:00:00+00:00,1.4168,1.422,1.4139,1.4202,19583.8
2026-07-15 09:00:00+00:00,1.4202,1.431,1.4183,1.4272,57989.2
2026-07-15 10:00:00+00:00,1.4272,1.429,1.4191,1.4193,8517.4
2026-07-15 11:00:00+00:00,1.4193,1.426,1.4178,1.426,32429.9
2026-07-15 12:00:00+00:00,1.426,1.4391,1.4199,1.4363,17415.6
2026-07-15 13:00:00+00:00,1.4363,1.4447,1.4218,1.4233,58509.1
2026-07-15 14:00:00+00:00,1.4233,1.4302,1.4186,1.4254,25597.3
2026-07-15 15:00:00+00:00,1.4254,1.4299,1.4225,1.428,11845.1
2026-07-15 16:00:00+00:00,1.428,1.429,1.4092,1.4185,76683.2
2026-07-15 17:00:00+00:00,1.4185,1.4208,1.415,1.4191,9699.1
2026-07-15 18:00:00+00:00,1.4191,1.4233,1.4118,1.4118,10583.6
2026-07-15 19:00:00+00:00,1.4118,1.4173,1.4098,1.4124,22557.1
2026-07-15 20:00:00+00:00,1.4124,1.4156,1.41,1.4121,6384.1
2026-07-15 21:00:00+00:00,1.4121,1.4176,1.4117,1.417,7180.0
2026-07-15 22:00:00+00:00,1.417,1.42,1.4132,1.415,8801.9
2026-07-15 23:00:00+00:00,1.415,1.4179,1.4103,1.4109,15502.9
2026-07-16 00:00:00+00:00,1.4109,1.4146,1.403,1.4122,53443.5
2026-07-16 01:00:00+00:00,1.4122,1.4162,1.4053,1.4159,11778.2
2026-07-16 02:00:00+00:00,1.4159,1.4159,1.4109,1.414,4566.7
2026-07-16 03:00:00+00:00,1.414,1.4156,1.4081,1.4101,9177.7
2026-07-16 04:00:00+00:00,1.4101,1.4158,1.409,1.4138,14156.1
2026-07-16 05:00:00+00:00,1.4138,1.4186,1.4112,1.4119,9520.5
2026-07-16 06:00:00+00:00,1.4119,1.4158,1.4075,1.4114,10888.6
2026-07-16 07:00:00+00:00,1.4114,1.4114,1.3975,1.4005,14194.3
2026-07-16 08:00:00+00:00,1.4005,1.4005,1.3847,1.3905,51999.8
2026-07-16 09:00:00+00:00,1.3905,1.3973,1.3897,1.3962,12258.0
2026-07-16 10:00:00+00:00,1.3962,1.3973,1.3935,1.3962,10312.7
2026-07-16 11:00:00+00:00,1.3962,1.4065,1.3897,1.3972,32435.0
2026-07-16 12:00:00+00:00,1.3972,1.3999,1.3916,1.3947,17833.6
2026-07-16 13:00:00+00:00,1.3947,1.403,1.3938,1.3973,17020.1
2026-07-16 14:00:00+00:00,1.3973,1.4031,1.3971,1.3997,6658.6
2026-07-16 15:00:00+00:00,1.3997,1.4044,1.3945,1.4006,11165.1
2026-07-16 16:00:00+00:00,1.4006,1.409,1.3966,1.4006,24052.4
2026-07-16 17:00:00+00:00,1.4006,1.4006,1.3937,1.3984,4609.0
2026-07-16 18:00:00+00:00,1.3984,1.4,1.393,1.3948,4943.6
2026-07-16 19:00:00+00:00,1.3948,1.4,1.3948,1.397,19178.3
2026-07-16 20:00:00+00:00,1.397,1.4017,1.3949,1.4017,3507.6
2026-07-16 21:00:00+00:00,1.4017,1.4064,1.4009,1.4036,6168.4
2026-07-16 22:00:00+00:00,1.4036,1.4066,1.392,1.3926,4793.9
2026-07-16 23:00:00+00:00,1.3926,1.3961,1.3885,1.3889,16910.2
2026-07-17 00:00:00+00:00,1.3889,1.3942,1.3862,1.3942,16644.2
2026-07-17 01:00:00+00:00,1.3942,1.3989,1.3877,1.388,6965.0
2026-07-17 02:00:00+00:00,1.388,1.3939,1.3875,1.3934,9875.4
2026-07-17 03:00:00+00:00,1.3934,1.3999,1.3928,1.3933,8345.6
2026-07-17 04:00:00+00:00,1.3933,1.4013,1.3917,1.4008,11424.1
2026-07-17 05:00:00+00:00,1.4008,1.4008,1.3813,1.3843,22516.0
2026-07-17 06:00:00+00:00,1.3843,1.3932,1.3813,1.3932,11822.1
2026-07-17 07:00:00+00:00,1.3932,1.3939,1.3834,1.3856,9203.9
2026-07-17 08:00:00+00:00,1.3856,1.388,1.3775,1.3845,37498.3
2026-07-17 09:00:00+00:00,1.3845,1.3862,1.382,1.382,6769.8
2026-07-17 10:00:00+00:00,1.382,1.3895,1.3815,1.3872,18236.4
2026-07-17 11:00:00+00:00,1.3872,1.3879,1.3817,1.385,8546.1
2026-07-17 12:00:00+00:00,1.385,1.3855,1.3722,1.3739,56617.4
2026-07-17 13:00:00+00:00,1.3739,1.378,1.3619,1.3775,91597.4
2026-07-17 14:00:00+00:00,1.3775,1.3838,1.3698,1.3738,41675.7
2026-07-17 15:00:00+00:00,1.3738,1.3882,1.368,1.3855,68621.5
2026-07-17 16:00:00+00:00,1.3855,1.3907,1.3824,1.3888,46887.5
2026-07-17 17:00:00+00:00,1.3888,1.4071,1.3888,1.4006,172397.3
2026-07-17 18:00:00+00:00,1.4006,1.4099,1.3963,1.4088,24104.7
2026-07-17 19:00:00+00:00,1.4088,1.4175,1.403,1.4124,81937.7
2026-07-17 20:00:00+00:00,1.4124,1.4165,1.4078,1.4146,16152.1
2026-07-17 21:00:00+00:00,1.4146,1.4169,1.4075,1.4075,10178.1
2026-07-17 22:00:00+00:00,1.4075,1.4106,1.4035,1.4093,81794.2
2026-07-17 23:00:00+00:00,1.4093,1.4113,1.4042,1.4104,18196.2
2026-07-18 00:00:00+00:00,1.4104,1.4198,1.4041,1.4041,27269.1
2026-07-18 01:00:00+00:00,1.4041,1.409,1.4019,1.4087,15298.2
2026-07-18 02:00:00+00:00,1.4087,1.4097,1.4013,1.4021,14924.2
2026-07-18 03:00:00+00:00,1.4021,1.4066,1.4013,1.4051,7749.9
2026-07-18 04:00:00+00:00,1.4051,1.4056,1.4009,1.4019,6256.3
2026-07-18 05:00:00+00:00,1.4019,1.4035,1.3975,1.3977,12595.4
2026-07-18 06:00:00+00:00,1.3977,1.4042,1.3972,1.4,10900.3
2026-07-18 07:00:00+00:00,1.4,1.4009,1.3971,1.3975,4621.3
2026-07-18 08:00:00+00:00,1.3975,1.4073,1.3967,1.4042,18750.7
2026-07-18 09:00:00+00:00,1.4042,1.4111,1.402,1.4054,21989.4
2026-07-18 10:00:00+00:00,1.4054,1.41,1.4054,1.4063,7247.2
2026-07-18 11:00:00+00:00,1.4063,1.4138,1.4053,1.4133,24805.1
2026-07-18 12:00:00+00:00,1.4133,1.4152,1.4047,1.408,10541.0
2026-07-18 13:00:00+00:00,1.408,1.4083,1.4037,1.4057,26521.6
2026-07-18 14:00:00+00:00,1.4057,1.4089,1.4045,1.4057,7603.4
2026-07-18 15:00:00+00:00,1.4057,1.4069,1.3995,1.4015,21948.4
2026-07-18 16:00:00+00:00,1.4015,1.4096,1.4002,1.4028,28660.6
2026-07-18 17:00:00+00:00,1.4028,1.4088,1.3987,1.4073,12757.5
2026-07-18 18:00:00+00:00,1.4073,1.4093,1.4004,1.401,4434.0
2026-07-18 19:00:00+00:00,1.401,1.4107,1.4001,1.4105,6006.3
2026-07-18 20:00:00+00:00,1.4105,1.4122,1.4078,1.4122,3188.0
2026-07-18 21:00:00+00:00,1.4122,1.4137,1.4072,1.409,6723.9
2026-07-18 22:00:00+00:00,1.409,1.4126,1.4087,1.4124,2953.1
2026-07-18 23:00:00+00:00,1.4124,1.4125,1.4094,1.4099,3615.3
2026-07-19 00:00:00+00:00,1.4099,1.4099,1.402,1.409,19336.7
2026-07-19 01:00:00+00:00,1.409,1.41,1.4063,1.4069,2179.2
2026-07-19 02:00:00+00:00,1.4069,1.4116,1.406,1.4071,9100.5
2026-07-19 03:00:00+00:00,1.4071,1.4076,1.4027,1.4039,4121.4
2026-07-19 04:00:00+00:00,1.4039,1.4078,1.4012,1.4075,5027.6
2026-07-19 05:00:00+00:00,1.4075,1.4079,1.4053,1.4078,2249.6
2026-07-19 06:00:00+00:00,1.4078,1.4079,1.4043,1.405,1232.6
2026-07-19 07:00:00+00:00,1.405,1.4064,1.4033,1.4056,3984.7
2026-07-19 08:00:00+00:00,1.4056,1.4082,1.404,1.4073,17665.7
2026-07-19 09:00:00+00:00,1.4073,1.4074,1.401,1.4023,2465.1
2026-07-19 10:00:00+00:00,1.4023,1.4026,1.3933,1.3981,42329.8
2026-07-19 11:00:00+00:00,1.3981,1.4024,1.3965,1.3972,4889.1
2026-07-19 12:00:00+00:00,1.3972,1.3993,1.3935,1.396,5336.4
2026-07-19 13:00:00+00:00,1.396,1.3977,1.3937,1.3973,3546.7
2026-07-19 14:00:00+00:00,1.3973,1.4007,1.3959,1.3984,5194.7
2026-07-19 15:00:00+00:00,1.3984,1.3986,1.3959,1.397,1758.7
2026-07-19 16:00:00+00:00,1.397,1.3997,1.3946,1.3965,12925.7
2026-07-19 17:00:00+00:00,1.3965,1.3967,1.3872,1.394,29337.8
2026-07-19 18:00:00+00:00,1.394,1.394,1.3865,1.3907,18982.9
2026-07-19 19:00:00+00:00,1.3907,1.3923,1.3893,1.3922,4135.9
2026-07-19 20:00:00+00:00,1.3922,1.3972,1.3919,1.396,8771.1
2026-07-19 21:00:00+00:00,1.396,1.3967,1.3929,1.3932,6998.1
2026-07-19 22:00:00+00:00,1.3932,1.4034,1.3932,1.396,10297.8
2026-07-19 23:00:00+00:00,1.396,1.4013,1.394,1.4004,3213.8
2026-07-20 00:00:00+00:00,1.4004,1.407,1.3937,1.3961,8065.3
2026-07-20 01:00:00+00:00,1.3961,1.4042,1.3922,1.394,3113.2
2026-07-20 02:00:00+00:00,1.394,1.4018,1.3937,1.3974,4446.0
2026-07-20 03:00:00+00:00,1.3974,1.3991,1.3933,1.3974,2375.8
2026-07-20 04:00:00+00:00,1.3974,1.3978,1.3897,1.3897,5074.3
2026-07-20 05:00:00+00:00,1.3897,1.391,1.3793,1.3855,23889.7
2026-07-20 06:00:00+00:00,1.3855,1.3861,1.3766,1.3827,40757.5
2026-07-20 07:00:00+00:00,1.3827,1.3895,1.3798,1.3873,10684.8
2026-07-20 08:00:00+00:00,1.3873,1.3903,1.3795,1.3832,14374.8
2026-07-20 09:00:00+00:00,1.3832,1.3882,1.3804,1.3863,8708.0
2026-07-20 10:00:00+00:00,1.3863,1.3904,1.3851,1.3885,11347.6
2026-07-20 11:00:00+00:00,1.3885,1.4046,1.3848,1.4042,55403.0
2026-07-20 12:00:00+00:00,1.4042,1.4045,1.3958,1.3973,35147.1
2026-07-20 13:00:00+00:00,1.3973,1.4015,1.3915,1.3918,10639.8
2026-07-20 14:00:00+00:00,1.3918,1.3971,1.3885,1.3931,9277.0
2026-07-20 15:00:00+00:00,1.3931,1.4136,1.3931,1.4089,59007.1
2026-07-20 16:00:00+00:00,1.4089,1.4109,1.4038,1.4081,23897.1
2026-07-20 17:00:00+00:00,1.4081,1.4101,1.401,1.4083,16232.1
2026-07-20 18:00:00+00:00,1.4083,1.4113,1.4022,1.404,8031.7
2026-07-20 19:00:00+00:00,1.404,1.404,1.3992,1.4015,7285.0
2026-07-20 20:00:00+00:00,1.4015,1.4063,1.4007,1.4023,4332.2
2026-07-20 21:00:00+00:00,1.4023,1.4037,1.3985,1.3995,8931.6
2026-07-20 22:00:00+00:00,1.3995,1.4011,1.3955,1.3974,4965.5
2026-07-20 23:00:00+00:00,1.3974,1.3994,1.3939,1.3986,18376.5
2026-07-21 00:00:00+00:00,1.3986,1.4056,1.396,1.404,10262.0
2026-07-21 01:00:00+00:00,1.404,1.4042,1.3986,1.3988,14403.4
2026-07-21 02:00:00+00:00,1.3988,1.404,1.3953,1.4035,5666.0
2026-07-21 03:00:00+00:00,1.4035,1.4068,1.4017,1.4033,5490.5
2026-07-21 04:00:00+00:00,1.4033,1.4058,1.4014,1.4027,6741.2
2026-07-21 05:00:00+00:00,1.4027,1.4091,1.4019,1.4088,6604.5
2026-07-21 06:00:00+00:00,1.4088,1.414,1.4051,1.4106,15075.1
2026-07-21 07:00:00+00:00,1.4106,1.4157,1.4095,1.4144,15697.2
2026-07-21 08:00:00+00:00,1.4144,1.4187,1.4132,1.4149,43768.4
2026-07-21 09:00:00+00:00,1.4149,1.4176,1.413,1.4151,8750.0
2026-07-21 10:00:00+00:00,1.4151,1.4171,1.4127,1.4139,6074.2
2026-07-21 11:00:00+00:00,1.4139,1.4284,1.4119,1.4135,56839.8
2026-07-21 12:00:00+00:00,1.4135,1.4143,1.41,1.4132,22712.4
2026-07-21 13:00:00+00:00,1.4132,1.4139,1.4084,1.4119,9048.1
2026-07-21 14:00:00+00:00,1.4119,1.4128,1.4003,1.4056,20054.7
2026-07-21 15:00:00+00:00,1.4056,1.4075,1.4018,1.4055,5741.9
2026-07-21 16:00:00+00:00,1.4055,1.4067,1.4007,1.402,2781.3
2026-07-21 17:00:00+00:00,1.402,1.4031,1.3924,1.3972,53164.0
2026-07-21 18:00:00+00:00,1.3972,1.3998,1.3945,1.3984,37060.3
2026-07-21 19:00:00+00:00,1.3984,1.4025,1.397,1.3987,40350.1
2026-07-21 20:00:00+00:00,1.3987,1.4016,1.3906,1.392,35790.2
2026-07-21 21:00:00+00:00,1.392,1.3983,1.3902,1.396,15128.0
2026-07-21 22:00:00+00:00,1.396,1.3966,1.391,1.395,4758.2
2026-07-21 23:00:00+00:00,1.395,1.4001,1.391,1.3999,8256.0
2026-07-22 00:00:00+00:00,1.3999,1.4051,1.3975,1.404,13718.7
2026-07-22 01:00:00+00:00,1.404,1.4058,1.4003,1.4016,10080.3
2026-07-22 02:00:00+00:00,1.4016,1.4035,1.3994,1.3994,3795.6
2026-07-22 03:00:00+00:00,1.3994,1.4029,1.3956,1.3964,17381.9
2026-07-22 04:00:00+00:00,1.3964,1.4017,1.3955,1.399,14975.8
2026-07-22 05:00:00+00:00,1.399,1.3996,1.3888,1.3908,10296.8
2026-07-22 06:00:00+00:00,1.3908,1.3923,1.3839,1.3886,33221.8
2026-07-22 07:00:00+00:00,1.3886,1.3908,1.3857,1.3878,12759.5
2026-07-22 08:00:00+00:00,1.3878,1.3957,1.3868,1.3948,12544.5
2026-07-22 09:00:00+00:00,1.3948,1.3978,1.3928,1.3978,6804.0
2026-07-22 10:00:00+00:00,1.3978,1.4091,1.3975,1.4029,12805.6
2026-07-22 11:00:00+00:00,1.4029,1.405,1.3978,1.3991,29140.4
2026-07-22 12:00:00+00:00,1.3991,1.4014,1.3937,1.3968,22475.4
2026-07-22 13:00:00+00:00,1.3968,1.4038,1.3958,1.403,5083.0
2026-07-22 14:00:00+00:00,1.403,1.4085,1.3963,1.399,9512.6
2026-07-22 15:00:00+00:00,1.399,1.4049,1.3976,1.4025,8896.8
2026-07-22 16:00:00+00:00,1.4025,1.4039,1.3955,1.4033,9099.7
2026-07-22 17:00:00+00:00,1.4033,1.4033,1.3971,1.3984,4417.0
2026-07-22 18:00:00+00:00,1.3984,1.3987,1.3934,1.3959,4671.9
2026-07-22 19:00:00+00:00,1.3959,1.4018,1.3939,1.3965,45515.5
2026-07-22 20:00:00+00:00,1.3965,1.3996,1.3948,1.3967,10906.1
2026-07-22 21:00:00+00:00,1.3967,1.3991,1.3953,1.3987,3348.2
2026-07-22 22:00:00+00:00,1.3987,1.4017,1.3961,1.4011,3857.5
2026-07-22 23:00:00+00:00,1.4011,1.4011,1.3943,1.4008,14365.1
2026-07-23 00:00:00+00:00,1.4008,1.4041,1.4,1.4005,4077.0
2026-07-23 01:00:00+00:00,1.4005,1.4013,1.3947,1.3947,5752.4
2026-07-23 02:00:00+00:00,1.3947,1.3947,1.3904,1.3938,11111.4
2026-07-23 03:00:00+00:00,1.3938,1.3946,1.3886,1.3901,13935.6
2026-07-23 04:00:00+00:00,1.3901,1.3935,1.3893,1.3904,1850.3
2026-07-23 05:00:00+00:00,1.3904,1.3938,1.3894,1.3928,3644.7
2026-07-23 06:00:00+00:00,1.3928,1.395,1.3918,1.3933,4388.7
2026-07-23 07:00:00+00:00,1.3933,1.3947,1.3887,1.393,4374.6
2026-07-23 08:00:00+00:00,1.393,1.3993,1.392,1.3973,6252.6
2026-07-23 09:00:00+00:00,1.3973,1.3981,1.3914,1.3914,22060.1
2026-07-23 10:00:00+00:00,1.3914,1.3946,1.3914,1.3925,4213.2
2026-07-23 11:00:00+00:00,1.3925,1.3972,1.3913,1.395,6759.5
2026-07-23 12:00:00+00:00,1.395,1.3953,1.3814,1.386,33109.1
2026-07-23 13:00:00+00:00,1.386,1.3866,1.3786,1.3827,79952.9
2026-07-23 14:00:00+00:00,1.3827,1.3874,1.3804,1.381,13541.0
2026-07-23 15:00:00+00:00,1.381,1.3845,1.3732,1.3839,39975.5
2026-07-23 16:00:00+00:00,1.3839,1.3947,1.38,1.3924,17294.8
2026-07-23 17:00:00+00:00,1.3924,1.3931,1.3816,1.3834,41415.3
2026-07-23 18:00:00+00:00,1.3834,1.3899,1.3834,1.3883,4122.2
2026-07-23 19:00:00+00:00,1.3883,1.3894,1.3816,1.3845,4058.6
2026-07-23 20:00:00+00:00,1.3845,1.3896,1.3833,1.3865,7872.7
2026-07-23 21:00:00+00:00,1.3865,1.3875,1.3819,1.3822,4440.3
2026-07-23 22:00:00+00:00,1.3822,1.3874,1.3801,1.3863,10057.7
2026-07-23 23:00:00+00:00,1.3863,1.3889,1.3862,1.3877,2824.5
2026-07-24 00:00:00+00:00,1.3877,1.3878,1.3786,1.3858,16978.9
2026-07-24 01:00:00+00:00,1.3858,1.3896,1.3853,1.3885,2538.3
2026-07-24 02:00:00+00:00,1.3885,1.3904,1.384,1.3865,7577.5
2026-07-24 03:00:00+00:00,1.3865,1.393,1.3858,1.3921,6068.3
2026-07-24 04:00:00+00:00,1.3921,1.3938,1.385,1.3867,10641.4
2026-07-24 05:00:00+00:00,1.3867,1.3939,1.3866,1.3921,5912.7
2026-07-24 06:00:00+00:00,1.3921,1.3965,1.3906,1.3928,7595.1
2026-07-24 07:00:00+00:00,1.3928,1.4055,1.3918,1.3994,51381.8
2026-07-24 08:00:00+00:00,1.3994,1.4063,1.3983,1.4004,16329.8
2026-07-24 09:00:00+00:00,1.4004,1.4059,1.3979,1.4021,27832.5
2026-07-24 10:00:00+00:00,1.4021,1.4027,1.3911,1.3954,26927.7
2026-07-24 11:00:00+00:00,1.3954,1.3974,1.3931,1.3974,7096.9
2026-07-24 12:00:00+00:00,1.3974,1.3974,1.3904,1.3925,5192.0
2026-07-24 13:00:00+00:00,1.3925,1.3925,1.3774,1.3825,39379.3
2026-07-24 14:00:00+00:00,1.3825,1.3884,1.3774,1.3884,16055.7
2026-07-24 15:00:00+00:00,1.3884,1.3924,1.3851,1.3913,12350.8
2026-07-24 16:00:00+00:00,1.3913,1.3923,1.387,1.3901,5202.8
2026-07-24 17:00:00+00:00,1.3901,1.3936,1.3872,1.3902,14164.0
2026-07-24 18:00:00+00:00,1.3902,1.3916,1.3881,1.3881,5245.1
2026-07-24 19:00:00+00:00,1.3881,1.3952,1.3881,1.3925,9687.2
2026-07-24 20:00:00+00:00,1.3925,1.3936,1.3895,1.3895,8437.5
2026-07-24 21:00:00+00:00,1.3895,1.39,1.3866,1.3866,4601.9
2026-07-24 22:00:00+00:00,1.3866,1.3926,1.3866,1.3898,10914.1
2026-07-24 23:00:00+00:00,1.3898,1.3956,1.3893,1.3932,6281.2
2026-07-25 00:00:00+00:00,1.3932,1.3972,1.3905,1.3968,16039.8
2026-07-25 01:00:00+00:00,1.3968,1.401,1.3944,1.3985,23624.2
2026-07-25 02:00:00+00:00,1.3985,1.4022,1.3965,1.4011,14407.3
2026-07-25 03:00:00+00:00,1.4011,1.4022,1.3968,1.3987,15376.4
2026-07-25 04:00:00+00:00,1.3987,1.4027,1.398,1.4017,11316.7
2026-07-25 05:00:00+00:00,1.4017,1.402,1.3943,1.3947,6667.1
2026-07-25 06:00:00+00:00,1.3947,1.3957,1.3909,1.3921,6823.1
2026-07-25 07:00:00+00:00,1.3921,1.3929,1.3909,1.391,3353.4
2026-07-25 08:00:00+00:00,1.391,1.3949,1.3904,1.3938,2697.5
2026-07-25 09:00:00+00:00,1.3938,1.3981,1.3918,1.3977,4985.9
2026-07-25 10:00:00+00:00,1.3977,1.3997,1.3949,1.3949,3516.8
2026-07-25 11:00:00+00:00,1.3949,1.3975,1.3943,1.3961,3831.3
2026-07-25 12:00:00+00:00,1.3961,1.401,1.3958,1.3991,6496.8
2026-07-25 13:00:00+00:00,1.3991,1.4054,1.3987,1.4032,14524.2
2026-07-25 14:00:00+00:00,1.4032,1.4052,1.3969,1.3969,13204.6
2026-07-25 15:00:00+00:00,1.3969,1.4,1.3965,1.3979,2872.7
2026-07-25 16:00:00+00:00,1.3979,1.4004,1.3974,1.3996,10766.6
2026-07-25 17:00:00+00:00,1.3996,1.4027,1.3972,1.4009,3798.2
2026-07-25 18:00:00+00:00,1.4009,1.4073,1.4006,1.4037,21741.0
2026-07-25 19:00:00+00:00,1.4037,1.4041,1.4012,1.402,2598.8
2026-07-25 20:00:00+00:00,1.402,1.4034,1.3995,1.4005,1912.3
2026-07-25 21:00:00+00:00,1.4005,1.408,1.3992,1.4051,12085.5
2026-07-25 22:00:00+00:00,1.4051,1.4059,1.4013,1.4034,8347.7
2026-07-25 23:00:00+00:00,1.4034,1.4048,1.4012,1.403,6540.9
2026-07-26 00:00:00+00:00,1.403,1.4043,1.4001,1.4018,6717.1
2026-07-26 01:00:00+00:00,1.4018,1.4034,1.3979,1.3991,14525.7
2026-07-26 02:00:00+00:00,1.3991,1.4008,1.3975,1.4007,5010.7
2026-07-26 03:00:00+00:00,1.4007,1.4017,1.3992,1.4005,10403.9
2026-07-26 04:00:00+00:00,1.4005,1.4017,1.3974,1.3991,5571.2
2026-07-26 05:00:00+00:00,1.3991,1.4029,1.3964,1.4023,15198.8
2026-07-26 06:00:00+00:00,1.4023,1.4064,1.4006,1.4063,10338.9
2026-07-26 07:00:00+00:00,1.4063,1.4114,1.4059,1.4084,31535.3
2026-07-26 08:00:00+00:00,1.4084,1.4157,1.4076,1.4155,17257.2
2026-07-26 09:00:00+00:00,1.4155,1.4169,1.4129,1.4135,32830.3
2026-07-26 10:00:00+00:00,1.4135,1.4199,1.412,1.4174,12294.0
2026-07-26 11:00:00+00:00,1.4174,1.4254,1.4173,1.4218,13439.6
2026-07-26 12:00:00+00:00,1.4218,1.4279,1.4195,1.4196,11396.1
2026-07-26 13:00:00+00:00,1.4196,1.4196,1.4078,1.4115,33797.9
2026-07-26 14:00:00+00:00,1.4115,1.4171,1.4102,1.4125,17223.5
2026-07-26 15:00:00+00:00,1.4125,1.4146,1.4093,1.4107,9410.9
2026-07-26 16:00:00+00:00,1.4107,1.4133,1.408,1.408,6962.4
2026-07-26 17:00:00+00:00,1.408,1.4097,1.4053,1.4056,11370.2
2026-07-26 18:00:00+00:00,1.4056,1.4081,1.4038,1.4057,11087.7
2026-07-26 19:00:00+00:00,1.4057,1.4075,1.4051,1.4058,876.2
2026-07-26 20:00:00+00:00,1.4058,1.4067,1.4044,1.4044,2986.6
2026-07-26 21:00:00+00:00,1.4044,1.4077,1.404,1.4056,2736.0
2026-07-26 22:00:00+00:00,1.4056,1.413,1.4056,1.411,11565.7
2026-07-26 23:00:00+00:00,1.411,1.4155,1.41,1.4133,7722.4
2026-07-27 00:00:00+00:00,1.4133,1.4145,1.4052,1.4059,4686.4
2026-07-27 01:00:00+00:00,1.4059,1.4075,1.4033,1.4071,5089.0
2026-07-27 02:00:00+00:00,1.4071,1.4099,1.4054,1.4072,13604.1
2026-07-27 03:00:00+00:00,1.4072,1.4086,1.4026,1.4057,4866.8
2026-07-27 04:00:00+00:00,1.4057,1.4073,1.4038,1.406,7578.4
2026-07-27 05:00:00+00:00,1.406,1.4103,1.4041,1.4087,28136.5
2026-07-27 06:00:00+00:00,1.4087,1.4123,1.4056,1.4076,8098.4
2026-07-27 07:00:00+00:00,1.4076,1.4076,1.403,1.403,5455.9
2026-07-27 08:00:00+00:00,1.403,1.407,1.4015,1.407,8968.1
2026-07-27 09:00:00+00:00,1.407,1.407,1.3976,1.4007,20613.7
2026-07-27 10:00:00+00:00,1.4007,1.4098,1.3999,1.4093,13326.1
2026-07-27 11:00:00+00:00,1.4093,1.4131,1.407,1.409,15340.1
2026-07-27 12:00:00+00:00,1.409,1.4114,1.4009,1.4049,7086.8
2026-07-27 13:00:00+00:00,1.4049,1.4174,1.4042,1.4111,14559.2
2026-07-27 14:00:00+00:00,1.4111,1.4138,1.3851,1.3913,98766.8
2026-07-27 15:00:00+00:00,1.3913,1.3971,1.3898,1.3934,20042.1
2026-07-27 16:00:00+00:00,1.3934,1.4004,1.3911,1.3995,9653.8
2026-07-27 17:00:00+00:00,1.3995,1.4005,1.3948,1.3968,21939.3
2026-07-27 18:00:00+00:00,1.3968,1.4004,1.3958,1.3987,27485.5
2026-07-27 19:00:00+00:00,1.3987,1.4009,1.3976,1.3991,8410.3
2026-07-27 20:00:00+00:00,1.3991,1.4007,1.3978,1.398,5329.3
2026-07-27 21:00:00+00:00,1.398,1.3995,1.3914,1.3928,3561.0
2026-07-27 22:00:00+00:00,1.3928,1.3936,1.3774,1.3795,42692.2
2026-07-27 23:00:00+00:00,1.3795,1.3849,1.3747,1.3788,18968.6
2026-07-28 00:00:00+00:00,1.3788,1.38,1.3678,1.3737,47375.5
2026-07-28 01:00:00+00:00,1.3737,1.3757,1.3635,1.3702,32128.5
2026-07-28 02:00:00+00:00,1.3702,1.3717,1.3634,1.3695,55104.3
2026-07-28 03:00:00+00:00,1.3695,1.3697,1.3495,1.3627,126328.5
2026-07-28 04:00:00+00:00,1.3627,1.3657,1.359,1.361,37971.0
2026-07-28 05:00:00+00:00,1.361,1.3683,1.3608,1.3676,36029.2
2026-07-28 06:00:00+00:00,1.3676,1.3733,1.3644,1.3732,17699.0
2026-07-28 07:00:00+00:00,1.3732,1.3777,1.3724,1.3751,20761.9
2026-07-28 08:00:00+00:00,1.3751,1.376,1.3702,1.3714,7191.3
2026-07-28 09:00:00+00:00,1.3714,1.3722,1.3665,1.3669,6299.4
2026-07-28 10:00:00+00:00,1.3669,1.3687,1.364,1.364,8475.3
2026-07-28 11:00:00+00:00,1.364,1.3671,1.3618,1.3649,9277.6
2026-07-28 12:00:00+00:00,1.3649,1.368,1.3637,1.3667,22038.4
2026-07-28 13:00:00+00:00,1.3667,1.3698,1.3516,1.3587,34464.7
2026-07-28 14:00:00+00:00,1.3587,1.3662,1.3587,1.3643,20046.4
2026-07-28 15:00:00+00:00,1.3643,1.3795,1.3629,1.376,18906.2
2026-07-28 16:00:00+00:00,1.376,1.3804,1.3733,1.3778,17739.2
2026-07-28 17:00:00+00:00,1.3778,1.3803,1.365,1.3677,33733.9
2026-07-28 18:00:00+00:00,1.3677,1.3736,1.3677,1.3721,11512.6
2026-07-28 19:00:00+00:00,1.3721,1.3759,1.3715,1.3743,3847.7
2026-07-28 20:00:00+00:00,1.3743,1.3779,1.3738,1.3754,9249.8
2026-07-28 21:00:00+00:00,1.3754,1.3803,1.3753,1.379,9256.0
2026-07-28 22:00:00+00:00,1.379,1.3836,1.3739,1.3747,16082.9
2026-07-28 23:00:00+00:00,1.3747,1.3783,1.3722,1.3778,6915.2
2026-07-29 00:00:00+00:00,1.3778,1.3855,1.3772,1.3818,12354.2
2026-07-29 01:00:00+00:00,1.3818,1.3992,1.3818,1.3837,116140.4
2026-07-29 02:00:00+00:00,1.3837,1.3907,1.3807,1.3875,18846.3
2026-07-29 03:00:00+00:00,1.3875,1.3903,1.3782,1.3794,17228.3
2026-07-29 04:00:00+00:00,1.3794,1.3815,1.3719,1.3797,29336.3
2026-07-29 05:00:00+00:00,1.3797,1.3815,1.3772,1.3786,6169.8
2026-07-29 06:00:00+00:00,1.3786,1.389,1.3767,1.385,13205.5
2026-07-29 07:00:00+00:00,1.385,1.3865,1.3832,1.3865,9340.6
2026-07-29 08:00:00+00:00,1.3865,1.389,1.3825,1.3825,7549.4
2026-07-29 09:00:00+00:00,1.3825,1.389,1.3782,1.386,18353.6
2026-07-29 10:00:00+00:00,1.386,1.3939,1.3837,1.3842,9276.0
2026-07-29 11:00:00+00:00,1.3842,1.3895,1.3842,1.3892,5111.0
2026-07-29 12:00:00+00:00,1.3892,1.391,1.3791,1.38,25195.3
2026-07-29 13:00:00+00:00,1.38,1.38,1.3717,1.3753,22161.2
2026-07-29 14:00:00+00:00,1.3753,1.3766,1.3686,1.3703,26680.7
2026-07-29 15:00:00+00:00,1.3703,1.3716,1.3638,1.3654,21893.9
2026-07-29 16:00:00+00:00,1.3654,1.3665,1.3611,1.3635,11499.0
2026-07-29 17:00:00+00:00,1.3635,1.3686,1.3628,1.3682,25885.2
2026-07-29 18:00:00+00:00,1.3682,1.3776,1.3649,1.3748,44939.5
2026-07-29 19:00:00+00:00,1.3748,1.3753,1.3586,1.3606,13702.6
2026-07-29 20:00:00+00:00,1.3606,1.3623,1.3535,1.3553,28459.2
2026-07-29 21:00:00+00:00,1.3553,1.3685,1.3482,1.3685,28097.6
2026-07-29 22:00:00+00:00,1.3685,1.3772,1.3676,1.3766,14834.0
2026-07-29 23:00:00+00:00,1.3766,1.3802,1.3731,1.379,9314.0
2026-07-30 00:00:00+00:00,1.379,1.383,1.376,1.3765,10087.6
2026-07-30 01:00:00+00:00,1.3765,1.3896,1.3765,1.3888,8714.5
2026-07-30 02:00:00+00:00,1.3888,1.3998,1.3872,1.3875,51837.9
2026-07-30 03:00:00+00:00,1.3875,1.3887,1.3837,1.386,5744.2
2026-07-30 04:00:00+00:00,1.386,1.388,1.3825,1.383,11220.6
2026-07-30 05:00:00+00:00,1.383,1.3849,1.3809,1.3809,18959.4
2026-07-30 06:00:00+00:00,1.3809,1.385,1.3776,1.381,38983.2
2026-07-30 07:00:00+00:00,1.381,1.385,1.3793,1.3797,3485.6
2026-07-30 08:00:00+00:00,1.3797,1.3924,1.379,1.3913,21299.8
2026-07-30 09:00:00+00:00,1.3913,1.3939,1.3895,1.3904,37693.9
2026-07-30 10:00:00+00:00,1.3904,1.427,1.3903,1.4227,185886.2
2026-07-30 11:00:00+00:00,1.4227,1.4309,1.418,1.422,113871.9
2026-07-30 12:00:00+00:00,1.422,1.435,1.4116,1.4168,181372.1
2026-07-30 13:00:00+00:00,1.4168,1.4264,1.4146,1.4192,48734.9
2026-07-30 14:00:00+00:00,1.4192,1.436,1.413,1.4278,59351.9
2026-07-30 15:00:00+00:00,1.4278,1.4363,1.4272,1.4326,22330.9
2026-07-30 16:00:00+00:00,1.4326,1.463,1.4326,1.4616,185278.1
2026-07-30 17:00:00+00:00,1.4616,1.4787,1.4546,1.4673,144187.8
2026-07-30 18:00:00+00:00,1.4673,1.4833,1.4542,1.4656,84068.0
2026-07-30 19:00:00+00:00,1.4656,1.4688,1.4586,1.4606,30672.7
2026-07-30 20:00:00+00:00,1.4606,1.4635,1.4514,1.4518,35491.3
2026-07-30 21:00:00+00:00,1.4518,1.4564,1.4501,1.452,20202.3
2026-07-30 22:00:00+00:00,1.452,1.4569,1.4502,1.4551,16648.1
2026-07-30 23:00:00+00:00,1.4551,1.4619,1.4527,1.4527,8288.1
2026-07-31 00:00:00+00:00,1.4527,1.4684,1.4519,1.4627,76116.3
2026-07-31 01:00:00+00:00,1.4627,1.4698,1.444,1.4452,39663.3
2026-07-31 02:00:00+00:00,1.4452,1.4456,1.4385,1.4399,15842.6
2026-07-31 03:00:00+00:00,1.4399,1.446,1.4358,1.443,34832.2
2026-07-31 04:00:00+00:00,1.443,1.4529,1.4405,1.4409,33456.2
2026-07-31 05:00:00+00:00,1.4409,1.4457,1.4409,1.4444,6810.0
2026-07-31 06:00:00+00:00,1.4444,1.4553,1.4431,1.4536,13315.3
2026-07-31 07:00:00+00:00,1.4536,1.4574,1.4458,1.454,55586.4
2026-07-31 08:00:00+00:00,1.454,1.463,1.4496,1.463,34615.4
2026-07-31 09:00:00+00:00,1.463,1.4658,1.4596,1.463,18840.1
2026-07-31 10:00:00+00:00,1.463,1.4802,1.4578,1.475,124751.7
2026-07-31 11:00:00+00:00,1.475,1.481,1.4727,1.478,33558.3
2026-07-31 12:00:00+00:00,1.478,1.4819,1.4666,1.4762,34163.2
2026-07-31 13:00:00+00:00,1.4762,1.4822,1.4569,1.4579,109356.8
2026-07-31 14:00:00+00:00,1.4579,1.4596,1.4437,1.4542,74990.3
2026-07-31 15:00:00+00:00,1.4542,1.4547,1.4426,1.4488,15766.4
2026-07-31 16:00:00+00:00,1.4488,1.4547,1.4485,1.4517,11612.8
2026-07-31 17:00:00+00:00,1.4517,1.4548,1.4474,1.4511,20068.6
2026-07-31 18:00:00+00:00,1.4511,1.4575,1.4499,1.4515,8898.8
2026-07-31 19:00:00+00:00,1.4515,1.4536,1.4469,1.4469,2794.1
2026-07-31 20:00:00+00:00,1.4469,1.4553,1.4469,1.452,13563.0
2026-07-31 21:00:00+00:00,1.452,1.4583,1.4485,1.4499,20633.0
2026-07-31 22:00:00+00:00,1.4499,1.4573,1.4486,1.4572,13846.9
2026-07-31 23:00:00+00:00,1.4572,1.4594,1.4549,1.4575,5977.8
2026-08-01 00:00:00+00:00,1.4575,1.4628,1.4515,1.4555,29452.8
2026-08-01 01:00:00+00:00,1.4555,1.456,1.4462,1.4518,22384.6
2026-08-01 02:00:00+00:00,1.4518,1.4558,1.4501,1.4533,7558.7
2026-08-01 03:00:00+00:00,1.4533,1.4552,1.4494,1.4509,6105.2
2026-08-01 04:00:00+00:00,1.4509,1.4584,1.4506,1.4522,8280.6
2026-08-01 05:00:00+00:00,1.4522,1.4591,1.4522,1.4533,9491.6
2026-08-01 06:00:00+00:00,1.4533,1.4584,1.4513,1.452,6579.6
2026-08-01 07:00:00+00:00,1.452,1.4566,1.4503,1.4506,5667.2
2026-08-01 08:00:00+00:00,1.4506,1.4507,1.439,1.4396,37645.1
2026-08-01 09:00:00+00:00,1.4396,1.4415,1.4288,1.4292,89832.2
2026-08-01 10:00:00+00:00,1.4292,1.4293,1.4054,1.4099,197076.1
2026-08-01 11:00:00+00:00,1.4099,1.4126,1.4068,1.4104,19970.6
2026-08-01 12:00:00+00:00,1.4104,1.4129,1.405,1.405,13698.6
2026-08-01 13:00:00+00:00,1.405,1.4194,1.404,1.4181,28020.2
2026-08-01 14:00:00+00:00,1.4181,1.4186,1.4126,1.4146,12814.1
2026-08-01 15:00:00+00:00,1.4146,1.4161,1.4108,1.4108,8097.0
2026-08-01 16:00:00+00:00,1.4108,1.4141,1.4074,1.4096,11037.2
2026-08-01 17:00:00+00:00,1.4096,1.4117,1.4007,1.4025,71217.9
2026-08-01 18:00:00+00:00,1.4025,1.4032,1.3931,1.3985,39969.6
2026-08-01 19:00:00+00:00,1.3985,1.4014,1.3971,1.399,8100.4
2026-08-01 20:00:00+00:00,1.399,1.4038,1.3981,1.4035,8659.4
2026-08-01 21:00:00+00:00,1.4035,1.4067,1.3996,1.4058,31964.1
2026-08-01 22:00:00+00:00,1.4058,1.4094,1.4025,1.4065,13229.0
2026-08-01 23:00:00+00:00,1.4065,1.4084,1.403,1.403,4359.1
2026-08-02 00:00:00+00:00,1.403,1.4105,1.4018,1.4055,7301.6
2026-08-02 01:00:00+00:00,1.4055,1.4132,1.405,1.4125,6284.6
2026-08-02 02:00:00+00:00,1.4125,1.4245,1.4125,1.4205,22414.9
2026-08-02 03:00:00+00:00,1.4205,1.4258,1.4203,1.4233,9392.5
2026-08-02 04:00:00+00:00,1.4233,1.4289,1.4233,1.425,10251.4
2026-08-02 05:00:00+00:00,1.425,1.4277,1.423,1.4255,7629.6
2026-08-02 06:00:00+00:00,1.4255,1.4268,1.4225,1.4227,8960.4
2026-08-02 07:00:00+00:00,1.4227,1.4279,1.4222,1.4246,7530.7
2026-08-02 08:00:00+00:00,1.4246,1.4246,1.418,1.4184,4525.8
2026-08-02 09:00:00+00:00,1.4184,1.427,1.4149,1.4269,8091.8
2026-08-02 10:00:00+00:00,1.4269,1.4273,1.4196,1.425,9154.3
2026-08-02 11:00:00+00:00,1.425,1.4295,1.4226,1.4236,9099.9
2026-08-02 12:00:00+00:00,1.4236,1.4305,1.4236,1.4291,9465.1
2026-08-02 13:00:00+00:00,1.4291,1.431,1.422,1.424,8446.9
2026-08-02 14:00:00+00:00,1.424,1.4273,1.423,1.4242,3516.5
2026-08-02 15:00:00+00:00,1.4242,1.4365,1.4207,1.4321,43240.6
2026-08-02 16:00:00+00:00,1.4321,1.4452,1.4311,1.4428,11206.6
2026-08-02 17:00:00+00:00,1.4428,1.4443,1.4357,1.4357,7774.7
2026-08-02 18:00:00+00:00,1.4357,1.4441,1.4353,1.4373,8931.5
2026-08-02 19:00:00+00:00,1.4373,1.4427,1.4363,1.4406,6532.6
2026-08-02 20:00:00+00:00,1.4406,1.4466,1.439,1.4466,7842.0
2026-08-02 21:00:00+00:00,1.4466,1.4539,1.4451,1.4451,25632.4
2026-08-02 22:00:00+00:00,1.4451,1.4483,1.4392,1.4393,4236.8
2026-08-02 23:00:00+00:00,1.4393,1.446,1.4393,1.442,8336.3
2026-08-03 00:00:00+00:00,1.442,1.443,1.4373,1.4423,5995.5
2026-08-03 01:00:00+00:00,1.4423,1.444,1.4314,1.4327,14921.4
2026-08-03 02:00:00+00:00,1.4327,1.4399,1.4298,1.4395,12746.9
2026-08-03 03:00:00+00:00,1.4395,1.4402,1.4314,1.433,2488.7
2026-08-03 04:00:00+00:00,1.433,1.4368,1.4298,1.4298,9267.8
2026-08-03 05:00:00+00:00,1.4298,1.4329,1.4286,1.4325,5399.5
2026-08-03 06:00:00+00:00,1.4325,1.4357,1.4268,1.427,4157.4
2026-08-03 07:00:00+00:00,1.427,1.432,1.4255,1.4312,7002.8
2026-08-03 08:00:00+00:00,1.4312,1.4322,1.4217,1.4248,13766.1
2026-08-03 09:00:00+00:00,1.4248,1.4328,1.4246,1.4318,4034.7
2026-08-03 10:00:00+00:00,1.4318,1.4394,1.431,1.4382,5470.6
2026-08-03 11:00:00+00:00,1.4382,1.4388,1.4313,1.4314,4800.3
2026-08-03 12:00:00+00:00,1.4314,1.4352,1.43,1.433,8057.6
2026-08-03 13:00:00+00:00,1.433,1.4377,1.4264,1.4361,10495.8
2026-08-03 14:00:00+00:00,1.4361,1.441,1.4326,1.4389,25118.6
2026-08-03 15:00:00+00:00,1.4389,1.4447,1.437,1.4399,29131.6
2026-08-03 16:00:00+00:00,1.4399,1.4466,1.4375,1.4375,11080.1
2026-08-03 17:00:00+00:00,1.4375,1.4422,1.4356,1.4363,12421.7
2026-08-03 18:00:00+00:00,1.4363,1.4396,1.4361,1.438,4377.3
2026-08-03 19:00:00+00:00,1.438,1.44,1.4339,1.434,2856.7
2026-08-03 20:00:00+00:00,1.434,1.4396,1.4336,1.4369,4493.2
2026-08-03 21:00:00+00:00,1.4369,1.4388,1.4331,1.4331,3009.5
2026-08-03 22:00:00+00:00,1.4331,1.4343,1.4302,1.4303,3588.8
2026-08-03 23:00:00+00:00,1.4303,1.4377,1.4297,1.4353,7731.3
2026-08-04 00:00:00+00:00,1.4353,1.4374,1.4277,1.4278,6460.9
2026-08-04 01:00:00+00:00,1.4278,1.442,1.4278,1.4416,13385.3
2026-08-04 02:00:00+00:00,1.4416,1.4424,1.4344,1.4349,12122.1
2026-08-04 03:00:00+00:00,1.4349,1.4367,1.4312,1.4312,8129.1
2026-08-04 04:00:00+00:00,1.4312,1.4398,1.431,1.439,4865.5
2026-08-04 05:00:00+00:00,1.439,1.4397,1.4336,1.4348,1170.2
2026-08-04 06:00:00+00:00,1.4348,1.4363,1.4322,1.4327,2002.5
2026-08-04 07:00:00+00:00,1.4327,1.4333,1.429,1.432,4694.9
2026-08-04 08:00:00+00:00,1.432,1.435,1.4286,1.4295,4416.6
2026-08-04 09:00:00+00:00,1.4295,1.4295,1.4188,1.422,23580.4
2026-08-04 10:00:00+00:00,1.422,1.4287,1.4199,1.4253,12810.5
2026-08-04 11:00:00+00:00,1.4253,1.4253,1.4211,1.4247,5325.4
2026-08-04 12:00:00+00:00,1.4247,1.4253,1.4214,1.4219,6742.8
2026-08-04 13:00:00+00:00,1.4219,1.4265,1.4137,1.416,33507.2
2026-08-04 14:00:00+00:00,1.416,1.4229,1.4131,1.4211,8249.9
2026-08-04 15:00:00+00:00,1.4211,1.4274,1.4156,1.4246,12242.6
2026-08-04 16:00:00+00:00,1.4246,1.4259,1.4165,1.4182,16021.3
2026-08-04 17:00:00+00:00,1.4182,1.4213,1.4158,1.4159,11265.8
2026-08-04 18:00:00+00:00,1.4159,1.422,1.415,1.419,8510.8
2026-08-04 19:00:00+00:00,1.419,1.4244,1.4179,1.4189,8844.7
2026-08-04 20:00:00+00:00,1.4189,1.4222,1.4168,1.4173,7151.9
2026-08-04 21:00:00+00:00,1.4173,1.4173,1.4133,1.4156,4055.2
2026-08-04 22:00:00+00:00,1.4156,1.4173,1.4133,1.4134,7707.0
2026-08-04 23:00:00+00:00,1.4134,1.4181,1.4091,1.4096,11809.0
2026-08-05 00:00:00+00:00,1.4096,1.4263,1.4096,1.4184,14141.7
2026-08-05 01:00:00+00:00,1.4184,1.4325,1.4184,1.4303,12839.2
2026-08-05 02:00:00+00:00,1.4303,1.4374,1.4274,1.4287,15663.0
2026-08-05 03:00:00+00:00,1.4287,1.4302,1.4159,1.419,17819.8
2026-08-05 04:00:00+00:00,1.419,1.4209,1.4164,1.4185,6718.9
2026-08-05 05:00:00+00:00,1.4185,1.4248,1.4176,1.4217,14748.3
2026-08-05 06:00:00+00:00,1.4217,1.4217,1.4186,1.4189,3458.2
2026-08-05 07:00:00+00:00,1.4189,1.4198,1.4161,1.4198,5230.8
2026-08-05 08:00:00+00:00,1.4198,1.422,1.4152,1.4153,6116.9
2026-08-05 09:00:00+00:00,1.4153,1.4171,1.3965,1.4021,55626.3
2026-08-05 10:00:00+00:00,1.4021,1.4053,1.3989,1.4009,19872.9
2026-08-05 11:00:00+00:00,1.4009,1.4067,1.3992,1.4036,3962.8
2026-08-05 12:00:00+00:00,1.4036,1.4122,1.4033,1.4062,6407.6
2026-08-05 13:00:00+00:00,1.4062,1.4127,1.4013,1.4109,8639.6
2026-08-05 14:00:00+00:00,1.4109,1.4178,1.4094,1.4178,11558.0
2026-08-05 15:00:00+00:00,1.4178,1.4204,1.4113,1.4139,18314.4
2026-08-05 16:00:00+00:00,1.4139,1.4222,1.4133,1.416,10139.4
2026-08-05 17:00:00+00:00,1.416,1.4298,1.4147,1.4259,28404.8
2026-08-05 18:00:00+00:00,1.4259,1.4282,1.4242,1.4255,4268.2
2026-08-05 19:00:00+00:00,1.4255,1.4278,1.4217,1.4217,5076.6
2026-08-05 20:00:00+00:00,1.4217,1.4244,1.4196,1.4196,6222.7
2026-08-05 21:00:00+00:00,1.4196,1.4198,1.4147,1.4161,3774.3
2026-08-05 22:00:00+00:00,1.4161,1.4169,1.4103,1.411,12542.8
2026-08-05 23:00:00+00:00,1.411,1.4116,1.4073,1.4073,10419.7
2026-08-06 00:00:00+00:00,1.4073,1.4124,1.4054,1.41,11033.0
2026-08-06 01:00:00+00:00,1.41,1.4116,1.4078,1.41,5087.5
2026-08-06 02:00:00+00:00,1.41,1.4112,1.406,1.4103,6880.8
2026-08-06 03:00:00+00:00,1.4103,1.4103,1.4058,1.4083,2806.3
2026-08-06 04:00:00+00:00,1.4083,1.4116,1.406,1.4109,6900.1
2026-08-06 05:00:00+00:00,1.4109,1.4173,1.4109,1.4112,6813.8
2026-08-06 06:00:00+00:00,1.4112,1.4112,1.4037,1.4053,16085.4
2026-08-06 07:00:00+00:00,1.4053,1.409,1.403,1.403,24545.4
2026-08-06 08:00:00+00:00,1.403,1.4079,1.4017,1.4035,15364.5
2026-08-06 09:00:00+00:00,1.4035,1.404,1.3959,1.3965,23688.4
2026-08-06 10:00:00+00:00,1.3965,1.3988,1.3941,1.3962,7030.7
2026-08-06 11:00:00+00:00,1.3962,1.4037,1.3939,1.402,5513.5
2026-08-06 12:00:00+00:00,1.402,1.4031,1.3978,1.4026,7141.5
2026-08-06 13:00:00+00:00,1.4026,1.4026,1.3964,1.399,7793.9
2026-08-06 14:00:00+00:00,1.399,1.4031,1.3921,1.4024,18770.5
2026-08-06 15:00:00+00:00,1.4024,1.4036,1.3978,1.3978,11854.8
2026-08-06 16:00:00+00:00,1.3978,1.4009,1.3956,1.4008,7794.0
2026-08-06 17:00:00+00:00,1.4008,1.4015,1.3956,1.3962,2534.7
2026-08-06 18:00:00+00:00,1.3962,1.4011,1.3895,1.3903,27162.9
2026-08-06 19:00:00+00:00,1.3903,1.3936,1.388,1.3895,7027.1
2026-08-06 20:00:00+00:00,1.3895,1.3954,1.3876,1.3928,15328.3
2026-08-06 21:00:00+00:00,1.3928,1.3994,1.3925,1.3991,3189.7
2026-08-06 22:00:00+00:00,1.3991,1.4015,1.3979,1.401,4068.3
2026-08-06 23:00:00+00:00,1.401,1.4043,1.3975,1.4043,7050.7
2026-08-07 00:00:00+00:00,1.4043,1.4043,1.3973,1.4011,4332.7
2026-08-07 01:00:00+00:00,1.4011,1.403,1.3956,1.3961,7426.9
2026-08-07 02:00:00+00:00,1.3961,1.4051,1.3953,1.397,16893.2
2026-08-07 03:00:00+00:00,1.397,1.4006,1.3942,1.3942,2834.9
2026-08-07 04:00:00+00:00,1.3942,1.3948,1.3839,1.3868,21746.5
2026-08-07 05:00:00+00:00,1.3868,1.3917,1.3853,1.3908,9213.4
2026-08-07 06:00:00+00:00,1.3908,1.3949,1.3902,1.3904,3578.9
2026-08-07 07:00:00+00:00,1.3904,1.3963,1.3891,1.3902,2553.8
2026-08-07 08:00:00+00:00,1.3902,1.3949,1.3895,1.3927,2402.1
2026-08-07 09:00:00+00:00,1.3927,1.4004,1.3918,1.396,4348.8
2026-08-07 10:00:00+00:00,1.396,1.4038,1.396,1.4038,3357.6
2026-08-07 11:00:00+00:00,1.4038,1.4047,1.3919,1.3958,46592.4
2026-08-07 12:00:00+00:00,1.3958,1.4092,1.395,1.4092,41546.5
2026-08-07 13:00:00+00:00,1.4092,1.4096,1.4013,1.4033,13594.8
2026-08-07 14:00:00+00:00,1.4033,1.409,1.4,1.4015,15833.0
2026-08-07 15:00:00+00:00,1.4015,1.4129,1.4012,1.4095,18781.8
2026-08-07 16:00:00+00:00,1.4095,1.4128,1.4037,1.4037,10318.7
2026-08-07 17:00:00+00:00,1.4037,1.4056,1.4,1.4012,12208.5
2026-08-07 18:00:00+00:00,1.4012,1.4057,1.4008,1.4011,5302.8
2026-08-07 19:00:00+00:00,1.4011,1.4068,1.3988,1.4062,8027.0
2026-08-07 20:00:00+00:00,1.4062,1.4062,1.4018,1.4022,3680.1
2026-08-07 21:00:00+00:00,1.4022,1.4045,1.4017,1.404,4003.2
2026-08-07 22:00:00+00:00,1.404,1.4064,1.404,1.4061,7273.9
2026-08-07 23:00:00+00:00,1.4061,1.4082,1.4052,1.4067,5992.6
2026-08-08 00:00:00+00:00,1.4067,1.4071,1.405,1.4071,6615.3
2026-08-08 01:00:00+00:00,1.4071,1.4085,1.4038,1.4038,9744.2
2026-08-08 02:00:00+00:00,1.4038,1.4086,1.4019,1.4019,8416.4
2026-08-08 03:00:00+00:00,1.4019,1.4093,1.4016,1.4068,6406.9
2026-08-08 04:00:00+00:00,1.4068,1.4102,1.4067,1.4081,7753.4
2026-08-08 05:00:00+00:00,1.4081,1.4102,1.4057,1.4062,2407.1
2026-08-08 06:00:00+00:00,1.4062,1.4091,1.4052,1.4088,6639.8
2026-08-08 07:00:00+00:00,1.4088,1.4153,1.408,1.4118,7474.2
2026-08-08 08:00:00+00:00,1.4118,1.4247,1.4118,1.4227,56481.7
2026-08-08 09:00:00+00:00,1.4227,1.4238,1.4173,1.4173,15574.4
2026-08-08 10:00:00+00:00,1.4173,1.4221,1.4172,1.4194,7689.5
2026-08-08 11:00:00+00:00,1.4194,1.4225,1.418,1.4216,5777.3
2026-08-08 12:00:00+00:00,1.4216,1.4279,1.4191,1.4256,34366.4
2026-08-08 13:00:00+00:00,1.4256,1.4283,1.4172,1.4253,73780.8
2026-08-08 14:00:00+00:00,1.4253,1.4518,1.4253,1.4374,86966.3
2026-08-08 15:00:00+00:00,1.4374,1.4571,1.4374,1.4399,60641.0
2026-08-08 16:00:00+00:00,1.4399,1.4429,1.4356,1.4384,18614.3
2026-08-08 17:00:00+00:00,1.4384,1.4411,1.4358,1.4362,2327.8
2026-08-08 18:00:00+00:00,1.4362,1.4386,1.4347,1.4379,6002.1
2026-08-08 19:00:00+00:00,1.4379,1.438,1.4335,1.4342,4862.7
2026-08-08 20:00:00+00:00,1.4342,1.4348,1.4314,1.4328,5260.8
2026-08-08 21:00:00+00:00,1.4328,1.4367,1.4328,1.4354,3962.6
2026-08-08 22:00:00+00:00,1.4354,1.4365,1.4325,1.4348,5335.5
2026-08-08 23:00:00+00:00,1.4348,1.4394,1.4342,1.4359,4924.3
2026-08-09 00:00:00+00:00,1.4359,1.4446,1.4359,1.4427,25531.5
2026-08-09 01:00:00+00:00,1.4427,1.4467,1.4417,1.4427,9071.5
2026-08-09 02:00:00+00:00,1.4427,1.4427,1.4323,1.4328,5144.0
2026-08-09 03:00:00+00:00,1.4328,1.437,1.4328,1.4338,2165.3
2026-08-09 04:00:00+00:00,1.4338,1.4378,1.4329,1.4369,6700.3
2026-08-09 05:00:00+00:00,1.4369,1.4404,1.4361,1.4399,2684.9
2026-08-09 06:00:00+00:00,1.4399,1.4448,1.4391,1.4448,9107.7
2026-08-09 07:00:00+00:00,1.4448,1.445,1.4287,1.434,25592.9
2026-08-09 08:00:00+00:00,1.434,1.4431,1.434,1.4431,8876.0
2026-08-09 09:00:00+00:00,1.4431,1.4431,1.4362,1.4373,18149.4
2026-08-09 10:00:00+00:00,1.4373,1.4447,1.4373,1.441,7445.6
2026-08-09 11:00:00+00:00,1.441,1.4476,1.4406,1.4469,9797.3
2026-08-09 12:00:00+00:00,1.4469,1.4481,1.4405,1.4449,15851.9
2026-08-09 13:00:00+00:00,1.4449,1.4559,1.4441,1.454,28286.5
2026-08-09 14:00:00+00:00,1.454,1.4585,1.4508,1.4523,8583.3
2026-08-09 15:00:00+00:00,1.4523,1.455,1.4504,1.4533,3601.0
2026-08-09 16:00:00+00:00,1.4533,1.4549,1.4474,1.4537,17738.2
2026-08-09 17:00:00+00:00,1.4537,1.4545,1.4511,1.4535,1233.3
2026-08-09 18:00:00+00:00,1.4535,1.4543,1.4511,1.4513,9760.0
2026-08-09 19:00:00+00:00,1.4513,1.4545,1.4501,1.4509,2555.8
2026-08-09 20:00:00+00:00,1.4509,1.4545,1.4499,1.4545,3172.0
2026-08-09 21:00:00+00:00,1.4545,1.4563,1.4521,1.4523,11585.6
2026-08-09 22:00:00+00:00,1.4523,1.4617,1.4432,1.4448,28935.6
2026-08-09 23:00:00+00:00,1.4448,1.4474,1.4407,1.4428,11277.0
2026-08-10 00:00:00+00:00,1.4428,1.4524,1.4386,1.4439,19936.3
2026-08-10 01:00:00+00:00,1.4439,1.4513,1.4417,1.4463,11664.5
2026-08-10 02:00:00+00:00,1.4463,1.4463,1.4398,1.4409,7440.9
2026-08-10 03:00:00+00:00,1.4409,1.4439,1.437,1.4414,4505.3
2026-08-10 04:00:00+00:00,1.4414,1.443,1.4374,1.438,3917.7
2026-08-10 05:00:00+00:00,1.438,1.4422,1.438,1.4414,3305.2
2026-08-10 06:00:00+00:00,1.4414,1.4441,1.4404,1.4419,6722.4
2026-08-10 07:00:00+00:00,1.4419,1.4477,1.4406,1.4461,8352.5
2026-08-10 08:00:00+00:00,1.4461,1.4515,1.4457,1.4496,8765.1
2026-08-10 09:00:00+00:00,1.4496,1.4521,1.4403,1.4408,13716.1
2026-08-10 10:00:00+00:00,1.4408,1.4514,1.4404,1.4507,7003.3
2026-08-10 11:00:00+00:00,1.4507,1.4543,1.4488,1.4522,10984.7
2026-08-10 12:00:00+00:00,1.4522,1.4581,1.4481,1.4484,11129.9
2026-08-10 13:00:00+00:00,1.4484,1.4515,1.4428,1.4451,16672.5
2026-08-10 14:00:00+00:00,1.4451,1.4504,1.4438,1.4438,10879.4
2026-08-10 15:00:00+00:00,1.4438,1.4483,1.436,1.441,41313.8
2026-08-10 16:00:00+00:00,1.441,1.448,1.4374,1.4393,25109.4
2026-08-10 17:00:00+00:00,1.4393,1.448,1.4363,1.4474,20779.0
2026-08-10 18:00:00+00:00,1.4474,1.4516,1.4445,1.4516,13313.1
2026-08-10 19:00:00+00:00,1.4516,1.4571,1.4502,1.4556,22925.2
2026-08-10 20:00:00+00:00,1.4556,1.4597,1.4524,1.453,16222.6
2026-08-10 21:00:00+00:00,1.453,1.453,1.4471,1.4475,7396.7
2026-08-10 22:00:00+00:00,1.4475,1.4519,1.444,1.444,10851.3
2026-08-10 23:00:00+00:00,1.444,1.4471,1.4423,1.4441,11726.3
2026-08-11 00:00:00+00:00,1.4441,1.4496,1.439,1.447,16542.4
2026-08-11 01:00:00+00:00,1.447,1.447,1.4381,1.4407,12378.2
2026-08-11 02:00:00+00:00,1.4407,1.4429,1.4403,1.4428,2527.9
2026-08-11 03:00:00+00:00,1.4428,1.4475,1.4424,1.4458,6156.5
2026-08-11 04:00:00+00:00,1.4458,1.4458,1.4433,1.4445,5495.8
2026-08-11 05:00:00+00:00,1.4445,1.4484,1.443,1.446,13033.9
2026-08-11 06:00:00+00:00,1.446,1.4511,1.444,1.4447,20650.5
2026-08-11 07:00:00+00:00,1.4447,1.4549,1.4442,1.4523,26319.1
2026-08-11 08:00:00+00:00,1.4523,1.4572,1.449,1.454,34054.5
2026-08-11 09:00:00+00:00,1.454,1.465,1.452,1.458,43329.1
2026-08-11 10:00:00+00:00,1.458,1.469,1.458,1.459,22606.9
2026-08-11 11:00:00+00:00,1.459,1.464,1.456,1.459,19840.6
2026-08-11 12:00:00+00:00,1.459,1.472,1.457,1.463,23696.6
2026-08-11 13:00:00+00:00,1.463,1.472,1.461,1.465,15467.0
2026-08-11 14:00:00+00:00,1.465,1.465,1.448,1.451,46787.1
2026-08-11 15:00:00+00:00,1.451,1.455,1.442,1.448,49463.3
2026-08-11 16:00:00+00:00,1.448,1.454,1.443,1.452,23400.6
2026-08-11 17:00:00+00:00,1.452,1.456,1.451,1.454,8833.3
2026-08-11 18:00:00+00:00,1.454,1.458,1.449,1.456,29257.8
2026-08-11 19:00:00+00:00,1.456,1.459,1.447,1.458,44495.2
2026-08-11 20:00:00+00:00,1.458,1.459,1.454,1.455,11822.6
2026-08-11 21:00:00+00:00,1.455,1.456,1.447,1.448,20886.5
2026-08-11 22:00:00+00:00,1.448,1.452,1.44,1.451,41079.9
2026-08-11 23:00:00+00:00,1.451,1.457,1.449,1.457,6074.8
2026-08-12 00:00:00+00:00,1.457,1.458,1.45,1.457,5868.0
2026-08-12 01:00:00+00:00,1.457,1.473,1.457,1.466,19676.3
2026-08-12 02:00:00+00:00,1.466,1.472,1.462,1.464,33253.2
2026-08-12 03:00:00+00:00,1.464,1.465,1.458,1.458,7539.0
2026-08-12 04:00:00+00:00,1.458,1.463,1.456,1.459,3703.7
2026-08-12 05:00:00+00:00,1.459,1.463,1.455,1.456,7924.1
2026-08-12 06:00:00+00:00,1.456,1.457,1.449,1.451,10832.8
2026-08-12 07:00:00+00:00,1.451,1.455,1.448,1.452,19482.3
2026-08-12 08:00:00+00:00,1.452,1.453,1.441,1.442,16863.1
2026-08-12 09:00:00+00:00,1.442,1.455,1.442,1.455,5660.1
2026-08-12 10:00:00+00:00,1.455,1.457,1.451,1.451,2792.3
2026-08-12 11:00:00+00:00,1.451,1.452,1.449,1.452,1506.2
2026-08-12 12:00:00+00:00,1.452,1.459,1.448,1.453,18946.7
2026-08-12 13:00:00+00:00,1.453,1.456,1.45,1.452,10683.9
2026-08-12 14:00:00+00:00,1.452,1.455,1.445,1.447,11136.9
2026-08-12 15:00:00+00:00,1.447,1.451,1.444,1.447,5121.5
2026-08-12 16:00:00+00:00,1.447,1.45,1.446,1.448,4546.7
2026-08-12 17:00:00+00:00,1.448,1.448,1.443,1.445,11054.8
2026-08-12 18:00:00+00:00,1.445,1.447,1.443,1.443,1758.3
2026-08-12 19:00:00+00:00,1.443,1.445,1.44,1.442,9857.2
2026-08-12 20:00:00+00:00,1.442,1.447,1.439,1.445,6001.8
2026-08-12 21:00:00+00:00,1.445,1.447,1.432,1.44,16665.0
2026-08-12 22:00:00+00:00,1.44,1.441,1.433,1.439,30238.2
2026-08-12 23:00:00+00:00,1.439,1.443,1.437,1.443,5432.2
2026-08-13 00:00:00+00:00,1.443,1.447,1.441,1.442,24365.9
2026-08-13 01:00:00+00:00,1.442,1.446,1.441,1.444,4594.4
2026-08-13 02:00:00+00:00,1.444,1.445,1.441,1.445,3905.5
2026-08-13 03:00:00+00:00,1.445,1.449,1.444,1.448,3858.2
2026-08-13 04:00:00+00:00,1.448,1.452,1.448,1.45,5437.8
2026-08-13 05:00:00+00:00,1.45,1.456,1.45,1.455,5366.7
2026-08-13 06:00:00+00:00,1.455,1.457,1.451,1.454,3762.7
2026-08-13 07:00:00+00:00,1.454,1.458,1.452,1.458,3566.3
2026-08-13 08:00:00+00:00,1.458,1.46,1.453,1.455,7037.1
2026-08-13 09:00:00+00:00,1.455,1.456,1.451,1.452,2418.7
2026-08-13 10:00:00+00:00,1.452,1.452,1.445,1.448,7708.2
2026-08-13 11:00:00+00:00,1.448,1.448,1.44,1.441,10409.4
2026-08-13 12:00:00+00:00,1.441,1.448,1.439,1.447,16384.8
2026-08-13 13:00:00+00:00,1.447,1.447,1.443,1.445,6213.9
2026-08-13 14:00:00+00:00,1.445,1.446,1.443,1.444,5353.5
2026-08-13 15:00:00+00:00,1.444,1.445,1.424,1.426,41081.2
2026-08-13 16:00:00+00:00,1.426,1.429,1.418,1.423,30932.8
2026-08-13 17:00:00+00:00,1.423,1.431,1.422,1.43,7850.2
2026-08-13 18:00:00+00:00,1.43,1.436,1.429,1.434,3612.9
2026-08-13 19:00:00+00:00,1.434,1.438,1.434,1.434,1841.4
2026-08-13 20:00:00+00:00,1.434,1.437,1.432,1.436,10816.1
2026-08-13 21:00:00+00:00,1.436,1.438,1.435,1.437,1483.9
2026-08-13 22:00:00+00:00,1.437,1.441,1.434,1.434,15280.8
2026-08-13 23:00:00+00:00,1.434,1.439,1.433,1.435,11258.9
2026-08-14 00:00:00+00:00,1.435,1.436,1.431,1.435,3684.6
2026-08-14 01:00:00+00:00,1.435,1.447,1.435,1.436,51503.6
2026-08-14 02:00:00+00:00,1.436,1.438,1.427,1.431,29893.4
2026-08-14 03:00:00+00:00,1.431,1.432,1.425,1.427,2591.7
2026-08-14 04:00:00+00:00,1.427,1.43,1.425,1.425,5989.3
2026-08-14 05:00:00+00:00,1.425,1.427,1.423,1.425,5012.5
2026-08-14 06:00:00+00:00,1.425,1.426,1.418,1.418,5644.0
2026-08-14 07:00:00+00:00,1.418,1.421,1.415,1.415,6882.8
2026-08-14 08:00:00+00:00,1.415,1.419,1.414,1.416,10564.7
2026-08-14 09:00:00+00:00,1.416,1.417,1.41,1.411,17289.6
2026-08-14 10:00:00+00:00,1.411,1.412,1.406,1.41,22718.2
2026-08-14 11:00:00+00:00,1.41,1.411,1.405,1.408,16309.4
2026-08-14 12:00:00+00:00,1.408,1.414,1.407,1.412,22718.8
2026-08-14 13:00:00+00:00,1.412,1.414,1.411,1.411,8969.4
2026-08-14 14:00:00+00:00,1.411,1.417,1.411,1.412,15424.0
2026-08-14 15:00:00+00:00,1.412,1.42,1.411,1.418,21414.8
2026-08-14 16:00:00+00:00,1.418,1.425,1.417,1.42,13839.3
2026-08-14 17:00:00+00:00,1.42,1.421,1.416,1.417,1640.9
2026-08-14 18:00:00+00:00,1.417,1.418,1.416,1.416,1375.8
2026-08-14 19:00:00+00:00,1.416,1.417,1.412,1.417,6682.4
2026-08-14 20:00:00+00:00,1.417,1.42,1.416,1.418,3732.4
2026-08-14 21:00:00+00:00,1.418,1.422,1.418,1.421,715.1
2026-08-14 22:00:00+00:00,1.421,1.424,1.421,1.423,2887.1
2026-08-14 23:00:00+00:00,1.423,1.428,1.423,1.426,2472.7
2026-08-15 00:00:00+00:00,1.426,1.43,1.426,1.429,10226.3
2026-08-15 01:00:00+00:00,1.429,1.429,1.422,1.425,18395.7
2026-08-15 02:00:00+00:00,1.425,1.433,1.424,1.433,14111.6
2026-08-15 03:00:00+00:00,1.433,1.437,1.432,1.434,13984.7
2026-08-15 04:00:00+00:00,1.434,1.438,1.434,1.436,10106.9
2026-08-15 05:00:00+00:00,1.436,1.437,1.43,1.431,5017.1
2026-08-15 06:00:00+00:00,1.431,1.432,1.429,1.43,4781.3
2026-08-15 07:00:00+00:00,1.43,1.437,1.43,1.434,18167.3
2026-08-15 08:00:00+00:00,1.434,1.436,1.426,1.426,17048.5
2026-08-15 09:00:00+00:00,1.426,1.428,1.422,1.428,17539.5
2026-08-15 10:00:00+00:00,1.428,1.434,1.427,1.434,4685.7
2026-08-15 11:00:00+00:00,1.434,1.439,1.432,1.432,15599.9
2026-08-15 12:00:00+00:00,1.432,1.435,1.432,1.434,4368.0
2026-08-15 13:00:00+00:00,1.434,1.435,1.426,1.427,16404.9
2026-08-15 14:00:00+00:00,1.427,1.43,1.427,1.428,4002.7
2026-08-15 15:00:00+00:00,1.428,1.433,1.428,1.433,1540.0
2026-08-15 16:00:00+00:00,1.433,1.434,1.43,1.43,16292.7
2026-08-15 17:00:00+00:00,1.43,1.435,1.43,1.432,4357.8
2026-08-15 18:00:00+00:00,1.432,1.435,1.432,1.433,8485.0
2026-08-15 19:00:00+00:00,1.433,1.435,1.431,1.434,8208.2
2026-08-15 20:00:00+00:00,1.434,1.435,1.433,1.433,2914.9
2026-08-15 21:00:00+00:00,1.433,1.435,1.432,1.433,2617.4
2026-08-15 22:00:00+00:00,1.433,1.435,1.432,1.433,5495.1
2026-08-15 23:00:00+00:00,1.433,1.433,1.428,1.43,3458.8
2026-08-16 00:00:00+00:00,1.43,1.431,1.428,1.429,3442.8
2026-08-16 01:00:00+00:00,1.429,1.434,1.428,1.432,8127.5
2026-08-16 02:00:00+00:00,1.432,1.433,1.429,1.43,4369.0
2026-08-16 03:00:00+00:00,1.43,1.432,1.43,1.43,1093.5
2026-08-16 04:00:00+00:00,1.43,1.431,1.428,1.428,1442.3
2026-08-16 05:00:00+00:00,1.428,1.428,1.425,1.426,3683.9
2026-08-16 06:00:00+00:00,1.426,1.429,1.425,1.429,9366.1
2026-08-16 07:00:00+00:00,1.429,1.43,1.428,1.429,2508.9
2026-08-16 08:00:00+00:00,1.429,1.434,1.428,1.432,3713.8
2026-08-16 09:00:00+00:00,1.432,1.454,1.432,1.451,55921.0
2026-08-16 10:00:00+00:00,1.451,1.458,1.449,1.458,53400.0
2026-08-16 11:00:00+00:00,1.458,1.463,1.456,1.458,53362.4
2026-08-16 12:00:00+00:00,1.458,1.468,1.457,1.464,27514.0
2026-08-16 13:00:00+00:00,1.464,1.465,1.459,1.463,28960.5
2026-08-16 14:00:00+00:00,1.463,1.465,1.454,1.458,18273.1
2026-08-16 15:00:00+00:00,1.458,1.46,1.457,1.457,7642.5
2026-08-16 16:00:00+00:00,1.457,1.46,1.456,1.459,8960.0
2026-08-16 17:00:00+00:00,1.459,1.46,1.454,1.455,15644.7
2026-08-16 18:00:00+00:00,1.455,1.456,1.453,1.454,2570.1
2026-08-16 19:00:00+00:00,1.454,1.456,1.453,1.455,4577.8
2026-08-16 20:00:00+00:00,1.455,1.455,1.452,1.453,11288.3
2026-08-16 21:00:00+00:00,1.453,1.453,1.441,1.447,21838.5
2026-08-16 22:00:00+00:00,1.447,1.45,1.444,1.444,4896.0
2026-08-16 23:00:00+00:00,1.444,1.45,1.444,1.447,1978.1
2026-08-17 00:00:00+00:00,1.447,1.451,1.445,1.451,10267.3
2026-08-17 01:00:00+00:00,1.451,1.458,1.451,1.453,10510.8
2026-08-17 02:00:00+00:00,1.453,1.46,1.45,1.457,18105.7
2026-08-17 03:00:00+00:00,1.457,1.458,1.454,1.456,16662.4
2026-08-17 04:00:00+00:00,1.456,1.465,1.455,1.461,35954.5
2026-08-17 05:00:00+00:00,1.461,1.465,1.458,1.459,4524.9
2026-08-17 06:00:00+00:00,1.459,1.463,1.458,1.461,4274.7
2026-08-17 07:00:00+00:00,1.461,1.463,1.456,1.461,9501.8
2026-08-17 08:00:00+00:00,1.461,1.464,1.458,1.459,8253.6
2026-08-17 09:00:00+00:00,1.459,1.462,1.459,1.46,7093.9
2026-08-17 10:00:00+00:00,1.46,1.468,1.458,1.461,13885.8
2026-08-17 11:00:00+00:00,1.461,1.465,1.461,1.465,6557.6
2026-08-17 12:00:00+00:00,1.465,1.467,1.46,1.46,5496.3
2026-08-17 13:00:00+00:00,1.46,1.468,1.458,1.466,7593.3
2026-08-17 14:00:00+00:00,1.466,1.466,1.458,1.466,7358.0
2026-08-17 15:00:00+00:00,1.466,1.471,1.463,1.468,23218.6
2026-08-17 16:00:00+00:00,1.468,1.47,1.464,1.469,17980.0
2026-08-17 17:00:00+00:00,1.469,1.478,1.469,1.473,52664.2
2026-08-17 18:00:00+00:00,1.473,1.477,1.471,1.473,9664.9
2026-08-17 19:00:00+00:00,1.473,1.473,1.464,1.466,7562.2
2026-08-17 20:00:00+00:00,1.466,1.467,1.461,1.467,13458.4
2026-08-17 21:00:00+00:00,1.467,1.467,1.465,1.465,2376.4
2026-08-17 22:00:00+00:00,1.465,1.466,1.46,1.461,8586.1
2026-08-17 23:00:00+00:00,1.461,1.466,1.46,1.463,2099.5
2026-08-18 00:00:00+00:00,1.463,1.465,1.461,1.465,3854.6
2026-08-18 01:00:00+00:00,1.465,1.466,1.458,1.458,3529.9
2026-08-18 02:00:00+00:00,1.458,1.461,1.45,1.452,41496.7
2026-08-18 03:00:00+00:00,1.452,1.459,1.45,1.458,9309.1
2026-08-18 04:00:00+00:00,1.458,1.459,1.454,1.457,11201.5
2026-08-18 05:00:00+00:00,1.457,1.46,1.456,1.46,5716.5
2026-08-18 06:00:00+00:00,1.46,1.467,1.458,1.463,12930.8
2026-08-18 07:00:00+00:00,1.463,1.464,1.454,1.457,13316.1
2026-08-18 08:00:00+00:00,1.457,1.462,1.448,1.458,40475.3
2026-08-18 09:00:00+00:00,1.458,1.468,1.455,1.459,44982.9
2026-08-18 10:00:00+00:00,1.459,1.46,1.453,1.456,11506.0
2026-08-18 11:00:00+00:00,1.456,1.459,1.455,1.456,5440.0
2026-08-18 12:00:00+00:00,1.456,1.458,1.455,1.455,4522.2
2026-08-18 13:00:00+00:00,1.455,1.456,1.451,1.453,8850.7
2026-08-18 14:00:00+00:00,1.453,1.465,1.451,1.461,24786.0
2026-08-18 15:00:00+00:00,1.461,1.476,1.461,1.475,94768.1
2026-08-18 16:00:00+00:00,1.475,1.487,1.468,1.486,79823.0
2026-08-18 17:00:00+00:00,1.486,1.498,1.481,1.484,100968.3
2026-08-18 18:00:00+00:00,1.484,1.491,1.483,1.488,41713.4
2026-08-18 19:00:00+00:00,1.488,1.517,1.488,1.506,156053.6
2026-08-18 20:00:00+00:00,1.506,1.525,1.506,1.508,116935.2
2026-08-18 21:00:00+00:00,1.508,1.512,1.503,1.511,39269.9
2026-08-18 22:00:00+00:00,1.511,1.518,1.51,1.514,23709.6
2026-08-18 23:00:00+00:00,1.514,1.531,1.514,1.529,35021.8
2026-08-19 00:00:00+00:00,1.529,1.531,1.513,1.513,37298.3
2026-08-19 01:00:00+00:00,1.513,1.524,1.511,1.522,14066.6
2026-08-19 02:00:00+00:00,1.522,1.524,1.513,1.516,46335.7
2026-08-19 03:00:00+00:00,1.516,1.524,1.513,1.519,23324.9
2026-08-19 04:00:00+00:00,1.519,1.523,1.517,1.523,17327.3
2026-08-19 05:00:00+00:00,1.523,1.532,1.52,1.524,53446.3
2026-08-19 06:00:00+00:00,1.524,1.544,1.522,1.542,35791.4
2026-08-19 07:00:00+00:00,1.542,1.546,1.533,1.542,59052.8
2026-08-19 08:00:00+00:00,1.542,1.556,1.538,1.544,67430.8
2026-08-19 09:00:00+00:00,1.544,1.548,1.533,1.538,83462.3
2026-08-19 10:00:00+00:00,1.538,1.553,1.533,1.551,49611.1
2026-08-19 11:00:00+00:00,1.551,1.565,1.54,1.542,257975.8
2026-08-19 12:00:00+00:00,1.542,1.545,1.532,1.538,103786.5
2026-08-19 13:00:00+00:00,1.538,1.551,1.535,1.545,62096.7
2026-08-19 14:00:00+00:00,1.545,1.558,1.545,1.555,56930.0
2026-08-19 15:00:00+00:00,1.555,1.586,1.552,1.571,311533.0
2026-08-19 16:00:00+00:00,1.571,1.581,1.57,1.57,86816.4
2026-08-19 17:00:00+00:00,1.57,1.596,1.559,1.579,355559.8
2026-08-19 18:00:00+00:00,1.579,1.5971,1.574,1.596,113193.6
2026-08-19 19:00:00+00:00,1.596,1.598,1.582,1.589,67283.4
2026-08-19 20:00:00+00:00,1.589,1.609,1.584,1.604,45733.1
2026-08-19 21:00:00+00:00,1.604,1.634,1.603,1.625,124849.1
2026-08-19 22:00:00+00:00,1.625,1.628,1.612,1.619,50524.9
2026-08-19 23:00:00+00:00,1.619,1.622,1.613,1.619,19094.4
2026-08-20 00:00:00+00:00,1.619,1.628,1.619,1.62,17867.9
2026-08-20 01:00:00+00:00,1.62,1.621,1.605,1.607,31048.5
2026-08-20 02:00:00+00:00,1.607,1.607,1.591,1.603,102175.1
2026-08-20 03:00:00+00:00,1.603,1.603,1.587,1.599,21849.1
2026-08-20 04:00:00+00:00,1.599,1.609,1.598,1.608,17034.2
2026-08-20 05:00:00+00:00,1.608,1.608,1.597,1.598,40236.0
2026-08-20 06:00:00+00:00,1.598,1.611,1.598,1.609,28806.9
2026-08-20 07:00:00+00:00,1.609,1.612,1.596,1.607,56784.8
2026-08-20 08:00:00+00:00,1.607,1.636,1.607,1.625,102215.2
2026-08-20 09:00:00+00:00,1.625,1.637,1.623,1.625,92313.2
2026-08-20 10:00:00+00:00,1.625,1.631,1.621,1.626,37900.4
2026-08-20 11:00:00+00:00,1.626,1.638,1.62,1.627,31948.5
2026-08-20 12:00:00+00:00,1.627,1.629,1.609,1.619,103050.0
2026-08-20 13:00:00+00:00,1.619,1.622,1.603,1.613,62447.2
2026-08-20 14:00:00+00:00,1.613,1.616,1.6,1.61,92574.2
2026-08-20 15:00:00+00:00,1.61,1.636,1.609,1.634,51403.0
2026-08-20 16:00:00+00:00,1.634,1.64,1.624,1.638,69183.4
2026-08-20 17:00:00+00:00,1.638,1.644,1.634,1.64,26465.0
2026-08-20 18:00:00+00:00,1.64,1.642,1.624,1.624,58688.5
2026-08-20 19:00:00+00:00,1.624,1.636,1.622,1.632,20105.7
2026-08-20 20:00:00+00:00,1.632,1.636,1.63,1.636,36923.4
2026-08-20 21:00:00+00:00,1.636,1.644,1.636,1.643,33992.0
2026-08-20 22:00:00+00:00,1.643,1.644,1.631,1.638,20802.0
2026-08-20 23:00:00+00:00,1.638,1.653,1.636,1.64,33712.7
2026-08-21 00:00:00+00:00,1.64,1.645,1.632,1.642,42531.9
2026-08-21 01:00:00+00:00,1.642,1.664,1.641,1.654,35056.8
2026-08-21 02:00:00+00:00,1.654,1.658,1.645,1.646,77948.7
2026-08-21 03:00:00+00:00,1.646,1.653,1.641,1.648,30775.5
2026-08-21 04:00:00+00:00,1.648,1.664,1.646,1.656,64847.5
2026-08-21 05:00:00+00:00,1.656,1.68,1.652,1.679,74874.6
2026-08-21 06:00:00+00:00,1.679,1.6954,1.675,1.68,45013.2
2026-08-21 07:00:00+00:00,1.68,1.699,1.68,1.69,58324.9
2026-08-21 08:00:00+00:00,1.69,1.729,1.69,1.726,81518.9
2026-08-21 09:00:00+00:00,1.726,1.728,1.679,1.703,144045.7
2026-08-21 10:00:00+00:00,1.703,1.713,1.694,1.707,33070.0
2026-08-21 11:00:00+00:00,1.707,1.71,1.688,1.696,48442.9
2026-08-21 12:00:00+00:00,1.696,1.728,1.693,1.727,30846.7
2026-08-21 13:00:00+00:00,1.727,1.731,1.713,1.723,101312.0
2026-08-21 14:00:00+00:00,1.723,1.734,1.709,1.731,20140.2
2026-08-21 15:00:00+00:00,1.731,1.742,1.728,1.738,22413.3
2026-08-21 16:00:00+00:00,1.738,1.762,1.728,1.76,30955.7
2026-08-21 17:00:00+00:00,1.76,1.796,1.76,1.794,184646.6
2026-08-21 18:00:00+00:00,1.794,1.821,1.771,1.771,109961.9
2026-08-21 19:00:00+00:00,1.771,1.772,1.727,1.729,209713.5
2026-08-21 20:00:00+00:00,1.729,1.744,1.722,1.744,28277.3
2026-08-21 21:00:00+00:00,1.744,1.772,1.74,1.771,159330.7
2026-08-21 22:00:00+00:00,1.771,1.784,1.765,1.782,52135.4
2026-08-21 23:00:00+00:00,1.782,1.786,1.753,1.763,119603.6
2026-08-22 00:00:00+00:00,1.763,1.776,1.752,1.775,65166.4
2026-08-22 01:00:00+00:00,1.775,1.785,1.767,1.774,28239.4
2026-08-22 02:00:00+00:00,1.774,1.835,1.774,1.831,76586.6
2026-08-22 03:00:00+00:00,1.831,1.848,1.821,1.836,138524.2
2026-08-22 04:00:00+00:00,1.836,1.857,1.826,1.854,169909.8
2026-08-22 05:00:00+00:00,1.854,1.857,1.717,1.78,430039.5
2026-08-22 06:00:00+00:00,1.78,1.783,1.754,1.773,73224.7
2026-08-22 07:00:00+00:00,1.773,1.779,1.759,1.76,41703.0
2026-08-22 08:00:00+00:00,1.76,1.764,1.72,1.722,61229.8
2026-08-22 09:00:00+00:00,1.722,1.732,1.709,1.715,29076.2
2026-08-22 10:00:00+00:00,1.715,1.716,1.681,1.701,82212.1
2026-08-22 11:00:00+00:00,1.701,1.712,1.696,1.707,27944.5
2026-08-22 12:00:00+00:00,1.707,1.723,1.703,1.714,13860.3
2026-08-22 13:00:00+00:00,1.714,1.722,1.708,1.722,8860.3
2026-08-22 14:00:00+00:00,1.722,1.722,1.704,1.709,16403.8
2026-08-22 15:00:00+00:00,1.709,1.712,1.69,1.69,32087.2
2026-08-22 16:00:00+00:00,1.69,1.714,1.682,1.712,40298.4
2026-08-22 17:00:00+00:00,1.712,1.713,1.702,1.709,9149.2
2026-08-22 18:00:00+00:00,1.709,1.718,1.708,1.718,24663.0
2026-08-22 19:00:00+00:00,1.718,1.721,1.709,1.714,84914.6
2026-08-22 20:00:00+00:00,1.714,1.719,1.708,1.719,34667.8
2026-08-22 21:00:00+00:00,1.719,1.721,1.696,1.698,34532.3
2026-08-22 22:00:00+00:00,1.698,1.715,1.695,1.706,31133.4
2026-08-22 23:00:00+00:00,1.706,1.707,1.699,1.706,6572.8
2026-08-23 00:00:00+00:00,1.706,1.724,1.7,1.723,31842.9
2026-08-23 01:00:00+00:00,1.723,1.725,1.707,1.708,21522.9
2026-08-23 02:00:00+00:00,1.708,1.709,1.69,1.696,33520.8
2026-08-23 03:00:00+00:00,1.696,1.698,1.667,1.676,38960.7
2026-08-23 04:00:00+00:00,1.676,1.681,1.657,1.66,33852.3
2026-08-23 05:00:00+00:00,1.66,1.676,1.654,1.665,56101.2
2026-08-23 06:00:00+00:00,1.665,1.681,1.659,1.672,17282.9
2026-08-23 07:00:00+00:00,1.672,1.684,1.671,1.673,14371.2
2026-08-23 08:00:00+00:00,1.673,1.691,1.672,1.688,23400.1
2026-08-23 09:00:00+00:00,1.688,1.694,1.686,1.694,5356.1
2026-08-23 10:00:00+00:00,1.694,1.709,1.692,1.702,15543.8
2026-08-23 11:00:00+00:00,1.702,1.731,1.702,1.727,54245.3
2026-08-23 12:00:00+00:00,1.727,1.741,1.721,1.74,57787.8
2026-08-23 13:00:00+00:00,1.74,1.752,1.735,1.749,45180.0
2026-08-23 14:00:00+00:00,1.749,1.762,1.712,1.739,169064.6
2026-08-23 15:00:00+00:00,1.739,1.747,1.731,1.738,25790.6
2026-08-23 16:00:00+00:00,1.738,1.746,1.737,1.743,24879.0
2026-08-23 17:00:00+00:00,1.743,1.751,1.737,1.74,23092.2
2026-08-23 18:00:00+00:00,1.74,1.745,1.737,1.742,8564.4
2026-08-23 19:00:00+00:00,1.742,1.75,1.737,1.744,9416.4
2026-08-23 20:00:00+00:00,1.744,1.752,1.736,1.746,19999.4
2026-08-23 21:00:00+00:00,1.746,1.772,1.746,1.759,32166.3
2026-08-23 22:00:00+00:00,1.759,1.764,1.755,1.757,13210.1
2026-08-23 23:00:00+00:00,1.757,1.763,1.739,1.751,36005.9
2026-08-24 00:00:00+00:00,1.751,1.762,1.739,1.757,21571.5
2026-08-24 01:00:00+00:00,1.757,1.757,1.719,1.719,32191.4
2026-08-24 02:00:00+00:00,1.719,1.744,1.716,1.736,48759.9
2026-08-24 03:00:00+00:00,1.736,1.737,1.723,1.723,16113.0
2026-08-24 04:00:00+00:00,1.723,1.737,1.722,1.728,11183.2
2026-08-24 05:00:00+00:00,1.728,1.739,1.725,1.734,15062.5
2026-08-24 06:00:00+00:00,1.734,1.736,1.726,1.731,16063.1
2026-08-24 07:00:00+00:00,1.731,1.742,1.729,1.731,9989.7
2026-08-24 08:00:00+00:00,1.731,1.735,1.718,1.726,36743.7
2026-08-24 09:00:00+00:00,1.726,1.74,1.724,1.733,25850.2
2026-08-24 10:00:00+00:00,1.733,1.746,1.733,1.736,46990.6
2026-08-24 11:00:00+00:00,1.736,1.765,1.73,1.761,66255.7
2026-08-24 12:00:00+00:00,1.761,1.774,1.748,1.771,59211.4
2026-08-24 13:00:00+00:00,1.771,1.779,1.742,1.754,92181.0
2026-08-24 14:00:00+00:00,1.754,1.776,1.751,1.767,44187.0
2026-08-24 15:00:00+00:00,1.767,1.794,1.76,1.765,76121.5
2026-08-24 16:00:00+00:00,1.765,1.784,1.762,1.766,27513.1
2026-08-24 17:00:00+00:00,1.766,1.766,1.743,1.751,47960.9
2026-08-24 18:00:00+00:00,1.751,1.76,1.75,1.755,17032.9
2026-08-24 19:00:00+00:00,1.755,1.76,1.749,1.755,10878.5
2026-08-24 20:00:00+00:00,1.755,1.759,1.747,1.759,9552.5
2026-08-24 21:00:00+00:00,1.759,1.766,1.758,1.762,16244.1
2026-08-24 22:00:00+00:00,1.762,1.763,1.752,1.752,11599.9
2026-08-24 23:00:00+00:00,1.752,1.762,1.748,1.76,9909.4
2026-08-25 00:00:00+00:00,1.76,1.792,1.76,1.784,137360.0
2026-08-25 01:00:00+00:00,1.784,1.79,1.769,1.779,28036.8
2026-08-25 02:00:00+00:00,1.779,1.803,1.774,1.787,46506.2
2026-08-25 03:00:00+00:00,1.787,1.795,1.778,1.782,10451.8
2026-08-25 04:00:00+00:00,1.782,1.788,1.774,1.775,27499.6
2026-08-25 05:00:00+00:00,1.775,1.789,1.775,1.784,12466.6
2026-08-25 06:00:00+00:00,1.784,1.785,1.765,1.768,11346.0
2026-08-25 07:00:00+00:00,1.768,1.777,1.744,1.754,25580.6
2026-08-25 08:00:00+00:00,1.754,1.763,1.748,1.752,84204.8
2026-08-25 09:00:00+00:00,1.752,1.755,1.735,1.741,25468.6
2026-08-25 10:00:00+00:00,1.741,1.748,1.737,1.747,6913.4
2026-08-25 11:00:00+00:00,1.747,1.751,1.739,1.739,14649.9
2026-08-25 12:00:00+00:00,1.739,1.742,1.729,1.74,21283.3
2026-08-25 13:00:00+00:00,1.74,1.741,1.71,1.722,88511.3
2026-08-25 14:00:00+00:00,1.722,1.739,1.72,1.736,19812.4
2026-08-25 15:00:00+00:00,1.736,1.742,1.73,1.741,13981.7
2026-08-25 16:00:00+00:00,1.741,1.743,1.731,1.739,8903.0
2026-08-25 17:00:00+00:00,1.739,1.739,1.729,1.738,8237.2
2026-08-25 18:00:00+00:00,1.738,1.744,1.737,1.739,3316.0
2026-08-25 19:00:00+00:00,1.739,1.741,1.728,1.731,7095.4
2026-08-25 20:00:00+00:00,1.731,1.732,1.709,1.711,22115.1
2026-08-25 21:00:00+00:00,1.711,1.714,1.692,1.711,59356.2
2026-08-25 22:00:00+00:00,1.711,1.722,1.71,1.72,11317.2
2026-08-25 23:00:00+00:00,1.72,1.723,1.709,1.711,6976.1
2026-08-26 00:00:00+00:00,1.711,1.718,1.709,1.718,13918.5
2026-08-26 01:00:00+00:00,1.718,1.725,1.717,1.719,7805.0
2026-08-26 02:00:00+00:00,1.719,1.727,1.716,1.723,2189.0
2026-08-26 03:00:00+00:00,1.723,1.724,1.716,1.719,5379.6
2026-08-26 04:00:00+00:00,1.719,1.723,1.712,1.713,10001.9
2026-08-26 05:00:00+00:00,1.713,1.722,1.708,1.721,9589.8
2026-08-26 06:00:00+00:00,1.721,1.726,1.718,1.726,33613.5
2026-08-26 07:00:00+00:00,1.726,1.741,1.725,1.728,27266.3
2026-08-26 08:00:00+00:00,1.728,1.736,1.72,1.722,54825.4
2026-08-26 09:00:00+00:00,1.722,1.726,1.711,1.717,11424.8
2026-08-26 10:00:00+00:00,1.717,1.745,1.713,1.744,39384.7
2026-08-26 11:00:00+00:00,1.744,1.748,1.73,1.737,42512.3
2026-08-26 12:00:00+00:00,1.737,1.742,1.724,1.731,41641.4
2026-08-26 13:00:00+00:00,1.731,1.733,1.715,1.726,14762.8
2026-08-26 14:00:00+00:00,1.726,1.729,1.699,1.701,37853.9
2026-08-26 15:00:00+00:00,1.701,1.707,1.692,1.703,29581.7
2026-08-26 16:00:00+00:00,1.703,1.714,1.698,1.7,31759.6
2026-08-26 17:00:00+00:00,1.7,1.714,1.7,1.707,7894.5
2026-08-26 18:00:00+00:00,1.707,1.711,1.701,1.704,7950.0
2026-08-26 19:00:00+00:00,1.704,1.709,1.7,1.707,12649.0
2026-08-26 20:00:00+00:00,1.707,1.711,1.701,1.71,14403.8
2026-08-26 21:00:00+00:00,1.71,1.732,1.71,1.731,33525.3
2026-08-26 22:00:00+00:00,1.731,1.742,1.726,1.728,19924.7
2026-08-26 23:00:00+00:00,1.728,1.736,1.723,1.733,18464.1
2026-08-27 00:00:00+00:00,1.733,1.733,1.718,1.719,9926.4
2026-08-27 01:00:00+00:00,1.719,1.726,1.715,1.721,9655.9
2026-08-27 02:00:00+00:00,1.721,1.723,1.714,1.714,18364.2
2026-08-27 03:00:00+00:00,1.714,1.722,1.714,1.717,11866.1
2026-08-27 04:00:00+00:00,1.717,1.721,1.713,1.715,6103.5
2026-08-27 05:00:00+00:00,1.715,1.725,1.712,1.725,6420.2
2026-08-27 06:00:00+00:00,1.725,1.725,1.717,1.725,9549.4
2026-08-27 07:00:00+00:00,1.725,1.729,1.722,1.729,6633.3
2026-08-27 08:00:00+00:00,1.729,1.749,1.729,1.74,44066.6
2026-08-27 09:00:00+00:00,1.74,1.76,1.736,1.745,27247.2
2026-08-27 10:00:00+00:00,1.745,1.748,1.725,1.73,15660.6
2026-08-27 11:00:00+00:00,1.73,1.737,1.726,1.731,36196.4
2026-08-27 12:00:00+00:00,1.731,1.732,1.724,1.725,42385.0
2026-08-27 13:00:00+00:00,1.725,1.735,1.724,1.735,15705.8
2026-08-27 14:00:00+00:00,1.735,1.752,1.727,1.746,12077.5
2026-08-27 15:00:00+00:00,1.746,1.753,1.745,1.749,12703.5
2026-08-27 16:00:00+00:00,1.749,1.768,1.749,1.759,26161.7
2026-08-27 17:00:00+00:00,1.759,1.763,1.755,1.756,10868.3
2026-08-27 18:00:00+00:00,1.756,1.76,1.745,1.752,17353.7
2026-08-27 19:00:00+00:00,1.752,1.764,1.752,1.757,5445.7
2026-08-27 20:00:00+00:00,1.757,1.759,1.753,1.758,8162.2
2026-08-27 21:00:00+00:00,1.758,1.762,1.755,1.758,3507.7
2026-08-27 22:00:00+00:00,1.758,1.769,1.758,1.769,4326.2
2026-08-27 23:00:00+00:00,1.769,1.769,1.759,1.761,8641.8
2026-08-28 00:00:00+00:00,1.761,1.771,1.76,1.765,11571.4
2026-08-28 01:00:00+00:00,1.765,1.781,1.763,1.763,9115.4
2026-08-28 02:00:00+00:00,1.763,1.764,1.736,1.74,25647.2
2026-08-28 03:00:00+00:00,1.74,1.746,1.735,1.742,19877.2
2026-08-28 04:00:00+00:00,1.742,1.747,1.737,1.743,24382.4
2026-08-28 05:00:00+00:00,1.743,1.751,1.739,1.749,12091.5
2026-08-28 06:00:00+00:00,1.749,1.757,1.749,1.755,12762.6
2026-08-28 07:00:00+00:00,1.755,1.755,1.739,1.739,12132.8
2026-08-28 08:00:00+00:00,1.739,1.747,1.735,1.735,27281.3
2026-08-28 09:00:00+00:00,1.735,1.736,1.728,1.731,14855.0
2026-08-28 10:00:00+00:00,1.731,1.743,1.729,1.743,7042.9
2026-08-28 11:00:00+00:00,1.743,1.747,1.735,1.735,7520.6
2026-08-28 12:00:00+00:00,1.735,1.744,1.734,1.739,8594.9
2026-08-28 13:00:00+00:00,1.739,1.744,1.732,1.736,8914.2
2026-08-28 14:00:00+00:00,1.736,1.744,1.705,1.731,37834.0
2026-08-28 15:00:00+00:00,1.731,1.734,1.704,1.704,14393.2
2026-08-28 16:00:00+00:00,1.704,1.707,1.672,1.697,57785.4
2026-08-28 17:00:00+00:00,1.697,1.709,1.694,1.705,22872.5
2026-08-28 18:00:00+00:00,1.705,1.709,1.69,1.699,15499.5
2026-08-28 19:00:00+00:00,1.699,1.703,1.695,1.697,3523.5
2026-08-28 20:00:00+00:00,1.697,1.703,1.697,1.699,4100.2
2026-08-28 21:00:00+00:00,1.699,1.702,1.694,1.697,5343.7
2026-08-28 22:00:00+00:00,1.697,1.71,1.697,1.709,2368.9
2026-08-28 23:00:00+00:00,1.709,1.714,1.708,1.713,2596.4
2026-08-29 00:00:00+00:00,1.713,1.718,1.71,1.711,6252.0
2026-08-29 01:00:00+00:00,1.711,1.713,1.707,1.711,4825.5
2026-08-29 02:00:00+00:00,1.711,1.712,1.706,1.708,4575.0
2026-08-29 03:00:00+00:00,1.708,1.71,1.703,1.704,8116.8
2026-08-29 04:00:00+00:00,1.704,1.711,1.703,1.711,20616.6
2026-08-29 05:00:00+00:00,1.711,1.717,1.708,1.712,15810.5
2026-08-29 06:00:00+00:00,1.712,1.712,1.701,1.704,4433.7
2026-08-29 07:00:00+00:00,1.704,1.709,1.704,1.707,3587.6
2026-08-29 08:00:00+00:00,1.707,1.707,1.698,1.702,16962.0
2026-08-29 09:00:00+00:00,1.702,1.709,1.702,1.708,2953.8
2026-08-29 10:00:00+00:00,1.708,1.713,1.706,1.711,6401.6
2026-08-29 11:00:00+00:00,1.711,1.711,1.7,1.7,9255.8
2026-08-29 12:00:00+00:00,1.7,1.705,1.7,1.705,4122.7
2026-08-29 13:00:00+00:00,1.705,1.708,1.704,1.708,3664.3
2026-08-29 14:00:00+00:00,1.708,1.73,1.708,1.73,15850.0
2026-08-29 15:00:00+00:00,1.73,1.73,1.717,1.723,11890.7
2026-08-29 16:00:00+00:00,1.723,1.728,1.718,1.721,7516.5
2026-08-29 17:00:00+00:00,1.721,1.723,1.712,1.715,3509.6
2026-08-29 18:00:00+00:00,1.715,1.723,1.714,1.719,5623.3
2026-08-29 19:00:00+00:00,1.719,1.725,1.719,1.72,4005.0
2026-08-29 20:00:00+00:00,1.72,1.725,1.72,1.72,8070.7
2026-08-29 21:00:00+00:00,1.72,1.723,1.719,1.72,10733.3
2026-08-29 22:00:00+00:00,1.72,1.72,1.715,1.718,1998.2
2026-08-29 23:00:00+00:00,1.718,1.72,1.717,1.718,4310.6
2026-08-30 00:00:00+00:00,1.718,1.72,1.715,1.717,3259.7
2026-08-30 01:00:00+00:00,1.717,1.717,1.71,1.713,7264.8
2026-08-30 02:00:00+00:00,1.713,1.724,1.713,1.721,2955.9
2026-08-30 03:00:00+00:00,1.721,1.735,1.719,1.735,11179.9
2026-08-30 04:00:00+00:00,1.735,1.738,1.728,1.732,30162.6
2026-08-30 05:00:00+00:00,1.732,1.753,1.731,1.743,50191.6
2026-08-30 06:00:00+00:00,1.743,1.748,1.739,1.747,25981.9
2026-08-30 07:00:00+00:00,1.747,1.747,1.74,1.74,6475.8
2026-08-30 08:00:00+00:00,1.74,1.75,1.74,1.75,18417.9
2026-08-30 09:00:00+00:00,1.75,1.753,1.741,1.746,33809.8
2026-08-30 10:00:00+00:00,1.746,1.748,1.741,1.748,9917.1
2026-08-30 11:00:00+00:00,1.748,1.777,1.748,1.77,221688.5
2026-08-30 12:00:00+00:00,1.77,1.814,1.77,1.812,240939.4
2026-08-30 13:00:00+00:00,1.812,1.859,1.81,1.853,283073.5
2026-08-30 14:00:00+00:00,1.853,1.86,1.838,1.857,216048.6
2026-08-30 15:00:00+00:00,1.857,1.892,1.84,1.886,314604.5
2026-08-30 16:00:00+00:00,1.886,1.918,1.877,1.891,238584.7
2026-08-30 17:00:00+00:00,1.891,1.898,1.86,1.865,188189.4
2026-08-30 18:00:00+00:00,1.865,1.877,1.857,1.865,59271.8
2026-08-30 19:00:00+00:00,1.865,1.877,1.857,1.86,44224.3
2026-08-30 20:00:00+00:00,1.86,1.865,1.83,1.849,137544.3
2026-08-30 21:00:00+00:00,1.849,1.856,1.834,1.845,78003.7
2026-08-30 22:00:00+00:00,1.845,1.855,1.824,1.842,75817.7
2026-08-30 23:00:00+00:00,1.842,1.846,1.783,1.809,212697.7
2026-08-31 00:00:00+00:00,1.809,1.831,1.8,1.819,115494.5
2026-08-31 01:00:00+00:00,1.819,1.825,1.804,1.807,70135.5
2026-08-31 02:00:00+00:00,1.807,1.822,1.79,1.799,89799.4
2026-08-31 03:00:00+00:00,1.799,1.811,1.796,1.809,38413.9
2026-08-31 04:00:00+00:00,1.809,1.81,1.795,1.806,36849.9
2026-08-31 05:00:00+00:00,1.806,1.825,1.804,1.823,47080.8
2026-08-31 06:00:00+00:00,1.823,1.835,1.821,1.835,71744.8
2026-08-31 07:00:00+00:00,1.835,1.862,1.833,1.857,75952.6
2026-08-31 08:00:00+00:00,1.857,1.869,1.848,1.86,84287.0
2026-08-31 09:00:00+00:00,1.86,1.869,1.856,1.859,33435.4
2026-08-31 10:00:00+00:00,1.859,1.888,1.85,1.887,50945.6
2026-08-31 11:00:00+00:00,1.887,1.895,1.862,1.868,86264.1
2026-08-31 12:00:00+00:00,1.868,1.878,1.852,1.857,100955.8
2026-08-31 13:00:00+00:00,1.857,1.863,1.843,1.844,35821.3
2026-08-31 14:00:00+00:00,1.844,1.863,1.835,1.862,76693.1
2026-08-31 15:00:00+00:00,1.862,1.863,1.848,1.853,25097.8
2026-08-31 16:00:00+00:00,1.853,1.86,1.844,1.854,63241.4
2026-08-31 17:00:00+00:00,1.854,1.884,1.85,1.879,117383.3
2026-08-31 18:00:00+00:00,1.879,1.881,1.863,1.865,58391.4
2026-08-31 19:00:00+00:00,1.865,1.873,1.86,1.863,43831.2
2026-08-31 20:00:00+00:00,1.863,1.868,1.856,1.859,17237.5
2026-08-31 21:00:00+00:00,1.859,1.867,1.855,1.86,13601.8
2026-08-31 22:00:00+00:00,1.86,1.862,1.85,1.856,8321.7
2026-08-31 23:00:00+00:00,1.856,1.865,1.854,1.865,11488.4
2026-09-01 00:00:00+00:00,1.865,1.874,1.859,1.86,24289.3
2026-09-01 01:00:00+00:00,1.86,1.862,1.848,1.852,34554.7
2026-09-01 02:00:00+00:00,1.852,1.855,1.839,1.855,29592.6
2026-09-01 03:00:00+00:00,1.855,1.872,1.855,1.861,20910.1
2026-09-01 04:00:00+00:00,1.861,1.866,1.857,1.857,12253.1
2026-09-01 05:00:00+00:00,1.857,1.876,1.857,1.875,15772.5
2026-09-01 06:00:00+00:00,1.875,1.876,1.861,1.864,40538.1
2026-09-01 07:00:00+00:00,1.864,1.902,1.864,1.901,45613.0
2026-09-01 08:00:00+00:00,1.901,1.905,1.854,1.862,106701.9
2026-09-01 09:00:00+00:00,1.862,1.863,1.841,1.841,66783.0
2026-09-01 10:00:00+00:00,1.841,1.841,1.824,1.834,117276.0
2026-09-01 11:00:00+00:00,1.834,1.847,1.83,1.843,19171.0
2026-09-01 12:00:00+00:00,1.843,1.843,1.826,1.833,36514.1
2026-09-01 13:00:00+00:00,1.833,1.84,1.82,1.833,125753.7
2026-09-01 14:00:00+00:00,1.833,1.846,1.83,1.838,27796.8
2026-09-01 15:00:00+00:00,1.838,1.84,1.83,1.835,19477.8
2026-09-01 16:00:00+00:00,1.835,1.837,1.81,1.818,33267.8
2026-09-01 17:00:00+00:00,1.818,1.831,1.812,1.816,24071.2
2026-09-01 18:00:00+00:00,1.816,1.818,1.793,1.807,99405.2
2026-09-01 19:00:00+00:00,1.807,1.81,1.79,1.796,50743.3
2026-09-01 20:00:00+00:00,1.796,1.802,1.79,1.802,12732.3
2026-09-01 21:00:00+00:00,1.802,1.807,1.79,1.806,20464.8
2026-09-01 22:00:00+00:00,1.806,1.808,1.796,1.804,16072.9
2026-09-01 23:00:00+00:00,1.804,1.813,1.799,1.81,18594.6
2026-09-02 00:00:00+00:00,1.81,1.814,1.805,1.808,14775.2
2026-09-02 01:00:00+00:00,1.808,1.809,1.795,1.804,17543.4
2026-09-02 02:00:00+00:00,1.804,1.823,1.8,1.821,15538.9
2026-09-02 03:00:00+00:00,1.821,1.843,1.821,1.843,18625.6
2026-09-02 04:00:00+00:00,1.843,1.85,1.831,1.846,25244.7
2026-09-02 05:00:00+00:00,1.846,1.847,1.832,1.838,19290.4
2026-09-02 06:00:00+00:00,1.838,1.846,1.829,1.834,13831.1
2026-09-02 07:00:00+00:00,1.834,1.836,1.824,1.827,26835.6
2026-09-02 08:00:00+00:00,1.827,1.83,1.809,1.811,27489.1
2026-09-02 09:00:00+00:00,1.811,1.819,1.797,1.799,21629.1
2026-09-02 10:00:00+00:00,1.799,1.8,1.783,1.789,22902.4
2026-09-02 11:00:00+00:00,1.789,1.794,1.78,1.791,20095.0
2026-09-02 12:00:00+00:00,1.791,1.795,1.783,1.784,21712.2
2026-09-02 13:00:00+00:00,1.784,1.809,1.783,1.805,13611.1
2026-09-02 14:00:00+00:00,1.805,1.81,1.797,1.797,8607.2
2026-09-02 15:00:00+00:00,1.797,1.81,1.793,1.809,13596.2
2026-09-02 16:00:00+00:00,1.809,1.811,1.806,1.806,7099.1
2026-09-02 17:00:00+00:00,1.806,1.806,1.793,1.803,8355.0
2026-09-02 18:00:00+00:00,1.803,1.805,1.799,1.802,4666.1
2026-09-02 19:00:00+00:00,1.802,1.807,1.795,1.799,3013.9
2026-09-02 20:00:00+00:00,1.799,1.811,1.797,1.81,27000.7
2026-09-02 21:00:00+00:00,1.81,1.819,1.806,1.815,25357.7
2026-09-02 22:00:00+00:00,1.815,1.82,1.809,1.815,15808.4
2026-09-02 23:00:00+00:00,1.815,1.823,1.815,1.823,15755.7
2026-09-03 00:00:00+00:00,1.823,1.824,1.814,1.818,15149.9
2026-09-03 01:00:00+00:00,1.818,1.837,1.812,1.828,14117.7
2026-09-03 02:00:00+00:00,1.828,1.84,1.823,1.838,10073.7
2026-09-03 03:00:00+00:00,1.838,1.84,1.83,1.833,3487.2
2026-09-03 04:00:00+00:00,1.833,1.846,1.832,1.842,7811.0
2026-09-03 05:00:00+00:00,1.842,1.843,1.821,1.838,22489.7
2026-09-03 06:00:00+00:00,1.838,1.87,1.834,1.86,58595.5
2026-09-03 07:00:00+00:00,1.86,1.886,1.85,1.876,77368.9
2026-09-03 08:00:00+00:00,1.876,1.973,1.875,1.972,301952.6
2026-09-03 09:00:00+00:00,1.972,1.994,1.95,1.952,198370.6
2026-09-03 10:00:00+00:00,1.952,1.985,1.95,1.983,103030.2
2026-09-03 11:00:00+00:00,1.983,1.996,1.966,1.982,71986.6
2026-09-03 12:00:00+00:00,1.982,1.996,1.972,1.981,75713.5
2026-09-03 13:00:00+00:00,1.981,1.983,1.955,1.968,67801.0
2026-09-03 14:00:00+00:00,1.968,1.993,1.953,1.983,164236.0
2026-09-03 15:00:00+00:00,1.983,2.003,1.98,2.001,177297.8
2026-09-03 16:00:00+00:00,2.001,2.005,1.973,1.979,114742.5
2026-09-03 17:00:00+00:00,1.979,1.995,1.978,1.99,32664.9
2026-09-03 18:00:00+00:00,1.99,1.993,1.981,1.992,32994.0
2026-09-03 19:00:00+00:00,1.992,2.007,1.99,2.004,14556.7
