timestamp,open,high,low,close,volume
2025-08-30 08:00:00+00:00,2.455,2.455,2.434,2.446,1559310.0
2025-08-30 12:00:00+00:00,2.446,2.446,2.404,2.442,2203991.7
2025-08-30 16:00:00+00:00,2.442,2.442,2.415,2.428,882947.7
2025-08-30 20:00:00+00:00,2.428,2.439,2.412,2.434,866095.5
2025-08-31 00:00:00+00:00,2.434,2.481,2.433,2.479,2026566.3
2025-08-31 04:00:00+00:00,2.479,2.481,2.437,2.439,1379071.3
2025-08-31 08:00:00+00:00,2.439,2.459,2.424,2.442,1587078.8
2025-08-31 12:00:00+00:00,2.442,2.446,2.418,2.44,1497680.7
2025-08-31 16:00:00+00:00,2.44,2.44,2.416,2.418,1712082.6
2025-08-31 20:00:00+00:00,2.418,2.427,2.363,2.365,2525524.7
2025-09-01 00:00:00+00:00,2.365,2.369,2.326,2.342,4266529.2
2025-09-01 04:00:00+00:00,2.342,2.411,2.317,2.41,3118261.8
2025-09-01 08:00:00+00:00,2.41,2.452,2.373,2.378,5084098.6
2025-09-01 12:00:00+00:00,2.378,2.395,2.348,2.352,3357252.7
2025-09-01 16:00:00+00:00,2.352,2.367,2.331,2.366,2040503.3
2025-09-01 20:00:00+00:00,2.366,2.367,2.276,2.339,5746376.2
2025-09-02 00:00:00+00:00,2.339,2.383,2.322,2.38,2134658.7
2025-09-02 04:00:00+00:00,2.38,2.384,2.353,2.358,1460816.4
2025-09-02 08:00:00+00:00,2.358,2.38,2.354,2.364,1986078.8
2025-09-02 12:00:00+00:00,2.364,2.413,2.316,2.349,5141354.8
2025-09-02 16:00:00+00:00,2.349,2.398,2.349,2.376,2032304.3
2025-09-02 20:00:00+00:00,2.376,2.44,2.372,2.437,1963128.4
2025-09-03 00:00:00+00:00,2.437,2.471,2.428,2.445,2077217.0
2025-09-03 04:00:00+00:00,2.445,2.45,2.419,2.428,1334248.4
2025-09-03 08:00:00+00:00,2.428,2.459,2.426,2.455,1813690.3
2025-09-03 12:00:00+00:00,2.455,2.483,2.44,2.476,2876573.6
2025-09-03 16:00:00+00:00,2.476,2.488,2.461,2.488,1391114.3
2025-09-03 20:00:00+00:00,2.488,2.493,2.465,2.468,1077203.5
2025-09-04 00:00:00+00:00,2.468,2.476,2.437,2.441,1261607.8
2025-09-04 04:00:00+00:00,2.441,2.45,2.4,2.408,2571444.1
2025-09-04 08:00:00+00:00,2.408,2.421,2.395,2.405,1525897.2
2025-09-04 12:00:00+00:00,2.405,2.425,2.371,2.377,3183184.5
2025-09-04 16:00:00+00:00,2.377,2.388,2.357,2.364,2354072.5
2025-09-04 20:00:00+00:00,2.364,2.403,2.362,2.375,1712869.0
2025-09-05 00:00:00+00:00,2.375,2.394,2.365,2.394,1466409.9
2025-09-05 04:00:00+00:00,2.394,2.432,2.379,2.428,1845058.0
2025-09-05 08:00:00+00:00,2.428,2.438,2.397,2.432,4261125.3
2025-09-05 12:00:00+00:00,2.432,2.477,2.377,2.394,12120860.0
2025-09-05 16:00:00+00:00,2.394,2.41,2.371,2.409,2073330.1
2025-09-05 20:00:00+00:00,2.409,2.418,2.383,2.397,2129422.7
2025-09-06 00:00:00+00:00,2.397,2.409,2.386,2.401,654708.3
2025-09-06 04:00:00+00:00,2.401,2.401,2.383,2.39,929005.1
2025-09-06 08:00:00+00:00,2.39,2.393,2.373,2.391,933631.4
2025-09-06 12:00:00+00:00,2.391,2.406,2.384,2.386,1286693.5
2025-09-06 16:00:00+00:00,2.386,2.407,2.374,2.376,2026441.7
2025-09-06 20:00:00+00:00,2.376,2.41,2.376,2.4,1164750.4
2025-09-07 00:00:00+00:00,2.4,2.44,2.399,2.431,915545.9
2025-09-07 04:00:00+00:00,2.431,2.457,2.43,2.435,1295445.8
2025-09-07 08:00:00+00:00,2.435,2.449,2.429,2.441,890229.8
2025-09-07 12:00:00+00:00,2.441,2.488,2.435,2.475,2421200.7
2025-09-07 16:00:00+00:00,2.475,2.481,2.444,2.457,1240703.7
2025-09-07 20:00:00+00:00,2.457,2.477,2.45,2.464,1116962.2
2025-09-08 00:00:00+00:00,2.464,2.513,2.452,2.495,2025817.9
2025-09-08 04:00:00+00:00,2.495,2.51,2.478,2.489,2248779.4
2025-09-08 08:00:00+00:00,2.489,2.537,2.488,2.506,3106595.0
2025-09-08 12:00:00+00:00,2.506,2.573,2.5,2.566,4742824.7
2025-09-08 16:00:00+00:00,2.566,2.574,2.543,2.553,2412872.8
2025-09-08 20:00:00+00:00,2.553,2.597,2.536,2.577,2106063.7
2025-09-09 00:00:00+00:00,2.577,2.63,2.576,2.62,4189563.6
2025-09-09 04:00:00+00:00,2.62,2.709,2.607,2.69,5605863.9
2025-09-09 08:00:00+00:00,2.69,2.796,2.682,2.734,7657361.7
2025-09-09 12:00:00+00:00,2.734,2.763,2.644,2.658,9580923.6
2025-09-09 16:00:00+00:00,2.658,2.667,2.633,2.653,2465938.8
2025-09-09 20:00:00+00:00,2.653,2.659,2.628,2.633,1905021.4
2025-09-10 00:00:00+00:00,2.633,2.694,2.617,2.676,3853023.3
2025-09-10 04:00:00+00:00,2.676,2.677,2.642,2.66,2547322.1
2025-09-10 08:00:00+00:00,2.66,2.68,2.642,2.653,2268500.9
2025-09-10 12:00:00+00:00,2.653,2.732,2.652,2.702,5893850.8
2025-09-10 16:00:00+00:00,2.702,2.717,2.657,2.67,2660584.1
2025-09-10 20:00:00+00:00,2.67,2.732,2.669,2.726,1768176.2
2025-09-11 00:00:00+00:00,2.726,2.772,2.722,2.742,2665399.3
2025-09-11 04:00:00+00:00,2.742,2.747,2.706,2.736,1995366.4
2025-09-11 08:00:00+00:00,2.736,2.741,2.704,2.707,1275933.4
2025-09-11 12:00:00+00:00,2.707,2.75,2.672,2.69,6997936.6
2025-09-11 16:00:00+00:00,2.69,2.722,2.69,2.717,1378466.2
2025-09-11 20:00:00+00:00,2.717,2.754,2.713,2.744,1379407.4
2025-09-12 00:00:00+00:00,2.744,2.775,2.724,2.738,2895753.3
2025-09-12 04:00:00+00:00,2.738,2.781,2.729,2.744,2596540.7
2025-09-12 08:00:00+00:00,2.744,2.745,2.695,2.7,2568835.0
2025-09-12 12:00:00+00:00,2.7,2.747,2.686,2.721,3102023.7
2025-09-12 16:00:00+00:00,2.721,2.805,2.718,2.802,2306266.9
2025-09-12 20:00:00+00:00,2.802,2.813,2.77,2.791,2971680.1
2025-09-13 00:00:00+00:00,2.791,2.811,2.778,2.807,1748333.5
2025-09-13 04:00:00+00:00,2.807,2.846,2.794,2.818,3536465.0
2025-09-13 08:00:00+00:00,2.818,2.886,2.814,2.883,3013344.6
2025-09-13 12:00:00+00:00,2.883,2.89,2.794,2.82,5722593.6
2025-09-13 16:00:00+00:00,2.82,2.83,2.768,2.802,3511131.6
2025-09-13 20:00:00+00:00,2.802,2.822,2.799,2.811,1323336.9
2025-09-14 00:00:00+00:00,2.811,2.818,2.755,2.759,1997813.3
2025-09-14 04:00:00+00:00,2.759,2.787,2.732,2.756,2156693.4
2025-09-14 08:00:00+00:00,2.756,2.765,2.705,2.711,2236647.6
2025-09-14 12:00:00+00:00,2.711,2.726,2.672,2.687,3695750.1
2025-09-14 16:00:00+00:00,2.687,2.727,2.681,2.704,1648065.6
2025-09-14 20:00:00+00:00,2.704,2.741,2.69,2.705,1484056.3
2025-09-15 00:00:00+00:00,2.705,2.735,2.672,2.731,2189378.9
2025-09-15 04:00:00+00:00,2.731,2.776,2.663,2.672,4624378.5
2025-09-15 08:00:00+00:00,2.672,2.672,2.595,2.628,9917361.0
2025-09-15 12:00:00+00:00,2.628,2.644,2.584,2.602,3365642.8
2025-09-15 16:00:00+00:00,2.602,2.625,2.575,2.618,2249806.6
2025-09-15 20:00:00+00:00,2.618,2.633,2.614,2.626,1061171.3
2025-09-16 00:00:00+00:00,2.626,2.633,2.599,2.6,1231120.3
2025-09-16 04:00:00+00:00,2.6,2.676,2.577,2.662,3882439.3
2025-09-16 08:00:00+00:00,2.662,2.701,2.66,2.696,3129412.8
2025-09-16 12:00:00+00:00,2.696,2.729,2.662,2.712,6603483.8
2025-09-16 16:00:00+00:00,2.712,2.736,2.693,2.703,3024976.5
2025-09-16 20:00:00+00:00,2.703,2.723,2.696,2.706,1182138.9
2025-09-17 00:00:00+00:00,2.706,2.729,2.684,2.7,1816480.2
2025-09-17 04:00:00+00:00,2.7,2.749,2.678,2.747,2615291.0
2025-09-17 08:00:00+00:00,2.747,2.768,2.701,2.705,5853895.0
2025-09-17 12:00:00+00:00,2.705,2.716,2.662,2.665,2722596.3
2025-09-17 16:00:00+00:00,2.665,2.776,2.647,2.772,12356538.6
2025-09-17 20:00:00+00:00,2.772,2.835,2.724,2.823,6105654.8
2025-09-18 00:00:00+00:00,2.823,2.896,2.803,2.881,5381181.5
2025-09-18 04:00:00+00:00,2.881,2.928,2.864,2.903,4416483.7
2025-09-18 08:00:00+00:00,2.903,2.947,2.896,2.913,3841228.4
2025-09-18 12:00:00+00:00,2.913,3.004,2.899,2.995,5679257.3
2025-09-18 16:00:00+00:00,2.995,3.224,2.973,3.202,17139948.1
2025-09-18 20:00:00+00:00,3.202,3.268,3.136,3.176,13828394.6
2025-09-19 00:00:00+00:00,3.176,3.276,3.176,3.192,11012595.6
2025-09-19 04:00:00+00:00,3.192,3.249,3.141,3.207,9150342.5
2025-09-19 08:00:00+00:00,3.207,3.338,3.147,3.161,19669090.8
2025-09-19 12:00:00+00:00,3.161,3.215,3.119,3.146,11009075.2
2025-09-19 16:00:00+00:00,3.146,3.178,3.09,3.117,6276040.9
2025-09-19 20:00:00+00:00,3.117,3.177,3.105,3.118,3911984.1
2025-09-20 00:00:00+00:00,3.118,3.164,3.047,3.099,8563531.6
2025-09-20 04:00:00+00:00,3.099,3.142,3.098,3.134,3667762.4
2025-09-20 08:00:00+00:00,3.134,3.14,3.063,3.079,3291499.3
2025-09-20 12:00:00+00:00,3.079,3.281,3.069,3.173,8177782.7
2025-09-20 16:00:00+00:00,3.173,3.203,3.143,3.159,4537145.5
2025-09-20 20:00:00+00:00,3.159,3.2,3.141,3.154,2664693.8
2025-09-21 00:00:00+00:00,3.154,3.156,3.107,3.123,2544752.5
2025-09-21 04:00:00+00:00,3.123,3.147,3.105,3.138,1957284.2
2025-09-21 08:00:00+00:00,3.138,3.158,3.088,3.093,3737621.7
2025-09-21 12:00:00+00:00,3.093,3.131,3.09,3.099,1936919.6
2025-09-21 16:00:00+00:00,3.099,3.157,3.068,3.156,4113945.7
2025-09-21 20:00:00+00:00,3.156,3.169,3.12,3.128,1965847.7
2025-09-22 00:00:00+00:00,3.128,3.16,2.955,2.985,14088282.9
2025-09-22 04:00:00+00:00,2.985,2.991,2.736,2.842,19299221.5
2025-09-22 08:00:00+00:00,2.842,2.908,2.814,2.874,5320841.9
2025-09-22 12:00:00+00:00,2.874,2.947,2.86,2.889,5952762.3
2025-09-22 16:00:00+00:00,2.889,2.914,2.846,2.855,3246319.5
2025-09-22 20:00:00+00:00,2.855,2.995,2.852,2.96,3310231.5
2025-09-23 00:00:00+00:00,2.96,3.035,2.853,2.947,6444201.5
2025-09-23 04:00:00+00:00,2.947,3.121,2.879,3.086,11188584.8
2025-09-23 08:00:00+00:00,3.086,3.132,3.002,3.008,8406762.7
2025-09-23 12:00:00+00:00,3.008,3.07,2.991,3.045,6397006.0
2025-09-23 16:00:00+00:00,3.045,3.056,2.931,2.938,5238589.5
2025-09-23 20:00:00+00:00,2.938,2.997,2.909,2.917,3001112.8
2025-09-24 00:00:00+00:00,2.917,2.989,2.904,2.906,3763300.7
2025-09-24 04:00:00+00:00,2.906,3.025,2.864,2.987,7135860.8
2025-09-24 08:00:00+00:00,2.987,3.055,2.985,3.024,4940780.6
2025-09-24 12:00:00+00:00,3.024,3.098,3.006,3.071,7248555.3
2025-09-24 16:00:00+00:00,3.071,3.116,3.048,3.064,3803052.0
2025-09-24 20:00:00+00:00,3.064,3.072,3.014,3.019,3922571.2
2025-09-25 00:00:00+00:00,3.019,3.034,2.907,2.928,6361099.4
2025-09-25 04:00:00+00:00,2.928,2.935,2.847,2.861,9016631.3
2025-09-25 08:00:00+00:00,2.861,2.908,2.823,2.833,6560805.8
2025-09-25 12:00:00+00:00,2.833,2.918,2.786,2.866,11251804.3
2025-09-25 16:00:00+00:00,2.866,2.872,2.769,2.814,11774884.2
2025-09-25 20:00:00+00:00,2.814,2.817,2.702,2.726,6337339.4
2025-09-26 00:00:00+00:00,2.726,2.763,2.692,2.754,4843607.5
2025-09-26 04:00:00+00:00,2.754,2.764,2.642,2.699,8213875.6
2025-09-26 08:00:00+00:00,2.699,2.719,2.649,2.66,4012260.9
2025-09-26 12:00:00+00:00,2.66,2.738,2.618,2.735,11504482.2
2025-09-26 16:00:00+00:00,2.735,2.796,2.716,2.732,5515492.2
2025-09-26 20:00:00+00:00,2.732,2.789,2.727,2.774,1919527.3
2025-09-27 00:00:00+00:00,2.774,2.775,2.74,2.745,1092720.5
2025-09-27 04:00:00+00:00,2.745,2.755,2.705,2.712,1657669.1
2025-09-27 08:00:00+00:00,2.712,2.715,2.687,2.705,1642757.6
2025-09-27 12:00:00+00:00,2.705,2.742,2.697,2.739,2368888.2
2025-09-27 16:00:00+00:00,2.739,2.741,2.683,2.712,1589264.8
2025-09-27 20:00:00+00:00,2.712,2.756,2.703,2.726,1095701.0
2025-09-28 00:00:00+00:00,2.726,2.735,2.677,2.689,1747157.1
2025-09-28 04:00:00+00:00,2.689,2.699,2.656,2.68,1512040.4
2025-09-28 08:00:00+00:00,2.68,2.694,2.657,2.672,2123078.7
2025-09-28 12:00:00+00:00,2.672,2.716,2.646,2.699,3065685.8
2025-09-28 16:00:00+00:00,2.699,2.728,2.696,2.717,3308299.6
2025-09-28 20:00:00+00:00,2.717,2.814,2.713,2.798,3325950.2
2025-09-29 00:00:00+00:00,2.798,2.832,2.781,2.808,2149327.8
2025-09-29 04:00:00+00:00,2.808,2.809,2.737,2.757,4686962.4
2025-09-29 08:00:00+00:00,2.757,2.802,2.726,2.747,3803275.0
2025-09-29 12:00:00+00:00,2.747,2.826,2.689,2.785,7104031.3
2025-09-29 16:00:00+00:00,2.785,2.804,2.736,2.784,3311511.5
2025-09-29 20:00:00+00:00,2.784,2.822,2.771,2.773,2586093.8
2025-09-30 00:00:00+00:00,2.773,2.787,2.714,2.72,4011231.7
2025-09-30 04:00:00+00:00,2.72,2.726,2.661,2.673,4832577.7
2025-09-30 08:00:00+00:00,2.673,2.678,2.626,2.651,3646156.4
2025-09-30 12:00:00+00:00,2.651,2.655,2.566,2.59,7459106.7
2025-09-30 16:00:00+00:00,2.59,2.633,2.56,2.623,3932882.7
2025-09-30 20:00:00+00:00,2.623,2.649,2.596,2.627,3849110.6
2025-10-01 00:00:00+00:00,2.627,2.682,2.614,2.622,3166437.7
2025-10-01 04:00:00+00:00,2.622,2.677,2.618,2.659,3178245.7
2025-10-01 08:00:00+00:00,2.659,2.826,2.652,2.804,11299563.1
2025-10-01 12:00:00+00:00,2.804,2.846,2.774,2.841,4667717.1
2025-10-01 16:00:00+00:00,2.841,2.875,2.819,2.84,5807977.7
2025-10-01 20:00:00+00:00,2.84,2.842,2.802,2.83,3391544.1
2025-10-02 00:00:00+00:00,2.83,2.909,2.829,2.899,4505018.4
2025-10-02 04:00:00+00:00,2.899,2.93,2.876,2.878,4828308.2
2025-10-02 08:00:00+00:00,2.878,2.916,2.872,2.891,3236761.8
2025-10-02 12:00:00+00:00,2.891,2.903,2.819,2.88,6051076.8
2025-10-02 16:00:00+00:00,2.88,2.958,2.876,2.948,5057189.7
2025-10-02 20:00:00+00:00,2.948,2.987,2.932,2.967,3719217.5
2025-10-03 00:00:00+00:00,2.967,2.981,2.901,2.919,4215460.6
2025-10-03 04:00:00+00:00,2.919,2.954,2.89,2.913,3200923.9
2025-10-03 08:00:00+00:00,2.913,2.951,2.885,2.919,2893705.6
2025-10-03 12:00:00+00:00,2.919,3.02,2.902,3.017,5335697.7
2025-10-03 16:00:00+00:00,3.017,3.083,2.97,3.036,11670536.1
2025-10-03 20:00:00+00:00,3.036,3.056,3.019,3.03,2246355.1
2025-10-04 00:00:00+00:00,3.03,3.042,2.971,2.98,2406435.7
2025-10-04 04:00:00+00:00,2.98,3.013,2.961,2.977,3067747.6
2025-10-04 08:00:00+00:00,2.977,2.983,2.922,2.933,4531272.8
2025-10-04 12:00:00+00:00,2.933,2.971,2.879,2.89,5012693.0
2025-10-04 16:00:00+00:00,2.89,2.918,2.876,2.916,1776432.8
2025-10-04 20:00:00+00:00,2.916,2.975,2.916,2.96,2704707.1
2025-10-05 00:00:00+00:00,2.96,3.064,2.931,3.008,4931118.4
2025-10-05 04:00:00+00:00,3.008,3.163,3.002,3.158,8366836.7
2025-10-05 08:00:00+00:00,3.158,3.181,3.039,3.061,8856337.1
2025-10-05 12:00:00+00:00,3.061,3.063,3.003,3.029,4791574.0
2025-10-05 16:00:00+00:00,3.029,3.035,2.947,2.949,5105884.4
2025-10-05 20:00:00+00:00,2.949,2.979,2.939,2.956,2516174.6
2025-10-06 00:00:00+00:00,2.956,2.998,2.93,2.965,3737449.1
2025-10-06 04:00:00+00:00,2.965,2.977,2.929,2.95,2717955.4
2025-10-06 08:00:00+00:00,2.95,2.996,2.939,2.979,2989319.8
2025-10-06 12:00:00+00:00,2.979,3.076,2.973,3.06,7123946.2
2025-10-06 16:00:00+00:00,3.06,3.084,3.028,3.073,3457237.0
2025-10-06 20:00:00+00:00,3.073,3.086,3.04,3.049,2097950.8
2025-10-07 00:00:00+00:00,3.049,3.071,3.011,3.021,2773919.0
2025-10-07 04:00:00+00:00,3.021,3.059,2.976,2.996,7781894.0
2025-10-07 08:00:00+00:00,2.996,3.029,2.96,3.02,4732440.6
2025-10-07 12:00:00+00:00,3.02,3.073,2.901,2.921,13350390.6
2025-10-07 16:00:00+00:00,2.921,2.974,2.903,2.918,4575695.2
2025-10-07 20:00:00+00:00,2.918,2.981,2.917,2.946,3649835.2
2025-10-08 00:00:00+00:00,2.946,3.012,2.912,2.923,5202760.0
2025-10-08 04:00:00+00:00,2.923,2.96,2.897,2.954,4141294.7
2025-10-08 08:00:00+00:00,2.954,2.974,2.928,2.934,3201040.3
2025-10-08 12:00:00+00:00,2.934,2.98,2.904,2.911,5568510.1
2025-10-08 16:00:00+00:00,2.911,3.025,2.906,2.994,7534033.9
2025-10-08 20:00:00+00:00,2.994,3.004,2.953,2.962,2373428.0
2025-10-09 00:00:00+00:00,2.962,2.966,2.868,2.924,9558034.5
2025-10-09 04:00:00+00:00,2.924,2.951,2.879,2.883,5183029.2
2025-10-09 08:00:00+00:00,2.883,2.904,2.835,2.876,7602284.3
2025-10-09 12:00:00+00:00,2.876,2.931,2.826,2.838,6935321.8
2025-10-09 16:00:00+00:00,2.838,2.869,2.807,2.862,4343089.3
2025-10-09 20:00:00+00:00,2.862,2.911,2.848,2.88,2031348.8
2025-10-10 00:00:00+00:00,2.88,2.987,2.877,2.963,5804586.4
2025-10-10 04:00:00+00:00,2.963,3.12,2.963,2.981,13671897.7
2025-10-10 08:00:00+00:00,2.981,3.164,2.967,3.156,13833921.6
2025-10-10 12:00:00+00:00,3.156,3.227,3.007,3.05,23488801.6
2025-10-10 16:00:00+00:00,3.05,3.117,2.938,2.965,16836364.7
2025-10-10 20:00:00+00:00,2.965,2.989,1.452,2.383,76829291.2
2025-10-11 00:00:00+00:00,2.383,2.497,2.312,2.402,11629670.6
2025-10-11 04:00:00+00:00,2.402,2.488,2.385,2.458,10711134.9
2025-10-11 08:00:00+00:00,2.458,2.579,2.447,2.479,8044708.6
2025-10-11 12:00:00+00:00,2.479,2.483,2.375,2.393,8654114.1
2025-10-11 16:00:00+00:00,2.393,2.403,2.249,2.275,9025024.7
2025-10-11 20:00:00+00:00,2.275,2.306,2.183,2.298,10483004.1
2025-10-12 00:00:00+00:00,2.298,2.299,2.216,2.26,7433816.5
2025-10-12 04:00:00+00:00,2.26,2.343,2.255,2.324,5920532.6
2025-10-12 08:00:00+00:00,2.324,2.334,2.262,2.286,5005687.3
2025-10-12 12:00:00+00:00,2.286,2.445,2.233,2.432,22494916.1
2025-10-12 16:00:00+00:00,2.432,2.51,2.415,2.505,13477391.4
2025-10-12 20:00:00+00:00,2.505,2.52,2.427,2.454,7108659.2
2025-10-13 00:00:00+00:00,2.454,2.485,2.413,2.44,5416655.0
2025-10-13 04:00:00+00:00,2.44,2.526,2.418,2.487,5056654.2
2025-10-13 08:00:00+00:00,2.487,2.554,2.408,2.46,10758438.9
2025-10-13 12:00:00+00:00,2.46,2.571,2.443,2.534,12026379.1
2025-10-13 16:00:00+00:00,2.534,2.665,2.504,2.652,10121055.4
2025-10-13 20:00:00+00:00,2.652,2.68,2.606,2.617,4912795.7
2025-10-14 00:00:00+00:00,2.617,2.636,2.532,2.555,4440357.9
2025-10-14 04:00:00+00:00,2.555,2.569,2.37,2.407,11081153.5
2025-10-14 08:00:00+00:00,2.407,2.451,2.349,2.4,8595664.4
2025-10-14 12:00:00+00:00,2.4,2.467,2.335,2.463,10586388.5
2025-10-14 16:00:00+00:00,2.463,2.5,2.413,2.451,10950143.9
2025-10-14 20:00:00+00:00,2.451,2.478,2.432,2.459,3845137.0
2025-10-15 00:00:00+00:00,2.459,2.488,2.423,2.442,3770358.0
2025-10-15 04:00:00+00:00,2.442,2.476,2.426,2.473,3732930.8
2025-10-15 08:00:00+00:00,2.473,2.521,2.402,2.416,5864047.5
2025-10-15 12:00:00+00:00,2.416,2.425,2.328,2.344,11409219.1
2025-10-15 16:00:00+00:00,2.344,2.375,2.318,2.329,6790962.3
2025-10-15 20:00:00+00:00,2.329,2.341,2.289,2.324,4758297.7
2025-10-16 00:00:00+00:00,2.324,2.355,2.309,2.332,2486855.0
2025-10-16 04:00:00+00:00,2.332,2.356,2.312,2.319,2919318.4
2025-10-16 08:00:00+00:00,2.319,2.375,2.227,2.36,11536898.7
2025-10-16 12:00:00+00:00,2.36,2.378,2.238,2.248,11561480.8
2025-10-16 16:00:00+00:00,2.248,2.3,2.19,2.216,12252120.6
2025-10-16 20:00:00+00:00,2.216,2.228,2.18,2.198,5784026.2
2025-10-17 00:00:00+00:00,2.198,2.234,2.19,2.228,3926792.7
2025-10-17 04:00:00+00:00,2.228,2.233,2.085,2.093,11729660.4
2025-10-17 08:00:00+00:00,2.093,2.189,2.054,2.167,12696415.9
2025-10-17 12:00:00+00:00,2.167,2.181,2.108,2.17,9479367.9
2025-10-17 16:00:00+00:00,2.17,2.198,2.131,2.141,4753999.5
2025-10-17 20:00:00+00:00,2.141,2.174,2.133,2.148,2727373.2
2025-10-18 00:00:00+00:00,2.148,2.186,2.142,2.171,1786976.5
2025-10-18 04:00:00+00:00,2.171,2.183,2.136,2.151,2488707.8
2025-10-18 08:00:00+00:00,2.151,2.169,2.143,2.165,2722896.4
2025-10-18 12:00:00+00:00,2.165,2.173,2.12,2.132,3182800.4
2025-10-18 16:00:00+00:00,2.132,2.155,2.11,2.153,2372584.0
2025-10-18 20:00:00+00:00,2.153,2.174,2.146,2.165,1737595.3
2025-10-19 00:00:00+00:00,2.165,2.186,2.147,2.179,1926571.2
2025-10-19 04:00:00+00:00,2.179,2.185,2.152,2.162,1555627.3
2025-10-19 08:00:00+00:00,2.162,2.243,2.133,2.219,12404260.9
2025-10-19 12:00:00+00:00,2.219,2.285,2.202,2.263,8007036.5
2025-10-19 16:00:00+00:00,2.263,2.274,2.24,2.266,4146491.6
2025-10-19 20:00:00+00:00,2.266,2.299,2.251,2.256,2544915.7
2025-10-20 00:00:00+00:00,2.256,2.302,2.211,2.299,4299452.8
2025-10-20 04:00:00+00:00,2.299,2.337,2.284,2.31,4623132.9
2025-10-20 08:00:00+00:00,2.31,2.318,2.284,2.306,3251735.6
2025-10-20 12:00:00+00:00,2.306,2.332,2.293,2.293,4148576.8
2025-10-20 16:00:00+00:00,2.293,2.3,2.248,2.288,7104952.5
2025-10-20 20:00:00+00:00,2.288,2.301,2.253,2.257,2569751.6
2025-10-21 00:00:00+00:00,2.257,2.266,2.217,2.221,3496774.9
2025-10-21 04:00:00+00:00,2.221,2.224,2.162,2.195,6377059.2
2025-10-21 08:00:00+00:00,2.195,2.205,2.162,2.201,4563141.8
2025-10-21 12:00:00+00:00,2.201,2.364,2.197,2.346,15440491.5
2025-10-21 16:00:00+00:00,2.346,2.353,2.285,2.298,7853314.4
2025-10-21 20:00:00+00:00,2.298,2.302,2.211,2.217,7121136.0
2025-10-22 00:00:00+00:00,2.217,2.235,2.198,2.217,4358303.6
2025-10-22 04:00:00+00:00,2.217,2.244,2.187,2.213,3662599.1
2025-10-22 08:00:00+00:00,2.213,2.221,2.156,2.199,6921664.9
2025-10-22 12:00:00+00:00,2.199,2.241,2.177,2.209,11490069.1
2025-10-22 16:00:00+00:00,2.209,2.212,2.158,2.181,8401530.4
2025-10-22 20:00:00+00:00,2.181,2.186,2.093,2.162,9361011.7
2025-10-23 00:00:00+00:00,2.162,2.171,2.144,2.147,2161428.4
2025-10-23 04:00:00+00:00,2.147,2.197,2.142,2.191,3103182.5
2025-10-23 08:00:00+00:00,2.191,2.205,2.173,2.175,2816139.1
2025-10-23 12:00:00+00:00,2.175,2.213,2.153,2.197,7327862.3
2025-10-23 16:00:00+00:00,2.197,2.244,2.194,2.211,4239502.0
2025-10-23 20:00:00+00:00,2.211,2.212,2.17,2.2,4497885.8
2025-10-24 00:00:00+00:00,2.2,2.219,2.191,2.197,3180389.2
2025-10-24 04:00:00+00:00,2.197,2.266,2.192,2.245,4233946.1
2025-10-24 08:00:00+00:00,2.245,2.271,2.217,2.243,4051515.3
2025-10-24 12:00:00+00:00,2.243,2.305,2.206,2.215,11799318.6
2025-10-24 16:00:00+00:00,2.215,2.27,2.201,2.255,3207982.1
2025-10-24 20:00:00+00:00,2.255,2.276,2.253,2.272,1768677.4
2025-10-25 00:00:00+00:00,2.272,2.272,2.23,2.237,3476686.7
2025-10-25 04:00:00+00:00,2.237,2.249,2.222,2.224,2429060.1
2025-10-25 08:00:00+00:00,2.224,2.251,2.223,2.249,1799764.6
2025-10-25 12:00:00+00:00,2.249,2.281,2.248,2.271,3293961.7
2025-10-25 16:00:00+00:00,2.271,2.296,2.263,2.294,3266727.5
2025-10-25 20:00:00+00:00,2.294,2.298,2.271,2.277,1784965.9
2025-10-26 00:00:00+00:00,2.277,2.281,2.252,2.266,2826890.3
2025-10-26 04:00:00+00:00,2.266,2.308,2.263,2.301,2830974.3
2025-10-26 08:00:00+00:00,2.301,2.36,2.3,2.355,4473500.0
2025-10-26 12:00:00+00:00,2.355,2.367,2.333,2.36,2885747.0
2025-10-26 16:00:00+00:00,2.36,2.361,2.338,2.346,1481659.7
2025-10-26 20:00:00+00:00,2.346,2.394,2.323,2.368,5137878.1
2025-10-27 00:00:00+00:00,2.368,2.398,2.363,2.387,2798293.8
2025-10-27 04:00:00+00:00,2.387,2.416,2.375,2.394,3533380.0
2025-10-27 08:00:00+00:00,2.394,2.406,2.343,2.37,4843663.4
2025-10-27 12:00:00+00:00,2.37,2.372,2.307,2.356,7089985.2
2025-10-27 16:00:00+00:00,2.356,2.402,2.356,2.359,5147704.9
2025-10-27 20:00:00+00:00,2.359,2.362,2.314,2.331,3767386.7
2025-10-28 00:00:00+00:00,2.331,2.343,2.298,2.316,2651816.0
2025-10-28 04:00:00+00:00,2.316,2.361,2.302,2.327,4421591.0
2025-10-28 08:00:00+00:00,2.327,2.342,2.317,2.322,1618019.6
2025-10-28 12:00:00+00:00,2.322,2.382,2.275,2.321,9273876.2
2025-10-28 16:00:00+00:00,2.321,2.347,2.253,2.267,4867828.9
2025-10-28 20:00:00+00:00,2.267,2.267,2.198,2.232,8275980.0
2025-10-29 00:00:00+00:00,2.232,2.251,2.223,2.232,1754012.2
2025-10-29 04:00:00+00:00,2.232,2.253,2.23,2.246,1744967.4
2025-10-29 08:00:00+00:00,2.246,2.311,2.233,2.296,3717180.9
2025-10-29 12:00:00+00:00,2.296,2.324,2.25,2.27,4339923.7
2025-10-29 16:00:00+00:00,2.27,2.348,2.224,2.314,16363899.0
2025-10-29 20:00:00+00:00,2.314,2.34,2.263,2.274,4344988.6
2025-10-30 00:00:00+00:00,2.274,2.306,2.261,2.277,2701758.1
2025-10-30 04:00:00+00:00,2.277,2.277,2.191,2.262,8220850.1
2025-10-30 08:00:00+00:00,2.262,2.262,2.185,2.188,5931724.1
2025-10-30 12:00:00+00:00,2.188,2.193,2.085,2.092,10537026.8
2025-10-30 16:00:00+00:00,2.092,2.11,2.028,2.035,7241789.4
2025-10-30 20:00:00+00:00,2.035,2.1,2.027,2.098,5131078.9
2025-10-31 00:00:00+00:00,2.098,2.129,2.089,2.12,3620282.2
2025-10-31 04:00:00+00:00,2.12,2.14,2.097,2.107,2498539.8
2025-10-31 08:00:00+00:00,2.107,2.13,2.092,2.128,2519470.8
2025-10-31 12:00:00+00:00,2.128,2.158,2.101,2.137,4379769.0
2025-10-31 16:00:00+00:00,2.137,2.14,2.067,2.132,7653164.3
2025-10-31 20:00:00+00:00,2.132,2.135,2.093,2.096,3086355.0
2025-11-01 00:00:00+00:00,2.096,2.13,2.085,2.127,1570759.0
2025-11-01 04:00:00+00:00,2.127,2.144,2.104,2.139,2251370.6
2025-11-01 08:00:00+00:00,2.139,2.166,2.129,2.159,3715340.7
2025-11-01 12:00:00+00:00,2.159,2.182,2.139,2.159,7459589.1
2025-11-01 16:00:00+00:00,2.159,2.175,2.151,2.167,1768024.2
2025-11-01 20:00:00+00:00,2.167,2.18,2.146,2.172,2185179.7
2025-11-02 00:00:00+00:00,2.172,2.172,2.152,2.159,985595.1
2025-11-02 04:00:00+00:00,2.159,2.197,2.156,2.192,1586652.6
2025-11-02 08:00:00+00:00,2.192,2.194,2.144,2.185,3015543.8
2025-11-02 12:00:00+00:00,2.185,2.186,2.105,2.121,3514411.1
2025-11-02 16:00:00+00:00,2.121,2.14,2.099,2.121,1913907.0
2025-11-02 20:00:00+00:00,2.121,2.2,2.111,2.189,2986456.2
2025-11-03 00:00:00+00:00,2.189,2.202,2.035,2.038,5417356.9
2025-11-03 04:00:00+00:00,2.038,2.07,2.0,2.039,7383145.5
2025-11-03 08:00:00+00:00,2.039,2.054,1.971,2.0,6907525.7
2025-11-03 12:00:00+00:00,2.0,2.032,1.825,1.899,32265273.5
2025-11-03 16:00:00+00:00,1.899,1.971,1.887,1.909,8775629.4
2025-11-03 20:00:00+00:00,1.909,1.916,1.876,1.91,5950733.2
2025-11-04 00:00:00+00:00,1.91,1.945,1.889,1.941,4674380.4
2025-11-04 04:00:00+00:00,1.941,1.95,1.824,1.839,14131199.5
2025-11-04 08:00:00+00:00,1.839,1.914,1.831,1.892,6400060.3
2025-11-04 12:00:00+00:00,1.892,1.941,1.862,1.896,6763147.1
2025-11-04 16:00:00+00:00,1.896,1.911,1.765,1.795,12932901.2
2025-11-04 20:00:00+00:00,1.795,1.856,1.718,1.83,19795815.6
2025-11-05 00:00:00+00:00,1.83,1.866,1.734,1.861,9031146.3
2025-11-05 04:00:00+00:00,1.861,1.868,1.84,1.863,3646247.4
2025-11-05 08:00:00+00:00,1.863,1.882,1.828,1.879,4756129.0
2025-11-05 12:00:00+00:00,1.879,1.909,1.867,1.908,5379181.3
2025-11-05 16:00:00+00:00,1.908,1.951,1.886,1.935,5388487.1
2025-11-05 20:00:00+00:00,1.935,1.971,1.925,1.95,4155960.3
2025-11-06 00:00:00+00:00,1.95,1.952,1.908,1.921,3634461.7
2025-11-06 04:00:00+00:00,1.921,1.94,1.887,1.896,3571070.8
2025-11-06 08:00:00+00:00,1.896,1.912,1.886,1.9,2074771.5
2025-11-06 12:00:00+00:00,1.9,2.041,1.893,1.969,26864928.6
2025-11-06 16:00:00+00:00,1.969,2.078,1.904,2.067,20542009.0
2025-11-06 20:00:00+00:00,2.067,2.101,2.036,2.094,15079030.0
2025-11-07 00:00:00+00:00,2.094,2.167,2.073,2.151,18023483.3
2025-11-07 04:00:00+00:00,2.151,2.273,2.117,2.242,17521903.0
2025-11-07 08:00:00+00:00,2.242,2.352,2.208,2.275,29914260.0
2025-11-07 12:00:00+00:00,2.275,2.59,2.246,2.519,48033809.7
2025-11-07 16:00:00+00:00,2.519,2.943,2.51,2.794,50936627.2
2025-11-07 20:00:00+00:00,2.794,2.965,2.741,2.767,22448660.1
2025-11-08 00:00:00+00:00,2.767,2.833,2.6,2.687,25128922.1
2025-11-08 04:00:00+00:00,2.687,2.763,2.605,2.662,12872592.8
2025-11-08 08:00:00+00:00,2.662,3.182,2.62,3.006,35520606.1
2025-11-08 12:00:00+00:00,3.006,3.039,2.788,2.808,24358217.9
2025-11-08 16:00:00+00:00,2.808,2.922,2.718,2.844,14024381.3
2025-11-08 20:00:00+00:00,2.844,2.959,2.81,2.932,6332196.0
2025-11-09 00:00:00+00:00,2.932,3.082,2.807,2.819,28229078.8
2025-11-09 04:00:00+00:00,2.819,2.869,2.733,2.779,14342193.5
2025-11-09 08:00:00+00:00,2.779,2.799,2.67,2.728,16377605.0
2025-11-09 12:00:00+00:00,2.728,2.971,2.69,2.885,21063515.9
2025-11-09 16:00:00+00:00,2.885,3.032,2.841,3.026,18070653.4
2025-11-09 20:00:00+00:00,3.026,3.085,2.883,3.076,12754984.6
2025-11-10 00:00:00+00:00,3.076,3.076,2.897,3.016,20008371.6
2025-11-10 04:00:00+00:00,3.016,3.15,2.904,2.979,19807061.5
2025-11-10 08:00:00+00:00,2.979,3.07,2.822,2.882,15181287.6
2025-11-10 12:00:00+00:00,2.882,2.902,2.796,2.842,16594147.5
2025-11-10 16:00:00+00:00,2.842,2.884,2.807,2.847,5547350.8
2025-11-10 20:00:00+00:00,2.847,2.88,2.751,2.786,7218655.3
2025-11-11 00:00:00+00:00,2.786,2.823,2.724,2.814,6543724.4
2025-11-11 04:00:00+00:00,2.814,2.835,2.645,2.66,8569540.9
2025-11-11 08:00:00+00:00,2.66,2.695,2.632,2.665,5194187.2
2025-11-11 12:00:00+00:00,2.665,2.729,2.636,2.708,7541684.4
2025-11-11 16:00:00+00:00,2.708,2.724,2.612,2.621,6202912.0
2025-11-11 20:00:00+00:00,2.621,2.629,2.525,2.546,8799664.2
2025-11-12 00:00:00+00:00,2.546,2.594,2.537,2.576,3985748.1
2025-11-12 04:00:00+00:00,2.576,2.606,2.556,2.563,2684847.1
2025-11-12 08:00:00+00:00,2.563,2.663,2.561,2.639,4564352.3
2025-11-12 12:00:00+00:00,2.639,2.659,2.508,2.527,7742265.8
2025-11-12 16:00:00+00:00,2.527,2.539,2.476,2.504,6794122.6
2025-11-12 20:00:00+00:00,2.504,2.572,2.498,2.534,3506852.2
2025-11-13 00:00:00+00:00,2.534,2.581,2.495,2.552,3601742.5
2025-11-13 04:00:00+00:00,2.552,2.604,2.534,2.558,3262779.8
2025-11-13 08:00:00+00:00,2.558,2.592,2.534,2.538,2501951.7
2025-11-13 12:00:00+00:00,2.538,2.602,2.494,2.517,5512792.1
2025-11-13 16:00:00+00:00,2.517,2.527,2.393,2.408,9644139.7
2025-11-13 20:00:00+00:00,2.408,2.468,2.389,2.446,5138603.3
2025-11-14 00:00:00+00:00,2.446,2.45,2.372,2.389,4633274.6
2025-11-14 04:00:00+00:00,2.389,2.438,2.303,2.396,8199271.6
2025-11-14 08:00:00+00:00,2.396,2.4,2.353,2.372,3785611.6
2025-11-14 12:00:00+00:00,2.372,2.461,2.332,2.44,8480691.9
2025-11-14 16:00:00+00:00,2.44,2.45,2.39,2.437,3639419.9
2025-11-14 20:00:00+00:00,2.437,2.438,2.314,2.352,4503465.3
2025-11-15 00:00:00+00:00,2.352,2.491,2.349,2.479,4163408.1
2025-11-15 04:00:00+00:00,2.479,2.622,2.472,2.532,13496082.7
2025-11-15 08:00:00+00:00,2.532,2.539,2.446,2.487,5267757.8
2025-11-15 12:00:00+00:00,2.487,2.553,2.473,2.477,5864390.7
2025-11-15 16:00:00+00:00,2.477,2.486,2.445,2.453,2875738.9
2025-11-15 20:00:00+00:00,2.453,2.454,2.389,2.404,2890155.4
2025-11-16 00:00:00+00:00,2.404,2.441,2.361,2.439,3813167.1
2025-11-16 04:00:00+00:00,2.439,2.508,2.415,2.473,4917348.3
2025-11-16 08:00:00+00:00,2.473,2.563,2.447,2.481,11291793.6
2025-11-16 12:00:00+00:00,2.481,2.514,2.336,2.34,8168181.8
2025-11-16 16:00:00+00:00,2.34,2.359,2.263,2.274,8543798.4
2025-11-16 20:00:00+00:00,2.274,2.316,2.228,2.287,7028170.1
2025-11-17 00:00:00+00:00,2.287,2.349,2.246,2.312,5284613.5
2025-11-17 04:00:00+00:00,2.312,2.333,2.292,2.316,2551246.1
2025-11-17 08:00:00+00:00,2.316,2.335,2.29,2.308,2572376.0
2025-11-17 12:00:00+00:00,2.308,2.337,2.216,2.272,9357327.9
2025-11-17 16:00:00+00:00,2.272,2.332,2.172,2.195,13127839.6
2025-11-17 20:00:00+00:00,2.195,2.269,2.173,2.268,5172993.7
2025-11-18 00:00:00+00:00,2.268,2.326,2.229,2.306,6420121.0
2025-11-18 04:00:00+00:00,2.306,2.308,2.229,2.256,5521521.1
2025-11-18 08:00:00+00:00,2.256,2.291,2.214,2.22,4717713.9
2025-11-18 12:00:00+00:00,2.22,2.291,2.199,2.26,6250299.6
2025-11-18 16:00:00+00:00,2.26,2.353,2.252,2.305,5578178.9
2025-11-18 20:00:00+00:00,2.305,2.313,2.265,2.274,2443815.4
2025-11-19 00:00:00+00:00,2.274,2.308,2.249,2.257,2234202.5
2025-11-19 04:00:00+00:00,2.257,2.268,2.188,2.241,6168333.2
2025-11-19 08:00:00+00:00,2.241,2.309,2.22,2.299,5719995.7
2025-11-19 12:00:00+00:00,2.299,2.32,2.221,2.23,6010433.0
2025-11-19 16:00:00+00:00,2.23,2.251,2.146,2.198,13560839.0
2025-11-19 20:00:00+00:00,2.198,2.405,2.177,2.375,11148448.6
2025-11-20 00:00:00+00:00,2.375,2.411,2.333,2.358,5801966.1
2025-11-20 04:00:00+00:00,2.358,2.398,2.346,2.397,5691309.3
2025-11-20 08:00:00+00:00,2.397,2.397,2.331,2.351,4275290.5
2025-11-20 12:00:00+00:00,2.351,2.372,2.252,2.257,10682949.5
2025-11-20 16:00:00+00:00,2.257,2.259,2.089,2.118,17568448.3
2025-11-20 20:00:00+00:00,2.118,2.163,2.062,2.073,7356346.5
2025-11-21 00:00:00+00:00,2.073,2.089,2.034,2.052,8241761.9
2025-11-21 04:00:00+00:00,2.052,2.056,1.827,1.95,17611542.5
2025-11-21 08:00:00+00:00,1.95,1.99,1.891,1.899,9605688.8
2025-11-21 12:00:00+00:00,1.899,1.961,1.859,1.891,13241752.3
2025-11-21 16:00:00+00:00,1.891,1.931,1.848,1.87,10157761.0
2025-11-21 20:00:00+00:00,1.87,1.888,1.818,1.862,6561471.1
2025-11-22 00:00:00+00:00,1.862,1.901,1.838,1.878,4916215.0
2025-11-22 04:00:00+00:00,1.878,1.881,1.826,1.846,4442784.8
2025-11-22 08:00:00+00:00,1.846,1.856,1.809,1.838,4246483.3
2025-11-22 12:00:00+00:00,1.838,1.847,1.796,1.814,5240078.4
2025-11-22 16:00:00+00:00,1.814,1.833,1.799,1.809,2793157.1
2025-11-22 20:00:00+00:00,1.809,1.868,1.798,1.84,2777811.5
2025-11-23 00:00:00+00:00,1.84,1.908,1.839,1.897,4188356.6
2025-11-23 04:00:00+00:00,1.897,1.913,1.849,1.857,2299179.4
2025-11-23 08:00:00+00:00,1.857,1.881,1.829,1.846,2424653.2
2025-11-23 12:00:00+00:00,1.846,1.877,1.838,1.861,3211681.2
2025-11-23 16:00:00+00:00,1.861,1.869,1.811,1.846,4448027.7
2025-11-23 20:00:00+00:00,1.846,1.864,1.817,1.821,3360874.0
2025-11-24 00:00:00+00:00,1.821,1.885,1.795,1.869,5864889.8
2025-11-24 04:00:00+00:00,1.869,1.891,1.832,1.847,4103722.5
2025-11-24 08:00:00+00:00,1.847,1.87,1.822,1.866,3405113.7
2025-11-24 12:00:00+00:00,1.866,1.945,1.844,1.926,13184526.9
2025-11-24 16:00:00+00:00,1.926,1.986,1.914,1.949,8553527.4
2025-11-24 20:00:00+00:00,1.949,1.966,1.904,1.905,4145731.3
2025-11-25 00:00:00+00:00,1.905,1.947,1.898,1.908,3633709.5
2025-11-25 04:00:00+00:00,1.908,1.914,1.846,1.849,4652483.7
2025-11-25 08:00:00+00:00,1.849,1.866,1.837,1.854,4790227.3
2025-11-25 12:00:00+00:00,1.854,1.88,1.814,1.842,7335683.4
2025-11-25 16:00:00+00:00,1.842,1.934,1.837,1.892,8008841.6
2025-11-25 20:00:00+00:00,1.892,1.936,1.869,1.912,5167220.3
2025-11-26 00:00:00+00:00,1.912,1.927,1.878,1.88,3834457.1
2025-11-26 04:00:00+00:00,1.88,1.896,1.87,1.888,2161273.7
2025-11-26 08:00:00+00:00,1.888,1.888,1.842,1.857,3337721.0
2025-11-26 12:00:00+00:00,1.857,1.89,1.836,1.86,4299934.3
2025-11-26 16:00:00+00:00,1.86,1.96,1.858,1.943,7253428.1
2025-11-26 20:00:00+00:00,1.943,1.95,1.925,1.937,2141093.1
2025-11-27 00:00:00+00:00,1.937,1.953,1.91,1.914,2637986.1
2025-11-27 04:00:00+00:00,1.914,1.939,1.911,1.925,2008299.4
2025-11-27 08:00:00+00:00,1.925,1.943,1.912,1.917,2447708.5
2025-11-27 12:00:00+00:00,1.917,1.937,1.899,1.934,2896147.5
2025-11-27 16:00:00+00:00,1.934,1.949,1.927,1.936,1991920.0
2025-11-27 20:00:00+00:00,1.936,1.944,1.895,1.905,2190995.8
2025-11-28 00:00:00+00:00,1.905,1.918,1.864,1.889,2737775.9
2025-11-28 04:00:00+00:00,1.889,1.894,1.873,1.885,1638406.4
2025-11-28 08:00:00+00:00,1.885,1.939,1.882,1.897,3714009.5
2025-11-28 12:00:00+00:00,1.897,1.955,1.887,1.932,5470746.1
2025-11-28 16:00:00+00:00,1.932,1.937,1.845,1.886,6496615.5
2025-11-28 20:00:00+00:00,1.886,1.889,1.861,1.877,2076435.2
2025-11-29 00:00:00+00:00,1.877,1.883,1.864,1.877,1313706.3
2025-11-29 04:00:00+00:00,1.877,1.903,1.868,1.872,1660801.7
2025-11-29 08:00:00+00:00,1.872,1.896,1.865,1.889,1041812.6
2025-11-29 12:00:00+00:00,1.889,1.891,1.859,1.875,1539791.9
2025-11-29 16:00:00+00:00,1.875,1.877,1.828,1.842,3701190.8
2025-11-29 20:00:00+00:00,1.842,1.854,1.835,1.849,1077531.0
2025-11-30 00:00:00+00:00,1.849,1.865,1.824,1.853,1697927.7
2025-11-30 04:00:00+00:00,1.853,1.858,1.833,1.851,1070560.2
2025-11-30 08:00:00+00:00,1.851,1.86,1.832,1.835,1368561.5
2025-11-30 12:00:00+00:00,1.835,1.864,1.821,1.843,2969362.5
2025-11-30 16:00:00+00:00,1.843,1.868,1.841,1.855,1924706.2
2025-11-30 20:00:00+00:00,1.855,1.866,1.799,1.803,3420764.7
2025-12-01 00:00:00+00:00,1.803,1.81,1.667,1.673,12631733.8
2025-12-01 04:00:00+00:00,1.673,1.682,1.647,1.664,4295564.1
2025-12-01 08:00:00+00:00,1.664,1.672,1.625,1.633,3945574.3
2025-12-01 12:00:00+00:00,1.633,1.639,1.581,1.615,8500699.2
2025-12-01 16:00:00+00:00,1.615,1.621,1.592,1.603,3592500.3
2025-12-01 20:00:00+00:00,1.603,1.64,1.603,1.624,3444928.6
2025-12-02 00:00:00+00:00,1.624,1.661,1.623,1.656,2653735.8
2025-12-02 04:00:00+00:00,1.656,1.68,1.65,1.679,2114470.5
2025-12-02 08:00:00+00:00,1.679,1.726,1.663,1.72,5569140.6
2025-12-02 12:00:00+00:00,1.72,1.834,1.719,1.82,9860928.2
2025-12-02 16:00:00+00:00,1.82,1.832,1.797,1.805,6505402.4
2025-12-02 20:00:00+00:00,1.805,1.825,1.786,1.803,3059713.9
2025-12-03 00:00:00+00:00,1.803,1.824,1.787,1.814,2953021.3
2025-12-03 04:00:00+00:00,1.814,1.847,1.799,1.813,4942450.7
2025-12-03 08:00:00+00:00,1.813,1.821,1.782,1.799,3017780.0
2025-12-03 12:00:00+00:00,1.799,1.819,1.754,1.802,7226114.0
2025-12-03 16:00:00+00:00,1.802,1.83,1.787,1.824,3518330.9
2025-12-03 20:00:00+00:00,1.824,1.871,1.81,1.844,5271972.5
2025-12-04 00:00:00+00:00,1.844,1.875,1.834,1.861,3217975.4
2025-12-04 04:00:00+00:00,1.861,1.885,1.843,1.856,2986808.0
2025-12-04 08:00:00+00:00,1.856,1.899,1.85,1.862,2851808.2
2025-12-04 12:00:00+00:00,1.862,1.868,1.815,1.834,4599302.8
2025-12-04 16:00:00+00:00,1.834,1.838,1.745,1.787,5857335.0
2025-12-04 20:00:00+00:00,1.787,1.81,1.774,1.795,2299111.9
2025-12-05 00:00:00+00:00,1.795,1.817,1.792,1.794,1773089.1
2025-12-05 04:00:00+00:00,1.794,1.798,1.769,1.789,2050266.3
2025-12-05 08:00:00+00:00,1.789,1.789,1.723,1.736,6510082.4
2025-12-05 12:00:00+00:00,1.736,1.752,1.688,1.711,9983236.6
2025-12-05 16:00:00+00:00,1.711,1.716,1.657,1.679,8864849.4
2025-12-05 20:00:00+00:00,1.679,1.692,1.666,1.679,2192020.6
2025-12-06 00:00:00+00:00,1.679,1.697,1.668,1.683,1418599.9
2025-12-06 04:00:00+00:00,1.683,1.689,1.663,1.681,1634129.4
2025-12-06 08:00:00+00:00,1.681,1.712,1.678,1.703,2148004.8
2025-12-06 12:00:00+00:00,1.703,1.746,1.7,1.709,3260828.2
2025-12-06 16:00:00+00:00,1.709,1.739,1.707,1.711,2463817.0
2025-12-06 20:00:00+00:00,1.711,1.721,1.696,1.707,1604515.1
2025-12-07 00:00:00+00:00,1.707,1.728,1.707,1.716,1370684.8
2025-12-07 04:00:00+00:00,1.716,1.724,1.703,1.707,899007.3
2025-12-07 08:00:00+00:00,1.707,1.715,1.681,1.687,2079363.7
2025-12-07 12:00:00+00:00,1.687,1.701,1.637,1.697,6708351.1
2025-12-07 16:00:00+00:00,1.697,1.747,1.683,1.737,4724985.4
2025-12-07 20:00:00+00:00,1.737,1.772,1.682,1.701,4781889.6
2025-12-08 00:00:00+00:00,1.701,1.74,1.69,1.721,2749886.2
2025-12-08 04:00:00+00:00,1.721,1.798,1.721,1.779,3179962.0
2025-12-08 08:00:00+00:00,1.779,1.796,1.765,1.778,2485568.5
2025-12-08 12:00:00+00:00,1.778,1.79,1.743,1.753,4106448.9
2025-12-08 16:00:00+00:00,1.753,1.786,1.737,1.748,3734584.2
2025-12-08 20:00:00+00:00,1.748,1.779,1.734,1.743,2878153.3
2025-12-09 00:00:00+00:00,1.743,1.75,1.71,1.732,2064726.0
2025-12-09 04:00:00+00:00,1.732,1.735,1.692,1.732,2801713.1
2025-12-09 08:00:00+00:00,1.732,1.735,1.711,1.725,1533279.7
2025-12-09 12:00:00+00:00,1.725,1.842,1.718,1.834,8681538.3
2025-12-09 16:00:00+00:00,1.834,1.885,1.833,1.847,9210082.1
2025-12-09 20:00:00+00:00,1.847,1.85,1.783,1.81,3667105.1
2025-12-10 00:00:00+00:00,1.81,1.814,1.787,1.795,1906537.7
2025-12-10 04:00:00+00:00,1.795,1.799,1.769,1.782,2162403.6
2025-12-10 08:00:00+00:00,1.782,1.782,1.742,1.751,4803627.0
2025-12-10 12:00:00+00:00,1.751,1.764,1.73,1.757,4156009.3
2025-12-10 16:00:00+00:00,1.757,1.821,1.75,1.815,7849693.9
2025-12-10 20:00:00+00:00,1.815,1.863,1.742,1.758,9151604.5
2025-12-11 00:00:00+00:00,1.758,1.762,1.657,1.666,7092061.6
2025-12-11 04:00:00+00:00,1.666,1.693,1.657,1.673,3125172.6
2025-12-11 08:00:00+00:00,1.673,1.677,1.649,1.662,3577433.0
2025-12-11 12:00:00+00:00,1.662,1.674,1.643,1.652,4350077.3
2025-12-11 16:00:00+00:00,1.652,1.682,1.628,1.659,5866586.2
2025-12-11 20:00:00+00:00,1.659,1.725,1.658,1.672,5076118.8
2025-12-12 00:00:00+00:00,1.672,1.698,1.644,1.68,3687533.9
2025-12-12 04:00:00+00:00,1.68,1.719,1.67,1.702,2765662.3
2025-12-12 08:00:00+00:00,1.702,1.709,1.684,1.701,1776637.1
2025-12-12 12:00:00+00:00,1.701,1.708,1.597,1.608,8785211.0
2025-12-12 16:00:00+00:00,1.608,1.631,1.582,1.61,6590087.3
2025-12-12 20:00:00+00:00,1.61,1.637,1.607,1.636,2244954.9
2025-12-13 00:00:00+00:00,1.636,1.652,1.63,1.648,1240952.8
2025-12-13 04:00:00+00:00,1.648,1.658,1.64,1.649,1156560.9
2025-12-13 08:00:00+00:00,1.649,1.684,1.649,1.675,2186251.9
2025-12-13 12:00:00+00:00,1.675,1.677,1.649,1.656,2679069.5
2025-12-13 16:00:00+00:00,1.656,1.669,1.652,1.659,1511274.3
2025-12-13 20:00:00+00:00,1.659,1.667,1.638,1.664,2067393.2
2025-12-14 00:00:00+00:00,1.664,1.669,1.646,1.649,1265068.6
2025-12-14 04:00:00+00:00,1.649,1.65,1.625,1.633,1847902.4
2025-12-14 08:00:00+00:00,1.633,1.638,1.606,1.624,2879110.9
2025-12-14 12:00:00+00:00,1.624,1.636,1.601,1.607,2743388.9
2025-12-14 16:00:00+00:00,1.607,1.621,1.585,1.595,3388196.4
2025-12-14 20:00:00+00:00,1.595,1.605,1.568,1.59,4941053.0
2025-12-15 00:00:00+00:00,1.59,1.646,1.585,1.623,3037540.3
2025-12-15 04:00:00+00:00,1.623,1.637,1.613,1.62,1069168.0
2025-12-15 08:00:00+00:00,1.62,1.632,1.613,1.617,1633597.5
2025-12-15 12:00:00+00:00,1.617,1.625,1.524,1.532,10112235.2
2025-12-15 16:00:00+00:00,1.532,1.539,1.488,1.525,10031114.0
2025-12-15 20:00:00+00:00,1.525,1.554,1.51,1.544,4864262.2
2025-12-16 00:00:00+00:00,1.544,1.552,1.53,1.542,2738885.5
2025-12-16 04:00:00+00:00,1.542,1.544,1.515,1.52,3027164.8
2025-12-16 08:00:00+00:00,1.52,1.554,1.516,1.543,2405006.3
2025-12-16 12:00:00+00:00,1.543,1.563,1.505,1.558,8342028.5
2025-12-16 16:00:00+00:00,1.558,1.599,1.549,1.58,7158238.3
2025-12-16 20:00:00+00:00,1.58,1.619,1.56,1.569,5390811.0
2025-12-17 00:00:00+00:00,1.569,1.574,1.552,1.554,2613863.1
2025-12-17 04:00:00+00:00,1.554,1.559,1.535,1.547,2321802.4
2025-12-17 08:00:00+00:00,1.547,1.547,1.526,1.537,2288414.5
2025-12-17 12:00:00+00:00,1.537,1.612,1.515,1.537,11665961.2
2025-12-17 16:00:00+00:00,1.537,1.548,1.465,1.485,15056590.3
2025-12-17 20:00:00+00:00,1.485,1.497,1.467,1.481,3757186.6
2025-12-18 00:00:00+00:00,1.481,1.486,1.459,1.464,2718394.8
2025-12-18 04:00:00+00:00,1.464,1.477,1.449,1.475,2678333.7
2025-12-18 08:00:00+00:00,1.475,1.489,1.464,1.474,3871638.4
2025-12-18 12:00:00+00:00,1.474,1.589,1.47,1.565,10555056.1
2025-12-18 16:00:00+00:00,1.565,1.599,1.423,1.426,17342625.2
2025-12-18 20:00:00+00:00,1.426,1.455,1.418,1.426,7682058.9
2025-12-19 00:00:00+00:00,1.426,1.487,1.403,1.475,7616859.9
2025-12-19 04:00:00+00:00,1.475,1.504,1.46,1.492,4567279.4
2025-12-19 08:00:00+00:00,1.492,1.51,1.483,1.506,4989640.1
2025-12-19 12:00:00+00:00,1.506,1.541,1.486,1.514,10212306.8
2025-12-19 16:00:00+00:00,1.514,1.559,1.501,1.551,6993416.6
2025-12-19 20:00:00+00:00,1.551,1.56,1.532,1.539,3226445.7
2025-12-20 00:00:00+00:00,1.539,1.539,1.511,1.515,1939855.9
2025-12-20 04:00:00+00:00,1.515,1.538,1.503,1.533,2424647.7
2025-12-20 08:00:00+00:00,1.533,1.545,1.511,1.522,2319052.7
2025-12-20 12:00:00+00:00,1.522,1.522,1.503,1.516,2246131.0
2025-12-20 16:00:00+00:00,1.516,1.524,1.512,1.516,1071367.4
2025-12-20 20:00:00+00:00,1.516,1.526,1.514,1.521,1479160.1
2025-12-21 00:00:00+00:00,1.521,1.527,1.491,1.506,2593979.9
2025-12-21 04:00:00+00:00,1.506,1.52,1.505,1.516,1132528.3
2025-12-21 08:00:00+00:00,1.516,1.536,1.509,1.513,2079215.2
2025-12-21 12:00:00+00:00,1.513,1.521,1.454,1.462,6075353.8
2025-12-21 16:00:00+00:00,1.462,1.49,1.453,1.487,4156565.3
2025-12-21 20:00:00+00:00,1.487,1.526,1.466,1.509,3755542.3
2025-12-22 00:00:00+00:00,1.509,1.542,1.491,1.515,3667588.5
2025-12-22 04:00:00+00:00,1.515,1.536,1.512,1.534,1813647.6
2025-12-22 08:00:00+00:00,1.534,1.569,1.531,1.559,3335612.7
2025-12-22 12:00:00+00:00,1.559,1.585,1.54,1.557,4796991.7
2025-12-22 16:00:00+00:00,1.557,1.573,1.502,1.504,4241221.8
2025-12-22 20:00:00+00:00,1.504,1.52,1.491,1.504,3297532.2
2025-12-23 00:00:00+00:00,1.504,1.524,1.477,1.491,4770986.7
2025-12-23 04:00:00+00:00,1.491,1.498,1.472,1.478,2601376.0
2025-12-23 08:00:00+00:00,1.478,1.499,1.472,1.491,1553227.8
2025-12-23 12:00:00+00:00,1.491,1.498,1.461,1.487,5378702.5
2025-12-23 16:00:00+00:00,1.487,1.53,1.483,1.504,6402963.7
2025-12-23 20:00:00+00:00,1.504,1.53,1.482,1.485,2300595.8
2025-12-24 00:00:00+00:00,1.485,1.489,1.451,1.469,4226583.7
2025-12-24 04:00:00+00:00,1.469,1.479,1.442,1.443,3528699.5
2025-12-24 08:00:00+00:00,1.443,1.453,1.439,1.444,2258951.8
2025-12-24 12:00:00+00:00,1.444,1.468,1.434,1.466,3996911.6
2025-12-24 16:00:00+00:00,1.466,1.471,1.441,1.457,2881760.2
2025-12-24 20:00:00+00:00,1.457,1.473,1.45,1.453,2448163.2
2025-12-25 00:00:00+00:00,1.453,1.501,1.453,1.497,3701064.6
2025-12-25 04:00:00+00:00,1.497,1.512,1.484,1.501,2284369.4
2025-12-25 08:00:00+00:00,1.501,1.51,1.461,1.471,2577254.9
2025-12-25 12:00:00+00:00,1.471,1.507,1.466,1.498,2787484.4
2025-12-25 16:00:00+00:00,1.498,1.508,1.48,1.504,2306367.3
2025-12-25 20:00:00+00:00,1.504,1.507,1.431,1.436,4140297.5
2025-12-26 00:00:00+00:00,1.436,1.54,1.43,1.525,9761384.7
2025-12-26 04:00:00+00:00,1.525,1.562,1.517,1.522,5971489.3
2025-12-26 08:00:00+00:00,1.522,1.536,1.516,1.525,2180414.5
2025-12-26 12:00:00+00:00,1.525,1.534,1.485,1.51,5820348.4
2025-12-26 16:00:00+00:00,1.51,1.53,1.497,1.525,3163337.9
2025-12-26 20:00:00+00:00,1.525,1.528,1.512,1.518,1711708.3
2025-12-27 00:00:00+00:00,1.518,1.538,1.509,1.537,2329447.6
2025-12-27 04:00:00+00:00,1.537,1.546,1.516,1.518,2105824.4
2025-12-27 08:00:00+00:00,1.518,1.535,1.499,1.53,2810239.7
2025-12-27 12:00:00+00:00,1.53,1.554,1.525,1.55,2556242.9
2025-12-27 16:00:00+00:00,1.55,1.582,1.545,1.55,3884002.4
2025-12-27 20:00:00+00:00,1.55,1.602,1.546,1.593,3472433.2
2025-12-28 00:00:00+00:00,1.593,1.597,1.582,1.591,1834400.5
2025-12-28 04:00:00+00:00,1.591,1.613,1.59,1.604,3071869.6
2025-12-28 08:00:00+00:00,1.604,1.614,1.586,1.593,2116995.2
2025-12-28 12:00:00+00:00,1.593,1.594,1.566,1.587,3765097.5
2025-12-28 16:00:00+00:00,1.587,1.592,1.554,1.556,14863114.5
2025-12-28 20:00:00+00:00,1.556,1.583,1.552,1.58,3810627.7
2025-12-29 00:00:00+00:00,1.58,1.613,1.576,1.604,4543462.8
2025-12-29 04:00:00+00:00,1.604,1.608,1.573,1.583,2779251.6
2025-12-29 08:00:00+00:00,1.583,1.585,1.531,1.538,5033578.0
2025-12-29 12:00:00+00:00,1.538,1.541,1.509,1.524,6525426.8
2025-12-29 16:00:00+00:00,1.524,1.531,1.511,1.517,2290730.5
2025-12-29 20:00:00+00:00,1.517,1.528,1.51,1.522,1808842.9
2025-12-30 00:00:00+00:00,1.522,1.533,1.511,1.524,2048053.1
2025-12-30 04:00:00+00:00,1.524,1.535,1.513,1.529,1145675.5
2025-12-30 08:00:00+00:00,1.529,1.561,1.528,1.544,3927075.2
2025-12-30 12:00:00+00:00,1.544,1.558,1.524,1.546,2925120.0
2025-12-30 16:00:00+00:00,1.546,1.552,1.516,1.529,1817569.6
2025-12-30 20:00:00+00:00,1.529,1.529,1.512,1.515,1431874.6
2025-12-31 00:00:00+00:00,1.515,1.53,1.501,1.5168,2009181.4
2025-12-31 04:00:00+00:00,1.5168,1.5245,1.5134,1.5192,823328.3
2025-12-31 08:00:00+00:00,1.5192,1.5245,1.4966,1.5188,2356825.7
2025-12-31 12:00:00+00:00,1.5188,1.5286,1.5045,1.508,2916261.9
2025-12-31 16:00:00+00:00,1.508,1.5088,1.4678,1.4887,3869066.8
2025-12-31 20:00:00+00:00,1.4887,1.529,1.477,1.5128,2958310.6
2026-01-01 00:00:00+00:00,1.5128,1.5288,1.5048,1.5064,1226954.5
2026-01-01 04:00:00+00:00,1.5064,1.5147,1.5003,1.5121,734030.5
2026-01-01 08:00:00+00:00,1.5121,1.5341,1.5104,1.5298,1391523.9
2026-01-01 12:00:00+00:00,1.5298,1.5827,1.5214,1.5722,3992932.1
2026-01-01 16:00:00+00:00,1.5722,1.6121,1.5698,1.6121,3944361.4
2026-01-01 20:00:00+00:00,1.6121,1.6342,1.5968,1.6254,4061338.3
2026-01-02 00:00:00+00:00,1.6254,1.6667,1.6233,1.6545,3495452.7
2026-01-02 04:00:00+00:00,1.6545,1.657,1.6266,1.6281,1752368.4
2026-01-02 08:00:00+00:00,1.6281,1.6635,1.6272,1.6352,3704880.8
2026-01-02 12:00:00+00:00,1.6352,1.6514,1.6118,1.6352,4953940.2
2026-01-02 16:00:00+00:00,1.6352,1.6904,1.6301,1.6837,5228348.7
2026-01-02 20:00:00+00:00,1.6837,1.6953,1.6727,1.69,3098333.8
2026-01-03 00:00:00+00:00,1.69,1.711,1.6827,1.7071,2384909.8
2026-01-03 04:00:00+00:00,1.7071,1.7217,1.6562,1.668,3548016.9
2026-01-03 08:00:00+00:00,1.668,1.6786,1.6593,1.6733,1979755.7
2026-01-03 12:00:00+00:00,1.6733,1.707,1.671,1.6803,1937328.1
2026-01-03 16:00:00+00:00,1.6803,1.7115,1.6798,1.703,2721848.5
2026-01-03 20:00:00+00:00,1.703,1.7164,1.6921,1.7093,2069774.1
2026-01-04 00:00:00+00:00,1.7093,1.7313,1.6898,1.7111,5067791.2
2026-01-04 04:00:00+00:00,1.7111,1.7158,1.6901,1.711,3143321.4
2026-01-04 08:00:00+00:00,1.711,1.7293,1.6977,1.7231,3797570.7
2026-01-04 12:00:00+00:00,1.7231,1.7413,1.7072,1.734,3368397.8
2026-01-04 16:00:00+00:00,1.734,1.7425,1.7035,1.7241,4307281.6
2026-01-04 20:00:00+00:00,1.7241,1.7365,1.7101,1.727,3723093.2
2026-01-05 00:00:00+00:00,1.727,1.7977,1.7219,1.7918,10954304.6
2026-01-05 04:00:00+00:00,1.7918,1.8,1.7301,1.7469,5698463.9
2026-01-05 08:00:00+00:00,1.7469,1.7585,1.7072,1.7184,4035663.6
2026-01-05 12:00:00+00:00,1.7184,1.764,1.7105,1.7563,4801091.5
2026-01-05 16:00:00+00:00,1.7563,1.782,1.72,1.7661,5765283.3
2026-01-05 20:00:00+00:00,1.7661,1.7949,1.7498,1.7715,5420745.9
2026-01-06 00:00:00+00:00,1.7715,1.7884,1.7438,1.7775,5063869.2
2026-01-06 04:00:00+00:00,1.7775,1.7975,1.7472,1.7563,3388972.7
2026-01-06 08:00:00+00:00,1.7563,1.8255,1.7559,1.8203,3412095.6
2026-01-06 12:00:00+00:00,1.8203,1.8405,1.7824,1.7938,6697361.1
2026-01-06 16:00:00+00:00,1.7938,1.8044,1.7258,1.7504,7008591.2
2026-01-06 20:00:00+00:00,1.7504,1.8276,1.7504,1.8072,4053276.9
2026-01-07 00:00:00+00:00,1.8072,1.8082,1.7514,1.7701,3340359.6
2026-01-07 04:00:00+00:00,1.7701,1.7899,1.7523,1.7898,2094417.0
2026-01-07 08:00:00+00:00,1.7898,1.803,1.7568,1.7722,3879493.1
2026-01-07 12:00:00+00:00,1.7722,1.7726,1.71,1.7181,5425861.5
2026-01-07 16:00:00+00:00,1.7181,1.7352,1.7108,1.7292,2941866.9
2026-01-07 20:00:00+00:00,1.7292,1.7321,1.7013,1.7209,2324050.6
2026-01-08 00:00:00+00:00,1.7209,1.7279,1.6966,1.6998,2853606.2
2026-01-08 04:00:00+00:00,1.6998,1.7187,1.6654,1.7087,4899899.8
2026-01-08 08:00:00+00:00,1.7087,1.7178,1.6749,1.6889,4418595.4
2026-01-08 12:00:00+00:00,1.6889,1.7147,1.6553,1.713,4769559.8
2026-01-08 16:00:00+00:00,1.713,1.7179,1.6791,1.6833,3587761.1
2026-01-08 20:00:00+00:00,1.6833,1.7079,1.6646,1.685,1915720.3
2026-01-09 00:00:00+00:00,1.685,1.7076,1.6721,1.6951,2708957.8
2026-01-09 04:00:00+00:00,1.6951,1.7071,1.6842,1.6958,1865630.0
2026-01-09 08:00:00+00:00,1.6958,1.6993,1.6608,1.6828,2280649.6
2026-01-09 12:00:00+00:00,1.6828,1.7482,1.6692,1.7223,6138136.3
2026-01-09 16:00:00+00:00,1.7223,1.7555,1.6757,1.6836,4303653.3
2026-01-09 20:00:00+00:00,1.6836,1.7157,1.681,1.7021,1871147.2
2026-01-10 00:00:00+00:00,1.7021,1.7035,1.6752,1.685,1710964.7
2026-01-10 04:00:00+00:00,1.685,1.7052,1.6732,1.7026,1522833.9
2026-01-10 08:00:00+00:00,1.7026,1.7153,1.6964,1.7128,1421363.0
2026-01-10 12:00:00+00:00,1.7128,1.7326,1.7043,1.7069,1532826.0
2026-01-10 16:00:00+00:00,1.7069,1.7146,1.6882,1.7136,1273057.2
2026-01-10 20:00:00+00:00,1.7136,1.716,1.6811,1.6875,1066819.8
2026-01-11 00:00:00+00:00,1.6875,1.6976,1.6828,1.6932,907180.2
2026-01-11 04:00:00+00:00,1.6932,1.6946,1.6782,1.6885,1409493.1
2026-01-11 08:00:00+00:00,1.6885,1.7046,1.6844,1.7038,1431322.1
2026-01-11 12:00:00+00:00,1.7038,1.7214,1.686,1.6943,2402829.8
2026-01-11 16:00:00+00:00,1.6943,1.7378,1.6912,1.7191,2696976.1
2026-01-11 20:00:00+00:00,1.7191,1.7191,1.6693,1.7009,3639566.6
2026-01-12 00:00:00+00:00,1.7009,1.7684,1.6746,1.7342,5834790.5
2026-01-12 04:00:00+00:00,1.7342,1.7585,1.7135,1.7152,4194167.1
2026-01-12 08:00:00+00:00,1.7152,1.7209,1.6635,1.6801,6650620.3
2026-01-12 12:00:00+00:00,1.6801,1.7202,1.6397,1.714,6508626.3
2026-01-12 16:00:00+00:00,1.714,1.7382,1.678,1.695,5559215.6
2026-01-12 20:00:00+00:00,1.695,1.7101,1.6615,1.6729,2642245.5
2026-01-13 00:00:00+00:00,1.6729,1.726,1.6723,1.6953,3481131.9
2026-01-13 04:00:00+00:00,1.6953,1.7507,1.695,1.739,3127282.3
2026-01-13 08:00:00+00:00,1.739,1.7888,1.7284,1.7675,5503512.9
2026-01-13 12:00:00+00:00,1.7675,1.8255,1.7542,1.8107,8567968.8
2026-01-13 16:00:00+00:00,1.8107,1.8539,1.8039,1.8467,6607248.7
2026-01-13 20:00:00+00:00,1.8467,1.8941,1.8186,1.8577,5723995.4
2026-01-14 00:00:00+00:00,1.8577,1.8766,1.8492,1.8579,2991430.4
2026-01-14 04:00:00+00:00,1.8579,1.86,1.8218,1.8391,2661279.7
2026-01-14 08:00:00+00:00,1.8391,1.8636,1.8248,1.8281,2841309.8
2026-01-14 12:00:00+00:00,1.8281,1.8527,1.8071,1.8414,5932656.1
2026-01-14 16:00:00+00:00,1.8414,1.8621,1.796,1.8225,5462239.1
2026-01-14 20:00:00+00:00,1.8225,1.8335,1.786,1.7985,2615113.4
2026-01-15 00:00:00+00:00,1.7985,1.8152,1.7416,1.7492,4852451.4
2026-01-15 04:00:00+00:00,1.7492,1.7875,1.7441,1.7821,2712928.0
2026-01-15 08:00:00+00:00,1.7821,1.7997,1.7668,1.7893,2642502.7
2026-01-15 12:00:00+00:00,1.7893,1.8117,1.7174,1.7437,5632486.5
2026-01-15 16:00:00+00:00,1.7437,1.7524,1.696,1.7119,4821778.6
2026-01-15 20:00:00+00:00,1.7119,1.728,1.6979,1.7201,1861329.0
2026-01-16 00:00:00+00:00,1.7201,1.729,1.6989,1.7149,2220213.9
2026-01-16 04:00:00+00:00,1.7149,1.7497,1.705,1.7434,2017365.2
2026-01-16 08:00:00+00:00,1.7434,1.755,1.719,1.7279,2882142.8
2026-01-16 12:00:00+00:00,1.7279,1.7292,1.6742,1.6858,4251767.1
2026-01-16 16:00:00+00:00,1.6858,1.7025,1.6721,1.691,2926597.0
2026-01-16 20:00:00+00:00,1.691,1.7435,1.682,1.7304,2788366.8
2026-01-17 00:00:00+00:00,1.7304,1.739,1.7225,1.7273,1579413.3
2026-01-17 04:00:00+00:00,1.7273,1.7727,1.7207,1.7712,2086694.9
2026-01-17 08:00:00+00:00,1.7712,1.8021,1.7628,1.7659,5018450.9
2026-01-17 12:00:00+00:00,1.7659,1.8088,1.7651,1.7874,2855668.8
2026-01-17 16:00:00+00:00,1.7874,1.7932,1.7663,1.783,2468456.9
2026-01-17 20:00:00+00:00,1.783,1.7869,1.7454,1.7501,1844453.3
2026-01-18 00:00:00+00:00,1.7501,1.7672,1.7135,1.7216,3319559.2
2026-01-18 04:00:00+00:00,1.7216,1.7216,1.699,1.7078,2457853.6
2026-01-18 08:00:00+00:00,1.7078,1.7143,1.6988,1.7081,1998394.5
2026-01-18 12:00:00+00:00,1.7081,1.721,1.6886,1.7199,3318273.3
2026-01-18 16:00:00+00:00,1.7199,1.7409,1.7089,1.7184,2843796.4
2026-01-18 20:00:00+00:00,1.7184,1.736,1.6237,1.6265,5024615.0
2026-01-19 00:00:00+00:00,1.6265,1.6265,1.4345,1.5921,20656760.1
2026-01-19 04:00:00+00:00,1.5921,1.5959,1.5541,1.5611,4729670.9
2026-01-19 08:00:00+00:00,1.5611,1.5817,1.5492,1.5534,3964845.6
2026-01-19 12:00:00+00:00,1.5534,1.5702,1.5436,1.5611,2941728.4
2026-01-19 16:00:00+00:00,1.5611,1.62,1.5589,1.6069,3771204.4
2026-01-19 20:00:00+00:00,1.6069,1.6082,1.5725,1.5958,3217519.8
2026-01-20 00:00:00+00:00,1.5958,1.603,1.577,1.5867,3684147.1
2026-01-20 04:00:00+00:00,1.5867,1.5897,1.551,1.5516,4490660.1
2026-01-20 08:00:00+00:00,1.5516,1.563,1.5312,1.5368,4277970.9
2026-01-20 12:00:00+00:00,1.5368,1.5597,1.5178,1.5278,6372387.3
2026-01-20 16:00:00+00:00,1.5278,1.535,1.5053,1.5184,3939782.6
2026-01-20 20:00:00+00:00,1.5184,1.5287,1.4878,1.5043,3079308.7
2026-01-21 00:00:00+00:00,1.5043,1.551,1.5031,1.5412,2476465.5
2026-01-21 04:00:00+00:00,1.5412,1.5475,1.5274,1.5313,2173634.0
2026-01-21 08:00:00+00:00,1.5313,1.538,1.5077,1.5135,2933120.4
2026-01-21 12:00:00+00:00,1.5135,1.5594,1.4931,1.5509,5199053.9
2026-01-21 16:00:00+00:00,1.5509,1.569,1.481,1.5681,7661525.1
2026-01-21 20:00:00+00:00,1.5681,1.5744,1.5222,1.5278,2991660.1
2026-01-22 00:00:00+00:00,1.5278,1.5552,1.5278,1.5361,2751628.7
2026-01-22 04:00:00+00:00,1.5361,1.5569,1.535,1.5456,2187973.2
2026-01-22 08:00:00+00:00,1.5456,1.5585,1.5287,1.5304,3096874.2
2026-01-22 12:00:00+00:00,1.5304,1.5402,1.494,1.5108,4624446.3
2026-01-22 16:00:00+00:00,1.5108,1.5339,1.5078,1.5228,2582897.1
2026-01-22 20:00:00+00:00,1.5228,1.5262,1.5001,1.5118,1641902.0
2026-01-23 00:00:00+00:00,1.5118,1.5303,1.5086,1.5288,1570928.6
2026-01-23 04:00:00+00:00,1.5288,1.5415,1.5127,1.5175,1698475.4
2026-01-23 08:00:00+00:00,1.5175,1.5238,1.5013,1.5218,1977649.6
2026-01-23 12:00:00+00:00,1.5218,1.5326,1.4911,1.5253,4983788.5
2026-01-23 16:00:00+00:00,1.5253,1.55,1.4979,1.5053,5421215.6
2026-01-23 20:00:00+00:00,1.5053,1.5171,1.4894,1.5068,2098511.1
2026-01-24 00:00:00+00:00,1.5068,1.5172,1.4996,1.5107,1123510.1
2026-01-24 04:00:00+00:00,1.5107,1.5176,1.5059,1.5117,877462.5
2026-01-24 08:00:00+00:00,1.5117,1.5204,1.5059,1.5071,891269.2
2026-01-24 12:00:00+00:00,1.5071,1.5108,1.4926,1.4945,2365066.7
2026-01-24 16:00:00+00:00,1.4945,1.504,1.4867,1.4958,1653280.3
2026-01-24 20:00:00+00:00,1.4958,1.5126,1.4953,1.5049,1130455.6
2026-01-25 00:00:00+00:00,1.5049,1.5157,1.4923,1.4987,1689574.9
2026-01-25 04:00:00+00:00,1.4987,1.5128,1.4945,1.5019,1273800.2
2026-01-25 08:00:00+00:00,1.5019,1.5111,1.4811,1.4956,3172296.3
2026-01-25 12:00:00+00:00,1.4956,1.4981,1.4737,1.488,3008975.9
2026-01-25 16:00:00+00:00,1.488,1.488,1.4096,1.4182,10164699.5
2026-01-25 20:00:00+00:00,1.4182,1.4397,1.4078,1.4353,4276017.4
2026-01-26 00:00:00+00:00,1.4353,1.4704,1.4305,1.4467,2593019.7
2026-01-26 04:00:00+00:00,1.4467,1.4768,1.4467,1.468,2047778.0
2026-01-26 08:00:00+00:00,1.468,1.4792,1.4488,1.4526,2073073.2
2026-01-26 12:00:00+00:00,1.4526,1.4873,1.447,1.4626,4831830.3
2026-01-26 16:00:00+00:00,1.4626,1.4734,1.4352,1.4599,5233460.7
2026-01-26 20:00:00+00:00,1.4599,1.4783,1.4484,1.4615,3427562.8
2026-01-27 00:00:00+00:00,1.4615,1.4782,1.4597,1.4712,1831010.2
2026-01-27 04:00:00+00:00,1.4712,1.4811,1.4666,1.4709,1416480.2
2026-01-27 08:00:00+00:00,1.4709,1.4746,1.4538,1.4565,1670070.7
2026-01-27 12:00:00+00:00,1.4565,1.47,1.4461,1.4684,2573908.8
2026-01-27 16:00:00+00:00,1.4684,1.5037,1.4501,1.4808,6418777.0
2026-01-27 20:00:00+00:00,1.4808,1.5047,1.4794,1.489,3170917.1
2026-01-28 00:00:00+00:00,1.489,1.4974,1.4743,1.4753,2413938.1
2026-01-28 04:00:00+00:00,1.4753,1.4883,1.4681,1.4781,1749662.2
2026-01-28 08:00:00+00:00,1.4781,1.4961,1.4632,1.4952,2356320.5
2026-01-28 12:00:00+00:00,1.4952,1.4956,1.4591,1.4664,3726780.4
2026-01-28 16:00:00+00:00,1.4664,1.4859,1.4574,1.4762,3284723.5
2026-01-28 20:00:00+00:00,1.4762,1.5006,1.4626,1.4886,2656603.1
2026-01-29 00:00:00+00:00,1.4886,1.4957,1.4411,1.4473,4326457.8
2026-01-29 04:00:00+00:00,1.4473,1.4544,1.4339,1.4401,3427018.9
2026-01-29 08:00:00+00:00,1.4401,1.4423,1.4169,1.4185,3202907.2
2026-01-29 12:00:00+00:00,1.4185,1.4282,1.3516,1.3726,12568802.5
2026-01-29 16:00:00+00:00,1.3726,1.4032,1.3413,1.3601,9132493.0
2026-01-29 20:00:00+00:00,1.3601,1.3843,1.3568,1.3745,2847731.1
2026-01-30 00:00:00+00:00,1.3745,1.3805,1.3108,1.3277,11080306.0
2026-01-30 04:00:00+00:00,1.3277,1.3457,1.2941,1.3335,6398531.7
2026-01-30 08:00:00+00:00,1.3335,1.3486,1.3138,1.3429,3353190.8
2026-01-30 12:00:00+00:00,1.3429,1.3451,1.2991,1.3219,5434197.4
2026-01-30 16:00:00+00:00,1.3219,1.3504,1.2862,1.3379,6363022.5
2026-01-30 20:00:00+00:00,1.3379,1.3379,1.3118,1.321,4381017.3
2026-01-31 00:00:00+00:00,1.321,1.3276,1.3135,1.3239,2011657.8
2026-01-31 04:00:00+00:00,1.3239,1.3282,1.2939,1.3045,2526242.0
2026-01-31 08:00:00+00:00,1.3045,1.3067,1.2745,1.2789,5330155.4
2026-01-31 12:00:00+00:00,1.2789,1.2828,1.2073,1.2343,12258665.8
2026-01-31 16:00:00+00:00,1.2343,1.2566,1.0893,1.1725,35337324.4
2026-01-31 20:00:00+00:00,1.1725,1.2117,1.1585,1.2056,5798716.9
2026-02-01 00:00:00+00:00,1.2056,1.2158,1.194,1.2065,4867594.9
2026-02-01 04:00:00+00:00,1.2065,1.2125,1.1876,1.1995,3990478.9
2026-02-01 08:00:00+00:00,1.1995,1.2103,1.1837,1.1999,5289013.7
2026-02-01 12:00:00+00:00,1.1999,1.2086,1.1519,1.1695,7190832.6
2026-02-01 16:00:00+00:00,1.1695,1.1931,1.1546,1.1676,7890294.6
2026-02-01 20:00:00+00:00,1.1676,1.1908,1.1409,1.1722,7285980.6
2026-02-02 00:00:00+00:00,1.1722,1.2048,1.1355,1.1793,9208305.7
2026-02-02 04:00:00+00:00,1.1793,1.1924,1.1345,1.1589,8485143.2
2026-02-02 08:00:00+00:00,1.1589,1.1892,1.1585,1.1803,4908354.3
2026-02-02 12:00:00+00:00,1.1803,1.2367,1.1803,1.227,6259088.0
2026-02-02 16:00:00+00:00,1.227,1.2352,1.2116,1.2116,3063230.6
2026-02-02 20:00:00+00:00,1.2116,1.2158,1.196,1.1995,2786961.2
2026-02-03 00:00:00+00:00,1.1995,1.205,1.1709,1.1965,3521036.9
2026-02-03 04:00:00+00:00,1.1965,1.205,1.1823,1.1993,2748266.6
2026-02-03 08:00:00+00:00,1.1993,1.2119,1.1778,1.1926,5999101.8
2026-02-03 12:00:00+00:00,1.1926,1.2103,1.1724,1.2048,6889983.9
2026-02-03 16:00:00+00:00,1.2048,1.2051,1.1224,1.1787,9954310.5
2026-02-03 20:00:00+00:00,1.1787,1.2309,1.1656,1.1753,7383510.9
2026-02-04 00:00:00+00:00,1.1753,1.2047,1.1707,1.1997,2826510.2
2026-02-04 04:00:00+00:00,1.1997,1.2022,1.1809,1.1909,2281298.0
2026-02-04 08:00:00+00:00,1.1909,1.1967,1.1714,1.1835,3171889.9
2026-02-04 12:00:00+00:00,1.1835,1.1858,1.1312,1.1469,7091466.6
2026-02-04 16:00:00+00:00,1.1469,1.1842,1.1268,1.1806,9852724.3
2026-02-04 20:00:00+00:00,1.1806,1.1825,1.138,1.1583,5976678.1
2026-02-05 00:00:00+00:00,1.1583,1.1675,1.135,1.1393,4821977.8
2026-02-05 04:00:00+00:00,1.1393,1.1462,1.1141,1.1175,6007454.9
2026-02-05 08:00:00+00:00,1.1175,1.1417,1.0858,1.1064,6960141.3
2026-02-05 12:00:00+00:00,1.1064,1.137,1.0324,1.0582,16080528.3
2026-02-05 16:00:00+00:00,1.0582,1.0867,1.0109,1.0157,15984019.7
2026-02-05 20:00:00+00:00,1.0157,1.0239,0.9622,0.9752,21415050.4
2026-02-06 00:00:00+00:00,0.9752,0.9845,0.8383,0.9592,40704951.6
2026-02-06 04:00:00+00:00,0.9592,1.0053,0.9534,0.9763,8773669.2
2026-02-06 08:00:00+00:00,0.9763,1.0199,0.9681,1.0164,8759934.4
2026-02-06 12:00:00+00:00,1.0164,1.0641,1.0086,1.0618,6703350.9
2026-02-06 16:00:00+00:00,1.0618,1.112,1.0564,1.0892,7785374.0
2026-02-06 20:00:00+00:00,1.0892,1.0998,1.0734,1.0863,3570413.9
2026-02-07 00:00:00+00:00,1.0863,1.0924,1.0662,1.0902,3575624.0
2026-02-07 04:00:00+00:00,1.0902,1.1017,1.0444,1.0537,5310979.6
2026-02-07 08:00:00+00:00,1.0537,1.0625,1.0388,1.044,3644056.3
2026-02-07 12:00:00+00:00,1.044,1.0815,1.0416,1.0709,4601959.4
2026-02-07 16:00:00+00:00,1.0709,1.1039,1.0672,1.0819,13805199.5
2026-02-07 20:00:00+00:00,1.0819,1.0877,1.0668,1.0733,1884474.1
2026-02-08 00:00:00+00:00,1.0733,1.0753,1.0608,1.0621,2088037.6
2026-02-08 04:00:00+00:00,1.0621,1.0663,1.054,1.0611,1453858.6
2026-02-08 08:00:00+00:00,1.0611,1.0788,1.0519,1.0723,2806263.9
2026-02-08 12:00:00+00:00,1.0723,1.0733,1.0508,1.0562,3253765.1
2026-02-08 16:00:00+00:00,1.0562,1.0585,1.0295,1.0537,2796020.0
2026-02-08 20:00:00+00:00,1.0537,1.0628,1.0268,1.0376,3584325.1
2026-02-09 00:00:00+00:00,1.0376,1.0506,1.0306,1.0478,2846893.2
2026-02-09 04:00:00+00:00,1.0478,1.0478,1.0235,1.0269,2511088.2
2026-02-09 08:00:00+00:00,1.0269,1.0302,0.9851,0.9909,5149784.4
2026-02-09 12:00:00+00:00,0.9909,1.0145,0.989,1.0083,4681406.8
2026-02-09 16:00:00+00:00,1.0083,1.0419,1.0011,1.0404,4479389.6
2026-02-09 20:00:00+00:00,1.0404,1.0452,1.0222,1.0295,2656872.7
2026-02-10 00:00:00+00:00,1.0295,1.0367,1.0031,1.0121,2615266.9
2026-02-10 04:00:00+00:00,1.0121,1.0159,0.9826,0.9965,4029992.8
2026-02-10 08:00:00+00:00,0.9965,1.008,0.993,0.994,2689482.6
2026-02-10 12:00:00+00:00,0.994,1.0014,0.9812,0.9971,5782560.2
2026-02-10 16:00:00+00:00,0.9971,1.0068,0.9803,0.9874,3678531.2
2026-02-10 20:00:00+00:00,0.9874,0.994,0.9831,0.9918,2187793.4
2026-02-11 00:00:00+00:00,0.9918,1.0027,0.9838,0.99,2191327.1
2026-02-11 04:00:00+00:00,0.99,0.9919,0.954,0.955,5845985.4
2026-02-11 08:00:00+00:00,0.955,0.9605,0.9432,0.9592,3890356.6
2026-02-11 12:00:00+00:00,0.9592,0.9985,0.9382,0.9471,8885357.8
2026-02-11 16:00:00+00:00,0.9471,0.9757,0.9433,0.9659,5458123.7
2026-02-11 20:00:00+00:00,0.9659,0.9859,0.9541,0.9613,3611827.0
2026-02-12 00:00:00+00:00,0.9613,0.9786,0.9608,0.9755,2928742.0
2026-02-12 04:00:00+00:00,0.9755,0.9891,0.9622,0.988,2958289.6
2026-02-12 08:00:00+00:00,0.988,1.0109,0.9781,0.992,4076982.4
2026-02-12 12:00:00+00:00,0.992,0.9927,0.9517,0.9552,8031405.2
2026-02-12 16:00:00+00:00,0.9552,0.9665,0.9322,0.9534,10197803.9
2026-02-12 20:00:00+00:00,0.9534,0.963,0.9395,0.962,3412943.5
2026-02-13 00:00:00+00:00,0.962,0.9678,0.9542,0.9624,2624584.3
2026-02-13 04:00:00+00:00,0.9624,0.9882,0.9569,0.9796,3708502.1
2026-02-13 08:00:00+00:00,0.9796,0.9901,0.9756,0.9799,2504495.8
2026-02-13 12:00:00+00:00,0.9799,1.0261,0.9721,1.0084,7437579.5
2026-02-13 16:00:00+00:00,1.0084,1.0278,1.0065,1.0213,3531444.6
2026-02-13 20:00:00+00:00,1.0213,1.0298,1.0167,1.0224,1981998.1
2026-02-14 00:00:00+00:00,1.0224,1.0297,1.019,1.027,2560700.2
2026-02-14 04:00:00+00:00,1.027,1.0319,1.015,1.0294,3511664.5
2026-02-14 08:00:00+00:00,1.0294,1.053,1.0291,1.0518,3434268.5
2026-02-14 12:00:00+00:00,1.0518,1.0687,1.0429,1.0684,4045361.7
2026-02-14 16:00:00+00:00,1.0684,1.0946,1.0573,1.0907,4292457.6
2026-02-14 20:00:00+00:00,1.0907,1.1011,1.0788,1.0839,3965590.0
2026-02-15 00:00:00+00:00,1.0839,1.0844,1.0567,1.0718,3594858.9
2026-02-15 04:00:00+00:00,1.0718,1.0897,1.0713,1.0863,3529173.6
2026-02-15 08:00:00+00:00,1.0863,1.0883,1.0653,1.0823,4623400.5
2026-02-15 12:00:00+00:00,1.0823,1.0842,1.0459,1.0574,7107858.9
2026-02-15 16:00:00+00:00,1.0574,1.058,1.0306,1.0393,5207874.8
2026-02-15 20:00:00+00:00,1.0393,1.0567,1.0353,1.0548,2163369.7
2026-02-16 00:00:00+00:00,1.0548,1.063,1.0427,1.0484,3347172.5
2026-02-16 04:00:00+00:00,1.0484,1.0592,1.039,1.0433,2140600.8
2026-02-16 08:00:00+00:00,1.0433,1.0548,1.03,1.0462,2500049.2
2026-02-16 12:00:00+00:00,1.0462,1.074,1.0227,1.0303,6745337.2
2026-02-16 16:00:00+00:00,1.0303,1.0574,1.0295,1.0534,2785334.8
2026-02-16 20:00:00+00:00,1.0534,1.0657,1.0491,1.057,2871581.5
2026-02-17 00:00:00+00:00,1.057,1.0615,1.0427,1.0545,1867444.6
2026-02-17 04:00:00+00:00,1.0545,1.0607,1.0395,1.0528,1491886.4
2026-02-17 08:00:00+00:00,1.0528,1.0567,1.0433,1.0549,1820339.5
2026-02-17 12:00:00+00:00,1.0549,1.0672,1.0278,1.0391,6648332.2
2026-02-17 16:00:00+00:00,1.0391,1.0578,1.0271,1.0452,5557409.1
2026-02-17 20:00:00+00:00,1.0452,1.0479,1.0354,1.043,2654012.2
2026-02-18 00:00:00+00:00,1.043,1.051,1.0366,1.0491,2564030.7
2026-02-18 04:00:00+00:00,1.0491,1.0526,1.0418,1.0502,1451157.2
2026-02-18 08:00:00+00:00,1.0502,1.0583,1.0347,1.0399,2732979.1
2026-02-18 12:00:00+00:00,1.0399,1.0641,1.0283,1.0515,5030783.4
2026-02-18 16:00:00+00:00,1.0515,1.0534,1.0107,1.018,5509667.9
2026-02-18 20:00:00+00:00,1.018,1.0267,1.0043,1.0169,3320240.9
2026-02-19 00:00:00+00:00,1.0169,1.0173,1.0025,1.0132,2724237.4
2026-02-19 04:00:00+00:00,1.0132,1.0216,1.0067,1.018,2181586.8
2026-02-19 08:00:00+00:00,1.018,1.0192,1.0009,1.0045,2922935.3
2026-02-19 12:00:00+00:00,1.0045,1.0094,0.9881,0.9909,4896872.4
2026-02-19 16:00:00+00:00,0.9909,1.0088,0.9804,1.0001,5402994.7
2026-02-19 20:00:00+00:00,1.0001,1.0077,0.994,1.0069,2560483.3
2026-02-20 00:00:00+00:00,1.0069,1.0134,1.0031,1.0097,2602133.6
2026-02-20 04:00:00+00:00,1.0097,1.0193,1.0005,1.0149,2268007.7
2026-02-20 08:00:00+00:00,1.0149,1.0244,1.0073,1.0137,3789999.7
2026-02-20 12:00:00+00:00,1.0137,1.0551,1.0016,1.0401,8953022.2
2026-02-20 16:00:00+00:00,1.0401,1.0461,1.0174,1.04,6565279.0
2026-02-20 20:00:00+00:00,1.04,1.0549,1.0366,1.0528,1848463.5
2026-02-21 00:00:00+00:00,1.0528,1.0655,1.0416,1.0575,2803529.7
2026-02-21 04:00:00+00:00,1.0575,1.074,1.0557,1.0664,2454152.3
2026-02-21 08:00:00+00:00,1.0664,1.1088,1.0657,1.091,6898334.6
2026-02-21 12:00:00+00:00,1.091,1.0942,1.0576,1.0595,4967704.7
2026-02-21 16:00:00+00:00,1.0595,1.0597,1.0481,1.0537,3065020.1
2026-02-21 20:00:00+00:00,1.0537,1.0626,1.049,1.0574,2284499.2
2026-02-22 00:00:00+00:00,1.0574,1.0574,1.0245,1.0307,5298805.6
2026-02-22 04:00:00+00:00,1.0307,1.0357,1.0236,1.0311,2388454.0
2026-02-22 08:00:00+00:00,1.0311,1.0331,1.0202,1.0286,2036295.4
2026-02-22 12:00:00+00:00,1.0286,1.0286,1.0049,1.0149,4109869.9
2026-02-22 16:00:00+00:00,1.0149,1.021,1.0083,1.011,2286508.8
2026-02-22 20:00:00+00:00,1.011,1.023,1.0019,1.0216,1986448.8
2026-02-23 00:00:00+00:00,1.0216,1.0285,0.9712,0.9853,10596416.6
2026-02-23 04:00:00+00:00,0.9853,1.0196,0.9794,1.0014,4668218.6
2026-02-23 08:00:00+00:00,1.0014,1.0162,0.9922,1.0082,2712677.6
2026-02-23 12:00:00+00:00,1.0082,1.0201,0.9833,0.9855,5143361.4
2026-02-23 16:00:00+00:00,0.9855,0.9904,0.9662,0.9707,6085625.7
2026-02-23 20:00:00+00:00,0.9707,0.9868,0.9631,0.9798,3269379.4
2026-02-24 00:00:00+00:00,0.9798,0.9929,0.9651,0.9764,5868260.2
2026-02-24 04:00:00+00:00,0.9764,0.9789,0.9657,0.9724,2562813.7
2026-02-24 08:00:00+00:00,0.9724,0.9776,0.9676,0.9706,2138372.1
2026-02-24 12:00:00+00:00,0.9706,0.9792,0.9529,0.9719,7586088.5
2026-02-24 16:00:00+00:00,0.9719,0.99,0.9711,0.9753,3603275.9
2026-02-24 20:00:00+00:00,0.9753,0.9789,0.9605,0.9658,1790032.3
2026-02-25 00:00:00+00:00,0.9658,1.0125,0.9646,0.9868,6004395.9
2026-02-25 04:00:00+00:00,0.9868,0.9932,0.9759,0.9932,2866578.6
2026-02-25 08:00:00+00:00,0.9932,1.0299,0.9911,1.0282,4866015.8
2026-02-25 12:00:00+00:00,1.0282,1.1141,1.028,1.1045,15011301.9
2026-02-25 16:00:00+00:00,1.1045,1.1998,1.1045,1.1984,16411892.9
2026-02-25 20:00:00+00:00,1.1984,1.2608,1.1626,1.1724,26241621.5
2026-02-26 00:00:00+00:00,1.1724,1.1842,1.1502,1.1582,9324607.1
2026-02-26 04:00:00+00:00,1.1582,1.1709,1.1251,1.1305,7249240.9
2026-02-26 08:00:00+00:00,1.1305,1.1419,1.1182,1.1206,6525928.7
2026-02-26 12:00:00+00:00,1.1206,1.1594,1.1035,1.1191,12807138.9
2026-02-26 16:00:00+00:00,1.1191,1.1212,1.083,1.1171,10118201.4
2026-02-26 20:00:00+00:00,1.1171,1.1348,1.1043,1.1265,3257936.8
2026-02-27 00:00:00+00:00,1.1265,1.1301,1.1087,1.1281,3891419.5
2026-02-27 04:00:00+00:00,1.1281,1.1462,1.1275,1.1401,3791551.4
2026-02-27 08:00:00+00:00,1.1401,1.1445,1.1184,1.1236,12137978.5
2026-02-27 12:00:00+00:00,1.1236,1.1236,1.0975,1.1071,8170897.2
2026-02-27 16:00:00+00:00,1.1071,1.1116,1.081,1.0861,6069169.2
2026-02-27 20:00:00+00:00,1.0861,1.0948,1.0704,1.0934,3510139.4
2026-02-28 00:00:00+00:00,1.0934,1.0967,1.0785,1.0844,3937858.2
2026-02-28 04:00:00+00:00,1.0844,1.0845,1.0273,1.0557,11786276.6
2026-02-28 08:00:00+00:00,1.0557,1.0684,1.0375,1.0434,7983257.4
2026-02-28 12:00:00+00:00,1.0434,1.0774,1.0434,1.066,9580479.9
2026-02-28 16:00:00+00:00,1.066,1.1364,1.0616,1.1257,13560172.5
2026-02-28 20:00:00+00:00,1.1257,1.1755,1.1237,1.1712,14902275.9
2026-03-01 00:00:00+00:00,1.1712,1.1949,1.1284,1.1516,11638616.3
2026-03-01 04:00:00+00:00,1.1516,1.2044,1.137,1.2021,9377010.2
2026-03-01 08:00:00+00:00,1.2021,1.2107,1.1449,1.1483,6846914.2
2026-03-01 12:00:00+00:00,1.1483,1.1819,1.1362,1.1519,6701405.8
2026-03-01 16:00:00+00:00,1.1519,1.1606,1.1261,1.1301,6185155.7
2026-03-01 20:00:00+00:00,1.1301,1.1579,1.1119,1.1492,5937559.6
2026-03-02 00:00:00+00:00,1.1492,1.2026,1.1422,1.194,8805890.7
2026-03-02 04:00:00+00:00,1.194,1.2266,1.1704,1.2022,22004783.8
2026-03-02 08:00:00+00:00,1.2022,1.2144,1.1684,1.2003,14429714.8
2026-03-02 12:00:00+00:00,1.2003,1.3239,1.1987,1.3064,30449442.3
2026-03-02 16:00:00+00:00,1.3064,1.3399,1.2772,1.3288,19655046.5
2026-03-02 20:00:00+00:00,1.3288,1.4152,1.3103,1.3584,25718032.7
2026-03-03 00:00:00+00:00,1.3584,1.4226,1.3441,1.4189,19359807.0
2026-03-03 04:00:00+00:00,1.4189,1.4535,1.3349,1.3431,22914182.0
2026-03-03 08:00:00+00:00,1.3431,1.4116,1.3177,1.3303,23281210.5
2026-03-03 12:00:00+00:00,1.3303,1.3978,1.3165,1.3906,22500489.7
2026-03-03 16:00:00+00:00,1.3906,1.4121,1.3474,1.3644,19022672.8
2026-03-03 20:00:00+00:00,1.3644,1.375,1.3402,1.3558,9453375.1
2026-03-04 00:00:00+00:00,1.3558,1.4147,1.3461,1.3943,12204074.7
2026-03-04 04:00:00+00:00,1.3943,1.3957,1.3362,1.3659,11097616.7
2026-03-04 08:00:00+00:00,1.3659,1.4122,1.3308,1.3368,17771906.8
2026-03-04 12:00:00+00:00,1.3368,1.3758,1.3254,1.3569,18539151.0
2026-03-04 16:00:00+00:00,1.3569,1.3573,1.3027,1.3251,12138856.1
2026-03-04 20:00:00+00:00,1.3251,1.3291,1.3014,1.3103,6970460.5
2026-03-05 00:00:00+00:00,1.3103,1.3113,1.2433,1.2784,13998854.7
2026-03-05 04:00:00+00:00,1.2784,1.296,1.2661,1.2951,6708193.4
2026-03-05 08:00:00+00:00,1.2951,1.3286,1.2786,1.2905,12664061.7
2026-03-05 12:00:00+00:00,1.2905,1.304,1.2633,1.2697,10083794.9
2026-03-05 16:00:00+00:00,1.2697,1.2849,1.2486,1.2625,8561746.7
2026-03-05 20:00:00+00:00,1.2625,1.2895,1.259,1.2707,4286684.4
2026-03-06 00:00:00+00:00,1.2707,1.2981,1.26,1.282,8915798.5
2026-03-06 04:00:00+00:00,1.282,1.2822,1.2554,1.2681,4054790.5
2026-03-06 08:00:00+00:00,1.2681,1.2711,1.2448,1.2514,3341255.0
2026-03-06 12:00:00+00:00,1.2514,1.2705,1.224,1.2294,9753017.0
2026-03-06 16:00:00+00:00,1.2294,1.2437,1.2146,1.2308,4749900.3
2026-03-06 20:00:00+00:00,1.2308,1.2449,1.224,1.2258,2556487.5
2026-03-07 00:00:00+00:00,1.2258,1.2465,1.2247,1.2334,2694885.5
2026-03-07 04:00:00+00:00,1.2334,1.2354,1.2086,1.2137,3017634.5
2026-03-07 08:00:00+00:00,1.2137,1.229,1.2123,1.2209,2418358.9
2026-03-07 12:00:00+00:00,1.2209,1.2379,1.2148,1.2202,3209949.2
2026-03-07 16:00:00+00:00,1.2202,1.2326,1.202,1.208,2768497.0
2026-03-07 20:00:00+00:00,1.208,1.2193,1.2063,1.2135,1846402.3
2026-03-08 00:00:00+00:00,1.2135,1.218,1.1982,1.2151,3091520.6
2026-03-08 04:00:00+00:00,1.2151,1.2175,1.1925,1.2006,3988173.8
2026-03-08 08:00:00+00:00,1.2006,1.2542,1.1974,1.2429,6984124.2
2026-03-08 12:00:00+00:00,1.2429,1.2561,1.2085,1.2135,7096148.0
2026-03-08 16:00:00+00:00,1.2135,1.2397,1.2027,1.2307,4054234.5
2026-03-08 20:00:00+00:00,1.2307,1.2376,1.1867,1.2104,6423068.0
2026-03-09 00:00:00+00:00,1.2104,1.268,1.2026,1.2386,6632988.7
2026-03-09 04:00:00+00:00,1.2386,1.2561,1.2171,1.2405,6995620.2
2026-03-09 08:00:00+00:00,1.2405,1.2587,1.2181,1.23,4798859.3
2026-03-09 12:00:00+00:00,1.23,1.2679,1.2248,1.2536,7866293.4
2026-03-09 16:00:00+00:00,1.2536,1.2823,1.2319,1.2527,7855080.5
2026-03-09 20:00:00+00:00,1.2527,1.2581,1.2191,1.2331,5316814.2
2026-03-10 00:00:00+00:00,1.2331,1.2624,1.2223,1.2433,5937750.3
2026-03-10 04:00:00+00:00,1.2433,1.2882,1.2433,1.2797,7121879.9
2026-03-10 08:00:00+00:00,1.2797,1.3177,1.2793,1.3054,8614417.8
2026-03-10 12:00:00+00:00,1.3054,1.332,1.2793,1.3035,10919365.0
2026-03-10 16:00:00+00:00,1.3035,1.3177,1.2742,1.2779,7735076.9
2026-03-10 20:00:00+00:00,1.2779,1.2929,1.2653,1.2829,4422699.6
2026-03-11 00:00:00+00:00,1.2829,1.3028,1.269,1.2811,5504596.3
2026-03-11 04:00:00+00:00,1.2811,1.2919,1.2661,1.276,3700770.1
2026-03-11 08:00:00+00:00,1.276,1.2882,1.2677,1.2847,3761590.6
2026-03-11 12:00:00+00:00,1.2847,1.3218,1.2818,1.2944,8928063.2
2026-03-11 16:00:00+00:00,1.2944,1.3045,1.2833,1.294,5271240.4
2026-03-11 20:00:00+00:00,1.294,1.3032,1.2874,1.2973,2244575.0
2026-03-12 00:00:00+00:00,1.2973,1.305,1.2812,1.2844,3372564.0
2026-03-12 04:00:00+00:00,1.2844,1.3244,1.2764,1.3231,5566342.8
2026-03-12 08:00:00+00:00,1.3231,1.341,1.3103,1.3226,8049086.1
2026-03-12 12:00:00+00:00,1.3226,1.333,1.3005,1.3213,8816011.7
2026-03-12 16:00:00+00:00,1.3213,1.352,1.3125,1.3386,5727508.3
2026-03-12 20:00:00+00:00,1.3386,1.3704,1.3232,1.367,5352714.7
2026-03-13 00:00:00+00:00,1.367,1.4224,1.3625,1.3859,13896669.0
2026-03-13 04:00:00+00:00,1.3859,1.3869,1.3408,1.3441,6953108.0
2026-03-13 08:00:00+00:00,1.3441,1.355,1.3197,1.3494,10425021.3
2026-03-13 12:00:00+00:00,1.3494,1.3681,1.3402,1.3517,8647502.6
2026-03-13 16:00:00+00:00,1.3517,1.3759,1.3381,1.3436,5918039.5
2026-03-13 20:00:00+00:00,1.3436,1.3561,1.3244,1.3342,3365575.3
2026-03-14 00:00:00+00:00,1.3342,1.34,1.3105,1.3314,4435210.1
2026-03-14 04:00:00+00:00,1.3314,1.3343,1.3093,1.3165,4574095.5
2026-03-14 08:00:00+00:00,1.3165,1.319,1.3024,1.305,2631844.3
2026-03-14 12:00:00+00:00,1.305,1.3139,1.2993,1.3091,2996457.6
2026-03-14 16:00:00+00:00,1.3091,1.3164,1.3022,1.3042,1486923.6
2026-03-14 20:00:00+00:00,1.3042,1.3274,1.301,1.3243,2760156.0
2026-03-15 00:00:00+00:00,1.3243,1.3777,1.3155,1.3556,7353635.0
2026-03-15 04:00:00+00:00,1.3556,1.3657,1.3285,1.3367,5652845.5
2026-03-15 08:00:00+00:00,1.3367,1.357,1.3348,1.3509,3526204.4
2026-03-15 12:00:00+00:00,1.3509,1.364,1.3209,1.336,6679981.8
2026-03-15 16:00:00+00:00,1.336,1.3536,1.3319,1.3408,5494958.7
2026-03-15 20:00:00+00:00,1.3408,1.364,1.336,1.3491,6355511.3
2026-03-16 00:00:00+00:00,1.3491,1.4053,1.3389,1.3886,10347147.8
2026-03-16 04:00:00+00:00,1.3886,1.418,1.3873,1.3926,7658107.1
2026-03-16 08:00:00+00:00,1.3926,1.4069,1.3691,1.3915,7612237.5
2026-03-16 12:00:00+00:00,1.3915,1.4377,1.3874,1.4137,11926233.2
2026-03-16 16:00:00+00:00,1.4137,1.4486,1.4119,1.4453,6525833.4
2026-03-16 20:00:00+00:00,1.4453,1.5104,1.4408,1.4903,11007151.1
2026-03-17 00:00:00+00:00,1.4903,1.5089,1.4457,1.4558,9723673.9
2026-03-17 04:00:00+00:00,1.4558,1.4663,1.4223,1.4602,7728856.2
2026-03-17 08:00:00+00:00,1.4602,1.4746,1.4389,1.4426,6768860.3
2026-03-17 12:00:00+00:00,1.4426,1.4607,1.4305,1.4585,6439300.8
2026-03-17 16:00:00+00:00,1.4585,1.4655,1.4504,1.4521,3375225.4
2026-03-17 20:00:00+00:00,1.4521,1.4659,1.4479,1.4507,3418208.8
2026-03-18 00:00:00+00:00,1.4507,1.4686,1.4465,1.4566,3612230.5
2026-03-18 04:00:00+00:00,1.4566,1.4681,1.4284,1.4382,4423063.9
2026-03-18 08:00:00+00:00,1.4382,1.4579,1.4226,1.433,6875268.3
2026-03-18 12:00:00+00:00,1.433,1.4363,1.3763,1.3834,14040643.9
2026-03-18 16:00:00+00:00,1.3834,1.4036,1.3702,1.3896,8180336.1
2026-03-18 20:00:00+00:00,1.3896,1.4043,1.3782,1.3853,4178451.3
2026-03-19 00:00:00+00:00,1.3853,1.3961,1.368,1.3846,4202769.7
2026-03-19 04:00:00+00:00,1.3846,1.3846,1.3422,1.3528,7039535.3
2026-03-19 08:00:00+00:00,1.3528,1.3645,1.3463,1.3542,2730785.7
2026-03-19 12:00:00+00:00,1.3542,1.3547,1.3207,1.3342,7940395.5
2026-03-19 16:00:00+00:00,1.3342,1.3495,1.321,1.3426,4312765.1
2026-03-19 20:00:00+00:00,1.3426,1.3453,1.322,1.3334,2970527.6
2026-03-20 00:00:00+00:00,1.3334,1.3581,1.3321,1.3448,4473921.3
2026-03-20 04:00:00+00:00,1.3448,1.3643,1.3374,1.3498,5032463.2
2026-03-20 08:00:00+00:00,1.3498,1.3587,1.3274,1.3332,4910724.7
2026-03-20 12:00:00+00:00,1.3332,1.3435,1.3131,1.3316,6583598.8
2026-03-20 16:00:00+00:00,1.3316,1.3377,1.3081,1.3217,3593009.0
2026-03-20 20:00:00+00:00,1.3217,1.336,1.3101,1.3148,2892555.1
2026-03-21 00:00:00+00:00,1.3148,1.3219,1.3113,1.3141,1652113.4
2026-03-21 04:00:00+00:00,1.3141,1.3202,1.312,1.3154,2138494.9
2026-03-21 08:00:00+00:00,1.3154,1.3221,1.3096,1.3125,1895476.0
2026-03-21 12:00:00+00:00,1.3125,1.3295,1.3041,1.3294,3859029.3
2026-03-21 16:00:00+00:00,1.3294,1.3325,1.3168,1.3196,1870795.3
2026-03-21 20:00:00+00:00,1.3196,1.3265,1.271,1.2808,5935232.0
2026-03-22 00:00:00+00:00,1.2808,1.3057,1.2597,1.2958,5967222.9
2026-03-22 04:00:00+00:00,1.2958,1.3041,1.29,1.2902,2185490.0
2026-03-22 08:00:00+00:00,1.2902,1.3,1.2757,1.2771,3346813.7
2026-03-22 12:00:00+00:00,1.2771,1.2956,1.2725,1.2858,3315909.1
2026-03-22 16:00:00+00:00,1.2858,1.2932,1.2702,1.2764,2276620.8
2026-03-22 20:00:00+00:00,1.2764,1.2851,1.2633,1.2727,4401342.7
2026-03-23 00:00:00+00:00,1.2727,1.2921,1.2645,1.2818,3404429.2
2026-03-23 04:00:00+00:00,1.2818,1.2926,1.255,1.2646,3879330.7
2026-03-23 08:00:00+00:00,1.2646,1.331,1.2503,1.3008,10750342.0
2026-03-23 12:00:00+00:00,1.3008,1.3252,1.2895,1.2925,7472771.8
2026-03-23 16:00:00+00:00,1.2925,1.3196,1.2895,1.3041,3348865.6
2026-03-23 20:00:00+00:00,1.3041,1.3271,1.3009,1.31,2499610.0
2026-03-24 00:00:00+00:00,1.31,1.3163,1.2949,1.3074,2976748.2
2026-03-24 04:00:00+00:00,1.3074,1.3203,1.2967,1.318,2988111.6
2026-03-24 08:00:00+00:00,1.318,1.3281,1.2951,1.3,3889505.0
2026-03-24 12:00:00+00:00,1.3,1.3024,1.2794,1.2822,5612405.3
2026-03-24 16:00:00+00:00,1.2822,1.297,1.271,1.2926,4280685.8
2026-03-24 20:00:00+00:00,1.2926,1.3031,1.2833,1.2906,3920611.3
2026-03-25 00:00:00+00:00,1.2906,1.3013,1.2858,1.2911,2371137.3
2026-03-25 04:00:00+00:00,1.2911,1.3054,1.2647,1.2756,5014294.6
2026-03-25 08:00:00+00:00,1.2756,1.3065,1.2754,1.306,5952761.0
2026-03-25 12:00:00+00:00,1.306,1.3109,1.2771,1.2808,7044363.7
2026-03-25 16:00:00+00:00,1.2808,1.2978,1.2716,1.2791,3303702.5
2026-03-25 20:00:00+00:00,1.2791,1.2856,1.2679,1.2782,2395416.9
2026-03-26 00:00:00+00:00,1.2782,1.2788,1.2518,1.2541,4457515.9
2026-03-26 04:00:00+00:00,1.2541,1.2548,1.2286,1.2336,3700305.5
2026-03-26 08:00:00+00:00,1.2336,1.2351,1.2157,1.2244,5149403.8
2026-03-26 12:00:00+00:00,1.2244,1.2391,1.217,1.2193,4822916.2
2026-03-26 16:00:00+00:00,1.2193,1.2252,1.2025,1.2064,4976021.6
2026-03-26 20:00:00+00:00,1.2064,1.2324,1.2029,1.2225,4190103.2
2026-03-27 00:00:00+00:00,1.2225,1.2396,1.2225,1.2281,2245214.3
2026-03-27 04:00:00+00:00,1.2281,1.2377,1.22,1.2361,2495033.4
2026-03-27 08:00:00+00:00,1.2361,1.2385,1.1827,1.1867,7493075.7
2026-03-27 12:00:00+00:00,1.1867,1.1913,1.1743,1.1803,5667961.2
2026-03-27 16:00:00+00:00,1.1803,1.189,1.1732,1.179,3147809.5
2026-03-27 20:00:00+00:00,1.179,1.1832,1.1681,1.1792,2325673.5
2026-03-28 00:00:00+00:00,1.1792,1.1806,1.1603,1.1647,2359942.8
2026-03-28 04:00:00+00:00,1.1647,1.1771,1.1617,1.175,1966469.5
2026-03-28 08:00:00+00:00,1.175,1.1777,1.1607,1.1697,1728784.1
2026-03-28 12:00:00+00:00,1.1697,1.187,1.1616,1.1837,4923134.0
2026-03-28 16:00:00+00:00,1.1837,1.1898,1.1784,1.1879,2764220.4
2026-03-28 20:00:00+00:00,1.1879,1.191,1.1636,1.1725,5385084.9
2026-03-29 00:00:00+00:00,1.1725,1.1762,1.1605,1.1703,4840651.4
2026-03-29 04:00:00+00:00,1.1703,1.1723,1.1608,1.1616,1846438.0
2026-03-29 08:00:00+00:00,1.1616,1.1662,1.1517,1.1625,3819956.3
2026-03-29 12:00:00+00:00,1.1625,1.1643,1.1502,1.1587,3492214.0
2026-03-29 16:00:00+00:00,1.1587,1.1613,1.1485,1.1565,2382777.6
2026-03-29 20:00:00+00:00,1.1565,1.1741,1.1285,1.1635,6434199.0
2026-03-30 00:00:00+00:00,1.1635,1.1972,1.1625,1.1889,5485750.5
2026-03-30 04:00:00+00:00,1.1889,1.2055,1.186,1.2041,5083101.4
2026-03-30 08:00:00+00:00,1.2041,1.2242,1.1939,1.1995,6634494.9
2026-03-30 12:00:00+00:00,1.1995,1.2071,1.1763,1.1797,4771470.8
2026-03-30 16:00:00+00:00,1.1797,1.1807,1.1471,1.1531,6554573.5
2026-03-30 20:00:00+00:00,1.1531,1.1738,1.148,1.161,3410690.5
2026-03-31 00:00:00+00:00,1.161,1.2027,1.1594,1.1794,6658049.7
2026-03-31 04:00:00+00:00,1.1794,1.1869,1.1732,1.1859,3301129.4
2026-03-31 08:00:00+00:00,1.1859,1.1871,1.1615,1.1747,5541455.7
2026-03-31 12:00:00+00:00,1.1747,1.1986,1.1712,1.1724,7261305.9
2026-03-31 16:00:00+00:00,1.1724,1.2027,1.1715,1.1864,6628287.7
2026-03-31 20:00:00+00:00,1.1864,1.1894,1.1748,1.1877,2285816.6
2026-04-01 00:00:00+00:00,1.1877,1.1931,1.1773,1.1917,2799621.4
2026-04-01 04:00:00+00:00,1.1917,1.2276,1.1877,1.217,4134350.0
2026-04-01 08:00:00+00:00,1.217,1.2225,1.1995,1.211,3513367.2
2026-04-01 12:00:00+00:00,1.211,1.2283,1.1998,1.2058,9229162.2
2026-04-01 16:00:00+00:00,1.2058,1.2142,1.1963,1.2007,4156406.8
2026-04-01 20:00:00+00:00,1.2007,1.2047,1.1843,1.1906,2396969.0
2026-04-02 00:00:00+00:00,1.1906,1.205,1.1523,1.1558,7471838.7
2026-04-02 04:00:00+00:00,1.1558,1.1667,1.1448,1.1648,3931935.2
2026-04-02 08:00:00+00:00,1.1648,1.1655,1.1449,1.1522,3533940.6
2026-04-02 12:00:00+00:00,1.1522,1.169,1.1387,1.1558,6698755.7
2026-04-02 16:00:00+00:00,1.1558,1.1657,1.1471,1.1577,3783902.1
2026-04-02 20:00:00+00:00,1.1577,1.163,1.1524,1.1619,3148987.1
2026-04-03 00:00:00+00:00,1.1619,1.1788,1.157,1.1754,3109560.2
2026-04-03 04:00:00+00:00,1.1754,1.2101,1.1735,1.2041,5381203.0
2026-04-03 08:00:00+00:00,1.2041,1.2279,1.2033,1.2231,6798048.3
2026-04-03 12:00:00+00:00,1.2231,1.2287,1.2018,1.204,5532369.8
2026-04-03 16:00:00+00:00,1.204,1.2124,1.1964,1.2059,2517217.5
2026-04-03 20:00:00+00:00,1.2059,1.2205,1.2036,1.2079,2073334.3
2026-04-04 00:00:00+00:00,1.2079,1.2239,1.2051,1.2216,2177641.5
2026-04-04 04:00:00+00:00,1.2216,1.2333,1.2172,1.2303,3378497.3
2026-04-04 08:00:00+00:00,1.2303,1.2375,1.2228,1.2307,3139364.7
2026-04-04 12:00:00+00:00,1.2307,1.2666,1.23,1.2633,8494140.0
2026-04-04 16:00:00+00:00,1.2633,1.2876,1.2508,1.2687,6843730.1
2026-04-04 20:00:00+00:00,1.2687,1.2736,1.2507,1.2543,2931632.0
2026-04-05 00:00:00+00:00,1.2543,1.264,1.2515,1.2596,2046833.2
2026-04-05 04:00:00+00:00,1.2596,1.2691,1.2364,1.2388,3947599.6
2026-04-05 08:00:00+00:00,1.2388,1.2496,1.2378,1.2463,2241612.7
2026-04-05 12:00:00+00:00,1.2463,1.2625,1.2328,1.2463,4760163.9
2026-04-05 16:00:00+00:00,1.2463,1.2497,1.2263,1.2317,3313693.2
2026-04-05 20:00:00+00:00,1.2317,1.2518,1.222,1.2463,3827424.2
2026-04-06 00:00:00+00:00,1.2463,1.2762,1.2463,1.273,4275058.8
2026-04-06 04:00:00+00:00,1.273,1.2797,1.262,1.2672,3112279.8
2026-04-06 08:00:00+00:00,1.2672,1.301,1.2672,1.2954,6154459.6
2026-04-06 12:00:00+00:00,1.2954,1.3016,1.2691,1.2787,4307632.9
2026-04-06 16:00:00+00:00,1.2787,1.2859,1.2668,1.2727,3493805.8
2026-04-06 20:00:00+00:00,1.2727,1.2795,1.2358,1.2477,7013082.7
2026-04-07 00:00:00+00:00,1.2477,1.25,1.2292,1.2393,3482628.9
2026-04-07 04:00:00+00:00,1.2393,1.2414,1.2256,1.236,2582383.7
2026-04-07 08:00:00+00:00,1.236,1.2558,1.2333,1.2356,4348104.8
2026-04-07 12:00:00+00:00,1.2356,1.2476,1.2184,1.2379,7187629.4
2026-04-07 16:00:00+00:00,1.2379,1.2648,1.2336,1.2604,4917296.4
2026-04-07 20:00:00+00:00,1.2604,1.3391,1.2604,1.3082,11914651.8
2026-04-08 00:00:00+00:00,1.3082,1.3123,1.2834,1.2969,6150101.5
2026-04-08 04:00:00+00:00,1.2969,1.3512,1.2958,1.3497,9808577.9
2026-04-08 08:00:00+00:00,1.3497,1.3779,1.3378,1.3588,9699615.1
2026-04-08 12:00:00+00:00,1.3588,1.3906,1.3427,1.3495,11551352.1
2026-04-08 16:00:00+00:00,1.3495,1.3671,1.3373,1.3439,5441702.4
2026-04-08 20:00:00+00:00,1.3439,1.3528,1.326,1.329,4638816.8
2026-04-09 00:00:00+00:00,1.329,1.3414,1.3191,1.3288,4847604.4
2026-04-09 04:00:00+00:00,1.3288,1.3541,1.3253,1.3483,4405076.7
2026-04-09 08:00:00+00:00,1.3483,1.3489,1.3247,1.328,3584323.3
2026-04-09 12:00:00+00:00,1.328,1.3913,1.3213,1.3795,11634998.8
2026-04-09 16:00:00+00:00,1.3795,1.3904,1.3474,1.3615,5839781.4
2026-04-09 20:00:00+00:00,1.3615,1.3877,1.3504,1.3653,5292768.8
2026-04-10 00:00:00+00:00,1.3653,1.3784,1.351,1.3569,6632167.9
2026-04-10 04:00:00+00:00,1.3569,1.3763,1.3471,1.3563,4237205.2
2026-04-10 08:00:00+00:00,1.3563,1.384,1.3438,1.3636,5842117.1
2026-04-10 12:00:00+00:00,1.3636,1.394,1.3532,1.3761,6414870.2
2026-04-10 16:00:00+00:00,1.3761,1.38,1.3585,1.377,2682650.4
2026-04-10 20:00:00+00:00,1.377,1.3786,1.3454,1.3598,2674609.2
2026-04-11 00:00:00+00:00,1.3598,1.3635,1.3381,1.3528,3216696.9
2026-04-11 04:00:00+00:00,1.3528,1.3538,1.3272,1.3393,2948661.9
2026-04-11 08:00:00+00:00,1.3393,1.3527,1.3387,1.3511,2425365.4
2026-04-11 12:00:00+00:00,1.3511,1.3686,1.3463,1.3667,3746307.7
2026-04-11 16:00:00+00:00,1.3667,1.4221,1.3656,1.4072,9670677.2
2026-04-11 20:00:00+00:00,1.4072,1.4242,1.3928,1.4015,5643164.0
2026-04-12 00:00:00+00:00,1.4015,1.4065,1.3329,1.3429,9134007.5
2026-04-12 04:00:00+00:00,1.3429,1.3437,1.3298,1.3341,3277507.8
2026-04-12 08:00:00+00:00,1.3341,1.3407,1.3218,1.3302,3839346.0
2026-04-12 12:00:00+00:00,1.3302,1.3511,1.3269,1.3341,7190993.1
2026-04-12 16:00:00+00:00,1.3341,1.3668,1.3328,1.3553,3170780.1
2026-04-12 20:00:00+00:00,1.3553,1.3678,1.3386,1.345,4545384.5
2026-04-13 00:00:00+00:00,1.345,1.3865,1.3441,1.3666,6280893.7
2026-04-13 04:00:00+00:00,1.3666,1.3956,1.3486,1.386,8404198.4
2026-04-13 08:00:00+00:00,1.386,1.3946,1.3687,1.3796,5344918.8
2026-04-13 12:00:00+00:00,1.3796,1.409,1.3627,1.3751,9512332.7
2026-04-13 16:00:00+00:00,1.3751,1.4133,1.3719,1.407,6234849.2
2026-04-13 20:00:00+00:00,1.407,1.4211,1.3851,1.418,6205890.9
2026-04-14 00:00:00+00:00,1.418,1.4229,1.4023,1.4084,3212301.8
2026-04-14 04:00:00+00:00,1.4084,1.433,1.3981,1.4325,3844980.3
2026-04-14 08:00:00+00:00,1.4325,1.4388,1.3981,1.4034,6127236.3
2026-04-14 12:00:00+00:00,1.4034,1.4139,1.3711,1.3831,11957326.9
2026-04-14 16:00:00+00:00,1.3831,1.388,1.3507,1.3686,4778472.8
2026-04-14 20:00:00+00:00,1.3686,1.3718,1.3478,1.3581,3006026.2
2026-04-15 00:00:00+00:00,1.3581,1.3708,1.3567,1.3655,2863095.3
2026-04-15 04:00:00+00:00,1.3655,1.3726,1.3395,1.3433,3735970.2
2026-04-15 08:00:00+00:00,1.3433,1.3857,1.3414,1.3796,5446781.1
2026-04-15 12:00:00+00:00,1.3796,1.4012,1.3774,1.3985,5894805.4
2026-04-15 16:00:00+00:00,1.3985,1.4157,1.3904,1.4124,4369368.2
2026-04-15 20:00:00+00:00,1.4124,1.4205,1.4002,1.4091,5091201.7
2026-04-16 00:00:00+00:00,1.4091,1.4301,1.3993,1.4289,4313776.6
2026-04-16 04:00:00+00:00,1.4289,1.4434,1.4186,1.4311,4952765.0
2026-04-16 08:00:00+00:00,1.4311,1.4317,1.399,1.404,5924667.1
2026-04-16 12:00:00+00:00,1.404,1.4161,1.3652,1.4148,11238748.0
2026-04-16 16:00:00+00:00,1.4148,1.434,1.3826,1.4314,10681081.7
2026-04-16 20:00:00+00:00,1.4314,1.4412,1.4151,1.4309,4043946.1
2026-04-17 00:00:00+00:00,1.4309,1.4342,1.403,1.4076,4128825.9
2026-04-17 04:00:00+00:00,1.4076,1.4269,1.3927,1.4248,3609589.6
2026-04-17 08:00:00+00:00,1.4248,1.4316,1.3695,1.3938,8978414.2
2026-04-17 12:00:00+00:00,1.3938,1.4409,1.3875,1.4106,9377035.4
2026-04-17 16:00:00+00:00,1.4106,1.4315,1.4081,1.4236,4960501.7
2026-04-17 20:00:00+00:00,1.4236,1.4282,1.4027,1.4068,2630090.7
2026-04-18 00:00:00+00:00,1.4068,1.4092,1.3909,1.3978,3503236.8
2026-04-18 04:00:00+00:00,1.3978,1.4217,1.397,1.418,2579480.0
2026-04-18 08:00:00+00:00,1.418,1.42,1.3838,1.3902,5992421.1
2026-04-18 12:00:00+00:00,1.3902,1.393,1.3678,1.3756,3912374.4
2026-04-18 16:00:00+00:00,1.3756,1.3836,1.35,1.3563,5197596.8
2026-04-18 20:00:00+00:00,1.3563,1.3599,1.3401,1.3423,2831569.8
2026-04-19 00:00:00+00:00,1.3423,1.349,1.3283,1.3417,4987525.1
2026-04-19 04:00:00+00:00,1.3417,1.3563,1.3204,1.3335,4002117.8
2026-04-19 08:00:00+00:00,1.3335,1.3601,1.3294,1.3588,3696690.3
2026-04-19 12:00:00+00:00,1.3588,1.3874,1.349,1.3655,7409080.0
2026-04-19 16:00:00+00:00,1.3655,1.3674,1.344,1.358,4291952.5
2026-04-19 20:00:00+00:00,1.358,1.358,1.3203,1.325,3979329.3
2026-04-20 00:00:00+00:00,1.325,1.3595,1.3241,1.3575,3337980.1
2026-04-20 04:00:00+00:00,1.3575,1.3647,1.3372,1.3472,3935671.4
2026-04-20 08:00:00+00:00,1.3472,1.3582,1.3385,1.3487,2837639.0
2026-04-20 12:00:00+00:00,1.3487,1.3635,1.3335,1.3514,4875347.5
2026-04-20 16:00:00+00:00,1.3514,1.3696,1.3437,1.3587,2972820.5
2026-04-20 20:00:00+00:00,1.3587,1.3719,1.3528,1.3608,2476211.4
2026-04-21 00:00:00+00:00,1.3608,1.3705,1.3485,1.3535,2715029.0
2026-04-21 04:00:00+00:00,1.3535,1.3808,1.3511,1.378,2457133.7
2026-04-21 08:00:00+00:00,1.378,1.3978,1.374,1.3924,3074304.7
2026-04-21 12:00:00+00:00,1.3924,1.3954,1.3629,1.375,4623876.2
2026-04-21 16:00:00+00:00,1.375,1.3808,1.3494,1.3545,4141035.2
2026-04-21 20:00:00+00:00,1.3545,1.3868,1.3538,1.3844,3114874.2
2026-04-22 00:00:00+00:00,1.3844,1.4037,1.376,1.4034,2966049.1
2026-04-22 04:00:00+00:00,1.4034,1.4157,1.3974,1.4126,3546234.2
2026-04-22 08:00:00+00:00,1.4126,1.4255,1.4117,1.4235,2506627.5
2026-04-22 12:00:00+00:00,1.4235,1.4311,1.4088,1.4224,3166646.5
2026-04-22 16:00:00+00:00,1.4224,1.4235,1.4039,1.4155,2222562.6
2026-04-22 20:00:00+00:00,1.4155,1.4165,1.3978,1.4008,1938133.6
2026-04-23 00:00:00+00:00,1.4008,1.4077,1.373,1.3799,3588197.3
2026-04-23 04:00:00+00:00,1.3799,1.3926,1.3761,1.3847,2257371.3
2026-04-23 08:00:00+00:00,1.3847,1.3899,1.3695,1.3885,3004603.3
2026-04-23 12:00:00+00:00,1.3885,1.4108,1.3821,1.409,3609580.6
2026-04-23 16:00:00+00:00,1.409,1.4142,1.376,1.3914,5635638.7
2026-04-23 20:00:00+00:00,1.3914,1.4084,1.3907,1.4047,1911111.1
2026-04-24 00:00:00+00:00,1.4047,1.4115,1.3959,1.4051,1583874.2
2026-04-24 04:00:00+00:00,1.4051,1.4166,1.401,1.4095,2294126.2
2026-04-24 08:00:00+00:00,1.4095,1.4245,1.4037,1.4198,3308987.6
2026-04-24 12:00:00+00:00,1.4198,1.4268,1.4052,1.4266,2985489.7
2026-04-24 16:00:00+00:00,1.4266,1.4322,1.4071,1.4123,3963769.1
2026-04-24 20:00:00+00:00,1.4123,1.4183,1.3983,1.4068,2222466.2
2026-04-25 00:00:00+00:00,1.4068,1.4168,1.4011,1.415,1710713.2
2026-04-25 04:00:00+00:00,1.415,1.4207,1.4099,1.4142,1220416.2
2026-04-25 08:00:00+00:00,1.4142,1.4178,1.4008,1.4037,1420828.8
2026-04-25 12:00:00+00:00,1.4037,1.407,1.3977,1.4005,1693652.6
2026-04-25 16:00:00+00:00,1.4005,1.4034,1.387,1.3902,2179656.7
2026-04-25 20:00:00+00:00,1.3902,1.4033,1.3901,1.4015,1819329.2
2026-04-26 00:00:00+00:00,1.4015,1.4015,1.3866,1.3942,2891669.5
2026-04-26 04:00:00+00:00,1.3942,1.4113,1.3927,1.4077,1728203.1
2026-04-26 08:00:00+00:00,1.4077,1.4129,1.4025,1.4031,1931737.8
2026-04-26 12:00:00+00:00,1.4031,1.4041,1.3829,1.3893,3060558.7
2026-04-26 16:00:00+00:00,1.3893,1.397,1.382,1.3899,2550264.6
2026-04-26 20:00:00+00:00,1.3899,1.3983,1.3772,1.3933,2569360.7
2026-04-27 00:00:00+00:00,1.3933,1.4126,1.3914,1.4042,2450973.2
2026-04-27 04:00:00+00:00,1.4042,1.4045,1.3652,1.3689,4347739.9
2026-04-27 08:00:00+00:00,1.3689,1.38,1.3662,1.3774,2729745.7
2026-04-27 12:00:00+00:00,1.3774,1.3784,1.3445,1.347,4214987.9
2026-04-27 16:00:00+00:00,1.347,1.3577,1.3396,1.3453,1781712.8
2026-04-27 20:00:00+00:00,1.3453,1.3649,1.3446,1.363,1491689.8
2026-04-28 00:00:00+00:00,1.363,1.3631,1.3515,1.359,1951635.4
2026-04-28 04:00:00+00:00,1.359,1.3662,1.3446,1.3508,2484606.4
2026-04-28 08:00:00+00:00,1.3508,1.3538,1.3414,1.345,1732179.6
2026-04-28 12:00:00+00:00,1.345,1.3597,1.3274,1.3326,5765224.5
2026-04-28 16:00:00+00:00,1.3326,1.3527,1.3299,1.349,2104633.7
2026-04-28 20:00:00+00:00,1.349,1.3524,1.343,1.3463,869667.2
2026-04-29 00:00:00+00:00,1.3463,1.3651,1.3422,1.3641,2767241.8
2026-04-29 04:00:00+00:00,1.3641,1.3737,1.3596,1.3611,1775556.4
2026-04-29 08:00:00+00:00,1.3611,1.3719,1.3531,1.3552,3482646.7
2026-04-29 12:00:00+00:00,1.3552,1.356,1.3151,1.3192,4397345.9
2026-04-29 16:00:00+00:00,1.3192,1.3275,1.2899,1.3109,6002006.7
2026-04-29 20:00:00+00:00,1.3109,1.3273,1.3099,1.3263,1854336.5
2026-04-30 00:00:00+00:00,1.3263,1.3421,1.3209,1.3281,2309705.5
2026-04-30 04:00:00+00:00,1.3281,1.3291,1.3142,1.3283,1915536.6
2026-04-30 08:00:00+00:00,1.3283,1.3314,1.3173,1.3237,2606210.7
2026-04-30 12:00:00+00:00,1.3237,1.3286,1.3054,1.3108,1912460.2
2026-04-30 16:00:00+00:00,1.3108,1.312,1.3005,1.3019,1256599.0
2026-04-30 20:00:00+00:00,1.3019,1.3042,1.2892,1.2964,1607302.4
2026-05-01 00:00:00+00:00,1.2964,1.3186,1.2925,1.3084,2133999.9
2026-05-01 04:00:00+00:00,1.3084,1.3123,1.2935,1.297,1794921.4
2026-05-01 08:00:00+00:00,1.297,1.3013,1.2927,1.298,1457218.9
2026-05-01 12:00:00+00:00,1.298,1.312,1.2852,1.2938,5050173.4
2026-05-01 16:00:00+00:00,1.2938,1.2962,1.2832,1.2914,3004907.6
2026-05-01 20:00:00+00:00,1.2914,1.2928,1.276,1.2878,2628194.0
2026-05-02 00:00:00+00:00,1.2878,1.2997,1.2847,1.2965,2430297.9
2026-05-02 04:00:00+00:00,1.2965,1.2981,1.2844,1.2881,1473080.2
2026-05-02 08:00:00+00:00,1.2881,1.2957,1.2766,1.2807,2383561.9
2026-05-02 12:00:00+00:00,1.2807,1.289,1.277,1.287,2761867.7
2026-05-02 16:00:00+00:00,1.287,1.2993,1.2858,1.2911,1731625.9
2026-05-02 20:00:00+00:00,1.2911,1.3031,1.2887,1.2989,1815116.3
2026-05-03 00:00:00+00:00,1.2989,1.3017,1.2747,1.2818,2449985.8
2026-05-03 04:00:00+00:00,1.2818,1.2853,1.2719,1.2788,3424464.3
2026-05-03 08:00:00+00:00,1.2788,1.2822,1.2659,1.2755,2876591.1
2026-05-03 12:00:00+00:00,1.2755,1.2824,1.2673,1.2727,1950361.7
2026-05-03 16:00:00+00:00,1.2727,1.2787,1.2681,1.2766,1403868.8
2026-05-03 20:00:00+00:00,1.2766,1.2865,1.2678,1.2742,3137040.4
2026-05-04 00:00:00+00:00,1.2742,1.3002,1.2611,1.2967,6856405.7
2026-05-04 04:00:00+00:00,1.2967,1.3111,1.2785,1.2828,4422405.4
2026-05-04 08:00:00+00:00,1.2828,1.285,1.2442,1.2516,10627010.5
2026-05-04 12:00:00+00:00,1.2516,1.2817,1.2461,1.268,8606107.6
2026-05-04 16:00:00+00:00,1.268,1.2817,1.2595,1.2746,3378053.3
2026-05-04 20:00:00+00:00,1.2746,1.286,1.256,1.2618,3828306.8
2026-05-05 00:00:00+00:00,1.2618,1.2749,1.2569,1.2686,2995299.5
2026-05-05 04:00:00+00:00,1.2686,1.2804,1.2681,1.2726,1768096.4
2026-05-05 08:00:00+00:00,1.2726,1.2811,1.2687,1.2792,2330272.2
2026-05-05 12:00:00+00:00,1.2792,1.2946,1.2725,1.2727,5039780.1
2026-05-05 16:00:00+00:00,1.2727,1.2902,1.263,1.2892,3835395.2
2026-05-05 20:00:00+00:00,1.2892,1.3179,1.2868,1.2955,7176484.1
2026-05-06 00:00:00+00:00,1.2955,1.3212,1.288,1.3173,3843616.3
2026-05-06 04:00:00+00:00,1.3173,1.358,1.308,1.3577,6254048.4
2026-05-06 08:00:00+00:00,1.3577,1.4813,1.3576,1.4811,26275385.7
2026-05-06 12:00:00+00:00,1.4811,1.5181,1.4309,1.5095,21680034.5
2026-05-06 16:00:00+00:00,1.5095,1.5274,1.492,1.504,12355360.2
2026-05-06 20:00:00+00:00,1.504,1.5487,1.4756,1.4878,11247816.5
2026-05-07 00:00:00+00:00,1.4878,1.5016,1.463,1.4866,7797789.5
2026-05-07 04:00:00+00:00,1.4866,1.528,1.48,1.5035,9065905.3
2026-05-07 08:00:00+00:00,1.5035,1.5036,1.4645,1.4731,5527830.7
2026-05-07 12:00:00+00:00,1.4731,1.5041,1.4652,1.4824,7406048.6
2026-05-07 16:00:00+00:00,1.4824,1.493,1.4548,1.4593,5747400.7
2026-05-07 20:00:00+00:00,1.4593,1.4753,1.4504,1.4702,3904870.8
2026-05-08 00:00:00+00:00,1.4702,1.487,1.4548,1.4808,2973799.2
2026-05-08 04:00:00+00:00,1.4808,1.5386,1.4776,1.5338,7421479.4
2026-05-08 08:00:00+00:00,1.5338,1.58,1.5105,1.5493,12355585.1
2026-05-08 12:00:00+00:00,1.5493,1.5886,1.5216,1.5809,8296964.9
2026-05-08 16:00:00+00:00,1.5809,1.5822,1.5351,1.5703,5653471.8
2026-05-08 20:00:00+00:00,1.5703,1.6069,1.5677,1.5962,5285985.6
2026-05-09 00:00:00+00:00,1.5962,1.617,1.578,1.5992,7288533.0
2026-05-09 04:00:00+00:00,1.5992,1.6043,1.5656,1.5735,4888776.2
2026-05-09 08:00:00+00:00,1.5735,1.5905,1.5619,1.5874,4014186.8
2026-05-09 12:00:00+00:00,1.5874,1.5912,1.5497,1.5558,5519797.2
2026-05-09 16:00:00+00:00,1.5558,1.5756,1.5484,1.5598,3936388.2
2026-05-09 20:00:00+00:00,1.5598,1.5722,1.5536,1.5661,2216499.4
2026-05-10 00:00:00+00:00,1.5661,1.5662,1.5439,1.5539,2136594.4
2026-05-10 04:00:00+00:00,1.5539,1.5727,1.5483,1.5627,1525933.5
2026-05-10 08:00:00+00:00,1.5627,1.5802,1.5616,1.5627,2543235.5
2026-05-10 12:00:00+00:00,1.5627,1.584,1.5596,1.5792,3534517.4
2026-05-10 16:00:00+00:00,1.5792,1.6255,1.5736,1.6221,6121267.7
2026-05-10 20:00:00+00:00,1.6221,1.6313,1.5328,1.5635,11082171.5
2026-05-11 00:00:00+00:00,1.5635,1.5702,1.5207,1.5289,6933702.4
2026-05-11 04:00:00+00:00,1.5289,1.5635,1.5175,1.5604,3749500.8
2026-05-11 08:00:00+00:00,1.5604,1.5746,1.5395,1.5447,6098356.1
2026-05-11 12:00:00+00:00,1.5447,1.5516,1.5103,1.5209,8181772.9
2026-05-11 16:00:00+00:00,1.5209,1.5526,1.5161,1.5509,3684826.3
2026-05-11 20:00:00+00:00,1.5509,1.5603,1.5352,1.5473,4070276.6
2026-05-12 00:00:00+00:00,1.5473,1.5478,1.5032,1.5207,3766578.1
2026-05-12 04:00:00+00:00,1.5207,1.5855,1.5188,1.5794,7059916.5
2026-05-12 08:00:00+00:00,1.5794,1.6054,1.5356,1.5517,13612045.1
2026-05-12 12:00:00+00:00,1.5517,1.5753,1.5132,1.5493,14887725.5
2026-05-12 16:00:00+00:00,1.5493,1.6402,1.5245,1.6002,19585084.6
2026-05-12 20:00:00+00:00,1.6002,1.6494,1.5919,1.6073,10562391.1
2026-05-13 00:00:00+00:00,1.6073,1.6907,1.5993,1.6855,11683312.9
2026-05-13 04:00:00+00:00,1.6855,1.6866,1.6074,1.6194,10273409.0
2026-05-13 08:00:00+00:00,1.6194,1.6318,1.5815,1.5917,10636148.4
2026-05-13 12:00:00+00:00,1.5917,1.5989,1.5486,1.5523,10341437.9
2026-05-13 16:00:00+00:00,1.5523,1.6133,1.5517,1.5857,7527436.3
2026-05-13 20:00:00+00:00,1.5857,1.5952,1.5573,1.5745,3519132.5
2026-05-14 00:00:00+00:00,1.5745,1.6212,1.5359,1.5515,6816038.0
2026-05-14 04:00:00+00:00,1.5515,1.5824,1.5461,1.5737,5018776.2
2026-05-14 08:00:00+00:00,1.5737,1.591,1.5502,1.5613,4960019.4
2026-05-14 12:00:00+00:00,1.5613,1.6187,1.5527,1.6148,6475668.5
2026-05-14 16:00:00+00:00,1.6148,1.6343,1.5781,1.5799,9519208.2
2026-05-14 20:00:00+00:00,1.5799,1.5915,1.5626,1.5717,4856749.8
2026-05-15 00:00:00+00:00,1.5717,1.5798,1.55,1.5735,4794490.7
2026-05-15 04:00:00+00:00,1.5735,1.5926,1.5366,1.5784,6042116.1
2026-05-15 08:00:00+00:00,1.5784,1.5837,1.5351,1.5529,6860376.8
2026-05-15 12:00:00+00:00,1.5529,1.5577,1.5087,1.5234,10024402.3
2026-05-15 16:00:00+00:00,1.5234,1.5763,1.5224,1.5453,6606986.1
2026-05-15 20:00:00+00:00,1.5453,1.5468,1.5274,1.5442,2651692.5
2026-05-16 00:00:00+00:00,1.5442,1.5535,1.5353,1.5519,2164852.3
2026-05-16 04:00:00+00:00,1.5519,1.5536,1.485,1.5012,6072748.2
2026-05-16 08:00:00+00:00,1.5012,1.5149,1.4777,1.4948,6421018.7
2026-05-16 12:00:00+00:00,1.4948,1.5015,1.4786,1.4904,3341977.7
2026-05-16 16:00:00+00:00,1.4904,1.5042,1.4888,1.501,2075637.1
2026-05-16 20:00:00+00:00,1.501,1.5015,1.4891,1.4965,974664.2
2026-05-17 00:00:00+00:00,1.4965,1.509,1.4764,1.5034,2420413.8
2026-05-17 04:00:00+00:00,1.5034,1.5369,1.5019,1.5317,3236320.5
2026-05-17 08:00:00+00:00,1.5317,1.5591,1.523,1.5521,3147920.9
2026-05-17 12:00:00+00:00,1.5521,1.5566,1.5186,1.5248,3711919.1
2026-05-17 16:00:00+00:00,1.5248,1.5341,1.5113,1.5258,2878400.6
2026-05-17 20:00:00+00:00,1.5258,1.5485,1.4659,1.5067,7335260.0
2026-05-18 00:00:00+00:00,1.5067,1.5216,1.489,1.5011,4572903.3
2026-05-18 04:00:00+00:00,1.5011,1.5141,1.4797,1.483,4376607.1
2026-05-18 08:00:00+00:00,1.483,1.5285,1.4776,1.5202,6070314.9
2026-05-18 12:00:00+00:00,1.5202,1.5335,1.4848,1.5142,9079969.2
2026-05-18 16:00:00+00:00,1.5142,1.5866,1.5091,1.5736,10843993.9
2026-05-18 20:00:00+00:00,1.5736,1.6278,1.5736,1.6244,10983086.8
2026-05-19 00:00:00+00:00,1.6244,1.6394,1.6006,1.6093,5863725.4
2026-05-19 04:00:00+00:00,1.6093,1.6704,1.5902,1.6544,5950148.8
2026-05-19 08:00:00+00:00,1.6544,1.6573,1.5779,1.5963,8503774.0
2026-05-19 12:00:00+00:00,1.5963,1.6348,1.593,1.622,9029156.1
2026-05-19 16:00:00+00:00,1.622,1.6868,1.617,1.6267,9253566.5
2026-05-19 20:00:00+00:00,1.6267,1.6333,1.597,1.6026,3287097.7
2026-05-20 00:00:00+00:00,1.6026,1.6059,1.5794,1.5943,3377888.9
2026-05-20 04:00:00+00:00,1.5943,1.6717,1.5927,1.6492,7339908.9
2026-05-20 08:00:00+00:00,1.6492,1.6588,1.634,1.639,3539001.4
2026-05-20 12:00:00+00:00,1.639,1.7123,1.6265,1.6871,10232503.1
2026-05-20 16:00:00+00:00,1.6871,1.7026,1.6572,1.6887,8828251.7
2026-05-20 20:00:00+00:00,1.6887,1.7289,1.6733,1.7025,7878095.1
2026-05-21 00:00:00+00:00,1.7025,1.7589,1.6944,1.7381,9122225.0
2026-05-21 04:00:00+00:00,1.7381,1.7848,1.7012,1.7234,9009441.7
2026-05-21 08:00:00+00:00,1.7234,1.7873,1.7215,1.7395,11206867.0
2026-05-21 12:00:00+00:00,1.7395,1.84,1.7218,1.8062,15471902.7
2026-05-21 16:00:00+00:00,1.8062,1.9356,1.7639,1.9228,19079212.9
2026-05-21 20:00:00+00:00,1.9228,1.9636,1.9122,1.9254,15782183.1
2026-05-22 00:00:00+00:00,1.9254,2.1333,1.9165,2.1173,31928122.9
2026-05-22 04:00:00+00:00,2.1173,2.2529,2.1016,2.2396,33760337.6
2026-05-22 08:00:00+00:00,2.2396,2.307,2.1936,2.2295,33163985.8
2026-05-22 12:00:00+00:00,2.2295,2.3339,2.1822,2.1975,35934921.9
2026-05-22 16:00:00+00:00,2.1975,2.2373,2.0967,2.114,27332741.7
2026-05-22 20:00:00+00:00,2.114,2.1362,2.0433,2.0995,25057999.2
2026-05-23 00:00:00+00:00,2.0995,2.137,2.0643,2.1118,17410659.7
2026-05-23 04:00:00+00:00,2.1118,2.118,2.0171,2.0267,14942995.1
2026-05-23 08:00:00+00:00,2.0267,2.1035,2.01,2.0785,13408780.2
2026-05-23 12:00:00+00:00,2.0785,2.2738,2.0354,2.2584,27118884.1
2026-05-23 16:00:00+00:00,2.2584,2.4713,2.2382,2.3856,47069706.0
2026-05-23 20:00:00+00:00,2.3856,2.4695,2.3374,2.4484,33076718.8
2026-05-24 00:00:00+00:00,2.4484,2.4604,2.3541,2.3861,13008492.1
2026-05-24 04:00:00+00:00,2.3861,2.4332,2.326,2.3867,15492338.8
2026-05-24 08:00:00+00:00,2.3867,2.403,2.3337,2.3977,10427706.4
2026-05-24 12:00:00+00:00,2.3977,2.5085,2.3538,2.4369,30661706.4
2026-05-24 16:00:00+00:00,2.4369,2.4748,2.3894,2.4243,14195322.9
2026-05-24 20:00:00+00:00,2.4243,2.5079,2.3648,2.3929,21316221.0
2026-05-25 00:00:00+00:00,2.3929,2.4242,2.3184,2.3458,15109399.9
2026-05-25 04:00:00+00:00,2.3458,2.4148,2.3363,2.3816,12374812.4
2026-05-25 08:00:00+00:00,2.3816,2.4739,2.3654,2.4401,14425031.8
2026-05-25 12:00:00+00:00,2.4401,2.7185,2.4275,2.7097,42410927.1
2026-05-25 16:00:00+00:00,2.7097,2.8167,2.6661,2.7522,27905389.1
2026-05-25 20:00:00+00:00,2.7522,2.8056,2.7161,2.7695,16674561.7
2026-05-26 00:00:00+00:00,2.7695,2.772,2.6624,2.7211,22605167.2
2026-05-26 04:00:00+00:00,2.7211,2.8032,2.7021,2.7189,19987092.7
2026-05-26 08:00:00+00:00,2.7189,2.9766,2.6733,2.8511,40512933.1
2026-05-26 12:00:00+00:00,2.8511,2.9147,2.7252,2.7617,38877599.7
2026-05-26 16:00:00+00:00,2.7617,2.7628,2.5883,2.6514,29934764.8
2026-05-26 20:00:00+00:00,2.6514,2.675,2.5241,2.5521,15214712.5
2026-05-27 00:00:00+00:00,2.5521,2.6011,2.4611,2.4888,18613633.0
2026-05-27 04:00:00+00:00,2.4888,2.55,2.468,2.5194,15789951.8
2026-05-27 08:00:00+00:00,2.5194,2.5767,2.45,2.5205,19687766.3
2026-05-27 12:00:00+00:00,2.5205,2.6238,2.4944,2.5783,27807180.5
2026-05-27 16:00:00+00:00,2.5783,2.7368,2.5076,2.6707,24946028.6
2026-05-27 20:00:00+00:00,2.6707,2.6728,2.4641,2.4877,23999024.0
2026-05-28 00:00:00+00:00,2.4877,2.5068,2.3663,2.384,17635448.0
2026-05-28 04:00:00+00:00,2.384,2.436,2.3612,2.4141,18495837.0
2026-05-28 08:00:00+00:00,2.4141,2.4254,2.3653,2.3855,8868047.7
2026-05-28 12:00:00+00:00,2.3855,2.3885,2.2692,2.3005,30101678.0
2026-05-28 16:00:00+00:00,2.3005,2.4348,2.29,2.3885,14545523.5
2026-05-28 20:00:00+00:00,2.3885,2.4726,2.3537,2.418,11729817.0
2026-05-29 00:00:00+00:00,2.418,2.5613,2.4162,2.4551,15755722.3
2026-05-29 04:00:00+00:00,2.4551,2.5763,2.4422,2.497,13786288.8
2026-05-29 08:00:00+00:00,2.497,2.5502,2.4729,2.4843,11304087.4
2026-05-29 12:00:00+00:00,2.4843,2.6,2.4036,2.5506,27908619.9
2026-05-29 16:00:00+00:00,2.5506,2.6316,2.5157,2.5372,21821365.7
2026-05-29 20:00:00+00:00,2.5372,2.5638,2.3591,2.3776,13699971.3
2026-05-30 00:00:00+00:00,2.3776,2.401,2.35,2.3537,7102098.8
2026-05-30 04:00:00+00:00,2.3537,2.3999,2.2458,2.3971,17271156.1
2026-05-30 08:00:00+00:00,2.3971,2.442,2.3829,2.4125,8533917.8
2026-05-30 12:00:00+00:00,2.4125,2.4308,2.3264,2.3399,9245956.7
2026-05-30 16:00:00+00:00,2.3399,2.3607,2.2746,2.3035,9852511.0
2026-05-30 20:00:00+00:00,2.3035,2.3254,2.2216,2.2491,10392386.0
2026-05-31 00:00:00+00:00,2.2491,2.2846,2.2281,2.2766,9669716.0
2026-05-31 04:00:00+00:00,2.2766,2.3462,2.2687,2.3026,10325467.0
2026-05-31 08:00:00+00:00,2.3026,2.3145,2.2374,2.2716,10525427.7
2026-05-31 12:00:00+00:00,2.2716,2.352,2.2659,2.3158,12874092.9
2026-05-31 16:00:00+00:00,2.3158,2.3199,2.212,2.2444,11495500.3
2026-05-31 20:00:00+00:00,2.2444,2.3577,2.2394,2.3195,8949062.5
2026-06-01 00:00:00+00:00,2.3195,2.4176,2.2565,2.3789,11741113.4
2026-06-01 04:00:00+00:00,2.3789,2.3954,2.2862,2.3059,12836737.2
2026-06-01 08:00:00+00:00,2.3059,2.369,2.281,2.3179,11310986.4
2026-06-01 12:00:00+00:00,2.3179,2.4502,2.2941,2.4069,24006574.4
2026-06-01 16:00:00+00:00,2.4069,2.6527,2.3767,2.6122,22708439.2
2026-06-01 20:00:00+00:00,2.6122,2.711,2.5667,2.637,20107635.2
2026-06-02 00:00:00+00:00,2.637,2.7544,2.5593,2.7315,17762201.8
2026-06-02 04:00:00+00:00,2.7315,2.7592,2.5666,2.6001,15806160.5
2026-06-02 08:00:00+00:00,2.6001,2.7181,2.5905,2.6714,15436107.4
2026-06-02 12:00:00+00:00,2.6714,2.7355,2.4582,2.4834,26035419.1
2026-06-02 16:00:00+00:00,2.4834,2.657,2.4545,2.6278,24149570.6
2026-06-02 20:00:00+00:00,2.6278,2.7764,2.5337,2.6262,27833369.4
2026-06-03 00:00:00+00:00,2.6262,2.7703,2.6254,2.6799,18860439.4
2026-06-03 04:00:00+00:00,2.6799,2.8955,2.6762,2.857,21122617.5
2026-06-03 08:00:00+00:00,2.857,2.9746,2.8155,2.947,19292858.9
2026-06-03 12:00:00+00:00,2.947,3.0884,2.8993,2.941,30339596.8
2026-06-03 16:00:00+00:00,2.941,2.9522,2.7671,2.8497,22287406.6
2026-06-03 20:00:00+00:00,2.8497,2.94,2.771,2.8143,12586660.0
2026-06-04 00:00:00+00:00,2.8143,2.8519,2.6272,2.7279,22144388.4
2026-06-04 04:00:00+00:00,2.7279,2.7543,2.377,2.4012,27029626.6
2026-06-04 08:00:00+00:00,2.4012,2.4462,2.29,2.4449,25135821.9
2026-06-04 12:00:00+00:00,2.4449,2.4882,2.3388,2.3903,19808751.2
2026-06-04 16:00:00+00:00,2.3903,2.4834,2.3248,2.3453,13341782.7
2026-06-04 20:00:00+00:00,2.3453,2.3482,2.1715,2.1993,20258570.9
2026-06-05 00:00:00+00:00,2.1993,2.3017,2.0925,2.1266,23720952.6
2026-06-05 04:00:00+00:00,2.1266,2.2362,1.9857,2.0992,33372569.5
2026-06-05 08:00:00+00:00,2.0992,2.1155,1.995,2.0163,15865107.3
2026-06-05 12:00:00+00:00,2.0163,2.0817,1.9063,1.9187,27101452.9
2026-06-05 16:00:00+00:00,1.9187,2.0072,1.8225,1.9743,33873074.2
2026-06-05 20:00:00+00:00,1.9743,2.0452,1.9354,1.9671,16951969.9
2026-06-06 00:00:00+00:00,1.9671,2.0063,1.9386,1.9452,8869382.5
2026-06-06 04:00:00+00:00,1.9452,1.9713,1.8262,1.9353,15692172.7
2026-06-06 08:00:00+00:00,1.9353,1.951,1.854,1.9162,10164192.7
2026-06-06 12:00:00+00:00,1.9162,1.9201,1.8259,1.8858,10848862.2
2026-06-06 16:00:00+00:00,1.8858,1.9142,1.8482,1.8589,8093822.0
2026-06-06 20:00:00+00:00,1.8589,1.8942,1.844,1.8572,4797547.1
2026-06-07 00:00:00+00:00,1.8572,1.9528,1.8143,1.8484,18090601.1
2026-06-07 04:00:00+00:00,1.8484,1.9531,1.8344,1.9095,13553526.6
2026-06-07 08:00:00+00:00,1.9095,1.9669,1.88,1.9181,11010144.5
2026-06-07 12:00:00+00:00,1.9181,2.0594,1.8564,2.0213,19218081.3
2026-06-07 16:00:00+00:00,2.0213,2.0975,1.9579,1.9654,20548182.5
2026-06-07 20:00:00+00:00,1.9654,2.0992,1.9529,2.058,12968048.8
2026-06-08 00:00:00+00:00,2.058,2.1079,2.012,2.0734,11666638.8
2026-06-08 04:00:00+00:00,2.0734,2.1947,2.0161,2.1405,13904049.4
2026-06-08 08:00:00+00:00,2.1405,2.1823,2.1024,2.1218,11653651.0
2026-06-08 12:00:00+00:00,2.1218,2.229,2.0919,2.2121,17525341.5
2026-06-08 16:00:00+00:00,2.2121,2.263,2.1661,2.1875,15312816.2
2026-06-08 20:00:00+00:00,2.1875,2.206,2.115,2.129,9600874.2
2026-06-09 00:00:00+00:00,2.129,2.1389,2.0422,2.049,10761873.2
2026-06-09 04:00:00+00:00,2.049,2.2022,2.0441,2.18,9270055.7
2026-06-09 08:00:00+00:00,2.18,2.1999,2.126,2.1565,10215843.5
2026-06-09 12:00:00+00:00,2.1565,2.1896,2.0431,2.0759,15450031.3
2026-06-09 16:00:00+00:00,2.0759,2.2182,2.0304,2.2174,16408588.4
2026-06-09 20:00:00+00:00,2.2174,2.2606,2.1417,2.1507,12970779.0
2026-06-10 00:00:00+00:00,2.1507,2.2056,2.113,2.1332,10489920.9
2026-06-10 04:00:00+00:00,2.1332,2.1499,1.9973,2.0805,13123830.7
2026-06-10 08:00:00+00:00,2.0805,2.1004,2.0268,2.038,11169515.4
2026-06-10 12:00:00+00:00,2.038,2.175,2.0245,2.0931,18598904.3
2026-06-10 16:00:00+00:00,2.0931,2.1113,2.0038,2.0074,11529087.9
2026-06-10 20:00:00+00:00,2.0074,2.0239,1.9279,1.968,13315307.5
2026-06-11 00:00:00+00:00,1.968,2.0484,1.9469,2.0255,11697404.2
2026-06-11 04:00:00+00:00,2.0255,2.0816,2.0067,2.0369,8793761.9
2026-06-11 08:00:00+00:00,2.0369,2.078,1.9852,2.0618,13253656.5
2026-06-11 12:00:00+00:00,2.0618,2.0685,1.981,2.0107,11064485.9
2026-06-11 16:00:00+00:00,2.0107,2.0819,1.9567,2.0385,14356648.3
2026-06-11 20:00:00+00:00,2.0385,2.1184,2.0126,2.0635,8423323.0
2026-06-12 00:00:00+00:00,2.0635,2.1061,2.0303,2.0804,4446497.0
2026-06-12 04:00:00+00:00,2.0804,2.133,2.0176,2.087,12696226.2
2026-06-12 08:00:00+00:00,2.087,2.1583,2.0744,2.091,13881905.8
2026-06-12 12:00:00+00:00,2.091,2.1252,2.0295,2.0354,15720570.5
2026-06-12 16:00:00+00:00,2.0354,2.0694,2.0035,2.0051,8120860.7
2026-06-12 20:00:00+00:00,2.0051,2.0195,1.9738,2.0092,4645026.9
2026-06-13 00:00:00+00:00,2.0092,2.0345,1.9951,2.0115,3427184.5
2026-06-13 04:00:00+00:00,2.0115,2.0575,1.9878,2.0249,6813681.3
2026-06-13 08:00:00+00:00,2.0249,2.0463,2.012,2.0408,4728050.5
2026-06-13 12:00:00+00:00,2.0408,2.1831,2.0371,2.1781,13916414.3
2026-06-13 16:00:00+00:00,2.1781,2.1883,2.0889,2.1034,15797055.7
2026-06-13 20:00:00+00:00,2.1034,2.1413,2.0809,2.127,4333346.4
2026-06-14 00:00:00+00:00,2.127,2.1721,2.1089,2.1383,5768565.8
2026-06-14 04:00:00+00:00,2.1383,2.1418,2.0859,2.1011,5377240.3
2026-06-14 08:00:00+00:00,2.1011,2.1314,2.0818,2.1078,5284677.2
2026-06-14 12:00:00+00:00,2.1078,2.1137,2.0602,2.0689,6374685.6
2026-06-14 16:00:00+00:00,2.0689,2.1098,2.0649,2.1018,4212446.7
2026-06-14 20:00:00+00:00,2.1018,2.2351,2.0973,2.2162,10361952.7
2026-06-15 00:00:00+00:00,2.2162,2.318,2.2076,2.3154,10165436.3
2026-06-15 04:00:00+00:00,2.3154,2.41,2.3137,2.3735,12933563.9
2026-06-15 08:00:00+00:00,2.3735,2.5028,2.3475,2.4929,17002853.5
2026-06-15 12:00:00+00:00,2.4929,2.5422,2.44,2.4875,16333654.6
2026-06-15 16:00:00+00:00,2.4875,2.5326,2.4604,2.4675,10953045.2
2026-06-15 20:00:00+00:00,2.4675,2.4904,2.3653,2.3918,9280908.4
2026-06-16 00:00:00+00:00,2.3918,2.4266,2.3378,2.3964,9199007.1
2026-06-16 04:00:00+00:00,2.3964,2.4631,2.3656,2.4496,7573921.6
2026-06-16 08:00:00+00:00,2.4496,2.5617,2.4235,2.4386,14900657.2
2026-06-16 12:00:00+00:00,2.4386,2.455,2.3085,2.3362,16695619.5
2026-06-16 16:00:00+00:00,2.3362,2.3583,2.2814,2.3021,8546847.3
2026-06-16 20:00:00+00:00,2.3021,2.3838,2.2959,2.3062,6936328.6
2026-06-17 00:00:00+00:00,2.3062,2.358,2.3024,2.3148,3440412.3
2026-06-17 04:00:00+00:00,2.3148,2.3476,2.2682,2.3144,4907057.4
2026-06-17 08:00:00+00:00,2.3144,2.319,2.2567,2.2839,7335076.9
2026-06-17 12:00:00+00:00,2.2839,2.383,2.2722,2.3798,10903910.9
2026-06-17 16:00:00+00:00,2.3798,2.3883,2.2292,2.2353,13988526.3
2026-06-17 20:00:00+00:00,2.2353,2.2724,2.171,2.1805,8667950.9
2026-06-18 00:00:00+00:00,2.1805,2.2444,2.1752,2.2044,4728485.2
2026-06-18 04:00:00+00:00,2.2044,2.2206,2.1476,2.2151,9428805.3
2026-06-18 08:00:00+00:00,2.2151,2.2371,2.1854,2.2029,5899775.3
2026-06-18 12:00:00+00:00,2.2029,2.2995,2.1654,2.178,16058148.6
2026-06-18 16:00:00+00:00,2.178,2.2295,2.1251,2.1962,12138664.3
2026-06-18 20:00:00+00:00,2.1962,2.2386,2.1818,2.2364,4897036.9
2026-06-19 00:00:00+00:00,2.2364,2.2531,2.08,2.1313,10226710.4
2026-06-19 04:00:00+00:00,2.1313,2.1524,2.0942,2.118,6271847.2
2026-06-19 08:00:00+00:00,2.118,2.1495,2.0962,2.0994,5097521.9
2026-06-19 12:00:00+00:00,2.0994,2.1769,2.0822,2.1634,9121514.1
2026-06-19 16:00:00+00:00,2.1634,2.1813,2.1159,2.1215,5388524.9
2026-06-19 20:00:00+00:00,2.1215,2.19,2.1203,2.1841,4312294.1
2026-06-20 00:00:00+00:00,2.1841,2.1891,2.1496,2.1585,3906551.5
2026-06-20 04:00:00+00:00,2.1585,2.1916,2.1357,2.1391,4280318.2
2026-06-20 08:00:00+00:00,2.1391,2.1586,2.1204,2.1325,4212563.5
2026-06-20 12:00:00+00:00,2.1325,2.1787,2.0971,2.1628,7939922.7
2026-06-20 16:00:00+00:00,2.1628,2.1972,2.1334,2.1528,5133402.3
2026-06-20 20:00:00+00:00,2.1528,2.2027,2.1445,2.1919,3555245.5
2026-06-21 00:00:00+00:00,2.1919,2.2259,2.1653,2.2057,3987094.9
2026-06-21 04:00:00+00:00,2.2057,2.2522,2.1857,2.2163,5082768.5
2026-06-21 08:00:00+00:00,2.2163,2.2785,2.1987,2.2339,11418045.9
2026-06-21 12:00:00+00:00,2.2339,2.2351,2.1527,2.2019,10968008.9
2026-06-21 16:00:00+00:00,2.2019,2.204,2.1436,2.18,5277348.5
2026-06-21 20:00:00+00:00,2.18,2.1809,2.087,2.1004,8378109.5
2026-06-22 00:00:00+00:00,2.1004,2.184,2.0941,2.1387,6400243.2
2026-06-22 04:00:00+00:00,2.1387,2.1979,2.1274,2.1697,4927435.6
2026-06-22 08:00:00+00:00,2.1697,2.1718,2.1326,2.1639,4737725.9
2026-06-22 12:00:00+00:00,2.1639,2.1897,2.1124,2.1191,9106339.0
2026-06-22 16:00:00+00:00,2.1191,2.1382,2.1009,2.1106,4453030.8
2026-06-22 20:00:00+00:00,2.1106,2.1464,2.0503,2.0666,10637245.9
2026-06-23 00:00:00+00:00,2.0666,2.0683,2.0171,2.0606,7383045.7
2026-06-23 04:00:00+00:00,2.0606,2.0677,2.0025,2.0164,7532598.9
2026-06-23 08:00:00+00:00,2.0164,2.0221,1.9615,2.0096,7462117.5
2026-06-23 12:00:00+00:00,2.0096,2.0121,1.9672,1.9779,7113691.0
2026-06-23 16:00:00+00:00,1.9779,2.0046,1.9609,1.9795,5123004.4
2026-06-23 20:00:00+00:00,1.9795,2.0004,1.9702,1.9805,2375817.5
2026-06-24 00:00:00+00:00,1.9805,2.0034,1.9531,1.9684,3388860.5
2026-06-24 04:00:00+00:00,1.9684,1.9905,1.9477,1.9542,3669573.3
2026-06-24 08:00:00+00:00,1.9542,1.9825,1.9369,1.9727,5678493.2
2026-06-24 12:00:00+00:00,1.9727,1.9796,1.8942,1.9124,11667950.4
2026-06-24 16:00:00+00:00,1.9124,1.9303,1.856,1.9051,10094871.0
2026-06-24 20:00:00+00:00,1.9051,1.9794,1.9007,1.964,4433548.0
2026-06-25 00:00:00+00:00,1.964,1.9715,1.9337,1.9411,2130205.8
2026-06-25 04:00:00+00:00,1.9411,1.9753,1.9262,1.9673,4851814.1
2026-06-25 08:00:00+00:00,1.9673,1.9701,1.901,1.9036,7639369.7
2026-06-25 12:00:00+00:00,1.9036,1.9498,1.8045,1.8624,22734408.3
2026-06-25 16:00:00+00:00,1.8624,1.8896,1.8203,1.8318,12431685.5
2026-06-25 20:00:00+00:00,1.8318,1.8598,1.7748,1.8326,12754257.2
2026-06-26 00:00:00+00:00,1.8326,1.8412,1.7541,1.8248,12018500.0
2026-06-26 04:00:00+00:00,1.8248,1.8638,1.7956,1.848,7149142.1
2026-06-26 08:00:00+00:00,1.848,1.8501,1.7777,1.7884,6304017.0
2026-06-26 12:00:00+00:00,1.7884,1.8161,1.7501,1.8018,11568637.4
2026-06-26 16:00:00+00:00,1.8018,1.8399,1.7851,1.8055,6945099.2
2026-06-26 20:00:00+00:00,1.8055,1.8288,1.7782,1.8027,6404872.9
2026-06-27 00:00:00+00:00,1.8027,1.8365,1.7886,1.8075,4213489.8
2026-06-27 04:00:00+00:00,1.8075,1.8192,1.7952,1.8111,3207366.4
2026-06-27 08:00:00+00:00,1.8111,1.8239,1.791,1.8209,2212337.1
2026-06-27 12:00:00+00:00,1.8209,1.901,1.8084,1.892,6848059.2
2026-06-27 16:00:00+00:00,1.892,1.9294,1.8322,1.8595,10600636.8
2026-06-27 20:00:00+00:00,1.8595,1.913,1.8541,1.8675,5772199.7
2026-06-28 00:00:00+00:00,1.8675,1.9429,1.8672,1.9078,7476620.1
2026-06-28 04:00:00+00:00,1.9078,1.9087,1.8375,1.8722,6146908.3
2026-06-28 08:00:00+00:00,1.8722,1.8918,1.8431,1.8684,3803582.1
2026-06-28 12:00:00+00:00,1.8684,1.8849,1.8468,1.8644,3247069.2
2026-06-28 16:00:00+00:00,1.8644,1.8704,1.8089,1.8249,5954948.2
2026-06-28 20:00:00+00:00,1.8249,1.853,1.7969,1.8326,4849749.7
2026-06-29 00:00:00+00:00,1.8326,1.8815,1.8045,1.865,3867208.3
2026-06-29 04:00:00+00:00,1.865,1.8761,1.8192,1.8651,3790111.3
2026-06-29 08:00:00+00:00,1.8651,1.8726,1.8297,1.8394,4416098.0
2026-06-29 12:00:00+00:00,1.8394,1.8753,1.8131,1.8454,9779557.5
2026-06-29 16:00:00+00:00,1.8454,1.9137,1.8391,1.8938,6321533.1
2026-06-29 20:00:00+00:00,1.8938,1.8985,1.8536,1.864,3579477.4
2026-06-30 00:00:00+00:00,1.864,1.8658,1.8262,1.8502,2899918.8
2026-06-30 04:00:00+00:00,1.8502,1.8742,1.8403,1.8559,3060383.2
2026-06-30 08:00:00+00:00,1.8559,1.8609,1.8294,1.8456,4234415.6
2026-06-30 12:00:00+00:00,1.8456,1.8456,1.7574,1.7867,9632496.6
2026-06-30 16:00:00+00:00,1.7867,1.8106,1.7737,1.7961,2596767.5
2026-06-30 20:00:00+00:00,1.7961,1.8006,1.7696,1.7813,2122384.6
2026-07-01 00:00:00+00:00,1.7813,1.8447,1.72,1.8407,9133519.5
2026-07-01 04:00:00+00:00,1.8407,1.8543,1.7866,1.7943,4666128.4
2026-07-01 08:00:00+00:00,1.7943,1.8022,1.774,1.7884,4641284.5
2026-07-01 12:00:00+00:00,1.7884,1.8672,1.767,1.8407,8352183.7
2026-07-01 16:00:00+00:00,1.8407,1.8512,1.8143,1.8275,4527992.4
2026-07-01 20:00:00+00:00,1.8275,1.877,1.8009,1.8059,6863592.3
2026-07-02 00:00:00+00:00,1.8059,1.9267,1.8006,1.9223,8084077.3
2026-07-02 04:00:00+00:00,1.9223,1.9253,1.8914,1.915,4898556.8
2026-07-02 08:00:00+00:00,1.915,1.9521,1.9093,1.944,5233491.7
2026-07-02 12:00:00+00:00,1.944,1.9566,1.8958,1.9128,8475410.6
2026-07-02 16:00:00+00:00,1.9128,1.9499,1.9033,1.9392,3887283.1
2026-07-02 20:00:00+00:00,1.9392,1.9473,1.916,1.9418,3863362.2
2026-07-03 00:00:00+00:00,1.9418,1.9658,1.9154,1.9581,5646646.5
2026-07-03 04:00:00+00:00,1.9581,1.9658,1.9323,1.9548,3237009.7
2026-07-03 08:00:00+00:00,1.9548,2.0176,1.9459,2.0124,6730031.8
2026-07-03 12:00:00+00:00,2.0124,2.1124,2.0124,2.033,13144305.8
2026-07-03 16:00:00+00:00,2.033,2.0411,1.9942,2.0074,5359917.6
2026-07-03 20:00:00+00:00,2.0074,2.0605,1.9998,2.0435,5037989.6
2026-07-04 00:00:00+00:00,2.0435,2.0547,2.0007,2.008,4708018.8
2026-07-04 04:00:00+00:00,2.008,2.0166,1.9681,1.9786,5443569.8
2026-07-04 08:00:00+00:00,1.9786,1.9824,1.9563,1.9656,3528789.9
2026-07-04 12:00:00+00:00,1.9656,2.0464,1.9648,2.0365,7838717.0
2026-07-04 16:00:00+00:00,2.0365,2.0392,1.9893,2.0012,7596170.1
2026-07-04 20:00:00+00:00,2.0012,2.0119,1.9773,1.9972,4374316.6
2026-07-05 00:00:00+00:00,1.9972,1.9984,1.9591,1.9651,5091321.4
2026-07-05 04:00:00+00:00,1.9651,1.9764,1.936,1.9571,5010608.9
2026-07-05 08:00:00+00:00,1.9571,1.9639,1.9201,1.9458,5332907.4
2026-07-05 12:00:00+00:00,1.9458,1.994,1.9377,1.9793,5126949.7
2026-07-05 16:00:00+00:00,1.9793,2.006,1.9643,1.998,2890326.1
2026-07-05 20:00:00+00:00,1.998,2.0591,1.9969,2.0149,9202104.6
2026-07-06 00:00:00+00:00,2.0149,2.0382,1.9469,1.9963,8437014.1
2026-07-06 04:00:00+00:00,1.9963,1.9968,1.9666,1.9891,4000897.4
2026-07-06 08:00:00+00:00,1.9891,2.0356,1.9681,1.9947,5774996.9
2026-07-06 12:00:00+00:00,1.9947,2.0955,1.9527,2.0762,23154652.8
2026-07-06 16:00:00+00:00,2.0762,2.1074,2.046,2.0687,10871337.5
2026-07-06 20:00:00+00:00,2.0687,2.097,2.0427,2.0514,5346019.4
2026-07-07 00:00:00+00:00,2.0514,2.0797,2.0127,2.0189,5921532.6
2026-07-07 04:00:00+00:00,2.0189,2.0396,1.9823,2.0231,8390764.8
2026-07-07 08:00:00+00:00,2.0231,2.0337,1.9983,2.0293,6374317.8
2026-07-07 12:00:00+00:00,2.0293,2.0672,1.9735,2.0628,12377640.1
2026-07-07 16:00:00+00:00,2.0628,2.0765,1.9955,2.018,6792388.4
2026-07-07 20:00:00+00:00,2.018,2.0242,1.9662,1.9753,6461156.1
2026-07-08 00:00:00+00:00,1.9753,1.9923,1.8851,1.9278,14322981.6
2026-07-08 04:00:00+00:00,1.9278,1.9356,1.8939,1.9034,5966217.3
2026-07-08 08:00:00+00:00,1.9034,1.9181,1.8575,1.8802,9278801.7
2026-07-08 12:00:00+00:00,1.8802,1.8856,1.8408,1.8534,8127654.2
2026-07-08 16:00:00+00:00,1.8534,1.8871,1.8523,1.8806,3601905.6
2026-07-08 20:00:00+00:00,1.8806,1.8977,1.8579,1.8909,4268406.0
2026-07-09 00:00:00+00:00,1.8909,1.9198,1.8724,1.8982,5438854.1
2026-07-09 04:00:00+00:00,1.8982,1.9397,1.8924,1.9156,4805958.3
2026-07-09 08:00:00+00:00,1.9156,1.9287,1.8894,1.8997,4599185.7
2026-07-09 12:00:00+00:00,1.8997,2.0019,1.8962,1.9139,12003627.9
2026-07-09 16:00:00+00:00,1.9139,1.9423,1.9036,1.9203,4375341.8
2026-07-09 20:00:00+00:00,1.9203,1.9321,1.9116,1.9185,2042250.7
2026-07-10 00:00:00+00:00,1.9185,1.9663,1.901,1.9418,4505984.8
2026-07-10 04:00:00+00:00,1.9418,1.945,1.9257,1.9311,1761278.3
2026-07-10 08:00:00+00:00,1.9311,1.9533,1.9297,1.934,5147769.8
2026-07-10 12:00:00+00:00,1.934,1.9376,1.8736,1.8982,8129360.1
2026-07-10 16:00:00+00:00,1.8982,1.907,1.85,1.8732,6731308.7
2026-07-10 20:00:00+00:00,1.8732,1.8972,1.8631,1.8911,2582407.2
2026-07-11 00:00:00+00:00,1.8911,1.9163,1.8849,1.9091,2502821.4
2026-07-11 04:00:00+00:00,1.9091,1.9132,1.8759,1.8812,4852430.2
2026-07-11 08:00:00+00:00,1.8812,1.9029,1.8744,1.9019,1768233.7
2026-07-11 12:00:00+00:00,1.9019,1.9223,1.8896,1.9035,2815509.1
2026-07-11 16:00:00+00:00,1.9035,1.9101,1.8895,1.9011,1706753.9
2026-07-11 20:00:00+00:00,1.9011,1.9194,1.8624,1.8665,3101971.2
2026-07-12 00:00:00+00:00,1.8665,1.8891,1.8521,1.8874,4174091.1
2026-07-12 04:00:00+00:00,1.8874,1.8937,1.8584,1.8739,2503715.7
2026-07-12 08:00:00+00:00,1.8739,1.8952,1.868,1.889,2891928.7
2026-07-12 12:00:00+00:00,1.889,1.9089,1.8787,1.898,3465401.4
2026-07-12 16:00:00+00:00,1.898,1.9389,1.89,1.932,4405917.2
2026-07-12 20:00:00+00:00,1.932,1.9375,1.8818,1.8869,4314853.4
2026-07-13 00:00:00+00:00,1.8869,1.9331,1.8577,1.8659,7469804.9
2026-07-13 04:00:00+00:00,1.8659,1.9209,1.8537,1.91,4372309.5
2026-07-13 08:00:00+00:00,1.91,1.9307,1.9074,1.9135,4282591.2
2026-07-13 12:00:00+00:00,1.9135,1.9759,1.8865,1.9368,10019956.9
2026-07-13 16:00:00+00:00,1.9368,1.9622,1.887,1.9141,11099632.3
2026-07-13 20:00:00+00:00,1.9141,1.9219,1.8757,1.9216,5024005.2
2026-07-14 00:00:00+00:00,1.9216,1.9703,1.914,1.9604,7415467.8
2026-07-14 04:00:00+00:00,1.9604,2.0129,1.9534,1.9914,9675807.3
2026-07-14 08:00:00+00:00,1.9914,2.0093,1.9666,1.987,6770152.1
2026-07-14 12:00:00+00:00,1.987,2.0637,1.9743,2.0446,13332749.2
2026-07-14 16:00:00+00:00,2.0446,2.0462,2.0162,2.0218,4596091.1
2026-07-14 20:00:00+00:00,2.0218,2.0334,2.0008,2.0117,3906975.1
2026-07-15 00:00:00+00:00,2.0117,2.0263,1.9983,2.02,3339302.0
2026-07-15 04:00:00+00:00,2.02,2.0454,2.0012,2.0056,5036093.5
2026-07-15 08:00:00+00:00,2.0056,2.0917,1.9973,2.078,8247789.1
2026-07-15 12:00:00+00:00,2.078,2.106,2.0596,2.0761,12060750.3
2026-07-15 16:00:00+00:00,2.0761,2.0795,2.03,2.0358,7484909.1
2026-07-15 20:00:00+00:00,2.0358,2.0862,2.0341,2.0657,4499977.2
2026-07-16 00:00:00+00:00,2.0657,2.0817,2.0503,2.0634,3576942.6
2026-07-16 04:00:00+00:00,2.0634,2.0639,2.0413,2.05,5049455.7
2026-07-16 08:00:00+00:00,2.05,2.0525,2.0073,2.0305,6733074.8
2026-07-16 12:00:00+00:00,2.0305,2.0848,2.0186,2.0663,9579676.2
2026-07-16 16:00:00+00:00,2.0663,2.0827,2.0165,2.0269,7943097.9
2026-07-16 20:00:00+00:00,2.0269,2.0461,1.9557,1.9632,10429585.3
2026-07-17 00:00:00+00:00,1.9632,2.0058,1.9549,1.9898,6991879.5
2026-07-17 04:00:00+00:00,1.9898,1.997,1.9311,1.9387,7188926.3
2026-07-17 08:00:00+00:00,1.9387,1.9409,1.8748,1.9141,8872885.6
2026-07-17 12:00:00+00:00,1.9141,1.9488,1.8919,1.9205,8620697.0
2026-07-17 16:00:00+00:00,1.9205,1.9415,1.9104,1.9245,4131177.7
2026-07-17 20:00:00+00:00,1.9245,1.9371,1.9129,1.926,1616723.9
2026-07-18 00:00:00+00:00,1.926,1.9441,1.9172,1.9352,1911268.3
2026-07-18 04:00:00+00:00,1.9352,1.9363,1.9028,1.9074,3055440.9
2026-07-18 08:00:00+00:00,1.9074,1.9264,1.8918,1.9038,3305442.2
2026-07-18 12:00:00+00:00,1.9038,1.9318,1.9017,1.9157,3770431.9
2026-07-18 16:00:00+00:00,1.9157,1.9464,1.9108,1.9328,2789308.4
2026-07-18 20:00:00+00:00,1.9328,1.9409,1.924,1.9303,1591583.5
2026-07-19 00:00:00+00:00,1.9303,1.9362,1.9145,1.9181,1771416.1
2026-07-19 04:00:00+00:00,1.9181,1.9413,1.9139,1.9352,1976834.2
2026-07-19 08:00:00+00:00,1.9352,1.9465,1.9174,1.9205,2590581.1
2026-07-19 12:00:00+00:00,1.9205,1.9347,1.9092,1.9178,4888666.7
2026-07-19 16:00:00+00:00,1.9178,1.9201,1.895,1.9167,4945157.8
2026-07-19 20:00:00+00:00,1.9167,1.93,1.9008,1.9161,2501988.0
2026-07-20 00:00:00+00:00,1.9161,1.94,1.8992,1.9238,3680257.4
2026-07-20 04:00:00+00:00,1.9238,1.9283,1.8967,1.9261,2922837.8
2026-07-20 08:00:00+00:00,1.9261,1.9647,1.9171,1.959,6071034.5
2026-07-20 12:00:00+00:00,1.959,1.9883,1.9452,1.9799,12277939.7
2026-07-20 16:00:00+00:00,1.9799,1.9883,1.9559,1.9675,4280171.8
2026-07-20 20:00:00+00:00,1.9675,1.9828,1.954,1.9782,2214557.3
2026-07-21 00:00:00+00:00,1.9782,2.0271,1.9706,2.0236,4830405.7
2026-07-21 04:00:00+00:00,2.0236,2.0632,2.0141,2.0157,6402503.0
2026-07-21 08:00:00+00:00,2.0157,2.0197,1.9854,1.9967,8349092.7
2026-07-21 12:00:00+00:00,1.9967,1.9995,1.9429,1.9519,10483320.3
2026-07-21 16:00:00+00:00,1.9519,1.9563,1.9143,1.9328,9959180.3
2026-07-21 20:00:00+00:00,1.9328,1.9389,1.921,1.9353,2139495.6
2026-07-22 00:00:00+00:00,1.9353,1.9515,1.9,1.911,3897449.3
2026-07-22 04:00:00+00:00,1.911,1.9238,1.865,1.8787,8183168.3
2026-07-22 08:00:00+00:00,1.8787,1.8917,1.8662,1.887,4421111.5
2026-07-22 12:00:00+00:00,1.887,1.8999,1.8685,1.8879,6529484.3
2026-07-22 16:00:00+00:00,1.8879,1.899,1.8468,1.8583,6980965.2
2026-07-22 20:00:00+00:00,1.8583,1.8729,1.852,1.8673,2870216.1
2026-07-23 00:00:00+00:00,1.8673,1.879,1.8582,1.8641,2567360.4
2026-07-23 04:00:00+00:00,1.8641,1.8767,1.8529,1.8616,2742475.2
2026-07-23 08:00:00+00:00,1.8616,1.9038,1.8577,1.8873,3367876.3
2026-07-23 12:00:00+00:00,1.8873,1.8977,1.8661,1.8798,6412896.2
2026-07-23 16:00:00+00:00,1.8798,1.8941,1.8675,1.8771,3719565.2
2026-07-23 20:00:00+00:00,1.8771,1.8947,1.876,1.8826,1902791.3
2026-07-24 00:00:00+00:00,1.8826,1.9051,1.8735,1.9019,3427412.2
2026-07-24 04:00:00+00:00,1.9019,1.9157,1.8895,1.9,3280507.6
2026-07-24 08:00:00+00:00,1.9,1.9168,1.8761,1.8847,3369200.1
2026-07-24 12:00:00+00:00,1.8847,1.8847,1.7852,1.8203,15896167.2
2026-07-24 16:00:00+00:00,1.8203,1.8224,1.7978,1.8079,4050746.8
2026-07-24 20:00:00+00:00,1.8079,1.8194,1.7982,1.8051,2238142.8
2026-07-25 00:00:00+00:00,1.8051,1.8139,1.7843,1.813,3357918.1
2026-07-25 04:00:00+00:00,1.813,1.8155,1.7747,1.7822,3417022.7
2026-07-25 08:00:00+00:00,1.7822,1.7934,1.7777,1.7894,1757564.5
2026-07-25 12:00:00+00:00,1.7894,1.8006,1.7836,1.7952,1985104.7
2026-07-25 16:00:00+00:00,1.7952,1.8022,1.7858,1.7956,1627006.5
2026-07-25 20:00:00+00:00,1.7956,1.8021,1.7884,1.7915,1243435.9
2026-07-26 00:00:00+00:00,1.7915,1.7975,1.7839,1.7971,1595920.8
2026-07-26 04:00:00+00:00,1.7971,1.812,1.786,1.8019,2553930.2
2026-07-26 08:00:00+00:00,1.8019,1.8086,1.7941,1.7958,1468251.5
2026-07-26 12:00:00+00:00,1.7958,1.8033,1.7854,1.8013,1994280.7
2026-07-26 16:00:00+00:00,1.8013,1.8049,1.7868,1.7936,1222908.0
2026-07-26 20:00:00+00:00,1.7936,1.8413,1.7887,1.8369,3858110.9
2026-07-27 00:00:00+00:00,1.8369,1.8628,1.8207,1.8568,4229501.2
2026-07-27 04:00:00+00:00,1.8568,1.8596,1.8362,1.8383,2433657.8
2026-07-27 08:00:00+00:00,1.8383,1.85,1.8242,1.8264,2269675.7
2026-07-27 12:00:00+00:00,1.8264,1.8346,1.7703,1.772,8478240.0
2026-07-27 16:00:00+00:00,1.772,1.7849,1.7241,1.7423,9854164.1
2026-07-27 20:00:00+00:00,1.7423,1.7488,1.6787,1.6889,10283488.0
2026-07-28 00:00:00+00:00,1.6889,1.6965,1.6665,1.6813,5222338.1
2026-07-28 04:00:00+00:00,1.6813,1.6819,1.6549,1.6756,3290571.1
2026-07-28 08:00:00+00:00,1.6756,1.6835,1.6551,1.6603,3427287.8
2026-07-28 12:00:00+00:00,1.6603,1.6773,1.6188,1.6653,10997697.5
2026-07-28 16:00:00+00:00,1.6653,1.6653,1.6345,1.6413,4754809.2
2026-07-28 20:00:00+00:00,1.6413,1.6613,1.6393,1.6527,2838723.1
2026-07-29 00:00:00+00:00,1.6527,1.6667,1.6046,1.6064,7220248.0
2026-07-29 04:00:00+00:00,1.6064,1.6272,1.5884,1.6073,7739736.8
2026-07-29 08:00:00+00:00,1.6073,1.6078,1.5695,1.5896,7475864.4
2026-07-29 12:00:00+00:00,1.5896,1.5975,1.5716,1.5796,5029804.6
2026-07-29 16:00:00+00:00,1.5796,1.639,1.5751,1.5976,8200607.8
2026-07-29 20:00:00+00:00,1.5976,1.6249,1.5705,1.6202,6102081.2
2026-07-30 00:00:00+00:00,1.6202,1.6328,1.6038,1.6275,3200703.2
2026-07-30 04:00:00+00:00,1.6275,1.6415,1.6167,1.6262,2233581.4
2026-07-30 08:00:00+00:00,1.6262,1.6697,1.6211,1.6556,6674938.9
2026-07-30 12:00:00+00:00,1.6556,1.6669,1.6421,1.6655,5345809.1
2026-07-30 16:00:00+00:00,1.6655,1.6925,1.6552,1.6888,3411156.5
2026-07-30 20:00:00+00:00,1.6888,1.6973,1.6712,1.6765,2726229.1
2026-07-31 00:00:00+00:00,1.6765,1.6839,1.6328,1.6495,7578996.9
2026-07-31 04:00:00+00:00,1.6495,1.6659,1.6396,1.6562,2420826.4
2026-07-31 08:00:00+00:00,1.6562,1.6574,1.6338,1.6424,2209833.1
2026-07-31 12:00:00+00:00,1.6424,1.6913,1.635,1.6644,7066153.8
2026-07-31 16:00:00+00:00,1.6644,1.7091,1.6595,1.6892,5763974.0
2026-07-31 20:00:00+00:00,1.6892,1.6905,1.6563,1.6636,2719561.9
2026-08-01 00:00:00+00:00,1.6636,1.6842,1.6575,1.6734,2138163.0
2026-08-01 04:00:00+00:00,1.6734,1.6791,1.6595,1.6626,1656476.4
2026-08-01 08:00:00+00:00,1.6626,1.6661,1.6433,1.6617,2617822.9
2026-08-01 12:00:00+00:00,1.6617,1.6811,1.6536,1.6687,3960418.2
2026-08-01 16:00:00+00:00,1.6687,1.6859,1.6458,1.6578,6784618.3
2026-08-01 20:00:00+00:00,1.6578,1.6788,1.6529,1.674,2067546.2
2026-08-02 00:00:00+00:00,1.674,1.711,1.6714,1.7076,4558185.1
2026-08-02 04:00:00+00:00,1.7076,1.732,1.7052,1.7166,4802097.0
2026-08-02 08:00:00+00:00,1.7166,1.7226,1.6902,1.6985,2414795.3
2026-08-02 12:00:00+00:00,1.6985,1.7035,1.6914,1.6935,1522109.3
2026-08-02 16:00:00+00:00,1.6935,1.72,1.6905,1.706,3995743.2
2026-08-02 20:00:00+00:00,1.706,1.7243,1.7027,1.7163,1809821.2
2026-08-03 00:00:00+00:00,1.7163,1.719,1.6919,1.7013,1622147.4
2026-08-03 04:00:00+00:00,1.7013,1.7194,1.7003,1.7074,1708017.4
2026-08-03 08:00:00+00:00,1.7074,1.728,1.7039,1.7083,2979167.2
2026-08-03 12:00:00+00:00,1.7083,1.75,1.6996,1.7468,5182026.3
2026-08-03 16:00:00+00:00,1.7468,1.7529,1.7337,1.7405,2809832.3
2026-08-03 20:00:00+00:00,1.7405,1.7518,1.7271,1.7347,2146002.2
2026-08-04 00:00:00+00:00,1.7347,1.7672,1.7295,1.7612,3365576.6
2026-08-04 04:00:00+00:00,1.7612,1.7679,1.74,1.749,2412214.3
2026-08-04 08:00:00+00:00,1.749,1.7525,1.7302,1.7435,2259679.6
2026-08-04 12:00:00+00:00,1.7435,1.7435,1.7169,1.7331,4859541.0
2026-08-04 16:00:00+00:00,1.7331,1.7474,1.7209,1.7411,2011575.4
2026-08-04 20:00:00+00:00,1.7411,1.7455,1.7278,1.7291,1333486.3
2026-08-05 00:00:00+00:00,1.7291,1.7333,1.69,1.7001,3528023.3
2026-08-05 04:00:00+00:00,1.7001,1.7292,1.6924,1.7254,2572457.8
2026-08-05 08:00:00+00:00,1.7254,1.7269,1.6931,1.6968,3695902.3
2026-08-05 12:00:00+00:00,1.6968,1.7085,1.6775,1.6925,4622645.3
2026-08-05 16:00:00+00:00,1.6925,1.7219,1.6892,1.7035,2793341.6
2026-08-05 20:00:00+00:00,1.7035,1.711,1.6903,1.698,2492276.2
2026-08-06 00:00:00+00:00,1.698,1.7184,1.6925,1.7157,4636781.0
2026-08-06 04:00:00+00:00,1.7157,1.73,1.7121,1.7122,2357542.0
2026-08-06 08:00:00+00:00,1.7122,1.7127,1.6713,1.6897,7548863.8
2026-08-06 12:00:00+00:00,1.6897,1.7028,1.6672,1.6729,6819924.3
2026-08-06 16:00:00+00:00,1.6729,1.6767,1.6511,1.6572,12676283.3
2026-08-06 20:00:00+00:00,1.6572,1.6677,1.6498,1.6572,2705858.9
2026-08-07 00:00:00+00:00,1.6572,1.6693,1.6422,1.6426,3149145.9
2026-08-07 04:00:00+00:00,1.6426,1.6484,1.6204,1.6433,5109702.8
2026-08-07 08:00:00+00:00,1.6433,1.6668,1.641,1.6477,5890831.8
2026-08-07 12:00:00+00:00,1.6477,1.6548,1.6111,1.6124,6305406.6
2026-08-07 16:00:00+00:00,1.6124,1.6176,1.5862,1.5886,6233365.4
2026-08-07 20:00:00+00:00,1.5886,1.5971,1.5776,1.5906,3290193.6
2026-08-08 00:00:00+00:00,1.5906,1.6092,1.5835,1.6083,1824105.0
2026-08-08 04:00:00+00:00,1.6083,1.6114,1.5832,1.589,2427815.2
2026-08-08 08:00:00+00:00,1.589,1.6171,1.5885,1.6129,3035462.9
2026-08-08 12:00:00+00:00,1.6129,1.6343,1.6021,1.6258,3369025.7
2026-08-08 16:00:00+00:00,1.6258,1.6368,1.6183,1.6272,3426639.4
2026-08-08 20:00:00+00:00,1.6272,1.6344,1.6072,1.6115,2557025.6
2026-08-09 00:00:00+00:00,1.6115,1.6273,1.607,1.6156,4105447.3
2026-08-09 04:00:00+00:00,1.6156,1.631,1.6055,1.6249,2702396.4
2026-08-09 08:00:00+00:00,1.6249,1.6289,1.6081,1.6116,2227626.6
2026-08-09 12:00:00+00:00,1.6116,1.6364,1.6101,1.636,3141022.1
2026-08-09 16:00:00+00:00,1.636,1.6476,1.6224,1.6342,2802016.4
2026-08-09 20:00:00+00:00,1.6342,1.6474,1.5936,1.5986,4396687.3
2026-08-10 00:00:00+00:00,1.5986,1.6277,1.5947,1.6108,4311941.5
2026-08-10 04:00:00+00:00,1.6108,1.6623,1.6088,1.6525,5004633.0
2026-08-10 08:00:00+00:00,1.6525,1.6674,1.6417,1.6552,5801779.1
2026-08-10 12:00:00+00:00,1.6552,1.6647,1.6171,1.6173,5401028.5
2026-08-10 16:00:00+00:00,1.6173,1.6257,1.5952,1.605,5697337.0
2026-08-10 20:00:00+00:00,1.605,1.6116,1.5866,1.5998,4022064.8
2026-08-11 00:00:00+00:00,1.5998,1.6125,1.5952,1.6009,3011845.6
2026-08-11 04:00:00+00:00,1.6009,1.6165,1.5935,1.5997,4115785.1
2026-08-11 08:00:00+00:00,1.5997,1.613,1.587,1.593,2109631.5
2026-08-11 12:00:00+00:00,1.593,1.597,1.535,1.551,8850789.8
2026-08-11 16:00:00+00:00,1.551,1.575,1.545,1.573,3971865.3
2026-08-11 20:00:00+00:00,1.573,1.621,1.573,1.619,2318363.0
2026-08-12 00:00:00+00:00,1.619,1.667,1.613,1.662,4859327.5
2026-08-12 04:00:00+00:00,1.662,1.683,1.635,1.646,4985771.6
2026-08-12 08:00:00+00:00,1.646,1.666,1.632,1.648,3535341.8
2026-08-12 12:00:00+00:00,1.648,1.66,1.609,1.629,5326636.5
2026-08-12 16:00:00+00:00,1.629,1.655,1.627,1.634,2900011.1
2026-08-12 20:00:00+00:00,1.634,1.646,1.611,1.642,2649029.0
2026-08-13 00:00:00+00:00,1.642,1.659,1.633,1.654,1293478.9
2026-08-13 04:00:00+00:00,1.654,1.68,1.653,1.677,2451103.7
2026-08-13 08:00:00+00:00,1.677,1.681,1.646,1.647,1858822.1
2026-08-13 12:00:00+00:00,1.647,1.671,1.638,1.638,2813868.6
2026-08-13 16:00:00+00:00,1.638,1.643,1.621,1.624,3268277.8
2026-08-13 20:00:00+00:00,1.624,1.642,1.62,1.639,1618346.3
2026-08-14 00:00:00+00:00,1.639,1.641,1.605,1.607,1963122.8
2026-08-14 04:00:00+00:00,1.607,1.621,1.597,1.602,1576296.0
2026-08-14 08:00:00+00:00,1.602,1.611,1.597,1.599,1309073.6
2026-08-14 12:00:00+00:00,1.599,1.602,1.581,1.591,2937494.7
2026-08-14 16:00:00+00:00,1.591,1.609,1.588,1.607,1886381.4
2026-08-14 20:00:00+00:00,1.607,1.64,1.607,1.639,2442822.5
2026-08-15 00:00:00+00:00,1.639,1.669,1.637,1.646,2262962.0
2026-08-15 04:00:00+00:00,1.646,1.65,1.629,1.634,1860735.9
2026-08-15 08:00:00+00:00,1.634,1.644,1.627,1.635,1754908.2
2026-08-15 12:00:00+00:00,1.635,1.64,1.629,1.634,940176.4
2026-08-15 16:00:00+00:00,1.634,1.647,1.631,1.639,1473940.0
2026-08-15 20:00:00+00:00,1.639,1.64,1.614,1.617,1710329.3
2026-08-16 00:00:00+00:00,1.617,1.618,1.604,1.61,1280041.6
2026-08-16 04:00:00+00:00,1.61,1.615,1.603,1.612,754895.3
2026-08-16 08:00:00+00:00,1.612,1.626,1.609,1.626,872941.3
2026-08-16 12:00:00+00:00,1.626,1.627,1.616,1.624,939110.9
2026-08-16 16:00:00+00:00,1.624,1.627,1.604,1.609,1569377.6
2026-08-16 20:00:00+00:00,1.609,1.612,1.582,1.601,2559066.2
2026-08-17 00:00:00+00:00,1.601,1.623,1.598,1.622,1419514.1
2026-08-17 04:00:00+00:00,1.622,1.654,1.62,1.643,2515769.2
2026-08-17 08:00:00+00:00,1.643,1.649,1.625,1.641,2451203.2
2026-08-17 12:00:00+00:00,1.641,1.65,1.623,1.641,3318992.3
2026-08-17 16:00:00+00:00,1.641,1.641,1.604,1.617,4741081.6
2026-08-17 20:00:00+00:00,1.617,1.641,1.611,1.635,1977513.4
2026-08-18 00:00:00+00:00,1.635,1.648,1.62,1.635,2631836.9
2026-08-18 04:00:00+00:00,1.635,1.666,1.626,1.63,3381935.7
2026-08-18 08:00:00+00:00,1.63,1.63,1.608,1.624,2980386.7
2026-08-18 12:00:00+00:00,1.624,1.647,1.606,1.634,3836229.7
2026-08-18 16:00:00+00:00,1.634,1.635,1.593,1.607,4416964.0
2026-08-18 20:00:00+00:00,1.607,1.608,1.583,1.587,3355241.0
2026-08-19 00:00:00+00:00,1.587,1.6,1.562,1.599,4994024.6
2026-08-19 04:00:00+00:00,1.599,1.627,1.586,1.612,5354801.0
2026-08-19 08:00:00+00:00,1.612,1.627,1.598,1.617,2481771.0
2026-08-19 12:00:00+00:00,1.617,1.696,1.613,1.66,13133054.9
2026-08-19 16:00:00+00:00,1.66,1.7094,1.656,1.699,7738117.3
2026-08-19 20:00:00+00:00,1.699,1.7731,1.697,1.732,10519121.1
2026-08-20 00:00:00+00:00,1.732,1.756,1.712,1.718,3353441.6
2026-08-20 04:00:00+00:00,1.718,1.746,1.716,1.739,2412650.0
2026-08-20 08:00:00+00:00,1.739,1.768,1.736,1.747,5110668.7
2026-08-20 12:00:00+00:00,1.747,1.749,1.702,1.735,6777248.3
2026-08-20 16:00:00+00:00,1.735,1.77,1.711,1.724,8012789.5
2026-08-20 20:00:00+00:00,1.724,1.7826,1.719,1.766,7334175.3
2026-08-21 00:00:00+00:00,1.766,1.818,1.757,1.804,8512739.9
2026-08-21 04:00:00+00:00,1.804,1.927,1.795,1.918,13401969.3
2026-08-21 08:00:00+00:00,1.918,1.95,1.864,1.886,19152937.2
2026-08-21 12:00:00+00:00,1.886,1.932,1.851,1.899,10311893.3
2026-08-21 16:00:00+00:00,1.899,1.911,1.861,1.871,4304359.3
2026-08-21 20:00:00+00:00,1.871,1.988,1.864,1.965,9248193.2
2026-08-22 00:00:00+00:00,1.965,2.123,1.947,2.098,14483501.3
2026-08-22 04:00:00+00:00,2.098,2.1473,1.602,1.994,36484548.4
2026-08-22 08:00:00+00:00,1.994,1.996,1.86,1.897,12242350.7
2026-08-22 12:00:00+00:00,1.897,1.924,1.861,1.868,7704687.0
2026-08-22 16:00:00+00:00,1.868,1.975,1.858,1.947,7893622.0
2026-08-22 20:00:00+00:00,1.947,1.967,1.864,1.878,8866540.5
2026-08-23 00:00:00+00:00,1.878,1.928,1.821,1.837,8439997.4
2026-08-23 04:00:00+00:00,1.837,1.864,1.803,1.851,8619837.2
2026-08-23 08:00:00+00:00,1.851,1.968,1.845,1.96,12192756.9
2026-08-23 12:00:00+00:00,1.96,1.999,1.893,1.95,11711645.1
2026-08-23 16:00:00+00:00,1.95,1.987,1.94,1.962,5481426.5
2026-08-23 20:00:00+00:00,1.962,2.041,1.945,2.015,8825017.2
2026-08-24 00:00:00+00:00,2.015,2.074,1.946,1.976,13889440.2
2026-08-24 04:00:00+00:00,1.976,2.049,1.961,2.006,7939286.0
2026-08-24 08:00:00+00:00,2.006,2.009,1.929,1.991,9631991.8
2026-08-24 12:00:00+00:00,1.991,2.041,1.937,1.991,12970942.6
2026-08-24 16:00:00+00:00,1.991,2.029,1.923,1.926,9118674.7
2026-08-24 20:00:00+00:00,1.926,1.958,1.924,1.953,4138711.4
2026-08-25 00:00:00+00:00,1.953,2.008,1.933,1.968,7690832.6
2026-08-25 04:00:00+00:00,1.968,2.006,1.901,1.926,8096972.1
2026-08-25 08:00:00+00:00,1.926,1.944,1.901,1.917,5596405.8
2026-08-25 12:00:00+00:00,1.917,1.935,1.878,1.915,9502982.8
2026-08-25 16:00:00+00:00,1.915,1.916,1.861,1.862,4925587.1
2026-08-25 20:00:00+00:00,1.862,1.888,1.829,1.858,5112956.0
2026-08-26 00:00:00+00:00,1.858,1.903,1.852,1.877,2574919.3
2026-08-26 04:00:00+00:00,1.877,1.882,1.853,1.855,1766479.7
2026-08-26 08:00:00+00:00,1.855,1.874,1.836,1.847,2417229.0
2026-08-26 12:00:00+00:00,1.847,1.864,1.804,1.824,6293520.0
2026-08-26 16:00:00+00:00,1.824,1.843,1.81,1.836,2891971.5
2026-08-26 20:00:00+00:00,1.836,1.909,1.815,1.9,5703956.1
2026-08-27 00:00:00+00:00,1.9,1.9,1.857,1.86,2603621.8
2026-08-27 04:00:00+00:00,1.86,1.885,1.844,1.884,1896011.1
2026-08-27 08:00:00+00:00,1.884,1.948,1.879,1.893,8328079.3
2026-08-27 12:00:00+00:00,1.893,1.935,1.885,1.915,3921250.4
2026-08-27 16:00:00+00:00,1.915,1.943,1.895,1.912,3881508.9
2026-08-27 20:00:00+00:00,1.912,1.961,1.905,1.926,4268728.8
2026-08-28 00:00:00+00:00,1.926,1.97,1.865,1.884,8157783.0
2026-08-28 04:00:00+00:00,1.884,1.894,1.859,1.869,3729261.6
2026-08-28 08:00:00+00:00,1.869,1.875,1.843,1.87,4967487.2
2026-08-28 12:00:00+00:00,1.87,1.881,1.831,1.834,6728672.5
2026-08-28 16:00:00+00:00,1.834,1.839,1.796,1.815,7529876.8
2026-08-28 20:00:00+00:00,1.815,1.826,1.798,1.824,1856718.5
2026-08-29 00:00:00+00:00,1.824,1.83,1.798,1.802,1264644.9
2026-08-29 04:00:00+00:00,1.802,1.817,1.786,1.791,2829874.9
2026-08-29 08:00:00+00:00,1.791,1.802,1.777,1.795,2133554.3
2026-08-29 12:00:00+00:00,1.795,1.853,1.793,1.839,4099730.7
2026-08-29 16:00:00+00:00,1.839,1.867,1.831,1.856,3597703.5
2026-08-29 20:00:00+00:00,1.856,1.886,1.855,1.866,2249901.7
2026-08-30 00:00:00+00:00,1.866,1.886,1.844,1.871,2292560.0
2026-08-30 04:00:00+00:00,1.871,1.898,1.859,1.89,1849531.5
