timestamp,open,high,low,close,volume
2026-03-07 20:00:00+00:00,0.2323,0.2338,0.2322,0.2334,1674225.2
2026-03-07 21:00:00+00:00,0.2334,0.2343,0.2332,0.234,822376.3
2026-03-07 22:00:00+00:00,0.234,0.2343,0.2315,0.2324,1695187.0
2026-03-07 23:00:00+00:00,0.2324,0.2341,0.2323,0.2341,1027081.8
2026-03-08 00:00:00+00:00,0.2341,0.2343,0.2338,0.2341,666002.3
2026-03-08 01:00:00+00:00,0.2341,0.2355,0.2336,0.2349,890808.1
2026-03-08 02:00:00+00:00,0.2349,0.2349,0.2303,0.2308,2659052.4
2026-03-08 03:00:00+00:00,0.2308,0.2317,0.2306,0.2308,930015.7
2026-03-08 04:00:00+00:00,0.2308,0.2317,0.2298,0.2305,2669947.8
2026-03-08 05:00:00+00:00,0.2305,0.2327,0.2305,0.2313,1328798.6
2026-03-08 06:00:00+00:00,0.2313,0.2318,0.2301,0.2318,988374.5
2026-03-08 07:00:00+00:00,0.2318,0.2331,0.2316,0.2329,768897.2
2026-03-08 08:00:00+00:00,0.2329,0.234,0.2319,0.2339,1087062.5
2026-03-08 09:00:00+00:00,0.2339,0.2381,0.2337,0.2374,3614633.9
2026-03-08 10:00:00+00:00,0.2374,0.238,0.2362,0.2365,1685560.5
2026-03-08 11:00:00+00:00,0.2365,0.2368,0.2343,0.2364,3259056.3
2026-03-08 12:00:00+00:00,0.2364,0.2376,0.2336,0.2363,2404000.7
2026-03-08 13:00:00+00:00,0.2363,0.2364,0.232,0.2352,4977610.3
2026-03-08 14:00:00+00:00,0.2352,0.2355,0.2328,0.2343,2234041.3
2026-03-08 15:00:00+00:00,0.2343,0.2343,0.2319,0.2329,2238981.1
2026-03-08 16:00:00+00:00,0.2329,0.2341,0.2322,0.2336,1847214.6
2026-03-08 17:00:00+00:00,0.2336,0.2337,0.2321,0.2333,1608870.1
2026-03-08 18:00:00+00:00,0.2333,0.2351,0.2325,0.2347,3794864.7
2026-03-08 19:00:00+00:00,0.2347,0.2395,0.2345,0.2383,3857986.4
2026-03-08 20:00:00+00:00,0.2383,0.2391,0.2364,0.2372,2401558.1
2026-03-08 21:00:00+00:00,0.2372,0.2375,0.2346,0.2367,1485061.9
2026-03-08 22:00:00+00:00,0.2367,0.2367,0.2299,0.2341,8948742.6
2026-03-08 23:00:00+00:00,0.2341,0.2349,0.2322,0.2324,5265291.6
2026-03-09 00:00:00+00:00,0.2324,0.2361,0.2319,0.2334,3946037.0
2026-03-09 01:00:00+00:00,0.2334,0.2337,0.2315,0.232,3025099.5
2026-03-09 02:00:00+00:00,0.232,0.2351,0.2305,0.2342,3945562.0
2026-03-09 03:00:00+00:00,0.2342,0.2381,0.2338,0.2355,5434461.8
2026-03-09 04:00:00+00:00,0.2355,0.2373,0.2346,0.2348,1607395.3
2026-03-09 05:00:00+00:00,0.2348,0.2396,0.2342,0.2386,4007766.3
2026-03-09 06:00:00+00:00,0.2386,0.2387,0.236,0.236,1211286.2
2026-03-09 07:00:00+00:00,0.236,0.2364,0.2335,0.2359,2000080.1
2026-03-09 08:00:00+00:00,0.2359,0.2389,0.2357,0.2376,3653679.3
2026-03-09 09:00:00+00:00,0.2376,0.2395,0.2366,0.2376,2727551.8
2026-03-09 10:00:00+00:00,0.2376,0.2381,0.2364,0.237,3253396.2
2026-03-09 11:00:00+00:00,0.237,0.2383,0.2361,0.2377,2116032.4
2026-03-09 12:00:00+00:00,0.2377,0.2428,0.2377,0.2423,5231666.9
2026-03-09 13:00:00+00:00,0.2423,0.2473,0.2414,0.2439,7620916.1
2026-03-09 14:00:00+00:00,0.2439,0.2448,0.2417,0.2431,5606620.2
2026-03-09 15:00:00+00:00,0.2431,0.2434,0.2404,0.2404,6450132.9
2026-03-09 16:00:00+00:00,0.2404,0.2421,0.24,0.2412,2494535.4
2026-03-09 17:00:00+00:00,0.2412,0.2419,0.2393,0.241,2792194.6
2026-03-09 18:00:00+00:00,0.241,0.2435,0.2397,0.2421,3483171.7
2026-03-09 19:00:00+00:00,0.2421,0.2489,0.2416,0.2443,5624016.2
2026-03-09 20:00:00+00:00,0.2443,0.2453,0.2436,0.2448,1827898.8
2026-03-09 21:00:00+00:00,0.2448,0.2482,0.2446,0.2463,2612024.9
2026-03-09 22:00:00+00:00,0.2463,0.2463,0.2411,0.242,2563604.0
2026-03-09 23:00:00+00:00,0.242,0.2431,0.2412,0.2418,963448.7
2026-03-10 00:00:00+00:00,0.2418,0.245,0.2416,0.2443,2308058.5
2026-03-10 01:00:00+00:00,0.2443,0.2466,0.2432,0.2461,1838163.7
2026-03-10 02:00:00+00:00,0.2461,0.2513,0.2461,0.2498,3535018.2
2026-03-10 03:00:00+00:00,0.2498,0.2509,0.2487,0.2497,1862245.7
2026-03-10 04:00:00+00:00,0.2497,0.2517,0.2496,0.2508,3033737.9
2026-03-10 05:00:00+00:00,0.2508,0.2514,0.2482,0.2487,1593902.0
2026-03-10 06:00:00+00:00,0.2487,0.2499,0.2477,0.2485,1738545.6
2026-03-10 07:00:00+00:00,0.2485,0.2495,0.2482,0.2485,1127434.9
2026-03-10 08:00:00+00:00,0.2485,0.254,0.248,0.2526,7875388.9
2026-03-10 09:00:00+00:00,0.2526,0.2549,0.2521,0.2532,5563667.2
2026-03-10 10:00:00+00:00,0.2532,0.2533,0.2503,0.2518,3338303.0
2026-03-10 11:00:00+00:00,0.2518,0.2522,0.2506,0.2512,1557349.4
2026-03-10 12:00:00+00:00,0.2512,0.2512,0.2498,0.2507,2240194.1
2026-03-10 13:00:00+00:00,0.2507,0.2526,0.2477,0.2486,4881714.0
2026-03-10 14:00:00+00:00,0.2486,0.2528,0.246,0.2523,8876835.2
2026-03-10 15:00:00+00:00,0.2523,0.2536,0.249,0.2516,4684245.0
2026-03-10 16:00:00+00:00,0.2516,0.2518,0.2495,0.2501,4484252.9
2026-03-10 17:00:00+00:00,0.2501,0.2501,0.2467,0.2477,2273491.9
2026-03-10 18:00:00+00:00,0.2477,0.2477,0.2397,0.2406,10199411.9
2026-03-10 19:00:00+00:00,0.2406,0.2416,0.2399,0.241,3408301.3
2026-03-10 20:00:00+00:00,0.241,0.2436,0.2409,0.2434,2272742.3
2026-03-10 21:00:00+00:00,0.2434,0.2436,0.241,0.2415,2027552.2
2026-03-10 22:00:00+00:00,0.2415,0.2427,0.2411,0.2417,1027154.8
2026-03-10 23:00:00+00:00,0.2417,0.2421,0.241,0.2413,703035.5
2026-03-11 00:00:00+00:00,0.2413,0.2414,0.2386,0.2397,2956886.5
2026-03-11 01:00:00+00:00,0.2397,0.2398,0.2373,0.2387,3339556.8
2026-03-11 02:00:00+00:00,0.2387,0.2391,0.2373,0.2384,2659105.2
2026-03-11 03:00:00+00:00,0.2384,0.239,0.2373,0.2378,1066936.0
2026-03-11 04:00:00+00:00,0.2378,0.2392,0.2364,0.2387,1975132.6
2026-03-11 05:00:00+00:00,0.2387,0.2388,0.2356,0.2366,1624253.4
2026-03-11 06:00:00+00:00,0.2366,0.2381,0.2363,0.2377,1415038.2
2026-03-11 07:00:00+00:00,0.2377,0.2381,0.2364,0.2368,1292503.5
2026-03-11 08:00:00+00:00,0.2368,0.2373,0.236,0.2369,1463556.1
2026-03-11 09:00:00+00:00,0.2369,0.2374,0.2351,0.2355,1526249.9
2026-03-11 10:00:00+00:00,0.2355,0.2367,0.2353,0.2367,1005360.7
2026-03-11 11:00:00+00:00,0.2367,0.2379,0.2361,0.2375,1731280.1
2026-03-11 12:00:00+00:00,0.2375,0.2424,0.2371,0.2404,4437384.6
2026-03-11 13:00:00+00:00,0.2404,0.2446,0.2401,0.2421,5910304.7
2026-03-11 14:00:00+00:00,0.2421,0.2441,0.2417,0.2422,3856301.5
2026-03-11 15:00:00+00:00,0.2422,0.2424,0.2381,0.24,2374227.9
2026-03-11 16:00:00+00:00,0.24,0.2404,0.2381,0.2385,4698053.7
2026-03-11 17:00:00+00:00,0.2385,0.2404,0.2373,0.2382,3607414.1
2026-03-11 18:00:00+00:00,0.2382,0.2386,0.2343,0.2363,4029051.7
2026-03-11 19:00:00+00:00,0.2363,0.2368,0.235,0.2355,2221127.4
2026-03-11 20:00:00+00:00,0.2355,0.236,0.2329,0.2338,2717753.7
2026-03-11 21:00:00+00:00,0.2338,0.2351,0.2322,0.2351,2566035.6
2026-03-11 22:00:00+00:00,0.2351,0.2356,0.2336,0.2342,2722091.9
2026-03-11 23:00:00+00:00,0.2342,0.2345,0.2326,0.233,2278504.6
2026-03-12 00:00:00+00:00,0.233,0.2351,0.2323,0.2348,2010508.3
2026-03-12 01:00:00+00:00,0.2348,0.2348,0.233,0.2337,1956750.0
2026-03-12 02:00:00+00:00,0.2337,0.2339,0.2302,0.2308,2908076.1
2026-03-12 03:00:00+00:00,0.2308,0.2322,0.2306,0.2309,1263925.8
2026-03-12 04:00:00+00:00,0.2309,0.2319,0.2304,0.2309,1839823.0
2026-03-12 05:00:00+00:00,0.2309,0.2318,0.2294,0.2317,2579566.6
2026-03-12 06:00:00+00:00,0.2317,0.233,0.2312,0.2329,1550125.9
2026-03-12 07:00:00+00:00,0.2329,0.2337,0.2321,0.2332,2125900.4
2026-03-12 08:00:00+00:00,0.2332,0.234,0.2324,0.2332,2422366.3
2026-03-12 09:00:00+00:00,0.2332,0.2354,0.2316,0.2339,3341033.3
2026-03-12 10:00:00+00:00,0.2339,0.235,0.2335,0.2343,1235388.0
2026-03-12 11:00:00+00:00,0.2343,0.2346,0.2331,0.2336,2263196.2
2026-03-12 12:00:00+00:00,0.2336,0.2345,0.233,0.2334,1955843.9
2026-03-12 13:00:00+00:00,0.2334,0.2335,0.2293,0.2316,7443988.5
2026-03-12 14:00:00+00:00,0.2316,0.2331,0.2285,0.2305,5507401.0
2026-03-12 15:00:00+00:00,0.2305,0.2349,0.2301,0.2338,4506739.3
2026-03-12 16:00:00+00:00,0.2338,0.2375,0.2317,0.2359,6435223.1
2026-03-12 17:00:00+00:00,0.2359,0.2362,0.2341,0.2346,2007381.9
2026-03-12 18:00:00+00:00,0.2346,0.2351,0.2333,0.2337,3174194.0
2026-03-12 19:00:00+00:00,0.2337,0.2354,0.2334,0.2349,1288585.3
2026-03-12 20:00:00+00:00,0.2349,0.2349,0.2321,0.2326,2136273.4
2026-03-12 21:00:00+00:00,0.2326,0.2349,0.2324,0.2348,1562640.1
2026-03-12 22:00:00+00:00,0.2348,0.2355,0.2341,0.2352,1174455.1
2026-03-12 23:00:00+00:00,0.2352,0.2364,0.2348,0.2348,1834567.1
2026-03-13 00:00:00+00:00,0.2348,0.2433,0.2348,0.2402,10298105.6
2026-03-13 01:00:00+00:00,0.2402,0.2423,0.239,0.2422,4876200.6
2026-03-13 02:00:00+00:00,0.2422,0.2424,0.2398,0.2418,3743031.0
2026-03-13 03:00:00+00:00,0.2418,0.247,0.2413,0.2463,3655731.2
2026-03-13 04:00:00+00:00,0.2463,0.2466,0.2438,0.2447,2956620.7
2026-03-13 05:00:00+00:00,0.2447,0.2465,0.2434,0.2452,1829130.9
2026-03-13 06:00:00+00:00,0.2452,0.2456,0.2417,0.2418,3335637.6
2026-03-13 07:00:00+00:00,0.2418,0.2425,0.2407,0.2418,2338085.4
2026-03-13 08:00:00+00:00,0.2418,0.2451,0.2412,0.2432,2405949.5
2026-03-13 09:00:00+00:00,0.2432,0.245,0.242,0.2441,1980567.2
2026-03-13 10:00:00+00:00,0.2441,0.2457,0.2438,0.2454,1316794.0
2026-03-13 11:00:00+00:00,0.2454,0.2456,0.2431,0.2435,1887604.0
2026-03-13 12:00:00+00:00,0.2435,0.2475,0.2433,0.2465,2793817.9
2026-03-13 13:00:00+00:00,0.2465,0.2495,0.2458,0.2467,4256482.2
2026-03-13 14:00:00+00:00,0.2467,0.2479,0.2415,0.242,4829938.9
2026-03-13 15:00:00+00:00,0.242,0.2444,0.2397,0.2403,5328930.5
2026-03-13 16:00:00+00:00,0.2403,0.2413,0.2385,0.2406,3726620.2
2026-03-13 17:00:00+00:00,0.2406,0.2413,0.2373,0.2385,3062598.9
2026-03-13 18:00:00+00:00,0.2385,0.2399,0.2379,0.2385,2428757.0
2026-03-13 19:00:00+00:00,0.2385,0.2393,0.2379,0.2383,1200917.5
2026-03-13 20:00:00+00:00,0.2383,0.2392,0.238,0.2387,404117.8
2026-03-13 21:00:00+00:00,0.2387,0.2399,0.2374,0.2382,890911.5
2026-03-13 22:00:00+00:00,0.2382,0.2383,0.2333,0.2345,4471461.3
2026-03-13 23:00:00+00:00,0.2345,0.2352,0.2341,0.2351,769679.9
2026-03-14 00:00:00+00:00,0.2351,0.2355,0.2323,0.2326,2653519.2
2026-03-14 01:00:00+00:00,0.2326,0.2334,0.2303,0.2317,3164556.7
2026-03-14 02:00:00+00:00,0.2317,0.2319,0.2293,0.231,2331191.1
2026-03-14 03:00:00+00:00,0.231,0.2328,0.2308,0.2327,2063374.1
2026-03-14 04:00:00+00:00,0.2327,0.2329,0.2305,0.231,1777823.1
2026-03-14 05:00:00+00:00,0.231,0.2311,0.2295,0.2301,2209719.5
2026-03-14 06:00:00+00:00,0.2301,0.2302,0.2263,0.2272,6765106.8
2026-03-14 07:00:00+00:00,0.2272,0.2274,0.2254,0.2257,2626368.9
2026-03-14 08:00:00+00:00,0.2257,0.2269,0.2251,0.2259,2059069.1
2026-03-14 09:00:00+00:00,0.2259,0.2265,0.2247,0.2257,2153449.9
2026-03-14 10:00:00+00:00,0.2257,0.2258,0.225,0.2257,1591796.2
2026-03-14 11:00:00+00:00,0.2257,0.228,0.2257,0.2275,1947935.8
2026-03-14 12:00:00+00:00,0.2275,0.2279,0.2267,0.2273,1826722.1
2026-03-14 13:00:00+00:00,0.2273,0.2279,0.2268,0.2274,2124537.0
2026-03-14 14:00:00+00:00,0.2274,0.2276,0.2254,0.2257,2526093.6
2026-03-14 15:00:00+00:00,0.2257,0.2269,0.2252,0.2265,1071994.0
2026-03-14 16:00:00+00:00,0.2265,0.2285,0.2261,0.2281,1978850.5
2026-03-14 17:00:00+00:00,0.2281,0.2282,0.2261,0.2265,911397.7
2026-03-14 18:00:00+00:00,0.2265,0.2273,0.2261,0.2272,2581260.4
2026-03-14 19:00:00+00:00,0.2272,0.2294,0.2267,0.2285,4801178.1
2026-03-14 20:00:00+00:00,0.2285,0.2301,0.2282,0.2299,1607589.8
2026-03-14 21:00:00+00:00,0.2299,0.2299,0.2278,0.2283,1642119.5
2026-03-14 22:00:00+00:00,0.2283,0.2297,0.2282,0.2296,1412280.6
2026-03-14 23:00:00+00:00,0.2296,0.2344,0.2295,0.2341,2050653.6
2026-03-15 00:00:00+00:00,0.2341,0.2341,0.2316,0.2328,2464545.9
2026-03-15 01:00:00+00:00,0.2328,0.2329,0.2315,0.232,1717855.6
2026-03-15 02:00:00+00:00,0.232,0.2388,0.2319,0.2356,5935079.1
2026-03-15 03:00:00+00:00,0.2356,0.2359,0.2337,0.2346,3127270.0
2026-03-15 04:00:00+00:00,0.2346,0.2349,0.2327,0.234,1965333.6
2026-03-15 05:00:00+00:00,0.234,0.2356,0.2336,0.2342,1002465.3
2026-03-15 06:00:00+00:00,0.2342,0.2347,0.2332,0.2336,863678.3
2026-03-15 07:00:00+00:00,0.2336,0.235,0.2335,0.2342,1210198.8
2026-03-15 08:00:00+00:00,0.2342,0.2357,0.2342,0.2357,954488.9
2026-03-15 09:00:00+00:00,0.2357,0.2377,0.2343,0.2347,2116268.3
2026-03-15 10:00:00+00:00,0.2347,0.237,0.2346,0.2366,1337173.7
2026-03-15 11:00:00+00:00,0.2366,0.2381,0.2363,0.2372,2380703.6
2026-03-15 12:00:00+00:00,0.2372,0.2381,0.2361,0.2363,978889.1
2026-03-15 13:00:00+00:00,0.2363,0.2367,0.2337,0.2353,3503460.8
2026-03-15 14:00:00+00:00,0.2353,0.2368,0.2351,0.2363,2017577.1
2026-03-15 15:00:00+00:00,0.2363,0.2367,0.2355,0.2358,872068.6
2026-03-15 16:00:00+00:00,0.2358,0.2396,0.2358,0.2377,2912168.1
2026-03-15 17:00:00+00:00,0.2377,0.2437,0.2373,0.2433,4252880.5
2026-03-15 18:00:00+00:00,0.2433,0.248,0.2409,0.2415,13419675.1
2026-03-15 19:00:00+00:00,0.2415,0.2428,0.241,0.2415,2609424.2
2026-03-15 20:00:00+00:00,0.2415,0.2448,0.2411,0.2435,2802982.7
2026-03-15 21:00:00+00:00,0.2435,0.244,0.2421,0.2431,1856128.7
2026-03-15 22:00:00+00:00,0.2431,0.2454,0.2401,0.2448,6099972.7
2026-03-15 23:00:00+00:00,0.2448,0.2467,0.2421,0.2433,3419529.9
2026-03-16 00:00:00+00:00,0.2433,0.2447,0.2417,0.2423,2404874.1
2026-03-16 01:00:00+00:00,0.2423,0.2427,0.241,0.2422,2754254.7
2026-03-16 02:00:00+00:00,0.2422,0.2433,0.2407,0.2423,2906336.8
2026-03-16 03:00:00+00:00,0.2423,0.2467,0.2415,0.2446,7747780.7
2026-03-16 04:00:00+00:00,0.2446,0.2473,0.2436,0.2465,9255980.7
2026-03-16 05:00:00+00:00,0.2465,0.2476,0.2454,0.2457,6155612.6
2026-03-16 06:00:00+00:00,0.2457,0.2486,0.2437,0.2481,6246214.7
2026-03-16 07:00:00+00:00,0.2481,0.2506,0.2474,0.2474,5096355.7
2026-03-16 08:00:00+00:00,0.2474,0.248,0.2438,0.2449,4130241.8
2026-03-16 09:00:00+00:00,0.2449,0.2474,0.2448,0.2461,2868350.7
2026-03-16 10:00:00+00:00,0.2461,0.2468,0.2446,0.2459,1540226.1
2026-03-16 11:00:00+00:00,0.2459,0.2469,0.2451,0.2466,2635960.9
2026-03-16 12:00:00+00:00,0.2466,0.2477,0.2457,0.2465,4313772.0
2026-03-16 13:00:00+00:00,0.2465,0.2515,0.246,0.2487,7209355.6
2026-03-16 14:00:00+00:00,0.2487,0.2508,0.2458,0.2488,6956275.7
2026-03-16 15:00:00+00:00,0.2488,0.2496,0.2471,0.2475,3068028.7
2026-03-16 16:00:00+00:00,0.2475,0.2529,0.247,0.2519,6716362.3
2026-03-16 17:00:00+00:00,0.2519,0.2522,0.2487,0.2492,2623679.7
2026-03-16 18:00:00+00:00,0.2492,0.2511,0.2487,0.2496,2916231.6
2026-03-16 19:00:00+00:00,0.2496,0.2529,0.249,0.2511,3549262.3
2026-03-16 20:00:00+00:00,0.2511,0.2533,0.2495,0.2529,4501422.1
2026-03-16 21:00:00+00:00,0.2529,0.2559,0.2524,0.2533,4998061.5
2026-03-16 22:00:00+00:00,0.2533,0.2578,0.2533,0.2559,3372597.5
2026-03-16 23:00:00+00:00,0.2559,0.2567,0.2537,0.2545,2258866.7
2026-03-17 00:00:00+00:00,0.2545,0.2573,0.2531,0.2563,6204566.4
2026-03-17 01:00:00+00:00,0.2563,0.2595,0.2549,0.257,3061919.6
2026-03-17 02:00:00+00:00,0.257,0.26,0.2556,0.2575,2593484.7
2026-03-17 03:00:00+00:00,0.2575,0.2581,0.252,0.2541,2779274.3
2026-03-17 04:00:00+00:00,0.2541,0.2551,0.2496,0.2514,4181369.0
2026-03-17 05:00:00+00:00,0.2514,0.2532,0.2506,0.2527,1714575.4
2026-03-17 06:00:00+00:00,0.2527,0.2541,0.2509,0.2515,2102914.8
2026-03-17 07:00:00+00:00,0.2515,0.2569,0.2515,0.2553,2622273.4
2026-03-17 08:00:00+00:00,0.2553,0.2568,0.2542,0.2548,2154425.2
2026-03-17 09:00:00+00:00,0.2548,0.2553,0.2531,0.2536,1556431.9
2026-03-17 10:00:00+00:00,0.2536,0.2538,0.2518,0.2526,1695838.7
2026-03-17 11:00:00+00:00,0.2526,0.2562,0.2526,0.2544,1960842.0
2026-03-17 12:00:00+00:00,0.2544,0.2548,0.2499,0.2505,3247287.7
2026-03-17 13:00:00+00:00,0.2505,0.2527,0.2492,0.251,3283360.7
2026-03-17 14:00:00+00:00,0.251,0.254,0.25,0.2526,2375351.6
2026-03-17 15:00:00+00:00,0.2526,0.2541,0.2496,0.2518,1852148.5
2026-03-17 16:00:00+00:00,0.2518,0.2537,0.2515,0.2528,2159060.0
2026-03-17 17:00:00+00:00,0.2528,0.2557,0.2525,0.2547,1907103.1
2026-03-17 18:00:00+00:00,0.2547,0.2552,0.2534,0.2538,1182268.2
2026-03-17 19:00:00+00:00,0.2538,0.2547,0.2511,0.2513,3331963.9
2026-03-17 20:00:00+00:00,0.2513,0.2528,0.2509,0.2517,1342828.6
2026-03-17 21:00:00+00:00,0.2517,0.2536,0.2514,0.2524,1710934.0
2026-03-17 22:00:00+00:00,0.2524,0.2538,0.2503,0.2514,2602372.8
2026-03-17 23:00:00+00:00,0.2514,0.2514,0.2493,0.2501,1621222.4
2026-03-18 00:00:00+00:00,0.2501,0.2506,0.2479,0.249,2612118.0
2026-03-18 01:00:00+00:00,0.249,0.2505,0.2489,0.2501,2253603.8
2026-03-18 02:00:00+00:00,0.2501,0.2524,0.2499,0.252,2038885.5
2026-03-18 03:00:00+00:00,0.252,0.2536,0.2515,0.2522,1358069.9
2026-03-18 04:00:00+00:00,0.2522,0.2523,0.2504,0.2517,1624614.7
2026-03-18 05:00:00+00:00,0.2517,0.2546,0.2517,0.2523,4555125.7
2026-03-18 06:00:00+00:00,0.2523,0.254,0.2522,0.253,1993112.4
2026-03-18 07:00:00+00:00,0.253,0.2533,0.2511,0.2519,2205393.8
2026-03-18 08:00:00+00:00,0.2519,0.2527,0.2517,0.2522,1834901.1
2026-03-18 09:00:00+00:00,0.2522,0.2539,0.2515,0.252,2071710.0
2026-03-18 10:00:00+00:00,0.252,0.2525,0.2503,0.2512,3837532.4
2026-03-18 11:00:00+00:00,0.2512,0.2516,0.2445,0.246,7030768.9
2026-03-18 12:00:00+00:00,0.246,0.246,0.2419,0.2435,4120841.2
2026-03-18 13:00:00+00:00,0.2435,0.2454,0.2417,0.2436,2948966.5
2026-03-18 14:00:00+00:00,0.2436,0.2438,0.2396,0.2401,4126512.0
2026-03-18 15:00:00+00:00,0.2401,0.2416,0.2384,0.2398,4451670.6
2026-03-18 16:00:00+00:00,0.2398,0.2399,0.2378,0.239,3916795.5
2026-03-18 17:00:00+00:00,0.239,0.2413,0.2374,0.2401,3802696.1
2026-03-18 18:00:00+00:00,0.2401,0.2422,0.2385,0.2392,4550317.5
2026-03-18 19:00:00+00:00,0.2392,0.2414,0.2392,0.2394,3755171.4
2026-03-18 20:00:00+00:00,0.2394,0.2395,0.2369,0.2391,4117476.5
2026-03-18 21:00:00+00:00,0.2391,0.2409,0.2387,0.2401,1456001.8
2026-03-18 22:00:00+00:00,0.2401,0.2401,0.2382,0.2398,2356322.5
2026-03-18 23:00:00+00:00,0.2398,0.2406,0.239,0.2395,1019652.7
2026-03-19 00:00:00+00:00,0.2395,0.24,0.2385,0.2388,1238597.2
2026-03-19 01:00:00+00:00,0.2388,0.2396,0.2388,0.239,1146772.2
2026-03-19 02:00:00+00:00,0.239,0.2398,0.2382,0.2395,1930034.5
2026-03-19 03:00:00+00:00,0.2395,0.2437,0.2395,0.2411,2258756.7
2026-03-19 04:00:00+00:00,0.2411,0.2412,0.2399,0.2403,1313518.5
2026-03-19 05:00:00+00:00,0.2403,0.2419,0.24,0.2402,1970247.2
2026-03-19 06:00:00+00:00,0.2402,0.241,0.2378,0.2393,4559737.6
2026-03-19 07:00:00+00:00,0.2393,0.24,0.2359,0.2381,5619063.7
2026-03-19 08:00:00+00:00,0.2381,0.2384,0.2365,0.2374,3195609.9
2026-03-19 09:00:00+00:00,0.2374,0.2395,0.2371,0.2386,2296372.2
2026-03-19 10:00:00+00:00,0.2386,0.2386,0.2373,0.2374,829053.5
2026-03-19 11:00:00+00:00,0.2374,0.2384,0.2372,0.2373,959107.7
2026-03-19 12:00:00+00:00,0.2373,0.2374,0.2322,0.2324,4361687.9
2026-03-19 13:00:00+00:00,0.2324,0.2338,0.2303,0.2335,5380204.8
2026-03-19 14:00:00+00:00,0.2335,0.2343,0.2315,0.2329,3547730.8
2026-03-19 15:00:00+00:00,0.2329,0.2342,0.2307,0.2335,2918838.0
2026-03-19 16:00:00+00:00,0.2335,0.2336,0.2319,0.2323,1948020.0
2026-03-19 17:00:00+00:00,0.2323,0.2349,0.2293,0.234,4788541.0
2026-03-19 18:00:00+00:00,0.234,0.2342,0.2318,0.2326,1344677.9
2026-03-19 19:00:00+00:00,0.2326,0.2367,0.2325,0.2345,3596728.8
2026-03-19 20:00:00+00:00,0.2345,0.2361,0.2339,0.2352,2630052.3
2026-03-19 21:00:00+00:00,0.2352,0.2398,0.2351,0.2385,3274479.7
2026-03-19 22:00:00+00:00,0.2385,0.2389,0.2362,0.2367,1959918.9
2026-03-19 23:00:00+00:00,0.2367,0.2375,0.2352,0.2364,1611860.2
2026-03-20 00:00:00+00:00,0.2364,0.2376,0.2361,0.2371,1265149.4
2026-03-20 01:00:00+00:00,0.2371,0.239,0.2371,0.238,3227960.1
2026-03-20 02:00:00+00:00,0.238,0.2398,0.2373,0.2392,1847292.5
2026-03-20 03:00:00+00:00,0.2392,0.2405,0.2388,0.2404,1526570.2
2026-03-20 04:00:00+00:00,0.2404,0.2406,0.2387,0.2404,1363525.8
2026-03-20 05:00:00+00:00,0.2404,0.2409,0.2383,0.2389,1493132.3
2026-03-20 06:00:00+00:00,0.2389,0.239,0.2365,0.237,2109595.3
2026-03-20 07:00:00+00:00,0.237,0.2375,0.2352,0.2367,3004465.0
2026-03-20 08:00:00+00:00,0.2367,0.2386,0.2364,0.2375,3812648.3
2026-03-20 09:00:00+00:00,0.2375,0.2376,0.2355,0.2365,2889704.5
2026-03-20 10:00:00+00:00,0.2365,0.2375,0.2354,0.2374,1898390.7
2026-03-20 11:00:00+00:00,0.2374,0.2381,0.2343,0.2351,2051600.7
2026-03-20 12:00:00+00:00,0.2351,0.2366,0.235,0.2353,2361585.4
2026-03-20 13:00:00+00:00,0.2353,0.2366,0.234,0.2342,6343710.6
2026-03-20 14:00:00+00:00,0.2342,0.236,0.2328,0.2341,6397235.6
2026-03-20 15:00:00+00:00,0.2341,0.2362,0.233,0.2347,4143441.4
2026-03-20 16:00:00+00:00,0.2347,0.2353,0.2332,0.2343,1812907.6
2026-03-20 17:00:00+00:00,0.2343,0.2346,0.2322,0.2343,4040034.1
2026-03-20 18:00:00+00:00,0.2343,0.2343,0.2315,0.2322,2919749.5
2026-03-20 19:00:00+00:00,0.2322,0.2337,0.2303,0.2336,4666856.0
2026-03-20 20:00:00+00:00,0.2336,0.2344,0.2323,0.2337,2653142.4
2026-03-20 21:00:00+00:00,0.2337,0.2374,0.2334,0.2351,3843503.0
2026-03-20 22:00:00+00:00,0.2351,0.2374,0.2351,0.2368,2316832.2
2026-03-20 23:00:00+00:00,0.2368,0.2368,0.2348,0.2352,932584.0
2026-03-21 00:00:00+00:00,0.2352,0.2362,0.235,0.2361,430119.7
2026-03-21 01:00:00+00:00,0.2361,0.2366,0.2354,0.2355,657591.2
2026-03-21 02:00:00+00:00,0.2355,0.2365,0.2351,0.2362,900744.3
2026-03-21 03:00:00+00:00,0.2362,0.2363,0.2351,0.2353,579648.9
2026-03-21 04:00:00+00:00,0.2353,0.2358,0.2343,0.2345,512642.2
2026-03-21 05:00:00+00:00,0.2345,0.2356,0.2344,0.2344,1368996.7
2026-03-21 06:00:00+00:00,0.2344,0.2347,0.2341,0.2344,294190.8
2026-03-21 07:00:00+00:00,0.2344,0.2346,0.233,0.2332,490289.1
2026-03-21 08:00:00+00:00,0.2332,0.2336,0.233,0.2334,369382.9
2026-03-21 09:00:00+00:00,0.2334,0.2342,0.2332,0.2335,889751.3
2026-03-21 10:00:00+00:00,0.2335,0.2335,0.2323,0.2329,786723.0
2026-03-21 11:00:00+00:00,0.2329,0.2332,0.2327,0.2331,433056.8
2026-03-21 12:00:00+00:00,0.2331,0.2337,0.2331,0.2333,671694.2
2026-03-21 13:00:00+00:00,0.2333,0.2348,0.2333,0.2347,430139.5
2026-03-21 14:00:00+00:00,0.2347,0.2364,0.2342,0.2344,1454330.9
2026-03-21 15:00:00+00:00,0.2344,0.2358,0.2341,0.2357,1137598.5
2026-03-21 16:00:00+00:00,0.2357,0.2358,0.2341,0.2343,1082609.2
2026-03-21 17:00:00+00:00,0.2343,0.2348,0.234,0.2344,439635.4
2026-03-21 18:00:00+00:00,0.2344,0.2351,0.2342,0.2344,305677.9
2026-03-21 19:00:00+00:00,0.2344,0.2346,0.2338,0.2343,1215809.6
2026-03-21 20:00:00+00:00,0.2343,0.2354,0.2341,0.2347,915107.4
2026-03-21 21:00:00+00:00,0.2347,0.2348,0.2334,0.2336,991962.4
2026-03-21 22:00:00+00:00,0.2336,0.2341,0.2331,0.2337,690987.9
2026-03-21 23:00:00+00:00,0.2337,0.2341,0.2254,0.2272,13593391.0
2026-03-22 00:00:00+00:00,0.2272,0.2279,0.2233,0.2272,8560826.5
2026-03-22 01:00:00+00:00,0.2272,0.2279,0.2259,0.2267,4185417.1
2026-03-22 02:00:00+00:00,0.2267,0.2295,0.2267,0.2282,2769233.1
2026-03-22 03:00:00+00:00,0.2282,0.2303,0.2278,0.2281,2106778.7
2026-03-22 04:00:00+00:00,0.2281,0.2293,0.2268,0.2271,2589750.7
2026-03-22 05:00:00+00:00,0.2271,0.2273,0.2265,0.2267,803018.2
2026-03-22 06:00:00+00:00,0.2267,0.2267,0.2255,0.2259,3000921.3
2026-03-22 07:00:00+00:00,0.2259,0.2263,0.2248,0.2248,2518408.8
2026-03-22 08:00:00+00:00,0.2248,0.2249,0.2228,0.2238,5428674.3
2026-03-22 09:00:00+00:00,0.2238,0.2244,0.2223,0.2234,4315361.9
2026-03-22 10:00:00+00:00,0.2234,0.2234,0.2217,0.2218,2767085.7
2026-03-22 11:00:00+00:00,0.2218,0.2219,0.2193,0.2198,5635125.7
2026-03-22 12:00:00+00:00,0.2198,0.2204,0.218,0.2185,6088987.4
2026-03-22 13:00:00+00:00,0.2185,0.2197,0.2176,0.2187,4410715.5
2026-03-22 14:00:00+00:00,0.2187,0.219,0.2172,0.2181,3470294.3
2026-03-22 15:00:00+00:00,0.2181,0.2202,0.2181,0.2187,4194558.6
2026-03-22 16:00:00+00:00,0.2187,0.2193,0.2174,0.2174,2176180.8
2026-03-22 17:00:00+00:00,0.2174,0.2186,0.2166,0.2172,2165521.1
2026-03-22 18:00:00+00:00,0.2172,0.2185,0.2157,0.2168,3092104.0
2026-03-22 19:00:00+00:00,0.2168,0.2177,0.2146,0.2173,5092258.4
2026-03-22 20:00:00+00:00,0.2173,0.2187,0.2169,0.2175,2292197.7
2026-03-22 21:00:00+00:00,0.2175,0.2178,0.2133,0.2162,7955455.2
2026-03-22 22:00:00+00:00,0.2162,0.2182,0.2144,0.2176,3532170.4
2026-03-22 23:00:00+00:00,0.2176,0.2186,0.2159,0.2164,2363556.8
2026-03-23 00:00:00+00:00,0.2164,0.2179,0.216,0.2173,2419438.3
2026-03-23 01:00:00+00:00,0.2173,0.2194,0.2164,0.2182,3247657.9
2026-03-23 02:00:00+00:00,0.2182,0.2198,0.2173,0.2192,2570274.6
2026-03-23 03:00:00+00:00,0.2192,0.2202,0.2174,0.2174,1380351.6
2026-03-23 04:00:00+00:00,0.2174,0.2188,0.2162,0.2188,2622869.5
2026-03-23 05:00:00+00:00,0.2188,0.2195,0.2172,0.2184,1904703.8
2026-03-23 06:00:00+00:00,0.2184,0.2184,0.2144,0.2148,3882937.3
2026-03-23 07:00:00+00:00,0.2148,0.216,0.2115,0.2151,6627207.1
2026-03-23 08:00:00+00:00,0.2151,0.2157,0.2142,0.2146,2568926.6
2026-03-23 09:00:00+00:00,0.2146,0.2166,0.2141,0.2162,2899585.1
2026-03-23 10:00:00+00:00,0.2162,0.2174,0.2155,0.2167,2991085.9
2026-03-23 11:00:00+00:00,0.2167,0.2294,0.2167,0.2212,36675187.1
2026-03-23 12:00:00+00:00,0.2212,0.2234,0.2195,0.2233,4566519.0
2026-03-23 13:00:00+00:00,0.2233,0.2249,0.2226,0.2247,3865402.6
2026-03-23 14:00:00+00:00,0.2247,0.2252,0.2222,0.2232,4316167.3
2026-03-23 15:00:00+00:00,0.2232,0.2239,0.2168,0.2176,6432202.8
2026-03-23 16:00:00+00:00,0.2176,0.2187,0.2157,0.2173,4211262.5
2026-03-23 17:00:00+00:00,0.2173,0.2199,0.2164,0.2192,3958945.9
2026-03-23 18:00:00+00:00,0.2192,0.2209,0.2179,0.2208,5774083.0
2026-03-23 19:00:00+00:00,0.2208,0.2222,0.2184,0.2186,4537703.6
2026-03-23 20:00:00+00:00,0.2186,0.2208,0.2178,0.2204,5791337.9
2026-03-23 21:00:00+00:00,0.2204,0.2215,0.2193,0.2197,2702961.4
2026-03-23 22:00:00+00:00,0.2197,0.2201,0.2186,0.2187,4655546.0
2026-03-23 23:00:00+00:00,0.2187,0.2197,0.2169,0.2192,4603612.1
2026-03-24 00:00:00+00:00,0.2192,0.2198,0.2174,0.2185,3584888.6
2026-03-24 01:00:00+00:00,0.2185,0.219,0.2164,0.2182,3293076.4
2026-03-24 02:00:00+00:00,0.2182,0.2197,0.2178,0.2188,3843565.1
2026-03-24 03:00:00+00:00,0.2188,0.2208,0.2185,0.2203,2318781.8
2026-03-24 04:00:00+00:00,0.2203,0.221,0.2199,0.2204,1848770.2
2026-03-24 05:00:00+00:00,0.2204,0.2212,0.2191,0.2197,3383329.2
2026-03-24 06:00:00+00:00,0.2197,0.2207,0.2188,0.2205,3394183.8
2026-03-24 07:00:00+00:00,0.2205,0.2254,0.2203,0.2245,12020343.9
2026-03-24 08:00:00+00:00,0.2245,0.2269,0.224,0.2265,5774865.6
2026-03-24 09:00:00+00:00,0.2265,0.2276,0.2249,0.2255,3994364.0
2026-03-24 10:00:00+00:00,0.2255,0.2255,0.2239,0.2246,1774562.6
2026-03-24 11:00:00+00:00,0.2246,0.226,0.224,0.2247,3171085.8
2026-03-24 12:00:00+00:00,0.2247,0.2268,0.2247,0.2265,2886461.7
2026-03-24 13:00:00+00:00,0.2265,0.2273,0.2213,0.2229,7913599.8
2026-03-24 14:00:00+00:00,0.2229,0.2238,0.221,0.2229,7570138.2
2026-03-24 15:00:00+00:00,0.2229,0.2247,0.2228,0.2244,4543235.0
2026-03-24 16:00:00+00:00,0.2244,0.2254,0.2227,0.2229,4263772.6
2026-03-24 17:00:00+00:00,0.2229,0.2231,0.2186,0.2202,4198702.3
2026-03-24 18:00:00+00:00,0.2202,0.222,0.2198,0.2203,2815869.1
2026-03-24 19:00:00+00:00,0.2203,0.2207,0.2195,0.2197,1771001.5
2026-03-24 20:00:00+00:00,0.2197,0.2254,0.2193,0.2245,6065996.0
2026-03-24 21:00:00+00:00,0.2245,0.2258,0.2236,0.2253,2030627.6
2026-03-24 22:00:00+00:00,0.2253,0.2259,0.2239,0.2249,1870594.4
2026-03-24 23:00:00+00:00,0.2249,0.2266,0.2246,0.2261,3018012.4
2026-03-25 00:00:00+00:00,0.2261,0.2285,0.2261,0.2278,3899972.9
2026-03-25 01:00:00+00:00,0.2278,0.2292,0.2273,0.2274,1782797.6
2026-03-25 02:00:00+00:00,0.2274,0.2284,0.2267,0.2278,1597731.1
2026-03-25 03:00:00+00:00,0.2278,0.2321,0.2276,0.2317,4231298.8
2026-03-25 04:00:00+00:00,0.2317,0.2375,0.2316,0.2349,11501756.3
2026-03-25 05:00:00+00:00,0.2349,0.2379,0.2348,0.2352,9162142.5
2026-03-25 06:00:00+00:00,0.2352,0.2355,0.2332,0.2333,3049552.0
2026-03-25 07:00:00+00:00,0.2333,0.2356,0.233,0.2346,2722896.9
2026-03-25 08:00:00+00:00,0.2346,0.2363,0.2328,0.2335,5569537.5
2026-03-25 09:00:00+00:00,0.2335,0.234,0.2316,0.2319,3288807.9
2026-03-25 10:00:00+00:00,0.2319,0.2328,0.2311,0.2324,1285474.9
2026-03-25 11:00:00+00:00,0.2324,0.2354,0.2319,0.2346,4004866.6
2026-03-25 12:00:00+00:00,0.2346,0.2357,0.232,0.235,7858389.5
2026-03-25 13:00:00+00:00,0.235,0.2367,0.2343,0.2352,5607708.5
2026-03-25 14:00:00+00:00,0.2352,0.2355,0.2339,0.2351,3674296.0
2026-03-25 15:00:00+00:00,0.2351,0.2354,0.2314,0.2324,4712052.2
2026-03-25 16:00:00+00:00,0.2324,0.2387,0.232,0.2374,7985202.0
2026-03-25 17:00:00+00:00,0.2374,0.241,0.2371,0.238,8388271.7
2026-03-25 18:00:00+00:00,0.238,0.2386,0.2355,0.236,5324087.3
2026-03-25 19:00:00+00:00,0.236,0.2365,0.2338,0.2346,4685166.6
2026-03-25 20:00:00+00:00,0.2346,0.2347,0.2318,0.2331,3784987.1
2026-03-25 21:00:00+00:00,0.2331,0.2345,0.2328,0.2339,2269174.0
2026-03-25 22:00:00+00:00,0.2339,0.2365,0.2334,0.2354,2728109.6
2026-03-25 23:00:00+00:00,0.2354,0.2356,0.2342,0.2345,2473009.8
2026-03-26 00:00:00+00:00,0.2345,0.2349,0.2331,0.2345,3656131.0
2026-03-26 01:00:00+00:00,0.2345,0.2348,0.233,0.2337,2273877.3
2026-03-26 02:00:00+00:00,0.2337,0.2338,0.2297,0.2309,5402169.4
2026-03-26 03:00:00+00:00,0.2309,0.2309,0.2279,0.2302,3915879.1
2026-03-26 04:00:00+00:00,0.2302,0.2303,0.2288,0.2293,2459268.9
2026-03-26 05:00:00+00:00,0.2293,0.2294,0.2237,0.2251,12274402.5
2026-03-26 06:00:00+00:00,0.2251,0.2256,0.2238,0.2242,4038688.8
2026-03-26 07:00:00+00:00,0.2242,0.226,0.2241,0.2259,3934752.6
2026-03-26 08:00:00+00:00,0.2259,0.226,0.2235,0.2243,3157580.5
2026-03-26 09:00:00+00:00,0.2243,0.2251,0.2211,0.222,5805412.3
2026-03-26 10:00:00+00:00,0.222,0.2226,0.2208,0.2221,3196961.9
2026-03-26 11:00:00+00:00,0.2221,0.2222,0.2204,0.2205,3273037.8
2026-03-26 12:00:00+00:00,0.2205,0.2215,0.2202,0.2207,1648735.0
2026-03-26 13:00:00+00:00,0.2207,0.224,0.2207,0.2227,3904489.7
2026-03-26 14:00:00+00:00,0.2227,0.2234,0.2217,0.2224,3439663.7
2026-03-26 15:00:00+00:00,0.2224,0.2224,0.2194,0.221,6464988.5
2026-03-26 16:00:00+00:00,0.221,0.221,0.2195,0.2199,2315265.4
2026-03-26 17:00:00+00:00,0.2199,0.2206,0.2182,0.2184,3842223.2
2026-03-26 18:00:00+00:00,0.2184,0.2185,0.2174,0.2183,2572780.7
2026-03-26 19:00:00+00:00,0.2183,0.2184,0.2167,0.2168,3535974.1
2026-03-26 20:00:00+00:00,0.2168,0.2213,0.2162,0.219,9671319.5
2026-03-26 21:00:00+00:00,0.219,0.2212,0.2184,0.2201,2486007.5
2026-03-26 22:00:00+00:00,0.2201,0.2207,0.2189,0.2196,1624278.6
2026-03-26 23:00:00+00:00,0.2196,0.2205,0.2196,0.2204,2779850.4
2026-03-27 00:00:00+00:00,0.2204,0.2208,0.2199,0.2204,2080895.6
2026-03-27 01:00:00+00:00,0.2204,0.2218,0.2203,0.2215,2013048.2
2026-03-27 02:00:00+00:00,0.2215,0.2228,0.2214,0.2222,1451858.6
2026-03-27 03:00:00+00:00,0.2222,0.2228,0.2208,0.222,1654953.1
2026-03-27 04:00:00+00:00,0.222,0.2232,0.2203,0.2232,3744905.2
2026-03-27 05:00:00+00:00,0.2232,0.225,0.223,0.2245,2971728.4
2026-03-27 06:00:00+00:00,0.2245,0.2278,0.2243,0.2275,4889435.2
2026-03-27 07:00:00+00:00,0.2275,0.2309,0.2271,0.2293,6684244.1
2026-03-27 08:00:00+00:00,0.2293,0.2296,0.2209,0.2232,6177281.5
2026-03-27 09:00:00+00:00,0.2232,0.2234,0.2197,0.2213,2928432.7
2026-03-27 10:00:00+00:00,0.2213,0.2213,0.2153,0.216,14908974.8
2026-03-27 11:00:00+00:00,0.216,0.2167,0.2152,0.2161,3741978.7
2026-03-27 12:00:00+00:00,0.2161,0.2164,0.2144,0.2162,3787481.2
2026-03-27 13:00:00+00:00,0.2162,0.2168,0.2124,0.2133,5784093.3
2026-03-27 14:00:00+00:00,0.2133,0.2149,0.2117,0.2148,3493506.6
2026-03-27 15:00:00+00:00,0.2148,0.2172,0.214,0.2141,4486341.5
2026-03-27 16:00:00+00:00,0.2141,0.2144,0.2125,0.2127,2304308.8
2026-03-27 17:00:00+00:00,0.2127,0.2146,0.2119,0.2124,3228410.7
2026-03-27 18:00:00+00:00,0.2124,0.2133,0.2109,0.2113,3145430.9
2026-03-27 19:00:00+00:00,0.2113,0.2136,0.2109,0.2131,4212573.7
2026-03-27 20:00:00+00:00,0.2131,0.2135,0.212,0.2122,2919027.3
2026-03-27 21:00:00+00:00,0.2122,0.2135,0.212,0.2123,1827836.6
2026-03-27 22:00:00+00:00,0.2123,0.2125,0.211,0.2111,1982642.2
2026-03-27 23:00:00+00:00,0.2111,0.2111,0.2063,0.2075,5620889.5
2026-03-28 00:00:00+00:00,0.2075,0.2098,0.2074,0.2093,4667984.6
2026-03-28 01:00:00+00:00,0.2093,0.2097,0.2068,0.2086,3823274.2
2026-03-28 02:00:00+00:00,0.2086,0.2096,0.2076,0.2082,2276693.6
2026-03-28 03:00:00+00:00,0.2082,0.2085,0.2078,0.2081,963084.4
2026-03-28 04:00:00+00:00,0.2081,0.2091,0.208,0.2086,1537254.7
2026-03-28 05:00:00+00:00,0.2086,0.2086,0.2078,0.2085,1022219.2
2026-03-28 06:00:00+00:00,0.2085,0.2104,0.2081,0.2102,3129163.9
2026-03-28 07:00:00+00:00,0.2102,0.2112,0.2099,0.2111,2464858.1
2026-03-28 08:00:00+00:00,0.2111,0.212,0.2101,0.2103,1862304.8
2026-03-28 09:00:00+00:00,0.2103,0.2126,0.2102,0.2124,3063693.3
2026-03-28 10:00:00+00:00,0.2124,0.2141,0.212,0.2131,2821479.5
2026-03-28 11:00:00+00:00,0.2131,0.2145,0.2119,0.2144,3043738.4
2026-03-28 12:00:00+00:00,0.2144,0.2146,0.2126,0.2131,2468114.9
2026-03-28 13:00:00+00:00,0.2131,0.2178,0.2121,0.216,9118136.8
2026-03-28 14:00:00+00:00,0.216,0.2164,0.215,0.2153,2816506.3
2026-03-28 15:00:00+00:00,0.2153,0.2184,0.2152,0.2175,3641757.3
2026-03-28 16:00:00+00:00,0.2175,0.2176,0.2157,0.2165,2322749.5
2026-03-28 17:00:00+00:00,0.2165,0.2166,0.2144,0.2154,2787595.5
2026-03-28 18:00:00+00:00,0.2154,0.216,0.2152,0.2156,649486.6
2026-03-28 19:00:00+00:00,0.2156,0.2157,0.2138,0.2145,856099.1
2026-03-28 20:00:00+00:00,0.2145,0.2152,0.2131,0.2131,1271330.0
2026-03-28 21:00:00+00:00,0.2131,0.2134,0.2109,0.2113,2343833.6
2026-03-28 22:00:00+00:00,0.2113,0.2116,0.21,0.211,2699417.5
2026-03-28 23:00:00+00:00,0.211,0.2111,0.2078,0.2091,3748383.8
2026-03-29 00:00:00+00:00,0.2091,0.2095,0.2074,0.209,2465907.0
2026-03-29 01:00:00+00:00,0.209,0.2111,0.2089,0.2106,3359238.3
2026-03-29 02:00:00+00:00,0.2106,0.2109,0.2099,0.2103,1405865.4
2026-03-29 03:00:00+00:00,0.2103,0.2122,0.2103,0.212,1217301.9
2026-03-29 04:00:00+00:00,0.212,0.2125,0.2113,0.212,972444.6
2026-03-29 05:00:00+00:00,0.212,0.2131,0.2116,0.2121,2794593.3
2026-03-29 06:00:00+00:00,0.2121,0.2122,0.2104,0.2113,3466892.7
2026-03-29 07:00:00+00:00,0.2113,0.2123,0.2111,0.2115,2789327.2
2026-03-29 08:00:00+00:00,0.2115,0.2116,0.21,0.2111,1883925.4
2026-03-29 09:00:00+00:00,0.2111,0.2113,0.2107,0.2111,1643056.7
2026-03-29 10:00:00+00:00,0.2111,0.2111,0.2091,0.2092,938890.2
2026-03-29 11:00:00+00:00,0.2092,0.2108,0.2091,0.2103,2259959.7
2026-03-29 12:00:00+00:00,0.2103,0.2104,0.2087,0.2094,1857933.3
2026-03-29 13:00:00+00:00,0.2094,0.2094,0.207,0.2074,2940357.8
2026-03-29 14:00:00+00:00,0.2074,0.2086,0.2069,0.2077,3463175.7
2026-03-29 15:00:00+00:00,0.2077,0.2083,0.2069,0.2074,4317799.5
2026-03-29 16:00:00+00:00,0.2074,0.2091,0.2071,0.2074,3864876.4
2026-03-29 17:00:00+00:00,0.2074,0.209,0.2066,0.2085,2854128.1
2026-03-29 18:00:00+00:00,0.2085,0.2097,0.2079,0.2093,2349541.3
2026-03-29 19:00:00+00:00,0.2093,0.2096,0.209,0.2093,1199659.6
2026-03-29 20:00:00+00:00,0.2093,0.2113,0.2092,0.2103,2029937.2
2026-03-29 21:00:00+00:00,0.2103,0.2115,0.21,0.2115,805634.1
2026-03-29 22:00:00+00:00,0.2115,0.2115,0.2026,0.2072,13229087.9
2026-03-29 23:00:00+00:00,0.2072,0.2091,0.2071,0.2078,4384546.1
2026-03-30 00:00:00+00:00,0.2078,0.2122,0.2074,0.2097,5336573.0
2026-03-30 01:00:00+00:00,0.2097,0.2126,0.2097,0.2121,3202689.6
2026-03-30 02:00:00+00:00,0.2121,0.2146,0.2116,0.2127,3596563.5
2026-03-30 03:00:00+00:00,0.2127,0.2144,0.2121,0.2141,2927397.2
2026-03-30 04:00:00+00:00,0.2141,0.2157,0.214,0.2151,3643896.3
2026-03-30 05:00:00+00:00,0.2151,0.216,0.2148,0.2152,3594672.9
2026-03-30 06:00:00+00:00,0.2152,0.2157,0.2143,0.2149,2235022.9
2026-03-30 07:00:00+00:00,0.2149,0.2173,0.2145,0.2171,2511736.8
2026-03-30 08:00:00+00:00,0.2171,0.2189,0.2167,0.2178,3443899.3
2026-03-30 09:00:00+00:00,0.2178,0.2185,0.2172,0.2181,2499154.6
2026-03-30 10:00:00+00:00,0.2181,0.2189,0.218,0.2183,2407935.0
2026-03-30 11:00:00+00:00,0.2183,0.2222,0.2183,0.2202,9647670.8
2026-03-30 12:00:00+00:00,0.2202,0.2217,0.2197,0.2217,3243636.3
2026-03-30 13:00:00+00:00,0.2217,0.2218,0.2165,0.2169,4973967.4
2026-03-30 14:00:00+00:00,0.2169,0.2182,0.2149,0.2176,5754969.5
2026-03-30 15:00:00+00:00,0.2176,0.2185,0.2161,0.2172,3974927.9
2026-03-30 16:00:00+00:00,0.2172,0.2173,0.2161,0.217,3297500.9
2026-03-30 17:00:00+00:00,0.217,0.2173,0.2132,0.2145,5145159.3
2026-03-30 18:00:00+00:00,0.2145,0.2146,0.2123,0.213,2965869.9
2026-03-30 19:00:00+00:00,0.213,0.2142,0.2116,0.2142,2558490.3
2026-03-30 20:00:00+00:00,0.2142,0.2147,0.2138,0.2145,2041231.4
2026-03-30 21:00:00+00:00,0.2145,0.2188,0.2144,0.2173,3376889.8
2026-03-30 22:00:00+00:00,0.2173,0.2177,0.2157,0.216,2399161.4
2026-03-30 23:00:00+00:00,0.216,0.216,0.2137,0.2146,2888821.2
2026-03-31 00:00:00+00:00,0.2146,0.2164,0.2139,0.2157,3506080.1
2026-03-31 01:00:00+00:00,0.2157,0.2194,0.2156,0.2184,4679141.0
2026-03-31 02:00:00+00:00,0.2184,0.2198,0.2181,0.2192,1494217.6
2026-03-31 03:00:00+00:00,0.2192,0.2194,0.2173,0.2181,2653896.4
2026-03-31 04:00:00+00:00,0.2181,0.2191,0.217,0.2171,1943884.5
2026-03-31 05:00:00+00:00,0.2171,0.2191,0.2168,0.2171,2831284.3
2026-03-31 06:00:00+00:00,0.2171,0.2172,0.2147,0.2157,3060197.4
2026-03-31 07:00:00+00:00,0.2157,0.2158,0.2138,0.214,2331871.5
2026-03-31 08:00:00+00:00,0.214,0.2142,0.2096,0.21,4980384.3
2026-03-31 09:00:00+00:00,0.21,0.2123,0.21,0.2112,5876355.0
2026-03-31 10:00:00+00:00,0.2112,0.2118,0.2098,0.2102,2726580.2
2026-03-31 11:00:00+00:00,0.2102,0.2128,0.2097,0.2114,5782321.9
2026-03-31 12:00:00+00:00,0.2114,0.2124,0.2104,0.2106,4669087.4
2026-03-31 13:00:00+00:00,0.2106,0.2133,0.2106,0.2133,5424285.2
2026-03-31 14:00:00+00:00,0.2133,0.2146,0.2093,0.2108,7585992.8
2026-03-31 15:00:00+00:00,0.2108,0.2135,0.2099,0.2099,4505397.9
2026-03-31 16:00:00+00:00,0.2099,0.2154,0.2098,0.2142,6989062.2
2026-03-31 17:00:00+00:00,0.2142,0.2177,0.214,0.2155,6973647.0
2026-03-31 18:00:00+00:00,0.2155,0.2179,0.2155,0.2178,2679001.0
2026-03-31 19:00:00+00:00,0.2178,0.2196,0.2177,0.2184,2237808.1
2026-03-31 20:00:00+00:00,0.2184,0.2212,0.2181,0.221,3759254.1
2026-03-31 21:00:00+00:00,0.221,0.2212,0.2182,0.2185,3196597.3
2026-03-31 22:00:00+00:00,0.2185,0.2187,0.2171,0.2177,2418949.2
2026-03-31 23:00:00+00:00,0.2177,0.2181,0.2171,0.2178,2366429.5
2026-04-01 00:00:00+00:00,0.2178,0.2178,0.2146,0.2157,3848004.3
2026-04-01 01:00:00+00:00,0.2157,0.2163,0.2139,0.2143,2616882.1
2026-04-01 02:00:00+00:00,0.2143,0.2149,0.2136,0.2148,1969411.3
2026-04-01 03:00:00+00:00,0.2148,0.2182,0.2148,0.2175,3740210.5
2026-04-01 04:00:00+00:00,0.2175,0.2203,0.2175,0.2201,3600817.6
2026-04-01 05:00:00+00:00,0.2201,0.2239,0.2197,0.2233,7604068.2
2026-04-01 06:00:00+00:00,0.2233,0.2266,0.2231,0.2264,6723560.9
2026-04-01 07:00:00+00:00,0.2264,0.2277,0.2213,0.2222,10089897.0
2026-04-01 08:00:00+00:00,0.2222,0.2236,0.2216,0.2224,3890501.6
2026-04-01 09:00:00+00:00,0.2224,0.2226,0.2207,0.2213,1416508.6
2026-04-01 10:00:00+00:00,0.2213,0.2217,0.2196,0.2203,3236073.5
2026-04-01 11:00:00+00:00,0.2203,0.2207,0.2195,0.2204,2406625.1
2026-04-01 12:00:00+00:00,0.2204,0.2234,0.2202,0.2215,6945922.5
2026-04-01 13:00:00+00:00,0.2215,0.2227,0.2198,0.2207,4508946.9
2026-04-01 14:00:00+00:00,0.2207,0.2222,0.2203,0.2213,3345572.6
2026-04-01 15:00:00+00:00,0.2213,0.2234,0.221,0.2233,2546084.9
2026-04-01 16:00:00+00:00,0.2233,0.2235,0.2221,0.2231,2761494.6
2026-04-01 17:00:00+00:00,0.2231,0.2244,0.2216,0.2217,3425277.4
2026-04-01 18:00:00+00:00,0.2217,0.222,0.2202,0.2203,2728906.6
2026-04-01 19:00:00+00:00,0.2203,0.2216,0.22,0.2205,1294783.8
2026-04-01 20:00:00+00:00,0.2205,0.2205,0.2176,0.2177,4532210.5
2026-04-01 21:00:00+00:00,0.2177,0.2199,0.2177,0.2194,3232270.7
2026-04-01 22:00:00+00:00,0.2194,0.2195,0.2177,0.2181,2812114.3
2026-04-01 23:00:00+00:00,0.2181,0.2183,0.2167,0.2175,3273761.5
2026-04-02 00:00:00+00:00,0.2175,0.2201,0.2174,0.2199,2526011.3
2026-04-02 01:00:00+00:00,0.2199,0.22,0.2139,0.2148,10626131.5
2026-04-02 02:00:00+00:00,0.2148,0.2148,0.2091,0.2111,7562154.0
2026-04-02 03:00:00+00:00,0.2111,0.2115,0.2086,0.2093,2848873.2
2026-04-02 04:00:00+00:00,0.2093,0.2097,0.2086,0.2091,3227023.0
2026-04-02 05:00:00+00:00,0.2091,0.2107,0.2081,0.2102,5738513.8
2026-04-02 06:00:00+00:00,0.2102,0.2112,0.2095,0.2103,2547625.4
2026-04-02 07:00:00+00:00,0.2103,0.211,0.2097,0.2104,2363281.6
2026-04-02 08:00:00+00:00,0.2104,0.2104,0.2088,0.209,2623542.4
2026-04-02 09:00:00+00:00,0.209,0.2103,0.2088,0.2098,2684423.7
2026-04-02 10:00:00+00:00,0.2098,0.2098,0.2073,0.2079,4352297.7
2026-04-02 11:00:00+00:00,0.2079,0.2079,0.205,0.2065,4273666.8
2026-04-02 12:00:00+00:00,0.2065,0.2065,0.2044,0.2051,5357417.0
2026-04-02 13:00:00+00:00,0.2051,0.2063,0.2023,0.2047,9504860.0
2026-04-02 14:00:00+00:00,0.2047,0.2103,0.2038,0.2099,18404486.2
2026-04-02 15:00:00+00:00,0.2099,0.2099,0.2054,0.2064,70072482.3
2026-04-02 16:00:00+00:00,0.2064,0.2075,0.2048,0.2062,9523791.6
2026-04-02 17:00:00+00:00,0.2062,0.208,0.2045,0.205,9528067.6
2026-04-02 18:00:00+00:00,0.205,0.2072,0.2048,0.2065,3817810.2
2026-04-02 19:00:00+00:00,0.2065,0.207,0.2057,0.2066,4337802.7
2026-04-02 20:00:00+00:00,0.2066,0.2092,0.2061,0.2078,3694882.2
2026-04-02 21:00:00+00:00,0.2078,0.208,0.2055,0.207,2584110.4
2026-04-02 22:00:00+00:00,0.207,0.208,0.2066,0.2079,2261416.6
2026-04-02 23:00:00+00:00,0.2079,0.2083,0.207,0.2083,1275385.9
2026-04-03 00:00:00+00:00,0.2083,0.2085,0.2076,0.2081,2073409.1
2026-04-03 01:00:00+00:00,0.2081,0.2094,0.2079,0.2085,3695788.9
2026-04-03 02:00:00+00:00,0.2085,0.2094,0.2072,0.2089,4019116.4
2026-04-03 03:00:00+00:00,0.2089,0.2098,0.2082,0.2095,1706780.2
2026-04-03 04:00:00+00:00,0.2095,0.2115,0.2094,0.2102,4292431.1
2026-04-03 05:00:00+00:00,0.2102,0.2125,0.2102,0.2118,3864339.4
2026-04-03 06:00:00+00:00,0.2118,0.2125,0.2114,0.2124,2149058.5
2026-04-03 07:00:00+00:00,0.2124,0.2136,0.212,0.2131,3534960.4
2026-04-03 08:00:00+00:00,0.2131,0.2146,0.2131,0.2138,3955147.2
2026-04-03 09:00:00+00:00,0.2138,0.2142,0.213,0.2141,3640783.8
2026-04-03 10:00:00+00:00,0.2141,0.2143,0.2118,0.2132,2251738.8
2026-04-03 11:00:00+00:00,0.2132,0.2137,0.2129,0.2136,2513347.1
2026-04-03 12:00:00+00:00,0.2136,0.2153,0.2117,0.2122,7234848.7
2026-04-03 13:00:00+00:00,0.2122,0.2125,0.2114,0.2122,2030455.3
2026-04-03 14:00:00+00:00,0.2122,0.2138,0.212,0.2135,2874846.9
2026-04-03 15:00:00+00:00,0.2135,0.2138,0.2123,0.2126,2735517.6
2026-04-03 16:00:00+00:00,0.2126,0.2133,0.2115,0.213,4330663.4
2026-04-03 17:00:00+00:00,0.213,0.2132,0.2118,0.2125,2746311.6
2026-04-03 18:00:00+00:00,0.2125,0.213,0.2119,0.2119,1346839.4
2026-04-03 19:00:00+00:00,0.2119,0.212,0.2105,0.2112,3652108.4
2026-04-03 20:00:00+00:00,0.2112,0.2116,0.2109,0.2113,1117767.6
2026-04-03 21:00:00+00:00,0.2113,0.2116,0.2108,0.2111,956136.5
2026-04-03 22:00:00+00:00,0.2111,0.2113,0.209,0.2092,1308768.1
2026-04-03 23:00:00+00:00,0.2092,0.2094,0.2087,0.2091,1907316.4
2026-04-04 00:00:00+00:00,0.2091,0.2101,0.2089,0.21,2283455.3
2026-04-04 01:00:00+00:00,0.21,0.2101,0.2093,0.2096,693521.4
2026-04-04 02:00:00+00:00,0.2096,0.2102,0.2081,0.2086,1012591.7
2026-04-04 03:00:00+00:00,0.2086,0.2095,0.2085,0.2093,2133425.0
2026-04-04 04:00:00+00:00,0.2093,0.2093,0.2087,0.2087,926933.3
2026-04-04 05:00:00+00:00,0.2087,0.2091,0.208,0.2091,1859286.8
2026-04-04 06:00:00+00:00,0.2091,0.212,0.2088,0.212,2346008.4
2026-04-04 07:00:00+00:00,0.212,0.2121,0.2104,0.2106,2135145.0
2026-04-04 08:00:00+00:00,0.2106,0.212,0.2105,0.2114,2442807.1
2026-04-04 09:00:00+00:00,0.2114,0.2116,0.2106,0.2108,2019075.7
2026-04-04 10:00:00+00:00,0.2108,0.2122,0.2103,0.2118,1385719.4
2026-04-04 11:00:00+00:00,0.2118,0.2121,0.2113,0.2117,886428.6
2026-04-04 12:00:00+00:00,0.2117,0.2124,0.2116,0.2119,1113234.2
2026-04-04 13:00:00+00:00,0.2119,0.2127,0.2108,0.2109,2571222.3
2026-04-04 14:00:00+00:00,0.2109,0.2111,0.2092,0.2107,2159982.0
2026-04-04 15:00:00+00:00,0.2107,0.2119,0.2104,0.2111,3138567.2
2026-04-04 16:00:00+00:00,0.2111,0.2125,0.2111,0.2112,3225491.9
2026-04-04 17:00:00+00:00,0.2112,0.2146,0.2111,0.2131,3010566.4
2026-04-04 18:00:00+00:00,0.2131,0.2133,0.2125,0.2128,2579921.6
2026-04-04 19:00:00+00:00,0.2128,0.2157,0.2127,0.2135,6159623.0
2026-04-04 20:00:00+00:00,0.2135,0.2137,0.2128,0.213,1635319.6
2026-04-04 21:00:00+00:00,0.213,0.2142,0.2128,0.2138,2418803.0
2026-04-04 22:00:00+00:00,0.2138,0.2151,0.2136,0.2146,1756280.5
2026-04-04 23:00:00+00:00,0.2146,0.2147,0.214,0.2145,892810.7
2026-04-05 00:00:00+00:00,0.2145,0.2147,0.2139,0.2141,534478.1
2026-04-05 01:00:00+00:00,0.2141,0.2144,0.2127,0.2128,878987.7
2026-04-05 02:00:00+00:00,0.2128,0.213,0.2118,0.2129,1349989.1
2026-04-05 03:00:00+00:00,0.2129,0.2132,0.2118,0.2127,1389195.2
2026-04-05 04:00:00+00:00,0.2127,0.2127,0.2116,0.2117,1557404.5
2026-04-05 05:00:00+00:00,0.2117,0.2121,0.2099,0.2102,1021828.8
2026-04-05 06:00:00+00:00,0.2102,0.2104,0.2085,0.2096,3545472.2
2026-04-05 07:00:00+00:00,0.2096,0.2097,0.2079,0.2084,1728606.3
2026-04-05 08:00:00+00:00,0.2084,0.2088,0.2079,0.2084,1379702.3
2026-04-05 09:00:00+00:00,0.2084,0.2096,0.2082,0.2094,800220.0
2026-04-05 10:00:00+00:00,0.2094,0.2099,0.2083,0.2083,1371426.8
2026-04-05 11:00:00+00:00,0.2083,0.2086,0.2077,0.2085,1491146.9
2026-04-05 12:00:00+00:00,0.2085,0.2085,0.2055,0.2057,4369991.4
2026-04-05 13:00:00+00:00,0.2057,0.2077,0.2052,0.2077,2382986.9
2026-04-05 14:00:00+00:00,0.2077,0.2083,0.2072,0.2073,1585683.1
2026-04-05 15:00:00+00:00,0.2073,0.2109,0.2062,0.2096,6238895.9
2026-04-05 16:00:00+00:00,0.2096,0.2105,0.2089,0.2091,2123362.0
2026-04-05 17:00:00+00:00,0.2091,0.2106,0.2089,0.2098,1548248.5
2026-04-05 18:00:00+00:00,0.2098,0.2098,0.2078,0.208,2853176.8
2026-04-05 19:00:00+00:00,0.208,0.208,0.2063,0.2073,3864124.2
2026-04-05 20:00:00+00:00,0.2073,0.2077,0.2068,0.2073,1619139.4
2026-04-05 21:00:00+00:00,0.2073,0.2082,0.2056,0.2069,3240102.7
2026-04-05 22:00:00+00:00,0.2069,0.2098,0.2059,0.2098,5145292.4
2026-04-05 23:00:00+00:00,0.2098,0.2137,0.2097,0.2125,5974724.9
2026-04-06 00:00:00+00:00,0.2125,0.2153,0.2124,0.2138,5184292.7
2026-04-06 01:00:00+00:00,0.2138,0.2142,0.2126,0.2133,1339440.3
2026-04-06 02:00:00+00:00,0.2133,0.2178,0.2133,0.2172,3805035.3
2026-04-06 03:00:00+00:00,0.2172,0.2172,0.2151,0.2159,2500253.6
2026-04-06 04:00:00+00:00,0.2159,0.2177,0.2157,0.2169,2112400.4
2026-04-06 05:00:00+00:00,0.2169,0.2177,0.2166,0.2177,1717517.1
2026-04-06 06:00:00+00:00,0.2177,0.2185,0.2163,0.2172,4245978.3
2026-04-06 07:00:00+00:00,0.2172,0.2188,0.2167,0.218,2536875.9
2026-04-06 08:00:00+00:00,0.218,0.2196,0.2178,0.2187,2681983.4
2026-04-06 09:00:00+00:00,0.2187,0.2206,0.2179,0.2188,5567146.0
2026-04-06 10:00:00+00:00,0.2188,0.2203,0.2187,0.2191,2528279.2
2026-04-06 11:00:00+00:00,0.2191,0.2193,0.218,0.2183,1397831.8
2026-04-06 12:00:00+00:00,0.2183,0.2187,0.2167,0.217,2214417.3
2026-04-06 13:00:00+00:00,0.217,0.2171,0.2151,0.2157,2222313.5
2026-04-06 14:00:00+00:00,0.2157,0.2168,0.2138,0.2162,4752756.6
2026-04-06 15:00:00+00:00,0.2162,0.217,0.2159,0.2164,2415590.0
2026-04-06 16:00:00+00:00,0.2164,0.2166,0.2145,0.2147,2588456.3
2026-04-06 17:00:00+00:00,0.2147,0.2149,0.2133,0.2135,2924188.5
2026-04-06 18:00:00+00:00,0.2135,0.2137,0.2126,0.2134,2308392.0
2026-04-06 19:00:00+00:00,0.2134,0.2134,0.2119,0.2126,2199587.7
2026-04-06 20:00:00+00:00,0.2126,0.2136,0.2124,0.2126,1829700.8
2026-04-06 21:00:00+00:00,0.2126,0.2126,0.2105,0.2111,1345932.9
2026-04-06 22:00:00+00:00,0.2111,0.2111,0.2064,0.2067,4695925.6
2026-04-06 23:00:00+00:00,0.2067,0.2085,0.205,0.208,6071420.6
2026-04-07 00:00:00+00:00,0.208,0.209,0.2075,0.2085,2830022.4
2026-04-07 01:00:00+00:00,0.2085,0.21,0.2077,0.2082,4466740.6
2026-04-07 02:00:00+00:00,0.2082,0.2091,0.2075,0.2088,2124614.8
2026-04-07 03:00:00+00:00,0.2088,0.2097,0.2087,0.2091,1466394.9
2026-04-07 04:00:00+00:00,0.2091,0.2106,0.2087,0.2103,1913589.1
2026-04-07 05:00:00+00:00,0.2103,0.2105,0.2093,0.2096,2293554.5
2026-04-07 06:00:00+00:00,0.2096,0.2096,0.2073,0.2082,2523658.0
2026-04-07 07:00:00+00:00,0.2082,0.2087,0.2079,0.2081,1914061.1
2026-04-07 08:00:00+00:00,0.2081,0.2095,0.2077,0.2092,4772041.3
2026-04-07 09:00:00+00:00,0.2092,0.2104,0.209,0.2098,2216484.3
2026-04-07 10:00:00+00:00,0.2098,0.2104,0.2057,0.2061,5288777.6
2026-04-07 11:00:00+00:00,0.2061,0.2064,0.2048,0.206,2929706.3
2026-04-07 12:00:00+00:00,0.206,0.2071,0.2034,0.2063,8645802.8
2026-04-07 13:00:00+00:00,0.2063,0.2075,0.2053,0.2053,5030513.3
2026-04-07 14:00:00+00:00,0.2053,0.2056,0.2028,0.203,7818662.8
2026-04-07 15:00:00+00:00,0.203,0.2038,0.2011,0.2022,7253307.7
2026-04-07 16:00:00+00:00,0.2022,0.204,0.202,0.2031,6092864.8
2026-04-07 17:00:00+00:00,0.2031,0.2075,0.2031,0.2068,5903160.0
2026-04-07 18:00:00+00:00,0.2068,0.2072,0.2048,0.2051,4764684.3
2026-04-07 19:00:00+00:00,0.2051,0.2093,0.2042,0.2084,9213151.4
2026-04-07 20:00:00+00:00,0.2084,0.2118,0.2083,0.2093,10233636.2
2026-04-07 21:00:00+00:00,0.2093,0.2168,0.2093,0.2166,10267379.5
2026-04-07 22:00:00+00:00,0.2166,0.2242,0.2162,0.2242,12849290.9
2026-04-07 23:00:00+00:00,0.2242,0.2263,0.2224,0.2242,11111687.4
2026-04-08 00:00:00+00:00,0.2242,0.2247,0.2217,0.2223,2879603.7
2026-04-08 01:00:00+00:00,0.2223,0.2232,0.2217,0.2226,2052411.4
2026-04-08 02:00:00+00:00,0.2226,0.2234,0.221,0.222,2459106.0
2026-04-08 03:00:00+00:00,0.222,0.2232,0.2217,0.2228,1756641.4
2026-04-08 04:00:00+00:00,0.2228,0.2264,0.2227,0.2257,5408669.3
2026-04-08 05:00:00+00:00,0.2257,0.228,0.2256,0.2268,4373891.3
2026-04-08 06:00:00+00:00,0.2268,0.2281,0.2265,0.2273,3195142.2
2026-04-08 07:00:00+00:00,0.2273,0.2305,0.2272,0.2301,5610925.0
2026-04-08 08:00:00+00:00,0.2301,0.2314,0.2269,0.2277,8890660.0
2026-04-08 09:00:00+00:00,0.2277,0.2281,0.2258,0.227,4971424.1
2026-04-08 10:00:00+00:00,0.227,0.2274,0.224,0.2241,3174317.0
2026-04-08 11:00:00+00:00,0.2241,0.2252,0.2226,0.2249,3281479.4
2026-04-08 12:00:00+00:00,0.2249,0.2257,0.2236,0.2251,3328518.4
2026-04-08 13:00:00+00:00,0.2251,0.2274,0.2246,0.2252,4265413.8
2026-04-08 14:00:00+00:00,0.2252,0.2255,0.2203,0.2207,5211211.0
2026-04-08 15:00:00+00:00,0.2207,0.2221,0.2204,0.2209,3791449.3
2026-04-08 16:00:00+00:00,0.2209,0.2217,0.2197,0.2216,3217839.3
2026-04-08 17:00:00+00:00,0.2216,0.2226,0.2209,0.2221,2251206.3
2026-04-08 18:00:00+00:00,0.2221,0.2223,0.2185,0.2189,2739068.0
2026-04-08 19:00:00+00:00,0.2189,0.2193,0.2185,0.2191,1214896.7
2026-04-08 20:00:00+00:00,0.2191,0.2202,0.2185,0.2192,1338492.8
2026-04-08 21:00:00+00:00,0.2192,0.2212,0.219,0.2205,1954828.1
2026-04-08 22:00:00+00:00,0.2205,0.2207,0.2181,0.2182,3034052.5
2026-04-08 23:00:00+00:00,0.2182,0.2183,0.2166,0.2169,3777856.6
2026-04-09 00:00:00+00:00,0.2169,0.2169,0.2136,0.2152,3577670.9
2026-04-09 01:00:00+00:00,0.2152,0.2153,0.2132,0.2143,2702458.4
2026-04-09 02:00:00+00:00,0.2143,0.2166,0.2143,0.2162,1809513.3
2026-04-09 03:00:00+00:00,0.2162,0.2163,0.215,0.2152,1485359.1
2026-04-09 04:00:00+00:00,0.2152,0.2152,0.2124,0.214,5710567.2
2026-04-09 05:00:00+00:00,0.214,0.2165,0.214,0.2145,2906657.6
2026-04-09 06:00:00+00:00,0.2145,0.2172,0.2144,0.2172,2790924.7
2026-04-09 07:00:00+00:00,0.2172,0.2193,0.2169,0.2172,4394091.2
2026-04-09 08:00:00+00:00,0.2172,0.2191,0.2167,0.2176,5073178.3
2026-04-09 09:00:00+00:00,0.2176,0.2176,0.2163,0.2168,4200362.4
2026-04-09 10:00:00+00:00,0.2168,0.217,0.2156,0.2163,2206420.8
2026-04-09 11:00:00+00:00,0.2163,0.2163,0.2153,0.2156,2088161.0
2026-04-09 12:00:00+00:00,0.2156,0.2163,0.2144,0.2162,3506574.1
2026-04-09 13:00:00+00:00,0.2162,0.2163,0.2146,0.2154,3101025.9
2026-04-09 14:00:00+00:00,0.2154,0.2174,0.2141,0.2169,4716516.6
2026-04-09 15:00:00+00:00,0.2169,0.2224,0.2155,0.221,8347663.8
2026-04-09 16:00:00+00:00,0.221,0.2225,0.2196,0.2211,4940344.3
2026-04-09 17:00:00+00:00,0.2211,0.2228,0.2207,0.2224,5618489.9
2026-04-09 18:00:00+00:00,0.2224,0.2226,0.2203,0.2224,9355489.4
2026-04-09 19:00:00+00:00,0.2224,0.2247,0.2223,0.2233,5788048.7
2026-04-09 20:00:00+00:00,0.2233,0.2268,0.223,0.2245,5506896.8
2026-04-09 21:00:00+00:00,0.2245,0.2254,0.2236,0.224,2579911.8
2026-04-09 22:00:00+00:00,0.224,0.2285,0.2239,0.224,4389108.7
2026-04-09 23:00:00+00:00,0.224,0.2241,0.2193,0.2202,5646977.1
2026-04-10 00:00:00+00:00,0.2202,0.2207,0.2187,0.2195,3320855.0
2026-04-10 01:00:00+00:00,0.2195,0.2216,0.2178,0.2202,3421449.4
2026-04-10 02:00:00+00:00,0.2202,0.2225,0.2202,0.2211,3641688.0
2026-04-10 03:00:00+00:00,0.2211,0.2217,0.2197,0.2202,3442896.5
2026-04-10 04:00:00+00:00,0.2202,0.2227,0.2202,0.2226,2680873.2
2026-04-10 05:00:00+00:00,0.2226,0.2236,0.2216,0.2227,2888635.0
2026-04-10 06:00:00+00:00,0.2227,0.2233,0.2199,0.2201,3575044.5
2026-04-10 07:00:00+00:00,0.2201,0.2204,0.2192,0.2196,4055434.7
2026-04-10 08:00:00+00:00,0.2196,0.2231,0.2192,0.2197,8075906.1
2026-04-10 09:00:00+00:00,0.2197,0.2225,0.2196,0.2217,2876335.4
2026-04-10 10:00:00+00:00,0.2217,0.2223,0.2207,0.2209,3116980.0
2026-04-10 11:00:00+00:00,0.2209,0.2217,0.2201,0.221,3122086.1
2026-04-10 12:00:00+00:00,0.221,0.2222,0.2195,0.2202,6718813.6
2026-04-10 13:00:00+00:00,0.2202,0.2211,0.2188,0.2201,5427033.2
2026-04-10 14:00:00+00:00,0.2201,0.2232,0.2198,0.2228,6080625.9
2026-04-10 15:00:00+00:00,0.2228,0.2238,0.2207,0.221,5285517.6
2026-04-10 16:00:00+00:00,0.221,0.223,0.221,0.2226,3707345.9
2026-04-10 17:00:00+00:00,0.2226,0.2226,0.2214,0.2224,2096942.4
2026-04-10 18:00:00+00:00,0.2224,0.2239,0.2222,0.2234,2266209.2
2026-04-10 19:00:00+00:00,0.2234,0.2238,0.2226,0.2231,2056469.7
2026-04-10 20:00:00+00:00,0.2231,0.224,0.2221,0.2228,4295065.4
2026-04-10 21:00:00+00:00,0.2228,0.2229,0.2204,0.2206,2710613.1
2026-04-10 22:00:00+00:00,0.2206,0.2219,0.2177,0.2181,5060932.0
2026-04-10 23:00:00+00:00,0.2181,0.2185,0.2155,0.2174,7317590.4
2026-04-11 00:00:00+00:00,0.2174,0.2181,0.2163,0.2165,2085480.5
2026-04-11 01:00:00+00:00,0.2165,0.2175,0.2153,0.2173,2192733.4
2026-04-11 02:00:00+00:00,0.2173,0.2187,0.2169,0.2182,2252271.1
2026-04-11 03:00:00+00:00,0.2182,0.2196,0.218,0.2183,2373433.0
2026-04-11 04:00:00+00:00,0.2183,0.2196,0.2179,0.2183,2950855.3
2026-04-11 05:00:00+00:00,0.2183,0.2185,0.2168,0.2176,1280571.2
2026-04-11 06:00:00+00:00,0.2176,0.2181,0.2169,0.2178,1622209.7
2026-04-11 07:00:00+00:00,0.2178,0.2184,0.2172,0.2183,1013150.2
2026-04-11 08:00:00+00:00,0.2183,0.219,0.218,0.2181,789611.0
2026-04-11 09:00:00+00:00,0.2181,0.2213,0.2181,0.2211,2462079.3
2026-04-11 10:00:00+00:00,0.2211,0.2212,0.2189,0.2191,1684675.1
2026-04-11 11:00:00+00:00,0.2191,0.2202,0.219,0.2192,1170514.0
2026-04-11 12:00:00+00:00,0.2192,0.2194,0.2179,0.2187,1404495.7
2026-04-11 13:00:00+00:00,0.2187,0.2191,0.2168,0.2177,3025322.3
2026-04-11 14:00:00+00:00,0.2177,0.2184,0.2174,0.2178,1608603.8
2026-04-11 15:00:00+00:00,0.2178,0.219,0.2178,0.2185,1310162.5
2026-04-11 16:00:00+00:00,0.2185,0.221,0.2182,0.22,3290831.4
2026-04-11 17:00:00+00:00,0.22,0.2212,0.2194,0.2198,1559692.2
2026-04-11 18:00:00+00:00,0.2198,0.2233,0.219,0.2222,3793933.8
2026-04-11 19:00:00+00:00,0.2222,0.2237,0.222,0.2234,2667300.7
2026-04-11 20:00:00+00:00,0.2234,0.2235,0.2199,0.221,2755199.5
2026-04-11 21:00:00+00:00,0.221,0.2227,0.22,0.2215,1724879.5
2026-04-11 22:00:00+00:00,0.2215,0.2228,0.2203,0.2208,1831302.2
2026-04-11 23:00:00+00:00,0.2208,0.2208,0.2185,0.2191,3717559.0
2026-04-12 00:00:00+00:00,0.2191,0.2194,0.2182,0.2192,2035683.7
2026-04-12 01:00:00+00:00,0.2192,0.2196,0.2107,0.2119,9711730.7
2026-04-12 02:00:00+00:00,0.2119,0.2137,0.2115,0.2132,5176463.1
2026-04-12 03:00:00+00:00,0.2132,0.2135,0.212,0.2122,2606761.2
2026-04-12 04:00:00+00:00,0.2122,0.2128,0.2115,0.2124,1832380.1
2026-04-12 05:00:00+00:00,0.2124,0.2133,0.2121,0.2131,1928696.3
2026-04-12 06:00:00+00:00,0.2131,0.2135,0.2124,0.2125,1576077.0
2026-04-12 07:00:00+00:00,0.2125,0.2135,0.2122,0.213,2133252.3
2026-04-12 08:00:00+00:00,0.213,0.2134,0.2121,0.2123,1792824.7
2026-04-12 09:00:00+00:00,0.2123,0.2124,0.212,0.2122,1565665.3
2026-04-12 10:00:00+00:00,0.2122,0.2124,0.2104,0.211,3795600.6
2026-04-12 11:00:00+00:00,0.211,0.2115,0.2099,0.2113,2270940.6
2026-04-12 12:00:00+00:00,0.2113,0.2125,0.2106,0.211,5192556.5
2026-04-12 13:00:00+00:00,0.211,0.2117,0.2093,0.2095,4588168.3
2026-04-12 14:00:00+00:00,0.2095,0.2115,0.2088,0.2106,4789155.1
2026-04-12 15:00:00+00:00,0.2106,0.2106,0.208,0.2093,3756307.5
2026-04-12 16:00:00+00:00,0.2093,0.211,0.2091,0.2106,4009636.9
2026-04-12 17:00:00+00:00,0.2106,0.2127,0.2101,0.2124,3815995.8
2026-04-12 18:00:00+00:00,0.2124,0.2129,0.2119,0.2121,1759542.5
2026-04-12 19:00:00+00:00,0.2121,0.2124,0.2107,0.2109,1192960.3
2026-04-12 20:00:00+00:00,0.2109,0.213,0.2109,0.2121,1999528.0
2026-04-12 21:00:00+00:00,0.2121,0.2122,0.2104,0.2111,1853710.5
2026-04-12 22:00:00+00:00,0.2111,0.2111,0.2082,0.2095,2939359.5
2026-04-12 23:00:00+00:00,0.2095,0.2095,0.2085,0.2088,1477193.3
2026-04-13 00:00:00+00:00,0.2088,0.2108,0.2087,0.2102,6523510.5
2026-04-13 01:00:00+00:00,0.2102,0.2115,0.21,0.2113,3683361.2
2026-04-13 02:00:00+00:00,0.2113,0.2114,0.2093,0.2096,1663466.6
2026-04-13 03:00:00+00:00,0.2096,0.2101,0.2093,0.21,1145737.4
2026-04-13 04:00:00+00:00,0.21,0.2106,0.2094,0.2098,1291761.1
2026-04-13 05:00:00+00:00,0.2098,0.2099,0.2085,0.2097,2389811.0
2026-04-13 06:00:00+00:00,0.2097,0.2111,0.2097,0.2103,2382416.6
2026-04-13 07:00:00+00:00,0.2103,0.2104,0.2078,0.2079,2182664.3
2026-04-13 08:00:00+00:00,0.2079,0.2088,0.2077,0.2083,4480592.3
2026-04-13 09:00:00+00:00,0.2083,0.2096,0.2083,0.2095,2869897.2
2026-04-13 10:00:00+00:00,0.2095,0.21,0.2086,0.2089,3660699.7
2026-04-13 11:00:00+00:00,0.2089,0.2095,0.2088,0.2092,2848659.6
2026-04-13 12:00:00+00:00,0.2092,0.2117,0.2085,0.2108,4331606.1
2026-04-13 13:00:00+00:00,0.2108,0.2122,0.2089,0.212,6084563.7
2026-04-13 14:00:00+00:00,0.212,0.2124,0.2101,0.2123,5122104.7
2026-04-13 15:00:00+00:00,0.2123,0.2126,0.2096,0.2102,7882612.9
2026-04-13 16:00:00+00:00,0.2102,0.2128,0.209,0.2122,7026332.6
2026-04-13 17:00:00+00:00,0.2122,0.2138,0.2112,0.2114,3676130.2
2026-04-13 18:00:00+00:00,0.2114,0.2119,0.2103,0.2117,4810595.9
2026-04-13 19:00:00+00:00,0.2117,0.2155,0.2112,0.2154,5614089.8
2026-04-13 20:00:00+00:00,0.2154,0.2156,0.2125,0.2131,3917994.5
2026-04-13 21:00:00+00:00,0.2131,0.2147,0.2127,0.2144,1985734.3
2026-04-13 22:00:00+00:00,0.2144,0.2207,0.2144,0.2205,11665118.0
2026-04-13 23:00:00+00:00,0.2205,0.2216,0.2194,0.2207,5375194.0
2026-04-14 00:00:00+00:00,0.2207,0.2214,0.2178,0.2178,3890302.7
2026-04-14 01:00:00+00:00,0.2178,0.2188,0.2172,0.2183,2126930.1
2026-04-14 02:00:00+00:00,0.2183,0.2188,0.218,0.2183,1281759.9
2026-04-14 03:00:00+00:00,0.2183,0.2184,0.2177,0.2177,1940321.1
2026-04-14 04:00:00+00:00,0.2177,0.2184,0.2165,0.217,1999515.1
2026-04-14 05:00:00+00:00,0.217,0.2171,0.2154,0.2156,1176479.3
2026-04-14 06:00:00+00:00,0.2156,0.2185,0.2155,0.2178,2027065.9
2026-04-14 07:00:00+00:00,0.2178,0.2187,0.2171,0.2173,1020937.9
2026-04-14 08:00:00+00:00,0.2173,0.2187,0.2172,0.2182,1873069.9
2026-04-14 09:00:00+00:00,0.2182,0.2185,0.2177,0.2182,1446131.3
2026-04-14 10:00:00+00:00,0.2182,0.2184,0.2177,0.2181,657176.6
2026-04-14 11:00:00+00:00,0.2181,0.2186,0.2176,0.2183,1598128.4
2026-04-14 12:00:00+00:00,0.2183,0.2194,0.218,0.2191,2090185.8
2026-04-14 13:00:00+00:00,0.2191,0.2228,0.2189,0.2212,6322838.0
2026-04-14 14:00:00+00:00,0.2212,0.2215,0.2186,0.2188,6053992.7
2026-04-14 15:00:00+00:00,0.2188,0.2188,0.2149,0.2172,5873468.3
2026-04-14 16:00:00+00:00,0.2172,0.218,0.2151,0.2158,2635361.1
2026-04-14 17:00:00+00:00,0.2158,0.2164,0.2133,0.2145,3867742.6
2026-04-14 18:00:00+00:00,0.2145,0.2153,0.2111,0.2119,4543228.1
2026-04-14 19:00:00+00:00,0.2119,0.2127,0.2105,0.2124,4843833.0
2026-04-14 20:00:00+00:00,0.2124,0.2126,0.2117,0.2121,2976576.9
2026-04-14 21:00:00+00:00,0.2121,0.215,0.2121,0.2146,3425639.0
2026-04-14 22:00:00+00:00,0.2146,0.2154,0.2137,0.2144,4584369.8
2026-04-14 23:00:00+00:00,0.2144,0.2165,0.2144,0.2163,3456850.4
2026-04-15 00:00:00+00:00,0.2163,0.2178,0.2162,0.2171,5056590.5
2026-04-15 01:00:00+00:00,0.2171,0.2178,0.2168,0.2171,2079084.9
2026-04-15 02:00:00+00:00,0.2171,0.2177,0.2162,0.2176,2205047.1
2026-04-15 03:00:00+00:00,0.2176,0.2178,0.217,0.2175,1152447.4
2026-04-15 04:00:00+00:00,0.2175,0.2185,0.2175,0.2181,3753522.4
2026-04-15 05:00:00+00:00,0.2181,0.2186,0.2161,0.2165,4769934.6
2026-04-15 06:00:00+00:00,0.2165,0.2167,0.2154,0.2162,2527379.7
2026-04-15 07:00:00+00:00,0.2162,0.217,0.2148,0.2151,2383124.1
2026-04-15 08:00:00+00:00,0.2151,0.2182,0.215,0.2174,3538946.3
2026-04-15 09:00:00+00:00,0.2174,0.2187,0.217,0.2182,2692705.2
2026-04-15 10:00:00+00:00,0.2182,0.2198,0.2178,0.2188,4177630.8
2026-04-15 11:00:00+00:00,0.2188,0.222,0.2187,0.2217,5583214.7
2026-04-15 12:00:00+00:00,0.2217,0.2245,0.2208,0.2235,6040519.5
2026-04-15 13:00:00+00:00,0.2235,0.2238,0.2215,0.2222,6278833.0
2026-04-15 14:00:00+00:00,0.2222,0.2226,0.2202,0.2213,5517343.7
2026-04-15 15:00:00+00:00,0.2213,0.2218,0.2195,0.2204,5015451.5
2026-04-15 16:00:00+00:00,0.2204,0.2237,0.2201,0.2235,6813045.1
2026-04-15 17:00:00+00:00,0.2235,0.2246,0.2225,0.2236,5234893.1
2026-04-15 18:00:00+00:00,0.2236,0.2246,0.2232,0.2244,3720179.3
2026-04-15 19:00:00+00:00,0.2244,0.2277,0.2241,0.2253,7441297.3
2026-04-15 20:00:00+00:00,0.2253,0.2254,0.2235,0.2243,6576343.9
2026-04-15 21:00:00+00:00,0.2243,0.2244,0.2228,0.2235,4175923.5
2026-04-15 22:00:00+00:00,0.2235,0.2249,0.2229,0.2229,5056318.6
2026-04-15 23:00:00+00:00,0.2229,0.2229,0.2212,0.2226,4655048.2
2026-04-16 00:00:00+00:00,0.2226,0.2241,0.2225,0.2238,2736606.7
2026-04-16 01:00:00+00:00,0.2238,0.2238,0.2225,0.2233,2375696.6
2026-04-16 02:00:00+00:00,0.2233,0.225,0.2229,0.2236,3134233.7
2026-04-16 03:00:00+00:00,0.2236,0.2249,0.2235,0.2242,3072685.6
2026-04-16 04:00:00+00:00,0.2242,0.2255,0.2236,0.2251,3645764.6
2026-04-16 05:00:00+00:00,0.2251,0.2258,0.224,0.2246,2771277.6
2026-04-16 06:00:00+00:00,0.2246,0.2248,0.2228,0.2238,2538847.4
2026-04-16 07:00:00+00:00,0.2238,0.2248,0.2236,0.224,3515521.3
2026-04-16 08:00:00+00:00,0.224,0.2243,0.2232,0.2239,3273409.6
2026-04-16 09:00:00+00:00,0.2239,0.225,0.2232,0.2232,1618315.2
2026-04-16 10:00:00+00:00,0.2232,0.2237,0.2212,0.2232,3581891.3
2026-04-16 11:00:00+00:00,0.2232,0.2245,0.2231,0.2243,2354622.1
2026-04-16 12:00:00+00:00,0.2243,0.227,0.2243,0.2264,6240654.3
2026-04-16 13:00:00+00:00,0.2264,0.2319,0.2239,0.2258,16355391.8
2026-04-16 14:00:00+00:00,0.2258,0.2265,0.222,0.2254,14067118.4
2026-04-16 15:00:00+00:00,0.2254,0.2315,0.2251,0.2314,12665145.8
2026-04-16 16:00:00+00:00,0.2314,0.2327,0.2258,0.227,15322225.9
2026-04-16 17:00:00+00:00,0.227,0.2295,0.2261,0.2283,8516812.2
2026-04-16 18:00:00+00:00,0.2283,0.2333,0.2282,0.2328,7141802.7
2026-04-16 19:00:00+00:00,0.2328,0.2354,0.2327,0.2345,8828420.7
2026-04-16 20:00:00+00:00,0.2345,0.2352,0.2327,0.2333,4924439.0
2026-04-16 21:00:00+00:00,0.2333,0.2334,0.2298,0.2321,5529870.1
2026-04-16 22:00:00+00:00,0.2321,0.2336,0.2317,0.2324,3945484.6
2026-04-16 23:00:00+00:00,0.2324,0.2338,0.2319,0.2332,4490066.8
2026-04-17 00:00:00+00:00,0.2332,0.2345,0.2321,0.2342,4957345.4
2026-04-17 01:00:00+00:00,0.2342,0.2346,0.2314,0.2323,5838375.3
2026-04-17 02:00:00+00:00,0.2323,0.2327,0.2305,0.2325,3821928.8
2026-04-17 03:00:00+00:00,0.2325,0.2326,0.231,0.2314,2641860.3
2026-04-17 04:00:00+00:00,0.2314,0.2319,0.231,0.2314,1973390.7
2026-04-17 05:00:00+00:00,0.2314,0.2315,0.2277,0.2281,5814316.2
2026-04-17 06:00:00+00:00,0.2281,0.2299,0.2278,0.2299,5392935.2
2026-04-17 07:00:00+00:00,0.2299,0.2318,0.2299,0.2318,4461785.8
2026-04-17 08:00:00+00:00,0.2318,0.2323,0.2302,0.2319,4956860.6
2026-04-17 09:00:00+00:00,0.2319,0.2331,0.2305,0.2315,5785134.0
2026-04-17 10:00:00+00:00,0.2315,0.2321,0.2292,0.2305,4880861.7
2026-04-17 11:00:00+00:00,0.2305,0.2349,0.2302,0.2346,6127627.9
2026-04-17 12:00:00+00:00,0.2346,0.238,0.2333,0.2373,9234659.3
2026-04-17 13:00:00+00:00,0.2373,0.2429,0.2366,0.2418,15689834.3
2026-04-17 14:00:00+00:00,0.2418,0.2423,0.2389,0.2399,10698080.1
2026-04-17 15:00:00+00:00,0.2399,0.2404,0.2375,0.2385,6514903.1
2026-04-17 16:00:00+00:00,0.2385,0.2425,0.2385,0.2424,7658059.7
2026-04-17 17:00:00+00:00,0.2424,0.243,0.2392,0.2413,8210125.6
2026-04-17 18:00:00+00:00,0.2413,0.2416,0.2387,0.2403,3820076.2
2026-04-17 19:00:00+00:00,0.2403,0.242,0.2389,0.2409,5273505.2
2026-04-17 20:00:00+00:00,0.2409,0.2424,0.2397,0.2419,3967294.6
2026-04-17 21:00:00+00:00,0.2419,0.2454,0.2413,0.2432,6076047.5
2026-04-17 22:00:00+00:00,0.2432,0.2434,0.2409,0.2417,2818106.2
2026-04-17 23:00:00+00:00,0.2417,0.2417,0.2373,0.239,6272296.5
2026-04-18 00:00:00+00:00,0.239,0.2405,0.2379,0.2388,3137728.2
2026-04-18 01:00:00+00:00,0.2388,0.2412,0.2382,0.2387,3081137.3
2026-04-18 02:00:00+00:00,0.2387,0.2404,0.2377,0.2401,2376862.8
2026-04-18 03:00:00+00:00,0.2401,0.2401,0.2377,0.2378,2380110.2
2026-04-18 04:00:00+00:00,0.2378,0.2401,0.2375,0.238,3903574.0
2026-04-18 05:00:00+00:00,0.238,0.2405,0.2379,0.2395,3047532.4
2026-04-18 06:00:00+00:00,0.2395,0.2409,0.2386,0.2398,3658282.4
2026-04-18 07:00:00+00:00,0.2398,0.2428,0.2395,0.2412,6008675.2
2026-04-18 08:00:00+00:00,0.2412,0.2439,0.2358,0.2372,10381795.6
2026-04-18 09:00:00+00:00,0.2372,0.2373,0.2334,0.235,4176835.6
2026-04-18 10:00:00+00:00,0.235,0.2351,0.2313,0.2324,3484101.2
2026-04-18 11:00:00+00:00,0.2324,0.2326,0.2276,0.2313,8134912.6
2026-04-18 12:00:00+00:00,0.2313,0.2317,0.2299,0.2309,3446659.7
2026-04-18 13:00:00+00:00,0.2309,0.2315,0.2287,0.231,3030885.6
2026-04-18 14:00:00+00:00,0.231,0.2328,0.2295,0.2324,3723910.8
2026-04-18 15:00:00+00:00,0.2324,0.2328,0.2315,0.2321,2424872.7
2026-04-18 16:00:00+00:00,0.2321,0.2348,0.2306,0.231,7558080.1
2026-04-18 17:00:00+00:00,0.231,0.2316,0.2293,0.2308,2260979.0
2026-04-18 18:00:00+00:00,0.2308,0.2312,0.2289,0.2306,5304625.8
2026-04-18 19:00:00+00:00,0.2306,0.2331,0.2304,0.2312,4479558.5
2026-04-18 20:00:00+00:00,0.2312,0.2317,0.2303,0.2312,3838745.9
2026-04-18 21:00:00+00:00,0.2312,0.2316,0.2288,0.2306,4160947.8
2026-04-18 22:00:00+00:00,0.2306,0.2306,0.2296,0.2302,2956355.2
2026-04-18 23:00:00+00:00,0.2302,0.2312,0.2286,0.2288,3259168.5
2026-04-19 00:00:00+00:00,0.2288,0.2289,0.2254,0.2268,5859053.5
2026-04-19 01:00:00+00:00,0.2268,0.2283,0.2257,0.2271,4341271.0
2026-04-19 02:00:00+00:00,0.2271,0.2271,0.2232,0.2252,3569256.2
2026-04-19 03:00:00+00:00,0.2252,0.2265,0.2242,0.2258,2104188.6
2026-04-19 04:00:00+00:00,0.2258,0.2271,0.2248,0.2261,4124176.7
2026-04-19 05:00:00+00:00,0.2261,0.2267,0.2255,0.2256,2402891.6
2026-04-19 06:00:00+00:00,0.2256,0.2267,0.2248,0.2262,3615371.8
2026-04-19 07:00:00+00:00,0.2262,0.2268,0.2247,0.2263,3066287.2
2026-04-19 08:00:00+00:00,0.2263,0.2267,0.2256,0.2259,2236896.3
2026-04-19 09:00:00+00:00,0.2259,0.2262,0.224,0.2253,3944878.8
2026-04-19 10:00:00+00:00,0.2253,0.2274,0.2249,0.2273,2682272.5
2026-04-19 11:00:00+00:00,0.2273,0.2328,0.2272,0.2292,10704377.2
2026-04-19 12:00:00+00:00,0.2292,0.2325,0.2287,0.2317,5245913.9
2026-04-19 13:00:00+00:00,0.2317,0.235,0.2311,0.2321,9491047.1
2026-04-19 14:00:00+00:00,0.2321,0.2323,0.2306,0.2312,3887588.7
2026-04-19 15:00:00+00:00,0.2312,0.2315,0.2276,0.2306,4586298.3
2026-04-19 16:00:00+00:00,0.2306,0.2307,0.2274,0.2278,3722334.0
2026-04-19 17:00:00+00:00,0.2278,0.2278,0.2225,0.2229,5364450.7
2026-04-19 18:00:00+00:00,0.2229,0.2241,0.2222,0.2232,3800870.2
2026-04-19 19:00:00+00:00,0.2232,0.2266,0.2232,0.2258,3052893.7
2026-04-19 20:00:00+00:00,0.2258,0.2263,0.2243,0.2251,3505731.8
2026-04-19 21:00:00+00:00,0.2251,0.2261,0.2235,0.224,2480360.4
2026-04-19 22:00:00+00:00,0.224,0.224,0.2196,0.2225,6222248.6
2026-04-19 23:00:00+00:00,0.2225,0.2225,0.2214,0.222,2464442.3
2026-04-20 00:00:00+00:00,0.222,0.2245,0.2217,0.2237,3940290.4
2026-04-20 01:00:00+00:00,0.2237,0.2248,0.2234,0.2237,2065503.1
2026-04-20 02:00:00+00:00,0.2237,0.2248,0.2222,0.2242,2254535.5
2026-04-20 03:00:00+00:00,0.2242,0.2255,0.2239,0.2252,1345277.4
2026-04-20 04:00:00+00:00,0.2252,0.2258,0.2245,0.2252,993730.7
2026-04-20 05:00:00+00:00,0.2252,0.2252,0.2227,0.2235,1466588.1
2026-04-20 06:00:00+00:00,0.2235,0.2267,0.2234,0.226,2624456.9
2026-04-20 07:00:00+00:00,0.226,0.2308,0.2256,0.2277,6088236.9
2026-04-20 08:00:00+00:00,0.2277,0.2304,0.2271,0.2275,4801939.2
2026-04-20 09:00:00+00:00,0.2275,0.2297,0.2272,0.2286,1734810.2
2026-04-20 10:00:00+00:00,0.2286,0.2297,0.2282,0.2283,1625430.9
2026-04-20 11:00:00+00:00,0.2283,0.2285,0.2269,0.2272,1388019.2
2026-04-20 12:00:00+00:00,0.2272,0.2291,0.2266,0.2274,2818762.9
2026-04-20 13:00:00+00:00,0.2274,0.2284,0.2261,0.2272,3823414.4
2026-04-20 14:00:00+00:00,0.2272,0.2296,0.2247,0.2255,5412308.1
2026-04-20 15:00:00+00:00,0.2255,0.2294,0.2245,0.228,3562951.4
2026-04-20 16:00:00+00:00,0.228,0.2287,0.2272,0.2272,2768943.1
2026-04-20 17:00:00+00:00,0.2272,0.2297,0.2271,0.2295,2443487.4
2026-04-20 18:00:00+00:00,0.2295,0.2338,0.2295,0.232,7934773.6
2026-04-20 19:00:00+00:00,0.232,0.2325,0.2302,0.2324,2616068.7
2026-04-20 20:00:00+00:00,0.2324,0.2348,0.2317,0.2346,3987160.5
2026-04-20 21:00:00+00:00,0.2346,0.2354,0.2314,0.233,5583844.9
2026-04-20 22:00:00+00:00,0.233,0.2334,0.2309,0.2313,1248795.4
2026-04-20 23:00:00+00:00,0.2313,0.2318,0.23,0.2312,2484251.5
2026-04-21 00:00:00+00:00,0.2312,0.2332,0.231,0.2328,1983535.0
2026-04-21 01:00:00+00:00,0.2328,0.2337,0.2325,0.2329,1509755.4
2026-04-21 02:00:00+00:00,0.2329,0.2332,0.2317,0.2317,1122489.2
2026-04-21 03:00:00+00:00,0.2317,0.2322,0.2291,0.2316,2161278.6
2026-04-21 04:00:00+00:00,0.2316,0.2321,0.2304,0.2321,2392623.0
2026-04-21 05:00:00+00:00,0.2321,0.2342,0.232,0.2332,1795831.5
2026-04-21 06:00:00+00:00,0.2332,0.2346,0.232,0.2332,1780604.0
2026-04-21 07:00:00+00:00,0.2332,0.2351,0.2319,0.2336,2707996.6
2026-04-21 08:00:00+00:00,0.2336,0.2367,0.2334,0.2349,3425502.4
2026-04-21 09:00:00+00:00,0.2349,0.236,0.2339,0.2355,2207609.4
2026-04-21 10:00:00+00:00,0.2355,0.2358,0.2345,0.2349,1233274.7
2026-04-21 11:00:00+00:00,0.2349,0.2354,0.233,0.2337,4471351.4
2026-04-21 12:00:00+00:00,0.2337,0.234,0.2305,0.2322,4145858.4
2026-04-21 13:00:00+00:00,0.2322,0.2326,0.23,0.2311,4995812.0
2026-04-21 14:00:00+00:00,0.2311,0.2331,0.2285,0.2294,5143361.6
2026-04-21 15:00:00+00:00,0.2294,0.2317,0.2289,0.2307,2185866.3
2026-04-21 16:00:00+00:00,0.2307,0.232,0.2298,0.2301,3747500.6
2026-04-21 17:00:00+00:00,0.2301,0.2307,0.2268,0.2282,6050799.4
2026-04-21 18:00:00+00:00,0.2282,0.2285,0.2264,0.2283,5273361.6
2026-04-21 19:00:00+00:00,0.2283,0.2289,0.2245,0.2252,5360611.7
2026-04-21 20:00:00+00:00,0.2252,0.2287,0.2251,0.2277,6316845.7
2026-04-21 21:00:00+00:00,0.2277,0.2286,0.227,0.2281,1038401.8
2026-04-21 22:00:00+00:00,0.2281,0.2284,0.2266,0.2276,1140412.8
2026-04-21 23:00:00+00:00,0.2276,0.231,0.2276,0.2302,1194785.1
2026-04-22 00:00:00+00:00,0.2302,0.2322,0.23,0.2306,1702050.9
2026-04-22 01:00:00+00:00,0.2306,0.2311,0.2295,0.2301,1165833.5
2026-04-22 02:00:00+00:00,0.2301,0.2347,0.2295,0.2345,4120759.9
2026-04-22 03:00:00+00:00,0.2345,0.235,0.2323,0.2325,2673894.2
2026-04-22 04:00:00+00:00,0.2325,0.2347,0.2325,0.2341,4112432.4
2026-04-22 05:00:00+00:00,0.2341,0.2389,0.234,0.2379,13714225.3
2026-04-22 06:00:00+00:00,0.2379,0.2382,0.2361,0.2374,5153640.7
2026-04-22 07:00:00+00:00,0.2374,0.2382,0.2362,0.237,3728828.0
2026-04-22 08:00:00+00:00,0.237,0.2376,0.2361,0.2372,1680531.8
2026-04-22 09:00:00+00:00,0.2372,0.2389,0.2366,0.237,3653009.9
2026-04-22 10:00:00+00:00,0.237,0.2374,0.2362,0.2367,1464519.4
2026-04-22 11:00:00+00:00,0.2367,0.2378,0.2355,0.2365,1542656.7
2026-04-22 12:00:00+00:00,0.2365,0.2371,0.2347,0.2356,4375856.9
2026-04-22 13:00:00+00:00,0.2356,0.2372,0.2346,0.2357,7034312.0
2026-04-22 14:00:00+00:00,0.2357,0.2365,0.2345,0.236,6841854.5
2026-04-22 15:00:00+00:00,0.236,0.2381,0.235,0.2366,4755886.7
2026-04-22 16:00:00+00:00,0.2366,0.2369,0.2343,0.2345,2238786.7
2026-04-22 17:00:00+00:00,0.2345,0.2356,0.2336,0.2352,3582962.0
2026-04-22 18:00:00+00:00,0.2352,0.2356,0.2339,0.2341,1172030.8
2026-04-22 19:00:00+00:00,0.2341,0.2341,0.2303,0.2322,5298893.5
2026-04-22 20:00:00+00:00,0.2322,0.2324,0.2286,0.229,8498885.9
2026-04-22 21:00:00+00:00,0.229,0.2315,0.2287,0.2315,2668916.1
2026-04-22 22:00:00+00:00,0.2315,0.2315,0.2288,0.2293,4945074.0
2026-04-22 23:00:00+00:00,0.2293,0.2296,0.2266,0.227,5779230.5
2026-04-23 00:00:00+00:00,0.227,0.2285,0.2238,0.2282,10988310.5
2026-04-23 01:00:00+00:00,0.2282,0.2284,0.2264,0.2273,3998005.6
2026-04-23 02:00:00+00:00,0.2273,0.2273,0.2244,0.225,5323056.0
2026-04-23 03:00:00+00:00,0.225,0.2254,0.2215,0.2223,4816211.8
2026-04-23 04:00:00+00:00,0.2223,0.2235,0.222,0.2231,3775461.7
2026-04-23 05:00:00+00:00,0.2231,0.2245,0.2229,0.2241,4269790.2
2026-04-23 06:00:00+00:00,0.2241,0.2247,0.2238,0.2243,3197499.3
2026-04-23 07:00:00+00:00,0.2243,0.2247,0.2233,0.2237,3549075.0
2026-04-23 08:00:00+00:00,0.2237,0.2244,0.223,0.2242,5432533.2
2026-04-23 09:00:00+00:00,0.2242,0.2242,0.222,0.2224,5216793.6
2026-04-23 10:00:00+00:00,0.2224,0.2226,0.2203,0.2211,5844103.1
2026-04-23 11:00:00+00:00,0.2211,0.2224,0.2207,0.2221,5295435.9
2026-04-23 12:00:00+00:00,0.2221,0.2234,0.2216,0.2226,6849624.1
2026-04-23 13:00:00+00:00,0.2226,0.2233,0.222,0.2222,3158448.2
2026-04-23 14:00:00+00:00,0.2222,0.2245,0.2217,0.2245,4936376.3
2026-04-23 15:00:00+00:00,0.2245,0.2266,0.223,0.2243,7285103.2
2026-04-23 16:00:00+00:00,0.2243,0.2245,0.2218,0.2221,8288229.6
2026-04-23 17:00:00+00:00,0.2221,0.2224,0.2167,0.2188,14668213.7
2026-04-23 18:00:00+00:00,0.2188,0.2206,0.2187,0.219,6024775.8
2026-04-23 19:00:00+00:00,0.219,0.2209,0.2187,0.22,4441716.8
2026-04-23 20:00:00+00:00,0.22,0.2215,0.2198,0.22,4101417.8
2026-04-23 21:00:00+00:00,0.22,0.2216,0.2194,0.2206,3303275.3
2026-04-23 22:00:00+00:00,0.2206,0.2223,0.2206,0.2211,2268847.6
2026-04-23 23:00:00+00:00,0.2211,0.2226,0.2198,0.222,3525431.3
2026-04-24 00:00:00+00:00,0.222,0.2231,0.2217,0.2225,2549450.2
2026-04-24 01:00:00+00:00,0.2225,0.2237,0.2216,0.2236,2383024.6
2026-04-24 02:00:00+00:00,0.2236,0.2239,0.2221,0.2227,3316610.5
2026-04-24 03:00:00+00:00,0.2227,0.2228,0.2206,0.2218,3196034.5
2026-04-24 04:00:00+00:00,0.2218,0.2222,0.2211,0.2213,2268781.8
2026-04-24 05:00:00+00:00,0.2213,0.2247,0.2209,0.2243,4155838.8
2026-04-24 06:00:00+00:00,0.2243,0.2256,0.2237,0.2244,5944406.0
2026-04-24 07:00:00+00:00,0.2244,0.2256,0.2241,0.2256,3400642.2
2026-04-24 08:00:00+00:00,0.2256,0.2261,0.2234,0.2242,4530798.9
2026-04-24 09:00:00+00:00,0.2242,0.2246,0.2234,0.2241,2442464.2
2026-04-24 10:00:00+00:00,0.2241,0.2247,0.2235,0.2242,2551298.6
2026-04-24 11:00:00+00:00,0.2242,0.2248,0.224,0.2244,3558467.5
2026-04-24 12:00:00+00:00,0.2244,0.2254,0.2229,0.2231,4089298.2
2026-04-24 13:00:00+00:00,0.2231,0.2237,0.2227,0.2233,3526678.8
2026-04-24 14:00:00+00:00,0.2233,0.2237,0.2223,0.223,2961243.2
2026-04-24 15:00:00+00:00,0.223,0.2254,0.2212,0.2254,4246338.4
2026-04-24 16:00:00+00:00,0.2254,0.2255,0.2227,0.2238,5842818.5
2026-04-24 17:00:00+00:00,0.2238,0.2254,0.2237,0.2249,3047228.3
2026-04-24 18:00:00+00:00,0.2249,0.2264,0.2242,0.2259,4050707.9
2026-04-24 19:00:00+00:00,0.2259,0.2265,0.2248,0.2263,2261225.7
2026-04-24 20:00:00+00:00,0.2263,0.2277,0.2252,0.2274,5436293.4
2026-04-24 21:00:00+00:00,0.2274,0.2279,0.2261,0.2264,2692850.8
2026-04-24 22:00:00+00:00,0.2264,0.2264,0.2235,0.2243,1992731.7
2026-04-24 23:00:00+00:00,0.2243,0.2248,0.2237,0.2245,1777598.3
2026-04-25 00:00:00+00:00,0.2245,0.2252,0.2241,0.225,1971717.4
2026-04-25 01:00:00+00:00,0.225,0.2265,0.2243,0.2257,2873081.1
2026-04-25 02:00:00+00:00,0.2257,0.2277,0.2256,0.2272,4219106.2
2026-04-25 03:00:00+00:00,0.2272,0.2293,0.2252,0.227,13937894.1
2026-04-25 04:00:00+00:00,0.227,0.2274,0.2266,0.2271,3844721.1
2026-04-25 05:00:00+00:00,0.2271,0.2283,0.225,0.2282,6391713.1
2026-04-25 06:00:00+00:00,0.2282,0.2295,0.2275,0.2277,6058300.5
2026-04-25 07:00:00+00:00,0.2277,0.2282,0.2266,0.2278,3582611.9
2026-04-25 08:00:00+00:00,0.2278,0.2286,0.2272,0.2285,2914829.9
2026-04-25 09:00:00+00:00,0.2285,0.2315,0.2281,0.2308,3291901.4
2026-04-25 10:00:00+00:00,0.2308,0.2312,0.229,0.2292,3125743.8
2026-04-25 11:00:00+00:00,0.2292,0.2293,0.2269,0.2274,3003267.0
2026-04-25 12:00:00+00:00,0.2274,0.2275,0.2253,0.2265,4725416.8
2026-04-25 13:00:00+00:00,0.2265,0.2271,0.2259,0.2263,2137929.5
2026-04-25 14:00:00+00:00,0.2263,0.2265,0.225,0.2255,2775603.4
2026-04-25 15:00:00+00:00,0.2255,0.2264,0.2236,0.2245,2739972.3
2026-04-25 16:00:00+00:00,0.2245,0.2253,0.2225,0.2235,3008633.1
2026-04-25 17:00:00+00:00,0.2235,0.2238,0.2221,0.2233,1956625.6
2026-04-25 18:00:00+00:00,0.2233,0.2245,0.2231,0.2232,1624947.1
2026-04-25 19:00:00+00:00,0.2232,0.2239,0.2225,0.2228,1735664.8
2026-04-25 20:00:00+00:00,0.2228,0.2239,0.2225,0.2236,1280687.3
2026-04-25 21:00:00+00:00,0.2236,0.224,0.2231,0.2233,826579.4
2026-04-25 22:00:00+00:00,0.2233,0.2245,0.2233,0.2239,983622.4
2026-04-25 23:00:00+00:00,0.2239,0.2254,0.2238,0.2254,1590735.3
2026-04-26 00:00:00+00:00,0.2254,0.2254,0.2241,0.2241,3358104.5
2026-04-26 01:00:00+00:00,0.2241,0.2244,0.2237,0.2239,1368906.3
2026-04-26 02:00:00+00:00,0.2239,0.2256,0.2239,0.2251,3070343.7
2026-04-26 03:00:00+00:00,0.2251,0.2257,0.2237,0.2246,2249189.7
2026-04-26 04:00:00+00:00,0.2246,0.226,0.2239,0.2251,1916419.5
2026-04-26 05:00:00+00:00,0.2251,0.2267,0.225,0.2258,2215709.8
2026-04-26 06:00:00+00:00,0.2258,0.2273,0.2256,0.2264,2017891.0
2026-04-26 07:00:00+00:00,0.2264,0.2267,0.2258,0.2264,929684.4
2026-04-26 08:00:00+00:00,0.2264,0.2267,0.2261,0.2263,1112588.0
2026-04-26 09:00:00+00:00,0.2263,0.2277,0.2261,0.2273,1087243.9
2026-04-26 10:00:00+00:00,0.2273,0.2277,0.227,0.2275,1165604.8
2026-04-26 11:00:00+00:00,0.2275,0.2285,0.2268,0.2281,2671066.6
2026-04-26 12:00:00+00:00,0.2281,0.2282,0.2257,0.2261,3825570.1
2026-04-26 13:00:00+00:00,0.2261,0.2266,0.2256,0.2259,2026621.9
2026-04-26 14:00:00+00:00,0.2259,0.2283,0.2258,0.2276,1848955.0
2026-04-26 15:00:00+00:00,0.2276,0.2277,0.2268,0.2272,1966971.2
2026-04-26 16:00:00+00:00,0.2272,0.2277,0.2266,0.2271,1856691.9
2026-04-26 17:00:00+00:00,0.2271,0.2284,0.2263,0.2281,1254543.9
2026-04-26 18:00:00+00:00,0.2281,0.2296,0.2278,0.2292,3535131.2
2026-04-26 19:00:00+00:00,0.2292,0.2316,0.2291,0.2313,3058928.3
2026-04-26 20:00:00+00:00,0.2313,0.2318,0.2301,0.2301,2569502.6
2026-04-26 21:00:00+00:00,0.2301,0.2306,0.2278,0.2302,3349979.6
2026-04-26 22:00:00+00:00,0.2302,0.2315,0.2282,0.2296,2301380.0
2026-04-26 23:00:00+00:00,0.2296,0.2309,0.2291,0.2297,2508224.2
2026-04-27 00:00:00+00:00,0.2297,0.231,0.2283,0.2309,2529998.6
2026-04-27 01:00:00+00:00,0.2309,0.2333,0.2309,0.2332,3814680.5
2026-04-27 02:00:00+00:00,0.2332,0.2351,0.2322,0.2342,3080074.5
2026-04-27 03:00:00+00:00,0.2342,0.2359,0.2331,0.2334,2994807.9
2026-04-27 04:00:00+00:00,0.2334,0.2338,0.2321,0.2324,2018270.5
2026-04-27 05:00:00+00:00,0.2324,0.2324,0.2258,0.2267,7887838.0
2026-04-27 06:00:00+00:00,0.2267,0.2268,0.2233,0.2251,3713644.9
2026-04-27 07:00:00+00:00,0.2251,0.2253,0.2235,0.2237,2285837.0
2026-04-27 08:00:00+00:00,0.2237,0.2248,0.2233,0.2247,2879894.9
2026-04-27 09:00:00+00:00,0.2247,0.2265,0.2247,0.2263,3229577.9
2026-04-27 10:00:00+00:00,0.2263,0.2272,0.2257,0.226,1838985.7
2026-04-27 11:00:00+00:00,0.226,0.2267,0.2256,0.2267,848405.1
2026-04-27 12:00:00+00:00,0.2267,0.2277,0.2265,0.2272,3374676.5
2026-04-27 13:00:00+00:00,0.2272,0.2286,0.2261,0.2273,4649823.8
2026-04-27 14:00:00+00:00,0.2273,0.2308,0.2271,0.2291,5115277.8
2026-04-27 15:00:00+00:00,0.2291,0.2291,0.2229,0.2242,5751444.4
2026-04-27 16:00:00+00:00,0.2242,0.2252,0.2231,0.2247,2135492.9
2026-04-27 17:00:00+00:00,0.2247,0.2265,0.2246,0.2258,2402480.0
2026-04-27 18:00:00+00:00,0.2258,0.2266,0.2255,0.226,1462638.6
2026-04-27 19:00:00+00:00,0.226,0.2262,0.2243,0.2252,2127843.3
2026-04-27 20:00:00+00:00,0.2252,0.2268,0.2252,0.226,1849237.7
2026-04-27 21:00:00+00:00,0.226,0.2277,0.2257,0.2276,1464840.2
2026-04-27 22:00:00+00:00,0.2276,0.2301,0.2276,0.2293,2377018.3
2026-04-27 23:00:00+00:00,0.2293,0.2326,0.2292,0.2322,5072113.1
2026-04-28 00:00:00+00:00,0.2322,0.2327,0.2302,0.2308,4275830.9
2026-04-28 01:00:00+00:00,0.2308,0.2332,0.2306,0.232,3355116.9
2026-04-28 02:00:00+00:00,0.232,0.2327,0.2299,0.2311,3740765.9
2026-04-28 03:00:00+00:00,0.2311,0.2312,0.2295,0.2301,2345683.2
2026-04-28 04:00:00+00:00,0.2301,0.2307,0.2286,0.2291,1182448.6
2026-04-28 05:00:00+00:00,0.2291,0.2316,0.2288,0.2296,2666003.8
2026-04-28 06:00:00+00:00,0.2296,0.2315,0.2271,0.228,3598871.5
2026-04-28 07:00:00+00:00,0.228,0.2282,0.2257,0.2272,1652972.4
2026-04-28 08:00:00+00:00,0.2272,0.2289,0.2261,0.2267,2986212.6
2026-04-28 09:00:00+00:00,0.2267,0.2273,0.2258,0.2262,1460766.3
2026-04-28 10:00:00+00:00,0.2262,0.2271,0.2258,0.2261,2054296.5
2026-04-28 11:00:00+00:00,0.2261,0.2263,0.2247,0.2253,2552637.8
2026-04-28 12:00:00+00:00,0.2253,0.2265,0.2241,0.2263,4175271.7
2026-04-28 13:00:00+00:00,0.2263,0.2283,0.2246,0.2275,6109240.7
2026-04-28 14:00:00+00:00,0.2275,0.2284,0.225,0.2284,3546861.3
2026-04-28 15:00:00+00:00,0.2284,0.2295,0.2268,0.2287,3195385.5
2026-04-28 16:00:00+00:00,0.2287,0.2301,0.2276,0.2281,2013062.3
2026-04-28 17:00:00+00:00,0.2281,0.2289,0.2271,0.2274,2071205.5
2026-04-28 18:00:00+00:00,0.2274,0.2287,0.2269,0.2284,2582217.4
2026-04-28 19:00:00+00:00,0.2284,0.2293,0.2272,0.2282,1713901.8
2026-04-28 20:00:00+00:00,0.2282,0.2288,0.2273,0.2273,1276848.7
2026-04-28 21:00:00+00:00,0.2273,0.2281,0.2259,0.2269,1207291.2
2026-04-28 22:00:00+00:00,0.2269,0.2282,0.2267,0.2272,948247.1
2026-04-28 23:00:00+00:00,0.2272,0.2278,0.2264,0.2274,1414455.4
2026-04-29 00:00:00+00:00,0.2274,0.228,0.2271,0.2273,776070.5
2026-04-29 01:00:00+00:00,0.2273,0.2283,0.2263,0.2277,1181948.1
2026-04-29 02:00:00+00:00,0.2277,0.229,0.2272,0.2289,1460812.3
2026-04-29 03:00:00+00:00,0.2289,0.2333,0.2289,0.2325,2976486.5
2026-04-29 04:00:00+00:00,0.2325,0.2339,0.231,0.2332,5299720.3
2026-04-29 05:00:00+00:00,0.2332,0.2339,0.2328,0.2331,2508156.3
2026-04-29 06:00:00+00:00,0.2331,0.234,0.2322,0.2332,5685674.7
2026-04-29 07:00:00+00:00,0.2332,0.2339,0.2322,0.2328,2077658.1
2026-04-29 08:00:00+00:00,0.2328,0.2329,0.2303,0.2311,935927.8
2026-04-29 09:00:00+00:00,0.2311,0.2343,0.2301,0.234,3096515.3
2026-04-29 10:00:00+00:00,0.234,0.2354,0.2331,0.2338,3776327.9
2026-04-29 11:00:00+00:00,0.2338,0.2348,0.2325,0.233,3367341.3
2026-04-29 12:00:00+00:00,0.233,0.2332,0.2295,0.2303,4205885.5
2026-04-29 13:00:00+00:00,0.2303,0.231,0.2264,0.228,4554208.5
2026-04-29 14:00:00+00:00,0.228,0.2283,0.2267,0.2267,5063905.3
2026-04-29 15:00:00+00:00,0.2267,0.2271,0.2239,0.2247,8094072.9
2026-04-29 16:00:00+00:00,0.2247,0.2266,0.2245,0.225,3493702.7
2026-04-29 17:00:00+00:00,0.225,0.2265,0.2248,0.2265,3429753.5
2026-04-29 18:00:00+00:00,0.2265,0.2267,0.2182,0.2228,11927519.6
2026-04-29 19:00:00+00:00,0.2228,0.2233,0.221,0.2223,2426218.1
2026-04-29 20:00:00+00:00,0.2223,0.2255,0.2217,0.2249,4071106.3
2026-04-29 21:00:00+00:00,0.2249,0.23,0.2239,0.2279,4733163.7
2026-04-29 22:00:00+00:00,0.2279,0.2292,0.2272,0.2281,6921552.4
2026-04-29 23:00:00+00:00,0.2281,0.2313,0.2276,0.2303,3853031.4
2026-04-30 00:00:00+00:00,0.2303,0.2324,0.2292,0.2321,3911638.4
2026-04-30 01:00:00+00:00,0.2321,0.2321,0.2297,0.2309,1605239.2
2026-04-30 02:00:00+00:00,0.2309,0.2313,0.227,0.2281,3169027.7
2026-04-30 03:00:00+00:00,0.2281,0.2298,0.2273,0.2291,1007758.2
2026-04-30 04:00:00+00:00,0.2291,0.2293,0.2271,0.2273,754328.1
2026-04-30 05:00:00+00:00,0.2273,0.2291,0.2267,0.2282,847602.9
2026-04-30 06:00:00+00:00,0.2282,0.2307,0.2275,0.2305,731360.0
2026-04-30 07:00:00+00:00,0.2305,0.2321,0.2298,0.2316,932505.2
2026-04-30 08:00:00+00:00,0.2316,0.2328,0.2313,0.2322,845925.9
2026-04-30 09:00:00+00:00,0.2322,0.2345,0.2319,0.2337,1310490.5
2026-04-30 10:00:00+00:00,0.2337,0.2346,0.2324,0.2336,1767440.9
2026-04-30 11:00:00+00:00,0.2336,0.2354,0.2332,0.2351,3004614.9
2026-04-30 12:00:00+00:00,0.2351,0.2381,0.235,0.2379,3663106.5
2026-04-30 13:00:00+00:00,0.2379,0.239,0.2343,0.2353,4576840.1
2026-04-30 14:00:00+00:00,0.2353,0.2363,0.233,0.2336,3022468.8
2026-04-30 15:00:00+00:00,0.2336,0.2357,0.2332,0.2349,856264.4
2026-04-30 16:00:00+00:00,0.2349,0.2354,0.2334,0.2337,1434160.4
2026-04-30 17:00:00+00:00,0.2337,0.2356,0.2331,0.2351,1806209.3
2026-04-30 18:00:00+00:00,0.2351,0.2362,0.2348,0.2348,817124.3
2026-04-30 19:00:00+00:00,0.2348,0.2359,0.2341,0.2344,1375118.6
2026-04-30 20:00:00+00:00,0.2344,0.2351,0.2334,0.2334,1732536.9
2026-04-30 21:00:00+00:00,0.2334,0.2336,0.2313,0.2314,1378876.3
2026-04-30 22:00:00+00:00,0.2314,0.2334,0.2313,0.233,5825554.8
2026-04-30 23:00:00+00:00,0.233,0.2361,0.2328,0.2353,4057556.5
2026-05-01 00:00:00+00:00,0.2353,0.2368,0.2341,0.2359,5892036.0
2026-05-01 01:00:00+00:00,0.2359,0.2367,0.2353,0.2361,1164344.2
2026-05-01 02:00:00+00:00,0.2361,0.2362,0.2339,0.2346,1200503.7
2026-05-01 03:00:00+00:00,0.2346,0.2382,0.2343,0.2363,2880271.8
2026-05-01 04:00:00+00:00,0.2363,0.2378,0.2357,0.2363,1013579.0
2026-05-01 05:00:00+00:00,0.2363,0.2369,0.2346,0.2348,2611629.2
2026-05-01 06:00:00+00:00,0.2348,0.2349,0.2337,0.2339,1235526.8
2026-05-01 07:00:00+00:00,0.2339,0.2345,0.2333,0.2338,1369195.1
2026-05-01 08:00:00+00:00,0.2338,0.2348,0.2335,0.2343,1479184.2
2026-05-01 09:00:00+00:00,0.2343,0.236,0.2342,0.236,3288451.6
2026-05-01 10:00:00+00:00,0.236,0.2363,0.2342,0.2355,946735.8
2026-05-01 11:00:00+00:00,0.2355,0.2364,0.2347,0.2358,765463.6
2026-05-01 12:00:00+00:00,0.2358,0.2377,0.2353,0.2366,1745010.3
2026-05-01 13:00:00+00:00,0.2366,0.2396,0.2366,0.2386,2258980.5
2026-05-01 14:00:00+00:00,0.2386,0.2388,0.2361,0.237,1325530.7
2026-05-01 15:00:00+00:00,0.237,0.2378,0.235,0.2366,2863261.8
2026-05-01 16:00:00+00:00,0.2366,0.237,0.2346,0.2346,1655639.5
2026-05-01 17:00:00+00:00,0.2346,0.2351,0.2335,0.2348,846366.7
2026-05-01 18:00:00+00:00,0.2348,0.235,0.2343,0.2343,490975.1
2026-05-01 19:00:00+00:00,0.2343,0.2345,0.2325,0.2333,693114.6
2026-05-01 20:00:00+00:00,0.2333,0.2334,0.2303,0.2316,2789671.9
2026-05-01 21:00:00+00:00,0.2316,0.2322,0.2309,0.2319,1682656.7
2026-05-01 22:00:00+00:00,0.2319,0.2325,0.2301,0.2303,1777401.8
2026-05-01 23:00:00+00:00,0.2303,0.2307,0.2293,0.2304,2505205.3
2026-05-02 00:00:00+00:00,0.2304,0.2318,0.2302,0.2313,993195.3
2026-05-02 01:00:00+00:00,0.2313,0.2322,0.231,0.232,603010.0
2026-05-02 02:00:00+00:00,0.232,0.2321,0.231,0.2311,893348.2
2026-05-02 03:00:00+00:00,0.2311,0.2313,0.2302,0.2309,693446.5
2026-05-02 04:00:00+00:00,0.2309,0.2309,0.2296,0.2299,705019.2
2026-05-02 05:00:00+00:00,0.2299,0.2308,0.229,0.2302,753144.7
2026-05-02 06:00:00+00:00,0.2302,0.2308,0.2297,0.2307,685061.4
2026-05-02 07:00:00+00:00,0.2307,0.2309,0.23,0.2301,561079.3
2026-05-02 08:00:00+00:00,0.2301,0.2303,0.2296,0.2298,461554.1
2026-05-02 09:00:00+00:00,0.2298,0.2308,0.2298,0.2304,863906.7
2026-05-02 10:00:00+00:00,0.2304,0.2308,0.23,0.2305,688495.8
2026-05-02 11:00:00+00:00,0.2305,0.2305,0.2296,0.2302,467165.5
2026-05-02 12:00:00+00:00,0.2302,0.2319,0.23,0.2306,1187164.8
2026-05-02 13:00:00+00:00,0.2306,0.2324,0.2306,0.2322,662065.4
2026-05-02 14:00:00+00:00,0.2322,0.233,0.232,0.2326,844002.1
2026-05-02 15:00:00+00:00,0.2326,0.2328,0.2319,0.2326,605053.9
2026-05-02 16:00:00+00:00,0.2326,0.2346,0.2326,0.2341,1733325.3
2026-05-02 17:00:00+00:00,0.2341,0.2345,0.2331,0.2335,1153237.2
2026-05-02 18:00:00+00:00,0.2335,0.235,0.2325,0.2346,1185141.2
2026-05-02 19:00:00+00:00,0.2346,0.2357,0.234,0.2356,1708341.2
2026-05-02 20:00:00+00:00,0.2356,0.2387,0.2352,0.2385,1698938.3
2026-05-02 21:00:00+00:00,0.2385,0.2393,0.2369,0.2386,1401836.1
2026-05-02 22:00:00+00:00,0.2386,0.2392,0.2376,0.2382,1160647.6
2026-05-02 23:00:00+00:00,0.2382,0.2382,0.2364,0.2369,1041761.8
2026-05-03 00:00:00+00:00,0.2369,0.2373,0.2353,0.2364,2222506.9
2026-05-03 01:00:00+00:00,0.2364,0.2364,0.2344,0.235,1051541.1
2026-05-03 02:00:00+00:00,0.235,0.2353,0.2337,0.2339,633771.5
2026-05-03 03:00:00+00:00,0.2339,0.2348,0.233,0.2342,824301.0
2026-05-03 04:00:00+00:00,0.2342,0.2344,0.2336,0.2337,318500.7
2026-05-03 05:00:00+00:00,0.2337,0.234,0.2327,0.2331,531421.5
2026-05-03 06:00:00+00:00,0.2331,0.2338,0.2324,0.2332,576456.5
2026-05-03 07:00:00+00:00,0.2332,0.2354,0.2332,0.2346,1705980.0
2026-05-03 08:00:00+00:00,0.2346,0.236,0.2337,0.2338,594030.6
2026-05-03 09:00:00+00:00,0.2338,0.2348,0.2334,0.2344,788951.8
2026-05-03 10:00:00+00:00,0.2344,0.2356,0.2343,0.2348,486989.8
2026-05-03 11:00:00+00:00,0.2348,0.2368,0.234,0.2355,1063533.0
2026-05-03 12:00:00+00:00,0.2355,0.2366,0.2349,0.2354,1349613.0
2026-05-03 13:00:00+00:00,0.2354,0.2361,0.2351,0.2352,1158419.4
2026-05-03 14:00:00+00:00,0.2352,0.2355,0.2345,0.2349,501820.2
2026-05-03 15:00:00+00:00,0.2349,0.2354,0.2336,0.2339,592291.5
2026-05-03 16:00:00+00:00,0.2339,0.2349,0.2333,0.2343,1259471.5
2026-05-03 17:00:00+00:00,0.2343,0.2359,0.2336,0.2345,897840.8
2026-05-03 18:00:00+00:00,0.2345,0.2351,0.2343,0.2345,393534.9
2026-05-03 19:00:00+00:00,0.2345,0.2353,0.2342,0.2346,428715.7
2026-05-03 20:00:00+00:00,0.2346,0.2369,0.2346,0.2354,1266971.7
2026-05-03 21:00:00+00:00,0.2354,0.2363,0.2336,0.2346,1100196.7
2026-05-03 22:00:00+00:00,0.2346,0.2373,0.2345,0.2357,1574034.3
2026-05-03 23:00:00+00:00,0.2357,0.236,0.2332,0.2333,1834384.9
2026-05-04 00:00:00+00:00,0.2333,0.2343,0.2315,0.234,1831308.9
2026-05-04 01:00:00+00:00,0.234,0.2371,0.2326,0.237,2129602.7
2026-05-04 02:00:00+00:00,0.237,0.2405,0.237,0.2397,2489149.2
2026-05-04 03:00:00+00:00,0.2397,0.2403,0.2385,0.2395,1622340.7
2026-05-04 04:00:00+00:00,0.2395,0.242,0.2393,0.2417,1816274.6
2026-05-04 05:00:00+00:00,0.2417,0.244,0.2407,0.2432,3918557.4
2026-05-04 06:00:00+00:00,0.2432,0.2436,0.2396,0.2422,2455829.6
2026-05-04 07:00:00+00:00,0.2422,0.2429,0.2407,0.2411,906326.6
2026-05-04 08:00:00+00:00,0.2411,0.2415,0.2392,0.2399,1881260.1
2026-05-04 09:00:00+00:00,0.2399,0.2419,0.239,0.2409,1785977.6
2026-05-04 10:00:00+00:00,0.2409,0.241,0.2337,0.2354,11949766.6
2026-05-04 11:00:00+00:00,0.2354,0.2381,0.2352,0.237,3616006.9
2026-05-04 12:00:00+00:00,0.237,0.238,0.2356,0.2357,2314095.5
2026-05-04 13:00:00+00:00,0.2357,0.236,0.2337,0.2342,5052253.4
2026-05-04 14:00:00+00:00,0.2342,0.24,0.2335,0.2386,3840567.2
2026-05-04 15:00:00+00:00,0.2386,0.2389,0.2342,0.2358,5419224.0
2026-05-04 16:00:00+00:00,0.2358,0.2376,0.2343,0.2359,5144876.9
2026-05-04 17:00:00+00:00,0.2359,0.2398,0.2357,0.2388,1647891.2
2026-05-04 18:00:00+00:00,0.2388,0.2397,0.2376,0.2395,1329797.1
2026-05-04 19:00:00+00:00,0.2395,0.2396,0.2371,0.2375,1324567.7
2026-05-04 20:00:00+00:00,0.2375,0.2375,0.2352,0.2358,846370.5
2026-05-04 21:00:00+00:00,0.2358,0.2386,0.2358,0.2381,1211234.5
2026-05-04 22:00:00+00:00,0.2381,0.239,0.2366,0.2368,493709.0
2026-05-04 23:00:00+00:00,0.2368,0.2368,0.2356,0.2362,469086.4
2026-05-05 00:00:00+00:00,0.2362,0.2373,0.2357,0.237,1133923.6
2026-05-05 01:00:00+00:00,0.237,0.2392,0.2366,0.2385,965520.2
2026-05-05 02:00:00+00:00,0.2385,0.2407,0.2384,0.239,1475939.7
2026-05-05 03:00:00+00:00,0.239,0.2407,0.2385,0.2395,1224391.1
2026-05-05 04:00:00+00:00,0.2395,0.2405,0.2391,0.2392,985612.8
2026-05-05 05:00:00+00:00,0.2392,0.2403,0.2387,0.239,1046166.3
2026-05-05 06:00:00+00:00,0.239,0.2395,0.2382,0.2395,825167.8
2026-05-05 07:00:00+00:00,0.2395,0.2413,0.2393,0.2402,1673704.4
2026-05-05 08:00:00+00:00,0.2402,0.2407,0.239,0.2406,828996.2
2026-05-05 09:00:00+00:00,0.2406,0.241,0.239,0.2393,473129.4
2026-05-05 10:00:00+00:00,0.2393,0.2403,0.2389,0.2401,874904.9
2026-05-05 11:00:00+00:00,0.2401,0.2402,0.2381,0.2397,769221.0
2026-05-05 12:00:00+00:00,0.2397,0.2422,0.2391,0.2413,1351347.0
2026-05-05 13:00:00+00:00,0.2413,0.2426,0.2396,0.2405,1429205.3
2026-05-05 14:00:00+00:00,0.2405,0.2414,0.2384,0.24,2386678.2
2026-05-05 15:00:00+00:00,0.24,0.2409,0.2391,0.2399,663484.3
2026-05-05 16:00:00+00:00,0.2399,0.2409,0.2379,0.2387,1082213.0
2026-05-05 17:00:00+00:00,0.2387,0.2392,0.2379,0.2384,494196.5
2026-05-05 18:00:00+00:00,0.2384,0.2395,0.2375,0.2382,1431632.0
2026-05-05 19:00:00+00:00,0.2382,0.239,0.2374,0.2386,901781.1
2026-05-05 20:00:00+00:00,0.2386,0.2408,0.2386,0.2407,2339677.8
2026-05-05 21:00:00+00:00,0.2407,0.2419,0.2399,0.2416,1423768.2
2026-05-05 22:00:00+00:00,0.2416,0.2421,0.2385,0.2394,3129309.7
2026-05-05 23:00:00+00:00,0.2394,0.2409,0.2381,0.2404,1390320.8
2026-05-06 00:00:00+00:00,0.2404,0.241,0.2388,0.2404,990066.3
2026-05-06 01:00:00+00:00,0.2404,0.2436,0.24,0.2431,1449048.0
2026-05-06 02:00:00+00:00,0.2431,0.2433,0.2404,0.2426,963467.6
2026-05-06 03:00:00+00:00,0.2426,0.2457,0.2422,0.2453,1320717.5
2026-05-06 04:00:00+00:00,0.2453,0.2469,0.2443,0.2449,2951190.6
2026-05-06 05:00:00+00:00,0.2449,0.2453,0.2424,0.2447,2079409.0
2026-05-06 06:00:00+00:00,0.2447,0.2453,0.2432,0.2443,1209068.6
2026-05-06 07:00:00+00:00,0.2443,0.246,0.2442,0.2448,1217317.7
2026-05-06 08:00:00+00:00,0.2448,0.2491,0.2445,0.2486,2651056.2
2026-05-06 09:00:00+00:00,0.2486,0.2505,0.2478,0.25,2126559.1
2026-05-06 10:00:00+00:00,0.25,0.2514,0.2496,0.2506,2729646.9
2026-05-06 11:00:00+00:00,0.2506,0.252,0.2499,0.2512,3000173.2
2026-05-06 12:00:00+00:00,0.2512,0.2517,0.2498,0.2507,1380352.9
2026-05-06 13:00:00+00:00,0.2507,0.2507,0.2453,0.2466,2874750.5
2026-05-06 14:00:00+00:00,0.2466,0.2475,0.2433,0.2456,2926245.4
2026-05-06 15:00:00+00:00,0.2456,0.2481,0.2449,0.2473,1452669.5
2026-05-06 16:00:00+00:00,0.2473,0.2487,0.2454,0.2471,1383768.0
2026-05-06 17:00:00+00:00,0.2471,0.2476,0.2451,0.2454,1352203.0
2026-05-06 18:00:00+00:00,0.2454,0.2457,0.2426,0.2444,3037974.0
2026-05-06 19:00:00+00:00,0.2444,0.2465,0.2435,0.2463,1517735.9
2026-05-06 20:00:00+00:00,0.2463,0.2489,0.2463,0.2481,3157156.4
2026-05-06 21:00:00+00:00,0.2481,0.252,0.2475,0.2509,4494134.9
2026-05-06 22:00:00+00:00,0.2509,0.2511,0.2477,0.2489,1868954.1
2026-05-06 23:00:00+00:00,0.2489,0.25,0.2461,0.2493,3406746.2
2026-05-07 00:00:00+00:00,0.2493,0.2498,0.2447,0.245,3086644.0
2026-05-07 01:00:00+00:00,0.245,0.245,0.2418,0.2431,2749160.2
2026-05-07 02:00:00+00:00,0.2431,0.2436,0.2413,0.2421,1344835.8
2026-05-07 03:00:00+00:00,0.2421,0.2429,0.2414,0.2416,1274448.8
2026-05-07 04:00:00+00:00,0.2416,0.2448,0.2414,0.2448,1374021.3
2026-05-07 05:00:00+00:00,0.2448,0.2463,0.2446,0.2451,1653290.3
2026-05-07 06:00:00+00:00,0.2451,0.2468,0.2433,0.2468,1683267.4
2026-05-07 07:00:00+00:00,0.2468,0.2478,0.246,0.2469,1176597.0
2026-05-07 08:00:00+00:00,0.2469,0.2475,0.2459,0.2464,1347707.1
2026-05-07 09:00:00+00:00,0.2464,0.2467,0.2449,0.2452,870970.5
2026-05-07 10:00:00+00:00,0.2452,0.2458,0.2433,0.2447,1057881.2
2026-05-07 11:00:00+00:00,0.2447,0.2465,0.2442,0.2455,1011297.6
2026-05-07 12:00:00+00:00,0.2455,0.2481,0.2454,0.2472,2124094.0
2026-05-07 13:00:00+00:00,0.2472,0.2474,0.2422,0.2433,3024101.4
2026-05-07 14:00:00+00:00,0.2433,0.2443,0.2391,0.2405,4911072.7
2026-05-07 15:00:00+00:00,0.2405,0.2405,0.2368,0.2386,2829950.2
2026-05-07 16:00:00+00:00,0.2386,0.2407,0.2376,0.2391,1718136.8
2026-05-07 17:00:00+00:00,0.2391,0.2406,0.2378,0.2402,2214165.1
2026-05-07 18:00:00+00:00,0.2402,0.2422,0.2396,0.2405,1150566.1
2026-05-07 19:00:00+00:00,0.2405,0.2425,0.2394,0.2407,2429750.3
2026-05-07 20:00:00+00:00,0.2407,0.2427,0.2397,0.2398,1443891.7
2026-05-07 21:00:00+00:00,0.2398,0.2412,0.2383,0.2401,1381827.2
2026-05-07 22:00:00+00:00,0.2401,0.2408,0.2387,0.2397,1332568.4
2026-05-07 23:00:00+00:00,0.2397,0.241,0.2395,0.2408,702416.5
2026-05-08 00:00:00+00:00,0.2408,0.2419,0.2395,0.2403,1267724.5
2026-05-08 01:00:00+00:00,0.2403,0.2408,0.239,0.2403,756339.5
2026-05-08 02:00:00+00:00,0.2403,0.241,0.2378,0.2395,647791.6
2026-05-08 03:00:00+00:00,0.2395,0.2417,0.2377,0.2408,1014617.0
2026-05-08 04:00:00+00:00,0.2408,0.2425,0.2408,0.2418,1375557.0
2026-05-08 05:00:00+00:00,0.2418,0.2428,0.2413,0.2417,661401.7
2026-05-08 06:00:00+00:00,0.2417,0.243,0.2406,0.2425,1435937.9
2026-05-08 07:00:00+00:00,0.2425,0.244,0.2403,0.2438,1023741.7
2026-05-08 08:00:00+00:00,0.2438,0.2457,0.2425,0.245,1608881.3
2026-05-08 09:00:00+00:00,0.245,0.247,0.2443,0.2454,1259911.8
2026-05-08 10:00:00+00:00,0.2454,0.2478,0.2452,0.2464,1386912.3
2026-05-08 11:00:00+00:00,0.2464,0.2475,0.2452,0.246,1721395.0
2026-05-08 12:00:00+00:00,0.246,0.2473,0.2454,0.2467,1097198.3
2026-05-08 13:00:00+00:00,0.2467,0.2471,0.2442,0.2466,2221276.2
2026-05-08 14:00:00+00:00,0.2466,0.2517,0.2463,0.2509,2495519.9
2026-05-08 15:00:00+00:00,0.2509,0.2544,0.2479,0.2542,2837954.8
2026-05-08 16:00:00+00:00,0.2542,0.2566,0.2529,0.2537,5977082.9
2026-05-08 17:00:00+00:00,0.2537,0.2574,0.2526,0.2556,3526005.6
2026-05-08 18:00:00+00:00,0.2556,0.2579,0.2556,0.2564,3549844.6
2026-05-08 19:00:00+00:00,0.2564,0.2575,0.2551,0.2559,1854112.0
2026-05-08 20:00:00+00:00,0.2559,0.2565,0.2545,0.2561,2257465.9
2026-05-08 21:00:00+00:00,0.2561,0.2589,0.2559,0.2587,1814900.8
2026-05-08 22:00:00+00:00,0.2587,0.2607,0.2568,0.2574,2192140.2
2026-05-08 23:00:00+00:00,0.2574,0.2574,0.255,0.2566,1021553.9
2026-05-09 00:00:00+00:00,0.2566,0.2587,0.2553,0.2554,1534318.0
2026-05-09 01:00:00+00:00,0.2554,0.2577,0.2552,0.2564,1109638.9
2026-05-09 02:00:00+00:00,0.2564,0.2577,0.2563,0.257,570367.0
2026-05-09 03:00:00+00:00,0.257,0.2579,0.2549,0.2567,2324685.2
2026-05-09 04:00:00+00:00,0.2567,0.258,0.2552,0.2556,947611.2
2026-05-09 05:00:00+00:00,0.2556,0.2561,0.2548,0.2554,639254.3
2026-05-09 06:00:00+00:00,0.2554,0.2559,0.2514,0.2516,2132003.3
2026-05-09 07:00:00+00:00,0.2516,0.2519,0.25,0.2512,2562135.8
2026-05-09 08:00:00+00:00,0.2512,0.2521,0.2502,0.2503,1912924.1
2026-05-09 09:00:00+00:00,0.2503,0.2505,0.2483,0.2492,1560331.0
2026-05-09 10:00:00+00:00,0.2492,0.2503,0.2487,0.25,1357940.2
2026-05-09 11:00:00+00:00,0.25,0.2505,0.249,0.2494,1444167.6
2026-05-09 12:00:00+00:00,0.2494,0.2497,0.2483,0.2491,1419283.2
2026-05-09 13:00:00+00:00,0.2491,0.2494,0.2472,0.2482,3935933.2
2026-05-09 14:00:00+00:00,0.2482,0.2482,0.2466,0.2469,962461.4
2026-05-09 15:00:00+00:00,0.2469,0.2501,0.246,0.2497,3020848.1
2026-05-09 16:00:00+00:00,0.2497,0.2516,0.2487,0.2499,2458084.5
2026-05-09 17:00:00+00:00,0.2499,0.2539,0.2499,0.2523,3291655.1
2026-05-09 18:00:00+00:00,0.2523,0.2542,0.252,0.2525,1875233.7
2026-05-09 19:00:00+00:00,0.2525,0.2526,0.2513,0.2522,868458.7
2026-05-09 20:00:00+00:00,0.2522,0.2526,0.2507,0.2509,857175.8
2026-05-09 21:00:00+00:00,0.2509,0.2517,0.2508,0.2512,661480.4
2026-05-09 22:00:00+00:00,0.2512,0.2516,0.25,0.2513,975914.2
2026-05-09 23:00:00+00:00,0.2513,0.2517,0.2494,0.25,1518324.1
2026-05-10 00:00:00+00:00,0.25,0.25,0.2481,0.2493,1940202.2
2026-05-10 01:00:00+00:00,0.2493,0.2493,0.2475,0.2484,1117343.1
2026-05-10 02:00:00+00:00,0.2484,0.2512,0.2477,0.2506,1707519.4
2026-05-10 03:00:00+00:00,0.2506,0.2514,0.2497,0.2501,997812.4
2026-05-10 04:00:00+00:00,0.2501,0.2517,0.2499,0.2504,677503.7
2026-05-10 05:00:00+00:00,0.2504,0.2533,0.2495,0.2519,1291558.7
2026-05-10 06:00:00+00:00,0.2519,0.2532,0.2514,0.2528,1426564.7
2026-05-10 07:00:00+00:00,0.2528,0.2546,0.252,0.2529,1341318.3
2026-05-10 08:00:00+00:00,0.2529,0.2557,0.2525,0.2552,1517222.7
2026-05-10 09:00:00+00:00,0.2552,0.2559,0.254,0.2543,916621.9
2026-05-10 10:00:00+00:00,0.2543,0.2548,0.253,0.2542,849884.4
2026-05-10 11:00:00+00:00,0.2542,0.2544,0.2526,0.2535,992236.9
2026-05-10 12:00:00+00:00,0.2535,0.254,0.2519,0.2537,669932.7
2026-05-10 13:00:00+00:00,0.2537,0.2554,0.2533,0.2549,837218.6
2026-05-10 14:00:00+00:00,0.2549,0.2557,0.2529,0.2537,1363333.4
2026-05-10 15:00:00+00:00,0.2537,0.2577,0.2536,0.2571,1957193.0
2026-05-10 16:00:00+00:00,0.2571,0.2616,0.2568,0.2603,4301953.2
2026-05-10 17:00:00+00:00,0.2603,0.2636,0.2587,0.2635,3154731.0
2026-05-10 18:00:00+00:00,0.2635,0.2647,0.2619,0.2638,2144620.4
2026-05-10 19:00:00+00:00,0.2638,0.2658,0.2612,0.2638,1692529.2
2026-05-10 20:00:00+00:00,0.2638,0.2655,0.254,0.2561,5530257.5
2026-05-10 21:00:00+00:00,0.2561,0.2587,0.2542,0.2565,2904086.4
2026-05-10 22:00:00+00:00,0.2565,0.2629,0.256,0.2622,3875296.4
2026-05-10 23:00:00+00:00,0.2622,0.2628,0.2599,0.2605,890081.1
2026-05-11 00:00:00+00:00,0.2605,0.2616,0.2562,0.257,2124809.2
2026-05-11 01:00:00+00:00,0.257,0.2591,0.2555,0.2581,881113.4
2026-05-11 02:00:00+00:00,0.2581,0.2582,0.2554,0.2561,1323473.3
2026-05-11 03:00:00+00:00,0.2561,0.2563,0.253,0.2554,2466368.0
2026-05-11 04:00:00+00:00,0.2554,0.2567,0.2537,0.2558,600883.3
2026-05-11 05:00:00+00:00,0.2558,0.26,0.2558,0.2585,1422439.3
2026-05-11 06:00:00+00:00,0.2585,0.2618,0.2585,0.2589,2065889.9
2026-05-11 07:00:00+00:00,0.2589,0.2591,0.257,0.2586,1452740.6
2026-05-11 08:00:00+00:00,0.2586,0.2599,0.2566,0.2589,2204453.0
2026-05-11 09:00:00+00:00,0.2589,0.2613,0.2583,0.2608,2922948.9
2026-05-11 10:00:00+00:00,0.2608,0.2716,0.2607,0.2693,16870717.9
2026-05-11 11:00:00+00:00,0.2693,0.2715,0.2647,0.268,13254476.6
2026-05-11 12:00:00+00:00,0.268,0.2692,0.2628,0.263,4300099.6
2026-05-11 13:00:00+00:00,0.263,0.2663,0.2612,0.2648,4189715.6
2026-05-11 14:00:00+00:00,0.2648,0.2676,0.2618,0.2663,3976629.5
2026-05-11 15:00:00+00:00,0.2663,0.2758,0.2649,0.2755,8068734.1
2026-05-11 16:00:00+00:00,0.2755,0.2819,0.2676,0.268,14500057.0
2026-05-11 17:00:00+00:00,0.268,0.2728,0.2661,0.2713,5143662.5
2026-05-11 18:00:00+00:00,0.2713,0.2746,0.2697,0.2744,2975208.1
2026-05-11 19:00:00+00:00,0.2744,0.2847,0.2744,0.2845,11585167.6
2026-05-11 20:00:00+00:00,0.2845,0.289,0.2816,0.288,9476731.6
2026-05-11 21:00:00+00:00,0.288,0.293,0.2855,0.2871,8263853.9
2026-05-11 22:00:00+00:00,0.2871,0.2898,0.2827,0.283,4972450.1
2026-05-11 23:00:00+00:00,0.283,0.2857,0.2811,0.2812,2986251.3
2026-05-12 00:00:00+00:00,0.2812,0.2812,0.2778,0.2792,4857221.2
2026-05-12 01:00:00+00:00,0.2792,0.2823,0.277,0.2806,5184371.5
2026-05-12 02:00:00+00:00,0.2806,0.2845,0.2785,0.2811,6280251.3
2026-05-12 03:00:00+00:00,0.2811,0.2847,0.2795,0.2808,4784369.2
2026-05-12 04:00:00+00:00,0.2808,0.2864,0.2798,0.2837,5440806.7
2026-05-12 05:00:00+00:00,0.2837,0.288,0.2832,0.2837,4221597.5
2026-05-12 06:00:00+00:00,0.2837,0.2857,0.2794,0.281,4163028.5
2026-05-12 07:00:00+00:00,0.281,0.2888,0.2789,0.2856,4772397.5
2026-05-12 08:00:00+00:00,0.2856,0.2884,0.2827,0.2851,3894298.3
2026-05-12 09:00:00+00:00,0.2851,0.2861,0.2816,0.2826,2627910.5
2026-05-12 10:00:00+00:00,0.2826,0.2844,0.2795,0.2818,4520553.0
2026-05-12 11:00:00+00:00,0.2818,0.2869,0.2793,0.2866,3895743.8
2026-05-12 12:00:00+00:00,0.2866,0.2904,0.2819,0.2857,10999332.5
2026-05-12 13:00:00+00:00,0.2857,0.2887,0.2815,0.2834,6956552.5
2026-05-12 14:00:00+00:00,0.2834,0.2908,0.2783,0.2801,14058410.9
2026-05-12 15:00:00+00:00,0.2801,0.2803,0.2716,0.276,15383086.7
2026-05-12 16:00:00+00:00,0.276,0.2779,0.2698,0.271,7682384.3
2026-05-12 17:00:00+00:00,0.271,0.2762,0.271,0.2755,2990133.4
2026-05-12 18:00:00+00:00,0.2755,0.2786,0.2752,0.2768,2614806.8
2026-05-12 19:00:00+00:00,0.2768,0.2806,0.2767,0.2796,3097637.2
2026-05-12 20:00:00+00:00,0.2796,0.2813,0.2773,0.28,3161406.2
2026-05-12 21:00:00+00:00,0.28,0.2833,0.2777,0.2787,3160232.0
2026-05-12 22:00:00+00:00,0.2787,0.2801,0.2761,0.2772,2024345.8
2026-05-12 23:00:00+00:00,0.2772,0.2788,0.2758,0.276,2674336.0
2026-05-13 00:00:00+00:00,0.276,0.2827,0.2753,0.2798,3479155.8
2026-05-13 01:00:00+00:00,0.2798,0.2888,0.2797,0.2851,7068029.6
2026-05-13 02:00:00+00:00,0.2851,0.2887,0.284,0.2856,4868406.1
2026-05-13 03:00:00+00:00,0.2856,0.2872,0.2833,0.2855,2525853.3
2026-05-13 04:00:00+00:00,0.2855,0.2861,0.2824,0.2827,2319810.1
2026-05-13 05:00:00+00:00,0.2827,0.2831,0.2796,0.2816,1717745.7
2026-05-13 06:00:00+00:00,0.2816,0.2834,0.2803,0.2808,1626915.5
2026-05-13 07:00:00+00:00,0.2808,0.2817,0.2794,0.2814,2128058.7
2026-05-13 08:00:00+00:00,0.2814,0.2834,0.2792,0.2826,2060723.2
2026-05-13 09:00:00+00:00,0.2826,0.2887,0.2822,0.2875,4436102.8
2026-05-13 10:00:00+00:00,0.2875,0.2878,0.2819,0.2824,2749271.2
2026-05-13 11:00:00+00:00,0.2824,0.2838,0.2764,0.2778,4636812.9
2026-05-13 12:00:00+00:00,0.2778,0.2783,0.2712,0.2719,5634126.7
2026-05-13 13:00:00+00:00,0.2719,0.2737,0.2672,0.2686,3723813.2
2026-05-13 14:00:00+00:00,0.2686,0.2756,0.2666,0.2723,4753202.0
2026-05-13 15:00:00+00:00,0.2723,0.273,0.2653,0.2661,4522599.2
2026-05-13 16:00:00+00:00,0.2661,0.27,0.2659,0.2674,2534299.2
2026-05-13 17:00:00+00:00,0.2674,0.2704,0.2671,0.2701,1134738.4
2026-05-13 18:00:00+00:00,0.2701,0.2744,0.27,0.2711,3241141.9
2026-05-13 19:00:00+00:00,0.2711,0.2718,0.2691,0.2697,939724.9
2026-05-13 20:00:00+00:00,0.2697,0.2705,0.2665,0.2671,2807402.5
2026-05-13 21:00:00+00:00,0.2671,0.2671,0.2633,0.2637,1880718.4
2026-05-13 22:00:00+00:00,0.2637,0.2656,0.2621,0.2651,1643575.5
2026-05-13 23:00:00+00:00,0.2651,0.2671,0.2649,0.2661,610306.4
2026-05-14 00:00:00+00:00,0.2661,0.268,0.2649,0.2677,1011609.2
2026-05-14 01:00:00+00:00,0.2677,0.2699,0.2667,0.2696,1826809.8
2026-05-14 02:00:00+00:00,0.2696,0.2705,0.265,0.2656,2084242.4
2026-05-14 03:00:00+00:00,0.2656,0.2667,0.2627,0.2632,2142006.4
2026-05-14 04:00:00+00:00,0.2632,0.2671,0.2626,0.267,588542.4
2026-05-14 05:00:00+00:00,0.267,0.2693,0.2657,0.2683,1379036.8
2026-05-14 06:00:00+00:00,0.2683,0.269,0.2671,0.2674,820722.3
2026-05-14 07:00:00+00:00,0.2674,0.2677,0.2652,0.2652,651777.0
2026-05-14 08:00:00+00:00,0.2652,0.2679,0.2646,0.2671,849527.9
2026-05-14 09:00:00+00:00,0.2671,0.2676,0.2646,0.265,589048.1
2026-05-14 10:00:00+00:00,0.265,0.2665,0.2642,0.2658,821329.2
2026-05-14 11:00:00+00:00,0.2658,0.2659,0.2631,0.2634,1607747.8
2026-05-14 12:00:00+00:00,0.2634,0.2678,0.2632,0.2677,2548847.1
2026-05-14 13:00:00+00:00,0.2677,0.2687,0.2656,0.2661,1592970.4
2026-05-14 14:00:00+00:00,0.2661,0.2733,0.2646,0.2731,3266279.8
2026-05-14 15:00:00+00:00,0.2731,0.2777,0.2729,0.2772,3837663.4
2026-05-14 16:00:00+00:00,0.2772,0.279,0.2748,0.278,4414088.1
2026-05-14 17:00:00+00:00,0.278,0.2787,0.2744,0.2751,3112752.6
2026-05-14 18:00:00+00:00,0.2751,0.2805,0.2737,0.2796,2701343.8
2026-05-14 19:00:00+00:00,0.2796,0.2806,0.2766,0.2788,1195958.9
2026-05-14 20:00:00+00:00,0.2788,0.2802,0.2771,0.2794,1333031.9
2026-05-14 21:00:00+00:00,0.2794,0.2812,0.2755,0.2808,1275326.1
2026-05-14 22:00:00+00:00,0.2808,0.283,0.2794,0.2795,1598954.7
2026-05-14 23:00:00+00:00,0.2795,0.2801,0.2755,0.2765,1573228.8
2026-05-15 00:00:00+00:00,0.2765,0.2782,0.2743,0.2757,1269291.5
2026-05-15 01:00:00+00:00,0.2757,0.2765,0.2723,0.2725,1608983.9
2026-05-15 02:00:00+00:00,0.2725,0.2739,0.2703,0.2722,2149075.7
2026-05-15 03:00:00+00:00,0.2722,0.2725,0.2698,0.2713,1196746.1
2026-05-15 04:00:00+00:00,0.2713,0.2717,0.2674,0.2676,1609489.0
2026-05-15 05:00:00+00:00,0.2676,0.2685,0.261,0.2614,3149054.2
2026-05-15 06:00:00+00:00,0.2614,0.2661,0.2609,0.2655,5828199.3
2026-05-15 07:00:00+00:00,0.2655,0.2677,0.2641,0.2645,2351541.9
2026-05-15 08:00:00+00:00,0.2645,0.2647,0.2601,0.263,3031838.9
2026-05-15 09:00:00+00:00,0.263,0.2633,0.2586,0.2599,1676069.3
2026-05-15 10:00:00+00:00,0.2599,0.2639,0.2592,0.2625,1974600.0
2026-05-15 11:00:00+00:00,0.2625,0.2631,0.2605,0.2608,589481.3
2026-05-15 12:00:00+00:00,0.2608,0.2619,0.2591,0.2599,1161401.5
2026-05-15 13:00:00+00:00,0.2599,0.26,0.2491,0.2501,6942723.8
2026-05-15 14:00:00+00:00,0.2501,0.2535,0.2489,0.2505,3195971.1
2026-05-15 15:00:00+00:00,0.2505,0.2524,0.2497,0.2521,2399696.4
2026-05-15 16:00:00+00:00,0.2521,0.2553,0.251,0.2546,2366623.3
2026-05-15 17:00:00+00:00,0.2546,0.2561,0.2538,0.2558,1293078.1
2026-05-15 18:00:00+00:00,0.2558,0.2571,0.2546,0.2564,843651.6
2026-05-15 19:00:00+00:00,0.2564,0.2565,0.2546,0.2552,737129.1
2026-05-15 20:00:00+00:00,0.2552,0.2558,0.2532,0.2541,1108124.1
2026-05-15 21:00:00+00:00,0.2541,0.2569,0.2539,0.2559,879898.3
2026-05-15 22:00:00+00:00,0.2559,0.2561,0.2549,0.2551,320873.9
2026-05-15 23:00:00+00:00,0.2551,0.2554,0.254,0.2549,715797.2
2026-05-16 00:00:00+00:00,0.2549,0.2552,0.2532,0.2538,969057.7
2026-05-16 01:00:00+00:00,0.2538,0.2541,0.2515,0.2526,1246029.9
2026-05-16 02:00:00+00:00,0.2526,0.2548,0.2521,0.2546,975063.9
2026-05-16 03:00:00+00:00,0.2546,0.2548,0.2533,0.2535,359922.8
2026-05-16 04:00:00+00:00,0.2535,0.2536,0.2502,0.2514,815182.1
2026-05-16 05:00:00+00:00,0.2514,0.2514,0.2497,0.2501,1296567.4
2026-05-16 06:00:00+00:00,0.2501,0.2503,0.2442,0.2456,5629475.1
2026-05-16 07:00:00+00:00,0.2456,0.2456,0.2406,0.2434,4251227.2
2026-05-16 08:00:00+00:00,0.2434,0.2449,0.2433,0.2439,1190206.5
2026-05-16 09:00:00+00:00,0.2439,0.2443,0.2415,0.2417,2606200.6
2026-05-16 10:00:00+00:00,0.2417,0.2421,0.2376,0.2398,3676359.8
2026-05-16 11:00:00+00:00,0.2398,0.2417,0.2398,0.2407,738404.5
2026-05-16 12:00:00+00:00,0.2407,0.2417,0.2403,0.2413,579376.9
2026-05-16 13:00:00+00:00,0.2413,0.2416,0.2403,0.2405,898105.7
2026-05-16 14:00:00+00:00,0.2405,0.2422,0.2394,0.2404,589052.2
2026-05-16 15:00:00+00:00,0.2404,0.2421,0.2404,0.2413,522253.5
2026-05-16 16:00:00+00:00,0.2413,0.2427,0.2407,0.2413,1058676.5
2026-05-16 17:00:00+00:00,0.2413,0.2418,0.2408,0.2413,458794.7
2026-05-16 18:00:00+00:00,0.2413,0.2418,0.2405,0.2413,1575330.1
2026-05-16 19:00:00+00:00,0.2413,0.2422,0.2407,0.2421,738549.5
2026-05-16 20:00:00+00:00,0.2421,0.2434,0.2415,0.242,900108.2
2026-05-16 21:00:00+00:00,0.242,0.2439,0.2419,0.2429,986864.7
2026-05-16 22:00:00+00:00,0.2429,0.2432,0.2411,0.2413,720692.2
2026-05-16 23:00:00+00:00,0.2413,0.2421,0.2403,0.2404,1582456.3
2026-05-17 00:00:00+00:00,0.2404,0.2414,0.2389,0.2393,1738015.0
2026-05-17 01:00:00+00:00,0.2393,0.2401,0.2366,0.2373,1720144.9
2026-05-17 02:00:00+00:00,0.2373,0.2391,0.2371,0.238,769133.6
2026-05-17 03:00:00+00:00,0.238,0.2393,0.2374,0.2389,575717.8
2026-05-17 04:00:00+00:00,0.2389,0.2403,0.2386,0.2397,638822.4
2026-05-17 05:00:00+00:00,0.2397,0.2413,0.2393,0.2394,567624.0
2026-05-17 06:00:00+00:00,0.2394,0.2397,0.2376,0.2388,523866.4
2026-05-17 07:00:00+00:00,0.2388,0.24,0.2384,0.2395,650356.4
2026-05-17 08:00:00+00:00,0.2395,0.2396,0.2378,0.2383,730646.7
2026-05-17 09:00:00+00:00,0.2383,0.2395,0.2382,0.2392,768931.2
2026-05-17 10:00:00+00:00,0.2392,0.241,0.2391,0.24,858641.5
2026-05-17 11:00:00+00:00,0.24,0.24,0.2381,0.239,357084.0
2026-05-17 12:00:00+00:00,0.239,0.2402,0.2388,0.2389,719178.3
2026-05-17 13:00:00+00:00,0.2389,0.239,0.2373,0.2378,467034.6
2026-05-17 14:00:00+00:00,0.2378,0.2378,0.2349,0.2371,2536458.9
2026-05-17 15:00:00+00:00,0.2371,0.2377,0.2366,0.2374,626976.1
2026-05-17 16:00:00+00:00,0.2374,0.2382,0.2346,0.2349,1437969.4
2026-05-17 17:00:00+00:00,0.2349,0.2351,0.2322,0.2336,4078821.4
2026-05-17 18:00:00+00:00,0.2336,0.235,0.2318,0.2348,2227704.1
2026-05-17 19:00:00+00:00,0.2348,0.2367,0.2347,0.2358,1422763.9
2026-05-17 20:00:00+00:00,0.2358,0.2362,0.2343,0.2356,3126622.1
2026-05-17 21:00:00+00:00,0.2356,0.2385,0.2351,0.2371,968589.8
2026-05-17 22:00:00+00:00,0.2371,0.2374,0.2334,0.234,3162290.6
2026-05-17 23:00:00+00:00,0.234,0.234,0.2231,0.23,13608896.3
2026-05-18 00:00:00+00:00,0.23,0.2308,0.2275,0.2304,2993512.5
2026-05-18 01:00:00+00:00,0.2304,0.2315,0.2292,0.2313,923242.6
2026-05-18 02:00:00+00:00,0.2313,0.2332,0.2311,0.2321,544112.4
2026-05-18 03:00:00+00:00,0.2321,0.2331,0.2317,0.2317,465817.9
2026-05-18 04:00:00+00:00,0.2317,0.2325,0.23,0.2323,835369.8
2026-05-18 05:00:00+00:00,0.2323,0.2324,0.2307,0.2309,462503.3
2026-05-18 06:00:00+00:00,0.2309,0.2317,0.2292,0.231,1402139.3
2026-05-18 07:00:00+00:00,0.231,0.2322,0.2303,0.2318,1017415.1
2026-05-18 08:00:00+00:00,0.2318,0.2327,0.231,0.2322,803976.5
2026-05-18 09:00:00+00:00,0.2322,0.2324,0.2313,0.2317,367339.9
2026-05-18 10:00:00+00:00,0.2317,0.2321,0.2305,0.2314,638719.4
2026-05-18 11:00:00+00:00,0.2314,0.2349,0.231,0.2326,1637938.2
2026-05-18 12:00:00+00:00,0.2326,0.2356,0.2321,0.2351,878741.7
2026-05-18 13:00:00+00:00,0.2351,0.2351,0.2317,0.2329,1488812.7
2026-05-18 14:00:00+00:00,0.2329,0.233,0.2296,0.2307,3697048.2
2026-05-18 15:00:00+00:00,0.2307,0.2324,0.2288,0.2317,2138350.5
2026-05-18 16:00:00+00:00,0.2317,0.2326,0.2307,0.2316,735400.6
2026-05-18 17:00:00+00:00,0.2316,0.2327,0.231,0.232,599343.7
2026-05-18 18:00:00+00:00,0.232,0.232,0.229,0.2294,587844.9
2026-05-18 19:00:00+00:00,0.2294,0.236,0.2293,0.2351,2272483.2
2026-05-18 20:00:00+00:00,0.2351,0.2377,0.2349,0.2357,1111002.5
2026-05-18 21:00:00+00:00,0.2357,0.2388,0.2351,0.2385,764715.6
2026-05-18 22:00:00+00:00,0.2385,0.2398,0.2372,0.2381,896599.5
2026-05-18 23:00:00+00:00,0.2381,0.239,0.2368,0.2376,478559.5
2026-05-19 00:00:00+00:00,0.2376,0.2383,0.2365,0.2372,832685.6
2026-05-19 01:00:00+00:00,0.2372,0.2375,0.2356,0.2356,361067.4
2026-05-19 02:00:00+00:00,0.2356,0.2366,0.2343,0.2347,516800.6
2026-05-19 03:00:00+00:00,0.2347,0.2367,0.2341,0.2357,416195.8
2026-05-19 04:00:00+00:00,0.2357,0.2374,0.2351,0.237,524035.4
2026-05-19 05:00:00+00:00,0.237,0.2371,0.234,0.2358,787321.9
2026-05-19 06:00:00+00:00,0.2358,0.2378,0.2356,0.237,616160.6
2026-05-19 07:00:00+00:00,0.237,0.2385,0.2365,0.2375,592884.7
2026-05-19 08:00:00+00:00,0.2375,0.2375,0.2355,0.2357,898012.1
2026-05-19 09:00:00+00:00,0.2357,0.2361,0.2339,0.2353,1013362.4
2026-05-19 10:00:00+00:00,0.2353,0.2358,0.2339,0.2351,759506.8
2026-05-19 11:00:00+00:00,0.2351,0.2358,0.233,0.2334,2077070.8
2026-05-19 12:00:00+00:00,0.2334,0.2344,0.2329,0.2344,788913.8
2026-05-19 13:00:00+00:00,0.2344,0.2367,0.2331,0.2355,1790965.5
2026-05-19 14:00:00+00:00,0.2355,0.2359,0.2302,0.2317,3864219.1
2026-05-19 15:00:00+00:00,0.2317,0.2328,0.2307,0.2313,1826251.1
2026-05-19 16:00:00+00:00,0.2313,0.2338,0.2308,0.2337,591513.1
2026-05-19 17:00:00+00:00,0.2337,0.2339,0.232,0.233,833397.3
2026-05-19 18:00:00+00:00,0.233,0.2337,0.2316,0.2317,440129.3
2026-05-19 19:00:00+00:00,0.2317,0.2345,0.2317,0.2328,1448609.0
2026-05-19 20:00:00+00:00,0.2328,0.2342,0.2327,0.2335,563574.8
2026-05-19 21:00:00+00:00,0.2335,0.234,0.2325,0.2325,593835.0
2026-05-19 22:00:00+00:00,0.2325,0.2328,0.2297,0.2303,1088414.9
2026-05-19 23:00:00+00:00,0.2303,0.2319,0.23,0.231,271902.7
2026-05-20 00:00:00+00:00,0.231,0.2324,0.2302,0.2321,773336.4
2026-05-20 01:00:00+00:00,0.2321,0.2341,0.2312,0.2337,370949.1
2026-05-20 02:00:00+00:00,0.2337,0.2345,0.2331,0.2333,335176.7
2026-05-20 03:00:00+00:00,0.2333,0.235,0.2327,0.2343,302434.6
2026-05-20 04:00:00+00:00,0.2343,0.2353,0.2339,0.2353,262037.5
2026-05-20 05:00:00+00:00,0.2353,0.2371,0.2349,0.2368,590506.9
2026-05-20 06:00:00+00:00,0.2368,0.2379,0.2363,0.2375,385782.3
2026-05-20 07:00:00+00:00,0.2375,0.2379,0.2364,0.2365,374671.2
2026-05-20 08:00:00+00:00,0.2365,0.2378,0.2363,0.2367,407782.8
2026-05-20 09:00:00+00:00,0.2367,0.2374,0.2365,0.2366,498092.5
2026-05-20 10:00:00+00:00,0.2366,0.2376,0.2363,0.2368,313703.6
2026-05-20 11:00:00+00:00,0.2368,0.2372,0.2351,0.2355,446181.9
2026-05-20 12:00:00+00:00,0.2355,0.2371,0.2351,0.2365,648213.9
2026-05-20 13:00:00+00:00,0.2365,0.2366,0.2328,0.2342,1148579.3
2026-05-20 14:00:00+00:00,0.2342,0.2379,0.2334,0.2375,1797235.1
2026-05-20 15:00:00+00:00,0.2375,0.2388,0.2361,0.2383,1290064.6
2026-05-20 16:00:00+00:00,0.2383,0.2389,0.2365,0.2385,679543.7
2026-05-20 17:00:00+00:00,0.2385,0.241,0.2383,0.2391,3045533.9
2026-05-20 18:00:00+00:00,0.2391,0.2393,0.2378,0.2384,545888.4
2026-05-20 19:00:00+00:00,0.2384,0.2392,0.2377,0.2382,408005.5
2026-05-20 20:00:00+00:00,0.2382,0.2387,0.2367,0.2383,781928.0
2026-05-20 21:00:00+00:00,0.2383,0.239,0.2367,0.2369,850324.9
2026-05-20 22:00:00+00:00,0.2369,0.2369,0.2347,0.2364,911670.7
2026-05-20 23:00:00+00:00,0.2364,0.2366,0.2352,0.2365,513056.5
2026-05-21 00:00:00+00:00,0.2365,0.2372,0.235,0.2371,1409840.6
2026-05-21 01:00:00+00:00,0.2371,0.2377,0.2359,0.2364,945874.8
2026-05-21 02:00:00+00:00,0.2364,0.2379,0.2361,0.2363,364575.7
2026-05-21 03:00:00+00:00,0.2363,0.2375,0.2361,0.2367,287769.9
2026-05-21 04:00:00+00:00,0.2367,0.238,0.2358,0.2377,837204.9
2026-05-21 05:00:00+00:00,0.2377,0.2379,0.2352,0.2361,552371.2
2026-05-21 06:00:00+00:00,0.2361,0.2367,0.2352,0.2356,684819.9
2026-05-21 07:00:00+00:00,0.2356,0.2361,0.2337,0.2358,919443.8
2026-05-21 08:00:00+00:00,0.2358,0.2376,0.2356,0.2362,671655.5
2026-05-21 09:00:00+00:00,0.2362,0.2364,0.2336,0.2339,593550.4
2026-05-21 10:00:00+00:00,0.2339,0.2342,0.2302,0.2309,5975012.2
2026-05-21 11:00:00+00:00,0.2309,0.2324,0.2304,0.2308,1083457.4
2026-05-21 12:00:00+00:00,0.2308,0.2323,0.2304,0.2314,969949.5
2026-05-21 13:00:00+00:00,0.2314,0.233,0.2304,0.2321,2249036.3
2026-05-21 14:00:00+00:00,0.2321,0.2326,0.2303,0.2319,2611799.8
2026-05-21 15:00:00+00:00,0.2319,0.2354,0.2314,0.2343,2827914.4
2026-05-21 16:00:00+00:00,0.2343,0.2352,0.2334,0.2344,1061792.3
2026-05-21 17:00:00+00:00,0.2344,0.2414,0.2338,0.24,3008516.6
2026-05-21 18:00:00+00:00,0.24,0.2412,0.2369,0.2382,1389230.7
2026-05-21 19:00:00+00:00,0.2382,0.2439,0.2381,0.2423,2181907.2
2026-05-21 20:00:00+00:00,0.2423,0.2439,0.2418,0.2423,931434.9
2026-05-21 21:00:00+00:00,0.2423,0.2442,0.2413,0.2414,948888.4
2026-05-21 22:00:00+00:00,0.2414,0.2417,0.2385,0.2386,832772.3
2026-05-21 23:00:00+00:00,0.2386,0.2395,0.2375,0.2392,448591.3
2026-05-22 00:00:00+00:00,0.2392,0.2394,0.2373,0.2377,671441.3
2026-05-22 01:00:00+00:00,0.2377,0.2394,0.2375,0.239,1077213.7
2026-05-22 02:00:00+00:00,0.239,0.241,0.239,0.2404,579774.8
2026-05-22 03:00:00+00:00,0.2404,0.2417,0.2402,0.2406,581225.1
2026-05-22 04:00:00+00:00,0.2406,0.2415,0.2394,0.2401,531927.0
2026-05-22 05:00:00+00:00,0.2401,0.2417,0.2397,0.2401,550717.4
2026-05-22 06:00:00+00:00,0.2401,0.2403,0.2385,0.2392,424565.0
2026-05-22 07:00:00+00:00,0.2392,0.2424,0.2385,0.2412,1901885.4
2026-05-22 08:00:00+00:00,0.2412,0.2441,0.2409,0.2434,1318990.9
2026-05-22 09:00:00+00:00,0.2434,0.2449,0.2424,0.2432,1153809.3
2026-05-22 10:00:00+00:00,0.2432,0.244,0.2422,0.2428,793185.6
2026-05-22 11:00:00+00:00,0.2428,0.246,0.2426,0.2456,1585274.9
2026-05-22 12:00:00+00:00,0.2456,0.2464,0.2443,0.2463,719551.2
2026-05-22 13:00:00+00:00,0.2463,0.2463,0.2428,0.2441,1468581.8
2026-05-22 14:00:00+00:00,0.2441,0.2441,0.2392,0.2407,3061480.4
2026-05-22 15:00:00+00:00,0.2407,0.242,0.239,0.2409,1439880.7
2026-05-22 16:00:00+00:00,0.2409,0.242,0.2399,0.2416,594477.3
2026-05-22 17:00:00+00:00,0.2416,0.2426,0.2398,0.2401,1133661.7
2026-05-22 18:00:00+00:00,0.2401,0.2403,0.2312,0.235,7215342.4
2026-05-22 19:00:00+00:00,0.235,0.2355,0.2295,0.2313,6487322.2
2026-05-22 20:00:00+00:00,0.2313,0.2335,0.2307,0.233,2221547.4
2026-05-22 21:00:00+00:00,0.233,0.235,0.233,0.2342,1215169.6
2026-05-22 22:00:00+00:00,0.2342,0.2345,0.2314,0.2321,2239851.4
2026-05-22 23:00:00+00:00,0.2321,0.2328,0.2263,0.228,3572614.1
2026-05-23 00:00:00+00:00,0.228,0.229,0.2264,0.2287,1268425.2
2026-05-23 01:00:00+00:00,0.2287,0.2295,0.2277,0.2288,463747.9
2026-05-23 02:00:00+00:00,0.2288,0.2293,0.2286,0.2292,412394.9
2026-05-23 03:00:00+00:00,0.2292,0.2296,0.2289,0.2289,250009.2
2026-05-23 04:00:00+00:00,0.2289,0.2289,0.2275,0.2283,340060.8
2026-05-23 05:00:00+00:00,0.2283,0.2283,0.2271,0.2279,201023.2
2026-05-23 06:00:00+00:00,0.2279,0.2282,0.227,0.2273,620852.6
2026-05-23 07:00:00+00:00,0.2273,0.2277,0.2203,0.2226,5524499.9
2026-05-23 08:00:00+00:00,0.2226,0.2239,0.2215,0.2238,1619312.0
2026-05-23 09:00:00+00:00,0.2238,0.2244,0.2235,0.2237,491911.6
2026-05-23 10:00:00+00:00,0.2237,0.2245,0.2234,0.2238,260403.6
2026-05-23 11:00:00+00:00,0.2238,0.2246,0.2231,0.2231,358126.9
2026-05-23 12:00:00+00:00,0.2231,0.2246,0.2225,0.2242,514068.3
2026-05-23 13:00:00+00:00,0.2242,0.227,0.2242,0.2264,563951.4
2026-05-23 14:00:00+00:00,0.2264,0.2279,0.2255,0.2275,649846.8
2026-05-23 15:00:00+00:00,0.2275,0.229,0.2265,0.227,1254209.3
2026-05-23 16:00:00+00:00,0.227,0.2302,0.2269,0.2299,689461.4
2026-05-23 17:00:00+00:00,0.2299,0.231,0.2293,0.2299,641765.2
2026-05-23 18:00:00+00:00,0.2299,0.2348,0.2298,0.2335,2866323.2
2026-05-23 19:00:00+00:00,0.2335,0.2341,0.2324,0.2333,1738055.6
2026-05-23 20:00:00+00:00,0.2333,0.2393,0.2322,0.2392,2190761.1
2026-05-23 21:00:00+00:00,0.2392,0.2398,0.2351,0.2358,993827.4
2026-05-23 22:00:00+00:00,0.2358,0.2365,0.2334,0.2343,1180125.4
2026-05-23 23:00:00+00:00,0.2343,0.2348,0.2336,0.234,468824.4
2026-05-24 00:00:00+00:00,0.234,0.2347,0.2333,0.2342,723917.3
2026-05-24 01:00:00+00:00,0.2342,0.2348,0.2341,0.2343,450680.2
2026-05-24 02:00:00+00:00,0.2343,0.2345,0.2317,0.2329,817370.4
2026-05-24 03:00:00+00:00,0.2329,0.2332,0.2312,0.2316,385394.6
2026-05-24 04:00:00+00:00,0.2316,0.2324,0.2315,0.2318,714086.0
2026-05-24 05:00:00+00:00,0.2318,0.2319,0.2302,0.231,488306.5
2026-05-24 06:00:00+00:00,0.231,0.2325,0.2303,0.2322,262024.9
2026-05-24 07:00:00+00:00,0.2322,0.2326,0.2313,0.2318,463058.9
2026-05-24 08:00:00+00:00,0.2318,0.2325,0.2312,0.2322,482864.8
2026-05-24 09:00:00+00:00,0.2322,0.2326,0.2319,0.232,510712.4
2026-05-24 10:00:00+00:00,0.232,0.2323,0.23,0.2303,663406.2
2026-05-24 11:00:00+00:00,0.2303,0.2309,0.2301,0.2303,396360.8
2026-05-24 12:00:00+00:00,0.2303,0.2306,0.2282,0.2288,885399.9
2026-05-24 13:00:00+00:00,0.2288,0.2292,0.2263,0.2272,950296.4
2026-05-24 14:00:00+00:00,0.2272,0.2273,0.2235,0.2257,1909369.5
2026-05-24 15:00:00+00:00,0.2257,0.2269,0.2253,0.2263,434106.9
2026-05-24 16:00:00+00:00,0.2263,0.2267,0.2247,0.2258,1001131.3
2026-05-24 17:00:00+00:00,0.2258,0.2265,0.2254,0.2259,338409.2
2026-05-24 18:00:00+00:00,0.2259,0.2264,0.2249,0.2254,308021.2
2026-05-24 19:00:00+00:00,0.2254,0.2262,0.2253,0.2259,271697.5
2026-05-24 20:00:00+00:00,0.2259,0.2261,0.2251,0.2254,363025.7
2026-05-24 21:00:00+00:00,0.2254,0.2266,0.2217,0.2222,1519871.4
2026-05-24 22:00:00+00:00,0.2222,0.2263,0.2221,0.2249,1226594.8
2026-05-24 23:00:00+00:00,0.2249,0.2272,0.2249,0.2267,790222.9
2026-05-25 00:00:00+00:00,0.2267,0.2279,0.2265,0.2272,1151469.1
2026-05-25 01:00:00+00:00,0.2272,0.2279,0.2257,0.2259,513303.0
2026-05-25 02:00:00+00:00,0.2259,0.2283,0.2259,0.2262,380100.5
2026-05-25 03:00:00+00:00,0.2262,0.2265,0.2254,0.2257,274256.8
2026-05-25 04:00:00+00:00,0.2257,0.2281,0.2256,0.2274,530121.8
2026-05-25 05:00:00+00:00,0.2274,0.2288,0.2272,0.2279,290192.9
2026-05-25 06:00:00+00:00,0.2279,0.2289,0.2273,0.2287,396791.6
2026-05-25 07:00:00+00:00,0.2287,0.2296,0.2273,0.228,867849.5
2026-05-25 08:00:00+00:00,0.228,0.2283,0.2273,0.2282,244450.6
2026-05-25 09:00:00+00:00,0.2282,0.2283,0.2272,0.2275,550424.6
2026-05-25 10:00:00+00:00,0.2275,0.2284,0.2273,0.2281,398125.1
2026-05-25 11:00:00+00:00,0.2281,0.2281,0.2263,0.2264,475996.6
2026-05-25 12:00:00+00:00,0.2264,0.2277,0.2258,0.2266,1067255.5
2026-05-25 13:00:00+00:00,0.2266,0.2271,0.2258,0.2268,699765.4
2026-05-25 14:00:00+00:00,0.2268,0.2286,0.2268,0.2286,574418.3
2026-05-25 15:00:00+00:00,0.2286,0.229,0.2268,0.2273,835647.9
2026-05-25 16:00:00+00:00,0.2273,0.23,0.2268,0.2299,1138441.8
2026-05-25 17:00:00+00:00,0.2299,0.2303,0.2281,0.2287,1108973.9
2026-05-25 18:00:00+00:00,0.2287,0.2292,0.2263,0.2269,1099975.1
2026-05-25 19:00:00+00:00,0.2269,0.227,0.2255,0.227,777907.1
2026-05-25 20:00:00+00:00,0.227,0.2272,0.2241,0.2248,2482330.0
2026-05-25 21:00:00+00:00,0.2248,0.2253,0.2237,0.2247,1394148.2
2026-05-25 22:00:00+00:00,0.2247,0.2249,0.2213,0.2216,2214315.5
2026-05-25 23:00:00+00:00,0.2216,0.2241,0.2213,0.2232,1063745.2
2026-05-26 00:00:00+00:00,0.2232,0.2236,0.2194,0.2215,2501925.1
2026-05-26 01:00:00+00:00,0.2215,0.2215,0.2191,0.2201,1252698.9
2026-05-26 02:00:00+00:00,0.2201,0.2204,0.2193,0.2195,793031.5
2026-05-26 03:00:00+00:00,0.2195,0.2196,0.2176,0.2185,1889650.2
2026-05-26 04:00:00+00:00,0.2185,0.2207,0.2181,0.2199,1163176.9
2026-05-26 05:00:00+00:00,0.2199,0.2225,0.2195,0.2213,961730.0
2026-05-26 06:00:00+00:00,0.2213,0.2216,0.2197,0.221,765875.9
2026-05-26 07:00:00+00:00,0.221,0.2214,0.2188,0.2204,1537027.9
2026-05-26 08:00:00+00:00,0.2204,0.2217,0.2202,0.2208,588148.1
2026-05-26 09:00:00+00:00,0.2208,0.2216,0.2201,0.2208,827246.3
2026-05-26 10:00:00+00:00,0.2208,0.226,0.2204,0.2253,1655244.3
2026-05-26 11:00:00+00:00,0.2253,0.2255,0.2238,0.2239,984292.6
2026-05-26 12:00:00+00:00,0.2239,0.2259,0.2233,0.2253,1161398.5
2026-05-26 13:00:00+00:00,0.2253,0.2259,0.2226,0.2252,1099340.3
2026-05-26 14:00:00+00:00,0.2252,0.2279,0.223,0.2244,1653150.6
2026-05-26 15:00:00+00:00,0.2244,0.2244,0.2196,0.2215,2771930.9
2026-05-26 16:00:00+00:00,0.2215,0.2216,0.2192,0.2203,1784281.3
2026-05-26 17:00:00+00:00,0.2203,0.2212,0.2152,0.2172,6211663.7
2026-05-26 18:00:00+00:00,0.2172,0.2192,0.2167,0.2172,2428604.7
2026-05-26 19:00:00+00:00,0.2172,0.2198,0.2168,0.2188,1520565.4
2026-05-26 20:00:00+00:00,0.2188,0.2201,0.2188,0.2199,492241.6
2026-05-26 21:00:00+00:00,0.2199,0.2203,0.2182,0.2186,768100.5
2026-05-26 22:00:00+00:00,0.2186,0.2192,0.2181,0.2187,471129.9
2026-05-26 23:00:00+00:00,0.2187,0.2197,0.2186,0.2186,758949.2
2026-05-27 00:00:00+00:00,0.2186,0.2204,0.2185,0.2204,947836.5
2026-05-27 01:00:00+00:00,0.2204,0.2205,0.2186,0.2194,998436.0
2026-05-27 02:00:00+00:00,0.2194,0.2198,0.2176,0.219,1321353.4
2026-05-27 03:00:00+00:00,0.219,0.2191,0.2172,0.2177,747926.0
2026-05-27 04:00:00+00:00,0.2177,0.2185,0.2153,0.2184,1237585.5
2026-05-27 05:00:00+00:00,0.2184,0.2199,0.2178,0.2197,536538.0
2026-05-27 06:00:00+00:00,0.2197,0.2203,0.2191,0.2202,450484.7
2026-05-27 07:00:00+00:00,0.2202,0.2205,0.2193,0.2203,729454.8
2026-05-27 08:00:00+00:00,0.2203,0.2213,0.2183,0.2192,4683773.4
2026-05-27 09:00:00+00:00,0.2192,0.2192,0.2123,0.2142,14684498.3
2026-05-27 10:00:00+00:00,0.2142,0.2171,0.2131,0.2163,5747259.1
2026-05-27 11:00:00+00:00,0.2163,0.2178,0.2147,0.2153,2555923.2
2026-05-27 12:00:00+00:00,0.2153,0.22,0.2143,0.219,2666764.5
2026-05-27 13:00:00+00:00,0.219,0.2194,0.2158,0.218,4766554.4
2026-05-27 14:00:00+00:00,0.218,0.22,0.2166,0.2199,3173368.7
2026-05-27 15:00:00+00:00,0.2199,0.2231,0.2194,0.2213,3196284.0
2026-05-27 16:00:00+00:00,0.2213,0.2221,0.2188,0.2198,3217520.8
2026-05-27 17:00:00+00:00,0.2198,0.2199,0.2168,0.2176,2244678.6
2026-05-27 18:00:00+00:00,0.2176,0.2194,0.2163,0.2192,641699.1
2026-05-27 19:00:00+00:00,0.2192,0.2202,0.2184,0.2188,964116.3
2026-05-27 20:00:00+00:00,0.2188,0.2196,0.2181,0.2195,587786.0
2026-05-27 21:00:00+00:00,0.2195,0.2199,0.2125,0.2142,3085272.8
2026-05-27 22:00:00+00:00,0.2142,0.2163,0.2136,0.2147,1269313.3
2026-05-27 23:00:00+00:00,0.2147,0.2158,0.2137,0.215,1183503.9
2026-05-28 00:00:00+00:00,0.215,0.2155,0.2142,0.215,507181.5
2026-05-28 01:00:00+00:00,0.215,0.2154,0.2121,0.2143,1384290.8
2026-05-28 02:00:00+00:00,0.2143,0.2151,0.2137,0.2141,384048.2
2026-05-28 03:00:00+00:00,0.2141,0.2145,0.2097,0.2103,5198068.8
2026-05-28 04:00:00+00:00,0.2103,0.2107,0.2072,0.2107,3895106.7
2026-05-28 05:00:00+00:00,0.2107,0.211,0.2078,0.2093,1566395.4
2026-05-28 06:00:00+00:00,0.2093,0.2115,0.209,0.2106,1535493.4
2026-05-28 07:00:00+00:00,0.2106,0.2123,0.2102,0.2123,799595.7
2026-05-28 08:00:00+00:00,0.2123,0.2124,0.21,0.2101,487631.0
2026-05-28 09:00:00+00:00,0.2101,0.2117,0.2094,0.2115,471332.9
2026-05-28 10:00:00+00:00,0.2115,0.2121,0.2097,0.21,1405406.3
2026-05-28 11:00:00+00:00,0.21,0.2108,0.2099,0.2107,459852.1
2026-05-28 12:00:00+00:00,0.2107,0.212,0.2096,0.2118,570121.2
2026-05-28 13:00:00+00:00,0.2118,0.2125,0.2098,0.2102,1435270.6
2026-05-28 14:00:00+00:00,0.2102,0.2114,0.2076,0.2102,3131462.3
2026-05-28 15:00:00+00:00,0.2102,0.211,0.2086,0.21,862085.2
2026-05-28 16:00:00+00:00,0.21,0.2122,0.2088,0.2117,907939.7
2026-05-28 17:00:00+00:00,0.2117,0.214,0.2114,0.2131,1539874.0
2026-05-28 18:00:00+00:00,0.2131,0.2148,0.2129,0.2135,729222.5
2026-05-28 19:00:00+00:00,0.2135,0.2135,0.2104,0.2107,515728.2
2026-05-28 20:00:00+00:00,0.2107,0.2132,0.2103,0.2123,623806.3
2026-05-28 21:00:00+00:00,0.2123,0.2147,0.212,0.2136,1142313.9
2026-05-28 22:00:00+00:00,0.2136,0.2143,0.2111,0.2114,798052.5
2026-05-28 23:00:00+00:00,0.2114,0.2125,0.2114,0.212,870496.7
2026-05-29 00:00:00+00:00,0.212,0.2139,0.2119,0.2131,763895.4
2026-05-29 01:00:00+00:00,0.2131,0.2134,0.2117,0.2123,923807.8
2026-05-29 02:00:00+00:00,0.2123,0.2126,0.2097,0.2102,801494.6
2026-05-29 03:00:00+00:00,0.2102,0.2117,0.2099,0.21,484861.5
2026-05-29 04:00:00+00:00,0.21,0.2109,0.2089,0.2109,1513893.4
2026-05-29 05:00:00+00:00,0.2109,0.2118,0.2104,0.2118,409920.3
2026-05-29 06:00:00+00:00,0.2118,0.2131,0.2115,0.2121,646134.4
2026-05-29 07:00:00+00:00,0.2121,0.2129,0.2104,0.2111,477472.6
2026-05-29 08:00:00+00:00,0.2111,0.2122,0.2104,0.2111,557479.4
2026-05-29 09:00:00+00:00,0.2111,0.2128,0.2111,0.2123,293120.3
2026-05-29 10:00:00+00:00,0.2123,0.2123,0.2106,0.2112,722888.9
2026-05-29 11:00:00+00:00,0.2112,0.2116,0.2095,0.2106,1373959.3
2026-05-29 12:00:00+00:00,0.2106,0.2106,0.2083,0.2091,1520287.3
2026-05-29 13:00:00+00:00,0.2091,0.2099,0.208,0.2095,1204552.5
2026-05-29 14:00:00+00:00,0.2095,0.2105,0.2056,0.2096,5335430.4
2026-05-29 15:00:00+00:00,0.2096,0.2155,0.2092,0.2138,3585384.3
2026-05-29 16:00:00+00:00,0.2138,0.2157,0.213,0.215,1983614.9
2026-05-29 17:00:00+00:00,0.215,0.2158,0.214,0.2142,1040751.5
2026-05-29 18:00:00+00:00,0.2142,0.2155,0.2121,0.2128,1636896.5
2026-05-29 19:00:00+00:00,0.2128,0.2135,0.2109,0.2129,757994.1
2026-05-29 20:00:00+00:00,0.2129,0.2137,0.2122,0.2123,393305.5
2026-05-29 21:00:00+00:00,0.2123,0.2132,0.2109,0.2109,727459.9
2026-05-29 22:00:00+00:00,0.2109,0.2125,0.2106,0.2121,311162.3
2026-05-29 23:00:00+00:00,0.2121,0.2127,0.2115,0.2123,159584.3
2026-05-30 00:00:00+00:00,0.2123,0.214,0.2122,0.2138,579919.3
2026-05-30 01:00:00+00:00,0.2138,0.2153,0.2136,0.2152,697064.3
2026-05-30 02:00:00+00:00,0.2152,0.2164,0.215,0.2163,912105.4
2026-05-30 03:00:00+00:00,0.2163,0.2168,0.2146,0.2152,329723.1
2026-05-30 04:00:00+00:00,0.2152,0.2158,0.2132,0.2151,1117483.7
2026-05-30 05:00:00+00:00,0.2151,0.2164,0.2142,0.216,736589.7
2026-05-30 06:00:00+00:00,0.216,0.2167,0.2153,0.2155,504760.9
2026-05-30 07:00:00+00:00,0.2155,0.2158,0.2147,0.2152,296398.3
2026-05-30 08:00:00+00:00,0.2152,0.2157,0.2148,0.2149,407777.6
2026-05-30 09:00:00+00:00,0.2149,0.2159,0.2147,0.2155,207754.0
2026-05-30 10:00:00+00:00,0.2155,0.216,0.2154,0.2155,225459.1
2026-05-30 11:00:00+00:00,0.2155,0.2165,0.2152,0.2158,124516.9
2026-05-30 12:00:00+00:00,0.2158,0.2163,0.2152,0.216,338882.8
2026-05-30 13:00:00+00:00,0.216,0.2166,0.2153,0.2163,629476.5
2026-05-30 14:00:00+00:00,0.2163,0.2172,0.2161,0.2166,493198.4
2026-05-30 15:00:00+00:00,0.2166,0.2168,0.215,0.2156,353825.9
2026-05-30 16:00:00+00:00,0.2156,0.2162,0.2152,0.216,530435.4
2026-05-30 17:00:00+00:00,0.216,0.2168,0.2154,0.2165,290017.7
2026-05-30 18:00:00+00:00,0.2165,0.2169,0.2161,0.2167,342038.6
2026-05-30 19:00:00+00:00,0.2167,0.2167,0.2158,0.2161,207962.8
2026-05-30 20:00:00+00:00,0.2161,0.2167,0.2161,0.2164,179557.1
2026-05-30 21:00:00+00:00,0.2164,0.2167,0.2162,0.2163,301915.5
2026-05-30 22:00:00+00:00,0.2163,0.2163,0.2144,0.215,787675.9
2026-05-30 23:00:00+00:00,0.215,0.2155,0.2137,0.2147,467671.7
2026-05-31 00:00:00+00:00,0.2147,0.215,0.214,0.2144,250097.8
2026-05-31 01:00:00+00:00,0.2144,0.2152,0.2143,0.2144,137393.5
2026-05-31 02:00:00+00:00,0.2144,0.2154,0.2136,0.2145,264042.9
2026-05-31 03:00:00+00:00,0.2145,0.215,0.2144,0.2146,160288.7
2026-05-31 04:00:00+00:00,0.2146,0.2155,0.2143,0.2155,135876.2
2026-05-31 05:00:00+00:00,0.2155,0.2157,0.2148,0.2149,184886.1
2026-05-31 06:00:00+00:00,0.2149,0.2153,0.2144,0.2147,182050.8
2026-05-31 07:00:00+00:00,0.2147,0.2147,0.2131,0.2135,451007.7
2026-05-31 08:00:00+00:00,0.2135,0.2148,0.2135,0.2144,211492.8
2026-05-31 09:00:00+00:00,0.2144,0.2149,0.2135,0.2137,135734.2
2026-05-31 10:00:00+00:00,0.2137,0.2147,0.2132,0.2147,676022.0
2026-05-31 11:00:00+00:00,0.2147,0.216,0.2147,0.2156,296492.3
2026-05-31 12:00:00+00:00,0.2156,0.216,0.2152,0.2156,155965.6
2026-05-31 13:00:00+00:00,0.2156,0.2164,0.2152,0.2153,189654.9
2026-05-31 14:00:00+00:00,0.2153,0.2153,0.2122,0.2126,1457706.1
2026-05-31 15:00:00+00:00,0.2126,0.2143,0.2124,0.213,597058.0
2026-05-31 16:00:00+00:00,0.213,0.2133,0.2116,0.212,421946.2
2026-05-31 17:00:00+00:00,0.212,0.2139,0.2119,0.2139,363544.5
2026-05-31 18:00:00+00:00,0.2139,0.2141,0.2129,0.2138,355546.0
2026-05-31 19:00:00+00:00,0.2138,0.2139,0.2125,0.2135,157331.7
2026-05-31 20:00:00+00:00,0.2135,0.2146,0.2135,0.2144,266048.1
2026-05-31 21:00:00+00:00,0.2144,0.2162,0.2143,0.216,419511.9
2026-05-31 22:00:00+00:00,0.216,0.2169,0.2152,0.2165,559585.3
2026-05-31 23:00:00+00:00,0.2165,0.2177,0.2147,0.216,1105096.6
2026-06-01 00:00:00+00:00,0.216,0.2169,0.2155,0.2163,384740.8
2026-06-01 01:00:00+00:00,0.2163,0.2163,0.2138,0.2139,366579.0
2026-06-01 02:00:00+00:00,0.2139,0.217,0.2134,0.2166,597793.4
2026-06-01 03:00:00+00:00,0.2166,0.2177,0.2162,0.2164,647568.7
2026-06-01 04:00:00+00:00,0.2164,0.217,0.2144,0.2154,431923.3
2026-06-01 05:00:00+00:00,0.2154,0.2156,0.2141,0.2147,298424.0
2026-06-01 06:00:00+00:00,0.2147,0.2148,0.2123,0.2132,728348.1
2026-06-01 07:00:00+00:00,0.2132,0.2137,0.2117,0.2119,649350.5
2026-06-01 08:00:00+00:00,0.2119,0.2127,0.2109,0.2121,870619.2
2026-06-01 09:00:00+00:00,0.2121,0.2133,0.2118,0.2126,622574.2
2026-06-01 10:00:00+00:00,0.2126,0.2132,0.2122,0.2129,379906.5
2026-06-01 11:00:00+00:00,0.2129,0.2139,0.2121,0.2128,1184906.7
2026-06-01 12:00:00+00:00,0.2128,0.2134,0.2102,0.2125,2017776.2
2026-06-01 13:00:00+00:00,0.2125,0.2127,0.2092,0.2108,2929589.0
2026-06-01 14:00:00+00:00,0.2108,0.2119,0.2098,0.2108,1610897.2
2026-06-01 15:00:00+00:00,0.2108,0.2122,0.209,0.2114,1409866.8
2026-06-01 16:00:00+00:00,0.2114,0.2146,0.2099,0.2144,1245411.7
2026-06-01 17:00:00+00:00,0.2144,0.2162,0.2133,0.2154,1912136.4
2026-06-01 18:00:00+00:00,0.2154,0.2158,0.2138,0.2141,572858.8
2026-06-01 19:00:00+00:00,0.2141,0.216,0.2141,0.2157,916496.5
2026-06-01 20:00:00+00:00,0.2157,0.2165,0.215,0.2157,570656.6
2026-06-01 21:00:00+00:00,0.2157,0.2157,0.214,0.2144,940566.5
2026-06-01 22:00:00+00:00,0.2144,0.2166,0.2136,0.2162,553062.7
2026-06-01 23:00:00+00:00,0.2162,0.2167,0.2151,0.2159,609509.1
2026-06-02 00:00:00+00:00,0.2159,0.2164,0.2146,0.2146,457018.4
2026-06-02 01:00:00+00:00,0.2146,0.2147,0.2116,0.2116,1080532.0
2026-06-02 02:00:00+00:00,0.2116,0.213,0.2091,0.213,1361781.1
2026-06-02 03:00:00+00:00,0.213,0.2148,0.2127,0.2147,359114.8
2026-06-02 04:00:00+00:00,0.2147,0.2149,0.2129,0.2131,205648.4
2026-06-02 05:00:00+00:00,0.2131,0.2138,0.2114,0.2114,483658.3
2026-06-02 06:00:00+00:00,0.2114,0.2123,0.2105,0.2117,1134583.0
2026-06-02 07:00:00+00:00,0.2117,0.2126,0.2104,0.2119,895354.4
2026-06-02 08:00:00+00:00,0.2119,0.212,0.2112,0.2117,282313.0
2026-06-02 09:00:00+00:00,0.2117,0.2117,0.2099,0.2106,989069.2
2026-06-02 10:00:00+00:00,0.2106,0.212,0.2101,0.2119,347916.5
2026-06-02 11:00:00+00:00,0.2119,0.2119,0.2096,0.2103,1131112.4
2026-06-02 12:00:00+00:00,0.2103,0.2114,0.2094,0.2114,662254.8
2026-06-02 13:00:00+00:00,0.2114,0.2119,0.2105,0.2106,714928.3
2026-06-02 14:00:00+00:00,0.2106,0.2107,0.2028,0.205,5710497.8
2026-06-02 15:00:00+00:00,0.205,0.2053,0.1983,0.2009,6007336.5
2026-06-02 16:00:00+00:00,0.2009,0.2048,0.2003,0.2022,2360564.0
2026-06-02 17:00:00+00:00,0.2022,0.2051,0.2022,0.204,1269195.2
2026-06-02 18:00:00+00:00,0.204,0.205,0.2003,0.2011,1350184.1
2026-06-02 19:00:00+00:00,0.2011,0.2021,0.1963,0.2013,7595084.4
2026-06-02 20:00:00+00:00,0.2013,0.2034,0.2001,0.2031,1070527.6
2026-06-02 21:00:00+00:00,0.2031,0.2045,0.2021,0.2029,757046.8
2026-06-02 22:00:00+00:00,0.2029,0.2029,0.1976,0.1981,4403291.8
2026-06-02 23:00:00+00:00,0.1981,0.2003,0.1961,0.2,3236530.5
2026-06-03 00:00:00+00:00,0.2,0.2028,0.1996,0.2019,1579989.5
2026-06-03 01:00:00+00:00,0.2019,0.2029,0.2007,0.2022,990144.2
2026-06-03 02:00:00+00:00,0.2022,0.2026,0.2013,0.2022,605085.6
2026-06-03 03:00:00+00:00,0.2022,0.2025,0.1975,0.1986,2102022.5
2026-06-03 04:00:00+00:00,0.1986,0.2023,0.1986,0.2022,1160542.7
2026-06-03 05:00:00+00:00,0.2022,0.2061,0.2022,0.2054,3443189.6
2026-06-03 06:00:00+00:00,0.2054,0.2079,0.205,0.2064,1930020.6
2026-06-03 07:00:00+00:00,0.2064,0.2084,0.2059,0.2077,623530.0
2026-06-03 08:00:00+00:00,0.2077,0.2095,0.2075,0.2089,1198431.0
2026-06-03 09:00:00+00:00,0.2089,0.2089,0.2069,0.2078,946986.4
2026-06-03 10:00:00+00:00,0.2078,0.21,0.2078,0.2096,1107962.1
2026-06-03 11:00:00+00:00,0.2096,0.211,0.2085,0.2086,886199.7
2026-06-03 12:00:00+00:00,0.2086,0.2088,0.2072,0.2085,1013562.9
2026-06-03 13:00:00+00:00,0.2085,0.2094,0.2064,0.2084,1530507.2
2026-06-03 14:00:00+00:00,0.2084,0.2088,0.2066,0.2083,952565.3
2026-06-03 15:00:00+00:00,0.2083,0.2094,0.2069,0.2074,1205934.2
2026-06-03 16:00:00+00:00,0.2074,0.2076,0.2026,0.2052,5243662.6
2026-06-03 17:00:00+00:00,0.2052,0.2075,0.2033,0.2068,2841260.9
2026-06-03 18:00:00+00:00,0.2068,0.2081,0.2052,0.2077,1631096.1
2026-06-03 19:00:00+00:00,0.2077,0.2082,0.2037,0.2041,4162124.0
2026-06-03 20:00:00+00:00,0.2041,0.2053,0.1999,0.2011,4492903.2
2026-06-03 21:00:00+00:00,0.2011,0.208,0.2005,0.2079,2810354.8
2026-06-03 22:00:00+00:00,0.2079,0.2085,0.2045,0.2054,4947754.5
2026-06-03 23:00:00+00:00,0.2054,0.2057,0.2029,0.2037,2464340.4
2026-06-04 00:00:00+00:00,0.2037,0.2058,0.2001,0.2017,2978144.1
2026-06-04 01:00:00+00:00,0.2017,0.2027,0.1956,0.1964,3990638.3
2026-06-04 02:00:00+00:00,0.1964,0.1988,0.1871,0.1974,14595414.4
2026-06-04 03:00:00+00:00,0.1974,0.2024,0.1973,0.2022,2398152.6
2026-06-04 04:00:00+00:00,0.2022,0.203,0.1989,0.199,1525262.5
2026-06-04 05:00:00+00:00,0.199,0.1992,0.1964,0.1974,4039325.2
2026-06-04 06:00:00+00:00,0.1974,0.1999,0.1969,0.1972,1546498.2
2026-06-04 07:00:00+00:00,0.1972,0.1974,0.1944,0.1947,3602512.3
2026-06-04 08:00:00+00:00,0.1947,0.1956,0.1928,0.1937,1720074.9
2026-06-04 09:00:00+00:00,0.1937,0.1937,0.1878,0.1912,4503038.8
2026-06-04 10:00:00+00:00,0.1912,0.1919,0.1888,0.1894,3001091.8
2026-06-04 11:00:00+00:00,0.1894,0.192,0.1887,0.192,1604751.4
2026-06-04 12:00:00+00:00,0.192,0.1972,0.1905,0.1962,1960801.3
2026-06-04 13:00:00+00:00,0.1962,0.198,0.1929,0.1977,1650312.3
2026-06-04 14:00:00+00:00,0.1977,0.1989,0.1961,0.1971,1823996.6
2026-06-04 15:00:00+00:00,0.1971,0.1997,0.1969,0.1978,1502882.9
2026-06-04 16:00:00+00:00,0.1978,0.1979,0.196,0.1973,989175.9
2026-06-04 17:00:00+00:00,0.1973,0.1983,0.1945,0.1971,2949923.7
2026-06-04 18:00:00+00:00,0.1971,0.1991,0.1952,0.1981,964455.4
2026-06-04 19:00:00+00:00,0.1981,0.199,0.1966,0.1972,658573.7
2026-06-04 20:00:00+00:00,0.1972,0.1973,0.1948,0.1957,593049.0
2026-06-04 21:00:00+00:00,0.1957,0.1966,0.1903,0.1911,2121203.1
2026-06-04 22:00:00+00:00,0.1911,0.1927,0.1897,0.1925,1171805.1
2026-06-04 23:00:00+00:00,0.1925,0.1936,0.1909,0.1935,467348.2
2026-06-05 00:00:00+00:00,0.1935,0.1948,0.1921,0.1923,1067463.9
2026-06-05 01:00:00+00:00,0.1923,0.1932,0.1905,0.1923,1085617.4
2026-06-05 02:00:00+00:00,0.1923,0.1923,0.1861,0.1867,2848741.1
2026-06-05 03:00:00+00:00,0.1867,0.1881,0.1855,0.186,1797200.9
2026-06-05 04:00:00+00:00,0.186,0.1906,0.1853,0.1901,1642477.2
2026-06-05 05:00:00+00:00,0.1901,0.1908,0.1832,0.1837,2288373.9
2026-06-05 06:00:00+00:00,0.1837,0.1837,0.172,0.178,15068326.3
2026-06-05 07:00:00+00:00,0.178,0.1844,0.1738,0.184,8133738.6
2026-06-05 08:00:00+00:00,0.184,0.1841,0.1801,0.1803,2246153.9
2026-06-05 09:00:00+00:00,0.1803,0.1848,0.1803,0.1841,5843030.7
2026-06-05 10:00:00+00:00,0.1841,0.1847,0.1817,0.1834,2021004.3
2026-06-05 11:00:00+00:00,0.1834,0.1842,0.182,0.1833,1999214.2
2026-06-05 12:00:00+00:00,0.1833,0.1849,0.181,0.1845,4661299.2
2026-06-05 13:00:00+00:00,0.1845,0.1891,0.1815,0.1815,7026729.2
2026-06-05 14:00:00+00:00,0.1815,0.1847,0.1784,0.1842,9747960.3
2026-06-05 15:00:00+00:00,0.1842,0.1851,0.1782,0.1796,5050605.5
2026-06-05 16:00:00+00:00,0.1796,0.1847,0.1758,0.1842,7152021.4
2026-06-05 17:00:00+00:00,0.1842,0.1846,0.1811,0.1818,2138758.6
2026-06-05 18:00:00+00:00,0.1818,0.1828,0.1738,0.175,4293967.0
2026-06-05 19:00:00+00:00,0.175,0.1802,0.1719,0.1797,4614537.4
2026-06-05 20:00:00+00:00,0.1797,0.1855,0.1776,0.1849,4594486.0
2026-06-05 21:00:00+00:00,0.1849,0.1857,0.1842,0.1844,1042322.4
2026-06-05 22:00:00+00:00,0.1844,0.1844,0.1815,0.1828,1148788.6
2026-06-05 23:00:00+00:00,0.1828,0.1836,0.1783,0.182,1816694.8
2026-06-06 00:00:00+00:00,0.182,0.1841,0.1819,0.1836,1427506.4
2026-06-06 01:00:00+00:00,0.1836,0.184,0.1819,0.1821,579998.8
2026-06-06 02:00:00+00:00,0.1821,0.1823,0.1802,0.181,1233041.3
2026-06-06 03:00:00+00:00,0.181,0.181,0.1791,0.1795,896476.8
2026-06-06 04:00:00+00:00,0.1795,0.1805,0.1714,0.1724,3326849.9
2026-06-06 05:00:00+00:00,0.1724,0.1794,0.1697,0.1792,4414855.5
2026-06-06 06:00:00+00:00,0.1792,0.1815,0.1786,0.1788,1730426.7
2026-06-06 07:00:00+00:00,0.1788,0.1822,0.1783,0.1808,1139638.1
2026-06-06 08:00:00+00:00,0.1808,0.1842,0.1804,0.1826,1588406.1
2026-06-06 09:00:00+00:00,0.1826,0.1835,0.1806,0.1812,1185870.4
2026-06-06 10:00:00+00:00,0.1812,0.1812,0.1768,0.1791,3073817.4
2026-06-06 11:00:00+00:00,0.1791,0.1808,0.1786,0.1804,1432519.6
2026-06-06 12:00:00+00:00,0.1804,0.1829,0.1792,0.1824,924121.9
2026-06-06 13:00:00+00:00,0.1824,0.184,0.182,0.1834,1111568.5
2026-06-06 14:00:00+00:00,0.1834,0.1855,0.1831,0.1831,1487893.5
2026-06-06 15:00:00+00:00,0.1831,0.1837,0.18,0.183,1607439.2
2026-06-06 16:00:00+00:00,0.183,0.1838,0.1806,0.1817,1148924.7
2026-06-06 17:00:00+00:00,0.1817,0.182,0.1798,0.1806,1298038.7
2026-06-06 18:00:00+00:00,0.1806,0.1832,0.1804,0.1815,893748.9
2026-06-06 19:00:00+00:00,0.1815,0.1825,0.1804,0.1805,424348.0
2026-06-06 20:00:00+00:00,0.1805,0.1823,0.18,0.1818,1069621.1
2026-06-06 21:00:00+00:00,0.1818,0.1832,0.1816,0.1821,939170.2
2026-06-06 22:00:00+00:00,0.1821,0.1842,0.1813,0.1834,717848.1
2026-06-06 23:00:00+00:00,0.1834,0.1873,0.1831,0.1865,1500229.5
2026-06-07 00:00:00+00:00,0.1865,0.1876,0.1854,0.1856,1377120.1
2026-06-07 01:00:00+00:00,0.1856,0.1906,0.1855,0.1895,2938764.6
2026-06-07 02:00:00+00:00,0.1895,0.1902,0.1879,0.1894,696084.1
2026-06-07 03:00:00+00:00,0.1894,0.1907,0.1889,0.1894,494963.5
2026-06-07 04:00:00+00:00,0.1894,0.1912,0.1887,0.1905,1754065.8
2026-06-07 05:00:00+00:00,0.1905,0.1917,0.1894,0.1899,1444231.0
2026-06-07 06:00:00+00:00,0.1899,0.1914,0.1888,0.1904,1059834.2
2026-06-07 07:00:00+00:00,0.1904,0.1908,0.1897,0.19,863722.4
2026-06-07 08:00:00+00:00,0.19,0.1938,0.1897,0.1938,1522725.7
2026-06-07 09:00:00+00:00,0.1938,0.1946,0.1924,0.1933,1168106.1
2026-06-07 10:00:00+00:00,0.1933,0.1936,0.1915,0.192,1001684.9
2026-06-07 11:00:00+00:00,0.192,0.1933,0.1916,0.1923,1178474.0
2026-06-07 12:00:00+00:00,0.1923,0.1926,0.1891,0.1912,3836759.9
2026-06-07 13:00:00+00:00,0.1912,0.1912,0.1898,0.1906,512369.5
2026-06-07 14:00:00+00:00,0.1906,0.1942,0.1905,0.1931,1677431.1
2026-06-07 15:00:00+00:00,0.1931,0.1933,0.192,0.1928,1316782.5
2026-06-07 16:00:00+00:00,0.1928,0.1942,0.1919,0.1934,1162335.3
2026-06-07 17:00:00+00:00,0.1934,0.1956,0.1933,0.1939,1334479.9
2026-06-07 18:00:00+00:00,0.1939,0.195,0.1921,0.1923,877337.6
2026-06-07 19:00:00+00:00,0.1923,0.1924,0.1893,0.1908,1983894.3
2026-06-07 20:00:00+00:00,0.1908,0.1929,0.1905,0.1922,650893.8
2026-06-07 21:00:00+00:00,0.1922,0.1925,0.1903,0.1917,506086.0
2026-06-07 22:00:00+00:00,0.1917,0.2013,0.1915,0.1948,6463672.1
2026-06-07 23:00:00+00:00,0.1948,0.1972,0.1947,0.1965,1452670.1
2026-06-08 00:00:00+00:00,0.1965,0.1988,0.1962,0.1978,1213299.4
2026-06-08 01:00:00+00:00,0.1978,0.1981,0.1939,0.1964,1410284.5
2026-06-08 02:00:00+00:00,0.1964,0.1977,0.1961,0.1973,342602.5
2026-06-08 03:00:00+00:00,0.1973,0.1989,0.197,0.1989,313837.8
2026-06-08 04:00:00+00:00,0.1989,0.1991,0.1956,0.1962,2256626.8
2026-06-08 05:00:00+00:00,0.1962,0.1973,0.195,0.1973,523422.3
2026-06-08 06:00:00+00:00,0.1973,0.199,0.1968,0.1969,1062525.4
2026-06-08 07:00:00+00:00,0.1969,0.2019,0.1961,0.2009,3649402.2
2026-06-08 08:00:00+00:00,0.2009,0.2025,0.1986,0.1989,1801260.0
2026-06-08 09:00:00+00:00,0.1989,0.2008,0.1982,0.1996,1131652.5
2026-06-08 10:00:00+00:00,0.1996,0.2015,0.1981,0.2,1382942.4
2026-06-08 11:00:00+00:00,0.2,0.2027,0.1994,0.2011,1226314.2
2026-06-08 12:00:00+00:00,0.2011,0.2029,0.1992,0.2022,1582614.9
2026-06-08 13:00:00+00:00,0.2022,0.2024,0.1999,0.201,1682816.5
2026-06-08 14:00:00+00:00,0.201,0.2015,0.1997,0.2008,846857.6
2026-06-08 15:00:00+00:00,0.2008,0.2029,0.1999,0.2001,1029583.3
2026-06-08 16:00:00+00:00,0.2001,0.2018,0.199,0.1991,1824018.2
2026-06-08 17:00:00+00:00,0.1991,0.2002,0.1983,0.1996,1353223.5
2026-06-08 18:00:00+00:00,0.1996,0.2,0.1986,0.1991,735112.5
2026-06-08 19:00:00+00:00,0.1991,0.2002,0.199,0.1993,615915.4
2026-06-08 20:00:00+00:00,0.1993,0.2004,0.1989,0.2003,526582.0
2026-06-08 21:00:00+00:00,0.2003,0.2021,0.1999,0.2002,868083.8
2026-06-08 22:00:00+00:00,0.2002,0.2006,0.1996,0.2005,481681.1
2026-06-08 23:00:00+00:00,0.2005,0.2012,0.1968,0.1986,1916226.9
2026-06-09 00:00:00+00:00,0.1986,0.1987,0.1942,0.1958,3253576.2
2026-06-09 01:00:00+00:00,0.1958,0.1972,0.1947,0.197,952917.2
2026-06-09 02:00:00+00:00,0.197,0.1983,0.1959,0.1981,610942.6
2026-06-09 03:00:00+00:00,0.1981,0.1984,0.1962,0.197,884672.5
2026-06-09 04:00:00+00:00,0.197,0.1994,0.1961,0.1984,1831119.1
2026-06-09 05:00:00+00:00,0.1984,0.2001,0.1982,0.1991,703824.6
2026-06-09 06:00:00+00:00,0.1991,0.1996,0.1983,0.1983,395974.6
2026-06-09 07:00:00+00:00,0.1983,0.1992,0.1974,0.1978,619923.2
2026-06-09 08:00:00+00:00,0.1978,0.1981,0.1967,0.1969,605126.5
2026-06-09 09:00:00+00:00,0.1969,0.1973,0.1951,0.1961,1408533.7
2026-06-09 10:00:00+00:00,0.1961,0.1972,0.1951,0.1964,2592927.8
2026-06-09 11:00:00+00:00,0.1964,0.198,0.1959,0.1977,1054806.5
2026-06-09 12:00:00+00:00,0.1977,0.2,0.1975,0.2,1017150.3
2026-06-09 13:00:00+00:00,0.2,0.2006,0.1981,0.1994,2248384.8
2026-06-09 14:00:00+00:00,0.1994,0.1996,0.1938,0.1974,5723750.0
2026-06-09 15:00:00+00:00,0.1974,0.2004,0.1966,0.1976,11827301.1
2026-06-09 16:00:00+00:00,0.1976,0.1996,0.1953,0.1992,9394086.6
2026-06-09 17:00:00+00:00,0.1992,0.2062,0.1983,0.2036,7119024.9
2026-06-09 18:00:00+00:00,0.2036,0.2057,0.2025,0.204,1586199.6
2026-06-09 19:00:00+00:00,0.204,0.205,0.2018,0.2027,2165454.5
2026-06-09 20:00:00+00:00,0.2027,0.2039,0.202,0.2029,1016966.2
2026-06-09 21:00:00+00:00,0.2029,0.2045,0.2012,0.2043,1886905.1
2026-06-09 22:00:00+00:00,0.2043,0.2046,0.2004,0.2011,1695416.5
2026-06-09 23:00:00+00:00,0.2011,0.2021,0.2002,0.2011,850778.1
2026-06-10 00:00:00+00:00,0.2011,0.2042,0.2007,0.2039,1209649.1
2026-06-10 01:00:00+00:00,0.2039,0.2045,0.2031,0.2042,696356.7
2026-06-10 02:00:00+00:00,0.2042,0.205,0.2027,0.2041,754900.4
2026-06-10 03:00:00+00:00,0.2041,0.2058,0.2041,0.2042,391015.1
2026-06-10 04:00:00+00:00,0.2042,0.2049,0.2033,0.2039,446017.7
2026-06-10 05:00:00+00:00,0.2039,0.2054,0.2035,0.2041,968499.9
2026-06-10 06:00:00+00:00,0.2041,0.2052,0.2026,0.2043,809609.7
2026-06-10 07:00:00+00:00,0.2043,0.208,0.2039,0.2078,1743889.9
2026-06-10 08:00:00+00:00,0.2078,0.2091,0.2054,0.2059,2905934.3
2026-06-10 09:00:00+00:00,0.2059,0.2069,0.2028,0.2044,3388363.6
2026-06-10 10:00:00+00:00,0.2044,0.2062,0.2034,0.2058,1236796.7
2026-06-10 11:00:00+00:00,0.2058,0.2067,0.2016,0.2036,2701722.4
2026-06-10 12:00:00+00:00,0.2036,0.2097,0.2026,0.2079,5015169.8
2026-06-10 13:00:00+00:00,0.2079,0.2139,0.2074,0.2104,4269763.9
2026-06-10 14:00:00+00:00,0.2104,0.2143,0.2095,0.2143,3150500.1
2026-06-10 15:00:00+00:00,0.2143,0.2161,0.2111,0.2142,4030957.4
2026-06-10 16:00:00+00:00,0.2142,0.221,0.2142,0.2183,7826715.0
2026-06-10 17:00:00+00:00,0.2183,0.2225,0.2147,0.2163,8239565.4
2026-06-10 18:00:00+00:00,0.2163,0.2178,0.2101,0.2131,4693718.3
2026-06-10 19:00:00+00:00,0.2131,0.2136,0.2099,0.2112,2413850.0
2026-06-10 20:00:00+00:00,0.2112,0.2121,0.2092,0.2111,2395374.3
2026-06-10 21:00:00+00:00,0.2111,0.2132,0.2088,0.211,1990906.1
2026-06-10 22:00:00+00:00,0.211,0.2115,0.2079,0.2099,3073985.4
2026-06-10 23:00:00+00:00,0.2099,0.2114,0.2074,0.2108,2350127.4
2026-06-11 00:00:00+00:00,0.2108,0.2182,0.2108,0.2165,3151951.1
2026-06-11 01:00:00+00:00,0.2165,0.2271,0.2165,0.2265,4686856.4
2026-06-11 02:00:00+00:00,0.2265,0.2295,0.2239,0.2273,4917962.5
2026-06-11 03:00:00+00:00,0.2273,0.2376,0.2272,0.2363,7412906.5
2026-06-11 04:00:00+00:00,0.2363,0.2448,0.2349,0.2438,8187355.1
2026-06-11 05:00:00+00:00,0.2438,0.2438,0.2366,0.2423,5458800.7
2026-06-11 06:00:00+00:00,0.2423,0.2487,0.2357,0.2466,8990157.8
2026-06-11 07:00:00+00:00,0.2466,0.2506,0.2431,0.2448,7574533.8
2026-06-11 08:00:00+00:00,0.2448,0.2546,0.2443,0.2546,6318842.3
2026-06-11 09:00:00+00:00,0.2546,0.2575,0.2492,0.2571,8791985.8
2026-06-11 10:00:00+00:00,0.2571,0.2595,0.2474,0.2499,8648291.8
2026-06-11 11:00:00+00:00,0.2499,0.2532,0.2457,0.2472,6623019.9
2026-06-11 12:00:00+00:00,0.2472,0.2485,0.2413,0.2454,6937243.0
2026-06-11 13:00:00+00:00,0.2454,0.2468,0.242,0.2455,4915330.4
2026-06-11 14:00:00+00:00,0.2455,0.2589,0.2445,0.2526,7271745.1
2026-06-11 15:00:00+00:00,0.2526,0.2562,0.2504,0.2531,7251895.4
2026-06-11 16:00:00+00:00,0.2531,0.2538,0.2446,0.2457,6815710.6
2026-06-11 17:00:00+00:00,0.2457,0.254,0.2422,0.2531,8822490.4
2026-06-11 18:00:00+00:00,0.2531,0.2547,0.2432,0.2474,5463528.5
2026-06-11 19:00:00+00:00,0.2474,0.2492,0.2449,0.2482,2600363.2
2026-06-11 20:00:00+00:00,0.2482,0.2506,0.2452,0.2476,2460940.3
2026-06-11 21:00:00+00:00,0.2476,0.2538,0.2469,0.2514,2221597.7
2026-06-11 22:00:00+00:00,0.2514,0.2557,0.2494,0.2546,3163119.1
2026-06-11 23:00:00+00:00,0.2546,0.2565,0.2505,0.2558,2917860.1
2026-06-12 00:00:00+00:00,0.2558,0.2571,0.2524,0.2553,2254977.4
2026-06-12 01:00:00+00:00,0.2553,0.2583,0.2529,0.258,1966786.2
2026-06-12 02:00:00+00:00,0.258,0.2631,0.2557,0.2581,4832693.2
2026-06-12 03:00:00+00:00,0.2581,0.2653,0.2573,0.2651,3657481.4
2026-06-12 04:00:00+00:00,0.2651,0.2652,0.2579,0.2616,4478787.6
2026-06-12 05:00:00+00:00,0.2616,0.2635,0.2481,0.2481,5843620.6
2026-06-12 06:00:00+00:00,0.2481,0.2509,0.2449,0.2462,7576373.4
2026-06-12 07:00:00+00:00,0.2462,0.2507,0.2461,0.2498,2573184.7
2026-06-12 08:00:00+00:00,0.2498,0.2508,0.2465,0.247,1952995.4
2026-06-12 09:00:00+00:00,0.247,0.2496,0.244,0.2448,2355113.8
2026-06-12 10:00:00+00:00,0.2448,0.2455,0.2415,0.243,2512514.5
2026-06-12 11:00:00+00:00,0.243,0.2461,0.2427,0.245,1741876.5
2026-06-12 12:00:00+00:00,0.245,0.245,0.2419,0.243,2082334.2
2026-06-12 13:00:00+00:00,0.243,0.2455,0.2398,0.2434,3219755.8
2026-06-12 14:00:00+00:00,0.2434,0.2497,0.2424,0.2489,3679518.9
2026-06-12 15:00:00+00:00,0.2489,0.2502,0.2408,0.2419,3412479.8
2026-06-12 16:00:00+00:00,0.2419,0.2461,0.2405,0.2418,2896148.8
2026-06-12 17:00:00+00:00,0.2418,0.2429,0.2369,0.2378,2745857.1
2026-06-12 18:00:00+00:00,0.2378,0.2391,0.2366,0.2383,2606409.0
2026-06-12 19:00:00+00:00,0.2383,0.2408,0.2382,0.2385,1488354.9
2026-06-12 20:00:00+00:00,0.2385,0.2405,0.2382,0.2401,1216069.2
2026-06-12 21:00:00+00:00,0.2401,0.2403,0.2375,0.2383,940645.5
2026-06-12 22:00:00+00:00,0.2383,0.2403,0.2378,0.239,671673.2
2026-06-12 23:00:00+00:00,0.239,0.2393,0.2346,0.2359,1542133.8
2026-06-13 00:00:00+00:00,0.2359,0.2408,0.2342,0.2398,2585875.0
2026-06-13 01:00:00+00:00,0.2398,0.2439,0.2371,0.2393,2832952.8
2026-06-13 02:00:00+00:00,0.2393,0.2396,0.237,0.2384,1031781.9
2026-06-13 03:00:00+00:00,0.2384,0.2384,0.2348,0.2363,1003339.6
2026-06-13 04:00:00+00:00,0.2363,0.2378,0.2335,0.2348,2135378.8
2026-06-13 05:00:00+00:00,0.2348,0.2351,0.2325,0.2334,995517.4
2026-06-13 06:00:00+00:00,0.2334,0.2344,0.2316,0.2338,810709.7
2026-06-13 07:00:00+00:00,0.2338,0.236,0.2333,0.2347,1339622.8
2026-06-13 08:00:00+00:00,0.2347,0.2352,0.2337,0.2341,498162.1
2026-06-13 09:00:00+00:00,0.2341,0.2349,0.2334,0.2337,499497.0
2026-06-13 10:00:00+00:00,0.2337,0.2354,0.233,0.2348,440425.1
2026-06-13 11:00:00+00:00,0.2348,0.2409,0.2348,0.2404,1999151.3
2026-06-13 12:00:00+00:00,0.2404,0.2405,0.2377,0.2378,1423007.3
2026-06-13 13:00:00+00:00,0.2378,0.2394,0.2369,0.2387,947996.9
2026-06-13 14:00:00+00:00,0.2387,0.246,0.2383,0.2418,3092602.5
2026-06-13 15:00:00+00:00,0.2418,0.2435,0.2379,0.2398,1755299.8
2026-06-13 16:00:00+00:00,0.2398,0.2399,0.2321,0.2376,4434518.2
2026-06-13 17:00:00+00:00,0.2376,0.2381,0.2356,0.2365,1817155.5
2026-06-13 18:00:00+00:00,0.2365,0.2376,0.2353,0.2366,681132.2
2026-06-13 19:00:00+00:00,0.2366,0.2372,0.2347,0.2354,1097490.9
2026-06-13 20:00:00+00:00,0.2354,0.2361,0.2335,0.2347,617248.1
2026-06-13 21:00:00+00:00,0.2347,0.2386,0.234,0.2368,927690.0
2026-06-13 22:00:00+00:00,0.2368,0.2404,0.2367,0.2381,2098718.5
2026-06-13 23:00:00+00:00,0.2381,0.2396,0.2363,0.237,913761.7
2026-06-14 00:00:00+00:00,0.237,0.2372,0.2337,0.2346,703595.7
2026-06-14 01:00:00+00:00,0.2346,0.2351,0.2338,0.2341,577247.1
2026-06-14 02:00:00+00:00,0.2341,0.235,0.2329,0.2349,726284.7
2026-06-14 03:00:00+00:00,0.2349,0.2349,0.2334,0.2344,1053361.6
2026-06-14 04:00:00+00:00,0.2344,0.2346,0.2323,0.2335,515977.0
2026-06-14 05:00:00+00:00,0.2335,0.234,0.2319,0.2339,647525.5
2026-06-14 06:00:00+00:00,0.2339,0.2359,0.2326,0.2336,998068.0
2026-06-14 07:00:00+00:00,0.2336,0.2357,0.2323,0.2349,702876.3
2026-06-14 08:00:00+00:00,0.2349,0.2388,0.2332,0.2333,1924003.2
2026-06-14 09:00:00+00:00,0.2333,0.2333,0.2312,0.2323,1377840.9
2026-06-14 10:00:00+00:00,0.2323,0.2333,0.2318,0.2319,620084.0
2026-06-14 11:00:00+00:00,0.2319,0.2336,0.231,0.2323,774558.5
2026-06-14 12:00:00+00:00,0.2323,0.233,0.2292,0.2313,1707418.2
2026-06-14 13:00:00+00:00,0.2313,0.2323,0.2305,0.2313,907405.8
2026-06-14 14:00:00+00:00,0.2313,0.2338,0.2306,0.2336,992336.2
2026-06-14 15:00:00+00:00,0.2336,0.2356,0.2332,0.2332,1419338.6
2026-06-14 16:00:00+00:00,0.2332,0.2376,0.232,0.2324,1486760.9
2026-06-14 17:00:00+00:00,0.2324,0.2332,0.2261,0.2273,2472630.0
2026-06-14 18:00:00+00:00,0.2273,0.2292,0.227,0.2286,1120575.8
2026-06-14 19:00:00+00:00,0.2286,0.2295,0.2279,0.2281,609139.8
2026-06-14 20:00:00+00:00,0.2281,0.2294,0.2279,0.2284,230603.6
2026-06-14 21:00:00+00:00,0.2284,0.2387,0.2278,0.2347,2896967.7
2026-06-14 22:00:00+00:00,0.2347,0.2362,0.2337,0.2352,2545733.9
2026-06-14 23:00:00+00:00,0.2352,0.2364,0.234,0.2357,972066.9
2026-06-15 00:00:00+00:00,0.2357,0.2424,0.2343,0.2417,3914927.4
2026-06-15 01:00:00+00:00,0.2417,0.2435,0.2398,0.2411,1174313.2
2026-06-15 02:00:00+00:00,0.2411,0.2414,0.2371,0.2383,1357741.5
2026-06-15 03:00:00+00:00,0.2383,0.2398,0.238,0.2387,505363.2
2026-06-15 04:00:00+00:00,0.2387,0.2398,0.2374,0.2382,963004.6
2026-06-15 05:00:00+00:00,0.2382,0.241,0.2378,0.2395,692742.2
2026-06-15 06:00:00+00:00,0.2395,0.2401,0.2357,0.2372,2663353.2
2026-06-15 07:00:00+00:00,0.2372,0.2373,0.2355,0.2361,1155654.5
2026-06-15 08:00:00+00:00,0.2361,0.2371,0.2357,0.2358,523171.5
2026-06-15 09:00:00+00:00,0.2358,0.2381,0.2351,0.2379,990027.1
2026-06-15 10:00:00+00:00,0.2379,0.2393,0.236,0.239,1248008.3
2026-06-15 11:00:00+00:00,0.239,0.2425,0.2385,0.2392,1528115.3
2026-06-15 12:00:00+00:00,0.2392,0.2415,0.2384,0.2406,1122007.7
2026-06-15 13:00:00+00:00,0.2406,0.2434,0.2396,0.2403,2420324.4
2026-06-15 14:00:00+00:00,0.2403,0.2414,0.2393,0.2404,683564.7
2026-06-15 15:00:00+00:00,0.2404,0.2416,0.2399,0.2404,681508.8
2026-06-15 16:00:00+00:00,0.2404,0.2416,0.2383,0.2395,1755843.9
2026-06-15 17:00:00+00:00,0.2395,0.2395,0.2365,0.2384,2152159.0
2026-06-15 18:00:00+00:00,0.2384,0.239,0.237,0.2384,819749.6
2026-06-15 19:00:00+00:00,0.2384,0.2394,0.2355,0.2389,1072559.9
2026-06-15 20:00:00+00:00,0.2389,0.2398,0.2383,0.2391,564155.7
2026-06-15 21:00:00+00:00,0.2391,0.2428,0.2383,0.2416,1355443.5
2026-06-15 22:00:00+00:00,0.2416,0.2416,0.2355,0.2366,2101833.2
2026-06-15 23:00:00+00:00,0.2366,0.2389,0.2361,0.2383,705376.5
2026-06-16 00:00:00+00:00,0.2383,0.2472,0.2377,0.2447,3464338.6
2026-06-16 01:00:00+00:00,0.2447,0.2482,0.242,0.2438,2572992.6
2026-06-16 02:00:00+00:00,0.2438,0.2469,0.2401,0.2438,2890148.1
2026-06-16 03:00:00+00:00,0.2438,0.248,0.2425,0.2469,1949067.5
2026-06-16 04:00:00+00:00,0.2469,0.2507,0.2451,0.2463,2421073.3
2026-06-16 05:00:00+00:00,0.2463,0.2494,0.2443,0.2444,2384941.3
2026-06-16 06:00:00+00:00,0.2444,0.25,0.2442,0.2493,1501865.9
2026-06-16 07:00:00+00:00,0.2493,0.2498,0.246,0.2472,1968639.8
2026-06-16 08:00:00+00:00,0.2472,0.2481,0.2441,0.2459,1498512.4
2026-06-16 09:00:00+00:00,0.2459,0.2469,0.2437,0.2453,1476761.7
2026-06-16 10:00:00+00:00,0.2453,0.2477,0.2444,0.2452,1784239.8
2026-06-16 11:00:00+00:00,0.2452,0.2456,0.2406,0.242,1837182.2
2026-06-16 12:00:00+00:00,0.242,0.2426,0.2402,0.2418,1294842.5
2026-06-16 13:00:00+00:00,0.2418,0.2423,0.2372,0.241,3316824.0
2026-06-16 14:00:00+00:00,0.241,0.2416,0.2342,0.2358,3244284.5
2026-06-16 15:00:00+00:00,0.2358,0.2374,0.2347,0.2367,1058217.0
2026-06-16 16:00:00+00:00,0.2367,0.2393,0.2347,0.2363,1187660.0
2026-06-16 17:00:00+00:00,0.2363,0.2386,0.2353,0.2375,1163006.1
2026-06-16 18:00:00+00:00,0.2375,0.2407,0.2375,0.2401,1202348.7
2026-06-16 19:00:00+00:00,0.2401,0.2405,0.2378,0.2386,1082198.4
2026-06-16 20:00:00+00:00,0.2386,0.2426,0.2366,0.2411,1882409.2
2026-06-16 21:00:00+00:00,0.2411,0.2431,0.2398,0.2424,1224036.0
2026-06-16 22:00:00+00:00,0.2424,0.2435,0.2413,0.2431,857738.6
2026-06-16 23:00:00+00:00,0.2431,0.2442,0.2373,0.239,2117619.6
2026-06-17 00:00:00+00:00,0.239,0.2416,0.2379,0.2412,1901887.5
2026-06-17 01:00:00+00:00,0.2412,0.2435,0.2395,0.2428,754119.8
2026-06-17 02:00:00+00:00,0.2428,0.2462,0.2428,0.2452,1089802.8
2026-06-17 03:00:00+00:00,0.2452,0.2454,0.2422,0.2429,1218739.4
2026-06-17 04:00:00+00:00,0.2429,0.2448,0.2418,0.2432,831606.6
2026-06-17 05:00:00+00:00,0.2432,0.2458,0.2429,0.2436,1007007.8
2026-06-17 06:00:00+00:00,0.2436,0.2456,0.2424,0.2431,905411.5
2026-06-17 07:00:00+00:00,0.2431,0.2481,0.2417,0.2471,3302081.4
2026-06-17 08:00:00+00:00,0.2471,0.2471,0.2422,0.2437,1898627.3
2026-06-17 09:00:00+00:00,0.2437,0.2514,0.2437,0.2484,5857700.2
2026-06-17 10:00:00+00:00,0.2484,0.2489,0.2448,0.2451,1915479.9
2026-06-17 11:00:00+00:00,0.2451,0.2498,0.2438,0.2489,2474574.6
2026-06-17 12:00:00+00:00,0.2489,0.2527,0.2415,0.2443,6336790.7
2026-06-17 13:00:00+00:00,0.2443,0.2447,0.2363,0.242,7900077.0
2026-06-17 14:00:00+00:00,0.242,0.2434,0.237,0.24,3230227.9
2026-06-17 15:00:00+00:00,0.24,0.2445,0.2397,0.2439,1259490.7
2026-06-17 16:00:00+00:00,0.2439,0.2452,0.2399,0.2403,2149201.2
2026-06-17 17:00:00+00:00,0.2403,0.2422,0.2402,0.2417,1602948.6
2026-06-17 18:00:00+00:00,0.2417,0.2421,0.2357,0.2389,3376648.4
2026-06-17 19:00:00+00:00,0.2389,0.2404,0.2305,0.2325,3908691.3
2026-06-17 20:00:00+00:00,0.2325,0.2338,0.2275,0.2299,8046239.9
2026-06-17 21:00:00+00:00,0.2299,0.2299,0.2253,0.2271,1594075.4
2026-06-17 22:00:00+00:00,0.2271,0.2315,0.2237,0.2276,3266135.1
2026-06-17 23:00:00+00:00,0.2276,0.2285,0.2271,0.2272,840305.5
2026-06-18 00:00:00+00:00,0.2272,0.229,0.2251,0.2267,2027078.2
2026-06-18 01:00:00+00:00,0.2267,0.228,0.2229,0.2244,1640831.5
2026-06-18 02:00:00+00:00,0.2244,0.2271,0.2237,0.2253,762510.9
2026-06-18 03:00:00+00:00,0.2253,0.2255,0.2226,0.2229,1187820.8
2026-06-18 04:00:00+00:00,0.2229,0.2237,0.2218,0.2221,749071.5
2026-06-18 05:00:00+00:00,0.2221,0.2233,0.2206,0.2233,958748.6
2026-06-18 06:00:00+00:00,0.2233,0.2236,0.2224,0.2232,705137.8
2026-06-18 07:00:00+00:00,0.2232,0.2253,0.2223,0.2243,771847.0
2026-06-18 08:00:00+00:00,0.2243,0.2259,0.2238,0.2238,1171724.5
2026-06-18 09:00:00+00:00,0.2238,0.2251,0.2234,0.2237,974857.0
2026-06-18 10:00:00+00:00,0.2237,0.2248,0.2228,0.2243,903238.1
2026-06-18 11:00:00+00:00,0.2243,0.2246,0.2225,0.223,841367.8
2026-06-18 12:00:00+00:00,0.223,0.2252,0.2225,0.224,826177.2
2026-06-18 13:00:00+00:00,0.224,0.2294,0.2234,0.2251,5037409.3
2026-06-18 14:00:00+00:00,0.2251,0.2281,0.2244,0.2264,2511380.9
2026-06-18 15:00:00+00:00,0.2264,0.2264,0.2153,0.2169,8406587.9
2026-06-18 16:00:00+00:00,0.2169,0.2208,0.2163,0.2177,4743638.7
2026-06-18 17:00:00+00:00,0.2177,0.2195,0.216,0.2186,1232143.9
2026-06-18 18:00:00+00:00,0.2186,0.2208,0.2181,0.2201,708053.4
2026-06-18 19:00:00+00:00,0.2201,0.2228,0.2197,0.222,675767.9
2026-06-18 20:00:00+00:00,0.222,0.2271,0.222,0.2246,3530839.5
2026-06-18 21:00:00+00:00,0.2246,0.2269,0.2231,0.2267,806483.6
2026-06-18 22:00:00+00:00,0.2267,0.2267,0.2248,0.2254,417267.6
2026-06-18 23:00:00+00:00,0.2254,0.2256,0.2242,0.2248,826041.3
2026-06-19 00:00:00+00:00,0.2248,0.2254,0.2235,0.2241,496628.1
2026-06-19 01:00:00+00:00,0.2241,0.2249,0.2226,0.2241,287120.6
2026-06-19 02:00:00+00:00,0.2241,0.2244,0.2221,0.2227,262933.6
2026-06-19 03:00:00+00:00,0.2227,0.223,0.2187,0.2217,1739537.5
2026-06-19 04:00:00+00:00,0.2217,0.2218,0.2161,0.217,1931927.6
2026-06-19 05:00:00+00:00,0.217,0.2184,0.2156,0.2166,1125828.2
2026-06-19 06:00:00+00:00,0.2166,0.2172,0.2158,0.217,513285.4
2026-06-19 07:00:00+00:00,0.217,0.2171,0.2134,0.2148,1649474.8
2026-06-19 08:00:00+00:00,0.2148,0.2156,0.2139,0.2142,570647.4
2026-06-19 09:00:00+00:00,0.2142,0.2147,0.2126,0.2136,799038.6
2026-06-19 10:00:00+00:00,0.2136,0.2138,0.212,0.2132,490139.4
2026-06-19 11:00:00+00:00,0.2132,0.214,0.2117,0.2122,545902.7
2026-06-19 12:00:00+00:00,0.2122,0.2159,0.2118,0.2156,838802.8
2026-06-19 13:00:00+00:00,0.2156,0.218,0.2147,0.2169,908443.4
2026-06-19 14:00:00+00:00,0.2169,0.2174,0.2158,0.2162,717204.8
2026-06-19 15:00:00+00:00,0.2162,0.2179,0.2139,0.2142,1519327.5
2026-06-19 16:00:00+00:00,0.2142,0.2154,0.2128,0.2135,760215.4
2026-06-19 17:00:00+00:00,0.2135,0.2142,0.2124,0.2133,682177.7
2026-06-19 18:00:00+00:00,0.2133,0.2145,0.2129,0.2134,826062.7
2026-06-19 19:00:00+00:00,0.2134,0.2139,0.2125,0.2131,537274.0
2026-06-19 20:00:00+00:00,0.2131,0.2143,0.2113,0.2137,1388708.9
2026-06-19 21:00:00+00:00,0.2137,0.2146,0.2117,0.2126,769352.6
2026-06-19 22:00:00+00:00,0.2126,0.2137,0.2121,0.2127,385463.1
2026-06-19 23:00:00+00:00,0.2127,0.2155,0.2123,0.2149,768551.9
2026-06-20 00:00:00+00:00,0.2149,0.2173,0.214,0.215,1695633.6
2026-06-20 01:00:00+00:00,0.215,0.2157,0.2137,0.2139,503772.9
2026-06-20 02:00:00+00:00,0.2139,0.214,0.2098,0.2108,2342687.0
2026-06-20 03:00:00+00:00,0.2108,0.2114,0.21,0.2105,630166.6
2026-06-20 04:00:00+00:00,0.2105,0.2115,0.2098,0.2114,420860.9
2026-06-20 05:00:00+00:00,0.2114,0.2134,0.2111,0.213,989999.4
2026-06-20 06:00:00+00:00,0.213,0.2133,0.2112,0.2126,1954135.7
2026-06-20 07:00:00+00:00,0.2126,0.2136,0.2111,0.2131,2504069.4
2026-06-20 08:00:00+00:00,0.2131,0.2144,0.2116,0.2126,2323112.0
2026-06-20 09:00:00+00:00,0.2126,0.215,0.2126,0.2138,699540.2
2026-06-20 10:00:00+00:00,0.2138,0.214,0.212,0.2127,681038.4
2026-06-20 11:00:00+00:00,0.2127,0.2127,0.2116,0.2118,347773.7
2026-06-20 12:00:00+00:00,0.2118,0.2126,0.2105,0.2118,2048343.7
2026-06-20 13:00:00+00:00,0.2118,0.2134,0.2099,0.2108,1589536.5
2026-06-20 14:00:00+00:00,0.2108,0.2139,0.2082,0.2128,2013076.5
2026-06-20 15:00:00+00:00,0.2128,0.2139,0.2115,0.2126,1056213.8
2026-06-20 16:00:00+00:00,0.2126,0.2126,0.2111,0.2117,512217.3
2026-06-20 17:00:00+00:00,0.2117,0.2117,0.2093,0.2108,672501.6
2026-06-20 18:00:00+00:00,0.2108,0.2118,0.2105,0.211,106819.2
2026-06-20 19:00:00+00:00,0.211,0.2121,0.211,0.2116,144228.0
2026-06-20 20:00:00+00:00,0.2116,0.2126,0.2112,0.2125,189584.3
2026-06-20 21:00:00+00:00,0.2125,0.2139,0.2124,0.213,424512.8
2026-06-20 22:00:00+00:00,0.213,0.2147,0.2127,0.2142,508367.9
2026-06-20 23:00:00+00:00,0.2142,0.2152,0.214,0.2145,354803.3
2026-06-21 00:00:00+00:00,0.2145,0.2163,0.2142,0.216,716598.9
2026-06-21 01:00:00+00:00,0.216,0.2163,0.2144,0.2146,660832.8
2026-06-21 02:00:00+00:00,0.2146,0.2153,0.2136,0.2151,434632.8
2026-06-21 03:00:00+00:00,0.2151,0.2165,0.2144,0.2162,475967.7
2026-06-21 04:00:00+00:00,0.2162,0.2167,0.2141,0.2143,473439.3
2026-06-21 05:00:00+00:00,0.2143,0.2147,0.2134,0.2137,246959.4
2026-06-21 06:00:00+00:00,0.2137,0.2145,0.2136,0.2144,284333.2
2026-06-21 07:00:00+00:00,0.2144,0.2152,0.2137,0.2138,296362.3
2026-06-21 08:00:00+00:00,0.2138,0.2149,0.2129,0.2149,412830.2
2026-06-21 09:00:00+00:00,0.2149,0.2155,0.2142,0.2155,477714.8
2026-06-21 10:00:00+00:00,0.2155,0.2159,0.2142,0.2143,422358.3
2026-06-21 11:00:00+00:00,0.2143,0.2146,0.2131,0.2135,305344.9
2026-06-21 12:00:00+00:00,0.2135,0.2142,0.2125,0.2141,515067.0
2026-06-21 13:00:00+00:00,0.2141,0.2145,0.2132,0.2135,253112.6
2026-06-21 14:00:00+00:00,0.2135,0.2137,0.2119,0.2125,559256.3
2026-06-21 15:00:00+00:00,0.2125,0.2129,0.212,0.2121,293638.3
2026-06-21 16:00:00+00:00,0.2121,0.2122,0.2101,0.2108,676368.5
2026-06-21 17:00:00+00:00,0.2108,0.2115,0.2103,0.2107,230199.9
2026-06-21 18:00:00+00:00,0.2107,0.2118,0.2099,0.2115,214512.5
2026-06-21 19:00:00+00:00,0.2115,0.2121,0.211,0.211,207195.2
2026-06-21 20:00:00+00:00,0.211,0.2118,0.2093,0.2094,1267937.5
2026-06-21 21:00:00+00:00,0.2094,0.2097,0.2067,0.2093,1749602.8
2026-06-21 22:00:00+00:00,0.2093,0.2094,0.2075,0.208,475818.7
2026-06-21 23:00:00+00:00,0.208,0.2083,0.2063,0.2068,729274.9
2026-06-22 00:00:00+00:00,0.2068,0.2088,0.2065,0.2086,732524.2
2026-06-22 01:00:00+00:00,0.2086,0.2116,0.2075,0.2091,1109967.2
2026-06-22 02:00:00+00:00,0.2091,0.2093,0.2068,0.2073,546880.3
2026-06-22 03:00:00+00:00,0.2073,0.2081,0.2059,0.2062,731453.9
2026-06-22 04:00:00+00:00,0.2062,0.2072,0.2055,0.2068,545738.3
2026-06-22 05:00:00+00:00,0.2068,0.2072,0.2064,0.2068,344379.7
2026-06-22 06:00:00+00:00,0.2068,0.2072,0.2062,0.2068,397938.7
2026-06-22 07:00:00+00:00,0.2068,0.209,0.2066,0.2088,568175.7
2026-06-22 08:00:00+00:00,0.2088,0.2093,0.2079,0.209,509981.1
2026-06-22 09:00:00+00:00,0.209,0.209,0.2078,0.2081,367996.6
2026-06-22 10:00:00+00:00,0.2081,0.2095,0.2079,0.2092,394251.1
2026-06-22 11:00:00+00:00,0.2092,0.2135,0.2086,0.2133,1263648.6
2026-06-22 12:00:00+00:00,0.2133,0.214,0.2122,0.2136,988851.6
2026-06-22 13:00:00+00:00,0.2136,0.2143,0.2125,0.2141,743284.9
2026-06-22 14:00:00+00:00,0.2141,0.2142,0.2112,0.2127,1428060.7
2026-06-22 15:00:00+00:00,0.2127,0.2138,0.2073,0.2087,1929577.8
2026-06-22 16:00:00+00:00,0.2087,0.2118,0.2075,0.2113,964983.3
2026-06-22 17:00:00+00:00,0.2113,0.2115,0.2103,0.2108,203114.3
2026-06-22 18:00:00+00:00,0.2108,0.2116,0.2081,0.2088,525931.2
2026-06-22 19:00:00+00:00,0.2088,0.2096,0.2078,0.2091,614802.4
2026-06-22 20:00:00+00:00,0.2091,0.2105,0.209,0.2101,268488.4
2026-06-22 21:00:00+00:00,0.2101,0.2105,0.2085,0.2096,437716.6
2026-06-22 22:00:00+00:00,0.2096,0.2104,0.207,0.2081,1136544.4
2026-06-22 23:00:00+00:00,0.2081,0.2093,0.2073,0.2089,470794.9
2026-06-23 00:00:00+00:00,0.2089,0.2107,0.2085,0.2107,1974190.9
2026-06-23 01:00:00+00:00,0.2107,0.2115,0.2095,0.2114,957172.4
2026-06-23 02:00:00+00:00,0.2114,0.2134,0.2112,0.213,726171.3
2026-06-23 03:00:00+00:00,0.213,0.213,0.2111,0.2118,541645.8
2026-06-23 04:00:00+00:00,0.2118,0.2124,0.2102,0.2109,790535.1
2026-06-23 05:00:00+00:00,0.2109,0.212,0.2095,0.2102,546854.1
2026-06-23 06:00:00+00:00,0.2102,0.2104,0.2027,0.2047,4035942.5
2026-06-23 07:00:00+00:00,0.2047,0.2058,0.2032,0.2041,1367849.0
2026-06-23 08:00:00+00:00,0.2041,0.2045,0.199,0.2038,3159455.1
2026-06-23 09:00:00+00:00,0.2038,0.2056,0.2035,0.2051,557978.4
2026-06-23 10:00:00+00:00,0.2051,0.2059,0.203,0.2037,758368.4
2026-06-23 11:00:00+00:00,0.2037,0.2057,0.2035,0.2045,719889.4
2026-06-23 12:00:00+00:00,0.2045,0.2047,0.2025,0.2027,767191.4
2026-06-23 13:00:00+00:00,0.2027,0.2043,0.2016,0.2039,1364568.1
2026-06-23 14:00:00+00:00,0.2039,0.205,0.2026,0.203,791388.5
2026-06-23 15:00:00+00:00,0.203,0.2032,0.2006,0.2016,924924.9
2026-06-23 16:00:00+00:00,0.2016,0.2032,0.2006,0.2023,697381.6
2026-06-23 17:00:00+00:00,0.2023,0.2033,0.2015,0.202,656704.2
2026-06-23 18:00:00+00:00,0.202,0.2032,0.2018,0.2029,612320.3
2026-06-23 19:00:00+00:00,0.2029,0.2058,0.2028,0.2053,799970.5
2026-06-23 20:00:00+00:00,0.2053,0.2072,0.2053,0.2068,548138.8
2026-06-23 21:00:00+00:00,0.2068,0.2077,0.2039,0.2047,719225.5
2026-06-23 22:00:00+00:00,0.2047,0.2058,0.2043,0.2046,402119.9
2026-06-23 23:00:00+00:00,0.2046,0.2048,0.2036,0.204,454038.5
2026-06-24 00:00:00+00:00,0.204,0.2053,0.204,0.2046,309636.9
2026-06-24 01:00:00+00:00,0.2046,0.205,0.2036,0.2037,293148.8
2026-06-24 02:00:00+00:00,0.2037,0.2039,0.2014,0.2016,490213.1
2026-06-24 03:00:00+00:00,0.2016,0.2016,0.1983,0.1993,1655084.0
2026-06-24 04:00:00+00:00,0.1993,0.2,0.1971,0.1994,1214933.7
2026-06-24 05:00:00+00:00,0.1994,0.2002,0.1993,0.1997,689427.3
2026-06-24 06:00:00+00:00,0.1997,0.1997,0.198,0.198,489631.0
2026-06-24 07:00:00+00:00,0.198,0.1993,0.1979,0.1987,738518.6
2026-06-24 08:00:00+00:00,0.1987,0.2008,0.1982,0.1987,1146568.9
2026-06-24 09:00:00+00:00,0.1987,0.1987,0.1964,0.197,1136403.2
2026-06-24 10:00:00+00:00,0.197,0.1995,0.196,0.1972,2132356.1
2026-06-24 11:00:00+00:00,0.1972,0.1999,0.1959,0.1988,1182700.7
2026-06-24 12:00:00+00:00,0.1988,0.2032,0.1985,0.2006,2457944.6
2026-06-24 13:00:00+00:00,0.2006,0.2006,0.1939,0.1965,5665374.5
2026-06-24 14:00:00+00:00,0.1965,0.1991,0.1958,0.1985,1662060.6
2026-06-24 15:00:00+00:00,0.1985,0.1985,0.1945,0.1958,1645340.9
2026-06-24 16:00:00+00:00,0.1958,0.1978,0.1857,0.1902,10919476.3
2026-06-24 17:00:00+00:00,0.1902,0.1923,0.1868,0.1883,3890125.5
2026-06-24 18:00:00+00:00,0.1883,0.1915,0.1877,0.1903,3678390.1
2026-06-24 19:00:00+00:00,0.1903,0.1913,0.1896,0.1904,1068216.5
2026-06-24 20:00:00+00:00,0.1904,0.1951,0.19,0.1934,2303116.2
2026-06-24 21:00:00+00:00,0.1934,0.1962,0.1923,0.1958,1142458.0
2026-06-24 22:00:00+00:00,0.1958,0.1971,0.195,0.1951,973009.0
2026-06-24 23:00:00+00:00,0.1951,0.1961,0.1948,0.1951,387830.2
2026-06-25 00:00:00+00:00,0.1951,0.1954,0.1925,0.193,1207809.1
2026-06-25 01:00:00+00:00,0.193,0.1937,0.1918,0.1919,719405.6
2026-06-25 02:00:00+00:00,0.1919,0.1933,0.1919,0.1928,451951.5
2026-06-25 03:00:00+00:00,0.1928,0.1931,0.1915,0.1915,597191.1
2026-06-25 04:00:00+00:00,0.1915,0.1932,0.189,0.193,2936943.8
2026-06-25 05:00:00+00:00,0.193,0.1964,0.1927,0.1957,2681917.8
2026-06-25 06:00:00+00:00,0.1957,0.1966,0.1943,0.196,3704597.2
2026-06-25 07:00:00+00:00,0.196,0.1967,0.1933,0.196,3436658.0
2026-06-25 08:00:00+00:00,0.196,0.1977,0.1954,0.1977,681875.4
2026-06-25 09:00:00+00:00,0.1977,0.1979,0.1957,0.196,338987.8
2026-06-25 10:00:00+00:00,0.196,0.1962,0.1946,0.1947,1080545.2
2026-06-25 11:00:00+00:00,0.1947,0.195,0.1933,0.1942,1953679.2
2026-06-25 12:00:00+00:00,0.1942,0.1958,0.1919,0.1941,2634342.2
2026-06-25 13:00:00+00:00,0.1941,0.1957,0.1814,0.1828,8293055.0
2026-06-25 14:00:00+00:00,0.1828,0.1931,0.1828,0.1906,6395114.3
2026-06-25 15:00:00+00:00,0.1906,0.191,0.1875,0.1901,3597002.4
2026-06-25 16:00:00+00:00,0.1901,0.1957,0.1895,0.1899,4492363.6
2026-06-25 17:00:00+00:00,0.1899,0.1935,0.1895,0.1928,1280293.2
2026-06-25 18:00:00+00:00,0.1928,0.1929,0.1911,0.1916,1276119.9
2026-06-25 19:00:00+00:00,0.1916,0.1918,0.1899,0.1905,643464.7
2026-06-25 20:00:00+00:00,0.1905,0.1922,0.1903,0.1906,796915.8
2026-06-25 21:00:00+00:00,0.1906,0.1951,0.1906,0.195,1071111.0
2026-06-25 22:00:00+00:00,0.195,0.1954,0.193,0.1932,591812.7
2026-06-25 23:00:00+00:00,0.1932,0.1942,0.1929,0.1931,395570.7
2026-06-26 00:00:00+00:00,0.1931,0.1933,0.1925,0.1925,359043.9
2026-06-26 01:00:00+00:00,0.1925,0.1932,0.1909,0.1916,461034.4
2026-06-26 02:00:00+00:00,0.1916,0.1916,0.1869,0.1887,2241454.8
2026-06-26 03:00:00+00:00,0.1887,0.1957,0.1878,0.1948,2346254.2
2026-06-26 04:00:00+00:00,0.1948,0.1952,0.1931,0.194,1024951.8
2026-06-26 05:00:00+00:00,0.194,0.1942,0.192,0.1929,574690.0
2026-06-26 06:00:00+00:00,0.1929,0.1952,0.19,0.1941,1531243.0
2026-06-26 07:00:00+00:00,0.1941,0.1949,0.1935,0.1942,664657.5
2026-06-26 08:00:00+00:00,0.1942,0.1944,0.1918,0.1922,468772.8
2026-06-26 09:00:00+00:00,0.1922,0.1931,0.191,0.1911,527045.3
2026-06-26 10:00:00+00:00,0.1911,0.1914,0.19,0.1903,628142.8
2026-06-26 11:00:00+00:00,0.1903,0.1913,0.1873,0.1895,2556770.4
2026-06-26 12:00:00+00:00,0.1895,0.1919,0.1879,0.1888,1385533.6
2026-06-26 13:00:00+00:00,0.1888,0.1927,0.1863,0.1924,2175286.5
2026-06-26 14:00:00+00:00,0.1924,0.1933,0.1913,0.1915,971743.8
2026-06-26 15:00:00+00:00,0.1915,0.1938,0.1914,0.1934,1058896.7
2026-06-26 16:00:00+00:00,0.1934,0.1951,0.1924,0.1929,1515215.2
2026-06-26 17:00:00+00:00,0.1929,0.1938,0.1924,0.1932,494980.3
2026-06-26 18:00:00+00:00,0.1932,0.1935,0.1918,0.1922,444895.8
2026-06-26 19:00:00+00:00,0.1922,0.1948,0.1919,0.193,922944.8
2026-06-26 20:00:00+00:00,0.193,0.1955,0.1928,0.1932,2164403.5
2026-06-26 21:00:00+00:00,0.1932,0.1945,0.1925,0.1932,1051887.3
2026-06-26 22:00:00+00:00,0.1932,0.1934,0.1923,0.1933,406796.0
2026-06-26 23:00:00+00:00,0.1933,0.1939,0.1929,0.1932,329003.1
2026-06-27 00:00:00+00:00,0.1932,0.194,0.1924,0.1934,527024.9
2026-06-27 01:00:00+00:00,0.1934,0.1935,0.1924,0.1924,382747.7
2026-06-27 02:00:00+00:00,0.1924,0.1948,0.1922,0.1941,918977.4
2026-06-27 03:00:00+00:00,0.1941,0.1941,0.1927,0.1931,871426.4
2026-06-27 04:00:00+00:00,0.1931,0.1942,0.1925,0.1926,210624.9
2026-06-27 05:00:00+00:00,0.1926,0.1935,0.1923,0.1934,279081.4
2026-06-27 06:00:00+00:00,0.1934,0.1935,0.1923,0.1925,338174.4
2026-06-27 07:00:00+00:00,0.1925,0.1932,0.1921,0.1929,225998.6
2026-06-27 08:00:00+00:00,0.1929,0.193,0.192,0.1924,427135.1
2026-06-27 09:00:00+00:00,0.1924,0.1929,0.192,0.1925,217589.7
2026-06-27 10:00:00+00:00,0.1925,0.1925,0.1916,0.1922,235487.0
2026-06-27 11:00:00+00:00,0.1922,0.1922,0.1907,0.1919,430750.4
2026-06-27 12:00:00+00:00,0.1919,0.1921,0.1912,0.1919,260815.6
2026-06-27 13:00:00+00:00,0.1919,0.1931,0.1917,0.1926,1045225.2
2026-06-27 14:00:00+00:00,0.1926,0.1934,0.1923,0.1924,236892.3
2026-06-27 15:00:00+00:00,0.1924,0.195,0.1921,0.1943,693933.1
2026-06-27 16:00:00+00:00,0.1943,0.1967,0.1941,0.1942,2391874.0
2026-06-27 17:00:00+00:00,0.1942,0.1943,0.1923,0.1924,503521.2
2026-06-27 18:00:00+00:00,0.1924,0.1928,0.1921,0.1926,262367.6
2026-06-27 19:00:00+00:00,0.1926,0.1932,0.1902,0.1912,749822.3
2026-06-27 20:00:00+00:00,0.1912,0.1919,0.1911,0.1917,186248.5
2026-06-27 21:00:00+00:00,0.1917,0.1921,0.1901,0.1905,530691.0
2026-06-27 22:00:00+00:00,0.1905,0.1918,0.1895,0.1917,582257.5
2026-06-27 23:00:00+00:00,0.1917,0.1921,0.191,0.1913,138498.7
2026-06-28 00:00:00+00:00,0.1913,0.1925,0.191,0.1923,321728.8
2026-06-28 01:00:00+00:00,0.1923,0.1926,0.1918,0.1922,115348.2
2026-06-28 02:00:00+00:00,0.1922,0.1925,0.1908,0.1912,297581.2
2026-06-28 03:00:00+00:00,0.1912,0.1916,0.1909,0.1916,358956.8
2026-06-28 04:00:00+00:00,0.1916,0.1916,0.1909,0.191,364704.9
2026-06-28 05:00:00+00:00,0.191,0.1911,0.1899,0.1902,283067.4
2026-06-28 06:00:00+00:00,0.1902,0.1904,0.1893,0.1904,305323.6
2026-06-28 07:00:00+00:00,0.1904,0.1915,0.1903,0.1915,321236.2
2026-06-28 08:00:00+00:00,0.1915,0.193,0.1913,0.1921,360872.6
2026-06-28 09:00:00+00:00,0.1921,0.1928,0.1912,0.1917,360972.8
2026-06-28 10:00:00+00:00,0.1917,0.1922,0.191,0.1914,177835.4
2026-06-28 11:00:00+00:00,0.1914,0.1924,0.1911,0.1923,319273.8
2026-06-28 12:00:00+00:00,0.1923,0.1926,0.1913,0.1915,244022.5
2026-06-28 13:00:00+00:00,0.1915,0.1915,0.1901,0.1901,698139.4
2026-06-28 14:00:00+00:00,0.1901,0.1916,0.1898,0.1905,394697.4
2026-06-28 15:00:00+00:00,0.1905,0.1914,0.1902,0.191,872574.0
2026-06-28 16:00:00+00:00,0.191,0.1911,0.1888,0.19,1219269.9
2026-06-28 17:00:00+00:00,0.19,0.1904,0.1881,0.1893,556505.0
2026-06-28 18:00:00+00:00,0.1893,0.1898,0.1888,0.1898,180016.8
2026-06-28 19:00:00+00:00,0.1898,0.1906,0.1887,0.1896,503056.0
2026-06-28 20:00:00+00:00,0.1896,0.1906,0.1894,0.1899,136228.9
2026-06-28 21:00:00+00:00,0.1899,0.1899,0.1881,0.1888,624221.7
2026-06-28 22:00:00+00:00,0.1888,0.1909,0.187,0.1879,958206.9
2026-06-28 23:00:00+00:00,0.1879,0.1902,0.1875,0.1894,493348.6
2026-06-29 00:00:00+00:00,0.1894,0.1914,0.188,0.1907,1844192.6
2026-06-29 01:00:00+00:00,0.1907,0.1909,0.1893,0.1896,278146.7
2026-06-29 02:00:00+00:00,0.1896,0.1905,0.1874,0.1902,632331.1
2026-06-29 03:00:00+00:00,0.1902,0.1923,0.1902,0.1911,587483.1
2026-06-29 04:00:00+00:00,0.1911,0.1913,0.1898,0.1901,154551.0
2026-06-29 05:00:00+00:00,0.1901,0.1909,0.1887,0.1908,391316.1
2026-06-29 06:00:00+00:00,0.1908,0.1934,0.1903,0.1906,1002956.0
2026-06-29 07:00:00+00:00,0.1906,0.1912,0.1901,0.1904,264215.0
2026-06-29 08:00:00+00:00,0.1904,0.1909,0.1889,0.1891,374784.7
2026-06-29 09:00:00+00:00,0.1891,0.1898,0.1889,0.1896,356573.8
2026-06-29 10:00:00+00:00,0.1896,0.1905,0.1896,0.19,516559.5
2026-06-29 11:00:00+00:00,0.19,0.1906,0.1889,0.1894,982042.3
2026-06-29 12:00:00+00:00,0.1894,0.1925,0.1885,0.1898,1506374.8
2026-06-29 13:00:00+00:00,0.1898,0.1916,0.1886,0.1899,1287209.2
2026-06-29 14:00:00+00:00,0.1899,0.1906,0.1881,0.1905,1441562.5
2026-06-29 15:00:00+00:00,0.1905,0.1905,0.1878,0.1899,897473.7
2026-06-29 16:00:00+00:00,0.1899,0.1903,0.1888,0.19,380702.0
2026-06-29 17:00:00+00:00,0.19,0.1957,0.1899,0.1935,2417210.8
2026-06-29 18:00:00+00:00,0.1935,0.1943,0.1929,0.1932,403872.6
2026-06-29 19:00:00+00:00,0.1932,0.1946,0.1929,0.1944,477180.8
2026-06-29 20:00:00+00:00,0.1944,0.1944,0.1933,0.1935,378550.0
2026-06-29 21:00:00+00:00,0.1935,0.1941,0.1929,0.1936,244204.8
2026-06-29 22:00:00+00:00,0.1936,0.1939,0.1926,0.1927,258009.8
2026-06-29 23:00:00+00:00,0.1927,0.1929,0.192,0.1921,199643.5
2026-06-30 00:00:00+00:00,0.1921,0.1922,0.1901,0.1905,967621.6
2026-06-30 01:00:00+00:00,0.1905,0.1907,0.1894,0.1901,929645.8
2026-06-30 02:00:00+00:00,0.1901,0.1902,0.1891,0.19,336508.1
2026-06-30 03:00:00+00:00,0.19,0.1904,0.1894,0.1894,282988.7
2026-06-30 04:00:00+00:00,0.1894,0.1902,0.1891,0.1899,473227.8
2026-06-30 05:00:00+00:00,0.1899,0.1909,0.1898,0.1908,222110.9
2026-06-30 06:00:00+00:00,0.1908,0.1922,0.1906,0.1921,309659.4
2026-06-30 07:00:00+00:00,0.1921,0.1924,0.19,0.1903,653273.0
2026-06-30 08:00:00+00:00,0.1903,0.1909,0.188,0.1888,1121801.3
2026-06-30 09:00:00+00:00,0.1888,0.1896,0.1887,0.189,397849.9
2026-06-30 10:00:00+00:00,0.189,0.189,0.1883,0.1885,239401.9
2026-06-30 11:00:00+00:00,0.1885,0.1888,0.1853,0.1859,3416201.6
2026-06-30 12:00:00+00:00,0.1859,0.1861,0.1839,0.1839,1631396.1
2026-06-30 13:00:00+00:00,0.1839,0.1863,0.1838,0.1861,1886426.1
2026-06-30 14:00:00+00:00,0.1861,0.1885,0.1859,0.1872,1278016.1
2026-06-30 15:00:00+00:00,0.1872,0.1881,0.1859,0.1871,688664.3
2026-06-30 16:00:00+00:00,0.1871,0.189,0.1869,0.1882,995566.8
2026-06-30 17:00:00+00:00,0.1882,0.1892,0.1879,0.1879,401153.8
2026-06-30 18:00:00+00:00,0.1879,0.1899,0.1874,0.1888,520600.8
2026-06-30 19:00:00+00:00,0.1888,0.189,0.1882,0.189,519017.5
2026-06-30 20:00:00+00:00,0.189,0.189,0.187,0.187,449680.1
2026-06-30 21:00:00+00:00,0.187,0.1875,0.1864,0.1865,377736.0
2026-06-30 22:00:00+00:00,0.1865,0.1869,0.1851,0.1852,345072.5
2026-06-30 23:00:00+00:00,0.1852,0.1856,0.1841,0.1843,395172.4
2026-07-01 00:00:00+00:00,0.1843,0.185,0.1839,0.1845,751457.3
2026-07-01 01:00:00+00:00,0.1845,0.1859,0.1811,0.1853,2179313.5
2026-07-01 02:00:00+00:00,0.1853,0.1865,0.1847,0.1863,566170.3
2026-07-01 03:00:00+00:00,0.1863,0.1884,0.1858,0.188,859433.8
2026-07-01 04:00:00+00:00,0.188,0.1897,0.188,0.1892,477644.6
2026-07-01 05:00:00+00:00,0.1892,0.1893,0.1879,0.1889,374537.1
2026-07-01 06:00:00+00:00,0.1889,0.1889,0.1867,0.1874,288793.4
2026-07-01 07:00:00+00:00,0.1874,0.1879,0.1862,0.1879,501082.4
2026-07-01 08:00:00+00:00,0.1879,0.1886,0.1869,0.1886,337487.0
2026-07-01 09:00:00+00:00,0.1886,0.1896,0.1884,0.1895,503611.0
2026-07-01 10:00:00+00:00,0.1895,0.1904,0.189,0.1898,958237.7
2026-07-01 11:00:00+00:00,0.1898,0.1911,0.1898,0.1906,384265.6
2026-07-01 12:00:00+00:00,0.1906,0.1907,0.1887,0.1896,720406.6
2026-07-01 13:00:00+00:00,0.1896,0.1928,0.1891,0.1925,3040527.3
2026-07-01 14:00:00+00:00,0.1925,0.1933,0.1907,0.1918,1204790.3
2026-07-01 15:00:00+00:00,0.1918,0.1957,0.1915,0.194,2479475.8
2026-07-01 16:00:00+00:00,0.194,0.1986,0.1939,0.1949,4482114.1
2026-07-01 17:00:00+00:00,0.1949,0.1982,0.1933,0.1976,2162977.3
2026-07-01 18:00:00+00:00,0.1976,0.1984,0.1953,0.1955,1090441.4
2026-07-01 19:00:00+00:00,0.1955,0.1984,0.1954,0.1971,1249620.9
2026-07-01 20:00:00+00:00,0.1971,0.2,0.1963,0.1992,1119048.0
2026-07-01 21:00:00+00:00,0.1992,0.204,0.1992,0.2031,2760394.6
2026-07-01 22:00:00+00:00,0.2031,0.2086,0.2024,0.2074,4541550.4
2026-07-01 23:00:00+00:00,0.2074,0.2076,0.2044,0.2052,2449817.2
2026-07-02 00:00:00+00:00,0.2052,0.2071,0.2013,0.2045,4469174.4
2026-07-02 01:00:00+00:00,0.2045,0.2081,0.2037,0.2067,1905729.0
2026-07-02 02:00:00+00:00,0.2067,0.207,0.2039,0.2046,1256787.5
2026-07-02 03:00:00+00:00,0.2046,0.2058,0.2028,0.2058,2907832.9
2026-07-02 04:00:00+00:00,0.2058,0.2058,0.2021,0.2023,1377416.5
2026-07-02 05:00:00+00:00,0.2023,0.2023,0.1999,0.2007,1907524.4
2026-07-02 06:00:00+00:00,0.2007,0.201,0.1989,0.1989,1130652.2
2026-07-02 07:00:00+00:00,0.1989,0.1998,0.1989,0.199,433300.5
2026-07-02 08:00:00+00:00,0.199,0.2011,0.199,0.2011,710138.6
2026-07-02 09:00:00+00:00,0.2011,0.206,0.2003,0.2056,3716018.3
2026-07-02 10:00:00+00:00,0.2056,0.2077,0.2051,0.2062,2788120.4
2026-07-02 11:00:00+00:00,0.2062,0.2078,0.2055,0.2077,830560.7
2026-07-02 12:00:00+00:00,0.2077,0.2114,0.2077,0.2092,2818580.5
2026-07-02 13:00:00+00:00,0.2092,0.213,0.2085,0.2118,4029753.1
2026-07-02 14:00:00+00:00,0.2118,0.2125,0.2058,0.2067,4166339.8
2026-07-02 15:00:00+00:00,0.2067,0.2068,0.2052,0.2058,1039889.9
2026-07-02 16:00:00+00:00,0.2058,0.2064,0.204,0.2047,1496857.5
2026-07-02 17:00:00+00:00,0.2047,0.2059,0.2038,0.2043,1630021.0
2026-07-02 18:00:00+00:00,0.2043,0.2062,0.2039,0.2043,1510307.4
2026-07-02 19:00:00+00:00,0.2043,0.2049,0.2032,0.2034,532987.5
2026-07-02 20:00:00+00:00,0.2034,0.2036,0.2021,0.2028,743738.3
2026-07-02 21:00:00+00:00,0.2028,0.2054,0.2025,0.2052,1890412.0
2026-07-02 22:00:00+00:00,0.2052,0.2068,0.2047,0.2059,1214696.8
2026-07-02 23:00:00+00:00,0.2059,0.2061,0.205,0.2051,342487.4
2026-07-03 00:00:00+00:00,0.2051,0.2058,0.2045,0.2054,675439.0
2026-07-03 01:00:00+00:00,0.2054,0.2092,0.2054,0.2084,2236945.4
2026-07-03 02:00:00+00:00,0.2084,0.2091,0.207,0.208,727483.7
2026-07-03 03:00:00+00:00,0.208,0.2119,0.2076,0.2083,2651622.5
2026-07-03 04:00:00+00:00,0.2083,0.2086,0.2066,0.2066,424085.7
2026-07-03 05:00:00+00:00,0.2066,0.2082,0.2064,0.207,543974.7
2026-07-03 06:00:00+00:00,0.207,0.2081,0.2056,0.2064,1441612.6
2026-07-03 07:00:00+00:00,0.2064,0.2064,0.2046,0.2047,703007.1
2026-07-03 08:00:00+00:00,0.2047,0.2064,0.2046,0.2046,957787.4
2026-07-03 09:00:00+00:00,0.2046,0.205,0.2033,0.2049,391728.4
2026-07-03 10:00:00+00:00,0.2049,0.2058,0.2046,0.2056,784981.0
2026-07-03 11:00:00+00:00,0.2056,0.2074,0.2055,0.2066,999110.7
2026-07-03 12:00:00+00:00,0.2066,0.2083,0.2066,0.2083,1406435.7
2026-07-03 13:00:00+00:00,0.2083,0.2094,0.2077,0.2091,1068154.9
2026-07-03 14:00:00+00:00,0.2091,0.2091,0.2064,0.208,602503.5
2026-07-03 15:00:00+00:00,0.208,0.2099,0.2061,0.2062,776787.0
2026-07-03 16:00:00+00:00,0.2062,0.2065,0.2047,0.2062,720731.7
2026-07-03 17:00:00+00:00,0.2062,0.207,0.2051,0.2066,611600.6
2026-07-03 18:00:00+00:00,0.2066,0.2102,0.2039,0.2065,3677747.4
2026-07-03 19:00:00+00:00,0.2065,0.2079,0.2062,0.207,659025.3
2026-07-03 20:00:00+00:00,0.207,0.2117,0.2069,0.2106,1663074.5
2026-07-03 21:00:00+00:00,0.2106,0.2123,0.2087,0.2097,1416052.0
2026-07-03 22:00:00+00:00,0.2097,0.2099,0.2076,0.2079,1527988.0
2026-07-03 23:00:00+00:00,0.2079,0.2094,0.2076,0.209,349962.1
2026-07-04 00:00:00+00:00,0.209,0.2127,0.2087,0.2109,4998214.0
2026-07-04 01:00:00+00:00,0.2109,0.2117,0.2086,0.2088,1501252.3
2026-07-04 02:00:00+00:00,0.2088,0.209,0.2061,0.2069,2501830.4
2026-07-04 03:00:00+00:00,0.2069,0.207,0.2046,0.2061,730899.6
2026-07-04 04:00:00+00:00,0.2061,0.207,0.2059,0.2064,445686.0
2026-07-04 05:00:00+00:00,0.2064,0.207,0.2056,0.2062,324186.9
2026-07-04 06:00:00+00:00,0.2062,0.2074,0.206,0.2068,356692.3
2026-07-04 07:00:00+00:00,0.2068,0.2074,0.2058,0.2068,410086.1
2026-07-04 08:00:00+00:00,0.2068,0.208,0.2066,0.2074,514998.6
2026-07-04 09:00:00+00:00,0.2074,0.2074,0.2046,0.2046,1030707.2
2026-07-04 10:00:00+00:00,0.2046,0.2057,0.2032,0.2055,1251322.6
2026-07-04 11:00:00+00:00,0.2055,0.207,0.2051,0.2068,976629.3
2026-07-04 12:00:00+00:00,0.2068,0.2075,0.2065,0.2069,376533.5
2026-07-04 13:00:00+00:00,0.2069,0.2083,0.2068,0.2072,857655.5
2026-07-04 14:00:00+00:00,0.2072,0.2077,0.2066,0.2073,405608.8
2026-07-04 15:00:00+00:00,0.2073,0.2098,0.2071,0.2092,1410997.4
2026-07-04 16:00:00+00:00,0.2092,0.2189,0.209,0.2162,8184210.4
2026-07-04 17:00:00+00:00,0.2162,0.2173,0.2144,0.2156,2628764.2
2026-07-04 18:00:00+00:00,0.2156,0.2158,0.2141,0.2152,576560.2
2026-07-04 19:00:00+00:00,0.2152,0.2161,0.2134,0.214,777160.0
2026-07-04 20:00:00+00:00,0.214,0.2141,0.2116,0.212,562570.8
2026-07-04 21:00:00+00:00,0.212,0.214,0.212,0.2133,444579.4
2026-07-04 22:00:00+00:00,0.2133,0.2135,0.212,0.2126,355027.7
2026-07-04 23:00:00+00:00,0.2126,0.2131,0.2106,0.2119,1029333.2
2026-07-05 00:00:00+00:00,0.2119,0.2135,0.2111,0.2124,666924.4
2026-07-05 01:00:00+00:00,0.2124,0.2136,0.2104,0.2127,872009.5
2026-07-05 02:00:00+00:00,0.2127,0.213,0.2109,0.2119,602765.0
2026-07-05 03:00:00+00:00,0.2119,0.2124,0.209,0.2099,1758369.3
2026-07-05 04:00:00+00:00,0.2099,0.2112,0.2095,0.2101,602636.4
2026-07-05 05:00:00+00:00,0.2101,0.2101,0.2078,0.2088,998744.4
2026-07-05 06:00:00+00:00,0.2088,0.2099,0.2083,0.2094,416924.7
2026-07-05 07:00:00+00:00,0.2094,0.2101,0.2091,0.2091,417523.6
2026-07-05 08:00:00+00:00,0.2091,0.2104,0.2091,0.2098,344181.3
2026-07-05 09:00:00+00:00,0.2098,0.2101,0.2079,0.2095,645616.1
2026-07-05 10:00:00+00:00,0.2095,0.2097,0.2084,0.2091,620939.1
2026-07-05 11:00:00+00:00,0.2091,0.2094,0.2081,0.2084,345918.6
2026-07-05 12:00:00+00:00,0.2084,0.2125,0.2071,0.212,2833659.1
2026-07-05 13:00:00+00:00,0.212,0.2127,0.2103,0.2121,614315.0
2026-07-05 14:00:00+00:00,0.2121,0.2127,0.211,0.212,219462.1
2026-07-05 15:00:00+00:00,0.212,0.215,0.2114,0.2123,1461305.9
2026-07-05 16:00:00+00:00,0.2123,0.2132,0.2116,0.2126,761629.0
2026-07-05 17:00:00+00:00,0.2126,0.2129,0.2108,0.211,418564.3
2026-07-05 18:00:00+00:00,0.211,0.2118,0.2109,0.2112,386211.5
2026-07-05 19:00:00+00:00,0.2112,0.2127,0.2109,0.2114,425373.4
2026-07-05 20:00:00+00:00,0.2114,0.2122,0.2111,0.2113,162167.1
2026-07-05 21:00:00+00:00,0.2113,0.2132,0.2109,0.2123,746666.7
2026-07-05 22:00:00+00:00,0.2123,0.2151,0.2118,0.2148,1239476.5
2026-07-05 23:00:00+00:00,0.2148,0.2153,0.2139,0.215,531446.4
2026-07-06 00:00:00+00:00,0.215,0.2153,0.212,0.2144,1039957.0
2026-07-06 01:00:00+00:00,0.2144,0.2146,0.2121,0.2124,563017.2
2026-07-06 02:00:00+00:00,0.2124,0.2134,0.2114,0.2126,813254.5
2026-07-06 03:00:00+00:00,0.2126,0.2139,0.2117,0.2138,414078.3
2026-07-06 04:00:00+00:00,0.2138,0.2143,0.2124,0.2125,389940.7
2026-07-06 05:00:00+00:00,0.2125,0.2125,0.2104,0.2112,515431.4
2026-07-06 06:00:00+00:00,0.2112,0.2114,0.2096,0.211,804185.0
2026-07-06 07:00:00+00:00,0.211,0.2114,0.2106,0.2109,191879.0
2026-07-06 08:00:00+00:00,0.2109,0.2115,0.2102,0.2106,335393.3
2026-07-06 09:00:00+00:00,0.2106,0.2107,0.2078,0.2085,2567836.8
2026-07-06 10:00:00+00:00,0.2085,0.21,0.2074,0.2084,2506414.0
2026-07-06 11:00:00+00:00,0.2084,0.2093,0.2057,0.2058,5658455.8
2026-07-06 12:00:00+00:00,0.2058,0.2063,0.1999,0.2013,8526898.6
2026-07-06 13:00:00+00:00,0.2013,0.2058,0.1984,0.2042,3672398.8
2026-07-06 14:00:00+00:00,0.2042,0.2075,0.2036,0.2038,8690114.8
2026-07-06 15:00:00+00:00,0.2038,0.2093,0.2028,0.2084,7031259.6
2026-07-06 16:00:00+00:00,0.2084,0.2109,0.2069,0.2108,2087207.5
2026-07-06 17:00:00+00:00,0.2108,0.2154,0.21,0.2133,1951847.3
2026-07-06 18:00:00+00:00,0.2133,0.214,0.2113,0.213,1209231.3
2026-07-06 19:00:00+00:00,0.213,0.2154,0.2129,0.2142,2820401.5
2026-07-06 20:00:00+00:00,0.2142,0.2146,0.2128,0.2141,591438.0
2026-07-06 21:00:00+00:00,0.2141,0.2181,0.2141,0.2168,2847549.0
2026-07-06 22:00:00+00:00,0.2168,0.2169,0.2139,0.2144,785880.3
2026-07-06 23:00:00+00:00,0.2144,0.2161,0.2143,0.2158,747907.1
2026-07-07 00:00:00+00:00,0.2158,0.2174,0.2147,0.2166,1535217.1
2026-07-07 01:00:00+00:00,0.2166,0.2188,0.2157,0.2171,2324149.0
2026-07-07 02:00:00+00:00,0.2171,0.2176,0.213,0.2138,3569839.6
2026-07-07 03:00:00+00:00,0.2138,0.2144,0.207,0.2075,6625614.4
2026-07-07 04:00:00+00:00,0.2075,0.2078,0.2043,0.2075,5627677.3
2026-07-07 05:00:00+00:00,0.2075,0.2091,0.2064,0.2085,1667279.9
2026-07-07 06:00:00+00:00,0.2085,0.2102,0.2081,0.2094,551926.2
2026-07-07 07:00:00+00:00,0.2094,0.2104,0.2081,0.2083,863864.0
2026-07-07 08:00:00+00:00,0.2083,0.2104,0.2078,0.2083,960002.0
2026-07-07 09:00:00+00:00,0.2083,0.2113,0.208,0.2105,1396135.9
2026-07-07 10:00:00+00:00,0.2105,0.2116,0.2091,0.2092,393311.2
2026-07-07 11:00:00+00:00,0.2092,0.2103,0.2085,0.2099,356854.2
2026-07-07 12:00:00+00:00,0.2099,0.2116,0.2088,0.2088,1600527.5
2026-07-07 13:00:00+00:00,0.2088,0.2092,0.2073,0.2078,761045.2
2026-07-07 14:00:00+00:00,0.2078,0.2092,0.2043,0.209,4479955.3
2026-07-07 15:00:00+00:00,0.209,0.2125,0.2086,0.212,1967279.9
2026-07-07 16:00:00+00:00,0.212,0.2128,0.2102,0.212,2415846.4
2026-07-07 17:00:00+00:00,0.212,0.2122,0.2104,0.2114,651848.5
2026-07-07 18:00:00+00:00,0.2114,0.2129,0.209,0.209,1031774.1
2026-07-07 19:00:00+00:00,0.209,0.2104,0.2076,0.2102,1561672.5
2026-07-07 20:00:00+00:00,0.2102,0.2112,0.2088,0.2091,1092670.5
2026-07-07 21:00:00+00:00,0.2091,0.2093,0.207,0.207,792505.0
2026-07-07 22:00:00+00:00,0.207,0.2074,0.2047,0.2069,1840023.0
2026-07-07 23:00:00+00:00,0.2069,0.2073,0.2059,0.206,263177.1
2026-07-08 00:00:00+00:00,0.206,0.2078,0.206,0.2069,677971.5
2026-07-08 01:00:00+00:00,0.2069,0.2078,0.2051,0.206,882359.0
2026-07-08 02:00:00+00:00,0.206,0.2062,0.2033,0.206,2787430.0
2026-07-08 03:00:00+00:00,0.206,0.2079,0.2052,0.2055,820064.1
2026-07-08 04:00:00+00:00,0.2055,0.2063,0.2048,0.2062,736853.9
2026-07-08 05:00:00+00:00,0.2062,0.2101,0.206,0.2095,2251449.4
2026-07-08 06:00:00+00:00,0.2095,0.2097,0.207,0.2082,1870898.4
2026-07-08 07:00:00+00:00,0.2082,0.2097,0.2061,0.2064,2895898.1
2026-07-08 08:00:00+00:00,0.2064,0.2074,0.1997,0.2003,7527000.0
2026-07-08 09:00:00+00:00,0.2003,0.2021,0.2001,0.201,1637216.1
2026-07-08 10:00:00+00:00,0.201,0.2022,0.2002,0.2016,1074448.4
2026-07-08 11:00:00+00:00,0.2016,0.2036,0.2014,0.2029,1905906.4
2026-07-08 12:00:00+00:00,0.2029,0.2036,0.2016,0.2019,1433813.0
2026-07-08 13:00:00+00:00,0.2019,0.2059,0.2002,0.2046,4353486.4
2026-07-08 14:00:00+00:00,0.2046,0.2063,0.2037,0.206,6127203.2
2026-07-08 15:00:00+00:00,0.206,0.2063,0.2019,0.2033,7235104.7
2026-07-08 16:00:00+00:00,0.2033,0.2049,0.2013,0.2046,3233040.3
2026-07-08 17:00:00+00:00,0.2046,0.2069,0.2046,0.2055,900171.0
2026-07-08 18:00:00+00:00,0.2055,0.2062,0.2045,0.2047,392952.9
2026-07-08 19:00:00+00:00,0.2047,0.205,0.2037,0.204,648890.5
2026-07-08 20:00:00+00:00,0.204,0.2045,0.2019,0.2021,1080144.7
2026-07-08 21:00:00+00:00,0.2021,0.2027,0.1999,0.2013,1346052.5
2026-07-08 22:00:00+00:00,0.2013,0.2019,0.1986,0.1997,2715238.5
2026-07-08 23:00:00+00:00,0.1997,0.2012,0.1976,0.1998,1824620.9
2026-07-09 00:00:00+00:00,0.1998,0.2011,0.199,0.1998,1499448.5
2026-07-09 01:00:00+00:00,0.1998,0.2033,0.1995,0.2005,2310331.6
2026-07-09 02:00:00+00:00,0.2005,0.2027,0.2001,0.2011,1107457.0
2026-07-09 03:00:00+00:00,0.2011,0.2022,0.2001,0.2005,1477353.3
2026-07-09 04:00:00+00:00,0.2005,0.2051,0.2002,0.2048,1843754.7
2026-07-09 05:00:00+00:00,0.2048,0.2048,0.2024,0.2036,961973.1
2026-07-09 06:00:00+00:00,0.2036,0.2045,0.2033,0.204,651480.3
2026-07-09 07:00:00+00:00,0.204,0.2045,0.2027,0.2029,415678.6
2026-07-09 08:00:00+00:00,0.2029,0.2033,0.2022,0.2022,340616.9
2026-07-09 09:00:00+00:00,0.2022,0.2024,0.2011,0.2021,396131.0
2026-07-09 10:00:00+00:00,0.2021,0.2035,0.2004,0.201,753368.1
2026-07-09 11:00:00+00:00,0.201,0.2013,0.2001,0.2011,409094.1
2026-07-09 12:00:00+00:00,0.2011,0.2022,0.2003,0.2004,910258.3
2026-07-09 13:00:00+00:00,0.2004,0.2026,0.1999,0.2021,434963.0
2026-07-09 14:00:00+00:00,0.2021,0.2032,0.2012,0.2026,1263783.1
2026-07-09 15:00:00+00:00,0.2026,0.203,0.1999,0.2006,1479049.0
2026-07-09 16:00:00+00:00,0.2006,0.2023,0.1987,0.1994,2919596.9
2026-07-09 17:00:00+00:00,0.1994,0.2022,0.1994,0.2022,1507916.0
2026-07-09 18:00:00+00:00,0.2022,0.2033,0.2018,0.2026,555178.0
2026-07-09 19:00:00+00:00,0.2026,0.2029,0.2019,0.2019,429371.7
2026-07-09 20:00:00+00:00,0.2019,0.2022,0.2009,0.2012,676054.3
2026-07-09 21:00:00+00:00,0.2012,0.2018,0.2005,0.2018,590444.9
2026-07-09 22:00:00+00:00,0.2018,0.2028,0.2014,0.2023,691512.5
2026-07-09 23:00:00+00:00,0.2023,0.2043,0.2023,0.2035,1148579.5
2026-07-10 00:00:00+00:00,0.2035,0.2036,0.2018,0.2031,370936.0
2026-07-10 01:00:00+00:00,0.2031,0.2065,0.2023,0.2056,2008155.4
2026-07-10 02:00:00+00:00,0.2056,0.2067,0.2047,0.2059,1190491.0
2026-07-10 03:00:00+00:00,0.2059,0.206,0.2044,0.2055,160075.6
2026-07-10 04:00:00+00:00,0.2055,0.2059,0.2046,0.2055,560317.9
2026-07-10 05:00:00+00:00,0.2055,0.206,0.2049,0.2059,442128.2
2026-07-10 06:00:00+00:00,0.2059,0.2065,0.2052,0.2055,456541.1
2026-07-10 07:00:00+00:00,0.2055,0.2059,0.2047,0.2049,386736.9
2026-07-10 08:00:00+00:00,0.2049,0.2068,0.2049,0.2063,729741.5
2026-07-10 09:00:00+00:00,0.2063,0.208,0.2055,0.2079,1441302.2
2026-07-10 10:00:00+00:00,0.2079,0.2098,0.2071,0.2078,875223.3
2026-07-10 11:00:00+00:00,0.2078,0.2093,0.2076,0.2092,493645.0
2026-07-10 12:00:00+00:00,0.2092,0.2124,0.2084,0.211,2589636.7
2026-07-10 13:00:00+00:00,0.211,0.2134,0.2105,0.2113,1199611.7
2026-07-10 14:00:00+00:00,0.2113,0.2119,0.2062,0.2071,1967322.6
2026-07-10 15:00:00+00:00,0.2071,0.2084,0.2069,0.2081,713195.4
2026-07-10 16:00:00+00:00,0.2081,0.2083,0.2056,0.2072,678823.3
2026-07-10 17:00:00+00:00,0.2072,0.2075,0.2059,0.2059,271233.6
2026-07-10 18:00:00+00:00,0.2059,0.2071,0.2056,0.2061,654694.7
2026-07-10 19:00:00+00:00,0.2061,0.2071,0.2059,0.2066,386248.2
2026-07-10 20:00:00+00:00,0.2066,0.207,0.2058,0.2058,100079.9
2026-07-10 21:00:00+00:00,0.2058,0.2071,0.2057,0.2069,478598.4
2026-07-10 22:00:00+00:00,0.2069,0.2077,0.2065,0.2065,559629.6
2026-07-10 23:00:00+00:00,0.2065,0.2065,0.205,0.2055,559168.5
2026-07-11 00:00:00+00:00,0.2055,0.2062,0.2043,0.2059,553754.9
2026-07-11 01:00:00+00:00,0.2059,0.2075,0.2057,0.2074,361333.5
2026-07-11 02:00:00+00:00,0.2074,0.2085,0.2064,0.2075,1014915.0
2026-07-11 03:00:00+00:00,0.2075,0.2079,0.2068,0.207,376618.1
2026-07-11 04:00:00+00:00,0.207,0.2073,0.2062,0.2065,347719.7
2026-07-11 05:00:00+00:00,0.2065,0.2072,0.2059,0.2063,224667.2
2026-07-11 06:00:00+00:00,0.2063,0.2067,0.2057,0.2057,288220.5
2026-07-11 07:00:00+00:00,0.2057,0.206,0.204,0.2043,560439.6
2026-07-11 08:00:00+00:00,0.2043,0.2066,0.204,0.2064,372197.0
2026-07-11 09:00:00+00:00,0.2064,0.2064,0.2051,0.2051,131853.3
2026-07-11 10:00:00+00:00,0.2051,0.2056,0.2048,0.2054,167211.3
2026-07-11 11:00:00+00:00,0.2054,0.2061,0.2048,0.206,301064.7
2026-07-11 12:00:00+00:00,0.206,0.2067,0.2057,0.2064,278165.2
2026-07-11 13:00:00+00:00,0.2064,0.2086,0.2064,0.2078,405365.3
2026-07-11 14:00:00+00:00,0.2078,0.2092,0.207,0.2087,871015.3
2026-07-11 15:00:00+00:00,0.2087,0.2101,0.207,0.208,1535192.6
2026-07-11 16:00:00+00:00,0.208,0.2097,0.2072,0.2085,858620.3
2026-07-11 17:00:00+00:00,0.2085,0.212,0.208,0.2119,1178178.3
2026-07-11 18:00:00+00:00,0.2119,0.2146,0.2113,0.2133,1811149.0
2026-07-11 19:00:00+00:00,0.2133,0.217,0.2133,0.2153,2459575.1
2026-07-11 20:00:00+00:00,0.2153,0.2166,0.2143,0.2165,1539247.0
2026-07-11 21:00:00+00:00,0.2165,0.2166,0.2116,0.2121,1847161.7
2026-07-11 22:00:00+00:00,0.2121,0.2125,0.2098,0.2109,1488380.9
2026-07-11 23:00:00+00:00,0.2109,0.2111,0.2076,0.2079,1863057.0
2026-07-12 00:00:00+00:00,0.2079,0.2091,0.2051,0.2069,2131755.0
2026-07-12 01:00:00+00:00,0.2069,0.2092,0.2067,0.2087,848726.9
2026-07-12 02:00:00+00:00,0.2087,0.2097,0.208,0.2089,403888.6
2026-07-12 03:00:00+00:00,0.2089,0.2095,0.2082,0.2088,213231.7
2026-07-12 04:00:00+00:00,0.2088,0.2091,0.2071,0.2073,245671.0
2026-07-12 05:00:00+00:00,0.2073,0.2079,0.2061,0.2066,563251.6
2026-07-12 06:00:00+00:00,0.2066,0.2066,0.2031,0.2051,1639236.3
2026-07-12 07:00:00+00:00,0.2051,0.2057,0.2044,0.205,314740.1
2026-07-12 08:00:00+00:00,0.205,0.2061,0.2048,0.2051,411365.9
2026-07-12 09:00:00+00:00,0.2051,0.2058,0.2043,0.2052,169765.1
2026-07-12 10:00:00+00:00,0.2052,0.206,0.205,0.2055,445574.5
2026-07-12 11:00:00+00:00,0.2055,0.2067,0.2051,0.2064,266153.0
2026-07-12 12:00:00+00:00,0.2064,0.2069,0.2057,0.2057,118939.8
2026-07-12 13:00:00+00:00,0.2057,0.2066,0.2053,0.2053,347666.4
2026-07-12 14:00:00+00:00,0.2053,0.2064,0.204,0.2061,796359.6
2026-07-12 15:00:00+00:00,0.2061,0.207,0.2058,0.2063,475431.5
2026-07-12 16:00:00+00:00,0.2063,0.209,0.206,0.2088,856862.1
2026-07-12 17:00:00+00:00,0.2088,0.2088,0.2055,0.2062,1151090.7
2026-07-12 18:00:00+00:00,0.2062,0.2073,0.206,0.2068,613349.1
2026-07-12 19:00:00+00:00,0.2068,0.2109,0.2067,0.2105,1758658.1
2026-07-12 20:00:00+00:00,0.2105,0.2108,0.2099,0.2108,313549.2
2026-07-12 21:00:00+00:00,0.2108,0.2109,0.2083,0.2084,565025.2
2026-07-12 22:00:00+00:00,0.2084,0.2084,0.2057,0.2077,811947.5
2026-07-12 23:00:00+00:00,0.2077,0.2077,0.2068,0.2069,201709.5
2026-07-13 00:00:00+00:00,0.2069,0.2113,0.2066,0.2079,1143551.9
2026-07-13 01:00:00+00:00,0.2079,0.2083,0.2043,0.2046,909454.8
2026-07-13 02:00:00+00:00,0.2046,0.2057,0.2027,0.2031,1128225.8
2026-07-13 03:00:00+00:00,0.2031,0.2031,0.1996,0.2016,1654390.7
2026-07-13 04:00:00+00:00,0.2016,0.203,0.2009,0.2018,884161.4
2026-07-13 05:00:00+00:00,0.2018,0.2038,0.201,0.203,687110.8
2026-07-13 06:00:00+00:00,0.203,0.2041,0.2028,0.2034,316426.2
2026-07-13 07:00:00+00:00,0.2034,0.2068,0.203,0.2067,752782.8
2026-07-13 08:00:00+00:00,0.2067,0.2094,0.2056,0.2089,1577139.9
2026-07-13 09:00:00+00:00,0.2089,0.2089,0.2066,0.2074,572747.8
2026-07-13 10:00:00+00:00,0.2074,0.2074,0.2059,0.2061,635763.3
2026-07-13 11:00:00+00:00,0.2061,0.2094,0.2061,0.2087,1037484.1
2026-07-13 12:00:00+00:00,0.2087,0.2093,0.2065,0.208,1139917.1
2026-07-13 13:00:00+00:00,0.208,0.2086,0.2063,0.2068,983273.3
2026-07-13 14:00:00+00:00,0.2068,0.2152,0.2057,0.215,3071778.9
2026-07-13 15:00:00+00:00,0.215,0.2158,0.2112,0.2154,4073847.9
2026-07-13 16:00:00+00:00,0.2154,0.2163,0.2104,0.2141,3850945.3
2026-07-13 17:00:00+00:00,0.2141,0.2179,0.2102,0.2105,4330244.4
2026-07-13 18:00:00+00:00,0.2105,0.2141,0.2105,0.2122,1662479.1
2026-07-13 19:00:00+00:00,0.2122,0.2178,0.2121,0.2172,3224565.1
2026-07-13 20:00:00+00:00,0.2172,0.2203,0.2162,0.2168,5079001.9
2026-07-13 21:00:00+00:00,0.2168,0.2169,0.2112,0.2116,2489630.6
2026-07-13 22:00:00+00:00,0.2116,0.2123,0.2097,0.2118,1900800.5
2026-07-13 23:00:00+00:00,0.2118,0.2136,0.2109,0.2135,929784.2
2026-07-14 00:00:00+00:00,0.2135,0.2154,0.2129,0.2149,1194180.2
2026-07-14 01:00:00+00:00,0.2149,0.2173,0.2136,0.2136,1523292.8
2026-07-14 02:00:00+00:00,0.2136,0.2143,0.2116,0.2121,730746.0
2026-07-14 03:00:00+00:00,0.2121,0.2165,0.2107,0.2165,1101226.9
2026-07-14 04:00:00+00:00,0.2165,0.2204,0.215,0.2191,2869776.1
2026-07-14 05:00:00+00:00,0.2191,0.2251,0.2187,0.2247,4259240.5
2026-07-14 06:00:00+00:00,0.2247,0.2267,0.2216,0.2235,5221620.9
2026-07-14 07:00:00+00:00,0.2235,0.2241,0.2213,0.2219,2685007.2
2026-07-14 08:00:00+00:00,0.2219,0.2244,0.221,0.222,2793196.3
2026-07-14 09:00:00+00:00,0.222,0.2237,0.2214,0.2228,1241377.7
2026-07-14 10:00:00+00:00,0.2228,0.2234,0.2201,0.2205,2258571.6
2026-07-14 11:00:00+00:00,0.2205,0.2218,0.2196,0.2213,2127696.5
2026-07-14 12:00:00+00:00,0.2213,0.2299,0.2208,0.2282,9724564.7
2026-07-14 13:00:00+00:00,0.2282,0.2287,0.2243,0.2249,3949016.2
2026-07-14 14:00:00+00:00,0.2249,0.2257,0.2225,0.225,2517748.4
2026-07-14 15:00:00+00:00,0.225,0.2266,0.223,0.2256,2508953.5
2026-07-14 16:00:00+00:00,0.2256,0.2268,0.2232,0.2245,2043694.4
2026-07-14 17:00:00+00:00,0.2245,0.2245,0.2204,0.2226,3090117.9
2026-07-14 18:00:00+00:00,0.2226,0.224,0.2214,0.2232,1371601.3
2026-07-14 19:00:00+00:00,0.2232,0.224,0.222,0.2227,1780898.3
2026-07-14 20:00:00+00:00,0.2227,0.2228,0.2207,0.2223,918014.7
2026-07-14 21:00:00+00:00,0.2223,0.2228,0.2208,0.2227,495201.3
2026-07-14 22:00:00+00:00,0.2227,0.2236,0.2214,0.2233,746841.9
2026-07-14 23:00:00+00:00,0.2233,0.2243,0.2225,0.2229,1034255.3
2026-07-15 00:00:00+00:00,0.2229,0.225,0.222,0.2239,2913855.1
2026-07-15 01:00:00+00:00,0.2239,0.2239,0.222,0.2231,831570.8
2026-07-15 02:00:00+00:00,0.2231,0.2237,0.2221,0.2237,477439.1
2026-07-15 03:00:00+00:00,0.2237,0.2281,0.2236,0.2263,2331619.0
2026-07-15 04:00:00+00:00,0.2263,0.227,0.223,0.2239,1806269.4
2026-07-15 05:00:00+00:00,0.2239,0.224,0.222,0.2235,894754.3
2026-07-15 06:00:00+00:00,0.2235,0.2236,0.2199,0.2204,1894596.6
2026-07-15 07:00:00+00:00,0.2204,0.2206,0.2174,0.2189,2762908.4
2026-07-15 08:00:00+00:00,0.2189,0.2196,0.2175,0.2192,997117.3
2026-07-15 09:00:00+00:00,0.2192,0.2219,0.2191,0.2194,1319747.3
2026-07-15 10:00:00+00:00,0.2194,0.2205,0.2187,0.2188,801660.1
2026-07-15 11:00:00+00:00,0.2188,0.221,0.2182,0.2204,895249.0
2026-07-15 12:00:00+00:00,0.2204,0.2229,0.2196,0.2227,1184270.7
2026-07-15 13:00:00+00:00,0.2227,0.2242,0.219,0.2202,2294806.8
2026-07-15 14:00:00+00:00,0.2202,0.2204,0.2148,0.2178,4533108.3
2026-07-15 15:00:00+00:00,0.2178,0.2179,0.2156,0.2164,1556988.8
2026-07-15 16:00:00+00:00,0.2164,0.2166,0.2124,0.2152,4757512.8
2026-07-15 17:00:00+00:00,0.2152,0.2168,0.215,0.2156,780748.6
2026-07-15 18:00:00+00:00,0.2156,0.2175,0.2154,0.2157,1524034.5
2026-07-15 19:00:00+00:00,0.2157,0.2161,0.2136,0.2142,1027139.3
2026-07-15 20:00:00+00:00,0.2142,0.2171,0.214,0.2162,854374.2
2026-07-15 21:00:00+00:00,0.2162,0.2168,0.2148,0.2156,982830.3
2026-07-15 22:00:00+00:00,0.2156,0.2166,0.2146,0.2152,1050057.1
2026-07-15 23:00:00+00:00,0.2152,0.2155,0.2143,0.215,779947.3
2026-07-16 00:00:00+00:00,0.215,0.2169,0.2141,0.2163,1701276.6
2026-07-16 01:00:00+00:00,0.2163,0.2185,0.2152,0.2179,1271338.1
2026-07-16 02:00:00+00:00,0.2179,0.2196,0.2177,0.2194,931160.5
2026-07-16 03:00:00+00:00,0.2194,0.2195,0.2178,0.219,718648.7
2026-07-16 04:00:00+00:00,0.219,0.2191,0.2163,0.2175,743844.0
2026-07-16 05:00:00+00:00,0.2175,0.2182,0.217,0.217,433286.0
2026-07-16 06:00:00+00:00,0.217,0.2179,0.2155,0.2158,603274.3
2026-07-16 07:00:00+00:00,0.2158,0.2158,0.2136,0.2145,626842.2
2026-07-16 08:00:00+00:00,0.2145,0.2147,0.211,0.2134,1887825.9
2026-07-16 09:00:00+00:00,0.2134,0.214,0.213,0.2132,309824.0
2026-07-16 10:00:00+00:00,0.2132,0.2146,0.2129,0.2133,417424.3
2026-07-16 11:00:00+00:00,0.2133,0.2137,0.2126,0.2133,645057.7
2026-07-16 12:00:00+00:00,0.2133,0.2137,0.2127,0.2135,929315.8
2026-07-16 13:00:00+00:00,0.2135,0.2155,0.2134,0.2141,963446.4
2026-07-16 14:00:00+00:00,0.2141,0.2152,0.2134,0.2138,516683.1
2026-07-16 15:00:00+00:00,0.2138,0.2162,0.2133,0.2147,1879078.5
2026-07-16 16:00:00+00:00,0.2147,0.2153,0.2143,0.2151,549331.5
2026-07-16 17:00:00+00:00,0.2151,0.2169,0.2137,0.2161,3302418.9
2026-07-16 18:00:00+00:00,0.2161,0.2199,0.2159,0.2193,2487393.0
2026-07-16 19:00:00+00:00,0.2193,0.2194,0.2165,0.2177,921197.6
2026-07-16 20:00:00+00:00,0.2177,0.2224,0.2172,0.2214,2128388.1
2026-07-16 21:00:00+00:00,0.2214,0.2235,0.2206,0.2211,2248728.1
2026-07-16 22:00:00+00:00,0.2211,0.2239,0.2201,0.2204,1617737.5
2026-07-16 23:00:00+00:00,0.2204,0.2209,0.2187,0.2201,2443949.5
2026-07-17 00:00:00+00:00,0.2201,0.2219,0.2179,0.2184,1949970.6
2026-07-17 01:00:00+00:00,0.2184,0.2187,0.2118,0.2121,2343761.9
2026-07-17 02:00:00+00:00,0.2121,0.213,0.2103,0.2116,1591435.2
2026-07-17 03:00:00+00:00,0.2116,0.2151,0.2116,0.213,1384157.5
2026-07-17 04:00:00+00:00,0.213,0.2143,0.2116,0.2127,691625.8
2026-07-17 05:00:00+00:00,0.2127,0.2135,0.2083,0.2089,4113324.7
2026-07-17 06:00:00+00:00,0.2089,0.2106,0.2075,0.2094,2409970.0
2026-07-17 07:00:00+00:00,0.2094,0.2099,0.2086,0.2088,364035.2
2026-07-17 08:00:00+00:00,0.2088,0.2123,0.2077,0.2117,1191330.4
2026-07-17 09:00:00+00:00,0.2117,0.2138,0.2115,0.212,1376473.1
2026-07-17 10:00:00+00:00,0.212,0.2146,0.2119,0.2126,923313.7
2026-07-17 11:00:00+00:00,0.2126,0.2133,0.2118,0.213,552633.2
2026-07-17 12:00:00+00:00,0.213,0.2143,0.2112,0.2112,819159.0
2026-07-17 13:00:00+00:00,0.2112,0.2159,0.2092,0.2157,3946348.9
2026-07-17 14:00:00+00:00,0.2157,0.2185,0.2147,0.2149,2100115.7
2026-07-17 15:00:00+00:00,0.2149,0.2163,0.2137,0.2161,1109617.5
2026-07-17 16:00:00+00:00,0.2161,0.2173,0.2153,0.2154,868784.5
2026-07-17 17:00:00+00:00,0.2154,0.217,0.215,0.2155,763521.9
2026-07-17 18:00:00+00:00,0.2155,0.2158,0.2138,0.215,602260.2
2026-07-17 19:00:00+00:00,0.215,0.215,0.2131,0.2144,354381.0
2026-07-17 20:00:00+00:00,0.2144,0.217,0.2142,0.2157,800591.1
2026-07-17 21:00:00+00:00,0.2157,0.2162,0.2154,0.2154,333023.6
2026-07-17 22:00:00+00:00,0.2154,0.2169,0.2154,0.2161,122343.9
2026-07-17 23:00:00+00:00,0.2161,0.2191,0.2156,0.2181,749721.5
2026-07-18 00:00:00+00:00,0.2181,0.2188,0.2157,0.2159,654344.9
2026-07-18 01:00:00+00:00,0.2159,0.216,0.2148,0.2149,317666.0
2026-07-18 02:00:00+00:00,0.2149,0.2159,0.2139,0.2139,271759.4
2026-07-18 03:00:00+00:00,0.2139,0.2145,0.2135,0.2144,221162.6
2026-07-18 04:00:00+00:00,0.2144,0.2144,0.2123,0.2128,614258.4
2026-07-18 05:00:00+00:00,0.2128,0.2129,0.2115,0.2126,548014.9
2026-07-18 06:00:00+00:00,0.2126,0.213,0.2124,0.2129,157412.1
2026-07-18 07:00:00+00:00,0.2129,0.214,0.2124,0.214,399622.2
2026-07-18 08:00:00+00:00,0.214,0.2146,0.2131,0.2132,437084.9
2026-07-18 09:00:00+00:00,0.2132,0.2134,0.2122,0.2131,686500.1
2026-07-18 10:00:00+00:00,0.2131,0.2132,0.2112,0.2115,616608.0
2026-07-18 11:00:00+00:00,0.2115,0.2125,0.2114,0.2122,607955.4
2026-07-18 12:00:00+00:00,0.2122,0.2137,0.2121,0.2128,548112.7
2026-07-18 13:00:00+00:00,0.2128,0.2132,0.2117,0.2131,530370.3
2026-07-18 14:00:00+00:00,0.2131,0.2134,0.2128,0.213,241532.0
2026-07-18 15:00:00+00:00,0.213,0.2131,0.2118,0.2118,220844.0
2026-07-18 16:00:00+00:00,0.2118,0.2133,0.2115,0.2127,809403.9
2026-07-18 17:00:00+00:00,0.2127,0.2143,0.2121,0.214,660721.7
2026-07-18 18:00:00+00:00,0.214,0.2153,0.2138,0.2145,772043.0
2026-07-18 19:00:00+00:00,0.2145,0.2148,0.2126,0.2128,313179.4
2026-07-18 20:00:00+00:00,0.2128,0.213,0.2109,0.2114,1235846.5
2026-07-18 21:00:00+00:00,0.2114,0.2121,0.2109,0.2113,626051.8
2026-07-18 22:00:00+00:00,0.2113,0.2121,0.2111,0.2116,409479.8
2026-07-18 23:00:00+00:00,0.2116,0.212,0.211,0.2118,598718.6
2026-07-19 00:00:00+00:00,0.2118,0.2129,0.2115,0.2124,746429.1
2026-07-19 01:00:00+00:00,0.2124,0.2137,0.2121,0.2123,550242.9
2026-07-19 02:00:00+00:00,0.2123,0.2139,0.2123,0.2129,325017.0
2026-07-19 03:00:00+00:00,0.2129,0.213,0.2119,0.2121,430675.9
2026-07-19 04:00:00+00:00,0.2121,0.2135,0.2119,0.2134,265107.9
2026-07-19 05:00:00+00:00,0.2134,0.2142,0.2131,0.2141,175505.2
2026-07-19 06:00:00+00:00,0.2141,0.2147,0.2133,0.2135,458021.5
2026-07-19 07:00:00+00:00,0.2135,0.2138,0.2131,0.2131,145303.7
2026-07-19 08:00:00+00:00,0.2131,0.2136,0.2128,0.2132,215184.2
2026-07-19 09:00:00+00:00,0.2132,0.2137,0.2119,0.2121,525480.2
2026-07-19 10:00:00+00:00,0.2121,0.2126,0.2115,0.2116,447960.8
2026-07-19 11:00:00+00:00,0.2116,0.2119,0.2112,0.2114,453246.2
2026-07-19 12:00:00+00:00,0.2114,0.212,0.2101,0.212,1018541.2
2026-07-19 13:00:00+00:00,0.212,0.212,0.2111,0.2115,455322.3
2026-07-19 14:00:00+00:00,0.2115,0.2131,0.2114,0.2127,760723.4
2026-07-19 15:00:00+00:00,0.2127,0.213,0.212,0.2122,260683.2
2026-07-19 16:00:00+00:00,0.2122,0.2128,0.2117,0.2123,478709.5
2026-07-19 17:00:00+00:00,0.2123,0.2123,0.2105,0.2111,810035.4
2026-07-19 18:00:00+00:00,0.2111,0.2112,0.2086,0.2106,1262462.4
2026-07-19 19:00:00+00:00,0.2106,0.2108,0.2102,0.2106,101097.7
2026-07-19 20:00:00+00:00,0.2106,0.211,0.2103,0.2104,118972.9
2026-07-19 21:00:00+00:00,0.2104,0.2127,0.21,0.2106,572463.5
2026-07-19 22:00:00+00:00,0.2106,0.2131,0.2103,0.2107,970131.9
2026-07-19 23:00:00+00:00,0.2107,0.2113,0.2103,0.2113,308690.2
2026-07-20 00:00:00+00:00,0.2113,0.2133,0.2107,0.2108,872125.1
2026-07-20 01:00:00+00:00,0.2108,0.2129,0.2094,0.2099,846967.7
2026-07-20 02:00:00+00:00,0.2099,0.2122,0.2099,0.2114,637792.6
2026-07-20 03:00:00+00:00,0.2114,0.2115,0.2097,0.2101,201250.2
2026-07-20 04:00:00+00:00,0.2101,0.2101,0.2081,0.2082,483689.9
2026-07-20 05:00:00+00:00,0.2082,0.2084,0.2056,0.2072,1522923.9
2026-07-20 06:00:00+00:00,0.2072,0.2087,0.2071,0.2078,870850.9
2026-07-20 07:00:00+00:00,0.2078,0.2104,0.2078,0.2098,433130.4
2026-07-20 08:00:00+00:00,0.2098,0.2119,0.209,0.2118,1038886.8
2026-07-20 09:00:00+00:00,0.2118,0.2175,0.2111,0.216,2755763.2
2026-07-20 10:00:00+00:00,0.216,0.2167,0.2153,0.2166,1715331.1
2026-07-20 11:00:00+00:00,0.2166,0.217,0.2143,0.2146,1848277.4
2026-07-20 12:00:00+00:00,0.2146,0.2175,0.2146,0.2168,1192741.4
2026-07-20 13:00:00+00:00,0.2168,0.2176,0.2144,0.215,1281169.9
2026-07-20 14:00:00+00:00,0.215,0.2173,0.2146,0.2172,564393.0
2026-07-20 15:00:00+00:00,0.2172,0.22,0.2171,0.2184,1748443.3
2026-07-20 16:00:00+00:00,0.2184,0.2198,0.2168,0.2185,1448751.8
2026-07-20 17:00:00+00:00,0.2185,0.2187,0.2172,0.2182,514990.7
2026-07-20 18:00:00+00:00,0.2182,0.2195,0.217,0.2171,709756.4
2026-07-20 19:00:00+00:00,0.2171,0.2197,0.2165,0.2174,1076909.0
2026-07-20 20:00:00+00:00,0.2174,0.2178,0.2166,0.2174,391960.8
2026-07-20 21:00:00+00:00,0.2174,0.218,0.2164,0.217,345314.6
2026-07-20 22:00:00+00:00,0.217,0.2171,0.2151,0.2151,524549.5
2026-07-20 23:00:00+00:00,0.2151,0.2155,0.2142,0.2147,728283.2
2026-07-21 00:00:00+00:00,0.2147,0.2161,0.2144,0.2152,613870.6
2026-07-21 01:00:00+00:00,0.2152,0.2163,0.2149,0.2151,339247.0
2026-07-21 02:00:00+00:00,0.2151,0.216,0.2149,0.2154,242186.0
2026-07-21 03:00:00+00:00,0.2154,0.2162,0.215,0.2158,288589.8
2026-07-21 04:00:00+00:00,0.2158,0.2171,0.2156,0.2171,512643.8
2026-07-21 05:00:00+00:00,0.2171,0.2172,0.216,0.2164,466370.5
2026-07-21 06:00:00+00:00,0.2164,0.2168,0.2156,0.216,377165.3
2026-07-21 07:00:00+00:00,0.216,0.2162,0.2147,0.2153,1017280.8
2026-07-21 08:00:00+00:00,0.2153,0.2177,0.215,0.2151,1150769.1
2026-07-21 09:00:00+00:00,0.2151,0.2152,0.213,0.2138,1417663.0
2026-07-21 10:00:00+00:00,0.2138,0.214,0.2126,0.2134,738966.6
2026-07-21 11:00:00+00:00,0.2134,0.2144,0.2123,0.214,1641875.2
2026-07-21 12:00:00+00:00,0.214,0.2153,0.2135,0.2144,839854.0
2026-07-21 13:00:00+00:00,0.2144,0.2156,0.2131,0.2146,1516107.2
2026-07-21 14:00:00+00:00,0.2146,0.2162,0.2142,0.2149,1333790.7
2026-07-21 15:00:00+00:00,0.2149,0.2152,0.2135,0.2138,383521.3
2026-07-21 16:00:00+00:00,0.2138,0.2143,0.2133,0.214,352374.4
2026-07-21 17:00:00+00:00,0.214,0.2144,0.2125,0.2141,743153.4
2026-07-21 18:00:00+00:00,0.2141,0.2152,0.214,0.2148,378579.8
2026-07-21 19:00:00+00:00,0.2148,0.2158,0.2145,0.215,460559.3
2026-07-21 20:00:00+00:00,0.215,0.2157,0.2147,0.2148,270916.5
2026-07-21 21:00:00+00:00,0.2148,0.2153,0.2145,0.2151,336275.8
2026-07-21 22:00:00+00:00,0.2151,0.2151,0.2137,0.214,301009.5
2026-07-21 23:00:00+00:00,0.214,0.2142,0.2131,0.2142,698614.9
2026-07-22 00:00:00+00:00,0.2142,0.2167,0.2135,0.2155,1325645.8
2026-07-22 01:00:00+00:00,0.2155,0.2165,0.2148,0.2155,486905.9
2026-07-22 02:00:00+00:00,0.2155,0.2156,0.2142,0.2143,395750.1
2026-07-22 03:00:00+00:00,0.2143,0.2152,0.2138,0.2139,635123.2
2026-07-22 04:00:00+00:00,0.2139,0.2144,0.2137,0.2142,249278.1
2026-07-22 05:00:00+00:00,0.2142,0.2145,0.2128,0.2132,435093.7
2026-07-22 06:00:00+00:00,0.2132,0.2135,0.2115,0.2122,1487864.3
2026-07-22 07:00:00+00:00,0.2122,0.2136,0.2122,0.2133,834422.1
2026-07-22 08:00:00+00:00,0.2133,0.215,0.2132,0.2143,586607.3
2026-07-22 09:00:00+00:00,0.2143,0.2146,0.2128,0.214,292832.9
2026-07-22 10:00:00+00:00,0.214,0.2157,0.2135,0.2146,1178641.3
2026-07-22 11:00:00+00:00,0.2146,0.2159,0.2146,0.2158,654173.7
2026-07-22 12:00:00+00:00,0.2158,0.2173,0.2143,0.215,1214078.3
2026-07-22 13:00:00+00:00,0.215,0.2164,0.2145,0.2155,566589.0
2026-07-22 14:00:00+00:00,0.2155,0.217,0.2142,0.2149,387617.8
2026-07-22 15:00:00+00:00,0.2149,0.2162,0.2148,0.2153,666554.0
2026-07-22 16:00:00+00:00,0.2153,0.2193,0.215,0.2183,1958845.9
2026-07-22 17:00:00+00:00,0.2183,0.2189,0.2159,0.2159,1169060.5
2026-07-22 18:00:00+00:00,0.2159,0.2162,0.212,0.2126,1965078.4
2026-07-22 19:00:00+00:00,0.2126,0.2128,0.2112,0.2118,1335514.5
2026-07-22 20:00:00+00:00,0.2118,0.2132,0.2111,0.2121,916230.1
2026-07-22 21:00:00+00:00,0.2121,0.2125,0.2106,0.2124,890250.8
2026-07-22 22:00:00+00:00,0.2124,0.2129,0.2116,0.2123,438956.3
2026-07-22 23:00:00+00:00,0.2123,0.2124,0.2108,0.212,539268.2
2026-07-23 00:00:00+00:00,0.212,0.213,0.2116,0.2118,1013055.2
2026-07-23 01:00:00+00:00,0.2118,0.2123,0.2112,0.2112,305594.8
2026-07-23 02:00:00+00:00,0.2112,0.2115,0.2099,0.2111,529585.5
2026-07-23 03:00:00+00:00,0.2111,0.2111,0.2102,0.2107,300797.3
2026-07-23 04:00:00+00:00,0.2107,0.2111,0.2101,0.2109,171832.4
2026-07-23 05:00:00+00:00,0.2109,0.2117,0.2105,0.2113,492047.4
2026-07-23 06:00:00+00:00,0.2113,0.212,0.2111,0.2117,151887.4
2026-07-23 07:00:00+00:00,0.2117,0.2119,0.2103,0.2109,465217.7
2026-07-23 08:00:00+00:00,0.2109,0.2113,0.2106,0.2111,217932.7
2026-07-23 09:00:00+00:00,0.2111,0.2125,0.2109,0.2118,436098.3
2026-07-23 10:00:00+00:00,0.2118,0.2124,0.2117,0.2117,342247.9
2026-07-23 11:00:00+00:00,0.2117,0.2118,0.211,0.2112,325757.1
2026-07-23 12:00:00+00:00,0.2112,0.2126,0.2109,0.2121,890833.8
2026-07-23 13:00:00+00:00,0.2121,0.2122,0.2101,0.2112,1166262.4
2026-07-23 14:00:00+00:00,0.2112,0.2131,0.2108,0.212,657896.8
2026-07-23 15:00:00+00:00,0.212,0.212,0.2101,0.2115,538283.4
2026-07-23 16:00:00+00:00,0.2115,0.2115,0.2095,0.21,653686.0
2026-07-23 17:00:00+00:00,0.21,0.2108,0.2076,0.2082,1294578.0
2026-07-23 18:00:00+00:00,0.2082,0.2098,0.2081,0.2092,619303.7
2026-07-23 19:00:00+00:00,0.2092,0.2096,0.2078,0.2088,617885.8
2026-07-23 20:00:00+00:00,0.2088,0.2106,0.2072,0.2099,1066769.9
2026-07-23 21:00:00+00:00,0.2099,0.2102,0.209,0.2091,446351.3
2026-07-23 22:00:00+00:00,0.2091,0.2094,0.2082,0.2091,198722.4
2026-07-23 23:00:00+00:00,0.2091,0.2091,0.2085,0.2086,187273.6
2026-07-24 00:00:00+00:00,0.2086,0.2087,0.2063,0.207,823868.7
2026-07-24 01:00:00+00:00,0.207,0.2083,0.2069,0.2079,291648.2
2026-07-24 02:00:00+00:00,0.2079,0.2083,0.207,0.2075,378646.5
2026-07-24 03:00:00+00:00,0.2075,0.2086,0.2072,0.2079,201646.0
2026-07-24 04:00:00+00:00,0.2079,0.2084,0.2071,0.2073,542831.7
2026-07-24 05:00:00+00:00,0.2073,0.2079,0.2071,0.2075,136450.9
2026-07-24 06:00:00+00:00,0.2075,0.2082,0.2074,0.2079,291131.4
2026-07-24 07:00:00+00:00,0.2079,0.2096,0.2079,0.209,386308.7
2026-07-24 08:00:00+00:00,0.209,0.2091,0.2079,0.208,280175.2
2026-07-24 09:00:00+00:00,0.208,0.2086,0.2074,0.2082,364364.5
2026-07-24 10:00:00+00:00,0.2082,0.2083,0.2031,0.2041,2975997.2
2026-07-24 11:00:00+00:00,0.2041,0.2043,0.2027,0.2041,536204.0
2026-07-24 12:00:00+00:00,0.2041,0.2048,0.2034,0.2039,547377.4
2026-07-24 13:00:00+00:00,0.2039,0.2041,0.2004,0.202,2717009.4
2026-07-24 14:00:00+00:00,0.202,0.2031,0.2006,0.203,876772.1
2026-07-24 15:00:00+00:00,0.203,0.2036,0.2023,0.2029,637113.4
2026-07-24 16:00:00+00:00,0.2029,0.2034,0.2015,0.2019,564433.0
2026-07-24 17:00:00+00:00,0.2019,0.2032,0.2017,0.2025,523801.6
2026-07-24 18:00:00+00:00,0.2025,0.2027,0.2016,0.2024,693963.1
2026-07-24 19:00:00+00:00,0.2024,0.2033,0.2017,0.2032,608299.9
2026-07-24 20:00:00+00:00,0.2032,0.2035,0.2022,0.2025,306142.1
2026-07-24 21:00:00+00:00,0.2025,0.2026,0.201,0.2012,712081.0
2026-07-24 22:00:00+00:00,0.2012,0.2032,0.201,0.2029,649519.7
2026-07-24 23:00:00+00:00,0.2029,0.2036,0.2029,0.2035,251527.3
2026-07-25 00:00:00+00:00,0.2035,0.2039,0.2028,0.2034,485989.4
2026-07-25 01:00:00+00:00,0.2034,0.2036,0.2027,0.2032,141309.1
2026-07-25 02:00:00+00:00,0.2032,0.2038,0.203,0.2033,223725.0
2026-07-25 03:00:00+00:00,0.2033,0.2044,0.2029,0.2032,778012.2
2026-07-25 04:00:00+00:00,0.2032,0.2033,0.2025,0.2028,189333.1
2026-07-25 05:00:00+00:00,0.2028,0.2034,0.2024,0.2026,345766.9
2026-07-25 06:00:00+00:00,0.2026,0.2032,0.202,0.2026,249255.0
2026-07-25 07:00:00+00:00,0.2026,0.2031,0.2023,0.2023,228664.4
2026-07-25 08:00:00+00:00,0.2023,0.2034,0.2016,0.2025,511279.4
2026-07-25 09:00:00+00:00,0.2025,0.2031,0.2023,0.2026,214683.0
2026-07-25 10:00:00+00:00,0.2026,0.204,0.2026,0.2032,212294.3
2026-07-25 11:00:00+00:00,0.2032,0.2037,0.2026,0.2029,137336.1
2026-07-25 12:00:00+00:00,0.2029,0.2035,0.2028,0.2033,142052.7
2026-07-25 13:00:00+00:00,0.2033,0.2045,0.2032,0.2032,1016575.0
2026-07-25 14:00:00+00:00,0.2032,0.2037,0.2025,0.2035,301965.8
2026-07-25 15:00:00+00:00,0.2035,0.2036,0.2028,0.203,256331.8
2026-07-25 16:00:00+00:00,0.203,0.2032,0.202,0.2026,532595.0
2026-07-25 17:00:00+00:00,0.2026,0.2034,0.2026,0.2031,233979.2
2026-07-25 18:00:00+00:00,0.2031,0.2039,0.2031,0.2034,311072.1
2026-07-25 19:00:00+00:00,0.2034,0.2038,0.203,0.2036,316968.1
2026-07-25 20:00:00+00:00,0.2036,0.2043,0.2035,0.204,513968.8
2026-07-25 21:00:00+00:00,0.204,0.204,0.2028,0.2032,402439.2
2026-07-25 22:00:00+00:00,0.2032,0.2038,0.203,0.2031,229023.1
2026-07-25 23:00:00+00:00,0.2031,0.2033,0.2027,0.203,209744.8
2026-07-26 00:00:00+00:00,0.203,0.2036,0.2016,0.2035,1572757.6
2026-07-26 01:00:00+00:00,0.2035,0.2035,0.2015,0.2021,1458300.7
2026-07-26 02:00:00+00:00,0.2021,0.2024,0.2013,0.2024,1392704.1
2026-07-26 03:00:00+00:00,0.2024,0.2025,0.2018,0.2024,297826.4
2026-07-26 04:00:00+00:00,0.2024,0.2028,0.202,0.2023,600025.9
2026-07-26 05:00:00+00:00,0.2023,0.2028,0.2018,0.2024,371984.5
2026-07-26 06:00:00+00:00,0.2024,0.203,0.2019,0.203,321338.2
2026-07-26 07:00:00+00:00,0.203,0.204,0.2027,0.2037,660521.7
2026-07-26 08:00:00+00:00,0.2037,0.2042,0.2029,0.2033,897339.1
2026-07-26 09:00:00+00:00,0.2033,0.2037,0.2032,0.2036,374095.8
2026-07-26 10:00:00+00:00,0.2036,0.2044,0.2036,0.2037,461018.5
2026-07-26 11:00:00+00:00,0.2037,0.2053,0.2037,0.204,716641.9
2026-07-26 12:00:00+00:00,0.204,0.2052,0.2034,0.2043,1098354.8
2026-07-26 13:00:00+00:00,0.2043,0.2044,0.2032,0.2037,243997.9
2026-07-26 14:00:00+00:00,0.2037,0.2048,0.2031,0.2032,527497.7
2026-07-26 15:00:00+00:00,0.2032,0.2047,0.2032,0.2045,353742.0
2026-07-26 16:00:00+00:00,0.2045,0.205,0.2035,0.204,804410.4
2026-07-26 17:00:00+00:00,0.204,0.205,0.2038,0.2045,343641.2
2026-07-26 18:00:00+00:00,0.2045,0.2059,0.2045,0.2056,1003568.1
2026-07-26 19:00:00+00:00,0.2056,0.2062,0.205,0.2055,715865.3
2026-07-26 20:00:00+00:00,0.2055,0.2066,0.2048,0.2048,485172.4
2026-07-26 21:00:00+00:00,0.2048,0.2095,0.2047,0.208,2050573.0
2026-07-26 22:00:00+00:00,0.208,0.2099,0.208,0.2095,959916.4
2026-07-26 23:00:00+00:00,0.2095,0.2103,0.2088,0.2098,965033.5
2026-07-27 00:00:00+00:00,0.2098,0.2099,0.2081,0.2093,371251.7
2026-07-27 01:00:00+00:00,0.2093,0.2106,0.2087,0.2105,212034.7
2026-07-27 02:00:00+00:00,0.2105,0.2114,0.21,0.2107,570564.5
2026-07-27 03:00:00+00:00,0.2107,0.2118,0.2095,0.2098,286780.0
2026-07-27 04:00:00+00:00,0.2098,0.2109,0.2096,0.2106,198920.8
2026-07-27 05:00:00+00:00,0.2106,0.2117,0.21,0.2103,389590.6
2026-07-27 06:00:00+00:00,0.2103,0.2115,0.2102,0.211,737745.4
2026-07-27 07:00:00+00:00,0.211,0.2115,0.2106,0.2113,227022.8
2026-07-27 08:00:00+00:00,0.2113,0.2113,0.21,0.21,520723.2
2026-07-27 09:00:00+00:00,0.21,0.2102,0.2092,0.2098,650949.0
2026-07-27 10:00:00+00:00,0.2098,0.2111,0.2097,0.2107,226141.8
2026-07-27 11:00:00+00:00,0.2107,0.2109,0.2094,0.2095,561806.7
2026-07-27 12:00:00+00:00,0.2095,0.2112,0.2088,0.2111,822322.6
2026-07-27 13:00:00+00:00,0.2111,0.2116,0.2089,0.2105,1385105.9
2026-07-27 14:00:00+00:00,0.2105,0.2109,0.2051,0.2061,2257592.5
2026-07-27 15:00:00+00:00,0.2061,0.2063,0.2033,0.2049,1731577.9
2026-07-27 16:00:00+00:00,0.2049,0.2059,0.2034,0.2058,1143242.3
2026-07-27 17:00:00+00:00,0.2058,0.2061,0.205,0.2058,1007011.1
2026-07-27 18:00:00+00:00,0.2058,0.2059,0.2034,0.2042,1353515.7
2026-07-27 19:00:00+00:00,0.2042,0.2052,0.204,0.2045,423196.8
2026-07-27 20:00:00+00:00,0.2045,0.2073,0.2045,0.2069,1366889.8
2026-07-27 21:00:00+00:00,0.2069,0.2071,0.205,0.2058,703817.9
2026-07-27 22:00:00+00:00,0.2058,0.2065,0.2012,0.2016,3887047.8
2026-07-27 23:00:00+00:00,0.2016,0.2078,0.2006,0.2072,3625905.3
2026-07-28 00:00:00+00:00,0.2072,0.2096,0.207,0.2087,1328655.1
2026-07-28 01:00:00+00:00,0.2087,0.2093,0.2066,0.2081,1154332.1
2026-07-28 02:00:00+00:00,0.2081,0.2092,0.2078,0.2086,364477.4
2026-07-28 03:00:00+00:00,0.2086,0.2113,0.2085,0.2105,1115487.3
2026-07-28 04:00:00+00:00,0.2105,0.2129,0.2089,0.2122,1747172.2
2026-07-28 05:00:00+00:00,0.2122,0.2146,0.2122,0.2136,1860769.3
2026-07-28 06:00:00+00:00,0.2136,0.2147,0.2113,0.2138,3243517.0
2026-07-28 07:00:00+00:00,0.2138,0.2143,0.2092,0.21,2029639.2
2026-07-28 08:00:00+00:00,0.21,0.2105,0.2084,0.2088,697619.0
2026-07-28 09:00:00+00:00,0.2088,0.2109,0.2085,0.21,659210.9
2026-07-28 10:00:00+00:00,0.21,0.211,0.2097,0.2105,208565.8
2026-07-28 11:00:00+00:00,0.2105,0.212,0.2095,0.2114,1215496.3
2026-07-28 12:00:00+00:00,0.2114,0.2127,0.211,0.2122,836863.8
2026-07-28 13:00:00+00:00,0.2122,0.2122,0.209,0.2112,1179456.4
2026-07-28 14:00:00+00:00,0.2112,0.2138,0.2111,0.212,1491918.8
2026-07-28 15:00:00+00:00,0.212,0.2147,0.2113,0.2145,1066411.5
2026-07-28 16:00:00+00:00,0.2145,0.2169,0.2138,0.2162,1205703.0
2026-07-28 17:00:00+00:00,0.2162,0.2165,0.2135,0.2144,508685.3
2026-07-28 18:00:00+00:00,0.2144,0.2152,0.213,0.2136,541144.8
2026-07-28 19:00:00+00:00,0.2136,0.2145,0.2132,0.2141,534426.2
2026-07-28 20:00:00+00:00,0.2141,0.2151,0.213,0.2131,612918.0
2026-07-28 21:00:00+00:00,0.2131,0.2138,0.2127,0.2127,644013.8
2026-07-28 22:00:00+00:00,0.2127,0.2131,0.2113,0.2113,430362.9
2026-07-28 23:00:00+00:00,0.2113,0.2117,0.2102,0.2115,768311.3
2026-07-29 00:00:00+00:00,0.2115,0.2138,0.2115,0.2126,845662.6
2026-07-29 01:00:00+00:00,0.2126,0.2131,0.2102,0.2106,412637.6
2026-07-29 02:00:00+00:00,0.2106,0.212,0.2101,0.2104,366689.1
2026-07-29 03:00:00+00:00,0.2104,0.2106,0.2084,0.2088,952106.2
2026-07-29 04:00:00+00:00,0.2088,0.2106,0.2075,0.2095,766989.7
2026-07-29 05:00:00+00:00,0.2095,0.2106,0.2087,0.2099,575638.4
2026-07-29 06:00:00+00:00,0.2099,0.2109,0.2094,0.2099,278268.9
2026-07-29 07:00:00+00:00,0.2099,0.2108,0.2088,0.2098,739447.8
2026-07-29 08:00:00+00:00,0.2098,0.2111,0.2089,0.2103,517730.0
2026-07-29 09:00:00+00:00,0.2103,0.2119,0.2101,0.2116,608625.8
2026-07-29 10:00:00+00:00,0.2116,0.2116,0.2092,0.2093,439922.2
2026-07-29 11:00:00+00:00,0.2093,0.2109,0.2092,0.2107,239102.0
2026-07-29 12:00:00+00:00,0.2107,0.2107,0.2088,0.2092,335245.8
2026-07-29 13:00:00+00:00,0.2092,0.2102,0.2085,0.2094,287478.3
2026-07-29 14:00:00+00:00,0.2094,0.2102,0.2084,0.2089,976002.6
2026-07-29 15:00:00+00:00,0.2089,0.2106,0.2087,0.21,457654.4
2026-07-29 16:00:00+00:00,0.21,0.2104,0.2084,0.209,985776.3
2026-07-29 17:00:00+00:00,0.209,0.2102,0.2081,0.2095,719589.7
2026-07-29 18:00:00+00:00,0.2095,0.2123,0.2093,0.2118,2249803.6
2026-07-29 19:00:00+00:00,0.2118,0.212,0.2069,0.2075,3117080.4
2026-07-29 20:00:00+00:00,0.2075,0.2077,0.2037,0.2038,2529871.9
2026-07-29 21:00:00+00:00,0.2038,0.2066,0.203,0.2066,869197.8
2026-07-29 22:00:00+00:00,0.2066,0.2081,0.2065,0.2079,500179.6
2026-07-29 23:00:00+00:00,0.2079,0.2105,0.2074,0.2087,1316398.8
2026-07-30 00:00:00+00:00,0.2087,0.2096,0.2084,0.2092,320662.9
2026-07-30 01:00:00+00:00,0.2092,0.2114,0.2092,0.2099,528447.0
2026-07-30 02:00:00+00:00,0.2099,0.2102,0.2093,0.2097,436738.7
2026-07-30 03:00:00+00:00,0.2097,0.2106,0.2096,0.2099,141492.4
2026-07-30 04:00:00+00:00,0.2099,0.21,0.2083,0.2084,499720.7
2026-07-30 05:00:00+00:00,0.2084,0.2103,0.2079,0.2092,364371.4
2026-07-30 06:00:00+00:00,0.2092,0.21,0.2091,0.2097,77172.9
2026-07-30 07:00:00+00:00,0.2097,0.2109,0.209,0.2091,414140.6
2026-07-30 08:00:00+00:00,0.2091,0.2113,0.209,0.2109,369308.6
2026-07-30 09:00:00+00:00,0.2109,0.2126,0.2108,0.2126,386921.9
2026-07-30 10:00:00+00:00,0.2126,0.2129,0.2112,0.2113,432783.6
2026-07-30 11:00:00+00:00,0.2113,0.2114,0.2094,0.2094,1675180.1
2026-07-30 12:00:00+00:00,0.2094,0.2106,0.2091,0.2098,957305.6
2026-07-30 13:00:00+00:00,0.2098,0.2114,0.2094,0.2109,485672.1
2026-07-30 14:00:00+00:00,0.2109,0.2121,0.2104,0.2106,991493.2
2026-07-30 15:00:00+00:00,0.2106,0.211,0.2097,0.2098,477741.3
2026-07-30 16:00:00+00:00,0.2098,0.2108,0.2092,0.2102,730631.4
2026-07-30 17:00:00+00:00,0.2102,0.2124,0.2102,0.2117,597040.9
2026-07-30 18:00:00+00:00,0.2117,0.2146,0.2116,0.2142,2015278.5
2026-07-30 19:00:00+00:00,0.2142,0.2154,0.2134,0.2141,993314.2
2026-07-30 20:00:00+00:00,0.2141,0.2147,0.2135,0.2136,539957.6
2026-07-30 21:00:00+00:00,0.2136,0.2136,0.2119,0.2121,367211.5
2026-07-30 22:00:00+00:00,0.2121,0.2142,0.2117,0.2121,505987.6
2026-07-30 23:00:00+00:00,0.2121,0.2131,0.2117,0.2118,595181.8
2026-07-31 00:00:00+00:00,0.2118,0.2123,0.2112,0.2118,387648.6
2026-07-31 01:00:00+00:00,0.2118,0.2144,0.2114,0.2114,812773.2
2026-07-31 02:00:00+00:00,0.2114,0.2115,0.21,0.2103,308568.8
2026-07-31 03:00:00+00:00,0.2103,0.2106,0.2088,0.2099,1326288.8
2026-07-31 04:00:00+00:00,0.2099,0.2103,0.2092,0.2094,215926.7
2026-07-31 05:00:00+00:00,0.2094,0.2102,0.2089,0.2095,332545.4
2026-07-31 06:00:00+00:00,0.2095,0.2104,0.2088,0.2093,324586.6
2026-07-31 07:00:00+00:00,0.2093,0.2093,0.207,0.2083,843232.3
2026-07-31 08:00:00+00:00,0.2083,0.2096,0.2081,0.2092,427471.0
2026-07-31 09:00:00+00:00,0.2092,0.2092,0.2074,0.2078,512725.6
2026-07-31 10:00:00+00:00,0.2078,0.2092,0.2067,0.2088,578540.3
2026-07-31 11:00:00+00:00,0.2088,0.2093,0.2073,0.2081,594961.1
2026-07-31 12:00:00+00:00,0.2081,0.2085,0.207,0.2082,822177.2
2026-07-31 13:00:00+00:00,0.2082,0.2086,0.2061,0.2071,649746.4
2026-07-31 14:00:00+00:00,0.2071,0.2084,0.2052,0.2076,1490632.5
2026-07-31 15:00:00+00:00,0.2076,0.2084,0.2066,0.2073,641696.8
2026-07-31 16:00:00+00:00,0.2073,0.2082,0.2069,0.2073,244753.3
2026-07-31 17:00:00+00:00,0.2073,0.21,0.2073,0.2094,1181664.2
2026-07-31 18:00:00+00:00,0.2094,0.2096,0.2085,0.2089,215925.3
2026-07-31 19:00:00+00:00,0.2089,0.2094,0.2082,0.2084,312581.0
2026-07-31 20:00:00+00:00,0.2084,0.2093,0.2078,0.208,383602.3
2026-07-31 21:00:00+00:00,0.208,0.2087,0.2074,0.2077,325756.0
2026-07-31 22:00:00+00:00,0.2077,0.2089,0.2076,0.2079,116004.1
2026-07-31 23:00:00+00:00,0.2079,0.2085,0.2078,0.2081,148222.8
2026-08-01 00:00:00+00:00,0.2081,0.2088,0.2075,0.2076,363948.3
2026-08-01 01:00:00+00:00,0.2076,0.2085,0.2074,0.208,227820.1
2026-08-01 02:00:00+00:00,0.208,0.2086,0.2077,0.208,179491.6
2026-08-01 03:00:00+00:00,0.208,0.2084,0.2076,0.2081,85408.0
2026-08-01 04:00:00+00:00,0.2081,0.2086,0.208,0.2082,121195.5
2026-08-01 05:00:00+00:00,0.2082,0.2084,0.2074,0.2079,64202.1
2026-08-01 06:00:00+00:00,0.2079,0.208,0.2072,0.2077,361453.3
2026-08-01 07:00:00+00:00,0.2077,0.2079,0.2064,0.2065,427125.2
2026-08-01 08:00:00+00:00,0.2065,0.2066,0.2057,0.2057,403006.5
2026-08-01 09:00:00+00:00,0.2057,0.2064,0.2054,0.2055,483484.1
2026-08-01 10:00:00+00:00,0.2055,0.2056,0.2043,0.2049,494176.8
2026-08-01 11:00:00+00:00,0.2049,0.2058,0.2048,0.2056,130945.4
2026-08-01 12:00:00+00:00,0.2056,0.2057,0.2044,0.2056,1011959.3
2026-08-01 13:00:00+00:00,0.2056,0.2057,0.2047,0.2049,314042.3
2026-08-01 14:00:00+00:00,0.2049,0.2054,0.2041,0.2049,226118.8
2026-08-01 15:00:00+00:00,0.2049,0.2049,0.204,0.2044,263501.9
2026-08-01 16:00:00+00:00,0.2044,0.2045,0.2001,0.2008,3319148.8
2026-08-01 17:00:00+00:00,0.2008,0.2029,0.2005,0.2026,1205416.4
2026-08-01 18:00:00+00:00,0.2026,0.2026,0.1993,0.2004,2219685.0
2026-08-01 19:00:00+00:00,0.2004,0.2008,0.1985,0.2,1530750.8
2026-08-01 20:00:00+00:00,0.2,0.2006,0.1992,0.2,651091.0
2026-08-01 21:00:00+00:00,0.2,0.2009,0.1999,0.2009,656830.0
2026-08-01 22:00:00+00:00,0.2009,0.2014,0.2004,0.2008,360827.2
2026-08-01 23:00:00+00:00,0.2008,0.2009,0.1997,0.2,402704.7
2026-08-02 00:00:00+00:00,0.2,0.2009,0.1998,0.2003,1005559.2
2026-08-02 01:00:00+00:00,0.2003,0.2016,0.2002,0.2015,439390.1
2026-08-02 02:00:00+00:00,0.2015,0.2035,0.2014,0.2032,1194846.4
2026-08-02 03:00:00+00:00,0.2032,0.2033,0.2026,0.2032,399022.9
2026-08-02 04:00:00+00:00,0.2032,0.2046,0.2031,0.2045,662894.9
2026-08-02 05:00:00+00:00,0.2045,0.2059,0.2044,0.2053,682630.3
2026-08-02 06:00:00+00:00,0.2053,0.206,0.2046,0.2057,571720.1
2026-08-02 07:00:00+00:00,0.2057,0.2069,0.2056,0.2066,241948.5
2026-08-02 08:00:00+00:00,0.2066,0.207,0.2058,0.206,379764.3
2026-08-02 09:00:00+00:00,0.206,0.2061,0.2051,0.2059,195075.2
2026-08-02 10:00:00+00:00,0.2059,0.2062,0.2052,0.2053,329888.6
2026-08-02 11:00:00+00:00,0.2053,0.2055,0.2041,0.2044,409384.3
2026-08-02 12:00:00+00:00,0.2044,0.205,0.2042,0.2046,440991.3
2026-08-02 13:00:00+00:00,0.2046,0.2046,0.2038,0.2041,194571.3
2026-08-02 14:00:00+00:00,0.2041,0.2043,0.2036,0.2037,215877.4
2026-08-02 15:00:00+00:00,0.2037,0.2038,0.203,0.2032,258564.3
2026-08-02 16:00:00+00:00,0.2032,0.2041,0.2028,0.2033,541634.8
2026-08-02 17:00:00+00:00,0.2033,0.2039,0.2033,0.2037,114571.2
2026-08-02 18:00:00+00:00,0.2037,0.205,0.2037,0.2048,822860.1
2026-08-02 19:00:00+00:00,0.2048,0.205,0.2046,0.2048,90743.7
2026-08-02 20:00:00+00:00,0.2048,0.205,0.204,0.2041,1103323.1
2026-08-02 21:00:00+00:00,0.2041,0.2058,0.2039,0.2057,1080109.8
2026-08-02 22:00:00+00:00,0.2057,0.2061,0.2039,0.204,356119.1
2026-08-02 23:00:00+00:00,0.204,0.2042,0.2017,0.2026,2545380.4
2026-08-03 00:00:00+00:00,0.2026,0.2032,0.2012,0.2022,1749514.0
2026-08-03 01:00:00+00:00,0.2022,0.2025,0.2004,0.2009,1486597.2
2026-08-03 02:00:00+00:00,0.2009,0.2009,0.1999,0.2001,832614.7
2026-08-03 03:00:00+00:00,0.2001,0.201,0.1997,0.2004,555233.5
2026-08-03 04:00:00+00:00,0.2004,0.2015,0.2002,0.2004,659126.4
2026-08-03 05:00:00+00:00,0.2004,0.2014,0.2003,0.2014,408605.3
2026-08-03 06:00:00+00:00,0.2014,0.2016,0.2003,0.2005,284895.5
2026-08-03 07:00:00+00:00,0.2005,0.2014,0.2004,0.2013,569201.2
2026-08-03 08:00:00+00:00,0.2013,0.2022,0.2007,0.2016,1804849.4
2026-08-03 09:00:00+00:00,0.2016,0.203,0.2015,0.202,707020.3
2026-08-03 10:00:00+00:00,0.202,0.2023,0.2015,0.202,703826.8
2026-08-03 11:00:00+00:00,0.202,0.2024,0.2015,0.2017,331748.4
2026-08-03 12:00:00+00:00,0.2017,0.2025,0.2013,0.2023,622556.1
2026-08-03 13:00:00+00:00,0.2023,0.205,0.2023,0.2048,1994150.5
2026-08-03 14:00:00+00:00,0.2048,0.2056,0.2041,0.2048,526065.5
2026-08-03 15:00:00+00:00,0.2048,0.206,0.2044,0.2049,1347197.8
2026-08-03 16:00:00+00:00,0.2049,0.2065,0.2049,0.2061,916029.1
2026-08-03 17:00:00+00:00,0.2061,0.2064,0.2053,0.2055,818165.7
2026-08-03 18:00:00+00:00,0.2055,0.2058,0.2041,0.2045,1018411.7
2026-08-03 19:00:00+00:00,0.2045,0.2066,0.2044,0.2054,1136472.3
2026-08-03 20:00:00+00:00,0.2054,0.2062,0.2052,0.206,226352.3
2026-08-03 21:00:00+00:00,0.206,0.2063,0.2049,0.2051,524929.9
2026-08-03 22:00:00+00:00,0.2051,0.2054,0.2045,0.2052,345508.5
2026-08-03 23:00:00+00:00,0.2052,0.2064,0.2047,0.2057,476546.9
2026-08-04 00:00:00+00:00,0.2057,0.206,0.2043,0.2045,335288.9
2026-08-04 01:00:00+00:00,0.2045,0.2062,0.2041,0.2059,302743.1
2026-08-04 02:00:00+00:00,0.2059,0.2067,0.2059,0.2061,422720.0
2026-08-04 03:00:00+00:00,0.2061,0.2062,0.2056,0.2061,574921.5
2026-08-04 04:00:00+00:00,0.2061,0.2075,0.2055,0.2073,678235.6
2026-08-04 05:00:00+00:00,0.2073,0.2074,0.2063,0.2067,345227.0
2026-08-04 06:00:00+00:00,0.2067,0.2073,0.2055,0.2057,431350.7
2026-08-04 07:00:00+00:00,0.2057,0.206,0.2045,0.2055,1125252.0
2026-08-04 08:00:00+00:00,0.2055,0.206,0.2047,0.205,404393.0
2026-08-04 09:00:00+00:00,0.205,0.205,0.204,0.2044,444667.9
2026-08-04 10:00:00+00:00,0.2044,0.2052,0.2036,0.2045,518032.3
2026-08-04 11:00:00+00:00,0.2045,0.2049,0.2041,0.2046,402156.4
2026-08-04 12:00:00+00:00,0.2046,0.2047,0.2028,0.2032,1357946.6
2026-08-04 13:00:00+00:00,0.2032,0.2045,0.2024,0.2025,1594067.1
2026-08-04 14:00:00+00:00,0.2025,0.204,0.2021,0.2032,2155508.4
2026-08-04 15:00:00+00:00,0.2032,0.204,0.2018,0.2032,1066086.2
2026-08-04 16:00:00+00:00,0.2032,0.2033,0.2013,0.2016,1303259.1
2026-08-04 17:00:00+00:00,0.2016,0.204,0.2016,0.2035,1247262.0
2026-08-04 18:00:00+00:00,0.2035,0.2048,0.2034,0.2044,633243.6
2026-08-04 19:00:00+00:00,0.2044,0.2051,0.2041,0.2042,404124.2
2026-08-04 20:00:00+00:00,0.2042,0.205,0.2035,0.2045,712899.0
2026-08-04 21:00:00+00:00,0.2045,0.2048,0.2043,0.2047,198423.0
2026-08-04 22:00:00+00:00,0.2047,0.2059,0.2042,0.2056,363378.4
2026-08-04 23:00:00+00:00,0.2056,0.2058,0.2046,0.205,431812.0
2026-08-05 00:00:00+00:00,0.205,0.2058,0.2044,0.2045,921914.0
2026-08-05 01:00:00+00:00,0.2045,0.2051,0.204,0.2046,486067.9
2026-08-05 02:00:00+00:00,0.2046,0.206,0.2044,0.2055,745999.5
2026-08-05 03:00:00+00:00,0.2055,0.2056,0.2045,0.2052,576503.5
2026-08-05 04:00:00+00:00,0.2052,0.2058,0.2049,0.2051,217435.2
2026-08-05 05:00:00+00:00,0.2051,0.2067,0.2051,0.2063,1317801.5
2026-08-05 06:00:00+00:00,0.2063,0.2068,0.2056,0.2061,689443.7
2026-08-05 07:00:00+00:00,0.2061,0.2066,0.2051,0.2064,472920.7
2026-08-05 08:00:00+00:00,0.2064,0.2071,0.2055,0.2056,609910.0
2026-08-05 09:00:00+00:00,0.2056,0.2063,0.2055,0.2057,290978.4
2026-08-05 10:00:00+00:00,0.2057,0.2057,0.2042,0.2046,803460.8
2026-08-05 11:00:00+00:00,0.2046,0.2049,0.2038,0.2041,275115.9
2026-08-05 12:00:00+00:00,0.2041,0.2055,0.2039,0.2045,286089.9
2026-08-05 13:00:00+00:00,0.2045,0.2047,0.2027,0.2037,1272705.0
2026-08-05 14:00:00+00:00,0.2037,0.2043,0.2029,0.2031,727061.9
2026-08-05 15:00:00+00:00,0.2031,0.2041,0.2029,0.2029,615285.4
2026-08-05 16:00:00+00:00,0.2029,0.205,0.2025,0.205,385137.2
2026-08-05 17:00:00+00:00,0.205,0.2054,0.2041,0.205,444498.8
2026-08-05 18:00:00+00:00,0.205,0.2051,0.2037,0.204,998414.1
2026-08-05 19:00:00+00:00,0.204,0.2045,0.2036,0.2036,233234.0
2026-08-05 20:00:00+00:00,0.2036,0.2051,0.2033,0.2046,794955.9
2026-08-05 21:00:00+00:00,0.2046,0.2048,0.2038,0.2047,808200.0
2026-08-05 22:00:00+00:00,0.2047,0.205,0.204,0.2043,475305.5
2026-08-05 23:00:00+00:00,0.2043,0.2054,0.2039,0.2052,585627.1
2026-08-06 00:00:00+00:00,0.2052,0.2059,0.205,0.2058,403862.9
2026-08-06 01:00:00+00:00,0.2058,0.2059,0.2046,0.2047,229816.2
2026-08-06 02:00:00+00:00,0.2047,0.2053,0.2042,0.2042,333185.6
2026-08-06 03:00:00+00:00,0.2042,0.2045,0.2037,0.2042,231150.6
2026-08-06 04:00:00+00:00,0.2042,0.2062,0.2037,0.2062,1667587.0
2026-08-06 05:00:00+00:00,0.2062,0.208,0.206,0.2076,1974297.1
2026-08-06 06:00:00+00:00,0.2076,0.2104,0.2072,0.2103,1789078.1
2026-08-06 07:00:00+00:00,0.2103,0.2117,0.2098,0.2111,1639575.7
2026-08-06 08:00:00+00:00,0.2111,0.2117,0.2094,0.2101,948074.4
2026-08-06 09:00:00+00:00,0.2101,0.2104,0.2084,0.2093,2359998.1
2026-08-06 10:00:00+00:00,0.2093,0.2105,0.2082,0.2084,1025158.3
2026-08-06 11:00:00+00:00,0.2084,0.2111,0.208,0.2103,1460569.9
2026-08-06 12:00:00+00:00,0.2103,0.212,0.2092,0.2095,1659929.4
2026-08-06 13:00:00+00:00,0.2095,0.211,0.2086,0.2108,943459.7
2026-08-06 14:00:00+00:00,0.2108,0.2141,0.2106,0.2133,1693906.5
2026-08-06 15:00:00+00:00,0.2133,0.214,0.213,0.213,614701.3
2026-08-06 16:00:00+00:00,0.213,0.2215,0.213,0.2205,7880431.0
2026-08-06 17:00:00+00:00,0.2205,0.2214,0.2157,0.2176,4133193.7
2026-08-06 18:00:00+00:00,0.2176,0.2177,0.2151,0.2166,2185705.0
2026-08-06 19:00:00+00:00,0.2166,0.2171,0.2141,0.2141,1250542.4
2026-08-06 20:00:00+00:00,0.2141,0.2148,0.2138,0.214,376953.9
2026-08-06 21:00:00+00:00,0.214,0.2149,0.2136,0.2137,335707.0
2026-08-06 22:00:00+00:00,0.2137,0.2145,0.2126,0.2131,444787.8
2026-08-06 23:00:00+00:00,0.2131,0.2147,0.2128,0.2145,413872.4
2026-08-07 00:00:00+00:00,0.2145,0.2161,0.2142,0.216,803188.0
2026-08-07 01:00:00+00:00,0.216,0.2165,0.2152,0.2154,590189.9
2026-08-07 02:00:00+00:00,0.2154,0.2174,0.2148,0.2163,906301.8
2026-08-07 03:00:00+00:00,0.2163,0.2187,0.2162,0.217,1175842.2
2026-08-07 04:00:00+00:00,0.217,0.218,0.2162,0.2172,856401.8
2026-08-07 05:00:00+00:00,0.2172,0.2177,0.2154,0.2165,491307.9
2026-08-07 06:00:00+00:00,0.2165,0.217,0.2158,0.2161,289090.1
2026-08-07 07:00:00+00:00,0.2161,0.2168,0.2157,0.2157,375824.9
2026-08-07 08:00:00+00:00,0.2157,0.2157,0.2144,0.2152,574244.6
2026-08-07 09:00:00+00:00,0.2152,0.216,0.2147,0.2155,599393.8
2026-08-07 10:00:00+00:00,0.2155,0.2161,0.214,0.2147,805704.9
2026-08-07 11:00:00+00:00,0.2147,0.2157,0.2144,0.2151,329381.5
2026-08-07 12:00:00+00:00,0.2151,0.2167,0.2146,0.2146,541201.5
2026-08-07 13:00:00+00:00,0.2146,0.2149,0.2135,0.2138,781392.2
2026-08-07 14:00:00+00:00,0.2138,0.2149,0.2117,0.2122,1004998.9
2026-08-07 15:00:00+00:00,0.2122,0.2127,0.2112,0.212,962808.6
2026-08-07 16:00:00+00:00,0.212,0.2132,0.2117,0.2122,461046.5
2026-08-07 17:00:00+00:00,0.2122,0.2122,0.2108,0.2121,1115052.8
2026-08-07 18:00:00+00:00,0.2121,0.2124,0.2096,0.2105,1225983.6
2026-08-07 19:00:00+00:00,0.2105,0.2119,0.2103,0.2115,533196.8
2026-08-07 20:00:00+00:00,0.2115,0.2116,0.211,0.2115,172038.9
2026-08-07 21:00:00+00:00,0.2115,0.212,0.2112,0.2112,123125.9
2026-08-07 22:00:00+00:00,0.2112,0.2123,0.2112,0.212,126216.1
2026-08-07 23:00:00+00:00,0.212,0.2127,0.2119,0.2127,95696.1
2026-08-08 00:00:00+00:00,0.2127,0.2129,0.2122,0.2125,322839.4
2026-08-08 01:00:00+00:00,0.2125,0.2134,0.2117,0.2133,294663.1
2026-08-08 02:00:00+00:00,0.2133,0.2133,0.2124,0.2128,247549.7
2026-08-08 03:00:00+00:00,0.2128,0.2163,0.2127,0.2159,964977.3
2026-08-08 04:00:00+00:00,0.2159,0.2192,0.2153,0.2185,1829900.4
2026-08-08 05:00:00+00:00,0.2185,0.221,0.218,0.2207,1126827.9
2026-08-08 06:00:00+00:00,0.2207,0.2225,0.2199,0.2216,1407954.7
2026-08-08 07:00:00+00:00,0.2216,0.2259,0.2215,0.2247,2491610.6
2026-08-08 08:00:00+00:00,0.2247,0.2266,0.2225,0.2228,2167327.9
2026-08-08 09:00:00+00:00,0.2228,0.2253,0.2226,0.225,740016.8
2026-08-08 10:00:00+00:00,0.225,0.226,0.2239,0.2259,968350.5
2026-08-08 11:00:00+00:00,0.2259,0.2264,0.2237,0.2241,1232349.7
2026-08-08 12:00:00+00:00,0.2241,0.2263,0.2239,0.2256,671051.4
2026-08-08 13:00:00+00:00,0.2256,0.2287,0.2254,0.2277,1544173.9
2026-08-08 14:00:00+00:00,0.2277,0.2294,0.2258,0.2262,1875650.7
2026-08-08 15:00:00+00:00,0.2262,0.2282,0.226,0.2277,973326.9
2026-08-08 16:00:00+00:00,0.2277,0.2281,0.2258,0.2275,720967.0
2026-08-08 17:00:00+00:00,0.2275,0.228,0.226,0.2263,447892.9
2026-08-08 18:00:00+00:00,0.2263,0.2271,0.2251,0.2262,451396.2
2026-08-08 19:00:00+00:00,0.2262,0.2272,0.2251,0.2272,635895.5
2026-08-08 20:00:00+00:00,0.2272,0.2282,0.227,0.2275,516319.9
2026-08-08 21:00:00+00:00,0.2275,0.2284,0.2274,0.2275,190139.9
2026-08-08 22:00:00+00:00,0.2275,0.2275,0.2263,0.2269,348949.4
2026-08-08 23:00:00+00:00,0.2269,0.2273,0.226,0.2264,329501.4
2026-08-09 00:00:00+00:00,0.2264,0.2279,0.226,0.2274,539385.1
2026-08-09 01:00:00+00:00,0.2274,0.2277,0.2246,0.2251,1221738.0
2026-08-09 02:00:00+00:00,0.2251,0.2268,0.2248,0.2266,735874.1
2026-08-09 03:00:00+00:00,0.2266,0.2277,0.2253,0.2274,660821.3
2026-08-09 04:00:00+00:00,0.2274,0.2287,0.2271,0.2283,729704.9
2026-08-09 05:00:00+00:00,0.2283,0.2296,0.2263,0.2274,1255657.9
2026-08-09 06:00:00+00:00,0.2274,0.2275,0.2263,0.2268,356098.2
2026-08-09 07:00:00+00:00,0.2268,0.2273,0.226,0.2268,433843.2
2026-08-09 08:00:00+00:00,0.2268,0.2279,0.2258,0.227,733833.9
2026-08-09 09:00:00+00:00,0.227,0.2277,0.226,0.2275,363572.0
2026-08-09 10:00:00+00:00,0.2275,0.2333,0.2269,0.2319,3921314.7
2026-08-09 11:00:00+00:00,0.2319,0.2374,0.2314,0.2373,2370622.1
2026-08-09 12:00:00+00:00,0.2373,0.2394,0.2359,0.2377,1588895.2
2026-08-09 13:00:00+00:00,0.2377,0.2386,0.2351,0.2365,1892130.7
2026-08-09 14:00:00+00:00,0.2365,0.2393,0.2363,0.2378,1295659.3
2026-08-09 15:00:00+00:00,0.2378,0.246,0.2376,0.2414,3257361.3
2026-08-09 16:00:00+00:00,0.2414,0.242,0.2394,0.2399,1413940.1
2026-08-09 17:00:00+00:00,0.2399,0.2404,0.2379,0.2383,875823.0
2026-08-09 18:00:00+00:00,0.2383,0.2392,0.2376,0.2389,508151.0
2026-08-09 19:00:00+00:00,0.2389,0.2393,0.2376,0.2377,256005.7
2026-08-09 20:00:00+00:00,0.2377,0.2383,0.2371,0.2382,363662.4
2026-08-09 21:00:00+00:00,0.2382,0.2394,0.237,0.2393,428520.2
2026-08-09 22:00:00+00:00,0.2393,0.2403,0.2363,0.2367,916242.6
2026-08-09 23:00:00+00:00,0.2367,0.2384,0.2361,0.2368,930317.1
2026-08-10 00:00:00+00:00,0.2368,0.2405,0.2362,0.2403,1035202.3
2026-08-10 01:00:00+00:00,0.2403,0.2414,0.2374,0.2394,1351912.8
2026-08-10 02:00:00+00:00,0.2394,0.2424,0.2377,0.2419,897277.4
2026-08-10 03:00:00+00:00,0.2419,0.2424,0.2395,0.2413,752036.3
2026-08-10 04:00:00+00:00,0.2413,0.2419,0.239,0.2406,613453.4
2026-08-10 05:00:00+00:00,0.2406,0.2411,0.2393,0.2402,271922.8
2026-08-10 06:00:00+00:00,0.2402,0.2402,0.2385,0.2395,519746.1
2026-08-10 07:00:00+00:00,0.2395,0.2395,0.2373,0.2373,446695.0
2026-08-10 08:00:00+00:00,0.2373,0.2399,0.2372,0.2382,991060.2
2026-08-10 09:00:00+00:00,0.2382,0.2415,0.2381,0.2394,1083859.8
2026-08-10 10:00:00+00:00,0.2394,0.2408,0.2385,0.2387,610423.0
2026-08-10 11:00:00+00:00,0.2387,0.2439,0.2385,0.2432,1861464.3
2026-08-10 12:00:00+00:00,0.2432,0.2443,0.2414,0.243,1672392.1
2026-08-10 13:00:00+00:00,0.243,0.2468,0.243,0.2459,3908238.2
2026-08-10 14:00:00+00:00,0.2459,0.2466,0.2411,0.2417,1703554.7
2026-08-10 15:00:00+00:00,0.2417,0.2422,0.239,0.2402,1559400.6
2026-08-10 16:00:00+00:00,0.2402,0.2438,0.2397,0.2435,2413677.0
2026-08-10 17:00:00+00:00,0.2435,0.2513,0.243,0.251,3885358.6
2026-08-10 18:00:00+00:00,0.251,0.2613,0.2497,0.2566,11186588.0
2026-08-10 19:00:00+00:00,0.2566,0.2634,0.2555,0.2578,5432638.1
2026-08-10 20:00:00+00:00,0.2578,0.263,0.2566,0.2589,4134149.4
2026-08-10 21:00:00+00:00,0.2589,0.2623,0.257,0.258,2403809.6
2026-08-10 22:00:00+00:00,0.258,0.2661,0.2578,0.2623,4396712.4
2026-08-10 23:00:00+00:00,0.2623,0.2654,0.2618,0.2627,2549877.3
2026-08-11 00:00:00+00:00,0.2627,0.2652,0.2615,0.2644,2324659.8
2026-08-11 01:00:00+00:00,0.2644,0.2697,0.2637,0.2657,4109602.4
2026-08-11 02:00:00+00:00,0.2657,0.2716,0.2655,0.2687,3099102.8
2026-08-11 03:00:00+00:00,0.2687,0.2728,0.2661,0.2668,6675697.2
2026-08-11 04:00:00+00:00,0.2668,0.2709,0.2625,0.269,9141747.5
2026-08-11 05:00:00+00:00,0.269,0.2702,0.2632,0.2636,3139359.2
2026-08-11 06:00:00+00:00,0.2636,0.2653,0.2607,0.2635,3013769.7
2026-08-11 07:00:00+00:00,0.2635,0.265,0.2588,0.2611,3260456.8
2026-08-11 08:00:00+00:00,0.2611,0.2615,0.2585,0.2599,2122060.2
2026-08-11 09:00:00+00:00,0.2599,0.2681,0.2597,0.2663,4086952.5
2026-08-11 10:00:00+00:00,0.2663,0.2693,0.2634,0.2639,3860397.2
2026-08-11 11:00:00+00:00,0.2639,0.2672,0.2638,0.2667,2148155.4
2026-08-11 12:00:00+00:00,0.2667,0.2678,0.2643,0.2671,2435921.0
2026-08-11 13:00:00+00:00,0.2671,0.2685,0.2642,0.2673,2577205.3
2026-08-11 14:00:00+00:00,0.2673,0.2692,0.264,0.2645,3877886.9
2026-08-11 15:00:00+00:00,0.2645,0.2656,0.2621,0.2648,2473566.0
2026-08-11 16:00:00+00:00,0.2648,0.273,0.2642,0.2683,6046289.8
2026-08-11 17:00:00+00:00,0.2683,0.2718,0.2621,0.2707,15493657.5
2026-08-11 18:00:00+00:00,0.2707,0.2712,0.2662,0.2665,4671040.0
2026-08-11 19:00:00+00:00,0.2665,0.2683,0.2639,0.2677,2562406.1
2026-08-11 20:00:00+00:00,0.2677,0.2714,0.2676,0.2701,2750102.8
2026-08-11 21:00:00+00:00,0.2701,0.2702,0.2643,0.265,4591007.6
2026-08-11 22:00:00+00:00,0.265,0.2696,0.2643,0.2692,2725266.4
2026-08-11 23:00:00+00:00,0.2692,0.2705,0.2682,0.2696,2587901.1
2026-08-12 00:00:00+00:00,0.2696,0.2796,0.2686,0.2729,17011789.9
2026-08-12 01:00:00+00:00,0.2729,0.2785,0.2719,0.2753,4821347.8
2026-08-12 02:00:00+00:00,0.2753,0.2811,0.2747,0.2761,4941911.6
2026-08-12 03:00:00+00:00,0.2761,0.2764,0.2618,0.2633,7297333.2
2026-08-12 04:00:00+00:00,0.2633,0.2662,0.2596,0.266,4946215.9
2026-08-12 05:00:00+00:00,0.266,0.2781,0.2657,0.2746,6890327.5
2026-08-12 06:00:00+00:00,0.2746,0.2762,0.2733,0.2743,2140549.8
2026-08-12 07:00:00+00:00,0.2743,0.2863,0.2742,0.2845,5627372.3
2026-08-12 08:00:00+00:00,0.2845,0.285,0.2764,0.2769,4785346.6
2026-08-12 09:00:00+00:00,0.2769,0.2803,0.275,0.2774,3562263.0
2026-08-12 10:00:00+00:00,0.2774,0.2794,0.2758,0.2773,1800878.9
2026-08-12 11:00:00+00:00,0.2773,0.2777,0.2745,0.2754,2322510.7
2026-08-12 12:00:00+00:00,0.2754,0.2771,0.2734,0.2746,2740136.9
2026-08-12 13:00:00+00:00,0.2746,0.2779,0.2745,0.2768,1499196.1
2026-08-12 14:00:00+00:00,0.2768,0.2768,0.2669,0.2693,7155752.7
2026-08-12 15:00:00+00:00,0.2693,0.2768,0.2687,0.2751,3218138.4
2026-08-12 16:00:00+00:00,0.2751,0.2786,0.2715,0.2721,3685053.5
2026-08-12 17:00:00+00:00,0.2721,0.2724,0.2677,0.2683,2033861.7
2026-08-12 18:00:00+00:00,0.2683,0.269,0.2649,0.268,4015898.9
2026-08-12 19:00:00+00:00,0.268,0.2692,0.2634,0.2646,5803944.2
2026-08-12 20:00:00+00:00,0.2646,0.2663,0.2643,0.2653,1370375.9
2026-08-12 21:00:00+00:00,0.2653,0.268,0.2646,0.2656,1209417.9
2026-08-12 22:00:00+00:00,0.2656,0.2683,0.265,0.268,946213.5
2026-08-12 23:00:00+00:00,0.268,0.2683,0.2667,0.267,489801.6
2026-08-13 00:00:00+00:00,0.267,0.269,0.2608,0.2621,2885403.4
2026-08-13 01:00:00+00:00,0.2621,0.2672,0.262,0.2647,3101315.5
2026-08-13 02:00:00+00:00,0.2647,0.2649,0.2584,0.2617,4014181.2
2026-08-13 03:00:00+00:00,0.2617,0.2617,0.2599,0.2606,1058577.3
2026-08-13 04:00:00+00:00,0.2606,0.261,0.2565,0.2574,3924021.9
2026-08-13 05:00:00+00:00,0.2574,0.2596,0.2529,0.2538,3197398.6
2026-08-13 06:00:00+00:00,0.2538,0.2556,0.2518,0.2541,1917553.0
2026-08-13 07:00:00+00:00,0.2541,0.2559,0.2538,0.2548,1605689.6
2026-08-13 08:00:00+00:00,0.2548,0.2556,0.253,0.2538,1451394.7
2026-08-13 09:00:00+00:00,0.2538,0.256,0.2534,0.2552,1383314.4
2026-08-13 10:00:00+00:00,0.2552,0.2582,0.2526,0.2581,1227950.3
2026-08-13 11:00:00+00:00,0.2581,0.2601,0.2495,0.2507,6348750.5
2026-08-13 12:00:00+00:00,0.2507,0.2543,0.2488,0.2539,2432494.2
2026-08-13 13:00:00+00:00,0.2539,0.2542,0.2517,0.2523,1245788.1
2026-08-13 14:00:00+00:00,0.2523,0.2546,0.2513,0.2537,1428381.7
2026-08-13 15:00:00+00:00,0.2537,0.255,0.2524,0.2545,1082717.3
2026-08-13 16:00:00+00:00,0.2545,0.2545,0.2503,0.2521,1977054.7
2026-08-13 17:00:00+00:00,0.2521,0.2524,0.2502,0.2502,685231.1
2026-08-13 18:00:00+00:00,0.2502,0.2522,0.2471,0.2484,3466576.2
2026-08-13 19:00:00+00:00,0.2484,0.2534,0.2477,0.2529,1948760.0
2026-08-13 20:00:00+00:00,0.2529,0.2566,0.2514,0.2559,1313550.5
2026-08-13 21:00:00+00:00,0.2559,0.2569,0.254,0.2546,917770.4
2026-08-13 22:00:00+00:00,0.2546,0.2558,0.2534,0.2538,807659.5
2026-08-13 23:00:00+00:00,0.2538,0.2547,0.2534,0.2539,644329.6
2026-08-14 00:00:00+00:00,0.2539,0.2552,0.2533,0.2533,462325.9
2026-08-14 01:00:00+00:00,0.2533,0.2545,0.2518,0.2544,716285.1
2026-08-14 02:00:00+00:00,0.2544,0.2544,0.2514,0.2514,873706.4
2026-08-14 03:00:00+00:00,0.2514,0.2534,0.2505,0.2517,866742.5
2026-08-14 04:00:00+00:00,0.2517,0.2523,0.2507,0.2509,689814.0
2026-08-14 05:00:00+00:00,0.2509,0.2534,0.2508,0.2514,821377.5
2026-08-14 06:00:00+00:00,0.2514,0.2552,0.2513,0.2532,781570.3
2026-08-14 07:00:00+00:00,0.2532,0.2547,0.251,0.2512,823585.4
2026-08-14 08:00:00+00:00,0.2512,0.2513,0.2476,0.2478,2237659.8
2026-08-14 09:00:00+00:00,0.2478,0.2486,0.2457,0.2469,2692913.9
2026-08-14 10:00:00+00:00,0.2469,0.2484,0.2452,0.2472,1814012.0
2026-08-14 11:00:00+00:00,0.2472,0.2487,0.2457,0.2465,2249952.0
2026-08-14 12:00:00+00:00,0.2465,0.2468,0.2425,0.2437,3263739.5
2026-08-14 13:00:00+00:00,0.2437,0.2481,0.2433,0.2481,2504094.3
2026-08-14 14:00:00+00:00,0.2481,0.2485,0.2433,0.2445,2804336.6
2026-08-14 15:00:00+00:00,0.2445,0.2472,0.244,0.2472,1233234.4
2026-08-14 16:00:00+00:00,0.2472,0.2474,0.2444,0.2445,1084938.8
2026-08-14 17:00:00+00:00,0.2445,0.2454,0.2408,0.2413,3246002.0
2026-08-14 18:00:00+00:00,0.2413,0.2427,0.2391,0.2395,5828134.7
2026-08-14 19:00:00+00:00,0.2395,0.2415,0.2387,0.241,1256299.3
2026-08-14 20:00:00+00:00,0.241,0.2418,0.2399,0.2407,1357901.4
2026-08-14 21:00:00+00:00,0.2407,0.2412,0.2395,0.2406,466965.3
2026-08-14 22:00:00+00:00,0.2406,0.2406,0.2383,0.2387,699762.4
2026-08-14 23:00:00+00:00,0.2387,0.24,0.2378,0.2385,729738.8
2026-08-15 00:00:00+00:00,0.2385,0.2398,0.2379,0.2391,1025864.5
2026-08-15 01:00:00+00:00,0.2391,0.2425,0.2377,0.2411,973501.9
2026-08-15 02:00:00+00:00,0.2411,0.2439,0.2411,0.2432,820600.9
2026-08-15 03:00:00+00:00,0.2432,0.2436,0.241,0.2415,813471.5
2026-08-15 04:00:00+00:00,0.2415,0.2427,0.2408,0.2411,1287780.9
2026-08-15 05:00:00+00:00,0.2411,0.2423,0.241,0.2415,538500.3
2026-08-15 06:00:00+00:00,0.2415,0.2431,0.241,0.2413,876717.3
2026-08-15 07:00:00+00:00,0.2413,0.2431,0.2389,0.2392,1517969.6
2026-08-15 08:00:00+00:00,0.2392,0.2422,0.2392,0.2408,744584.4
2026-08-15 09:00:00+00:00,0.2408,0.2426,0.2405,0.2424,746818.0
2026-08-15 10:00:00+00:00,0.2424,0.2429,0.2416,0.2419,586001.6
2026-08-15 11:00:00+00:00,0.2419,0.2419,0.2404,0.2408,313576.3
2026-08-15 12:00:00+00:00,0.2408,0.2413,0.24,0.2413,393486.3
2026-08-15 13:00:00+00:00,0.2413,0.2426,0.241,0.2422,447784.5
2026-08-15 14:00:00+00:00,0.2422,0.243,0.2415,0.2415,511739.4
2026-08-15 15:00:00+00:00,0.2415,0.2428,0.2412,0.2422,399361.0
2026-08-15 16:00:00+00:00,0.2422,0.2423,0.2394,0.2394,825272.7
2026-08-15 17:00:00+00:00,0.2394,0.2415,0.2389,0.239,544858.6
2026-08-15 18:00:00+00:00,0.239,0.2401,0.2387,0.2394,530820.3
2026-08-15 19:00:00+00:00,0.2394,0.2407,0.2393,0.2401,479181.6
2026-08-15 20:00:00+00:00,0.2401,0.241,0.2395,0.241,347030.3
2026-08-15 21:00:00+00:00,0.241,0.2416,0.2399,0.2404,1125236.9
2026-08-15 22:00:00+00:00,0.2404,0.2413,0.2404,0.241,106623.9
2026-08-15 23:00:00+00:00,0.241,0.2424,0.2395,0.2417,1334865.4
2026-08-16 00:00:00+00:00,0.2417,0.2417,0.2396,0.2406,710677.4
2026-08-16 01:00:00+00:00,0.2406,0.2418,0.2401,0.241,544509.5
2026-08-16 02:00:00+00:00,0.241,0.2419,0.2402,0.2414,597039.0
2026-08-16 03:00:00+00:00,0.2414,0.242,0.2403,0.2405,341572.1
2026-08-16 04:00:00+00:00,0.2405,0.2411,0.2398,0.2399,231735.4
2026-08-16 05:00:00+00:00,0.2399,0.2402,0.2391,0.2395,256055.0
2026-08-16 06:00:00+00:00,0.2395,0.2407,0.2395,0.2399,373226.2
2026-08-16 07:00:00+00:00,0.2399,0.2421,0.2397,0.2411,700422.3
2026-08-16 08:00:00+00:00,0.2411,0.2465,0.2411,0.2459,1658887.2
2026-08-16 09:00:00+00:00,0.2459,0.2491,0.2446,0.2489,2048246.3
2026-08-16 10:00:00+00:00,0.2489,0.251,0.2472,0.2487,2813238.1
2026-08-16 11:00:00+00:00,0.2487,0.2514,0.2487,0.2506,1423955.4
2026-08-16 12:00:00+00:00,0.2506,0.2521,0.248,0.2494,1977219.6
2026-08-16 13:00:00+00:00,0.2494,0.2494,0.2478,0.2482,791581.3
2026-08-16 14:00:00+00:00,0.2482,0.2486,0.2457,0.2469,1144659.7
2026-08-16 15:00:00+00:00,0.2469,0.2475,0.2448,0.2471,851084.8
2026-08-16 16:00:00+00:00,0.2471,0.2535,0.2461,0.2532,2405541.4
2026-08-16 17:00:00+00:00,0.2532,0.2552,0.2515,0.2516,1888190.7
2026-08-16 18:00:00+00:00,0.2516,0.2526,0.2493,0.2498,902846.4
2026-08-16 19:00:00+00:00,0.2498,0.252,0.2496,0.2514,897016.6
2026-08-16 20:00:00+00:00,0.2514,0.2524,0.2505,0.2518,1018154.0
2026-08-16 21:00:00+00:00,0.2518,0.2529,0.2475,0.2485,1550595.7
2026-08-16 22:00:00+00:00,0.2485,0.2496,0.2468,0.2491,1031964.8
2026-08-16 23:00:00+00:00,0.2491,0.2501,0.2481,0.2487,556800.9
2026-08-17 00:00:00+00:00,0.2487,0.2514,0.2483,0.2491,1252269.2
2026-08-17 01:00:00+00:00,0.2491,0.2504,0.2486,0.2504,1230382.1
2026-08-17 02:00:00+00:00,0.2504,0.2506,0.247,0.2501,1215435.4
2026-08-17 03:00:00+00:00,0.2501,0.2513,0.2499,0.2504,668518.2
2026-08-17 04:00:00+00:00,0.2504,0.2512,0.2494,0.2496,656557.4
2026-08-17 05:00:00+00:00,0.2496,0.2501,0.2474,0.2475,924863.9
2026-08-17 06:00:00+00:00,0.2475,0.2501,0.2464,0.2499,945607.5
2026-08-17 07:00:00+00:00,0.2499,0.2499,0.247,0.2473,536184.3
2026-08-17 08:00:00+00:00,0.2473,0.2478,0.2453,0.2457,1388086.0
2026-08-17 09:00:00+00:00,0.2457,0.246,0.2411,0.2433,4738034.4
2026-08-17 10:00:00+00:00,0.2433,0.2456,0.2423,0.2451,1297648.0
2026-08-17 11:00:00+00:00,0.2451,0.2458,0.2437,0.2447,1297439.2
2026-08-17 12:00:00+00:00,0.2447,0.2456,0.2442,0.2448,804365.5
2026-08-17 13:00:00+00:00,0.2448,0.2465,0.2439,0.2453,1053134.6
2026-08-17 14:00:00+00:00,0.2453,0.2455,0.2424,0.2441,1527170.1
2026-08-17 15:00:00+00:00,0.2441,0.2449,0.2435,0.2449,853079.1
2026-08-17 16:00:00+00:00,0.2449,0.2539,0.2443,0.2532,1667322.4
2026-08-17 17:00:00+00:00,0.2532,0.2539,0.2453,0.246,2103295.1
2026-08-17 18:00:00+00:00,0.246,0.2468,0.2433,0.2446,1557341.3
2026-08-17 19:00:00+00:00,0.2446,0.2449,0.2431,0.2438,858013.6
2026-08-17 20:00:00+00:00,0.2438,0.2443,0.242,0.2439,1032362.3
2026-08-17 21:00:00+00:00,0.2439,0.2447,0.242,0.2427,701017.1
2026-08-17 22:00:00+00:00,0.2427,0.2428,0.2402,0.2408,679826.4
2026-08-17 23:00:00+00:00,0.2408,0.2422,0.2404,0.2415,479765.3
2026-08-18 00:00:00+00:00,0.2415,0.2433,0.241,0.2433,796093.6
2026-08-18 01:00:00+00:00,0.2433,0.2442,0.2428,0.2435,659025.7
2026-08-18 02:00:00+00:00,0.2435,0.2443,0.2416,0.2435,744498.1
2026-08-18 03:00:00+00:00,0.2435,0.2468,0.2432,0.2453,704591.5
2026-08-18 04:00:00+00:00,0.2453,0.2468,0.2446,0.2464,654081.1
2026-08-18 05:00:00+00:00,0.2464,0.2482,0.2454,0.247,1418889.6
2026-08-18 06:00:00+00:00,0.247,0.2485,0.2449,0.2467,628346.7
2026-08-18 07:00:00+00:00,0.2467,0.2474,0.2446,0.245,479622.0
2026-08-18 08:00:00+00:00,0.245,0.2468,0.244,0.2446,967235.2
2026-08-18 09:00:00+00:00,0.2446,0.2456,0.2437,0.245,844829.0
2026-08-18 10:00:00+00:00,0.245,0.2466,0.2448,0.245,629305.9
2026-08-18 11:00:00+00:00,0.245,0.2453,0.242,0.2421,814050.2
2026-08-18 12:00:00+00:00,0.2421,0.2422,0.239,0.2397,2295578.6
2026-08-18 13:00:00+00:00,0.2397,0.2404,0.2382,0.2394,1319154.7
2026-08-18 14:00:00+00:00,0.2394,0.2416,0.2357,0.2401,3491772.1
2026-08-18 15:00:00+00:00,0.2401,0.243,0.2401,0.241,1303189.4
2026-08-18 16:00:00+00:00,0.241,0.2459,0.2405,0.245,1534416.6
2026-08-18 17:00:00+00:00,0.245,0.245,0.2384,0.2385,2059817.6
2026-08-18 18:00:00+00:00,0.2385,0.2416,0.2383,0.2404,1159167.0
2026-08-18 19:00:00+00:00,0.2404,0.2415,0.2399,0.24,404467.2
2026-08-18 20:00:00+00:00,0.24,0.2406,0.2391,0.2403,629195.4
2026-08-18 21:00:00+00:00,0.2403,0.2407,0.2396,0.2398,180914.9
2026-08-18 22:00:00+00:00,0.2398,0.2414,0.2398,0.2412,193128.1
2026-08-18 23:00:00+00:00,0.2412,0.2419,0.2405,0.2413,335583.5
2026-08-19 00:00:00+00:00,0.2413,0.2424,0.2402,0.2412,773461.8
2026-08-19 01:00:00+00:00,0.2412,0.2417,0.2407,0.2409,306160.5
2026-08-19 02:00:00+00:00,0.2409,0.2409,0.2396,0.2402,733895.0
2026-08-19 03:00:00+00:00,0.2402,0.2409,0.2382,0.2388,728179.8
2026-08-19 04:00:00+00:00,0.2388,0.2394,0.2375,0.2377,702964.8
2026-08-19 05:00:00+00:00,0.2377,0.2387,0.2358,0.2368,1154662.6
2026-08-19 06:00:00+00:00,0.2368,0.237,0.2351,0.2368,892908.4
2026-08-19 07:00:00+00:00,0.2368,0.2369,0.2358,0.236,311854.1
2026-08-19 08:00:00+00:00,0.236,0.2386,0.2352,0.238,1486925.9
2026-08-19 09:00:00+00:00,0.238,0.2385,0.2372,0.2372,538807.0
2026-08-19 10:00:00+00:00,0.2372,0.2383,0.2358,0.2377,592690.8
2026-08-19 11:00:00+00:00,0.2377,0.2394,0.2377,0.2384,642913.2
2026-08-19 12:00:00+00:00,0.2384,0.2429,0.2378,0.2403,1818946.4
2026-08-19 13:00:00+00:00,0.2403,0.2418,0.2392,0.2416,965099.2
2026-08-19 14:00:00+00:00,0.2416,0.2509,0.2411,0.2493,3485127.1
2026-08-19 15:00:00+00:00,0.2493,0.2586,0.249,0.2545,6480887.3
2026-08-19 16:00:00+00:00,0.2545,0.2568,0.2536,0.2551,2200340.6
2026-08-19 17:00:00+00:00,0.2551,0.2567,0.2513,0.252,1308632.0
2026-08-19 18:00:00+00:00,0.252,0.2555,0.2515,0.2554,681976.5
2026-08-19 19:00:00+00:00,0.2554,0.2564,0.2537,0.2557,935414.5
2026-08-19 20:00:00+00:00,0.2557,0.2601,0.2553,0.2586,1258994.1
2026-08-19 21:00:00+00:00,0.2586,0.2636,0.2586,0.26,2155580.2
2026-08-19 22:00:00+00:00,0.26,0.2606,0.2548,0.2551,1353002.6
2026-08-19 23:00:00+00:00,0.2551,0.2553,0.252,0.2538,884411.5
2026-08-20 00:00:00+00:00,0.2538,0.2593,0.2537,0.2593,2129819.6
2026-08-20 01:00:00+00:00,0.2593,0.2616,0.2584,0.2587,1340273.0
2026-08-20 02:00:00+00:00,0.2587,0.2606,0.2583,0.2592,657952.4
2026-08-20 03:00:00+00:00,0.2592,0.2658,0.2575,0.2626,4052882.4
2026-08-20 04:00:00+00:00,0.2626,0.2662,0.2619,0.2652,1322919.8
2026-08-20 05:00:00+00:00,0.2652,0.2686,0.2637,0.2663,1805532.8
2026-08-20 06:00:00+00:00,0.2663,0.27,0.2651,0.2692,2651567.0
2026-08-20 07:00:00+00:00,0.2692,0.2695,0.2663,0.267,973577.2
2026-08-20 08:00:00+00:00,0.267,0.2733,0.267,0.27,3373132.6
2026-08-20 09:00:00+00:00,0.27,0.2718,0.2673,0.2678,1799456.0
2026-08-20 10:00:00+00:00,0.2678,0.277,0.2675,0.2768,3192740.0
2026-08-20 11:00:00+00:00,0.2768,0.2774,0.2731,0.2734,2261144.3
2026-08-20 12:00:00+00:00,0.2734,0.2737,0.2678,0.2697,3412575.8
2026-08-20 13:00:00+00:00,0.2697,0.2724,0.2663,0.268,3340361.3
2026-08-20 14:00:00+00:00,0.268,0.2691,0.265,0.2659,1479175.2
2026-08-20 15:00:00+00:00,0.2659,0.2714,0.2659,0.2684,3861755.3
2026-08-20 16:00:00+00:00,0.2684,0.2705,0.2675,0.2691,957142.7
2026-08-20 17:00:00+00:00,0.2691,0.2715,0.2686,0.2705,1110069.9
2026-08-20 18:00:00+00:00,0.2705,0.2712,0.2655,0.2662,1414343.2
2026-08-20 19:00:00+00:00,0.2662,0.271,0.2652,0.2709,2152777.8
2026-08-20 20:00:00+00:00,0.2709,0.2838,0.2706,0.2801,7403191.1
2026-08-20 21:00:00+00:00,0.2801,0.2811,0.2755,0.2771,4236737.3
2026-08-20 22:00:00+00:00,0.2771,0.2831,0.275,0.281,2984542.2
2026-08-20 23:00:00+00:00,0.281,0.2886,0.2809,0.2849,3598561.9
2026-08-21 00:00:00+00:00,0.2849,0.2925,0.2839,0.2904,3310224.3
2026-08-21 01:00:00+00:00,0.2904,0.2922,0.2828,0.2861,3249418.9
2026-08-21 02:00:00+00:00,0.2861,0.3155,0.2858,0.3052,27916872.0
2026-08-21 03:00:00+00:00,0.3052,0.3234,0.3044,0.3207,10364519.1
2026-08-21 04:00:00+00:00,0.3207,0.323,0.3104,0.312,11111849.6
2026-08-21 05:00:00+00:00,0.312,0.3197,0.3073,0.3127,7268653.1
2026-08-21 06:00:00+00:00,0.3127,0.3186,0.3099,0.3179,4300126.3
2026-08-21 07:00:00+00:00,0.3179,0.3187,0.3139,0.3162,2516423.5
2026-08-21 08:00:00+00:00,0.3162,0.3221,0.3133,0.3177,4532357.7
2026-08-21 09:00:00+00:00,0.3177,0.3216,0.3098,0.3157,5641193.8
2026-08-21 10:00:00+00:00,0.3157,0.325,0.3126,0.3197,3858403.0
2026-08-21 11:00:00+00:00,0.3197,0.3241,0.3152,0.3239,4647697.3
2026-08-21 12:00:00+00:00,0.3239,0.3322,0.3173,0.3209,7745995.2
2026-08-21 13:00:00+00:00,0.3209,0.3232,0.3166,0.3181,2826115.5
2026-08-21 14:00:00+00:00,0.3181,0.3229,0.3169,0.3219,2171528.9
2026-08-21 15:00:00+00:00,0.3219,0.3227,0.3145,0.3174,1978981.7
2026-08-21 16:00:00+00:00,0.3174,0.3213,0.3155,0.3187,1850946.2
2026-08-21 17:00:00+00:00,0.3187,0.3204,0.3145,0.3194,1476911.0
2026-08-21 18:00:00+00:00,0.3194,0.3239,0.3179,0.3225,2413429.4
2026-08-21 19:00:00+00:00,0.3225,0.3329,0.3208,0.3314,3790567.3
2026-08-21 20:00:00+00:00,0.3314,0.3342,0.3251,0.3282,5046110.7
2026-08-21 21:00:00+00:00,0.3282,0.3414,0.3281,0.3353,2647807.0
2026-08-21 22:00:00+00:00,0.3353,0.3385,0.3324,0.3378,3102435.2
2026-08-21 23:00:00+00:00,0.3378,0.3483,0.3367,0.3435,5638278.1
2026-08-22 00:00:00+00:00,0.3435,0.3463,0.334,0.3414,4308544.7
2026-08-22 01:00:00+00:00,0.3414,0.3533,0.3369,0.3374,4842830.2
2026-08-22 02:00:00+00:00,0.3374,0.347,0.3374,0.3461,2187407.4
2026-08-22 03:00:00+00:00,0.3461,0.3471,0.34,0.3422,2978877.6
2026-08-22 04:00:00+00:00,0.3422,0.3537,0.341,0.3466,5266720.8
2026-08-22 05:00:00+00:00,0.3466,0.3476,0.285,0.3181,28617027.5
2026-08-22 06:00:00+00:00,0.3181,0.3249,0.3164,0.3226,2638922.8
2026-08-22 07:00:00+00:00,0.3226,0.3247,0.3184,0.3221,2185061.1
2026-08-22 08:00:00+00:00,0.3221,0.3289,0.3172,0.3268,2318358.8
2026-08-22 09:00:00+00:00,0.3268,0.3298,0.3221,0.3295,2449897.7
2026-08-22 10:00:00+00:00,0.3295,0.3308,0.3186,0.3268,4481299.6
2026-08-22 11:00:00+00:00,0.3268,0.3387,0.3263,0.3385,2398105.5
2026-08-22 12:00:00+00:00,0.3385,0.3414,0.336,0.3362,2508635.3
2026-08-22 13:00:00+00:00,0.3362,0.3385,0.3288,0.3362,2401509.3
2026-08-22 14:00:00+00:00,0.3362,0.3377,0.3324,0.3337,1139145.2
2026-08-22 15:00:00+00:00,0.3337,0.3452,0.3333,0.3368,2412375.5
2026-08-22 16:00:00+00:00,0.3368,0.3445,0.3341,0.3381,1842917.3
2026-08-22 17:00:00+00:00,0.3381,0.3405,0.3326,0.3387,1720099.6
2026-08-22 18:00:00+00:00,0.3387,0.3447,0.3359,0.3408,1224730.6
2026-08-22 19:00:00+00:00,0.3408,0.3444,0.3364,0.3374,929959.5
2026-08-22 20:00:00+00:00,0.3374,0.345,0.334,0.3436,1855478.9
2026-08-22 21:00:00+00:00,0.3436,0.3437,0.3342,0.3354,2602867.8
2026-08-22 22:00:00+00:00,0.3354,0.3395,0.3343,0.3381,634318.9
2026-08-22 23:00:00+00:00,0.3381,0.3407,0.3355,0.3356,847243.0
2026-08-23 00:00:00+00:00,0.3356,0.3398,0.3305,0.3315,2688237.6
2026-08-23 01:00:00+00:00,0.3315,0.333,0.3235,0.3241,3505045.7
2026-08-23 02:00:00+00:00,0.3241,0.3256,0.3188,0.3218,2410663.1
2026-08-23 03:00:00+00:00,0.3218,0.3235,0.3155,0.3183,1777701.9
2026-08-23 04:00:00+00:00,0.3183,0.3189,0.3102,0.3127,2610911.3
2026-08-23 05:00:00+00:00,0.3127,0.3203,0.3109,0.3179,1740347.4
2026-08-23 06:00:00+00:00,0.3179,0.3244,0.3173,0.3204,1750588.1
2026-08-23 07:00:00+00:00,0.3204,0.3221,0.3186,0.3208,805777.8
2026-08-23 08:00:00+00:00,0.3208,0.3277,0.3204,0.3272,1311058.2
2026-08-23 09:00:00+00:00,0.3272,0.3323,0.3255,0.3314,2472354.8
2026-08-23 10:00:00+00:00,0.3314,0.3389,0.3296,0.3338,1790007.6
2026-08-23 11:00:00+00:00,0.3338,0.3362,0.3325,0.3332,1346371.3
2026-08-23 12:00:00+00:00,0.3332,0.341,0.3331,0.3381,2463979.8
2026-08-23 13:00:00+00:00,0.3381,0.3432,0.3367,0.3385,2246370.5
2026-08-23 14:00:00+00:00,0.3385,0.3463,0.3244,0.3307,4567782.2
2026-08-23 15:00:00+00:00,0.3307,0.3364,0.3291,0.3338,1842063.1
2026-08-23 16:00:00+00:00,0.3338,0.3362,0.3299,0.3356,1702786.5
2026-08-23 17:00:00+00:00,0.3356,0.3362,0.33,0.3307,670606.2
2026-08-23 18:00:00+00:00,0.3307,0.3314,0.3261,0.3274,1242615.6
2026-08-23 19:00:00+00:00,0.3274,0.3313,0.3263,0.3294,1250640.7
2026-08-23 20:00:00+00:00,0.3294,0.3302,0.3266,0.3275,697707.3
2026-08-23 21:00:00+00:00,0.3275,0.3349,0.3249,0.3305,1760121.3
2026-08-23 22:00:00+00:00,0.3305,0.3345,0.3284,0.3336,886692.5
2026-08-23 23:00:00+00:00,0.3336,0.335,0.3291,0.3293,861834.6
2026-08-24 00:00:00+00:00,0.3293,0.3299,0.3216,0.3267,2383573.2
2026-08-24 01:00:00+00:00,0.3267,0.3268,0.3192,0.3203,1081181.2
2026-08-24 02:00:00+00:00,0.3203,0.326,0.3194,0.325,649732.1
2026-08-24 03:00:00+00:00,0.325,0.3255,0.3211,0.3218,635612.7
2026-08-24 04:00:00+00:00,0.3218,0.3303,0.3214,0.3293,1221564.1
2026-08-24 05:00:00+00:00,0.3293,0.3313,0.3249,0.3268,1083341.2
2026-08-24 06:00:00+00:00,0.3268,0.3288,0.3239,0.3262,854701.9
2026-08-24 07:00:00+00:00,0.3262,0.3326,0.3255,0.3286,1631943.6
2026-08-24 08:00:00+00:00,0.3286,0.3323,0.3259,0.3277,1597732.8
2026-08-24 09:00:00+00:00,0.3277,0.3323,0.325,0.326,1178447.4
2026-08-24 10:00:00+00:00,0.326,0.3279,0.323,0.3241,879818.1
2026-08-24 11:00:00+00:00,0.3241,0.3315,0.3219,0.3303,2247923.9
2026-08-24 12:00:00+00:00,0.3303,0.3325,0.3255,0.3309,1779661.7
2026-08-24 13:00:00+00:00,0.3309,0.3331,0.3238,0.3279,3144400.6
2026-08-24 14:00:00+00:00,0.3279,0.3364,0.3278,0.3335,2587023.8
2026-08-24 15:00:00+00:00,0.3335,0.3355,0.3247,0.3266,2699562.4
2026-08-24 16:00:00+00:00,0.3266,0.3304,0.3238,0.3249,1545116.7
2026-08-24 17:00:00+00:00,0.3249,0.3266,0.323,0.3264,1525409.7
2026-08-24 18:00:00+00:00,0.3264,0.332,0.3253,0.3253,989563.0
2026-08-24 19:00:00+00:00,0.3253,0.3279,0.3236,0.3272,821236.6
2026-08-24 20:00:00+00:00,0.3272,0.3304,0.326,0.3284,557420.6
2026-08-24 21:00:00+00:00,0.3284,0.3347,0.3284,0.3298,1393163.6
2026-08-24 22:00:00+00:00,0.3298,0.337,0.3289,0.3332,1346153.6
2026-08-24 23:00:00+00:00,0.3332,0.3407,0.3321,0.3384,1486710.9
2026-08-25 00:00:00+00:00,0.3384,0.3441,0.3364,0.3399,2161250.3
2026-08-25 01:00:00+00:00,0.3399,0.3429,0.3358,0.3376,1610502.6
2026-08-25 02:00:00+00:00,0.3376,0.3425,0.334,0.3344,1593892.3
2026-08-25 03:00:00+00:00,0.3344,0.3377,0.3329,0.3334,1156932.4
2026-08-25 04:00:00+00:00,0.3334,0.3389,0.3312,0.3388,1547182.1
2026-08-25 05:00:00+00:00,0.3388,0.3402,0.3348,0.3351,874810.2
2026-08-25 06:00:00+00:00,0.3351,0.3374,0.3277,0.329,1585582.5
2026-08-25 07:00:00+00:00,0.329,0.3333,0.3247,0.3269,2778864.0
2026-08-25 08:00:00+00:00,0.3269,0.332,0.3267,0.3296,1047354.3
2026-08-25 09:00:00+00:00,0.3296,0.3308,0.3232,0.3271,1336723.9
2026-08-25 10:00:00+00:00,0.3271,0.3291,0.3263,0.3283,526187.3
2026-08-25 11:00:00+00:00,0.3283,0.3295,0.3268,0.3275,684908.8
2026-08-25 12:00:00+00:00,0.3275,0.3289,0.3236,0.3282,1622578.0
2026-08-25 13:00:00+00:00,0.3282,0.3283,0.3168,0.3205,4085830.4
2026-08-25 14:00:00+00:00,0.3205,0.3246,0.3198,0.3213,2096205.2
2026-08-25 15:00:00+00:00,0.3213,0.3234,0.3201,0.3225,921552.6
2026-08-25 16:00:00+00:00,0.3225,0.3249,0.3203,0.3241,833742.2
2026-08-25 17:00:00+00:00,0.3241,0.3241,0.3171,0.3202,1256633.1
2026-08-25 18:00:00+00:00,0.3202,0.3209,0.3185,0.319,530789.7
2026-08-25 19:00:00+00:00,0.319,0.3192,0.3135,0.3157,1446238.1
2026-08-25 20:00:00+00:00,0.3157,0.3177,0.3122,0.3131,1663727.5
2026-08-25 21:00:00+00:00,0.3131,0.3176,0.3097,0.3157,928958.9
2026-08-25 22:00:00+00:00,0.3157,0.3184,0.3155,0.3171,939610.7
2026-08-25 23:00:00+00:00,0.3171,0.3182,0.3136,0.3137,871210.8
2026-08-26 00:00:00+00:00,0.3137,0.318,0.3123,0.3175,1491500.6
2026-08-26 01:00:00+00:00,0.3175,0.3206,0.3165,0.3193,607952.7
2026-08-26 02:00:00+00:00,0.3193,0.3235,0.3188,0.3222,511546.7
2026-08-26 03:00:00+00:00,0.3222,0.3229,0.3177,0.3183,486123.9
2026-08-26 04:00:00+00:00,0.3183,0.3223,0.3177,0.3186,949636.1
2026-08-26 05:00:00+00:00,0.3186,0.3206,0.3174,0.3181,832346.5
2026-08-26 06:00:00+00:00,0.3181,0.3186,0.3157,0.3167,516860.0
2026-08-26 07:00:00+00:00,0.3167,0.3188,0.3159,0.3183,559698.5
2026-08-26 08:00:00+00:00,0.3183,0.3206,0.3169,0.318,987529.6
2026-08-26 09:00:00+00:00,0.318,0.3196,0.3135,0.3154,751008.2
2026-08-26 10:00:00+00:00,0.3154,0.3204,0.3149,0.3202,615490.7
2026-08-26 11:00:00+00:00,0.3202,0.3204,0.3163,0.3175,491030.7
2026-08-26 12:00:00+00:00,0.3175,0.3205,0.3157,0.317,960952.8
2026-08-26 13:00:00+00:00,0.317,0.3177,0.3125,0.3166,1877769.8
2026-08-26 14:00:00+00:00,0.3166,0.3175,0.3067,0.307,1716861.9
2026-08-26 15:00:00+00:00,0.307,0.3105,0.3061,0.3076,642286.7
2026-08-26 16:00:00+00:00,0.3076,0.3081,0.3023,0.303,1888920.8
2026-08-26 17:00:00+00:00,0.303,0.3061,0.3029,0.3037,992871.8
2026-08-26 18:00:00+00:00,0.3037,0.3065,0.3031,0.3046,680826.3
2026-08-26 19:00:00+00:00,0.3046,0.3061,0.3015,0.3054,996331.9
2026-08-26 20:00:00+00:00,0.3054,0.3074,0.3035,0.3071,533189.9
2026-08-26 21:00:00+00:00,0.3071,0.3122,0.3068,0.3107,1160022.1
2026-08-26 22:00:00+00:00,0.3107,0.3138,0.3101,0.313,1362798.0
2026-08-26 23:00:00+00:00,0.313,0.3186,0.3123,0.3168,1561822.2
2026-08-27 00:00:00+00:00,0.3168,0.317,0.3133,0.3138,738268.2
2026-08-27 01:00:00+00:00,0.3138,0.3186,0.3136,0.3157,1006374.5
2026-08-27 02:00:00+00:00,0.3157,0.3164,0.3114,0.3126,1281547.0
2026-08-27 03:00:00+00:00,0.3126,0.3143,0.3114,0.3119,248090.0
2026-08-27 04:00:00+00:00,0.3119,0.3218,0.3114,0.3216,2534264.0
2026-08-27 05:00:00+00:00,0.3216,0.3282,0.3172,0.3264,3507105.0
2026-08-27 06:00:00+00:00,0.3264,0.3294,0.3239,0.3286,1940099.6
2026-08-27 07:00:00+00:00,0.3286,0.3295,0.3263,0.3283,1849132.1
2026-08-27 08:00:00+00:00,0.3283,0.3312,0.3257,0.3309,1335012.2
2026-08-27 09:00:00+00:00,0.3309,0.3371,0.3303,0.3351,1607677.2
2026-08-27 10:00:00+00:00,0.3351,0.3373,0.3298,0.3338,3268998.4
2026-08-27 11:00:00+00:00,0.3338,0.3351,0.3266,0.3288,3083548.4
2026-08-27 12:00:00+00:00,0.3288,0.3304,0.3276,0.3286,1099643.8
2026-08-27 13:00:00+00:00,0.3286,0.3333,0.328,0.3314,1197158.6
2026-08-27 14:00:00+00:00,0.3314,0.3338,0.329,0.3303,1091014.5
2026-08-27 15:00:00+00:00,0.3303,0.3352,0.3295,0.3308,1461520.5
2026-08-27 16:00:00+00:00,0.3308,0.3342,0.3297,0.3305,1182485.7
2026-08-27 17:00:00+00:00,0.3305,0.333,0.3285,0.3288,1590683.0
2026-08-27 18:00:00+00:00,0.3288,0.3293,0.3244,0.3266,1376975.0
2026-08-27 19:00:00+00:00,0.3266,0.328,0.3229,0.3231,838979.0
2026-08-27 20:00:00+00:00,0.3231,0.326,0.3217,0.3256,794889.5
2026-08-27 21:00:00+00:00,0.3256,0.3276,0.324,0.3267,1517604.2
2026-08-27 22:00:00+00:00,0.3267,0.33,0.3265,0.327,1315907.3
2026-08-27 23:00:00+00:00,0.327,0.328,0.3253,0.3261,362841.6
2026-08-28 00:00:00+00:00,0.3261,0.3297,0.3255,0.3264,361493.2
2026-08-28 01:00:00+00:00,0.3264,0.3339,0.3264,0.3271,1781295.1
2026-08-28 02:00:00+00:00,0.3271,0.328,0.3196,0.321,1804316.8
2026-08-28 03:00:00+00:00,0.321,0.3224,0.3188,0.3205,445285.1
2026-08-28 04:00:00+00:00,0.3205,0.3211,0.3179,0.3191,897296.2
2026-08-28 05:00:00+00:00,0.3191,0.3196,0.316,0.3183,1289495.4
2026-08-28 06:00:00+00:00,0.3183,0.3205,0.3182,0.3192,282603.8
2026-08-28 07:00:00+00:00,0.3192,0.3193,0.3153,0.317,484387.1
2026-08-28 08:00:00+00:00,0.317,0.318,0.3154,0.3159,223883.1
2026-08-28 09:00:00+00:00,0.3159,0.3172,0.3151,0.3156,528103.3
2026-08-28 10:00:00+00:00,0.3156,0.3183,0.3134,0.3178,893450.6
2026-08-28 11:00:00+00:00,0.3178,0.3221,0.3176,0.3196,815274.2
2026-08-28 12:00:00+00:00,0.3196,0.3202,0.3172,0.3175,486563.8
2026-08-28 13:00:00+00:00,0.3175,0.3182,0.315,0.3169,683840.2
2026-08-28 14:00:00+00:00,0.3169,0.3202,0.3116,0.3187,1373378.2
2026-08-28 15:00:00+00:00,0.3187,0.3199,0.3105,0.3109,901016.6
2026-08-28 16:00:00+00:00,0.3109,0.3118,0.3034,0.3086,3719667.9
2026-08-28 17:00:00+00:00,0.3086,0.3095,0.3064,0.3075,512074.6
2026-08-28 18:00:00+00:00,0.3075,0.308,0.3018,0.3047,974275.3
2026-08-28 19:00:00+00:00,0.3047,0.3056,0.3032,0.304,992173.7
2026-08-28 20:00:00+00:00,0.304,0.3048,0.3029,0.3042,579706.8
2026-08-28 21:00:00+00:00,0.3042,0.3044,0.2994,0.3007,906924.3
2026-08-28 22:00:00+00:00,0.3007,0.3039,0.3006,0.3033,635175.1
2026-08-28 23:00:00+00:00,0.3033,0.3055,0.3028,0.3049,541423.1
2026-08-29 00:00:00+00:00,0.3049,0.3075,0.3031,0.3069,1214423.8
2026-08-29 01:00:00+00:00,0.3069,0.3085,0.3054,0.308,281437.0
2026-08-29 02:00:00+00:00,0.308,0.3095,0.3061,0.3079,407821.0
2026-08-29 03:00:00+00:00,0.3079,0.3085,0.306,0.306,199533.5
2026-08-29 04:00:00+00:00,0.306,0.307,0.3042,0.3068,268926.9
2026-08-29 05:00:00+00:00,0.3068,0.3077,0.3053,0.3067,202580.0
2026-08-29 06:00:00+00:00,0.3067,0.307,0.3046,0.3068,707287.9
2026-08-29 07:00:00+00:00,0.3068,0.3077,0.3056,0.3056,247993.5
2026-08-29 08:00:00+00:00,0.3056,0.3058,0.3018,0.3029,419064.7
2026-08-29 09:00:00+00:00,0.3029,0.3036,0.3023,0.3026,150539.2
2026-08-29 10:00:00+00:00,0.3026,0.303,0.3009,0.301,138314.9
2026-08-29 11:00:00+00:00,0.301,0.3019,0.2996,0.3011,267157.6
2026-08-29 12:00:00+00:00,0.3011,0.302,0.3,0.3008,197763.1
2026-08-29 13:00:00+00:00,0.3008,0.3014,0.3004,0.3012,120511.1
2026-08-29 14:00:00+00:00,0.3012,0.305,0.3011,0.3045,504060.4
2026-08-29 15:00:00+00:00,0.3045,0.3045,0.3015,0.3024,244292.6
2026-08-29 16:00:00+00:00,0.3024,0.3041,0.3021,0.3025,324030.0
2026-08-29 17:00:00+00:00,0.3025,0.3034,0.3006,0.3025,260204.2
2026-08-29 18:00:00+00:00,0.3025,0.3032,0.3018,0.3026,161580.3
2026-08-29 19:00:00+00:00,0.3026,0.3046,0.3026,0.3035,427863.7
2026-08-29 20:00:00+00:00,0.3035,0.3049,0.3034,0.3034,180200.8
2026-08-29 21:00:00+00:00,0.3034,0.3048,0.3024,0.3038,138854.6
2026-08-29 22:00:00+00:00,0.3038,0.3046,0.3027,0.3042,85959.1
2026-08-29 23:00:00+00:00,0.3042,0.3048,0.3037,0.3039,240211.3
2026-08-30 00:00:00+00:00,0.3039,0.305,0.3031,0.3035,156440.0
2026-08-30 01:00:00+00:00,0.3035,0.3035,0.2964,0.297,1755132.6
2026-08-30 02:00:00+00:00,0.297,0.3012,0.2969,0.2998,679998.6
2026-08-30 03:00:00+00:00,0.2998,0.3015,0.2996,0.2996,266328.6
2026-08-30 04:00:00+00:00,0.2996,0.3004,0.2975,0.2991,461332.0
2026-08-30 05:00:00+00:00,0.2991,0.3005,0.2987,0.2994,229788.2
2026-08-30 06:00:00+00:00,0.2994,0.3007,0.2991,0.3007,125227.1
2026-08-30 07:00:00+00:00,0.3007,0.3012,0.299,0.2995,150951.3
2026-08-30 08:00:00+00:00,0.2995,0.3003,0.2969,0.298,399815.9
2026-08-30 09:00:00+00:00,0.298,0.2987,0.2975,0.2986,253824.0
2026-08-30 10:00:00+00:00,0.2986,0.2996,0.2974,0.2993,297566.8
2026-08-30 11:00:00+00:00,0.2993,0.3006,0.2987,0.2998,224302.9
2026-08-30 12:00:00+00:00,0.2998,0.3058,0.299,0.3041,1616292.5
2026-08-30 13:00:00+00:00,0.3041,0.3067,0.3028,0.3053,611295.7
2026-08-30 14:00:00+00:00,0.3053,0.3056,0.3041,0.3051,300280.2
2026-08-30 15:00:00+00:00,0.3051,0.3062,0.3029,0.3044,514966.4
2026-08-30 16:00:00+00:00,0.3044,0.3092,0.3044,0.309,2217770.1
2026-08-30 17:00:00+00:00,0.309,0.3127,0.3085,0.3121,951849.1
2026-08-30 18:00:00+00:00,0.3121,0.3123,0.3069,0.308,877375.2
2026-08-30 19:00:00+00:00,0.308,0.3083,0.3052,0.3068,414635.2
2026-08-30 20:00:00+00:00,0.3068,0.3072,0.3015,0.3029,936988.5
2026-08-30 21:00:00+00:00,0.3029,0.3044,0.3,0.3027,479164.0
2026-08-30 22:00:00+00:00,0.3027,0.3041,0.2959,0.2992,2249018.5
2026-08-30 23:00:00+00:00,0.2992,0.3002,0.2886,0.2945,5836913.7
2026-08-31 00:00:00+00:00,0.2945,0.3045,0.2938,0.3022,2302696.8
2026-08-31 01:00:00+00:00,0.3022,0.3051,0.2961,0.2973,2677532.8
2026-08-31 02:00:00+00:00,0.2973,0.3017,0.2973,0.2984,626177.6
2026-08-31 03:00:00+00:00,0.2984,0.3011,0.2978,0.2998,402202.8
2026-08-31 04:00:00+00:00,0.2998,0.2998,0.2977,0.2992,342446.3
2026-08-31 05:00:00+00:00,0.2992,0.3058,0.2989,0.3039,828623.4
2026-08-31 06:00:00+00:00,0.3039,0.3049,0.3022,0.3047,513120.9
2026-08-31 07:00:00+00:00,0.3047,0.3068,0.3045,0.3062,515769.9
2026-08-31 08:00:00+00:00,0.3062,0.311,0.3045,0.3093,2442182.7
2026-08-31 09:00:00+00:00,0.3093,0.3109,0.3071,0.3094,1495328.4
2026-08-31 10:00:00+00:00,0.3094,0.3106,0.308,0.31,750729.6
2026-08-31 11:00:00+00:00,0.31,0.31,0.307,0.3086,563372.3
2026-08-31 12:00:00+00:00,0.3086,0.3109,0.305,0.3056,1344271.9
2026-08-31 13:00:00+00:00,0.3056,0.3079,0.2998,0.3008,3977301.3
2026-08-31 14:00:00+00:00,0.3008,0.3111,0.3003,0.3099,3943591.2
2026-08-31 15:00:00+00:00,0.3099,0.3175,0.3094,0.3124,3126131.9
2026-08-31 16:00:00+00:00,0.3124,0.3142,0.3096,0.3116,1189815.9
2026-08-31 17:00:00+00:00,0.3116,0.3138,0.3094,0.3135,1271016.7
2026-08-31 18:00:00+00:00,0.3135,0.3206,0.311,0.3158,3099132.1
2026-08-31 19:00:00+00:00,0.3158,0.3255,0.3158,0.3215,3055229.2
2026-08-31 20:00:00+00:00,0.3215,0.3363,0.3206,0.3343,4934892.6
2026-08-31 21:00:00+00:00,0.3343,0.3409,0.3334,0.3393,2495292.9
2026-08-31 22:00:00+00:00,0.3393,0.3397,0.3337,0.3382,2185093.6
2026-08-31 23:00:00+00:00,0.3382,0.3391,0.336,0.3375,1223097.9
2026-09-01 00:00:00+00:00,0.3375,0.3452,0.3374,0.3407,2261239.9
2026-09-01 01:00:00+00:00,0.3407,0.3526,0.3407,0.3521,3973483.5
2026-09-01 02:00:00+00:00,0.3521,0.3561,0.3464,0.3514,4639867.0
2026-09-01 03:00:00+00:00,0.3514,0.359,0.348,0.3579,5502424.2
2026-09-01 04:00:00+00:00,0.3579,0.3605,0.3538,0.3574,5781263.1
2026-09-01 05:00:00+00:00,0.3574,0.3627,0.3557,0.3565,3010098.4
2026-09-01 06:00:00+00:00,0.3565,0.3572,0.3494,0.3506,2774364.6
2026-09-01 07:00:00+00:00,0.3506,0.3527,0.347,0.3513,2086486.5
2026-09-01 08:00:00+00:00,0.3513,0.3538,0.3477,0.3505,2250051.1
2026-09-01 09:00:00+00:00,0.3505,0.3577,0.3485,0.3547,2308397.3
2026-09-01 10:00:00+00:00,0.3547,0.3613,0.3534,0.3551,2821674.6
2026-09-01 11:00:00+00:00,0.3551,0.3687,0.3548,0.368,7460734.3
2026-09-01 12:00:00+00:00,0.368,0.3708,0.3585,0.3593,10932817.3
2026-09-01 13:00:00+00:00,0.3593,0.3693,0.3586,0.3659,5506886.9
2026-09-01 14:00:00+00:00,0.3659,0.37,0.36,0.3606,3231845.0
2026-09-01 15:00:00+00:00,0.3606,0.3629,0.3568,0.3611,2276367.5
2026-09-01 16:00:00+00:00,0.3611,0.3702,0.3601,0.3681,5486143.3
2026-09-01 17:00:00+00:00,0.3681,0.372,0.3664,0.3679,3926787.5
2026-09-01 18:00:00+00:00,0.3679,0.3684,0.3517,0.368,8639848.4
2026-09-01 19:00:00+00:00,0.368,0.3776,0.3656,0.3737,8562043.5
2026-09-01 20:00:00+00:00,0.3737,0.3773,0.37,0.3717,3191674.9
2026-09-01 21:00:00+00:00,0.3717,0.3725,0.3645,0.3678,3536021.0
2026-09-01 22:00:00+00:00,0.3678,0.37,0.364,0.366,3258228.5
2026-09-01 23:00:00+00:00,0.366,0.373,0.3658,0.3705,2309131.0
2026-09-02 00:00:00+00:00,0.3705,0.3717,0.3652,0.3662,1802919.8
2026-09-02 01:00:00+00:00,0.3662,0.3729,0.3654,0.3684,1565711.1
2026-09-02 02:00:00+00:00,0.3684,0.3768,0.3677,0.3756,1749564.3
2026-09-02 03:00:00+00:00,0.3756,0.3933,0.3747,0.3835,5265044.6
2026-09-02 04:00:00+00:00,0.3835,0.3852,0.3699,0.3735,4295606.2
2026-09-02 05:00:00+00:00,0.3735,0.3838,0.3709,0.3789,2801769.6
2026-09-02 06:00:00+00:00,0.3789,0.3804,0.374,0.3778,2113287.2
2026-09-02 07:00:00+00:00,0.3778,0.3805,0.3752,0.3768,1223981.2
2026-09-02 08:00:00+00:00,0.3768,0.3809,0.3688,0.3723,3000154.8
2026-09-02 09:00:00+00:00,0.3723,0.3734,0.3659,0.3671,2799593.3
2026-09-02 10:00:00+00:00,0.3671,0.3679,0.36,0.3638,2468731.0
2026-09-02 11:00:00+00:00,0.3638,0.3639,0.3577,0.3604,2179447.8
2026-09-02 12:00:00+00:00,0.3604,0.3659,0.3595,0.3616,1239539.3
2026-09-02 13:00:00+00:00,0.3616,0.3645,0.3551,0.3573,4139026.2
2026-09-02 14:00:00+00:00,0.3573,0.3582,0.3535,0.3539,1374147.4
2026-09-02 15:00:00+00:00,0.3539,0.3575,0.3528,0.3566,1934928.1
2026-09-02 16:00:00+00:00,0.3566,0.3613,0.3552,0.3562,1471975.0
2026-09-02 17:00:00+00:00,0.3562,0.3596,0.353,0.3593,1324695.6
2026-09-02 18:00:00+00:00,0.3593,0.3597,0.3528,0.3528,690304.3
2026-09-02 19:00:00+00:00,0.3528,0.3554,0.3518,0.3553,917081.5
2026-09-02 20:00:00+00:00,0.3553,0.3563,0.3521,0.3535,1412549.6
2026-09-02 21:00:00+00:00,0.3535,0.3643,0.3535,0.3633,2136576.4
2026-09-02 22:00:00+00:00,0.3633,0.3636,0.3582,0.3589,795592.7
2026-09-02 23:00:00+00:00,0.3589,0.3635,0.3582,0.3628,765206.7
2026-09-03 00:00:00+00:00,0.3628,0.3632,0.3538,0.3556,1378663.8
2026-09-03 01:00:00+00:00,0.3556,0.3638,0.355,0.3586,940784.2
2026-09-03 02:00:00+00:00,0.3586,0.3618,0.3569,0.3615,648096.1
2026-09-03 03:00:00+00:00,0.3615,0.3626,0.359,0.3591,1005250.8
2026-09-03 04:00:00+00:00,0.3591,0.3653,0.3578,0.3636,1699322.7
2026-09-03 05:00:00+00:00,0.3636,0.3642,0.359,0.3618,1766869.0
2026-09-03 06:00:00+00:00,0.3618,0.3633,0.3588,0.3589,936596.5
2026-09-03 07:00:00+00:00,0.3589,0.3625,0.3578,0.3586,680984.1
2026-09-03 08:00:00+00:00,0.3586,0.3617,0.3586,0.3605,487875.4
2026-09-03 09:00:00+00:00,0.3605,0.361,0.3583,0.3596,433809.1
2026-09-03 10:00:00+00:00,0.3596,0.3651,0.3589,0.3649,1293427.1
2026-09-03 11:00:00+00:00,0.3649,0.3708,0.3632,0.3693,1479982.3
2026-09-03 12:00:00+00:00,0.3693,0.37,0.3621,0.3632,1752852.9
2026-09-03 13:00:00+00:00,0.3632,0.3635,0.3553,0.356,2494394.6
2026-09-03 14:00:00+00:00,0.356,0.3663,0.3555,0.3654,2006301.5
2026-09-03 15:00:00+00:00,0.3654,0.3693,0.3632,0.3678,2415565.5
2026-09-03 16:00:00+00:00,0.3678,0.3686,0.3614,0.3661,3909996.5
2026-09-03 17:00:00+00:00,0.3661,0.3708,0.3654,0.3695,783439.2
2026-09-03 18:00:00+00:00,0.3695,0.3779,0.3678,0.3772,1349075.8
2026-09-03 19:00:00+00:00,0.3772,0.3816,0.3739,0.3752,951167.1
