timestamp,open,high,low,close,volume
2026-03-08 22:00:00+00:00,0.09463,0.09466,0.09283,0.09435,35306409.0
2026-03-08 23:00:00+00:00,0.09435,0.09461,0.09374,0.09386,6631246.0
2026-03-09 00:00:00+00:00,0.09386,0.0953,0.0937,0.09456,8012314.0
2026-03-09 01:00:00+00:00,0.09456,0.09495,0.09398,0.09403,5254025.0
2026-03-09 02:00:00+00:00,0.09403,0.09473,0.0937,0.09453,6246324.0
2026-03-09 03:00:00+00:00,0.09453,0.09629,0.09445,0.09532,14385765.0
2026-03-09 04:00:00+00:00,0.09532,0.09615,0.09513,0.09513,2918809.0
2026-03-09 05:00:00+00:00,0.09513,0.09661,0.09501,0.09631,14272346.0
2026-03-09 06:00:00+00:00,0.09631,0.09641,0.09522,0.09525,5502097.0
2026-03-09 07:00:00+00:00,0.09525,0.09528,0.09433,0.09516,4008762.0
2026-03-09 08:00:00+00:00,0.09516,0.09571,0.0949,0.09537,3309899.0
2026-03-09 09:00:00+00:00,0.09537,0.09606,0.09497,0.09521,7778062.0
2026-03-09 10:00:00+00:00,0.09521,0.0954,0.09463,0.09467,7148129.0
2026-03-09 11:00:00+00:00,0.09467,0.09479,0.09396,0.09441,4656565.0
2026-03-09 12:00:00+00:00,0.09441,0.09516,0.09441,0.0948,7981433.0
2026-03-09 13:00:00+00:00,0.0948,0.09601,0.09444,0.09572,15293768.0
2026-03-09 14:00:00+00:00,0.09572,0.09619,0.09511,0.09567,9736666.0
2026-03-09 15:00:00+00:00,0.09567,0.09589,0.09453,0.09458,4925632.0
2026-03-09 16:00:00+00:00,0.09458,0.09491,0.09401,0.09459,6808973.0
2026-03-09 17:00:00+00:00,0.09459,0.09494,0.09414,0.09453,5728192.0
2026-03-09 18:00:00+00:00,0.09453,0.0946,0.09385,0.09407,8709667.0
2026-03-09 19:00:00+00:00,0.09407,0.0957,0.09377,0.09448,20153331.0
2026-03-09 20:00:00+00:00,0.09448,0.09477,0.0942,0.09466,5229491.0
2026-03-09 21:00:00+00:00,0.09466,0.09491,0.09416,0.09484,3508420.0
2026-03-09 22:00:00+00:00,0.09484,0.09499,0.09411,0.09427,4848755.0
2026-03-09 23:00:00+00:00,0.09427,0.09453,0.09415,0.09426,1891535.0
2026-03-10 00:00:00+00:00,0.09426,0.09549,0.09413,0.09504,8139902.0
2026-03-10 01:00:00+00:00,0.09504,0.0955,0.09466,0.09527,4729449.0
2026-03-10 02:00:00+00:00,0.09527,0.09639,0.09513,0.09608,9002427.0
2026-03-10 03:00:00+00:00,0.09608,0.09627,0.09476,0.09503,4734768.0
2026-03-10 04:00:00+00:00,0.09503,0.09586,0.09501,0.09573,3225200.0
2026-03-10 05:00:00+00:00,0.09573,0.09596,0.09534,0.09544,3932654.0
2026-03-10 06:00:00+00:00,0.09544,0.09545,0.09483,0.09488,4126050.0
2026-03-10 07:00:00+00:00,0.09488,0.09533,0.09474,0.09515,6159661.0
2026-03-10 08:00:00+00:00,0.09515,0.09579,0.09505,0.09522,6156778.0
2026-03-10 09:00:00+00:00,0.09522,0.09697,0.09522,0.09679,10390242.0
2026-03-10 10:00:00+00:00,0.09679,0.097,0.09617,0.09694,7808675.0
2026-03-10 11:00:00+00:00,0.09694,0.09704,0.09625,0.0963,10411417.0
2026-03-10 12:00:00+00:00,0.0963,0.09647,0.09578,0.09644,6983662.0
2026-03-10 13:00:00+00:00,0.09644,0.09726,0.09555,0.09599,23230146.0
2026-03-10 14:00:00+00:00,0.09599,0.09873,0.0952,0.09868,22117218.0
2026-03-10 15:00:00+00:00,0.09868,0.09895,0.0973,0.09815,20657343.0
2026-03-10 16:00:00+00:00,0.09815,0.09886,0.09766,0.09837,9824068.0
2026-03-10 17:00:00+00:00,0.09837,0.0987,0.09713,0.09746,10501232.0
2026-03-10 18:00:00+00:00,0.09746,0.09751,0.09593,0.09616,17930121.0
2026-03-10 19:00:00+00:00,0.09616,0.09642,0.09556,0.09593,6598936.0
2026-03-10 20:00:00+00:00,0.09593,0.09618,0.09569,0.0959,3811437.0
2026-03-10 21:00:00+00:00,0.0959,0.09628,0.09502,0.09533,6199088.0
2026-03-10 22:00:00+00:00,0.09533,0.09557,0.09491,0.09513,10852923.0
2026-03-10 23:00:00+00:00,0.09513,0.09531,0.09457,0.09509,8339008.0
2026-03-11 00:00:00+00:00,0.09509,0.09538,0.09471,0.095,4911520.0
2026-03-11 01:00:00+00:00,0.095,0.09507,0.0946,0.09479,3723707.0
2026-03-11 02:00:00+00:00,0.09479,0.09479,0.09406,0.09458,4949164.0
2026-03-11 03:00:00+00:00,0.09458,0.09476,0.0942,0.09433,2142007.0
2026-03-11 04:00:00+00:00,0.09433,0.09496,0.09416,0.09491,2761799.0
2026-03-11 05:00:00+00:00,0.09491,0.09498,0.09372,0.09403,4907931.0
2026-03-11 06:00:00+00:00,0.09403,0.09449,0.09403,0.09437,2030589.0
2026-03-11 07:00:00+00:00,0.09437,0.09445,0.09375,0.09387,4443779.0
2026-03-11 08:00:00+00:00,0.09387,0.09403,0.09354,0.09377,5030850.0
2026-03-11 09:00:00+00:00,0.09377,0.09377,0.09322,0.09334,5607314.0
2026-03-11 10:00:00+00:00,0.09334,0.09393,0.09322,0.09376,3895942.0
2026-03-11 11:00:00+00:00,0.09376,0.094,0.0936,0.09369,3340279.0
2026-03-11 12:00:00+00:00,0.09369,0.09467,0.09339,0.09427,8950302.0
2026-03-11 13:00:00+00:00,0.09427,0.09614,0.09414,0.0949,15651432.0
2026-03-11 14:00:00+00:00,0.0949,0.09561,0.0946,0.09496,7495826.0
2026-03-11 15:00:00+00:00,0.09496,0.09502,0.09333,0.09393,11966224.0
2026-03-11 16:00:00+00:00,0.09393,0.0941,0.09338,0.09403,11182469.0
2026-03-11 17:00:00+00:00,0.09403,0.09475,0.09362,0.09438,8652165.0
2026-03-11 18:00:00+00:00,0.09438,0.09519,0.09436,0.09514,5351740.0
2026-03-11 19:00:00+00:00,0.09514,0.09524,0.09448,0.09482,4890268.0
2026-03-11 20:00:00+00:00,0.09482,0.09502,0.09431,0.0949,2901016.0
2026-03-11 21:00:00+00:00,0.0949,0.09541,0.09453,0.09536,3287041.0
2026-03-11 22:00:00+00:00,0.09536,0.0955,0.09434,0.09461,6051969.0
2026-03-11 23:00:00+00:00,0.09461,0.09479,0.09391,0.09414,3814954.0
2026-03-12 00:00:00+00:00,0.09414,0.09479,0.09406,0.09473,3500186.0
2026-03-12 01:00:00+00:00,0.09473,0.09477,0.0939,0.0943,4133618.0
2026-03-12 02:00:00+00:00,0.0943,0.09454,0.0935,0.09362,5719438.0
2026-03-12 03:00:00+00:00,0.09362,0.09394,0.09344,0.09369,2890847.0
2026-03-12 04:00:00+00:00,0.09369,0.09396,0.09339,0.0934,2017273.0
2026-03-12 05:00:00+00:00,0.0934,0.09353,0.09297,0.09338,4307546.0
2026-03-12 06:00:00+00:00,0.09338,0.09376,0.09316,0.09373,2578298.0
2026-03-12 07:00:00+00:00,0.09373,0.09444,0.09363,0.09441,3959997.0
2026-03-12 08:00:00+00:00,0.09441,0.09496,0.09413,0.09439,3278686.0
2026-03-12 09:00:00+00:00,0.09439,0.09496,0.09406,0.09444,3406604.0
2026-03-12 10:00:00+00:00,0.09444,0.09507,0.09434,0.09488,5102546.0
2026-03-12 11:00:00+00:00,0.09488,0.0951,0.0946,0.09483,8853288.0
2026-03-12 12:00:00+00:00,0.09483,0.09533,0.09465,0.09493,3902871.0
2026-03-12 13:00:00+00:00,0.09493,0.09534,0.09389,0.09427,9669853.0
2026-03-12 14:00:00+00:00,0.09427,0.09484,0.09315,0.09358,9303431.0
2026-03-12 15:00:00+00:00,0.09358,0.0943,0.09333,0.09414,8355852.0
2026-03-12 16:00:00+00:00,0.09414,0.09457,0.0935,0.09427,4523487.0
2026-03-12 17:00:00+00:00,0.09427,0.0945,0.09381,0.094,2554723.0
2026-03-12 18:00:00+00:00,0.094,0.09417,0.09352,0.09373,5235165.0
2026-03-12 19:00:00+00:00,0.09373,0.09453,0.09356,0.09434,4345482.0
2026-03-12 20:00:00+00:00,0.09434,0.09445,0.09378,0.09391,4090184.0
2026-03-12 21:00:00+00:00,0.09391,0.09424,0.09377,0.0942,2399573.0
2026-03-12 22:00:00+00:00,0.0942,0.0945,0.0941,0.09447,4364255.0
2026-03-12 23:00:00+00:00,0.09447,0.09509,0.09445,0.09474,6072885.0
2026-03-13 00:00:00+00:00,0.09474,0.09658,0.09451,0.09582,16631585.0
2026-03-13 01:00:00+00:00,0.09582,0.09694,0.09579,0.09674,6499604.0
2026-03-13 02:00:00+00:00,0.09674,0.09686,0.09611,0.09638,5050373.0
2026-03-13 03:00:00+00:00,0.09638,0.09697,0.09591,0.09678,5645193.0
2026-03-13 04:00:00+00:00,0.09678,0.09698,0.09639,0.09671,2962835.0
2026-03-13 05:00:00+00:00,0.09671,0.09724,0.09642,0.09684,6753808.0
2026-03-13 06:00:00+00:00,0.09684,0.09707,0.09613,0.0963,5428729.0
2026-03-13 07:00:00+00:00,0.0963,0.09672,0.09616,0.09665,4227874.0
2026-03-13 08:00:00+00:00,0.09665,0.09731,0.0962,0.09682,7796200.0
2026-03-13 09:00:00+00:00,0.09682,0.09757,0.09677,0.09741,7136947.0
2026-03-13 10:00:00+00:00,0.09741,0.09822,0.09738,0.09789,8010644.0
2026-03-13 11:00:00+00:00,0.09789,0.09821,0.09784,0.09819,4828367.0
2026-03-13 12:00:00+00:00,0.09819,0.0997,0.09805,0.09916,19145384.0
2026-03-13 13:00:00+00:00,0.09916,0.09989,0.09868,0.09947,20325920.0
2026-03-13 14:00:00+00:00,0.09947,0.0998,0.09769,0.0978,21216722.0
2026-03-13 15:00:00+00:00,0.0978,0.09849,0.09707,0.09733,16078022.0
2026-03-13 16:00:00+00:00,0.09733,0.09758,0.09649,0.09715,15808764.0
2026-03-13 17:00:00+00:00,0.09715,0.09737,0.09528,0.0956,16683655.0
2026-03-13 18:00:00+00:00,0.0956,0.09588,0.09518,0.09519,8623316.0
2026-03-13 19:00:00+00:00,0.09519,0.09531,0.09474,0.09501,7819737.0
2026-03-13 20:00:00+00:00,0.09501,0.09506,0.09471,0.09482,6928370.0
2026-03-13 21:00:00+00:00,0.09482,0.09532,0.09481,0.09516,8243585.0
2026-03-13 22:00:00+00:00,0.09516,0.09516,0.09448,0.09474,8942800.0
2026-03-13 23:00:00+00:00,0.09474,0.09508,0.09469,0.09504,3934834.0
2026-03-14 00:00:00+00:00,0.09504,0.09524,0.09447,0.09462,6327337.0
2026-03-14 01:00:00+00:00,0.09462,0.0949,0.09431,0.09477,4181540.0
2026-03-14 02:00:00+00:00,0.09477,0.0948,0.09444,0.09467,4217402.0
2026-03-14 03:00:00+00:00,0.09467,0.09512,0.09462,0.09489,3596987.0
2026-03-14 04:00:00+00:00,0.09489,0.09516,0.09462,0.09467,4800491.0
2026-03-14 05:00:00+00:00,0.09467,0.09472,0.09401,0.09418,5088475.0
2026-03-14 06:00:00+00:00,0.09418,0.09418,0.0932,0.09356,12461591.0
2026-03-14 07:00:00+00:00,0.09356,0.09356,0.09271,0.09297,12555352.0
2026-03-14 08:00:00+00:00,0.09297,0.09297,0.09263,0.09286,9623004.0
2026-03-14 09:00:00+00:00,0.09286,0.09295,0.09259,0.09268,8195926.0
2026-03-14 10:00:00+00:00,0.09268,0.09275,0.09241,0.0926,13926279.0
2026-03-14 11:00:00+00:00,0.0926,0.09328,0.09254,0.09301,15216748.0
2026-03-14 12:00:00+00:00,0.09301,0.09302,0.09202,0.09233,16479561.0
2026-03-14 13:00:00+00:00,0.09233,0.09292,0.09213,0.09235,10064029.0
2026-03-14 14:00:00+00:00,0.09235,0.0927,0.09219,0.09223,7334002.0
2026-03-14 15:00:00+00:00,0.09223,0.09227,0.09183,0.09213,8935708.0
2026-03-14 16:00:00+00:00,0.09213,0.09224,0.0919,0.09217,5524308.0
2026-03-14 17:00:00+00:00,0.09217,0.09225,0.0919,0.09195,11846852.0
2026-03-14 18:00:00+00:00,0.09195,0.09208,0.09185,0.09195,5721240.0
2026-03-14 19:00:00+00:00,0.09195,0.09197,0.0915,0.09162,13836959.0
2026-03-14 20:00:00+00:00,0.09162,0.09192,0.09118,0.09171,24782237.0
2026-03-14 21:00:00+00:00,0.09171,0.09238,0.09159,0.09231,4623353.0
2026-03-14 22:00:00+00:00,0.09231,0.09322,0.09231,0.09266,14612754.0
2026-03-14 23:00:00+00:00,0.09266,0.09372,0.09264,0.09348,11329245.0
2026-03-15 00:00:00+00:00,0.09348,0.09362,0.09287,0.09317,11153906.0
2026-03-15 01:00:00+00:00,0.09317,0.0936,0.09312,0.09354,4105797.0
2026-03-15 02:00:00+00:00,0.09354,0.09548,0.09354,0.09539,15800084.0
2026-03-15 03:00:00+00:00,0.09539,0.09572,0.09463,0.09496,14577652.0
2026-03-15 04:00:00+00:00,0.09496,0.09529,0.09457,0.09517,6561910.0
2026-03-15 05:00:00+00:00,0.09517,0.09551,0.09483,0.09499,8885200.0
2026-03-15 06:00:00+00:00,0.09499,0.09513,0.09449,0.09479,6949413.0
2026-03-15 07:00:00+00:00,0.09479,0.0952,0.09466,0.0952,11878888.0
2026-03-15 08:00:00+00:00,0.0952,0.09595,0.09512,0.09589,16621456.0
2026-03-15 09:00:00+00:00,0.09589,0.09646,0.09578,0.09617,16234817.0
2026-03-15 10:00:00+00:00,0.09617,0.0971,0.09617,0.09659,12221296.0
2026-03-15 11:00:00+00:00,0.09659,0.09679,0.09616,0.09642,9187801.0
2026-03-15 12:00:00+00:00,0.09642,0.09655,0.09553,0.09575,12675012.0
2026-03-15 13:00:00+00:00,0.09575,0.0961,0.09463,0.09559,26618898.0
2026-03-15 14:00:00+00:00,0.09559,0.09566,0.09498,0.09535,15175042.0
2026-03-15 15:00:00+00:00,0.09535,0.09545,0.09505,0.09525,3153168.0
2026-03-15 16:00:00+00:00,0.09525,0.09575,0.09505,0.09514,6021968.0
2026-03-15 17:00:00+00:00,0.09514,0.09596,0.09503,0.09566,6678221.0
2026-03-15 18:00:00+00:00,0.09566,0.09594,0.09503,0.09516,8066006.0
2026-03-15 19:00:00+00:00,0.09516,0.09543,0.09508,0.09529,4874343.0
2026-03-15 20:00:00+00:00,0.09529,0.09578,0.0949,0.0954,8724827.0
2026-03-15 21:00:00+00:00,0.0954,0.09612,0.09519,0.09583,4643877.0
2026-03-15 22:00:00+00:00,0.09583,0.0969,0.09527,0.0965,21803978.0
2026-03-15 23:00:00+00:00,0.0965,0.09674,0.09553,0.09623,21503997.0
2026-03-16 00:00:00+00:00,0.09623,0.09651,0.09575,0.096,5979596.0
2026-03-16 01:00:00+00:00,0.096,0.09623,0.09566,0.09593,3978240.0
2026-03-16 02:00:00+00:00,0.09593,0.09608,0.0954,0.09592,8576545.0
2026-03-16 03:00:00+00:00,0.09592,0.09777,0.09575,0.09695,29078604.0
2026-03-16 04:00:00+00:00,0.09695,0.09819,0.09694,0.09785,29932121.0
2026-03-16 05:00:00+00:00,0.09785,0.09872,0.09767,0.09854,14855363.0
2026-03-16 06:00:00+00:00,0.09854,0.0986,0.09768,0.09822,14682881.0
2026-03-16 07:00:00+00:00,0.09822,0.09904,0.09822,0.09863,13460574.0
2026-03-16 08:00:00+00:00,0.09863,0.09917,0.09714,0.09753,23899255.0
2026-03-16 09:00:00+00:00,0.09753,0.09836,0.09753,0.09809,6319947.0
2026-03-16 10:00:00+00:00,0.09809,0.09832,0.09763,0.09816,9726235.0
2026-03-16 11:00:00+00:00,0.09816,0.09821,0.09737,0.09787,6003644.0
2026-03-16 12:00:00+00:00,0.09787,0.09865,0.09785,0.0986,16059927.0
2026-03-16 13:00:00+00:00,0.0986,0.09949,0.09835,0.09869,32418910.0
2026-03-16 14:00:00+00:00,0.09869,0.09928,0.0978,0.0989,21162955.0
2026-03-16 15:00:00+00:00,0.0989,0.09947,0.09795,0.09804,12409815.0
2026-03-16 16:00:00+00:00,0.09804,0.09905,0.09794,0.09886,12055922.0
2026-03-16 17:00:00+00:00,0.09886,0.09931,0.09836,0.09918,8494108.0
2026-03-16 18:00:00+00:00,0.09918,0.09982,0.09908,0.09928,15035851.0
2026-03-16 19:00:00+00:00,0.09928,0.09989,0.09902,0.09943,8661439.0
2026-03-16 20:00:00+00:00,0.09943,0.10029,0.09935,0.10022,9445990.0
2026-03-16 21:00:00+00:00,0.10022,0.10099,0.09988,0.10024,19396586.0
2026-03-16 22:00:00+00:00,0.10024,0.10082,0.10003,0.10063,13337026.0
2026-03-16 23:00:00+00:00,0.10063,0.10063,0.09965,0.10021,9931914.0
2026-03-17 00:00:00+00:00,0.10021,0.10084,0.0998,0.10051,15017429.0
2026-03-17 01:00:00+00:00,0.10051,0.10126,0.10003,0.10074,15410577.0
2026-03-17 02:00:00+00:00,0.10074,0.10153,0.10005,0.10084,11763203.0
2026-03-17 03:00:00+00:00,0.10084,0.10093,0.09891,0.09928,14249120.0
2026-03-17 04:00:00+00:00,0.09928,0.09955,0.09778,0.09847,27781000.0
2026-03-17 05:00:00+00:00,0.09847,0.09868,0.09772,0.09821,9938027.0
2026-03-17 06:00:00+00:00,0.09821,0.0986,0.09775,0.09818,11648957.0
2026-03-17 07:00:00+00:00,0.09818,0.09924,0.09814,0.09905,8199726.0
2026-03-17 08:00:00+00:00,0.09905,0.0994,0.09867,0.09882,7692910.0
2026-03-17 09:00:00+00:00,0.09882,0.0994,0.09854,0.09903,11140712.0
2026-03-17 10:00:00+00:00,0.09903,0.09909,0.09858,0.09884,6409430.0
2026-03-17 11:00:00+00:00,0.09884,0.09941,0.09867,0.09899,4673209.0
2026-03-17 12:00:00+00:00,0.09899,0.09907,0.09819,0.09838,9365140.0
2026-03-17 13:00:00+00:00,0.09838,0.09933,0.09811,0.09834,15080995.0
2026-03-17 14:00:00+00:00,0.09834,0.09925,0.09808,0.099,12239415.0
2026-03-17 15:00:00+00:00,0.099,0.09971,0.09858,0.09915,15352574.0
2026-03-17 16:00:00+00:00,0.09915,0.09974,0.0988,0.09895,8607972.0
2026-03-17 17:00:00+00:00,0.09895,0.09928,0.09877,0.09918,5176665.0
2026-03-17 18:00:00+00:00,0.09918,0.09932,0.09883,0.09894,5960724.0
2026-03-17 19:00:00+00:00,0.09894,0.09907,0.09851,0.09851,6459752.0
2026-03-17 20:00:00+00:00,0.09851,0.09888,0.09834,0.09873,4422887.0
2026-03-17 21:00:00+00:00,0.09873,0.09945,0.09873,0.0992,6866128.0
2026-03-17 22:00:00+00:00,0.0992,0.09937,0.09845,0.09897,6129511.0
2026-03-17 23:00:00+00:00,0.09897,0.09905,0.09855,0.09865,5963676.0
2026-03-18 00:00:00+00:00,0.09865,0.099,0.09831,0.09895,7056997.0
2026-03-18 01:00:00+00:00,0.09895,0.09934,0.09891,0.09915,6669149.0
2026-03-18 02:00:00+00:00,0.09915,0.1003,0.09911,0.0999,9235897.0
2026-03-18 03:00:00+00:00,0.0999,0.10074,0.09989,0.09998,9235807.0
2026-03-18 04:00:00+00:00,0.09998,0.10007,0.09947,0.09979,11141393.0
2026-03-18 05:00:00+00:00,0.09979,0.10067,0.09947,0.09956,18055031.0
2026-03-18 06:00:00+00:00,0.09956,0.1002,0.09949,0.0995,5609999.0
2026-03-18 07:00:00+00:00,0.0995,0.0995,0.09888,0.09936,6872376.0
2026-03-18 08:00:00+00:00,0.09936,0.09977,0.09909,0.09921,5174532.0
2026-03-18 09:00:00+00:00,0.09921,0.09955,0.09892,0.09943,4141628.0
2026-03-18 10:00:00+00:00,0.09943,0.09946,0.09824,0.09871,7884745.0
2026-03-18 11:00:00+00:00,0.09871,0.09896,0.09704,0.09734,33987171.0
2026-03-18 12:00:00+00:00,0.09734,0.09743,0.09623,0.09649,17227250.0
2026-03-18 13:00:00+00:00,0.09649,0.09704,0.09584,0.0966,10625530.0
2026-03-18 14:00:00+00:00,0.0966,0.09664,0.09514,0.0952,14067446.0
2026-03-18 15:00:00+00:00,0.0952,0.09559,0.0947,0.09518,17301657.0
2026-03-18 16:00:00+00:00,0.09518,0.0953,0.09471,0.09504,9984170.0
2026-03-18 17:00:00+00:00,0.09504,0.09602,0.09483,0.09583,6592640.0
2026-03-18 18:00:00+00:00,0.09583,0.09648,0.09525,0.09545,13789433.0
2026-03-18 19:00:00+00:00,0.09545,0.09584,0.09494,0.09504,9934508.0
2026-03-18 20:00:00+00:00,0.09504,0.09555,0.09442,0.0954,7850189.0
2026-03-18 21:00:00+00:00,0.0954,0.09581,0.09534,0.09568,3900403.0
2026-03-18 22:00:00+00:00,0.09568,0.09568,0.09532,0.0955,2511390.0
2026-03-18 23:00:00+00:00,0.0955,0.09582,0.09533,0.09573,3186590.0
2026-03-19 00:00:00+00:00,0.09573,0.09582,0.09538,0.09545,5429396.0
2026-03-19 01:00:00+00:00,0.09545,0.09571,0.09525,0.09551,1515981.0
2026-03-19 02:00:00+00:00,0.09551,0.09562,0.09511,0.09548,2013788.0
2026-03-19 03:00:00+00:00,0.09548,0.09644,0.09543,0.09596,3912825.0
2026-03-19 04:00:00+00:00,0.09596,0.09596,0.09514,0.09516,4393096.0
2026-03-19 05:00:00+00:00,0.09516,0.0953,0.09478,0.09491,5262824.0
2026-03-19 06:00:00+00:00,0.09491,0.09514,0.09447,0.09455,4747011.0
2026-03-19 07:00:00+00:00,0.09455,0.09455,0.09337,0.09367,25929187.0
2026-03-19 08:00:00+00:00,0.09367,0.09381,0.09329,0.09342,6368779.0
2026-03-19 09:00:00+00:00,0.09342,0.09412,0.0933,0.09398,9602284.0
2026-03-19 10:00:00+00:00,0.09398,0.09404,0.09347,0.09347,8245201.0
2026-03-19 11:00:00+00:00,0.09347,0.09361,0.09313,0.09318,8331751.0
2026-03-19 12:00:00+00:00,0.09318,0.09318,0.0919,0.0919,21508635.0
2026-03-19 13:00:00+00:00,0.0919,0.09298,0.0917,0.09281,16429048.0
2026-03-19 14:00:00+00:00,0.09281,0.09307,0.09207,0.09237,8297487.0
2026-03-19 15:00:00+00:00,0.09237,0.09255,0.09133,0.09212,12382749.0
2026-03-19 16:00:00+00:00,0.09212,0.09224,0.09173,0.09191,9611268.0
2026-03-19 17:00:00+00:00,0.09191,0.09272,0.09163,0.09257,4202430.0
2026-03-19 18:00:00+00:00,0.09257,0.09257,0.09203,0.09234,6654800.0
2026-03-19 19:00:00+00:00,0.09234,0.09364,0.09231,0.09308,13989605.0
2026-03-19 20:00:00+00:00,0.09308,0.09351,0.09296,0.09328,8172974.0
2026-03-19 21:00:00+00:00,0.09328,0.09344,0.09293,0.09326,5786596.0
2026-03-19 22:00:00+00:00,0.09326,0.09328,0.09265,0.093,7268139.0
2026-03-19 23:00:00+00:00,0.093,0.09323,0.09251,0.09282,6252394.0
2026-03-20 00:00:00+00:00,0.09282,0.09311,0.09265,0.09279,6313858.0
2026-03-20 01:00:00+00:00,0.09279,0.09329,0.09278,0.09308,3889362.0
2026-03-20 02:00:00+00:00,0.09308,0.09344,0.09281,0.0933,3196816.0
2026-03-20 03:00:00+00:00,0.0933,0.09397,0.09314,0.09386,8646654.0
2026-03-20 04:00:00+00:00,0.09386,0.0944,0.09356,0.09421,7007110.0
2026-03-20 05:00:00+00:00,0.09421,0.09468,0.0938,0.09413,6021105.0
2026-03-20 06:00:00+00:00,0.09413,0.09416,0.09384,0.09389,4466377.0
2026-03-20 07:00:00+00:00,0.09389,0.09419,0.0934,0.09413,9233734.0
2026-03-20 08:00:00+00:00,0.09413,0.09474,0.09395,0.09416,8322583.0
2026-03-20 09:00:00+00:00,0.09416,0.09416,0.09323,0.09338,11463103.0
2026-03-20 10:00:00+00:00,0.09338,0.09383,0.09304,0.09371,2944153.0
2026-03-20 11:00:00+00:00,0.09371,0.09388,0.09307,0.09352,6448060.0
2026-03-20 12:00:00+00:00,0.09352,0.09385,0.09313,0.09328,3510875.0
2026-03-20 13:00:00+00:00,0.09328,0.09371,0.09287,0.09296,4530728.0
2026-03-20 14:00:00+00:00,0.09296,0.09335,0.09246,0.09253,8054139.0
2026-03-20 15:00:00+00:00,0.09253,0.09302,0.0923,0.09287,5848589.0
2026-03-20 16:00:00+00:00,0.09287,0.09302,0.09242,0.09281,2474001.0
2026-03-20 17:00:00+00:00,0.09281,0.09313,0.0924,0.09306,3577494.0
2026-03-20 18:00:00+00:00,0.09306,0.09311,0.09239,0.09263,2197974.0
2026-03-20 19:00:00+00:00,0.09263,0.09293,0.09215,0.09283,3314656.0
2026-03-20 20:00:00+00:00,0.09283,0.0929,0.09223,0.09257,1857326.0
2026-03-20 21:00:00+00:00,0.09257,0.09343,0.09227,0.09326,5934891.0
2026-03-20 22:00:00+00:00,0.09326,0.09375,0.09326,0.09345,6216863.0
2026-03-20 23:00:00+00:00,0.09345,0.09346,0.09294,0.09307,5887089.0
2026-03-21 00:00:00+00:00,0.09307,0.09355,0.09307,0.09336,4081668.0
2026-03-21 01:00:00+00:00,0.09336,0.09358,0.09311,0.09311,1934813.0
2026-03-21 02:00:00+00:00,0.09311,0.09347,0.09302,0.09336,729205.0
2026-03-21 03:00:00+00:00,0.09336,0.09345,0.09311,0.09311,948601.0
2026-03-21 04:00:00+00:00,0.09311,0.09338,0.09302,0.09304,1280539.0
2026-03-21 05:00:00+00:00,0.09304,0.09345,0.09304,0.09317,1807272.0
2026-03-21 06:00:00+00:00,0.09317,0.09341,0.09311,0.09322,2081968.0
2026-03-21 07:00:00+00:00,0.09322,0.09334,0.0928,0.09284,2429509.0
2026-03-21 08:00:00+00:00,0.09284,0.09295,0.0928,0.09287,1753889.0
2026-03-21 09:00:00+00:00,0.09287,0.09299,0.09256,0.09263,3660003.0
2026-03-21 10:00:00+00:00,0.09263,0.09264,0.09223,0.09253,5977202.0
2026-03-21 11:00:00+00:00,0.09253,0.09281,0.09248,0.09279,2311841.0
2026-03-21 12:00:00+00:00,0.09279,0.0929,0.09266,0.09286,2437565.0
2026-03-21 13:00:00+00:00,0.09286,0.09293,0.09273,0.09286,1857706.0
2026-03-21 14:00:00+00:00,0.09286,0.0934,0.09277,0.09285,5280111.0
2026-03-21 15:00:00+00:00,0.09285,0.09335,0.0928,0.09335,2468312.0
2026-03-21 16:00:00+00:00,0.09335,0.09338,0.09283,0.09295,2600545.0
2026-03-21 17:00:00+00:00,0.09295,0.09312,0.09286,0.09307,917192.0
2026-03-21 18:00:00+00:00,0.09307,0.09316,0.09295,0.09295,1925595.0
2026-03-21 19:00:00+00:00,0.09295,0.09312,0.09284,0.09303,1351720.0
2026-03-21 20:00:00+00:00,0.09303,0.09326,0.09295,0.09319,2172665.0
2026-03-21 21:00:00+00:00,0.09319,0.09326,0.09291,0.09315,1733721.0
2026-03-21 22:00:00+00:00,0.09315,0.09368,0.09304,0.09346,4516445.0
2026-03-21 23:00:00+00:00,0.09346,0.0935,0.0911,0.09147,45739707.0
2026-03-22 00:00:00+00:00,0.09147,0.09176,0.09033,0.09117,33834657.0
2026-03-22 01:00:00+00:00,0.09117,0.0915,0.09077,0.09118,4911088.0
2026-03-22 02:00:00+00:00,0.09118,0.09191,0.09106,0.09151,4271145.0
2026-03-22 03:00:00+00:00,0.09151,0.09221,0.09129,0.09167,6783553.0
2026-03-22 04:00:00+00:00,0.09167,0.09208,0.09152,0.09179,3061306.0
2026-03-22 05:00:00+00:00,0.09179,0.09179,0.09124,0.09124,3032175.0
2026-03-22 06:00:00+00:00,0.09124,0.09125,0.09097,0.09119,7317265.0
2026-03-22 07:00:00+00:00,0.09119,0.09126,0.09038,0.09039,8040406.0
2026-03-22 08:00:00+00:00,0.09039,0.09044,0.08995,0.09036,15361803.0
2026-03-22 09:00:00+00:00,0.09036,0.09048,0.09007,0.09011,6920453.0
2026-03-22 10:00:00+00:00,0.09011,0.09011,0.08966,0.0898,8741427.0
2026-03-22 11:00:00+00:00,0.0898,0.08983,0.08935,0.08953,7011033.0
2026-03-22 12:00:00+00:00,0.08953,0.09034,0.08952,0.09005,8827953.0
2026-03-22 13:00:00+00:00,0.09005,0.09031,0.08972,0.08996,2360838.0
2026-03-22 14:00:00+00:00,0.08996,0.09017,0.08954,0.08966,1964231.0
2026-03-22 15:00:00+00:00,0.08966,0.08997,0.08923,0.08957,8743351.0
2026-03-22 16:00:00+00:00,0.08957,0.08982,0.08945,0.08968,6501829.0
2026-03-22 17:00:00+00:00,0.08968,0.08968,0.08936,0.08945,3003628.0
2026-03-22 18:00:00+00:00,0.08945,0.08954,0.08886,0.08954,5722885.0
2026-03-22 19:00:00+00:00,0.08954,0.08955,0.08888,0.08913,8730814.0
2026-03-22 20:00:00+00:00,0.08913,0.08941,0.08894,0.08903,2072726.0
2026-03-22 21:00:00+00:00,0.08903,0.08909,0.08799,0.08875,30078498.0
2026-03-22 22:00:00+00:00,0.08875,0.08948,0.08822,0.08945,18404316.0
2026-03-22 23:00:00+00:00,0.08945,0.08982,0.089,0.08911,6018451.0
2026-03-23 00:00:00+00:00,0.08911,0.08957,0.08878,0.08924,5526994.0
2026-03-23 01:00:00+00:00,0.08924,0.08971,0.08904,0.08939,3914990.0
2026-03-23 02:00:00+00:00,0.08939,0.09015,0.08939,0.08991,3042214.0
2026-03-23 03:00:00+00:00,0.08991,0.09033,0.08969,0.08973,7034519.0
2026-03-23 04:00:00+00:00,0.08973,0.09049,0.08968,0.09038,5124774.0
2026-03-23 05:00:00+00:00,0.09038,0.09061,0.09024,0.09051,5839181.0
2026-03-23 06:00:00+00:00,0.09051,0.09051,0.0891,0.08936,8063019.0
2026-03-23 07:00:00+00:00,0.08936,0.08948,0.08868,0.08921,6002549.0
2026-03-23 08:00:00+00:00,0.08921,0.0898,0.08904,0.08917,6206794.0
2026-03-23 09:00:00+00:00,0.08917,0.0897,0.08875,0.08969,4236156.0
2026-03-23 10:00:00+00:00,0.08969,0.09026,0.0894,0.08977,11657328.0
2026-03-23 11:00:00+00:00,0.08977,0.09403,0.08974,0.09215,113615768.0
2026-03-23 12:00:00+00:00,0.09215,0.09307,0.09156,0.09276,17923019.0
2026-03-23 13:00:00+00:00,0.09276,0.09406,0.09254,0.09392,8384955.0
2026-03-23 14:00:00+00:00,0.09392,0.09514,0.0939,0.09475,33337008.0
2026-03-23 15:00:00+00:00,0.09475,0.095,0.09284,0.09295,15131499.0
2026-03-23 16:00:00+00:00,0.09295,0.09342,0.09206,0.09238,12731567.0
2026-03-23 17:00:00+00:00,0.09238,0.09306,0.09188,0.09241,11152697.0
2026-03-23 18:00:00+00:00,0.09241,0.09267,0.09188,0.09267,10937952.0
2026-03-23 19:00:00+00:00,0.09267,0.09319,0.09255,0.09276,7477014.0
2026-03-23 20:00:00+00:00,0.09276,0.09383,0.09253,0.09336,4512902.0
2026-03-23 21:00:00+00:00,0.09336,0.0937,0.09326,0.09363,3392413.0
2026-03-23 22:00:00+00:00,0.09363,0.09372,0.09292,0.09331,6845183.0
2026-03-23 23:00:00+00:00,0.09331,0.09331,0.09279,0.09317,1759725.0
2026-03-24 00:00:00+00:00,0.09317,0.0934,0.09199,0.09237,10327616.0
2026-03-24 01:00:00+00:00,0.09237,0.09243,0.09168,0.09207,3120026.0
2026-03-24 02:00:00+00:00,0.09207,0.09287,0.09207,0.0925,6333737.0
2026-03-24 03:00:00+00:00,0.0925,0.09313,0.09244,0.09298,2381379.0
2026-03-24 04:00:00+00:00,0.09298,0.0932,0.09238,0.0927,3716844.0
2026-03-24 05:00:00+00:00,0.0927,0.09295,0.09227,0.09263,9470411.0
2026-03-24 06:00:00+00:00,0.09263,0.0929,0.09237,0.09266,10898520.0
2026-03-24 07:00:00+00:00,0.09266,0.09421,0.09258,0.09411,27192474.0
2026-03-24 08:00:00+00:00,0.09411,0.09441,0.09395,0.09436,8073530.0
2026-03-24 09:00:00+00:00,0.09436,0.0945,0.09396,0.09425,6314818.0
2026-03-24 10:00:00+00:00,0.09425,0.09427,0.09367,0.09386,7588784.0
2026-03-24 11:00:00+00:00,0.09386,0.09386,0.09329,0.09383,7430631.0
2026-03-24 12:00:00+00:00,0.09383,0.09413,0.09351,0.0937,5006572.0
2026-03-24 13:00:00+00:00,0.0937,0.0938,0.09287,0.09304,9748587.0
2026-03-24 14:00:00+00:00,0.09304,0.09328,0.09205,0.0928,14053178.0
2026-03-24 15:00:00+00:00,0.0928,0.09319,0.09259,0.09264,4862911.0
2026-03-24 16:00:00+00:00,0.09264,0.09286,0.09222,0.09232,5097714.0
2026-03-24 17:00:00+00:00,0.09232,0.09239,0.09159,0.09194,8087081.0
2026-03-24 18:00:00+00:00,0.09194,0.09265,0.09185,0.09219,4762551.0
2026-03-24 19:00:00+00:00,0.09219,0.09274,0.09218,0.09237,3360279.0
2026-03-24 20:00:00+00:00,0.09237,0.09405,0.09235,0.0937,16094401.0
2026-03-24 21:00:00+00:00,0.0937,0.09392,0.09326,0.09392,5281395.0
2026-03-24 22:00:00+00:00,0.09392,0.09429,0.0936,0.09381,5474447.0
2026-03-24 23:00:00+00:00,0.09381,0.0943,0.09376,0.09414,3299698.0
2026-03-25 00:00:00+00:00,0.09414,0.0947,0.09404,0.09438,4330109.0
2026-03-25 01:00:00+00:00,0.09438,0.09493,0.0943,0.09451,2449958.0
2026-03-25 02:00:00+00:00,0.09451,0.09468,0.09411,0.09415,3892545.0
2026-03-25 03:00:00+00:00,0.09415,0.0944,0.09382,0.09418,3026990.0
2026-03-25 04:00:00+00:00,0.09418,0.09467,0.09416,0.09461,1791699.0
2026-03-25 05:00:00+00:00,0.09461,0.09497,0.0945,0.09457,3868546.0
2026-03-25 06:00:00+00:00,0.09457,0.09536,0.09444,0.09505,6212521.0
2026-03-25 07:00:00+00:00,0.09505,0.09557,0.0949,0.09498,6928848.0
2026-03-25 08:00:00+00:00,0.09498,0.09567,0.09498,0.09536,6176746.0
2026-03-25 09:00:00+00:00,0.09536,0.09546,0.09479,0.09498,3971128.0
2026-03-25 10:00:00+00:00,0.09498,0.09539,0.09492,0.09508,3457698.0
2026-03-25 11:00:00+00:00,0.09508,0.09582,0.09497,0.09533,12931983.0
2026-03-25 12:00:00+00:00,0.09533,0.09565,0.09458,0.09527,11146869.0
2026-03-25 13:00:00+00:00,0.09527,0.09576,0.09507,0.09514,7844226.0
2026-03-25 14:00:00+00:00,0.09514,0.09537,0.09485,0.09507,5304317.0
2026-03-25 15:00:00+00:00,0.09507,0.09511,0.0939,0.09438,8045717.0
2026-03-25 16:00:00+00:00,0.09438,0.09512,0.09405,0.09462,10552054.0
2026-03-25 17:00:00+00:00,0.09462,0.09484,0.09433,0.09449,3368947.0
2026-03-25 18:00:00+00:00,0.09449,0.09495,0.09441,0.09458,5412947.0
2026-03-25 19:00:00+00:00,0.09458,0.09477,0.09432,0.09451,4530108.0
2026-03-25 20:00:00+00:00,0.09451,0.09452,0.09389,0.09429,3036910.0
2026-03-25 21:00:00+00:00,0.09429,0.0946,0.09419,0.09446,2076228.0
2026-03-25 22:00:00+00:00,0.09446,0.09508,0.09441,0.09479,2434988.0
2026-03-25 23:00:00+00:00,0.09479,0.0949,0.09451,0.09464,3800627.0
2026-03-26 00:00:00+00:00,0.09464,0.09469,0.09414,0.09442,3771258.0
2026-03-26 01:00:00+00:00,0.09442,0.09454,0.09418,0.0943,1485388.0
2026-03-26 02:00:00+00:00,0.0943,0.0943,0.09354,0.09383,12433200.0
2026-03-26 03:00:00+00:00,0.09383,0.09383,0.09322,0.09353,5279586.0
2026-03-26 04:00:00+00:00,0.09353,0.09353,0.09317,0.09331,4401860.0
2026-03-26 05:00:00+00:00,0.09331,0.09331,0.09218,0.09223,9189205.0
2026-03-26 06:00:00+00:00,0.09223,0.09229,0.09173,0.09191,6603121.0
2026-03-26 07:00:00+00:00,0.09191,0.09213,0.09165,0.09201,2810509.0
2026-03-26 08:00:00+00:00,0.09201,0.09201,0.09133,0.09157,4540603.0
2026-03-26 09:00:00+00:00,0.09157,0.09181,0.09062,0.09104,16893642.0
2026-03-26 10:00:00+00:00,0.09104,0.09104,0.09064,0.09093,4490073.0
2026-03-26 11:00:00+00:00,0.09093,0.09102,0.09068,0.09076,6371727.0
2026-03-26 12:00:00+00:00,0.09076,0.09119,0.09061,0.09113,2943088.0
2026-03-26 13:00:00+00:00,0.09113,0.09231,0.0911,0.09192,9669141.0
2026-03-26 14:00:00+00:00,0.09192,0.09214,0.09112,0.09139,4739219.0
2026-03-26 15:00:00+00:00,0.09139,0.09139,0.09058,0.0913,7275596.0
2026-03-26 16:00:00+00:00,0.0913,0.09163,0.09091,0.09098,3572402.0
2026-03-26 17:00:00+00:00,0.09098,0.09154,0.0907,0.09088,5024743.0
2026-03-26 18:00:00+00:00,0.09088,0.09099,0.09053,0.09086,5591703.0
2026-03-26 19:00:00+00:00,0.09086,0.09087,0.09042,0.09061,2339265.0
2026-03-26 20:00:00+00:00,0.09061,0.09194,0.09043,0.09122,15426706.0
2026-03-26 21:00:00+00:00,0.09122,0.09166,0.09106,0.09153,3063988.0
2026-03-26 22:00:00+00:00,0.09153,0.09159,0.09102,0.09124,3504572.0
2026-03-26 23:00:00+00:00,0.09124,0.09134,0.09091,0.09108,1584578.0
2026-03-27 00:00:00+00:00,0.09108,0.0913,0.09076,0.09097,3693115.0
2026-03-27 01:00:00+00:00,0.09097,0.09149,0.09093,0.09143,1135496.0
2026-03-27 02:00:00+00:00,0.09143,0.0917,0.09134,0.09145,1249004.0
2026-03-27 03:00:00+00:00,0.09145,0.09155,0.09131,0.09141,1476885.0
2026-03-27 04:00:00+00:00,0.09141,0.09141,0.09085,0.09123,3468381.0
2026-03-27 05:00:00+00:00,0.09123,0.09164,0.09102,0.09111,2326859.0
2026-03-27 06:00:00+00:00,0.09111,0.0912,0.09086,0.0909,1231838.0
2026-03-27 07:00:00+00:00,0.0909,0.0912,0.09073,0.09116,2496051.0
2026-03-27 08:00:00+00:00,0.09116,0.09133,0.09019,0.09081,7863221.0
2026-03-27 09:00:00+00:00,0.09081,0.09082,0.09005,0.09038,5123445.0
2026-03-27 10:00:00+00:00,0.09038,0.09045,0.08904,0.08916,21099653.0
2026-03-27 11:00:00+00:00,0.08916,0.08973,0.08893,0.08947,4991282.0
2026-03-27 12:00:00+00:00,0.08947,0.08948,0.08882,0.08919,5481396.0
2026-03-27 13:00:00+00:00,0.08919,0.08964,0.08883,0.08904,11492273.0
2026-03-27 14:00:00+00:00,0.08904,0.08946,0.08866,0.08893,8778272.0
2026-03-27 15:00:00+00:00,0.08893,0.08994,0.08888,0.0893,9379694.0
2026-03-27 16:00:00+00:00,0.0893,0.08938,0.08883,0.08913,3244670.0
2026-03-27 17:00:00+00:00,0.08913,0.08958,0.08864,0.08876,11194973.0
2026-03-27 18:00:00+00:00,0.08876,0.08893,0.08848,0.08866,5372874.0
2026-03-27 19:00:00+00:00,0.08866,0.08917,0.08848,0.08907,4082777.0
2026-03-27 20:00:00+00:00,0.08907,0.08919,0.08872,0.0891,4410723.0
2026-03-27 21:00:00+00:00,0.0891,0.08925,0.08882,0.08888,2956897.0
2026-03-27 22:00:00+00:00,0.08888,0.08894,0.08859,0.08878,1315198.0
2026-03-27 23:00:00+00:00,0.08878,0.08905,0.0887,0.08905,1547069.0
2026-03-28 00:00:00+00:00,0.08905,0.08921,0.08894,0.08897,2146902.0
2026-03-28 01:00:00+00:00,0.08897,0.08897,0.08832,0.08875,3269978.0
2026-03-28 02:00:00+00:00,0.08875,0.08912,0.08852,0.08862,2865177.0
2026-03-28 03:00:00+00:00,0.08862,0.0889,0.08862,0.08874,836006.0
2026-03-28 04:00:00+00:00,0.08874,0.08893,0.08845,0.08893,1079922.0
2026-03-28 05:00:00+00:00,0.08893,0.08945,0.0888,0.08939,1525085.0
2026-03-28 06:00:00+00:00,0.08939,0.08994,0.08932,0.08983,2887282.0
2026-03-28 07:00:00+00:00,0.08983,0.09024,0.08982,0.09022,3887761.0
2026-03-28 08:00:00+00:00,0.09022,0.0904,0.08952,0.08959,2629536.0
2026-03-28 09:00:00+00:00,0.08959,0.08962,0.08942,0.08949,1787559.0
2026-03-28 10:00:00+00:00,0.08949,0.08989,0.08939,0.08976,1503007.0
2026-03-28 11:00:00+00:00,0.08976,0.09022,0.08975,0.09013,1654575.0
2026-03-28 12:00:00+00:00,0.09013,0.09055,0.0899,0.09021,2610723.0
2026-03-28 13:00:00+00:00,0.09021,0.09128,0.09004,0.09079,11867630.0
2026-03-28 14:00:00+00:00,0.09079,0.09107,0.09038,0.09085,7535903.0
2026-03-28 15:00:00+00:00,0.09085,0.09187,0.09085,0.09126,9575746.0
2026-03-28 16:00:00+00:00,0.09126,0.09138,0.09095,0.0911,3782771.0
2026-03-28 17:00:00+00:00,0.0911,0.09123,0.09069,0.09082,3181101.0
2026-03-28 18:00:00+00:00,0.09082,0.09096,0.09068,0.09078,1011309.0
2026-03-28 19:00:00+00:00,0.09078,0.0908,0.09047,0.09061,1137145.0
2026-03-28 20:00:00+00:00,0.09061,0.09091,0.09061,0.09075,2232094.0
2026-03-28 21:00:00+00:00,0.09075,0.0908,0.09025,0.09033,2427988.0
2026-03-28 22:00:00+00:00,0.09033,0.09047,0.0902,0.09037,1408956.0
2026-03-28 23:00:00+00:00,0.09037,0.09037,0.08958,0.08977,8324318.0
2026-03-29 00:00:00+00:00,0.08977,0.08995,0.08942,0.08976,3606512.0
2026-03-29 01:00:00+00:00,0.08976,0.08999,0.08957,0.08979,2184944.0
2026-03-29 02:00:00+00:00,0.08979,0.09012,0.08972,0.09001,1878854.0
2026-03-29 03:00:00+00:00,0.09001,0.09031,0.0899,0.09008,4097939.0
2026-03-29 04:00:00+00:00,0.09008,0.09009,0.08975,0.08986,2036534.0
2026-03-29 05:00:00+00:00,0.08986,0.08986,0.08943,0.08961,2686490.0
2026-03-29 06:00:00+00:00,0.08961,0.08976,0.08938,0.08957,1473553.0
2026-03-29 07:00:00+00:00,0.08957,0.08957,0.08911,0.08924,7535789.0
2026-03-29 08:00:00+00:00,0.08924,0.08931,0.0891,0.08921,1534478.0
2026-03-29 09:00:00+00:00,0.08921,0.08928,0.089,0.08912,2746248.0
2026-03-29 10:00:00+00:00,0.08912,0.08913,0.08879,0.0891,3266706.0
2026-03-29 11:00:00+00:00,0.0891,0.08968,0.08908,0.08941,5791731.0
2026-03-29 12:00:00+00:00,0.08941,0.08942,0.08908,0.08929,1926957.0
2026-03-29 13:00:00+00:00,0.08929,0.08931,0.08876,0.08882,5036013.0
2026-03-29 14:00:00+00:00,0.08882,0.08924,0.08863,0.08886,5130311.0
2026-03-29 15:00:00+00:00,0.08886,0.08907,0.08847,0.08878,6098433.0
2026-03-29 16:00:00+00:00,0.08878,0.08902,0.08846,0.08848,2370998.0
2026-03-29 17:00:00+00:00,0.08848,0.08864,0.08808,0.0884,6501896.0
2026-03-29 18:00:00+00:00,0.0884,0.08861,0.08821,0.08849,2914171.0
2026-03-29 19:00:00+00:00,0.08849,0.0885,0.08807,0.08814,3873655.0
2026-03-29 20:00:00+00:00,0.08814,0.08881,0.08812,0.08828,4919734.0
2026-03-29 21:00:00+00:00,0.08828,0.08861,0.08812,0.08848,4143853.0
2026-03-29 22:00:00+00:00,0.08848,0.08848,0.08597,0.08762,29562863.0
2026-03-29 23:00:00+00:00,0.08762,0.08818,0.08754,0.08798,6856475.0
2026-03-30 00:00:00+00:00,0.08798,0.08933,0.08782,0.08863,11207300.0
2026-03-30 01:00:00+00:00,0.08863,0.08921,0.08863,0.08911,5238778.0
2026-03-30 02:00:00+00:00,0.08911,0.08998,0.08899,0.08947,4758818.0
2026-03-30 03:00:00+00:00,0.08947,0.08966,0.08934,0.08956,5281328.0
2026-03-30 04:00:00+00:00,0.08956,0.09018,0.08956,0.08979,4674299.0
2026-03-30 05:00:00+00:00,0.08979,0.09004,0.08943,0.08969,4958386.0
2026-03-30 06:00:00+00:00,0.08969,0.0899,0.0893,0.08943,3114322.0
2026-03-30 07:00:00+00:00,0.08943,0.09028,0.08932,0.09016,2746808.0
2026-03-30 08:00:00+00:00,0.09016,0.09092,0.09014,0.09046,8467560.0
2026-03-30 09:00:00+00:00,0.09046,0.09051,0.0895,0.08952,8274897.0
2026-03-30 10:00:00+00:00,0.08952,0.08984,0.08941,0.08977,2791383.0
2026-03-30 11:00:00+00:00,0.08977,0.0905,0.08977,0.08983,10043963.0
2026-03-30 12:00:00+00:00,0.08983,0.0901,0.08971,0.08995,5579610.0
2026-03-30 13:00:00+00:00,0.08995,0.09007,0.08931,0.08942,4768610.0
2026-03-30 14:00:00+00:00,0.08942,0.08978,0.08874,0.08941,15726303.0
2026-03-30 15:00:00+00:00,0.08941,0.08985,0.08903,0.08913,5668316.0
2026-03-30 16:00:00+00:00,0.08913,0.08943,0.08882,0.08912,2700878.0
2026-03-30 17:00:00+00:00,0.08912,0.08924,0.08835,0.08838,9818799.0
2026-03-30 18:00:00+00:00,0.08838,0.08841,0.0874,0.0876,9982821.0
2026-03-30 19:00:00+00:00,0.0876,0.08761,0.08688,0.08723,12198046.0
2026-03-30 20:00:00+00:00,0.08723,0.08755,0.08707,0.08741,4158449.0
2026-03-30 21:00:00+00:00,0.08741,0.08834,0.08735,0.08803,6224017.0
2026-03-30 22:00:00+00:00,0.08803,0.08823,0.08758,0.08767,2788072.0
2026-03-30 23:00:00+00:00,0.08767,0.08767,0.08694,0.08719,6937612.0
2026-03-31 00:00:00+00:00,0.08719,0.08736,0.08674,0.087,7891577.0
2026-03-31 01:00:00+00:00,0.087,0.08836,0.08683,0.08769,5663346.0
2026-03-31 02:00:00+00:00,0.08769,0.08806,0.08746,0.08756,3583031.0
2026-03-31 03:00:00+00:00,0.08756,0.08767,0.08704,0.08712,1533098.0
2026-03-31 04:00:00+00:00,0.08712,0.08723,0.0866,0.08662,6093373.0
2026-03-31 05:00:00+00:00,0.08662,0.08672,0.08613,0.08647,9818301.0
2026-03-31 06:00:00+00:00,0.08647,0.08651,0.08577,0.0862,12479731.0
2026-03-31 07:00:00+00:00,0.0862,0.08624,0.08536,0.08549,8948299.0
2026-03-31 08:00:00+00:00,0.08549,0.08562,0.08507,0.08521,12059372.0
2026-03-31 09:00:00+00:00,0.08521,0.08529,0.08459,0.08491,18165901.0
2026-03-31 10:00:00+00:00,0.08491,0.08522,0.08477,0.08483,4828220.0
2026-03-31 11:00:00+00:00,0.08483,0.08535,0.08462,0.08506,9286105.0
2026-03-31 12:00:00+00:00,0.08506,0.08531,0.08496,0.08508,4203656.0
2026-03-31 13:00:00+00:00,0.08508,0.08586,0.08498,0.08565,8296983.0
2026-03-31 14:00:00+00:00,0.08565,0.08622,0.08439,0.08481,25126165.0
2026-03-31 15:00:00+00:00,0.08481,0.08545,0.08354,0.08383,21468418.0
2026-03-31 16:00:00+00:00,0.08383,0.0859,0.08381,0.08554,23018725.0
2026-03-31 17:00:00+00:00,0.08554,0.08692,0.08533,0.08673,22048900.0
2026-03-31 18:00:00+00:00,0.08673,0.08748,0.08668,0.08729,18872580.0
2026-03-31 19:00:00+00:00,0.08729,0.08783,0.0869,0.08742,8233993.0
2026-03-31 20:00:00+00:00,0.08742,0.08821,0.08735,0.08793,10920431.0
2026-03-31 21:00:00+00:00,0.08793,0.08804,0.08747,0.08768,5398678.0
2026-03-31 22:00:00+00:00,0.08768,0.08784,0.08688,0.0871,2751016.0
2026-03-31 23:00:00+00:00,0.0871,0.08772,0.08709,0.08758,2203108.0
2026-04-01 00:00:00+00:00,0.08758,0.08869,0.08743,0.08829,11565952.0
2026-04-01 01:00:00+00:00,0.08829,0.08892,0.08824,0.08824,12727315.0
2026-04-01 02:00:00+00:00,0.08824,0.08856,0.08783,0.08784,4472755.0
2026-04-01 03:00:00+00:00,0.08784,0.08891,0.08781,0.08883,5844442.0
2026-04-01 04:00:00+00:00,0.08883,0.09002,0.08883,0.08991,10582090.0
2026-04-01 05:00:00+00:00,0.08991,0.09045,0.08937,0.09032,5955630.0
2026-04-01 06:00:00+00:00,0.09032,0.09118,0.09019,0.09047,9573504.0
2026-04-01 07:00:00+00:00,0.09047,0.09072,0.08988,0.08994,6059011.0
2026-04-01 08:00:00+00:00,0.08994,0.09014,0.08952,0.08971,6550957.0
2026-04-01 09:00:00+00:00,0.08971,0.08985,0.08943,0.08957,4290701.0
2026-04-01 10:00:00+00:00,0.08957,0.09036,0.08953,0.09006,4565689.0
2026-04-01 11:00:00+00:00,0.09006,0.09026,0.08971,0.09018,2707561.0
2026-04-01 12:00:00+00:00,0.09018,0.09098,0.08992,0.09035,11149409.0
2026-04-01 13:00:00+00:00,0.09035,0.09079,0.08951,0.08964,8552939.0
2026-04-01 14:00:00+00:00,0.08964,0.09017,0.0895,0.08976,4926900.0
2026-04-01 15:00:00+00:00,0.08976,0.08982,0.0892,0.08955,6977693.0
2026-04-01 16:00:00+00:00,0.08955,0.08969,0.08932,0.08938,11715344.0
2026-04-01 17:00:00+00:00,0.08938,0.09002,0.08925,0.08941,4558681.0
2026-04-01 18:00:00+00:00,0.08941,0.08965,0.08911,0.08922,4394002.0
2026-04-01 19:00:00+00:00,0.08922,0.08961,0.08903,0.08938,2601434.0
2026-04-01 20:00:00+00:00,0.08938,0.08945,0.0891,0.08927,5663171.0
2026-04-01 21:00:00+00:00,0.08927,0.09006,0.08927,0.08988,5468092.0
2026-04-01 22:00:00+00:00,0.08988,0.08992,0.08838,0.08839,4051669.0
2026-04-01 23:00:00+00:00,0.08839,0.08857,0.08822,0.08839,4140224.0
2026-04-02 00:00:00+00:00,0.08839,0.08953,0.08839,0.08942,7338248.0
2026-04-02 01:00:00+00:00,0.08942,0.08945,0.08711,0.08744,17293287.0
2026-04-02 02:00:00+00:00,0.08744,0.08744,0.0862,0.08648,6822429.0
2026-04-02 03:00:00+00:00,0.08648,0.08667,0.08576,0.08604,4830173.0
2026-04-02 04:00:00+00:00,0.08604,0.08627,0.08571,0.08586,2795247.0
2026-04-02 05:00:00+00:00,0.08586,0.08627,0.08569,0.08617,4019492.0
2026-04-02 06:00:00+00:00,0.08617,0.08663,0.08596,0.08663,3900665.0
2026-04-02 07:00:00+00:00,0.08663,0.08726,0.08655,0.08705,5993238.0
2026-04-02 08:00:00+00:00,0.08705,0.0871,0.08653,0.08655,2660262.0
2026-04-02 09:00:00+00:00,0.08655,0.08664,0.08633,0.08649,1755491.0
2026-04-02 10:00:00+00:00,0.08649,0.08662,0.08616,0.08619,2999121.0
2026-04-02 11:00:00+00:00,0.08619,0.0862,0.08571,0.08585,2809000.0
2026-04-02 12:00:00+00:00,0.08585,0.08608,0.08566,0.08573,3180818.0
2026-04-02 13:00:00+00:00,0.08573,0.08576,0.08478,0.08558,7463958.0
2026-04-02 14:00:00+00:00,0.08558,0.08713,0.08549,0.08679,13465566.0
2026-04-02 15:00:00+00:00,0.08679,0.08706,0.08619,0.0869,5236470.0
2026-04-02 16:00:00+00:00,0.0869,0.08771,0.08632,0.08734,7618297.0
2026-04-02 17:00:00+00:00,0.08734,0.08783,0.08658,0.08663,9234591.0
2026-04-02 18:00:00+00:00,0.08663,0.08744,0.08659,0.08743,7687392.0
2026-04-02 19:00:00+00:00,0.08743,0.08766,0.08687,0.08741,7272211.0
2026-04-02 20:00:00+00:00,0.08741,0.08754,0.08712,0.08728,5904833.0
2026-04-02 21:00:00+00:00,0.08728,0.08749,0.08715,0.08744,2813728.0
2026-04-02 22:00:00+00:00,0.08744,0.08793,0.08734,0.08781,2441468.0
2026-04-02 23:00:00+00:00,0.08781,0.08809,0.0876,0.08792,2110975.0
2026-04-03 00:00:00+00:00,0.08792,0.08839,0.08792,0.08818,3863156.0
2026-04-03 01:00:00+00:00,0.08818,0.08864,0.0878,0.08784,10970332.0
2026-04-03 02:00:00+00:00,0.08784,0.0887,0.08772,0.0881,5216305.0
2026-04-03 03:00:00+00:00,0.0881,0.08905,0.0881,0.08871,5265181.0
2026-04-03 04:00:00+00:00,0.08871,0.0892,0.08858,0.08916,5035285.0
2026-04-03 05:00:00+00:00,0.08916,0.08973,0.08874,0.08913,6543870.0
2026-04-03 06:00:00+00:00,0.08913,0.09025,0.08908,0.09011,3889646.0
2026-04-03 07:00:00+00:00,0.09011,0.09031,0.08961,0.08992,5226719.0
2026-04-03 08:00:00+00:00,0.08992,0.08996,0.08913,0.08926,4777985.0
2026-04-03 09:00:00+00:00,0.08926,0.08935,0.0887,0.08877,8009770.0
2026-04-03 10:00:00+00:00,0.08877,0.08896,0.08836,0.08886,4566501.0
2026-04-03 11:00:00+00:00,0.08886,0.08901,0.08867,0.08889,2743692.0
2026-04-03 12:00:00+00:00,0.08889,0.08941,0.08824,0.08845,9555797.0
2026-04-03 13:00:00+00:00,0.08845,0.08853,0.08788,0.08814,4511639.0
2026-04-03 14:00:00+00:00,0.08814,0.08828,0.08738,0.08762,10242846.0
2026-04-03 15:00:00+00:00,0.08762,0.0879,0.08746,0.08757,6803619.0
2026-04-03 16:00:00+00:00,0.08757,0.08819,0.08757,0.08815,7695285.0
2026-04-03 17:00:00+00:00,0.08815,0.08829,0.0878,0.08804,4936794.0
2026-04-03 18:00:00+00:00,0.08804,0.08818,0.08758,0.08769,5349781.0
2026-04-03 19:00:00+00:00,0.08769,0.08785,0.08736,0.08761,4665744.0
2026-04-03 20:00:00+00:00,0.08761,0.08776,0.08736,0.0874,1196024.0
2026-04-03 21:00:00+00:00,0.0874,0.08762,0.08721,0.08743,3550708.0
2026-04-03 22:00:00+00:00,0.08743,0.08771,0.08736,0.08753,1328016.0
2026-04-03 23:00:00+00:00,0.08753,0.08766,0.08739,0.08764,1576465.0
2026-04-04 00:00:00+00:00,0.08764,0.08767,0.08735,0.08735,2872183.0
2026-04-04 01:00:00+00:00,0.08735,0.08749,0.08721,0.08734,2205043.0
2026-04-04 02:00:00+00:00,0.08734,0.08737,0.08709,0.08718,1358414.0
2026-04-04 03:00:00+00:00,0.08718,0.08749,0.08712,0.08743,1913418.0
2026-04-04 04:00:00+00:00,0.08743,0.08761,0.08722,0.08749,1788539.0
2026-04-04 05:00:00+00:00,0.08749,0.08777,0.08735,0.08749,2969586.0
2026-04-04 06:00:00+00:00,0.08749,0.08781,0.08741,0.08769,3801256.0
2026-04-04 07:00:00+00:00,0.08769,0.08775,0.08724,0.08732,2328551.0
2026-04-04 08:00:00+00:00,0.08732,0.08735,0.08686,0.08695,3688568.0
2026-04-04 09:00:00+00:00,0.08695,0.08712,0.08678,0.08698,1501737.0
2026-04-04 10:00:00+00:00,0.08698,0.08727,0.08698,0.08723,2525036.0
2026-04-04 11:00:00+00:00,0.08723,0.08736,0.08707,0.0871,894338.0
2026-04-04 12:00:00+00:00,0.0871,0.0872,0.08692,0.08699,1027423.0
2026-04-04 13:00:00+00:00,0.08699,0.08714,0.08681,0.08684,7211300.0
2026-04-04 14:00:00+00:00,0.08684,0.08722,0.08662,0.08708,9575690.0
2026-04-04 15:00:00+00:00,0.08708,0.08734,0.08688,0.08696,3917117.0
2026-04-04 16:00:00+00:00,0.08696,0.0872,0.08671,0.08678,2359314.0
2026-04-04 17:00:00+00:00,0.08678,0.08745,0.0867,0.08733,5942330.0
2026-04-04 18:00:00+00:00,0.08733,0.08744,0.08717,0.08722,2912148.0
2026-04-04 19:00:00+00:00,0.08722,0.08782,0.08721,0.08727,7255520.0
2026-04-04 20:00:00+00:00,0.08727,0.0874,0.08716,0.08733,987663.0
2026-04-04 21:00:00+00:00,0.08733,0.08737,0.087,0.08716,3766113.0
2026-04-04 22:00:00+00:00,0.08716,0.08745,0.08711,0.08734,1070780.0
2026-04-04 23:00:00+00:00,0.08734,0.08748,0.08715,0.08743,1223496.0
2026-04-05 00:00:00+00:00,0.08743,0.08784,0.08735,0.08784,3746685.0
2026-04-05 01:00:00+00:00,0.08784,0.08794,0.08725,0.08725,2136957.0
2026-04-05 02:00:00+00:00,0.08725,0.08779,0.08711,0.08764,1770901.0
2026-04-05 03:00:00+00:00,0.08764,0.08781,0.08749,0.08774,772284.0
2026-04-05 04:00:00+00:00,0.08774,0.08785,0.08735,0.08744,2179129.0
2026-04-05 05:00:00+00:00,0.08744,0.08765,0.08687,0.08698,4069534.0
2026-04-05 06:00:00+00:00,0.08698,0.08699,0.08638,0.08671,3425377.0
2026-04-05 07:00:00+00:00,0.08671,0.08682,0.08623,0.0864,2871572.0
2026-04-05 08:00:00+00:00,0.0864,0.08661,0.08624,0.08657,1539026.0
2026-04-05 09:00:00+00:00,0.08657,0.08687,0.08648,0.08687,1480539.0
2026-04-05 10:00:00+00:00,0.08687,0.08715,0.08663,0.08669,1068050.0
2026-04-05 11:00:00+00:00,0.08669,0.08678,0.08651,0.08665,973050.0
2026-04-05 12:00:00+00:00,0.08665,0.08666,0.08597,0.08646,6292021.0
2026-04-05 13:00:00+00:00,0.08646,0.08674,0.08625,0.08674,2377849.0
2026-04-05 14:00:00+00:00,0.08674,0.08677,0.08639,0.08642,3129863.0
2026-04-05 15:00:00+00:00,0.08642,0.08726,0.08622,0.08676,6807157.0
2026-04-05 16:00:00+00:00,0.08676,0.08695,0.08662,0.08666,1023608.0
2026-04-05 17:00:00+00:00,0.08666,0.08696,0.08661,0.08696,2138193.0
2026-04-05 18:00:00+00:00,0.08696,0.08696,0.08668,0.08678,2222279.0
2026-04-05 19:00:00+00:00,0.08678,0.0871,0.08667,0.08679,931976.0
2026-04-05 20:00:00+00:00,0.08679,0.08703,0.08668,0.08674,2772841.0
2026-04-05 21:00:00+00:00,0.08674,0.08683,0.08634,0.08663,2734866.0
2026-04-05 22:00:00+00:00,0.08663,0.08723,0.08629,0.0872,5191166.0
2026-04-05 23:00:00+00:00,0.0872,0.08807,0.08706,0.08797,14979747.0
2026-04-06 00:00:00+00:00,0.08797,0.08864,0.08796,0.08799,8677895.0
2026-04-06 01:00:00+00:00,0.08799,0.08808,0.0876,0.08797,3353173.0
2026-04-06 02:00:00+00:00,0.08797,0.08917,0.08797,0.08889,7964823.0
2026-04-06 03:00:00+00:00,0.08889,0.08917,0.0887,0.08896,2633064.0
2026-04-06 04:00:00+00:00,0.08896,0.08932,0.08871,0.08911,2033528.0
2026-04-06 05:00:00+00:00,0.08911,0.08921,0.08858,0.08863,1660355.0
2026-04-06 06:00:00+00:00,0.08863,0.0889,0.08829,0.0884,3543329.0
2026-04-06 07:00:00+00:00,0.0884,0.08869,0.08813,0.08861,3341307.0
2026-04-06 08:00:00+00:00,0.08861,0.08878,0.08848,0.0885,2511891.0
2026-04-06 09:00:00+00:00,0.0885,0.08974,0.08849,0.0895,14501285.0
2026-04-06 10:00:00+00:00,0.0895,0.09009,0.0895,0.08975,7423254.0
2026-04-06 11:00:00+00:00,0.08975,0.08985,0.08933,0.08953,11451632.0
2026-04-06 12:00:00+00:00,0.08953,0.08965,0.08882,0.0889,6989867.0
2026-04-06 13:00:00+00:00,0.0889,0.08912,0.08861,0.08896,5539496.0
2026-04-06 14:00:00+00:00,0.08896,0.08927,0.08842,0.08884,9359673.0
2026-04-06 15:00:00+00:00,0.08884,0.0891,0.08861,0.08895,3048716.0
2026-04-06 16:00:00+00:00,0.08895,0.08908,0.08853,0.08863,2739304.0
2026-04-06 17:00:00+00:00,0.08863,0.08863,0.08805,0.08839,5602273.0
2026-04-06 18:00:00+00:00,0.08839,0.08874,0.08835,0.08852,2709997.0
2026-04-06 19:00:00+00:00,0.08852,0.08853,0.08818,0.08836,2034270.0
2026-04-06 20:00:00+00:00,0.08836,0.08848,0.08809,0.08813,2806417.0
2026-04-06 21:00:00+00:00,0.08813,0.08833,0.08804,0.08805,2239816.0
2026-04-06 22:00:00+00:00,0.08805,0.08819,0.08733,0.08734,3914359.0
2026-04-06 23:00:00+00:00,0.08734,0.08741,0.0869,0.08733,10984829.0
2026-04-07 00:00:00+00:00,0.08733,0.08766,0.08729,0.08751,3121374.0
2026-04-07 01:00:00+00:00,0.08751,0.08763,0.08693,0.08698,2432607.0
2026-04-07 02:00:00+00:00,0.08698,0.0871,0.08665,0.08686,1915987.0
2026-04-07 03:00:00+00:00,0.08686,0.08699,0.08676,0.08676,1129468.0
2026-04-07 04:00:00+00:00,0.08676,0.08696,0.08657,0.08682,2358622.0
2026-04-07 05:00:00+00:00,0.08682,0.08683,0.08651,0.08663,1644062.0
2026-04-07 06:00:00+00:00,0.08663,0.08663,0.08614,0.08627,6850221.0
2026-04-07 07:00:00+00:00,0.08627,0.08673,0.0862,0.08658,3724974.0
2026-04-07 08:00:00+00:00,0.08658,0.08704,0.08658,0.0869,3292076.0
2026-04-07 09:00:00+00:00,0.0869,0.08739,0.08687,0.08717,1712631.0
2026-04-07 10:00:00+00:00,0.08717,0.08724,0.08609,0.08615,6788058.0
2026-04-07 11:00:00+00:00,0.08615,0.08629,0.08595,0.08618,3920971.0
2026-04-07 12:00:00+00:00,0.08618,0.08664,0.08573,0.08639,8491961.0
2026-04-07 13:00:00+00:00,0.08639,0.08661,0.08619,0.0862,4396433.0
2026-04-07 14:00:00+00:00,0.0862,0.0865,0.08586,0.086,3954946.0
2026-04-07 15:00:00+00:00,0.086,0.08644,0.08589,0.08606,6387947.0
2026-04-07 16:00:00+00:00,0.08606,0.08629,0.08584,0.08601,2665118.0
2026-04-07 17:00:00+00:00,0.08601,0.08706,0.08601,0.08666,3362690.0
2026-04-07 18:00:00+00:00,0.08666,0.08673,0.08623,0.08626,3097819.0
2026-04-07 19:00:00+00:00,0.08626,0.0871,0.0862,0.08709,4217126.0
2026-04-07 20:00:00+00:00,0.08709,0.08744,0.08689,0.08696,6128067.0
2026-04-07 21:00:00+00:00,0.08696,0.08875,0.08696,0.08855,8704573.0
2026-04-07 22:00:00+00:00,0.08855,0.09072,0.08843,0.09072,23691421.0
2026-04-07 23:00:00+00:00,0.09072,0.09287,0.09072,0.09181,33012053.0
2026-04-08 00:00:00+00:00,0.09181,0.09285,0.0918,0.09239,13036947.0
2026-04-08 01:00:00+00:00,0.09239,0.09388,0.09197,0.09369,13287496.0
2026-04-08 02:00:00+00:00,0.09369,0.09435,0.09272,0.09296,22183101.0
2026-04-08 03:00:00+00:00,0.09296,0.09377,0.09295,0.09345,5673826.0
2026-04-08 04:00:00+00:00,0.09345,0.09371,0.09277,0.09337,8613054.0
2026-04-08 05:00:00+00:00,0.09337,0.09472,0.09312,0.09466,7321904.0
2026-04-08 06:00:00+00:00,0.09466,0.09481,0.09343,0.09344,5507019.0
2026-04-08 07:00:00+00:00,0.09344,0.09344,0.09111,0.09145,19562931.0
2026-04-08 08:00:00+00:00,0.09145,0.09173,0.09101,0.09111,9596036.0
2026-04-08 09:00:00+00:00,0.09111,0.09129,0.09051,0.09084,10110870.0
2026-04-08 10:00:00+00:00,0.09084,0.09244,0.0908,0.09172,22587760.0
2026-04-08 11:00:00+00:00,0.09172,0.09194,0.09115,0.09154,5650825.0
2026-04-08 12:00:00+00:00,0.09154,0.09177,0.09128,0.09167,3739558.0
2026-04-08 13:00:00+00:00,0.09167,0.09221,0.09134,0.09144,7439521.0
2026-04-08 14:00:00+00:00,0.09144,0.0916,0.08969,0.09,17303787.0
2026-04-08 15:00:00+00:00,0.09,0.0907,0.08963,0.09063,11817378.0
2026-04-08 16:00:00+00:00,0.09063,0.09073,0.0901,0.09053,4920942.0
2026-04-08 17:00:00+00:00,0.09053,0.09075,0.09012,0.09041,4505778.0
2026-04-08 18:00:00+00:00,0.09041,0.09047,0.08928,0.08937,11638841.0
2026-04-08 19:00:00+00:00,0.08937,0.08949,0.08914,0.08928,10928363.0
2026-04-08 20:00:00+00:00,0.08928,0.08945,0.08866,0.08887,20574031.0
2026-04-08 21:00:00+00:00,0.08887,0.08946,0.08874,0.08931,8921096.0
2026-04-08 22:00:00+00:00,0.08931,0.08934,0.08864,0.08874,3155766.0
2026-04-08 23:00:00+00:00,0.08874,0.08908,0.08834,0.08895,11216290.0
2026-04-09 00:00:00+00:00,0.08895,0.08895,0.08808,0.08828,6167199.0
2026-04-09 01:00:00+00:00,0.08828,0.08831,0.08759,0.088,5365612.0
2026-04-09 02:00:00+00:00,0.088,0.08863,0.08797,0.08861,2479838.0
2026-04-09 03:00:00+00:00,0.08861,0.08985,0.08855,0.08964,7887234.0
2026-04-09 04:00:00+00:00,0.08964,0.08972,0.08922,0.08934,3344935.0
2026-04-09 05:00:00+00:00,0.08934,0.08951,0.08894,0.0891,2143103.0
2026-04-09 06:00:00+00:00,0.0891,0.08949,0.08907,0.08932,1507774.0
2026-04-09 07:00:00+00:00,0.08932,0.08944,0.08881,0.08881,2498256.0
2026-04-09 08:00:00+00:00,0.08881,0.08892,0.08858,0.08874,3666024.0
2026-04-09 09:00:00+00:00,0.08874,0.08882,0.08848,0.08874,2066032.0
2026-04-09 10:00:00+00:00,0.08874,0.08879,0.08832,0.08836,2423813.0
2026-04-09 11:00:00+00:00,0.08836,0.08847,0.08803,0.08803,2923441.0
2026-04-09 12:00:00+00:00,0.08803,0.08847,0.08793,0.08828,5430185.0
2026-04-09 13:00:00+00:00,0.08828,0.08836,0.08799,0.08826,4790017.0
2026-04-09 14:00:00+00:00,0.08826,0.08865,0.08799,0.08833,6740424.0
2026-04-09 15:00:00+00:00,0.08833,0.0909,0.08816,0.09017,21426702.0
2026-04-09 16:00:00+00:00,0.09017,0.09053,0.08936,0.08952,7172662.0
2026-04-09 17:00:00+00:00,0.08952,0.0905,0.08946,0.09008,5668295.0
2026-04-09 18:00:00+00:00,0.09008,0.0905,0.08939,0.09001,13630035.0
2026-04-09 19:00:00+00:00,0.09001,0.09035,0.08963,0.09015,4285546.0
2026-04-09 20:00:00+00:00,0.09015,0.09062,0.09001,0.09044,4630909.0
2026-04-09 21:00:00+00:00,0.09044,0.09086,0.09016,0.09048,6689120.0
2026-04-09 22:00:00+00:00,0.09048,0.09164,0.09005,0.0901,9584015.0
2026-04-09 23:00:00+00:00,0.0901,0.09013,0.08923,0.08928,5006313.0
2026-04-10 00:00:00+00:00,0.08928,0.08944,0.08884,0.08931,7397821.0
2026-04-10 01:00:00+00:00,0.08931,0.08986,0.0889,0.08925,6172721.0
2026-04-10 02:00:00+00:00,0.08925,0.08977,0.08925,0.08949,3895574.0
2026-04-10 03:00:00+00:00,0.08949,0.08972,0.08824,0.08833,14648550.0
2026-04-10 04:00:00+00:00,0.08833,0.08867,0.08784,0.08824,9551651.0
2026-04-10 05:00:00+00:00,0.08824,0.08874,0.08809,0.08851,5345769.0
2026-04-10 06:00:00+00:00,0.08851,0.08867,0.08817,0.08823,1814925.0
2026-04-10 07:00:00+00:00,0.08823,0.08831,0.08784,0.08797,2609751.0
2026-04-10 08:00:00+00:00,0.08797,0.08829,0.08766,0.08816,9586722.0
2026-04-10 09:00:00+00:00,0.08816,0.08874,0.08813,0.08873,6266151.0
2026-04-10 10:00:00+00:00,0.08873,0.08873,0.08822,0.0883,2479558.0
2026-04-10 11:00:00+00:00,0.0883,0.08868,0.08821,0.08831,4010940.0
2026-04-10 12:00:00+00:00,0.08831,0.08862,0.08797,0.08822,6984584.0
2026-04-10 13:00:00+00:00,0.08822,0.08864,0.08817,0.08858,1817882.0
2026-04-10 14:00:00+00:00,0.08858,0.08955,0.08843,0.08952,7123351.0
2026-04-10 15:00:00+00:00,0.08952,0.08999,0.08892,0.08904,5421886.0
2026-04-10 16:00:00+00:00,0.08904,0.09013,0.08904,0.08965,8245951.0
2026-04-10 17:00:00+00:00,0.08965,0.08968,0.08882,0.0893,3632090.0
2026-04-10 18:00:00+00:00,0.0893,0.08997,0.08929,0.08989,3363419.0
2026-04-10 19:00:00+00:00,0.08989,0.09025,0.08984,0.09024,4362530.0
2026-04-10 20:00:00+00:00,0.09024,0.09041,0.08973,0.09019,3518476.0
2026-04-10 21:00:00+00:00,0.09019,0.09019,0.08972,0.08993,4617547.0
2026-04-10 22:00:00+00:00,0.08993,0.08998,0.08937,0.08953,3444878.0
2026-04-10 23:00:00+00:00,0.08953,0.08957,0.08931,0.08943,1632317.0
2026-04-11 00:00:00+00:00,0.08943,0.08959,0.08899,0.08901,2456351.0
2026-04-11 01:00:00+00:00,0.08901,0.08901,0.08844,0.08855,4607598.0
2026-04-11 02:00:00+00:00,0.08855,0.08886,0.08838,0.08857,1965849.0
2026-04-11 03:00:00+00:00,0.08857,0.08884,0.08821,0.08823,1686698.0
2026-04-11 04:00:00+00:00,0.08823,0.08828,0.0879,0.08808,3691354.0
2026-04-11 05:00:00+00:00,0.08808,0.08828,0.0878,0.08798,3469126.0
2026-04-11 06:00:00+00:00,0.08798,0.0881,0.08782,0.08803,2222891.0
2026-04-11 07:00:00+00:00,0.08803,0.08807,0.08788,0.08807,3869050.0
2026-04-11 08:00:00+00:00,0.08807,0.08835,0.08783,0.0881,4637432.0
2026-04-11 09:00:00+00:00,0.0881,0.08829,0.08788,0.08802,2769349.0
2026-04-11 10:00:00+00:00,0.08802,0.08815,0.08782,0.08796,1526490.0
2026-04-11 11:00:00+00:00,0.08796,0.08824,0.08794,0.08812,2606735.0
2026-04-11 12:00:00+00:00,0.08812,0.08832,0.08801,0.08816,2092536.0
2026-04-11 13:00:00+00:00,0.08816,0.08824,0.08792,0.08822,2147684.0
2026-04-11 14:00:00+00:00,0.08822,0.08854,0.08796,0.088,5423111.0
2026-04-11 15:00:00+00:00,0.088,0.08833,0.08787,0.0881,1991119.0
2026-04-11 16:00:00+00:00,0.0881,0.08868,0.08793,0.08833,5448725.0
2026-04-11 17:00:00+00:00,0.08833,0.08833,0.088,0.08803,6212706.0
2026-04-11 18:00:00+00:00,0.08803,0.08897,0.08793,0.08874,5122079.0
2026-04-11 19:00:00+00:00,0.08874,0.08964,0.08874,0.08961,4910045.0
2026-04-11 20:00:00+00:00,0.08961,0.08978,0.08884,0.08906,8646465.0
2026-04-11 21:00:00+00:00,0.08906,0.08924,0.08872,0.08889,2572958.0
2026-04-11 22:00:00+00:00,0.08889,0.08918,0.08832,0.0885,4392381.0
2026-04-11 23:00:00+00:00,0.0885,0.08851,0.08785,0.08823,5981042.0
2026-04-12 00:00:00+00:00,0.08823,0.08853,0.08809,0.08845,2767677.0
2026-04-12 01:00:00+00:00,0.08845,0.08852,0.08659,0.08684,12742444.0
2026-04-12 02:00:00+00:00,0.08684,0.08708,0.08658,0.08678,4703709.0
2026-04-12 03:00:00+00:00,0.08678,0.08702,0.08659,0.08675,7350662.0
2026-04-12 04:00:00+00:00,0.08675,0.08685,0.0861,0.08648,9612452.0
2026-04-12 05:00:00+00:00,0.08648,0.08664,0.08634,0.08645,2374690.0
2026-04-12 06:00:00+00:00,0.08645,0.08656,0.08607,0.08612,1664220.0
2026-04-12 07:00:00+00:00,0.08612,0.08629,0.0859,0.08622,2911912.0
2026-04-12 08:00:00+00:00,0.08622,0.08629,0.08589,0.08611,2004428.0
2026-04-12 09:00:00+00:00,0.08611,0.08616,0.08597,0.08603,1387949.0
2026-04-12 10:00:00+00:00,0.08603,0.08619,0.08579,0.08585,1978202.0
2026-04-12 11:00:00+00:00,0.08585,0.08605,0.08565,0.08595,3651489.0
2026-04-12 12:00:00+00:00,0.08595,0.08596,0.08548,0.08563,3838772.0
2026-04-12 13:00:00+00:00,0.08563,0.08597,0.08526,0.08534,5840633.0
2026-04-12 14:00:00+00:00,0.08534,0.08544,0.0851,0.08526,2390128.0
2026-04-12 15:00:00+00:00,0.08526,0.08555,0.08496,0.08547,4094501.0
2026-04-12 16:00:00+00:00,0.08547,0.08566,0.0854,0.08563,1751590.0
2026-04-12 17:00:00+00:00,0.08563,0.08662,0.08563,0.08636,4893346.0
2026-04-12 18:00:00+00:00,0.08636,0.08643,0.08571,0.08604,8136986.0
2026-04-12 19:00:00+00:00,0.08604,0.08619,0.08588,0.08602,3142580.0
2026-04-12 20:00:00+00:00,0.08602,0.08648,0.08593,0.08617,2218518.0
2026-04-12 21:00:00+00:00,0.08617,0.08633,0.08588,0.08598,3316582.0
2026-04-12 22:00:00+00:00,0.08598,0.08598,0.08521,0.08545,5540911.0
2026-04-12 23:00:00+00:00,0.08545,0.08545,0.08503,0.0851,1270653.0
2026-04-13 00:00:00+00:00,0.0851,0.08571,0.08502,0.08553,2420781.0
2026-04-13 01:00:00+00:00,0.08553,0.08576,0.08541,0.08566,6104940.0
2026-04-13 02:00:00+00:00,0.08566,0.08569,0.08498,0.0851,2744481.0
2026-04-13 03:00:00+00:00,0.0851,0.08522,0.08494,0.08503,4638668.0
2026-04-13 04:00:00+00:00,0.08503,0.0851,0.0845,0.08485,9495717.0
2026-04-13 05:00:00+00:00,0.08485,0.08547,0.08477,0.08544,4393937.0
2026-04-13 06:00:00+00:00,0.08544,0.08588,0.08538,0.08557,6153268.0
2026-04-13 07:00:00+00:00,0.08557,0.0856,0.08486,0.08496,2951210.0
2026-04-13 08:00:00+00:00,0.08496,0.08508,0.08474,0.08495,2478433.0
2026-04-13 09:00:00+00:00,0.08495,0.08525,0.08495,0.08511,2339940.0
2026-04-13 10:00:00+00:00,0.08511,0.08511,0.08457,0.08467,2876799.0
2026-04-13 11:00:00+00:00,0.08467,0.08481,0.08432,0.0847,7534626.0
2026-04-13 12:00:00+00:00,0.0847,0.08561,0.08465,0.0854,5295692.0
2026-04-13 13:00:00+00:00,0.0854,0.08629,0.08518,0.08614,7256502.0
2026-04-13 14:00:00+00:00,0.08614,0.08623,0.08561,0.08614,7242063.0
2026-04-13 15:00:00+00:00,0.08614,0.08614,0.08469,0.08494,9405663.0
2026-04-13 16:00:00+00:00,0.08494,0.0852,0.08456,0.08499,8803100.0
2026-04-13 17:00:00+00:00,0.08499,0.08539,0.08475,0.08477,8087257.0
2026-04-13 18:00:00+00:00,0.08477,0.08512,0.08447,0.08511,3633199.0
2026-04-13 19:00:00+00:00,0.08511,0.08615,0.08503,0.08604,10828683.0
2026-04-13 20:00:00+00:00,0.08604,0.08606,0.08505,0.08523,7675303.0
2026-04-13 21:00:00+00:00,0.08523,0.08592,0.08521,0.08564,3830365.0
2026-04-13 22:00:00+00:00,0.08564,0.08769,0.08558,0.0875,24149437.0
2026-04-13 23:00:00+00:00,0.0875,0.08808,0.08713,0.08772,8739479.0
2026-04-14 00:00:00+00:00,0.08772,0.08778,0.08671,0.08674,10720061.0
2026-04-14 01:00:00+00:00,0.08674,0.08692,0.08636,0.08666,5496348.0
2026-04-14 02:00:00+00:00,0.08666,0.08684,0.08638,0.08651,3796850.0
2026-04-14 03:00:00+00:00,0.08651,0.08691,0.0864,0.08656,4897566.0
2026-04-14 04:00:00+00:00,0.08656,0.08666,0.08631,0.08646,3034345.0
2026-04-14 05:00:00+00:00,0.08646,0.08653,0.08575,0.08589,4398440.0
2026-04-14 06:00:00+00:00,0.08589,0.08622,0.08589,0.08612,1615359.0
2026-04-14 07:00:00+00:00,0.08612,0.08672,0.08609,0.08636,5910261.0
2026-04-14 08:00:00+00:00,0.08636,0.08697,0.08632,0.08677,4954092.0
2026-04-14 09:00:00+00:00,0.08677,0.08692,0.08657,0.08677,5016305.0
2026-04-14 10:00:00+00:00,0.08677,0.087,0.08658,0.08689,7064171.0
2026-04-14 11:00:00+00:00,0.08689,0.08696,0.08643,0.08648,5937642.0
2026-04-14 12:00:00+00:00,0.08648,0.08651,0.08587,0.08626,5342590.0
2026-04-14 13:00:00+00:00,0.08626,0.0875,0.08622,0.08748,8165269.0
2026-04-14 14:00:00+00:00,0.08748,0.08772,0.0867,0.0867,10823503.0
2026-04-14 15:00:00+00:00,0.0867,0.08693,0.08599,0.08608,9597427.0
2026-04-14 16:00:00+00:00,0.08608,0.08627,0.08563,0.0858,5445451.0
2026-04-14 17:00:00+00:00,0.0858,0.08599,0.08535,0.08587,6308457.0
2026-04-14 18:00:00+00:00,0.08587,0.08601,0.08448,0.08465,15535818.0
2026-04-14 19:00:00+00:00,0.08465,0.08516,0.08458,0.08493,7836510.0
2026-04-14 20:00:00+00:00,0.08493,0.08502,0.08474,0.08482,4026870.0
2026-04-14 21:00:00+00:00,0.08482,0.08504,0.08434,0.08488,5699799.0
2026-04-14 22:00:00+00:00,0.08488,0.08503,0.08464,0.08476,2306828.0
2026-04-14 23:00:00+00:00,0.08476,0.08505,0.08472,0.08499,1410577.0
2026-04-15 00:00:00+00:00,0.08499,0.08539,0.08492,0.08518,4577819.0
2026-04-15 01:00:00+00:00,0.08518,0.08576,0.08506,0.08554,2009290.0
2026-04-15 02:00:00+00:00,0.08554,0.0857,0.08513,0.08529,1183274.0
2026-04-15 03:00:00+00:00,0.08529,0.08532,0.08505,0.08512,1052480.0
2026-04-15 04:00:00+00:00,0.08512,0.08539,0.08511,0.08529,2069790.0
2026-04-15 05:00:00+00:00,0.08529,0.08568,0.08517,0.08526,3310259.0
2026-04-15 06:00:00+00:00,0.08526,0.08526,0.08477,0.08478,3991619.0
2026-04-15 07:00:00+00:00,0.08478,0.08517,0.08478,0.08498,4826123.0
2026-04-15 08:00:00+00:00,0.08498,0.08574,0.08495,0.08541,5543637.0
2026-04-15 09:00:00+00:00,0.08541,0.08567,0.08534,0.08552,5196908.0
2026-04-15 10:00:00+00:00,0.08552,0.08574,0.0852,0.08542,2157469.0
2026-04-15 11:00:00+00:00,0.08542,0.08608,0.08536,0.08575,3961699.0
2026-04-15 12:00:00+00:00,0.08575,0.0865,0.08563,0.08628,4791891.0
2026-04-15 13:00:00+00:00,0.08628,0.08647,0.08579,0.08597,3209724.0
2026-04-15 14:00:00+00:00,0.08597,0.08644,0.08545,0.08644,4190594.0
2026-04-15 15:00:00+00:00,0.08644,0.0866,0.08556,0.08578,4784071.0
2026-04-15 16:00:00+00:00,0.08578,0.08662,0.08562,0.08621,6883090.0
2026-04-15 17:00:00+00:00,0.08621,0.08646,0.08597,0.08628,3503910.0
2026-04-15 18:00:00+00:00,0.08628,0.08654,0.08617,0.08646,1923291.0
2026-04-15 19:00:00+00:00,0.08646,0.0874,0.08635,0.08705,6708011.0
2026-04-15 20:00:00+00:00,0.08705,0.08706,0.08609,0.08638,5199743.0
2026-04-15 21:00:00+00:00,0.08638,0.08673,0.08636,0.08657,2873502.0
2026-04-15 22:00:00+00:00,0.08657,0.08735,0.08657,0.08692,3835533.0
2026-04-15 23:00:00+00:00,0.08692,0.08705,0.08654,0.08705,3137932.0
2026-04-16 00:00:00+00:00,0.08705,0.08718,0.08631,0.08683,10638032.0
2026-04-16 01:00:00+00:00,0.08683,0.08684,0.08637,0.08669,1607770.0
2026-04-16 02:00:00+00:00,0.08669,0.08749,0.08669,0.08734,3600604.0
2026-04-16 03:00:00+00:00,0.08734,0.08762,0.08722,0.0875,1707593.0
2026-04-16 04:00:00+00:00,0.0875,0.08786,0.08736,0.08761,4830649.0
2026-04-16 05:00:00+00:00,0.08761,0.08774,0.08734,0.08752,5131188.0
2026-04-16 06:00:00+00:00,0.08752,0.08779,0.08742,0.08778,2499190.0
2026-04-16 07:00:00+00:00,0.08778,0.08831,0.08778,0.08806,6242080.0
2026-04-16 08:00:00+00:00,0.08806,0.0885,0.08777,0.0883,6116503.0
2026-04-16 09:00:00+00:00,0.0883,0.08873,0.0881,0.08813,4498280.0
2026-04-16 10:00:00+00:00,0.08813,0.08827,0.08742,0.08742,6362277.0
2026-04-16 11:00:00+00:00,0.08742,0.08766,0.0871,0.08755,6427819.0
2026-04-16 12:00:00+00:00,0.08755,0.08823,0.08755,0.0882,5098250.0
2026-04-16 13:00:00+00:00,0.0882,0.08917,0.08733,0.0879,15750845.0
2026-04-16 14:00:00+00:00,0.0879,0.08804,0.08674,0.08747,12525340.0
2026-04-16 15:00:00+00:00,0.08747,0.08868,0.08743,0.08868,10600197.0
2026-04-16 16:00:00+00:00,0.08868,0.08905,0.08776,0.08805,9473263.0
2026-04-16 17:00:00+00:00,0.08805,0.08867,0.08786,0.08854,5478560.0
2026-04-16 18:00:00+00:00,0.08854,0.09018,0.08829,0.08982,9183636.0
2026-04-16 19:00:00+00:00,0.08982,0.09079,0.08982,0.09077,7049441.0
2026-04-16 20:00:00+00:00,0.09077,0.09118,0.09027,0.09046,11648405.0
2026-04-16 21:00:00+00:00,0.09046,0.0916,0.09012,0.09019,11943060.0
2026-04-16 22:00:00+00:00,0.09019,0.09065,0.08971,0.09009,8827523.0
2026-04-16 23:00:00+00:00,0.09009,0.09066,0.08995,0.09062,2463362.0
2026-04-17 00:00:00+00:00,0.09062,0.09081,0.08993,0.09002,3200653.0
2026-04-17 01:00:00+00:00,0.09002,0.09034,0.08956,0.08979,3930800.0
2026-04-17 02:00:00+00:00,0.08979,0.08987,0.08899,0.08923,5015768.0
2026-04-17 03:00:00+00:00,0.08923,0.08937,0.08906,0.0891,2603484.0
2026-04-17 04:00:00+00:00,0.0891,0.08932,0.08893,0.0891,2237076.0
2026-04-17 05:00:00+00:00,0.0891,0.08911,0.08849,0.08854,4012413.0
2026-04-17 06:00:00+00:00,0.08854,0.08961,0.0885,0.08955,3034042.0
2026-04-17 07:00:00+00:00,0.08955,0.09129,0.08955,0.09102,6237004.0
2026-04-17 08:00:00+00:00,0.09102,0.09153,0.09043,0.09113,10347179.0
2026-04-17 09:00:00+00:00,0.09113,0.09175,0.09058,0.0912,6187903.0
2026-04-17 10:00:00+00:00,0.0912,0.09145,0.09003,0.09036,6055953.0
2026-04-17 11:00:00+00:00,0.09036,0.09122,0.09029,0.09097,3981528.0
2026-04-17 12:00:00+00:00,0.09097,0.09218,0.09082,0.09212,6846471.0
2026-04-17 13:00:00+00:00,0.09212,0.09338,0.09191,0.09309,23997352.0
2026-04-17 14:00:00+00:00,0.09309,0.09343,0.09258,0.09292,36785584.0
2026-04-17 15:00:00+00:00,0.09292,0.09294,0.09161,0.09218,11928850.0
2026-04-17 16:00:00+00:00,0.09218,0.09286,0.09204,0.09283,8991790.0
2026-04-17 17:00:00+00:00,0.09283,0.09291,0.091,0.09123,12280225.0
2026-04-17 18:00:00+00:00,0.09123,0.09134,0.09013,0.09039,10941540.0
2026-04-17 19:00:00+00:00,0.09039,0.09113,0.09016,0.0908,5127053.0
2026-04-17 20:00:00+00:00,0.0908,0.09102,0.09004,0.09073,5220580.0
2026-04-17 21:00:00+00:00,0.09073,0.09104,0.09042,0.09079,3495666.0
2026-04-17 22:00:00+00:00,0.09079,0.0914,0.09072,0.09093,2955297.0
2026-04-17 23:00:00+00:00,0.09093,0.09093,0.09023,0.09066,4152031.0
2026-04-18 00:00:00+00:00,0.09066,0.09091,0.09034,0.09057,5707386.0
2026-04-18 01:00:00+00:00,0.09057,0.09104,0.09029,0.09049,2714518.0
2026-04-18 02:00:00+00:00,0.09049,0.09069,0.09024,0.09048,1040264.0
2026-04-18 03:00:00+00:00,0.09048,0.09066,0.08987,0.09,4236666.0
2026-04-18 04:00:00+00:00,0.09,0.09009,0.08934,0.08974,7018776.0
2026-04-18 05:00:00+00:00,0.08974,0.09002,0.08971,0.08992,3004132.0
2026-04-18 06:00:00+00:00,0.08992,0.09007,0.08965,0.08995,1899479.0
2026-04-18 07:00:00+00:00,0.08995,0.09024,0.08989,0.09011,1879076.0
2026-04-18 08:00:00+00:00,0.09011,0.09015,0.08883,0.08914,8246740.0
2026-04-18 09:00:00+00:00,0.08914,0.08915,0.0882,0.08886,10620842.0
2026-04-18 10:00:00+00:00,0.08886,0.08889,0.088,0.08836,9468865.0
2026-04-18 11:00:00+00:00,0.08836,0.0886,0.08782,0.0885,10233471.0
2026-04-18 12:00:00+00:00,0.0885,0.08889,0.08839,0.08887,3835517.0
2026-04-18 13:00:00+00:00,0.08887,0.08937,0.08839,0.08923,4622191.0
2026-04-18 14:00:00+00:00,0.08923,0.08944,0.08881,0.08923,3163221.0
2026-04-18 15:00:00+00:00,0.08923,0.08941,0.08898,0.08916,2070672.0
2026-04-18 16:00:00+00:00,0.08916,0.08942,0.08873,0.08913,6341152.0
2026-04-18 17:00:00+00:00,0.08913,0.08913,0.08845,0.08882,2553044.0
2026-04-18 18:00:00+00:00,0.08882,0.08902,0.08823,0.08844,3212732.0
2026-04-18 19:00:00+00:00,0.08844,0.08877,0.08842,0.08873,1645165.0
2026-04-18 20:00:00+00:00,0.08873,0.08904,0.0885,0.08896,2040041.0
2026-04-18 21:00:00+00:00,0.08896,0.08908,0.08862,0.08907,1779063.0
2026-04-18 22:00:00+00:00,0.08907,0.08916,0.08887,0.08911,1887322.0
2026-04-18 23:00:00+00:00,0.08911,0.08936,0.08865,0.0887,1715881.0
2026-04-19 00:00:00+00:00,0.0887,0.08889,0.0884,0.08846,2311826.0
2026-04-19 01:00:00+00:00,0.08846,0.08873,0.08839,0.08842,1422124.0
2026-04-19 02:00:00+00:00,0.08842,0.08842,0.08784,0.08804,5004618.0
2026-04-19 03:00:00+00:00,0.08804,0.08835,0.08772,0.08787,3229355.0
2026-04-19 04:00:00+00:00,0.08787,0.08817,0.08757,0.08798,4913824.0
2026-04-19 05:00:00+00:00,0.08798,0.08837,0.08778,0.08779,4995152.0
2026-04-19 06:00:00+00:00,0.08779,0.0886,0.08726,0.08859,10866898.0
2026-04-19 07:00:00+00:00,0.08859,0.08881,0.08782,0.0882,8842320.0
2026-04-19 08:00:00+00:00,0.0882,0.08832,0.08792,0.0881,1972215.0
2026-04-19 09:00:00+00:00,0.0881,0.08815,0.08765,0.08779,3083692.0
2026-04-19 10:00:00+00:00,0.08779,0.08779,0.08721,0.08743,5467084.0
2026-04-19 11:00:00+00:00,0.08743,0.08815,0.08739,0.08808,2516230.0
2026-04-19 12:00:00+00:00,0.08808,0.08879,0.08808,0.08872,3071695.0
2026-04-19 13:00:00+00:00,0.08872,0.08955,0.08866,0.08891,4708559.0
2026-04-19 14:00:00+00:00,0.08891,0.08935,0.08855,0.08906,5255471.0
2026-04-19 15:00:00+00:00,0.08906,0.08913,0.0881,0.08893,6251739.0
2026-04-19 16:00:00+00:00,0.08893,0.08901,0.08819,0.08835,2819908.0
2026-04-19 17:00:00+00:00,0.08835,0.08837,0.08767,0.08773,4740207.0
2026-04-19 18:00:00+00:00,0.08773,0.08826,0.08763,0.08808,2744506.0
2026-04-19 19:00:00+00:00,0.08808,0.0887,0.08808,0.08833,2151506.0
2026-04-19 20:00:00+00:00,0.08833,0.08833,0.08779,0.08811,5093100.0
2026-04-19 21:00:00+00:00,0.08811,0.08844,0.08796,0.08815,3363950.0
2026-04-19 22:00:00+00:00,0.08815,0.08818,0.08687,0.08722,10379016.0
2026-04-19 23:00:00+00:00,0.08722,0.08738,0.0869,0.08716,2454752.0
2026-04-20 00:00:00+00:00,0.08716,0.08821,0.08709,0.08806,4421787.0
2026-04-20 01:00:00+00:00,0.08806,0.08862,0.08804,0.0882,3746669.0
2026-04-20 02:00:00+00:00,0.0882,0.0884,0.08794,0.08818,2445181.0
2026-04-20 03:00:00+00:00,0.08818,0.08858,0.088,0.08855,2511930.0
2026-04-20 04:00:00+00:00,0.08855,0.08886,0.08824,0.08883,2712890.0
2026-04-20 05:00:00+00:00,0.08883,0.08883,0.08803,0.0882,1917095.0
2026-04-20 06:00:00+00:00,0.0882,0.08913,0.08793,0.08885,2694322.0
2026-04-20 07:00:00+00:00,0.08885,0.08964,0.08843,0.08896,8714227.0
2026-04-20 08:00:00+00:00,0.08896,0.08906,0.0886,0.08867,3879351.0
2026-04-20 09:00:00+00:00,0.08867,0.0892,0.08853,0.0888,2694547.0
2026-04-20 10:00:00+00:00,0.0888,0.08919,0.08878,0.08881,2646550.0
2026-04-20 11:00:00+00:00,0.08881,0.0889,0.08852,0.08857,2718153.0
2026-04-20 12:00:00+00:00,0.08857,0.08859,0.08798,0.0884,5725947.0
2026-04-20 13:00:00+00:00,0.0884,0.08894,0.0884,0.08874,5746401.0
2026-04-20 14:00:00+00:00,0.08874,0.08934,0.08847,0.08854,9174325.0
2026-04-20 15:00:00+00:00,0.08854,0.08983,0.08816,0.08981,5197491.0
2026-04-20 16:00:00+00:00,0.08981,0.09049,0.08943,0.0895,6781986.0
2026-04-20 17:00:00+00:00,0.0895,0.08985,0.08916,0.08961,3434981.0
2026-04-20 18:00:00+00:00,0.08961,0.09009,0.08958,0.08992,7047278.0
2026-04-20 19:00:00+00:00,0.08992,0.09006,0.08948,0.08956,2227253.0
2026-04-20 20:00:00+00:00,0.08956,0.08973,0.08922,0.08956,4744352.0
2026-04-20 21:00:00+00:00,0.08956,0.08974,0.08905,0.08956,4414819.0
2026-04-20 22:00:00+00:00,0.08956,0.08965,0.08921,0.08938,1492665.0
2026-04-20 23:00:00+00:00,0.08938,0.08968,0.08913,0.08966,3755072.0
2026-04-21 00:00:00+00:00,0.08966,0.08998,0.08954,0.0898,3138129.0
2026-04-21 01:00:00+00:00,0.0898,0.09003,0.08945,0.08956,2830075.0
2026-04-21 02:00:00+00:00,0.08956,0.08958,0.0891,0.08916,1950299.0
2026-04-21 03:00:00+00:00,0.08916,0.08944,0.08898,0.08924,2135644.0
2026-04-21 04:00:00+00:00,0.08924,0.0897,0.08919,0.08965,2783769.0
2026-04-21 05:00:00+00:00,0.08965,0.08991,0.08951,0.08957,2117121.0
2026-04-21 06:00:00+00:00,0.08957,0.09025,0.0895,0.08992,3852157.0
2026-04-21 07:00:00+00:00,0.08992,0.09062,0.08979,0.09048,3879168.0
2026-04-21 08:00:00+00:00,0.09048,0.09107,0.09034,0.0907,5058978.0
2026-04-21 09:00:00+00:00,0.0907,0.09087,0.09041,0.09055,3280898.0
2026-04-21 10:00:00+00:00,0.09055,0.09134,0.09043,0.09129,3457104.0
2026-04-21 11:00:00+00:00,0.09129,0.0913,0.09051,0.09089,5900052.0
2026-04-21 12:00:00+00:00,0.09089,0.09117,0.08991,0.09034,6132427.0
2026-04-21 13:00:00+00:00,0.09034,0.0904,0.08984,0.09021,3746410.0
2026-04-21 14:00:00+00:00,0.09021,0.09056,0.08955,0.08972,5097179.0
2026-04-21 15:00:00+00:00,0.08972,0.09039,0.08955,0.09029,3844689.0
2026-04-21 16:00:00+00:00,0.09029,0.09053,0.08954,0.08962,3834091.0
2026-04-21 17:00:00+00:00,0.08962,0.0901,0.08871,0.08957,12142621.0
2026-04-21 18:00:00+00:00,0.08957,0.08963,0.08917,0.08951,4014531.0
2026-04-21 19:00:00+00:00,0.08951,0.08981,0.08864,0.08889,6072838.0
2026-04-21 20:00:00+00:00,0.08889,0.08985,0.08883,0.08957,8099113.0
2026-04-21 21:00:00+00:00,0.08957,0.08984,0.08932,0.08972,1840080.0
2026-04-21 22:00:00+00:00,0.08972,0.08989,0.08954,0.08989,2003543.0
2026-04-21 23:00:00+00:00,0.08989,0.09043,0.08985,0.09028,3843809.0
2026-04-22 00:00:00+00:00,0.09028,0.09059,0.09021,0.09032,2581627.0
2026-04-22 01:00:00+00:00,0.09032,0.09045,0.08975,0.08998,5177677.0
2026-04-22 02:00:00+00:00,0.08998,0.09096,0.08984,0.09092,4324629.0
2026-04-22 03:00:00+00:00,0.09092,0.09096,0.0903,0.09077,1793039.0
2026-04-22 04:00:00+00:00,0.09077,0.09099,0.09025,0.0904,2469916.0
2026-04-22 05:00:00+00:00,0.0904,0.0913,0.09031,0.09092,7385622.0
2026-04-22 06:00:00+00:00,0.09092,0.09096,0.09058,0.09087,1939947.0
2026-04-22 07:00:00+00:00,0.09087,0.09097,0.09071,0.09073,3624508.0
2026-04-22 08:00:00+00:00,0.09073,0.09094,0.09062,0.09077,1919574.0
2026-04-22 09:00:00+00:00,0.09077,0.09108,0.09067,0.09076,2089797.0
2026-04-22 10:00:00+00:00,0.09076,0.09111,0.09072,0.09099,2021818.0
2026-04-22 11:00:00+00:00,0.09099,0.09119,0.0909,0.09116,2158160.0
2026-04-22 12:00:00+00:00,0.09116,0.09145,0.09107,0.09135,8236932.0
2026-04-22 13:00:00+00:00,0.09135,0.09155,0.09117,0.09121,6162481.0
2026-04-22 14:00:00+00:00,0.09121,0.09141,0.09073,0.09105,7020730.0
2026-04-22 15:00:00+00:00,0.09105,0.0934,0.09078,0.09263,30373691.0
2026-04-22 16:00:00+00:00,0.09263,0.09333,0.092,0.09209,20731342.0
2026-04-22 17:00:00+00:00,0.09209,0.09298,0.09209,0.0922,8754138.0
2026-04-22 18:00:00+00:00,0.0922,0.09266,0.09212,0.09214,3450844.0
2026-04-22 19:00:00+00:00,0.09214,0.09214,0.09109,0.09151,12114587.0
2026-04-22 20:00:00+00:00,0.09151,0.09157,0.09116,0.09137,4577081.0
2026-04-22 21:00:00+00:00,0.09137,0.09165,0.09114,0.09143,6248937.0
2026-04-22 22:00:00+00:00,0.09143,0.09165,0.09098,0.09122,3723743.0
2026-04-22 23:00:00+00:00,0.09122,0.09123,0.09036,0.09076,15716797.0
2026-04-23 00:00:00+00:00,0.09076,0.09117,0.09013,0.09107,16295729.0
2026-04-23 01:00:00+00:00,0.09107,0.09117,0.09063,0.09102,4964086.0
2026-04-23 02:00:00+00:00,0.09102,0.09104,0.09022,0.09066,15092569.0
2026-04-23 03:00:00+00:00,0.09066,0.09073,0.09,0.09051,10063427.0
2026-04-23 04:00:00+00:00,0.09051,0.09071,0.09022,0.09067,6738535.0
2026-04-23 05:00:00+00:00,0.09067,0.0909,0.09034,0.09058,4077456.0
2026-04-23 06:00:00+00:00,0.09058,0.0913,0.09058,0.09093,3780132.0
2026-04-23 07:00:00+00:00,0.09093,0.09097,0.09068,0.09077,4781497.0
2026-04-23 08:00:00+00:00,0.09077,0.09092,0.0903,0.09056,4549374.0
2026-04-23 09:00:00+00:00,0.09056,0.09057,0.08987,0.09021,7801352.0
2026-04-23 10:00:00+00:00,0.09021,0.09022,0.08963,0.08998,7634356.0
2026-04-23 11:00:00+00:00,0.08998,0.09082,0.08988,0.09058,4434195.0
2026-04-23 12:00:00+00:00,0.09058,0.091,0.09035,0.09062,7862995.0
2026-04-23 13:00:00+00:00,0.09062,0.09098,0.09057,0.09062,2815538.0
2026-04-23 14:00:00+00:00,0.09062,0.09101,0.09034,0.09095,6954576.0
2026-04-23 15:00:00+00:00,0.09095,0.09142,0.09069,0.0909,9785237.0
2026-04-23 16:00:00+00:00,0.0909,0.09103,0.09049,0.09056,4143592.0
2026-04-23 17:00:00+00:00,0.09056,0.09065,0.08975,0.09038,12518834.0
2026-04-23 18:00:00+00:00,0.09038,0.09063,0.08986,0.08992,6037831.0
2026-04-23 19:00:00+00:00,0.08992,0.09032,0.08985,0.09006,7357825.0
2026-04-23 20:00:00+00:00,0.09006,0.09068,0.09001,0.09036,2504353.0
2026-04-23 21:00:00+00:00,0.09036,0.09091,0.09029,0.09061,4463532.0
2026-04-23 22:00:00+00:00,0.09061,0.09098,0.09061,0.09067,1771885.0
2026-04-23 23:00:00+00:00,0.09067,0.0908,0.09051,0.09071,1132560.0
2026-04-24 00:00:00+00:00,0.09071,0.09109,0.09071,0.09109,2797568.0
2026-04-24 01:00:00+00:00,0.09109,0.09112,0.09063,0.09108,1503300.0
2026-04-24 02:00:00+00:00,0.09108,0.09111,0.09069,0.0909,3960817.0
2026-04-24 03:00:00+00:00,0.0909,0.09091,0.09017,0.09041,5392557.0
2026-04-24 04:00:00+00:00,0.09041,0.09044,0.09016,0.09027,2268547.0
2026-04-24 05:00:00+00:00,0.09027,0.09077,0.09012,0.09062,2462175.0
2026-04-24 06:00:00+00:00,0.09062,0.09071,0.09038,0.09048,1652161.0
2026-04-24 07:00:00+00:00,0.09048,0.09074,0.09042,0.09057,1294729.0
2026-04-24 08:00:00+00:00,0.09057,0.09076,0.0903,0.0904,5693039.0
2026-04-24 09:00:00+00:00,0.0904,0.09046,0.09001,0.09027,4234247.0
2026-04-24 10:00:00+00:00,0.09027,0.09103,0.09017,0.09091,4408161.0
2026-04-24 11:00:00+00:00,0.09091,0.09169,0.0909,0.09125,9949635.0
2026-04-24 12:00:00+00:00,0.09125,0.09151,0.0908,0.091,5616631.0
2026-04-24 13:00:00+00:00,0.091,0.09135,0.09087,0.09094,3352621.0
2026-04-24 14:00:00+00:00,0.09094,0.09098,0.09046,0.09053,5261364.0
2026-04-24 15:00:00+00:00,0.09053,0.0915,0.09018,0.09149,8791493.0
2026-04-24 16:00:00+00:00,0.09149,0.09149,0.09095,0.09117,3569438.0
2026-04-24 17:00:00+00:00,0.09117,0.09127,0.09085,0.09116,2372617.0
2026-04-24 18:00:00+00:00,0.09116,0.09123,0.09079,0.09109,1985513.0
2026-04-24 19:00:00+00:00,0.09109,0.0913,0.09098,0.09117,1431389.0
2026-04-24 20:00:00+00:00,0.09117,0.09209,0.09095,0.09175,17227846.0
2026-04-24 21:00:00+00:00,0.09175,0.09218,0.09147,0.09148,11407092.0
2026-04-24 22:00:00+00:00,0.09148,0.0917,0.09084,0.09103,14364028.0
2026-04-24 23:00:00+00:00,0.09103,0.09109,0.09081,0.09086,2583562.0
2026-04-25 00:00:00+00:00,0.09086,0.09114,0.09057,0.09098,4692506.0
2026-04-25 01:00:00+00:00,0.09098,0.09106,0.09069,0.0908,3986360.0
2026-04-25 02:00:00+00:00,0.0908,0.09097,0.09066,0.09089,4880875.0
2026-04-25 03:00:00+00:00,0.09089,0.09124,0.09081,0.0912,3512852.0
2026-04-25 04:00:00+00:00,0.0912,0.09126,0.09103,0.09107,940888.0
2026-04-25 05:00:00+00:00,0.09107,0.09112,0.09086,0.091,1535848.0
2026-04-25 06:00:00+00:00,0.091,0.09132,0.091,0.09106,3397827.0
2026-04-25 07:00:00+00:00,0.09106,0.09146,0.09092,0.09127,3206802.0
2026-04-25 08:00:00+00:00,0.09127,0.09189,0.09126,0.0918,4866701.0
2026-04-25 09:00:00+00:00,0.0918,0.09211,0.09138,0.0919,7599623.0
2026-04-25 10:00:00+00:00,0.0919,0.09198,0.09156,0.09173,3697673.0
2026-04-25 11:00:00+00:00,0.09173,0.0918,0.09108,0.09134,5782127.0
2026-04-25 12:00:00+00:00,0.09134,0.09146,0.09097,0.09136,6699032.0
2026-04-25 13:00:00+00:00,0.09136,0.09159,0.09127,0.09146,3332708.0
2026-04-25 14:00:00+00:00,0.09146,0.0917,0.09115,0.09132,5036197.0
2026-04-25 15:00:00+00:00,0.09132,0.09155,0.09113,0.09128,3926926.0
2026-04-25 16:00:00+00:00,0.09128,0.09158,0.09034,0.09066,12388767.0
2026-04-25 17:00:00+00:00,0.09066,0.09075,0.09005,0.09033,5495754.0
2026-04-25 18:00:00+00:00,0.09033,0.09057,0.09029,0.09049,5406843.0
2026-04-25 19:00:00+00:00,0.09049,0.09058,0.09029,0.09055,3881576.0
2026-04-25 20:00:00+00:00,0.09055,0.09086,0.09052,0.09086,1990574.0
2026-04-25 21:00:00+00:00,0.09086,0.09109,0.09074,0.09092,4057909.0
2026-04-25 22:00:00+00:00,0.09092,0.0912,0.09089,0.09115,2551758.0
2026-04-25 23:00:00+00:00,0.09115,0.09131,0.09101,0.09119,4161241.0
2026-04-26 00:00:00+00:00,0.09119,0.09125,0.09067,0.09079,2813979.0
2026-04-26 01:00:00+00:00,0.09079,0.0908,0.09044,0.09051,3165506.0
2026-04-26 02:00:00+00:00,0.09051,0.09106,0.09051,0.09097,1789189.0
2026-04-26 03:00:00+00:00,0.09097,0.09143,0.09075,0.09128,4724807.0
2026-04-26 04:00:00+00:00,0.09128,0.09206,0.09124,0.09165,5101587.0
2026-04-26 05:00:00+00:00,0.09165,0.09212,0.09161,0.09196,4823167.0
2026-04-26 06:00:00+00:00,0.09196,0.09247,0.0919,0.09196,4438599.0
2026-04-26 07:00:00+00:00,0.09196,0.09222,0.09186,0.09217,2787831.0
2026-04-26 08:00:00+00:00,0.09217,0.09283,0.09193,0.0925,8831600.0
2026-04-26 09:00:00+00:00,0.0925,0.09265,0.09237,0.09249,3086264.0
2026-04-26 10:00:00+00:00,0.09249,0.09267,0.09222,0.09253,1680280.0
2026-04-26 11:00:00+00:00,0.09253,0.09282,0.09239,0.09277,5114638.0
2026-04-26 12:00:00+00:00,0.09277,0.09295,0.09158,0.09204,10568387.0
2026-04-26 13:00:00+00:00,0.09204,0.09223,0.09185,0.0922,3758153.0
2026-04-26 14:00:00+00:00,0.0922,0.09293,0.09212,0.09255,4811796.0
2026-04-26 15:00:00+00:00,0.09255,0.09291,0.09242,0.09285,1967456.0
2026-04-26 16:00:00+00:00,0.09285,0.09318,0.09266,0.09275,4366929.0
2026-04-26 17:00:00+00:00,0.09275,0.09306,0.09259,0.09272,3743467.0
2026-04-26 18:00:00+00:00,0.09272,0.09298,0.09257,0.0928,4184403.0
2026-04-26 19:00:00+00:00,0.0928,0.09313,0.09247,0.09253,7989087.0
2026-04-26 20:00:00+00:00,0.09253,0.09262,0.09211,0.09221,5763926.0
2026-04-26 21:00:00+00:00,0.09221,0.09251,0.09176,0.09244,8203467.0
2026-04-26 22:00:00+00:00,0.09244,0.09271,0.09201,0.09216,3913628.0
2026-04-26 23:00:00+00:00,0.09216,0.09256,0.09198,0.09225,3235370.0
2026-04-27 00:00:00+00:00,0.09225,0.09265,0.09198,0.09253,4438580.0
2026-04-27 01:00:00+00:00,0.09253,0.09296,0.09202,0.09292,5706329.0
2026-04-27 02:00:00+00:00,0.09292,0.09308,0.09259,0.09286,2454760.0
2026-04-27 03:00:00+00:00,0.09286,0.09304,0.09256,0.09265,8679288.0
2026-04-27 04:00:00+00:00,0.09265,0.0927,0.09229,0.09246,3070873.0
2026-04-27 05:00:00+00:00,0.09246,0.09248,0.09064,0.09087,17913552.0
2026-04-27 06:00:00+00:00,0.09087,0.09101,0.09037,0.09079,9883725.0
2026-04-27 07:00:00+00:00,0.09079,0.09091,0.09061,0.09061,8603151.0
2026-04-27 08:00:00+00:00,0.09061,0.09087,0.09044,0.09086,5239424.0
2026-04-27 09:00:00+00:00,0.09086,0.0912,0.09082,0.09087,17346411.0
2026-04-27 10:00:00+00:00,0.09087,0.09096,0.09071,0.09071,1354356.0
2026-04-27 11:00:00+00:00,0.09071,0.0909,0.09046,0.09089,3885363.0
2026-04-27 12:00:00+00:00,0.09089,0.0913,0.09075,0.09101,10687466.0
2026-04-27 13:00:00+00:00,0.09101,0.09124,0.09066,0.09088,15581697.0
2026-04-27 14:00:00+00:00,0.09088,0.09131,0.09077,0.09092,6990951.0
2026-04-27 15:00:00+00:00,0.09092,0.09095,0.08889,0.08912,49792511.0
2026-04-27 16:00:00+00:00,0.08912,0.08942,0.08899,0.08914,8160186.0
2026-04-27 17:00:00+00:00,0.08914,0.08953,0.08914,0.08943,4792684.0
2026-04-27 18:00:00+00:00,0.08943,0.08994,0.08938,0.08982,2466782.0
2026-04-27 19:00:00+00:00,0.08982,0.08987,0.08916,0.0893,2854113.0
2026-04-27 20:00:00+00:00,0.0893,0.08949,0.08906,0.08906,2449635.0
2026-04-27 21:00:00+00:00,0.08906,0.08922,0.08903,0.08914,2970719.0
2026-04-27 22:00:00+00:00,0.08914,0.08961,0.08899,0.08951,3972589.0
2026-04-27 23:00:00+00:00,0.08951,0.08982,0.08942,0.08967,3572257.0
2026-04-28 00:00:00+00:00,0.08967,0.08968,0.08927,0.08945,1950354.0
2026-04-28 01:00:00+00:00,0.08945,0.08955,0.08934,0.08942,1585539.0
2026-04-28 02:00:00+00:00,0.08942,0.08965,0.08878,0.08913,5404938.0
2026-04-28 03:00:00+00:00,0.08913,0.08917,0.08881,0.08893,1157506.0
2026-04-28 04:00:00+00:00,0.08893,0.08919,0.08887,0.08905,2220495.0
2026-04-28 05:00:00+00:00,0.08905,0.08936,0.08896,0.08904,3119214.0
2026-04-28 06:00:00+00:00,0.08904,0.08929,0.08876,0.08895,2090954.0
2026-04-28 07:00:00+00:00,0.08895,0.08917,0.08853,0.08913,4826572.0
2026-04-28 08:00:00+00:00,0.08913,0.08927,0.08889,0.08906,2194406.0
2026-04-28 09:00:00+00:00,0.08906,0.08914,0.08865,0.08876,1733701.0
2026-04-28 10:00:00+00:00,0.08876,0.08905,0.08863,0.08897,4384628.0
2026-04-28 11:00:00+00:00,0.08897,0.08906,0.08854,0.08877,3029937.0
2026-04-28 12:00:00+00:00,0.08877,0.08904,0.08813,0.089,18441209.0
2026-04-28 13:00:00+00:00,0.089,0.08916,0.08856,0.08893,4593578.0
2026-04-28 14:00:00+00:00,0.08893,0.08893,0.08811,0.08862,8545269.0
2026-04-28 15:00:00+00:00,0.08862,0.08923,0.08862,0.0892,4971102.0
2026-04-28 16:00:00+00:00,0.0892,0.08933,0.08871,0.08885,7947857.0
2026-04-28 17:00:00+00:00,0.08885,0.08925,0.08864,0.089,6376105.0
2026-04-28 18:00:00+00:00,0.089,0.0893,0.089,0.08924,2257531.0
2026-04-28 19:00:00+00:00,0.08924,0.08925,0.08883,0.08913,7304843.0
2026-04-28 20:00:00+00:00,0.08913,0.08925,0.08899,0.089,1693114.0
2026-04-28 21:00:00+00:00,0.089,0.08919,0.08879,0.08888,4126275.0
2026-04-28 22:00:00+00:00,0.08888,0.08909,0.08877,0.08885,1754900.0
2026-04-28 23:00:00+00:00,0.08885,0.08891,0.08875,0.08884,1438353.0
2026-04-29 00:00:00+00:00,0.08884,0.08911,0.0888,0.08908,2913472.0
2026-04-29 01:00:00+00:00,0.08908,0.08921,0.0888,0.08918,2563559.0
2026-04-29 02:00:00+00:00,0.08918,0.08939,0.08906,0.08927,3312357.0
2026-04-29 03:00:00+00:00,0.08927,0.08996,0.08927,0.08994,4752533.0
2026-04-29 04:00:00+00:00,0.08994,0.0904,0.08969,0.09026,5622883.0
2026-04-29 05:00:00+00:00,0.09026,0.09034,0.09008,0.09027,2970566.0
2026-04-29 06:00:00+00:00,0.09027,0.09037,0.08978,0.08991,6500855.0
2026-04-29 07:00:00+00:00,0.08991,0.09017,0.08974,0.08987,3690897.0
2026-04-29 08:00:00+00:00,0.08987,0.08996,0.08962,0.0898,3899917.0
2026-04-29 09:00:00+00:00,0.0898,0.09073,0.08969,0.09066,5264288.0
2026-04-29 10:00:00+00:00,0.09066,0.09101,0.09053,0.09061,7100435.0
2026-04-29 11:00:00+00:00,0.09061,0.09061,0.09012,0.09014,5419423.0
2026-04-29 12:00:00+00:00,0.09014,0.09017,0.08933,0.08951,7561170.0
2026-04-29 13:00:00+00:00,0.08951,0.08955,0.08879,0.08917,7495456.0
2026-04-29 14:00:00+00:00,0.08917,0.08919,0.08874,0.08878,6007090.0
2026-04-29 15:00:00+00:00,0.08878,0.08896,0.08834,0.0885,14591826.0
2026-04-29 16:00:00+00:00,0.0885,0.08868,0.08788,0.08809,12453794.0
2026-04-29 17:00:00+00:00,0.08809,0.08883,0.08809,0.08877,7300049.0
2026-04-29 18:00:00+00:00,0.08877,0.08883,0.0869,0.08817,28860970.0
2026-04-29 19:00:00+00:00,0.08817,0.08817,0.08761,0.08782,4612860.0
2026-04-29 20:00:00+00:00,0.08782,0.08833,0.08782,0.08818,5534331.0
2026-04-29 21:00:00+00:00,0.08818,0.08893,0.08811,0.08856,6174551.0
2026-04-29 22:00:00+00:00,0.08856,0.08871,0.08844,0.08861,1065053.0
2026-04-29 23:00:00+00:00,0.08861,0.08866,0.08834,0.08859,1610037.0
2026-04-30 00:00:00+00:00,0.08859,0.08917,0.08847,0.08915,4843095.0
2026-04-30 01:00:00+00:00,0.08915,0.08925,0.08889,0.08905,1794544.0
2026-04-30 02:00:00+00:00,0.08905,0.08917,0.08829,0.08843,9799842.0
2026-04-30 03:00:00+00:00,0.08843,0.08854,0.08832,0.08842,3086411.0
2026-04-30 04:00:00+00:00,0.08842,0.08842,0.08781,0.08784,4477562.0
2026-04-30 05:00:00+00:00,0.08784,0.08806,0.0876,0.08775,1604895.0
2026-04-30 06:00:00+00:00,0.08775,0.08816,0.08771,0.08806,2114641.0
2026-04-30 07:00:00+00:00,0.08806,0.0884,0.08804,0.0884,4000764.0
2026-04-30 08:00:00+00:00,0.0884,0.0886,0.08837,0.08837,8518910.0
2026-04-30 09:00:00+00:00,0.08837,0.08876,0.08829,0.08836,2334068.0
2026-04-30 10:00:00+00:00,0.08836,0.08854,0.08811,0.08817,5048011.0
2026-04-30 11:00:00+00:00,0.08817,0.08856,0.08799,0.08828,3809228.0
2026-04-30 12:00:00+00:00,0.08828,0.08865,0.08823,0.08836,1507097.0
2026-04-30 13:00:00+00:00,0.08836,0.08857,0.08814,0.08835,1483953.0
2026-04-30 14:00:00+00:00,0.08835,0.08859,0.08808,0.08823,2281366.0
2026-04-30 15:00:00+00:00,0.08823,0.08843,0.08771,0.08809,6227723.0
2026-04-30 16:00:00+00:00,0.08809,0.0882,0.08776,0.08791,2403889.0
2026-04-30 17:00:00+00:00,0.08791,0.08812,0.08777,0.088,3163674.0
2026-04-30 18:00:00+00:00,0.088,0.0882,0.08786,0.08786,3073319.0
2026-04-30 19:00:00+00:00,0.08786,0.08794,0.08745,0.08754,4889607.0
2026-04-30 20:00:00+00:00,0.08754,0.0878,0.08733,0.08762,2132302.0
2026-04-30 21:00:00+00:00,0.08762,0.08773,0.08728,0.08729,2305102.0
2026-04-30 22:00:00+00:00,0.08729,0.08758,0.08726,0.08734,1889355.0
2026-04-30 23:00:00+00:00,0.08734,0.08738,0.08722,0.08729,1207329.0
2026-05-01 00:00:00+00:00,0.08729,0.08783,0.08729,0.08749,2748394.0
2026-05-01 01:00:00+00:00,0.08749,0.08772,0.08731,0.08762,2376670.0
2026-05-01 02:00:00+00:00,0.08762,0.08765,0.08736,0.08751,1307253.0
2026-05-01 03:00:00+00:00,0.08751,0.08834,0.08742,0.088,4978160.0
2026-05-01 04:00:00+00:00,0.088,0.0882,0.08789,0.08805,2500099.0
2026-05-01 05:00:00+00:00,0.08805,0.08825,0.08798,0.08811,1187573.0
2026-05-01 06:00:00+00:00,0.08811,0.08817,0.08772,0.08781,3287583.0
2026-05-01 07:00:00+00:00,0.08781,0.08786,0.0876,0.08784,3446434.0
2026-05-01 08:00:00+00:00,0.08784,0.08812,0.08779,0.08803,823581.0
2026-05-01 09:00:00+00:00,0.08803,0.08805,0.08762,0.08771,803601.0
2026-05-01 10:00:00+00:00,0.08771,0.08794,0.08746,0.08773,2276460.0
2026-05-01 11:00:00+00:00,0.08773,0.0879,0.08745,0.08761,1696960.0
2026-05-01 12:00:00+00:00,0.08761,0.08828,0.08759,0.08794,7098010.0
2026-05-01 13:00:00+00:00,0.08794,0.08853,0.08794,0.08842,6953686.0
2026-05-01 14:00:00+00:00,0.08842,0.08856,0.08806,0.08825,3513426.0
2026-05-01 15:00:00+00:00,0.08825,0.08841,0.08774,0.08817,10045300.0
2026-05-01 16:00:00+00:00,0.08817,0.08835,0.08785,0.08788,6729339.0
2026-05-01 17:00:00+00:00,0.08788,0.08808,0.08777,0.08794,2753103.0
2026-05-01 18:00:00+00:00,0.08794,0.08803,0.08787,0.08794,1736491.0
2026-05-01 19:00:00+00:00,0.08794,0.08801,0.08784,0.08786,623719.0
2026-05-01 20:00:00+00:00,0.08786,0.08792,0.08763,0.08773,4860598.0
2026-05-01 21:00:00+00:00,0.08773,0.08795,0.08762,0.08792,3197043.0
2026-05-01 22:00:00+00:00,0.08792,0.0885,0.08791,0.08818,6980850.0
2026-05-01 23:00:00+00:00,0.08818,0.08829,0.08788,0.08809,3297325.0
2026-05-02 00:00:00+00:00,0.08809,0.08827,0.08802,0.08824,2201449.0
2026-05-02 01:00:00+00:00,0.08824,0.08833,0.0881,0.08811,1656906.0
2026-05-02 02:00:00+00:00,0.08811,0.08816,0.08795,0.08801,1277332.0
2026-05-02 03:00:00+00:00,0.08801,0.08818,0.08784,0.08799,2248076.0
2026-05-02 04:00:00+00:00,0.08799,0.08808,0.08764,0.08776,5043618.0
2026-05-02 05:00:00+00:00,0.08776,0.08783,0.08744,0.08765,4764174.0
2026-05-02 06:00:00+00:00,0.08765,0.08799,0.08763,0.08797,1275585.0
2026-05-02 07:00:00+00:00,0.08797,0.08801,0.08771,0.08772,2756705.0
2026-05-02 08:00:00+00:00,0.08772,0.08784,0.0876,0.08772,2455350.0
2026-05-02 09:00:00+00:00,0.08772,0.08808,0.08772,0.08788,1728805.0
2026-05-02 10:00:00+00:00,0.08788,0.08798,0.08782,0.08782,963335.0
2026-05-02 11:00:00+00:00,0.08782,0.08782,0.08764,0.0877,1080978.0
2026-05-02 12:00:00+00:00,0.0877,0.0879,0.08763,0.08765,2917280.0
2026-05-02 13:00:00+00:00,0.08765,0.0882,0.08765,0.08814,2938785.0
2026-05-02 14:00:00+00:00,0.08814,0.08825,0.08801,0.08814,3721135.0
2026-05-02 15:00:00+00:00,0.08814,0.08839,0.08805,0.08839,4071992.0
2026-05-02 16:00:00+00:00,0.08839,0.08851,0.08826,0.08843,2232144.0
2026-05-02 17:00:00+00:00,0.08843,0.08847,0.08803,0.08813,3102683.0
2026-05-02 18:00:00+00:00,0.08813,0.08844,0.08799,0.08836,1902302.0
2026-05-02 19:00:00+00:00,0.08836,0.08865,0.08831,0.08863,1168397.0
2026-05-02 20:00:00+00:00,0.08863,0.08869,0.08845,0.08862,3759136.0
2026-05-02 21:00:00+00:00,0.08862,0.08908,0.08846,0.08878,6926988.0
2026-05-02 22:00:00+00:00,0.08878,0.08889,0.08853,0.08868,2089314.0
2026-05-02 23:00:00+00:00,0.08868,0.08868,0.08849,0.08852,1620290.0
2026-05-03 00:00:00+00:00,0.08852,0.08864,0.08816,0.0884,4801689.0
2026-05-03 01:00:00+00:00,0.0884,0.0884,0.08775,0.08787,6956919.0
2026-05-03 02:00:00+00:00,0.08787,0.08794,0.08758,0.08772,2628196.0
2026-05-03 03:00:00+00:00,0.08772,0.08791,0.08764,0.08773,1034559.0
2026-05-03 04:00:00+00:00,0.08773,0.08797,0.08768,0.08785,1243274.0
2026-05-03 05:00:00+00:00,0.08785,0.08795,0.08771,0.08778,989679.0
2026-05-03 06:00:00+00:00,0.08778,0.08804,0.08763,0.08791,1133592.0
2026-05-03 07:00:00+00:00,0.08791,0.08811,0.08782,0.08784,5431981.0
2026-05-03 08:00:00+00:00,0.08784,0.08794,0.08769,0.08774,2413987.0
2026-05-03 09:00:00+00:00,0.08774,0.08805,0.08767,0.08785,2254533.0
2026-05-03 10:00:00+00:00,0.08785,0.08787,0.08765,0.08765,1487955.0
2026-05-03 11:00:00+00:00,0.08765,0.0883,0.0872,0.08801,10890755.0
2026-05-03 12:00:00+00:00,0.08801,0.0883,0.08801,0.08802,2325548.0
2026-05-03 13:00:00+00:00,0.08802,0.08808,0.08779,0.08779,4174868.0
2026-05-03 14:00:00+00:00,0.08779,0.08827,0.08769,0.08809,4943357.0
2026-05-03 15:00:00+00:00,0.08809,0.08828,0.08805,0.08814,4876947.0
2026-05-03 16:00:00+00:00,0.08814,0.0882,0.0879,0.08805,3490928.0
2026-05-03 17:00:00+00:00,0.08805,0.08823,0.08782,0.08799,7087066.0
2026-05-03 18:00:00+00:00,0.08799,0.08809,0.08786,0.0879,777186.0
2026-05-03 19:00:00+00:00,0.0879,0.08814,0.08785,0.08808,3651056.0
2026-05-03 20:00:00+00:00,0.08808,0.08839,0.08791,0.08795,3761107.0
2026-05-03 21:00:00+00:00,0.08795,0.08825,0.08756,0.08782,5000168.0
2026-05-03 22:00:00+00:00,0.08782,0.08844,0.08782,0.08804,8234722.0
2026-05-03 23:00:00+00:00,0.08804,0.0882,0.0876,0.08763,2148518.0
2026-05-04 00:00:00+00:00,0.08763,0.08797,0.08713,0.08788,7867749.0
2026-05-04 01:00:00+00:00,0.08788,0.08856,0.08747,0.08846,6355072.0
2026-05-04 02:00:00+00:00,0.08846,0.08924,0.08846,0.08898,18871414.0
2026-05-04 03:00:00+00:00,0.08898,0.08914,0.08856,0.08907,6839616.0
2026-05-04 04:00:00+00:00,0.08907,0.08948,0.08907,0.08933,3808474.0
2026-05-04 05:00:00+00:00,0.08933,0.08943,0.08893,0.0894,3921378.0
2026-05-04 06:00:00+00:00,0.0894,0.08955,0.08881,0.08932,8427148.0
2026-05-04 07:00:00+00:00,0.08932,0.08941,0.08891,0.08895,2420959.0
2026-05-04 08:00:00+00:00,0.08895,0.08904,0.08874,0.08895,2572912.0
2026-05-04 09:00:00+00:00,0.08895,0.08939,0.0889,0.08927,1534222.0
2026-05-04 10:00:00+00:00,0.08927,0.08931,0.08737,0.08774,22645983.0
2026-05-04 11:00:00+00:00,0.08774,0.08793,0.08761,0.08772,5443367.0
2026-05-04 12:00:00+00:00,0.08772,0.08809,0.08764,0.08776,4260459.0
2026-05-04 13:00:00+00:00,0.08776,0.08825,0.08743,0.08791,6842821.0
2026-05-04 14:00:00+00:00,0.08791,0.08888,0.08766,0.08865,11678832.0
2026-05-04 15:00:00+00:00,0.08865,0.08872,0.08751,0.08791,19902644.0
2026-05-04 16:00:00+00:00,0.08791,0.08813,0.08755,0.08777,9989514.0
2026-05-04 17:00:00+00:00,0.08777,0.08838,0.08775,0.08825,6746713.0
2026-05-04 18:00:00+00:00,0.08825,0.08838,0.088,0.0881,2070035.0
2026-05-04 19:00:00+00:00,0.0881,0.0881,0.0877,0.08787,6392234.0
2026-05-04 20:00:00+00:00,0.08787,0.08789,0.08741,0.08752,5651691.0
2026-05-04 21:00:00+00:00,0.08752,0.08809,0.08748,0.08798,5427022.0
2026-05-04 22:00:00+00:00,0.08798,0.08811,0.08744,0.08745,6455939.0
2026-05-04 23:00:00+00:00,0.08745,0.08767,0.08721,0.08765,5124344.0
2026-05-05 00:00:00+00:00,0.08765,0.08797,0.08765,0.08794,5178549.0
2026-05-05 01:00:00+00:00,0.08794,0.08822,0.08779,0.08792,5826501.0
2026-05-05 02:00:00+00:00,0.08792,0.08863,0.08788,0.08823,5782402.0
2026-05-05 03:00:00+00:00,0.08823,0.08853,0.08806,0.08839,3220196.0
2026-05-05 04:00:00+00:00,0.08839,0.08853,0.08816,0.08821,3188580.0
2026-05-05 05:00:00+00:00,0.08821,0.08856,0.08812,0.08848,4674891.0
2026-05-05 06:00:00+00:00,0.08848,0.08857,0.08817,0.08855,3990822.0
2026-05-05 07:00:00+00:00,0.08855,0.08896,0.08849,0.08871,10982603.0
2026-05-05 08:00:00+00:00,0.08871,0.0892,0.0887,0.08911,5195032.0
2026-05-05 09:00:00+00:00,0.08911,0.08924,0.08883,0.08911,8715311.0
2026-05-05 10:00:00+00:00,0.08911,0.08974,0.08897,0.08953,7131244.0
2026-05-05 11:00:00+00:00,0.08953,0.08957,0.08912,0.08948,5995390.0
2026-05-05 12:00:00+00:00,0.08948,0.09035,0.08938,0.09027,16441937.0
2026-05-05 13:00:00+00:00,0.09027,0.09091,0.09027,0.0906,21718172.0
2026-05-05 14:00:00+00:00,0.0906,0.09089,0.08973,0.09031,14947556.0
2026-05-05 15:00:00+00:00,0.09031,0.09038,0.08931,0.08971,15254434.0
2026-05-05 16:00:00+00:00,0.08971,0.09019,0.08918,0.08949,10663216.0
2026-05-05 17:00:00+00:00,0.08949,0.08989,0.08931,0.08979,2915965.0
2026-05-05 18:00:00+00:00,0.08979,0.09044,0.08977,0.09019,9676579.0
2026-05-05 19:00:00+00:00,0.09019,0.09042,0.09012,0.09029,9784212.0
2026-05-05 20:00:00+00:00,0.09029,0.09074,0.09029,0.09069,7023278.0
2026-05-05 21:00:00+00:00,0.09069,0.09089,0.0903,0.09073,9913757.0
2026-05-05 22:00:00+00:00,0.09073,0.09106,0.09005,0.09036,17765046.0
2026-05-05 23:00:00+00:00,0.09036,0.09052,0.09006,0.09023,9520320.0
2026-05-06 00:00:00+00:00,0.09023,0.09061,0.09012,0.09047,8887632.0
2026-05-06 01:00:00+00:00,0.09047,0.09111,0.0904,0.09084,6969852.0
2026-05-06 02:00:00+00:00,0.09084,0.09086,0.09023,0.09076,8978864.0
2026-05-06 03:00:00+00:00,0.09076,0.09142,0.09071,0.09126,6999269.0
2026-05-06 04:00:00+00:00,0.09126,0.09136,0.09078,0.09093,5931963.0
2026-05-06 05:00:00+00:00,0.09093,0.09114,0.09046,0.0911,10649421.0
2026-05-06 06:00:00+00:00,0.0911,0.09133,0.09089,0.09125,3988730.0
2026-05-06 07:00:00+00:00,0.09125,0.09148,0.09111,0.09124,13462835.0
2026-05-06 08:00:00+00:00,0.09124,0.0925,0.09121,0.09237,11282753.0
2026-05-06 09:00:00+00:00,0.09237,0.09259,0.09203,0.09251,22371917.0
2026-05-06 10:00:00+00:00,0.09251,0.09277,0.09244,0.0925,10424884.0
2026-05-06 11:00:00+00:00,0.0925,0.09293,0.09228,0.09291,15057409.0
2026-05-06 12:00:00+00:00,0.09291,0.09312,0.09231,0.09248,21133381.0
2026-05-06 13:00:00+00:00,0.09248,0.09248,0.09084,0.09119,24808956.0
2026-05-06 14:00:00+00:00,0.09119,0.09132,0.09024,0.09099,20939481.0
2026-05-06 15:00:00+00:00,0.09099,0.09183,0.09085,0.09169,9581830.0
2026-05-06 16:00:00+00:00,0.09169,0.092,0.09137,0.09169,5727396.0
2026-05-06 17:00:00+00:00,0.09169,0.0918,0.09114,0.09132,5541651.0
2026-05-06 18:00:00+00:00,0.09132,0.09153,0.0911,0.09127,2838853.0
2026-05-06 19:00:00+00:00,0.09127,0.09162,0.09112,0.09158,2399527.0
2026-05-06 20:00:00+00:00,0.09158,0.09185,0.09071,0.09114,8496051.0
2026-05-06 21:00:00+00:00,0.09114,0.09174,0.09105,0.0916,6680087.0
2026-05-06 22:00:00+00:00,0.0916,0.09163,0.09095,0.09104,4475233.0
2026-05-06 23:00:00+00:00,0.09104,0.09137,0.09064,0.09134,4175934.0
2026-05-07 00:00:00+00:00,0.09134,0.0916,0.09038,0.09052,5887261.0
2026-05-07 01:00:00+00:00,0.09052,0.09055,0.08991,0.0901,7962574.0
2026-05-07 02:00:00+00:00,0.0901,0.09019,0.08982,0.09007,7414913.0
2026-05-07 03:00:00+00:00,0.09007,0.09015,0.08974,0.08981,3252003.0
2026-05-07 04:00:00+00:00,0.08981,0.09036,0.08972,0.09032,5173915.0
2026-05-07 05:00:00+00:00,0.09032,0.09085,0.09031,0.09067,6452586.0
2026-05-07 06:00:00+00:00,0.09067,0.09102,0.09021,0.09101,7306224.0
2026-05-07 07:00:00+00:00,0.09101,0.09131,0.09081,0.09128,7888399.0
2026-05-07 08:00:00+00:00,0.09128,0.09148,0.09097,0.091,8462360.0
2026-05-07 09:00:00+00:00,0.091,0.09112,0.09057,0.09083,9528412.0
2026-05-07 10:00:00+00:00,0.09083,0.09106,0.09038,0.09085,6950101.0
2026-05-07 11:00:00+00:00,0.09085,0.0912,0.0908,0.09095,3297224.0
2026-05-07 12:00:00+00:00,0.09095,0.09167,0.09092,0.0916,10110483.0
2026-05-07 13:00:00+00:00,0.0916,0.09165,0.09023,0.09066,15339865.0
2026-05-07 14:00:00+00:00,0.09066,0.09094,0.08979,0.09011,17960007.0
2026-05-07 15:00:00+00:00,0.09011,0.09026,0.08917,0.08955,27010055.0
2026-05-07 16:00:00+00:00,0.08955,0.09008,0.08936,0.08952,12844758.0
2026-05-07 17:00:00+00:00,0.08952,0.09007,0.08925,0.09004,8508189.0
2026-05-07 18:00:00+00:00,0.09004,0.09039,0.08973,0.08996,7056740.0
2026-05-07 19:00:00+00:00,0.08996,0.09004,0.08961,0.08977,5041616.0
2026-05-07 20:00:00+00:00,0.08977,0.09032,0.08948,0.0895,6040590.0
2026-05-07 21:00:00+00:00,0.0895,0.08983,0.08924,0.08962,4625053.0
2026-05-07 22:00:00+00:00,0.08962,0.09,0.08933,0.08979,6629140.0
2026-05-07 23:00:00+00:00,0.08979,0.09004,0.08975,0.09004,4054533.0
2026-05-08 00:00:00+00:00,0.09004,0.09055,0.08978,0.09006,4668386.0
2026-05-08 01:00:00+00:00,0.09006,0.09014,0.08969,0.08989,2255952.0
2026-05-08 02:00:00+00:00,0.08989,0.09011,0.08936,0.08986,5755797.0
2026-05-08 03:00:00+00:00,0.08986,0.09014,0.08953,0.08993,2399052.0
2026-05-08 04:00:00+00:00,0.08993,0.0902,0.08989,0.09007,2949042.0
2026-05-08 05:00:00+00:00,0.09007,0.09028,0.08993,0.08994,5021710.0
2026-05-08 06:00:00+00:00,0.08994,0.09005,0.08969,0.08986,1345749.0
2026-05-08 07:00:00+00:00,0.08986,0.09032,0.08964,0.09017,6402557.0
2026-05-08 08:00:00+00:00,0.09017,0.0907,0.09014,0.09044,5364443.0
2026-05-08 09:00:00+00:00,0.09044,0.09091,0.09027,0.09042,6467156.0
2026-05-08 10:00:00+00:00,0.09042,0.09108,0.09038,0.09092,7263109.0
2026-05-08 11:00:00+00:00,0.09092,0.09115,0.09069,0.09089,4227081.0
2026-05-08 12:00:00+00:00,0.09089,0.09108,0.09046,0.09062,3064523.0
2026-05-08 13:00:00+00:00,0.09062,0.09066,0.08997,0.09064,10718064.0
2026-05-08 14:00:00+00:00,0.09064,0.09197,0.09058,0.09172,11220734.0
2026-05-08 15:00:00+00:00,0.09172,0.09241,0.09101,0.09222,14469439.0
2026-05-08 16:00:00+00:00,0.09222,0.09225,0.09152,0.09177,10172316.0
2026-05-08 17:00:00+00:00,0.09177,0.09265,0.0917,0.09225,10612086.0
2026-05-08 18:00:00+00:00,0.09225,0.09338,0.09225,0.09278,19462731.0
2026-05-08 19:00:00+00:00,0.09278,0.0931,0.09242,0.09253,7015522.0
2026-05-08 20:00:00+00:00,0.09253,0.09275,0.09209,0.09234,8947366.0
2026-05-08 21:00:00+00:00,0.09234,0.09294,0.09213,0.09285,6700716.0
2026-05-08 22:00:00+00:00,0.09285,0.0931,0.09257,0.09268,4057595.0
2026-05-08 23:00:00+00:00,0.09268,0.09268,0.09232,0.0926,2854258.0
2026-05-09 00:00:00+00:00,0.0926,0.09375,0.09246,0.09353,10076362.0
2026-05-09 01:00:00+00:00,0.09353,0.0951,0.09349,0.09471,22418518.0
2026-05-09 02:00:00+00:00,0.09471,0.09484,0.09411,0.09441,13564409.0
2026-05-09 03:00:00+00:00,0.09441,0.09452,0.09382,0.09419,6930040.0
2026-05-09 04:00:00+00:00,0.09419,0.09436,0.09345,0.09353,8628923.0
2026-05-09 05:00:00+00:00,0.09353,0.09405,0.09344,0.09393,5816481.0
2026-05-09 06:00:00+00:00,0.09393,0.09405,0.09303,0.09337,9540855.0
2026-05-09 07:00:00+00:00,0.09337,0.09352,0.09307,0.09316,6385459.0
2026-05-09 08:00:00+00:00,0.09316,0.09337,0.09313,0.09321,4853403.0
2026-05-09 09:00:00+00:00,0.09321,0.09321,0.09253,0.09274,9932158.0
2026-05-09 10:00:00+00:00,0.09274,0.09274,0.09213,0.09255,13318378.0
2026-05-09 11:00:00+00:00,0.09255,0.09279,0.09253,0.09261,3309959.0
2026-05-09 12:00:00+00:00,0.09261,0.0928,0.09233,0.09257,7187695.0
2026-05-09 13:00:00+00:00,0.09257,0.09265,0.09216,0.09241,4927306.0
2026-05-09 14:00:00+00:00,0.09241,0.09244,0.09181,0.09212,7291922.0
2026-05-09 15:00:00+00:00,0.09212,0.09223,0.09183,0.09204,5025007.0
2026-05-09 16:00:00+00:00,0.09204,0.09213,0.09148,0.09192,12096079.0
2026-05-09 17:00:00+00:00,0.09192,0.09273,0.09192,0.09249,8849666.0
2026-05-09 18:00:00+00:00,0.09249,0.09288,0.09249,0.09267,3898359.0
2026-05-09 19:00:00+00:00,0.09267,0.09279,0.0925,0.09278,6828311.0
2026-05-09 20:00:00+00:00,0.09278,0.09303,0.0926,0.09301,3654419.0
2026-05-09 21:00:00+00:00,0.09301,0.09323,0.09287,0.09304,4478217.0
2026-05-09 22:00:00+00:00,0.09304,0.09331,0.09281,0.09308,2869007.0
2026-05-09 23:00:00+00:00,0.09308,0.09318,0.09261,0.09285,9301260.0
2026-05-10 00:00:00+00:00,0.09285,0.09343,0.09255,0.09271,9192239.0
2026-05-10 01:00:00+00:00,0.09271,0.09272,0.09215,0.09267,6278506.0
2026-05-10 02:00:00+00:00,0.09267,0.09302,0.0925,0.09298,3512748.0
2026-05-10 03:00:00+00:00,0.09298,0.0933,0.09278,0.09283,3197532.0
2026-05-10 04:00:00+00:00,0.09283,0.09308,0.09272,0.09302,1280673.0
2026-05-10 05:00:00+00:00,0.09302,0.0934,0.09278,0.09323,2312376.0
2026-05-10 06:00:00+00:00,0.09323,0.09352,0.09312,0.09348,3986687.0
2026-05-10 07:00:00+00:00,0.09348,0.09435,0.09326,0.09398,20083829.0
2026-05-10 08:00:00+00:00,0.09398,0.09451,0.09397,0.09428,5939614.0
2026-05-10 09:00:00+00:00,0.09428,0.09449,0.094,0.09406,7644725.0
2026-05-10 10:00:00+00:00,0.09406,0.09499,0.0937,0.0949,16249539.0
2026-05-10 11:00:00+00:00,0.0949,0.09514,0.09423,0.09511,14699048.0
2026-05-10 12:00:00+00:00,0.09511,0.09565,0.09482,0.09562,20739712.0
2026-05-10 13:00:00+00:00,0.09562,0.09585,0.09495,0.09571,15762044.0
2026-05-10 14:00:00+00:00,0.09571,0.096,0.09469,0.09516,22354508.0
2026-05-10 15:00:00+00:00,0.09516,0.09596,0.09487,0.09594,21380662.0
2026-05-10 16:00:00+00:00,0.09594,0.09781,0.09593,0.09761,56510049.0
2026-05-10 17:00:00+00:00,0.09761,0.09883,0.09707,0.09761,55005592.0
2026-05-10 18:00:00+00:00,0.09761,0.099,0.09753,0.0987,17776632.0
2026-05-10 19:00:00+00:00,0.0987,0.09962,0.09791,0.0986,26708262.0
2026-05-10 20:00:00+00:00,0.0986,0.09897,0.09477,0.09572,65616501.0
2026-05-10 21:00:00+00:00,0.09572,0.09689,0.09541,0.09647,19129627.0
2026-05-10 22:00:00+00:00,0.09647,0.09792,0.09632,0.09787,12784453.0
2026-05-10 23:00:00+00:00,0.09787,0.09804,0.09722,0.09739,17697504.0
2026-05-11 00:00:00+00:00,0.09739,0.09763,0.096,0.09646,15527573.0
2026-05-11 01:00:00+00:00,0.09646,0.09669,0.09605,0.09639,9033291.0
2026-05-11 02:00:00+00:00,0.09639,0.09658,0.09572,0.09596,8370354.0
2026-05-11 03:00:00+00:00,0.09596,0.09618,0.09488,0.09571,10797075.0
2026-05-11 04:00:00+00:00,0.09571,0.09575,0.09502,0.09556,5292406.0
2026-05-11 05:00:00+00:00,0.09556,0.09622,0.09554,0.096,6107335.0
2026-05-11 06:00:00+00:00,0.096,0.09638,0.09593,0.09622,5882985.0
2026-05-11 07:00:00+00:00,0.09622,0.0965,0.09576,0.09637,5602505.0
2026-05-11 08:00:00+00:00,0.09637,0.0964,0.09546,0.09582,9078877.0
2026-05-11 09:00:00+00:00,0.09582,0.09645,0.09578,0.09635,6416846.0
2026-05-11 10:00:00+00:00,0.09635,0.0972,0.09629,0.0963,13620664.0
2026-05-11 11:00:00+00:00,0.0963,0.09681,0.09619,0.09663,8858375.0
2026-05-11 12:00:00+00:00,0.09663,0.09668,0.09594,0.09608,7136639.0
2026-05-11 13:00:00+00:00,0.09608,0.09659,0.09581,0.09629,6018294.0
2026-05-11 14:00:00+00:00,0.09629,0.09686,0.09501,0.09542,23743101.0
2026-05-11 15:00:00+00:00,0.09542,0.09726,0.0952,0.09721,16029627.0
2026-05-11 16:00:00+00:00,0.09721,0.09723,0.09621,0.0963,14475959.0
2026-05-11 17:00:00+00:00,0.0963,0.09667,0.09587,0.09631,9099443.0
2026-05-11 18:00:00+00:00,0.09631,0.09631,0.09578,0.09584,5353486.0
2026-05-11 19:00:00+00:00,0.09584,0.09644,0.09573,0.09614,6005334.0
2026-05-11 20:00:00+00:00,0.09614,0.09651,0.09611,0.09628,8837196.0
2026-05-11 21:00:00+00:00,0.09628,0.09673,0.09621,0.0965,9413959.0
2026-05-11 22:00:00+00:00,0.0965,0.09688,0.09649,0.09664,5598758.0
2026-05-11 23:00:00+00:00,0.09664,0.09694,0.09634,0.09683,4539023.0
2026-05-12 00:00:00+00:00,0.09683,0.09727,0.09648,0.09695,4392960.0
2026-05-12 01:00:00+00:00,0.09695,0.09711,0.09513,0.09547,22005393.0
2026-05-12 02:00:00+00:00,0.09547,0.09611,0.09546,0.09598,6477133.0
2026-05-12 03:00:00+00:00,0.09598,0.09609,0.09526,0.09544,3718375.0
2026-05-12 04:00:00+00:00,0.09544,0.09592,0.0952,0.09572,4477097.0
2026-05-12 05:00:00+00:00,0.09572,0.0966,0.09563,0.09627,10722910.0
2026-05-12 06:00:00+00:00,0.09627,0.09638,0.09586,0.09592,5710656.0
2026-05-12 07:00:00+00:00,0.09592,0.09592,0.09538,0.09561,8977599.0
2026-05-12 08:00:00+00:00,0.09561,0.09571,0.09493,0.0954,9496238.0
2026-05-12 09:00:00+00:00,0.0954,0.09549,0.0949,0.09511,5904941.0
2026-05-12 10:00:00+00:00,0.09511,0.09529,0.09422,0.09459,15673055.0
2026-05-12 11:00:00+00:00,0.09459,0.09469,0.09392,0.09465,14324870.0
2026-05-12 12:00:00+00:00,0.09465,0.09526,0.0942,0.09489,9623385.0
2026-05-12 13:00:00+00:00,0.09489,0.09509,0.09359,0.09375,13017066.0
2026-05-12 14:00:00+00:00,0.09375,0.09408,0.09275,0.09321,49708293.0
2026-05-12 15:00:00+00:00,0.09321,0.09339,0.09271,0.09283,9736700.0
2026-05-12 16:00:00+00:00,0.09283,0.0932,0.09251,0.09276,10067845.0
2026-05-12 17:00:00+00:00,0.09276,0.09344,0.09276,0.09323,8284623.0
2026-05-12 18:00:00+00:00,0.09323,0.0935,0.09312,0.09333,4059277.0
2026-05-12 19:00:00+00:00,0.09333,0.09393,0.09333,0.09367,7507039.0
2026-05-12 20:00:00+00:00,0.09367,0.09383,0.09344,0.09362,3279179.0
2026-05-12 21:00:00+00:00,0.09362,0.0939,0.09359,0.09378,3533363.0
2026-05-12 22:00:00+00:00,0.09378,0.09414,0.09378,0.09387,3402291.0
2026-05-12 23:00:00+00:00,0.09387,0.09399,0.09364,0.09377,1896687.0
2026-05-13 00:00:00+00:00,0.09377,0.09383,0.09348,0.09378,4152384.0
2026-05-13 01:00:00+00:00,0.09378,0.09493,0.09377,0.09466,12903941.0
2026-05-13 02:00:00+00:00,0.09466,0.09507,0.09444,0.09493,5487921.0
2026-05-13 03:00:00+00:00,0.09493,0.09502,0.09464,0.09484,4743341.0
2026-05-13 04:00:00+00:00,0.09484,0.09507,0.09476,0.09487,2080514.0
2026-05-13 05:00:00+00:00,0.09487,0.09496,0.09402,0.09422,7741639.0
2026-05-13 06:00:00+00:00,0.09422,0.09452,0.09408,0.09424,5442909.0
2026-05-13 07:00:00+00:00,0.09424,0.09459,0.09423,0.09452,1719153.0
2026-05-13 08:00:00+00:00,0.09452,0.09476,0.09434,0.09463,5998712.0
2026-05-13 09:00:00+00:00,0.09463,0.09557,0.0946,0.09538,9936767.0
2026-05-13 10:00:00+00:00,0.09538,0.09543,0.09413,0.09439,12169189.0
2026-05-13 11:00:00+00:00,0.09439,0.09439,0.09318,0.09325,13721022.0
2026-05-13 12:00:00+00:00,0.09325,0.09339,0.09202,0.09247,23975312.0
2026-05-13 13:00:00+00:00,0.09247,0.09286,0.0917,0.09184,21279476.0
2026-05-13 14:00:00+00:00,0.09184,0.09249,0.0915,0.09233,10547600.0
2026-05-13 15:00:00+00:00,0.09233,0.0925,0.0914,0.09163,14533096.0
2026-05-13 16:00:00+00:00,0.09163,0.09237,0.09162,0.09199,7072215.0
2026-05-13 17:00:00+00:00,0.09199,0.0924,0.09199,0.09234,2375975.0
2026-05-13 18:00:00+00:00,0.09234,0.09302,0.09233,0.0927,6027777.0
2026-05-13 19:00:00+00:00,0.0927,0.09297,0.09224,0.09292,7352449.0
2026-05-13 20:00:00+00:00,0.09292,0.09342,0.09283,0.09341,2561218.0
2026-05-13 21:00:00+00:00,0.09341,0.09348,0.09273,0.09304,4584509.0
2026-05-13 22:00:00+00:00,0.09304,0.09396,0.09258,0.09359,7762634.0
2026-05-13 23:00:00+00:00,0.09359,0.0939,0.09334,0.09335,5865300.0
2026-05-14 00:00:00+00:00,0.09335,0.09369,0.09308,0.09361,6074431.0
2026-05-14 01:00:00+00:00,0.09361,0.09383,0.09335,0.0937,5046094.0
2026-05-14 02:00:00+00:00,0.0937,0.09393,0.09329,0.09341,5869074.0
2026-05-14 03:00:00+00:00,0.09341,0.09357,0.09256,0.09273,9107422.0
2026-05-14 04:00:00+00:00,0.09273,0.09326,0.09261,0.09314,4296237.0
2026-05-14 05:00:00+00:00,0.09314,0.0936,0.09312,0.09343,2494223.0
2026-05-14 06:00:00+00:00,0.09343,0.0936,0.09287,0.09294,4755601.0
2026-05-14 07:00:00+00:00,0.09294,0.09317,0.09266,0.0929,5278440.0
2026-05-14 08:00:00+00:00,0.0929,0.09316,0.0927,0.09295,2858248.0
2026-05-14 09:00:00+00:00,0.09295,0.09302,0.0924,0.09254,2587014.0
2026-05-14 10:00:00+00:00,0.09254,0.09314,0.09239,0.09303,2863502.0
2026-05-14 11:00:00+00:00,0.09303,0.09314,0.09272,0.09272,2470955.0
2026-05-14 12:00:00+00:00,0.09272,0.09358,0.0927,0.09348,5143804.0
2026-05-14 13:00:00+00:00,0.09348,0.0951,0.09334,0.0944,20985939.0
2026-05-14 14:00:00+00:00,0.0944,0.09596,0.0941,0.09591,15491299.0
2026-05-14 15:00:00+00:00,0.09591,0.09641,0.09556,0.09615,9731787.0
2026-05-14 16:00:00+00:00,0.09615,0.09626,0.09502,0.09598,27492461.0
2026-05-14 17:00:00+00:00,0.09598,0.09689,0.09564,0.09604,14665241.0
2026-05-14 18:00:00+00:00,0.09604,0.09847,0.09562,0.09801,33550289.0
2026-05-14 19:00:00+00:00,0.09801,0.09801,0.09588,0.09612,36086443.0
2026-05-14 20:00:00+00:00,0.09612,0.09618,0.09514,0.09553,13716453.0
2026-05-14 21:00:00+00:00,0.09553,0.09566,0.09492,0.09547,7076772.0
2026-05-14 22:00:00+00:00,0.09547,0.09568,0.09533,0.09546,3971464.0
2026-05-14 23:00:00+00:00,0.09546,0.09554,0.09463,0.09492,7951106.0
2026-05-15 00:00:00+00:00,0.09492,0.09571,0.09491,0.09544,8211832.0
2026-05-15 01:00:00+00:00,0.09544,0.09565,0.09492,0.09497,4541614.0
2026-05-15 02:00:00+00:00,0.09497,0.09542,0.09447,0.09525,11517397.0
2026-05-15 03:00:00+00:00,0.09525,0.09532,0.09482,0.09498,4043870.0
2026-05-15 04:00:00+00:00,0.09498,0.09499,0.09434,0.09435,6166969.0
2026-05-15 05:00:00+00:00,0.09435,0.09477,0.09356,0.09363,14435922.0
2026-05-15 06:00:00+00:00,0.09363,0.09421,0.0935,0.09404,5834449.0
2026-05-15 07:00:00+00:00,0.09404,0.09476,0.09397,0.09438,5636838.0
2026-05-15 08:00:00+00:00,0.09438,0.09439,0.09301,0.09378,15201914.0
2026-05-15 09:00:00+00:00,0.09378,0.09394,0.09333,0.09355,3917243.0
2026-05-15 10:00:00+00:00,0.09355,0.09387,0.0932,0.09362,6522518.0
2026-05-15 11:00:00+00:00,0.09362,0.09366,0.09295,0.09313,3063096.0
2026-05-15 12:00:00+00:00,0.09313,0.09316,0.09273,0.09293,6210059.0
2026-05-15 13:00:00+00:00,0.09293,0.09301,0.0911,0.0915,29696851.0
2026-05-15 14:00:00+00:00,0.0915,0.09347,0.09122,0.09239,27999206.0
2026-05-15 15:00:00+00:00,0.09239,0.09252,0.09191,0.0922,10471533.0
2026-05-15 16:00:00+00:00,0.0922,0.09363,0.09216,0.09312,10826402.0
2026-05-15 17:00:00+00:00,0.09312,0.09375,0.09287,0.0935,8489581.0
2026-05-15 18:00:00+00:00,0.0935,0.09389,0.09317,0.09327,6201885.0
2026-05-15 19:00:00+00:00,0.09327,0.09327,0.09271,0.09279,12177240.0
2026-05-15 20:00:00+00:00,0.09279,0.09302,0.09257,0.09293,3424062.0
2026-05-15 21:00:00+00:00,0.09293,0.09296,0.09244,0.0926,5886995.0
2026-05-15 22:00:00+00:00,0.0926,0.09288,0.0926,0.09276,1825384.0
2026-05-15 23:00:00+00:00,0.09276,0.09286,0.0926,0.09279,4711765.0
2026-05-16 00:00:00+00:00,0.09279,0.09302,0.09255,0.09268,2976010.0
2026-05-16 01:00:00+00:00,0.09268,0.09298,0.09252,0.09279,2182412.0
2026-05-16 02:00:00+00:00,0.09279,0.09293,0.09271,0.09287,1082218.0
2026-05-16 03:00:00+00:00,0.09287,0.093,0.09279,0.09287,694174.0
2026-05-16 04:00:00+00:00,0.09287,0.093,0.0922,0.09256,5527190.0
2026-05-16 05:00:00+00:00,0.09256,0.09267,0.09226,0.0923,1717545.0
2026-05-16 06:00:00+00:00,0.0923,0.09234,0.09141,0.09161,6086211.0
2026-05-16 07:00:00+00:00,0.09161,0.09161,0.09054,0.09096,11679551.0
2026-05-16 08:00:00+00:00,0.09096,0.09108,0.09075,0.09076,2228243.0
2026-05-16 09:00:00+00:00,0.09076,0.09094,0.08989,0.09063,12537117.0
2026-05-16 10:00:00+00:00,0.09063,0.09095,0.09007,0.09086,5900194.0
2026-05-16 11:00:00+00:00,0.09086,0.09125,0.09086,0.09096,2622081.0
2026-05-16 12:00:00+00:00,0.09096,0.09104,0.09074,0.09086,2458296.0
2026-05-16 13:00:00+00:00,0.09086,0.09101,0.09064,0.0908,2145747.0
2026-05-16 14:00:00+00:00,0.0908,0.0917,0.09062,0.09164,9177910.0
2026-05-16 15:00:00+00:00,0.09164,0.09205,0.09158,0.09198,5083678.0
2026-05-16 16:00:00+00:00,0.09198,0.09211,0.09147,0.09158,6627681.0
2026-05-16 17:00:00+00:00,0.09158,0.0919,0.09156,0.09165,1008747.0
2026-05-16 18:00:00+00:00,0.09165,0.09178,0.09154,0.0916,1425915.0
2026-05-16 19:00:00+00:00,0.0916,0.09163,0.0914,0.09141,1351870.0
2026-05-16 20:00:00+00:00,0.09141,0.09161,0.09141,0.09146,714740.0
2026-05-16 21:00:00+00:00,0.09146,0.09147,0.09126,0.09137,2847883.0
2026-05-16 22:00:00+00:00,0.09137,0.09137,0.09111,0.09117,1631715.0
2026-05-16 23:00:00+00:00,0.09117,0.09133,0.09103,0.09118,1641937.0
2026-05-17 00:00:00+00:00,0.09118,0.09149,0.09086,0.09104,2092249.0
2026-05-17 01:00:00+00:00,0.09104,0.09123,0.09074,0.09079,3339612.0
2026-05-17 02:00:00+00:00,0.09079,0.09116,0.09077,0.091,1663360.0
2026-05-17 03:00:00+00:00,0.091,0.09134,0.091,0.09116,1121281.0
2026-05-17 04:00:00+00:00,0.09116,0.0916,0.09116,0.0914,4818402.0
2026-05-17 05:00:00+00:00,0.0914,0.09196,0.0914,0.09154,3785625.0
2026-05-17 06:00:00+00:00,0.09154,0.0916,0.09131,0.09158,2036465.0
2026-05-17 07:00:00+00:00,0.09158,0.09179,0.09145,0.09166,1817277.0
2026-05-17 08:00:00+00:00,0.09166,0.09166,0.09125,0.09131,3130577.0
2026-05-17 09:00:00+00:00,0.09131,0.09163,0.09129,0.0916,1847277.0
2026-05-17 10:00:00+00:00,0.0916,0.092,0.09158,0.0918,5097649.0
2026-05-17 11:00:00+00:00,0.0918,0.09185,0.09153,0.09155,1220550.0
2026-05-17 12:00:00+00:00,0.09155,0.09181,0.09143,0.09146,3653670.0
2026-05-17 13:00:00+00:00,0.09146,0.09146,0.09104,0.09113,3469173.0
2026-05-17 14:00:00+00:00,0.09113,0.09113,0.09064,0.09077,4028175.0
2026-05-17 15:00:00+00:00,0.09077,0.09093,0.09064,0.09087,2805152.0
2026-05-17 16:00:00+00:00,0.09087,0.09103,0.09066,0.09074,2402201.0
2026-05-17 17:00:00+00:00,0.09074,0.0908,0.09046,0.09075,2983108.0
2026-05-17 18:00:00+00:00,0.09075,0.0909,0.09041,0.09078,1517317.0
2026-05-17 19:00:00+00:00,0.09078,0.09112,0.09077,0.09103,1683612.0
2026-05-17 20:00:00+00:00,0.09103,0.09112,0.09088,0.0909,1382462.0
2026-05-17 21:00:00+00:00,0.0909,0.09133,0.09075,0.09098,5377459.0
2026-05-17 22:00:00+00:00,0.09098,0.09098,0.08998,0.09024,10906177.0
2026-05-17 23:00:00+00:00,0.09024,0.09026,0.08805,0.09006,53645856.0
2026-05-18 00:00:00+00:00,0.09006,0.09016,0.08928,0.09011,8889512.0
2026-05-18 01:00:00+00:00,0.09011,0.09016,0.0893,0.0896,4934395.0
2026-05-18 02:00:00+00:00,0.0896,0.09005,0.08953,0.08965,4019535.0
2026-05-18 03:00:00+00:00,0.08965,0.08998,0.08959,0.0896,2420015.0
2026-05-18 04:00:00+00:00,0.0896,0.08988,0.08943,0.08957,3296923.0
2026-05-18 05:00:00+00:00,0.08957,0.08965,0.0892,0.08927,4848389.0
2026-05-18 06:00:00+00:00,0.08927,0.08942,0.0886,0.08886,13593186.0
2026-05-18 07:00:00+00:00,0.08886,0.08901,0.08861,0.08877,3008408.0
2026-05-18 08:00:00+00:00,0.08877,0.08898,0.08861,0.08882,3037807.0
2026-05-18 09:00:00+00:00,0.08882,0.08883,0.08837,0.08845,2827974.0
2026-05-18 10:00:00+00:00,0.08845,0.08856,0.08812,0.08836,4701859.0
2026-05-18 11:00:00+00:00,0.08836,0.08936,0.08813,0.08886,5087107.0
2026-05-18 12:00:00+00:00,0.08886,0.0897,0.08881,0.08952,7401827.0
2026-05-18 13:00:00+00:00,0.08952,0.08952,0.08883,0.08897,8969318.0
2026-05-18 14:00:00+00:00,0.08897,0.08908,0.08834,0.08843,8767523.0
2026-05-18 15:00:00+00:00,0.08843,0.08902,0.08801,0.08886,6232319.0
2026-05-18 16:00:00+00:00,0.08886,0.08908,0.0885,0.08886,6328817.0
2026-05-18 17:00:00+00:00,0.08886,0.08913,0.08875,0.08883,1625102.0
2026-05-18 18:00:00+00:00,0.08883,0.08883,0.08803,0.08816,3806507.0
2026-05-18 19:00:00+00:00,0.08816,0.08928,0.08806,0.08911,6486263.0
2026-05-18 20:00:00+00:00,0.08911,0.08949,0.08889,0.08902,4082345.0
2026-05-18 21:00:00+00:00,0.08902,0.08958,0.08887,0.08953,3056611.0
2026-05-18 22:00:00+00:00,0.08953,0.08994,0.08941,0.08992,5548296.0
2026-05-18 23:00:00+00:00,0.08992,0.09025,0.08991,0.09012,4818260.0
2026-05-19 00:00:00+00:00,0.09012,0.09095,0.09011,0.09059,7775581.0
2026-05-19 01:00:00+00:00,0.09059,0.09059,0.08992,0.08996,4372596.0
2026-05-19 02:00:00+00:00,0.08996,0.09039,0.08974,0.08981,1830586.0
2026-05-19 03:00:00+00:00,0.08981,0.09021,0.08966,0.08997,2728517.0
2026-05-19 04:00:00+00:00,0.08997,0.09036,0.08987,0.09024,2409573.0
2026-05-19 05:00:00+00:00,0.09024,0.09033,0.0898,0.09028,2912806.0
2026-05-19 06:00:00+00:00,0.09028,0.09054,0.09027,0.09046,3784445.0
2026-05-19 07:00:00+00:00,0.09046,0.09057,0.09022,0.09044,6284329.0
2026-05-19 08:00:00+00:00,0.09044,0.0905,0.08996,0.09023,4223815.0
2026-05-19 09:00:00+00:00,0.09023,0.0903,0.08953,0.08981,5476163.0
2026-05-19 10:00:00+00:00,0.08981,0.08983,0.08946,0.0896,3404313.0
2026-05-19 11:00:00+00:00,0.0896,0.08969,0.08909,0.08919,6054324.0
2026-05-19 12:00:00+00:00,0.08919,0.08953,0.08904,0.08952,6289635.0
2026-05-19 13:00:00+00:00,0.08952,0.08972,0.08913,0.08941,8587684.0
2026-05-19 14:00:00+00:00,0.08941,0.08959,0.08848,0.08879,7553318.0
2026-05-19 15:00:00+00:00,0.08879,0.08898,0.08817,0.08839,7914961.0
2026-05-19 16:00:00+00:00,0.08839,0.08883,0.08819,0.0888,4603991.0
2026-05-19 17:00:00+00:00,0.0888,0.0888,0.08809,0.08827,8594666.0
2026-05-19 18:00:00+00:00,0.08827,0.08836,0.08808,0.08814,2615286.0
2026-05-19 19:00:00+00:00,0.08814,0.08853,0.08774,0.08821,14380037.0
2026-05-19 20:00:00+00:00,0.08821,0.08823,0.088,0.08819,1837125.0
2026-05-19 21:00:00+00:00,0.08819,0.08849,0.08814,0.08827,2204587.0
2026-05-19 22:00:00+00:00,0.08827,0.08828,0.088,0.08816,2232344.0
2026-05-19 23:00:00+00:00,0.08816,0.08867,0.08807,0.08849,2201529.0
2026-05-20 00:00:00+00:00,0.08849,0.08871,0.08823,0.08834,3751165.0
2026-05-20 01:00:00+00:00,0.08834,0.08863,0.08787,0.08859,4233516.0
2026-05-20 02:00:00+00:00,0.08859,0.08864,0.08828,0.08842,1850486.0
2026-05-20 03:00:00+00:00,0.08842,0.08885,0.08838,0.08854,2852308.0
2026-05-20 04:00:00+00:00,0.08854,0.08865,0.08825,0.08856,1008533.0
2026-05-20 05:00:00+00:00,0.08856,0.08921,0.08856,0.08917,2732487.0
2026-05-20 06:00:00+00:00,0.08917,0.08929,0.08896,0.08925,2814956.0
2026-05-20 07:00:00+00:00,0.08925,0.08929,0.08883,0.08893,2512523.0
2026-05-20 08:00:00+00:00,0.08893,0.08937,0.08893,0.0892,8583206.0
2026-05-20 09:00:00+00:00,0.0892,0.08935,0.08906,0.08909,4307524.0
2026-05-20 10:00:00+00:00,0.08909,0.08932,0.08887,0.08897,2350284.0
2026-05-20 11:00:00+00:00,0.08897,0.08905,0.08843,0.08854,2773064.0
2026-05-20 12:00:00+00:00,0.08854,0.08913,0.08838,0.08897,4738970.0
2026-05-20 13:00:00+00:00,0.08897,0.08899,0.08819,0.08855,7380696.0
2026-05-20 14:00:00+00:00,0.08855,0.08941,0.08835,0.08929,8020756.0
2026-05-20 15:00:00+00:00,0.08929,0.0896,0.08888,0.08915,7169519.0
2026-05-20 16:00:00+00:00,0.08915,0.08947,0.08876,0.08918,4399217.0
2026-05-20 17:00:00+00:00,0.08918,0.08961,0.08893,0.08939,9196938.0
2026-05-20 18:00:00+00:00,0.08939,0.08941,0.08887,0.08899,2700040.0
2026-05-20 19:00:00+00:00,0.08899,0.08939,0.08886,0.08933,3574332.0
2026-05-20 20:00:00+00:00,0.08933,0.08934,0.08886,0.08926,4047698.0
2026-05-20 21:00:00+00:00,0.08926,0.08938,0.08901,0.08901,5192055.0
2026-05-20 22:00:00+00:00,0.08901,0.08901,0.08863,0.08886,5006485.0
2026-05-20 23:00:00+00:00,0.08886,0.08886,0.08845,0.08876,2832189.0
2026-05-21 00:00:00+00:00,0.08876,0.08931,0.08872,0.08916,3992736.0
2026-05-21 01:00:00+00:00,0.08916,0.08941,0.08909,0.08926,1849019.0
2026-05-21 02:00:00+00:00,0.08926,0.08965,0.08918,0.08943,2376439.0
2026-05-21 03:00:00+00:00,0.08943,0.08973,0.08933,0.08964,1152877.0
2026-05-21 04:00:00+00:00,0.08964,0.08989,0.0893,0.08937,2464031.0
2026-05-21 05:00:00+00:00,0.08937,0.08944,0.08878,0.08898,7811703.0
2026-05-21 06:00:00+00:00,0.08898,0.08909,0.08835,0.08853,6041697.0
2026-05-21 07:00:00+00:00,0.08853,0.08898,0.08846,0.08886,4455885.0
2026-05-21 08:00:00+00:00,0.08886,0.08916,0.08877,0.08893,6410078.0
2026-05-21 09:00:00+00:00,0.08893,0.08914,0.08866,0.08866,3252353.0
2026-05-21 10:00:00+00:00,0.08866,0.0888,0.08795,0.08807,9614895.0
2026-05-21 11:00:00+00:00,0.08807,0.0884,0.08796,0.08796,7441373.0
2026-05-21 12:00:00+00:00,0.08796,0.08843,0.08778,0.08818,5936404.0
2026-05-21 13:00:00+00:00,0.08818,0.08852,0.08788,0.08839,8512902.0
2026-05-21 14:00:00+00:00,0.08839,0.08853,0.08796,0.08809,5565683.0
2026-05-21 15:00:00+00:00,0.08809,0.08877,0.08801,0.0886,4389794.0
2026-05-21 16:00:00+00:00,0.0886,0.0888,0.08838,0.08861,2899952.0
2026-05-21 17:00:00+00:00,0.08861,0.09019,0.08861,0.09007,18066910.0
2026-05-21 18:00:00+00:00,0.09007,0.09075,0.0898,0.09014,17837712.0
2026-05-21 19:00:00+00:00,0.09014,0.09043,0.08971,0.09012,7746153.0
2026-05-21 20:00:00+00:00,0.09012,0.09033,0.08996,0.09007,7394867.0
2026-05-21 21:00:00+00:00,0.09007,0.09049,0.08999,0.09004,6627965.0
2026-05-21 22:00:00+00:00,0.09004,0.09018,0.08969,0.08975,3266461.0
2026-05-21 23:00:00+00:00,0.08975,0.08996,0.08958,0.0899,2018998.0
2026-05-22 00:00:00+00:00,0.0899,0.08993,0.08906,0.08909,7834461.0
2026-05-22 01:00:00+00:00,0.08909,0.08947,0.089,0.08933,4975360.0
2026-05-22 02:00:00+00:00,0.08933,0.08977,0.08933,0.08974,1800204.0
2026-05-22 03:00:00+00:00,0.08974,0.09001,0.08967,0.08996,1451382.0
2026-05-22 04:00:00+00:00,0.08996,0.09034,0.08978,0.08989,3513325.0
2026-05-22 05:00:00+00:00,0.08989,0.09012,0.08968,0.08979,2116016.0
2026-05-22 06:00:00+00:00,0.08979,0.08986,0.08922,0.08924,6326310.0
2026-05-22 07:00:00+00:00,0.08924,0.08984,0.08888,0.08972,6059025.0
2026-05-22 08:00:00+00:00,0.08972,0.09016,0.08955,0.08999,4051305.0
2026-05-22 09:00:00+00:00,0.08999,0.09038,0.08984,0.08993,4278985.0
2026-05-22 10:00:00+00:00,0.08993,0.08997,0.08967,0.0897,4401657.0
2026-05-22 11:00:00+00:00,0.0897,0.0908,0.0897,0.09076,9716025.0
2026-05-22 12:00:00+00:00,0.09076,0.09096,0.09053,0.09087,8801340.0
2026-05-22 13:00:00+00:00,0.09087,0.09093,0.08997,0.09033,12075855.0
2026-05-22 14:00:00+00:00,0.09033,0.09033,0.08905,0.0892,21188347.0
2026-05-22 15:00:00+00:00,0.0892,0.08959,0.08879,0.08927,11683048.0
2026-05-22 16:00:00+00:00,0.08927,0.08966,0.08907,0.08962,7509917.0
2026-05-22 17:00:00+00:00,0.08962,0.09004,0.08946,0.08946,8509400.0
2026-05-22 18:00:00+00:00,0.08946,0.08951,0.08805,0.08861,15580873.0
2026-05-22 19:00:00+00:00,0.08861,0.08872,0.08757,0.08834,22113249.0
2026-05-22 20:00:00+00:00,0.08834,0.08889,0.08834,0.08883,7162781.0
2026-05-22 21:00:00+00:00,0.08883,0.08909,0.08874,0.08888,3153924.0
2026-05-22 22:00:00+00:00,0.08888,0.08891,0.08848,0.08875,2145101.0
2026-05-22 23:00:00+00:00,0.08875,0.08892,0.08744,0.08781,19764736.0
2026-05-23 00:00:00+00:00,0.08781,0.08812,0.08757,0.08804,6910401.0
2026-05-23 01:00:00+00:00,0.08804,0.08827,0.08789,0.08824,1836226.0
2026-05-23 02:00:00+00:00,0.08824,0.08854,0.08817,0.08843,1511087.0
2026-05-23 03:00:00+00:00,0.08843,0.08869,0.08839,0.08839,1628652.0
2026-05-23 04:00:00+00:00,0.08839,0.08839,0.0879,0.0879,4013453.0
2026-05-23 05:00:00+00:00,0.0879,0.08798,0.08738,0.08774,4610733.0
2026-05-23 06:00:00+00:00,0.08774,0.08776,0.08728,0.08752,2749876.0
2026-05-23 07:00:00+00:00,0.08752,0.0876,0.08552,0.08603,29739304.0
2026-05-23 08:00:00+00:00,0.08603,0.08613,0.08532,0.08562,19525058.0
2026-05-23 09:00:00+00:00,0.08562,0.08594,0.08559,0.08587,6209288.0
2026-05-23 10:00:00+00:00,0.08587,0.08619,0.08586,0.08604,3177518.0
2026-05-23 11:00:00+00:00,0.08604,0.08613,0.08582,0.08587,1621391.0
2026-05-23 12:00:00+00:00,0.08587,0.08622,0.08577,0.08621,1675682.0
2026-05-23 13:00:00+00:00,0.08621,0.08715,0.08621,0.08691,9783300.0
2026-05-23 14:00:00+00:00,0.08691,0.08764,0.08671,0.08755,5693583.0
2026-05-23 15:00:00+00:00,0.08755,0.08784,0.08737,0.08764,7941173.0
2026-05-23 16:00:00+00:00,0.08764,0.08785,0.08747,0.08773,3294779.0
2026-05-23 17:00:00+00:00,0.08773,0.08794,0.08753,0.08769,3457280.0
2026-05-23 18:00:00+00:00,0.08769,0.08861,0.08768,0.08816,4167635.0
2026-05-23 19:00:00+00:00,0.08816,0.08848,0.08808,0.08844,2668565.0
2026-05-23 20:00:00+00:00,0.08844,0.09058,0.08838,0.09058,16035781.0
2026-05-23 21:00:00+00:00,0.09058,0.09106,0.08997,0.09042,18532671.0
2026-05-23 22:00:00+00:00,0.09042,0.09077,0.08981,0.09007,13532348.0
2026-05-23 23:00:00+00:00,0.09007,0.09015,0.08956,0.08964,7895629.0
2026-05-24 00:00:00+00:00,0.08964,0.08995,0.08961,0.08974,2221999.0
2026-05-24 01:00:00+00:00,0.08974,0.08988,0.0896,0.08967,1590421.0
2026-05-24 02:00:00+00:00,0.08967,0.0898,0.0894,0.0897,1976228.0
2026-05-24 03:00:00+00:00,0.0897,0.08993,0.08936,0.08953,1538834.0
2026-05-24 04:00:00+00:00,0.08953,0.08968,0.08933,0.08944,2161834.0
2026-05-24 05:00:00+00:00,0.08944,0.08968,0.08925,0.08962,2640649.0
2026-05-24 06:00:00+00:00,0.08962,0.08994,0.08944,0.08986,2539763.0
2026-05-24 07:00:00+00:00,0.08986,0.08991,0.08931,0.0894,1663017.0
2026-05-24 08:00:00+00:00,0.0894,0.08948,0.089,0.08935,4433367.0
2026-05-24 09:00:00+00:00,0.08935,0.08946,0.08921,0.08934,3199961.0
2026-05-24 10:00:00+00:00,0.08934,0.08971,0.08917,0.08925,3594621.0
2026-05-24 11:00:00+00:00,0.08925,0.08945,0.08912,0.08932,3167318.0
2026-05-24 12:00:00+00:00,0.08932,0.08936,0.08884,0.08919,2710470.0
2026-05-24 13:00:00+00:00,0.08919,0.08927,0.08867,0.08886,2267686.0
2026-05-24 14:00:00+00:00,0.08886,0.08892,0.08773,0.0887,14225483.0
2026-05-24 15:00:00+00:00,0.0887,0.08884,0.0886,0.08866,1157122.0
2026-05-24 16:00:00+00:00,0.08866,0.08899,0.08858,0.08886,5619743.0
2026-05-24 17:00:00+00:00,0.08886,0.08891,0.08847,0.0886,4136891.0
2026-05-24 18:00:00+00:00,0.0886,0.08864,0.08832,0.08843,4355486.0
2026-05-24 19:00:00+00:00,0.08843,0.08853,0.08832,0.0884,1378607.0
2026-05-24 20:00:00+00:00,0.0884,0.08846,0.08792,0.08799,3103121.0
2026-05-24 21:00:00+00:00,0.08799,0.08814,0.08715,0.08733,8146341.0
2026-05-24 22:00:00+00:00,0.08733,0.08824,0.08732,0.0879,3444743.0
2026-05-24 23:00:00+00:00,0.0879,0.08851,0.0879,0.08835,2048835.0
2026-05-25 00:00:00+00:00,0.08835,0.08857,0.08831,0.08834,1458743.0
2026-05-25 01:00:00+00:00,0.08834,0.08848,0.08795,0.08795,1183708.0
2026-05-25 02:00:00+00:00,0.08795,0.0885,0.08795,0.08817,788972.0
2026-05-25 03:00:00+00:00,0.08817,0.08856,0.08812,0.08854,2607410.0
2026-05-25 04:00:00+00:00,0.08854,0.08891,0.08829,0.08882,2944669.0
2026-05-25 05:00:00+00:00,0.08882,0.08923,0.08876,0.08905,4059969.0
2026-05-25 06:00:00+00:00,0.08905,0.08934,0.08886,0.08934,2888337.0
2026-05-25 07:00:00+00:00,0.08934,0.08969,0.08923,0.08941,3179330.0
2026-05-25 08:00:00+00:00,0.08941,0.08953,0.08921,0.08936,2649044.0
2026-05-25 09:00:00+00:00,0.08936,0.08954,0.08914,0.08947,3212096.0
2026-05-25 10:00:00+00:00,0.08947,0.08984,0.08941,0.08982,1653367.0
2026-05-25 11:00:00+00:00,0.08982,0.08983,0.08936,0.08941,1854522.0
2026-05-25 12:00:00+00:00,0.08941,0.08958,0.08925,0.08945,2644172.0
2026-05-25 13:00:00+00:00,0.08945,0.08962,0.08927,0.08933,1426882.0
2026-05-25 14:00:00+00:00,0.08933,0.08954,0.08908,0.08937,5680202.0
2026-05-25 15:00:00+00:00,0.08937,0.08972,0.08895,0.08912,3738878.0
2026-05-25 16:00:00+00:00,0.08912,0.08956,0.08899,0.0892,2228052.0
2026-05-25 17:00:00+00:00,0.0892,0.08927,0.08874,0.08892,3606499.0
2026-05-25 18:00:00+00:00,0.08892,0.08906,0.08878,0.08898,2406758.0
2026-05-25 19:00:00+00:00,0.08898,0.08906,0.08865,0.08884,1948857.0
2026-05-25 20:00:00+00:00,0.08884,0.08899,0.08839,0.08862,5323129.0
2026-05-25 21:00:00+00:00,0.08862,0.08869,0.08823,0.08843,2587296.0
2026-05-25 22:00:00+00:00,0.08843,0.08845,0.08792,0.08793,3904224.0
2026-05-25 23:00:00+00:00,0.08793,0.08838,0.08786,0.08806,3001601.0
2026-05-26 00:00:00+00:00,0.08806,0.0881,0.08693,0.08739,7164208.0
2026-05-26 01:00:00+00:00,0.08739,0.08739,0.08663,0.08685,6106971.0
2026-05-26 02:00:00+00:00,0.08685,0.0873,0.08666,0.08708,5893641.0
2026-05-26 03:00:00+00:00,0.08708,0.08726,0.08679,0.08718,984843.0
2026-05-26 04:00:00+00:00,0.08718,0.08764,0.08712,0.08757,2657599.0
2026-05-26 05:00:00+00:00,0.08757,0.088,0.08745,0.08771,3789203.0
2026-05-26 06:00:00+00:00,0.08771,0.08794,0.08745,0.08769,2876578.0
2026-05-26 07:00:00+00:00,0.08769,0.08774,0.08719,0.08737,3195066.0
2026-05-26 08:00:00+00:00,0.08737,0.08777,0.08732,0.08769,2168481.0
2026-05-26 09:00:00+00:00,0.08769,0.08791,0.08749,0.08775,12554555.0
2026-05-26 10:00:00+00:00,0.08775,0.08887,0.08751,0.08875,9551360.0
2026-05-26 11:00:00+00:00,0.08875,0.08881,0.08835,0.08837,4208974.0
2026-05-26 12:00:00+00:00,0.08837,0.08852,0.08802,0.08846,10522774.0
2026-05-26 13:00:00+00:00,0.08846,0.08863,0.088,0.08849,9864699.0
2026-05-26 14:00:00+00:00,0.08849,0.08925,0.08797,0.0882,19359075.0
2026-05-26 15:00:00+00:00,0.0882,0.08826,0.08705,0.08755,15861610.0
2026-05-26 16:00:00+00:00,0.08755,0.08755,0.0869,0.08726,6392499.0
2026-05-26 17:00:00+00:00,0.08726,0.08736,0.08638,0.08668,7304997.0
2026-05-26 18:00:00+00:00,0.08668,0.08716,0.08654,0.08668,3462311.0
2026-05-26 19:00:00+00:00,0.08668,0.08693,0.08625,0.08681,8880941.0
2026-05-26 20:00:00+00:00,0.08681,0.08692,0.08671,0.08684,2588678.0
2026-05-26 21:00:00+00:00,0.08684,0.08694,0.08643,0.08649,8242276.0
2026-05-26 22:00:00+00:00,0.08649,0.08668,0.08641,0.08649,2716597.0
2026-05-26 23:00:00+00:00,0.08649,0.08676,0.08648,0.08648,1830937.0
2026-05-27 00:00:00+00:00,0.08648,0.0869,0.08648,0.08688,1737585.0
2026-05-27 01:00:00+00:00,0.08688,0.08688,0.08632,0.08637,1379215.0
2026-05-27 02:00:00+00:00,0.08637,0.0865,0.08606,0.0865,1885604.0
2026-05-27 03:00:00+00:00,0.0865,0.08657,0.08616,0.08624,701694.0
2026-05-27 04:00:00+00:00,0.08624,0.08627,0.08555,0.0862,10186998.0
2026-05-27 05:00:00+00:00,0.0862,0.08624,0.08599,0.08613,2650919.0
2026-05-27 06:00:00+00:00,0.08613,0.08625,0.08597,0.08614,2079538.0
2026-05-27 07:00:00+00:00,0.08614,0.0862,0.08581,0.08612,4933058.0
2026-05-27 08:00:00+00:00,0.08612,0.08633,0.08585,0.08592,2089402.0
2026-05-27 09:00:00+00:00,0.08592,0.08599,0.08565,0.08578,3546821.0
2026-05-27 10:00:00+00:00,0.08578,0.08599,0.08568,0.08573,3137742.0
2026-05-27 11:00:00+00:00,0.08573,0.08597,0.08551,0.08563,4924683.0
2026-05-27 12:00:00+00:00,0.08563,0.08672,0.08553,0.08593,11818951.0
2026-05-27 13:00:00+00:00,0.08593,0.08604,0.08538,0.08588,13825140.0
2026-05-27 14:00:00+00:00,0.08588,0.08621,0.08527,0.08591,12567154.0
2026-05-27 15:00:00+00:00,0.08591,0.08653,0.08589,0.08623,4785368.0
2026-05-27 16:00:00+00:00,0.08623,0.08634,0.08554,0.08583,4839223.0
2026-05-27 17:00:00+00:00,0.08583,0.08589,0.0851,0.08532,10224725.0
2026-05-27 18:00:00+00:00,0.08532,0.08582,0.08522,0.08577,2862985.0
2026-05-27 19:00:00+00:00,0.08577,0.08602,0.08568,0.08599,2336986.0
2026-05-27 20:00:00+00:00,0.08599,0.08622,0.08589,0.08617,2298215.0
2026-05-27 21:00:00+00:00,0.08617,0.08638,0.08481,0.08542,14139651.0
2026-05-27 22:00:00+00:00,0.08542,0.08574,0.08519,0.08544,5535561.0
2026-05-27 23:00:00+00:00,0.08544,0.08574,0.0853,0.08563,4773769.0
2026-05-28 00:00:00+00:00,0.08563,0.0859,0.08556,0.08583,2352912.0
2026-05-28 01:00:00+00:00,0.08583,0.0859,0.08519,0.08533,3855581.0
2026-05-28 02:00:00+00:00,0.08533,0.08545,0.08511,0.08528,2034220.0
2026-05-28 03:00:00+00:00,0.08528,0.08539,0.0822,0.0828,40223950.0
2026-05-28 04:00:00+00:00,0.0828,0.08308,0.08173,0.08284,32997572.0
2026-05-28 05:00:00+00:00,0.08284,0.08286,0.08234,0.08266,4380656.0
2026-05-28 06:00:00+00:00,0.08266,0.0833,0.08242,0.08325,9288694.0
2026-05-28 07:00:00+00:00,0.08325,0.08377,0.08304,0.08367,7052980.0
2026-05-28 08:00:00+00:00,0.08367,0.08378,0.0833,0.08351,2625895.0
2026-05-28 09:00:00+00:00,0.08351,0.08382,0.08341,0.08373,1409954.0
2026-05-28 10:00:00+00:00,0.08373,0.08389,0.08313,0.08316,4703387.0
2026-05-28 11:00:00+00:00,0.08316,0.08337,0.08298,0.08331,1968233.0
2026-05-28 12:00:00+00:00,0.08331,0.08512,0.08325,0.0849,12179408.0
2026-05-28 13:00:00+00:00,0.0849,0.08958,0.08454,0.08836,96391845.0
2026-05-28 14:00:00+00:00,0.08836,0.08951,0.08631,0.08726,119756856.0
2026-05-28 15:00:00+00:00,0.08726,0.08885,0.08676,0.08879,41647790.0
2026-05-28 16:00:00+00:00,0.08879,0.09061,0.08755,0.08982,50597133.0
2026-05-28 17:00:00+00:00,0.08982,0.09134,0.08888,0.09105,41501460.0
2026-05-28 18:00:00+00:00,0.09105,0.0925,0.08937,0.08959,45535501.0
2026-05-28 19:00:00+00:00,0.08959,0.08984,0.0885,0.08865,18740677.0
2026-05-28 20:00:00+00:00,0.08865,0.09008,0.08794,0.08994,19101674.0
2026-05-28 21:00:00+00:00,0.08994,0.09152,0.08984,0.09138,11323878.0
2026-05-28 22:00:00+00:00,0.09138,0.09193,0.09029,0.09169,20187021.0
2026-05-28 23:00:00+00:00,0.09169,0.09217,0.09097,0.09098,19614591.0
2026-05-29 00:00:00+00:00,0.09098,0.09269,0.09031,0.09031,22577554.0
2026-05-29 01:00:00+00:00,0.09031,0.09066,0.08933,0.08964,14353635.0
2026-05-29 02:00:00+00:00,0.08964,0.09095,0.08942,0.09032,13151619.0
2026-05-29 03:00:00+00:00,0.09032,0.09224,0.09032,0.09155,21448523.0
2026-05-29 04:00:00+00:00,0.09155,0.09229,0.0895,0.09213,27661467.0
2026-05-29 05:00:00+00:00,0.09213,0.09405,0.0918,0.09386,31914463.0
2026-05-29 06:00:00+00:00,0.09386,0.09559,0.09195,0.09209,52567695.0
2026-05-29 07:00:00+00:00,0.09209,0.09289,0.09064,0.09187,28230100.0
2026-05-29 08:00:00+00:00,0.09187,0.09312,0.09174,0.09301,24252728.0
2026-05-29 09:00:00+00:00,0.09301,0.09325,0.09129,0.09272,24820556.0
2026-05-29 10:00:00+00:00,0.09272,0.09326,0.09143,0.09203,24051836.0
2026-05-29 11:00:00+00:00,0.09203,0.09216,0.08929,0.08951,48063254.0
2026-05-29 12:00:00+00:00,0.08951,0.09009,0.08882,0.08992,28282929.0
2026-05-29 13:00:00+00:00,0.08992,0.08992,0.08902,0.08935,24692709.0
2026-05-29 14:00:00+00:00,0.08935,0.08992,0.0884,0.08941,23642465.0
2026-05-29 15:00:00+00:00,0.08941,0.09259,0.08929,0.09235,41885171.0
2026-05-29 16:00:00+00:00,0.09235,0.0928,0.09132,0.09191,28862012.0
2026-05-29 17:00:00+00:00,0.09191,0.09242,0.0915,0.09192,13533397.0
2026-05-29 18:00:00+00:00,0.09192,0.09224,0.09068,0.09136,15459253.0
2026-05-29 19:00:00+00:00,0.09136,0.09304,0.09057,0.09283,21915934.0
2026-05-29 20:00:00+00:00,0.09283,0.09375,0.09228,0.09334,27773213.0
2026-05-29 21:00:00+00:00,0.09334,0.09481,0.09305,0.09308,22650669.0
2026-05-29 22:00:00+00:00,0.09308,0.09513,0.09262,0.09502,24102704.0
2026-05-29 23:00:00+00:00,0.09502,0.09977,0.09483,0.09911,61182484.0
2026-05-30 00:00:00+00:00,0.09911,0.10821,0.09911,0.10811,145194722.0
2026-05-30 01:00:00+00:00,0.10811,0.10984,0.10574,0.10669,100422580.0
2026-05-30 02:00:00+00:00,0.10669,0.10814,0.10182,0.10215,105808578.0
2026-05-30 03:00:00+00:00,0.10215,0.10323,0.10038,0.10078,83033021.0
2026-05-30 04:00:00+00:00,0.10078,0.10083,0.09712,0.09729,69361734.0
2026-05-30 05:00:00+00:00,0.09729,0.09855,0.09643,0.09729,61795368.0
2026-05-30 06:00:00+00:00,0.09729,0.09751,0.09607,0.09661,50111206.0
2026-05-30 07:00:00+00:00,0.09661,0.09691,0.09581,0.09678,28810191.0
2026-05-30 08:00:00+00:00,0.09678,0.09745,0.09608,0.0962,26893046.0
2026-05-30 09:00:00+00:00,0.0962,0.09833,0.09596,0.09784,32166529.0
2026-05-30 10:00:00+00:00,0.09784,0.09833,0.09706,0.09809,44066617.0
2026-05-30 11:00:00+00:00,0.09809,0.09936,0.09754,0.0986,21423763.0
2026-05-30 12:00:00+00:00,0.0986,0.10056,0.09859,0.10056,43363639.0
2026-05-30 13:00:00+00:00,0.10056,0.10173,0.09926,0.10103,39072013.0
2026-05-30 14:00:00+00:00,0.10103,0.1012,0.09822,0.09958,72376886.0
2026-05-30 15:00:00+00:00,0.09958,0.09983,0.09758,0.09772,25644822.0
2026-05-30 16:00:00+00:00,0.09772,0.09836,0.09711,0.09826,27190573.0
2026-05-30 17:00:00+00:00,0.09826,0.0985,0.09783,0.09811,19242733.0
2026-05-30 18:00:00+00:00,0.09811,0.0982,0.09752,0.09757,15825717.0
2026-05-30 19:00:00+00:00,0.09757,0.0979,0.09738,0.0976,9569060.0
2026-05-30 20:00:00+00:00,0.0976,0.09766,0.0964,0.09664,19588911.0
2026-05-30 21:00:00+00:00,0.09664,0.09709,0.09604,0.09639,15932060.0
2026-05-30 22:00:00+00:00,0.09639,0.09642,0.09454,0.09527,46275298.0
2026-05-30 23:00:00+00:00,0.09527,0.09588,0.09446,0.0951,16969929.0
2026-05-31 00:00:00+00:00,0.0951,0.09537,0.09366,0.09423,30316472.0
2026-05-31 01:00:00+00:00,0.09423,0.09548,0.09384,0.09534,20349192.0
2026-05-31 02:00:00+00:00,0.09534,0.09637,0.09464,0.09541,27497800.0
2026-05-31 03:00:00+00:00,0.09541,0.09581,0.09509,0.0953,8073756.0
2026-05-31 04:00:00+00:00,0.0953,0.09569,0.09508,0.09553,9563850.0
2026-05-31 05:00:00+00:00,0.09553,0.09641,0.09538,0.09595,21368285.0
2026-05-31 06:00:00+00:00,0.09595,0.09723,0.0954,0.09578,28590312.0
2026-05-31 07:00:00+00:00,0.09578,0.09694,0.09489,0.09694,26484992.0
2026-05-31 08:00:00+00:00,0.09694,0.09812,0.09585,0.09748,29919551.0
2026-05-31 09:00:00+00:00,0.09748,0.09798,0.09705,0.09747,19099429.0
2026-05-31 10:00:00+00:00,0.09747,0.09801,0.0961,0.09657,15230857.0
2026-05-31 11:00:00+00:00,0.09657,0.0993,0.09656,0.09881,30423026.0
2026-05-31 12:00:00+00:00,0.09881,0.09905,0.09727,0.09806,28291717.0
2026-05-31 13:00:00+00:00,0.09806,0.09936,0.09729,0.09734,21645524.0
2026-05-31 14:00:00+00:00,0.09734,0.09744,0.09504,0.09545,39900003.0
2026-05-31 15:00:00+00:00,0.09545,0.09614,0.09467,0.09474,11770808.0
2026-05-31 16:00:00+00:00,0.09474,0.09511,0.0942,0.09468,14653612.0
2026-05-31 17:00:00+00:00,0.09468,0.09531,0.09439,0.0951,10698464.0
2026-05-31 18:00:00+00:00,0.0951,0.09537,0.09486,0.09517,6086984.0
2026-05-31 19:00:00+00:00,0.09517,0.09544,0.09481,0.09544,3753554.0
2026-05-31 20:00:00+00:00,0.09544,0.09668,0.09544,0.09653,8693547.0
2026-05-31 21:00:00+00:00,0.09653,0.09674,0.09596,0.0964,6078510.0
2026-05-31 22:00:00+00:00,0.0964,0.09736,0.09613,0.09722,6874314.0
2026-05-31 23:00:00+00:00,0.09722,0.0976,0.09611,0.09654,12462583.0
2026-06-01 00:00:00+00:00,0.09654,0.09667,0.09553,0.09561,16372499.0
2026-06-01 01:00:00+00:00,0.09561,0.09564,0.09435,0.09439,23476033.0
2026-06-01 02:00:00+00:00,0.09439,0.09591,0.09427,0.09574,15419377.0
2026-06-01 03:00:00+00:00,0.09574,0.09795,0.09572,0.09637,37376882.0
2026-06-01 04:00:00+00:00,0.09637,0.0969,0.09482,0.09603,17600541.0
2026-06-01 05:00:00+00:00,0.09603,0.09603,0.09492,0.0954,10773570.0
2026-06-01 06:00:00+00:00,0.0954,0.09649,0.09524,0.09646,11476345.0
2026-06-01 07:00:00+00:00,0.09646,0.09648,0.0938,0.09384,16920488.0
2026-06-01 08:00:00+00:00,0.09384,0.09489,0.09368,0.09452,10922439.0
2026-06-01 09:00:00+00:00,0.09452,0.09523,0.09446,0.0947,5773983.0
2026-06-01 10:00:00+00:00,0.0947,0.0949,0.09417,0.09449,12180215.0
2026-06-01 11:00:00+00:00,0.09449,0.09507,0.09375,0.09422,9146558.0
2026-06-01 12:00:00+00:00,0.09422,0.09443,0.09355,0.09386,15814473.0
2026-06-01 13:00:00+00:00,0.09386,0.09408,0.09256,0.09303,26002791.0
2026-06-01 14:00:00+00:00,0.09303,0.09326,0.09207,0.09239,19665830.0
2026-06-01 15:00:00+00:00,0.09239,0.0932,0.09178,0.09218,22062984.0
2026-06-01 16:00:00+00:00,0.09218,0.09368,0.09191,0.09357,16542998.0
2026-06-01 17:00:00+00:00,0.09357,0.09363,0.09294,0.09341,16800885.0
2026-06-01 18:00:00+00:00,0.09341,0.09347,0.09287,0.09305,7128702.0
2026-06-01 19:00:00+00:00,0.09305,0.09347,0.09296,0.09319,6608262.0
2026-06-01 20:00:00+00:00,0.09319,0.09354,0.09268,0.0929,9051699.0
2026-06-01 21:00:00+00:00,0.0929,0.09322,0.09263,0.09284,6970408.0
2026-06-01 22:00:00+00:00,0.09284,0.09284,0.09145,0.09249,15834760.0
2026-06-01 23:00:00+00:00,0.09249,0.09258,0.09197,0.09228,3989826.0
2026-06-02 00:00:00+00:00,0.09228,0.09231,0.09132,0.09153,9021717.0
2026-06-02 01:00:00+00:00,0.09153,0.09191,0.09099,0.09125,11870124.0
2026-06-02 02:00:00+00:00,0.09125,0.092,0.09068,0.09197,9258530.0
2026-06-02 03:00:00+00:00,0.09197,0.09251,0.0917,0.09238,5762574.0
2026-06-02 04:00:00+00:00,0.09238,0.09278,0.09171,0.09171,7925942.0
2026-06-02 05:00:00+00:00,0.09171,0.09178,0.09044,0.09063,7178704.0
2026-06-02 06:00:00+00:00,0.09063,0.09087,0.09006,0.09071,11759032.0
2026-06-02 07:00:00+00:00,0.09071,0.09093,0.09009,0.09064,5649885.0
2026-06-02 08:00:00+00:00,0.09064,0.09076,0.09037,0.09059,2546932.0
2026-06-02 09:00:00+00:00,0.09059,0.09084,0.09018,0.0902,4486437.0
2026-06-02 10:00:00+00:00,0.0902,0.09067,0.08972,0.0903,13843163.0
2026-06-02 11:00:00+00:00,0.0903,0.0904,0.08978,0.08986,5613579.0
2026-06-02 12:00:00+00:00,0.08986,0.09034,0.08962,0.0901,7720890.0
2026-06-02 13:00:00+00:00,0.0901,0.09031,0.08969,0.08993,4640719.0
2026-06-02 14:00:00+00:00,0.08993,0.09018,0.08861,0.08939,28532851.0
2026-06-02 15:00:00+00:00,0.08939,0.08939,0.0875,0.08834,32734112.0
2026-06-02 16:00:00+00:00,0.08834,0.08932,0.08803,0.08807,11424814.0
2026-06-02 17:00:00+00:00,0.08807,0.08914,0.08801,0.08852,5792608.0
2026-06-02 18:00:00+00:00,0.08852,0.08869,0.08717,0.08751,9687494.0
2026-06-02 19:00:00+00:00,0.08751,0.08802,0.08631,0.08759,14803936.0
2026-06-02 20:00:00+00:00,0.08759,0.08808,0.08694,0.0878,6163563.0
2026-06-02 21:00:00+00:00,0.0878,0.08819,0.08726,0.0878,7408738.0
2026-06-02 22:00:00+00:00,0.0878,0.08791,0.08602,0.08618,13732634.0
2026-06-02 23:00:00+00:00,0.08618,0.08694,0.08578,0.08682,15031656.0
2026-06-03 00:00:00+00:00,0.08682,0.0876,0.08654,0.08706,13749099.0
2026-06-03 01:00:00+00:00,0.08706,0.08715,0.0863,0.08671,8057691.0
2026-06-03 02:00:00+00:00,0.08671,0.08683,0.0862,0.08626,4311881.0
2026-06-03 03:00:00+00:00,0.08626,0.08655,0.08504,0.0854,19037070.0
2026-06-03 04:00:00+00:00,0.0854,0.08662,0.08537,0.08641,12474099.0
2026-06-03 05:00:00+00:00,0.08641,0.08864,0.08641,0.08818,29428182.0
2026-06-03 06:00:00+00:00,0.08818,0.08912,0.08793,0.08838,10168618.0
2026-06-03 07:00:00+00:00,0.08838,0.08878,0.08808,0.08836,5573022.0
2026-06-03 08:00:00+00:00,0.08836,0.08841,0.08766,0.08775,12326275.0
2026-06-03 09:00:00+00:00,0.08775,0.08789,0.08707,0.0872,18245180.0
2026-06-03 10:00:00+00:00,0.0872,0.08778,0.08707,0.08746,4616948.0
2026-06-03 11:00:00+00:00,0.08746,0.08838,0.08744,0.08786,10572149.0
2026-06-03 12:00:00+00:00,0.08786,0.08788,0.08729,0.08754,5717318.0
2026-06-03 13:00:00+00:00,0.08754,0.08798,0.08703,0.08741,6069605.0
2026-06-03 14:00:00+00:00,0.08741,0.08751,0.08651,0.08716,10377282.0
2026-06-03 15:00:00+00:00,0.08716,0.08728,0.08616,0.08631,11303386.0
2026-06-03 16:00:00+00:00,0.08631,0.08638,0.08505,0.08587,19787720.0
2026-06-03 17:00:00+00:00,0.08587,0.08647,0.08521,0.08605,6686275.0
2026-06-03 18:00:00+00:00,0.08605,0.08655,0.08555,0.08652,6377715.0
2026-06-03 19:00:00+00:00,0.08652,0.08688,0.08533,0.08542,10633973.0
2026-06-03 20:00:00+00:00,0.08542,0.086,0.08455,0.08496,13114211.0
2026-06-03 21:00:00+00:00,0.08496,0.08655,0.08492,0.08652,7689215.0
2026-06-03 22:00:00+00:00,0.08652,0.08685,0.08577,0.08603,5238984.0
2026-06-03 23:00:00+00:00,0.08603,0.08604,0.08513,0.08517,3940127.0
2026-06-04 00:00:00+00:00,0.08517,0.0857,0.08444,0.08509,12036812.0
2026-06-04 01:00:00+00:00,0.08509,0.08529,0.08278,0.083,27447105.0
2026-06-04 02:00:00+00:00,0.083,0.08468,0.08139,0.08426,25123126.0
2026-06-04 03:00:00+00:00,0.08426,0.08612,0.08415,0.08568,9847936.0
2026-06-04 04:00:00+00:00,0.08568,0.08678,0.08565,0.08635,10925851.0
2026-06-04 05:00:00+00:00,0.08635,0.08655,0.08524,0.08583,8666677.0
2026-06-04 06:00:00+00:00,0.08583,0.08751,0.08561,0.08701,10163136.0
2026-06-04 07:00:00+00:00,0.08701,0.08709,0.0855,0.08567,12710813.0
2026-06-04 08:00:00+00:00,0.08567,0.08603,0.08483,0.08503,12209413.0
2026-06-04 09:00:00+00:00,0.08503,0.08503,0.08316,0.08412,15537058.0
2026-06-04 10:00:00+00:00,0.08412,0.08417,0.08283,0.08315,15721274.0
2026-06-04 11:00:00+00:00,0.08315,0.08368,0.0826,0.08358,9204676.0
2026-06-04 12:00:00+00:00,0.08358,0.08532,0.08304,0.08511,16933134.0
2026-06-04 13:00:00+00:00,0.08511,0.08584,0.0841,0.08573,10228872.0
2026-06-04 14:00:00+00:00,0.08573,0.08601,0.08518,0.08595,7143043.0
2026-06-04 15:00:00+00:00,0.08595,0.08765,0.08542,0.08568,13506296.0
2026-06-04 16:00:00+00:00,0.08568,0.0857,0.08453,0.08554,14802294.0
2026-06-04 17:00:00+00:00,0.08554,0.08584,0.08451,0.08513,13224209.0
2026-06-04 18:00:00+00:00,0.08513,0.0855,0.08431,0.08486,7422376.0
2026-06-04 19:00:00+00:00,0.08486,0.08526,0.08443,0.08474,7866536.0
2026-06-04 20:00:00+00:00,0.08474,0.08504,0.08433,0.08477,3761479.0
2026-06-04 21:00:00+00:00,0.08477,0.08537,0.08347,0.08347,15762335.0
2026-06-04 22:00:00+00:00,0.08347,0.08414,0.08323,0.08404,7582929.0
2026-06-04 23:00:00+00:00,0.08404,0.08431,0.08312,0.08376,3625747.0
2026-06-05 00:00:00+00:00,0.08376,0.0839,0.08321,0.08342,5790997.0
2026-06-05 01:00:00+00:00,0.08342,0.08384,0.08279,0.08343,5531508.0
2026-06-05 02:00:00+00:00,0.08343,0.08343,0.08201,0.08208,8600916.0
2026-06-05 03:00:00+00:00,0.08208,0.08253,0.08167,0.08173,5709426.0
2026-06-05 04:00:00+00:00,0.08173,0.08305,0.08118,0.08275,11110679.0
2026-06-05 05:00:00+00:00,0.08275,0.08289,0.08109,0.08112,6840399.0
2026-06-05 06:00:00+00:00,0.08112,0.08148,0.07891,0.08126,23239281.0
2026-06-05 07:00:00+00:00,0.08126,0.08201,0.08051,0.08195,13479805.0
2026-06-05 08:00:00+00:00,0.08195,0.08199,0.08084,0.0813,7306161.0
2026-06-05 09:00:00+00:00,0.0813,0.08239,0.08126,0.08224,12075970.0
2026-06-05 10:00:00+00:00,0.08224,0.08257,0.08148,0.08205,26781407.0
2026-06-05 11:00:00+00:00,0.08205,0.08205,0.08004,0.08063,26862398.0
2026-06-05 12:00:00+00:00,0.08063,0.08148,0.08019,0.08102,14171473.0
2026-06-05 13:00:00+00:00,0.08102,0.08281,0.08063,0.0807,56714267.0
2026-06-05 14:00:00+00:00,0.0807,0.08125,0.07956,0.07975,37160951.0
2026-06-05 15:00:00+00:00,0.07975,0.08003,0.07875,0.07973,25828191.0
2026-06-05 16:00:00+00:00,0.07973,0.08061,0.07825,0.08043,36291123.0
2026-06-05 17:00:00+00:00,0.08043,0.08101,0.07977,0.08061,9913552.0
2026-06-05 18:00:00+00:00,0.08061,0.08079,0.07808,0.07819,14726175.0
2026-06-05 19:00:00+00:00,0.07819,0.07972,0.07733,0.07927,17565999.0
2026-06-05 20:00:00+00:00,0.07927,0.08086,0.07861,0.0808,9336795.0
2026-06-05 21:00:00+00:00,0.0808,0.08167,0.08073,0.08095,7054735.0
2026-06-05 22:00:00+00:00,0.08095,0.08121,0.08019,0.08086,7086498.0
2026-06-05 23:00:00+00:00,0.08086,0.08122,0.07937,0.08026,7639511.0
2026-06-06 00:00:00+00:00,0.08026,0.08122,0.08017,0.08113,7244186.0
2026-06-06 01:00:00+00:00,0.08113,0.08119,0.08003,0.08022,5638992.0
2026-06-06 02:00:00+00:00,0.08022,0.08031,0.07958,0.07962,3416007.0
2026-06-06 03:00:00+00:00,0.07962,0.07975,0.0785,0.07861,5787396.0
2026-06-06 04:00:00+00:00,0.07861,0.0789,0.07648,0.07706,16802949.0
2026-06-06 05:00:00+00:00,0.07706,0.07894,0.07656,0.0787,12225140.0
2026-06-06 06:00:00+00:00,0.0787,0.07951,0.07856,0.07867,5744480.0
2026-06-06 07:00:00+00:00,0.07867,0.07954,0.07828,0.07943,5638930.0
2026-06-06 08:00:00+00:00,0.07943,0.07986,0.07893,0.07982,15575477.0
2026-06-06 09:00:00+00:00,0.07982,0.08002,0.07892,0.07913,5973803.0
2026-06-06 10:00:00+00:00,0.07913,0.07913,0.07754,0.07826,11358923.0
2026-06-06 11:00:00+00:00,0.07826,0.07883,0.07811,0.07856,4914145.0
2026-06-06 12:00:00+00:00,0.07856,0.0793,0.07827,0.07903,5558350.0
2026-06-06 13:00:00+00:00,0.07903,0.07921,0.07847,0.07859,3037916.0
2026-06-06 14:00:00+00:00,0.07859,0.07946,0.0785,0.07905,4951014.0
2026-06-06 15:00:00+00:00,0.07905,0.07926,0.07804,0.07918,6169881.0
2026-06-06 16:00:00+00:00,0.07918,0.07972,0.07887,0.07939,7162231.0
2026-06-06 17:00:00+00:00,0.07939,0.07944,0.0779,0.07816,5855655.0
2026-06-06 18:00:00+00:00,0.07816,0.07889,0.07809,0.0788,4260330.0
2026-06-06 19:00:00+00:00,0.0788,0.07912,0.07852,0.07865,2460990.0
2026-06-06 20:00:00+00:00,0.07865,0.07912,0.07836,0.07905,4895396.0
2026-06-06 21:00:00+00:00,0.07905,0.07966,0.07889,0.07917,6931694.0
2026-06-06 22:00:00+00:00,0.07917,0.07975,0.07904,0.07949,4110407.0
2026-06-06 23:00:00+00:00,0.07949,0.07985,0.07924,0.07965,5188924.0
2026-06-07 00:00:00+00:00,0.07965,0.07992,0.07943,0.07947,4647333.0
2026-06-07 01:00:00+00:00,0.07947,0.08139,0.07932,0.08094,8555566.0
2026-06-07 02:00:00+00:00,0.08094,0.08146,0.08075,0.08131,4345718.0
2026-06-07 03:00:00+00:00,0.08131,0.08148,0.08098,0.08133,1910982.0
2026-06-07 04:00:00+00:00,0.08133,0.08176,0.08081,0.08162,2797401.0
2026-06-07 05:00:00+00:00,0.08162,0.08189,0.08136,0.0815,4046725.0
2026-06-07 06:00:00+00:00,0.0815,0.08197,0.0812,0.08166,5285457.0
2026-06-07 07:00:00+00:00,0.08166,0.08192,0.08136,0.08188,5003878.0
2026-06-07 08:00:00+00:00,0.08188,0.08238,0.0813,0.08231,4783571.0
2026-06-07 09:00:00+00:00,0.08231,0.08251,0.08173,0.08187,6753214.0
2026-06-07 10:00:00+00:00,0.08187,0.08187,0.08119,0.08128,5272052.0
2026-06-07 11:00:00+00:00,0.08128,0.08177,0.08125,0.08154,2614065.0
2026-06-07 12:00:00+00:00,0.08154,0.08155,0.08036,0.0808,6605475.0
2026-06-07 13:00:00+00:00,0.0808,0.08083,0.08054,0.08068,1979993.0
2026-06-07 14:00:00+00:00,0.08068,0.08149,0.08064,0.08132,4135788.0
2026-06-07 15:00:00+00:00,0.08132,0.08133,0.08089,0.08124,2380173.0
2026-06-07 16:00:00+00:00,0.08124,0.08148,0.08097,0.08113,1874764.0
2026-06-07 17:00:00+00:00,0.08113,0.08144,0.08108,0.08143,1688010.0
2026-06-07 18:00:00+00:00,0.08143,0.08165,0.081,0.08101,1576382.0
2026-06-07 19:00:00+00:00,0.08101,0.08101,0.07967,0.08002,7381533.0
2026-06-07 20:00:00+00:00,0.08002,0.08062,0.07982,0.0805,2682261.0
2026-06-07 21:00:00+00:00,0.0805,0.08067,0.08009,0.08043,2922091.0
2026-06-07 22:00:00+00:00,0.08043,0.0828,0.08036,0.08157,16989533.0
2026-06-07 23:00:00+00:00,0.08157,0.08203,0.0815,0.08188,3954663.0
2026-06-08 00:00:00+00:00,0.08188,0.08252,0.08154,0.08221,5191654.0
2026-06-08 01:00:00+00:00,0.08221,0.08223,0.08127,0.08179,6247467.0
2026-06-08 02:00:00+00:00,0.08179,0.08216,0.08173,0.08214,3929156.0
2026-06-08 03:00:00+00:00,0.08214,0.08245,0.08191,0.0821,3804623.0
2026-06-08 04:00:00+00:00,0.0821,0.08216,0.08121,0.08123,6901076.0
2026-06-08 05:00:00+00:00,0.08123,0.08143,0.08069,0.08108,5084720.0
2026-06-08 06:00:00+00:00,0.08108,0.0817,0.08107,0.08151,3603766.0
2026-06-08 07:00:00+00:00,0.08151,0.0819,0.08125,0.08171,5758033.0
2026-06-08 08:00:00+00:00,0.08171,0.08175,0.08098,0.08132,3648235.0
2026-06-08 09:00:00+00:00,0.08132,0.08182,0.08129,0.08172,3804260.0
2026-06-08 10:00:00+00:00,0.08172,0.08203,0.08144,0.0815,3307182.0
2026-06-08 11:00:00+00:00,0.0815,0.0825,0.08143,0.08213,4925958.0
2026-06-08 12:00:00+00:00,0.08213,0.08233,0.08146,0.08218,6919141.0
2026-06-08 13:00:00+00:00,0.08218,0.08234,0.08171,0.08208,5341846.0
2026-06-08 14:00:00+00:00,0.08208,0.08256,0.08192,0.08256,5199493.0
2026-06-08 15:00:00+00:00,0.08256,0.0832,0.082,0.0821,6151833.0
2026-06-08 16:00:00+00:00,0.0821,0.08246,0.08193,0.08198,3972825.0
2026-06-08 17:00:00+00:00,0.08198,0.08207,0.08146,0.08199,6423637.0
2026-06-08 18:00:00+00:00,0.08199,0.08211,0.08157,0.08166,3421662.0
2026-06-08 19:00:00+00:00,0.08166,0.08199,0.08153,0.08163,5868714.0
2026-06-08 20:00:00+00:00,0.08163,0.08175,0.08116,0.08175,8803361.0
2026-06-08 21:00:00+00:00,0.08175,0.08216,0.08172,0.08182,3711710.0
2026-06-08 22:00:00+00:00,0.08182,0.08187,0.08139,0.08177,3791841.0
2026-06-08 23:00:00+00:00,0.08177,0.08199,0.08122,0.08126,1843762.0
2026-06-09 00:00:00+00:00,0.08126,0.08137,0.08001,0.08014,18778458.0
2026-06-09 01:00:00+00:00,0.08014,0.0806,0.07997,0.08037,4964015.0
2026-06-09 02:00:00+00:00,0.08037,0.08052,0.07987,0.08037,3259531.0
2026-06-09 03:00:00+00:00,0.08037,0.08046,0.07975,0.08029,3447955.0
2026-06-09 04:00:00+00:00,0.08029,0.0814,0.08018,0.08116,6151206.0
2026-06-09 05:00:00+00:00,0.08116,0.0816,0.08101,0.0812,8309579.0
2026-06-09 06:00:00+00:00,0.0812,0.0814,0.0809,0.08106,5031415.0
2026-06-09 07:00:00+00:00,0.08106,0.08123,0.08072,0.08087,3912448.0
2026-06-09 08:00:00+00:00,0.08087,0.08094,0.08047,0.08048,2918836.0
2026-06-09 09:00:00+00:00,0.08048,0.08074,0.08005,0.08023,5144535.0
2026-06-09 10:00:00+00:00,0.08023,0.08045,0.08011,0.08035,8674913.0
2026-06-09 11:00:00+00:00,0.08035,0.08042,0.08001,0.08036,1865888.0
2026-06-09 12:00:00+00:00,0.08036,0.08071,0.08018,0.08053,2341290.0
2026-06-09 13:00:00+00:00,0.08053,0.08078,0.08017,0.08046,3114789.0
2026-06-09 14:00:00+00:00,0.08046,0.08072,0.07918,0.07968,15950535.0
2026-06-09 15:00:00+00:00,0.07968,0.07997,0.07905,0.07911,7227711.0
2026-06-09 16:00:00+00:00,0.07911,0.0795,0.07857,0.07917,13893444.0
2026-06-09 17:00:00+00:00,0.07917,0.08003,0.07913,0.07958,6895537.0
2026-06-09 18:00:00+00:00,0.07958,0.0801,0.07949,0.07976,3065001.0
2026-06-09 19:00:00+00:00,0.07976,0.08028,0.07966,0.08014,4688176.0
2026-06-09 20:00:00+00:00,0.08014,0.08042,0.07995,0.08017,3923227.0
2026-06-09 21:00:00+00:00,0.08017,0.08022,0.07956,0.07959,4762516.0
2026-06-09 22:00:00+00:00,0.07959,0.07981,0.07936,0.07939,1989315.0
2026-06-09 23:00:00+00:00,0.07939,0.07953,0.07921,0.07941,5318471.0
2026-06-10 00:00:00+00:00,0.07941,0.07959,0.07864,0.0795,5830189.0
2026-06-10 01:00:00+00:00,0.0795,0.07952,0.079,0.0791,1836574.0
2026-06-10 02:00:00+00:00,0.0791,0.07918,0.07826,0.07842,3663783.0
2026-06-10 03:00:00+00:00,0.07842,0.07879,0.07834,0.07861,1873574.0
2026-06-10 04:00:00+00:00,0.07861,0.07867,0.07828,0.07834,1601875.0
2026-06-10 05:00:00+00:00,0.07834,0.07844,0.07811,0.07828,995414.0
2026-06-10 06:00:00+00:00,0.07828,0.0786,0.07816,0.07845,2030587.0
2026-06-10 07:00:00+00:00,0.07845,0.07893,0.07844,0.07858,2221444.0
2026-06-10 08:00:00+00:00,0.07858,0.07861,0.078,0.07814,3830057.0
2026-06-10 09:00:00+00:00,0.07814,0.07845,0.07773,0.07829,2834537.0
2026-06-10 10:00:00+00:00,0.07829,0.07839,0.07784,0.07834,2712713.0
2026-06-10 11:00:00+00:00,0.07834,0.07839,0.07735,0.07776,11172974.0
2026-06-10 12:00:00+00:00,0.07776,0.07882,0.07755,0.0784,9080145.0
2026-06-10 13:00:00+00:00,0.0784,0.07932,0.07829,0.07886,5123681.0
2026-06-10 14:00:00+00:00,0.07886,0.07912,0.07858,0.07912,5695488.0
2026-06-10 15:00:00+00:00,0.07912,0.07965,0.07877,0.07937,14443273.0
2026-06-10 16:00:00+00:00,0.07937,0.0795,0.07818,0.07844,8202623.0
2026-06-10 17:00:00+00:00,0.07844,0.07864,0.07779,0.07827,7324934.0
2026-06-10 18:00:00+00:00,0.07827,0.07831,0.07787,0.07815,2573201.0
2026-06-10 19:00:00+00:00,0.07815,0.07823,0.0775,0.07776,5709373.0
2026-06-10 20:00:00+00:00,0.07776,0.07798,0.07741,0.07766,3013252.0
2026-06-10 21:00:00+00:00,0.07766,0.07768,0.07689,0.07704,6749224.0
2026-06-10 22:00:00+00:00,0.07704,0.07776,0.07687,0.07743,5600485.0
2026-06-10 23:00:00+00:00,0.07743,0.07782,0.07716,0.07761,3936482.0
2026-06-11 00:00:00+00:00,0.07761,0.07828,0.0776,0.07811,1948282.0
2026-06-11 01:00:00+00:00,0.07811,0.07876,0.07811,0.07865,2237259.0
2026-06-11 02:00:00+00:00,0.07865,0.07873,0.0781,0.07837,3114803.0
2026-06-11 03:00:00+00:00,0.07837,0.0793,0.07821,0.07912,4383510.0
2026-06-11 04:00:00+00:00,0.07912,0.07933,0.07896,0.07913,1467501.0
2026-06-11 05:00:00+00:00,0.07913,0.07915,0.07884,0.07884,1486094.0
2026-06-11 06:00:00+00:00,0.07884,0.0791,0.07865,0.07883,1776611.0
2026-06-11 07:00:00+00:00,0.07883,0.07921,0.07871,0.07878,1879242.0
2026-06-11 08:00:00+00:00,0.07878,0.07924,0.07875,0.07892,4181749.0
2026-06-11 09:00:00+00:00,0.07892,0.07897,0.07859,0.07875,2171629.0
2026-06-11 10:00:00+00:00,0.07875,0.07883,0.07857,0.0788,2368385.0
2026-06-11 11:00:00+00:00,0.0788,0.07915,0.07864,0.07887,4006931.0
2026-06-11 12:00:00+00:00,0.07887,0.07887,0.07806,0.07845,8586306.0
2026-06-11 13:00:00+00:00,0.07845,0.07883,0.07813,0.0785,3966579.0
2026-06-11 14:00:00+00:00,0.0785,0.07858,0.07779,0.07786,5271045.0
2026-06-11 15:00:00+00:00,0.07786,0.07786,0.07707,0.07732,11183950.0
2026-06-11 16:00:00+00:00,0.07732,0.07772,0.07712,0.07714,5269360.0
2026-06-11 17:00:00+00:00,0.07714,0.07922,0.07681,0.07903,16272910.0
2026-06-11 18:00:00+00:00,0.07903,0.07959,0.07872,0.07928,14553111.0
2026-06-11 19:00:00+00:00,0.07928,0.07977,0.07912,0.07939,8416602.0
2026-06-11 20:00:00+00:00,0.07939,0.07971,0.07888,0.07905,5247435.0
2026-06-11 21:00:00+00:00,0.07905,0.07976,0.07903,0.07952,4773812.0
2026-06-11 22:00:00+00:00,0.07952,0.08014,0.07942,0.07983,4809038.0
2026-06-11 23:00:00+00:00,0.07983,0.07983,0.07912,0.07918,5339121.0
2026-06-12 00:00:00+00:00,0.07918,0.07965,0.07911,0.07932,2858245.0
2026-06-12 01:00:00+00:00,0.07932,0.07959,0.07915,0.07958,2146137.0
2026-06-12 02:00:00+00:00,0.07958,0.08011,0.07958,0.07993,4544505.0
2026-06-12 03:00:00+00:00,0.07993,0.08027,0.07981,0.08026,3523204.0
2026-06-12 04:00:00+00:00,0.08026,0.08045,0.07993,0.08016,2673890.0
2026-06-12 05:00:00+00:00,0.08016,0.08023,0.07962,0.07968,2302406.0
2026-06-12 06:00:00+00:00,0.07968,0.07985,0.07853,0.07885,8487406.0
2026-06-12 07:00:00+00:00,0.07885,0.07903,0.0785,0.07862,3231868.0
2026-06-12 08:00:00+00:00,0.07862,0.07943,0.07859,0.0793,3853545.0
2026-06-12 09:00:00+00:00,0.0793,0.07991,0.079,0.07959,7146502.0
2026-06-12 10:00:00+00:00,0.07959,0.07995,0.07954,0.07958,3464633.0
2026-06-12 11:00:00+00:00,0.07958,0.07987,0.07942,0.07945,2025328.0
2026-06-12 12:00:00+00:00,0.07945,0.07964,0.07884,0.0789,5860971.0
2026-06-12 13:00:00+00:00,0.0789,0.07904,0.07808,0.07847,12636189.0
2026-06-12 14:00:00+00:00,0.07847,0.07954,0.07839,0.07947,7812450.0
2026-06-12 15:00:00+00:00,0.07947,0.0799,0.07787,0.07799,14235146.0
2026-06-12 16:00:00+00:00,0.07799,0.07831,0.07755,0.07784,10586621.0
2026-06-12 17:00:00+00:00,0.07784,0.07811,0.07744,0.07796,7972554.0
2026-06-12 18:00:00+00:00,0.07796,0.07807,0.07751,0.0778,4457832.0
2026-06-12 19:00:00+00:00,0.0778,0.07839,0.07776,0.0779,8023436.0
2026-06-12 20:00:00+00:00,0.0779,0.07808,0.07781,0.07794,2393405.0
2026-06-12 21:00:00+00:00,0.07794,0.07825,0.07769,0.07788,6188831.0
2026-06-12 22:00:00+00:00,0.07788,0.07804,0.07772,0.07777,4520943.0
2026-06-12 23:00:00+00:00,0.07777,0.07784,0.07757,0.07779,5320752.0
2026-06-13 00:00:00+00:00,0.07779,0.07795,0.07763,0.07792,2359604.0
2026-06-13 01:00:00+00:00,0.07792,0.07833,0.07771,0.07818,6599202.0
2026-06-13 02:00:00+00:00,0.07818,0.07823,0.07765,0.07778,1442936.0
2026-06-13 03:00:00+00:00,0.07778,0.07784,0.07753,0.07773,1136353.0
2026-06-13 04:00:00+00:00,0.07773,0.07775,0.07721,0.07738,9951251.0
2026-06-13 05:00:00+00:00,0.07738,0.07742,0.07688,0.07706,6241078.0
2026-06-13 06:00:00+00:00,0.07706,0.07769,0.07662,0.07764,8290870.0
2026-06-13 07:00:00+00:00,0.07764,0.0781,0.07751,0.07794,4096423.0
2026-06-13 08:00:00+00:00,0.07794,0.07819,0.07781,0.07809,2589189.0
2026-06-13 09:00:00+00:00,0.07809,0.07818,0.07795,0.07813,2180840.0
2026-06-13 10:00:00+00:00,0.07813,0.07824,0.07794,0.07807,4376006.0
2026-06-13 11:00:00+00:00,0.07807,0.07855,0.07803,0.07852,5455015.0
2026-06-13 12:00:00+00:00,0.07852,0.07873,0.07838,0.0787,5107451.0
2026-06-13 13:00:00+00:00,0.0787,0.07889,0.07825,0.07834,4721331.0
2026-06-13 14:00:00+00:00,0.07834,0.07844,0.07804,0.07836,6914906.0
2026-06-13 15:00:00+00:00,0.07836,0.07859,0.07823,0.07853,3542526.0
2026-06-13 16:00:00+00:00,0.07853,0.07867,0.07806,0.07825,7163428.0
2026-06-13 17:00:00+00:00,0.07825,0.07837,0.07792,0.07804,3551596.0
2026-06-13 18:00:00+00:00,0.07804,0.07812,0.07773,0.07786,3286646.0
2026-06-13 19:00:00+00:00,0.07786,0.07804,0.07774,0.07785,5485019.0
2026-06-13 20:00:00+00:00,0.07785,0.0781,0.07779,0.07801,5067692.0
2026-06-13 21:00:00+00:00,0.07801,0.07893,0.07794,0.07866,6779518.0
2026-06-13 22:00:00+00:00,0.07866,0.07879,0.07828,0.07829,3118497.0
2026-06-13 23:00:00+00:00,0.07829,0.07839,0.07819,0.07824,1628844.0
2026-06-14 00:00:00+00:00,0.07824,0.07852,0.07817,0.07834,1451949.0
2026-06-14 01:00:00+00:00,0.07834,0.07904,0.07833,0.07862,2272883.0
2026-06-14 02:00:00+00:00,0.07862,0.07881,0.07827,0.07837,5831453.0
2026-06-14 03:00:00+00:00,0.07837,0.07841,0.07821,0.07822,2023820.0
2026-06-14 04:00:00+00:00,0.07822,0.07891,0.07819,0.07886,7646725.0
2026-06-14 05:00:00+00:00,0.07886,0.07898,0.07853,0.07863,5669424.0
2026-06-14 06:00:00+00:00,0.07863,0.07903,0.0785,0.07857,2061778.0
2026-06-14 07:00:00+00:00,0.07857,0.07916,0.07853,0.07909,2297879.0
2026-06-14 08:00:00+00:00,0.07909,0.07939,0.07893,0.07915,2213842.0
2026-06-14 09:00:00+00:00,0.07915,0.0792,0.07872,0.07907,3320148.0
2026-06-14 10:00:00+00:00,0.07907,0.07952,0.07878,0.07879,9441842.0
2026-06-14 11:00:00+00:00,0.07879,0.07891,0.07841,0.07849,5793161.0
2026-06-14 12:00:00+00:00,0.07849,0.07872,0.07837,0.07838,2529278.0
2026-06-14 13:00:00+00:00,0.07838,0.07859,0.07804,0.07819,4220930.0
2026-06-14 14:00:00+00:00,0.07819,0.07822,0.07725,0.07757,14802596.0
2026-06-14 15:00:00+00:00,0.07757,0.07773,0.07742,0.07742,2173967.0
2026-06-14 16:00:00+00:00,0.07742,0.07769,0.07716,0.07741,5195853.0
2026-06-14 17:00:00+00:00,0.07741,0.07749,0.07686,0.07697,11900633.0
2026-06-14 18:00:00+00:00,0.07697,0.07709,0.07676,0.07691,4762198.0
2026-06-14 19:00:00+00:00,0.07691,0.07764,0.07689,0.07738,4886792.0
2026-06-14 20:00:00+00:00,0.07738,0.07778,0.07724,0.07749,1991190.0
2026-06-14 21:00:00+00:00,0.07749,0.07993,0.07747,0.07969,16577653.0
2026-06-14 22:00:00+00:00,0.07969,0.08032,0.07937,0.08007,12471911.0
2026-06-14 23:00:00+00:00,0.08007,0.08117,0.07988,0.08114,11313873.0
2026-06-15 00:00:00+00:00,0.08114,0.08165,0.08087,0.0816,15446914.0
2026-06-15 01:00:00+00:00,0.0816,0.082,0.08123,0.08128,15493688.0
2026-06-15 02:00:00+00:00,0.08128,0.08219,0.08114,0.08151,6645872.0
2026-06-15 03:00:00+00:00,0.08151,0.08172,0.08062,0.08114,9456048.0
2026-06-15 04:00:00+00:00,0.08114,0.08121,0.08083,0.08103,7443443.0
2026-06-15 05:00:00+00:00,0.08103,0.08168,0.08088,0.08158,3133182.0
2026-06-15 06:00:00+00:00,0.08158,0.08214,0.08154,0.08191,3344486.0
2026-06-15 07:00:00+00:00,0.08191,0.082,0.08131,0.0814,3342886.0
2026-06-15 08:00:00+00:00,0.0814,0.08173,0.08134,0.08162,5299541.0
2026-06-15 09:00:00+00:00,0.08162,0.0817,0.08093,0.08119,6201857.0
2026-06-15 10:00:00+00:00,0.08119,0.08195,0.08115,0.08182,5420058.0
2026-06-15 11:00:00+00:00,0.08182,0.0823,0.08159,0.08191,13407157.0
2026-06-15 12:00:00+00:00,0.08191,0.08291,0.08177,0.08275,10866964.0
2026-06-15 13:00:00+00:00,0.08275,0.08351,0.08264,0.08299,24390506.0
2026-06-15 14:00:00+00:00,0.08299,0.08342,0.08271,0.08319,12709330.0
2026-06-15 15:00:00+00:00,0.08319,0.08393,0.08247,0.08374,16515087.0
2026-06-15 16:00:00+00:00,0.08374,0.08458,0.08317,0.08322,18229610.0
2026-06-15 17:00:00+00:00,0.08322,0.0836,0.08283,0.08333,7278238.0
2026-06-15 18:00:00+00:00,0.08333,0.08359,0.08306,0.08306,7501863.0
2026-06-15 19:00:00+00:00,0.08306,0.08348,0.08231,0.0828,8951301.0
2026-06-15 20:00:00+00:00,0.0828,0.08321,0.0826,0.08273,4087951.0
2026-06-15 21:00:00+00:00,0.08273,0.08302,0.08243,0.08288,4638567.0
2026-06-15 22:00:00+00:00,0.08288,0.08303,0.08192,0.08218,7710667.0
2026-06-15 23:00:00+00:00,0.08218,0.08257,0.082,0.08251,2826967.0
2026-06-16 00:00:00+00:00,0.08251,0.08328,0.08237,0.08285,3150180.0
2026-06-16 01:00:00+00:00,0.08285,0.08328,0.08274,0.08276,3054813.0
2026-06-16 02:00:00+00:00,0.08276,0.08276,0.08162,0.08182,9104370.0
2026-06-16 03:00:00+00:00,0.08182,0.08278,0.08167,0.08275,5320173.0
2026-06-16 04:00:00+00:00,0.08275,0.08285,0.08173,0.08178,6060086.0
2026-06-16 05:00:00+00:00,0.08178,0.08205,0.0816,0.08195,6208252.0
2026-06-16 06:00:00+00:00,0.08195,0.08239,0.08186,0.08238,3159025.0
2026-06-16 07:00:00+00:00,0.08238,0.0831,0.08228,0.08309,4010671.0
2026-06-16 08:00:00+00:00,0.08309,0.08415,0.08294,0.0839,10139308.0
2026-06-16 09:00:00+00:00,0.0839,0.084,0.08306,0.08364,13689462.0
2026-06-16 10:00:00+00:00,0.08364,0.08478,0.08351,0.08431,5949335.0
2026-06-16 11:00:00+00:00,0.08431,0.08439,0.08348,0.08375,4307766.0
2026-06-16 12:00:00+00:00,0.08375,0.08384,0.08289,0.08314,6424889.0
2026-06-16 13:00:00+00:00,0.08314,0.08324,0.08146,0.08148,10756959.0
2026-06-16 14:00:00+00:00,0.08148,0.08167,0.08029,0.08076,14340861.0
2026-06-16 15:00:00+00:00,0.08076,0.08125,0.08065,0.08089,4607797.0
2026-06-16 16:00:00+00:00,0.08089,0.08139,0.08085,0.0813,3050615.0
2026-06-16 17:00:00+00:00,0.0813,0.08191,0.08092,0.08147,10230796.0
2026-06-16 18:00:00+00:00,0.08147,0.08187,0.0809,0.08099,10313905.0
2026-06-16 19:00:00+00:00,0.08099,0.08136,0.08039,0.08098,9700276.0
2026-06-16 20:00:00+00:00,0.08098,0.08155,0.08076,0.08148,3510444.0
2026-06-16 21:00:00+00:00,0.08148,0.08169,0.08112,0.08127,6887573.0
2026-06-16 22:00:00+00:00,0.08127,0.08127,0.08082,0.08105,7433710.0
2026-06-16 23:00:00+00:00,0.08105,0.0811,0.08053,0.08064,4286029.0
2026-06-17 00:00:00+00:00,0.08064,0.08083,0.08032,0.08057,2696353.0
2026-06-17 01:00:00+00:00,0.08057,0.08139,0.08039,0.08122,6129006.0
2026-06-17 02:00:00+00:00,0.08122,0.0817,0.08099,0.08139,3332424.0
2026-06-17 03:00:00+00:00,0.08139,0.08139,0.08087,0.08111,2650139.0
2026-06-17 04:00:00+00:00,0.08111,0.08148,0.08107,0.08107,2855710.0
2026-06-17 05:00:00+00:00,0.08107,0.08125,0.08087,0.08095,2982655.0
2026-06-17 06:00:00+00:00,0.08095,0.08149,0.08072,0.08078,7987317.0
2026-06-17 07:00:00+00:00,0.08078,0.0811,0.08056,0.08095,2112974.0
2026-06-17 08:00:00+00:00,0.08095,0.08099,0.0796,0.07989,14219005.0
2026-06-17 09:00:00+00:00,0.07989,0.08022,0.07984,0.08011,3764124.0
2026-06-17 10:00:00+00:00,0.08011,0.08062,0.07955,0.07974,12369396.0
2026-06-17 11:00:00+00:00,0.07974,0.0803,0.07961,0.08001,6234258.0
2026-06-17 12:00:00+00:00,0.08001,0.0808,0.07975,0.0808,6564943.0
2026-06-17 13:00:00+00:00,0.0808,0.08109,0.08051,0.08086,5862263.0
2026-06-17 14:00:00+00:00,0.08086,0.08118,0.08021,0.0805,4419900.0
2026-06-17 15:00:00+00:00,0.0805,0.08229,0.08049,0.08208,9066547.0
2026-06-17 16:00:00+00:00,0.08208,0.08235,0.08139,0.08142,5822633.0
2026-06-17 17:00:00+00:00,0.08142,0.08144,0.08096,0.08137,5549889.0
2026-06-17 18:00:00+00:00,0.08137,0.08159,0.07995,0.08156,13094048.0
2026-06-17 19:00:00+00:00,0.08156,0.08176,0.07934,0.07975,13291661.0
2026-06-17 20:00:00+00:00,0.07975,0.08033,0.07963,0.08024,3697818.0
2026-06-17 21:00:00+00:00,0.08024,0.08054,0.07995,0.08021,4275911.0
2026-06-17 22:00:00+00:00,0.08021,0.08197,0.07933,0.08081,12287802.0
2026-06-17 23:00:00+00:00,0.08081,0.08126,0.08072,0.08121,4071923.0
2026-06-18 00:00:00+00:00,0.08121,0.08137,0.08051,0.08068,3485841.0
2026-06-18 01:00:00+00:00,0.08068,0.08179,0.08061,0.08164,5130538.0
2026-06-18 02:00:00+00:00,0.08164,0.08212,0.08153,0.08196,5049511.0
2026-06-18 03:00:00+00:00,0.08196,0.08196,0.08059,0.0806,4013441.0
2026-06-18 04:00:00+00:00,0.0806,0.08077,0.07966,0.07974,6856232.0
2026-06-18 05:00:00+00:00,0.07974,0.07992,0.07918,0.07974,10669597.0
2026-06-18 06:00:00+00:00,0.07974,0.08013,0.07955,0.08008,11085280.0
2026-06-18 07:00:00+00:00,0.08008,0.08048,0.07983,0.08027,5827713.0
2026-06-18 08:00:00+00:00,0.08027,0.0809,0.08013,0.0807,3739087.0
2026-06-18 09:00:00+00:00,0.0807,0.08089,0.08011,0.08075,7158544.0
2026-06-18 10:00:00+00:00,0.08075,0.08082,0.08021,0.0804,2342156.0
2026-06-18 11:00:00+00:00,0.0804,0.08064,0.07993,0.08059,4407224.0
2026-06-18 12:00:00+00:00,0.08059,0.08112,0.08018,0.0811,5081904.0
2026-06-18 13:00:00+00:00,0.0811,0.08155,0.07985,0.08028,11179242.0
2026-06-18 14:00:00+00:00,0.08028,0.08084,0.07988,0.08051,5494415.0
2026-06-18 15:00:00+00:00,0.08051,0.08052,0.07856,0.07897,16653138.0
2026-06-18 16:00:00+00:00,0.07897,0.07962,0.07886,0.07933,7032510.0
2026-06-18 17:00:00+00:00,0.07933,0.07996,0.07904,0.07939,5733488.0
2026-06-18 18:00:00+00:00,0.07939,0.08003,0.07925,0.07981,4707377.0
2026-06-18 19:00:00+00:00,0.07981,0.08033,0.0797,0.08014,3372394.0
2026-06-18 20:00:00+00:00,0.08014,0.0809,0.0801,0.08036,9044224.0
2026-06-18 21:00:00+00:00,0.08036,0.08044,0.07997,0.08018,2483077.0
2026-06-18 22:00:00+00:00,0.08018,0.08039,0.07989,0.08035,3775349.0
2026-06-18 23:00:00+00:00,0.08035,0.08037,0.07994,0.0802,1995274.0
2026-06-19 00:00:00+00:00,0.0802,0.08063,0.08007,0.08058,2598581.0
2026-06-19 01:00:00+00:00,0.08058,0.08082,0.08046,0.08059,1829030.0
2026-06-19 02:00:00+00:00,0.08059,0.08068,0.08027,0.08064,2606408.0
2026-06-19 03:00:00+00:00,0.08064,0.08066,0.07945,0.07973,6692237.0
2026-06-19 04:00:00+00:00,0.07973,0.07976,0.07872,0.07879,5050419.0
2026-06-19 05:00:00+00:00,0.07879,0.07947,0.07879,0.07946,2318167.0
2026-06-19 06:00:00+00:00,0.07946,0.07958,0.07902,0.07923,1988978.0
2026-06-19 07:00:00+00:00,0.07923,0.07923,0.07865,0.07897,4974014.0
2026-06-19 08:00:00+00:00,0.07897,0.07914,0.07883,0.07897,1755567.0
2026-06-19 09:00:00+00:00,0.07897,0.07937,0.07877,0.07936,1690364.0
2026-06-19 10:00:00+00:00,0.07936,0.0794,0.07882,0.07905,2250456.0
2026-06-19 11:00:00+00:00,0.07905,0.0792,0.07878,0.07911,1459373.0
2026-06-19 12:00:00+00:00,0.07911,0.07945,0.07879,0.07945,2125157.0
2026-06-19 13:00:00+00:00,0.07945,0.08027,0.07921,0.08014,5532930.0
2026-06-19 14:00:00+00:00,0.08014,0.08032,0.07979,0.07983,5081018.0
2026-06-19 15:00:00+00:00,0.07983,0.08137,0.07974,0.08134,8178142.0
2026-06-19 16:00:00+00:00,0.08134,0.08136,0.08024,0.08026,5902592.0
2026-06-19 17:00:00+00:00,0.08026,0.081,0.08026,0.08057,6089970.0
2026-06-19 18:00:00+00:00,0.08057,0.08075,0.08008,0.0803,4545695.0
2026-06-19 19:00:00+00:00,0.0803,0.08042,0.07996,0.0801,3420115.0
2026-06-19 20:00:00+00:00,0.0801,0.08054,0.07992,0.08052,1284700.0
2026-06-19 21:00:00+00:00,0.08052,0.0807,0.08012,0.0802,3722943.0
2026-06-19 22:00:00+00:00,0.0802,0.08039,0.08,0.08028,1513407.0
2026-06-19 23:00:00+00:00,0.08028,0.08065,0.08016,0.08045,2053146.0
2026-06-20 00:00:00+00:00,0.08045,0.08081,0.08018,0.08019,3755054.0
2026-06-20 01:00:00+00:00,0.08019,0.08032,0.07993,0.08015,2134688.0
2026-06-20 02:00:00+00:00,0.08015,0.08016,0.0795,0.0795,2641368.0
2026-06-20 03:00:00+00:00,0.0795,0.07996,0.07936,0.07968,2976898.0
2026-06-20 04:00:00+00:00,0.07968,0.08006,0.07959,0.07992,2993417.0
2026-06-20 05:00:00+00:00,0.07992,0.08084,0.0799,0.08025,5043301.0
2026-06-20 06:00:00+00:00,0.08025,0.08043,0.08017,0.08038,1168655.0
2026-06-20 07:00:00+00:00,0.08038,0.08044,0.08008,0.08015,1996343.0
2026-06-20 08:00:00+00:00,0.08015,0.08028,0.07988,0.07997,2256749.0
2026-06-20 09:00:00+00:00,0.07997,0.08042,0.07997,0.08029,1219091.0
2026-06-20 10:00:00+00:00,0.08029,0.08069,0.08022,0.08035,3487693.0
2026-06-20 11:00:00+00:00,0.08035,0.08037,0.08002,0.08002,1557981.0
2026-06-20 12:00:00+00:00,0.08002,0.08028,0.07988,0.07991,2805120.0
2026-06-20 13:00:00+00:00,0.07991,0.08,0.07961,0.07975,1642033.0
2026-06-20 14:00:00+00:00,0.07975,0.08052,0.07919,0.08011,17160394.0
2026-06-20 15:00:00+00:00,0.08011,0.08049,0.07991,0.08033,4610366.0
2026-06-20 16:00:00+00:00,0.08033,0.08069,0.08015,0.08061,4535018.0
2026-06-20 17:00:00+00:00,0.08061,0.08061,0.07978,0.0801,7823931.0
2026-06-20 18:00:00+00:00,0.0801,0.08028,0.0799,0.07995,1995723.0
2026-06-20 19:00:00+00:00,0.07995,0.08016,0.07992,0.0801,6239661.0
2026-06-20 20:00:00+00:00,0.0801,0.0802,0.07996,0.08013,2477387.0
2026-06-20 21:00:00+00:00,0.08013,0.08048,0.08005,0.08017,4426130.0
2026-06-20 22:00:00+00:00,0.08017,0.08058,0.08006,0.08055,3738126.0
2026-06-20 23:00:00+00:00,0.08055,0.08069,0.08049,0.08063,1564597.0
2026-06-21 00:00:00+00:00,0.08063,0.0808,0.08042,0.08054,3249745.0
2026-06-21 01:00:00+00:00,0.08054,0.08061,0.08041,0.08043,567823.0
2026-06-21 02:00:00+00:00,0.08043,0.0805,0.08008,0.0802,1615705.0
2026-06-21 03:00:00+00:00,0.0802,0.0805,0.0801,0.08045,1069357.0
2026-06-21 04:00:00+00:00,0.08045,0.08053,0.07997,0.07999,1104097.0
2026-06-21 05:00:00+00:00,0.07999,0.08009,0.07981,0.08004,2072672.0
2026-06-21 06:00:00+00:00,0.08004,0.08013,0.07988,0.08005,1358684.0
2026-06-21 07:00:00+00:00,0.08005,0.08021,0.07994,0.08006,1966608.0
2026-06-21 08:00:00+00:00,0.08006,0.08036,0.07966,0.07984,7190947.0
2026-06-21 09:00:00+00:00,0.07984,0.07994,0.07971,0.07988,1393606.0
2026-06-21 10:00:00+00:00,0.07988,0.08012,0.07984,0.07999,2182254.0
2026-06-21 11:00:00+00:00,0.07999,0.08008,0.0797,0.07978,4591251.0
2026-06-21 12:00:00+00:00,0.07978,0.08001,0.07962,0.07998,1895723.0
2026-06-21 13:00:00+00:00,0.07998,0.08012,0.07984,0.08005,1208579.0
2026-06-21 14:00:00+00:00,0.08005,0.08015,0.07981,0.08005,1311803.0
2026-06-21 15:00:00+00:00,0.08005,0.08037,0.07997,0.08019,4177354.0
2026-06-21 16:00:00+00:00,0.08019,0.08024,0.07957,0.07983,2420331.0
2026-06-21 17:00:00+00:00,0.07983,0.07993,0.07953,0.07972,2212328.0
2026-06-21 18:00:00+00:00,0.07972,0.07987,0.07946,0.07977,1493613.0
2026-06-21 19:00:00+00:00,0.07977,0.07994,0.07976,0.07988,823529.0
2026-06-21 20:00:00+00:00,0.07988,0.07988,0.07945,0.07951,1100447.0
2026-06-21 21:00:00+00:00,0.07951,0.07951,0.07861,0.07893,9884623.0
2026-06-21 22:00:00+00:00,0.07893,0.07909,0.07852,0.07878,4606351.0
2026-06-21 23:00:00+00:00,0.07878,0.07878,0.07777,0.07802,11490562.0
2026-06-22 00:00:00+00:00,0.07802,0.07869,0.07794,0.07864,5409194.0
2026-06-22 01:00:00+00:00,0.07864,0.07955,0.07847,0.07932,13135149.0
2026-06-22 02:00:00+00:00,0.07932,0.07942,0.07892,0.07892,2830829.0
2026-06-22 03:00:00+00:00,0.07892,0.07916,0.07857,0.07867,6140450.0
2026-06-22 04:00:00+00:00,0.07867,0.07913,0.07856,0.07912,2224993.0
2026-06-22 05:00:00+00:00,0.07912,0.07938,0.07911,0.07934,1626754.0
2026-06-22 06:00:00+00:00,0.07934,0.07942,0.07917,0.07925,1687606.0
2026-06-22 07:00:00+00:00,0.07925,0.07957,0.07925,0.07943,2318646.0
2026-06-22 08:00:00+00:00,0.07943,0.07948,0.07912,0.07922,1635250.0
2026-06-22 09:00:00+00:00,0.07922,0.07929,0.07887,0.07889,1420703.0
2026-06-22 10:00:00+00:00,0.07889,0.0792,0.07887,0.07901,1393776.0
2026-06-22 11:00:00+00:00,0.07901,0.08067,0.07894,0.08019,12081320.0
2026-06-22 12:00:00+00:00,0.08019,0.08048,0.08003,0.08046,9035926.0
2026-06-22 13:00:00+00:00,0.08046,0.08057,0.07994,0.08049,7531571.0
2026-06-22 14:00:00+00:00,0.08049,0.08055,0.07936,0.07969,9790996.0
2026-06-22 15:00:00+00:00,0.07969,0.08,0.07926,0.07932,6664027.0
2026-06-22 16:00:00+00:00,0.07932,0.07963,0.07902,0.07954,5251078.0
2026-06-22 17:00:00+00:00,0.07954,0.07971,0.07908,0.07956,3769189.0
2026-06-22 18:00:00+00:00,0.07956,0.07987,0.07896,0.07904,8375390.0
2026-06-22 19:00:00+00:00,0.07904,0.07918,0.07891,0.07909,2355377.0
2026-06-22 20:00:00+00:00,0.07909,0.07935,0.07891,0.07909,1829704.0
2026-06-22 21:00:00+00:00,0.07909,0.07921,0.07885,0.07904,1980270.0
2026-06-22 22:00:00+00:00,0.07904,0.07919,0.07851,0.07875,3440443.0
2026-06-22 23:00:00+00:00,0.07875,0.07878,0.07845,0.07869,1542681.0
2026-06-23 00:00:00+00:00,0.07869,0.07887,0.07843,0.07877,1783094.0
2026-06-23 01:00:00+00:00,0.07877,0.07894,0.07824,0.07866,2669771.0
2026-06-23 02:00:00+00:00,0.07866,0.07883,0.07849,0.07877,1696961.0
2026-06-23 03:00:00+00:00,0.07877,0.07905,0.07852,0.07903,2128780.0
2026-06-23 04:00:00+00:00,0.07903,0.07904,0.07857,0.07871,1048987.0
2026-06-23 05:00:00+00:00,0.07871,0.07884,0.0783,0.0784,2438499.0
2026-06-23 06:00:00+00:00,0.0784,0.07844,0.07711,0.07763,14604411.0
2026-06-23 07:00:00+00:00,0.07763,0.07792,0.07758,0.07774,2129885.0
2026-06-23 08:00:00+00:00,0.07774,0.07777,0.07653,0.07721,14793714.0
2026-06-23 09:00:00+00:00,0.07721,0.07737,0.07712,0.0772,3490176.0
2026-06-23 10:00:00+00:00,0.0772,0.07738,0.07713,0.07737,2198916.0
2026-06-23 11:00:00+00:00,0.07737,0.07781,0.07712,0.07762,3747937.0
2026-06-23 12:00:00+00:00,0.07762,0.07778,0.07738,0.07752,5025895.0
2026-06-23 13:00:00+00:00,0.07752,0.07782,0.07714,0.07775,5995393.0
2026-06-23 14:00:00+00:00,0.07775,0.07813,0.07766,0.07767,3244472.0
2026-06-23 15:00:00+00:00,0.07767,0.07771,0.07724,0.07766,2302440.0
2026-06-23 16:00:00+00:00,0.07766,0.07803,0.07749,0.07774,2063561.0
2026-06-23 17:00:00+00:00,0.07774,0.07789,0.07702,0.0772,5088163.0
2026-06-23 18:00:00+00:00,0.0772,0.07738,0.07697,0.07717,2975635.0
2026-06-23 19:00:00+00:00,0.07717,0.07752,0.07705,0.07718,5657371.0
2026-06-23 20:00:00+00:00,0.07718,0.07766,0.07716,0.07759,4455929.0
2026-06-23 21:00:00+00:00,0.07759,0.07791,0.07759,0.07763,3330716.0
2026-06-23 22:00:00+00:00,0.07763,0.07794,0.07749,0.07755,2408065.0
2026-06-23 23:00:00+00:00,0.07755,0.07761,0.07728,0.0775,1847577.0
2026-06-24 00:00:00+00:00,0.0775,0.07801,0.07746,0.07796,2224249.0
2026-06-24 01:00:00+00:00,0.07796,0.0782,0.07772,0.0779,1241893.0
2026-06-24 02:00:00+00:00,0.0779,0.07793,0.07749,0.07757,1755370.0
2026-06-24 03:00:00+00:00,0.07757,0.07764,0.0771,0.07725,2922863.0
2026-06-24 04:00:00+00:00,0.07725,0.07727,0.07668,0.07725,5909485.0
2026-06-24 05:00:00+00:00,0.07725,0.07768,0.07717,0.07751,1836575.0
2026-06-24 06:00:00+00:00,0.07751,0.07765,0.07743,0.07763,1727108.0
2026-06-24 07:00:00+00:00,0.07763,0.07767,0.0772,0.07731,2909246.0
2026-06-24 08:00:00+00:00,0.07731,0.07735,0.07708,0.07721,2444232.0
2026-06-24 09:00:00+00:00,0.07721,0.07722,0.07675,0.07688,5221530.0
2026-06-24 10:00:00+00:00,0.07688,0.07688,0.07655,0.07662,7050487.0
2026-06-24 11:00:00+00:00,0.07662,0.07725,0.07595,0.07688,15658173.0
2026-06-24 12:00:00+00:00,0.07688,0.07693,0.07623,0.0763,4614433.0
2026-06-24 13:00:00+00:00,0.0763,0.07638,0.07502,0.07511,18360904.0
2026-06-24 14:00:00+00:00,0.07511,0.07529,0.0745,0.07519,37506779.0
2026-06-24 15:00:00+00:00,0.07519,0.07529,0.07386,0.07399,16269016.0
2026-06-24 16:00:00+00:00,0.07399,0.07473,0.0731,0.07346,19994287.0
2026-06-24 17:00:00+00:00,0.07346,0.07385,0.07308,0.07367,9594233.0
2026-06-24 18:00:00+00:00,0.07367,0.07462,0.07315,0.07393,8217415.0
2026-06-24 19:00:00+00:00,0.07393,0.07441,0.07377,0.07439,4255687.0
2026-06-24 20:00:00+00:00,0.07439,0.07583,0.07432,0.07549,11268534.0
2026-06-24 21:00:00+00:00,0.07549,0.0757,0.07523,0.07569,2687997.0
2026-06-24 22:00:00+00:00,0.07569,0.07728,0.07552,0.07555,27162785.0
2026-06-24 23:00:00+00:00,0.07555,0.07563,0.07542,0.0756,3614634.0
2026-06-25 00:00:00+00:00,0.0756,0.07585,0.07521,0.0753,5499894.0
2026-06-25 01:00:00+00:00,0.0753,0.0754,0.07498,0.07503,4578504.0
2026-06-25 02:00:00+00:00,0.07503,0.07516,0.07472,0.07473,1979656.0
2026-06-25 03:00:00+00:00,0.07473,0.07478,0.07434,0.07437,2914721.0
2026-06-25 04:00:00+00:00,0.07437,0.07485,0.0741,0.07476,4768964.0
2026-06-25 05:00:00+00:00,0.07476,0.07524,0.07462,0.07462,5924834.0
2026-06-25 06:00:00+00:00,0.07462,0.07487,0.07458,0.07475,5221117.0
2026-06-25 07:00:00+00:00,0.07475,0.07475,0.07402,0.07426,7343078.0
2026-06-25 08:00:00+00:00,0.07426,0.07427,0.07373,0.07383,3934692.0
2026-06-25 09:00:00+00:00,0.07383,0.07403,0.07358,0.07381,3927165.0
2026-06-25 10:00:00+00:00,0.07381,0.07387,0.0733,0.0733,5482904.0
2026-06-25 11:00:00+00:00,0.0733,0.07349,0.07306,0.07338,6403194.0
2026-06-25 12:00:00+00:00,0.07338,0.07387,0.07289,0.0737,9522219.0
2026-06-25 13:00:00+00:00,0.0737,0.07419,0.07061,0.0708,31412310.0
2026-06-25 14:00:00+00:00,0.0708,0.07339,0.0708,0.07248,16092465.0
2026-06-25 15:00:00+00:00,0.07248,0.07318,0.07206,0.07308,5842504.0
2026-06-25 16:00:00+00:00,0.07308,0.07354,0.07199,0.07205,7374799.0
2026-06-25 17:00:00+00:00,0.07205,0.07377,0.07201,0.07374,7040457.0
2026-06-25 18:00:00+00:00,0.07374,0.07384,0.07267,0.07292,5703134.0
2026-06-25 19:00:00+00:00,0.07292,0.07294,0.07226,0.07283,4765901.0
2026-06-25 20:00:00+00:00,0.07283,0.07325,0.07273,0.0731,3900755.0
2026-06-25 21:00:00+00:00,0.0731,0.07384,0.0731,0.07381,2711965.0
2026-06-25 22:00:00+00:00,0.07381,0.07395,0.07332,0.07339,2963885.0
2026-06-25 23:00:00+00:00,0.07339,0.07372,0.07324,0.0734,8046133.0
2026-06-26 00:00:00+00:00,0.0734,0.07368,0.07322,0.07331,3834048.0
2026-06-26 01:00:00+00:00,0.07331,0.07335,0.07269,0.07275,5711907.0
2026-06-26 02:00:00+00:00,0.07275,0.07281,0.07147,0.07155,9628535.0
2026-06-26 03:00:00+00:00,0.07155,0.07276,0.07122,0.0726,7413024.0
2026-06-26 04:00:00+00:00,0.0726,0.07273,0.07242,0.07258,3152076.0
2026-06-26 05:00:00+00:00,0.07258,0.07291,0.07247,0.07269,1020953.0
2026-06-26 06:00:00+00:00,0.07269,0.07345,0.07264,0.0733,5294327.0
2026-06-26 07:00:00+00:00,0.0733,0.07417,0.0733,0.07417,4248649.0
2026-06-26 08:00:00+00:00,0.07417,0.07417,0.07329,0.07332,3358460.0
2026-06-26 09:00:00+00:00,0.07332,0.07364,0.07297,0.07303,4711527.0
2026-06-26 10:00:00+00:00,0.07303,0.07312,0.07273,0.07279,1981777.0
2026-06-26 11:00:00+00:00,0.07279,0.073,0.07251,0.07272,1750931.0
2026-06-26 12:00:00+00:00,0.07272,0.07326,0.07201,0.07222,6908876.0
2026-06-26 13:00:00+00:00,0.07222,0.07347,0.07169,0.07345,12495720.0
2026-06-26 14:00:00+00:00,0.07345,0.07366,0.07254,0.07269,9111174.0
2026-06-26 15:00:00+00:00,0.07269,0.07356,0.07259,0.07314,8523904.0
2026-06-26 16:00:00+00:00,0.07314,0.07359,0.07285,0.07334,6734833.0
2026-06-26 17:00:00+00:00,0.07334,0.07387,0.07307,0.0731,4917921.0
2026-06-26 18:00:00+00:00,0.0731,0.07311,0.07186,0.07192,5947654.0
2026-06-26 19:00:00+00:00,0.07192,0.07253,0.07159,0.07178,6806593.0
2026-06-26 20:00:00+00:00,0.07178,0.07221,0.07136,0.07142,11586841.0
2026-06-26 21:00:00+00:00,0.07142,0.07172,0.07061,0.07105,18532038.0
2026-06-26 22:00:00+00:00,0.07105,0.07128,0.07078,0.071,5210742.0
2026-06-26 23:00:00+00:00,0.071,0.07129,0.07068,0.07087,4558147.0
2026-06-27 00:00:00+00:00,0.07087,0.07159,0.07087,0.07144,6751316.0
2026-06-27 01:00:00+00:00,0.07144,0.07236,0.07128,0.07236,3372557.0
2026-06-27 02:00:00+00:00,0.07236,0.07249,0.07207,0.0724,3331389.0
2026-06-27 03:00:00+00:00,0.0724,0.07246,0.07211,0.07238,2091689.0
2026-06-27 04:00:00+00:00,0.07238,0.07283,0.07228,0.07236,5048067.0
2026-06-27 05:00:00+00:00,0.07236,0.07243,0.07202,0.0724,5929443.0
2026-06-27 06:00:00+00:00,0.0724,0.07268,0.07205,0.07252,3992594.0
2026-06-27 07:00:00+00:00,0.07252,0.07283,0.07214,0.07245,3606124.0
2026-06-27 08:00:00+00:00,0.07245,0.07248,0.07203,0.07215,2127036.0
2026-06-27 09:00:00+00:00,0.07215,0.07236,0.07196,0.07216,8968923.0
2026-06-27 10:00:00+00:00,0.07216,0.07247,0.07207,0.07242,1442035.0
2026-06-27 11:00:00+00:00,0.07242,0.07272,0.07215,0.07271,2263490.0
2026-06-27 12:00:00+00:00,0.07271,0.0728,0.07251,0.07277,3026874.0
2026-06-27 13:00:00+00:00,0.07277,0.07335,0.07267,0.07299,3219938.0
2026-06-27 14:00:00+00:00,0.07299,0.07324,0.07283,0.07284,2407218.0
2026-06-27 15:00:00+00:00,0.07284,0.07343,0.07284,0.07322,3404481.0
2026-06-27 16:00:00+00:00,0.07322,0.07336,0.07272,0.07273,3162956.0
2026-06-27 17:00:00+00:00,0.07273,0.07279,0.07217,0.07255,4325966.0
2026-06-27 18:00:00+00:00,0.07255,0.07262,0.07228,0.07252,2171442.0
2026-06-27 19:00:00+00:00,0.07252,0.07253,0.07183,0.0721,3970608.0
2026-06-27 20:00:00+00:00,0.0721,0.07234,0.07207,0.07234,1221879.0
2026-06-27 21:00:00+00:00,0.07234,0.07249,0.0718,0.07186,5800364.0
2026-06-27 22:00:00+00:00,0.07186,0.07224,0.07153,0.07209,5205853.0
2026-06-27 23:00:00+00:00,0.07209,0.07212,0.07174,0.07188,2271527.0
2026-06-28 00:00:00+00:00,0.07188,0.07189,0.07145,0.07145,6787941.0
2026-06-28 01:00:00+00:00,0.07145,0.0716,0.0713,0.07151,4813744.0
2026-06-28 02:00:00+00:00,0.07151,0.07162,0.0713,0.0714,1626229.0
2026-06-28 03:00:00+00:00,0.0714,0.07161,0.07139,0.07161,801154.0
2026-06-28 04:00:00+00:00,0.07161,0.07191,0.07156,0.07164,2288779.0
2026-06-28 05:00:00+00:00,0.07164,0.07175,0.07135,0.07149,2105943.0
2026-06-28 06:00:00+00:00,0.07149,0.07158,0.07106,0.07118,4533139.0
2026-06-28 07:00:00+00:00,0.07118,0.07144,0.07115,0.07128,2945430.0
2026-06-28 08:00:00+00:00,0.07128,0.07168,0.07117,0.07142,2128575.0
2026-06-28 09:00:00+00:00,0.07142,0.07146,0.07096,0.07119,2816422.0
2026-06-28 10:00:00+00:00,0.07119,0.07139,0.07108,0.07119,1545986.0
2026-06-28 11:00:00+00:00,0.07119,0.07152,0.07119,0.07151,2010244.0
2026-06-28 12:00:00+00:00,0.07151,0.07181,0.07129,0.07134,1708892.0
2026-06-28 13:00:00+00:00,0.07134,0.07134,0.07105,0.07116,2631688.0
2026-06-28 14:00:00+00:00,0.07116,0.07149,0.07106,0.07121,1739441.0
2026-06-28 15:00:00+00:00,0.07121,0.07139,0.07108,0.07117,2564009.0
2026-06-28 16:00:00+00:00,0.07117,0.07121,0.07046,0.0706,11590704.0
2026-06-28 17:00:00+00:00,0.0706,0.07083,0.07035,0.07082,5656153.0
2026-06-28 18:00:00+00:00,0.07082,0.07107,0.07072,0.07101,3849828.0
2026-06-28 19:00:00+00:00,0.07101,0.07108,0.07063,0.07087,2114952.0
2026-06-28 20:00:00+00:00,0.07087,0.07129,0.07082,0.07104,1733819.0
2026-06-28 21:00:00+00:00,0.07104,0.07113,0.07045,0.0705,3314270.0
2026-06-28 22:00:00+00:00,0.0705,0.0713,0.07012,0.07049,7434295.0
2026-06-28 23:00:00+00:00,0.07049,0.07114,0.07036,0.07097,1929036.0
2026-06-29 00:00:00+00:00,0.07097,0.07163,0.07078,0.07161,4239882.0
2026-06-29 01:00:00+00:00,0.07161,0.07161,0.07101,0.07147,2496023.0
2026-06-29 02:00:00+00:00,0.07147,0.07172,0.07083,0.07162,3167618.0
2026-06-29 03:00:00+00:00,0.07162,0.07207,0.07157,0.0718,3065281.0
2026-06-29 04:00:00+00:00,0.0718,0.07182,0.07096,0.07103,2842366.0
2026-06-29 05:00:00+00:00,0.07103,0.07134,0.07053,0.07134,2694701.0
2026-06-29 06:00:00+00:00,0.07134,0.07177,0.07132,0.07167,1923563.0
2026-06-29 07:00:00+00:00,0.07167,0.07177,0.07143,0.0716,1476078.0
2026-06-29 08:00:00+00:00,0.0716,0.07173,0.07122,0.07128,1674051.0
2026-06-29 09:00:00+00:00,0.07128,0.07141,0.07117,0.0714,2533477.0
2026-06-29 10:00:00+00:00,0.0714,0.07158,0.07084,0.07094,6150493.0
2026-06-29 11:00:00+00:00,0.07094,0.07133,0.07069,0.07093,6381474.0
2026-06-29 12:00:00+00:00,0.07093,0.07188,0.07057,0.07116,9695267.0
2026-06-29 13:00:00+00:00,0.07116,0.0716,0.07088,0.0716,6295633.0
2026-06-29 14:00:00+00:00,0.0716,0.07162,0.0709,0.07153,6924608.0
2026-06-29 15:00:00+00:00,0.07153,0.07159,0.07085,0.07119,7118485.0
2026-06-29 16:00:00+00:00,0.07119,0.07121,0.0707,0.07104,8454677.0
2026-06-29 17:00:00+00:00,0.07104,0.07238,0.07103,0.07182,7581485.0
2026-06-29 18:00:00+00:00,0.07182,0.07212,0.07168,0.07177,2366438.0
2026-06-29 19:00:00+00:00,0.07177,0.07212,0.07145,0.07194,3643769.0
2026-06-29 20:00:00+00:00,0.07194,0.07219,0.07163,0.07168,4343409.0
2026-06-29 21:00:00+00:00,0.07168,0.07198,0.07159,0.07189,2720516.0
2026-06-29 22:00:00+00:00,0.07189,0.07205,0.0718,0.07181,1437371.0
2026-06-29 23:00:00+00:00,0.07181,0.07196,0.07144,0.07164,2516822.0
2026-06-30 00:00:00+00:00,0.07164,0.07176,0.07116,0.07119,3235666.0
2026-06-30 01:00:00+00:00,0.07119,0.0714,0.07093,0.07116,2100495.0
2026-06-30 02:00:00+00:00,0.07116,0.07121,0.07077,0.07094,2376095.0
2026-06-30 03:00:00+00:00,0.07094,0.07119,0.07077,0.07084,2189701.0
2026-06-30 04:00:00+00:00,0.07084,0.07117,0.07075,0.07096,1984205.0
2026-06-30 05:00:00+00:00,0.07096,0.07137,0.07091,0.07134,2666098.0
2026-06-30 06:00:00+00:00,0.07134,0.07137,0.07094,0.07114,2768712.0
2026-06-30 07:00:00+00:00,0.07114,0.07149,0.07102,0.07105,4952787.0
2026-06-30 08:00:00+00:00,0.07105,0.07109,0.07047,0.07059,7134927.0
2026-06-30 09:00:00+00:00,0.07059,0.07069,0.07051,0.07055,1357405.0
2026-06-30 10:00:00+00:00,0.07055,0.07066,0.07047,0.07053,1909206.0
2026-06-30 11:00:00+00:00,0.07053,0.07055,0.07007,0.07025,3209787.0
2026-06-30 12:00:00+00:00,0.07025,0.07027,0.06957,0.06959,14397637.0
2026-06-30 13:00:00+00:00,0.06959,0.07046,0.06957,0.07021,12057397.0
2026-06-30 14:00:00+00:00,0.07021,0.07125,0.07014,0.07044,38090810.0
2026-06-30 15:00:00+00:00,0.07044,0.07063,0.06986,0.06991,26005005.0
2026-06-30 16:00:00+00:00,0.06991,0.07025,0.06935,0.07016,13675387.0
2026-06-30 17:00:00+00:00,0.07016,0.07025,0.06902,0.0691,17564610.0
2026-06-30 18:00:00+00:00,0.0691,0.06986,0.06876,0.06983,16963737.0
2026-06-30 19:00:00+00:00,0.06983,0.06983,0.06946,0.06962,4469960.0
2026-06-30 20:00:00+00:00,0.06962,0.06962,0.06901,0.06914,4466043.0
2026-06-30 21:00:00+00:00,0.06914,0.06968,0.06902,0.06948,10224584.0
2026-06-30 22:00:00+00:00,0.06948,0.06974,0.06923,0.06948,4272949.0
2026-06-30 23:00:00+00:00,0.06948,0.06951,0.06921,0.06946,1565550.0
2026-07-01 00:00:00+00:00,0.06946,0.0697,0.06931,0.06968,5605420.0
2026-07-01 01:00:00+00:00,0.06968,0.06989,0.06838,0.06982,17664122.0
2026-07-01 02:00:00+00:00,0.06982,0.07016,0.06959,0.07006,4446804.0
2026-07-01 03:00:00+00:00,0.07006,0.07038,0.06984,0.07027,4926752.0
2026-07-01 04:00:00+00:00,0.07027,0.07079,0.07026,0.07043,3524785.0
2026-07-01 05:00:00+00:00,0.07043,0.0705,0.07005,0.07015,1842852.0
2026-07-01 06:00:00+00:00,0.07015,0.07015,0.06904,0.06946,16027409.0
2026-07-01 07:00:00+00:00,0.06946,0.06952,0.06826,0.06871,40805163.0
2026-07-01 08:00:00+00:00,0.06871,0.06929,0.0686,0.06929,4437673.0
2026-07-01 09:00:00+00:00,0.06929,0.06941,0.06919,0.06939,5219480.0
2026-07-01 10:00:00+00:00,0.06939,0.06947,0.0691,0.06932,6051545.0
2026-07-01 11:00:00+00:00,0.06932,0.06953,0.0692,0.06936,3810902.0
2026-07-01 12:00:00+00:00,0.06936,0.06938,0.06883,0.06902,7867596.0
2026-07-01 13:00:00+00:00,0.06902,0.0699,0.06873,0.06984,13379630.0
2026-07-01 14:00:00+00:00,0.06984,0.0709,0.06966,0.07074,9304136.0
2026-07-01 15:00:00+00:00,0.07074,0.07229,0.07073,0.07226,27517978.0
2026-07-01 16:00:00+00:00,0.07226,0.07303,0.07154,0.07154,23130988.0
2026-07-01 17:00:00+00:00,0.07154,0.07225,0.07138,0.07218,5619393.0
2026-07-01 18:00:00+00:00,0.07218,0.07256,0.07159,0.07186,3069676.0
2026-07-01 19:00:00+00:00,0.07186,0.07301,0.07178,0.07196,12925325.0
2026-07-01 20:00:00+00:00,0.07196,0.07204,0.07158,0.07204,5160461.0
2026-07-01 21:00:00+00:00,0.07204,0.0728,0.07194,0.07237,9183464.0
2026-07-01 22:00:00+00:00,0.07237,0.0728,0.07196,0.07202,5400826.0
2026-07-01 23:00:00+00:00,0.07202,0.07251,0.07143,0.07188,12492517.0
2026-07-02 00:00:00+00:00,0.07188,0.07224,0.07159,0.07224,5434759.0
2026-07-02 01:00:00+00:00,0.07224,0.07362,0.07221,0.07324,7151829.0
2026-07-02 02:00:00+00:00,0.07324,0.07353,0.07293,0.07348,6096286.0
2026-07-02 03:00:00+00:00,0.07348,0.07381,0.073,0.07369,5030615.0
2026-07-02 04:00:00+00:00,0.07369,0.07373,0.07302,0.07326,4914109.0
2026-07-02 05:00:00+00:00,0.07326,0.07331,0.0727,0.07277,2012623.0
2026-07-02 06:00:00+00:00,0.07277,0.07298,0.07256,0.07278,2093042.0
2026-07-02 07:00:00+00:00,0.07278,0.07303,0.07258,0.07293,2162644.0
2026-07-02 08:00:00+00:00,0.07293,0.07338,0.07291,0.07314,3772804.0
2026-07-02 09:00:00+00:00,0.07314,0.07371,0.07274,0.07341,7087157.0
2026-07-02 10:00:00+00:00,0.07341,0.07367,0.07332,0.07348,4033950.0
2026-07-02 11:00:00+00:00,0.07348,0.07382,0.07338,0.07378,3995251.0
2026-07-02 12:00:00+00:00,0.07378,0.07433,0.07359,0.07413,15407349.0
2026-07-02 13:00:00+00:00,0.07413,0.0749,0.07405,0.07438,11469386.0
2026-07-02 14:00:00+00:00,0.07438,0.07477,0.07402,0.07415,7263158.0
2026-07-02 15:00:00+00:00,0.07415,0.07446,0.07393,0.07414,7022298.0
2026-07-02 16:00:00+00:00,0.07414,0.07447,0.07393,0.07406,6720691.0
2026-07-02 17:00:00+00:00,0.07406,0.07412,0.07346,0.07384,4237344.0
2026-07-02 18:00:00+00:00,0.07384,0.07394,0.07275,0.07309,9033533.0
2026-07-02 19:00:00+00:00,0.07309,0.07313,0.07234,0.07254,9447506.0
2026-07-02 20:00:00+00:00,0.07254,0.07262,0.07151,0.07166,17247095.0
2026-07-02 21:00:00+00:00,0.07166,0.07222,0.07121,0.07143,12644333.0
2026-07-02 22:00:00+00:00,0.07143,0.07145,0.0706,0.07082,10699532.0
2026-07-02 23:00:00+00:00,0.07082,0.07092,0.07048,0.0708,9939219.0
2026-07-03 00:00:00+00:00,0.0708,0.07116,0.07038,0.07095,13368911.0
2026-07-03 01:00:00+00:00,0.07095,0.07223,0.07089,0.07219,9911941.0
2026-07-03 02:00:00+00:00,0.07219,0.07227,0.07101,0.07134,9146006.0
2026-07-03 03:00:00+00:00,0.07134,0.0715,0.07092,0.07147,6115693.0
2026-07-03 04:00:00+00:00,0.07147,0.07152,0.07082,0.07112,7027179.0
2026-07-03 05:00:00+00:00,0.07112,0.07149,0.07096,0.0714,3411129.0
2026-07-03 06:00:00+00:00,0.0714,0.07174,0.07128,0.07154,4780515.0
2026-07-03 07:00:00+00:00,0.07154,0.07154,0.07111,0.07116,3480662.0
2026-07-03 08:00:00+00:00,0.07116,0.07143,0.07096,0.07111,5534416.0
2026-07-03 09:00:00+00:00,0.07111,0.07135,0.071,0.07114,4797165.0
2026-07-03 10:00:00+00:00,0.07114,0.07184,0.07112,0.07157,11436276.0
2026-07-03 11:00:00+00:00,0.07157,0.07184,0.07145,0.07165,9093017.0
2026-07-03 12:00:00+00:00,0.07165,0.07197,0.07153,0.07182,6035942.0
2026-07-03 13:00:00+00:00,0.07182,0.07237,0.07179,0.07224,7462018.0
2026-07-03 14:00:00+00:00,0.07224,0.07229,0.07152,0.0718,9262308.0
2026-07-03 15:00:00+00:00,0.0718,0.07232,0.07166,0.07186,6831648.0
2026-07-03 16:00:00+00:00,0.07186,0.07189,0.07135,0.07137,4073645.0
2026-07-03 17:00:00+00:00,0.07137,0.07264,0.07126,0.07247,8072051.0
2026-07-03 18:00:00+00:00,0.07247,0.07275,0.07205,0.07254,6142633.0
2026-07-03 19:00:00+00:00,0.07254,0.07346,0.07249,0.0727,14202151.0
2026-07-03 20:00:00+00:00,0.0727,0.07435,0.0727,0.07394,18487243.0
2026-07-03 21:00:00+00:00,0.07394,0.07409,0.0729,0.07355,8096343.0
2026-07-03 22:00:00+00:00,0.07355,0.07389,0.07328,0.07345,4266802.0
2026-07-03 23:00:00+00:00,0.07345,0.07349,0.07301,0.07331,4707899.0
2026-07-04 00:00:00+00:00,0.07331,0.07345,0.07307,0.0731,4168470.0
2026-07-04 01:00:00+00:00,0.0731,0.0731,0.07242,0.07277,8260450.0
2026-07-04 02:00:00+00:00,0.07277,0.07286,0.07256,0.07261,1961257.0
2026-07-04 03:00:00+00:00,0.07261,0.07291,0.07243,0.07279,6314794.0
2026-07-04 04:00:00+00:00,0.07279,0.07331,0.07263,0.07319,2601725.0
2026-07-04 05:00:00+00:00,0.07319,0.07319,0.07248,0.07255,4109014.0
2026-07-04 06:00:00+00:00,0.07255,0.07287,0.07214,0.07227,7894509.0
2026-07-04 07:00:00+00:00,0.07227,0.07233,0.07194,0.07229,3440175.0
2026-07-04 08:00:00+00:00,0.07229,0.07254,0.07219,0.07236,4044099.0
2026-07-04 09:00:00+00:00,0.07236,0.07386,0.07197,0.0734,14283393.0
2026-07-04 10:00:00+00:00,0.0734,0.07426,0.07322,0.07363,14291934.0
2026-07-04 11:00:00+00:00,0.07363,0.07372,0.07313,0.0733,2619669.0
2026-07-04 12:00:00+00:00,0.0733,0.07388,0.07329,0.0736,7943314.0
2026-07-04 13:00:00+00:00,0.0736,0.07396,0.07324,0.0735,5635371.0
2026-07-04 14:00:00+00:00,0.0735,0.07436,0.0735,0.07427,6159318.0
2026-07-04 15:00:00+00:00,0.07427,0.07499,0.07419,0.07468,12803329.0
2026-07-04 16:00:00+00:00,0.07468,0.07482,0.07438,0.07447,6599133.0
2026-07-04 17:00:00+00:00,0.07447,0.0753,0.07412,0.0751,6785513.0
2026-07-04 18:00:00+00:00,0.0751,0.07579,0.07495,0.07528,6225913.0
2026-07-04 19:00:00+00:00,0.07528,0.07541,0.07447,0.07456,5512799.0
2026-07-04 20:00:00+00:00,0.07456,0.07594,0.0744,0.07554,13042649.0
2026-07-04 21:00:00+00:00,0.07554,0.07658,0.07511,0.07615,9588696.0
2026-07-04 22:00:00+00:00,0.07615,0.07724,0.07539,0.07716,12710288.0
2026-07-04 23:00:00+00:00,0.07716,0.07735,0.0759,0.07724,14170753.0
2026-07-05 00:00:00+00:00,0.07724,0.07768,0.07594,0.07631,16551597.0
2026-07-05 01:00:00+00:00,0.07631,0.07651,0.07523,0.07568,8765997.0
2026-07-05 02:00:00+00:00,0.07568,0.07568,0.07465,0.07532,19334690.0
2026-07-05 03:00:00+00:00,0.07532,0.07546,0.07505,0.07521,6463648.0
2026-07-05 04:00:00+00:00,0.07521,0.07558,0.07517,0.07525,5763605.0
2026-07-05 05:00:00+00:00,0.07525,0.07526,0.07486,0.07492,3721634.0
2026-07-05 06:00:00+00:00,0.07492,0.07493,0.07434,0.07453,6001559.0
2026-07-05 07:00:00+00:00,0.07453,0.07511,0.07449,0.07502,4733502.0
2026-07-05 08:00:00+00:00,0.07502,0.07578,0.07494,0.07544,3055577.0
2026-07-05 09:00:00+00:00,0.07544,0.07576,0.07451,0.07459,9820337.0
2026-07-05 10:00:00+00:00,0.07459,0.07477,0.07426,0.07467,3495087.0
2026-07-05 11:00:00+00:00,0.07467,0.07506,0.07452,0.07485,1439670.0
2026-07-05 12:00:00+00:00,0.07485,0.07546,0.0746,0.07504,4743783.0
2026-07-05 13:00:00+00:00,0.07504,0.07508,0.07455,0.07479,3050847.0
2026-07-05 14:00:00+00:00,0.07479,0.07518,0.07463,0.07518,2400747.0
2026-07-05 15:00:00+00:00,0.07518,0.07559,0.07505,0.07525,3937009.0
2026-07-05 16:00:00+00:00,0.07525,0.07534,0.07487,0.07514,3019656.0
2026-07-05 17:00:00+00:00,0.07514,0.07545,0.07491,0.07518,4287590.0
2026-07-05 18:00:00+00:00,0.07518,0.07539,0.07513,0.07524,3193207.0
2026-07-05 19:00:00+00:00,0.07524,0.07556,0.0752,0.07533,1216991.0
2026-07-05 20:00:00+00:00,0.07533,0.07543,0.07511,0.07519,1669670.0
2026-07-05 21:00:00+00:00,0.07519,0.07607,0.07494,0.07577,5445561.0
2026-07-05 22:00:00+00:00,0.07577,0.07659,0.07559,0.07644,8137409.0
2026-07-05 23:00:00+00:00,0.07644,0.07685,0.07597,0.07627,4004983.0
2026-07-06 00:00:00+00:00,0.07627,0.07628,0.07543,0.07586,6706337.0
2026-07-06 01:00:00+00:00,0.07586,0.07607,0.07559,0.07573,1427940.0
2026-07-06 02:00:00+00:00,0.07573,0.07593,0.07533,0.07586,3578164.0
2026-07-06 03:00:00+00:00,0.07586,0.076,0.07535,0.07557,1966680.0
2026-07-06 04:00:00+00:00,0.07557,0.07564,0.0751,0.07522,3124373.0
2026-07-06 05:00:00+00:00,0.07522,0.0753,0.07426,0.07438,10260238.0
2026-07-06 06:00:00+00:00,0.07438,0.07449,0.07429,0.07438,2339872.0
2026-07-06 07:00:00+00:00,0.07438,0.07476,0.07435,0.07472,2269045.0
2026-07-06 08:00:00+00:00,0.07472,0.0749,0.07456,0.07473,3418007.0
2026-07-06 09:00:00+00:00,0.07473,0.07475,0.07437,0.07451,12839958.0
2026-07-06 10:00:00+00:00,0.07451,0.07461,0.07433,0.07459,6941576.0
2026-07-06 11:00:00+00:00,0.07459,0.07471,0.07417,0.07419,7235732.0
2026-07-06 12:00:00+00:00,0.07419,0.07419,0.07285,0.07292,31047100.0
2026-07-06 13:00:00+00:00,0.07292,0.07333,0.07246,0.07302,10957527.0
2026-07-06 14:00:00+00:00,0.07302,0.07389,0.07276,0.07346,9572372.0
2026-07-06 15:00:00+00:00,0.07346,0.07453,0.07344,0.07444,7792195.0
2026-07-06 16:00:00+00:00,0.07444,0.07491,0.07423,0.07473,5444705.0
2026-07-06 17:00:00+00:00,0.07473,0.07495,0.0743,0.07432,2475891.0
2026-07-06 18:00:00+00:00,0.07432,0.07461,0.07413,0.07445,5015370.0
2026-07-06 19:00:00+00:00,0.07445,0.0745,0.07402,0.07403,3092884.0
2026-07-06 20:00:00+00:00,0.07403,0.07405,0.0734,0.07346,3147287.0
2026-07-06 21:00:00+00:00,0.07346,0.07463,0.07331,0.07415,10157360.0
2026-07-06 22:00:00+00:00,0.07415,0.07418,0.07284,0.07303,7779993.0
2026-07-06 23:00:00+00:00,0.07303,0.07361,0.07283,0.07329,6626401.0
2026-07-07 00:00:00+00:00,0.07329,0.0736,0.07311,0.07326,4200865.0
2026-07-07 01:00:00+00:00,0.07326,0.07326,0.07257,0.07302,4423103.0
2026-07-07 02:00:00+00:00,0.07302,0.07305,0.0723,0.07242,3901658.0
2026-07-07 03:00:00+00:00,0.07242,0.07262,0.0721,0.0722,4368601.0
2026-07-07 04:00:00+00:00,0.0722,0.07231,0.07172,0.07191,6688990.0
2026-07-07 05:00:00+00:00,0.07191,0.07227,0.07149,0.07202,6120949.0
2026-07-07 06:00:00+00:00,0.07202,0.07233,0.07179,0.07225,3269384.0
2026-07-07 07:00:00+00:00,0.07225,0.07232,0.07162,0.07166,3904665.0
2026-07-07 08:00:00+00:00,0.07166,0.07174,0.07116,0.07119,5721356.0
2026-07-07 09:00:00+00:00,0.07119,0.07143,0.07112,0.07142,6358228.0
2026-07-07 10:00:00+00:00,0.07142,0.07159,0.07089,0.07099,10439643.0
2026-07-07 11:00:00+00:00,0.07099,0.07131,0.07084,0.07131,5460448.0
2026-07-07 12:00:00+00:00,0.07131,0.07183,0.07123,0.07143,4469262.0
2026-07-07 13:00:00+00:00,0.07143,0.07168,0.07104,0.07112,5063046.0
2026-07-07 14:00:00+00:00,0.07112,0.0718,0.07052,0.0717,12745643.0
2026-07-07 15:00:00+00:00,0.0717,0.07251,0.07146,0.07251,8813280.0
2026-07-07 16:00:00+00:00,0.07251,0.07284,0.07197,0.07234,10826290.0
2026-07-07 17:00:00+00:00,0.07234,0.07276,0.07201,0.07275,4853869.0
2026-07-07 18:00:00+00:00,0.07275,0.07278,0.07191,0.07193,6153374.0
2026-07-07 19:00:00+00:00,0.07193,0.07198,0.0713,0.07145,8366557.0
2026-07-07 20:00:00+00:00,0.07145,0.0717,0.07129,0.07138,4336460.0
2026-07-07 21:00:00+00:00,0.07138,0.07155,0.07066,0.07072,4909975.0
2026-07-07 22:00:00+00:00,0.07072,0.07077,0.07027,0.07058,7002075.0
2026-07-07 23:00:00+00:00,0.07058,0.07102,0.07052,0.07087,3146499.0
2026-07-08 00:00:00+00:00,0.07087,0.07112,0.07061,0.07077,5308620.0
2026-07-08 01:00:00+00:00,0.07077,0.07089,0.06992,0.07029,10557461.0
2026-07-08 02:00:00+00:00,0.07029,0.07055,0.06991,0.07053,9508318.0
2026-07-08 03:00:00+00:00,0.07053,0.07067,0.07029,0.07029,3836610.0
2026-07-08 04:00:00+00:00,0.07029,0.07032,0.06984,0.07002,4601347.0
2026-07-08 05:00:00+00:00,0.07002,0.07015,0.06969,0.06994,3493107.0
2026-07-08 06:00:00+00:00,0.06994,0.06996,0.06951,0.06971,5159628.0
2026-07-08 07:00:00+00:00,0.06971,0.0702,0.06957,0.06998,2171023.0
2026-07-08 08:00:00+00:00,0.06998,0.07014,0.06897,0.06933,16767414.0
2026-07-08 09:00:00+00:00,0.06933,0.06949,0.06897,0.06921,5459542.0
2026-07-08 10:00:00+00:00,0.06921,0.06953,0.06901,0.06944,4808940.0
2026-07-08 11:00:00+00:00,0.06944,0.06982,0.06927,0.06958,7743156.0
2026-07-08 12:00:00+00:00,0.06958,0.06968,0.06897,0.06897,6033642.0
2026-07-08 13:00:00+00:00,0.06897,0.06974,0.06888,0.0697,6288112.0
2026-07-08 14:00:00+00:00,0.0697,0.07006,0.06911,0.06943,9311851.0
2026-07-08 15:00:00+00:00,0.06943,0.06953,0.06894,0.06909,4728311.0
2026-07-08 16:00:00+00:00,0.06909,0.06994,0.06904,0.06979,5503093.0
2026-07-08 17:00:00+00:00,0.06979,0.06993,0.06924,0.06934,6091899.0
2026-07-08 18:00:00+00:00,0.06934,0.06969,0.06929,0.06939,3815365.0
2026-07-08 19:00:00+00:00,0.06939,0.06964,0.0693,0.06946,2531886.0
2026-07-08 20:00:00+00:00,0.06946,0.06955,0.0691,0.06911,1807938.0
2026-07-08 21:00:00+00:00,0.06911,0.06932,0.06878,0.06924,6099106.0
2026-07-08 22:00:00+00:00,0.06924,0.06931,0.06899,0.06911,1439938.0
2026-07-08 23:00:00+00:00,0.06911,0.06931,0.06894,0.06931,2558335.0
2026-07-09 00:00:00+00:00,0.06931,0.06968,0.0692,0.06958,8178092.0
2026-07-09 01:00:00+00:00,0.06958,0.07049,0.0695,0.06977,11466249.0
2026-07-09 02:00:00+00:00,0.06977,0.07016,0.0695,0.06968,3761056.0
2026-07-09 03:00:00+00:00,0.06968,0.06979,0.0691,0.06946,8380442.0
2026-07-09 04:00:00+00:00,0.06946,0.07039,0.06941,0.07014,7923520.0
2026-07-09 05:00:00+00:00,0.07014,0.07143,0.07007,0.07105,12063222.0
2026-07-09 06:00:00+00:00,0.07105,0.07128,0.07052,0.07095,6805036.0
2026-07-09 07:00:00+00:00,0.07095,0.07102,0.06988,0.07051,7816493.0
2026-07-09 08:00:00+00:00,0.07051,0.071,0.07049,0.0709,4139643.0
2026-07-09 09:00:00+00:00,0.0709,0.07099,0.07066,0.07084,1272655.0
2026-07-09 10:00:00+00:00,0.07084,0.07089,0.07022,0.07048,3028392.0
2026-07-09 11:00:00+00:00,0.07048,0.07055,0.07016,0.07051,2843342.0
2026-07-09 12:00:00+00:00,0.07051,0.07076,0.07026,0.07026,6386905.0
2026-07-09 13:00:00+00:00,0.07026,0.0707,0.0701,0.0706,1938416.0
2026-07-09 14:00:00+00:00,0.0706,0.0708,0.06999,0.07001,3767236.0
2026-07-09 15:00:00+00:00,0.07001,0.07041,0.06972,0.06992,5839027.0
2026-07-09 16:00:00+00:00,0.06992,0.07011,0.06961,0.0698,4613746.0
2026-07-09 17:00:00+00:00,0.0698,0.07047,0.06968,0.07017,3515139.0
2026-07-09 18:00:00+00:00,0.07017,0.07053,0.07008,0.07011,4024123.0
2026-07-09 19:00:00+00:00,0.07011,0.07018,0.06975,0.07,3465517.0
2026-07-09 20:00:00+00:00,0.07,0.07039,0.06992,0.07038,2339698.0
2026-07-09 21:00:00+00:00,0.07038,0.07048,0.07028,0.07041,3194807.0
2026-07-09 22:00:00+00:00,0.07041,0.0705,0.07012,0.07036,2857047.0
2026-07-09 23:00:00+00:00,0.07036,0.07051,0.06975,0.06989,7607038.0
2026-07-10 00:00:00+00:00,0.06989,0.06989,0.0694,0.06978,5297936.0
2026-07-10 01:00:00+00:00,0.06978,0.07117,0.06956,0.07068,9036743.0
2026-07-10 02:00:00+00:00,0.07068,0.07096,0.07055,0.07068,4260823.0
2026-07-10 03:00:00+00:00,0.07068,0.07069,0.07029,0.07043,2482709.0
2026-07-10 04:00:00+00:00,0.07043,0.07088,0.07042,0.07078,1931312.0
2026-07-10 05:00:00+00:00,0.07078,0.07092,0.07066,0.07074,1465251.0
2026-07-10 06:00:00+00:00,0.07074,0.07083,0.07038,0.07043,4047858.0
2026-07-10 07:00:00+00:00,0.07043,0.07054,0.07036,0.07042,1769721.0
2026-07-10 08:00:00+00:00,0.07042,0.0711,0.07038,0.07067,9207277.0
2026-07-10 09:00:00+00:00,0.07067,0.07089,0.07047,0.07088,3694050.0
2026-07-10 10:00:00+00:00,0.07088,0.07134,0.07077,0.07111,5899322.0
2026-07-10 11:00:00+00:00,0.07111,0.0712,0.0709,0.07115,4090360.0
2026-07-10 12:00:00+00:00,0.07115,0.07142,0.07072,0.07072,7679125.0
2026-07-10 13:00:00+00:00,0.07072,0.07125,0.07052,0.07092,5309073.0
2026-07-10 14:00:00+00:00,0.07092,0.07093,0.06981,0.07001,13585741.0
2026-07-10 15:00:00+00:00,0.07001,0.0703,0.06993,0.0703,2863153.0
2026-07-10 16:00:00+00:00,0.0703,0.07055,0.07009,0.0703,2502699.0
2026-07-10 17:00:00+00:00,0.0703,0.07037,0.06983,0.06984,3036929.0
2026-07-10 18:00:00+00:00,0.06984,0.07004,0.06962,0.06982,4482504.0
2026-07-10 19:00:00+00:00,0.06982,0.07011,0.06975,0.06994,1910056.0
2026-07-10 20:00:00+00:00,0.06994,0.06995,0.06971,0.06983,2395526.0
2026-07-10 21:00:00+00:00,0.06983,0.07007,0.06973,0.07,1399310.0
2026-07-10 22:00:00+00:00,0.07,0.07015,0.06985,0.07004,2683667.0
2026-07-10 23:00:00+00:00,0.07004,0.07035,0.0699,0.07028,5009428.0
2026-07-11 00:00:00+00:00,0.07028,0.07114,0.07005,0.07065,12764761.0
2026-07-11 01:00:00+00:00,0.07065,0.07073,0.07033,0.07043,4962675.0
2026-07-11 02:00:00+00:00,0.07043,0.071,0.07024,0.0704,4475226.0
2026-07-11 03:00:00+00:00,0.0704,0.07048,0.06985,0.06999,6099014.0
2026-07-11 04:00:00+00:00,0.06999,0.07054,0.06974,0.07001,10396357.0
2026-07-11 05:00:00+00:00,0.07001,0.07032,0.06987,0.07019,5266812.0
2026-07-11 06:00:00+00:00,0.07019,0.07058,0.07009,0.07042,2600482.0
2026-07-11 07:00:00+00:00,0.07042,0.07064,0.07041,0.07059,1524163.0
2026-07-11 08:00:00+00:00,0.07059,0.07065,0.06901,0.06957,55495253.0
2026-07-11 09:00:00+00:00,0.06957,0.06973,0.06857,0.06947,46818758.0
2026-07-11 10:00:00+00:00,0.06947,0.06947,0.06671,0.06702,53709675.0
2026-07-11 11:00:00+00:00,0.06702,0.0688,0.06654,0.0686,36209222.0
2026-07-11 12:00:00+00:00,0.0686,0.06881,0.06815,0.0684,21690117.0
2026-07-11 13:00:00+00:00,0.0684,0.06919,0.06832,0.06866,12561740.0
2026-07-11 14:00:00+00:00,0.06866,0.06946,0.06838,0.06928,20552265.0
2026-07-11 15:00:00+00:00,0.06928,0.07011,0.06928,0.06987,16118782.0
2026-07-11 16:00:00+00:00,0.06987,0.06991,0.06918,0.06946,7477601.0
2026-07-11 17:00:00+00:00,0.06946,0.06972,0.06935,0.06948,6758906.0
2026-07-11 18:00:00+00:00,0.06948,0.06987,0.06946,0.06967,6142786.0
2026-07-11 19:00:00+00:00,0.06967,0.07014,0.0696,0.06989,5702977.0
2026-07-11 20:00:00+00:00,0.06989,0.06994,0.06968,0.06969,2152716.0
2026-07-11 21:00:00+00:00,0.06969,0.06981,0.06941,0.06952,2299788.0
2026-07-11 22:00:00+00:00,0.06952,0.0697,0.06912,0.06919,5773839.0
2026-07-11 23:00:00+00:00,0.06919,0.0692,0.06844,0.06844,10273284.0
2026-07-12 00:00:00+00:00,0.06844,0.06851,0.06781,0.06802,15691843.0
2026-07-12 01:00:00+00:00,0.06802,0.0688,0.068,0.06827,14465306.0
2026-07-12 02:00:00+00:00,0.06827,0.06827,0.06734,0.06754,7962514.0
2026-07-12 03:00:00+00:00,0.06754,0.06852,0.06748,0.06852,4018181.0
2026-07-12 04:00:00+00:00,0.06852,0.06852,0.06797,0.06805,3039531.0
2026-07-12 05:00:00+00:00,0.06805,0.06813,0.06793,0.06807,2548036.0
2026-07-12 06:00:00+00:00,0.06807,0.06807,0.06741,0.06769,9381311.0
2026-07-12 07:00:00+00:00,0.06769,0.06798,0.06753,0.06759,3611347.0
2026-07-12 08:00:00+00:00,0.06759,0.06801,0.06759,0.06778,5237827.0
2026-07-12 09:00:00+00:00,0.06778,0.06787,0.06746,0.06768,3175259.0
2026-07-12 10:00:00+00:00,0.06768,0.06771,0.06744,0.06762,4421450.0
2026-07-12 11:00:00+00:00,0.06762,0.06787,0.06751,0.06782,5502569.0
2026-07-12 12:00:00+00:00,0.06782,0.06794,0.06764,0.06791,3330961.0
2026-07-12 13:00:00+00:00,0.06791,0.06806,0.06748,0.06754,4540147.0
2026-07-12 14:00:00+00:00,0.06754,0.0678,0.06706,0.06772,13360800.0
2026-07-12 15:00:00+00:00,0.06772,0.06796,0.0676,0.06768,3372554.0
2026-07-12 16:00:00+00:00,0.06768,0.06776,0.06727,0.06747,3953615.0
2026-07-12 17:00:00+00:00,0.06747,0.06771,0.06735,0.06748,2833497.0
2026-07-12 18:00:00+00:00,0.06748,0.06763,0.06736,0.06756,2147507.0
2026-07-12 19:00:00+00:00,0.06756,0.06772,0.06752,0.06768,929943.0
2026-07-12 20:00:00+00:00,0.06768,0.06794,0.06763,0.06791,2437403.0
2026-07-12 21:00:00+00:00,0.06791,0.0684,0.06767,0.06767,5955270.0
2026-07-12 22:00:00+00:00,0.06767,0.06767,0.06711,0.06734,9083658.0
2026-07-12 23:00:00+00:00,0.06734,0.06764,0.06722,0.06755,2949058.0
2026-07-13 00:00:00+00:00,0.06755,0.06864,0.06739,0.06836,8986421.0
2026-07-13 01:00:00+00:00,0.06836,0.06842,0.06743,0.06756,9445279.0
2026-07-13 02:00:00+00:00,0.06756,0.06779,0.06727,0.06732,3814930.0
2026-07-13 03:00:00+00:00,0.06732,0.06732,0.06663,0.06707,18737329.0
2026-07-13 04:00:00+00:00,0.06707,0.06722,0.06701,0.06707,4714327.0
2026-07-13 05:00:00+00:00,0.06707,0.06746,0.06689,0.06741,4920924.0
2026-07-13 06:00:00+00:00,0.06741,0.0675,0.06732,0.06741,1260279.0
2026-07-13 07:00:00+00:00,0.06741,0.06772,0.06741,0.06766,4622851.0
2026-07-13 08:00:00+00:00,0.06766,0.06789,0.06755,0.06768,2136082.0
2026-07-13 09:00:00+00:00,0.06768,0.06776,0.06724,0.06741,2086789.0
2026-07-13 10:00:00+00:00,0.06741,0.06745,0.06692,0.06697,3410620.0
2026-07-13 11:00:00+00:00,0.06697,0.06709,0.06677,0.06681,3823763.0
2026-07-13 12:00:00+00:00,0.06681,0.06692,0.0663,0.06692,10896496.0
2026-07-13 13:00:00+00:00,0.06692,0.06713,0.06674,0.06694,6862140.0
2026-07-13 14:00:00+00:00,0.06694,0.06728,0.06664,0.06721,7971705.0
2026-07-13 15:00:00+00:00,0.06721,0.06724,0.06665,0.06669,7133108.0
2026-07-13 16:00:00+00:00,0.06669,0.0668,0.06617,0.06658,11150224.0
2026-07-13 17:00:00+00:00,0.06658,0.06664,0.06589,0.06604,11754829.0
2026-07-13 18:00:00+00:00,0.06604,0.06632,0.06593,0.06615,4535050.0
2026-07-13 19:00:00+00:00,0.06615,0.06646,0.06611,0.06644,3154584.0
2026-07-13 20:00:00+00:00,0.06644,0.06651,0.06613,0.06633,1276184.0
2026-07-13 21:00:00+00:00,0.06633,0.06636,0.06543,0.06596,9377064.0
2026-07-13 22:00:00+00:00,0.06596,0.06646,0.06594,0.06629,1698832.0
2026-07-13 23:00:00+00:00,0.06629,0.06663,0.06617,0.06656,2030148.0
2026-07-14 00:00:00+00:00,0.06656,0.06662,0.06623,0.06656,2347433.0
2026-07-14 01:00:00+00:00,0.06656,0.06657,0.06601,0.06609,2177705.0
2026-07-14 02:00:00+00:00,0.06609,0.06616,0.06567,0.06601,4053028.0
2026-07-14 03:00:00+00:00,0.06601,0.06614,0.06567,0.06613,2426247.0
2026-07-14 04:00:00+00:00,0.06613,0.06652,0.06604,0.06641,2980471.0
2026-07-14 05:00:00+00:00,0.06641,0.06672,0.06595,0.0661,8685614.0
2026-07-14 06:00:00+00:00,0.0661,0.06626,0.06588,0.06594,4508139.0
2026-07-14 07:00:00+00:00,0.06594,0.06608,0.06587,0.06597,2957762.0
2026-07-14 08:00:00+00:00,0.06597,0.06612,0.06587,0.06588,3827413.0
2026-07-14 09:00:00+00:00,0.06588,0.06599,0.06576,0.06595,2224314.0
2026-07-14 10:00:00+00:00,0.06595,0.06612,0.06589,0.06608,2167081.0
2026-07-14 11:00:00+00:00,0.06608,0.06631,0.06599,0.0663,2835514.0
2026-07-14 12:00:00+00:00,0.0663,0.06709,0.06614,0.06701,24482885.0
2026-07-14 13:00:00+00:00,0.06701,0.06768,0.06673,0.06723,13196592.0
2026-07-14 14:00:00+00:00,0.06723,0.06735,0.0669,0.06722,7930658.0
2026-07-14 15:00:00+00:00,0.06722,0.06742,0.06692,0.06693,4931575.0
2026-07-14 16:00:00+00:00,0.06693,0.06712,0.06672,0.06675,4293927.0
2026-07-14 17:00:00+00:00,0.06675,0.0669,0.06656,0.06675,3978876.0
2026-07-14 18:00:00+00:00,0.06675,0.06677,0.06627,0.06657,6039504.0
2026-07-14 19:00:00+00:00,0.06657,0.06672,0.0664,0.06655,3457067.0
2026-07-14 20:00:00+00:00,0.06655,0.06673,0.06628,0.06667,2466844.0
2026-07-14 21:00:00+00:00,0.06667,0.06687,0.06655,0.06677,5619779.0
2026-07-14 22:00:00+00:00,0.06677,0.06741,0.06662,0.06724,5285498.0
2026-07-14 23:00:00+00:00,0.06724,0.06737,0.06714,0.06731,2010752.0
2026-07-15 00:00:00+00:00,0.06731,0.06739,0.06704,0.06725,2033954.0
2026-07-15 01:00:00+00:00,0.06725,0.06735,0.06707,0.06719,1564513.0
2026-07-15 02:00:00+00:00,0.06719,0.06728,0.06704,0.06719,1529247.0
2026-07-15 03:00:00+00:00,0.06719,0.06746,0.06714,0.06744,2849749.0
2026-07-15 04:00:00+00:00,0.06744,0.06753,0.06718,0.06733,2645926.0
2026-07-15 05:00:00+00:00,0.06733,0.06748,0.06704,0.06748,1729780.0
2026-07-15 06:00:00+00:00,0.06748,0.06785,0.06747,0.06772,5788759.0
2026-07-15 07:00:00+00:00,0.06772,0.0679,0.06723,0.06745,4382747.0
2026-07-15 08:00:00+00:00,0.06745,0.06752,0.06724,0.06731,3371523.0
2026-07-15 09:00:00+00:00,0.06731,0.06754,0.06726,0.06726,1396370.0
2026-07-15 10:00:00+00:00,0.06726,0.0674,0.06718,0.06725,1444502.0
2026-07-15 11:00:00+00:00,0.06725,0.06747,0.06711,0.06747,3806685.0
2026-07-15 12:00:00+00:00,0.06747,0.06837,0.06738,0.0681,11015892.0
2026-07-15 13:00:00+00:00,0.0681,0.06835,0.06772,0.06787,7374872.0
2026-07-15 14:00:00+00:00,0.06787,0.0682,0.06776,0.0682,2650156.0
2026-07-15 15:00:00+00:00,0.0682,0.06835,0.06805,0.06822,3215546.0
2026-07-15 16:00:00+00:00,0.06822,0.06825,0.06719,0.0675,9501573.0
2026-07-15 17:00:00+00:00,0.0675,0.06772,0.06734,0.0674,4675813.0
2026-07-15 18:00:00+00:00,0.0674,0.06769,0.06726,0.06727,3757686.0
2026-07-15 19:00:00+00:00,0.06727,0.06744,0.06715,0.0674,2269798.0
2026-07-15 20:00:00+00:00,0.0674,0.0676,0.06733,0.06742,1962337.0
2026-07-15 21:00:00+00:00,0.06742,0.06775,0.06741,0.06773,2286226.0
2026-07-15 22:00:00+00:00,0.06773,0.06818,0.06761,0.06794,9689528.0
2026-07-15 23:00:00+00:00,0.06794,0.06817,0.06778,0.06789,2981411.0
2026-07-16 00:00:00+00:00,0.06789,0.06823,0.06767,0.06779,7445166.0
2026-07-16 01:00:00+00:00,0.06779,0.06781,0.06732,0.06768,4059266.0
2026-07-16 02:00:00+00:00,0.06768,0.06778,0.06757,0.06772,741779.0
2026-07-16 03:00:00+00:00,0.06772,0.06794,0.06747,0.06747,1280963.0
2026-07-16 04:00:00+00:00,0.06747,0.06756,0.06733,0.06737,1579094.0
2026-07-16 05:00:00+00:00,0.06737,0.06765,0.06732,0.06758,4452710.0
2026-07-16 06:00:00+00:00,0.06758,0.0677,0.0673,0.06741,2955982.0
2026-07-16 07:00:00+00:00,0.06741,0.0675,0.06693,0.06705,8324463.0
2026-07-16 08:00:00+00:00,0.06705,0.06736,0.06674,0.06707,6939142.0
2026-07-16 09:00:00+00:00,0.06707,0.06721,0.06703,0.06707,2403218.0
2026-07-16 10:00:00+00:00,0.06707,0.06725,0.06707,0.06724,1097863.0
2026-07-16 11:00:00+00:00,0.06724,0.06758,0.06715,0.06752,3640882.0
2026-07-16 12:00:00+00:00,0.06752,0.06759,0.06693,0.06706,5519010.0
2026-07-16 13:00:00+00:00,0.06706,0.06745,0.06693,0.06728,7032537.0
2026-07-16 14:00:00+00:00,0.06728,0.06773,0.06715,0.06769,5793826.0
2026-07-16 15:00:00+00:00,0.06769,0.06808,0.06744,0.06803,3157202.0
2026-07-16 16:00:00+00:00,0.06803,0.06819,0.06772,0.06788,4485189.0
2026-07-16 17:00:00+00:00,0.06788,0.06793,0.06748,0.06762,4120515.0
2026-07-16 18:00:00+00:00,0.06762,0.06782,0.06731,0.06733,2324017.0
2026-07-16 19:00:00+00:00,0.06733,0.06749,0.06709,0.0673,4253660.0
2026-07-16 20:00:00+00:00,0.0673,0.06738,0.0671,0.06711,1553547.0
2026-07-16 21:00:00+00:00,0.06711,0.0679,0.0671,0.06736,8925101.0
2026-07-16 22:00:00+00:00,0.06736,0.06739,0.06641,0.06657,9092487.0
2026-07-16 23:00:00+00:00,0.06657,0.06663,0.0663,0.06655,5701297.0
2026-07-17 00:00:00+00:00,0.06655,0.06693,0.06639,0.06683,5573918.0
2026-07-17 01:00:00+00:00,0.06683,0.06684,0.06642,0.06649,2873122.0
2026-07-17 02:00:00+00:00,0.06649,0.0666,0.06617,0.0663,2746746.0
2026-07-17 03:00:00+00:00,0.0663,0.0666,0.06625,0.06636,2898101.0
2026-07-17 04:00:00+00:00,0.06636,0.06658,0.06621,0.06653,2506711.0
2026-07-17 05:00:00+00:00,0.06653,0.06653,0.06576,0.06592,10912741.0
2026-07-17 06:00:00+00:00,0.06592,0.06619,0.0657,0.06613,3570306.0
2026-07-17 07:00:00+00:00,0.06613,0.06622,0.0658,0.06598,5813271.0
2026-07-17 08:00:00+00:00,0.06598,0.06627,0.06581,0.0661,5729761.0
2026-07-17 09:00:00+00:00,0.0661,0.06623,0.06607,0.06623,1487780.0
2026-07-17 10:00:00+00:00,0.06623,0.06649,0.06621,0.06621,2683235.0
2026-07-17 11:00:00+00:00,0.06621,0.06626,0.06596,0.06599,2181105.0
2026-07-17 12:00:00+00:00,0.06599,0.06606,0.06579,0.06584,2696606.0
2026-07-17 13:00:00+00:00,0.06584,0.06596,0.06527,0.06593,13494149.0
2026-07-17 14:00:00+00:00,0.06593,0.06628,0.06593,0.06623,5395369.0
2026-07-17 15:00:00+00:00,0.06623,0.06623,0.06583,0.06598,4097442.0
2026-07-17 16:00:00+00:00,0.06598,0.0663,0.06584,0.06612,4306673.0
2026-07-17 17:00:00+00:00,0.06612,0.06646,0.06612,0.06621,4263912.0
2026-07-17 18:00:00+00:00,0.06621,0.06629,0.06593,0.06627,1715241.0
2026-07-17 19:00:00+00:00,0.06627,0.06628,0.0659,0.06609,1622100.0
2026-07-17 20:00:00+00:00,0.06609,0.06609,0.06589,0.06599,1135895.0
2026-07-17 21:00:00+00:00,0.06599,0.06616,0.06597,0.06607,2949570.0
2026-07-17 22:00:00+00:00,0.06607,0.0661,0.06592,0.06601,561218.0
2026-07-17 23:00:00+00:00,0.06601,0.06604,0.06579,0.06588,1927165.0
2026-07-18 00:00:00+00:00,0.06588,0.06608,0.06566,0.06567,4251953.0
2026-07-18 01:00:00+00:00,0.06567,0.06587,0.06561,0.06586,587473.0
2026-07-18 02:00:00+00:00,0.06586,0.06622,0.0658,0.06617,1720934.0
2026-07-18 03:00:00+00:00,0.06617,0.06628,0.06603,0.06628,2862185.0
2026-07-18 04:00:00+00:00,0.06628,0.06634,0.06607,0.06611,3190366.0
2026-07-18 05:00:00+00:00,0.06611,0.06623,0.06598,0.06607,1049294.0
2026-07-18 06:00:00+00:00,0.06607,0.06619,0.06592,0.06609,1356224.0
2026-07-18 07:00:00+00:00,0.06609,0.06627,0.06607,0.06627,763368.0
2026-07-18 08:00:00+00:00,0.06627,0.0664,0.06622,0.06632,1732827.0
2026-07-18 09:00:00+00:00,0.06632,0.06634,0.06601,0.06605,1784124.0
2026-07-18 10:00:00+00:00,0.06605,0.06623,0.06605,0.06608,1754984.0
2026-07-18 11:00:00+00:00,0.06608,0.06625,0.06608,0.06617,905269.0
2026-07-18 12:00:00+00:00,0.06617,0.06644,0.0661,0.06638,2910728.0
2026-07-18 13:00:00+00:00,0.06638,0.06638,0.06612,0.06624,1773831.0
2026-07-18 14:00:00+00:00,0.06624,0.06661,0.06624,0.06653,2606759.0
2026-07-18 15:00:00+00:00,0.06653,0.06666,0.06638,0.06663,3466070.0
2026-07-18 16:00:00+00:00,0.06663,0.06687,0.06655,0.06681,6633339.0
2026-07-18 17:00:00+00:00,0.06681,0.06683,0.06662,0.06674,2625990.0
2026-07-18 18:00:00+00:00,0.06674,0.06687,0.06657,0.06663,1988296.0
2026-07-18 19:00:00+00:00,0.06663,0.06682,0.06657,0.06672,645078.0
2026-07-18 20:00:00+00:00,0.06672,0.06691,0.06672,0.06689,703778.0
2026-07-18 21:00:00+00:00,0.06689,0.06705,0.0668,0.06681,2037303.0
2026-07-18 22:00:00+00:00,0.06681,0.06705,0.06679,0.06695,1565288.0
2026-07-18 23:00:00+00:00,0.06695,0.06707,0.06695,0.06707,895618.0
2026-07-19 00:00:00+00:00,0.06707,0.0673,0.067,0.06727,4744494.0
2026-07-19 01:00:00+00:00,0.06727,0.06739,0.0671,0.06717,3121760.0
2026-07-19 02:00:00+00:00,0.06717,0.06734,0.06691,0.06697,4487226.0
2026-07-19 03:00:00+00:00,0.06697,0.06699,0.06661,0.06671,2169634.0
2026-07-19 04:00:00+00:00,0.06671,0.0668,0.06659,0.06675,1485059.0
2026-07-19 05:00:00+00:00,0.06675,0.06679,0.06667,0.06672,540672.0
2026-07-19 06:00:00+00:00,0.06672,0.06702,0.0666,0.06701,3625206.0
2026-07-19 07:00:00+00:00,0.06701,0.06735,0.06677,0.06711,9427394.0
2026-07-19 08:00:00+00:00,0.06711,0.06724,0.0665,0.06676,8488809.0
2026-07-19 09:00:00+00:00,0.06676,0.06685,0.06666,0.06678,1935405.0
2026-07-19 10:00:00+00:00,0.06678,0.06689,0.06669,0.06672,1211102.0
2026-07-19 11:00:00+00:00,0.06672,0.06685,0.06664,0.06668,1245970.0
2026-07-19 12:00:00+00:00,0.06668,0.06669,0.0665,0.06657,1554405.0
2026-07-19 13:00:00+00:00,0.06657,0.06669,0.06651,0.0666,741141.0
2026-07-19 14:00:00+00:00,0.0666,0.0669,0.06652,0.0668,1998798.0
2026-07-19 15:00:00+00:00,0.0668,0.06687,0.0666,0.06668,891134.0
2026-07-19 16:00:00+00:00,0.06668,0.06673,0.0665,0.06651,1574994.0
2026-07-19 17:00:00+00:00,0.06651,0.06661,0.06621,0.0665,2377730.0
2026-07-19 18:00:00+00:00,0.0665,0.06653,0.06626,0.06635,2510971.0
2026-07-19 19:00:00+00:00,0.06635,0.06639,0.06626,0.06638,1438703.0
2026-07-19 20:00:00+00:00,0.06638,0.06651,0.06636,0.06649,1467180.0
2026-07-19 21:00:00+00:00,0.06649,0.06665,0.06631,0.06635,3773625.0
2026-07-19 22:00:00+00:00,0.06635,0.06666,0.06627,0.06647,2474456.0
2026-07-19 23:00:00+00:00,0.06647,0.06654,0.06634,0.06651,1671400.0
2026-07-20 00:00:00+00:00,0.06651,0.06685,0.06606,0.06616,10403788.0
2026-07-20 01:00:00+00:00,0.06616,0.06653,0.0659,0.06597,4655378.0
2026-07-20 02:00:00+00:00,0.06597,0.0662,0.06578,0.06617,2178642.0
2026-07-20 03:00:00+00:00,0.06617,0.06622,0.06595,0.06611,4621201.0
2026-07-20 04:00:00+00:00,0.06611,0.06612,0.06588,0.06594,2235380.0
2026-07-20 05:00:00+00:00,0.06594,0.06599,0.06563,0.06568,5666943.0
2026-07-20 06:00:00+00:00,0.06568,0.06582,0.06538,0.06545,3534646.0
2026-07-20 07:00:00+00:00,0.06545,0.06575,0.06534,0.06569,2720267.0
2026-07-20 08:00:00+00:00,0.06569,0.06586,0.06547,0.06562,4317258.0
2026-07-20 09:00:00+00:00,0.06562,0.06594,0.06552,0.06593,3781841.0
2026-07-20 10:00:00+00:00,0.06593,0.06622,0.06581,0.06602,6642052.0
2026-07-20 11:00:00+00:00,0.06602,0.06664,0.066,0.06661,4696277.0
2026-07-20 12:00:00+00:00,0.06661,0.06668,0.06628,0.0663,3522310.0
2026-07-20 13:00:00+00:00,0.0663,0.06643,0.06589,0.06598,7991324.0
2026-07-20 14:00:00+00:00,0.06598,0.06628,0.06572,0.066,4439996.0
2026-07-20 15:00:00+00:00,0.066,0.06685,0.06597,0.06667,5631254.0
2026-07-20 16:00:00+00:00,0.06667,0.06677,0.06638,0.06661,6208879.0
2026-07-20 17:00:00+00:00,0.06661,0.06684,0.06656,0.06675,1933761.0
2026-07-20 18:00:00+00:00,0.06675,0.06709,0.06651,0.06656,3540297.0
2026-07-20 19:00:00+00:00,0.06656,0.06657,0.06592,0.06604,8945872.0
2026-07-20 20:00:00+00:00,0.06604,0.06631,0.066,0.06631,1402784.0
2026-07-20 21:00:00+00:00,0.06631,0.06676,0.0663,0.06653,3377442.0
2026-07-20 22:00:00+00:00,0.06653,0.06657,0.06639,0.06653,1619467.0
2026-07-20 23:00:00+00:00,0.06653,0.06669,0.06653,0.06668,1146419.0
2026-07-21 00:00:00+00:00,0.06668,0.06699,0.0666,0.06697,4413968.0
2026-07-21 01:00:00+00:00,0.06697,0.06704,0.06671,0.06676,2283284.0
2026-07-21 02:00:00+00:00,0.06676,0.06694,0.0666,0.06694,6135814.0
2026-07-21 03:00:00+00:00,0.06694,0.06715,0.0669,0.06713,2291632.0
2026-07-21 04:00:00+00:00,0.06713,0.06721,0.06671,0.06684,5093858.0
2026-07-21 05:00:00+00:00,0.06684,0.0671,0.06678,0.06702,3243971.0
2026-07-21 06:00:00+00:00,0.06702,0.06744,0.06697,0.06739,2868395.0
2026-07-21 07:00:00+00:00,0.06739,0.0675,0.06728,0.06742,5443702.0
2026-07-21 08:00:00+00:00,0.06742,0.0677,0.06742,0.06769,3025442.0
2026-07-21 09:00:00+00:00,0.06769,0.06811,0.06761,0.06797,8834703.0
2026-07-21 10:00:00+00:00,0.06797,0.06841,0.06797,0.06824,6881455.0
2026-07-21 11:00:00+00:00,0.06824,0.06852,0.06819,0.06836,7814413.0
2026-07-21 12:00:00+00:00,0.06836,0.06869,0.06807,0.06825,7026838.0
2026-07-21 13:00:00+00:00,0.06825,0.06863,0.06815,0.06861,6177601.0
2026-07-21 14:00:00+00:00,0.06861,0.06871,0.06826,0.06836,4027295.0
2026-07-21 15:00:00+00:00,0.06836,0.06885,0.06811,0.06855,6829336.0
2026-07-21 16:00:00+00:00,0.06855,0.06865,0.06833,0.06844,3386646.0
2026-07-21 17:00:00+00:00,0.06844,0.06896,0.06826,0.06871,5559357.0
2026-07-21 18:00:00+00:00,0.06871,0.0693,0.0686,0.0692,5042542.0
2026-07-21 19:00:00+00:00,0.0692,0.07057,0.0692,0.06975,28750500.0
2026-07-21 20:00:00+00:00,0.06975,0.07019,0.06932,0.0701,11460456.0
2026-07-21 21:00:00+00:00,0.0701,0.07011,0.06963,0.06991,5458088.0
2026-07-21 22:00:00+00:00,0.06991,0.06991,0.06936,0.0694,3645508.0
2026-07-21 23:00:00+00:00,0.0694,0.06953,0.06907,0.0695,2624985.0
2026-07-22 00:00:00+00:00,0.0695,0.06994,0.0694,0.0699,7117142.0
2026-07-22 01:00:00+00:00,0.0699,0.07014,0.06972,0.06996,4665077.0
2026-07-22 02:00:00+00:00,0.06996,0.07076,0.06996,0.07032,6456129.0
2026-07-22 03:00:00+00:00,0.07032,0.07058,0.07013,0.0702,2750700.0
2026-07-22 04:00:00+00:00,0.0702,0.07036,0.06975,0.07002,7732226.0
2026-07-22 05:00:00+00:00,0.07002,0.07009,0.06947,0.06973,5257255.0
2026-07-22 06:00:00+00:00,0.06973,0.07009,0.06948,0.06965,7080754.0
2026-07-22 07:00:00+00:00,0.06965,0.07016,0.06955,0.07013,6590865.0
2026-07-22 08:00:00+00:00,0.07013,0.07133,0.07011,0.0713,10631100.0
2026-07-22 09:00:00+00:00,0.0713,0.07189,0.07074,0.07083,15230934.0
2026-07-22 10:00:00+00:00,0.07083,0.07145,0.07053,0.07144,5626691.0
2026-07-22 11:00:00+00:00,0.07144,0.07144,0.0709,0.07137,10441741.0
2026-07-22 12:00:00+00:00,0.07137,0.0715,0.07069,0.07091,13887803.0
2026-07-22 13:00:00+00:00,0.07091,0.0714,0.0707,0.0714,7018475.0
2026-07-22 14:00:00+00:00,0.0714,0.0722,0.07137,0.07218,10118748.0
2026-07-22 15:00:00+00:00,0.07218,0.07336,0.07189,0.07247,27058680.0
2026-07-22 16:00:00+00:00,0.07247,0.074,0.07244,0.07395,18221932.0
2026-07-22 17:00:00+00:00,0.07395,0.07413,0.07212,0.07233,14102436.0
2026-07-22 18:00:00+00:00,0.07233,0.07238,0.07141,0.07183,14792987.0
2026-07-22 19:00:00+00:00,0.07183,0.07189,0.07153,0.0717,6955718.0
2026-07-22 20:00:00+00:00,0.0717,0.07185,0.07146,0.07168,6032803.0
2026-07-22 21:00:00+00:00,0.07168,0.07275,0.07159,0.07257,4688536.0
2026-07-22 22:00:00+00:00,0.07257,0.07315,0.07243,0.07313,4680010.0
2026-07-22 23:00:00+00:00,0.07313,0.07315,0.07228,0.07283,6503487.0
2026-07-23 00:00:00+00:00,0.07283,0.07336,0.0726,0.07325,7825012.0
2026-07-23 01:00:00+00:00,0.07325,0.07361,0.07312,0.07332,6407046.0
2026-07-23 02:00:00+00:00,0.07332,0.07337,0.07264,0.0729,6826524.0
2026-07-23 03:00:00+00:00,0.0729,0.07308,0.07243,0.07261,4702872.0
2026-07-23 04:00:00+00:00,0.07261,0.07327,0.07254,0.07314,5709953.0
2026-07-23 05:00:00+00:00,0.07314,0.0735,0.07298,0.07348,3130526.0
2026-07-23 06:00:00+00:00,0.07348,0.07384,0.07283,0.07384,6343842.0
2026-07-23 07:00:00+00:00,0.07384,0.07391,0.07316,0.07349,8209404.0
2026-07-23 08:00:00+00:00,0.07349,0.07443,0.07347,0.07441,8538636.0
2026-07-23 09:00:00+00:00,0.07441,0.07441,0.07379,0.07386,10052856.0
2026-07-23 10:00:00+00:00,0.07386,0.07398,0.07327,0.07367,5277949.0
2026-07-23 11:00:00+00:00,0.07367,0.07368,0.07269,0.07281,9692553.0
2026-07-23 12:00:00+00:00,0.07281,0.07292,0.07208,0.07235,8737470.0
2026-07-23 13:00:00+00:00,0.07235,0.07243,0.07167,0.07186,10142003.0
2026-07-23 14:00:00+00:00,0.07186,0.07215,0.07124,0.07131,8704574.0
2026-07-23 15:00:00+00:00,0.07131,0.07253,0.07088,0.07187,25873331.0
2026-07-23 16:00:00+00:00,0.07187,0.07252,0.07157,0.07234,8179819.0
2026-07-23 17:00:00+00:00,0.07234,0.07251,0.07152,0.0716,5943377.0
2026-07-23 18:00:00+00:00,0.0716,0.07222,0.07156,0.07214,4841903.0
2026-07-23 19:00:00+00:00,0.07214,0.07237,0.07193,0.07209,2828373.0
2026-07-23 20:00:00+00:00,0.07209,0.0726,0.0719,0.0719,3784718.0
2026-07-23 21:00:00+00:00,0.0719,0.07213,0.07131,0.07136,6566506.0
2026-07-23 22:00:00+00:00,0.07136,0.07172,0.07123,0.07135,5586159.0
2026-07-23 23:00:00+00:00,0.07135,0.07148,0.07107,0.07107,3031551.0
2026-07-24 00:00:00+00:00,0.07107,0.07121,0.07057,0.07073,9049309.0
2026-07-24 01:00:00+00:00,0.07073,0.07122,0.07066,0.07101,4843658.0
2026-07-24 02:00:00+00:00,0.07101,0.07121,0.07055,0.07069,6312077.0
2026-07-24 03:00:00+00:00,0.07069,0.07097,0.07062,0.07089,1873590.0
2026-07-24 04:00:00+00:00,0.07089,0.07114,0.07079,0.07096,2727149.0
2026-07-24 05:00:00+00:00,0.07096,0.07145,0.07092,0.07123,3610248.0
2026-07-24 06:00:00+00:00,0.07123,0.07137,0.07105,0.07113,6535260.0
2026-07-24 07:00:00+00:00,0.07113,0.07147,0.07064,0.07109,5795606.0
2026-07-24 08:00:00+00:00,0.07109,0.07109,0.07057,0.07065,7199877.0
2026-07-24 09:00:00+00:00,0.07065,0.07088,0.07046,0.07073,6040984.0
2026-07-24 10:00:00+00:00,0.07073,0.07077,0.07052,0.07067,1461413.0
2026-07-24 11:00:00+00:00,0.07067,0.0707,0.07026,0.07045,5607556.0
2026-07-24 12:00:00+00:00,0.07045,0.07068,0.07032,0.07045,3015286.0
2026-07-24 13:00:00+00:00,0.07045,0.07086,0.07033,0.07056,7218204.0
2026-07-24 14:00:00+00:00,0.07056,0.07079,0.07037,0.07079,4702762.0
2026-07-24 15:00:00+00:00,0.07079,0.07114,0.07043,0.07075,9269705.0
2026-07-24 16:00:00+00:00,0.07075,0.07094,0.07041,0.07064,7958811.0
2026-07-24 17:00:00+00:00,0.07064,0.07091,0.07056,0.07063,4997995.0
2026-07-24 18:00:00+00:00,0.07063,0.07097,0.07038,0.07094,2945740.0
2026-07-24 19:00:00+00:00,0.07094,0.07191,0.07074,0.07133,8009716.0
2026-07-24 20:00:00+00:00,0.07133,0.07264,0.07132,0.07253,7219057.0
2026-07-24 21:00:00+00:00,0.07253,0.07276,0.07144,0.07146,9496981.0
2026-07-24 22:00:00+00:00,0.07146,0.0717,0.07068,0.07092,8937463.0
2026-07-24 23:00:00+00:00,0.07092,0.07097,0.07028,0.07076,6742692.0
2026-07-25 00:00:00+00:00,0.07076,0.07117,0.06992,0.07019,14383648.0
2026-07-25 01:00:00+00:00,0.07019,0.07082,0.07013,0.07082,6240977.0
2026-07-25 02:00:00+00:00,0.07082,0.07083,0.0705,0.07053,2220833.0
2026-07-25 03:00:00+00:00,0.07053,0.07066,0.07037,0.0704,1726094.0
2026-07-25 04:00:00+00:00,0.0704,0.0705,0.07019,0.07037,2185969.0
2026-07-25 05:00:00+00:00,0.07037,0.0705,0.07019,0.07022,1774887.0
2026-07-25 06:00:00+00:00,0.07022,0.07025,0.07,0.07017,1256147.0
2026-07-25 07:00:00+00:00,0.07017,0.07018,0.07001,0.07005,1237586.0
2026-07-25 08:00:00+00:00,0.07005,0.07005,0.06975,0.06979,2978692.0
2026-07-25 09:00:00+00:00,0.06979,0.07012,0.06979,0.06989,1212019.0
2026-07-25 10:00:00+00:00,0.06989,0.0702,0.06989,0.07007,1902127.0
2026-07-25 11:00:00+00:00,0.07007,0.07033,0.07001,0.07001,6780991.0
2026-07-25 12:00:00+00:00,0.07001,0.0701,0.06992,0.07004,928463.0
2026-07-25 13:00:00+00:00,0.07004,0.07021,0.06989,0.06994,1815593.0
2026-07-25 14:00:00+00:00,0.06994,0.07005,0.06989,0.06998,1444164.0
2026-07-25 15:00:00+00:00,0.06998,0.07019,0.06998,0.07016,3392038.0
2026-07-25 16:00:00+00:00,0.07016,0.07046,0.07006,0.0704,3602403.0
2026-07-25 17:00:00+00:00,0.0704,0.07128,0.07035,0.07106,8271344.0
2026-07-25 18:00:00+00:00,0.07106,0.07138,0.07072,0.07088,7528300.0
2026-07-25 19:00:00+00:00,0.07088,0.07103,0.07072,0.07095,2837212.0
2026-07-25 20:00:00+00:00,0.07095,0.07105,0.07054,0.07064,3106697.0
2026-07-25 21:00:00+00:00,0.07064,0.07067,0.0702,0.07061,3124484.0
2026-07-25 22:00:00+00:00,0.07061,0.07117,0.07055,0.07084,5289821.0
2026-07-25 23:00:00+00:00,0.07084,0.07103,0.07071,0.07091,2034372.0
2026-07-26 00:00:00+00:00,0.07091,0.07099,0.07046,0.07052,4013849.0
2026-07-26 01:00:00+00:00,0.07052,0.07053,0.07023,0.07035,2482598.0
2026-07-26 02:00:00+00:00,0.07035,0.07038,0.07001,0.07018,4250320.0
2026-07-26 03:00:00+00:00,0.07018,0.07024,0.06997,0.07014,1166434.0
2026-07-26 04:00:00+00:00,0.07014,0.07023,0.07,0.07013,1616424.0
2026-07-26 05:00:00+00:00,0.07013,0.07044,0.06996,0.06996,5005331.0
2026-07-26 06:00:00+00:00,0.06996,0.07,0.06961,0.0698,3036176.0
2026-07-26 07:00:00+00:00,0.0698,0.07012,0.06973,0.0699,3939000.0
2026-07-26 08:00:00+00:00,0.0699,0.07006,0.06983,0.07005,1313557.0
2026-07-26 09:00:00+00:00,0.07005,0.07011,0.06985,0.07004,2431004.0
2026-07-26 10:00:00+00:00,0.07004,0.07019,0.06998,0.07007,1527904.0
2026-07-26 11:00:00+00:00,0.07007,0.07044,0.0699,0.07003,3565379.0
2026-07-26 12:00:00+00:00,0.07003,0.0702,0.06994,0.06995,2361502.0
2026-07-26 13:00:00+00:00,0.06995,0.07004,0.0697,0.06986,3430676.0
2026-07-26 14:00:00+00:00,0.06986,0.07014,0.06974,0.0698,5050863.0
2026-07-26 15:00:00+00:00,0.0698,0.07013,0.06977,0.07006,2372071.0
2026-07-26 16:00:00+00:00,0.07006,0.07036,0.06998,0.07003,2885233.0
2026-07-26 17:00:00+00:00,0.07003,0.07009,0.06984,0.06994,1196874.0
2026-07-26 18:00:00+00:00,0.06994,0.07005,0.06985,0.07003,1795051.0
2026-07-26 19:00:00+00:00,0.07003,0.0701,0.06991,0.06994,2414570.0
2026-07-26 20:00:00+00:00,0.06994,0.07004,0.06982,0.0699,2780018.0
2026-07-26 21:00:00+00:00,0.0699,0.06994,0.06905,0.06971,20765803.0
2026-07-26 22:00:00+00:00,0.06971,0.07036,0.06971,0.07022,6238668.0
2026-07-26 23:00:00+00:00,0.07022,0.07047,0.07009,0.07021,4807885.0
2026-07-27 00:00:00+00:00,0.07021,0.07023,0.06957,0.06957,5855038.0
2026-07-27 01:00:00+00:00,0.06957,0.06971,0.06924,0.06969,2586098.0
2026-07-27 02:00:00+00:00,0.06969,0.0698,0.06946,0.06978,1599509.0
2026-07-27 03:00:00+00:00,0.06978,0.06997,0.06972,0.06996,2168767.0
2026-07-27 04:00:00+00:00,0.06996,0.06997,0.06978,0.0698,1638626.0
2026-07-27 05:00:00+00:00,0.0698,0.06996,0.06944,0.06958,3989054.0
2026-07-27 06:00:00+00:00,0.06958,0.06988,0.0695,0.06956,5461041.0
2026-07-27 07:00:00+00:00,0.06956,0.06963,0.06932,0.06935,2637317.0
2026-07-27 08:00:00+00:00,0.06935,0.06952,0.0693,0.06931,4597793.0
2026-07-27 09:00:00+00:00,0.06931,0.06941,0.06897,0.06904,4388996.0
2026-07-27 10:00:00+00:00,0.06904,0.06931,0.06894,0.06927,2621788.0
2026-07-27 11:00:00+00:00,0.06927,0.06932,0.0691,0.06917,3095444.0
2026-07-27 12:00:00+00:00,0.06917,0.06963,0.06882,0.06945,11193510.0
2026-07-27 13:00:00+00:00,0.06945,0.06979,0.06915,0.06921,9171865.0
2026-07-27 14:00:00+00:00,0.06921,0.06923,0.06821,0.06853,21174078.0
2026-07-27 15:00:00+00:00,0.06853,0.06869,0.06779,0.06798,13680768.0
2026-07-27 16:00:00+00:00,0.06798,0.06864,0.06787,0.06849,4930424.0
2026-07-27 17:00:00+00:00,0.06849,0.06879,0.06845,0.06876,2921303.0
2026-07-27 18:00:00+00:00,0.06876,0.06894,0.06865,0.06885,5876151.0
2026-07-27 19:00:00+00:00,0.06885,0.06905,0.0688,0.06892,3348066.0
2026-07-27 20:00:00+00:00,0.06892,0.06904,0.06878,0.06903,1899264.0
2026-07-27 21:00:00+00:00,0.06903,0.06903,0.06866,0.06868,3416159.0
2026-07-27 22:00:00+00:00,0.06868,0.06872,0.06811,0.06813,7686174.0
2026-07-27 23:00:00+00:00,0.06813,0.06845,0.068,0.06809,4211387.0
2026-07-28 00:00:00+00:00,0.06809,0.06832,0.06771,0.06776,9789980.0
2026-07-28 01:00:00+00:00,0.06776,0.0678,0.06729,0.06739,12368499.0
2026-07-28 02:00:00+00:00,0.06739,0.06771,0.06732,0.06747,3735026.0
2026-07-28 03:00:00+00:00,0.06747,0.06786,0.06739,0.06773,2622836.0
2026-07-28 04:00:00+00:00,0.06773,0.06802,0.06768,0.06794,2561523.0
2026-07-28 05:00:00+00:00,0.06794,0.06866,0.0679,0.06817,10609844.0
2026-07-28 06:00:00+00:00,0.06817,0.06828,0.06778,0.06792,4622922.0
2026-07-28 07:00:00+00:00,0.06792,0.06828,0.06784,0.06787,6223562.0
2026-07-28 08:00:00+00:00,0.06787,0.06793,0.06769,0.06784,2246087.0
2026-07-28 09:00:00+00:00,0.06784,0.06809,0.06779,0.06785,1243207.0
2026-07-28 10:00:00+00:00,0.06785,0.06797,0.0678,0.0678,1148568.0
2026-07-28 11:00:00+00:00,0.0678,0.06783,0.06747,0.06751,2515763.0
2026-07-28 12:00:00+00:00,0.06751,0.06771,0.06738,0.06761,3728751.0
2026-07-28 13:00:00+00:00,0.06761,0.06767,0.06701,0.06741,8588286.0
2026-07-28 14:00:00+00:00,0.06741,0.06809,0.0674,0.06793,3317196.0
2026-07-28 15:00:00+00:00,0.06793,0.06848,0.06775,0.06844,6362707.0
2026-07-28 16:00:00+00:00,0.06844,0.06898,0.06832,0.06876,6397706.0
2026-07-28 17:00:00+00:00,0.06876,0.06878,0.06786,0.06816,4793269.0
2026-07-28 18:00:00+00:00,0.06816,0.06836,0.06789,0.06805,2281466.0
2026-07-28 19:00:00+00:00,0.06805,0.06835,0.06802,0.06833,838721.0
2026-07-28 20:00:00+00:00,0.06833,0.06853,0.06824,0.06824,1657800.0
2026-07-28 21:00:00+00:00,0.06824,0.06851,0.06816,0.06837,1702695.0
2026-07-28 22:00:00+00:00,0.06837,0.06846,0.06796,0.06806,2222630.0
2026-07-28 23:00:00+00:00,0.06806,0.0684,0.06794,0.0684,1626556.0
2026-07-29 00:00:00+00:00,0.0684,0.06888,0.06837,0.06882,4613322.0
2026-07-29 01:00:00+00:00,0.06882,0.06896,0.0687,0.0687,1877587.0
2026-07-29 02:00:00+00:00,0.0687,0.06919,0.06851,0.06891,3958643.0
2026-07-29 03:00:00+00:00,0.06891,0.06893,0.06817,0.06819,4288697.0
2026-07-29 04:00:00+00:00,0.06819,0.06842,0.06788,0.06841,4808775.0
2026-07-29 05:00:00+00:00,0.06841,0.06866,0.06838,0.06849,1520660.0
2026-07-29 06:00:00+00:00,0.06849,0.06875,0.06841,0.06857,815104.0
2026-07-29 07:00:00+00:00,0.06857,0.06871,0.06843,0.06868,2558920.0
2026-07-29 08:00:00+00:00,0.06868,0.06874,0.06815,0.0683,2918791.0
2026-07-29 09:00:00+00:00,0.0683,0.06877,0.0683,0.06874,1666474.0
2026-07-29 10:00:00+00:00,0.06874,0.06892,0.06836,0.0685,6296105.0
2026-07-29 11:00:00+00:00,0.0685,0.06856,0.0683,0.06842,908966.0
2026-07-29 12:00:00+00:00,0.06842,0.06842,0.06805,0.06815,3007939.0
2026-07-29 13:00:00+00:00,0.06815,0.06833,0.06785,0.06809,4302675.0
2026-07-29 14:00:00+00:00,0.06809,0.06814,0.06783,0.06796,3011200.0
2026-07-29 15:00:00+00:00,0.06796,0.06811,0.06775,0.06783,3248417.0
2026-07-29 16:00:00+00:00,0.06783,0.06794,0.06752,0.06771,6615906.0
2026-07-29 17:00:00+00:00,0.06771,0.0681,0.06761,0.06804,2177227.0
2026-07-29 18:00:00+00:00,0.06804,0.06851,0.0677,0.06846,10537589.0
2026-07-29 19:00:00+00:00,0.06846,0.06849,0.06735,0.06739,5235919.0
2026-07-29 20:00:00+00:00,0.06739,0.06759,0.06694,0.06707,8625659.0
2026-07-29 21:00:00+00:00,0.06707,0.06751,0.06687,0.06746,4336059.0
2026-07-29 22:00:00+00:00,0.06746,0.06786,0.06746,0.06782,2553271.0
2026-07-29 23:00:00+00:00,0.06782,0.06792,0.06761,0.06785,2078717.0
2026-07-30 00:00:00+00:00,0.06785,0.06805,0.06764,0.06785,2742896.0
2026-07-30 01:00:00+00:00,0.06785,0.06854,0.06785,0.0684,3998570.0
2026-07-30 02:00:00+00:00,0.0684,0.06847,0.06817,0.06818,2748755.0
2026-07-30 03:00:00+00:00,0.06818,0.06824,0.0679,0.06798,2661474.0
2026-07-30 04:00:00+00:00,0.06798,0.068,0.06782,0.06783,1127931.0
2026-07-30 05:00:00+00:00,0.06783,0.06788,0.06773,0.0678,2515617.0
2026-07-30 06:00:00+00:00,0.0678,0.06798,0.06775,0.06776,838989.0
2026-07-30 07:00:00+00:00,0.06776,0.06796,0.06765,0.06767,1379433.0
2026-07-30 08:00:00+00:00,0.06767,0.06805,0.06762,0.06776,2006368.0
2026-07-30 09:00:00+00:00,0.06776,0.06786,0.0677,0.06773,2430043.0
2026-07-30 10:00:00+00:00,0.06773,0.06787,0.06768,0.06778,777877.0
2026-07-30 11:00:00+00:00,0.06778,0.06805,0.06771,0.06801,3173364.0
2026-07-30 12:00:00+00:00,0.06801,0.06825,0.06801,0.06824,2736818.0
2026-07-30 13:00:00+00:00,0.06824,0.06847,0.06796,0.06847,6252959.0
2026-07-30 14:00:00+00:00,0.06847,0.06853,0.06807,0.06817,4005773.0
2026-07-30 15:00:00+00:00,0.06817,0.0684,0.06801,0.0681,3704082.0
2026-07-30 16:00:00+00:00,0.0681,0.06836,0.06809,0.06831,1273987.0
2026-07-30 17:00:00+00:00,0.06831,0.0685,0.06814,0.06844,1644700.0
2026-07-30 18:00:00+00:00,0.06844,0.06846,0.06818,0.06827,1218720.0
2026-07-30 19:00:00+00:00,0.06827,0.06866,0.06818,0.06857,1436589.0
2026-07-30 20:00:00+00:00,0.06857,0.06869,0.06842,0.06843,2942711.0
2026-07-30 21:00:00+00:00,0.06843,0.06861,0.06838,0.06843,2513453.0
2026-07-30 22:00:00+00:00,0.06843,0.06882,0.06835,0.06877,2130104.0
2026-07-30 23:00:00+00:00,0.06877,0.06896,0.06833,0.06834,5859817.0
2026-07-31 00:00:00+00:00,0.06834,0.06844,0.0679,0.06799,6626178.0
2026-07-31 01:00:00+00:00,0.06799,0.06827,0.06793,0.06801,3496327.0
2026-07-31 02:00:00+00:00,0.06801,0.06821,0.06801,0.06802,1177002.0
2026-07-31 03:00:00+00:00,0.06802,0.06841,0.06793,0.06832,1859802.0
2026-07-31 04:00:00+00:00,0.06832,0.06858,0.06826,0.06847,1923481.0
2026-07-31 05:00:00+00:00,0.06847,0.06876,0.06847,0.06871,1250867.0
2026-07-31 06:00:00+00:00,0.06871,0.06877,0.06847,0.06854,2447010.0
2026-07-31 07:00:00+00:00,0.06854,0.06889,0.06835,0.06881,2808760.0
2026-07-31 08:00:00+00:00,0.06881,0.06886,0.06861,0.06867,2165776.0
2026-07-31 09:00:00+00:00,0.06867,0.06867,0.06804,0.0681,4193692.0
2026-07-31 10:00:00+00:00,0.0681,0.06827,0.06795,0.06806,2804470.0
2026-07-31 11:00:00+00:00,0.06806,0.06818,0.068,0.06804,894489.0
2026-07-31 12:00:00+00:00,0.06804,0.06814,0.06793,0.06806,1278332.0
2026-07-31 13:00:00+00:00,0.06806,0.06826,0.06769,0.06782,6022907.0
2026-07-31 14:00:00+00:00,0.06782,0.06835,0.06752,0.06788,12307340.0
2026-07-31 15:00:00+00:00,0.06788,0.06801,0.06739,0.06745,3984872.0
2026-07-31 16:00:00+00:00,0.06745,0.06796,0.06739,0.06792,2241658.0
2026-07-31 17:00:00+00:00,0.06792,0.06834,0.06785,0.06827,3088214.0
2026-07-31 18:00:00+00:00,0.06827,0.06838,0.06807,0.06833,2222278.0
2026-07-31 19:00:00+00:00,0.06833,0.06843,0.06801,0.06805,1633474.0
2026-07-31 20:00:00+00:00,0.06805,0.06828,0.068,0.06815,1670770.0
2026-07-31 21:00:00+00:00,0.06815,0.06837,0.068,0.06831,1338602.0
2026-07-31 22:00:00+00:00,0.06831,0.06879,0.06823,0.06873,2632813.0
2026-07-31 23:00:00+00:00,0.06873,0.06882,0.06851,0.06879,4409597.0
2026-08-01 00:00:00+00:00,0.06879,0.06951,0.06866,0.06924,6168274.0
2026-08-01 01:00:00+00:00,0.06924,0.07031,0.06924,0.07024,8870215.0
2026-08-01 02:00:00+00:00,0.07024,0.07056,0.0698,0.06989,6015175.0
2026-08-01 03:00:00+00:00,0.06989,0.07026,0.06981,0.07001,3157152.0
2026-08-01 04:00:00+00:00,0.07001,0.07008,0.06968,0.06983,2445378.0
2026-08-01 05:00:00+00:00,0.06983,0.06988,0.06935,0.06938,2368379.0
2026-08-01 06:00:00+00:00,0.06938,0.06987,0.06938,0.06972,1688170.0
2026-08-01 07:00:00+00:00,0.06972,0.07004,0.0697,0.06975,3172014.0
2026-08-01 08:00:00+00:00,0.06975,0.07022,0.06974,0.0702,2164819.0
2026-08-01 09:00:00+00:00,0.0702,0.07045,0.06996,0.07003,2762446.0
2026-08-01 10:00:00+00:00,0.07003,0.07008,0.06968,0.06977,2128084.0
2026-08-01 11:00:00+00:00,0.06977,0.06994,0.06974,0.06987,1635147.0
2026-08-01 12:00:00+00:00,0.06987,0.06997,0.06956,0.06989,2759783.0
2026-08-01 13:00:00+00:00,0.06989,0.07015,0.06989,0.07012,1320158.0
2026-08-01 14:00:00+00:00,0.07012,0.0702,0.06989,0.07008,2924820.0
2026-08-01 15:00:00+00:00,0.07008,0.07012,0.06972,0.06983,2760936.0
2026-08-01 16:00:00+00:00,0.06983,0.06997,0.06966,0.06978,4440975.0
2026-08-01 17:00:00+00:00,0.06978,0.06978,0.0693,0.06935,5443504.0
2026-08-01 18:00:00+00:00,0.06935,0.0694,0.06865,0.06921,10022620.0
2026-08-01 19:00:00+00:00,0.06921,0.06933,0.06897,0.06913,2159734.0
2026-08-01 20:00:00+00:00,0.06913,0.06923,0.06898,0.069,1893996.0
2026-08-01 21:00:00+00:00,0.069,0.06928,0.06896,0.06926,2912297.0
2026-08-01 22:00:00+00:00,0.06926,0.06942,0.06908,0.06908,2053157.0
2026-08-01 23:00:00+00:00,0.06908,0.06917,0.06897,0.06902,1471474.0
2026-08-02 00:00:00+00:00,0.06902,0.06948,0.06893,0.06916,5530912.0
2026-08-02 01:00:00+00:00,0.06916,0.06946,0.06915,0.06918,3734965.0
2026-08-02 02:00:00+00:00,0.06918,0.06962,0.06914,0.06942,5035620.0
2026-08-02 03:00:00+00:00,0.06942,0.06954,0.06937,0.06947,2257915.0
2026-08-02 04:00:00+00:00,0.06947,0.07017,0.06947,0.06999,6698895.0
2026-08-02 05:00:00+00:00,0.06999,0.07013,0.06975,0.06993,1962324.0
2026-08-02 06:00:00+00:00,0.06993,0.07009,0.06984,0.07005,1824815.0
2026-08-02 07:00:00+00:00,0.07005,0.07067,0.06999,0.07045,7944849.0
2026-08-02 08:00:00+00:00,0.07045,0.07062,0.06997,0.07005,7123201.0
2026-08-02 09:00:00+00:00,0.07005,0.07024,0.06996,0.0702,2299457.0
2026-08-02 10:00:00+00:00,0.0702,0.07021,0.0697,0.06995,5658063.0
2026-08-02 11:00:00+00:00,0.06995,0.07018,0.06986,0.07005,3005648.0
2026-08-02 12:00:00+00:00,0.07005,0.07041,0.0698,0.0702,6913419.0
2026-08-02 13:00:00+00:00,0.0702,0.07032,0.0701,0.07028,1968665.0
2026-08-02 14:00:00+00:00,0.07028,0.07031,0.06992,0.06992,4969011.0
2026-08-02 15:00:00+00:00,0.06992,0.07012,0.0699,0.06993,514093.0
2026-08-02 16:00:00+00:00,0.06993,0.07014,0.06987,0.07,2220053.0
2026-08-02 17:00:00+00:00,0.07,0.0701,0.06995,0.06997,700435.0
2026-08-02 18:00:00+00:00,0.06997,0.07016,0.06987,0.06987,1992105.0
2026-08-02 19:00:00+00:00,0.06987,0.06987,0.0696,0.06984,3566908.0
2026-08-02 20:00:00+00:00,0.06984,0.06984,0.06965,0.06968,2723314.0
2026-08-02 21:00:00+00:00,0.06968,0.06993,0.06966,0.0698,2415563.0
2026-08-02 22:00:00+00:00,0.0698,0.07012,0.0698,0.06989,2869183.0
2026-08-02 23:00:00+00:00,0.06989,0.07002,0.06974,0.07002,1743454.0
2026-08-03 00:00:00+00:00,0.07002,0.07006,0.06964,0.06969,3462852.0
2026-08-03 01:00:00+00:00,0.06969,0.06976,0.06941,0.06951,1173508.0
2026-08-03 02:00:00+00:00,0.06951,0.06956,0.06923,0.06925,4041489.0
2026-08-03 03:00:00+00:00,0.06925,0.06933,0.06906,0.06929,4478362.0
2026-08-03 04:00:00+00:00,0.06929,0.06945,0.06919,0.06919,2932210.0
2026-08-03 05:00:00+00:00,0.06919,0.0693,0.06908,0.0692,1653440.0
2026-08-03 06:00:00+00:00,0.0692,0.06928,0.06895,0.06898,1319003.0
2026-08-03 07:00:00+00:00,0.06898,0.06929,0.06878,0.06896,9061643.0
2026-08-03 08:00:00+00:00,0.06896,0.06897,0.06849,0.06855,5678409.0
2026-08-03 09:00:00+00:00,0.06855,0.06885,0.06843,0.0688,5550168.0
2026-08-03 10:00:00+00:00,0.0688,0.06886,0.06868,0.06883,2393705.0
2026-08-03 11:00:00+00:00,0.06883,0.06885,0.06856,0.06869,4470208.0
2026-08-03 12:00:00+00:00,0.06869,0.06898,0.06866,0.06888,2755946.0
2026-08-03 13:00:00+00:00,0.06888,0.06928,0.06869,0.06917,7143666.0
2026-08-03 14:00:00+00:00,0.06917,0.06962,0.06898,0.06962,5650855.0
2026-08-03 15:00:00+00:00,0.06962,0.07032,0.06949,0.07025,11797508.0
2026-08-03 16:00:00+00:00,0.07025,0.07079,0.06997,0.07008,12497960.0
2026-08-03 17:00:00+00:00,0.07008,0.07088,0.07005,0.07067,3337257.0
2026-08-03 18:00:00+00:00,0.07067,0.07078,0.07042,0.07058,2582946.0
2026-08-03 19:00:00+00:00,0.07058,0.07081,0.07042,0.07043,2134479.0
2026-08-03 20:00:00+00:00,0.07043,0.07072,0.07033,0.07072,2657082.0
2026-08-03 21:00:00+00:00,0.07072,0.07126,0.07072,0.0708,5590095.0
2026-08-03 22:00:00+00:00,0.0708,0.07097,0.07047,0.07094,3111121.0
2026-08-03 23:00:00+00:00,0.07094,0.07094,0.07043,0.07049,2576160.0
2026-08-04 00:00:00+00:00,0.07049,0.07065,0.06989,0.06999,6011138.0
2026-08-04 01:00:00+00:00,0.06999,0.07065,0.06998,0.07057,3207926.0
2026-08-04 02:00:00+00:00,0.07057,0.07105,0.07056,0.07093,2202282.0
2026-08-04 03:00:00+00:00,0.07093,0.07122,0.07077,0.07114,3244785.0
2026-08-04 04:00:00+00:00,0.07114,0.07152,0.07113,0.07125,6433488.0
2026-08-04 05:00:00+00:00,0.07125,0.07129,0.0707,0.07078,3612603.0
2026-08-04 06:00:00+00:00,0.07078,0.07081,0.07054,0.0706,2496895.0
2026-08-04 07:00:00+00:00,0.0706,0.07089,0.0704,0.07082,3862719.0
2026-08-04 08:00:00+00:00,0.07082,0.071,0.07052,0.07076,5531937.0
2026-08-04 09:00:00+00:00,0.07076,0.07122,0.07074,0.0711,5978093.0
2026-08-04 10:00:00+00:00,0.0711,0.0715,0.07102,0.07106,5016619.0
2026-08-04 11:00:00+00:00,0.07106,0.07119,0.07081,0.07092,3991977.0
2026-08-04 12:00:00+00:00,0.07092,0.07092,0.07057,0.07062,3976423.0
2026-08-04 13:00:00+00:00,0.07062,0.07079,0.0695,0.06954,18711473.0
2026-08-04 14:00:00+00:00,0.06954,0.06974,0.06913,0.06974,7603191.0
2026-08-04 15:00:00+00:00,0.06974,0.06976,0.06915,0.0696,9139255.0
2026-08-04 16:00:00+00:00,0.0696,0.0699,0.06953,0.06988,3883547.0
2026-08-04 17:00:00+00:00,0.06988,0.06997,0.06974,0.06982,4616819.0
2026-08-04 18:00:00+00:00,0.06982,0.07006,0.06979,0.06992,2217124.0
2026-08-04 19:00:00+00:00,0.06992,0.07021,0.06992,0.07015,3033493.0
2026-08-04 20:00:00+00:00,0.07015,0.07015,0.06983,0.06988,2714191.0
2026-08-04 21:00:00+00:00,0.06988,0.07003,0.06966,0.06971,2610035.0
2026-08-04 22:00:00+00:00,0.06971,0.06972,0.06946,0.06953,2146730.0
2026-08-04 23:00:00+00:00,0.06953,0.06955,0.06927,0.06935,4397850.0
2026-08-05 00:00:00+00:00,0.06935,0.06946,0.06903,0.06911,2915382.0
2026-08-05 01:00:00+00:00,0.06911,0.06927,0.06905,0.06917,2445597.0
2026-08-05 02:00:00+00:00,0.06917,0.06938,0.06914,0.06921,3779827.0
2026-08-05 03:00:00+00:00,0.06921,0.06926,0.06893,0.06904,2502326.0
2026-08-05 04:00:00+00:00,0.06904,0.06914,0.06898,0.069,1667699.0
2026-08-05 05:00:00+00:00,0.069,0.06932,0.06896,0.0692,2400868.0
2026-08-05 06:00:00+00:00,0.0692,0.06932,0.0691,0.06924,3706057.0
2026-08-05 07:00:00+00:00,0.06924,0.06928,0.06904,0.06912,1781147.0
2026-08-05 08:00:00+00:00,0.06912,0.06916,0.06897,0.069,1954858.0
2026-08-05 09:00:00+00:00,0.069,0.06941,0.06899,0.06914,4185229.0
2026-08-05 10:00:00+00:00,0.06914,0.06939,0.06907,0.06926,2340566.0
2026-08-05 11:00:00+00:00,0.06926,0.06935,0.06912,0.06916,1616922.0
2026-08-05 12:00:00+00:00,0.06916,0.06961,0.06912,0.06949,4179601.0
2026-08-05 13:00:00+00:00,0.06949,0.06966,0.06935,0.06949,8596599.0
2026-08-05 14:00:00+00:00,0.06949,0.06981,0.06934,0.06964,7935693.0
2026-08-05 15:00:00+00:00,0.06964,0.06997,0.06865,0.06865,18692038.0
2026-08-05 16:00:00+00:00,0.06865,0.06928,0.06864,0.06917,6826649.0
2026-08-05 17:00:00+00:00,0.06917,0.06959,0.06916,0.06946,3410729.0
2026-08-05 18:00:00+00:00,0.06946,0.06978,0.06933,0.06968,5003971.0
2026-08-05 19:00:00+00:00,0.06968,0.06984,0.06962,0.06964,2147926.0
2026-08-05 20:00:00+00:00,0.06964,0.06983,0.06933,0.06933,4461428.0
2026-08-05 21:00:00+00:00,0.06933,0.06947,0.0691,0.06913,3348496.0
2026-08-05 22:00:00+00:00,0.06913,0.06921,0.06904,0.06913,1214717.0
2026-08-05 23:00:00+00:00,0.06913,0.06928,0.06902,0.06902,1251429.0
2026-08-06 00:00:00+00:00,0.06902,0.06948,0.06902,0.06931,1409604.0
2026-08-06 01:00:00+00:00,0.06931,0.06935,0.06887,0.06888,1963370.0
2026-08-06 02:00:00+00:00,0.06888,0.0689,0.06845,0.06864,5264243.0
2026-08-06 03:00:00+00:00,0.06864,0.06879,0.06826,0.06833,2252239.0
2026-08-06 04:00:00+00:00,0.06833,0.06872,0.06827,0.06858,3563899.0
2026-08-06 05:00:00+00:00,0.06858,0.06886,0.06858,0.06864,2022721.0
2026-08-06 06:00:00+00:00,0.06864,0.06876,0.06858,0.06867,1972458.0
2026-08-06 07:00:00+00:00,0.06867,0.06874,0.06844,0.06846,1872891.0
2026-08-06 08:00:00+00:00,0.06846,0.06855,0.06835,0.06846,2192050.0
2026-08-06 09:00:00+00:00,0.06846,0.06847,0.06817,0.06823,4050319.0
2026-08-06 10:00:00+00:00,0.06823,0.06851,0.06812,0.06832,5043443.0
2026-08-06 11:00:00+00:00,0.06832,0.06887,0.06829,0.06876,5296799.0
2026-08-06 12:00:00+00:00,0.06876,0.06904,0.06864,0.06885,2403556.0
2026-08-06 13:00:00+00:00,0.06885,0.06904,0.06869,0.06897,2635844.0
2026-08-06 14:00:00+00:00,0.06897,0.06944,0.06896,0.06943,7082522.0
2026-08-06 15:00:00+00:00,0.06943,0.06964,0.06834,0.06835,15309005.0
2026-08-06 16:00:00+00:00,0.06835,0.06881,0.06832,0.06844,7355514.0
2026-08-06 17:00:00+00:00,0.06844,0.06884,0.06844,0.06853,3070178.0
2026-08-06 18:00:00+00:00,0.06853,0.06871,0.06845,0.06845,2428163.0
2026-08-06 19:00:00+00:00,0.06845,0.06855,0.06804,0.06808,2638524.0
2026-08-06 20:00:00+00:00,0.06808,0.06834,0.06799,0.06809,8646614.0
2026-08-06 21:00:00+00:00,0.06809,0.06831,0.06805,0.06814,1753914.0
2026-08-06 22:00:00+00:00,0.06814,0.06845,0.06805,0.06834,2927926.0
2026-08-06 23:00:00+00:00,0.06834,0.06834,0.06809,0.06818,3184481.0
2026-08-07 00:00:00+00:00,0.06818,0.06845,0.06815,0.06841,2265009.0
2026-08-07 01:00:00+00:00,0.06841,0.06857,0.06824,0.06824,1823678.0
2026-08-07 02:00:00+00:00,0.06824,0.06852,0.0682,0.06822,2438282.0
2026-08-07 03:00:00+00:00,0.06822,0.06831,0.06803,0.06803,1833993.0
2026-08-07 04:00:00+00:00,0.06803,0.06823,0.06785,0.06813,3491408.0
2026-08-07 05:00:00+00:00,0.06813,0.06819,0.06794,0.06802,2591002.0
2026-08-07 06:00:00+00:00,0.06802,0.06848,0.06796,0.0684,3174451.0
2026-08-07 07:00:00+00:00,0.0684,0.06863,0.06832,0.06855,3584838.0
2026-08-07 08:00:00+00:00,0.06855,0.06872,0.06854,0.06871,1822871.0
2026-08-07 09:00:00+00:00,0.06871,0.06878,0.06839,0.0684,3163994.0
2026-08-07 10:00:00+00:00,0.0684,0.06852,0.06836,0.06836,1158942.0
2026-08-07 11:00:00+00:00,0.06836,0.06861,0.06834,0.06847,2464520.0
2026-08-07 12:00:00+00:00,0.06847,0.06874,0.06821,0.06832,5569306.0
2026-08-07 13:00:00+00:00,0.06832,0.06848,0.06824,0.06829,1859896.0
2026-08-07 14:00:00+00:00,0.06829,0.06841,0.06787,0.06794,6888173.0
2026-08-07 15:00:00+00:00,0.06794,0.06812,0.06767,0.06787,5369241.0
2026-08-07 16:00:00+00:00,0.06787,0.06798,0.06757,0.06758,3967135.0
2026-08-07 17:00:00+00:00,0.06758,0.06773,0.0671,0.06717,15836805.0
2026-08-07 18:00:00+00:00,0.06717,0.06749,0.06717,0.06736,2148980.0
2026-08-07 19:00:00+00:00,0.06736,0.06774,0.06736,0.06768,1688859.0
2026-08-07 20:00:00+00:00,0.06768,0.06791,0.06762,0.0679,1139657.0
2026-08-07 21:00:00+00:00,0.0679,0.06802,0.06783,0.06795,1570804.0
2026-08-07 22:00:00+00:00,0.06795,0.0681,0.0679,0.06802,771154.0
2026-08-07 23:00:00+00:00,0.06802,0.06813,0.068,0.06801,945297.0
2026-08-08 00:00:00+00:00,0.06801,0.06821,0.06796,0.06821,1490351.0
2026-08-08 01:00:00+00:00,0.06821,0.06846,0.06821,0.06822,3521626.0
2026-08-08 02:00:00+00:00,0.06822,0.06822,0.06792,0.06793,1373197.0
2026-08-08 03:00:00+00:00,0.06793,0.06832,0.06793,0.06815,1436380.0
2026-08-08 04:00:00+00:00,0.06815,0.06819,0.068,0.06807,1211536.0
2026-08-08 05:00:00+00:00,0.06807,0.06826,0.06807,0.06816,577988.0
2026-08-08 06:00:00+00:00,0.06816,0.06825,0.06813,0.06814,1436385.0
2026-08-08 07:00:00+00:00,0.06814,0.06835,0.06801,0.06835,1542386.0
2026-08-08 08:00:00+00:00,0.06835,0.06865,0.06824,0.0686,7284915.0
2026-08-08 09:00:00+00:00,0.0686,0.06865,0.06842,0.06853,1906726.0
2026-08-08 10:00:00+00:00,0.06853,0.06866,0.06844,0.0686,883331.0
2026-08-08 11:00:00+00:00,0.0686,0.06869,0.06849,0.06849,1002320.0
2026-08-08 12:00:00+00:00,0.06849,0.06868,0.06849,0.06856,1995199.0
2026-08-08 13:00:00+00:00,0.06856,0.06892,0.06855,0.06891,3022641.0
2026-08-08 14:00:00+00:00,0.06891,0.06923,0.06891,0.06916,2893806.0
2026-08-08 15:00:00+00:00,0.06916,0.06939,0.06906,0.06926,2687763.0
2026-08-08 16:00:00+00:00,0.06926,0.06995,0.06918,0.06964,7226997.0
2026-08-08 17:00:00+00:00,0.06964,0.06981,0.06943,0.06957,2119585.0
2026-08-08 18:00:00+00:00,0.06957,0.06961,0.06924,0.06933,2397339.0
2026-08-08 19:00:00+00:00,0.06933,0.06933,0.06902,0.06916,2466559.0
2026-08-08 20:00:00+00:00,0.06916,0.06945,0.0691,0.06929,1079274.0
2026-08-08 21:00:00+00:00,0.06929,0.06933,0.06895,0.06899,2831676.0
2026-08-08 22:00:00+00:00,0.06899,0.06907,0.06892,0.06896,899176.0
2026-08-08 23:00:00+00:00,0.06896,0.06904,0.06879,0.06894,2322117.0
2026-08-09 00:00:00+00:00,0.06894,0.06908,0.06884,0.0689,2004829.0
2026-08-09 01:00:00+00:00,0.0689,0.06908,0.06884,0.0689,2329957.0
2026-08-09 02:00:00+00:00,0.0689,0.06921,0.06886,0.06917,1191241.0
2026-08-09 03:00:00+00:00,0.06917,0.06952,0.06905,0.06938,1850417.0
2026-08-09 04:00:00+00:00,0.06938,0.06996,0.06936,0.0699,1157527.0
2026-08-09 05:00:00+00:00,0.0699,0.07004,0.06901,0.06923,6021245.0
2026-08-09 06:00:00+00:00,0.06923,0.06965,0.06921,0.06958,2060393.0
2026-08-09 07:00:00+00:00,0.06958,0.06967,0.06936,0.06943,1771311.0
2026-08-09 08:00:00+00:00,0.06943,0.06963,0.06934,0.0696,1606698.0
2026-08-09 09:00:00+00:00,0.0696,0.06962,0.06897,0.06899,3217485.0
2026-08-09 10:00:00+00:00,0.06899,0.06903,0.06871,0.06874,3695006.0
2026-08-09 11:00:00+00:00,0.06874,0.06894,0.06873,0.06877,1460314.0
2026-08-09 12:00:00+00:00,0.06877,0.06898,0.06874,0.06891,1335864.0
2026-08-09 13:00:00+00:00,0.06891,0.06912,0.0689,0.06899,1329926.0
2026-08-09 14:00:00+00:00,0.06899,0.06914,0.06896,0.06907,1548585.0
2026-08-09 15:00:00+00:00,0.06907,0.06929,0.06895,0.06913,2679457.0
2026-08-09 16:00:00+00:00,0.06913,0.06933,0.06911,0.06921,1219958.0
2026-08-09 17:00:00+00:00,0.06921,0.06927,0.06904,0.06905,1515432.0
2026-08-09 18:00:00+00:00,0.06905,0.06933,0.06904,0.06922,750965.0
2026-08-09 19:00:00+00:00,0.06922,0.06943,0.06918,0.0694,1532965.0
2026-08-09 20:00:00+00:00,0.0694,0.06942,0.06923,0.06929,541223.0
2026-08-09 21:00:00+00:00,0.06929,0.06942,0.06918,0.06927,2271999.0
2026-08-09 22:00:00+00:00,0.06927,0.0697,0.06889,0.06889,4375208.0
2026-08-09 23:00:00+00:00,0.06889,0.06894,0.06851,0.06857,3812101.0
2026-08-10 00:00:00+00:00,0.06857,0.06894,0.06848,0.06873,1659648.0
2026-08-10 01:00:00+00:00,0.06873,0.06918,0.06862,0.0689,1740538.0
2026-08-10 02:00:00+00:00,0.0689,0.0689,0.06854,0.06878,1140406.0
2026-08-10 03:00:00+00:00,0.06878,0.0688,0.06838,0.06839,867586.0
2026-08-10 04:00:00+00:00,0.06839,0.06862,0.06837,0.06857,677991.0
2026-08-10 05:00:00+00:00,0.06857,0.06877,0.06849,0.0687,1487690.0
2026-08-10 06:00:00+00:00,0.0687,0.06877,0.0686,0.06876,2054899.0
2026-08-10 07:00:00+00:00,0.06876,0.06884,0.06863,0.06876,1216107.0
2026-08-10 08:00:00+00:00,0.06876,0.06883,0.0685,0.06858,1063030.0
2026-08-10 09:00:00+00:00,0.06858,0.06872,0.06851,0.06852,986051.0
2026-08-10 10:00:00+00:00,0.06852,0.06878,0.06851,0.06869,1356558.0
2026-08-10 11:00:00+00:00,0.06869,0.06871,0.06855,0.06856,3591143.0
2026-08-10 12:00:00+00:00,0.06856,0.06867,0.06818,0.06831,3173797.0
2026-08-10 13:00:00+00:00,0.06831,0.06855,0.06801,0.06812,4225530.0
2026-08-10 14:00:00+00:00,0.06812,0.06842,0.06794,0.06813,3091217.0
2026-08-10 15:00:00+00:00,0.06813,0.06826,0.06799,0.06811,3586792.0
2026-08-10 16:00:00+00:00,0.06811,0.06826,0.06783,0.06788,4469040.0
2026-08-10 17:00:00+00:00,0.06788,0.06813,0.0678,0.06794,2765631.0
2026-08-10 18:00:00+00:00,0.06794,0.06807,0.06774,0.06804,2243123.0
2026-08-10 19:00:00+00:00,0.06804,0.06814,0.06787,0.06802,1174451.0
2026-08-10 20:00:00+00:00,0.06802,0.06803,0.06783,0.06786,1557170.0
2026-08-10 21:00:00+00:00,0.06786,0.06788,0.06762,0.06772,2724952.0
2026-08-10 22:00:00+00:00,0.06772,0.06774,0.06745,0.06755,2349926.0
2026-08-10 23:00:00+00:00,0.06755,0.06776,0.06754,0.06759,2165889.0
2026-08-11 00:00:00+00:00,0.06759,0.06761,0.06737,0.06756,1660848.0
2026-08-11 01:00:00+00:00,0.06756,0.06763,0.06733,0.06749,3059605.0
2026-08-11 02:00:00+00:00,0.06749,0.06781,0.06745,0.06776,2558804.0
2026-08-11 03:00:00+00:00,0.06776,0.06792,0.06771,0.0678,1627374.0
2026-08-11 04:00:00+00:00,0.0678,0.0679,0.06751,0.06756,2849077.0
2026-08-11 05:00:00+00:00,0.06756,0.06756,0.06741,0.06743,2538206.0
2026-08-11 06:00:00+00:00,0.06743,0.06743,0.06711,0.06715,2812724.0
2026-08-11 07:00:00+00:00,0.06715,0.06743,0.06715,0.06735,3090546.0
2026-08-11 08:00:00+00:00,0.06735,0.06745,0.06725,0.06729,1181607.0
2026-08-11 09:00:00+00:00,0.06729,0.06736,0.06722,0.06733,1511320.0
2026-08-11 10:00:00+00:00,0.06733,0.06739,0.06712,0.06717,2844085.0
2026-08-11 11:00:00+00:00,0.06717,0.06733,0.06677,0.06714,10960761.0
2026-08-11 12:00:00+00:00,0.06714,0.0672,0.06643,0.06659,14986357.0
2026-08-11 13:00:00+00:00,0.06659,0.06693,0.06659,0.06686,3573167.0
2026-08-11 14:00:00+00:00,0.06686,0.06692,0.06623,0.06639,8946840.0
2026-08-11 15:00:00+00:00,0.06639,0.06653,0.06576,0.06611,13773781.0
2026-08-11 16:00:00+00:00,0.06611,0.06637,0.06601,0.06603,3459852.0
2026-08-11 17:00:00+00:00,0.06603,0.06614,0.06597,0.06598,1472290.0
2026-08-11 18:00:00+00:00,0.06598,0.06611,0.06587,0.06611,5385745.0
2026-08-11 19:00:00+00:00,0.06611,0.06626,0.06599,0.06623,3940674.0
2026-08-11 20:00:00+00:00,0.06623,0.06656,0.0662,0.06654,4428716.0
2026-08-11 21:00:00+00:00,0.06654,0.06662,0.06635,0.06654,2953585.0
2026-08-11 22:00:00+00:00,0.06654,0.06666,0.06637,0.06641,3030467.0
2026-08-11 23:00:00+00:00,0.06641,0.06649,0.06625,0.06637,4308780.0
2026-08-12 00:00:00+00:00,0.06637,0.06645,0.06625,0.06644,4482436.0
2026-08-12 01:00:00+00:00,0.06644,0.06681,0.06639,0.06663,4668714.0
2026-08-12 02:00:00+00:00,0.06663,0.06681,0.06656,0.06673,2223947.0
2026-08-12 03:00:00+00:00,0.06673,0.06677,0.06663,0.06666,3153897.0
2026-08-12 04:00:00+00:00,0.06666,0.06676,0.06658,0.06663,3422459.0
2026-08-12 05:00:00+00:00,0.06663,0.06665,0.06651,0.06659,2023113.0
2026-08-12 06:00:00+00:00,0.06659,0.06665,0.06644,0.06661,4327500.0
2026-08-12 07:00:00+00:00,0.06661,0.06677,0.06661,0.06677,1912212.0
2026-08-12 08:00:00+00:00,0.06677,0.06678,0.06636,0.06637,1341667.0
2026-08-12 09:00:00+00:00,0.06637,0.06676,0.06637,0.06669,2322965.0
2026-08-12 10:00:00+00:00,0.06669,0.06682,0.06657,0.06659,962122.0
2026-08-12 11:00:00+00:00,0.06659,0.0668,0.0665,0.06679,8325547.0
2026-08-12 12:00:00+00:00,0.06679,0.06696,0.06655,0.06668,4214039.0
2026-08-12 13:00:00+00:00,0.06668,0.06671,0.06587,0.06601,7560923.0
2026-08-12 14:00:00+00:00,0.06601,0.06613,0.06555,0.06555,8706387.0
2026-08-12 15:00:00+00:00,0.06555,0.06599,0.06555,0.06598,4346105.0
2026-08-12 16:00:00+00:00,0.06598,0.06608,0.06579,0.06583,2125502.0
2026-08-12 17:00:00+00:00,0.06583,0.06607,0.06582,0.06597,1273060.0
2026-08-12 18:00:00+00:00,0.06597,0.06612,0.06585,0.0659,1208799.0
2026-08-12 19:00:00+00:00,0.0659,0.06592,0.06562,0.06576,2341668.0
2026-08-12 20:00:00+00:00,0.06576,0.06599,0.06575,0.06594,1723623.0
2026-08-12 21:00:00+00:00,0.06594,0.06597,0.06553,0.06565,2154279.0
2026-08-12 22:00:00+00:00,0.06565,0.0658,0.06555,0.06576,1217195.0
2026-08-12 23:00:00+00:00,0.06576,0.06602,0.06571,0.06602,1376308.0
2026-08-13 00:00:00+00:00,0.06602,0.06608,0.06585,0.06585,3375059.0
2026-08-13 01:00:00+00:00,0.06585,0.066,0.06576,0.06584,1914479.0
2026-08-13 02:00:00+00:00,0.06584,0.06586,0.06564,0.06585,1171090.0
2026-08-13 03:00:00+00:00,0.06585,0.06603,0.06584,0.06603,953567.0
2026-08-13 04:00:00+00:00,0.06603,0.06629,0.06601,0.06624,3939222.0
2026-08-13 05:00:00+00:00,0.06624,0.06637,0.06616,0.06629,2004403.0
2026-08-13 06:00:00+00:00,0.06629,0.06657,0.06628,0.06654,2514597.0
2026-08-13 07:00:00+00:00,0.06654,0.06657,0.06636,0.06637,669236.0
2026-08-13 08:00:00+00:00,0.06637,0.0664,0.06627,0.06637,1181339.0
2026-08-13 09:00:00+00:00,0.06637,0.06657,0.06631,0.06655,4321083.0
2026-08-13 10:00:00+00:00,0.06655,0.06659,0.0663,0.06632,1781207.0
2026-08-13 11:00:00+00:00,0.06632,0.06639,0.06587,0.06601,6432306.0
2026-08-13 12:00:00+00:00,0.06601,0.06648,0.06597,0.06645,5547569.0
2026-08-13 13:00:00+00:00,0.06645,0.06647,0.06617,0.06638,1840734.0
2026-08-13 14:00:00+00:00,0.06638,0.06666,0.06632,0.06663,1801051.0
2026-08-13 15:00:00+00:00,0.06663,0.06692,0.06642,0.06642,5049515.0
2026-08-13 16:00:00+00:00,0.06642,0.0668,0.06613,0.06637,6552902.0
2026-08-13 17:00:00+00:00,0.06637,0.06655,0.06556,0.06589,11306702.0
2026-08-13 18:00:00+00:00,0.06589,0.06604,0.06562,0.06576,5320016.0
2026-08-13 19:00:00+00:00,0.06576,0.0659,0.06536,0.06557,8923681.0
2026-08-13 20:00:00+00:00,0.06557,0.0657,0.06553,0.06557,3676991.0
2026-08-13 21:00:00+00:00,0.06557,0.06563,0.0654,0.0655,2094124.0
2026-08-13 22:00:00+00:00,0.0655,0.06563,0.06544,0.06546,1648523.0
2026-08-13 23:00:00+00:00,0.06546,0.06563,0.06544,0.06548,1705685.0
2026-08-14 00:00:00+00:00,0.06548,0.06559,0.06533,0.06546,5193103.0
2026-08-14 01:00:00+00:00,0.06546,0.06557,0.0652,0.06534,4596136.0
2026-08-14 02:00:00+00:00,0.06534,0.06575,0.06534,0.06563,4789756.0
2026-08-14 03:00:00+00:00,0.06563,0.06572,0.06536,0.0654,2309935.0
2026-08-14 04:00:00+00:00,0.0654,0.06562,0.06507,0.06521,6861212.0
2026-08-14 05:00:00+00:00,0.06521,0.06542,0.06513,0.06538,2231078.0
2026-08-14 06:00:00+00:00,0.06538,0.06542,0.06517,0.06518,1554502.0
2026-08-14 07:00:00+00:00,0.06518,0.06535,0.06515,0.06523,1331747.0
2026-08-14 08:00:00+00:00,0.06523,0.06551,0.06479,0.06542,13595716.0
2026-08-14 09:00:00+00:00,0.06542,0.06544,0.0652,0.0652,2765295.0
2026-08-14 10:00:00+00:00,0.0652,0.06528,0.06473,0.06491,4209958.0
2026-08-14 11:00:00+00:00,0.06491,0.06553,0.0648,0.06545,3983162.0
2026-08-14 12:00:00+00:00,0.06545,0.0656,0.06537,0.06552,3916661.0
2026-08-14 13:00:00+00:00,0.06552,0.06568,0.06537,0.06568,3225957.0
2026-08-14 14:00:00+00:00,0.06568,0.06595,0.06554,0.06578,4141242.0
2026-08-14 15:00:00+00:00,0.06578,0.06617,0.06578,0.0659,5017562.0
2026-08-14 16:00:00+00:00,0.0659,0.06601,0.06542,0.06548,5427850.0
2026-08-14 17:00:00+00:00,0.06548,0.06562,0.06527,0.06538,4321764.0
2026-08-14 18:00:00+00:00,0.06538,0.06557,0.06529,0.06532,1546165.0
2026-08-14 19:00:00+00:00,0.06532,0.06532,0.06502,0.06506,5144967.0
2026-08-14 20:00:00+00:00,0.06506,0.06533,0.065,0.0653,3032679.0
2026-08-14 21:00:00+00:00,0.0653,0.06544,0.06523,0.06534,1530157.0
2026-08-14 22:00:00+00:00,0.06534,0.06543,0.06519,0.06525,1134789.0
2026-08-14 23:00:00+00:00,0.06525,0.06589,0.06523,0.06587,2663042.0
2026-08-15 00:00:00+00:00,0.06587,0.06602,0.06573,0.06592,4135482.0
2026-08-15 01:00:00+00:00,0.06592,0.06599,0.06578,0.06598,812951.0
2026-08-15 02:00:00+00:00,0.06598,0.06628,0.06595,0.06627,1249718.0
2026-08-15 03:00:00+00:00,0.06627,0.06635,0.06598,0.06617,3248792.0
2026-08-15 04:00:00+00:00,0.06617,0.06636,0.0661,0.06618,1795490.0
2026-08-15 05:00:00+00:00,0.06618,0.06626,0.06598,0.06599,1280154.0
2026-08-15 06:00:00+00:00,0.06599,0.06605,0.06587,0.06594,1033647.0
2026-08-15 07:00:00+00:00,0.06594,0.06595,0.06559,0.06559,1129036.0
2026-08-15 08:00:00+00:00,0.06559,0.06573,0.06548,0.06558,4141268.0
2026-08-15 09:00:00+00:00,0.06558,0.06574,0.06558,0.06573,1336896.0
2026-08-15 10:00:00+00:00,0.06573,0.06577,0.06561,0.06567,1335861.0
2026-08-15 11:00:00+00:00,0.06567,0.06587,0.06566,0.06575,1744523.0
2026-08-15 12:00:00+00:00,0.06575,0.0658,0.06571,0.0658,648878.0
2026-08-15 13:00:00+00:00,0.0658,0.0658,0.0656,0.06576,1195704.0
2026-08-15 14:00:00+00:00,0.06576,0.06585,0.06574,0.06582,550474.0
2026-08-15 15:00:00+00:00,0.06582,0.06588,0.0657,0.06588,1141917.0
2026-08-15 16:00:00+00:00,0.06588,0.06588,0.06537,0.0654,3903515.0
2026-08-15 17:00:00+00:00,0.0654,0.06581,0.0654,0.06568,1145510.0
2026-08-15 18:00:00+00:00,0.06568,0.0657,0.06553,0.06562,1460692.0
2026-08-15 19:00:00+00:00,0.06562,0.06576,0.06559,0.06575,639875.0
2026-08-15 20:00:00+00:00,0.06575,0.06578,0.06567,0.06575,1576223.0
2026-08-15 21:00:00+00:00,0.06575,0.06576,0.06552,0.06552,1318535.0
2026-08-15 22:00:00+00:00,0.06552,0.0656,0.06542,0.06546,1263554.0
2026-08-15 23:00:00+00:00,0.06546,0.06555,0.06538,0.06543,1937284.0
2026-08-16 00:00:00+00:00,0.06543,0.06545,0.06515,0.06528,5198153.0
2026-08-16 01:00:00+00:00,0.06528,0.06529,0.06506,0.06511,5831080.0
2026-08-16 02:00:00+00:00,0.06511,0.06516,0.06488,0.0651,4353957.0
2026-08-16 03:00:00+00:00,0.0651,0.06532,0.06508,0.06524,1543513.0
2026-08-16 04:00:00+00:00,0.06524,0.06528,0.0651,0.06525,2053999.0
2026-08-16 05:00:00+00:00,0.06525,0.0653,0.06505,0.06508,1278019.0
2026-08-16 06:00:00+00:00,0.06508,0.06517,0.06498,0.06509,835182.0
2026-08-16 07:00:00+00:00,0.06509,0.06516,0.06502,0.06506,812590.0
2026-08-16 08:00:00+00:00,0.06506,0.06515,0.06505,0.06508,975013.0
2026-08-16 09:00:00+00:00,0.06508,0.06513,0.06502,0.06504,713128.0
2026-08-16 10:00:00+00:00,0.06504,0.06508,0.06497,0.06503,912132.0
2026-08-16 11:00:00+00:00,0.06503,0.0651,0.06503,0.06509,226144.0
2026-08-16 12:00:00+00:00,0.06509,0.06509,0.06498,0.06505,768270.0
2026-08-16 13:00:00+00:00,0.06505,0.06515,0.06504,0.06508,2818745.0
2026-08-16 14:00:00+00:00,0.06508,0.06515,0.06505,0.06507,1705661.0
2026-08-16 15:00:00+00:00,0.06507,0.06523,0.06506,0.06515,2664880.0
2026-08-16 16:00:00+00:00,0.06515,0.06541,0.06515,0.06521,3495323.0
2026-08-16 17:00:00+00:00,0.06521,0.06523,0.06514,0.06517,838145.0
2026-08-16 18:00:00+00:00,0.06517,0.06518,0.06506,0.06508,657559.0
2026-08-16 19:00:00+00:00,0.06508,0.06522,0.06508,0.06513,1535129.0
2026-08-16 20:00:00+00:00,0.06513,0.06522,0.06493,0.06498,2268726.0
2026-08-16 21:00:00+00:00,0.06498,0.06504,0.06444,0.06492,15028939.0
2026-08-16 22:00:00+00:00,0.06492,0.06511,0.06469,0.06475,2625846.0
2026-08-16 23:00:00+00:00,0.06475,0.06484,0.06449,0.06463,2440384.0
2026-08-17 00:00:00+00:00,0.06463,0.06467,0.06425,0.0646,8613022.0
2026-08-17 01:00:00+00:00,0.0646,0.06494,0.06456,0.06482,2330323.0
2026-08-17 02:00:00+00:00,0.06482,0.06508,0.06477,0.06502,1338787.0
2026-08-17 03:00:00+00:00,0.06502,0.06506,0.06483,0.06488,1134276.0
2026-08-17 04:00:00+00:00,0.06488,0.06504,0.06487,0.06502,989899.0
2026-08-17 05:00:00+00:00,0.06502,0.06504,0.0649,0.0649,602533.0
2026-08-17 06:00:00+00:00,0.0649,0.06521,0.06486,0.06519,2261958.0
2026-08-17 07:00:00+00:00,0.06519,0.06581,0.06505,0.06556,15782925.0
2026-08-17 08:00:00+00:00,0.06556,0.0656,0.06527,0.06533,3428760.0
2026-08-17 09:00:00+00:00,0.06533,0.06593,0.06532,0.06592,4679193.0
2026-08-17 10:00:00+00:00,0.06592,0.06627,0.06568,0.06626,4884719.0
2026-08-17 11:00:00+00:00,0.06626,0.06635,0.06606,0.06614,3330222.0
2026-08-17 12:00:00+00:00,0.06614,0.06617,0.06579,0.06584,5946608.0
2026-08-17 13:00:00+00:00,0.06584,0.06598,0.06541,0.06569,7789607.0
2026-08-17 14:00:00+00:00,0.06569,0.06588,0.06551,0.06586,3595168.0
2026-08-17 15:00:00+00:00,0.06586,0.0663,0.06584,0.06627,4158922.0
2026-08-17 16:00:00+00:00,0.06627,0.06627,0.06566,0.06571,3980470.0
2026-08-17 17:00:00+00:00,0.06571,0.06606,0.06569,0.06593,8752314.0
2026-08-17 18:00:00+00:00,0.06593,0.06605,0.06582,0.06582,1968391.0
2026-08-17 19:00:00+00:00,0.06582,0.06591,0.06568,0.06572,1503074.0
2026-08-17 20:00:00+00:00,0.06572,0.06583,0.06565,0.06574,732067.0
2026-08-17 21:00:00+00:00,0.06574,0.06588,0.06573,0.06578,814881.0
2026-08-17 22:00:00+00:00,0.06578,0.06581,0.06572,0.06579,620323.0
2026-08-17 23:00:00+00:00,0.06579,0.06606,0.06578,0.06595,1201940.0
2026-08-18 00:00:00+00:00,0.06595,0.06607,0.06588,0.06601,1402476.0
2026-08-18 01:00:00+00:00,0.06601,0.06604,0.06562,0.06568,2083447.0
2026-08-18 02:00:00+00:00,0.06568,0.06574,0.06513,0.06527,7550732.0
2026-08-18 03:00:00+00:00,0.06527,0.06549,0.06515,0.0654,2313729.0
2026-08-18 04:00:00+00:00,0.0654,0.06567,0.06533,0.06566,3482677.0
2026-08-18 05:00:00+00:00,0.06566,0.06576,0.06551,0.06574,2891955.0
2026-08-18 06:00:00+00:00,0.06574,0.06599,0.06564,0.06574,3371740.0
2026-08-18 07:00:00+00:00,0.06574,0.06586,0.06569,0.06573,1410229.0
2026-08-18 08:00:00+00:00,0.06573,0.06588,0.06545,0.06588,2373386.0
2026-08-18 09:00:00+00:00,0.06588,0.0659,0.06564,0.06581,1045128.0
2026-08-18 10:00:00+00:00,0.06581,0.06587,0.06578,0.06581,565295.0
2026-08-18 11:00:00+00:00,0.06581,0.0661,0.06581,0.06589,2610142.0
2026-08-18 12:00:00+00:00,0.06589,0.06604,0.06578,0.06604,953919.0
2026-08-18 13:00:00+00:00,0.06604,0.06605,0.06574,0.06581,2142235.0
2026-08-18 14:00:00+00:00,0.06581,0.06644,0.06578,0.06603,3337873.0
2026-08-18 15:00:00+00:00,0.06603,0.06627,0.06599,0.06615,2335485.0
2026-08-18 16:00:00+00:00,0.06615,0.06618,0.06581,0.06584,3539964.0
2026-08-18 17:00:00+00:00,0.06584,0.06614,0.06575,0.06596,1952794.0
2026-08-18 18:00:00+00:00,0.06596,0.06633,0.06595,0.06628,3009244.0
2026-08-18 19:00:00+00:00,0.06628,0.06632,0.06615,0.06617,1192895.0
2026-08-18 20:00:00+00:00,0.06617,0.0663,0.06615,0.06628,1772582.0
2026-08-18 21:00:00+00:00,0.06628,0.06683,0.06627,0.06682,5315949.0
2026-08-18 22:00:00+00:00,0.06682,0.06711,0.06668,0.06702,5323009.0
2026-08-18 23:00:00+00:00,0.06702,0.06734,0.0669,0.06729,7153900.0
2026-08-19 00:00:00+00:00,0.06729,0.06737,0.06698,0.06721,6146758.0
2026-08-19 01:00:00+00:00,0.06721,0.0675,0.06715,0.06734,4461591.0
2026-08-19 02:00:00+00:00,0.06734,0.06776,0.06723,0.06728,6544898.0
2026-08-19 03:00:00+00:00,0.06728,0.06775,0.06713,0.06765,2658987.0
2026-08-19 04:00:00+00:00,0.06765,0.06796,0.06747,0.06791,4135362.0
2026-08-19 05:00:00+00:00,0.06791,0.06795,0.06752,0.06754,3446959.0
2026-08-19 06:00:00+00:00,0.06754,0.06783,0.06735,0.06749,3372487.0
2026-08-19 07:00:00+00:00,0.06749,0.06762,0.06742,0.06746,2510905.0
2026-08-19 08:00:00+00:00,0.06746,0.0677,0.06726,0.06768,4455479.0
2026-08-19 09:00:00+00:00,0.06768,0.06783,0.06745,0.06755,4304890.0
2026-08-19 10:00:00+00:00,0.06755,0.06761,0.06736,0.0674,2418319.0
2026-08-19 11:00:00+00:00,0.0674,0.06774,0.06737,0.06772,5830437.0
2026-08-19 12:00:00+00:00,0.06772,0.06799,0.06763,0.06788,4413956.0
2026-08-19 13:00:00+00:00,0.06788,0.06792,0.06753,0.06761,4806809.0
2026-08-19 14:00:00+00:00,0.06761,0.06835,0.0676,0.06822,10960804.0
2026-08-19 15:00:00+00:00,0.06822,0.06981,0.06813,0.06912,29890283.0
2026-08-19 16:00:00+00:00,0.06912,0.0704,0.06912,0.06941,14163938.0
2026-08-19 17:00:00+00:00,0.06941,0.06961,0.06902,0.06954,12025416.0
2026-08-19 18:00:00+00:00,0.06954,0.06957,0.06892,0.06942,8620280.0
2026-08-19 19:00:00+00:00,0.06942,0.06958,0.06912,0.06951,3378716.0
2026-08-19 20:00:00+00:00,0.06951,0.07065,0.06942,0.07037,12523889.0
2026-08-19 21:00:00+00:00,0.07037,0.07178,0.07034,0.07166,19395134.0
2026-08-19 22:00:00+00:00,0.07166,0.07175,0.07069,0.07095,10686190.0
2026-08-19 23:00:00+00:00,0.07095,0.07096,0.07051,0.07061,4821129.0
2026-08-20 00:00:00+00:00,0.07061,0.07133,0.07043,0.07123,6458472.0
2026-08-20 01:00:00+00:00,0.07123,0.07139,0.07066,0.07118,4764744.0
2026-08-20 02:00:00+00:00,0.07118,0.07136,0.07078,0.07078,2312074.0
2026-08-20 03:00:00+00:00,0.07078,0.07078,0.07014,0.07052,6705070.0
2026-08-20 04:00:00+00:00,0.07052,0.07112,0.07051,0.07108,3469228.0
2026-08-20 05:00:00+00:00,0.07108,0.07172,0.07093,0.07149,5824466.0
2026-08-20 06:00:00+00:00,0.07149,0.07185,0.07129,0.07183,6902773.0
2026-08-20 07:00:00+00:00,0.07183,0.07183,0.07101,0.07138,2896288.0
2026-08-20 08:00:00+00:00,0.07138,0.07265,0.07121,0.07247,12387140.0
2026-08-20 09:00:00+00:00,0.07247,0.07255,0.07203,0.07203,10270132.0
2026-08-20 10:00:00+00:00,0.07203,0.07302,0.07189,0.07274,5829832.0
2026-08-20 11:00:00+00:00,0.07274,0.07354,0.07235,0.07337,8462320.0
2026-08-20 12:00:00+00:00,0.07337,0.07349,0.07247,0.07295,8200846.0
2026-08-20 13:00:00+00:00,0.07295,0.07309,0.0723,0.07306,6921830.0
2026-08-20 14:00:00+00:00,0.07306,0.07398,0.07286,0.07307,12578072.0
2026-08-20 15:00:00+00:00,0.07307,0.07384,0.07294,0.07375,9782380.0
2026-08-20 16:00:00+00:00,0.07375,0.07445,0.07337,0.07442,17598822.0
2026-08-20 17:00:00+00:00,0.07442,0.07445,0.07323,0.07342,15732038.0
2026-08-20 18:00:00+00:00,0.07342,0.07357,0.07158,0.07164,17450377.0
2026-08-20 19:00:00+00:00,0.07164,0.07238,0.07163,0.07221,5255608.0
2026-08-20 20:00:00+00:00,0.07221,0.07311,0.07219,0.0728,10994143.0
2026-08-20 21:00:00+00:00,0.0728,0.07343,0.07261,0.07322,8593271.0
2026-08-20 22:00:00+00:00,0.07322,0.07338,0.07276,0.07319,3894131.0
2026-08-20 23:00:00+00:00,0.07319,0.07358,0.07307,0.0734,4899957.0
2026-08-21 00:00:00+00:00,0.0734,0.07408,0.0734,0.07378,6067312.0
2026-08-21 01:00:00+00:00,0.07378,0.07493,0.07373,0.07488,7800056.0
2026-08-21 02:00:00+00:00,0.07488,0.07491,0.0743,0.07458,5485805.0
2026-08-21 03:00:00+00:00,0.07458,0.07527,0.07427,0.07499,6290917.0
2026-08-21 04:00:00+00:00,0.07499,0.07553,0.07469,0.07502,7757972.0
2026-08-21 05:00:00+00:00,0.07502,0.07522,0.07471,0.07495,3714762.0
2026-08-21 06:00:00+00:00,0.07495,0.07537,0.07477,0.07485,4302347.0
2026-08-21 07:00:00+00:00,0.07485,0.07572,0.07475,0.07569,8475023.0
2026-08-21 08:00:00+00:00,0.07569,0.07726,0.07555,0.07725,14564088.0
2026-08-21 09:00:00+00:00,0.07725,0.07725,0.07478,0.07657,19753701.0
2026-08-21 10:00:00+00:00,0.07657,0.07727,0.07598,0.07708,12094078.0
2026-08-21 11:00:00+00:00,0.07708,0.07721,0.0755,0.07552,13460845.0
2026-08-21 12:00:00+00:00,0.07552,0.07767,0.0753,0.07764,9466694.0
2026-08-21 13:00:00+00:00,0.07764,0.07854,0.07683,0.07816,27749404.0
2026-08-21 14:00:00+00:00,0.07816,0.07828,0.07669,0.07747,10993939.0
2026-08-21 15:00:00+00:00,0.07747,0.07833,0.07726,0.07782,9526439.0
2026-08-21 16:00:00+00:00,0.07782,0.07823,0.07711,0.07761,9345588.0
2026-08-21 17:00:00+00:00,0.07761,0.0779,0.07646,0.07738,13055584.0
2026-08-21 18:00:00+00:00,0.07738,0.07749,0.07618,0.07667,8513697.0
2026-08-21 19:00:00+00:00,0.07667,0.07723,0.07592,0.07601,13963231.0
2026-08-21 20:00:00+00:00,0.07601,0.07703,0.0758,0.07701,6546520.0
2026-08-21 21:00:00+00:00,0.07701,0.07952,0.07689,0.07918,21390398.0
2026-08-21 22:00:00+00:00,0.07918,0.07975,0.07766,0.07972,32789431.0
2026-08-21 23:00:00+00:00,0.07972,0.08072,0.07934,0.07973,14784841.0
2026-08-22 00:00:00+00:00,0.07973,0.0802,0.07865,0.07964,13667558.0
2026-08-22 01:00:00+00:00,0.07964,0.08073,0.07952,0.0797,13519499.0
2026-08-22 02:00:00+00:00,0.0797,0.08218,0.07969,0.08209,18323103.0
2026-08-22 03:00:00+00:00,0.08209,0.08343,0.08162,0.08262,28073846.0
2026-08-22 04:00:00+00:00,0.08262,0.08648,0.08254,0.08608,43401915.0
2026-08-22 05:00:00+00:00,0.08608,0.08683,0.07325,0.07911,171354527.0
2026-08-22 06:00:00+00:00,0.07911,0.08014,0.07828,0.07895,24855688.0
2026-08-22 07:00:00+00:00,0.07895,0.0796,0.07813,0.07845,16781483.0
2026-08-22 08:00:00+00:00,0.07845,0.07896,0.07727,0.07813,29928537.0
2026-08-22 09:00:00+00:00,0.07813,0.07869,0.07724,0.07772,9572383.0
2026-08-22 10:00:00+00:00,0.07772,0.07775,0.07595,0.07713,21070997.0
2026-08-22 11:00:00+00:00,0.07713,0.07761,0.07683,0.07741,9020015.0
2026-08-22 12:00:00+00:00,0.07741,0.07826,0.07723,0.07741,7946035.0
2026-08-22 13:00:00+00:00,0.07741,0.07756,0.07662,0.07692,7432552.0
2026-08-22 14:00:00+00:00,0.07692,0.07729,0.07611,0.07646,6106939.0
2026-08-22 15:00:00+00:00,0.07646,0.07664,0.07585,0.07624,4837395.0
2026-08-22 16:00:00+00:00,0.07624,0.07787,0.07621,0.07748,6069518.0
2026-08-22 17:00:00+00:00,0.07748,0.07804,0.07719,0.07782,5832338.0
2026-08-22 18:00:00+00:00,0.07782,0.0781,0.0771,0.07756,6501726.0
2026-08-22 19:00:00+00:00,0.07756,0.07803,0.07731,0.07786,2990745.0
2026-08-22 20:00:00+00:00,0.07786,0.07814,0.07746,0.0778,3710657.0
2026-08-22 21:00:00+00:00,0.0778,0.0778,0.07644,0.07681,8902961.0
2026-08-22 22:00:00+00:00,0.07681,0.07789,0.07657,0.07787,6583340.0
2026-08-22 23:00:00+00:00,0.07787,0.0779,0.07708,0.07737,3414142.0
2026-08-23 00:00:00+00:00,0.07737,0.07829,0.07724,0.07812,5941654.0
2026-08-23 01:00:00+00:00,0.07812,0.07813,0.07728,0.07738,3308504.0
2026-08-23 02:00:00+00:00,0.07738,0.07773,0.07673,0.07734,6182195.0
2026-08-23 03:00:00+00:00,0.07734,0.07741,0.07642,0.07693,5605005.0
2026-08-23 04:00:00+00:00,0.07693,0.07742,0.07601,0.07645,5370398.0
2026-08-23 05:00:00+00:00,0.07645,0.0771,0.07561,0.07616,10168569.0
2026-08-23 06:00:00+00:00,0.07616,0.07657,0.07586,0.07612,5783176.0
2026-08-23 07:00:00+00:00,0.07612,0.07677,0.07606,0.07663,2389358.0
2026-08-23 08:00:00+00:00,0.07663,0.07811,0.07656,0.07797,6904329.0
2026-08-23 09:00:00+00:00,0.07797,0.07815,0.07754,0.07784,6171193.0
2026-08-23 10:00:00+00:00,0.07784,0.07902,0.07782,0.07862,14037065.0
2026-08-23 11:00:00+00:00,0.07862,0.07938,0.07859,0.0792,7238708.0
2026-08-23 12:00:00+00:00,0.0792,0.07991,0.07849,0.07972,18175168.0
2026-08-23 13:00:00+00:00,0.07972,0.08098,0.07971,0.08015,31706513.0
2026-08-23 14:00:00+00:00,0.08015,0.08035,0.07742,0.07897,40982451.0
2026-08-23 15:00:00+00:00,0.07897,0.07972,0.07851,0.07937,9576037.0
2026-08-23 16:00:00+00:00,0.07937,0.07969,0.07901,0.0792,5212251.0
2026-08-23 17:00:00+00:00,0.0792,0.07939,0.07831,0.07851,9375598.0
2026-08-23 18:00:00+00:00,0.07851,0.07897,0.07846,0.07888,2900169.0
2026-08-23 19:00:00+00:00,0.07888,0.07907,0.0786,0.07883,4926834.0
2026-08-23 20:00:00+00:00,0.07883,0.0792,0.07865,0.079,6882965.0
2026-08-23 21:00:00+00:00,0.079,0.08074,0.079,0.08041,10442856.0
2026-08-23 22:00:00+00:00,0.08041,0.08097,0.07988,0.08048,3183458.0
2026-08-23 23:00:00+00:00,0.08048,0.0805,0.07963,0.07974,11315416.0
2026-08-24 00:00:00+00:00,0.07974,0.07998,0.07838,0.07923,16169020.0
2026-08-24 01:00:00+00:00,0.07923,0.07928,0.07725,0.07758,8696304.0
2026-08-24 02:00:00+00:00,0.07758,0.07903,0.07758,0.0789,8893162.0
2026-08-24 03:00:00+00:00,0.0789,0.07893,0.07821,0.07868,4564617.0
2026-08-24 04:00:00+00:00,0.07868,0.08002,0.07867,0.07912,10175627.0
2026-08-24 05:00:00+00:00,0.07912,0.07997,0.07876,0.07993,4583849.0
2026-08-24 06:00:00+00:00,0.07993,0.08068,0.07928,0.07954,8817739.0
2026-08-24 07:00:00+00:00,0.07954,0.08051,0.07937,0.08024,6381293.0
2026-08-24 08:00:00+00:00,0.08024,0.08059,0.07915,0.07951,8705886.0
2026-08-24 09:00:00+00:00,0.07951,0.08021,0.07924,0.07941,9734897.0
2026-08-24 10:00:00+00:00,0.07941,0.07989,0.07859,0.079,5690623.0
2026-08-24 11:00:00+00:00,0.079,0.08043,0.07862,0.08014,9952718.0
2026-08-24 12:00:00+00:00,0.08014,0.08118,0.07938,0.08097,9078267.0
2026-08-24 13:00:00+00:00,0.08097,0.08112,0.07876,0.07926,21968902.0
2026-08-24 14:00:00+00:00,0.07926,0.08094,0.07926,0.08033,10450600.0
2026-08-24 15:00:00+00:00,0.08033,0.0807,0.07913,0.0793,18572488.0
2026-08-24 16:00:00+00:00,0.0793,0.07995,0.07875,0.079,8404258.0
2026-08-24 17:00:00+00:00,0.079,0.07921,0.07835,0.07891,8128639.0
2026-08-24 18:00:00+00:00,0.07891,0.07937,0.07868,0.07881,4728840.0
2026-08-24 19:00:00+00:00,0.07881,0.07949,0.07865,0.07911,2870152.0
2026-08-24 20:00:00+00:00,0.07911,0.07978,0.0789,0.0797,1930428.0
2026-08-24 21:00:00+00:00,0.0797,0.08021,0.07964,0.07989,6241221.0
2026-08-24 22:00:00+00:00,0.07989,0.08,0.07946,0.07954,2849611.0
2026-08-24 23:00:00+00:00,0.07954,0.07965,0.0789,0.07923,3812867.0
2026-08-25 00:00:00+00:00,0.07923,0.08068,0.07897,0.08036,6735039.0
2026-08-25 01:00:00+00:00,0.08036,0.08107,0.07992,0.081,7017897.0
2026-08-25 02:00:00+00:00,0.081,0.0825,0.08059,0.08174,28020259.0
2026-08-25 03:00:00+00:00,0.08174,0.08419,0.08147,0.08329,22331426.0
2026-08-25 04:00:00+00:00,0.08329,0.08353,0.08156,0.08175,10281277.0
2026-08-25 05:00:00+00:00,0.08175,0.0824,0.08162,0.08198,5859495.0
2026-08-25 06:00:00+00:00,0.08198,0.08249,0.08125,0.08148,6056188.0
2026-08-25 07:00:00+00:00,0.08148,0.0819,0.0795,0.07999,21155248.0
2026-08-25 08:00:00+00:00,0.07999,0.08095,0.07999,0.08044,10334057.0
2026-08-25 09:00:00+00:00,0.08044,0.08061,0.0797,0.0802,3885784.0
2026-08-25 10:00:00+00:00,0.0802,0.08071,0.08015,0.08064,4268868.0
2026-08-25 11:00:00+00:00,0.08064,0.0807,0.0801,0.08021,2459667.0
2026-08-25 12:00:00+00:00,0.08021,0.08044,0.07964,0.08032,8578593.0
2026-08-25 13:00:00+00:00,0.08032,0.08061,0.07908,0.07982,11349537.0
2026-08-25 14:00:00+00:00,0.07982,0.08058,0.07961,0.0802,6567224.0
2026-08-25 15:00:00+00:00,0.0802,0.0803,0.07962,0.08012,5606088.0
2026-08-25 16:00:00+00:00,0.08012,0.0805,0.07976,0.07983,5279189.0
2026-08-25 17:00:00+00:00,0.07983,0.07994,0.07933,0.07991,3011636.0
2026-08-25 18:00:00+00:00,0.07991,0.08049,0.07963,0.07988,3933558.0
2026-08-25 19:00:00+00:00,0.07988,0.07997,0.07871,0.07885,6228402.0
2026-08-25 20:00:00+00:00,0.07885,0.07894,0.07787,0.078,18486641.0
2026-08-25 21:00:00+00:00,0.078,0.07825,0.07709,0.07782,15664589.0
2026-08-25 22:00:00+00:00,0.07782,0.07863,0.07781,0.07837,5639447.0
2026-08-25 23:00:00+00:00,0.07837,0.0785,0.07757,0.07766,3147691.0
2026-08-26 00:00:00+00:00,0.07766,0.07799,0.07715,0.07784,6618442.0
2026-08-26 01:00:00+00:00,0.07784,0.07828,0.07782,0.07805,3409391.0
2026-08-26 02:00:00+00:00,0.07805,0.07867,0.07798,0.07846,4057452.0
2026-08-26 03:00:00+00:00,0.07846,0.07851,0.07784,0.07815,1290680.0
2026-08-26 04:00:00+00:00,0.07815,0.0787,0.07804,0.07811,1836831.0
2026-08-26 05:00:00+00:00,0.07811,0.07838,0.07785,0.07817,2314147.0
2026-08-26 06:00:00+00:00,0.07817,0.07833,0.07796,0.07803,1120351.0
2026-08-26 07:00:00+00:00,0.07803,0.07821,0.07774,0.07774,1319682.0
2026-08-26 08:00:00+00:00,0.07774,0.07798,0.07712,0.07741,4971262.0
2026-08-26 09:00:00+00:00,0.07741,0.07759,0.07681,0.0771,8762847.0
2026-08-26 10:00:00+00:00,0.0771,0.07792,0.07685,0.0778,5170720.0
2026-08-26 11:00:00+00:00,0.0778,0.07793,0.07715,0.07735,4225339.0
2026-08-26 12:00:00+00:00,0.07735,0.07813,0.07721,0.07783,4629660.0
2026-08-26 13:00:00+00:00,0.07783,0.07786,0.07669,0.07724,5492948.0
2026-08-26 14:00:00+00:00,0.07724,0.07742,0.07645,0.0766,4768339.0
2026-08-26 15:00:00+00:00,0.0766,0.0771,0.07616,0.07671,6338348.0
2026-08-26 16:00:00+00:00,0.07671,0.07702,0.07638,0.07672,2789496.0
2026-08-26 17:00:00+00:00,0.07672,0.07752,0.07662,0.07714,3578856.0
2026-08-26 18:00:00+00:00,0.07714,0.07754,0.07703,0.07746,3400357.0
2026-08-26 19:00:00+00:00,0.07746,0.07772,0.07733,0.07736,942662.0
2026-08-26 20:00:00+00:00,0.07736,0.07743,0.0767,0.07701,3752340.0
2026-08-26 21:00:00+00:00,0.07701,0.07792,0.077,0.07792,1825565.0
2026-08-26 22:00:00+00:00,0.07792,0.07839,0.07773,0.07791,4212720.0
2026-08-26 23:00:00+00:00,0.07791,0.07869,0.07777,0.07854,4492555.0
2026-08-27 00:00:00+00:00,0.07854,0.07854,0.07747,0.0775,5201217.0
2026-08-27 01:00:00+00:00,0.0775,0.07807,0.07727,0.07786,6598743.0
2026-08-27 02:00:00+00:00,0.07786,0.07801,0.07705,0.07711,2974414.0
2026-08-27 03:00:00+00:00,0.07711,0.07769,0.07707,0.07722,2791293.0
2026-08-27 04:00:00+00:00,0.07722,0.07754,0.07699,0.07715,3473525.0
2026-08-27 05:00:00+00:00,0.07715,0.07756,0.07677,0.07743,3172988.0
2026-08-27 06:00:00+00:00,0.07743,0.07759,0.07703,0.07754,1154907.0
2026-08-27 07:00:00+00:00,0.07754,0.07785,0.07736,0.07784,1562279.0
2026-08-27 08:00:00+00:00,0.07784,0.07872,0.07776,0.07843,10940234.0
2026-08-27 09:00:00+00:00,0.07843,0.07886,0.07819,0.07841,6390696.0
2026-08-27 10:00:00+00:00,0.07841,0.07878,0.07766,0.07823,4598218.0
2026-08-27 11:00:00+00:00,0.07823,0.07838,0.07782,0.07814,3524606.0
2026-08-27 12:00:00+00:00,0.07814,0.07852,0.07811,0.07836,1941017.0
2026-08-27 13:00:00+00:00,0.07836,0.0787,0.07802,0.07859,2503955.0
2026-08-27 14:00:00+00:00,0.07859,0.07955,0.0785,0.07916,6066745.0
2026-08-27 15:00:00+00:00,0.07916,0.07951,0.07895,0.07907,4791625.0
2026-08-27 16:00:00+00:00,0.07907,0.07963,0.07885,0.07921,3882302.0
2026-08-27 17:00:00+00:00,0.07921,0.07962,0.07898,0.07907,2143734.0
2026-08-27 18:00:00+00:00,0.07907,0.07918,0.07832,0.07882,5104389.0
2026-08-27 19:00:00+00:00,0.07882,0.07893,0.07835,0.07841,2241874.0
2026-08-27 20:00:00+00:00,0.07841,0.07893,0.07819,0.07881,1705394.0
2026-08-27 21:00:00+00:00,0.07881,0.07893,0.07853,0.0789,1038836.0
2026-08-27 22:00:00+00:00,0.0789,0.0793,0.07862,0.07876,3039218.0
2026-08-27 23:00:00+00:00,0.07876,0.07887,0.07856,0.07866,2565185.0
2026-08-28 00:00:00+00:00,0.07866,0.07914,0.07852,0.079,3348830.0
2026-08-28 01:00:00+00:00,0.079,0.07973,0.07856,0.07872,5831529.0
2026-08-28 02:00:00+00:00,0.07872,0.07872,0.07765,0.07785,6483212.0
2026-08-28 03:00:00+00:00,0.07785,0.07785,0.07737,0.07752,2455647.0
2026-08-28 04:00:00+00:00,0.07752,0.07768,0.0771,0.07733,3605884.0
2026-08-28 05:00:00+00:00,0.07733,0.07797,0.07723,0.07775,1427221.0
2026-08-28 06:00:00+00:00,0.07775,0.07835,0.07775,0.07822,1446091.0
2026-08-28 07:00:00+00:00,0.07822,0.07836,0.0778,0.07801,2627358.0
2026-08-28 08:00:00+00:00,0.07801,0.07824,0.07753,0.07756,2544146.0
2026-08-28 09:00:00+00:00,0.07756,0.07788,0.07734,0.07742,4172927.0
2026-08-28 10:00:00+00:00,0.07742,0.07801,0.07704,0.07792,3548948.0
2026-08-28 11:00:00+00:00,0.07792,0.07815,0.07781,0.07795,1359378.0
2026-08-28 12:00:00+00:00,0.07795,0.078,0.07719,0.07757,4127689.0
2026-08-28 13:00:00+00:00,0.07757,0.07768,0.07706,0.07741,3308074.0
2026-08-28 14:00:00+00:00,0.07741,0.07814,0.07609,0.0775,11555880.0
2026-08-28 15:00:00+00:00,0.0775,0.07773,0.07504,0.0757,14251463.0
2026-08-28 16:00:00+00:00,0.0757,0.07572,0.07359,0.07562,46302476.0
2026-08-28 17:00:00+00:00,0.07562,0.0761,0.07553,0.07604,6752700.0
2026-08-28 18:00:00+00:00,0.07604,0.07605,0.0753,0.07592,6886718.0
2026-08-28 19:00:00+00:00,0.07592,0.07637,0.07592,0.0763,3357647.0
2026-08-28 20:00:00+00:00,0.0763,0.07669,0.07626,0.07661,2726729.0
2026-08-28 21:00:00+00:00,0.07661,0.07672,0.07581,0.07586,1285068.0
2026-08-28 22:00:00+00:00,0.07586,0.07616,0.07571,0.07583,2441281.0
2026-08-28 23:00:00+00:00,0.07583,0.0761,0.07567,0.07606,1867778.0
2026-08-29 00:00:00+00:00,0.07606,0.07622,0.07542,0.07549,3565944.0
2026-08-29 01:00:00+00:00,0.07549,0.0756,0.07535,0.07536,1412862.0
2026-08-29 02:00:00+00:00,0.07536,0.07565,0.07526,0.07558,1523566.0
2026-08-29 03:00:00+00:00,0.07558,0.07578,0.07534,0.07534,960958.0
2026-08-29 04:00:00+00:00,0.07534,0.07551,0.07528,0.0754,1065544.0
2026-08-29 05:00:00+00:00,0.0754,0.07552,0.07518,0.07524,875945.0
2026-08-29 06:00:00+00:00,0.07524,0.07527,0.07467,0.07519,3865602.0
2026-08-29 07:00:00+00:00,0.07519,0.07531,0.07483,0.07489,1480016.0
2026-08-29 08:00:00+00:00,0.07489,0.07489,0.07458,0.07463,1906763.0
2026-08-29 09:00:00+00:00,0.07463,0.07472,0.07455,0.07464,1448517.0
2026-08-29 10:00:00+00:00,0.07464,0.07482,0.07452,0.07471,1292040.0
2026-08-29 11:00:00+00:00,0.07471,0.07479,0.07454,0.07465,418162.0
2026-08-29 12:00:00+00:00,0.07465,0.07496,0.07462,0.0748,801655.0
2026-08-29 13:00:00+00:00,0.0748,0.07507,0.07473,0.07498,938992.0
2026-08-29 14:00:00+00:00,0.07498,0.07573,0.07496,0.07551,3404166.0
2026-08-29 15:00:00+00:00,0.07551,0.07554,0.07527,0.07541,1741292.0
2026-08-29 16:00:00+00:00,0.07541,0.07556,0.07521,0.07529,1159175.0
2026-08-29 17:00:00+00:00,0.07529,0.07542,0.07506,0.07524,684419.0
2026-08-29 18:00:00+00:00,0.07524,0.07546,0.07524,0.07538,922262.0
2026-08-29 19:00:00+00:00,0.07538,0.07557,0.07536,0.07543,1336678.0
2026-08-29 20:00:00+00:00,0.07543,0.07565,0.07537,0.07542,1667898.0
2026-08-29 21:00:00+00:00,0.07542,0.07562,0.07527,0.07538,1438050.0
2026-08-29 22:00:00+00:00,0.07538,0.0755,0.07536,0.07543,324594.0
2026-08-29 23:00:00+00:00,0.07543,0.07552,0.07534,0.07543,631723.0
2026-08-30 00:00:00+00:00,0.07543,0.07564,0.07538,0.0754,1771376.0
2026-08-30 01:00:00+00:00,0.0754,0.07549,0.07517,0.07523,2221106.0
2026-08-30 02:00:00+00:00,0.07523,0.07532,0.07511,0.07522,898388.0
2026-08-30 03:00:00+00:00,0.07522,0.07524,0.07501,0.07507,1158110.0
2026-08-30 04:00:00+00:00,0.07507,0.07514,0.07448,0.07481,13284072.0
2026-08-30 05:00:00+00:00,0.07481,0.075,0.07477,0.07489,2251353.0
2026-08-30 06:00:00+00:00,0.07489,0.07512,0.07473,0.07511,3496815.0
2026-08-30 07:00:00+00:00,0.07511,0.07512,0.07476,0.0748,1799490.0
2026-08-30 08:00:00+00:00,0.0748,0.07488,0.0747,0.07478,1465061.0
2026-08-30 09:00:00+00:00,0.07478,0.07493,0.07472,0.07486,1143186.0
2026-08-30 10:00:00+00:00,0.07486,0.07515,0.07474,0.07502,1324118.0
2026-08-30 11:00:00+00:00,0.07502,0.07503,0.07473,0.07498,1247922.0
2026-08-30 12:00:00+00:00,0.07498,0.07556,0.07498,0.07552,2326679.0
2026-08-30 13:00:00+00:00,0.07552,0.07574,0.0753,0.07562,2908587.0
2026-08-30 14:00:00+00:00,0.07562,0.07562,0.07488,0.07518,13643954.0
2026-08-30 15:00:00+00:00,0.07518,0.07521,0.07483,0.0749,1637571.0
2026-08-30 16:00:00+00:00,0.0749,0.07557,0.0749,0.0755,2463113.0
2026-08-30 17:00:00+00:00,0.0755,0.07582,0.07544,0.07554,7130870.0
2026-08-30 18:00:00+00:00,0.07554,0.07604,0.07545,0.07582,2890333.0
2026-08-30 19:00:00+00:00,0.07582,0.07601,0.07548,0.07566,1552859.0
2026-08-30 20:00:00+00:00,0.07566,0.07595,0.07488,0.07517,6263739.0
2026-08-30 21:00:00+00:00,0.07517,0.07527,0.07459,0.07499,4585459.0
2026-08-30 22:00:00+00:00,0.07499,0.07525,0.07425,0.07441,7909917.0
2026-08-30 23:00:00+00:00,0.07441,0.07451,0.07282,0.07339,25338970.0
2026-08-31 00:00:00+00:00,0.07339,0.07415,0.07321,0.07382,8136304.0
2026-08-31 01:00:00+00:00,0.07382,0.07396,0.07312,0.07318,6514100.0
2026-08-31 02:00:00+00:00,0.07318,0.07366,0.07299,0.0732,3162354.0
2026-08-31 03:00:00+00:00,0.0732,0.07356,0.07309,0.07353,1326917.0
2026-08-31 04:00:00+00:00,0.07353,0.07389,0.07338,0.07375,3876957.0
2026-08-31 05:00:00+00:00,0.07375,0.07429,0.07361,0.07417,2938199.0
2026-08-31 06:00:00+00:00,0.07417,0.07435,0.07406,0.07423,1554953.0
2026-08-31 07:00:00+00:00,0.07423,0.07445,0.07419,0.07434,1873567.0
2026-08-31 08:00:00+00:00,0.07434,0.0744,0.07394,0.07404,1211561.0
2026-08-31 09:00:00+00:00,0.07404,0.07437,0.07397,0.0741,1785907.0
2026-08-31 10:00:00+00:00,0.0741,0.07455,0.07401,0.07445,1515092.0
2026-08-31 11:00:00+00:00,0.07445,0.07445,0.07402,0.07411,2508038.0
2026-08-31 12:00:00+00:00,0.07411,0.0745,0.07368,0.07385,5773106.0
2026-08-31 13:00:00+00:00,0.07385,0.07414,0.07297,0.07318,3304377.0
2026-08-31 14:00:00+00:00,0.07318,0.07413,0.07318,0.07401,4646797.0
2026-08-31 15:00:00+00:00,0.07401,0.07405,0.07324,0.07325,2084176.0
2026-08-31 16:00:00+00:00,0.07325,0.0735,0.07307,0.07327,3042236.0
2026-08-31 17:00:00+00:00,0.07327,0.0737,0.07317,0.07348,2309584.0
2026-08-31 18:00:00+00:00,0.07348,0.07387,0.07327,0.07344,5142007.0
2026-08-31 19:00:00+00:00,0.07344,0.07359,0.07321,0.07337,2844900.0
2026-08-31 20:00:00+00:00,0.07337,0.07417,0.07331,0.07386,2967161.0
2026-08-31 21:00:00+00:00,0.07386,0.07409,0.07335,0.07387,4085306.0
2026-08-31 22:00:00+00:00,0.07387,0.07397,0.07351,0.07353,1641390.0
2026-08-31 23:00:00+00:00,0.07353,0.07363,0.07344,0.07356,2281640.0
2026-09-01 00:00:00+00:00,0.07356,0.07413,0.07352,0.07384,2753599.0
2026-09-01 01:00:00+00:00,0.07384,0.0741,0.07362,0.07399,2735133.0
2026-09-01 02:00:00+00:00,0.07399,0.07399,0.07368,0.07394,965898.0
2026-09-01 03:00:00+00:00,0.07394,0.07438,0.07383,0.07438,2811010.0
2026-09-01 04:00:00+00:00,0.07438,0.07463,0.07437,0.07456,2798864.0
2026-09-01 05:00:00+00:00,0.07456,0.07521,0.07455,0.07502,2197386.0
2026-09-01 06:00:00+00:00,0.07502,0.07502,0.07472,0.07475,2340403.0
2026-09-01 07:00:00+00:00,0.07475,0.07485,0.07442,0.07467,3984995.0
2026-09-01 08:00:00+00:00,0.07467,0.07471,0.07371,0.07379,2684924.0
2026-09-01 09:00:00+00:00,0.07379,0.07419,0.07371,0.07417,2111310.0
2026-09-01 10:00:00+00:00,0.07417,0.0748,0.07416,0.07471,2052819.0
2026-09-01 11:00:00+00:00,0.07471,0.07519,0.07447,0.07514,1671617.0
2026-09-01 12:00:00+00:00,0.07514,0.07554,0.07501,0.07525,5844435.0
2026-09-01 13:00:00+00:00,0.07525,0.07534,0.07416,0.07434,11863316.0
2026-09-01 14:00:00+00:00,0.07434,0.075,0.07433,0.07461,3759295.0
2026-09-01 15:00:00+00:00,0.07461,0.07471,0.0741,0.07448,3306852.0
2026-09-01 16:00:00+00:00,0.07448,0.07457,0.07396,0.07442,1763295.0
2026-09-01 17:00:00+00:00,0.07442,0.07464,0.07419,0.0743,6404678.0
2026-09-01 18:00:00+00:00,0.0743,0.0745,0.07319,0.07426,10669530.0
2026-09-01 19:00:00+00:00,0.07426,0.07461,0.07409,0.07433,3797643.0
2026-09-01 20:00:00+00:00,0.07433,0.07459,0.07419,0.07442,2058760.0
2026-09-01 21:00:00+00:00,0.07442,0.07449,0.07367,0.0741,2783178.0
2026-09-01 22:00:00+00:00,0.0741,0.07425,0.07362,0.07382,1626184.0
2026-09-01 23:00:00+00:00,0.07382,0.07413,0.07372,0.074,1200214.0
2026-09-02 00:00:00+00:00,0.074,0.07408,0.0734,0.0734,1931413.0
2026-09-02 01:00:00+00:00,0.0734,0.07374,0.07292,0.07318,3310634.0
2026-09-02 02:00:00+00:00,0.07318,0.07361,0.07302,0.07354,2665334.0
2026-09-02 03:00:00+00:00,0.07354,0.07414,0.07354,0.07391,5925020.0
2026-09-02 04:00:00+00:00,0.07391,0.07412,0.07357,0.07409,1907790.0
2026-09-02 05:00:00+00:00,0.07409,0.07425,0.07394,0.07402,1714717.0
2026-09-02 06:00:00+00:00,0.07402,0.07413,0.07373,0.07399,1634055.0
2026-09-02 07:00:00+00:00,0.07399,0.07422,0.07396,0.07397,914391.0
2026-09-02 08:00:00+00:00,0.07397,0.07406,0.0733,0.07347,4638968.0
2026-09-02 09:00:00+00:00,0.07347,0.07376,0.07315,0.07338,4223208.0
2026-09-02 10:00:00+00:00,0.07338,0.07341,0.07268,0.0731,5005292.0
2026-09-02 11:00:00+00:00,0.0731,0.07338,0.07287,0.07335,2327230.0
2026-09-02 12:00:00+00:00,0.07335,0.07348,0.073,0.07302,1996161.0
2026-09-02 13:00:00+00:00,0.07302,0.0741,0.07302,0.07396,2791873.0
2026-09-02 14:00:00+00:00,0.07396,0.0741,0.07335,0.07337,2909383.0
2026-09-02 15:00:00+00:00,0.07337,0.07362,0.07304,0.07331,2836473.0
2026-09-02 16:00:00+00:00,0.07331,0.07367,0.07322,0.07324,1336430.0
2026-09-02 17:00:00+00:00,0.07324,0.07379,0.07305,0.07377,2052373.0
2026-09-02 18:00:00+00:00,0.07377,0.07405,0.07371,0.07386,2932285.0
2026-09-02 19:00:00+00:00,0.07386,0.07403,0.07371,0.07389,1128131.0
2026-09-02 20:00:00+00:00,0.07389,0.07425,0.07388,0.07402,1931521.0
2026-09-02 21:00:00+00:00,0.07402,0.07406,0.07386,0.07399,1208420.0
2026-09-02 22:00:00+00:00,0.07399,0.07408,0.07385,0.07397,1116881.0
2026-09-02 23:00:00+00:00,0.07397,0.07455,0.07396,0.07452,4047820.0
2026-09-03 00:00:00+00:00,0.07452,0.07485,0.07424,0.0747,3661062.0
2026-09-03 01:00:00+00:00,0.0747,0.07547,0.07436,0.07511,4423212.0
2026-09-03 02:00:00+00:00,0.07511,0.07619,0.07483,0.07605,9688240.0
2026-09-03 03:00:00+00:00,0.07605,0.07624,0.07555,0.07579,10598886.0
2026-09-03 04:00:00+00:00,0.07579,0.07617,0.07556,0.07612,3064910.0
2026-09-03 05:00:00+00:00,0.07612,0.07621,0.0753,0.076,4317847.0
2026-09-03 06:00:00+00:00,0.076,0.07604,0.07573,0.07585,1762684.0
2026-09-03 07:00:00+00:00,0.07585,0.07657,0.07576,0.07598,2754759.0
2026-09-03 08:00:00+00:00,0.07598,0.07705,0.07597,0.07694,4809674.0
2026-09-03 09:00:00+00:00,0.07694,0.077,0.0765,0.07661,3865181.0
2026-09-03 10:00:00+00:00,0.07661,0.07678,0.07616,0.07674,2243050.0
2026-09-03 11:00:00+00:00,0.07674,0.07697,0.07654,0.07685,3064933.0
2026-09-03 12:00:00+00:00,0.07685,0.07758,0.07674,0.07744,5402827.0
2026-09-03 13:00:00+00:00,0.07744,0.07752,0.07688,0.07735,4474338.0
2026-09-03 14:00:00+00:00,0.07735,0.07891,0.07724,0.0789,15360850.0
2026-09-03 15:00:00+00:00,0.0789,0.07923,0.07826,0.07919,11310543.0
2026-09-03 16:00:00+00:00,0.07919,0.08098,0.07837,0.0806,22285729.0
2026-09-03 17:00:00+00:00,0.0806,0.08062,0.07944,0.07947,5975071.0
2026-09-03 18:00:00+00:00,0.07947,0.07978,0.07932,0.07947,9713077.0
2026-09-03 19:00:00+00:00,0.07947,0.07985,0.07939,0.07959,4895646.0
2026-09-03 20:00:00+00:00,0.07959,0.07966,0.07913,0.07946,3619020.0
2026-09-03 21:00:00+00:00,0.07946,0.07967,0.07914,0.07931,3511880.0
2026-09-03 22:00:00+00:00,0.07931,0.0794,0.07847,0.07892,7618095.0
2026-09-03 23:00:00+00:00,0.07892,0.07929,0.07887,0.07921,3406172.0
2026-09-04 00:00:00+00:00,0.07921,0.07937,0.07884,0.07884,5782897.0
2026-09-04 01:00:00+00:00,0.07884,0.07901,0.07846,0.07874,2723256.0
2026-09-04 02:00:00+00:00,0.07874,0.07874,0.07811,0.07827,3837758.0
2026-09-04 03:00:00+00:00,0.07827,0.07842,0.07812,0.07812,2274206.0
2026-09-04 04:00:00+00:00,0.07812,0.0787,0.07811,0.07821,4650745.0
2026-09-04 05:00:00+00:00,0.07821,0.07823,0.07767,0.07784,2763229.0
2026-09-04 06:00:00+00:00,0.07784,0.078,0.07765,0.07786,2086374.0
2026-09-04 07:00:00+00:00,0.07786,0.07812,0.07768,0.07778,4235706.0
2026-09-04 08:00:00+00:00,0.07778,0.07853,0.07764,0.07851,6203160.0
2026-09-04 09:00:00+00:00,0.07851,0.07953,0.07849,0.07902,8733500.0
2026-09-04 10:00:00+00:00,0.07902,0.07912,0.07844,0.07892,5500348.0
2026-09-04 11:00:00+00:00,0.07892,0.07922,0.07874,0.07888,3137492.0
2026-09-04 12:00:00+00:00,0.07888,0.07924,0.0768,0.0775,27880916.0
2026-09-04 13:00:00+00:00,0.0775,0.07811,0.07705,0.07764,5958843.0
2026-09-04 14:00:00+00:00,0.07764,0.07779,0.07628,0.07658,8247200.0
2026-09-04 15:00:00+00:00,0.07658,0.07745,0.07652,0.07722,3038207.0
2026-09-04 16:00:00+00:00,0.07722,0.07765,0.07714,0.07746,1901360.0
2026-09-04 17:00:00+00:00,0.07746,0.07759,0.07704,0.07711,1655592.0
2026-09-04 18:00:00+00:00,0.07711,0.07728,0.07704,0.07722,1406572.0
2026-09-04 19:00:00+00:00,0.07722,0.07753,0.07721,0.07726,1984409.0
2026-09-04 20:00:00+00:00,0.07726,0.07811,0.07726,0.07805,2405613.0
2026-09-04 21:00:00+00:00,0.07805,0.07814,0.07799,0.07806,411500.0
