timestamp,open,high,low,close,volume
2026-06-22 10:00:00+00:00,1.6525,1.668,1.6525,1.6659,294714.7
2026-06-22 11:00:00+00:00,1.6659,1.6758,1.6603,1.6632,1241454.3
2026-06-22 12:00:00+00:00,1.6632,1.6924,1.6632,1.6855,546110.2
2026-06-22 13:00:00+00:00,1.6855,1.6863,1.67,1.6744,579980.9
2026-06-22 14:00:00+00:00,1.6744,1.6798,1.6641,1.6712,373731.8
2026-06-22 15:00:00+00:00,1.6712,1.6817,1.6597,1.6636,278316.4
2026-06-22 16:00:00+00:00,1.6636,1.6808,1.6581,1.6731,381605.2
2026-06-22 17:00:00+00:00,1.6731,1.6875,1.6693,1.6843,255875.1
2026-06-22 18:00:00+00:00,1.6843,1.7116,1.6735,1.686,1178397.2
2026-06-22 19:00:00+00:00,1.686,1.72,1.6845,1.705,990527.6
2026-06-22 20:00:00+00:00,1.705,1.7207,1.6879,1.6905,608407.5
2026-06-22 21:00:00+00:00,1.6905,1.7054,1.6897,1.7017,201174.9
2026-06-22 22:00:00+00:00,1.7017,1.7067,1.6827,1.6895,246829.7
2026-06-22 23:00:00+00:00,1.6895,1.7017,1.6813,1.691,164243.4
2026-06-23 00:00:00+00:00,1.691,1.6989,1.6661,1.6822,375933.8
2026-06-23 01:00:00+00:00,1.6822,1.6903,1.6717,1.6817,166545.4
2026-06-23 02:00:00+00:00,1.6817,1.6907,1.6551,1.6579,337113.3
2026-06-23 03:00:00+00:00,1.6579,1.6598,1.6358,1.654,929309.5
2026-06-23 04:00:00+00:00,1.654,1.6968,1.654,1.6952,485393.5
2026-06-23 05:00:00+00:00,1.6952,1.7259,1.6939,1.7211,1228454.4
2026-06-23 06:00:00+00:00,1.7211,1.7234,1.6643,1.7108,1299363.3
2026-06-23 07:00:00+00:00,1.7108,1.7476,1.6643,1.6803,1532230.3
2026-06-23 08:00:00+00:00,1.6803,1.7058,1.5575,1.5681,2762658.2
2026-06-23 09:00:00+00:00,1.5681,1.6203,1.5673,1.6026,1684075.6
2026-06-23 10:00:00+00:00,1.6026,1.6085,1.5171,1.556,1846226.2
2026-06-23 11:00:00+00:00,1.556,1.5801,1.55,1.5694,490986.7
2026-06-23 12:00:00+00:00,1.5694,1.5885,1.5624,1.5687,479901.1
2026-06-23 13:00:00+00:00,1.5687,1.588,1.5528,1.5817,311579.2
2026-06-23 14:00:00+00:00,1.5817,1.584,1.5601,1.5669,204010.2
2026-06-23 15:00:00+00:00,1.5669,1.572,1.5235,1.5357,762294.9
2026-06-23 16:00:00+00:00,1.5357,1.5567,1.5296,1.5545,149252.5
2026-06-23 17:00:00+00:00,1.5545,1.5793,1.5536,1.5759,213715.9
2026-06-23 18:00:00+00:00,1.5759,1.5989,1.5493,1.5548,317376.2
2026-06-23 19:00:00+00:00,1.5548,1.5663,1.5459,1.5636,159641.6
2026-06-23 20:00:00+00:00,1.5636,1.5767,1.5545,1.5617,282288.9
2026-06-23 21:00:00+00:00,1.5617,1.565,1.5508,1.5563,258149.5
2026-06-23 22:00:00+00:00,1.5563,1.5777,1.5537,1.5698,243410.0
2026-06-23 23:00:00+00:00,1.5698,1.5829,1.5612,1.574,157052.6
2026-06-24 00:00:00+00:00,1.574,1.5784,1.5481,1.5591,179993.0
2026-06-24 01:00:00+00:00,1.5591,1.5791,1.5491,1.5647,181561.3
2026-06-24 02:00:00+00:00,1.5647,1.5655,1.5467,1.554,121088.7
2026-06-24 03:00:00+00:00,1.554,1.5702,1.5519,1.5688,180172.1
2026-06-24 04:00:00+00:00,1.5688,1.5696,1.5422,1.5595,469047.8
2026-06-24 05:00:00+00:00,1.5595,1.5725,1.5528,1.5563,150449.4
2026-06-24 06:00:00+00:00,1.5563,1.5624,1.548,1.549,243324.4
2026-06-24 07:00:00+00:00,1.549,1.5911,1.5476,1.5825,421691.1
2026-06-24 08:00:00+00:00,1.5825,1.5967,1.5511,1.5935,745458.2
2026-06-24 09:00:00+00:00,1.5935,1.5966,1.5697,1.5825,339928.8
2026-06-24 10:00:00+00:00,1.5825,1.6174,1.5821,1.6129,1074379.4
2026-06-24 11:00:00+00:00,1.6129,1.6155,1.5968,1.6133,349150.1
2026-06-24 12:00:00+00:00,1.6133,1.6271,1.5822,1.5844,612373.3
2026-06-24 13:00:00+00:00,1.5844,1.5848,1.5536,1.5644,499869.8
2026-06-24 14:00:00+00:00,1.5644,1.5661,1.5544,1.5611,316620.5
2026-06-24 15:00:00+00:00,1.5611,1.5764,1.5464,1.5684,396480.3
2026-06-24 16:00:00+00:00,1.5684,1.5921,1.5286,1.5334,747263.1
2026-06-24 17:00:00+00:00,1.5334,1.5452,1.5189,1.5277,646757.7
2026-06-24 18:00:00+00:00,1.5277,1.5681,1.5235,1.5652,399010.5
2026-06-24 19:00:00+00:00,1.5652,1.5755,1.5503,1.5714,233940.2
2026-06-24 20:00:00+00:00,1.5714,1.5929,1.5672,1.5901,455754.4
2026-06-24 21:00:00+00:00,1.5901,1.5928,1.5606,1.5729,474355.7
2026-06-24 22:00:00+00:00,1.5729,1.5791,1.5697,1.5764,262641.9
2026-06-24 23:00:00+00:00,1.5764,1.5997,1.5746,1.5843,240969.3
2026-06-25 00:00:00+00:00,1.5843,1.5912,1.576,1.5798,275362.7
2026-06-25 01:00:00+00:00,1.5798,1.6004,1.5769,1.5981,234234.7
2026-06-25 02:00:00+00:00,1.5981,1.5981,1.5761,1.5804,185076.3
2026-06-25 03:00:00+00:00,1.5804,1.6044,1.5779,1.5899,166138.2
2026-06-25 04:00:00+00:00,1.5899,1.5967,1.5807,1.5967,257601.9
2026-06-25 05:00:00+00:00,1.5967,1.5993,1.5862,1.594,153359.1
2026-06-25 06:00:00+00:00,1.594,1.614,1.5909,1.6036,389002.3
2026-06-25 07:00:00+00:00,1.6036,1.6112,1.592,1.5987,188039.4
2026-06-25 08:00:00+00:00,1.5987,1.6009,1.5848,1.5899,190205.2
2026-06-25 09:00:00+00:00,1.5899,1.5976,1.5745,1.5766,371757.8
2026-06-25 10:00:00+00:00,1.5766,1.5914,1.5705,1.5723,227038.5
2026-06-25 11:00:00+00:00,1.5723,1.5781,1.5667,1.5726,223304.0
2026-06-25 12:00:00+00:00,1.5726,1.5774,1.5691,1.5695,133588.5
2026-06-25 13:00:00+00:00,1.5695,1.581,1.5237,1.5251,830653.7
2026-06-25 14:00:00+00:00,1.5251,1.5688,1.5242,1.5588,593938.0
2026-06-25 15:00:00+00:00,1.5588,1.5588,1.5417,1.5525,307837.5
2026-06-25 16:00:00+00:00,1.5525,1.5637,1.5482,1.5526,228246.3
2026-06-25 17:00:00+00:00,1.5526,1.5669,1.55,1.5592,178897.9
2026-06-25 18:00:00+00:00,1.5592,1.5662,1.5561,1.565,68722.0
2026-06-25 19:00:00+00:00,1.565,1.5655,1.5484,1.5584,137991.8
2026-06-25 20:00:00+00:00,1.5584,1.5668,1.555,1.5656,160929.3
2026-06-25 21:00:00+00:00,1.5656,1.5707,1.5584,1.5699,93183.2
2026-06-25 22:00:00+00:00,1.5699,1.5702,1.5634,1.5676,96777.7
2026-06-25 23:00:00+00:00,1.5676,1.5722,1.5603,1.5637,72159.7
2026-06-26 00:00:00+00:00,1.5637,1.568,1.5581,1.5616,102760.0
2026-06-26 01:00:00+00:00,1.5616,1.5671,1.5525,1.553,98602.9
2026-06-26 02:00:00+00:00,1.553,1.5566,1.5454,1.5514,209654.7
2026-06-26 03:00:00+00:00,1.5514,1.5708,1.5459,1.5708,173451.4
2026-06-26 04:00:00+00:00,1.5708,1.5709,1.5562,1.5603,96171.1
2026-06-26 05:00:00+00:00,1.5603,1.5757,1.5552,1.5738,198424.9
2026-06-26 06:00:00+00:00,1.5738,1.5835,1.5698,1.5835,111811.3
2026-06-26 07:00:00+00:00,1.5835,1.5967,1.5802,1.5835,193733.6
2026-06-26 08:00:00+00:00,1.5835,1.5863,1.5724,1.5738,120326.6
2026-06-26 09:00:00+00:00,1.5738,1.5775,1.5516,1.5559,115301.9
2026-06-26 10:00:00+00:00,1.5559,1.558,1.5521,1.5549,82723.1
2026-06-26 11:00:00+00:00,1.5549,1.5592,1.5408,1.5486,259452.5
2026-06-26 12:00:00+00:00,1.5486,1.5576,1.54,1.5465,193407.8
2026-06-26 13:00:00+00:00,1.5465,1.5641,1.54,1.5627,355545.3
2026-06-26 14:00:00+00:00,1.5627,1.5694,1.5503,1.5536,278941.1
2026-06-26 15:00:00+00:00,1.5536,1.5626,1.5516,1.5604,188231.0
2026-06-26 16:00:00+00:00,1.5604,1.5631,1.5493,1.5575,247339.5
2026-06-26 17:00:00+00:00,1.5575,1.5716,1.5554,1.5634,220075.7
2026-06-26 18:00:00+00:00,1.5634,1.5682,1.5544,1.5582,161833.4
2026-06-26 19:00:00+00:00,1.5582,1.5675,1.5573,1.5617,70682.6
2026-06-26 20:00:00+00:00,1.5617,1.5662,1.5609,1.5624,51488.2
2026-06-26 21:00:00+00:00,1.5624,1.5624,1.5548,1.5597,60456.9
2026-06-26 22:00:00+00:00,1.5597,1.568,1.5533,1.5544,97485.1
2026-06-26 23:00:00+00:00,1.5544,1.5574,1.5515,1.5563,65833.2
2026-06-27 00:00:00+00:00,1.5563,1.5564,1.5458,1.5479,78805.7
2026-06-27 01:00:00+00:00,1.5479,1.5527,1.5439,1.544,59271.1
2026-06-27 02:00:00+00:00,1.544,1.5604,1.542,1.5573,84019.2
2026-06-27 03:00:00+00:00,1.5573,1.5573,1.5512,1.5571,47526.1
2026-06-27 04:00:00+00:00,1.5571,1.5602,1.556,1.556,23440.8
2026-06-27 05:00:00+00:00,1.556,1.558,1.5518,1.5539,41917.5
2026-06-27 06:00:00+00:00,1.5539,1.5704,1.5515,1.5631,156378.4
2026-06-27 07:00:00+00:00,1.5631,1.5888,1.5588,1.5807,239061.3
2026-06-27 08:00:00+00:00,1.5807,1.5862,1.5738,1.5769,124631.2
2026-06-27 09:00:00+00:00,1.5769,1.589,1.5644,1.5762,161976.7
2026-06-27 10:00:00+00:00,1.5762,1.5802,1.5706,1.5746,70361.4
2026-06-27 11:00:00+00:00,1.5746,1.5778,1.567,1.5682,57369.7
2026-06-27 12:00:00+00:00,1.5682,1.5711,1.5645,1.5677,33351.7
2026-06-27 13:00:00+00:00,1.5677,1.571,1.5647,1.5671,51932.9
2026-06-27 14:00:00+00:00,1.5671,1.5757,1.5662,1.5706,44278.0
2026-06-27 15:00:00+00:00,1.5706,1.5838,1.5694,1.5779,155384.2
2026-06-27 16:00:00+00:00,1.5779,1.5876,1.5703,1.5711,176544.5
2026-06-27 17:00:00+00:00,1.5711,1.5742,1.5643,1.5643,159170.5
2026-06-27 18:00:00+00:00,1.5643,1.5734,1.5593,1.5606,99194.9
2026-06-27 19:00:00+00:00,1.5606,1.5651,1.5515,1.555,191993.4
2026-06-27 20:00:00+00:00,1.555,1.5649,1.555,1.5646,56845.2
2026-06-27 21:00:00+00:00,1.5646,1.5848,1.5601,1.5752,387387.8
2026-06-27 22:00:00+00:00,1.5752,1.5838,1.5693,1.5742,152439.2
2026-06-27 23:00:00+00:00,1.5742,1.5761,1.5644,1.568,102770.6
2026-06-28 00:00:00+00:00,1.568,1.5726,1.5652,1.5691,53237.6
2026-06-28 01:00:00+00:00,1.5691,1.5698,1.5662,1.5685,27685.3
2026-06-28 02:00:00+00:00,1.5685,1.572,1.5602,1.5623,37742.5
2026-06-28 03:00:00+00:00,1.5623,1.5728,1.5619,1.5695,73489.1
2026-06-28 04:00:00+00:00,1.5695,1.5695,1.55,1.5551,367339.1
2026-06-28 05:00:00+00:00,1.5551,1.5555,1.5431,1.5552,127579.8
2026-06-28 06:00:00+00:00,1.5552,1.5584,1.5452,1.5458,190944.2
2026-06-28 07:00:00+00:00,1.5458,1.5647,1.5458,1.5611,257512.2
2026-06-28 08:00:00+00:00,1.5611,1.562,1.5411,1.558,328401.1
2026-06-28 09:00:00+00:00,1.558,1.5684,1.556,1.5652,430659.5
2026-06-28 10:00:00+00:00,1.5652,1.5661,1.5592,1.5595,125144.6
2026-06-28 11:00:00+00:00,1.5595,1.5654,1.5564,1.5627,173714.7
2026-06-28 12:00:00+00:00,1.5627,1.5636,1.556,1.557,97779.1
2026-06-28 13:00:00+00:00,1.557,1.5632,1.5532,1.5593,95885.2
2026-06-28 14:00:00+00:00,1.5593,1.5593,1.55,1.5561,214129.8
2026-06-28 15:00:00+00:00,1.5561,1.5648,1.5506,1.5533,230875.6
2026-06-28 16:00:00+00:00,1.5533,1.5563,1.5478,1.5527,94627.3
2026-06-28 17:00:00+00:00,1.5527,1.5571,1.5422,1.5553,123662.4
2026-06-28 18:00:00+00:00,1.5553,1.5609,1.5457,1.5492,109416.6
2026-06-28 19:00:00+00:00,1.5492,1.5727,1.5442,1.5627,514431.0
2026-06-28 20:00:00+00:00,1.5627,1.5704,1.5615,1.5679,110469.7
2026-06-28 21:00:00+00:00,1.5679,1.6064,1.5648,1.6044,443866.9
2026-06-28 22:00:00+00:00,1.6044,1.6232,1.5894,1.5946,625248.0
2026-06-28 23:00:00+00:00,1.5946,1.6019,1.5885,1.5909,122284.7
2026-06-29 00:00:00+00:00,1.5909,1.598,1.5768,1.5921,173021.6
2026-06-29 01:00:00+00:00,1.5921,1.5944,1.5833,1.5944,155963.9
2026-06-29 02:00:00+00:00,1.5944,1.5972,1.5804,1.5871,180046.4
2026-06-29 03:00:00+00:00,1.5871,1.6153,1.5871,1.6063,674902.2
2026-06-29 04:00:00+00:00,1.6063,1.6172,1.6008,1.6065,352451.8
2026-06-29 05:00:00+00:00,1.6065,1.6073,1.5935,1.605,615776.5
2026-06-29 06:00:00+00:00,1.605,1.6333,1.6027,1.6191,519379.8
2026-06-29 07:00:00+00:00,1.6191,1.6192,1.601,1.604,632951.8
2026-06-29 08:00:00+00:00,1.604,1.606,1.5834,1.5907,389146.1
2026-06-29 09:00:00+00:00,1.5907,1.603,1.59,1.6021,178156.4
2026-06-29 10:00:00+00:00,1.6021,1.6054,1.5941,1.5941,169409.0
2026-06-29 11:00:00+00:00,1.5941,1.6004,1.5858,1.5943,276796.2
2026-06-29 12:00:00+00:00,1.5943,1.6124,1.5881,1.6017,977466.3
2026-06-29 13:00:00+00:00,1.6017,1.6144,1.584,1.596,594650.1
2026-06-29 14:00:00+00:00,1.596,1.6218,1.5901,1.6102,987661.0
2026-06-29 15:00:00+00:00,1.6102,1.6263,1.6073,1.6096,488188.4
2026-06-29 16:00:00+00:00,1.6096,1.6236,1.6065,1.6172,329310.6
2026-06-29 17:00:00+00:00,1.6172,1.6287,1.6025,1.6101,790938.6
2026-06-29 18:00:00+00:00,1.6101,1.6273,1.6046,1.6254,277206.8
2026-06-29 19:00:00+00:00,1.6254,1.6282,1.6143,1.6144,206029.4
2026-06-29 20:00:00+00:00,1.6144,1.6178,1.61,1.6113,168066.8
2026-06-29 21:00:00+00:00,1.6113,1.6267,1.6044,1.6194,162441.7
2026-06-29 22:00:00+00:00,1.6194,1.6227,1.612,1.6179,100205.0
2026-06-29 23:00:00+00:00,1.6179,1.6183,1.6,1.6058,196991.5
2026-06-30 00:00:00+00:00,1.6058,1.6141,1.5923,1.5994,199999.6
2026-06-30 01:00:00+00:00,1.5994,1.6012,1.5912,1.5949,134335.1
2026-06-30 02:00:00+00:00,1.5949,1.6084,1.5909,1.6015,165287.8
2026-06-30 03:00:00+00:00,1.6015,1.6048,1.5954,1.5957,68134.5
2026-06-30 04:00:00+00:00,1.5957,1.6085,1.594,1.6003,45590.3
2026-06-30 05:00:00+00:00,1.6003,1.6127,1.5998,1.612,123424.3
2026-06-30 06:00:00+00:00,1.612,1.613,1.6015,1.6068,88113.0
2026-06-30 07:00:00+00:00,1.6068,1.61,1.589,1.6035,348411.1
2026-06-30 08:00:00+00:00,1.6035,1.61,1.5949,1.6,226933.7
2026-06-30 09:00:00+00:00,1.6,1.6028,1.5937,1.5948,98103.8
2026-06-30 10:00:00+00:00,1.5948,1.6076,1.59,1.6003,156773.0
2026-06-30 11:00:00+00:00,1.6003,1.6049,1.5927,1.5984,162315.8
2026-06-30 12:00:00+00:00,1.5984,1.5984,1.5564,1.5677,856452.0
2026-06-30 13:00:00+00:00,1.5677,1.575,1.5613,1.5694,302168.2
2026-06-30 14:00:00+00:00,1.5694,1.5803,1.5505,1.5583,404282.2
2026-06-30 15:00:00+00:00,1.5583,1.5586,1.5315,1.535,529119.7
2026-06-30 16:00:00+00:00,1.535,1.5589,1.5344,1.557,301782.5
2026-06-30 17:00:00+00:00,1.557,1.562,1.5551,1.5566,99995.8
2026-06-30 18:00:00+00:00,1.5566,1.5614,1.5448,1.5545,133660.5
2026-06-30 19:00:00+00:00,1.5545,1.5553,1.5347,1.5361,240707.9
2026-06-30 20:00:00+00:00,1.5361,1.5419,1.528,1.535,227053.9
2026-06-30 21:00:00+00:00,1.535,1.5352,1.5215,1.5246,214915.6
2026-06-30 22:00:00+00:00,1.5246,1.5253,1.501,1.5034,510366.0
2026-06-30 23:00:00+00:00,1.5034,1.5153,1.4819,1.5103,526858.9
2026-07-01 00:00:00+00:00,1.5103,1.5185,1.5024,1.5173,252834.1
2026-07-01 01:00:00+00:00,1.5173,1.523,1.4976,1.5207,147365.3
2026-07-01 02:00:00+00:00,1.5207,1.538,1.5109,1.5331,232283.0
2026-07-01 03:00:00+00:00,1.5331,1.5555,1.5303,1.5498,390906.4
2026-07-01 04:00:00+00:00,1.5498,1.5656,1.5494,1.5649,233726.3
2026-07-01 05:00:00+00:00,1.5649,1.5659,1.552,1.561,113610.7
2026-07-01 06:00:00+00:00,1.561,1.561,1.5501,1.5594,103700.3
2026-07-01 07:00:00+00:00,1.5594,1.5649,1.5534,1.5582,150712.8
2026-07-01 08:00:00+00:00,1.5582,1.5733,1.5574,1.5732,188885.9
2026-07-01 09:00:00+00:00,1.5732,1.582,1.5452,1.5484,457483.6
2026-07-01 10:00:00+00:00,1.5484,1.5574,1.544,1.5548,192092.6
2026-07-01 11:00:00+00:00,1.5548,1.5609,1.5506,1.5536,105514.4
2026-07-01 12:00:00+00:00,1.5536,1.5539,1.5243,1.5339,619634.3
2026-07-01 13:00:00+00:00,1.5339,1.5584,1.5335,1.5564,336520.2
2026-07-01 14:00:00+00:00,1.5564,1.5641,1.5471,1.555,263512.8
2026-07-01 15:00:00+00:00,1.555,1.5677,1.554,1.5585,242290.5
2026-07-01 16:00:00+00:00,1.5585,1.5598,1.5401,1.5425,186951.6
2026-07-01 17:00:00+00:00,1.5425,1.55,1.5357,1.548,142972.9
2026-07-01 18:00:00+00:00,1.548,1.5575,1.5431,1.5574,204241.5
2026-07-01 19:00:00+00:00,1.5574,1.56,1.5355,1.5421,236654.1
2026-07-01 20:00:00+00:00,1.5421,1.5422,1.5325,1.5397,129873.4
2026-07-01 21:00:00+00:00,1.5397,1.571,1.5397,1.5667,644988.6
2026-07-01 22:00:00+00:00,1.5667,1.5692,1.5594,1.5654,230522.1
2026-07-01 23:00:00+00:00,1.5654,1.5656,1.5485,1.5598,339362.9
2026-07-02 00:00:00+00:00,1.5598,1.5657,1.555,1.5615,205461.7
2026-07-02 01:00:00+00:00,1.5615,1.5703,1.5601,1.5653,101231.5
2026-07-02 02:00:00+00:00,1.5653,1.5704,1.555,1.5669,225725.9
2026-07-02 03:00:00+00:00,1.5669,1.5771,1.5636,1.5731,232869.5
2026-07-02 04:00:00+00:00,1.5731,1.5731,1.5624,1.5656,112399.6
2026-07-02 05:00:00+00:00,1.5656,1.571,1.5601,1.5671,160635.4
2026-07-02 06:00:00+00:00,1.5671,1.5674,1.56,1.5612,83244.0
2026-07-02 07:00:00+00:00,1.5612,1.5844,1.5609,1.5799,555620.8
2026-07-02 08:00:00+00:00,1.5799,1.62,1.5723,1.6086,1971391.9
2026-07-02 09:00:00+00:00,1.6086,1.6924,1.6072,1.6681,2535945.6
2026-07-02 10:00:00+00:00,1.6681,1.7043,1.6626,1.668,1728013.4
2026-07-02 11:00:00+00:00,1.668,1.6849,1.6469,1.6575,1162183.0
2026-07-02 12:00:00+00:00,1.6575,1.687,1.6461,1.6855,893906.1
2026-07-02 13:00:00+00:00,1.6855,1.6959,1.6637,1.6867,948043.9
2026-07-02 14:00:00+00:00,1.6867,1.6968,1.6416,1.6609,1179086.2
2026-07-02 15:00:00+00:00,1.6609,1.667,1.636,1.6392,642418.9
2026-07-02 16:00:00+00:00,1.6392,1.6702,1.6346,1.6374,712888.3
2026-07-02 17:00:00+00:00,1.6374,1.6658,1.6371,1.6518,636931.6
2026-07-02 18:00:00+00:00,1.6518,1.6767,1.6476,1.6766,473702.8
2026-07-02 19:00:00+00:00,1.6766,1.6917,1.664,1.6904,583517.0
2026-07-02 20:00:00+00:00,1.6904,1.7,1.6628,1.6864,755391.6
2026-07-02 21:00:00+00:00,1.6864,1.7035,1.6861,1.7,301476.7
2026-07-02 22:00:00+00:00,1.7,1.7017,1.6654,1.6746,588911.7
2026-07-02 23:00:00+00:00,1.6746,1.6746,1.664,1.6684,233290.6
2026-07-03 00:00:00+00:00,1.6684,1.6684,1.6455,1.6486,325991.1
2026-07-03 01:00:00+00:00,1.6486,1.6574,1.6395,1.6421,229009.9
2026-07-03 02:00:00+00:00,1.6421,1.6599,1.6385,1.6523,235332.5
2026-07-03 03:00:00+00:00,1.6523,1.6532,1.6438,1.6504,70395.8
2026-07-03 04:00:00+00:00,1.6504,1.6532,1.6358,1.6363,202707.2
2026-07-03 05:00:00+00:00,1.6363,1.6664,1.6348,1.6537,560286.7
2026-07-03 06:00:00+00:00,1.6537,1.662,1.6493,1.6589,223658.2
2026-07-03 07:00:00+00:00,1.6589,1.676,1.6566,1.6715,198473.1
2026-07-03 08:00:00+00:00,1.6715,1.6858,1.6676,1.6702,253266.4
2026-07-03 09:00:00+00:00,1.6702,1.6835,1.6674,1.6735,182344.1
2026-07-03 10:00:00+00:00,1.6735,1.6891,1.6674,1.6853,231351.9
2026-07-03 11:00:00+00:00,1.6853,1.6935,1.6771,1.689,277800.8
2026-07-03 12:00:00+00:00,1.689,1.6933,1.6722,1.6748,303209.6
2026-07-03 13:00:00+00:00,1.6748,1.6973,1.6736,1.6925,251833.9
2026-07-03 14:00:00+00:00,1.6925,1.6937,1.6797,1.687,170533.0
2026-07-03 15:00:00+00:00,1.687,1.7,1.6603,1.6619,899145.4
2026-07-03 16:00:00+00:00,1.6619,1.6649,1.6466,1.6596,938000.5
2026-07-03 17:00:00+00:00,1.6596,1.6966,1.6524,1.6959,1196050.0
2026-07-03 18:00:00+00:00,1.6959,1.7354,1.6911,1.705,1846645.5
2026-07-03 19:00:00+00:00,1.705,1.7173,1.69,1.6992,1034201.3
2026-07-03 20:00:00+00:00,1.6992,1.7446,1.6968,1.7064,1226200.0
2026-07-03 21:00:00+00:00,1.7064,1.7157,1.6874,1.6923,627079.5
2026-07-03 22:00:00+00:00,1.6923,1.6978,1.6756,1.6768,463020.8
2026-07-03 23:00:00+00:00,1.6768,1.6947,1.6681,1.6879,339481.7
2026-07-04 00:00:00+00:00,1.6879,1.6934,1.6737,1.6744,183997.4
2026-07-04 01:00:00+00:00,1.6744,1.6849,1.665,1.6773,392624.4
2026-07-04 02:00:00+00:00,1.6773,1.6874,1.675,1.6836,193852.4
2026-07-04 03:00:00+00:00,1.6836,1.7025,1.6724,1.6881,443090.3
2026-07-04 04:00:00+00:00,1.6881,1.7785,1.6881,1.7773,1775404.5
2026-07-04 05:00:00+00:00,1.7773,1.8267,1.7632,1.7888,1871831.6
2026-07-04 06:00:00+00:00,1.7888,1.8127,1.7755,1.7864,959274.3
2026-07-04 07:00:00+00:00,1.7864,1.8202,1.7762,1.8182,834688.4
2026-07-04 08:00:00+00:00,1.8182,1.8283,1.7897,1.8078,953497.4
2026-07-04 09:00:00+00:00,1.8078,1.8158,1.7953,1.8051,643505.9
2026-07-04 10:00:00+00:00,1.8051,1.8394,1.8046,1.8259,776906.5
2026-07-04 11:00:00+00:00,1.8259,1.8384,1.8036,1.8272,593418.3
2026-07-04 12:00:00+00:00,1.8272,1.8426,1.82,1.8276,844715.4
2026-07-04 13:00:00+00:00,1.8276,1.8339,1.808,1.8235,482664.6
2026-07-04 14:00:00+00:00,1.8235,1.8307,1.7961,1.8006,424331.6
2026-07-04 15:00:00+00:00,1.8006,1.82,1.7973,1.8023,422326.7
2026-07-04 16:00:00+00:00,1.8023,1.8054,1.7847,1.7989,452526.4
2026-07-04 17:00:00+00:00,1.7989,1.8156,1.7864,1.8089,303085.2
2026-07-04 18:00:00+00:00,1.8089,1.8146,1.7779,1.7858,386433.7
2026-07-04 19:00:00+00:00,1.7858,1.7975,1.7806,1.7844,256221.0
2026-07-04 20:00:00+00:00,1.7844,1.7987,1.7791,1.7945,314549.2
2026-07-04 21:00:00+00:00,1.7945,1.8077,1.7901,1.7997,341986.1
2026-07-04 22:00:00+00:00,1.7997,1.8047,1.7825,1.7907,220421.0
2026-07-04 23:00:00+00:00,1.7907,1.7934,1.757,1.7659,470764.1
2026-07-05 00:00:00+00:00,1.7659,1.7699,1.753,1.7606,442047.5
2026-07-05 01:00:00+00:00,1.7606,1.77,1.7516,1.7545,226923.3
2026-07-05 02:00:00+00:00,1.7545,1.7545,1.7219,1.7341,447555.6
2026-07-05 03:00:00+00:00,1.7341,1.7552,1.7336,1.7416,319803.4
2026-07-05 04:00:00+00:00,1.7416,1.7832,1.741,1.7701,315436.8
2026-07-05 05:00:00+00:00,1.7701,1.7798,1.7534,1.768,516912.9
2026-07-05 06:00:00+00:00,1.768,1.7693,1.7528,1.7603,137555.8
2026-07-05 07:00:00+00:00,1.7603,1.7786,1.7573,1.7761,168498.0
2026-07-05 08:00:00+00:00,1.7761,1.7804,1.7529,1.7598,200632.1
2026-07-05 09:00:00+00:00,1.7598,1.7606,1.735,1.7421,359063.8
2026-07-05 10:00:00+00:00,1.7421,1.7609,1.7278,1.7544,420241.4
2026-07-05 11:00:00+00:00,1.7544,1.7674,1.7451,1.7451,240167.7
2026-07-05 12:00:00+00:00,1.7451,1.7735,1.7409,1.7726,325811.4
2026-07-05 13:00:00+00:00,1.7726,1.7813,1.7586,1.7648,476424.5
2026-07-05 14:00:00+00:00,1.7648,1.7664,1.7557,1.7589,194565.0
2026-07-05 15:00:00+00:00,1.7589,1.7859,1.7578,1.7736,351477.4
2026-07-05 16:00:00+00:00,1.7736,1.783,1.7658,1.7682,256696.8
2026-07-05 17:00:00+00:00,1.7682,1.7759,1.7622,1.764,187829.1
2026-07-05 18:00:00+00:00,1.764,1.782,1.7608,1.7809,145039.9
2026-07-05 19:00:00+00:00,1.7809,1.8077,1.7759,1.8058,398978.0
2026-07-05 20:00:00+00:00,1.8058,1.8071,1.771,1.7792,250088.9
2026-07-05 21:00:00+00:00,1.7792,1.7927,1.7584,1.7827,332968.1
2026-07-05 22:00:00+00:00,1.7827,1.7945,1.7714,1.7796,258351.5
2026-07-05 23:00:00+00:00,1.7796,1.7928,1.7736,1.7759,172045.1
2026-07-06 00:00:00+00:00,1.7759,1.7842,1.77,1.7725,215775.0
2026-07-06 01:00:00+00:00,1.7725,1.7733,1.7482,1.7506,371177.3
2026-07-06 02:00:00+00:00,1.7506,1.7679,1.7467,1.7662,171153.9
2026-07-06 03:00:00+00:00,1.7662,1.7697,1.7589,1.7677,185263.2
2026-07-06 04:00:00+00:00,1.7677,1.7685,1.7492,1.7538,231693.9
2026-07-06 05:00:00+00:00,1.7538,1.7631,1.746,1.7628,222906.3
2026-07-06 06:00:00+00:00,1.7628,1.7638,1.7361,1.7525,380719.9
2026-07-06 07:00:00+00:00,1.7525,1.765,1.7484,1.7582,195686.6
2026-07-06 08:00:00+00:00,1.7582,1.7659,1.7503,1.7522,161888.1
2026-07-06 09:00:00+00:00,1.7522,1.7715,1.7441,1.7553,627973.2
2026-07-06 10:00:00+00:00,1.7553,1.7681,1.755,1.7667,209402.6
2026-07-06 11:00:00+00:00,1.7667,1.7785,1.76,1.7602,253949.4
2026-07-06 12:00:00+00:00,1.7602,1.7621,1.7341,1.7384,1139965.1
2026-07-06 13:00:00+00:00,1.7384,1.7397,1.6933,1.7081,1801635.4
2026-07-06 14:00:00+00:00,1.7081,1.7596,1.7026,1.7553,2411097.9
2026-07-06 15:00:00+00:00,1.7553,1.7619,1.7419,1.7591,824851.9
2026-07-06 16:00:00+00:00,1.7591,1.8084,1.756,1.7931,1815105.5
2026-07-06 17:00:00+00:00,1.7931,1.8101,1.7847,1.7914,1462413.0
2026-07-06 18:00:00+00:00,1.7914,1.797,1.7778,1.7826,423029.6
2026-07-06 19:00:00+00:00,1.7826,1.7839,1.7671,1.7731,528634.1
2026-07-06 20:00:00+00:00,1.7731,1.7813,1.7621,1.7769,333868.0
2026-07-06 21:00:00+00:00,1.7769,1.7979,1.7717,1.7979,351862.5
2026-07-06 22:00:00+00:00,1.7979,1.8034,1.7847,1.7971,341157.6
2026-07-06 23:00:00+00:00,1.7971,1.7996,1.7787,1.7805,145140.9
2026-07-07 00:00:00+00:00,1.7805,1.7993,1.7757,1.7814,192973.7
2026-07-07 01:00:00+00:00,1.7814,1.7824,1.7595,1.7621,451603.1
2026-07-07 02:00:00+00:00,1.7621,1.7636,1.6994,1.724,2181963.5
2026-07-07 03:00:00+00:00,1.724,1.7302,1.71,1.7111,477187.5
2026-07-07 04:00:00+00:00,1.7111,1.7185,1.7071,1.7143,620022.2
2026-07-07 05:00:00+00:00,1.7143,1.7144,1.6333,1.6813,4002209.1
2026-07-07 06:00:00+00:00,1.6813,1.6926,1.6738,1.69,428509.8
2026-07-07 07:00:00+00:00,1.69,1.6936,1.6714,1.6801,460678.1
2026-07-07 08:00:00+00:00,1.6801,1.6852,1.6547,1.67,951776.5
2026-07-07 09:00:00+00:00,1.67,1.6921,1.66,1.6841,658940.6
2026-07-07 10:00:00+00:00,1.6841,1.6864,1.6691,1.6762,518218.5
2026-07-07 11:00:00+00:00,1.6762,1.6886,1.671,1.6867,236690.1
2026-07-07 12:00:00+00:00,1.6867,1.6939,1.6709,1.6728,345384.1
2026-07-07 13:00:00+00:00,1.6728,1.6767,1.6567,1.6674,460628.4
2026-07-07 14:00:00+00:00,1.6674,1.6773,1.6366,1.6734,1408339.5
2026-07-07 15:00:00+00:00,1.6734,1.6891,1.665,1.6819,720744.9
2026-07-07 16:00:00+00:00,1.6819,1.6849,1.6387,1.658,1194597.3
2026-07-07 17:00:00+00:00,1.658,1.66,1.6464,1.6571,291056.6
2026-07-07 18:00:00+00:00,1.6571,1.6756,1.6221,1.634,1255295.6
2026-07-07 19:00:00+00:00,1.634,1.6394,1.6229,1.6365,894781.8
2026-07-07 20:00:00+00:00,1.6365,1.6421,1.6299,1.6414,247705.2
2026-07-07 21:00:00+00:00,1.6414,1.6437,1.6299,1.6341,325637.5
2026-07-07 22:00:00+00:00,1.6341,1.6341,1.6087,1.6214,910744.4
2026-07-07 23:00:00+00:00,1.6214,1.631,1.6175,1.6188,253898.4
2026-07-08 00:00:00+00:00,1.6188,1.6293,1.6088,1.6089,352832.5
2026-07-08 01:00:00+00:00,1.6089,1.62,1.595,1.5975,587092.2
2026-07-08 02:00:00+00:00,1.5975,1.6011,1.5651,1.5854,1291540.0
2026-07-08 03:00:00+00:00,1.5854,1.6002,1.5808,1.5945,368345.1
2026-07-08 04:00:00+00:00,1.5945,1.5982,1.5822,1.5953,414839.2
2026-07-08 05:00:00+00:00,1.5953,1.6025,1.5847,1.5982,265163.0
2026-07-08 06:00:00+00:00,1.5982,1.6075,1.5883,1.5929,335645.9
2026-07-08 07:00:00+00:00,1.5929,1.6056,1.5713,1.5825,521820.1
2026-07-08 08:00:00+00:00,1.5825,1.5872,1.5552,1.5611,1077106.0
2026-07-08 09:00:00+00:00,1.5611,1.5778,1.5475,1.5642,754717.4
2026-07-08 10:00:00+00:00,1.5642,1.5848,1.5629,1.5812,426082.4
2026-07-08 11:00:00+00:00,1.5812,1.5976,1.5807,1.5963,349042.1
2026-07-08 12:00:00+00:00,1.5963,1.6027,1.5835,1.587,269934.9
2026-07-08 13:00:00+00:00,1.587,1.5981,1.5817,1.5901,201798.8
2026-07-08 14:00:00+00:00,1.5901,1.5995,1.5787,1.5853,321129.4
2026-07-08 15:00:00+00:00,1.5853,1.5857,1.5679,1.575,577928.2
2026-07-08 16:00:00+00:00,1.575,1.5899,1.5742,1.5882,298205.8
2026-07-08 17:00:00+00:00,1.5882,1.5951,1.5844,1.59,295797.7
2026-07-08 18:00:00+00:00,1.59,1.5958,1.5847,1.5857,190562.8
2026-07-08 19:00:00+00:00,1.5857,1.59,1.5826,1.588,59717.8
2026-07-08 20:00:00+00:00,1.588,1.588,1.5718,1.5731,349183.8
2026-07-08 21:00:00+00:00,1.5731,1.5883,1.5693,1.5876,101466.7
2026-07-08 22:00:00+00:00,1.5876,1.6008,1.5875,1.5922,446544.4
2026-07-08 23:00:00+00:00,1.5922,1.5962,1.578,1.5845,88758.6
2026-07-09 00:00:00+00:00,1.5845,1.5962,1.574,1.5772,187406.6
2026-07-09 01:00:00+00:00,1.5772,1.594,1.5743,1.5757,95065.4
2026-07-09 02:00:00+00:00,1.5757,1.5839,1.5725,1.5754,62449.5
2026-07-09 03:00:00+00:00,1.5754,1.5802,1.5703,1.5774,35824.0
2026-07-09 04:00:00+00:00,1.5774,1.5854,1.5764,1.5849,93063.4
2026-07-09 05:00:00+00:00,1.5849,1.5905,1.5793,1.5898,117730.8
2026-07-09 06:00:00+00:00,1.5898,1.5947,1.5831,1.5874,146275.8
2026-07-09 07:00:00+00:00,1.5874,1.5936,1.582,1.5905,152315.1
2026-07-09 08:00:00+00:00,1.5905,1.5978,1.585,1.5912,293853.2
2026-07-09 09:00:00+00:00,1.5912,1.5915,1.5784,1.5848,177622.1
2026-07-09 10:00:00+00:00,1.5848,1.5909,1.578,1.5903,117101.7
2026-07-09 11:00:00+00:00,1.5903,1.6125,1.5903,1.6009,784190.5
2026-07-09 12:00:00+00:00,1.6009,1.6053,1.5875,1.5964,273635.9
2026-07-09 13:00:00+00:00,1.5964,1.6043,1.5851,1.5915,386916.4
2026-07-09 14:00:00+00:00,1.5915,1.6,1.5901,1.5983,84791.4
2026-07-09 15:00:00+00:00,1.5983,1.6481,1.597,1.6186,883984.2
2026-07-09 16:00:00+00:00,1.6186,1.6288,1.6118,1.6184,412991.8
2026-07-09 17:00:00+00:00,1.6184,1.6316,1.6173,1.6241,362869.6
2026-07-09 18:00:00+00:00,1.6241,1.6307,1.6168,1.6197,295581.9
2026-07-09 19:00:00+00:00,1.6197,1.6346,1.6142,1.6253,301953.2
2026-07-09 20:00:00+00:00,1.6253,1.6296,1.6145,1.6166,350048.5
2026-07-09 21:00:00+00:00,1.6166,1.628,1.6163,1.6174,173123.5
2026-07-09 22:00:00+00:00,1.6174,1.6211,1.6147,1.6175,164005.9
2026-07-09 23:00:00+00:00,1.6175,1.6176,1.6009,1.6025,275317.5
2026-07-10 00:00:00+00:00,1.6025,1.613,1.5976,1.6117,319551.5
2026-07-10 01:00:00+00:00,1.6117,1.6278,1.6057,1.6217,286724.0
2026-07-10 02:00:00+00:00,1.6217,1.6259,1.6191,1.6243,80461.0
2026-07-10 03:00:00+00:00,1.6243,1.6245,1.6147,1.6199,69012.9
2026-07-10 04:00:00+00:00,1.6199,1.6475,1.6199,1.6435,182073.8
2026-07-10 05:00:00+00:00,1.6435,1.657,1.6345,1.6454,773732.8
2026-07-10 06:00:00+00:00,1.6454,1.6796,1.6447,1.652,519687.0
2026-07-10 07:00:00+00:00,1.652,1.6819,1.6512,1.6783,368703.9
2026-07-10 08:00:00+00:00,1.6783,1.687,1.6404,1.6751,1019933.3
2026-07-10 09:00:00+00:00,1.6751,1.6755,1.6325,1.6422,946691.7
2026-07-10 10:00:00+00:00,1.6422,1.657,1.6351,1.6496,284117.9
2026-07-10 11:00:00+00:00,1.6496,1.659,1.6477,1.6545,218924.6
2026-07-10 12:00:00+00:00,1.6545,1.6616,1.6454,1.6454,268922.0
2026-07-10 13:00:00+00:00,1.6454,1.6675,1.6435,1.6646,289344.8
2026-07-10 14:00:00+00:00,1.6646,1.6673,1.6457,1.6578,539661.2
2026-07-10 15:00:00+00:00,1.6578,1.694,1.6507,1.6763,1657934.6
2026-07-10 16:00:00+00:00,1.6763,1.6797,1.6486,1.6656,709031.4
2026-07-10 17:00:00+00:00,1.6656,1.666,1.65,1.6545,217172.1
2026-07-10 18:00:00+00:00,1.6545,1.66,1.6485,1.6543,257246.0
2026-07-10 19:00:00+00:00,1.6543,1.6594,1.6442,1.652,183180.7
2026-07-10 20:00:00+00:00,1.652,1.6698,1.6501,1.6621,372840.7
2026-07-10 21:00:00+00:00,1.6621,1.667,1.6522,1.6548,117189.1
2026-07-10 22:00:00+00:00,1.6548,1.6607,1.6532,1.66,132609.2
2026-07-10 23:00:00+00:00,1.66,1.6601,1.6427,1.6447,142792.0
2026-07-11 00:00:00+00:00,1.6447,1.6447,1.6256,1.6411,336907.9
2026-07-11 01:00:00+00:00,1.6411,1.6547,1.6355,1.6469,509684.5
2026-07-11 02:00:00+00:00,1.6469,1.6469,1.6381,1.643,97354.1
2026-07-11 03:00:00+00:00,1.643,1.6478,1.634,1.6429,222120.9
2026-07-11 04:00:00+00:00,1.6429,1.6618,1.6357,1.6393,450088.1
2026-07-11 05:00:00+00:00,1.6393,1.6517,1.6371,1.647,315983.9
2026-07-11 06:00:00+00:00,1.647,1.6805,1.6435,1.6783,925001.2
2026-07-11 07:00:00+00:00,1.6783,1.6991,1.6667,1.6763,1222927.2
2026-07-11 08:00:00+00:00,1.6763,1.6803,1.6684,1.6762,322400.4
2026-07-11 09:00:00+00:00,1.6762,1.691,1.6725,1.6784,385308.2
2026-07-11 10:00:00+00:00,1.6784,1.6805,1.6643,1.6654,284579.4
2026-07-11 11:00:00+00:00,1.6654,1.6736,1.6601,1.6723,153815.8
2026-07-11 12:00:00+00:00,1.6723,1.6779,1.6678,1.673,95543.4
2026-07-11 13:00:00+00:00,1.673,1.6803,1.6729,1.6743,162263.6
2026-07-11 14:00:00+00:00,1.6743,1.6861,1.6721,1.6784,260057.6
2026-07-11 15:00:00+00:00,1.6784,1.6866,1.6671,1.6736,405782.2
2026-07-11 16:00:00+00:00,1.6736,1.6763,1.6686,1.674,81457.9
2026-07-11 17:00:00+00:00,1.674,1.6796,1.6735,1.6788,81163.3
2026-07-11 18:00:00+00:00,1.6788,1.6813,1.6619,1.6656,1306335.3
2026-07-11 19:00:00+00:00,1.6656,1.6686,1.6611,1.6676,146921.1
2026-07-11 20:00:00+00:00,1.6676,1.6713,1.6624,1.6681,144915.4
2026-07-11 21:00:00+00:00,1.6681,1.6707,1.6608,1.6657,192084.7
2026-07-11 22:00:00+00:00,1.6657,1.6682,1.647,1.654,280265.8
2026-07-11 23:00:00+00:00,1.654,1.6542,1.64,1.6404,461389.2
2026-07-12 00:00:00+00:00,1.6404,1.6542,1.6341,1.6437,320183.5
2026-07-12 01:00:00+00:00,1.6437,1.6575,1.642,1.656,135787.2
2026-07-12 02:00:00+00:00,1.656,1.6623,1.6525,1.6555,49673.9
2026-07-12 03:00:00+00:00,1.6555,1.6625,1.6529,1.6584,97089.0
2026-07-12 04:00:00+00:00,1.6584,1.6601,1.6498,1.6512,70319.8
2026-07-12 05:00:00+00:00,1.6512,1.656,1.636,1.6455,139029.2
2026-07-12 06:00:00+00:00,1.6455,1.6455,1.6347,1.6368,87229.4
2026-07-12 07:00:00+00:00,1.6368,1.6439,1.6341,1.6376,89516.4
2026-07-12 08:00:00+00:00,1.6376,1.6478,1.6375,1.6454,235294.6
2026-07-12 09:00:00+00:00,1.6454,1.6463,1.636,1.641,87673.7
2026-07-12 10:00:00+00:00,1.641,1.6416,1.6324,1.6386,116298.8
2026-07-12 11:00:00+00:00,1.6386,1.6455,1.6359,1.6442,94866.4
2026-07-12 12:00:00+00:00,1.6442,1.6458,1.6402,1.6414,63577.1
2026-07-12 13:00:00+00:00,1.6414,1.6448,1.6369,1.6369,68830.1
2026-07-12 14:00:00+00:00,1.6369,1.6495,1.6369,1.6492,62009.6
2026-07-12 15:00:00+00:00,1.6492,1.6605,1.6421,1.6461,369876.9
2026-07-12 16:00:00+00:00,1.6461,1.6462,1.6351,1.6425,138416.0
2026-07-12 17:00:00+00:00,1.6425,1.6435,1.6356,1.6374,59862.0
2026-07-12 18:00:00+00:00,1.6374,1.6405,1.6353,1.6379,37939.5
2026-07-12 19:00:00+00:00,1.6379,1.6457,1.6366,1.6425,98935.8
2026-07-12 20:00:00+00:00,1.6425,1.6464,1.642,1.6431,61607.0
2026-07-12 21:00:00+00:00,1.6431,1.6451,1.6268,1.6318,244739.8
2026-07-12 22:00:00+00:00,1.6318,1.6318,1.6053,1.616,638083.1
2026-07-12 23:00:00+00:00,1.616,1.62,1.6137,1.6182,131590.5
2026-07-13 00:00:00+00:00,1.6182,1.6436,1.6168,1.6342,475941.0
2026-07-13 01:00:00+00:00,1.6342,1.6369,1.6155,1.6161,106940.3
2026-07-13 02:00:00+00:00,1.6161,1.6231,1.6122,1.6169,89668.5
2026-07-13 03:00:00+00:00,1.6169,1.6245,1.5962,1.6046,854133.8
2026-07-13 04:00:00+00:00,1.6046,1.6048,1.5947,1.5949,246608.1
2026-07-13 05:00:00+00:00,1.5949,1.6015,1.5877,1.5981,353622.5
2026-07-13 06:00:00+00:00,1.5981,1.6109,1.5975,1.6052,144416.8
2026-07-13 07:00:00+00:00,1.6052,1.612,1.6036,1.6046,87455.3
2026-07-13 08:00:00+00:00,1.6046,1.6107,1.601,1.6106,97343.9
2026-07-13 09:00:00+00:00,1.6106,1.6115,1.6017,1.6026,124206.8
2026-07-13 10:00:00+00:00,1.6026,1.6191,1.6026,1.6089,189408.8
2026-07-13 11:00:00+00:00,1.6089,1.6161,1.6011,1.6021,130586.4
2026-07-13 12:00:00+00:00,1.6021,1.6053,1.5909,1.5959,196666.4
2026-07-13 13:00:00+00:00,1.5959,1.6034,1.5852,1.6016,286620.1
2026-07-13 14:00:00+00:00,1.6016,1.6109,1.5981,1.6109,136804.2
2026-07-13 15:00:00+00:00,1.6109,1.6109,1.5985,1.6029,77042.8
2026-07-13 16:00:00+00:00,1.6029,1.6044,1.5927,1.5966,125441.0
2026-07-13 17:00:00+00:00,1.5966,1.6021,1.5808,1.5813,278257.5
2026-07-13 18:00:00+00:00,1.5813,1.5894,1.5738,1.5849,538447.9
2026-07-13 19:00:00+00:00,1.5849,1.595,1.5811,1.5865,437590.9
2026-07-13 20:00:00+00:00,1.5865,1.5906,1.5795,1.585,212652.3
2026-07-13 21:00:00+00:00,1.585,1.5896,1.5747,1.5817,141474.4
2026-07-13 22:00:00+00:00,1.5817,1.596,1.5817,1.5909,155327.1
2026-07-13 23:00:00+00:00,1.5909,1.5978,1.5876,1.5969,170620.2
2026-07-14 00:00:00+00:00,1.5969,1.599,1.5889,1.5968,145653.2
2026-07-14 01:00:00+00:00,1.5968,1.603,1.5917,1.5946,191164.4
2026-07-14 02:00:00+00:00,1.5946,1.5946,1.5858,1.5892,108106.8
2026-07-14 03:00:00+00:00,1.5892,1.5904,1.5573,1.5842,814170.2
2026-07-14 04:00:00+00:00,1.5842,1.5937,1.5796,1.589,123758.9
2026-07-14 05:00:00+00:00,1.589,1.5935,1.5848,1.5887,115868.0
2026-07-14 06:00:00+00:00,1.5887,1.5916,1.5852,1.5879,54642.2
2026-07-14 07:00:00+00:00,1.5879,1.588,1.5764,1.5774,230624.3
2026-07-14 08:00:00+00:00,1.5774,1.5876,1.5764,1.5866,100795.9
2026-07-14 09:00:00+00:00,1.5866,1.5896,1.5773,1.5804,98391.4
2026-07-14 10:00:00+00:00,1.5804,1.5876,1.5778,1.5864,168906.5
2026-07-14 11:00:00+00:00,1.5864,1.5919,1.5845,1.5883,127888.2
2026-07-14 12:00:00+00:00,1.5883,1.6082,1.5839,1.6082,411223.4
2026-07-14 13:00:00+00:00,1.6082,1.6416,1.6055,1.64,2152471.9
2026-07-14 14:00:00+00:00,1.64,1.6531,1.6157,1.6302,1686918.5
2026-07-14 15:00:00+00:00,1.6302,1.6419,1.6197,1.6274,1003882.6
2026-07-14 16:00:00+00:00,1.6274,1.6334,1.6225,1.6297,244022.8
2026-07-14 17:00:00+00:00,1.6297,1.6308,1.603,1.6223,874729.3
2026-07-14 18:00:00+00:00,1.6223,1.6295,1.61,1.626,371424.1
2026-07-14 19:00:00+00:00,1.626,1.6267,1.6173,1.6203,139245.2
2026-07-14 20:00:00+00:00,1.6203,1.6208,1.615,1.618,138869.9
2026-07-14 21:00:00+00:00,1.618,1.6197,1.6117,1.6133,141737.6
2026-07-14 22:00:00+00:00,1.6133,1.6155,1.6052,1.6125,291363.9
2026-07-14 23:00:00+00:00,1.6125,1.6199,1.6082,1.6187,182023.2
2026-07-15 00:00:00+00:00,1.6187,1.6187,1.611,1.6173,104930.2
2026-07-15 01:00:00+00:00,1.6173,1.6174,1.6119,1.6121,112982.0
2026-07-15 02:00:00+00:00,1.6121,1.6121,1.6079,1.6092,60648.0
2026-07-15 03:00:00+00:00,1.6092,1.617,1.6084,1.6167,77434.7
2026-07-15 04:00:00+00:00,1.6167,1.6173,1.6059,1.6085,121183.1
2026-07-15 05:00:00+00:00,1.6085,1.6112,1.5987,1.6088,149805.2
2026-07-15 06:00:00+00:00,1.6088,1.6235,1.6062,1.6102,333407.3
2026-07-15 07:00:00+00:00,1.6102,1.6114,1.6007,1.6084,216472.0
2026-07-15 08:00:00+00:00,1.6084,1.6102,1.6038,1.605,88448.7
2026-07-15 09:00:00+00:00,1.605,1.6158,1.6021,1.6083,258803.1
2026-07-15 10:00:00+00:00,1.6083,1.612,1.6056,1.6088,118080.9
2026-07-15 11:00:00+00:00,1.6088,1.6179,1.6083,1.6179,137928.3
2026-07-15 12:00:00+00:00,1.6179,1.6199,1.55,1.5912,4044347.4
2026-07-15 13:00:00+00:00,1.5912,1.6068,1.5843,1.592,1119462.8
2026-07-15 14:00:00+00:00,1.592,1.5995,1.5897,1.5982,345769.1
2026-07-15 15:00:00+00:00,1.5982,1.5985,1.5909,1.5985,180195.3
2026-07-15 16:00:00+00:00,1.5985,1.5993,1.5785,1.5931,463246.7
2026-07-15 17:00:00+00:00,1.5931,1.596,1.5811,1.5916,185682.6
2026-07-15 18:00:00+00:00,1.5916,1.5967,1.5805,1.5828,96676.1
2026-07-15 19:00:00+00:00,1.5828,1.592,1.5806,1.5881,101887.3
2026-07-15 20:00:00+00:00,1.5881,1.5934,1.5868,1.5897,130014.0
2026-07-15 21:00:00+00:00,1.5897,1.5943,1.5874,1.5912,73095.5
2026-07-15 22:00:00+00:00,1.5912,1.5923,1.5701,1.5753,221895.5
2026-07-15 23:00:00+00:00,1.5753,1.5812,1.5737,1.5749,93906.9
2026-07-16 00:00:00+00:00,1.5749,1.579,1.563,1.5784,244307.2
2026-07-16 01:00:00+00:00,1.5784,1.584,1.5693,1.5763,105144.6
2026-07-16 02:00:00+00:00,1.5763,1.5773,1.5711,1.5743,49332.8
2026-07-16 03:00:00+00:00,1.5743,1.576,1.5701,1.5749,89443.0
2026-07-16 04:00:00+00:00,1.5749,1.5749,1.5616,1.5679,183098.5
2026-07-16 05:00:00+00:00,1.5679,1.5781,1.5675,1.5741,139685.8
2026-07-16 06:00:00+00:00,1.5741,1.5753,1.5673,1.5701,108259.2
2026-07-16 07:00:00+00:00,1.5701,1.5705,1.5601,1.5667,243166.3
2026-07-16 08:00:00+00:00,1.5667,1.5682,1.553,1.5625,405417.9
2026-07-16 09:00:00+00:00,1.5625,1.5645,1.5532,1.556,190885.0
2026-07-16 10:00:00+00:00,1.556,1.5593,1.5531,1.5558,86716.9
2026-07-16 11:00:00+00:00,1.5558,1.5563,1.5459,1.5496,595854.1
2026-07-16 12:00:00+00:00,1.5496,1.5501,1.5444,1.5496,259550.6
2026-07-16 13:00:00+00:00,1.5496,1.5637,1.5463,1.5495,402491.3
2026-07-16 14:00:00+00:00,1.5495,1.5593,1.5354,1.5412,452446.4
2026-07-16 15:00:00+00:00,1.5412,1.5539,1.5392,1.5524,262300.4
2026-07-16 16:00:00+00:00,1.5524,1.5537,1.5471,1.5501,130887.8
2026-07-16 17:00:00+00:00,1.5501,1.5501,1.5262,1.5316,410652.5
2026-07-16 18:00:00+00:00,1.5316,1.5397,1.5303,1.5309,212384.2
2026-07-16 19:00:00+00:00,1.5309,1.5361,1.5243,1.5297,183549.8
2026-07-16 20:00:00+00:00,1.5297,1.537,1.5258,1.5341,241438.0
2026-07-16 21:00:00+00:00,1.5341,1.5359,1.52,1.5264,194172.5
2026-07-16 22:00:00+00:00,1.5264,1.5295,1.5173,1.5183,220094.0
2026-07-16 23:00:00+00:00,1.5183,1.5235,1.5107,1.5173,370077.2
2026-07-17 00:00:00+00:00,1.5173,1.5235,1.5138,1.5219,243919.0
2026-07-17 01:00:00+00:00,1.5219,1.5244,1.4948,1.4999,585871.3
2026-07-17 02:00:00+00:00,1.4999,1.5069,1.4963,1.5061,247414.7
2026-07-17 03:00:00+00:00,1.5061,1.5077,1.498,1.5008,328571.8
2026-07-17 04:00:00+00:00,1.5008,1.5008,1.4836,1.4931,368560.7
2026-07-17 05:00:00+00:00,1.4931,1.4931,1.3574,1.4174,5919841.4
2026-07-17 06:00:00+00:00,1.4174,1.4524,1.4057,1.4446,1345550.8
2026-07-17 07:00:00+00:00,1.4446,1.4724,1.4437,1.4693,663455.2
2026-07-17 08:00:00+00:00,1.4693,1.4807,1.4587,1.4768,869018.6
2026-07-17 09:00:00+00:00,1.4768,1.5024,1.4737,1.4998,722670.0
2026-07-17 10:00:00+00:00,1.4998,1.5355,1.499,1.5347,1172265.0
2026-07-17 11:00:00+00:00,1.5347,1.5425,1.5207,1.5388,872020.4
2026-07-17 12:00:00+00:00,1.5388,1.5491,1.5291,1.5345,722122.8
2026-07-17 13:00:00+00:00,1.5345,1.5412,1.504,1.5366,1036689.1
2026-07-17 14:00:00+00:00,1.5366,1.5471,1.5299,1.5344,399861.3
2026-07-17 15:00:00+00:00,1.5344,1.5393,1.5154,1.5225,451688.5
2026-07-17 16:00:00+00:00,1.5225,1.5361,1.5195,1.5346,263781.3
2026-07-17 17:00:00+00:00,1.5346,1.5489,1.5274,1.5293,380498.3
2026-07-17 18:00:00+00:00,1.5293,1.5316,1.5184,1.5186,214016.0
2026-07-17 19:00:00+00:00,1.5186,1.5271,1.4921,1.4959,473028.9
2026-07-17 20:00:00+00:00,1.4959,1.4963,1.47,1.4739,484710.4
2026-07-17 21:00:00+00:00,1.4739,1.493,1.4705,1.4864,240403.9
2026-07-17 22:00:00+00:00,1.4864,1.4968,1.4852,1.4915,123781.0
2026-07-17 23:00:00+00:00,1.4915,1.4986,1.4909,1.4963,244670.0
2026-07-18 00:00:00+00:00,1.4963,1.4972,1.4887,1.4908,651759.3
2026-07-18 01:00:00+00:00,1.4908,1.5002,1.4875,1.4934,183272.2
2026-07-18 02:00:00+00:00,1.4934,1.4938,1.4814,1.4839,137919.6
2026-07-18 03:00:00+00:00,1.4839,1.4886,1.481,1.4848,77743.8
2026-07-18 04:00:00+00:00,1.4848,1.492,1.4792,1.4824,119235.7
2026-07-18 05:00:00+00:00,1.4824,1.4865,1.4787,1.4815,80312.8
2026-07-18 06:00:00+00:00,1.4815,1.4825,1.4751,1.4759,93497.3
2026-07-18 07:00:00+00:00,1.4759,1.4843,1.4678,1.4813,187703.7
2026-07-18 08:00:00+00:00,1.4813,1.4853,1.4777,1.4809,126469.4
2026-07-18 09:00:00+00:00,1.4809,1.4829,1.4754,1.4813,83193.7
2026-07-18 10:00:00+00:00,1.4813,1.4813,1.4719,1.4728,136295.5
2026-07-18 11:00:00+00:00,1.4728,1.4809,1.4689,1.4809,184552.8
2026-07-18 12:00:00+00:00,1.4809,1.4825,1.4764,1.4799,123481.0
2026-07-18 13:00:00+00:00,1.4799,1.4803,1.4717,1.474,165824.1
2026-07-18 14:00:00+00:00,1.474,1.4787,1.4711,1.4711,118136.6
2026-07-18 15:00:00+00:00,1.4711,1.4733,1.4628,1.4669,254816.5
2026-07-18 16:00:00+00:00,1.4669,1.4697,1.4631,1.4655,126294.1
2026-07-18 17:00:00+00:00,1.4655,1.4684,1.4568,1.4654,173625.5
2026-07-18 18:00:00+00:00,1.4654,1.4718,1.463,1.4657,125247.2
2026-07-18 19:00:00+00:00,1.4657,1.4712,1.4638,1.4693,60874.8
2026-07-18 20:00:00+00:00,1.4693,1.4747,1.4677,1.4731,88932.8
2026-07-18 21:00:00+00:00,1.4731,1.4843,1.473,1.482,179508.5
2026-07-18 22:00:00+00:00,1.482,1.4846,1.4756,1.4763,160562.8
2026-07-18 23:00:00+00:00,1.4763,1.4768,1.4697,1.4728,125040.3
2026-07-19 00:00:00+00:00,1.4728,1.478,1.461,1.4661,242107.5
2026-07-19 01:00:00+00:00,1.4661,1.4679,1.4621,1.4621,72849.7
2026-07-19 02:00:00+00:00,1.4621,1.468,1.4588,1.4623,121641.8
2026-07-19 03:00:00+00:00,1.4623,1.4633,1.459,1.4599,61398.1
2026-07-19 04:00:00+00:00,1.4599,1.4603,1.4531,1.4561,98795.5
2026-07-19 05:00:00+00:00,1.4561,1.4645,1.4501,1.453,102937.3
2026-07-19 06:00:00+00:00,1.453,1.4596,1.4528,1.4596,49738.7
2026-07-19 07:00:00+00:00,1.4596,1.4723,1.453,1.4598,285964.5
2026-07-19 08:00:00+00:00,1.4598,1.4637,1.4547,1.4595,135318.6
2026-07-19 09:00:00+00:00,1.4595,1.4603,1.4524,1.4541,113737.1
2026-07-19 10:00:00+00:00,1.4541,1.4546,1.4478,1.4488,201879.6
2026-07-19 11:00:00+00:00,1.4488,1.4519,1.4382,1.4433,208561.0
2026-07-19 12:00:00+00:00,1.4433,1.4453,1.4208,1.437,629259.9
2026-07-19 13:00:00+00:00,1.437,1.4447,1.4275,1.4353,218568.3
2026-07-19 14:00:00+00:00,1.4353,1.4363,1.4222,1.4295,236747.3
2026-07-19 15:00:00+00:00,1.4295,1.4393,1.4285,1.4365,82594.3
2026-07-19 16:00:00+00:00,1.4365,1.4377,1.423,1.4241,218071.2
2026-07-19 17:00:00+00:00,1.4241,1.437,1.4216,1.4338,185639.1
2026-07-19 18:00:00+00:00,1.4338,1.4347,1.4214,1.4249,144812.3
2026-07-19 19:00:00+00:00,1.4249,1.4371,1.4249,1.4371,92960.0
2026-07-19 20:00:00+00:00,1.4371,1.4521,1.4363,1.4504,244350.6
2026-07-19 21:00:00+00:00,1.4504,1.4519,1.4381,1.4388,114018.1
2026-07-19 22:00:00+00:00,1.4388,1.4461,1.4358,1.4442,94240.3
2026-07-19 23:00:00+00:00,1.4442,1.4459,1.4362,1.4438,81020.7
2026-07-20 00:00:00+00:00,1.4438,1.4659,1.4412,1.4504,375928.8
2026-07-20 01:00:00+00:00,1.4504,1.464,1.443,1.4443,146822.6
2026-07-20 02:00:00+00:00,1.4443,1.4602,1.4437,1.4579,116062.3
2026-07-20 03:00:00+00:00,1.4579,1.4596,1.4485,1.4526,53010.4
2026-07-20 04:00:00+00:00,1.4526,1.4526,1.4411,1.4412,153680.3
2026-07-20 05:00:00+00:00,1.4412,1.4477,1.4355,1.4425,117465.0
2026-07-20 06:00:00+00:00,1.4425,1.4552,1.4233,1.4297,386369.7
2026-07-20 07:00:00+00:00,1.4297,1.4362,1.4199,1.434,201803.3
2026-07-20 08:00:00+00:00,1.434,1.4372,1.4149,1.4237,343056.1
2026-07-20 09:00:00+00:00,1.4237,1.4334,1.422,1.4298,186655.3
2026-07-20 10:00:00+00:00,1.4298,1.4409,1.4255,1.4335,243773.1
2026-07-20 11:00:00+00:00,1.4335,1.4426,1.4262,1.4332,261252.4
2026-07-20 12:00:00+00:00,1.4332,1.4364,1.4216,1.425,281496.0
2026-07-20 13:00:00+00:00,1.425,1.4353,1.4218,1.4273,160880.8
2026-07-20 14:00:00+00:00,1.4273,1.4314,1.4007,1.4097,1335049.4
2026-07-20 15:00:00+00:00,1.4097,1.4356,1.4097,1.4322,463797.3
2026-07-20 16:00:00+00:00,1.4322,1.4369,1.4285,1.4353,239380.2
2026-07-20 17:00:00+00:00,1.4353,1.4488,1.433,1.4435,305708.2
2026-07-20 18:00:00+00:00,1.4435,1.4484,1.435,1.4373,130261.5
2026-07-20 19:00:00+00:00,1.4373,1.4471,1.4291,1.4461,369783.7
2026-07-20 20:00:00+00:00,1.4461,1.45,1.4407,1.4476,202558.4
2026-07-20 21:00:00+00:00,1.4476,1.4504,1.4291,1.4313,214530.5
2026-07-20 22:00:00+00:00,1.4313,1.4322,1.4233,1.4285,162480.3
2026-07-20 23:00:00+00:00,1.4285,1.4325,1.4265,1.4306,69764.1
2026-07-21 00:00:00+00:00,1.4306,1.4394,1.4254,1.4367,184153.6
2026-07-21 01:00:00+00:00,1.4367,1.4488,1.4313,1.4333,248679.3
2026-07-21 02:00:00+00:00,1.4333,1.4423,1.4298,1.4415,84033.5
2026-07-21 03:00:00+00:00,1.4415,1.4484,1.4409,1.4422,141943.1
2026-07-21 04:00:00+00:00,1.4422,1.4539,1.4406,1.4417,234063.1
2026-07-21 05:00:00+00:00,1.4417,1.4608,1.4377,1.456,355462.7
2026-07-21 06:00:00+00:00,1.456,1.4587,1.449,1.4514,118476.8
2026-07-21 07:00:00+00:00,1.4514,1.4549,1.4462,1.4514,161079.2
2026-07-21 08:00:00+00:00,1.4514,1.4657,1.4502,1.4649,258902.4
2026-07-21 09:00:00+00:00,1.4649,1.4649,1.4575,1.4575,174184.6
2026-07-21 10:00:00+00:00,1.4575,1.4616,1.4486,1.4534,347316.6
2026-07-21 11:00:00+00:00,1.4534,1.4541,1.4469,1.4498,122767.4
2026-07-21 12:00:00+00:00,1.4498,1.4517,1.4463,1.4497,394318.2
2026-07-21 13:00:00+00:00,1.4497,1.453,1.4464,1.4476,230181.3
2026-07-21 14:00:00+00:00,1.4476,1.5601,1.429,1.4998,8981581.5
2026-07-21 15:00:00+00:00,1.4998,1.5489,1.4904,1.5346,3731715.5
2026-07-21 16:00:00+00:00,1.5346,1.5381,1.4946,1.5172,1228349.2
2026-07-21 17:00:00+00:00,1.5172,1.5368,1.504,1.5255,955080.1
2026-07-21 18:00:00+00:00,1.5255,1.5424,1.5189,1.5396,805785.4
2026-07-21 19:00:00+00:00,1.5396,1.5424,1.5229,1.5355,453672.8
2026-07-21 20:00:00+00:00,1.5355,1.5425,1.5316,1.5322,394477.9
2026-07-21 21:00:00+00:00,1.5322,1.5444,1.5305,1.538,288583.3
2026-07-21 22:00:00+00:00,1.538,1.5471,1.5319,1.5365,251920.2
2026-07-21 23:00:00+00:00,1.5365,1.5486,1.533,1.546,248337.8
2026-07-22 00:00:00+00:00,1.546,1.5495,1.5205,1.5305,626286.6
2026-07-22 01:00:00+00:00,1.5305,1.5431,1.5273,1.5346,492384.7
2026-07-22 02:00:00+00:00,1.5346,1.5915,1.5342,1.5828,1216633.1
2026-07-22 03:00:00+00:00,1.5828,1.5902,1.555,1.5575,531811.5
2026-07-22 04:00:00+00:00,1.5575,1.5621,1.552,1.5582,297699.9
2026-07-22 05:00:00+00:00,1.5582,1.5656,1.531,1.5379,738860.6
2026-07-22 06:00:00+00:00,1.5379,1.5381,1.5039,1.513,1236597.9
2026-07-22 07:00:00+00:00,1.513,1.5214,1.5115,1.5147,364936.9
2026-07-22 08:00:00+00:00,1.5147,1.519,1.5019,1.5116,621981.8
2026-07-22 09:00:00+00:00,1.5116,1.5158,1.4936,1.4989,467304.6
2026-07-22 10:00:00+00:00,1.4989,1.507,1.4908,1.5065,307410.9
2026-07-22 11:00:00+00:00,1.5065,1.5113,1.503,1.5089,190346.6
2026-07-22 12:00:00+00:00,1.5089,1.5127,1.5019,1.5094,321476.6
2026-07-22 13:00:00+00:00,1.5094,1.5387,1.5094,1.5298,764908.4
2026-07-22 14:00:00+00:00,1.5298,1.533,1.5107,1.5192,433148.9
2026-07-22 15:00:00+00:00,1.5192,1.5242,1.5128,1.5149,383462.0
2026-07-22 16:00:00+00:00,1.5149,1.5221,1.5123,1.5184,288854.4
2026-07-22 17:00:00+00:00,1.5184,1.5201,1.51,1.5178,116057.8
2026-07-22 18:00:00+00:00,1.5178,1.5198,1.4941,1.5104,715531.4
2026-07-22 19:00:00+00:00,1.5104,1.5159,1.5039,1.5104,203032.8
2026-07-22 20:00:00+00:00,1.5104,1.5159,1.5086,1.5112,120542.1
2026-07-22 21:00:00+00:00,1.5112,1.516,1.5047,1.5117,158409.8
2026-07-22 22:00:00+00:00,1.5117,1.5117,1.4984,1.4998,131244.6
2026-07-22 23:00:00+00:00,1.4998,1.5017,1.4865,1.492,235781.4
2026-07-23 00:00:00+00:00,1.492,1.5019,1.4777,1.4959,589771.2
2026-07-23 01:00:00+00:00,1.4959,1.4969,1.4862,1.4936,189306.1
2026-07-23 02:00:00+00:00,1.4936,1.4936,1.4834,1.4858,84432.0
2026-07-23 03:00:00+00:00,1.4858,1.5159,1.476,1.5136,441639.1
2026-07-23 04:00:00+00:00,1.5136,1.5299,1.4981,1.5075,686635.5
2026-07-23 05:00:00+00:00,1.5075,1.5217,1.5054,1.5144,216497.1
2026-07-23 06:00:00+00:00,1.5144,1.5157,1.5066,1.514,121287.5
2026-07-23 07:00:00+00:00,1.514,1.5144,1.5036,1.5132,162158.0
2026-07-23 08:00:00+00:00,1.5132,1.5185,1.5123,1.5163,81514.8
2026-07-23 09:00:00+00:00,1.5163,1.5185,1.5135,1.5164,90453.3
2026-07-23 10:00:00+00:00,1.5164,1.524,1.5089,1.5109,133031.4
2026-07-23 11:00:00+00:00,1.5109,1.5181,1.5087,1.5166,80085.4
2026-07-23 12:00:00+00:00,1.5166,1.5172,1.4983,1.504,280932.3
2026-07-23 13:00:00+00:00,1.504,1.5064,1.4784,1.4852,609371.5
2026-07-23 14:00:00+00:00,1.4852,1.4921,1.4799,1.4867,133902.8
2026-07-23 15:00:00+00:00,1.4867,1.487,1.4701,1.4806,466899.1
2026-07-23 16:00:00+00:00,1.4806,1.4808,1.4695,1.4715,372565.0
2026-07-23 17:00:00+00:00,1.4715,1.4802,1.4699,1.4749,249798.7
2026-07-23 18:00:00+00:00,1.4749,1.4787,1.4727,1.4739,108665.8
2026-07-23 19:00:00+00:00,1.4739,1.4759,1.4532,1.4564,503058.6
2026-07-23 20:00:00+00:00,1.4564,1.4666,1.4563,1.4639,210458.7
2026-07-23 21:00:00+00:00,1.4639,1.4681,1.4561,1.4649,301232.6
2026-07-23 22:00:00+00:00,1.4649,1.4702,1.45,1.4647,886060.8
2026-07-23 23:00:00+00:00,1.4647,1.4675,1.4597,1.4617,119250.3
2026-07-24 00:00:00+00:00,1.4617,1.4654,1.4464,1.4564,633268.3
2026-07-24 01:00:00+00:00,1.4564,1.4566,1.4286,1.4432,1224995.8
2026-07-24 02:00:00+00:00,1.4432,1.4466,1.4383,1.4443,137104.5
2026-07-24 03:00:00+00:00,1.4443,1.4557,1.4437,1.4548,310625.0
2026-07-24 04:00:00+00:00,1.4548,1.4637,1.4529,1.4532,167050.4
2026-07-24 05:00:00+00:00,1.4532,1.4597,1.4527,1.4596,142779.6
2026-07-24 06:00:00+00:00,1.4596,1.4715,1.4588,1.4662,146635.0
2026-07-24 07:00:00+00:00,1.4662,1.4716,1.4618,1.4711,185756.6
2026-07-24 08:00:00+00:00,1.4711,1.4713,1.4551,1.457,270834.6
2026-07-24 09:00:00+00:00,1.457,1.4723,1.4567,1.4702,320401.9
2026-07-24 10:00:00+00:00,1.4702,1.4702,1.4594,1.4658,75313.9
2026-07-24 11:00:00+00:00,1.4658,1.4664,1.4582,1.4645,110623.4
2026-07-24 12:00:00+00:00,1.4645,1.468,1.4564,1.459,112058.3
2026-07-24 13:00:00+00:00,1.459,1.459,1.4414,1.448,563988.2
2026-07-24 14:00:00+00:00,1.448,1.4506,1.4433,1.45,178533.0
2026-07-24 15:00:00+00:00,1.45,1.4576,1.4443,1.4532,134541.4
2026-07-24 16:00:00+00:00,1.4532,1.4612,1.4519,1.4603,126987.1
2026-07-24 17:00:00+00:00,1.4603,1.4673,1.4598,1.462,171236.4
2026-07-24 18:00:00+00:00,1.462,1.4644,1.4584,1.4639,54825.4
2026-07-24 19:00:00+00:00,1.4639,1.4754,1.4571,1.4696,263223.4
2026-07-24 20:00:00+00:00,1.4696,1.4703,1.4564,1.4636,163628.5
2026-07-24 21:00:00+00:00,1.4636,1.4684,1.4532,1.4545,95475.2
2026-07-24 22:00:00+00:00,1.4545,1.465,1.4539,1.4632,133549.2
2026-07-24 23:00:00+00:00,1.4632,1.4679,1.4632,1.4669,28880.1
2026-07-25 00:00:00+00:00,1.4669,1.4737,1.4617,1.4662,160820.7
2026-07-25 01:00:00+00:00,1.4662,1.4739,1.4602,1.4656,189583.0
2026-07-25 02:00:00+00:00,1.4656,1.472,1.4614,1.472,141693.7
2026-07-25 03:00:00+00:00,1.472,1.4749,1.4538,1.4719,541298.6
2026-07-25 04:00:00+00:00,1.4719,1.475,1.4676,1.4721,176329.4
2026-07-25 05:00:00+00:00,1.4721,1.4743,1.4672,1.4701,102914.2
2026-07-25 06:00:00+00:00,1.4701,1.4716,1.4648,1.471,99406.0
2026-07-25 07:00:00+00:00,1.471,1.4767,1.4596,1.4639,293613.7
2026-07-25 08:00:00+00:00,1.4639,1.4709,1.4606,1.4631,161021.2
2026-07-25 09:00:00+00:00,1.4631,1.4701,1.4628,1.4669,184654.2
2026-07-25 10:00:00+00:00,1.4669,1.4687,1.4626,1.4633,105208.9
2026-07-25 11:00:00+00:00,1.4633,1.468,1.4633,1.468,57645.6
2026-07-25 12:00:00+00:00,1.468,1.4704,1.4629,1.4677,111071.1
2026-07-25 13:00:00+00:00,1.4677,1.4723,1.467,1.4676,112098.8
2026-07-25 14:00:00+00:00,1.4676,1.4703,1.4654,1.4657,82171.1
2026-07-25 15:00:00+00:00,1.4657,1.471,1.4636,1.467,87230.1
2026-07-25 16:00:00+00:00,1.467,1.4745,1.4654,1.4709,115642.1
2026-07-25 17:00:00+00:00,1.4709,1.4913,1.4708,1.4894,471113.0
2026-07-25 18:00:00+00:00,1.4894,1.5035,1.4856,1.4875,531046.8
2026-07-25 19:00:00+00:00,1.4875,1.4957,1.4871,1.4939,137481.6
2026-07-25 20:00:00+00:00,1.4939,1.5019,1.492,1.4988,197114.4
2026-07-25 21:00:00+00:00,1.4988,1.5026,1.4851,1.4856,108639.9
2026-07-25 22:00:00+00:00,1.4856,1.498,1.485,1.4918,192846.9
2026-07-25 23:00:00+00:00,1.4918,1.5126,1.4916,1.5063,373955.3
2026-07-26 00:00:00+00:00,1.5063,1.5213,1.5045,1.5106,719207.7
2026-07-26 01:00:00+00:00,1.5106,1.5139,1.5051,1.5072,64433.2
2026-07-26 02:00:00+00:00,1.5072,1.5122,1.5066,1.5104,71356.4
2026-07-26 03:00:00+00:00,1.5104,1.5203,1.5104,1.5188,99492.7
2026-07-26 04:00:00+00:00,1.5188,1.5222,1.5132,1.5156,142687.6
2026-07-26 05:00:00+00:00,1.5156,1.5173,1.5066,1.5076,148387.4
2026-07-26 06:00:00+00:00,1.5076,1.5088,1.4964,1.5087,209062.1
2026-07-26 07:00:00+00:00,1.5087,1.5099,1.5013,1.5038,94738.4
2026-07-26 08:00:00+00:00,1.5038,1.5092,1.5038,1.5077,73113.6
2026-07-26 09:00:00+00:00,1.5077,1.5131,1.5064,1.5089,96747.1
2026-07-26 10:00:00+00:00,1.5089,1.5126,1.5071,1.5098,50914.5
2026-07-26 11:00:00+00:00,1.5098,1.5143,1.5077,1.5103,50472.0
2026-07-26 12:00:00+00:00,1.5103,1.5153,1.5069,1.5124,197348.4
2026-07-26 13:00:00+00:00,1.5124,1.5124,1.5021,1.5037,159761.5
2026-07-26 14:00:00+00:00,1.5037,1.5076,1.5018,1.504,103707.6
2026-07-26 15:00:00+00:00,1.504,1.5218,1.5035,1.5209,287068.6
2026-07-26 16:00:00+00:00,1.5209,1.5211,1.5132,1.5173,240875.7
2026-07-26 17:00:00+00:00,1.5173,1.5187,1.5136,1.5137,100802.7
2026-07-26 18:00:00+00:00,1.5137,1.515,1.5064,1.5075,107937.5
2026-07-26 19:00:00+00:00,1.5075,1.5096,1.5047,1.5049,78470.3
2026-07-26 20:00:00+00:00,1.5049,1.5082,1.4974,1.502,116008.0
2026-07-26 21:00:00+00:00,1.502,1.507,1.4987,1.5068,109949.5
2026-07-26 22:00:00+00:00,1.5068,1.519,1.5068,1.5175,93747.7
2026-07-26 23:00:00+00:00,1.5175,1.5187,1.5091,1.5172,125621.1
2026-07-27 00:00:00+00:00,1.5172,1.5184,1.5068,1.5086,205465.9
2026-07-27 01:00:00+00:00,1.5086,1.5104,1.5029,1.5072,133481.9
2026-07-27 02:00:00+00:00,1.5072,1.5096,1.5045,1.5072,104147.6
2026-07-27 03:00:00+00:00,1.5072,1.5169,1.507,1.5116,118596.1
2026-07-27 04:00:00+00:00,1.5116,1.5206,1.5103,1.5161,280402.9
2026-07-27 05:00:00+00:00,1.5161,1.5201,1.513,1.5178,126877.0
2026-07-27 06:00:00+00:00,1.5178,1.5217,1.5151,1.5151,201151.5
2026-07-27 07:00:00+00:00,1.5151,1.517,1.5101,1.5106,68480.7
2026-07-27 08:00:00+00:00,1.5106,1.5133,1.5066,1.5073,87021.6
2026-07-27 09:00:00+00:00,1.5073,1.5106,1.5044,1.5079,48654.4
2026-07-27 10:00:00+00:00,1.5079,1.5086,1.5038,1.5039,126949.8
2026-07-27 11:00:00+00:00,1.5039,1.5039,1.4996,1.4998,161791.3
2026-07-27 12:00:00+00:00,1.4998,1.5019,1.4877,1.4967,367149.9
2026-07-27 13:00:00+00:00,1.4967,1.5085,1.4932,1.5018,295718.7
2026-07-27 14:00:00+00:00,1.5018,1.5023,1.4685,1.4753,731623.9
2026-07-27 15:00:00+00:00,1.4753,1.481,1.472,1.4735,323222.2
2026-07-27 16:00:00+00:00,1.4735,1.4857,1.4672,1.4855,250892.9
2026-07-27 17:00:00+00:00,1.4855,1.488,1.482,1.4851,89002.5
2026-07-27 18:00:00+00:00,1.4851,1.486,1.477,1.4814,219328.8
2026-07-27 19:00:00+00:00,1.4814,1.4873,1.4793,1.4812,137605.9
2026-07-27 20:00:00+00:00,1.4812,1.4865,1.4812,1.485,49198.3
2026-07-27 21:00:00+00:00,1.485,1.4887,1.4773,1.4781,99482.4
2026-07-27 22:00:00+00:00,1.4781,1.4782,1.454,1.456,624512.5
2026-07-27 23:00:00+00:00,1.456,1.4627,1.4502,1.4582,248420.5
2026-07-28 00:00:00+00:00,1.4582,1.4727,1.4433,1.4517,540199.0
2026-07-28 01:00:00+00:00,1.4517,1.4539,1.4395,1.4491,403008.8
2026-07-28 02:00:00+00:00,1.4491,1.4534,1.4474,1.4521,92773.5
2026-07-28 03:00:00+00:00,1.4521,1.4549,1.45,1.4544,123214.3
2026-07-28 04:00:00+00:00,1.4544,1.4544,1.4446,1.4516,135315.5
2026-07-28 05:00:00+00:00,1.4516,1.4586,1.4516,1.4567,150335.0
2026-07-28 06:00:00+00:00,1.4567,1.4615,1.4531,1.4587,397333.3
2026-07-28 07:00:00+00:00,1.4587,1.4627,1.4357,1.4473,828280.1
2026-07-28 08:00:00+00:00,1.4473,1.4557,1.4437,1.4512,480074.0
2026-07-28 09:00:00+00:00,1.4512,1.453,1.4465,1.4514,91782.0
2026-07-28 10:00:00+00:00,1.4514,1.4565,1.4499,1.4504,113857.1
2026-07-28 11:00:00+00:00,1.4504,1.4504,1.4392,1.4455,352581.0
2026-07-28 12:00:00+00:00,1.4455,1.4504,1.4424,1.4483,300771.3
2026-07-28 13:00:00+00:00,1.4483,1.455,1.4245,1.4305,1251663.3
2026-07-28 14:00:00+00:00,1.4305,1.4458,1.4298,1.4425,397615.0
2026-07-28 15:00:00+00:00,1.4425,1.46,1.4424,1.457,466649.2
2026-07-28 16:00:00+00:00,1.457,1.4597,1.4517,1.4577,167352.0
2026-07-28 17:00:00+00:00,1.4577,1.458,1.4492,1.4556,236806.2
2026-07-28 18:00:00+00:00,1.4556,1.4597,1.4527,1.4553,117770.0
2026-07-28 19:00:00+00:00,1.4553,1.4619,1.4553,1.4598,78362.1
2026-07-28 20:00:00+00:00,1.4598,1.4613,1.4566,1.4599,71034.9
2026-07-28 21:00:00+00:00,1.4599,1.461,1.4516,1.4517,282112.2
2026-07-28 22:00:00+00:00,1.4517,1.4561,1.4423,1.4427,237529.9
2026-07-28 23:00:00+00:00,1.4427,1.4494,1.4393,1.4484,178659.4
2026-07-29 00:00:00+00:00,1.4484,1.4552,1.4484,1.4516,99509.7
2026-07-29 01:00:00+00:00,1.4516,1.4528,1.4396,1.4417,93077.6
2026-07-29 02:00:00+00:00,1.4417,1.4487,1.4383,1.4417,174847.7
2026-07-29 03:00:00+00:00,1.4417,1.4458,1.412,1.4149,629884.3
2026-07-29 04:00:00+00:00,1.4149,1.4176,1.3912,1.413,1098670.2
2026-07-29 05:00:00+00:00,1.413,1.4222,1.3881,1.3964,903974.5
2026-07-29 06:00:00+00:00,1.3964,1.4273,1.3915,1.412,1077318.9
2026-07-29 07:00:00+00:00,1.412,1.4292,1.4067,1.4218,633621.5
2026-07-29 08:00:00+00:00,1.4218,1.4253,1.4147,1.4154,325688.0
2026-07-29 09:00:00+00:00,1.4154,1.4173,1.4118,1.4128,196645.6
2026-07-29 10:00:00+00:00,1.4128,1.4202,1.4041,1.4054,342920.9
2026-07-29 11:00:00+00:00,1.4054,1.4119,1.3983,1.4027,703567.3
2026-07-29 12:00:00+00:00,1.4027,1.4079,1.3979,1.4029,376127.7
2026-07-29 13:00:00+00:00,1.4029,1.4104,1.3962,1.409,355474.4
2026-07-29 14:00:00+00:00,1.409,1.4111,1.3847,1.3872,544315.7
2026-07-29 15:00:00+00:00,1.3872,1.405,1.3868,1.3951,854122.8
2026-07-29 16:00:00+00:00,1.3951,1.3963,1.3868,1.3908,334602.2
2026-07-29 17:00:00+00:00,1.3908,1.4067,1.3896,1.4064,177572.5
2026-07-29 18:00:00+00:00,1.4064,1.4199,1.3975,1.4166,517190.5
2026-07-29 19:00:00+00:00,1.4166,1.4184,1.3926,1.3971,370067.9
2026-07-29 20:00:00+00:00,1.3971,1.3996,1.3784,1.3801,589691.0
2026-07-29 21:00:00+00:00,1.3801,1.3937,1.3793,1.3937,393769.1
2026-07-29 22:00:00+00:00,1.3937,1.4054,1.3937,1.4038,149111.1
2026-07-29 23:00:00+00:00,1.4038,1.4073,1.4024,1.4038,181329.7
2026-07-30 00:00:00+00:00,1.4038,1.4064,1.3941,1.3983,139767.6
2026-07-30 01:00:00+00:00,1.3983,1.4121,1.3983,1.4101,67562.0
2026-07-30 02:00:00+00:00,1.4101,1.4127,1.4043,1.4054,133309.0
2026-07-30 03:00:00+00:00,1.4054,1.4089,1.4037,1.4048,62251.7
2026-07-30 04:00:00+00:00,1.4048,1.4136,1.4008,1.4058,164055.5
2026-07-30 05:00:00+00:00,1.4058,1.4232,1.4051,1.4201,252168.6
2026-07-30 06:00:00+00:00,1.4201,1.4246,1.4142,1.4163,177592.7
2026-07-30 07:00:00+00:00,1.4163,1.4266,1.4154,1.4176,92698.0
2026-07-30 08:00:00+00:00,1.4176,1.4277,1.4169,1.424,90910.3
2026-07-30 09:00:00+00:00,1.424,1.424,1.418,1.4228,73972.2
2026-07-30 10:00:00+00:00,1.4228,1.4272,1.4201,1.4227,54336.7
2026-07-30 11:00:00+00:00,1.4227,1.4371,1.4215,1.4321,139166.5
2026-07-30 12:00:00+00:00,1.4321,1.437,1.416,1.4183,354351.2
2026-07-30 13:00:00+00:00,1.4183,1.4198,1.4101,1.419,215732.2
2026-07-30 14:00:00+00:00,1.419,1.42,1.4079,1.4101,300218.0
2026-07-30 15:00:00+00:00,1.4101,1.4167,1.4087,1.4159,85243.0
2026-07-30 16:00:00+00:00,1.4159,1.4197,1.4106,1.4157,241381.9
2026-07-30 17:00:00+00:00,1.4157,1.4229,1.4141,1.4203,155972.2
2026-07-30 18:00:00+00:00,1.4203,1.4228,1.4184,1.4205,90418.2
2026-07-30 19:00:00+00:00,1.4205,1.4231,1.4182,1.4202,120178.5
2026-07-30 20:00:00+00:00,1.4202,1.4246,1.4146,1.4189,143181.6
2026-07-30 21:00:00+00:00,1.4189,1.425,1.4176,1.4225,110497.7
2026-07-30 22:00:00+00:00,1.4225,1.4311,1.4222,1.4297,132515.7
2026-07-30 23:00:00+00:00,1.4297,1.4344,1.4238,1.4281,52108.6
2026-07-31 00:00:00+00:00,1.4281,1.431,1.4139,1.4224,180631.8
2026-07-31 01:00:00+00:00,1.4224,1.4269,1.4121,1.413,66468.5
2026-07-31 02:00:00+00:00,1.413,1.4134,1.402,1.4057,133270.6
2026-07-31 03:00:00+00:00,1.4057,1.4069,1.4016,1.4049,44577.2
2026-07-31 04:00:00+00:00,1.4049,1.4064,1.4007,1.4023,153390.8
2026-07-31 05:00:00+00:00,1.4023,1.4042,1.3994,1.4038,104353.4
2026-07-31 06:00:00+00:00,1.4038,1.4114,1.4026,1.4064,46395.4
2026-07-31 07:00:00+00:00,1.4064,1.4067,1.3965,1.4018,185999.0
2026-07-31 08:00:00+00:00,1.4018,1.4032,1.3863,1.3961,342861.6
2026-07-31 09:00:00+00:00,1.3961,1.3972,1.3891,1.3901,257720.3
2026-07-31 10:00:00+00:00,1.3901,1.393,1.3864,1.3908,71544.7
2026-07-31 11:00:00+00:00,1.3908,1.3932,1.3893,1.3895,77865.6
2026-07-31 12:00:00+00:00,1.3895,1.391,1.3869,1.3902,72132.5
2026-07-31 13:00:00+00:00,1.3902,1.3936,1.3839,1.3867,181654.8
2026-07-31 14:00:00+00:00,1.3867,1.395,1.3784,1.3855,532756.3
2026-07-31 15:00:00+00:00,1.3855,1.3869,1.3818,1.383,76346.1
2026-07-31 16:00:00+00:00,1.383,1.3866,1.3828,1.3866,114431.9
2026-07-31 17:00:00+00:00,1.3866,1.3906,1.3859,1.3905,135181.4
2026-07-31 18:00:00+00:00,1.3905,1.3921,1.3853,1.3885,83989.6
2026-07-31 19:00:00+00:00,1.3885,1.3908,1.384,1.3878,47894.3
2026-07-31 20:00:00+00:00,1.3878,1.3908,1.3862,1.3883,171106.6
2026-07-31 21:00:00+00:00,1.3883,1.4074,1.3879,1.4057,393164.4
2026-07-31 22:00:00+00:00,1.4057,1.4101,1.3974,1.4033,227438.5
2026-07-31 23:00:00+00:00,1.4033,1.4069,1.4022,1.4052,60846.5
2026-08-01 00:00:00+00:00,1.4052,1.412,1.4041,1.4054,53714.2
2026-08-01 01:00:00+00:00,1.4054,1.4113,1.4054,1.4064,61588.3
2026-08-01 02:00:00+00:00,1.4064,1.4131,1.4058,1.409,79600.7
2026-08-01 03:00:00+00:00,1.409,1.4093,1.404,1.4059,97885.7
2026-08-01 04:00:00+00:00,1.4059,1.4077,1.405,1.4062,31545.6
2026-08-01 05:00:00+00:00,1.4062,1.4095,1.3916,1.3973,633306.1
2026-08-01 06:00:00+00:00,1.3973,1.3973,1.3904,1.3932,177435.8
2026-08-01 07:00:00+00:00,1.3932,1.3953,1.3925,1.3925,77917.4
2026-08-01 08:00:00+00:00,1.3925,1.404,1.3923,1.4001,106407.0
2026-08-01 09:00:00+00:00,1.4001,1.4052,1.3958,1.3972,180069.3
2026-08-01 10:00:00+00:00,1.3972,1.3972,1.3927,1.3963,61167.7
2026-08-01 11:00:00+00:00,1.3963,1.4003,1.396,1.3981,33255.0
2026-08-01 12:00:00+00:00,1.3981,1.3992,1.3948,1.3965,28783.9
2026-08-01 13:00:00+00:00,1.3965,1.3985,1.3941,1.3973,51114.1
2026-08-01 14:00:00+00:00,1.3973,1.3995,1.396,1.3969,29838.0
2026-08-01 15:00:00+00:00,1.3969,1.3975,1.3946,1.3965,40868.7
2026-08-01 16:00:00+00:00,1.3965,1.3972,1.3908,1.3911,101875.4
2026-08-01 17:00:00+00:00,1.3911,1.3926,1.3858,1.3904,244943.8
2026-08-01 18:00:00+00:00,1.3904,1.3922,1.3788,1.3858,963283.4
2026-08-01 19:00:00+00:00,1.3858,1.3895,1.3854,1.3879,42167.3
2026-08-01 20:00:00+00:00,1.3879,1.3901,1.386,1.3882,37682.5
2026-08-01 21:00:00+00:00,1.3882,1.3919,1.3882,1.3919,61014.4
2026-08-01 22:00:00+00:00,1.3919,1.3931,1.3885,1.39,29047.8
2026-08-01 23:00:00+00:00,1.39,1.3927,1.3899,1.3921,80483.0
2026-08-02 00:00:00+00:00,1.3921,1.3973,1.3901,1.3925,123960.3
2026-08-02 01:00:00+00:00,1.3925,1.398,1.3925,1.3975,71998.8
2026-08-02 02:00:00+00:00,1.3975,1.41,1.3974,1.4022,216595.8
2026-08-02 03:00:00+00:00,1.4022,1.4036,1.4004,1.4022,27114.2
2026-08-02 04:00:00+00:00,1.4022,1.4083,1.4022,1.4079,81764.7
2026-08-02 05:00:00+00:00,1.4079,1.4093,1.4041,1.406,99163.6
2026-08-02 06:00:00+00:00,1.406,1.4088,1.4029,1.4061,48240.9
2026-08-02 07:00:00+00:00,1.4061,1.4068,1.4041,1.4055,24539.3
2026-08-02 08:00:00+00:00,1.4055,1.4063,1.4004,1.4009,77687.1
2026-08-02 09:00:00+00:00,1.4009,1.4064,1.3991,1.4049,48543.9
2026-08-02 10:00:00+00:00,1.4049,1.4053,1.401,1.4039,35570.7
2026-08-02 11:00:00+00:00,1.4039,1.4075,1.4031,1.4039,86115.8
2026-08-02 12:00:00+00:00,1.4039,1.4083,1.4033,1.4064,52351.6
2026-08-02 13:00:00+00:00,1.4064,1.407,1.4026,1.4069,27378.8
2026-08-02 14:00:00+00:00,1.4069,1.4104,1.4063,1.4093,105103.8
2026-08-02 15:00:00+00:00,1.4093,1.414,1.4083,1.4133,149350.4
2026-08-02 16:00:00+00:00,1.4133,1.4171,1.4111,1.4144,156634.8
2026-08-02 17:00:00+00:00,1.4144,1.4188,1.4135,1.4179,31104.6
2026-08-02 18:00:00+00:00,1.4179,1.4231,1.417,1.419,144914.5
2026-08-02 19:00:00+00:00,1.419,1.4218,1.418,1.42,48806.6
2026-08-02 20:00:00+00:00,1.42,1.4231,1.4193,1.4223,42440.7
2026-08-02 21:00:00+00:00,1.4223,1.4279,1.4218,1.4254,197606.2
2026-08-02 22:00:00+00:00,1.4254,1.4293,1.4212,1.4224,110123.4
2026-08-02 23:00:00+00:00,1.4224,1.427,1.4201,1.427,62577.9
2026-08-03 00:00:00+00:00,1.427,1.4274,1.4145,1.4159,149938.3
2026-08-03 01:00:00+00:00,1.4159,1.42,1.4105,1.4108,141405.5
2026-08-03 02:00:00+00:00,1.4108,1.4159,1.4066,1.4081,289633.7
2026-08-03 03:00:00+00:00,1.4081,1.4111,1.4043,1.4061,31964.9
2026-08-03 04:00:00+00:00,1.4061,1.4071,1.4003,1.4013,205602.2
2026-08-03 05:00:00+00:00,1.4013,1.4024,1.4003,1.4021,29627.4
2026-08-03 06:00:00+00:00,1.4021,1.4022,1.3972,1.3983,69210.4
2026-08-03 07:00:00+00:00,1.3983,1.4024,1.396,1.4016,136648.5
2026-08-03 08:00:00+00:00,1.4016,1.4018,1.3925,1.3993,170454.6
2026-08-03 09:00:00+00:00,1.3993,1.4053,1.3968,1.4038,168861.4
2026-08-03 10:00:00+00:00,1.4038,1.404,1.3982,1.4005,121481.5
2026-08-03 11:00:00+00:00,1.4005,1.4012,1.3962,1.3965,88289.5
2026-08-03 12:00:00+00:00,1.3965,1.3996,1.394,1.3964,110910.3
2026-08-03 13:00:00+00:00,1.3964,1.4051,1.3947,1.4026,264643.5
2026-08-03 14:00:00+00:00,1.4026,1.408,1.3969,1.408,159621.1
2026-08-03 15:00:00+00:00,1.408,1.4102,1.4061,1.4078,376215.6
2026-08-03 16:00:00+00:00,1.4078,1.4112,1.4068,1.4104,77506.8
2026-08-03 17:00:00+00:00,1.4104,1.4136,1.4068,1.4088,178563.7
2026-08-03 18:00:00+00:00,1.4088,1.4137,1.4088,1.4094,47728.9
2026-08-03 19:00:00+00:00,1.4094,1.4174,1.4094,1.4146,160905.2
2026-08-03 20:00:00+00:00,1.4146,1.4197,1.4137,1.4171,92796.7
2026-08-03 21:00:00+00:00,1.4171,1.4197,1.4157,1.4162,54164.5
2026-08-03 22:00:00+00:00,1.4162,1.4167,1.4086,1.4139,291886.9
2026-08-03 23:00:00+00:00,1.4139,1.4143,1.4109,1.4128,75944.1
2026-08-04 00:00:00+00:00,1.4128,1.4172,1.29,1.3054,4519960.4
2026-08-04 01:00:00+00:00,1.3054,1.407,1.3054,1.397,6384244.1
2026-08-04 02:00:00+00:00,1.397,1.3977,1.3537,1.3918,2108642.1
2026-08-04 03:00:00+00:00,1.3918,1.402,1.3852,1.3964,734588.9
2026-08-04 04:00:00+00:00,1.3964,1.3991,1.3867,1.3956,369456.6
2026-08-04 05:00:00+00:00,1.3956,1.3972,1.3844,1.389,208776.6
2026-08-04 06:00:00+00:00,1.389,1.3905,1.3769,1.3829,258594.9
2026-08-04 07:00:00+00:00,1.3829,1.4016,1.3795,1.3984,796891.6
2026-08-04 08:00:00+00:00,1.3984,1.4012,1.382,1.3831,503374.0
2026-08-04 09:00:00+00:00,1.3831,1.3866,1.3816,1.3833,141968.8
2026-08-04 10:00:00+00:00,1.3833,1.3904,1.3739,1.3835,313424.1
2026-08-04 11:00:00+00:00,1.3835,1.3897,1.3812,1.3843,223769.2
2026-08-04 12:00:00+00:00,1.3843,1.3853,1.3753,1.3817,226802.4
2026-08-04 13:00:00+00:00,1.3817,1.3856,1.368,1.3717,526200.2
2026-08-04 14:00:00+00:00,1.3717,1.3819,1.3648,1.3779,462584.2
2026-08-04 15:00:00+00:00,1.3779,1.3931,1.3738,1.391,725173.3
2026-08-04 16:00:00+00:00,1.391,1.3911,1.3825,1.3878,149874.5
2026-08-04 17:00:00+00:00,1.3878,1.3946,1.3877,1.3919,98572.0
2026-08-04 18:00:00+00:00,1.3919,1.3943,1.3893,1.3901,56710.6
2026-08-04 19:00:00+00:00,1.3901,1.3958,1.3901,1.3917,50715.1
2026-08-04 20:00:00+00:00,1.3917,1.3917,1.3838,1.3893,166171.0
2026-08-04 21:00:00+00:00,1.3893,1.393,1.3871,1.3923,100844.7
2026-08-04 22:00:00+00:00,1.3923,1.3988,1.391,1.3987,156939.4
2026-08-04 23:00:00+00:00,1.3987,1.3987,1.3883,1.3905,156774.2
2026-08-05 00:00:00+00:00,1.3905,1.3941,1.3807,1.387,239132.3
2026-08-05 01:00:00+00:00,1.387,1.3996,1.3866,1.398,178304.9
2026-08-05 02:00:00+00:00,1.398,1.3987,1.3924,1.393,50356.1
2026-08-05 03:00:00+00:00,1.393,1.3946,1.3864,1.3888,104584.3
2026-08-05 04:00:00+00:00,1.3888,1.3888,1.3825,1.3845,142139.1
2026-08-05 05:00:00+00:00,1.3845,1.3924,1.3845,1.388,37423.4
2026-08-05 06:00:00+00:00,1.388,1.3947,1.3852,1.3897,164618.3
2026-08-05 07:00:00+00:00,1.3897,1.391,1.3816,1.3858,81961.3
2026-08-05 08:00:00+00:00,1.3858,1.3896,1.3852,1.3893,60170.7
2026-08-05 09:00:00+00:00,1.3893,1.3908,1.3859,1.3877,93523.8
2026-08-05 10:00:00+00:00,1.3877,1.3906,1.3853,1.3866,44159.0
2026-08-05 11:00:00+00:00,1.3866,1.3899,1.3839,1.3872,134331.0
2026-08-05 12:00:00+00:00,1.3872,1.3996,1.3861,1.3934,233689.0
2026-08-05 13:00:00+00:00,1.3934,1.3978,1.387,1.3926,351493.6
2026-08-05 14:00:00+00:00,1.3926,1.3963,1.3902,1.3961,92837.1
2026-08-05 15:00:00+00:00,1.3961,1.4014,1.3918,1.3949,135834.6
2026-08-05 16:00:00+00:00,1.3949,1.4043,1.3949,1.4012,120765.7
2026-08-05 17:00:00+00:00,1.4012,1.41,1.3984,1.4068,212798.5
2026-08-05 18:00:00+00:00,1.4068,1.4089,1.4025,1.4057,126780.2
2026-08-05 19:00:00+00:00,1.4057,1.412,1.4052,1.4065,178850.9
2026-08-05 20:00:00+00:00,1.4065,1.4123,1.4057,1.4089,89828.6
2026-08-05 21:00:00+00:00,1.4089,1.4089,1.4006,1.4026,62280.5
2026-08-05 22:00:00+00:00,1.4026,1.4033,1.3988,1.3995,48269.3
2026-08-05 23:00:00+00:00,1.3995,1.4031,1.3989,1.402,39626.6
2026-08-06 00:00:00+00:00,1.402,1.4052,1.39,1.3993,473480.7
2026-08-06 01:00:00+00:00,1.3993,1.4001,1.3914,1.3914,84178.5
2026-08-06 02:00:00+00:00,1.3914,1.3933,1.3881,1.3888,90505.1
2026-08-06 03:00:00+00:00,1.3888,1.3912,1.3883,1.3911,52212.4
2026-08-06 04:00:00+00:00,1.3911,1.3943,1.3872,1.394,156066.7
2026-08-06 05:00:00+00:00,1.394,1.3994,1.394,1.3969,69721.4
2026-08-06 06:00:00+00:00,1.3969,1.3997,1.3933,1.3963,123473.5
2026-08-06 07:00:00+00:00,1.3963,1.3993,1.3922,1.3938,84144.2
2026-08-06 08:00:00+00:00,1.3938,1.3979,1.3897,1.3969,84997.9
2026-08-06 09:00:00+00:00,1.3969,1.3969,1.3741,1.3808,467884.2
2026-08-06 10:00:00+00:00,1.3808,1.3811,1.3765,1.3799,111252.8
2026-08-06 11:00:00+00:00,1.3799,1.3841,1.3755,1.3816,121873.7
2026-08-06 12:00:00+00:00,1.3816,1.3816,1.3747,1.3748,152718.7
2026-08-06 13:00:00+00:00,1.3748,1.3804,1.3724,1.3786,282103.2
2026-08-06 14:00:00+00:00,1.3786,1.3833,1.3747,1.382,140217.9
2026-08-06 15:00:00+00:00,1.382,1.385,1.3798,1.3814,137141.7
2026-08-06 16:00:00+00:00,1.3814,1.3846,1.3795,1.3838,117099.2
2026-08-06 17:00:00+00:00,1.3838,1.3897,1.3817,1.3853,223925.7
2026-08-06 18:00:00+00:00,1.3853,1.3866,1.3758,1.3776,193792.4
2026-08-06 19:00:00+00:00,1.3776,1.3795,1.3757,1.3774,87236.3
2026-08-06 20:00:00+00:00,1.3774,1.3776,1.3746,1.3747,126522.2
2026-08-06 21:00:00+00:00,1.3747,1.3787,1.3703,1.376,261952.2
2026-08-06 22:00:00+00:00,1.376,1.3801,1.373,1.3735,134299.1
2026-08-06 23:00:00+00:00,1.3735,1.3735,1.366,1.3678,143302.1
2026-08-07 00:00:00+00:00,1.3678,1.3717,1.3634,1.3689,304204.2
2026-08-07 01:00:00+00:00,1.3689,1.3736,1.3584,1.3601,105857.9
2026-08-07 02:00:00+00:00,1.3601,1.3613,1.351,1.3549,258130.7
2026-08-07 03:00:00+00:00,1.3549,1.3549,1.3,1.3173,3580139.8
2026-08-07 04:00:00+00:00,1.3173,1.3322,1.3162,1.3314,790271.3
2026-08-07 05:00:00+00:00,1.3314,1.3383,1.3294,1.3355,310906.3
2026-08-07 06:00:00+00:00,1.3355,1.3456,1.3355,1.3399,427206.6
2026-08-07 07:00:00+00:00,1.3399,1.3429,1.3385,1.3385,132661.6
2026-08-07 08:00:00+00:00,1.3385,1.3399,1.3332,1.3336,160111.4
2026-08-07 09:00:00+00:00,1.3336,1.3421,1.331,1.3391,371119.3
2026-08-07 10:00:00+00:00,1.3391,1.3446,1.3363,1.3366,158100.4
2026-08-07 11:00:00+00:00,1.3366,1.3407,1.3346,1.3396,128143.4
2026-08-07 12:00:00+00:00,1.3396,1.3442,1.3301,1.335,198002.3
2026-08-07 13:00:00+00:00,1.335,1.3421,1.3331,1.3404,202969.9
2026-08-07 14:00:00+00:00,1.3404,1.3417,1.335,1.337,155982.2
2026-08-07 15:00:00+00:00,1.337,1.3373,1.327,1.3319,305432.2
2026-08-07 16:00:00+00:00,1.3319,1.3391,1.3239,1.3269,245389.8
2026-08-07 17:00:00+00:00,1.3269,1.3508,1.3253,1.3504,1172071.0
2026-08-07 18:00:00+00:00,1.3504,1.3552,1.3472,1.3498,259111.4
2026-08-07 19:00:00+00:00,1.3498,1.3542,1.3488,1.3506,95889.8
2026-08-07 20:00:00+00:00,1.3506,1.3551,1.3494,1.3522,80432.1
2026-08-07 21:00:00+00:00,1.3522,1.3555,1.3507,1.3512,102266.8
2026-08-07 22:00:00+00:00,1.3512,1.3517,1.35,1.3505,19726.4
2026-08-07 23:00:00+00:00,1.3505,1.3553,1.3493,1.3537,28606.3
2026-08-08 00:00:00+00:00,1.3537,1.3558,1.3485,1.3485,37786.1
2026-08-08 01:00:00+00:00,1.3485,1.3539,1.3481,1.3525,62208.3
2026-08-08 02:00:00+00:00,1.3525,1.3525,1.3475,1.3482,64969.2
2026-08-08 03:00:00+00:00,1.3482,1.3515,1.3453,1.3499,130283.9
2026-08-08 04:00:00+00:00,1.3499,1.3569,1.3499,1.3549,100961.8
2026-08-08 05:00:00+00:00,1.3549,1.3575,1.3513,1.352,135866.3
2026-08-08 06:00:00+00:00,1.352,1.3565,1.35,1.3547,69345.7
2026-08-08 07:00:00+00:00,1.3547,1.3576,1.3527,1.3541,55884.7
2026-08-08 08:00:00+00:00,1.3541,1.3564,1.3523,1.356,65324.4
2026-08-08 09:00:00+00:00,1.356,1.3638,1.3555,1.3609,137762.6
2026-08-08 10:00:00+00:00,1.3609,1.3651,1.3609,1.365,65850.6
2026-08-08 11:00:00+00:00,1.365,1.3678,1.3617,1.3659,113817.5
2026-08-08 12:00:00+00:00,1.3659,1.3675,1.363,1.3635,64906.3
2026-08-08 13:00:00+00:00,1.3635,1.3654,1.3618,1.3651,131329.1
2026-08-08 14:00:00+00:00,1.3651,1.3661,1.361,1.3641,144896.5
2026-08-08 15:00:00+00:00,1.3641,1.3654,1.3568,1.3595,142607.1
2026-08-08 16:00:00+00:00,1.3595,1.3613,1.3542,1.3565,134023.2
2026-08-08 17:00:00+00:00,1.3565,1.3604,1.3558,1.3594,22230.1
2026-08-08 18:00:00+00:00,1.3594,1.3607,1.3562,1.3581,46461.6
2026-08-08 19:00:00+00:00,1.3581,1.3659,1.3581,1.3657,257459.6
2026-08-08 20:00:00+00:00,1.3657,1.3658,1.3606,1.3609,48406.0
2026-08-08 21:00:00+00:00,1.3609,1.3609,1.3551,1.3586,72829.6
2026-08-08 22:00:00+00:00,1.3586,1.362,1.3567,1.3595,85251.3
2026-08-08 23:00:00+00:00,1.3595,1.3663,1.3591,1.3636,150302.9
2026-08-09 00:00:00+00:00,1.3636,1.3673,1.3576,1.36,87262.0
2026-08-09 01:00:00+00:00,1.36,1.3617,1.3508,1.3532,71977.6
2026-08-09 02:00:00+00:00,1.3532,1.3539,1.3466,1.3487,150326.0
2026-08-09 03:00:00+00:00,1.3487,1.3496,1.3435,1.345,73038.8
2026-08-09 04:00:00+00:00,1.345,1.3486,1.3433,1.3438,143015.9
2026-08-09 05:00:00+00:00,1.3438,1.3476,1.3436,1.3468,64005.5
2026-08-09 06:00:00+00:00,1.3468,1.3505,1.3462,1.3494,50921.0
2026-08-09 07:00:00+00:00,1.3494,1.3494,1.3395,1.3413,150468.7
2026-08-09 08:00:00+00:00,1.3413,1.3444,1.3362,1.3408,200964.3
2026-08-09 09:00:00+00:00,1.3408,1.346,1.3375,1.3433,170330.6
2026-08-09 10:00:00+00:00,1.3433,1.3459,1.341,1.3446,83835.7
2026-08-09 11:00:00+00:00,1.3446,1.3456,1.3419,1.3424,65228.8
2026-08-09 12:00:00+00:00,1.3424,1.3427,1.3378,1.3395,113999.6
2026-08-09 13:00:00+00:00,1.3395,1.3429,1.3394,1.3402,53558.9
2026-08-09 14:00:00+00:00,1.3402,1.3413,1.3387,1.3406,24305.9
2026-08-09 15:00:00+00:00,1.3406,1.3453,1.339,1.3433,77123.0
2026-08-09 16:00:00+00:00,1.3433,1.3453,1.3392,1.3442,94750.4
2026-08-09 17:00:00+00:00,1.3442,1.3448,1.3375,1.3438,113051.6
2026-08-09 18:00:00+00:00,1.3438,1.3444,1.3409,1.3409,17585.2
2026-08-09 19:00:00+00:00,1.3409,1.3443,1.34,1.3435,102671.3
2026-08-09 20:00:00+00:00,1.3435,1.3441,1.3394,1.34,47401.9
2026-08-09 21:00:00+00:00,1.34,1.34,1.3376,1.3388,51265.9
2026-08-09 22:00:00+00:00,1.3388,1.3431,1.3284,1.3297,253630.9
2026-08-09 23:00:00+00:00,1.3297,1.3333,1.314,1.3169,488715.5
2026-08-10 00:00:00+00:00,1.3169,1.3343,1.3155,1.3258,184465.7
2026-08-10 01:00:00+00:00,1.3258,1.338,1.3253,1.335,290268.7
2026-08-10 02:00:00+00:00,1.335,1.3351,1.3238,1.3288,100298.8
2026-08-10 03:00:00+00:00,1.3288,1.3334,1.327,1.327,50487.0
2026-08-10 04:00:00+00:00,1.327,1.3403,1.3269,1.3382,121106.5
2026-08-10 05:00:00+00:00,1.3382,1.3444,1.3347,1.3384,149092.3
2026-08-10 06:00:00+00:00,1.3384,1.3415,1.3341,1.3408,82861.7
2026-08-10 07:00:00+00:00,1.3408,1.3492,1.3372,1.3388,147168.2
2026-08-10 08:00:00+00:00,1.3388,1.3392,1.3331,1.3355,106402.6
2026-08-10 09:00:00+00:00,1.3355,1.339,1.3292,1.3389,161031.5
2026-08-10 10:00:00+00:00,1.3389,1.3389,1.3322,1.3335,77786.3
2026-08-10 11:00:00+00:00,1.3335,1.3367,1.3281,1.3346,65843.3
2026-08-10 12:00:00+00:00,1.3346,1.3367,1.3293,1.3294,88402.5
2026-08-10 13:00:00+00:00,1.3294,1.3384,1.3294,1.3326,164710.8
2026-08-10 14:00:00+00:00,1.3326,1.3342,1.3257,1.3257,180758.0
2026-08-10 15:00:00+00:00,1.3257,1.3289,1.3223,1.3271,139561.1
2026-08-10 16:00:00+00:00,1.3271,1.3291,1.323,1.3251,164363.0
2026-08-10 17:00:00+00:00,1.3251,1.3295,1.3226,1.3277,59859.1
2026-08-10 18:00:00+00:00,1.3277,1.3277,1.32,1.3225,171930.0
2026-08-10 19:00:00+00:00,1.3225,1.3264,1.3201,1.321,106192.1
2026-08-10 20:00:00+00:00,1.321,1.3248,1.3154,1.3234,175430.9
2026-08-10 21:00:00+00:00,1.3234,1.3235,1.3192,1.3204,33865.4
2026-08-10 22:00:00+00:00,1.3204,1.3245,1.3166,1.3237,53030.2
2026-08-10 23:00:00+00:00,1.3237,1.3283,1.3234,1.3264,120324.5
2026-08-11 00:00:00+00:00,1.3264,1.3328,1.324,1.3308,296567.7
2026-08-11 01:00:00+00:00,1.3308,1.3344,1.3289,1.3338,102030.6
2026-08-11 02:00:00+00:00,1.3338,1.335,1.3281,1.3282,160620.4
2026-08-11 03:00:00+00:00,1.3282,1.3314,1.3279,1.3299,48429.1
2026-08-11 04:00:00+00:00,1.3299,1.3318,1.3271,1.3272,75985.7
2026-08-11 05:00:00+00:00,1.3272,1.3282,1.3233,1.3256,57592.7
2026-08-11 06:00:00+00:00,1.3256,1.3265,1.3161,1.32,138148.1
2026-08-11 07:00:00+00:00,1.32,1.328,1.3171,1.3241,205342.7
2026-08-11 08:00:00+00:00,1.3241,1.3329,1.32,1.331,144016.2
2026-08-11 09:00:00+00:00,1.331,1.342,1.329,1.342,154826.3
2026-08-11 10:00:00+00:00,1.342,1.344,1.33,1.342,170241.9
2026-08-11 11:00:00+00:00,1.342,1.3492,1.341,1.346,142953.8
2026-08-11 12:00:00+00:00,1.346,1.352,1.34,1.347,231462.5
2026-08-11 13:00:00+00:00,1.347,1.352,1.337,1.341,152419.9
2026-08-11 14:00:00+00:00,1.341,1.345,1.323,1.329,283479.8
2026-08-11 15:00:00+00:00,1.329,1.332,1.311,1.321,364147.9
2026-08-11 16:00:00+00:00,1.321,1.324,1.317,1.323,187187.9
2026-08-11 17:00:00+00:00,1.323,1.328,1.322,1.323,123316.5
2026-08-11 18:00:00+00:00,1.323,1.326,1.322,1.326,64979.7
2026-08-11 19:00:00+00:00,1.326,1.337,1.325,1.335,50228.7
2026-08-11 20:00:00+00:00,1.335,1.335,1.331,1.333,50085.4
2026-08-11 21:00:00+00:00,1.333,1.334,1.327,1.332,48042.2
2026-08-11 22:00:00+00:00,1.332,1.335,1.331,1.333,46708.2
2026-08-11 23:00:00+00:00,1.333,1.34,1.331,1.339,67372.4
2026-08-12 00:00:00+00:00,1.339,1.342,1.334,1.338,114274.5
2026-08-12 01:00:00+00:00,1.338,1.339,1.334,1.338,53664.3
2026-08-12 02:00:00+00:00,1.338,1.339,1.335,1.338,71259.4
2026-08-12 03:00:00+00:00,1.338,1.37,1.337,1.367,901532.2
2026-08-12 04:00:00+00:00,1.367,1.374,1.351,1.361,324226.4
2026-08-12 05:00:00+00:00,1.361,1.367,1.358,1.361,133004.0
2026-08-12 06:00:00+00:00,1.361,1.363,1.353,1.355,111873.8
2026-08-12 07:00:00+00:00,1.355,1.367,1.355,1.367,105529.7
2026-08-12 08:00:00+00:00,1.367,1.367,1.338,1.34,307521.0
2026-08-12 09:00:00+00:00,1.34,1.348,1.338,1.346,139738.5
2026-08-12 10:00:00+00:00,1.346,1.348,1.343,1.348,65647.4
2026-08-12 11:00:00+00:00,1.348,1.349,1.344,1.346,58295.7
2026-08-12 12:00:00+00:00,1.346,1.353,1.342,1.345,102745.2
2026-08-12 13:00:00+00:00,1.345,1.349,1.344,1.346,54082.8
2026-08-12 14:00:00+00:00,1.346,1.346,1.34,1.344,113625.8
2026-08-12 15:00:00+00:00,1.344,1.351,1.343,1.348,142818.4
2026-08-12 16:00:00+00:00,1.348,1.352,1.34,1.342,150600.8
2026-08-12 17:00:00+00:00,1.342,1.343,1.33,1.336,329376.3
2026-08-12 18:00:00+00:00,1.336,1.34,1.336,1.337,65087.9
2026-08-12 19:00:00+00:00,1.337,1.339,1.336,1.339,30992.7
2026-08-12 20:00:00+00:00,1.339,1.361,1.337,1.353,381327.3
2026-08-12 21:00:00+00:00,1.353,1.356,1.346,1.347,60029.5
2026-08-12 22:00:00+00:00,1.347,1.356,1.345,1.353,59563.3
2026-08-12 23:00:00+00:00,1.353,1.355,1.346,1.348,65685.6
2026-08-13 00:00:00+00:00,1.348,1.355,1.348,1.35,63643.4
2026-08-13 01:00:00+00:00,1.35,1.351,1.345,1.347,62983.8
2026-08-13 02:00:00+00:00,1.347,1.347,1.34,1.345,129797.9
2026-08-13 03:00:00+00:00,1.345,1.347,1.334,1.338,209971.0
2026-08-13 04:00:00+00:00,1.338,1.342,1.338,1.338,34198.4
2026-08-13 05:00:00+00:00,1.338,1.342,1.338,1.34,67851.0
2026-08-13 06:00:00+00:00,1.34,1.347,1.338,1.347,74831.7
2026-08-13 07:00:00+00:00,1.347,1.347,1.34,1.343,69095.6
2026-08-13 08:00:00+00:00,1.343,1.345,1.339,1.344,57821.1
2026-08-13 09:00:00+00:00,1.344,1.345,1.336,1.342,101716.8
2026-08-13 10:00:00+00:00,1.342,1.345,1.33,1.331,221542.0
2026-08-13 11:00:00+00:00,1.331,1.343,1.331,1.342,121971.1
2026-08-13 12:00:00+00:00,1.342,1.343,1.338,1.342,23753.4
2026-08-13 13:00:00+00:00,1.342,1.344,1.325,1.333,387458.5
2026-08-13 14:00:00+00:00,1.333,1.34,1.332,1.34,82701.7
2026-08-13 15:00:00+00:00,1.34,1.342,1.335,1.335,48632.8
2026-08-13 16:00:00+00:00,1.335,1.336,1.321,1.329,267246.4
2026-08-13 17:00:00+00:00,1.329,1.33,1.324,1.328,56425.7
2026-08-13 18:00:00+00:00,1.328,1.333,1.327,1.333,57310.9
2026-08-13 19:00:00+00:00,1.333,1.337,1.327,1.332,141462.0
2026-08-13 20:00:00+00:00,1.332,1.337,1.329,1.335,98634.0
2026-08-13 21:00:00+00:00,1.335,1.338,1.33,1.337,94482.9
2026-08-13 22:00:00+00:00,1.337,1.339,1.325,1.33,243133.5
2026-08-13 23:00:00+00:00,1.33,1.333,1.327,1.332,43632.6
2026-08-14 00:00:00+00:00,1.332,1.336,1.326,1.336,90018.1
2026-08-14 01:00:00+00:00,1.336,1.34,1.332,1.338,78173.4
2026-08-14 02:00:00+00:00,1.338,1.343,1.327,1.328,75355.5
2026-08-14 03:00:00+00:00,1.328,1.332,1.324,1.325,65833.5
2026-08-14 04:00:00+00:00,1.325,1.326,1.323,1.326,34018.4
2026-08-14 05:00:00+00:00,1.326,1.331,1.325,1.328,130700.0
2026-08-14 06:00:00+00:00,1.328,1.329,1.323,1.326,49120.5
2026-08-14 07:00:00+00:00,1.326,1.331,1.321,1.321,112653.4
2026-08-14 08:00:00+00:00,1.321,1.328,1.32,1.327,127476.0
2026-08-14 09:00:00+00:00,1.327,1.327,1.321,1.322,123473.1
2026-08-14 10:00:00+00:00,1.322,1.325,1.321,1.324,32801.8
2026-08-14 11:00:00+00:00,1.324,1.33,1.323,1.326,71496.1
2026-08-14 12:00:00+00:00,1.326,1.332,1.325,1.328,67295.0
2026-08-14 13:00:00+00:00,1.328,1.328,1.323,1.325,91035.4
2026-08-14 14:00:00+00:00,1.325,1.328,1.32,1.324,110520.0
2026-08-14 15:00:00+00:00,1.324,1.328,1.321,1.325,147563.9
2026-08-14 16:00:00+00:00,1.325,1.329,1.324,1.328,26296.6
2026-08-14 17:00:00+00:00,1.328,1.332,1.328,1.33,48579.4
2026-08-14 18:00:00+00:00,1.33,1.333,1.318,1.321,104903.6
2026-08-14 19:00:00+00:00,1.321,1.329,1.318,1.328,97809.2
2026-08-14 20:00:00+00:00,1.328,1.334,1.326,1.332,55157.1
2026-08-14 21:00:00+00:00,1.332,1.334,1.328,1.33,38627.3
2026-08-14 22:00:00+00:00,1.33,1.332,1.326,1.328,63773.4
2026-08-14 23:00:00+00:00,1.328,1.335,1.328,1.335,23999.3
2026-08-15 00:00:00+00:00,1.335,1.339,1.332,1.335,91622.2
2026-08-15 01:00:00+00:00,1.335,1.335,1.331,1.333,39272.2
2026-08-15 02:00:00+00:00,1.333,1.333,1.331,1.331,22614.0
2026-08-15 03:00:00+00:00,1.331,1.337,1.33,1.331,68671.8
2026-08-15 04:00:00+00:00,1.331,1.336,1.33,1.334,70189.9
2026-08-15 05:00:00+00:00,1.334,1.34,1.332,1.332,118655.6
2026-08-15 06:00:00+00:00,1.332,1.336,1.329,1.331,104153.2
2026-08-15 07:00:00+00:00,1.331,1.334,1.329,1.333,50259.8
2026-08-15 08:00:00+00:00,1.333,1.339,1.33,1.333,227391.2
2026-08-15 09:00:00+00:00,1.333,1.337,1.332,1.334,51733.1
2026-08-15 10:00:00+00:00,1.334,1.336,1.333,1.334,51598.5
2026-08-15 11:00:00+00:00,1.334,1.339,1.334,1.337,49875.9
2026-08-15 12:00:00+00:00,1.337,1.34,1.334,1.336,91386.9
2026-08-15 13:00:00+00:00,1.336,1.339,1.33,1.336,122397.7
2026-08-15 14:00:00+00:00,1.336,1.341,1.336,1.34,63648.9
2026-08-15 15:00:00+00:00,1.34,1.35,1.339,1.349,108326.3
2026-08-15 16:00:00+00:00,1.349,1.351,1.344,1.349,165593.1
2026-08-15 17:00:00+00:00,1.349,1.354,1.347,1.348,50390.9
2026-08-15 18:00:00+00:00,1.348,1.363,1.347,1.359,172196.8
2026-08-15 19:00:00+00:00,1.359,1.36,1.354,1.357,206690.4
2026-08-15 20:00:00+00:00,1.357,1.358,1.355,1.356,47651.4
2026-08-15 21:00:00+00:00,1.356,1.358,1.352,1.356,32528.0
2026-08-15 22:00:00+00:00,1.356,1.357,1.349,1.351,70344.4
2026-08-15 23:00:00+00:00,1.351,1.352,1.342,1.344,65814.8
2026-08-16 00:00:00+00:00,1.344,1.344,1.34,1.343,74713.7
2026-08-16 01:00:00+00:00,1.343,1.343,1.336,1.341,37818.4
2026-08-16 02:00:00+00:00,1.341,1.344,1.339,1.34,36830.5
2026-08-16 03:00:00+00:00,1.34,1.34,1.337,1.338,17640.6
2026-08-16 04:00:00+00:00,1.338,1.34,1.332,1.335,68167.1
2026-08-16 05:00:00+00:00,1.335,1.34,1.334,1.339,38566.7
2026-08-16 06:00:00+00:00,1.339,1.341,1.334,1.336,50314.0
2026-08-16 07:00:00+00:00,1.336,1.343,1.335,1.341,25229.8
2026-08-16 08:00:00+00:00,1.341,1.342,1.336,1.338,34559.0
2026-08-16 09:00:00+00:00,1.338,1.343,1.338,1.34,28652.6
2026-08-16 10:00:00+00:00,1.34,1.343,1.337,1.34,46349.4
2026-08-16 11:00:00+00:00,1.34,1.345,1.34,1.345,29060.2
2026-08-16 12:00:00+00:00,1.345,1.346,1.341,1.342,46225.3
2026-08-16 13:00:00+00:00,1.342,1.345,1.339,1.344,41854.4
2026-08-16 14:00:00+00:00,1.344,1.352,1.341,1.347,86635.7
2026-08-16 15:00:00+00:00,1.347,1.349,1.341,1.349,64222.0
2026-08-16 16:00:00+00:00,1.349,1.352,1.344,1.346,86401.6
2026-08-16 17:00:00+00:00,1.346,1.348,1.338,1.343,80917.4
2026-08-16 18:00:00+00:00,1.343,1.343,1.34,1.342,30857.5
2026-08-16 19:00:00+00:00,1.342,1.346,1.341,1.344,30617.4
2026-08-16 20:00:00+00:00,1.344,1.346,1.341,1.343,14417.1
2026-08-16 21:00:00+00:00,1.343,1.343,1.332,1.334,109742.5
2026-08-16 22:00:00+00:00,1.334,1.336,1.332,1.333,71697.9
2026-08-16 23:00:00+00:00,1.333,1.335,1.328,1.331,79092.1
2026-08-17 00:00:00+00:00,1.331,1.333,1.325,1.328,65639.9
2026-08-17 01:00:00+00:00,1.328,1.334,1.328,1.333,35249.7
2026-08-17 02:00:00+00:00,1.333,1.338,1.332,1.337,35197.2
2026-08-17 03:00:00+00:00,1.337,1.337,1.333,1.336,57706.6
2026-08-17 04:00:00+00:00,1.336,1.337,1.335,1.336,42097.4
2026-08-17 05:00:00+00:00,1.336,1.339,1.332,1.333,24052.5
2026-08-17 06:00:00+00:00,1.333,1.338,1.327,1.328,92950.3
2026-08-17 07:00:00+00:00,1.328,1.333,1.325,1.33,95066.5
2026-08-17 08:00:00+00:00,1.33,1.331,1.328,1.329,25178.4
2026-08-17 09:00:00+00:00,1.329,1.331,1.326,1.33,75687.3
2026-08-17 10:00:00+00:00,1.33,1.335,1.33,1.335,28771.8
2026-08-17 11:00:00+00:00,1.335,1.336,1.332,1.332,47656.3
2026-08-17 12:00:00+00:00,1.332,1.333,1.329,1.329,48174.7
2026-08-17 13:00:00+00:00,1.329,1.335,1.328,1.331,42743.3
2026-08-17 14:00:00+00:00,1.331,1.333,1.327,1.329,51427.8
2026-08-17 15:00:00+00:00,1.329,1.331,1.326,1.329,59734.4
2026-08-17 16:00:00+00:00,1.329,1.335,1.326,1.328,117200.5
2026-08-17 17:00:00+00:00,1.328,1.328,1.317,1.326,289731.4
2026-08-17 18:00:00+00:00,1.326,1.331,1.326,1.327,99195.7
2026-08-17 19:00:00+00:00,1.327,1.329,1.326,1.328,37607.4
2026-08-17 20:00:00+00:00,1.328,1.329,1.326,1.327,36497.4
2026-08-17 21:00:00+00:00,1.327,1.33,1.325,1.325,69395.9
2026-08-17 22:00:00+00:00,1.325,1.326,1.322,1.324,31789.6
2026-08-17 23:00:00+00:00,1.324,1.328,1.323,1.328,20534.1
2026-08-18 00:00:00+00:00,1.328,1.328,1.323,1.325,33773.7
2026-08-18 01:00:00+00:00,1.325,1.325,1.317,1.318,126333.7
2026-08-18 02:00:00+00:00,1.318,1.321,1.311,1.311,147199.9
2026-08-18 03:00:00+00:00,1.311,1.313,1.307,1.308,153550.8
2026-08-18 04:00:00+00:00,1.308,1.314,1.307,1.313,374954.8
2026-08-18 05:00:00+00:00,1.313,1.313,1.308,1.31,70668.6
2026-08-18 06:00:00+00:00,1.31,1.316,1.31,1.312,61485.3
2026-08-18 07:00:00+00:00,1.312,1.314,1.311,1.311,61159.5
2026-08-18 08:00:00+00:00,1.311,1.313,1.308,1.311,87641.3
2026-08-18 09:00:00+00:00,1.311,1.317,1.311,1.315,74672.2
2026-08-18 10:00:00+00:00,1.315,1.318,1.312,1.312,117318.0
2026-08-18 11:00:00+00:00,1.312,1.315,1.303,1.307,221623.3
2026-08-18 12:00:00+00:00,1.307,1.309,1.296,1.303,310703.0
2026-08-18 13:00:00+00:00,1.303,1.31,1.301,1.307,95407.1
2026-08-18 14:00:00+00:00,1.307,1.314,1.306,1.312,63260.1
2026-08-18 15:00:00+00:00,1.312,1.314,1.311,1.312,56827.2
2026-08-18 16:00:00+00:00,1.312,1.317,1.31,1.313,137472.2
2026-08-18 17:00:00+00:00,1.313,1.347,1.309,1.332,1918206.8
2026-08-18 18:00:00+00:00,1.332,1.335,1.318,1.323,569260.8
2026-08-18 19:00:00+00:00,1.323,1.331,1.315,1.316,199936.7
2026-08-18 20:00:00+00:00,1.316,1.321,1.316,1.319,85554.5
2026-08-18 21:00:00+00:00,1.319,1.328,1.317,1.318,108980.6
2026-08-18 22:00:00+00:00,1.318,1.322,1.314,1.315,79128.2
2026-08-18 23:00:00+00:00,1.315,1.32,1.315,1.319,142557.7
2026-08-19 00:00:00+00:00,1.319,1.321,1.316,1.318,62795.9
2026-08-19 01:00:00+00:00,1.318,1.324,1.314,1.32,65966.5
2026-08-19 02:00:00+00:00,1.32,1.321,1.314,1.315,47649.7
2026-08-19 03:00:00+00:00,1.315,1.324,1.312,1.32,117291.8
2026-08-19 04:00:00+00:00,1.32,1.323,1.317,1.317,20987.1
2026-08-19 05:00:00+00:00,1.317,1.322,1.317,1.321,22955.3
2026-08-19 06:00:00+00:00,1.321,1.322,1.315,1.317,83521.3
2026-08-19 07:00:00+00:00,1.317,1.318,1.315,1.318,45324.6
2026-08-19 08:00:00+00:00,1.318,1.322,1.317,1.318,58347.8
2026-08-19 09:00:00+00:00,1.318,1.319,1.315,1.317,41612.1
2026-08-19 10:00:00+00:00,1.317,1.32,1.314,1.318,27691.1
2026-08-19 11:00:00+00:00,1.318,1.322,1.317,1.32,31302.2
2026-08-19 12:00:00+00:00,1.32,1.327,1.32,1.325,94415.1
2026-08-19 13:00:00+00:00,1.325,1.326,1.321,1.322,96394.7
2026-08-19 14:00:00+00:00,1.322,1.335,1.322,1.333,214429.4
2026-08-19 15:00:00+00:00,1.333,1.353,1.33,1.341,972724.0
2026-08-19 16:00:00+00:00,1.341,1.351,1.337,1.344,235382.7
2026-08-19 17:00:00+00:00,1.344,1.346,1.34,1.343,222456.7
2026-08-19 18:00:00+00:00,1.343,1.35,1.34,1.346,152395.0
2026-08-19 19:00:00+00:00,1.346,1.352,1.343,1.35,134123.2
2026-08-19 20:00:00+00:00,1.35,1.368,1.348,1.367,305948.8
2026-08-19 21:00:00+00:00,1.367,1.384,1.365,1.37,972042.4
2026-08-19 22:00:00+00:00,1.37,1.373,1.356,1.359,317226.5
2026-08-19 23:00:00+00:00,1.359,1.365,1.355,1.365,54925.6
2026-08-20 00:00:00+00:00,1.365,1.37,1.355,1.357,168694.5
2026-08-20 01:00:00+00:00,1.357,1.36,1.354,1.359,89981.3
2026-08-20 02:00:00+00:00,1.359,1.36,1.357,1.358,46492.8
2026-08-20 03:00:00+00:00,1.358,1.358,1.344,1.348,171508.5
2026-08-20 04:00:00+00:00,1.348,1.355,1.347,1.353,223331.1
2026-08-20 05:00:00+00:00,1.353,1.355,1.35,1.351,67447.7
2026-08-20 06:00:00+00:00,1.351,1.358,1.349,1.358,94440.5
2026-08-20 07:00:00+00:00,1.358,1.359,1.352,1.358,130208.0
2026-08-20 08:00:00+00:00,1.358,1.385,1.357,1.383,556381.9
2026-08-20 09:00:00+00:00,1.383,1.402,1.378,1.392,1007277.3
2026-08-20 10:00:00+00:00,1.392,1.394,1.384,1.389,369482.6
2026-08-20 11:00:00+00:00,1.389,1.401,1.384,1.398,358726.9
2026-08-20 12:00:00+00:00,1.398,1.414,1.388,1.398,712509.6
2026-08-20 13:00:00+00:00,1.398,1.403,1.382,1.385,331715.3
2026-08-20 14:00:00+00:00,1.385,1.394,1.382,1.391,239401.3
2026-08-20 15:00:00+00:00,1.391,1.404,1.389,1.399,315646.8
2026-08-20 16:00:00+00:00,1.399,1.4,1.39,1.399,198134.1
2026-08-20 17:00:00+00:00,1.399,1.402,1.39,1.394,204262.0
2026-08-20 18:00:00+00:00,1.394,1.395,1.378,1.38,197539.1
2026-08-20 19:00:00+00:00,1.38,1.385,1.375,1.384,194212.5
2026-08-20 20:00:00+00:00,1.384,1.387,1.383,1.385,61077.7
2026-08-20 21:00:00+00:00,1.385,1.391,1.383,1.39,121800.2
2026-08-20 22:00:00+00:00,1.39,1.396,1.386,1.393,218941.3
2026-08-20 23:00:00+00:00,1.393,1.403,1.393,1.398,231170.7
2026-08-21 00:00:00+00:00,1.398,1.405,1.394,1.396,266514.5
2026-08-21 01:00:00+00:00,1.396,1.418,1.395,1.417,452272.9
2026-08-21 02:00:00+00:00,1.417,1.421,1.411,1.411,275568.4
2026-08-21 03:00:00+00:00,1.411,1.421,1.41,1.413,286589.2
2026-08-21 04:00:00+00:00,1.413,1.421,1.411,1.42,123358.7
2026-08-21 05:00:00+00:00,1.42,1.467,1.418,1.461,1079664.6
2026-08-21 06:00:00+00:00,1.461,1.487,1.446,1.458,1736145.9
2026-08-21 07:00:00+00:00,1.458,1.489,1.456,1.486,1161763.2
2026-08-21 08:00:00+00:00,1.486,1.496,1.46,1.47,1352168.3
2026-08-21 09:00:00+00:00,1.47,1.471,1.421,1.447,2220897.8
2026-08-21 10:00:00+00:00,1.447,1.447,1.418,1.423,937734.4
2026-08-21 11:00:00+00:00,1.423,1.458,1.419,1.448,1268973.4
2026-08-21 12:00:00+00:00,1.448,1.465,1.443,1.465,510658.8
2026-08-21 13:00:00+00:00,1.465,1.475,1.448,1.467,557685.6
2026-08-21 14:00:00+00:00,1.467,1.47,1.447,1.468,287590.7
2026-08-21 15:00:00+00:00,1.468,1.481,1.462,1.47,402368.0
2026-08-21 16:00:00+00:00,1.47,1.477,1.466,1.47,228085.6
2026-08-21 17:00:00+00:00,1.47,1.475,1.446,1.462,555980.9
2026-08-21 18:00:00+00:00,1.462,1.47,1.446,1.457,274600.4
2026-08-21 19:00:00+00:00,1.457,1.462,1.445,1.462,379200.3
2026-08-21 20:00:00+00:00,1.462,1.477,1.457,1.477,341996.0
2026-08-21 21:00:00+00:00,1.477,1.493,1.475,1.491,397729.4
2026-08-21 22:00:00+00:00,1.491,1.495,1.485,1.488,276277.7
2026-08-21 23:00:00+00:00,1.488,1.496,1.484,1.494,288134.9
2026-08-22 00:00:00+00:00,1.494,1.495,1.481,1.493,426207.9
2026-08-22 01:00:00+00:00,1.493,1.496,1.488,1.488,90300.8
2026-08-22 02:00:00+00:00,1.488,1.534,1.488,1.533,605088.4
2026-08-22 03:00:00+00:00,1.533,1.544,1.525,1.534,568996.8
2026-08-22 04:00:00+00:00,1.534,1.558,1.529,1.55,675509.6
2026-08-22 05:00:00+00:00,1.55,1.56,1.402,1.48,4352245.5
2026-08-22 06:00:00+00:00,1.48,1.483,1.451,1.47,670488.1
2026-08-22 07:00:00+00:00,1.47,1.48,1.462,1.47,318935.4
2026-08-22 08:00:00+00:00,1.47,1.474,1.435,1.442,606043.0
2026-08-22 09:00:00+00:00,1.442,1.46,1.428,1.442,552664.6
2026-08-22 10:00:00+00:00,1.442,1.445,1.417,1.433,516887.2
2026-08-22 11:00:00+00:00,1.433,1.44,1.427,1.435,223072.7
2026-08-22 12:00:00+00:00,1.435,1.453,1.434,1.442,378358.0
2026-08-22 13:00:00+00:00,1.442,1.447,1.437,1.44,88052.6
2026-08-22 14:00:00+00:00,1.44,1.445,1.426,1.435,495639.5
2026-08-22 15:00:00+00:00,1.435,1.436,1.423,1.432,240706.8
2026-08-22 16:00:00+00:00,1.432,1.448,1.43,1.444,189769.3
2026-08-22 17:00:00+00:00,1.444,1.454,1.426,1.45,375943.3
2026-08-22 18:00:00+00:00,1.45,1.46,1.442,1.446,194313.8
2026-08-22 19:00:00+00:00,1.446,1.456,1.441,1.454,169856.2
2026-08-22 20:00:00+00:00,1.454,1.462,1.449,1.45,277995.0
2026-08-22 21:00:00+00:00,1.45,1.451,1.418,1.425,371194.1
2026-08-22 22:00:00+00:00,1.425,1.441,1.422,1.437,98546.2
2026-08-22 23:00:00+00:00,1.437,1.443,1.433,1.442,80236.3
2026-08-23 00:00:00+00:00,1.442,1.451,1.436,1.446,148637.7
2026-08-23 01:00:00+00:00,1.446,1.455,1.439,1.447,173301.7
2026-08-23 02:00:00+00:00,1.447,1.469,1.427,1.46,596594.4
2026-08-23 03:00:00+00:00,1.46,1.462,1.438,1.444,234011.0
2026-08-23 04:00:00+00:00,1.444,1.451,1.426,1.431,235298.6
2026-08-23 05:00:00+00:00,1.431,1.442,1.42,1.438,183809.9
2026-08-23 06:00:00+00:00,1.438,1.458,1.431,1.453,191748.2
2026-08-23 07:00:00+00:00,1.453,1.473,1.452,1.471,162913.3
2026-08-23 08:00:00+00:00,1.471,1.489,1.466,1.487,228525.3
2026-08-23 09:00:00+00:00,1.487,1.489,1.469,1.477,317031.3
2026-08-23 10:00:00+00:00,1.477,1.489,1.477,1.488,256093.7
2026-08-23 11:00:00+00:00,1.488,1.55,1.488,1.521,1930900.8
2026-08-23 12:00:00+00:00,1.521,1.522,1.501,1.504,385004.7
2026-08-23 13:00:00+00:00,1.504,1.529,1.501,1.525,357459.8
2026-08-23 14:00:00+00:00,1.525,1.538,1.491,1.517,622843.5
2026-08-23 15:00:00+00:00,1.517,1.522,1.506,1.511,265509.4
2026-08-23 16:00:00+00:00,1.511,1.522,1.508,1.514,189645.2
2026-08-23 17:00:00+00:00,1.514,1.527,1.509,1.52,171706.8
2026-08-23 18:00:00+00:00,1.52,1.53,1.518,1.525,124846.1
2026-08-23 19:00:00+00:00,1.525,1.529,1.504,1.512,273520.3
2026-08-23 20:00:00+00:00,1.512,1.512,1.501,1.503,122484.8
2026-08-23 21:00:00+00:00,1.503,1.52,1.499,1.502,216834.7
2026-08-23 22:00:00+00:00,1.502,1.506,1.493,1.496,230365.8
2026-08-23 23:00:00+00:00,1.496,1.498,1.488,1.493,216168.6
2026-08-24 00:00:00+00:00,1.493,1.496,1.479,1.491,209725.2
2026-08-24 01:00:00+00:00,1.491,1.491,1.456,1.459,230530.5
2026-08-24 02:00:00+00:00,1.459,1.483,1.457,1.474,369908.9
2026-08-24 03:00:00+00:00,1.474,1.475,1.457,1.465,214606.1
2026-08-24 04:00:00+00:00,1.465,1.475,1.465,1.469,71248.0
2026-08-24 05:00:00+00:00,1.469,1.476,1.466,1.473,84241.4
2026-08-24 06:00:00+00:00,1.473,1.482,1.468,1.47,213027.9
2026-08-24 07:00:00+00:00,1.47,1.478,1.467,1.468,79003.0
2026-08-24 08:00:00+00:00,1.468,1.468,1.456,1.462,149151.3
2026-08-24 09:00:00+00:00,1.462,1.467,1.46,1.466,92955.9
2026-08-24 10:00:00+00:00,1.466,1.478,1.464,1.471,190509.4
2026-08-24 11:00:00+00:00,1.471,1.486,1.467,1.483,238007.8
2026-08-24 12:00:00+00:00,1.483,1.49,1.472,1.489,313574.5
2026-08-24 13:00:00+00:00,1.489,1.491,1.468,1.478,285057.1
2026-08-24 14:00:00+00:00,1.478,1.492,1.476,1.49,180477.1
2026-08-24 15:00:00+00:00,1.49,1.495,1.473,1.476,279773.2
2026-08-24 16:00:00+00:00,1.476,1.494,1.476,1.483,177261.2
2026-08-24 17:00:00+00:00,1.483,1.483,1.464,1.469,250823.6
2026-08-24 18:00:00+00:00,1.469,1.475,1.468,1.47,61297.2
2026-08-24 19:00:00+00:00,1.47,1.472,1.466,1.467,56210.9
2026-08-24 20:00:00+00:00,1.467,1.468,1.459,1.466,82541.4
2026-08-24 21:00:00+00:00,1.466,1.471,1.463,1.469,144028.7
2026-08-24 22:00:00+00:00,1.469,1.472,1.461,1.463,100070.3
2026-08-24 23:00:00+00:00,1.463,1.468,1.461,1.463,68070.2
2026-08-25 00:00:00+00:00,1.463,1.472,1.453,1.469,274335.4
2026-08-25 01:00:00+00:00,1.469,1.479,1.465,1.474,192716.6
2026-08-25 02:00:00+00:00,1.474,1.496,1.474,1.481,276020.3
2026-08-25 03:00:00+00:00,1.481,1.487,1.475,1.476,143746.6
2026-08-25 04:00:00+00:00,1.476,1.483,1.476,1.481,58613.6
2026-08-25 05:00:00+00:00,1.481,1.485,1.475,1.48,203998.9
2026-08-25 06:00:00+00:00,1.48,1.496,1.476,1.481,393537.1
2026-08-25 07:00:00+00:00,1.481,1.488,1.461,1.475,515415.0
2026-08-25 08:00:00+00:00,1.475,1.506,1.473,1.499,1004369.8
2026-08-25 09:00:00+00:00,1.499,1.505,1.48,1.487,661558.4
2026-08-25 10:00:00+00:00,1.487,1.491,1.47,1.479,393088.2
2026-08-25 11:00:00+00:00,1.479,1.482,1.473,1.474,122832.5
2026-08-25 12:00:00+00:00,1.474,1.475,1.465,1.471,402989.5
2026-08-25 13:00:00+00:00,1.471,1.473,1.436,1.445,1095973.5
2026-08-25 14:00:00+00:00,1.445,1.458,1.435,1.446,538368.8
2026-08-25 15:00:00+00:00,1.446,1.455,1.437,1.454,246272.2
2026-08-25 16:00:00+00:00,1.454,1.462,1.452,1.459,207068.0
2026-08-25 17:00:00+00:00,1.459,1.459,1.447,1.459,182238.8
2026-08-25 18:00:00+00:00,1.459,1.487,1.458,1.475,664487.2
2026-08-25 19:00:00+00:00,1.475,1.482,1.473,1.476,320345.8
2026-08-25 20:00:00+00:00,1.476,1.487,1.467,1.471,513364.6
2026-08-25 21:00:00+00:00,1.471,1.476,1.445,1.456,620654.5
2026-08-25 22:00:00+00:00,1.456,1.459,1.448,1.454,90350.1
2026-08-25 23:00:00+00:00,1.454,1.457,1.436,1.44,213012.0
2026-08-26 00:00:00+00:00,1.44,1.443,1.425,1.442,388113.3
2026-08-26 01:00:00+00:00,1.442,1.455,1.441,1.442,137543.7
2026-08-26 02:00:00+00:00,1.442,1.442,1.433,1.433,83344.8
2026-08-26 03:00:00+00:00,1.433,1.44,1.411,1.434,691645.2
2026-08-26 04:00:00+00:00,1.434,1.437,1.43,1.432,122878.4
2026-08-26 05:00:00+00:00,1.432,1.441,1.43,1.436,129522.3
2026-08-26 06:00:00+00:00,1.436,1.438,1.419,1.426,676488.1
2026-08-26 07:00:00+00:00,1.426,1.43,1.424,1.424,77959.0
2026-08-26 08:00:00+00:00,1.424,1.431,1.423,1.427,112857.5
2026-08-26 09:00:00+00:00,1.427,1.429,1.413,1.423,455165.9
2026-08-26 10:00:00+00:00,1.423,1.426,1.419,1.426,56385.9
2026-08-26 11:00:00+00:00,1.426,1.428,1.42,1.421,95586.1
2026-08-26 12:00:00+00:00,1.421,1.422,1.406,1.412,437152.4
2026-08-26 13:00:00+00:00,1.412,1.412,1.39,1.398,697268.7
2026-08-26 14:00:00+00:00,1.398,1.406,1.37,1.372,799770.8
2026-08-26 15:00:00+00:00,1.372,1.388,1.363,1.382,729764.7
2026-08-26 16:00:00+00:00,1.382,1.384,1.368,1.373,370497.2
2026-08-26 17:00:00+00:00,1.373,1.383,1.371,1.377,192711.3
2026-08-26 18:00:00+00:00,1.377,1.391,1.376,1.386,111577.6
2026-08-26 19:00:00+00:00,1.386,1.393,1.385,1.391,107580.1
2026-08-26 20:00:00+00:00,1.391,1.391,1.382,1.389,66397.4
2026-08-26 21:00:00+00:00,1.389,1.403,1.388,1.401,186405.0
2026-08-26 22:00:00+00:00,1.401,1.403,1.395,1.396,111481.8
2026-08-26 23:00:00+00:00,1.396,1.408,1.392,1.407,214587.0
2026-08-27 00:00:00+00:00,1.407,1.411,1.385,1.39,338043.9
2026-08-27 01:00:00+00:00,1.39,1.405,1.39,1.396,117141.6
2026-08-27 02:00:00+00:00,1.396,1.4,1.387,1.389,95163.7
2026-08-27 03:00:00+00:00,1.389,1.394,1.386,1.391,22739.8
2026-08-27 04:00:00+00:00,1.391,1.399,1.387,1.389,80260.5
2026-08-27 05:00:00+00:00,1.389,1.389,1.371,1.384,269687.5
2026-08-27 06:00:00+00:00,1.384,1.384,1.378,1.381,65719.6
2026-08-27 07:00:00+00:00,1.381,1.399,1.381,1.396,527927.8
2026-08-27 08:00:00+00:00,1.396,1.437,1.395,1.433,1524320.2
2026-08-27 09:00:00+00:00,1.433,1.444,1.418,1.42,653456.6
2026-08-27 10:00:00+00:00,1.42,1.427,1.407,1.411,313143.5
2026-08-27 11:00:00+00:00,1.411,1.417,1.395,1.399,261795.3
2026-08-27 12:00:00+00:00,1.399,1.402,1.388,1.395,325572.0
2026-08-27 13:00:00+00:00,1.395,1.399,1.386,1.396,237048.2
2026-08-27 14:00:00+00:00,1.396,1.42,1.394,1.412,401949.6
2026-08-27 15:00:00+00:00,1.412,1.45,1.411,1.427,1274901.8
2026-08-27 16:00:00+00:00,1.427,1.453,1.419,1.441,1301652.1
2026-08-27 17:00:00+00:00,1.441,1.454,1.436,1.447,590264.0
2026-08-27 18:00:00+00:00,1.447,1.449,1.424,1.434,552797.3
2026-08-27 19:00:00+00:00,1.434,1.436,1.431,1.431,54659.6
2026-08-27 20:00:00+00:00,1.431,1.432,1.422,1.43,125680.8
2026-08-27 21:00:00+00:00,1.43,1.433,1.423,1.427,199002.4
2026-08-27 22:00:00+00:00,1.427,1.436,1.427,1.429,110421.7
2026-08-27 23:00:00+00:00,1.429,1.431,1.414,1.415,174277.5
2026-08-28 00:00:00+00:00,1.415,1.421,1.411,1.417,175168.0
2026-08-28 01:00:00+00:00,1.417,1.427,1.405,1.408,163029.4
2026-08-28 02:00:00+00:00,1.408,1.409,1.387,1.394,505732.1
2026-08-28 03:00:00+00:00,1.394,1.398,1.388,1.391,204381.2
2026-08-28 04:00:00+00:00,1.391,1.398,1.386,1.398,171091.8
2026-08-28 05:00:00+00:00,1.398,1.411,1.39,1.407,312509.8
2026-08-28 06:00:00+00:00,1.407,1.414,1.403,1.408,156491.9
2026-08-28 07:00:00+00:00,1.408,1.409,1.398,1.407,111137.0
2026-08-28 08:00:00+00:00,1.407,1.414,1.393,1.395,647900.2
2026-08-28 09:00:00+00:00,1.395,1.402,1.394,1.395,201013.7
2026-08-28 10:00:00+00:00,1.395,1.411,1.392,1.409,184946.1
2026-08-28 11:00:00+00:00,1.409,1.413,1.401,1.409,215078.5
2026-08-28 12:00:00+00:00,1.409,1.412,1.402,1.409,150351.2
2026-08-28 13:00:00+00:00,1.409,1.411,1.398,1.399,198774.2
2026-08-28 14:00:00+00:00,1.399,1.415,1.378,1.4,871290.3
2026-08-28 15:00:00+00:00,1.4,1.404,1.377,1.378,358657.8
2026-08-28 16:00:00+00:00,1.378,1.38,1.349,1.37,1610154.4
2026-08-28 17:00:00+00:00,1.37,1.378,1.359,1.364,218344.0
2026-08-28 18:00:00+00:00,1.364,1.365,1.351,1.359,364722.5
2026-08-28 19:00:00+00:00,1.359,1.368,1.359,1.36,147663.5
2026-08-28 20:00:00+00:00,1.36,1.365,1.358,1.364,108469.0
2026-08-28 21:00:00+00:00,1.364,1.368,1.359,1.361,90443.2
2026-08-28 22:00:00+00:00,1.361,1.368,1.361,1.368,78792.5
2026-08-28 23:00:00+00:00,1.368,1.37,1.366,1.368,49372.5
2026-08-29 00:00:00+00:00,1.368,1.37,1.36,1.363,76622.8
2026-08-29 01:00:00+00:00,1.363,1.363,1.357,1.361,52385.9
2026-08-29 02:00:00+00:00,1.361,1.362,1.354,1.357,105629.5
2026-08-29 03:00:00+00:00,1.357,1.36,1.356,1.356,145440.9
2026-08-29 04:00:00+00:00,1.356,1.359,1.355,1.358,51148.3
2026-08-29 05:00:00+00:00,1.358,1.362,1.356,1.359,62140.7
2026-08-29 06:00:00+00:00,1.359,1.361,1.35,1.359,304408.2
2026-08-29 07:00:00+00:00,1.359,1.361,1.352,1.356,119708.0
2026-08-29 08:00:00+00:00,1.356,1.356,1.347,1.353,215935.7
2026-08-29 09:00:00+00:00,1.353,1.358,1.352,1.357,67242.0
2026-08-29 10:00:00+00:00,1.357,1.359,1.353,1.355,60929.1
2026-08-29 11:00:00+00:00,1.355,1.361,1.353,1.357,204971.7
2026-08-29 12:00:00+00:00,1.357,1.364,1.356,1.363,75340.1
2026-08-29 13:00:00+00:00,1.363,1.368,1.353,1.356,179787.8
2026-08-29 14:00:00+00:00,1.356,1.368,1.355,1.367,114847.8
2026-08-29 15:00:00+00:00,1.367,1.367,1.36,1.361,113121.0
2026-08-29 16:00:00+00:00,1.361,1.364,1.359,1.36,81366.5
2026-08-29 17:00:00+00:00,1.36,1.362,1.342,1.358,456552.8
2026-08-29 18:00:00+00:00,1.358,1.369,1.358,1.364,158054.1
2026-08-29 19:00:00+00:00,1.364,1.369,1.36,1.361,97105.5
2026-08-29 20:00:00+00:00,1.361,1.366,1.361,1.362,152897.8
2026-08-29 21:00:00+00:00,1.362,1.362,1.357,1.36,63862.6
2026-08-29 22:00:00+00:00,1.36,1.361,1.358,1.36,19627.1
2026-08-29 23:00:00+00:00,1.36,1.361,1.353,1.354,35527.5
2026-08-30 00:00:00+00:00,1.354,1.359,1.351,1.352,53198.2
2026-08-30 01:00:00+00:00,1.352,1.353,1.349,1.351,65216.2
2026-08-30 02:00:00+00:00,1.351,1.353,1.348,1.353,52864.1
2026-08-30 03:00:00+00:00,1.353,1.367,1.351,1.363,252801.2
2026-08-30 04:00:00+00:00,1.363,1.363,1.356,1.358,72199.2
2026-08-30 05:00:00+00:00,1.358,1.366,1.358,1.364,75997.5
2026-08-30 06:00:00+00:00,1.364,1.367,1.362,1.365,33528.3
2026-08-30 07:00:00+00:00,1.365,1.365,1.358,1.361,61391.9
2026-08-30 08:00:00+00:00,1.361,1.361,1.357,1.359,53187.3
2026-08-30 09:00:00+00:00,1.359,1.364,1.357,1.361,132374.0
2026-08-30 10:00:00+00:00,1.361,1.362,1.359,1.362,40292.3
2026-08-30 11:00:00+00:00,1.362,1.374,1.361,1.369,86875.2
2026-08-30 12:00:00+00:00,1.369,1.375,1.366,1.375,189795.3
2026-08-30 13:00:00+00:00,1.375,1.378,1.371,1.375,96352.5
2026-08-30 14:00:00+00:00,1.375,1.375,1.368,1.368,106572.4
2026-08-30 15:00:00+00:00,1.368,1.37,1.365,1.368,124032.4
2026-08-30 16:00:00+00:00,1.368,1.379,1.368,1.378,346559.8
2026-08-30 17:00:00+00:00,1.378,1.381,1.369,1.38,131823.9
2026-08-30 18:00:00+00:00,1.38,1.384,1.372,1.383,123993.4
2026-08-30 19:00:00+00:00,1.383,1.383,1.369,1.375,197059.0
2026-08-30 20:00:00+00:00,1.375,1.377,1.356,1.361,274450.9
2026-08-30 21:00:00+00:00,1.361,1.364,1.349,1.358,196595.1
2026-08-30 22:00:00+00:00,1.358,1.363,1.346,1.35,193015.2
2026-08-30 23:00:00+00:00,1.35,1.352,1.317,1.334,1148557.9
2026-08-31 00:00:00+00:00,1.334,1.344,1.329,1.339,172807.5
2026-08-31 01:00:00+00:00,1.339,1.34,1.324,1.324,158282.8
2026-08-31 02:00:00+00:00,1.324,1.336,1.32,1.332,198764.2
2026-08-31 03:00:00+00:00,1.332,1.343,1.332,1.342,138664.7
2026-08-31 04:00:00+00:00,1.342,1.35,1.339,1.348,197188.4
2026-08-31 05:00:00+00:00,1.348,1.352,1.343,1.348,204988.0
2026-08-31 06:00:00+00:00,1.348,1.35,1.346,1.349,42453.1
2026-08-31 07:00:00+00:00,1.349,1.353,1.345,1.348,81047.1
2026-08-31 08:00:00+00:00,1.348,1.349,1.342,1.346,115507.3
2026-08-31 09:00:00+00:00,1.346,1.346,1.34,1.344,104319.3
2026-08-31 10:00:00+00:00,1.344,1.347,1.339,1.343,91491.9
2026-08-31 11:00:00+00:00,1.343,1.344,1.337,1.339,139369.8
2026-08-31 12:00:00+00:00,1.339,1.341,1.33,1.332,215346.3
2026-08-31 13:00:00+00:00,1.332,1.341,1.327,1.327,248801.3
2026-08-31 14:00:00+00:00,1.327,1.356,1.322,1.348,355992.2
2026-08-31 15:00:00+00:00,1.348,1.349,1.332,1.337,209964.9
2026-08-31 16:00:00+00:00,1.337,1.455,1.331,1.396,11480462.7
2026-08-31 17:00:00+00:00,1.396,1.414,1.367,1.377,2383670.6
2026-08-31 18:00:00+00:00,1.377,1.39,1.375,1.388,913243.7
2026-08-31 19:00:00+00:00,1.388,1.401,1.371,1.375,1335581.9
2026-08-31 20:00:00+00:00,1.375,1.392,1.366,1.386,718255.6
2026-08-31 21:00:00+00:00,1.386,1.399,1.381,1.396,377800.5
